policy,test_year,alpha,race_id,race_date,selected_k2_ids,tickets,stake_yen,return_yen,profit_yen,hit
WF_SELECTED,2023,0.0,202306010111,2023-01-05,2016100763|2016102201,4,400.0,0.0,-400.0,0
WF_SELECTED,2023,0.0,202307010107,2023-01-05,2018105151|2018101928,4,400.0,0.0,-400.0,0
WF_SELECTED,2023,0.0,202307010111,2023-01-05,2014105589|2018104977,4,400.0,0.0,-400.0,0
WF_SELECTED,2023,0.0,202306010207,2023-01-07,2019103634|2019100322,4,400.0,0.0,-400.0,0
WF_SELECTED,2023,0.0,202306010209,2023-01-07,2020102988|2020101856,4,400.0,0.0,-400.0,0
WF_SELECTED,2023,0.0,202307010201,2023-01-07,2020106005|2020100042,4,400.0,0.0,-400.0,0
WF_SELECTED,2023,0.0,202307010212,2023-01-07,2018105273|2019101053,4,400.0,0.0,-400.0,0
WF_SELECTED,2023,0.0,202307010305,2023-01-08,2020103424|2020100426,4,400.0,0.0,-400.0,0
WF_SELECTED,2023,0.0,202306010409,2023-01-09,2017103619|2018105521,4,400.0,0.0,-400.0,0
WF_SELECTED,2023,0.0,202307010409,2023-01-09,2018102386|2017103184,4,400.0,0.0,-400.0,0
WF_SELECTED,2023,0.0,202306010505,2023-01-14,2020103327|2020101967,4,400.0,0.0,-400.0,0
WF_SELECTED,2023,0.0,202306010511,2023-01-14,2015105850|2016103730,4,400.0,0.0,-400.0,0
WF_SELECTED,2023,0.0,202307010511,2023-01-14,2018105020|2019106410,4,400.0,0.0,-400.0,0
WF_SELECTED,2023,0.0,202310010111,2023-01-14,2018103615,2,200.0,0.0,-200.0,0
WF_SELECTED,2023,0.0,202307010602,2023-01-15,2020106927|2020107165,4,400.0,0.0,-400.0,0
WF_SELECTED,2023,0.0,202310010205,2023-01-15,2020104905|2020103149,4,400.0,0.0,-400.0,0
WF_SELECTED,2023,0.0,202310010209,2023-01-15,2018105873|2018100636,4,400.0,0.0,-400.0,0
WF_SELECTED,2023,0.0,202306010706,2023-01-21,2020104443|2020107117,4,400.0,0.0,-400.0,0
WF_SELECTED,2023,0.0,202306010709,2023-01-21,2017101816|2017105050,4,400.0,0.0,-400.0,0
WF_SELECTED,2023,0.0,202307010703,2023-01-21,2020102987|2020101078,4,400.0,0.0,-400.0,0
WF_SELECTED,2023,0.0,202310010310,2023-01-21,2018100681|2018105996,4,400.0,0.0,-400.0,0
WF_SELECTED,2023,0.0,202306010810,2023-01-22,2017103291|2018103705,4,400.0,0.0,-400.0,0
WF_SELECTED,2023,0.0,202310010405,2023-01-22,2020101288|2020106746,4,400.0,0.0,-400.0,0
WF_SELECTED,2023,0.0,202310010410,2023-01-22,2018105308|2018105260,4,400.0,0.0,-400.0,0
WF_SELECTED,2023,0.0,202310010411,2023-01-22,2017105834|2017102808,4,400.0,0.0,-400.0,0
WF_SELECTED,2023,0.0,202305010106,2023-01-28,2020105343|2020100195,4,400.0,0.0,-400.0,0
WF_SELECTED,2023,0.0,202307010904,2023-01-28,2020103951|2020104566,4,400.0,0.0,-400.0,0
WF_SELECTED,2023,0.0,202307010911,2023-01-28,2018106697|2018103147,4,400.0,0.0,-400.0,0
WF_SELECTED,2023,0.0,202307010912,2023-01-28,2017105471|2019102274,4,400.0,0.0,-400.0,0
WF_SELECTED,2023,0.0,202310010509,2023-01-28,2017105636|2017101448,4,400.0,0.0,-400.0,0
WF_SELECTED,2023,0.0,202310010511,2023-01-28,2018104239|2018102491,4,400.0,0.0,-400.0,0
WF_SELECTED,2023,0.0,202310010611,2023-01-29,2017110041|2018104949,4,400.0,0.0,-400.0,0
WF_SELECTED,2023,0.0,202305010306,2023-02-04,2020107147|2020101312,4,400.0,0.0,-400.0,0
WF_SELECTED,2023,0.0,202310010704,2023-02-04,2018103204|2017101730,4,400.0,0.0,-400.0,0
WF_SELECTED,2023,0.0,202305010403,2023-02-05,2020101341|2020104284,4,400.0,0.0,-400.0,0
WF_SELECTED,2023,0.0,202307011209,2023-02-05,2018109080|2017103688,4,400.0,0.0,-400.0,0
WF_SELECTED,2023,0.0,202310010809,2023-02-05,2019106589|2017104724,4,400.0,0.0,-400.0,0
WF_SELECTED,2023,0.0,202310010810,2023-02-05,2019100800|2018101178,4,400.0,0.0,-400.0,0
WF_SELECTED,2023,0.0,202305010511,2023-02-11,2020100418|2020103322,4,400.0,0.0,-400.0,0
WF_SELECTED,2023,0.0,202310020108,2023-02-11,2018105030|2019100390,4,400.0,0.0,-400.0,0
WF_SELECTED,2023,0.0,202310020110,2023-02-11,2018106391|2017101919,4,400.0,0.0,-400.0,0
WF_SELECTED,2023,0.0,202305010604,2023-02-12,2020104968|2020100546,4,400.0,0.0,-400.0,0
WF_SELECTED,2023,0.0,202305010607,2023-02-12,2020105761|2020105645,4,400.0,0.0,-400.0,0
WF_SELECTED,2023,0.0,202309010209,2023-02-12,2018106443|2019103123,4,400.0,0.0,-400.0,0
WF_SELECTED,2023,0.0,202310020206,2023-02-12,2018104663|2019103612,4,400.0,0.0,-400.0,0
WF_SELECTED,2023,0.0,202310020211,2023-02-12,2017105272|2016104668,4,400.0,0.0,-400.0,0
WF_SELECTED,2023,0.0,202309010308,2023-02-18,2020106196|2020100931,4,400.0,0.0,-400.0,0
WF_SELECTED,2023,0.0,202309010311,2023-02-18,2017105458|2019100765,4,400.0,0.0,-400.0,0
WF_SELECTED,2023,0.0,202310020311,2023-02-18,2019104772|2018104250,4,400.0,0.0,-400.0,0
WF_SELECTED,2023,0.0,202309010404,2023-02-19,2020101037|2020101023,4,400.0,0.0,-400.0,0
WF_SELECTED,2023,0.0,202310020411,2023-02-19,2019103422,2,200.0,0.0,-200.0,0
WF_SELECTED,2023,0.0,202309010511,2023-02-25,2018104518,2,200.0,0.0,-200.0,0
WF_SELECTED,2023,0.0,202310020503,2023-02-25,2019104096|2019106168,4,400.0,0.0,-400.0,0
WF_SELECTED,2023,0.0,202310020511,2023-02-25,2018101722|2018101746,4,400.0,0.0,-400.0,0
WF_SELECTED,2023,0.0,202310020512,2023-02-25,2019101469|2019105587,4,400.0,0.0,-400.0,0
WF_SELECTED,2023,0.0,202309010608,2023-02-26,2017106302|2019105176,4,400.0,0.0,-400.0,0
WF_SELECTED,2023,0.0,202310020609,2023-02-26,2017106366|2019105208,4,400.0,0.0,-400.0,0
WF_SELECTED,2023,0.0,202310020610,2023-02-26,2015105451|2018103565,4,400.0,0.0,-400.0,0
WF_SELECTED,2023,0.0,202306020307,2023-03-04,2020105250|2020102849,4,400.0,0.0,-400.0,0
WF_SELECTED,2023,0.0,202306020310,2023-03-04,2017104700|2017102676,4,400.0,0.0,-400.0,0
WF_SELECTED,2023,0.0,202306020311,2023-03-04,2018104029|2017100381,4,400.0,0.0,-400.0,0
WF_SELECTED,2023,0.0,202309010712,2023-03-04,2019103236|2018102491,4,400.0,0.0,-400.0,0
WF_SELECTED,2023,0.0,202306020409,2023-03-05,2018110099|2017105495,4,400.0,0.0,-400.0,0
WF_SELECTED,2023,0.0,202306020412,2023-03-05,2019102922|2017103677,4,400.0,0.0,-400.0,0
WF_SELECTED,2023,0.0,202309010811,2023-03-05,2015104724|2015106423,4,400.0,0.0,-400.0,0
WF_SELECTED,2023,0.0,202306020508,2023-03-11,2017101771|2019105180,4,400.0,94360.0,93960.0,1
WF_SELECTED,2023,0.0,202306020510,2023-03-11,2017106087|2017102946,4,400.0,0.0,-400.0,0
WF_SELECTED,2023,0.0,202307020104,2023-03-11,2020101679|2020106900,4,400.0,0.0,-400.0,0
WF_SELECTED,2023,0.0,202309010903,2023-03-11,2020106327|2020103531,4,400.0,0.0,-400.0,0
WF_SELECTED,2023,0.0,202309010911,2023-03-11,2017103504|2017110120,4,400.0,0.0,-400.0,0
WF_SELECTED,2023,0.0,202306020608,2023-03-12,2019101906|2018104801,4,400.0,0.0,-400.0,0
WF_SELECTED,2023,0.0,202307020203,2023-03-12,2020100263|2020109154,4,400.0,0.0,-400.0,0
WF_SELECTED,2023,0.0,202309011005,2023-03-12,2020104671|2020103918,4,400.0,0.0,-400.0,0
WF_SELECTED,2023,0.0,202309011010,2023-03-12,2018100443|2017100451,4,400.0,0.0,-400.0,0
WF_SELECTED,2023,0.0,202309011011,2023-03-12,2020104126|2020102890,4,400.0,0.0,-400.0,0
WF_SELECTED,2023,0.0,202306020710,2023-03-18,2018105503|2017105602,4,400.0,0.0,-400.0,0
WF_SELECTED,2023,0.0,202307020308,2023-03-18,2019109159|2019110002,4,400.0,0.0,-400.0,0
WF_SELECTED,2023,0.0,202309011106,2023-03-18,2020105552|2020104853,4,400.0,0.0,-400.0,0
WF_SELECTED,2023,0.0,202309011108,2023-03-18,2019104385|2017104086,4,400.0,0.0,-400.0,0
WF_SELECTED,2023,0.0,202306020803,2023-03-19,2020100290|2020103574,4,400.0,0.0,-400.0,0
WF_SELECTED,2023,0.0,202306020804,2023-03-19,2020100784|2020102156,4,400.0,0.0,-400.0,0
WF_SELECTED,2023,0.0,202306020811,2023-03-19,2020103747|2020103500,4,400.0,0.0,-400.0,0
WF_SELECTED,2023,0.0,202306020812,2023-03-19,2016104987|2017103008,4,400.0,0.0,-400.0,0
WF_SELECTED,2023,0.0,202306030109,2023-03-25,2017103485|2018102247,4,400.0,0.0,-400.0,0
WF_SELECTED,2023,0.0,202307020512,2023-03-25,2019103261|2019100871,4,400.0,0.0,-400.0,0
WF_SELECTED,2023,0.0,202309020103,2023-03-25,2020100243|2020101384,4,400.0,0.0,-400.0,0
WF_SELECTED,2023,0.0,202306030202,2023-03-26,2020103961|2020105061,4,400.0,0.0,-400.0,0
WF_SELECTED,2023,0.0,202306030206,2023-03-26,2020102855|2020100258,4,400.0,0.0,-400.0,0
WF_SELECTED,2023,0.0,202306030210,2023-03-26,2019105398|2019100935,4,400.0,0.0,-400.0,0
WF_SELECTED,2023,0.0,202306030211,2023-03-26,2016104231|2017103641,4,400.0,0.0,-400.0,0
WF_SELECTED,2023,0.0,202309020210,2023-03-26,2018104917|2017103293,4,400.0,0.0,-400.0,0
WF_SELECTED,2023,0.0,202309020304,2023-04-01,2020101146|2020105354,4,400.0,0.0,-400.0,0
WF_SELECTED,2023,0.0,202306030406,2023-04-02,2020102949|2020110053,4,400.0,0.0,-400.0,0
WF_SELECTED,2023,0.0,202309020401,2023-04-02,2020104000|2020106009,4,400.0,0.0,-400.0,0
WF_SELECTED,2023,0.0,202309020411,2023-04-02,2018102348|2017105376,4,400.0,0.0,-400.0,0
WF_SELECTED,2023,0.0,202303010110,2023-04-08,2018103205|2019102922,4,400.0,0.0,-400.0,0
WF_SELECTED,2023,0.0,202306030511,2023-04-08,2020102119,2,200.0,0.0,-200.0,0
WF_SELECTED,2023,0.0,202309020504,2023-04-08,2020106855|2020100912,4,400.0,0.0,-400.0,0
WF_SELECTED,2023,0.0,202309020510,2023-04-08,2017101829|2016104397,4,400.0,0.0,-400.0,0
WF_SELECTED,2023,0.0,202306030609,2023-04-09,2019104546|2018104611,4,400.0,0.0,-400.0,0
WF_SELECTED,2023,0.0,202303010307,2023-04-15,2019104299|2019107032,4,400.0,0.0,-400.0,0
WF_SELECTED,2023,0.0,202303010308,2023-04-15,2018103517|2019102542,4,400.0,0.0,-400.0,0
WF_SELECTED,2023,0.0,202303010309,2023-04-15,2020103885|2020105897,4,400.0,0.0,-400.0,0
WF_SELECTED,2023,0.0,202303010311,2023-04-15,2019103246|2018102215,4,400.0,0.0,-400.0,0
WF_SELECTED,2023,0.0,202306030705,2023-04-15,2020103497|2020106387,4,400.0,0.0,-400.0,0
WF_SELECTED,2023,0.0,202306030708,2023-04-15,2019102436|2019102761,4,400.0,0.0,-400.0,0
WF_SELECTED,2023,0.0,202306030709,2023-04-15,2020100343|2020106415,4,400.0,0.0,-400.0,0
WF_SELECTED,2023,0.0,202303010409,2023-04-16,2019110043|2017103309,4,400.0,0.0,-400.0,0
WF_SELECTED,2023,0.0,202306030810,2023-04-16,2016102073|2017104270,4,400.0,0.0,-400.0,0
WF_SELECTED,2023,0.0,202306030812,2023-04-16,2018104843|2016105493,4,400.0,0.0,-400.0,0
WF_SELECTED,2023,0.0,202309020804,2023-04-16,2020110060|2020103828,4,400.0,0.0,-400.0,0
WF_SELECTED,2023,0.0,202309020805,2023-04-16,2020102161|2020102195,4,400.0,0.0,-400.0,0
WF_SELECTED,2023,0.0,202309020812,2023-04-16,2019102672|2019106103,4,400.0,0.0,-400.0,0
WF_SELECTED,2023,0.0,202303010504,2023-04-22,2018100297,2,200.0,0.0,-200.0,0
WF_SELECTED,2023,0.0,202303010510,2023-04-22,2018104985|2019105096,4,400.0,0.0,-400.0,0
WF_SELECTED,2023,0.0,202305020106,2023-04-22,2020105991|2020101764,4,400.0,0.0,-400.0,0
WF_SELECTED,2023,0.0,202308010111,2023-04-22,2017110088|2016104000,4,400.0,0.0,-400.0,0
WF_SELECTED,2023,0.0,202303010605,2023-04-23,2020104778|2020102877,4,400.0,0.0,-400.0,0
WF_SELECTED,2023,0.0,202305020206,2023-04-23,2020103670|2020104099,4,400.0,0.0,-400.0,0
WF_SELECTED,2023,0.0,202308010210,2023-04-23,2015100533|2016102362,4,400.0,0.0,-400.0,0
WF_SELECTED,2023,0.0,202308010212,2023-04-23,2016102483|2017104128,4,400.0,0.0,-400.0,0
WF_SELECTED,2023,0.0,202304010101,2023-04-29,2016104517|2019102028,4,400.0,0.0,-400.0,0
WF_SELECTED,2023,0.0,202304010111,2023-04-29,2019100094|2018104150,4,400.0,0.0,-400.0,0
WF_SELECTED,2023,0.0,202308010401,2023-04-30,2020109006|2020100803,4,400.0,0.0,-400.0,0
WF_SELECTED,2023,0.0,202305020504,2023-05-06,2020106584|2020110142,4,400.0,0.0,-400.0,0
WF_SELECTED,2023,0.0,202305020507,2023-05-06,2020105072|2020103575,4,400.0,0.0,-400.0,0
WF_SELECTED,2023,0.0,202305020609,2023-05-07,2017104164|2018100389,4,400.0,0.0,-400.0,0
WF_SELECTED,2023,0.0,202305020610,2023-05-07,2016104632|2017105590,4,400.0,0.0,-400.0,0
WF_SELECTED,2023,0.0,202308010609,2023-05-07,2017104698|2018105418,4,400.0,0.0,-400.0,0
WF_SELECTED,2023,0.0,202304010509,2023-05-13,2020101247|2020106343,4,400.0,11930.0,11530.0,1
WF_SELECTED,2023,0.0,202308010706,2023-05-13,2019103311|2019105493,4,400.0,0.0,-400.0,0
WF_SELECTED,2023,0.0,202308010810,2023-05-14,2014100555|2018103729,4,400.0,0.0,-400.0,0
WF_SELECTED,2023,0.0,202308010812,2023-05-14,2018104460|2015104047,4,400.0,0.0,-400.0,0
WF_SELECTED,2023,0.0,202304010710,2023-05-20,2019102937|2018104738,4,400.0,0.0,-400.0,0
WF_SELECTED,2023,0.0,202305020911,2023-05-20,2018100487|2017103751,4,400.0,0.0,-400.0,0
WF_SELECTED,2023,0.0,202305020912,2023-05-20,2018104640|2019100906,4,400.0,0.0,-400.0,0
WF_SELECTED,2023,0.0,202308010901,2023-05-20,2020100727|2020102000,4,400.0,0.0,-400.0,0
WF_SELECTED,2023,0.0,202308010902,2023-05-20,2020100706|2020106927,4,400.0,0.0,-400.0,0
WF_SELECTED,2023,0.0,202308010911,2023-05-20,2016104711|2017106642,4,400.0,0.0,-400.0,0
WF_SELECTED,2023,0.0,202304010810,2023-05-21,2018105860|2018104149,4,400.0,0.0,-400.0,0
WF_SELECTED,2023,0.0,202305021012,2023-05-21,2018105105|2017104137,4,400.0,0.0,-400.0,0
WF_SELECTED,2023,0.0,202305021112,2023-05-27,2019105045|2018101033,4,400.0,0.0,-400.0,0
WF_SELECTED,2023,0.0,202308011104,2023-05-27,2020104987|2020106734,4,400.0,0.0,-400.0,0
WF_SELECTED,2023,0.0,202308011110,2023-05-27,2018101007|2018102087,4,400.0,0.0,-400.0,0
WF_SELECTED,2023,0.0,202305021205,2023-05-28,2020101535|2020106166,4,400.0,0.0,-400.0,0
WF_SELECTED,2023,0.0,202308011202,2023-05-28,2020106675|2020102043,4,400.0,0.0,-400.0,0
WF_SELECTED,2023,0.0,202308011203,2023-05-28,2020103450|2020101049,4,400.0,0.0,-400.0,0
WF_SELECTED,2023,0.0,202308011209,2023-05-28,2019102799|2019106104,4,400.0,0.0,-400.0,0
WF_SELECTED,2023,0.0,202308011210,2023-05-28,2018103238|2016104435,4,400.0,0.0,-400.0,0
WF_SELECTED,2023,0.0,202305030107,2023-06-03,2019100755|2019104871,4,400.0,0.0,-400.0,0
WF_SELECTED,2023,0.0,202305030210,2023-06-04,2018100994|2018105833,4,400.0,0.0,-400.0,0
WF_SELECTED,2023,0.0,202302010101,2023-06-10,2020101229|2020102877,4,400.0,0.0,-400.0,0
WF_SELECTED,2023,0.0,202302010111,2023-06-10,2017104895|2019103120,4,400.0,0.0,-400.0,0
WF_SELECTED,2023,0.0,202309030303,2023-06-10,2020101014|2020100057,4,400.0,0.0,-400.0,0
WF_SELECTED,2023,0.0,202302010202,2023-06-11,2020106164|2020105954,4,400.0,0.0,-400.0,0
WF_SELECTED,2023,0.0,202302010209,2023-06-11,2019101253|2020101284,4,400.0,0.0,-400.0,0
WF_SELECTED,2023,0.0,202305030401,2023-06-11,2020106717|2020104189,4,400.0,0.0,-400.0,0
WF_SELECTED,2023,0.0,202309030408,2023-06-11,2019102553|2020102834,4,400.0,0.0,-400.0,0
WF_SELECTED,2023,0.0,202302010305,2023-06-17,2021106943|2021107204,4,400.0,0.0,-400.0,0
WF_SELECTED,2023,0.0,202302010311,2023-06-17,2017103886|2018103296,4,400.0,0.0,-400.0,0
WF_SELECTED,2023,0.0,202305030505,2023-06-17,2021100438|2021101253,4,400.0,0.0,-400.0,0
WF_SELECTED,2023,0.0,202305030509,2023-06-17,2016104152|2019106777,4,400.0,0.0,-400.0,0
WF_SELECTED,2023,0.0,202309030507,2023-06-17,2018104828|2019106048,4,400.0,0.0,-400.0,0
WF_SELECTED,2023,0.0,202305030706,2023-06-24,2021106866|2021100189,4,400.0,0.0,-400.0,0
WF_SELECTED,2023,0.0,202305030712,2023-06-24,2020103530|2018110134,4,400.0,0.0,-400.0,0
WF_SELECTED,2023,0.0,202309030708,2023-06-24,2019101079|2019102672,4,400.0,0.0,-400.0,0
WF_SELECTED,2023,0.0,202309030709,2023-06-24,2018104503|2018104111,4,400.0,0.0,-400.0,0
WF_SELECTED,2023,0.0,202309030711,2023-06-24,2016110131|2017105789,4,400.0,0.0,-400.0,0
WF_SELECTED,2023,0.0,202302010609,2023-06-25,2017105616|2018103377,4,400.0,0.0,-400.0,0
WF_SELECTED,2023,0.0,202309030811,2023-06-25,2016104618|2016110103,4,400.0,0.0,-400.0,0
WF_SELECTED,2023,0.0,202302020107,2023-07-01,2019103663|2018104730,4,400.0,0.0,-400.0,0
WF_SELECTED,2023,0.0,202302020111,2023-07-01,2016100507|2017104873,4,400.0,0.0,-400.0,0
WF_SELECTED,2023,0.0,202303020110,2023-07-01,2018102149|2019105337,4,400.0,0.0,-400.0,0
WF_SELECTED,2023,0.0,202302020203,2023-07-02,2020105707|2020103675,4,400.0,0.0,-400.0,0
WF_SELECTED,2023,0.0,202303020205,2023-07-02,2021106364|2021106209,4,400.0,0.0,-400.0,0
WF_SELECTED,2023,0.0,202303020209,2023-07-02,2019103261|2018101817,4,400.0,0.0,-400.0,0
WF_SELECTED,2023,0.0,202303020312,2023-07-08,2017100426|2018103512,4,400.0,0.0,-400.0,0
WF_SELECTED,2023,0.0,202302020411,2023-07-09,2019101736|2018104843,4,400.0,0.0,-400.0,0
WF_SELECTED,2023,0.0,202307030408,2023-07-09,2020105635|2019103278,4,400.0,0.0,-400.0,0
WF_SELECTED,2023,0.0,202307030409,2023-07-09,2019101887|2019106173,4,400.0,0.0,-400.0,0
WF_SELECTED,2023,0.0,202307030411,2023-07-09,2016100546|2017106084,4,400.0,0.0,-400.0,0
WF_SELECTED,2023,0.0,202302020508,2023-07-15,2020105145|2019103200,4,400.0,0.0,-400.0,0
WF_SELECTED,2023,0.0,202303020508,2023-07-15,2019102892|2019102518,4,400.0,0.0,-400.0,0
WF_SELECTED,2023,0.0,202302020605,2023-07-16,2021103376|2021106548,4,400.0,0.0,-400.0,0
WF_SELECTED,2023,0.0,202302020609,2023-07-16,2019103537|2018106443,4,400.0,0.0,-400.0,0
WF_SELECTED,2023,0.0,202307030604,2023-07-16,2020102794|2020104657,4,400.0,0.0,-400.0,0
WF_SELECTED,2023,0.0,202307030609,2023-07-16,2017103885|2018104850,4,400.0,0.0,-400.0,0
WF_SELECTED,2023,0.0,202301010108,2023-07-22,2019101631|2020103441,4,400.0,0.0,-400.0,0
WF_SELECTED,2023,0.0,202303020701,2023-07-22,2021106804|2021100746,4,400.0,0.0,-400.0,0
WF_SELECTED,2023,0.0,202307030711,2023-07-22,2017105054|2017100461,4,400.0,0.0,-400.0,0
WF_SELECTED,2023,0.0,202307030811,2023-07-23,2019106670|2016100596,4,400.0,0.0,-400.0,0
WF_SELECTED,2023,0.0,202301010305,2023-07-29,2021104645|2021103468,4,400.0,0.0,-400.0,0
WF_SELECTED,2023,0.0,202304020204,2023-07-30,2020103597|2020100114,4,400.0,0.0,-400.0,0
WF_SELECTED,2023,0.0,202304020211,2023-07-30,2019103137|2017101765,4,400.0,0.0,-400.0,0
WF_SELECTED,2023,0.0,202301010510,2023-08-05,2018105323|2018103473,4,400.0,0.0,-400.0,0
WF_SELECTED,2023,0.0,202301010511,2023-08-05,2016105292|2016104549,4,400.0,0.0,-400.0,0
WF_SELECTED,2023,0.0,202304020306,2023-08-05,2021101601|2021104689,4,400.0,0.0,-400.0,0
WF_SELECTED,2023,0.0,202304020307,2023-08-05,2020106432|2020104794,4,400.0,0.0,-400.0,0
WF_SELECTED,2023,0.0,202301010601,2023-08-06,2021103571|2021100821,4,400.0,0.0,-400.0,0
WF_SELECTED,2023,0.0,202304020409,2023-08-06,2019101999|2019103831,4,400.0,0.0,-400.0,0
WF_SELECTED,2023,0.0,202304020412,2023-08-06,2019103577|2020100497,4,400.0,0.0,-400.0,0
WF_SELECTED,2023,0.0,202301020105,2023-08-12,2021100134|2021106729,4,400.0,0.0,-400.0,0
WF_SELECTED,2023,0.0,202301020106,2023-08-12,2020102768|2020103931,4,400.0,0.0,-400.0,0
WF_SELECTED,2023,0.0,202304030104,2023-08-12,2020101819|2020104653,4,400.0,0.0,-400.0,0
WF_SELECTED,2023,0.0,202304030110,2023-08-12,2018104603|2017101571,4,400.0,0.0,-400.0,0
WF_SELECTED,2023,0.0,202310030111,2023-08-12,2018105276|2016101093,4,400.0,0.0,-400.0,0
WF_SELECTED,2023,0.0,202304030201,2023-08-13,2019103565|2019104529,4,400.0,0.0,-400.0,0
WF_SELECTED,2023,0.0,202304030206,2023-08-13,2020106646|2020104969,4,400.0,0.0,-400.0,0
WF_SELECTED,2023,0.0,202310030211,2023-08-13,2016103730|2018106834,4,400.0,0.0,-400.0,0
WF_SELECTED,2023,0.0,202301020310,2023-08-19,2020101394|2020104049,4,400.0,0.0,-400.0,0
WF_SELECTED,2023,0.0,202304030305,2023-08-19,2021102283|2021104072,4,400.0,0.0,-400.0,0
WF_SELECTED,2023,0.0,202310030305,2023-08-19,2021100268,2,200.0,0.0,-200.0,0
WF_SELECTED,2023,0.0,202301020406,2023-08-20,2019106060|2018105256,4,400.0,0.0,-400.0,0
WF_SELECTED,2023,0.0,202301020411,2023-08-20,2017101415|2017101431,4,400.0,0.0,-400.0,0
WF_SELECTED,2023,0.0,202304030405,2023-08-20,2021103371|2021105125,4,400.0,0.0,-400.0,0
WF_SELECTED,2023,0.0,202304030409,2023-08-20,2020102377|2016101650,4,400.0,0.0,-400.0,0
WF_SELECTED,2023,0.0,202304030410,2023-08-20,2019105450|2020103865,4,400.0,0.0,-400.0,0
WF_SELECTED,2023,0.0,202310030404,2023-08-20,2020104598|2020102983,4,400.0,0.0,-400.0,0
WF_SELECTED,2023,0.0,202310030411,2023-08-20,2019104108|2018105259,4,400.0,0.0,-400.0,0
WF_SELECTED,2023,0.0,202310030506,2023-08-26,2020106810|2020100065,4,400.0,0.0,-400.0,0
WF_SELECTED,2023,0.0,202304030606,2023-08-27,2021101348|2021103118,4,400.0,0.0,-400.0,0
WF_SELECTED,2023,0.0,202304030610,2023-08-27,2015104347|2017103295,4,400.0,0.0,-400.0,0
WF_SELECTED,2023,0.0,202310030604,2023-08-27,2020103459|2020102261,4,400.0,0.0,-400.0,0
WF_SELECTED,2023,0.0,202301020704,2023-09-02,2020100070|2020100307,4,400.0,0.0,-400.0,0
WF_SELECTED,2023,0.0,202301020706,2023-09-02,2020105277|2019109047,4,400.0,0.0,-400.0,0
WF_SELECTED,2023,0.0,202304030703,2023-09-02,2020101932|2020100552,4,400.0,0.0,-400.0,0
WF_SELECTED,2023,0.0,202310030704,2023-09-02,2020104987|2020101862,4,400.0,0.0,-400.0,0
WF_SELECTED,2023,0.0,202310030712,2023-09-02,2020104497|2019103237,4,400.0,0.0,-400.0,0
WF_SELECTED,2023,0.0,202301020811,2023-09-03,2016105292|2016104451,4,400.0,0.0,-400.0,0
WF_SELECTED,2023,0.0,202304030805,2023-09-03,2021100660|2021104488,4,400.0,0.0,-400.0,0
WF_SELECTED,2023,0.0,202304030806,2023-09-03,2021102670|2021102996,4,400.0,0.0,-400.0,0
WF_SELECTED,2023,0.0,202310030806,2023-09-03,2020100593|2020106905,4,400.0,0.0,-400.0,0
WF_SELECTED,2023,0.0,202310030807,2023-09-03,2020106561|2018110113,4,400.0,0.0,-400.0,0
WF_SELECTED,2023,0.0,202310030809,2023-09-03,2018104322|2018110001,4,400.0,0.0,-400.0,0
WF_SELECTED,2023,0.0,202310030810,2023-09-03,2017104972|2015101320,4,400.0,0.0,-400.0,0
WF_SELECTED,2023,0.0,202306040111,2023-09-09,2020103565|2020102378,4,400.0,0.0,-400.0,0
WF_SELECTED,2023,0.0,202309040211,2023-09-10,2018104331|2019103422,4,400.0,0.0,-400.0,0
WF_SELECTED,2023,0.0,202306040408,2023-09-17,2019105643|2020102561,4,400.0,0.0,-400.0,0
WF_SELECTED,2023,0.0,202306040410,2023-09-17,2019104159|2019102220,4,400.0,0.0,-400.0,0
WF_SELECTED,2023,0.0,202309040410,2023-09-17,2019110060|2019104483,4,400.0,0.0,-400.0,0
WF_SELECTED,2023,0.0,202309040509,2023-09-18,2020102340|2020102880,4,400.0,0.0,-400.0,0
WF_SELECTED,2023,0.0,202306040603,2023-09-23,2021102456,2,200.0,0.0,-200.0,0
WF_SELECTED,2023,0.0,202309040605,2023-09-23,2021106743|2021103493,4,400.0,0.0,-400.0,0
WF_SELECTED,2023,0.0,202306040805,2023-09-30,2021102686|2021102411,4,400.0,0.0,-400.0,0
WF_SELECTED,2023,0.0,202306040807,2023-09-30,2020102161|2020102949,4,400.0,0.0,-400.0,0
WF_SELECTED,2023,0.0,202306040810,2023-09-30,2018103485|2020102535,4,400.0,0.0,-400.0,0
WF_SELECTED,2023,0.0,202309040912,2023-10-01,2018104165|2012100683,4,400.0,0.0,-400.0,0
WF_SELECTED,2023,0.0,202305040106,2023-10-07,2021102449|2021102560,4,400.0,0.0,-400.0,0
WF_SELECTED,2023,0.0,202308020101,2023-10-07,2021105920|2021104519,4,400.0,0.0,-400.0,0
WF_SELECTED,2023,0.0,202308020110,2023-10-07,2016105060|2018104757,4,400.0,0.0,-400.0,0
WF_SELECTED,2023,0.0,202305040210,2023-10-08,2017104164|2018101989,4,400.0,0.0,-400.0,0
WF_SELECTED,2023,0.0,202308020203,2023-10-08,2021103593|2021109116,4,400.0,0.0,-400.0,0
WF_SELECTED,2023,0.0,202308020208,2023-10-08,2019105430|2020101575,4,400.0,0.0,-400.0,0
WF_SELECTED,2023,0.0,202308020210,2023-10-08,2019103038|2019101291,4,400.0,0.0,-400.0,0
WF_SELECTED,2023,0.0,202305040305,2023-10-09,2021100149,2,200.0,0.0,-200.0,0
WF_SELECTED,2023,0.0,202305040307,2023-10-09,2020102962|2020104634,4,400.0,0.0,-400.0,0
WF_SELECTED,2023,0.0,202305040310,2023-10-09,2016104656|2019103888,4,400.0,0.0,-400.0,0
WF_SELECTED,2023,0.0,202304040101,2023-10-14,2017101109|2018103063,4,400.0,0.0,-400.0,0
WF_SELECTED,2023,0.0,202304040109,2023-10-14,2020103578|2018105357,4,400.0,0.0,-400.0,0
WF_SELECTED,2023,0.0,202305040408,2023-10-14,2020106767|2020102499,4,400.0,0.0,-400.0,0
WF_SELECTED,2023,0.0,202305040411,2023-10-14,2018104011|2018104947,4,400.0,0.0,-400.0,0
WF_SELECTED,2023,0.0,202308020404,2023-10-14,2021106180|2021106091,4,400.0,0.0,-400.0,0
WF_SELECTED,2023,0.0,202304040208,2023-10-15,2019106714|2020101182,4,400.0,0.0,-400.0,0
WF_SELECTED,2023,0.0,202305040510,2023-10-15,2015110028|2018103150,4,400.0,0.0,-400.0,0
WF_SELECTED,2023,0.0,202308020505,2023-10-15,2021100970|2021106359,4,400.0,0.0,-400.0,0
WF_SELECTED,2023,0.0,202308020511,2023-10-15,2020102817|2020106435,4,400.0,0.0,-400.0,0
WF_SELECTED,2023,0.0,202305040605,2023-10-21,2021106954|2021105174,4,400.0,0.0,-400.0,0
WF_SELECTED,2023,0.0,202305040610,2023-10-21,2017100451|2019106748,4,400.0,0.0,-400.0,0
WF_SELECTED,2023,0.0,202308020604,2023-10-21,2021105540|2021104357,4,400.0,0.0,-400.0,0
WF_SELECTED,2023,0.0,202304040412,2023-10-22,2018100773|2018106612,4,400.0,0.0,-400.0,0
WF_SELECTED,2023,0.0,202305040705,2023-10-22,2021107261|2021106807,4,400.0,0.0,-400.0,0
WF_SELECTED,2023,0.0,202305040710,2023-10-22,2018102172|2019100215,4,400.0,0.0,-400.0,0
WF_SELECTED,2023,0.0,202308020704,2023-10-22,2021106521|2021106003,4,400.0,0.0,-400.0,0
WF_SELECTED,2023,0.0,202308020706,2023-10-22,2020105996|2020105897,4,400.0,0.0,-400.0,0
WF_SELECTED,2023,0.0,202308020711,2023-10-22,2020103496|2020103333,4,400.0,0.0,-400.0,0
WF_SELECTED,2023,0.0,202304040510,2023-10-28,2018103620|2017101777,4,400.0,0.0,-400.0,0
WF_SELECTED,2023,0.0,202304040609,2023-10-29,2017102084|2018103928,4,400.0,0.0,-400.0,0
WF_SELECTED,2023,0.0,202304040611,2023-10-29,2017100216|2015105850,4,400.0,0.0,-400.0,0
WF_SELECTED,2023,0.0,202305040901,2023-10-29,2021100931|2021106591,4,400.0,0.0,-400.0,0
WF_SELECTED,2023,0.0,202305040904,2023-10-29,2021103257|2021101201,4,400.0,0.0,-400.0,0
WF_SELECTED,2023,0.0,202305040912,2023-10-29,2019105170|2018103147,4,400.0,0.0,-400.0,0
WF_SELECTED,2023,0.0,202308020910,2023-10-29,2016104998|2017106032,4,400.0,0.0,-400.0,0
WF_SELECTED,2023,0.0,202308020911,2023-10-29,2017103572|2019105252,4,400.0,0.0,-400.0,0
WF_SELECTED,2023,0.0,202303030109,2023-11-04,2019106851|2019106877,4,400.0,0.0,-400.0,0
WF_SELECTED,2023,0.0,202305050104,2023-11-04,2021102897|2021109062,4,400.0,0.0,-400.0,0
WF_SELECTED,2023,0.0,202305050109,2023-11-04,2018101175|2019103543,4,400.0,0.0,-400.0,0
WF_SELECTED,2023,0.0,202308030106,2023-11-04,2021103617|2021102865,4,400.0,0.0,-400.0,0
WF_SELECTED,2023,0.0,202308030110,2023-11-04,2019104260|2019106632,4,400.0,0.0,-400.0,0
WF_SELECTED,2023,0.0,202303030209,2023-11-05,2020105798|2020102452,4,400.0,0.0,-400.0,0
WF_SELECTED,2023,0.0,202308030204,2023-11-05,2021105912|2021104074,4,400.0,0.0,-400.0,0
WF_SELECTED,2023,0.0,202308030210,2023-11-05,2018105306,2,200.0,0.0,-200.0,0
WF_SELECTED,2023,0.0,202303030305,2023-11-11,2021104877|2021104162,4,400.0,0.0,-400.0,0
WF_SELECTED,2023,0.0,202303030310,2023-11-11,2017104234|2019103806,4,400.0,0.0,-400.0,0
WF_SELECTED,2023,0.0,202305050309,2023-11-11,2021106033|2021105111,4,400.0,0.0,-400.0,0
WF_SELECTED,2023,0.0,202308030309,2023-11-11,2017105248|2018104591,4,400.0,0.0,-400.0,0
WF_SELECTED,2023,0.0,202308030312,2023-11-11,2018100008|2019104868,4,400.0,0.0,-400.0,0
WF_SELECTED,2023,0.0,202303030401,2023-11-12,2021100676|2021101030,4,400.0,0.0,-400.0,0
WF_SELECTED,2023,0.0,202303030409,2023-11-12,2021104050|2021106722,4,400.0,0.0,-400.0,0
WF_SELECTED,2023,0.0,202303030411,2023-11-12,2017104691|2016110103,4,400.0,0.0,-400.0,0
WF_SELECTED,2023,0.0,202308030411,2023-11-12,2018102715|2018105008,4,400.0,0.0,-400.0,0
WF_SELECTED,2023,0.0,202303030502,2023-11-18,2021105841|2021102997,4,400.0,0.0,-400.0,0
WF_SELECTED,2023,0.0,202303030610,2023-11-19,2018105336|2019104538,4,400.0,0.0,-400.0,0
WF_SELECTED,2023,0.0,202305050604,2023-11-19,2021101826|2021104545,4,400.0,0.0,-400.0,0
WF_SELECTED,2023,0.0,202305050605,2023-11-19,2021101148|2021102431,4,400.0,0.0,-400.0,0
WF_SELECTED,2023,0.0,202305050612,2023-11-19,2018104603|2020106987,4,400.0,0.0,-400.0,0
WF_SELECTED,2023,0.0,202308030611,2023-11-19,2019101348|2019100965,4,400.0,0.0,-400.0,0
WF_SELECTED,2023,0.0,202305050705,2023-11-25,2021101373|2021106088,4,400.0,0.0,-400.0,0
WF_SELECTED,2023,0.0,202305050707,2023-11-25,2020105543|2019102219,4,400.0,0.0,-400.0,0
WF_SELECTED,2023,0.0,202305050708,2023-11-25,2019103016|2017103912,4,400.0,0.0,-400.0,0
WF_SELECTED,2023,0.0,202308030708,2023-11-25,2020110069|2019102568,4,400.0,0.0,-400.0,0
WF_SELECTED,2023,0.0,202308030710,2023-11-25,2019105993|2019103518,4,400.0,0.0,-400.0,0
WF_SELECTED,2023,0.0,202308030804,2023-11-26,2021104557|2021107194,4,400.0,0.0,-400.0,0
WF_SELECTED,2023,0.0,202308030805,2023-11-26,2020106798|2020103502,4,400.0,0.0,-400.0,0
WF_SELECTED,2023,0.0,202308030810,2023-11-26,2016106292|2019100581,4,400.0,0.0,-400.0,0
WF_SELECTED,2023,0.0,202306050106,2023-12-02,2021107266|2021103324,4,400.0,0.0,-400.0,0
WF_SELECTED,2023,0.0,202306050112,2023-12-02,2018100636|2019103120,4,400.0,0.0,-400.0,0
WF_SELECTED,2023,0.0,202307040104,2023-12-02,2021102530|2021101525,4,400.0,0.0,-400.0,0
WF_SELECTED,2023,0.0,202307040109,2023-12-02,2018100995|2017104262,4,400.0,0.0,-400.0,0
WF_SELECTED,2023,0.0,202306050203,2023-12-03,2021101178|2021101395,4,400.0,0.0,-400.0,0
WF_SELECTED,2023,0.0,202306050205,2023-12-03,2021105035|2021105799,4,400.0,0.0,-400.0,0
WF_SELECTED,2023,0.0,202306050210,2023-12-03,2019101736|2017103607,4,400.0,0.0,-400.0,0
WF_SELECTED,2023,0.0,202307040308,2023-12-09,2019101635|2019103663,4,400.0,0.0,-400.0,0
WF_SELECTED,2023,0.0,202307040311,2023-12-09,2015100744|2016110103,4,400.0,0.0,-400.0,0
WF_SELECTED,2023,0.0,202309050308,2023-12-09,2019105434|2019100786,4,400.0,0.0,-400.0,0
WF_SELECTED,2023,0.0,202306050407,2023-12-10,2021100361|2021103140,4,400.0,0.0,-400.0,0
WF_SELECTED,2023,0.0,202306050411,2023-12-10,2017110120|2016106263,4,400.0,0.0,-400.0,0
WF_SELECTED,2023,0.0,202307040404,2023-12-10,2021102755|2021101598,4,400.0,0.0,-400.0,0
WF_SELECTED,2023,0.0,202307040409,2023-12-10,2019105073|2018104511,4,400.0,0.0,-400.0,0
WF_SELECTED,2023,0.0,202309050404,2023-12-10,2021104153|2021103006,4,400.0,0.0,-400.0,0
WF_SELECTED,2023,0.0,202306050503,2023-12-16,2021103324|2021104166,4,400.0,0.0,-400.0,0
WF_SELECTED,2023,0.0,202306050511,2023-12-16,2017103201|2020106967,4,400.0,0.0,-400.0,0
WF_SELECTED,2023,0.0,202307040501,2023-12-16,2021107356|2021102625,4,400.0,0.0,-400.0,0
WF_SELECTED,2023,0.0,202307040507,2023-12-16,2019106014|2018106715,4,400.0,0.0,-400.0,0
WF_SELECTED,2023,0.0,202306050605,2023-12-17,2021109025|2021100564,4,400.0,0.0,-400.0,0
WF_SELECTED,2023,0.0,202306050606,2023-12-17,2021104969|2021104987,4,400.0,0.0,-400.0,0
WF_SELECTED,2023,0.0,202307040604,2023-12-17,2021103982|2021105046,4,400.0,0.0,-400.0,0
WF_SELECTED,2023,0.0,202307040611,2023-12-17,2019106214|2017104172,4,400.0,0.0,-400.0,0
WF_SELECTED,2023,0.0,202309050602,2023-12-17,2021101621|2021103294,4,400.0,0.0,-400.0,0
WF_SELECTED,2023,0.0,202306050705,2023-12-23,2021103177|2021104201,4,400.0,0.0,-400.0,0
WF_SELECTED,2023,0.0,202306050709,2023-12-23,2020106415|2020106695,4,400.0,0.0,-400.0,0
WF_SELECTED,2023,0.0,202309050703,2023-12-23,2021102915|2021104999,4,400.0,0.0,-400.0,0
WF_SELECTED,2023,0.0,202309050706,2023-12-23,2021106918|2021102320,4,400.0,0.0,-400.0,0
WF_SELECTED,2023,0.0,202309050710,2023-12-23,2019105993|2018102087,4,400.0,0.0,-400.0,0
WF_SELECTED,2023,0.0,202309050801,2023-12-24,2021103372|2021102778,4,400.0,0.0,-400.0,0
WF_SELECTED,2023,0.0,202309050806,2023-12-24,2021103249|2021109097,4,400.0,0.0,-400.0,0
WF_SELECTED,2023,0.0,202306050911,2023-12-28,2021106635|2021104756,4,400.0,56240.0,55840.0,1
FIXED_A0,2023,0.0,202306010111,2023-01-05,2016100763|2016102201,4,400.0,0.0,-400.0,0
FIXED_A0,2023,0.0,202307010107,2023-01-05,2018105151|2018101928,4,400.0,0.0,-400.0,0
FIXED_A0,2023,0.0,202307010111,2023-01-05,2014105589|2018104977,4,400.0,0.0,-400.0,0
FIXED_A0,2023,0.0,202306010207,2023-01-07,2019103634|2019100322,4,400.0,0.0,-400.0,0
FIXED_A0,2023,0.0,202306010209,2023-01-07,2020102988|2020101856,4,400.0,0.0,-400.0,0
FIXED_A0,2023,0.0,202307010201,2023-01-07,2020106005|2020100042,4,400.0,0.0,-400.0,0
FIXED_A0,2023,0.0,202307010212,2023-01-07,2018105273|2019101053,4,400.0,0.0,-400.0,0
FIXED_A0,2023,0.0,202307010305,2023-01-08,2020103424|2020100426,4,400.0,0.0,-400.0,0
FIXED_A0,2023,0.0,202306010409,2023-01-09,2017103619|2018105521,4,400.0,0.0,-400.0,0
FIXED_A0,2023,0.0,202307010409,2023-01-09,2018102386|2017103184,4,400.0,0.0,-400.0,0
FIXED_A0,2023,0.0,202306010505,2023-01-14,2020103327|2020101967,4,400.0,0.0,-400.0,0
FIXED_A0,2023,0.0,202306010511,2023-01-14,2015105850|2016103730,4,400.0,0.0,-400.0,0
FIXED_A0,2023,0.0,202307010511,2023-01-14,2018105020|2019106410,4,400.0,0.0,-400.0,0
FIXED_A0,2023,0.0,202310010111,2023-01-14,2018103615,2,200.0,0.0,-200.0,0
FIXED_A0,2023,0.0,202307010602,2023-01-15,2020106927|2020107165,4,400.0,0.0,-400.0,0
FIXED_A0,2023,0.0,202310010205,2023-01-15,2020104905|2020103149,4,400.0,0.0,-400.0,0
FIXED_A0,2023,0.0,202310010209,2023-01-15,2018105873|2018100636,4,400.0,0.0,-400.0,0
FIXED_A0,2023,0.0,202306010706,2023-01-21,2020104443|2020107117,4,400.0,0.0,-400.0,0
FIXED_A0,2023,0.0,202306010709,2023-01-21,2017101816|2017105050,4,400.0,0.0,-400.0,0
FIXED_A0,2023,0.0,202307010703,2023-01-21,2020102987|2020101078,4,400.0,0.0,-400.0,0
FIXED_A0,2023,0.0,202310010310,2023-01-21,2018100681|2018105996,4,400.0,0.0,-400.0,0
FIXED_A0,2023,0.0,202306010810,2023-01-22,2017103291|2018103705,4,400.0,0.0,-400.0,0
FIXED_A0,2023,0.0,202310010405,2023-01-22,2020101288|2020106746,4,400.0,0.0,-400.0,0
FIXED_A0,2023,0.0,202310010410,2023-01-22,2018105308|2018105260,4,400.0,0.0,-400.0,0
FIXED_A0,2023,0.0,202310010411,2023-01-22,2017105834|2017102808,4,400.0,0.0,-400.0,0
FIXED_A0,2023,0.0,202305010106,2023-01-28,2020105343|2020100195,4,400.0,0.0,-400.0,0
FIXED_A0,2023,0.0,202307010904,2023-01-28,2020103951|2020104566,4,400.0,0.0,-400.0,0
FIXED_A0,2023,0.0,202307010911,2023-01-28,2018106697|2018103147,4,400.0,0.0,-400.0,0
FIXED_A0,2023,0.0,202307010912,2023-01-28,2017105471|2019102274,4,400.0,0.0,-400.0,0
FIXED_A0,2023,0.0,202310010509,2023-01-28,2017105636|2017101448,4,400.0,0.0,-400.0,0
FIXED_A0,2023,0.0,202310010511,2023-01-28,2018104239|2018102491,4,400.0,0.0,-400.0,0
FIXED_A0,2023,0.0,202310010611,2023-01-29,2017110041|2018104949,4,400.0,0.0,-400.0,0
FIXED_A0,2023,0.0,202305010306,2023-02-04,2020107147|2020101312,4,400.0,0.0,-400.0,0
FIXED_A0,2023,0.0,202310010704,2023-02-04,2018103204|2017101730,4,400.0,0.0,-400.0,0
FIXED_A0,2023,0.0,202305010403,2023-02-05,2020101341|2020104284,4,400.0,0.0,-400.0,0
FIXED_A0,2023,0.0,202307011209,2023-02-05,2018109080|2017103688,4,400.0,0.0,-400.0,0
FIXED_A0,2023,0.0,202310010809,2023-02-05,2019106589|2017104724,4,400.0,0.0,-400.0,0
FIXED_A0,2023,0.0,202310010810,2023-02-05,2019100800|2018101178,4,400.0,0.0,-400.0,0
FIXED_A0,2023,0.0,202305010511,2023-02-11,2020100418|2020103322,4,400.0,0.0,-400.0,0
FIXED_A0,2023,0.0,202310020108,2023-02-11,2018105030|2019100390,4,400.0,0.0,-400.0,0
FIXED_A0,2023,0.0,202310020110,2023-02-11,2018106391|2017101919,4,400.0,0.0,-400.0,0
FIXED_A0,2023,0.0,202305010604,2023-02-12,2020104968|2020100546,4,400.0,0.0,-400.0,0
FIXED_A0,2023,0.0,202305010607,2023-02-12,2020105761|2020105645,4,400.0,0.0,-400.0,0
FIXED_A0,2023,0.0,202309010209,2023-02-12,2018106443|2019103123,4,400.0,0.0,-400.0,0
FIXED_A0,2023,0.0,202310020206,2023-02-12,2018104663|2019103612,4,400.0,0.0,-400.0,0
FIXED_A0,2023,0.0,202310020211,2023-02-12,2017105272|2016104668,4,400.0,0.0,-400.0,0
FIXED_A0,2023,0.0,202309010308,2023-02-18,2020106196|2020100931,4,400.0,0.0,-400.0,0
FIXED_A0,2023,0.0,202309010311,2023-02-18,2017105458|2019100765,4,400.0,0.0,-400.0,0
FIXED_A0,2023,0.0,202310020311,2023-02-18,2019104772|2018104250,4,400.0,0.0,-400.0,0
FIXED_A0,2023,0.0,202309010404,2023-02-19,2020101037|2020101023,4,400.0,0.0,-400.0,0
FIXED_A0,2023,0.0,202310020411,2023-02-19,2019103422,2,200.0,0.0,-200.0,0
FIXED_A0,2023,0.0,202309010511,2023-02-25,2018104518,2,200.0,0.0,-200.0,0
FIXED_A0,2023,0.0,202310020503,2023-02-25,2019104096|2019106168,4,400.0,0.0,-400.0,0
FIXED_A0,2023,0.0,202310020511,2023-02-25,2018101722|2018101746,4,400.0,0.0,-400.0,0
FIXED_A0,2023,0.0,202310020512,2023-02-25,2019101469|2019105587,4,400.0,0.0,-400.0,0
FIXED_A0,2023,0.0,202309010608,2023-02-26,2017106302|2019105176,4,400.0,0.0,-400.0,0
FIXED_A0,2023,0.0,202310020609,2023-02-26,2017106366|2019105208,4,400.0,0.0,-400.0,0
FIXED_A0,2023,0.0,202310020610,2023-02-26,2015105451|2018103565,4,400.0,0.0,-400.0,0
FIXED_A0,2023,0.0,202306020307,2023-03-04,2020105250|2020102849,4,400.0,0.0,-400.0,0
FIXED_A0,2023,0.0,202306020310,2023-03-04,2017104700|2017102676,4,400.0,0.0,-400.0,0
FIXED_A0,2023,0.0,202306020311,2023-03-04,2018104029|2017100381,4,400.0,0.0,-400.0,0
FIXED_A0,2023,0.0,202309010712,2023-03-04,2019103236|2018102491,4,400.0,0.0,-400.0,0
FIXED_A0,2023,0.0,202306020409,2023-03-05,2018110099|2017105495,4,400.0,0.0,-400.0,0
FIXED_A0,2023,0.0,202306020412,2023-03-05,2019102922|2017103677,4,400.0,0.0,-400.0,0
FIXED_A0,2023,0.0,202309010811,2023-03-05,2015104724|2015106423,4,400.0,0.0,-400.0,0
FIXED_A0,2023,0.0,202306020508,2023-03-11,2017101771|2019105180,4,400.0,94360.0,93960.0,1
FIXED_A0,2023,0.0,202306020510,2023-03-11,2017106087|2017102946,4,400.0,0.0,-400.0,0
FIXED_A0,2023,0.0,202307020104,2023-03-11,2020101679|2020106900,4,400.0,0.0,-400.0,0
FIXED_A0,2023,0.0,202309010903,2023-03-11,2020106327|2020103531,4,400.0,0.0,-400.0,0
FIXED_A0,2023,0.0,202309010911,2023-03-11,2017103504|2017110120,4,400.0,0.0,-400.0,0
FIXED_A0,2023,0.0,202306020608,2023-03-12,2019101906|2018104801,4,400.0,0.0,-400.0,0
FIXED_A0,2023,0.0,202307020203,2023-03-12,2020100263|2020109154,4,400.0,0.0,-400.0,0
FIXED_A0,2023,0.0,202309011005,2023-03-12,2020104671|2020103918,4,400.0,0.0,-400.0,0
FIXED_A0,2023,0.0,202309011010,2023-03-12,2018100443|2017100451,4,400.0,0.0,-400.0,0
FIXED_A0,2023,0.0,202309011011,2023-03-12,2020104126|2020102890,4,400.0,0.0,-400.0,0
FIXED_A0,2023,0.0,202306020710,2023-03-18,2018105503|2017105602,4,400.0,0.0,-400.0,0
FIXED_A0,2023,0.0,202307020308,2023-03-18,2019109159|2019110002,4,400.0,0.0,-400.0,0
FIXED_A0,2023,0.0,202309011106,2023-03-18,2020105552|2020104853,4,400.0,0.0,-400.0,0
FIXED_A0,2023,0.0,202309011108,2023-03-18,2019104385|2017104086,4,400.0,0.0,-400.0,0
FIXED_A0,2023,0.0,202306020803,2023-03-19,2020100290|2020103574,4,400.0,0.0,-400.0,0
FIXED_A0,2023,0.0,202306020804,2023-03-19,2020100784|2020102156,4,400.0,0.0,-400.0,0
FIXED_A0,2023,0.0,202306020811,2023-03-19,2020103747|2020103500,4,400.0,0.0,-400.0,0
FIXED_A0,2023,0.0,202306020812,2023-03-19,2016104987|2017103008,4,400.0,0.0,-400.0,0
FIXED_A0,2023,0.0,202306030109,2023-03-25,2017103485|2018102247,4,400.0,0.0,-400.0,0
FIXED_A0,2023,0.0,202307020512,2023-03-25,2019103261|2019100871,4,400.0,0.0,-400.0,0
FIXED_A0,2023,0.0,202309020103,2023-03-25,2020100243|2020101384,4,400.0,0.0,-400.0,0
FIXED_A0,2023,0.0,202306030202,2023-03-26,2020103961|2020105061,4,400.0,0.0,-400.0,0
FIXED_A0,2023,0.0,202306030206,2023-03-26,2020102855|2020100258,4,400.0,0.0,-400.0,0
FIXED_A0,2023,0.0,202306030210,2023-03-26,2019105398|2019100935,4,400.0,0.0,-400.0,0
FIXED_A0,2023,0.0,202306030211,2023-03-26,2016104231|2017103641,4,400.0,0.0,-400.0,0
FIXED_A0,2023,0.0,202309020210,2023-03-26,2018104917|2017103293,4,400.0,0.0,-400.0,0
FIXED_A0,2023,0.0,202309020304,2023-04-01,2020101146|2020105354,4,400.0,0.0,-400.0,0
FIXED_A0,2023,0.0,202306030406,2023-04-02,2020102949|2020110053,4,400.0,0.0,-400.0,0
FIXED_A0,2023,0.0,202309020401,2023-04-02,2020104000|2020106009,4,400.0,0.0,-400.0,0
FIXED_A0,2023,0.0,202309020411,2023-04-02,2018102348|2017105376,4,400.0,0.0,-400.0,0
FIXED_A0,2023,0.0,202303010110,2023-04-08,2018103205|2019102922,4,400.0,0.0,-400.0,0
FIXED_A0,2023,0.0,202306030511,2023-04-08,2020102119,2,200.0,0.0,-200.0,0
FIXED_A0,2023,0.0,202309020504,2023-04-08,2020106855|2020100912,4,400.0,0.0,-400.0,0
FIXED_A0,2023,0.0,202309020510,2023-04-08,2017101829|2016104397,4,400.0,0.0,-400.0,0
FIXED_A0,2023,0.0,202306030609,2023-04-09,2019104546|2018104611,4,400.0,0.0,-400.0,0
FIXED_A0,2023,0.0,202303010307,2023-04-15,2019104299|2019107032,4,400.0,0.0,-400.0,0
FIXED_A0,2023,0.0,202303010308,2023-04-15,2018103517|2019102542,4,400.0,0.0,-400.0,0
FIXED_A0,2023,0.0,202303010309,2023-04-15,2020103885|2020105897,4,400.0,0.0,-400.0,0
FIXED_A0,2023,0.0,202303010311,2023-04-15,2019103246|2018102215,4,400.0,0.0,-400.0,0
FIXED_A0,2023,0.0,202306030705,2023-04-15,2020103497|2020106387,4,400.0,0.0,-400.0,0
FIXED_A0,2023,0.0,202306030708,2023-04-15,2019102436|2019102761,4,400.0,0.0,-400.0,0
FIXED_A0,2023,0.0,202306030709,2023-04-15,2020100343|2020106415,4,400.0,0.0,-400.0,0
FIXED_A0,2023,0.0,202303010409,2023-04-16,2019110043|2017103309,4,400.0,0.0,-400.0,0
FIXED_A0,2023,0.0,202306030810,2023-04-16,2016102073|2017104270,4,400.0,0.0,-400.0,0
FIXED_A0,2023,0.0,202306030812,2023-04-16,2018104843|2016105493,4,400.0,0.0,-400.0,0
FIXED_A0,2023,0.0,202309020804,2023-04-16,2020110060|2020103828,4,400.0,0.0,-400.0,0
FIXED_A0,2023,0.0,202309020805,2023-04-16,2020102161|2020102195,4,400.0,0.0,-400.0,0
FIXED_A0,2023,0.0,202309020812,2023-04-16,2019102672|2019106103,4,400.0,0.0,-400.0,0
FIXED_A0,2023,0.0,202303010504,2023-04-22,2018100297,2,200.0,0.0,-200.0,0
FIXED_A0,2023,0.0,202303010510,2023-04-22,2018104985|2019105096,4,400.0,0.0,-400.0,0
FIXED_A0,2023,0.0,202305020106,2023-04-22,2020105991|2020101764,4,400.0,0.0,-400.0,0
FIXED_A0,2023,0.0,202308010111,2023-04-22,2017110088|2016104000,4,400.0,0.0,-400.0,0
FIXED_A0,2023,0.0,202303010605,2023-04-23,2020104778|2020102877,4,400.0,0.0,-400.0,0
FIXED_A0,2023,0.0,202305020206,2023-04-23,2020103670|2020104099,4,400.0,0.0,-400.0,0
FIXED_A0,2023,0.0,202308010210,2023-04-23,2015100533|2016102362,4,400.0,0.0,-400.0,0
FIXED_A0,2023,0.0,202308010212,2023-04-23,2016102483|2017104128,4,400.0,0.0,-400.0,0
FIXED_A0,2023,0.0,202304010101,2023-04-29,2016104517|2019102028,4,400.0,0.0,-400.0,0
FIXED_A0,2023,0.0,202304010111,2023-04-29,2019100094|2018104150,4,400.0,0.0,-400.0,0
FIXED_A0,2023,0.0,202308010401,2023-04-30,2020109006|2020100803,4,400.0,0.0,-400.0,0
FIXED_A0,2023,0.0,202305020504,2023-05-06,2020106584|2020110142,4,400.0,0.0,-400.0,0
FIXED_A0,2023,0.0,202305020507,2023-05-06,2020105072|2020103575,4,400.0,0.0,-400.0,0
FIXED_A0,2023,0.0,202305020609,2023-05-07,2017104164|2018100389,4,400.0,0.0,-400.0,0
FIXED_A0,2023,0.0,202305020610,2023-05-07,2016104632|2017105590,4,400.0,0.0,-400.0,0
FIXED_A0,2023,0.0,202308010609,2023-05-07,2017104698|2018105418,4,400.0,0.0,-400.0,0
FIXED_A0,2023,0.0,202304010509,2023-05-13,2020101247|2020106343,4,400.0,11930.0,11530.0,1
FIXED_A0,2023,0.0,202308010706,2023-05-13,2019103311|2019105493,4,400.0,0.0,-400.0,0
FIXED_A0,2023,0.0,202308010810,2023-05-14,2014100555|2018103729,4,400.0,0.0,-400.0,0
FIXED_A0,2023,0.0,202308010812,2023-05-14,2018104460|2015104047,4,400.0,0.0,-400.0,0
FIXED_A0,2023,0.0,202304010710,2023-05-20,2019102937|2018104738,4,400.0,0.0,-400.0,0
FIXED_A0,2023,0.0,202305020911,2023-05-20,2018100487|2017103751,4,400.0,0.0,-400.0,0
FIXED_A0,2023,0.0,202305020912,2023-05-20,2018104640|2019100906,4,400.0,0.0,-400.0,0
FIXED_A0,2023,0.0,202308010901,2023-05-20,2020100727|2020102000,4,400.0,0.0,-400.0,0
FIXED_A0,2023,0.0,202308010902,2023-05-20,2020100706|2020106927,4,400.0,0.0,-400.0,0
FIXED_A0,2023,0.0,202308010911,2023-05-20,2016104711|2017106642,4,400.0,0.0,-400.0,0
FIXED_A0,2023,0.0,202304010810,2023-05-21,2018105860|2018104149,4,400.0,0.0,-400.0,0
FIXED_A0,2023,0.0,202305021012,2023-05-21,2018105105|2017104137,4,400.0,0.0,-400.0,0
FIXED_A0,2023,0.0,202305021112,2023-05-27,2019105045|2018101033,4,400.0,0.0,-400.0,0
FIXED_A0,2023,0.0,202308011104,2023-05-27,2020104987|2020106734,4,400.0,0.0,-400.0,0
FIXED_A0,2023,0.0,202308011110,2023-05-27,2018101007|2018102087,4,400.0,0.0,-400.0,0
FIXED_A0,2023,0.0,202305021205,2023-05-28,2020101535|2020106166,4,400.0,0.0,-400.0,0
FIXED_A0,2023,0.0,202308011202,2023-05-28,2020106675|2020102043,4,400.0,0.0,-400.0,0
FIXED_A0,2023,0.0,202308011203,2023-05-28,2020103450|2020101049,4,400.0,0.0,-400.0,0
FIXED_A0,2023,0.0,202308011209,2023-05-28,2019102799|2019106104,4,400.0,0.0,-400.0,0
FIXED_A0,2023,0.0,202308011210,2023-05-28,2018103238|2016104435,4,400.0,0.0,-400.0,0
FIXED_A0,2023,0.0,202305030107,2023-06-03,2019100755|2019104871,4,400.0,0.0,-400.0,0
FIXED_A0,2023,0.0,202305030210,2023-06-04,2018100994|2018105833,4,400.0,0.0,-400.0,0
FIXED_A0,2023,0.0,202302010101,2023-06-10,2020101229|2020102877,4,400.0,0.0,-400.0,0
FIXED_A0,2023,0.0,202302010111,2023-06-10,2017104895|2019103120,4,400.0,0.0,-400.0,0
FIXED_A0,2023,0.0,202309030303,2023-06-10,2020101014|2020100057,4,400.0,0.0,-400.0,0
FIXED_A0,2023,0.0,202302010202,2023-06-11,2020106164|2020105954,4,400.0,0.0,-400.0,0
FIXED_A0,2023,0.0,202302010209,2023-06-11,2019101253|2020101284,4,400.0,0.0,-400.0,0
FIXED_A0,2023,0.0,202305030401,2023-06-11,2020106717|2020104189,4,400.0,0.0,-400.0,0
FIXED_A0,2023,0.0,202309030408,2023-06-11,2019102553|2020102834,4,400.0,0.0,-400.0,0
FIXED_A0,2023,0.0,202302010305,2023-06-17,2021106943|2021107204,4,400.0,0.0,-400.0,0
FIXED_A0,2023,0.0,202302010311,2023-06-17,2017103886|2018103296,4,400.0,0.0,-400.0,0
FIXED_A0,2023,0.0,202305030505,2023-06-17,2021100438|2021101253,4,400.0,0.0,-400.0,0
FIXED_A0,2023,0.0,202305030509,2023-06-17,2016104152|2019106777,4,400.0,0.0,-400.0,0
FIXED_A0,2023,0.0,202309030507,2023-06-17,2018104828|2019106048,4,400.0,0.0,-400.0,0
FIXED_A0,2023,0.0,202305030706,2023-06-24,2021106866|2021100189,4,400.0,0.0,-400.0,0
FIXED_A0,2023,0.0,202305030712,2023-06-24,2020103530|2018110134,4,400.0,0.0,-400.0,0
FIXED_A0,2023,0.0,202309030708,2023-06-24,2019101079|2019102672,4,400.0,0.0,-400.0,0
FIXED_A0,2023,0.0,202309030709,2023-06-24,2018104503|2018104111,4,400.0,0.0,-400.0,0
FIXED_A0,2023,0.0,202309030711,2023-06-24,2016110131|2017105789,4,400.0,0.0,-400.0,0
FIXED_A0,2023,0.0,202302010609,2023-06-25,2017105616|2018103377,4,400.0,0.0,-400.0,0
FIXED_A0,2023,0.0,202309030811,2023-06-25,2016104618|2016110103,4,400.0,0.0,-400.0,0
FIXED_A0,2023,0.0,202302020107,2023-07-01,2019103663|2018104730,4,400.0,0.0,-400.0,0
FIXED_A0,2023,0.0,202302020111,2023-07-01,2016100507|2017104873,4,400.0,0.0,-400.0,0
FIXED_A0,2023,0.0,202303020110,2023-07-01,2018102149|2019105337,4,400.0,0.0,-400.0,0
FIXED_A0,2023,0.0,202302020203,2023-07-02,2020105707|2020103675,4,400.0,0.0,-400.0,0
FIXED_A0,2023,0.0,202303020205,2023-07-02,2021106364|2021106209,4,400.0,0.0,-400.0,0
FIXED_A0,2023,0.0,202303020209,2023-07-02,2019103261|2018101817,4,400.0,0.0,-400.0,0
FIXED_A0,2023,0.0,202303020312,2023-07-08,2017100426|2018103512,4,400.0,0.0,-400.0,0
FIXED_A0,2023,0.0,202302020411,2023-07-09,2019101736|2018104843,4,400.0,0.0,-400.0,0
FIXED_A0,2023,0.0,202307030408,2023-07-09,2020105635|2019103278,4,400.0,0.0,-400.0,0
FIXED_A0,2023,0.0,202307030409,2023-07-09,2019101887|2019106173,4,400.0,0.0,-400.0,0
FIXED_A0,2023,0.0,202307030411,2023-07-09,2016100546|2017106084,4,400.0,0.0,-400.0,0
FIXED_A0,2023,0.0,202302020508,2023-07-15,2020105145|2019103200,4,400.0,0.0,-400.0,0
FIXED_A0,2023,0.0,202303020508,2023-07-15,2019102892|2019102518,4,400.0,0.0,-400.0,0
FIXED_A0,2023,0.0,202302020605,2023-07-16,2021103376|2021106548,4,400.0,0.0,-400.0,0
FIXED_A0,2023,0.0,202302020609,2023-07-16,2019103537|2018106443,4,400.0,0.0,-400.0,0
FIXED_A0,2023,0.0,202307030604,2023-07-16,2020102794|2020104657,4,400.0,0.0,-400.0,0
FIXED_A0,2023,0.0,202307030609,2023-07-16,2017103885|2018104850,4,400.0,0.0,-400.0,0
FIXED_A0,2023,0.0,202301010108,2023-07-22,2019101631|2020103441,4,400.0,0.0,-400.0,0
FIXED_A0,2023,0.0,202303020701,2023-07-22,2021106804|2021100746,4,400.0,0.0,-400.0,0
FIXED_A0,2023,0.0,202307030711,2023-07-22,2017105054|2017100461,4,400.0,0.0,-400.0,0
FIXED_A0,2023,0.0,202307030811,2023-07-23,2019106670|2016100596,4,400.0,0.0,-400.0,0
FIXED_A0,2023,0.0,202301010305,2023-07-29,2021104645|2021103468,4,400.0,0.0,-400.0,0
FIXED_A0,2023,0.0,202304020204,2023-07-30,2020103597|2020100114,4,400.0,0.0,-400.0,0
FIXED_A0,2023,0.0,202304020211,2023-07-30,2019103137|2017101765,4,400.0,0.0,-400.0,0
FIXED_A0,2023,0.0,202301010510,2023-08-05,2018105323|2018103473,4,400.0,0.0,-400.0,0
FIXED_A0,2023,0.0,202301010511,2023-08-05,2016105292|2016104549,4,400.0,0.0,-400.0,0
FIXED_A0,2023,0.0,202304020306,2023-08-05,2021101601|2021104689,4,400.0,0.0,-400.0,0
FIXED_A0,2023,0.0,202304020307,2023-08-05,2020106432|2020104794,4,400.0,0.0,-400.0,0
FIXED_A0,2023,0.0,202301010601,2023-08-06,2021103571|2021100821,4,400.0,0.0,-400.0,0
FIXED_A0,2023,0.0,202304020409,2023-08-06,2019101999|2019103831,4,400.0,0.0,-400.0,0
FIXED_A0,2023,0.0,202304020412,2023-08-06,2019103577|2020100497,4,400.0,0.0,-400.0,0
FIXED_A0,2023,0.0,202301020105,2023-08-12,2021100134|2021106729,4,400.0,0.0,-400.0,0
FIXED_A0,2023,0.0,202301020106,2023-08-12,2020102768|2020103931,4,400.0,0.0,-400.0,0
FIXED_A0,2023,0.0,202304030104,2023-08-12,2020101819|2020104653,4,400.0,0.0,-400.0,0
FIXED_A0,2023,0.0,202304030110,2023-08-12,2018104603|2017101571,4,400.0,0.0,-400.0,0
FIXED_A0,2023,0.0,202310030111,2023-08-12,2018105276|2016101093,4,400.0,0.0,-400.0,0
FIXED_A0,2023,0.0,202304030201,2023-08-13,2019103565|2019104529,4,400.0,0.0,-400.0,0
FIXED_A0,2023,0.0,202304030206,2023-08-13,2020106646|2020104969,4,400.0,0.0,-400.0,0
FIXED_A0,2023,0.0,202310030211,2023-08-13,2016103730|2018106834,4,400.0,0.0,-400.0,0
FIXED_A0,2023,0.0,202301020310,2023-08-19,2020101394|2020104049,4,400.0,0.0,-400.0,0
FIXED_A0,2023,0.0,202304030305,2023-08-19,2021102283|2021104072,4,400.0,0.0,-400.0,0
FIXED_A0,2023,0.0,202310030305,2023-08-19,2021100268,2,200.0,0.0,-200.0,0
FIXED_A0,2023,0.0,202301020406,2023-08-20,2019106060|2018105256,4,400.0,0.0,-400.0,0
FIXED_A0,2023,0.0,202301020411,2023-08-20,2017101415|2017101431,4,400.0,0.0,-400.0,0
FIXED_A0,2023,0.0,202304030405,2023-08-20,2021103371|2021105125,4,400.0,0.0,-400.0,0
FIXED_A0,2023,0.0,202304030409,2023-08-20,2020102377|2016101650,4,400.0,0.0,-400.0,0
FIXED_A0,2023,0.0,202304030410,2023-08-20,2019105450|2020103865,4,400.0,0.0,-400.0,0
FIXED_A0,2023,0.0,202310030404,2023-08-20,2020104598|2020102983,4,400.0,0.0,-400.0,0
FIXED_A0,2023,0.0,202310030411,2023-08-20,2019104108|2018105259,4,400.0,0.0,-400.0,0
FIXED_A0,2023,0.0,202310030506,2023-08-26,2020106810|2020100065,4,400.0,0.0,-400.0,0
FIXED_A0,2023,0.0,202304030606,2023-08-27,2021101348|2021103118,4,400.0,0.0,-400.0,0
FIXED_A0,2023,0.0,202304030610,2023-08-27,2015104347|2017103295,4,400.0,0.0,-400.0,0
FIXED_A0,2023,0.0,202310030604,2023-08-27,2020103459|2020102261,4,400.0,0.0,-400.0,0
FIXED_A0,2023,0.0,202301020704,2023-09-02,2020100070|2020100307,4,400.0,0.0,-400.0,0
FIXED_A0,2023,0.0,202301020706,2023-09-02,2020105277|2019109047,4,400.0,0.0,-400.0,0
FIXED_A0,2023,0.0,202304030703,2023-09-02,2020101932|2020100552,4,400.0,0.0,-400.0,0
FIXED_A0,2023,0.0,202310030704,2023-09-02,2020104987|2020101862,4,400.0,0.0,-400.0,0
FIXED_A0,2023,0.0,202310030712,2023-09-02,2020104497|2019103237,4,400.0,0.0,-400.0,0
FIXED_A0,2023,0.0,202301020811,2023-09-03,2016105292|2016104451,4,400.0,0.0,-400.0,0
FIXED_A0,2023,0.0,202304030805,2023-09-03,2021100660|2021104488,4,400.0,0.0,-400.0,0
FIXED_A0,2023,0.0,202304030806,2023-09-03,2021102670|2021102996,4,400.0,0.0,-400.0,0
FIXED_A0,2023,0.0,202310030806,2023-09-03,2020100593|2020106905,4,400.0,0.0,-400.0,0
FIXED_A0,2023,0.0,202310030807,2023-09-03,2020106561|2018110113,4,400.0,0.0,-400.0,0
FIXED_A0,2023,0.0,202310030809,2023-09-03,2018104322|2018110001,4,400.0,0.0,-400.0,0
FIXED_A0,2023,0.0,202310030810,2023-09-03,2017104972|2015101320,4,400.0,0.0,-400.0,0
FIXED_A0,2023,0.0,202306040111,2023-09-09,2020103565|2020102378,4,400.0,0.0,-400.0,0
FIXED_A0,2023,0.0,202309040211,2023-09-10,2018104331|2019103422,4,400.0,0.0,-400.0,0
FIXED_A0,2023,0.0,202306040408,2023-09-17,2019105643|2020102561,4,400.0,0.0,-400.0,0
FIXED_A0,2023,0.0,202306040410,2023-09-17,2019104159|2019102220,4,400.0,0.0,-400.0,0
FIXED_A0,2023,0.0,202309040410,2023-09-17,2019110060|2019104483,4,400.0,0.0,-400.0,0
FIXED_A0,2023,0.0,202309040509,2023-09-18,2020102340|2020102880,4,400.0,0.0,-400.0,0
FIXED_A0,2023,0.0,202306040603,2023-09-23,2021102456,2,200.0,0.0,-200.0,0
FIXED_A0,2023,0.0,202309040605,2023-09-23,2021106743|2021103493,4,400.0,0.0,-400.0,0
FIXED_A0,2023,0.0,202306040805,2023-09-30,2021102686|2021102411,4,400.0,0.0,-400.0,0
FIXED_A0,2023,0.0,202306040807,2023-09-30,2020102161|2020102949,4,400.0,0.0,-400.0,0
FIXED_A0,2023,0.0,202306040810,2023-09-30,2018103485|2020102535,4,400.0,0.0,-400.0,0
FIXED_A0,2023,0.0,202309040912,2023-10-01,2018104165|2012100683,4,400.0,0.0,-400.0,0
FIXED_A0,2023,0.0,202305040106,2023-10-07,2021102449|2021102560,4,400.0,0.0,-400.0,0
FIXED_A0,2023,0.0,202308020101,2023-10-07,2021105920|2021104519,4,400.0,0.0,-400.0,0
FIXED_A0,2023,0.0,202308020110,2023-10-07,2016105060|2018104757,4,400.0,0.0,-400.0,0
FIXED_A0,2023,0.0,202305040210,2023-10-08,2017104164|2018101989,4,400.0,0.0,-400.0,0
FIXED_A0,2023,0.0,202308020203,2023-10-08,2021103593|2021109116,4,400.0,0.0,-400.0,0
FIXED_A0,2023,0.0,202308020208,2023-10-08,2019105430|2020101575,4,400.0,0.0,-400.0,0
FIXED_A0,2023,0.0,202308020210,2023-10-08,2019103038|2019101291,4,400.0,0.0,-400.0,0
FIXED_A0,2023,0.0,202305040305,2023-10-09,2021100149,2,200.0,0.0,-200.0,0
FIXED_A0,2023,0.0,202305040307,2023-10-09,2020102962|2020104634,4,400.0,0.0,-400.0,0
FIXED_A0,2023,0.0,202305040310,2023-10-09,2016104656|2019103888,4,400.0,0.0,-400.0,0
FIXED_A0,2023,0.0,202304040101,2023-10-14,2017101109|2018103063,4,400.0,0.0,-400.0,0
FIXED_A0,2023,0.0,202304040109,2023-10-14,2020103578|2018105357,4,400.0,0.0,-400.0,0
FIXED_A0,2023,0.0,202305040408,2023-10-14,2020106767|2020102499,4,400.0,0.0,-400.0,0
FIXED_A0,2023,0.0,202305040411,2023-10-14,2018104011|2018104947,4,400.0,0.0,-400.0,0
FIXED_A0,2023,0.0,202308020404,2023-10-14,2021106180|2021106091,4,400.0,0.0,-400.0,0
FIXED_A0,2023,0.0,202304040208,2023-10-15,2019106714|2020101182,4,400.0,0.0,-400.0,0
FIXED_A0,2023,0.0,202305040510,2023-10-15,2015110028|2018103150,4,400.0,0.0,-400.0,0
FIXED_A0,2023,0.0,202308020505,2023-10-15,2021100970|2021106359,4,400.0,0.0,-400.0,0
FIXED_A0,2023,0.0,202308020511,2023-10-15,2020102817|2020106435,4,400.0,0.0,-400.0,0
FIXED_A0,2023,0.0,202305040605,2023-10-21,2021106954|2021105174,4,400.0,0.0,-400.0,0
FIXED_A0,2023,0.0,202305040610,2023-10-21,2017100451|2019106748,4,400.0,0.0,-400.0,0
FIXED_A0,2023,0.0,202308020604,2023-10-21,2021105540|2021104357,4,400.0,0.0,-400.0,0
FIXED_A0,2023,0.0,202304040412,2023-10-22,2018100773|2018106612,4,400.0,0.0,-400.0,0
FIXED_A0,2023,0.0,202305040705,2023-10-22,2021107261|2021106807,4,400.0,0.0,-400.0,0
FIXED_A0,2023,0.0,202305040710,2023-10-22,2018102172|2019100215,4,400.0,0.0,-400.0,0
FIXED_A0,2023,0.0,202308020704,2023-10-22,2021106521|2021106003,4,400.0,0.0,-400.0,0
FIXED_A0,2023,0.0,202308020706,2023-10-22,2020105996|2020105897,4,400.0,0.0,-400.0,0
FIXED_A0,2023,0.0,202308020711,2023-10-22,2020103496|2020103333,4,400.0,0.0,-400.0,0
FIXED_A0,2023,0.0,202304040510,2023-10-28,2018103620|2017101777,4,400.0,0.0,-400.0,0
FIXED_A0,2023,0.0,202304040609,2023-10-29,2017102084|2018103928,4,400.0,0.0,-400.0,0
FIXED_A0,2023,0.0,202304040611,2023-10-29,2017100216|2015105850,4,400.0,0.0,-400.0,0
FIXED_A0,2023,0.0,202305040901,2023-10-29,2021100931|2021106591,4,400.0,0.0,-400.0,0
FIXED_A0,2023,0.0,202305040904,2023-10-29,2021103257|2021101201,4,400.0,0.0,-400.0,0
FIXED_A0,2023,0.0,202305040912,2023-10-29,2019105170|2018103147,4,400.0,0.0,-400.0,0
FIXED_A0,2023,0.0,202308020910,2023-10-29,2016104998|2017106032,4,400.0,0.0,-400.0,0
FIXED_A0,2023,0.0,202308020911,2023-10-29,2017103572|2019105252,4,400.0,0.0,-400.0,0
FIXED_A0,2023,0.0,202303030109,2023-11-04,2019106851|2019106877,4,400.0,0.0,-400.0,0
FIXED_A0,2023,0.0,202305050104,2023-11-04,2021102897|2021109062,4,400.0,0.0,-400.0,0
FIXED_A0,2023,0.0,202305050109,2023-11-04,2018101175|2019103543,4,400.0,0.0,-400.0,0
FIXED_A0,2023,0.0,202308030106,2023-11-04,2021103617|2021102865,4,400.0,0.0,-400.0,0
FIXED_A0,2023,0.0,202308030110,2023-11-04,2019104260|2019106632,4,400.0,0.0,-400.0,0
FIXED_A0,2023,0.0,202303030209,2023-11-05,2020105798|2020102452,4,400.0,0.0,-400.0,0
FIXED_A0,2023,0.0,202308030204,2023-11-05,2021105912|2021104074,4,400.0,0.0,-400.0,0
FIXED_A0,2023,0.0,202308030210,2023-11-05,2018105306,2,200.0,0.0,-200.0,0
FIXED_A0,2023,0.0,202303030305,2023-11-11,2021104877|2021104162,4,400.0,0.0,-400.0,0
FIXED_A0,2023,0.0,202303030310,2023-11-11,2017104234|2019103806,4,400.0,0.0,-400.0,0
FIXED_A0,2023,0.0,202305050309,2023-11-11,2021106033|2021105111,4,400.0,0.0,-400.0,0
FIXED_A0,2023,0.0,202308030309,2023-11-11,2017105248|2018104591,4,400.0,0.0,-400.0,0
FIXED_A0,2023,0.0,202308030312,2023-11-11,2018100008|2019104868,4,400.0,0.0,-400.0,0
FIXED_A0,2023,0.0,202303030401,2023-11-12,2021100676|2021101030,4,400.0,0.0,-400.0,0
FIXED_A0,2023,0.0,202303030409,2023-11-12,2021104050|2021106722,4,400.0,0.0,-400.0,0
FIXED_A0,2023,0.0,202303030411,2023-11-12,2017104691|2016110103,4,400.0,0.0,-400.0,0
FIXED_A0,2023,0.0,202308030411,2023-11-12,2018102715|2018105008,4,400.0,0.0,-400.0,0
FIXED_A0,2023,0.0,202303030502,2023-11-18,2021105841|2021102997,4,400.0,0.0,-400.0,0
FIXED_A0,2023,0.0,202303030610,2023-11-19,2018105336|2019104538,4,400.0,0.0,-400.0,0
FIXED_A0,2023,0.0,202305050604,2023-11-19,2021101826|2021104545,4,400.0,0.0,-400.0,0
FIXED_A0,2023,0.0,202305050605,2023-11-19,2021101148|2021102431,4,400.0,0.0,-400.0,0
FIXED_A0,2023,0.0,202305050612,2023-11-19,2018104603|2020106987,4,400.0,0.0,-400.0,0
FIXED_A0,2023,0.0,202308030611,2023-11-19,2019101348|2019100965,4,400.0,0.0,-400.0,0
FIXED_A0,2023,0.0,202305050705,2023-11-25,2021101373|2021106088,4,400.0,0.0,-400.0,0
FIXED_A0,2023,0.0,202305050707,2023-11-25,2020105543|2019102219,4,400.0,0.0,-400.0,0
FIXED_A0,2023,0.0,202305050708,2023-11-25,2019103016|2017103912,4,400.0,0.0,-400.0,0
FIXED_A0,2023,0.0,202308030708,2023-11-25,2020110069|2019102568,4,400.0,0.0,-400.0,0
FIXED_A0,2023,0.0,202308030710,2023-11-25,2019105993|2019103518,4,400.0,0.0,-400.0,0
FIXED_A0,2023,0.0,202308030804,2023-11-26,2021104557|2021107194,4,400.0,0.0,-400.0,0
FIXED_A0,2023,0.0,202308030805,2023-11-26,2020106798|2020103502,4,400.0,0.0,-400.0,0
FIXED_A0,2023,0.0,202308030810,2023-11-26,2016106292|2019100581,4,400.0,0.0,-400.0,0
FIXED_A0,2023,0.0,202306050106,2023-12-02,2021107266|2021103324,4,400.0,0.0,-400.0,0
FIXED_A0,2023,0.0,202306050112,2023-12-02,2018100636|2019103120,4,400.0,0.0,-400.0,0
FIXED_A0,2023,0.0,202307040104,2023-12-02,2021102530|2021101525,4,400.0,0.0,-400.0,0
FIXED_A0,2023,0.0,202307040109,2023-12-02,2018100995|2017104262,4,400.0,0.0,-400.0,0
FIXED_A0,2023,0.0,202306050203,2023-12-03,2021101178|2021101395,4,400.0,0.0,-400.0,0
FIXED_A0,2023,0.0,202306050205,2023-12-03,2021105035|2021105799,4,400.0,0.0,-400.0,0
FIXED_A0,2023,0.0,202306050210,2023-12-03,2019101736|2017103607,4,400.0,0.0,-400.0,0
FIXED_A0,2023,0.0,202307040308,2023-12-09,2019101635|2019103663,4,400.0,0.0,-400.0,0
FIXED_A0,2023,0.0,202307040311,2023-12-09,2015100744|2016110103,4,400.0,0.0,-400.0,0
FIXED_A0,2023,0.0,202309050308,2023-12-09,2019105434|2019100786,4,400.0,0.0,-400.0,0
FIXED_A0,2023,0.0,202306050407,2023-12-10,2021100361|2021103140,4,400.0,0.0,-400.0,0
FIXED_A0,2023,0.0,202306050411,2023-12-10,2017110120|2016106263,4,400.0,0.0,-400.0,0
FIXED_A0,2023,0.0,202307040404,2023-12-10,2021102755|2021101598,4,400.0,0.0,-400.0,0
FIXED_A0,2023,0.0,202307040409,2023-12-10,2019105073|2018104511,4,400.0,0.0,-400.0,0
FIXED_A0,2023,0.0,202309050404,2023-12-10,2021104153|2021103006,4,400.0,0.0,-400.0,0
FIXED_A0,2023,0.0,202306050503,2023-12-16,2021103324|2021104166,4,400.0,0.0,-400.0,0
FIXED_A0,2023,0.0,202306050511,2023-12-16,2017103201|2020106967,4,400.0,0.0,-400.0,0
FIXED_A0,2023,0.0,202307040501,2023-12-16,2021107356|2021102625,4,400.0,0.0,-400.0,0
FIXED_A0,2023,0.0,202307040507,2023-12-16,2019106014|2018106715,4,400.0,0.0,-400.0,0
FIXED_A0,2023,0.0,202306050605,2023-12-17,2021109025|2021100564,4,400.0,0.0,-400.0,0
FIXED_A0,2023,0.0,202306050606,2023-12-17,2021104969|2021104987,4,400.0,0.0,-400.0,0
FIXED_A0,2023,0.0,202307040604,2023-12-17,2021103982|2021105046,4,400.0,0.0,-400.0,0
FIXED_A0,2023,0.0,202307040611,2023-12-17,2019106214|2017104172,4,400.0,0.0,-400.0,0
FIXED_A0,2023,0.0,202309050602,2023-12-17,2021101621|2021103294,4,400.0,0.0,-400.0,0
FIXED_A0,2023,0.0,202306050705,2023-12-23,2021103177|2021104201,4,400.0,0.0,-400.0,0
FIXED_A0,2023,0.0,202306050709,2023-12-23,2020106415|2020106695,4,400.0,0.0,-400.0,0
FIXED_A0,2023,0.0,202309050703,2023-12-23,2021102915|2021104999,4,400.0,0.0,-400.0,0
FIXED_A0,2023,0.0,202309050706,2023-12-23,2021106918|2021102320,4,400.0,0.0,-400.0,0
FIXED_A0,2023,0.0,202309050710,2023-12-23,2019105993|2018102087,4,400.0,0.0,-400.0,0
FIXED_A0,2023,0.0,202309050801,2023-12-24,2021103372|2021102778,4,400.0,0.0,-400.0,0
FIXED_A0,2023,0.0,202309050806,2023-12-24,2021103249|2021109097,4,400.0,0.0,-400.0,0
FIXED_A0,2023,0.0,202306050911,2023-12-28,2021106635|2021104756,4,400.0,56240.0,55840.0,1
FIXED_A05,2023,0.5,202306010111,2023-01-05,2016102201|2016100763,4,400.0,0.0,-400.0,0
FIXED_A05,2023,0.5,202307010107,2023-01-05,2018101928|2018105151,4,400.0,0.0,-400.0,0
FIXED_A05,2023,0.5,202307010111,2023-01-05,2018104977|2014105589,4,400.0,0.0,-400.0,0
FIXED_A05,2023,0.5,202306010207,2023-01-07,2019103789|2019100051,4,400.0,0.0,-400.0,0
FIXED_A05,2023,0.5,202306010209,2023-01-07,2020101856|2020105939,4,400.0,0.0,-400.0,0
FIXED_A05,2023,0.5,202307010201,2023-01-07,2020100042|2020100701,4,400.0,0.0,-400.0,0
FIXED_A05,2023,0.5,202307010212,2023-01-07,2018104324|2019106615,4,400.0,0.0,-400.0,0
FIXED_A05,2023,0.5,202307010305,2023-01-08,2020105071|2020100426,4,400.0,0.0,-400.0,0
FIXED_A05,2023,0.5,202306010409,2023-01-09,2018105521|2016104987,4,400.0,0.0,-400.0,0
FIXED_A05,2023,0.5,202307010409,2023-01-09,2017103184|2018102386,4,400.0,0.0,-400.0,0
FIXED_A05,2023,0.5,202306010505,2023-01-14,2020101794|2020103327,4,400.0,0.0,-400.0,0
FIXED_A05,2023,0.5,202306010511,2023-01-14,2015105850|2017103295,4,400.0,0.0,-400.0,0
FIXED_A05,2023,0.5,202307010511,2023-01-14,2019106410|2017105613,4,400.0,0.0,-400.0,0
FIXED_A05,2023,0.5,202310010111,2023-01-14,2018103615,2,200.0,0.0,-200.0,0
FIXED_A05,2023,0.5,202307010602,2023-01-15,2020107165|2020106927,4,400.0,0.0,-400.0,0
FIXED_A05,2023,0.5,202310010205,2023-01-15,2020103149|2020103883,4,400.0,0.0,-400.0,0
FIXED_A05,2023,0.5,202310010209,2023-01-15,2018105873|2018100636,4,400.0,0.0,-400.0,0
FIXED_A05,2023,0.5,202306010706,2023-01-21,2020102282|2020107117,4,400.0,0.0,-400.0,0
FIXED_A05,2023,0.5,202306010709,2023-01-21,2017101816|2017105050,4,400.0,0.0,-400.0,0
FIXED_A05,2023,0.5,202307010703,2023-01-21,2020101677|2020100931,4,400.0,0.0,-400.0,0
FIXED_A05,2023,0.5,202310010310,2023-01-21,2018105996|2019100677,4,400.0,0.0,-400.0,0
FIXED_A05,2023,0.5,202306010810,2023-01-22,2017103291|2018110126,4,400.0,0.0,-400.0,0
FIXED_A05,2023,0.5,202310010405,2023-01-22,2020100913|2020104795,4,400.0,0.0,-400.0,0
FIXED_A05,2023,0.5,202310010410,2023-01-22,2018105260|2018105308,4,400.0,0.0,-400.0,0
FIXED_A05,2023,0.5,202310010411,2023-01-22,2016105601|2017102808,4,400.0,0.0,-400.0,0
FIXED_A05,2023,0.5,202305010106,2023-01-28,2020100195|2020105343,4,400.0,0.0,-400.0,0
FIXED_A05,2023,0.5,202307010904,2023-01-28,2020104566|2020103951,4,400.0,0.0,-400.0,0
FIXED_A05,2023,0.5,202307010911,2023-01-28,2018106697|2018103574,4,400.0,0.0,-400.0,0
FIXED_A05,2023,0.5,202307010912,2023-01-28,2018106701|2017105471,4,400.0,0.0,-400.0,0
FIXED_A05,2023,0.5,202310010509,2023-01-28,2017105636|2017101448,4,400.0,0.0,-400.0,0
FIXED_A05,2023,0.5,202310010511,2023-01-28,2018104239|2018106391,4,400.0,0.0,-400.0,0
FIXED_A05,2023,0.5,202310010611,2023-01-29,2017110041|2018104949,4,400.0,0.0,-400.0,0
FIXED_A05,2023,0.5,202305010306,2023-02-04,2020105077|2020104355,4,400.0,0.0,-400.0,0
FIXED_A05,2023,0.5,202310010704,2023-02-04,2018103204|2018105935,4,400.0,0.0,-400.0,0
FIXED_A05,2023,0.5,202305010403,2023-02-05,2020101341|2020104284,4,400.0,0.0,-400.0,0
FIXED_A05,2023,0.5,202307011209,2023-02-05,2018105763|2017106012,4,400.0,0.0,-400.0,0
FIXED_A05,2023,0.5,202310010809,2023-02-05,2017104724|2019106589,4,400.0,0.0,-400.0,0
FIXED_A05,2023,0.5,202310010810,2023-02-05,2019100800|2018101178,4,400.0,0.0,-400.0,0
FIXED_A05,2023,0.5,202305010511,2023-02-11,2020105836|2020104501,4,400.0,0.0,-400.0,0
FIXED_A05,2023,0.5,202310020108,2023-02-11,2018105030|2019100390,4,400.0,0.0,-400.0,0
FIXED_A05,2023,0.5,202310020110,2023-02-11,2018106391|2018105873,4,400.0,0.0,-400.0,0
FIXED_A05,2023,0.5,202305010604,2023-02-12,2020100546|2020104968,4,400.0,0.0,-400.0,0
FIXED_A05,2023,0.5,202305010607,2023-02-12,2020105645|2020105761,4,400.0,0.0,-400.0,0
FIXED_A05,2023,0.5,202309010209,2023-02-12,2018106443|2019101399,4,400.0,0.0,-400.0,0
FIXED_A05,2023,0.5,202310020206,2023-02-12,2019103612|2019103915,4,400.0,0.0,-400.0,0
FIXED_A05,2023,0.5,202310020211,2023-02-12,2017100367|2016104668,4,400.0,0.0,-400.0,0
FIXED_A05,2023,0.5,202309010308,2023-02-18,2020100931|2020110132,4,400.0,0.0,-400.0,0
FIXED_A05,2023,0.5,202309010311,2023-02-18,2019100765|2017105458,4,400.0,0.0,-400.0,0
FIXED_A05,2023,0.5,202310020311,2023-02-18,2018104250|2019104772,4,400.0,0.0,-400.0,0
FIXED_A05,2023,0.5,202309010404,2023-02-19,2020102172|2020103000,4,400.0,0.0,-400.0,0
FIXED_A05,2023,0.5,202310020411,2023-02-19,2019103422,2,200.0,0.0,-200.0,0
FIXED_A05,2023,0.5,202309010511,2023-02-25,2018104518,2,200.0,0.0,-200.0,0
FIXED_A05,2023,0.5,202310020503,2023-02-25,2019104096|2019106168,4,400.0,0.0,-400.0,0
FIXED_A05,2023,0.5,202310020511,2023-02-25,2017102390|2018101722,4,400.0,0.0,-400.0,0
FIXED_A05,2023,0.5,202310020512,2023-02-25,2019101469|2019105587,4,400.0,0.0,-400.0,0
FIXED_A05,2023,0.5,202309010608,2023-02-26,2017106302|2019105176,4,400.0,0.0,-400.0,0
FIXED_A05,2023,0.5,202310020609,2023-02-26,2019105208|2017106366,4,400.0,0.0,-400.0,0
FIXED_A05,2023,0.5,202310020610,2023-02-26,2015105451|2018103730,4,400.0,0.0,-400.0,0
FIXED_A05,2023,0.5,202306020307,2023-03-04,2020102849|2020105250,4,400.0,0.0,-400.0,0
FIXED_A05,2023,0.5,202306020310,2023-03-04,2017102676|2017104700,4,400.0,0.0,-400.0,0
FIXED_A05,2023,0.5,202306020311,2023-03-04,2015105850|2018104029,4,400.0,0.0,-400.0,0
FIXED_A05,2023,0.5,202309010712,2023-03-04,2019103236|2019105915,4,400.0,0.0,-400.0,0
FIXED_A05,2023,0.5,202306020409,2023-03-05,2017105495|2018110099,4,400.0,0.0,-400.0,0
FIXED_A05,2023,0.5,202306020412,2023-03-05,2017105287|2019102922,4,400.0,0.0,-400.0,0
FIXED_A05,2023,0.5,202309010811,2023-03-05,2015104724|2015106423,4,400.0,0.0,-400.0,0
FIXED_A05,2023,0.5,202306020508,2023-03-11,2019101615|2017101771,4,400.0,94360.0,93960.0,1
FIXED_A05,2023,0.5,202306020510,2023-03-11,2017102946|2017106087,4,400.0,0.0,-400.0,0
FIXED_A05,2023,0.5,202307020104,2023-03-11,2020101679|2020106900,4,400.0,0.0,-400.0,0
FIXED_A05,2023,0.5,202309010903,2023-03-11,2020106327|2020103531,4,400.0,0.0,-400.0,0
FIXED_A05,2023,0.5,202309010911,2023-03-11,2017103504|2017110120,4,400.0,0.0,-400.0,0
FIXED_A05,2023,0.5,202306020608,2023-03-12,2018104801|2019101906,4,400.0,0.0,-400.0,0
FIXED_A05,2023,0.5,202307020203,2023-03-12,2020100263|2020105068,4,400.0,0.0,-400.0,0
FIXED_A05,2023,0.5,202309011005,2023-03-12,2020104671|2020103918,4,400.0,0.0,-400.0,0
FIXED_A05,2023,0.5,202309011010,2023-03-12,2017101239|2018100443,4,400.0,0.0,-400.0,0
FIXED_A05,2023,0.5,202309011011,2023-03-12,2020110137|2020100686,4,400.0,0.0,-400.0,0
FIXED_A05,2023,0.5,202306020710,2023-03-18,2018105503|2017105602,4,400.0,0.0,-400.0,0
FIXED_A05,2023,0.5,202307020308,2023-03-18,2019109159|2017105643,4,400.0,0.0,-400.0,0
FIXED_A05,2023,0.5,202309011106,2023-03-18,2020104853|2020105552,4,400.0,0.0,-400.0,0
FIXED_A05,2023,0.5,202309011108,2023-03-18,2019104385|2017104086,4,400.0,0.0,-400.0,0
FIXED_A05,2023,0.5,202306020803,2023-03-19,2020105630|2020100290,4,400.0,0.0,-400.0,0
FIXED_A05,2023,0.5,202306020804,2023-03-19,2020102156|2020104960,4,400.0,0.0,-400.0,0
FIXED_A05,2023,0.5,202306020811,2023-03-19,2020103747|2020103500,4,400.0,0.0,-400.0,0
FIXED_A05,2023,0.5,202306020812,2023-03-19,2016104987|2017103008,4,400.0,0.0,-400.0,0
FIXED_A05,2023,0.5,202306030109,2023-03-25,2018102247|2017103291,4,400.0,0.0,-400.0,0
FIXED_A05,2023,0.5,202307020512,2023-03-25,2019100592|2019103261,4,400.0,0.0,-400.0,0
FIXED_A05,2023,0.5,202309020103,2023-03-25,2020101384|2020100243,4,400.0,0.0,-400.0,0
FIXED_A05,2023,0.5,202306030202,2023-03-26,2020105061|2020103961,4,400.0,0.0,-400.0,0
FIXED_A05,2023,0.5,202306030206,2023-03-26,2020100258|2020102855,4,400.0,0.0,-400.0,0
FIXED_A05,2023,0.5,202306030210,2023-03-26,2019105398|2019100935,4,400.0,0.0,-400.0,0
FIXED_A05,2023,0.5,202306030211,2023-03-26,2016104231|2016101745,4,400.0,0.0,-400.0,0
FIXED_A05,2023,0.5,202309020210,2023-03-26,2016104397|2018104917,4,400.0,0.0,-400.0,0
FIXED_A05,2023,0.5,202309020304,2023-04-01,2020105354|2020104504,4,400.0,0.0,-400.0,0
FIXED_A05,2023,0.5,202306030406,2023-04-02,2020102949|2020110053,4,400.0,0.0,-400.0,0
FIXED_A05,2023,0.5,202309020401,2023-04-02,2020100302|2020106009,4,400.0,0.0,-400.0,0
FIXED_A05,2023,0.5,202309020411,2023-04-02,2016100915|2018105074,4,400.0,0.0,-400.0,0
FIXED_A05,2023,0.5,202303010110,2023-04-08,2018103205|2018100636,4,400.0,0.0,-400.0,0
FIXED_A05,2023,0.5,202306030511,2023-04-08,2020102119,2,200.0,0.0,-200.0,0
FIXED_A05,2023,0.5,202309020504,2023-04-08,2020106855|2020101154,4,400.0,0.0,-400.0,0
FIXED_A05,2023,0.5,202309020510,2023-04-08,2016104397|2017101829,4,400.0,0.0,-400.0,0
FIXED_A05,2023,0.5,202306030609,2023-04-09,2018104611|2018105748,4,400.0,0.0,-400.0,0
FIXED_A05,2023,0.5,202303010307,2023-04-15,2019104299|2019107032,4,400.0,0.0,-400.0,0
FIXED_A05,2023,0.5,202303010308,2023-04-15,2017102855|2018103517,4,400.0,0.0,-400.0,0
FIXED_A05,2023,0.5,202303010309,2023-04-15,2020105897|2020103885,4,400.0,0.0,-400.0,0
FIXED_A05,2023,0.5,202303010311,2023-04-15,2019103246|2018102215,4,400.0,0.0,-400.0,0
FIXED_A05,2023,0.5,202306030705,2023-04-15,2020106387|2020101681,4,400.0,0.0,-400.0,0
FIXED_A05,2023,0.5,202306030708,2023-04-15,2018103205|2018102643,4,400.0,0.0,-400.0,0
FIXED_A05,2023,0.5,202306030709,2023-04-15,2020106415|2020100343,4,400.0,0.0,-400.0,0
FIXED_A05,2023,0.5,202303010409,2023-04-16,2019106179|2019110043,4,400.0,0.0,-400.0,0
FIXED_A05,2023,0.5,202306030810,2023-04-16,2015105850|2016102073,4,400.0,0.0,-400.0,0
FIXED_A05,2023,0.5,202306030812,2023-04-16,2016105493|2018104843,4,400.0,0.0,-400.0,0
FIXED_A05,2023,0.5,202309020804,2023-04-16,2020102275|2020110060,4,400.0,0.0,-400.0,0
FIXED_A05,2023,0.5,202309020805,2023-04-16,2020102195|2020102790,4,400.0,0.0,-400.0,0
FIXED_A05,2023,0.5,202309020812,2023-04-16,2019106103|2019102672,4,400.0,0.0,-400.0,0
FIXED_A05,2023,0.5,202303010504,2023-04-22,2018100297,2,200.0,0.0,-200.0,0
FIXED_A05,2023,0.5,202303010510,2023-04-22,2019105096|2018104985,4,400.0,0.0,-400.0,0
FIXED_A05,2023,0.5,202305020106,2023-04-22,2020105991|2020100823,4,400.0,0.0,-400.0,0
FIXED_A05,2023,0.5,202308010111,2023-04-22,2017110088|2016104000,4,400.0,0.0,-400.0,0
FIXED_A05,2023,0.5,202303010605,2023-04-23,2020104778|2020101287,4,400.0,0.0,-400.0,0
FIXED_A05,2023,0.5,202305020206,2023-04-23,2020106458|2020104099,4,400.0,0.0,-400.0,0
FIXED_A05,2023,0.5,202308010210,2023-04-23,2016102362|2015100533,4,400.0,0.0,-400.0,0
FIXED_A05,2023,0.5,202308010212,2023-04-23,2017104128|2016102483,4,400.0,0.0,-400.0,0
FIXED_A05,2023,0.5,202304010101,2023-04-29,2019102028|2016104963,4,400.0,0.0,-400.0,0
FIXED_A05,2023,0.5,202304010111,2023-04-29,2018104150|2019100735,4,400.0,0.0,-400.0,0
FIXED_A05,2023,0.5,202308010401,2023-04-30,2020100691|2020100270,4,400.0,0.0,-400.0,0
FIXED_A05,2023,0.5,202305020504,2023-05-06,2020106584|2020110142,4,400.0,0.0,-400.0,0
FIXED_A05,2023,0.5,202305020507,2023-05-06,2020105072|2020103575,4,400.0,0.0,-400.0,0
FIXED_A05,2023,0.5,202305020609,2023-05-07,2017104164|2018100389,4,400.0,0.0,-400.0,0
FIXED_A05,2023,0.5,202305020610,2023-05-07,2017105590|2016104632,4,400.0,0.0,-400.0,0
FIXED_A05,2023,0.5,202308010609,2023-05-07,2019107033|2017104698,4,400.0,0.0,-400.0,0
FIXED_A05,2023,0.5,202304010509,2023-05-13,2020106343|2020107199,4,400.0,0.0,-400.0,0
FIXED_A05,2023,0.5,202308010706,2023-05-13,2019103311|2019100548,4,400.0,0.0,-400.0,0
FIXED_A05,2023,0.5,202308010810,2023-05-14,2014100555|2017100005,4,400.0,0.0,-400.0,0
FIXED_A05,2023,0.5,202308010812,2023-05-14,2015104047|2018103993,4,400.0,0.0,-400.0,0
FIXED_A05,2023,0.5,202304010710,2023-05-20,2018104738|2019102937,4,400.0,0.0,-400.0,0
FIXED_A05,2023,0.5,202305020911,2023-05-20,2018100487|2019105448,4,400.0,0.0,-400.0,0
FIXED_A05,2023,0.5,202305020912,2023-05-20,2019102484|2018104640,4,400.0,0.0,-400.0,0
FIXED_A05,2023,0.5,202308010901,2023-05-20,2020100234|2020103967,4,400.0,0.0,-400.0,0
FIXED_A05,2023,0.5,202308010902,2023-05-20,2020100706|2020106927,4,400.0,0.0,-400.0,0
FIXED_A05,2023,0.5,202308010911,2023-05-20,2017106642|2019101666,4,400.0,0.0,-400.0,0
FIXED_A05,2023,0.5,202304010810,2023-05-21,2016101450|2018104149,4,400.0,0.0,-400.0,0
FIXED_A05,2023,0.5,202305021012,2023-05-21,2018105105|2017104137,4,400.0,0.0,-400.0,0
FIXED_A05,2023,0.5,202305021112,2023-05-27,2018101033|2016104444,4,400.0,0.0,-400.0,0
FIXED_A05,2023,0.5,202308011104,2023-05-27,2020110010|2020106734,4,400.0,0.0,-400.0,0
FIXED_A05,2023,0.5,202308011110,2023-05-27,2018101007|2018102087,4,400.0,0.0,-400.0,0
FIXED_A05,2023,0.5,202305021205,2023-05-28,2020105361|2020106166,4,400.0,0.0,-400.0,0
FIXED_A05,2023,0.5,202308011202,2023-05-28,2020110072|2020106675,4,400.0,0.0,-400.0,0
FIXED_A05,2023,0.5,202308011203,2023-05-28,2020104629|2020101049,4,400.0,0.0,-400.0,0
FIXED_A05,2023,0.5,202308011209,2023-05-28,2019102799|2019106104,4,400.0,0.0,-400.0,0
FIXED_A05,2023,0.5,202308011210,2023-05-28,2018103238|2017104862,4,400.0,0.0,-400.0,0
FIXED_A05,2023,0.5,202305030107,2023-06-03,2019104764|2019100755,4,400.0,0.0,-400.0,0
FIXED_A05,2023,0.5,202305030210,2023-06-04,2019103954|2018105833,4,400.0,0.0,-400.0,0
FIXED_A05,2023,0.5,202302010101,2023-06-10,2020106679|2020102877,4,400.0,0.0,-400.0,0
FIXED_A05,2023,0.5,202302010111,2023-06-10,2017104895|2019103120,4,400.0,0.0,-400.0,0
FIXED_A05,2023,0.5,202309030303,2023-06-10,2020102354|2020105497,4,400.0,0.0,-400.0,0
FIXED_A05,2023,0.5,202302010202,2023-06-11,2020106164|2020105954,4,400.0,0.0,-400.0,0
FIXED_A05,2023,0.5,202302010209,2023-06-11,2019101253|2020101284,4,400.0,0.0,-400.0,0
FIXED_A05,2023,0.5,202305030401,2023-06-11,2020106717|2020104189,4,400.0,0.0,-400.0,0
FIXED_A05,2023,0.5,202309030408,2023-06-11,2020102834|2019103123,4,400.0,0.0,-400.0,0
FIXED_A05,2023,0.5,202302010305,2023-06-17,2021106886|2021106943,4,400.0,0.0,-400.0,0
FIXED_A05,2023,0.5,202302010311,2023-06-17,2018103296|2017100660,4,400.0,0.0,-400.0,0
FIXED_A05,2023,0.5,202305030505,2023-06-17,2021100438|2021101253,4,400.0,0.0,-400.0,0
FIXED_A05,2023,0.5,202305030509,2023-06-17,2019106700|2016104152,4,400.0,0.0,-400.0,0
FIXED_A05,2023,0.5,202309030507,2023-06-17,2018104828|2019105214,4,400.0,0.0,-400.0,0
FIXED_A05,2023,0.5,202305030706,2023-06-24,2021106866|2021104459,4,400.0,0.0,-400.0,0
FIXED_A05,2023,0.5,202305030712,2023-06-24,2018110134|2018104578,4,400.0,0.0,-400.0,0
FIXED_A05,2023,0.5,202309030708,2023-06-24,2019104053|2019101446,4,400.0,0.0,-400.0,0
FIXED_A05,2023,0.5,202309030709,2023-06-24,2018104111|2018104503,4,400.0,0.0,-400.0,0
FIXED_A05,2023,0.5,202309030711,2023-06-24,2017106018|2017110067,4,400.0,0.0,-400.0,0
FIXED_A05,2023,0.5,202302010609,2023-06-25,2017105616|2018103377,4,400.0,0.0,-400.0,0
FIXED_A05,2023,0.5,202309030811,2023-06-25,2016110103|2016104618,4,400.0,0.0,-400.0,0
FIXED_A05,2023,0.5,202302020107,2023-07-01,2019103663|2019101753,4,400.0,0.0,-400.0,0
FIXED_A05,2023,0.5,202302020111,2023-07-01,2016100507|2014100555,4,400.0,0.0,-400.0,0
FIXED_A05,2023,0.5,202303020110,2023-07-01,2017104345|2019105337,4,400.0,0.0,-400.0,0
FIXED_A05,2023,0.5,202302020203,2023-07-02,2020106664|2020105707,4,400.0,0.0,-400.0,0
FIXED_A05,2023,0.5,202303020205,2023-07-02,2021106209|2021103128,4,400.0,0.0,-400.0,0
FIXED_A05,2023,0.5,202303020209,2023-07-02,2015103867|2018101817,4,400.0,0.0,-400.0,0
FIXED_A05,2023,0.5,202303020312,2023-07-08,2017100426|2018103512,4,400.0,0.0,-400.0,0
FIXED_A05,2023,0.5,202302020411,2023-07-09,2018104843|2019101736,4,400.0,0.0,-400.0,0
FIXED_A05,2023,0.5,202307030408,2023-07-09,2020101020|2019103278,4,400.0,0.0,-400.0,0
FIXED_A05,2023,0.5,202307030409,2023-07-09,2019106173|2019101887,4,400.0,0.0,-400.0,0
FIXED_A05,2023,0.5,202307030411,2023-07-09,2017106084|2016100546,4,400.0,0.0,-400.0,0
FIXED_A05,2023,0.5,202302020508,2023-07-15,2019104871|2019103200,4,400.0,0.0,-400.0,0
FIXED_A05,2023,0.5,202303020508,2023-07-15,2019102518|2019102892,4,400.0,0.0,-400.0,0
FIXED_A05,2023,0.5,202302020605,2023-07-16,2021105783|2021103376,4,400.0,0.0,-400.0,0
FIXED_A05,2023,0.5,202302020609,2023-07-16,2018106443|2019103537,4,400.0,0.0,-400.0,0
FIXED_A05,2023,0.5,202307030604,2023-07-16,2020106183|2020102794,4,400.0,0.0,-400.0,0
FIXED_A05,2023,0.5,202307030609,2023-07-16,2017100415|2017104985,4,400.0,0.0,-400.0,0
FIXED_A05,2023,0.5,202301010108,2023-07-22,2019101631|2020104171,4,400.0,0.0,-400.0,0
FIXED_A05,2023,0.5,202303020701,2023-07-22,2021107294|2021103343,4,400.0,0.0,-400.0,0
FIXED_A05,2023,0.5,202307030711,2023-07-22,2019100268|2017105054,4,400.0,0.0,-400.0,0
FIXED_A05,2023,0.5,202307030811,2023-07-23,2016100596|2019106670,4,400.0,0.0,-400.0,0
FIXED_A05,2023,0.5,202301010305,2023-07-29,2021103468|2021101891,4,400.0,0.0,-400.0,0
FIXED_A05,2023,0.5,202304020204,2023-07-30,2020100114|2020102068,4,400.0,0.0,-400.0,0
FIXED_A05,2023,0.5,202304020211,2023-07-30,2019103137|2019106151,4,400.0,0.0,-400.0,0
FIXED_A05,2023,0.5,202301010510,2023-08-05,2018105405|2018105323,4,400.0,0.0,-400.0,0
FIXED_A05,2023,0.5,202301010511,2023-08-05,2016105292|2016104549,4,400.0,0.0,-400.0,0
FIXED_A05,2023,0.5,202304020306,2023-08-05,2021104689|2021101601,4,400.0,0.0,-400.0,0
FIXED_A05,2023,0.5,202304020307,2023-08-05,2020106432|2020106699,4,400.0,0.0,-400.0,0
FIXED_A05,2023,0.5,202301010601,2023-08-06,2021106000|2021103571,4,400.0,0.0,-400.0,0
FIXED_A05,2023,0.5,202304020409,2023-08-06,2019103831|2019101999,4,400.0,0.0,-400.0,0
FIXED_A05,2023,0.5,202304020412,2023-08-06,2019103577|2019103020,4,400.0,0.0,-400.0,0
FIXED_A05,2023,0.5,202301020105,2023-08-12,2021100134|2021106221,4,400.0,0.0,-400.0,0
FIXED_A05,2023,0.5,202301020106,2023-08-12,2020102768|2020103931,4,400.0,0.0,-400.0,0
FIXED_A05,2023,0.5,202304030104,2023-08-12,2020101819|2020104653,4,400.0,0.0,-400.0,0
FIXED_A05,2023,0.5,202304030110,2023-08-12,2017101571|2018104603,4,400.0,0.0,-400.0,0
FIXED_A05,2023,0.5,202310030111,2023-08-12,2016101093|2018105545,4,400.0,0.0,-400.0,0
FIXED_A05,2023,0.5,202304030201,2023-08-13,2019104529|2019103565,4,400.0,0.0,-400.0,0
FIXED_A05,2023,0.5,202304030206,2023-08-13,2020104048|2020101239,4,400.0,0.0,-400.0,0
FIXED_A05,2023,0.5,202310030211,2023-08-13,2016103730|2018105074,4,400.0,0.0,-400.0,0
FIXED_A05,2023,0.5,202301020310,2023-08-19,2020104049|2020102269,4,400.0,0.0,-400.0,0
FIXED_A05,2023,0.5,202304030305,2023-08-19,2021104072|2021102283,4,400.0,0.0,-400.0,0
FIXED_A05,2023,0.5,202310030305,2023-08-19,2021100268,2,200.0,0.0,-200.0,0
FIXED_A05,2023,0.5,202301020406,2023-08-20,2020101677|2020102810,4,400.0,0.0,-400.0,0
FIXED_A05,2023,0.5,202301020411,2023-08-20,2019100596|2017101415,4,400.0,0.0,-400.0,0
FIXED_A05,2023,0.5,202304030405,2023-08-20,2021103371|2021104137,4,400.0,18400.0,18000.0,1
FIXED_A05,2023,0.5,202304030409,2023-08-20,2019100197|2016101650,4,400.0,0.0,-400.0,0
FIXED_A05,2023,0.5,202304030410,2023-08-20,2017103104|2019105450,4,400.0,0.0,-400.0,0
FIXED_A05,2023,0.5,202310030404,2023-08-20,2020104598|2020102983,4,400.0,0.0,-400.0,0
FIXED_A05,2023,0.5,202310030411,2023-08-20,2019104108|2018100032,4,400.0,0.0,-400.0,0
FIXED_A05,2023,0.5,202310030506,2023-08-26,2020106810|2020101622,4,400.0,0.0,-400.0,0
FIXED_A05,2023,0.5,202304030606,2023-08-27,2021101254|2021101348,4,400.0,0.0,-400.0,0
FIXED_A05,2023,0.5,202304030610,2023-08-27,2017103295|2015104347,4,400.0,0.0,-400.0,0
FIXED_A05,2023,0.5,202310030604,2023-08-27,2020109047|2020102794,4,400.0,0.0,-400.0,0
FIXED_A05,2023,0.5,202301020704,2023-09-02,2020100070|2020106917,4,400.0,0.0,-400.0,0
FIXED_A05,2023,0.5,202301020706,2023-09-02,2020105277|2019109047,4,400.0,0.0,-400.0,0
FIXED_A05,2023,0.5,202304030703,2023-09-02,2020101932|2020100552,4,400.0,0.0,-400.0,0
FIXED_A05,2023,0.5,202310030704,2023-09-02,2020104987|2020101862,4,400.0,0.0,-400.0,0
FIXED_A05,2023,0.5,202310030712,2023-09-02,2020105643|2019103237,4,400.0,0.0,-400.0,0
FIXED_A05,2023,0.5,202301020811,2023-09-03,2016104451|2016105292,4,400.0,0.0,-400.0,0
FIXED_A05,2023,0.5,202304030805,2023-09-03,2021100660|2021104488,4,400.0,0.0,-400.0,0
FIXED_A05,2023,0.5,202304030806,2023-09-03,2021109085|2021104898,4,400.0,0.0,-400.0,0
FIXED_A05,2023,0.5,202310030806,2023-09-03,2020100593|2020102750,4,400.0,0.0,-400.0,0
FIXED_A05,2023,0.5,202310030807,2023-09-03,2018103200|2018110113,4,400.0,0.0,-400.0,0
FIXED_A05,2023,0.5,202310030809,2023-09-03,2018106391|2017100922,4,400.0,0.0,-400.0,0
FIXED_A05,2023,0.5,202310030810,2023-09-03,2015101320|2018101007,4,400.0,0.0,-400.0,0
FIXED_A05,2023,0.5,202306040111,2023-09-09,2020105496|2020103565,4,400.0,0.0,-400.0,0
FIXED_A05,2023,0.5,202309040211,2023-09-10,2019103422|2018104331,4,400.0,0.0,-400.0,0
FIXED_A05,2023,0.5,202306040408,2023-09-17,2020103305|2020102561,4,400.0,0.0,-400.0,0
FIXED_A05,2023,0.5,202306040410,2023-09-17,2019100787|2019104159,4,400.0,0.0,-400.0,0
FIXED_A05,2023,0.5,202309040410,2023-09-17,2018100397|2017106264,4,400.0,0.0,-400.0,0
FIXED_A05,2023,0.5,202309040509,2023-09-18,2020102880|2020104919,4,400.0,0.0,-400.0,0
FIXED_A05,2023,0.5,202306040603,2023-09-23,2021102456,2,200.0,0.0,-200.0,0
FIXED_A05,2023,0.5,202309040605,2023-09-23,2021102245|2021101216,4,400.0,0.0,-400.0,0
FIXED_A05,2023,0.5,202306040805,2023-09-30,2021102686|2021102411,4,400.0,0.0,-400.0,0
FIXED_A05,2023,0.5,202306040807,2023-09-30,2020102949|2018101369,4,400.0,0.0,-400.0,0
FIXED_A05,2023,0.5,202306040810,2023-09-30,2018103485|2020102535,4,400.0,0.0,-400.0,0
FIXED_A05,2023,0.5,202309040912,2023-10-01,2018104208|2019103246,4,400.0,0.0,-400.0,0
FIXED_A05,2023,0.5,202305040106,2023-10-07,2021102449|2021102560,4,400.0,0.0,-400.0,0
FIXED_A05,2023,0.5,202308020101,2023-10-07,2021102631|2021105920,4,400.0,0.0,-400.0,0
FIXED_A05,2023,0.5,202308020110,2023-10-07,2018105311|2016105060,4,400.0,0.0,-400.0,0
FIXED_A05,2023,0.5,202305040210,2023-10-08,2017104164|2017104056,4,400.0,0.0,-400.0,0
FIXED_A05,2023,0.5,202308020203,2023-10-08,2021109116|2021100859,4,400.0,0.0,-400.0,0
FIXED_A05,2023,0.5,202308020208,2023-10-08,2019105430|2019105404,4,400.0,0.0,-400.0,0
FIXED_A05,2023,0.5,202308020210,2023-10-08,2018103615|2019103038,4,400.0,0.0,-400.0,0
FIXED_A05,2023,0.5,202305040305,2023-10-09,2021100149,2,200.0,0.0,-200.0,0
FIXED_A05,2023,0.5,202305040307,2023-10-09,2020104634|2018105322,4,400.0,0.0,-400.0,0
FIXED_A05,2023,0.5,202305040310,2023-10-09,2018102172|2016104656,4,400.0,0.0,-400.0,0
FIXED_A05,2023,0.5,202304040101,2023-10-14,2018103063|2017101109,4,400.0,0.0,-400.0,0
FIXED_A05,2023,0.5,202304040109,2023-10-14,2020104478|2020103578,4,400.0,0.0,-400.0,0
FIXED_A05,2023,0.5,202305040408,2023-10-14,2020106767|2020100736,4,400.0,0.0,-400.0,0
FIXED_A05,2023,0.5,202305040411,2023-10-14,2018104011|2018104947,4,400.0,0.0,-400.0,0
FIXED_A05,2023,0.5,202308020404,2023-10-14,2021106091|2021106180,4,400.0,0.0,-400.0,0
FIXED_A05,2023,0.5,202304040208,2023-10-15,2020100055|2019106714,4,400.0,0.0,-400.0,0
FIXED_A05,2023,0.5,202305040510,2023-10-15,2015110028|2018110070,4,400.0,0.0,-400.0,0
FIXED_A05,2023,0.5,202308020505,2023-10-15,2021100970|2021106359,4,400.0,0.0,-400.0,0
FIXED_A05,2023,0.5,202308020511,2023-10-15,2020102378|2020103009,4,400.0,0.0,-400.0,0
FIXED_A05,2023,0.5,202305040605,2023-10-21,2021106954|2021105174,4,400.0,0.0,-400.0,0
FIXED_A05,2023,0.5,202305040610,2023-10-21,2017100451|2019100876,4,400.0,0.0,-400.0,0
FIXED_A05,2023,0.5,202308020604,2023-10-21,2021102299|2021103092,4,400.0,0.0,-400.0,0
FIXED_A05,2023,0.5,202304040412,2023-10-22,2018100773|2020101737,4,400.0,0.0,-400.0,0
FIXED_A05,2023,0.5,202305040705,2023-10-22,2021106807|2021102381,4,400.0,0.0,-400.0,0
FIXED_A05,2023,0.5,202305040710,2023-10-22,2018102172|2019100547,4,400.0,0.0,-400.0,0
FIXED_A05,2023,0.5,202308020704,2023-10-22,2021106003|2021106521,4,400.0,0.0,-400.0,0
FIXED_A05,2023,0.5,202308020706,2023-10-22,2020105897|2020103292,4,400.0,0.0,-400.0,0
FIXED_A05,2023,0.5,202308020711,2023-10-22,2020103496|2020103333,4,400.0,0.0,-400.0,0
FIXED_A05,2023,0.5,202304040510,2023-10-28,2017101777|2018103620,4,400.0,0.0,-400.0,0
FIXED_A05,2023,0.5,202304040609,2023-10-29,2018103928|2017102084,4,400.0,0.0,-400.0,0
FIXED_A05,2023,0.5,202304040611,2023-10-29,2017100216|2018104041,4,400.0,0.0,-400.0,0
FIXED_A05,2023,0.5,202305040901,2023-10-29,2021100784|2021100931,4,400.0,0.0,-400.0,0
FIXED_A05,2023,0.5,202305040904,2023-10-29,2021102639|2021103111,4,400.0,0.0,-400.0,0
FIXED_A05,2023,0.5,202305040912,2023-10-29,2018103147|2019110103,4,400.0,0.0,-400.0,0
FIXED_A05,2023,0.5,202308020910,2023-10-29,2016104998|2017101915,4,400.0,0.0,-400.0,0
FIXED_A05,2023,0.5,202308020911,2023-10-29,2017103572|2019104998,4,400.0,0.0,-400.0,0
FIXED_A05,2023,0.5,202303030109,2023-11-04,2019106851|2019104735,4,400.0,0.0,-400.0,0
FIXED_A05,2023,0.5,202305050104,2023-11-04,2021109062|2021102897,4,400.0,0.0,-400.0,0
FIXED_A05,2023,0.5,202305050109,2023-11-04,2018101175|2019100764,4,400.0,0.0,-400.0,0
FIXED_A05,2023,0.5,202308030106,2023-11-04,2021103617|2021106155,4,400.0,0.0,-400.0,0
FIXED_A05,2023,0.5,202308030110,2023-11-04,2019101005|2019106632,4,400.0,0.0,-400.0,0
FIXED_A05,2023,0.5,202303030209,2023-11-05,2020102452|2020105798,4,400.0,0.0,-400.0,0
FIXED_A05,2023,0.5,202308030204,2023-11-05,2021103944|2021101745,4,400.0,0.0,-400.0,0
FIXED_A05,2023,0.5,202308030210,2023-11-05,2018105306,2,200.0,0.0,-200.0,0
FIXED_A05,2023,0.5,202303030305,2023-11-11,2021100409|2021104877,4,400.0,0.0,-400.0,0
FIXED_A05,2023,0.5,202303030310,2023-11-11,2017104234|2019103806,4,400.0,0.0,-400.0,0
FIXED_A05,2023,0.5,202305050309,2023-11-11,2021105111|2021106033,4,400.0,0.0,-400.0,0
FIXED_A05,2023,0.5,202308030309,2023-11-11,2017106032|2017105248,4,400.0,0.0,-400.0,0
FIXED_A05,2023,0.5,202308030312,2023-11-11,2018100008|2019104868,4,400.0,0.0,-400.0,0
FIXED_A05,2023,0.5,202303030401,2023-11-12,2021100239|2021102166,4,400.0,0.0,-400.0,0
FIXED_A05,2023,0.5,202303030409,2023-11-12,2021100610|2021104050,4,400.0,0.0,-400.0,0
FIXED_A05,2023,0.5,202303030411,2023-11-12,2016110103|2017103000,4,400.0,0.0,-400.0,0
FIXED_A05,2023,0.5,202308030411,2023-11-12,2018102715|2018105008,4,400.0,0.0,-400.0,0
FIXED_A05,2023,0.5,202303030502,2023-11-18,2021106082|2021105841,4,400.0,0.0,-400.0,0
FIXED_A05,2023,0.5,202303030610,2023-11-19,2019104538|2019105795,4,400.0,0.0,-400.0,0
FIXED_A05,2023,0.5,202305050604,2023-11-19,2021102152|2021104545,4,400.0,0.0,-400.0,0
FIXED_A05,2023,0.5,202305050605,2023-11-19,2021101148|2021102431,4,400.0,0.0,-400.0,0
FIXED_A05,2023,0.5,202305050612,2023-11-19,2018104603|2020106987,4,400.0,0.0,-400.0,0
FIXED_A05,2023,0.5,202308030611,2023-11-19,2019101348|2019100965,4,400.0,0.0,-400.0,0
FIXED_A05,2023,0.5,202305050705,2023-11-25,2021106088|2021103962,4,400.0,0.0,-400.0,0
FIXED_A05,2023,0.5,202305050707,2023-11-25,2019102219|2020105543,4,400.0,0.0,-400.0,0
FIXED_A05,2023,0.5,202305050708,2023-11-25,2017103912|2019103016,4,400.0,0.0,-400.0,0
FIXED_A05,2023,0.5,202308030708,2023-11-25,2019102568|2020110069,4,400.0,0.0,-400.0,0
FIXED_A05,2023,0.5,202308030710,2023-11-25,2018100474|2018105846,4,400.0,0.0,-400.0,0
FIXED_A05,2023,0.5,202308030804,2023-11-26,2021107194|2021102654,4,400.0,0.0,-400.0,0
FIXED_A05,2023,0.5,202308030805,2023-11-26,2020106131|2020101288,4,400.0,0.0,-400.0,0
FIXED_A05,2023,0.5,202308030810,2023-11-26,2017100461|2016106292,4,400.0,0.0,-400.0,0
FIXED_A05,2023,0.5,202306050106,2023-12-02,2021103324|2021107266,4,400.0,0.0,-400.0,0
FIXED_A05,2023,0.5,202306050112,2023-12-02,2019104868|2019102456,4,400.0,0.0,-400.0,0
FIXED_A05,2023,0.5,202307040104,2023-12-02,2021101525|2021102530,4,400.0,0.0,-400.0,0
FIXED_A05,2023,0.5,202307040109,2023-12-02,2017104262|2018100995,4,400.0,0.0,-400.0,0
FIXED_A05,2023,0.5,202306050203,2023-12-03,2021101178|2021101395,4,400.0,0.0,-400.0,0
FIXED_A05,2023,0.5,202306050205,2023-12-03,2021107302|2021104559,4,400.0,0.0,-400.0,0
FIXED_A05,2023,0.5,202306050210,2023-12-03,2019101736|2017103607,4,400.0,0.0,-400.0,0
FIXED_A05,2023,0.5,202307040308,2023-12-09,2019103663|2020105031,4,400.0,0.0,-400.0,0
FIXED_A05,2023,0.5,202307040311,2023-12-09,2015100744|2016110103,4,400.0,0.0,-400.0,0
FIXED_A05,2023,0.5,202309050308,2023-12-09,2019106334|2019100786,4,400.0,0.0,-400.0,0
FIXED_A05,2023,0.5,202306050407,2023-12-10,2021100361|2021103140,4,400.0,0.0,-400.0,0
FIXED_A05,2023,0.5,202306050411,2023-12-10,2017110120|2016106263,4,400.0,0.0,-400.0,0
FIXED_A05,2023,0.5,202307040404,2023-12-10,2021101598|2021100297,4,400.0,0.0,-400.0,0
FIXED_A05,2023,0.5,202307040409,2023-12-10,2018104511|2020105872,4,400.0,0.0,-400.0,0
FIXED_A05,2023,0.5,202309050404,2023-12-10,2021103006|2021104153,4,400.0,0.0,-400.0,0
FIXED_A05,2023,0.5,202306050503,2023-12-16,2021103673|2021104166,4,400.0,0.0,-400.0,0
FIXED_A05,2023,0.5,202306050511,2023-12-16,2017103201|2020102763,4,400.0,0.0,-400.0,0
FIXED_A05,2023,0.5,202307040501,2023-12-16,2021102916|2021102625,4,400.0,0.0,-400.0,0
FIXED_A05,2023,0.5,202307040507,2023-12-16,2019106014|2019110076,4,400.0,0.0,-400.0,0
FIXED_A05,2023,0.5,202306050605,2023-12-17,2021109025|2021106356,4,400.0,0.0,-400.0,0
FIXED_A05,2023,0.5,202306050606,2023-12-17,2021104969|2021104987,4,400.0,0.0,-400.0,0
FIXED_A05,2023,0.5,202307040604,2023-12-17,2021105046|2021102343,4,400.0,0.0,-400.0,0
FIXED_A05,2023,0.5,202307040611,2023-12-17,2018103116|2017104172,4,400.0,0.0,-400.0,0
FIXED_A05,2023,0.5,202309050602,2023-12-17,2021103294|2021101621,4,400.0,0.0,-400.0,0
FIXED_A05,2023,0.5,202306050705,2023-12-23,2021104201|2021103177,4,400.0,0.0,-400.0,0
FIXED_A05,2023,0.5,202306050709,2023-12-23,2020106695|2019101276,4,400.0,0.0,-400.0,0
FIXED_A05,2023,0.5,202309050703,2023-12-23,2021104999|2021102915,4,400.0,0.0,-400.0,0
FIXED_A05,2023,0.5,202309050706,2023-12-23,2021106918|2021103901,4,400.0,0.0,-400.0,0
FIXED_A05,2023,0.5,202309050710,2023-12-23,2018102087|2019103038,4,400.0,0.0,-400.0,0
FIXED_A05,2023,0.5,202309050801,2023-12-24,2021102778|2021103372,4,400.0,0.0,-400.0,0
FIXED_A05,2023,0.5,202309050806,2023-12-24,2021109097|2021103249,4,400.0,0.0,-400.0,0
FIXED_A05,2023,0.5,202306050911,2023-12-28,2021104756|2021106635,4,400.0,56240.0,55840.0,1
FIXED_A1,2023,1.0,202306010111,2023-01-05,2016102201|2016100763,4,400.0,0.0,-400.0,0
FIXED_A1,2023,1.0,202307010107,2023-01-05,2018101928|2017102191,4,400.0,0.0,-400.0,0
FIXED_A1,2023,1.0,202307010111,2023-01-05,2018104977|2014105589,4,400.0,0.0,-400.0,0
FIXED_A1,2023,1.0,202306010207,2023-01-07,2019103789|2019100051,4,400.0,0.0,-400.0,0
FIXED_A1,2023,1.0,202306010209,2023-01-07,2020101856|2020105939,4,400.0,0.0,-400.0,0
FIXED_A1,2023,1.0,202307010201,2023-01-07,2020100042|2020100701,4,400.0,0.0,-400.0,0
FIXED_A1,2023,1.0,202307010212,2023-01-07,2018104324|2019106615,4,400.0,0.0,-400.0,0
FIXED_A1,2023,1.0,202307010305,2023-01-08,2020105071|2020100426,4,400.0,0.0,-400.0,0
FIXED_A1,2023,1.0,202306010409,2023-01-09,2018105521|2016104987,4,400.0,0.0,-400.0,0
FIXED_A1,2023,1.0,202307010409,2023-01-09,2017103184|2018102386,4,400.0,0.0,-400.0,0
FIXED_A1,2023,1.0,202306010505,2023-01-14,2020101794|2020103327,4,400.0,0.0,-400.0,0
FIXED_A1,2023,1.0,202306010511,2023-01-14,2015105850|2017103295,4,400.0,0.0,-400.0,0
FIXED_A1,2023,1.0,202307010511,2023-01-14,2019106410|2017105613,4,400.0,0.0,-400.0,0
FIXED_A1,2023,1.0,202310010111,2023-01-14,2018103615,2,200.0,0.0,-200.0,0
FIXED_A1,2023,1.0,202307010602,2023-01-15,2020107165|2020106927,4,400.0,0.0,-400.0,0
FIXED_A1,2023,1.0,202310010205,2023-01-15,2020103149|2020103883,4,400.0,0.0,-400.0,0
FIXED_A1,2023,1.0,202310010209,2023-01-15,2018105873|2018100636,4,400.0,0.0,-400.0,0
FIXED_A1,2023,1.0,202306010706,2023-01-21,2020102282|2020107117,4,400.0,0.0,-400.0,0
FIXED_A1,2023,1.0,202306010709,2023-01-21,2017101816|2017105050,4,400.0,0.0,-400.0,0
FIXED_A1,2023,1.0,202307010703,2023-01-21,2020101677|2020100931,4,400.0,0.0,-400.0,0
FIXED_A1,2023,1.0,202310010310,2023-01-21,2019100677|2018105996,4,400.0,0.0,-400.0,0
FIXED_A1,2023,1.0,202306010810,2023-01-22,2017103291|2018110126,4,400.0,0.0,-400.0,0
FIXED_A1,2023,1.0,202310010405,2023-01-22,2020100913|2020104795,4,400.0,0.0,-400.0,0
FIXED_A1,2023,1.0,202310010410,2023-01-22,2018105260|2018105308,4,400.0,0.0,-400.0,0
FIXED_A1,2023,1.0,202310010411,2023-01-22,2016105601|2017102808,4,400.0,0.0,-400.0,0
FIXED_A1,2023,1.0,202305010106,2023-01-28,2020100195|2020105343,4,400.0,0.0,-400.0,0
FIXED_A1,2023,1.0,202307010904,2023-01-28,2020104566|2020103951,4,400.0,0.0,-400.0,0
FIXED_A1,2023,1.0,202307010911,2023-01-28,2018106697|2018103574,4,400.0,0.0,-400.0,0
FIXED_A1,2023,1.0,202307010912,2023-01-28,2018106701|2019102274,4,400.0,0.0,-400.0,0
FIXED_A1,2023,1.0,202310010509,2023-01-28,2017105636|2017101448,4,400.0,0.0,-400.0,0
FIXED_A1,2023,1.0,202310010511,2023-01-28,2018104239|2018106391,4,400.0,0.0,-400.0,0
FIXED_A1,2023,1.0,202310010611,2023-01-29,2017110041|2018104949,4,400.0,0.0,-400.0,0
FIXED_A1,2023,1.0,202305010306,2023-02-04,2020105077|2020104355,4,400.0,0.0,-400.0,0
FIXED_A1,2023,1.0,202310010704,2023-02-04,2018103204|2018105935,4,400.0,0.0,-400.0,0
FIXED_A1,2023,1.0,202305010403,2023-02-05,2020101341|2020104284,4,400.0,0.0,-400.0,0
FIXED_A1,2023,1.0,202307011209,2023-02-05,2018105763|2017106012,4,400.0,0.0,-400.0,0
FIXED_A1,2023,1.0,202310010809,2023-02-05,2017104724|2019106589,4,400.0,0.0,-400.0,0
FIXED_A1,2023,1.0,202310010810,2023-02-05,2019100800|2018101178,4,400.0,0.0,-400.0,0
FIXED_A1,2023,1.0,202305010511,2023-02-11,2020105836|2020104501,4,400.0,0.0,-400.0,0
FIXED_A1,2023,1.0,202310020108,2023-02-11,2018105030|2019100390,4,400.0,0.0,-400.0,0
FIXED_A1,2023,1.0,202310020110,2023-02-11,2018105873|2018106391,4,400.0,0.0,-400.0,0
FIXED_A1,2023,1.0,202305010604,2023-02-12,2020100546|2020100462,4,400.0,0.0,-400.0,0
FIXED_A1,2023,1.0,202305010607,2023-02-12,2020105645|2020105761,4,400.0,0.0,-400.0,0
FIXED_A1,2023,1.0,202309010209,2023-02-12,2018106443|2019101399,4,400.0,0.0,-400.0,0
FIXED_A1,2023,1.0,202310020206,2023-02-12,2019103915|2019103612,4,400.0,0.0,-400.0,0
FIXED_A1,2023,1.0,202310020211,2023-02-12,2017100367|2016104668,4,400.0,0.0,-400.0,0
FIXED_A1,2023,1.0,202309010308,2023-02-18,2020100931|2020110132,4,400.0,0.0,-400.0,0
FIXED_A1,2023,1.0,202309010311,2023-02-18,2019100765|2017105186,4,400.0,0.0,-400.0,0
FIXED_A1,2023,1.0,202310020311,2023-02-18,2018104250|2019104772,4,400.0,0.0,-400.0,0
FIXED_A1,2023,1.0,202309010404,2023-02-19,2020102172|2020103000,4,400.0,0.0,-400.0,0
FIXED_A1,2023,1.0,202310020411,2023-02-19,2019103422,2,200.0,0.0,-200.0,0
FIXED_A1,2023,1.0,202309010511,2023-02-25,2018104518,2,200.0,0.0,-200.0,0
FIXED_A1,2023,1.0,202310020503,2023-02-25,2019104096|2019106168,4,400.0,0.0,-400.0,0
FIXED_A1,2023,1.0,202310020511,2023-02-25,2017102390|2018101722,4,400.0,0.0,-400.0,0
FIXED_A1,2023,1.0,202310020512,2023-02-25,2019101469|2019105587,4,400.0,0.0,-400.0,0
FIXED_A1,2023,1.0,202309010608,2023-02-26,2017106302|2019105176,4,400.0,0.0,-400.0,0
FIXED_A1,2023,1.0,202310020609,2023-02-26,2019105208|2017106366,4,400.0,0.0,-400.0,0
FIXED_A1,2023,1.0,202310020610,2023-02-26,2015105451|2018103730,4,400.0,0.0,-400.0,0
FIXED_A1,2023,1.0,202306020307,2023-03-04,2020102849|2020105250,4,400.0,0.0,-400.0,0
FIXED_A1,2023,1.0,202306020310,2023-03-04,2017102676|2017104700,4,400.0,0.0,-400.0,0
FIXED_A1,2023,1.0,202306020311,2023-03-04,2015105850|2018104029,4,400.0,0.0,-400.0,0
FIXED_A1,2023,1.0,202309010712,2023-03-04,2019103236|2019105915,4,400.0,0.0,-400.0,0
FIXED_A1,2023,1.0,202306020409,2023-03-05,2017105495|2017105225,4,400.0,0.0,-400.0,0
FIXED_A1,2023,1.0,202306020412,2023-03-05,2017105287|2019102922,4,400.0,0.0,-400.0,0
FIXED_A1,2023,1.0,202309010811,2023-03-05,2015104724|2015106423,4,400.0,0.0,-400.0,0
FIXED_A1,2023,1.0,202306020508,2023-03-11,2019101615|2017101771,4,400.0,94360.0,93960.0,1
FIXED_A1,2023,1.0,202306020510,2023-03-11,2017102946|2017106087,4,400.0,0.0,-400.0,0
FIXED_A1,2023,1.0,202307020104,2023-03-11,2020101679|2020106900,4,400.0,0.0,-400.0,0
FIXED_A1,2023,1.0,202309010903,2023-03-11,2020106327|2020103531,4,400.0,0.0,-400.0,0
FIXED_A1,2023,1.0,202309010911,2023-03-11,2017103504|2017110120,4,400.0,0.0,-400.0,0
FIXED_A1,2023,1.0,202306020608,2023-03-12,2018104801|2019101906,4,400.0,0.0,-400.0,0
FIXED_A1,2023,1.0,202307020203,2023-03-12,2020100263|2020105068,4,400.0,0.0,-400.0,0
FIXED_A1,2023,1.0,202309011005,2023-03-12,2020104671|2020103918,4,400.0,0.0,-400.0,0
FIXED_A1,2023,1.0,202309011010,2023-03-12,2017101239|2018100443,4,400.0,0.0,-400.0,0
FIXED_A1,2023,1.0,202309011011,2023-03-12,2020110137|2020100686,4,400.0,0.0,-400.0,0
FIXED_A1,2023,1.0,202306020710,2023-03-18,2018105503|2017105602,4,400.0,0.0,-400.0,0
FIXED_A1,2023,1.0,202307020308,2023-03-18,2019109159|2017105643,4,400.0,0.0,-400.0,0
FIXED_A1,2023,1.0,202309011106,2023-03-18,2020104853|2020102559,4,400.0,0.0,-400.0,0
FIXED_A1,2023,1.0,202309011108,2023-03-18,2017104086|2019104385,4,400.0,0.0,-400.0,0
FIXED_A1,2023,1.0,202306020803,2023-03-19,2020105630|2020100290,4,400.0,0.0,-400.0,0
FIXED_A1,2023,1.0,202306020804,2023-03-19,2020102156|2020104960,4,400.0,0.0,-400.0,0
FIXED_A1,2023,1.0,202306020811,2023-03-19,2020103747|2020103500,4,400.0,0.0,-400.0,0
FIXED_A1,2023,1.0,202306020812,2023-03-19,2016104987|2017103008,4,400.0,0.0,-400.0,0
FIXED_A1,2023,1.0,202306030109,2023-03-25,2018102247|2017103291,4,400.0,0.0,-400.0,0
FIXED_A1,2023,1.0,202307020512,2023-03-25,2019100592|2019103261,4,400.0,0.0,-400.0,0
FIXED_A1,2023,1.0,202309020103,2023-03-25,2020101384|2020100243,4,400.0,0.0,-400.0,0
FIXED_A1,2023,1.0,202306030202,2023-03-26,2020105061|2020101484,4,400.0,0.0,-400.0,0
FIXED_A1,2023,1.0,202306030206,2023-03-26,2020100258|2020102855,4,400.0,0.0,-400.0,0
FIXED_A1,2023,1.0,202306030210,2023-03-26,2019105398|2019100935,4,400.0,0.0,-400.0,0
FIXED_A1,2023,1.0,202306030211,2023-03-26,2016104231|2016101745,4,400.0,0.0,-400.0,0
FIXED_A1,2023,1.0,202309020210,2023-03-26,2016104397|2018104917,4,400.0,0.0,-400.0,0
FIXED_A1,2023,1.0,202309020304,2023-04-01,2020105354|2020104504,4,400.0,0.0,-400.0,0
FIXED_A1,2023,1.0,202306030406,2023-04-02,2020102949|2020110053,4,400.0,0.0,-400.0,0
FIXED_A1,2023,1.0,202309020401,2023-04-02,2020100302|2020106009,4,400.0,0.0,-400.0,0
FIXED_A1,2023,1.0,202309020411,2023-04-02,2016100915|2018105074,4,400.0,0.0,-400.0,0
FIXED_A1,2023,1.0,202303010110,2023-04-08,2018103205|2018100636,4,400.0,0.0,-400.0,0
FIXED_A1,2023,1.0,202306030511,2023-04-08,2020102119,2,200.0,0.0,-200.0,0
FIXED_A1,2023,1.0,202309020504,2023-04-08,2020106855|2020101154,4,400.0,0.0,-400.0,0
FIXED_A1,2023,1.0,202309020510,2023-04-08,2016104397|2017101829,4,400.0,0.0,-400.0,0
FIXED_A1,2023,1.0,202306030609,2023-04-09,2018104611|2018105748,4,400.0,0.0,-400.0,0
FIXED_A1,2023,1.0,202303010307,2023-04-15,2019104299|2019107032,4,400.0,0.0,-400.0,0
FIXED_A1,2023,1.0,202303010308,2023-04-15,2017102855|2019100722,4,400.0,0.0,-400.0,0
FIXED_A1,2023,1.0,202303010309,2023-04-15,2020105897|2020103885,4,400.0,0.0,-400.0,0
FIXED_A1,2023,1.0,202303010311,2023-04-15,2019103246|2018102215,4,400.0,0.0,-400.0,0
FIXED_A1,2023,1.0,202306030705,2023-04-15,2020106387|2020101681,4,400.0,0.0,-400.0,0
FIXED_A1,2023,1.0,202306030708,2023-04-15,2018103205|2018102643,4,400.0,0.0,-400.0,0
FIXED_A1,2023,1.0,202306030709,2023-04-15,2020106415|2020100343,4,400.0,0.0,-400.0,0
FIXED_A1,2023,1.0,202303010409,2023-04-16,2019106179|2018110113,4,400.0,0.0,-400.0,0
FIXED_A1,2023,1.0,202306030810,2023-04-16,2015105850|2018104029,4,400.0,0.0,-400.0,0
FIXED_A1,2023,1.0,202306030812,2023-04-16,2019107033|2016105493,4,400.0,0.0,-400.0,0
FIXED_A1,2023,1.0,202309020804,2023-04-16,2020102275|2020104821,4,400.0,0.0,-400.0,0
FIXED_A1,2023,1.0,202309020805,2023-04-16,2020102195|2020102790,4,400.0,0.0,-400.0,0
FIXED_A1,2023,1.0,202309020812,2023-04-16,2019106103|2019102672,4,400.0,0.0,-400.0,0
FIXED_A1,2023,1.0,202303010504,2023-04-22,2018100297,2,200.0,0.0,-200.0,0
FIXED_A1,2023,1.0,202303010510,2023-04-22,2019105096|2018104985,4,400.0,0.0,-400.0,0
FIXED_A1,2023,1.0,202305020106,2023-04-22,2020105991|2020100823,4,400.0,0.0,-400.0,0
FIXED_A1,2023,1.0,202308010111,2023-04-22,2016104000|2017110088,4,400.0,0.0,-400.0,0
FIXED_A1,2023,1.0,202303010605,2023-04-23,2020104778|2020101287,4,400.0,0.0,-400.0,0
FIXED_A1,2023,1.0,202305020206,2023-04-23,2020106458|2020104099,4,400.0,0.0,-400.0,0
FIXED_A1,2023,1.0,202308010210,2023-04-23,2016102362|2015100533,4,400.0,0.0,-400.0,0
FIXED_A1,2023,1.0,202308010212,2023-04-23,2017104128|2018110118,4,400.0,0.0,-400.0,0
FIXED_A1,2023,1.0,202304010101,2023-04-29,2019102028|2016104963,4,400.0,0.0,-400.0,0
FIXED_A1,2023,1.0,202304010111,2023-04-29,2018104150|2019100735,4,400.0,0.0,-400.0,0
FIXED_A1,2023,1.0,202308010401,2023-04-30,2020100691|2020100270,4,400.0,0.0,-400.0,0
FIXED_A1,2023,1.0,202305020504,2023-05-06,2020106584|2020110142,4,400.0,0.0,-400.0,0
FIXED_A1,2023,1.0,202305020507,2023-05-06,2020105072|2020103575,4,400.0,0.0,-400.0,0
FIXED_A1,2023,1.0,202305020609,2023-05-07,2017104164|2018100389,4,400.0,0.0,-400.0,0
FIXED_A1,2023,1.0,202305020610,2023-05-07,2017105590|2016104632,4,400.0,0.0,-400.0,0
FIXED_A1,2023,1.0,202308010609,2023-05-07,2019107033|2017104698,4,400.0,0.0,-400.0,0
FIXED_A1,2023,1.0,202304010509,2023-05-13,2020107199|2020106343,4,400.0,0.0,-400.0,0
FIXED_A1,2023,1.0,202308010706,2023-05-13,2019103311|2019100548,4,400.0,0.0,-400.0,0
FIXED_A1,2023,1.0,202308010810,2023-05-14,2014100555|2017100005,4,400.0,0.0,-400.0,0
FIXED_A1,2023,1.0,202308010812,2023-05-14,2018103993|2015104047,4,400.0,0.0,-400.0,0
FIXED_A1,2023,1.0,202304010710,2023-05-20,2018104738|2019102937,4,400.0,0.0,-400.0,0
FIXED_A1,2023,1.0,202305020911,2023-05-20,2018100487|2019105448,4,400.0,0.0,-400.0,0
FIXED_A1,2023,1.0,202305020912,2023-05-20,2019102484|2018104640,4,400.0,0.0,-400.0,0
FIXED_A1,2023,1.0,202308010901,2023-05-20,2020100234|2020103967,4,400.0,0.0,-400.0,0
FIXED_A1,2023,1.0,202308010902,2023-05-20,2020100706|2020106927,4,400.0,0.0,-400.0,0
FIXED_A1,2023,1.0,202308010911,2023-05-20,2017106642|2019101666,4,400.0,0.0,-400.0,0
FIXED_A1,2023,1.0,202304010810,2023-05-21,2016101450|2018104149,4,400.0,0.0,-400.0,0
FIXED_A1,2023,1.0,202305021012,2023-05-21,2018105105|2016103294,4,400.0,0.0,-400.0,0
FIXED_A1,2023,1.0,202305021112,2023-05-27,2018101033|2016104444,4,400.0,0.0,-400.0,0
FIXED_A1,2023,1.0,202308011104,2023-05-27,2020110010|2020106734,4,400.0,0.0,-400.0,0
FIXED_A1,2023,1.0,202308011110,2023-05-27,2018101007|2018102087,4,400.0,0.0,-400.0,0
FIXED_A1,2023,1.0,202305021205,2023-05-28,2020105361|2020106166,4,400.0,0.0,-400.0,0
FIXED_A1,2023,1.0,202308011202,2023-05-28,2020110072|2020106675,4,400.0,0.0,-400.0,0
FIXED_A1,2023,1.0,202308011203,2023-05-28,2020104629|2020101049,4,400.0,0.0,-400.0,0
FIXED_A1,2023,1.0,202308011209,2023-05-28,2019102799|2019106104,4,400.0,0.0,-400.0,0
FIXED_A1,2023,1.0,202308011210,2023-05-28,2017104862|2018103238,4,400.0,0.0,-400.0,0
FIXED_A1,2023,1.0,202305030107,2023-06-03,2019104764|2019100755,4,400.0,0.0,-400.0,0
FIXED_A1,2023,1.0,202305030210,2023-06-04,2019103954|2018105833,4,400.0,0.0,-400.0,0
FIXED_A1,2023,1.0,202302010101,2023-06-10,2020106679|2020102877,4,400.0,0.0,-400.0,0
FIXED_A1,2023,1.0,202302010111,2023-06-10,2017104895|2019103120,4,400.0,0.0,-400.0,0
FIXED_A1,2023,1.0,202309030303,2023-06-10,2020105497|2020102354,4,400.0,0.0,-400.0,0
FIXED_A1,2023,1.0,202302010202,2023-06-11,2020106164|2020105954,4,400.0,0.0,-400.0,0
FIXED_A1,2023,1.0,202302010209,2023-06-11,2019101253|2020101284,4,400.0,0.0,-400.0,0
FIXED_A1,2023,1.0,202305030401,2023-06-11,2020106717|2020104189,4,400.0,0.0,-400.0,0
FIXED_A1,2023,1.0,202309030408,2023-06-11,2020102834|2019103123,4,400.0,0.0,-400.0,0
FIXED_A1,2023,1.0,202302010305,2023-06-17,2021106886|2021106943,4,400.0,0.0,-400.0,0
FIXED_A1,2023,1.0,202302010311,2023-06-17,2018103296|2017100660,4,400.0,0.0,-400.0,0
FIXED_A1,2023,1.0,202305030505,2023-06-17,2021100438|2021101253,4,400.0,0.0,-400.0,0
FIXED_A1,2023,1.0,202305030509,2023-06-17,2019106700|2016104152,4,400.0,0.0,-400.0,0
FIXED_A1,2023,1.0,202309030507,2023-06-17,2018104828|2019105214,4,400.0,0.0,-400.0,0
FIXED_A1,2023,1.0,202305030706,2023-06-24,2021106866|2021104712,4,400.0,0.0,-400.0,0
FIXED_A1,2023,1.0,202305030712,2023-06-24,2018110134|2018104578,4,400.0,0.0,-400.0,0
FIXED_A1,2023,1.0,202309030708,2023-06-24,2019104053|2019101446,4,400.0,0.0,-400.0,0
FIXED_A1,2023,1.0,202309030709,2023-06-24,2018104111|2018104503,4,400.0,0.0,-400.0,0
FIXED_A1,2023,1.0,202309030711,2023-06-24,2017106018|2017110067,4,400.0,0.0,-400.0,0
FIXED_A1,2023,1.0,202302010609,2023-06-25,2017105616|2018103377,4,400.0,0.0,-400.0,0
FIXED_A1,2023,1.0,202309030811,2023-06-25,2016110103|2016104618,4,400.0,0.0,-400.0,0
FIXED_A1,2023,1.0,202302020107,2023-07-01,2019103663|2019101753,4,400.0,0.0,-400.0,0
FIXED_A1,2023,1.0,202302020111,2023-07-01,2016100507|2014100555,4,400.0,0.0,-400.0,0
FIXED_A1,2023,1.0,202303020110,2023-07-01,2017104345|2019105337,4,400.0,0.0,-400.0,0
FIXED_A1,2023,1.0,202302020203,2023-07-02,2020106664|2020103949,4,400.0,0.0,-400.0,0
FIXED_A1,2023,1.0,202303020205,2023-07-02,2021106209|2021103128,4,400.0,0.0,-400.0,0
FIXED_A1,2023,1.0,202303020209,2023-07-02,2015103867|2018101817,4,400.0,0.0,-400.0,0
FIXED_A1,2023,1.0,202303020312,2023-07-08,2018103512|2017100426,4,400.0,0.0,-400.0,0
FIXED_A1,2023,1.0,202302020411,2023-07-09,2018104843|2019101736,4,400.0,0.0,-400.0,0
FIXED_A1,2023,1.0,202307030408,2023-07-09,2020101020|2019103278,4,400.0,0.0,-400.0,0
FIXED_A1,2023,1.0,202307030409,2023-07-09,2019106173|2020106534,4,400.0,0.0,-400.0,0
FIXED_A1,2023,1.0,202307030411,2023-07-09,2017106084|2016100546,4,400.0,0.0,-400.0,0
FIXED_A1,2023,1.0,202302020508,2023-07-15,2019104871|2019103200,4,400.0,0.0,-400.0,0
FIXED_A1,2023,1.0,202303020508,2023-07-15,2019102518|2019102892,4,400.0,0.0,-400.0,0
FIXED_A1,2023,1.0,202302020605,2023-07-16,2021105783|2021103376,4,400.0,0.0,-400.0,0
FIXED_A1,2023,1.0,202302020609,2023-07-16,2018106443|2019103537,4,400.0,0.0,-400.0,0
FIXED_A1,2023,1.0,202307030604,2023-07-16,2020106183|2020102794,4,400.0,0.0,-400.0,0
FIXED_A1,2023,1.0,202307030609,2023-07-16,2017100415|2017104985,4,400.0,0.0,-400.0,0
FIXED_A1,2023,1.0,202301010108,2023-07-22,2019101631|2020104171,4,400.0,0.0,-400.0,0
FIXED_A1,2023,1.0,202303020701,2023-07-22,2021107294|2021103343,4,400.0,0.0,-400.0,0
FIXED_A1,2023,1.0,202307030711,2023-07-22,2019100268|2017105054,4,400.0,0.0,-400.0,0
FIXED_A1,2023,1.0,202307030811,2023-07-23,2016100596|2019106670,4,400.0,0.0,-400.0,0
FIXED_A1,2023,1.0,202301010305,2023-07-29,2021103468|2021101891,4,400.0,0.0,-400.0,0
FIXED_A1,2023,1.0,202304020204,2023-07-30,2020100114|2020102068,4,400.0,0.0,-400.0,0
FIXED_A1,2023,1.0,202304020211,2023-07-30,2019103137|2019106151,4,400.0,0.0,-400.0,0
FIXED_A1,2023,1.0,202301010510,2023-08-05,2018105405|2018105323,4,400.0,0.0,-400.0,0
FIXED_A1,2023,1.0,202301010511,2023-08-05,2016105292|2016104549,4,400.0,0.0,-400.0,0
FIXED_A1,2023,1.0,202304020306,2023-08-05,2021104689|2021101601,4,400.0,0.0,-400.0,0
FIXED_A1,2023,1.0,202304020307,2023-08-05,2020106432|2020106699,4,400.0,0.0,-400.0,0
FIXED_A1,2023,1.0,202301010601,2023-08-06,2021106000|2021103571,4,400.0,0.0,-400.0,0
FIXED_A1,2023,1.0,202304020409,2023-08-06,2019103831|2019101999,4,400.0,0.0,-400.0,0
FIXED_A1,2023,1.0,202304020412,2023-08-06,2019103577|2019103020,4,400.0,0.0,-400.0,0
FIXED_A1,2023,1.0,202301020105,2023-08-12,2021100134|2021106221,4,400.0,0.0,-400.0,0
FIXED_A1,2023,1.0,202301020106,2023-08-12,2020102768|2020103931,4,400.0,0.0,-400.0,0
FIXED_A1,2023,1.0,202304030104,2023-08-12,2020101819|2020104653,4,400.0,0.0,-400.0,0
FIXED_A1,2023,1.0,202304030110,2023-08-12,2017101571|2018104603,4,400.0,0.0,-400.0,0
FIXED_A1,2023,1.0,202310030111,2023-08-12,2016101093|2018105545,4,400.0,0.0,-400.0,0
FIXED_A1,2023,1.0,202304030201,2023-08-13,2019104529|2019103565,4,400.0,0.0,-400.0,0
FIXED_A1,2023,1.0,202304030206,2023-08-13,2020104048|2020101239,4,400.0,0.0,-400.0,0
FIXED_A1,2023,1.0,202310030211,2023-08-13,2016103730|2018105074,4,400.0,0.0,-400.0,0
FIXED_A1,2023,1.0,202301020310,2023-08-19,2020104049|2020102269,4,400.0,0.0,-400.0,0
FIXED_A1,2023,1.0,202304030305,2023-08-19,2021104072|2021102283,4,400.0,0.0,-400.0,0
FIXED_A1,2023,1.0,202310030305,2023-08-19,2021100268,2,200.0,0.0,-200.0,0
FIXED_A1,2023,1.0,202301020406,2023-08-20,2020101677|2020102810,4,400.0,0.0,-400.0,0
FIXED_A1,2023,1.0,202301020411,2023-08-20,2019100596|2017101415,4,400.0,0.0,-400.0,0
FIXED_A1,2023,1.0,202304030405,2023-08-20,2021103371|2021104137,4,400.0,18400.0,18000.0,1
FIXED_A1,2023,1.0,202304030409,2023-08-20,2019100197|2016101650,4,400.0,0.0,-400.0,0
FIXED_A1,2023,1.0,202304030410,2023-08-20,2017103104|2018105338,4,400.0,0.0,-400.0,0
FIXED_A1,2023,1.0,202310030404,2023-08-20,2020104598|2020102983,4,400.0,0.0,-400.0,0
FIXED_A1,2023,1.0,202310030411,2023-08-20,2018100032|2019104108,4,400.0,0.0,-400.0,0
FIXED_A1,2023,1.0,202310030506,2023-08-26,2020106810|2020101622,4,400.0,0.0,-400.0,0
FIXED_A1,2023,1.0,202304030606,2023-08-27,2021101254|2021100988,4,400.0,0.0,-400.0,0
FIXED_A1,2023,1.0,202304030610,2023-08-27,2017103295|2015104347,4,400.0,0.0,-400.0,0
FIXED_A1,2023,1.0,202310030604,2023-08-27,2020109047|2020102794,4,400.0,0.0,-400.0,0
FIXED_A1,2023,1.0,202301020704,2023-09-02,2020100070|2020106917,4,400.0,0.0,-400.0,0
FIXED_A1,2023,1.0,202301020706,2023-09-02,2020105277|2019109047,4,400.0,0.0,-400.0,0
FIXED_A1,2023,1.0,202304030703,2023-09-02,2020101932|2020100552,4,400.0,0.0,-400.0,0
FIXED_A1,2023,1.0,202310030704,2023-09-02,2020104987|2020101862,4,400.0,0.0,-400.0,0
FIXED_A1,2023,1.0,202310030712,2023-09-02,2020105643|2019103237,4,400.0,0.0,-400.0,0
FIXED_A1,2023,1.0,202301020811,2023-09-03,2016104451|2016105292,4,400.0,0.0,-400.0,0
FIXED_A1,2023,1.0,202304030805,2023-09-03,2021100660|2021104488,4,400.0,0.0,-400.0,0
FIXED_A1,2023,1.0,202304030806,2023-09-03,2021109085|2021104898,4,400.0,0.0,-400.0,0
FIXED_A1,2023,1.0,202310030806,2023-09-03,2020100593|2020102750,4,400.0,0.0,-400.0,0
FIXED_A1,2023,1.0,202310030807,2023-09-03,2018103200|2018110113,4,400.0,0.0,-400.0,0
FIXED_A1,2023,1.0,202310030809,2023-09-03,2017100922|2018106391,4,400.0,0.0,-400.0,0
FIXED_A1,2023,1.0,202310030810,2023-09-03,2015101320|2018101007,4,400.0,0.0,-400.0,0
FIXED_A1,2023,1.0,202306040111,2023-09-09,2020105656|2020105496,4,400.0,0.0,-400.0,0
FIXED_A1,2023,1.0,202309040211,2023-09-10,2019103422|2018104331,4,400.0,0.0,-400.0,0
FIXED_A1,2023,1.0,202306040408,2023-09-17,2020103305|2020102561,4,400.0,0.0,-400.0,0
FIXED_A1,2023,1.0,202306040410,2023-09-17,2019100787|2019104159,4,400.0,0.0,-400.0,0
FIXED_A1,2023,1.0,202309040410,2023-09-17,2018100397|2017106264,4,400.0,0.0,-400.0,0
FIXED_A1,2023,1.0,202309040509,2023-09-18,2020102880|2020104919,4,400.0,0.0,-400.0,0
FIXED_A1,2023,1.0,202306040603,2023-09-23,2021102456,2,200.0,0.0,-200.0,0
FIXED_A1,2023,1.0,202309040605,2023-09-23,2021102245|2021101216,4,400.0,0.0,-400.0,0
FIXED_A1,2023,1.0,202306040805,2023-09-30,2021102686|2021102411,4,400.0,0.0,-400.0,0
FIXED_A1,2023,1.0,202306040807,2023-09-30,2020102949|2018101369,4,400.0,0.0,-400.0,0
FIXED_A1,2023,1.0,202306040810,2023-09-30,2018103485|2020102535,4,400.0,0.0,-400.0,0
FIXED_A1,2023,1.0,202309040912,2023-10-01,2019103246|2018104208,4,400.0,0.0,-400.0,0
FIXED_A1,2023,1.0,202305040106,2023-10-07,2021102449|2021102560,4,400.0,0.0,-400.0,0
FIXED_A1,2023,1.0,202308020101,2023-10-07,2021102631|2021105920,4,400.0,0.0,-400.0,0
FIXED_A1,2023,1.0,202308020110,2023-10-07,2018105311|2016105060,4,400.0,0.0,-400.0,0
FIXED_A1,2023,1.0,202305040210,2023-10-08,2017104164|2017104056,4,400.0,0.0,-400.0,0
FIXED_A1,2023,1.0,202308020203,2023-10-08,2021109116|2021100859,4,400.0,0.0,-400.0,0
FIXED_A1,2023,1.0,202308020208,2023-10-08,2019105430|2019105404,4,400.0,0.0,-400.0,0
FIXED_A1,2023,1.0,202308020210,2023-10-08,2018103615|2019103038,4,400.0,0.0,-400.0,0
FIXED_A1,2023,1.0,202305040305,2023-10-09,2021100149,2,200.0,0.0,-200.0,0
FIXED_A1,2023,1.0,202305040307,2023-10-09,2020104634|2018105322,4,400.0,0.0,-400.0,0
FIXED_A1,2023,1.0,202305040310,2023-10-09,2018102172|2016104656,4,400.0,0.0,-400.0,0
FIXED_A1,2023,1.0,202304040101,2023-10-14,2018103063|2017101109,4,400.0,0.0,-400.0,0
FIXED_A1,2023,1.0,202304040109,2023-10-14,2020104478|2020103578,4,400.0,0.0,-400.0,0
FIXED_A1,2023,1.0,202305040408,2023-10-14,2020106767|2020102921,4,400.0,0.0,-400.0,0
FIXED_A1,2023,1.0,202305040411,2023-10-14,2018104011|2018104947,4,400.0,0.0,-400.0,0
FIXED_A1,2023,1.0,202308020404,2023-10-14,2021106091|2021106180,4,400.0,0.0,-400.0,0
FIXED_A1,2023,1.0,202304040208,2023-10-15,2020100055|2019106714,4,400.0,0.0,-400.0,0
FIXED_A1,2023,1.0,202305040510,2023-10-15,2015110028|2018105423,4,400.0,0.0,-400.0,0
FIXED_A1,2023,1.0,202308020505,2023-10-15,2021106359|2021100970,4,400.0,0.0,-400.0,0
FIXED_A1,2023,1.0,202308020511,2023-10-15,2020102378|2020103009,4,400.0,0.0,-400.0,0
FIXED_A1,2023,1.0,202305040605,2023-10-21,2021106954|2021105174,4,400.0,0.0,-400.0,0
FIXED_A1,2023,1.0,202305040610,2023-10-21,2017100451|2019100876,4,400.0,0.0,-400.0,0
FIXED_A1,2023,1.0,202308020604,2023-10-21,2021102299|2021104446,4,400.0,0.0,-400.0,0
FIXED_A1,2023,1.0,202304040412,2023-10-22,2018100773|2020101737,4,400.0,0.0,-400.0,0
FIXED_A1,2023,1.0,202305040705,2023-10-22,2021106807|2021102381,4,400.0,0.0,-400.0,0
FIXED_A1,2023,1.0,202305040710,2023-10-22,2019100547|2018102172,4,400.0,0.0,-400.0,0
FIXED_A1,2023,1.0,202308020704,2023-10-22,2021106003|2021106521,4,400.0,0.0,-400.0,0
FIXED_A1,2023,1.0,202308020706,2023-10-22,2020105897|2020103292,4,400.0,0.0,-400.0,0
FIXED_A1,2023,1.0,202308020711,2023-10-22,2020103496|2020103333,4,400.0,0.0,-400.0,0
FIXED_A1,2023,1.0,202304040510,2023-10-28,2017101777|2018103620,4,400.0,0.0,-400.0,0
FIXED_A1,2023,1.0,202304040609,2023-10-29,2018103928|2018106352,4,400.0,0.0,-400.0,0
FIXED_A1,2023,1.0,202304040611,2023-10-29,2018104041|2015105276,4,400.0,0.0,-400.0,0
FIXED_A1,2023,1.0,202305040901,2023-10-29,2021100784|2021100931,4,400.0,0.0,-400.0,0
FIXED_A1,2023,1.0,202305040904,2023-10-29,2021102639|2021103111,4,400.0,0.0,-400.0,0
FIXED_A1,2023,1.0,202305040912,2023-10-29,2018103147|2019110103,4,400.0,0.0,-400.0,0
FIXED_A1,2023,1.0,202308020910,2023-10-29,2016104998|2017101915,4,400.0,0.0,-400.0,0
FIXED_A1,2023,1.0,202308020911,2023-10-29,2017103572|2019104998,4,400.0,0.0,-400.0,0
FIXED_A1,2023,1.0,202303030109,2023-11-04,2019106851|2019104735,4,400.0,0.0,-400.0,0
FIXED_A1,2023,1.0,202305050104,2023-11-04,2021109062|2021102897,4,400.0,0.0,-400.0,0
FIXED_A1,2023,1.0,202305050109,2023-11-04,2018101175|2019100764,4,400.0,0.0,-400.0,0
FIXED_A1,2023,1.0,202308030106,2023-11-04,2021103617|2021106155,4,400.0,0.0,-400.0,0
FIXED_A1,2023,1.0,202308030110,2023-11-04,2019101005|2019106632,4,400.0,0.0,-400.0,0
FIXED_A1,2023,1.0,202303030209,2023-11-05,2020102452|2020105798,4,400.0,0.0,-400.0,0
FIXED_A1,2023,1.0,202308030204,2023-11-05,2021103944|2021101745,4,400.0,0.0,-400.0,0
FIXED_A1,2023,1.0,202308030210,2023-11-05,2018105306,2,200.0,0.0,-200.0,0
FIXED_A1,2023,1.0,202303030305,2023-11-11,2021100409|2021104877,4,400.0,0.0,-400.0,0
FIXED_A1,2023,1.0,202303030310,2023-11-11,2017104234|2019103806,4,400.0,0.0,-400.0,0
FIXED_A1,2023,1.0,202305050309,2023-11-11,2021105111|2021106033,4,400.0,0.0,-400.0,0
FIXED_A1,2023,1.0,202308030309,2023-11-11,2017106032|2017105248,4,400.0,0.0,-400.0,0
FIXED_A1,2023,1.0,202308030312,2023-11-11,2018100008|2019104868,4,400.0,0.0,-400.0,0
FIXED_A1,2023,1.0,202303030401,2023-11-12,2021100239|2021102166,4,400.0,0.0,-400.0,0
FIXED_A1,2023,1.0,202303030409,2023-11-12,2021100610|2021104050,4,400.0,0.0,-400.0,0
FIXED_A1,2023,1.0,202303030411,2023-11-12,2016110103|2017103000,4,400.0,0.0,-400.0,0
FIXED_A1,2023,1.0,202308030411,2023-11-12,2018102715|2018105008,4,400.0,0.0,-400.0,0
FIXED_A1,2023,1.0,202303030502,2023-11-18,2021106082|2021105841,4,400.0,0.0,-400.0,0
FIXED_A1,2023,1.0,202303030610,2023-11-19,2019105795|2019104607,4,400.0,0.0,-400.0,0
FIXED_A1,2023,1.0,202305050604,2023-11-19,2021102152|2021104545,4,400.0,0.0,-400.0,0
FIXED_A1,2023,1.0,202305050605,2023-11-19,2021101148|2021102431,4,400.0,0.0,-400.0,0
FIXED_A1,2023,1.0,202305050612,2023-11-19,2018104603|2020106987,4,400.0,0.0,-400.0,0
FIXED_A1,2023,1.0,202308030611,2023-11-19,2019101348|2019103034,4,400.0,0.0,-400.0,0
FIXED_A1,2023,1.0,202305050705,2023-11-25,2021106088|2021103962,4,400.0,0.0,-400.0,0
FIXED_A1,2023,1.0,202305050707,2023-11-25,2019102219|2020105543,4,400.0,0.0,-400.0,0
FIXED_A1,2023,1.0,202305050708,2023-11-25,2017103912|2019103016,4,400.0,0.0,-400.0,0
FIXED_A1,2023,1.0,202308030708,2023-11-25,2019102568|2020110069,4,400.0,0.0,-400.0,0
FIXED_A1,2023,1.0,202308030710,2023-11-25,2018100474|2018105846,4,400.0,0.0,-400.0,0
FIXED_A1,2023,1.0,202308030804,2023-11-26,2021107194|2021102654,4,400.0,0.0,-400.0,0
FIXED_A1,2023,1.0,202308030805,2023-11-26,2020106131|2020101288,4,400.0,0.0,-400.0,0
FIXED_A1,2023,1.0,202308030810,2023-11-26,2017100461|2016106292,4,400.0,0.0,-400.0,0
FIXED_A1,2023,1.0,202306050106,2023-12-02,2021103324|2021107266,4,400.0,0.0,-400.0,0
FIXED_A1,2023,1.0,202306050112,2023-12-02,2019104868|2019102456,4,400.0,0.0,-400.0,0
FIXED_A1,2023,1.0,202307040104,2023-12-02,2021101525|2021102530,4,400.0,0.0,-400.0,0
FIXED_A1,2023,1.0,202307040109,2023-12-02,2017104262|2018100995,4,400.0,0.0,-400.0,0
FIXED_A1,2023,1.0,202306050203,2023-12-03,2021101178|2021101266,4,400.0,0.0,-400.0,0
FIXED_A1,2023,1.0,202306050205,2023-12-03,2021107302|2021104559,4,400.0,0.0,-400.0,0
FIXED_A1,2023,1.0,202306050210,2023-12-03,2019101736|2017103607,4,400.0,0.0,-400.0,0
FIXED_A1,2023,1.0,202307040308,2023-12-09,2019103663|2020104261,4,400.0,0.0,-400.0,0
FIXED_A1,2023,1.0,202307040311,2023-12-09,2015100744|2016110103,4,400.0,0.0,-400.0,0
FIXED_A1,2023,1.0,202309050308,2023-12-09,2019106334|2020106849,4,400.0,0.0,-400.0,0
FIXED_A1,2023,1.0,202306050407,2023-12-10,2021100361|2021102391,4,400.0,0.0,-400.0,0
FIXED_A1,2023,1.0,202306050411,2023-12-10,2017110120|2016106263,4,400.0,0.0,-400.0,0
FIXED_A1,2023,1.0,202307040404,2023-12-10,2021101598|2021100297,4,400.0,0.0,-400.0,0
FIXED_A1,2023,1.0,202307040409,2023-12-10,2018104511|2020105872,4,400.0,0.0,-400.0,0
FIXED_A1,2023,1.0,202309050404,2023-12-10,2021101790|2021103006,4,400.0,0.0,-400.0,0
FIXED_A1,2023,1.0,202306050503,2023-12-16,2021103673|2021104166,4,400.0,0.0,-400.0,0
FIXED_A1,2023,1.0,202306050511,2023-12-16,2017103201|2020102763,4,400.0,0.0,-400.0,0
FIXED_A1,2023,1.0,202307040501,2023-12-16,2021102916|2021102625,4,400.0,0.0,-400.0,0
FIXED_A1,2023,1.0,202307040507,2023-12-16,2019106014|2019110076,4,400.0,0.0,-400.0,0
FIXED_A1,2023,1.0,202306050605,2023-12-17,2021109025|2021106356,4,400.0,0.0,-400.0,0
FIXED_A1,2023,1.0,202306050606,2023-12-17,2021104969|2021104987,4,400.0,0.0,-400.0,0
FIXED_A1,2023,1.0,202307040604,2023-12-17,2021102343|2021105046,4,400.0,0.0,-400.0,0
FIXED_A1,2023,1.0,202307040611,2023-12-17,2018103116|2017106084,4,400.0,0.0,-400.0,0
FIXED_A1,2023,1.0,202309050602,2023-12-17,2021103294|2021101621,4,400.0,0.0,-400.0,0
FIXED_A1,2023,1.0,202306050705,2023-12-23,2021104201|2021103177,4,400.0,0.0,-400.0,0
FIXED_A1,2023,1.0,202306050709,2023-12-23,2020106695|2019101276,4,400.0,0.0,-400.0,0
FIXED_A1,2023,1.0,202309050703,2023-12-23,2021104999|2021102915,4,400.0,0.0,-400.0,0
FIXED_A1,2023,1.0,202309050706,2023-12-23,2021106918|2021103901,4,400.0,0.0,-400.0,0
FIXED_A1,2023,1.0,202309050710,2023-12-23,2018102087|2019103038,4,400.0,0.0,-400.0,0
FIXED_A1,2023,1.0,202309050801,2023-12-24,2021102778|2021103372,4,400.0,0.0,-400.0,0
FIXED_A1,2023,1.0,202309050806,2023-12-24,2021109097|2021103249,4,400.0,0.0,-400.0,0
FIXED_A1,2023,1.0,202306050911,2023-12-28,2021104756|2021106635,4,400.0,56240.0,55840.0,1
WF_SELECTED,2024,0.0,202406010104,2024-01-06,2021103169|2021103109,4,400.0,0.0,-400.0,0
WF_SELECTED,2024,0.0,202408010104,2024-01-06,2021106054|2021102083,4,400.0,0.0,-400.0,0
WF_SELECTED,2024,0.0,202408010111,2024-01-06,2018105020|2016103884,4,400.0,0.0,-400.0,0
WF_SELECTED,2024,0.0,202406010202,2024-01-07,2021101204|2021100005,4,400.0,0.0,-400.0,0
WF_SELECTED,2024,0.0,202406010206,2024-01-07,2021105738|2021101988,4,400.0,0.0,-400.0,0
WF_SELECTED,2024,0.0,202406010208,2024-01-07,2019102953|2020104354,4,400.0,0.0,-400.0,0
WF_SELECTED,2024,0.0,202406010210,2024-01-07,2018104059|2015103217,4,400.0,0.0,-400.0,0
WF_SELECTED,2024,0.0,202406010304,2024-01-08,2021100052|2021104863,4,400.0,0.0,-400.0,0
WF_SELECTED,2024,0.0,202406010311,2024-01-08,2019100450|2015104699,4,400.0,0.0,-400.0,0
WF_SELECTED,2024,0.0,202406010312,2024-01-08,2018102148|2019104842,4,400.0,0.0,-400.0,0
WF_SELECTED,2024,0.0,202408010303,2024-01-08,2021104227|2021101585,4,400.0,0.0,-400.0,0
WF_SELECTED,2024,0.0,202408010305,2024-01-08,2021102503|2021110082,4,400.0,0.0,-400.0,0
WF_SELECTED,2024,0.0,202408010311,2024-01-08,2021103080|2021103210,4,400.0,0.0,-400.0,0
WF_SELECTED,2024,0.0,202406010407,2024-01-13,2020101112|2020105282,4,400.0,0.0,-400.0,0
WF_SELECTED,2024,0.0,202406010411,2024-01-13,2018110043|2019101889,4,400.0,0.0,-400.0,0
WF_SELECTED,2024,0.0,202408010404,2024-01-13,2021102618|2021103154,4,400.0,0.0,-400.0,0
WF_SELECTED,2024,0.0,202408010411,2024-01-13,2019102576|2018102360,4,400.0,0.0,-400.0,0
WF_SELECTED,2024,0.0,202408010412,2024-01-13,2020100997|2019105777,4,400.0,0.0,-400.0,0
WF_SELECTED,2024,0.0,202410010109,2024-01-13,2018100185|2019105073,4,400.0,0.0,-400.0,0
WF_SELECTED,2024,0.0,202408010503,2024-01-14,2021106151|2021103197,4,400.0,0.0,-400.0,0
WF_SELECTED,2024,0.0,202408010505,2024-01-14,2021104427,2,200.0,0.0,-200.0,0
WF_SELECTED,2024,0.0,202408010506,2024-01-14,2021100690|2021101680,4,400.0,0.0,-400.0,0
WF_SELECTED,2024,0.0,202410010210,2024-01-14,2019106739|2019105498,4,400.0,0.0,-400.0,0
WF_SELECTED,2024,0.0,202406010603,2024-01-20,2021103383|2021105250,4,400.0,0.0,-400.0,0
WF_SELECTED,2024,0.0,202406010604,2024-01-20,2021102307|2021103530,4,400.0,0.0,-400.0,0
WF_SELECTED,2024,0.0,202406010612,2024-01-20,2019106416|2019105570,4,400.0,0.0,-400.0,0
WF_SELECTED,2024,0.0,202408010603,2024-01-20,2021103932|2021105949,4,400.0,0.0,-400.0,0
WF_SELECTED,2024,0.0,202408010605,2024-01-20,2021105013|2021103069,4,400.0,0.0,-400.0,0
WF_SELECTED,2024,0.0,202410010312,2024-01-20,2020104415|2020100305,4,400.0,0.0,-400.0,0
WF_SELECTED,2024,0.0,202406010706,2024-01-21,2021103037|2021100957,4,400.0,0.0,-400.0,0
WF_SELECTED,2024,0.0,202406010710,2024-01-21,2018101075|2019105604,4,400.0,0.0,-400.0,0
WF_SELECTED,2024,0.0,202408010702,2024-01-21,2021103928|2021104406,4,400.0,0.0,-400.0,0
WF_SELECTED,2024,0.0,202408010705,2024-01-21,2021106752|2021100739,4,400.0,0.0,-400.0,0
WF_SELECTED,2024,0.0,202408010711,2024-01-21,2020104239|2018104059,4,400.0,0.0,-400.0,0
WF_SELECTED,2024,0.0,202410010405,2024-01-21,2021106333|2021105165,4,400.0,0.0,-400.0,0
WF_SELECTED,2024,0.0,202410010407,2024-01-21,2021105178|2021101686,4,400.0,0.0,-400.0,0
WF_SELECTED,2024,0.0,202410010409,2024-01-21,2020110068|2019101643,4,400.0,11560.0,11160.0,1
WF_SELECTED,2024,0.0,202405010109,2024-01-27,2018102666|2018103150,4,400.0,0.0,-400.0,0
WF_SELECTED,2024,0.0,202408020104,2024-01-27,2021104209|2021106720,4,400.0,0.0,-400.0,0
WF_SELECTED,2024,0.0,202408020112,2024-01-27,2019105777|2020102329,4,400.0,0.0,-400.0,0
WF_SELECTED,2024,0.0,202410010508,2024-01-27,2019105262|2015105573,4,400.0,0.0,-400.0,0
WF_SELECTED,2024,0.0,202410010510,2024-01-27,2019103017|2019109109,4,400.0,0.0,-400.0,0
WF_SELECTED,2024,0.0,202410010512,2024-01-27,2020103588|2020102507,4,400.0,0.0,-400.0,0
WF_SELECTED,2024,0.0,202405010202,2024-01-28,2021100734|2021103720,4,400.0,0.0,-400.0,0
WF_SELECTED,2024,0.0,202405010205,2024-01-28,2021102104|2021105225,4,400.0,0.0,-400.0,0
WF_SELECTED,2024,0.0,202408020205,2024-01-28,2021102835|2021105002,4,400.0,0.0,-400.0,0
WF_SELECTED,2024,0.0,202408020210,2024-01-28,2017105408|2020103101,4,400.0,0.0,-400.0,0
WF_SELECTED,2024,0.0,202408020211,2024-01-28,2020101678|2019110001,4,400.0,0.0,-400.0,0
WF_SELECTED,2024,0.0,202410010602,2024-01-28,2021100228|2021104057,4,400.0,0.0,-400.0,0
WF_SELECTED,2024,0.0,202410010605,2024-01-28,2021110018|2021107214,4,400.0,0.0,-400.0,0
WF_SELECTED,2024,0.0,202410010611,2024-01-28,2018106345|2018100025,4,400.0,0.0,-400.0,0
WF_SELECTED,2024,0.0,202408020304,2024-02-03,2021105146|2021103065,4,400.0,0.0,-400.0,0
WF_SELECTED,2024,0.0,202408020312,2024-02-03,2019103780|2020101764,4,400.0,0.0,-400.0,0
WF_SELECTED,2024,0.0,202410010708,2024-02-03,2018104857|2019102676,4,400.0,27090.0,26690.0,1
WF_SELECTED,2024,0.0,202405010403,2024-02-04,2021105034|2021100841,4,400.0,0.0,-400.0,0
WF_SELECTED,2024,0.0,202405010404,2024-02-04,2020102778|2020102962,4,400.0,0.0,-400.0,0
WF_SELECTED,2024,0.0,202405010405,2024-02-04,2021104154|2021103542,4,400.0,0.0,-400.0,0
WF_SELECTED,2024,0.0,202405010408,2024-02-04,2020104132|2019109138,4,400.0,0.0,-400.0,0
WF_SELECTED,2024,0.0,202405010411,2024-02-04,2019103973|2020103941,4,400.0,0.0,-400.0,0
WF_SELECTED,2024,0.0,202410010810,2024-02-04,2018105137|2018104517,4,400.0,0.0,-400.0,0
WF_SELECTED,2024,0.0,202405010502,2024-02-10,2021100714|2021103288,4,400.0,0.0,-400.0,0
WF_SELECTED,2024,0.0,202405010512,2024-02-10,2019104635,2,200.0,0.0,-200.0,0
WF_SELECTED,2024,0.0,202408020504,2024-02-10,2021102813|2021103844,4,400.0,0.0,-400.0,0
WF_SELECTED,2024,0.0,202408020508,2024-02-10,2020104960|2019103013,4,400.0,0.0,-400.0,0
WF_SELECTED,2024,0.0,202410020102,2024-02-10,2021101098|2021105768,4,400.0,0.0,-400.0,0
WF_SELECTED,2024,0.0,202410020112,2024-02-10,2019101833|2019101446,4,400.0,0.0,-400.0,0
WF_SELECTED,2024,0.0,202405010704,2024-02-17,2021102232|2021101219,4,400.0,0.0,-400.0,0
WF_SELECTED,2024,0.0,202408020704,2024-02-17,2021102593,2,200.0,0.0,-200.0,0
WF_SELECTED,2024,0.0,202408020708,2024-02-17,2020107142|2020101113,4,400.0,0.0,-400.0,0
WF_SELECTED,2024,0.0,202410020311,2024-02-17,2018104982|2019106684,4,400.0,0.0,-400.0,0
WF_SELECTED,2024,0.0,202410020312,2024-02-17,2020100795|2020102507,4,400.0,0.0,-400.0,0
WF_SELECTED,2024,0.0,202408020804,2024-02-18,2021102585|2021104210,4,400.0,0.0,-400.0,0
WF_SELECTED,2024,0.0,202410020410,2024-02-18,2019104738|2020102331,4,400.0,0.0,-400.0,0
WF_SELECTED,2024,0.0,202406020112,2024-02-24,2019102481|2018105383,4,400.0,0.0,-400.0,0
WF_SELECTED,2024,0.0,202410020507,2024-02-24,2019101920|2020102317,4,400.0,0.0,-400.0,0
WF_SELECTED,2024,0.0,202406020210,2024-02-25,2019100135|2018105317,4,400.0,0.0,-400.0,0
WF_SELECTED,2024,0.0,202406020211,2024-02-25,2019101782|2018104662,4,400.0,0.0,-400.0,0
WF_SELECTED,2024,0.0,202409010211,2024-02-25,2020103434|2017104172,4,400.0,0.0,-400.0,0
WF_SELECTED,2024,0.0,202409010212,2024-02-25,2019103013|2019103556,4,400.0,0.0,-400.0,0
WF_SELECTED,2024,0.0,202410020607,2024-02-25,2020102589|2020105189,4,400.0,0.0,-400.0,0
WF_SELECTED,2024,0.0,202410020707,2024-03-02,2021109052|2021107297,4,400.0,0.0,-400.0,0
WF_SELECTED,2024,0.0,202410020711,2024-03-02,2019103401|2019105073,4,400.0,0.0,-400.0,0
WF_SELECTED,2024,0.0,202410020810,2024-03-03,2018100378|2017101991,4,400.0,0.0,-400.0,0
WF_SELECTED,2024,0.0,202406020510,2024-03-09,2017102838|2018106345,4,400.0,0.0,-400.0,0
WF_SELECTED,2024,0.0,202406020511,2024-03-09,2019101629|2020106967,4,400.0,0.0,-400.0,0
WF_SELECTED,2024,0.0,202407010109,2024-03-09,2019103556|2019106608,4,400.0,0.0,-400.0,0
WF_SELECTED,2024,0.0,202407010211,2024-03-10,2020103275|2019106698,4,400.0,0.0,-400.0,0
WF_SELECTED,2024,0.0,202407010402,2024-03-17,2021101640|2021100424,4,400.0,0.0,-400.0,0
WF_SELECTED,2024,0.0,202406030112,2024-03-23,2018101625,2,200.0,0.0,-200.0,0
WF_SELECTED,2024,0.0,202406030206,2024-03-24,2021106722|2021103342,4,400.0,0.0,-400.0,0
WF_SELECTED,2024,0.0,202407010602,2024-03-24,2021104918|2021105701,4,400.0,0.0,-400.0,0
WF_SELECTED,2024,0.0,202407010612,2024-03-24,2019100569|2020105157,4,400.0,0.0,-400.0,0
WF_SELECTED,2024,0.0,202409020307,2024-03-30,2019100110|2019100786,4,400.0,0.0,-400.0,0
WF_SELECTED,2024,0.0,202409020411,2024-03-31,2019105155|2019104831,4,400.0,93050.0,92650.0,1
WF_SELECTED,2024,0.0,202403010110,2024-04-06,2020102391|2019106700,4,400.0,0.0,-400.0,0
WF_SELECTED,2024,0.0,202409020502,2024-04-06,2021106304|2021100726,4,400.0,0.0,-400.0,0
WF_SELECTED,2024,0.0,202403010210,2024-04-07,2019103274|2019102041,4,400.0,0.0,-400.0,0
WF_SELECTED,2024,0.0,202406030602,2024-04-07,2021100065|2021103017,4,400.0,0.0,-400.0,0
WF_SELECTED,2024,0.0,202406030611,2024-04-07,2018105877|2018102362,4,400.0,0.0,-400.0,0
WF_SELECTED,2024,0.0,202409020611,2024-04-07,2021103910|2021105757,4,400.0,0.0,-400.0,0
WF_SELECTED,2024,0.0,202406030712,2024-04-13,2018106597|2019101673,4,400.0,0.0,-400.0,0
WF_SELECTED,2024,0.0,202409020706,2024-04-13,2021100768|2021110099,4,400.0,0.0,-400.0,0
WF_SELECTED,2024,0.0,202406030805,2024-04-14,2021100410|2021102049,4,400.0,0.0,-400.0,0
WF_SELECTED,2024,0.0,202406030811,2024-04-14,2021104756|2021103272,4,400.0,0.0,-400.0,0
WF_SELECTED,2024,0.0,202409020809,2024-04-14,2020100958|2019105141,4,400.0,0.0,-400.0,0
WF_SELECTED,2024,0.0,202409020812,2024-04-14,2020101134|2019104448,4,400.0,0.0,-400.0,0
WF_SELECTED,2024,0.0,202403010509,2024-04-20,2020104824|2019106179,4,400.0,0.0,-400.0,0
WF_SELECTED,2024,0.0,202403010510,2024-04-20,2019104861|2017106689,4,400.0,0.0,-400.0,0
WF_SELECTED,2024,0.0,202403010511,2024-04-20,2020106966|2020104572,4,400.0,0.0,-400.0,0
WF_SELECTED,2024,0.0,202405020110,2024-04-20,2018102009|2020102378,4,400.0,0.0,-400.0,0
WF_SELECTED,2024,0.0,202405020112,2024-04-20,2019110123|2019103542,4,400.0,0.0,-400.0,0
WF_SELECTED,2024,0.0,202408030204,2024-04-21,2021101484|2021102648,4,400.0,0.0,-400.0,0
WF_SELECTED,2024,0.0,202405020311,2024-04-27,2021100947|2021103557,4,400.0,0.0,-400.0,0
WF_SELECTED,2024,0.0,202408030311,2024-04-27,2021105430|2021106625,4,400.0,0.0,-400.0,0
WF_SELECTED,2024,0.0,202408030312,2024-04-27,2019102824|2019103543,4,400.0,0.0,-400.0,0
WF_SELECTED,2024,0.0,202404010210,2024-04-28,2020102940|2019100938,4,400.0,0.0,-400.0,0
WF_SELECTED,2024,0.0,202404010211,2024-04-28,2019105775|2019106410,4,400.0,0.0,-400.0,0
WF_SELECTED,2024,0.0,202405020412,2024-04-28,2018101214|2019105510,4,400.0,0.0,-400.0,0
WF_SELECTED,2024,0.0,202408030410,2024-04-28,2018100141|2018102585,4,400.0,0.0,-400.0,0
WF_SELECTED,2024,0.0,202408030411,2024-04-28,2016104946|2020105834,4,400.0,0.0,-400.0,0
WF_SELECTED,2024,0.0,202404010309,2024-05-04,2021104074|2021104404,4,400.0,0.0,-400.0,0
WF_SELECTED,2024,0.0,202404010311,2024-05-04,2019101923|2019103976,4,400.0,0.0,-400.0,0
WF_SELECTED,2024,0.0,202404010312,2024-05-04,2020100305|2020103527,4,400.0,0.0,-400.0,0
WF_SELECTED,2024,0.0,202408030510,2024-05-04,2019101198|2019102490,4,400.0,0.0,-400.0,0
WF_SELECTED,2024,0.0,202404010407,2024-05-05,2019105404|2020100295,4,400.0,0.0,-400.0,0
WF_SELECTED,2024,0.0,202404010411,2024-05-05,2019106670|2016106606,4,400.0,0.0,-400.0,0
WF_SELECTED,2024,0.0,202405020605,2024-05-05,2021103017|2021102221,4,400.0,0.0,-400.0,0
WF_SELECTED,2024,0.0,202408030606,2024-05-05,2021105569|2021106610,4,400.0,0.0,-400.0,0
WF_SELECTED,2024,0.0,202405020810,2024-05-12,2017102043|2019101325,4,400.0,0.0,-400.0,0
WF_SELECTED,2024,0.0,202405020812,2024-05-12,2018102666|2019105555,4,400.0,0.0,-400.0,0
WF_SELECTED,2024,0.0,202408030810,2024-05-12,2018103590|2020103450,4,400.0,0.0,-400.0,0
WF_SELECTED,2024,0.0,202408030812,2024-05-12,2019106868|2020100960,4,400.0,0.0,-400.0,0
WF_SELECTED,2024,0.0,202405020911,2024-05-18,2019106698|2020102194,4,400.0,0.0,-400.0,0
WF_SELECTED,2024,0.0,202408030904,2024-05-18,2021101284|2021103249,4,400.0,0.0,-400.0,0
WF_SELECTED,2024,0.0,202408030909,2024-05-18,2021105528|2021102952,4,400.0,0.0,-400.0,0
WF_SELECTED,2024,0.0,202404010808,2024-05-19,2020102591|2020102767,4,400.0,0.0,-400.0,0
WF_SELECTED,2024,0.0,202404010810,2024-05-19,2019101680|2019100898,4,400.0,0.0,-400.0,0
WF_SELECTED,2024,0.0,202405021006,2024-05-19,2016102333|2020105245,4,400.0,0.0,-400.0,0
WF_SELECTED,2024,0.0,202405021011,2024-05-19,2021105541|2021103910,4,400.0,0.0,-400.0,0
WF_SELECTED,2024,0.0,202405021109,2024-05-25,2020100892|2020101134,4,400.0,0.0,-400.0,0
WF_SELECTED,2024,0.0,202408031110,2024-05-25,2020101020|2017102952,4,400.0,0.0,-400.0,0
WF_SELECTED,2024,0.0,202408031202,2024-05-26,2021102851,2,200.0,0.0,-200.0,0
WF_SELECTED,2024,0.0,202408031210,2024-05-26,2020102502|2019105345,4,400.0,0.0,-400.0,0
WF_SELECTED,2024,0.0,202408031212,2024-05-26,2019100653|2018105011,4,400.0,0.0,-400.0,0
WF_SELECTED,2024,0.0,202405030112,2024-06-01,2021106119|2018104014,4,400.0,0.0,-400.0,0
WF_SELECTED,2024,0.0,202408040109,2024-06-01,2017103278|2017100426,4,400.0,0.0,-400.0,0
WF_SELECTED,2024,0.0,202405030212,2024-06-02,2019106701|2020102814,4,400.0,0.0,-400.0,0
WF_SELECTED,2024,0.0,202408040212,2024-06-02,2020106593|2020106737,4,400.0,0.0,-400.0,0
WF_SELECTED,2024,0.0,202402010110,2024-06-08,2018106314|2020106966,4,400.0,0.0,-400.0,0
WF_SELECTED,2024,0.0,202405030308,2024-06-08,2020103119|2020103520,4,400.0,0.0,-400.0,0
WF_SELECTED,2024,0.0,202408040303,2024-06-08,2021104101|2021104518,4,400.0,0.0,-400.0,0
WF_SELECTED,2024,0.0,202402010201,2024-06-09,2021104933|2021103025,4,400.0,0.0,-400.0,0
WF_SELECTED,2024,0.0,202402010304,2024-06-15,2021106822|2021106812,4,400.0,0.0,-400.0,0
WF_SELECTED,2024,0.0,202405030607,2024-06-16,2020102207|2020106472,4,400.0,0.0,-400.0,0
WF_SELECTED,2024,0.0,202408040611,2024-06-16,2020100909|2018101943,4,400.0,0.0,-400.0,0
WF_SELECTED,2024,0.0,202408040707,2024-06-22,2020105914|2021102436,4,400.0,0.0,-400.0,0
WF_SELECTED,2024,0.0,202408040710,2024-06-22,2018105011|2020103393,4,400.0,0.0,-400.0,0
WF_SELECTED,2024,0.0,202405030810,2024-06-23,2020106396|2020101275,4,400.0,0.0,-400.0,0
WF_SELECTED,2024,0.0,202405030812,2024-06-23,2020105813|2021104313,4,400.0,0.0,-400.0,0
WF_SELECTED,2024,0.0,202402010703,2024-06-29,2021110166|2021101790,4,400.0,0.0,-400.0,0
WF_SELECTED,2024,0.0,202402010804,2024-06-30,2021110018|2021110146,4,400.0,0.0,-400.0,0
WF_SELECTED,2024,0.0,202403020205,2024-06-30,2022106769|2022103717,4,400.0,0.0,-400.0,0
WF_SELECTED,2024,0.0,202403020412,2024-07-07,2020106047|2019105476,4,400.0,0.0,-400.0,0
WF_SELECTED,2024,0.0,202401010111,2024-07-20,2019105347|2017100403,4,400.0,0.0,-400.0,0
WF_SELECTED,2024,0.0,202401010203,2024-07-21,2021110110|2021110081,4,400.0,0.0,-400.0,0
WF_SELECTED,2024,0.0,202410030809,2024-07-21,2020101893|2018105085,4,400.0,0.0,-400.0,0
WF_SELECTED,2024,0.0,202410030811,2024-07-21,2018101943|2019106670,4,400.0,0.0,-400.0,0
WF_SELECTED,2024,0.0,202404020102,2024-07-27,2022101817|2022101906,4,400.0,0.0,-400.0,0
WF_SELECTED,2024,0.0,202401010404,2024-07-28,2021106571|2021102785,4,400.0,0.0,-400.0,0
WF_SELECTED,2024,0.0,202404020211,2024-07-28,2021105237|2021101742,4,400.0,0.0,-400.0,0
WF_SELECTED,2024,0.0,202401010504,2024-08-03,2021105920|2021102035,4,400.0,0.0,-400.0,0
WF_SELECTED,2024,0.0,202401010506,2024-08-03,2021105385|2021106881,4,400.0,0.0,-400.0,0
WF_SELECTED,2024,0.0,202404020307,2024-08-03,2018103535|2019103586,4,400.0,0.0,-400.0,0
WF_SELECTED,2024,0.0,202401010609,2024-08-04,2020106966|2019101645,4,400.0,0.0,-400.0,0
WF_SELECTED,2024,0.0,202401010612,2024-08-04,2020102208|2021104481,4,400.0,0.0,-400.0,0
WF_SELECTED,2024,0.0,202404020406,2024-08-04,2019106870|2019103692,4,400.0,0.0,-400.0,0
WF_SELECTED,2024,0.0,202404020407,2024-08-04,2021106171|2021104445,4,400.0,0.0,-400.0,0
WF_SELECTED,2024,0.0,202401020109,2024-08-10,2020101337|2020104477,4,400.0,0.0,-400.0,0
WF_SELECTED,2024,0.0,202404030105,2024-08-10,2022106830|2022106302,4,400.0,0.0,-400.0,0
WF_SELECTED,2024,0.0,202401020204,2024-08-11,2021103030|2021105787,4,400.0,0.0,-400.0,0
WF_SELECTED,2024,0.0,202401020209,2024-08-11,2020100914|2019101714,4,400.0,0.0,-400.0,0
WF_SELECTED,2024,0.0,202404030202,2024-08-11,2021106099|2021101779,4,400.0,0.0,-400.0,0
WF_SELECTED,2024,0.0,202404030210,2024-08-11,2018101145|2020106706,4,400.0,0.0,-400.0,0
WF_SELECTED,2024,0.0,202407020206,2024-08-11,2021100223|2021104438,4,400.0,0.0,-400.0,0
WF_SELECTED,2024,0.0,202404030305,2024-08-17,2022100402|2022102734,4,400.0,0.0,-400.0,0
WF_SELECTED,2024,0.0,202404030306,2024-08-17,2022106785|2022106861,4,400.0,0.0,-400.0,0
WF_SELECTED,2024,0.0,202404030312,2024-08-17,2019103742|2020100620,4,400.0,0.0,-400.0,0
WF_SELECTED,2024,0.0,202407020305,2024-08-17,2022104165|2022105345,4,400.0,0.0,-400.0,0
WF_SELECTED,2024,0.0,202407020306,2024-08-17,2022103119|2022107357,4,400.0,0.0,-400.0,0
WF_SELECTED,2024,0.0,202401020410,2024-08-18,2019103897|2019104738,4,400.0,0.0,-400.0,0
WF_SELECTED,2024,0.0,202407020411,2024-08-18,2019105139|2020101897,4,400.0,0.0,-400.0,0
WF_SELECTED,2024,0.0,202407020505,2024-08-24,2022100993|2022107200,4,400.0,0.0,-400.0,0
WF_SELECTED,2024,0.0,202407020511,2024-08-24,2020101020|2020106770,4,400.0,0.0,-400.0,0
WF_SELECTED,2024,0.0,202401020611,2024-08-25,2019102979|2019100791,4,400.0,0.0,-400.0,0
WF_SELECTED,2024,0.0,202404030606,2024-08-25,2022107012|2022104923,4,400.0,0.0,-400.0,0
WF_SELECTED,2024,0.0,202407020606,2024-08-25,2021100703|2020100138,4,400.0,0.0,-400.0,0
WF_SELECTED,2024,0.0,202401020708,2024-08-31,2020103405|2019100702,4,400.0,0.0,-400.0,0
WF_SELECTED,2024,0.0,202407020706,2024-08-31,2022105791|2022106453,4,400.0,0.0,-400.0,0
WF_SELECTED,2024,0.0,202401020804,2024-09-01,2021102598|2021100226,4,400.0,0.0,-400.0,0
WF_SELECTED,2024,0.0,202401020811,2024-09-01,2018105293|2016104319,4,400.0,0.0,-400.0,0
WF_SELECTED,2024,0.0,202404030803,2024-09-01,2021102357|2021102342,4,400.0,0.0,-400.0,0
WF_SELECTED,2024,0.0,202407020806,2024-09-01,2021100407|2021105985,4,400.0,0.0,-400.0,0
WF_SELECTED,2024,0.0,202407020810,2024-09-01,2019100652|2014103963,4,400.0,0.0,-400.0,0
WF_SELECTED,2024,0.0,202406040104,2024-09-07,2022106926,2,200.0,0.0,-200.0,0
WF_SELECTED,2024,0.0,202407030108,2024-09-07,2018103200|2020101635,4,400.0,0.0,-400.0,0
WF_SELECTED,2024,0.0,202406040203,2024-09-08,2022105610|2022102042,4,400.0,0.0,-400.0,0
WF_SELECTED,2024,0.0,202406040306,2024-09-14,2017100141|2019101462,4,400.0,0.0,-400.0,0
WF_SELECTED,2024,0.0,202407030303,2024-09-14,2022103199|2022106715,4,400.0,0.0,-400.0,0
WF_SELECTED,2024,0.0,202407030306,2024-09-14,2019105542|2021104830,4,400.0,0.0,-400.0,0
WF_SELECTED,2024,0.0,202407030312,2024-09-14,2019105434|2021110075,4,400.0,0.0,-400.0,0
WF_SELECTED,2024,0.0,202406040406,2024-09-15,2021100825|2021101210,4,400.0,0.0,-400.0,0
WF_SELECTED,2024,0.0,202406040410,2024-09-15,2019103850|2019100215,4,400.0,0.0,-400.0,0
WF_SELECTED,2024,0.0,202407030410,2024-09-15,2020103393|2019105413,4,400.0,0.0,-400.0,0
WF_SELECTED,2024,0.0,202406040603,2024-09-21,2022102337|2022105883,4,400.0,0.0,-400.0,0
WF_SELECTED,2024,0.0,202406040612,2024-09-21,2018100595|2020102680,4,400.0,0.0,-400.0,0
WF_SELECTED,2024,0.0,202407030605,2024-09-21,2022101598|2022106635,4,400.0,0.0,-400.0,0
WF_SELECTED,2024,0.0,202407030607,2024-09-21,2021110145|2021101216,4,400.0,0.0,-400.0,0
WF_SELECTED,2024,0.0,202407030609,2024-09-21,2018100442|2018105096,4,400.0,0.0,-400.0,0
WF_SELECTED,2024,0.0,202407030611,2024-09-21,2019103920|2020100818,4,400.0,0.0,-400.0,0
WF_SELECTED,2024,0.0,202407030612,2024-09-21,2020103636|2019103824,4,400.0,0.0,-400.0,0
WF_SELECTED,2024,0.0,202406040704,2024-09-22,2022102651|2022103319,4,400.0,0.0,-400.0,0
WF_SELECTED,2024,0.0,202407030711,2024-09-22,2021105856|2021103272,4,400.0,0.0,-400.0,0
WF_SELECTED,2024,0.0,202406040810,2024-09-28,2019101266|2018100097,4,400.0,0.0,-400.0,0
WF_SELECTED,2024,0.0,202407030804,2024-09-28,2022101659|2022106565,4,400.0,0.0,-400.0,0
WF_SELECTED,2024,0.0,202406040905,2024-09-29,2022106831|2022105260,4,400.0,0.0,-400.0,0
WF_SELECTED,2024,0.0,202406040907,2024-09-29,2020102895|2021103518,4,400.0,0.0,-400.0,0
WF_SELECTED,2024,0.0,202406040911,2024-09-29,2020102764|2021107058,4,400.0,0.0,-400.0,0
WF_SELECTED,2024,0.0,202406040912,2024-09-29,2020101632|2017103575,4,400.0,0.0,-400.0,0
WF_SELECTED,2024,0.0,202407030903,2024-09-29,2022105795|2022101583,4,400.0,0.0,-400.0,0
WF_SELECTED,2024,0.0,202407030907,2024-09-29,2021104948|2021105528,4,400.0,0.0,-400.0,0
WF_SELECTED,2024,0.0,202404040105,2024-10-05,2022107099|2022104787,4,400.0,0.0,-400.0,0
WF_SELECTED,2024,0.0,202404040108,2024-10-05,2020105327|2019102736,4,400.0,0.0,-400.0,0
WF_SELECTED,2024,0.0,202405040104,2024-10-05,2022105115|2022105234,4,400.0,0.0,-400.0,0
WF_SELECTED,2024,0.0,202408050104,2024-10-05,2022105630,2,200.0,0.0,-200.0,0
WF_SELECTED,2024,0.0,202408050105,2024-10-05,2022100210|2022103188,4,400.0,0.0,-400.0,0
WF_SELECTED,2024,0.0,202408050111,2024-10-05,2018102281|2019105968,4,400.0,0.0,-400.0,0
WF_SELECTED,2024,0.0,202405040210,2024-10-06,2019100167|2020106884,4,400.0,0.0,-400.0,0
WF_SELECTED,2024,0.0,202408050203,2024-10-06,2022101190|2022105567,4,400.0,0.0,-400.0,0
WF_SELECTED,2024,0.0,202408050204,2024-10-06,2022106562|2022101025,4,400.0,0.0,-400.0,0
WF_SELECTED,2024,0.0,202408050205,2024-10-06,2022100080,2,200.0,0.0,-200.0,0
WF_SELECTED,2024,0.0,202408050209,2024-10-06,2020104332|2020103450,4,400.0,0.0,-400.0,0
WF_SELECTED,2024,0.0,202408050303,2024-10-12,2022106180|2022105265,4,400.0,0.0,-400.0,0
WF_SELECTED,2024,0.0,202408050304,2024-10-12,2022105878|2022102236,4,400.0,0.0,-400.0,0
WF_SELECTED,2024,0.0,202408050305,2024-10-12,2022107185|2022103651,4,400.0,0.0,-400.0,0
WF_SELECTED,2024,0.0,202408050307,2024-10-12,2019103953|2017100426,4,400.0,0.0,-400.0,0
WF_SELECTED,2024,0.0,202405040310,2024-10-13,2019100723|2019100135,4,400.0,0.0,-400.0,0
WF_SELECTED,2024,0.0,202404040402,2024-10-14,2022102811|2022103860,4,400.0,0.0,-400.0,0
WF_SELECTED,2024,0.0,202404040409,2024-10-14,2020105298|2021110014,4,400.0,0.0,-400.0,0
WF_SELECTED,2024,0.0,202404040411,2024-10-14,2019105483|2019105482,4,400.0,0.0,-400.0,0
WF_SELECTED,2024,0.0,202405040504,2024-10-19,2022103592|2022103848,4,400.0,0.0,-400.0,0
WF_SELECTED,2024,0.0,202405040511,2024-10-19,2019105065|2018106532,4,400.0,0.0,-400.0,0
WF_SELECTED,2024,0.0,202404040608,2024-10-20,2021104920|2019100677,4,400.0,0.0,-400.0,0
WF_SELECTED,2024,0.0,202404040609,2024-10-20,2018105515|2021101023,4,400.0,0.0,-400.0,0
WF_SELECTED,2024,0.0,202405040605,2024-10-20,2022101818|2022105057,4,400.0,0.0,-400.0,0
WF_SELECTED,2024,0.0,202408050607,2024-10-20,2020103323|2020103246,4,400.0,0.0,-400.0,0
WF_SELECTED,2024,0.0,202404040702,2024-10-26,2022102540|2022106751,4,400.0,0.0,-400.0,0
WF_SELECTED,2024,0.0,202408050711,2024-10-26,2019105505|2019105938,4,400.0,0.0,-400.0,0
WF_SELECTED,2024,0.0,202404040809,2024-10-27,2021103031|2019105807,4,400.0,0.0,-400.0,0
WF_SELECTED,2024,0.0,202404040810,2024-10-27,2020101195|2019100210,4,400.0,0.0,-400.0,0
WF_SELECTED,2024,0.0,202404040811,2024-10-27,2020101678|2018104041,4,400.0,0.0,-400.0,0
WF_SELECTED,2024,0.0,202405040804,2024-10-27,2022101986|2022110153,4,400.0,0.0,-400.0,0
WF_SELECTED,2024,0.0,202405040805,2024-10-27,2022103031|2022106911,4,400.0,0.0,-400.0,0
WF_SELECTED,2024,0.0,202408050804,2024-10-27,2022104877|2022103972,4,400.0,0.0,-400.0,0
WF_SELECTED,2024,0.0,202408050808,2024-10-27,2020106813|2021103532,4,400.0,0.0,-400.0,0
WF_SELECTED,2024,0.0,202403030105,2024-11-02,2022102229|2022106330,4,400.0,0.0,-400.0,0
WF_SELECTED,2024,0.0,202405050106,2024-11-02,2022102890|2022100814,4,400.0,0.0,-400.0,0
WF_SELECTED,2024,0.0,202408060105,2024-11-02,2022107306|2022102133,4,400.0,0.0,-400.0,0
WF_SELECTED,2024,0.0,202408060106,2024-11-02,2022101490|2022104186,4,400.0,0.0,-400.0,0
WF_SELECTED,2024,0.0,202403030206,2024-11-03,2022101465|2022103321,4,400.0,0.0,-400.0,0
WF_SELECTED,2024,0.0,202403030208,2024-11-03,2020106344|2021102561,4,400.0,0.0,-400.0,0
WF_SELECTED,2024,0.0,202405050207,2024-11-03,2021105125|2021104426,4,400.0,0.0,-400.0,0
WF_SELECTED,2024,0.0,202405050211,2024-11-03,2020102095|2018105308,4,400.0,0.0,-400.0,0
WF_SELECTED,2024,0.0,202408060211,2024-11-03,2019100630|2021104756,4,400.0,0.0,-400.0,0
WF_SELECTED,2024,0.0,202403030308,2024-11-09,2019105807|2021101003,4,400.0,0.0,-400.0,0
WF_SELECTED,2024,0.0,202403030310,2024-11-09,2019103193|2018103485,4,400.0,0.0,-400.0,0
WF_SELECTED,2024,0.0,202405050309,2024-11-09,2022104674|2022100918,4,400.0,0.0,-400.0,0
WF_SELECTED,2024,0.0,202403030409,2024-11-10,2022101983|2022104533,4,400.0,0.0,-400.0,0
WF_SELECTED,2024,0.0,202403030411,2024-11-10,2017103201|2018101943,4,400.0,0.0,-400.0,0
WF_SELECTED,2024,0.0,202403030412,2024-11-10,2019100195|2020100558,4,400.0,0.0,-400.0,0
WF_SELECTED,2024,0.0,202405050410,2024-11-10,2020104912|2018103535,4,400.0,0.0,-400.0,0
WF_SELECTED,2024,0.0,202405050411,2024-11-10,2020104702|2018110043,4,400.0,0.0,-400.0,0
WF_SELECTED,2024,0.0,202408060406,2024-11-10,2021107138|2021105427,4,400.0,0.0,-400.0,0
WF_SELECTED,2024,0.0,202408060410,2024-11-10,2020105627|2021100836,4,400.0,0.0,-400.0,0
WF_SELECTED,2024,0.0,202403030501,2024-11-16,2020102639|2021104404,4,400.0,0.0,-400.0,0
WF_SELECTED,2024,0.0,202403030509,2024-11-16,2020110042|2021101738,4,400.0,0.0,-400.0,0
WF_SELECTED,2024,0.0,202403030511,2024-11-16,2018106389|2020104203,4,400.0,0.0,-400.0,0
WF_SELECTED,2024,0.0,202408060506,2024-11-16,2022106518|2022101821,4,400.0,0.0,-400.0,0
WF_SELECTED,2024,0.0,202408060507,2024-11-16,2020106182|2019100665,4,400.0,0.0,-400.0,0
WF_SELECTED,2024,0.0,202403030611,2024-11-17,2020104136|2020100418,4,400.0,0.0,-400.0,0
WF_SELECTED,2024,0.0,202403030612,2024-11-17,2020100084|2021101605,4,400.0,0.0,-400.0,0
WF_SELECTED,2024,0.0,202405050604,2024-11-17,2022105905|2022102728,4,400.0,0.0,-400.0,0
WF_SELECTED,2024,0.0,202408060606,2024-11-17,2020103474|2021100652,4,400.0,0.0,-400.0,0
WF_SELECTED,2024,0.0,202408060609,2024-11-17,2020104843|2019100011,4,400.0,0.0,-400.0,0
WF_SELECTED,2024,0.0,202405050704,2024-11-23,2022104996|2022101057,4,400.0,0.0,-400.0,0
WF_SELECTED,2024,0.0,202405050806,2024-11-24,2022100638,2,200.0,0.0,-200.0,0
WF_SELECTED,2024,0.0,202405050807,2024-11-24,2020101830|2021100540,4,400.0,0.0,-400.0,0
WF_SELECTED,2024,0.0,202408060807,2024-11-24,2021105960|2021104978,4,400.0,0.0,-400.0,0
WF_SELECTED,2024,0.0,202408060810,2024-11-24,2017105574|2018106663,4,400.0,0.0,-400.0,0
WF_SELECTED,2024,0.0,202408060812,2024-11-24,2019105345|2020102764,4,400.0,0.0,-400.0,0
WF_SELECTED,2024,0.0,202406050105,2024-11-30,2022100209|2022100675,4,400.0,0.0,-400.0,0
WF_SELECTED,2024,0.0,202406050106,2024-11-30,2022105901|2022103142,4,400.0,0.0,-400.0,0
WF_SELECTED,2024,0.0,202406050112,2024-11-30,2021100610|2021104006,4,400.0,0.0,-400.0,0
WF_SELECTED,2024,0.0,202407040109,2024-11-30,2020104636|2020103579,4,400.0,0.0,-400.0,0
WF_SELECTED,2024,0.0,202406050204,2024-12-01,2022102031|2022101287,4,400.0,0.0,-400.0,0
WF_SELECTED,2024,0.0,202406050205,2024-12-01,2022106811|2022101718,4,400.0,0.0,-400.0,0
WF_SELECTED,2024,0.0,202407040202,2024-12-01,2021103488|2020103710,4,400.0,0.0,-400.0,0
WF_SELECTED,2024,0.0,202407040210,2024-12-01,2020105415|2018105129,4,400.0,0.0,-400.0,0
WF_SELECTED,2024,0.0,202407040212,2024-12-01,2021105783|2019100740,4,400.0,0.0,-400.0,0
WF_SELECTED,2024,0.0,202408070208,2024-12-01,2020104126|2020106409,4,400.0,0.0,-400.0,0
WF_SELECTED,2024,0.0,202407040305,2024-12-07,2022103150|2022100220,4,400.0,0.0,-400.0,0
WF_SELECTED,2024,0.0,202407040307,2024-12-07,2018105021|2020102452,4,400.0,0.0,-400.0,0
WF_SELECTED,2024,0.0,202407040311,2024-12-07,2019104937|2020105400,4,400.0,0.0,-400.0,0
WF_SELECTED,2024,0.0,202406050409,2024-12-08,2018103377|2020105789,4,400.0,0.0,-400.0,0
WF_SELECTED,2024,0.0,202406050410,2024-12-08,2021100150|2020104136,4,400.0,0.0,-400.0,0
WF_SELECTED,2024,0.0,202406050411,2024-12-08,2019105967|2019105968,4,400.0,0.0,-400.0,0
WF_SELECTED,2024,0.0,202408070411,2024-12-08,2022100490|2022104812,4,400.0,0.0,-400.0,0
WF_SELECTED,2024,0.0,202406050505,2024-12-14,2022100650|2022106538,4,400.0,0.0,-400.0,0
WF_SELECTED,2024,0.0,202406050508,2024-12-14,2020104354|2020100078,4,400.0,0.0,-400.0,0
WF_SELECTED,2024,0.0,202406050511,2024-12-14,2020103368|2020102660,4,400.0,0.0,-400.0,0
WF_SELECTED,2024,0.0,202407040504,2024-12-14,2022109031|2022105381,4,400.0,0.0,-400.0,0
WF_SELECTED,2024,0.0,202407040507,2024-12-14,2020102959|2020102658,4,400.0,0.0,-400.0,0
WF_SELECTED,2024,0.0,202408070506,2024-12-14,2022109028|2022104216,4,400.0,0.0,-400.0,0
WF_SELECTED,2024,0.0,202408070509,2024-12-14,2020103876|2019105379,4,400.0,0.0,-400.0,0
WF_SELECTED,2024,0.0,202408070512,2024-12-14,2019100572|2020103668,4,400.0,0.0,-400.0,0
WF_SELECTED,2024,0.0,202406050605,2024-12-15,2022110092,2,200.0,0.0,-200.0,0
WF_SELECTED,2024,0.0,202406050611,2024-12-15,2018105131|2019101629,4,400.0,0.0,-400.0,0
WF_SELECTED,2024,0.0,202407040605,2024-12-15,2022100542|2022103354,4,400.0,0.0,-400.0,0
WF_SELECTED,2024,0.0,202407040607,2024-12-15,2021103711|2018105096,4,400.0,0.0,-400.0,0
WF_SELECTED,2024,0.0,202408070605,2024-12-15,2022101049|2022101740,4,400.0,0.0,-400.0,0
WF_SELECTED,2024,0.0,202408070606,2024-12-15,2022103306|2022103941,4,400.0,0.0,-400.0,0
WF_SELECTED,2024,0.0,202408070607,2024-12-15,2019102229|2018103125,4,400.0,0.0,-400.0,0
WF_SELECTED,2024,0.0,202408070608,2024-12-15,2021106544|2021103078,4,400.0,0.0,-400.0,0
WF_SELECTED,2024,0.0,202408070611,2024-12-15,2022104120|2022101562,4,400.0,0.0,-400.0,0
WF_SELECTED,2024,0.0,202406050711,2024-12-21,2019104767|2018103507,4,400.0,0.0,-400.0,0
WF_SELECTED,2024,0.0,202408070705,2024-12-21,2022105330|2022100725,4,400.0,0.0,-400.0,0
WF_SELECTED,2024,0.0,202408070711,2024-12-21,2019103034|2019100965,4,400.0,0.0,-400.0,0
WF_SELECTED,2024,0.0,202406050809,2024-12-22,2016102767|2021105104,4,400.0,0.0,-400.0,0
WF_SELECTED,2024,0.0,202408070803,2024-12-22,2022103714|2022101598,4,400.0,0.0,-400.0,0
WF_SELECTED,2024,0.0,202408070806,2024-12-22,2022100008|2022103251,4,400.0,0.0,-400.0,0
WF_SELECTED,2024,0.0,202408070811,2024-12-22,2019106293|2020101633,4,400.0,0.0,-400.0,0
WF_SELECTED,2024,0.0,202408070812,2024-12-22,2019101679|2021100610,4,400.0,0.0,-400.0,0
WF_SELECTED,2024,0.0,202406050911,2024-12-28,2022105773|2022104813,4,400.0,0.0,-400.0,0
FIXED_A0,2024,0.0,202406010104,2024-01-06,2021103169|2021103109,4,400.0,0.0,-400.0,0
FIXED_A0,2024,0.0,202408010104,2024-01-06,2021106054|2021102083,4,400.0,0.0,-400.0,0
FIXED_A0,2024,0.0,202408010111,2024-01-06,2018105020|2016103884,4,400.0,0.0,-400.0,0
FIXED_A0,2024,0.0,202406010202,2024-01-07,2021101204|2021100005,4,400.0,0.0,-400.0,0
FIXED_A0,2024,0.0,202406010206,2024-01-07,2021105738|2021101988,4,400.0,0.0,-400.0,0
FIXED_A0,2024,0.0,202406010208,2024-01-07,2019102953|2020104354,4,400.0,0.0,-400.0,0
FIXED_A0,2024,0.0,202406010210,2024-01-07,2018104059|2015103217,4,400.0,0.0,-400.0,0
FIXED_A0,2024,0.0,202406010304,2024-01-08,2021100052|2021104863,4,400.0,0.0,-400.0,0
FIXED_A0,2024,0.0,202406010311,2024-01-08,2019100450|2015104699,4,400.0,0.0,-400.0,0
FIXED_A0,2024,0.0,202406010312,2024-01-08,2018102148|2019104842,4,400.0,0.0,-400.0,0
FIXED_A0,2024,0.0,202408010303,2024-01-08,2021104227|2021101585,4,400.0,0.0,-400.0,0
FIXED_A0,2024,0.0,202408010305,2024-01-08,2021102503|2021110082,4,400.0,0.0,-400.0,0
FIXED_A0,2024,0.0,202408010311,2024-01-08,2021103080|2021103210,4,400.0,0.0,-400.0,0
FIXED_A0,2024,0.0,202406010407,2024-01-13,2020101112|2020105282,4,400.0,0.0,-400.0,0
FIXED_A0,2024,0.0,202406010411,2024-01-13,2018110043|2019101889,4,400.0,0.0,-400.0,0
FIXED_A0,2024,0.0,202408010404,2024-01-13,2021102618|2021103154,4,400.0,0.0,-400.0,0
FIXED_A0,2024,0.0,202408010411,2024-01-13,2019102576|2018102360,4,400.0,0.0,-400.0,0
FIXED_A0,2024,0.0,202408010412,2024-01-13,2020100997|2019105777,4,400.0,0.0,-400.0,0
FIXED_A0,2024,0.0,202410010109,2024-01-13,2018100185|2019105073,4,400.0,0.0,-400.0,0
FIXED_A0,2024,0.0,202408010503,2024-01-14,2021106151|2021103197,4,400.0,0.0,-400.0,0
FIXED_A0,2024,0.0,202408010505,2024-01-14,2021104427,2,200.0,0.0,-200.0,0
FIXED_A0,2024,0.0,202408010506,2024-01-14,2021100690|2021101680,4,400.0,0.0,-400.0,0
FIXED_A0,2024,0.0,202410010210,2024-01-14,2019106739|2019105498,4,400.0,0.0,-400.0,0
FIXED_A0,2024,0.0,202406010603,2024-01-20,2021103383|2021105250,4,400.0,0.0,-400.0,0
FIXED_A0,2024,0.0,202406010604,2024-01-20,2021102307|2021103530,4,400.0,0.0,-400.0,0
FIXED_A0,2024,0.0,202406010612,2024-01-20,2019106416|2019105570,4,400.0,0.0,-400.0,0
FIXED_A0,2024,0.0,202408010603,2024-01-20,2021103932|2021105949,4,400.0,0.0,-400.0,0
FIXED_A0,2024,0.0,202408010605,2024-01-20,2021105013|2021103069,4,400.0,0.0,-400.0,0
FIXED_A0,2024,0.0,202410010312,2024-01-20,2020104415|2020100305,4,400.0,0.0,-400.0,0
FIXED_A0,2024,0.0,202406010706,2024-01-21,2021103037|2021100957,4,400.0,0.0,-400.0,0
FIXED_A0,2024,0.0,202406010710,2024-01-21,2018101075|2019105604,4,400.0,0.0,-400.0,0
FIXED_A0,2024,0.0,202408010702,2024-01-21,2021103928|2021104406,4,400.0,0.0,-400.0,0
FIXED_A0,2024,0.0,202408010705,2024-01-21,2021106752|2021100739,4,400.0,0.0,-400.0,0
FIXED_A0,2024,0.0,202408010711,2024-01-21,2020104239|2018104059,4,400.0,0.0,-400.0,0
FIXED_A0,2024,0.0,202410010405,2024-01-21,2021106333|2021105165,4,400.0,0.0,-400.0,0
FIXED_A0,2024,0.0,202410010407,2024-01-21,2021105178|2021101686,4,400.0,0.0,-400.0,0
FIXED_A0,2024,0.0,202410010409,2024-01-21,2020110068|2019101643,4,400.0,11560.0,11160.0,1
FIXED_A0,2024,0.0,202405010109,2024-01-27,2018102666|2018103150,4,400.0,0.0,-400.0,0
FIXED_A0,2024,0.0,202408020104,2024-01-27,2021104209|2021106720,4,400.0,0.0,-400.0,0
FIXED_A0,2024,0.0,202408020112,2024-01-27,2019105777|2020102329,4,400.0,0.0,-400.0,0
FIXED_A0,2024,0.0,202410010508,2024-01-27,2019105262|2015105573,4,400.0,0.0,-400.0,0
FIXED_A0,2024,0.0,202410010510,2024-01-27,2019103017|2019109109,4,400.0,0.0,-400.0,0
FIXED_A0,2024,0.0,202410010512,2024-01-27,2020103588|2020102507,4,400.0,0.0,-400.0,0
FIXED_A0,2024,0.0,202405010202,2024-01-28,2021100734|2021103720,4,400.0,0.0,-400.0,0
FIXED_A0,2024,0.0,202405010205,2024-01-28,2021102104|2021105225,4,400.0,0.0,-400.0,0
FIXED_A0,2024,0.0,202408020205,2024-01-28,2021102835|2021105002,4,400.0,0.0,-400.0,0
FIXED_A0,2024,0.0,202408020210,2024-01-28,2017105408|2020103101,4,400.0,0.0,-400.0,0
FIXED_A0,2024,0.0,202408020211,2024-01-28,2020101678|2019110001,4,400.0,0.0,-400.0,0
FIXED_A0,2024,0.0,202410010602,2024-01-28,2021100228|2021104057,4,400.0,0.0,-400.0,0
FIXED_A0,2024,0.0,202410010605,2024-01-28,2021110018|2021107214,4,400.0,0.0,-400.0,0
FIXED_A0,2024,0.0,202410010611,2024-01-28,2018106345|2018100025,4,400.0,0.0,-400.0,0
FIXED_A0,2024,0.0,202408020304,2024-02-03,2021105146|2021103065,4,400.0,0.0,-400.0,0
FIXED_A0,2024,0.0,202408020312,2024-02-03,2019103780|2020101764,4,400.0,0.0,-400.0,0
FIXED_A0,2024,0.0,202410010708,2024-02-03,2018104857|2019102676,4,400.0,27090.0,26690.0,1
FIXED_A0,2024,0.0,202405010403,2024-02-04,2021105034|2021100841,4,400.0,0.0,-400.0,0
FIXED_A0,2024,0.0,202405010404,2024-02-04,2020102778|2020102962,4,400.0,0.0,-400.0,0
FIXED_A0,2024,0.0,202405010405,2024-02-04,2021104154|2021103542,4,400.0,0.0,-400.0,0
FIXED_A0,2024,0.0,202405010408,2024-02-04,2020104132|2019109138,4,400.0,0.0,-400.0,0
FIXED_A0,2024,0.0,202405010411,2024-02-04,2019103973|2020103941,4,400.0,0.0,-400.0,0
FIXED_A0,2024,0.0,202410010810,2024-02-04,2018105137|2018104517,4,400.0,0.0,-400.0,0
FIXED_A0,2024,0.0,202405010502,2024-02-10,2021100714|2021103288,4,400.0,0.0,-400.0,0
FIXED_A0,2024,0.0,202405010512,2024-02-10,2019104635,2,200.0,0.0,-200.0,0
FIXED_A0,2024,0.0,202408020504,2024-02-10,2021102813|2021103844,4,400.0,0.0,-400.0,0
FIXED_A0,2024,0.0,202408020508,2024-02-10,2020104960|2019103013,4,400.0,0.0,-400.0,0
FIXED_A0,2024,0.0,202410020102,2024-02-10,2021101098|2021105768,4,400.0,0.0,-400.0,0
FIXED_A0,2024,0.0,202410020112,2024-02-10,2019101833|2019101446,4,400.0,0.0,-400.0,0
FIXED_A0,2024,0.0,202405010704,2024-02-17,2021102232|2021101219,4,400.0,0.0,-400.0,0
FIXED_A0,2024,0.0,202408020704,2024-02-17,2021102593,2,200.0,0.0,-200.0,0
FIXED_A0,2024,0.0,202408020708,2024-02-17,2020107142|2020101113,4,400.0,0.0,-400.0,0
FIXED_A0,2024,0.0,202410020311,2024-02-17,2018104982|2019106684,4,400.0,0.0,-400.0,0
FIXED_A0,2024,0.0,202410020312,2024-02-17,2020100795|2020102507,4,400.0,0.0,-400.0,0
FIXED_A0,2024,0.0,202408020804,2024-02-18,2021102585|2021104210,4,400.0,0.0,-400.0,0
FIXED_A0,2024,0.0,202410020410,2024-02-18,2019104738|2020102331,4,400.0,0.0,-400.0,0
FIXED_A0,2024,0.0,202406020112,2024-02-24,2019102481|2018105383,4,400.0,0.0,-400.0,0
FIXED_A0,2024,0.0,202410020507,2024-02-24,2019101920|2020102317,4,400.0,0.0,-400.0,0
FIXED_A0,2024,0.0,202406020210,2024-02-25,2019100135|2018105317,4,400.0,0.0,-400.0,0
FIXED_A0,2024,0.0,202406020211,2024-02-25,2019101782|2018104662,4,400.0,0.0,-400.0,0
FIXED_A0,2024,0.0,202409010211,2024-02-25,2020103434|2017104172,4,400.0,0.0,-400.0,0
FIXED_A0,2024,0.0,202409010212,2024-02-25,2019103013|2019103556,4,400.0,0.0,-400.0,0
FIXED_A0,2024,0.0,202410020607,2024-02-25,2020102589|2020105189,4,400.0,0.0,-400.0,0
FIXED_A0,2024,0.0,202410020707,2024-03-02,2021109052|2021107297,4,400.0,0.0,-400.0,0
FIXED_A0,2024,0.0,202410020711,2024-03-02,2019103401|2019105073,4,400.0,0.0,-400.0,0
FIXED_A0,2024,0.0,202410020810,2024-03-03,2018100378|2017101991,4,400.0,0.0,-400.0,0
FIXED_A0,2024,0.0,202406020510,2024-03-09,2017102838|2018106345,4,400.0,0.0,-400.0,0
FIXED_A0,2024,0.0,202406020511,2024-03-09,2019101629|2020106967,4,400.0,0.0,-400.0,0
FIXED_A0,2024,0.0,202407010109,2024-03-09,2019103556|2019106608,4,400.0,0.0,-400.0,0
FIXED_A0,2024,0.0,202407010211,2024-03-10,2020103275|2019106698,4,400.0,0.0,-400.0,0
FIXED_A0,2024,0.0,202407010402,2024-03-17,2021101640|2021100424,4,400.0,0.0,-400.0,0
FIXED_A0,2024,0.0,202406030112,2024-03-23,2018101625,2,200.0,0.0,-200.0,0
FIXED_A0,2024,0.0,202406030206,2024-03-24,2021106722|2021103342,4,400.0,0.0,-400.0,0
FIXED_A0,2024,0.0,202407010602,2024-03-24,2021104918|2021105701,4,400.0,0.0,-400.0,0
FIXED_A0,2024,0.0,202407010612,2024-03-24,2019100569|2020105157,4,400.0,0.0,-400.0,0
FIXED_A0,2024,0.0,202409020307,2024-03-30,2019100110|2019100786,4,400.0,0.0,-400.0,0
FIXED_A0,2024,0.0,202409020411,2024-03-31,2019105155|2019104831,4,400.0,93050.0,92650.0,1
FIXED_A0,2024,0.0,202403010110,2024-04-06,2020102391|2019106700,4,400.0,0.0,-400.0,0
FIXED_A0,2024,0.0,202409020502,2024-04-06,2021106304|2021100726,4,400.0,0.0,-400.0,0
FIXED_A0,2024,0.0,202403010210,2024-04-07,2019103274|2019102041,4,400.0,0.0,-400.0,0
FIXED_A0,2024,0.0,202406030602,2024-04-07,2021100065|2021103017,4,400.0,0.0,-400.0,0
FIXED_A0,2024,0.0,202406030611,2024-04-07,2018105877|2018102362,4,400.0,0.0,-400.0,0
FIXED_A0,2024,0.0,202409020611,2024-04-07,2021103910|2021105757,4,400.0,0.0,-400.0,0
FIXED_A0,2024,0.0,202406030712,2024-04-13,2018106597|2019101673,4,400.0,0.0,-400.0,0
FIXED_A0,2024,0.0,202409020706,2024-04-13,2021100768|2021110099,4,400.0,0.0,-400.0,0
FIXED_A0,2024,0.0,202406030805,2024-04-14,2021100410|2021102049,4,400.0,0.0,-400.0,0
FIXED_A0,2024,0.0,202406030811,2024-04-14,2021104756|2021103272,4,400.0,0.0,-400.0,0
FIXED_A0,2024,0.0,202409020809,2024-04-14,2020100958|2019105141,4,400.0,0.0,-400.0,0
FIXED_A0,2024,0.0,202409020812,2024-04-14,2020101134|2019104448,4,400.0,0.0,-400.0,0
FIXED_A0,2024,0.0,202403010509,2024-04-20,2020104824|2019106179,4,400.0,0.0,-400.0,0
FIXED_A0,2024,0.0,202403010510,2024-04-20,2019104861|2017106689,4,400.0,0.0,-400.0,0
FIXED_A0,2024,0.0,202403010511,2024-04-20,2020106966|2020104572,4,400.0,0.0,-400.0,0
FIXED_A0,2024,0.0,202405020110,2024-04-20,2018102009|2020102378,4,400.0,0.0,-400.0,0
FIXED_A0,2024,0.0,202405020112,2024-04-20,2019110123|2019103542,4,400.0,0.0,-400.0,0
FIXED_A0,2024,0.0,202408030204,2024-04-21,2021101484|2021102648,4,400.0,0.0,-400.0,0
FIXED_A0,2024,0.0,202405020311,2024-04-27,2021100947|2021103557,4,400.0,0.0,-400.0,0
FIXED_A0,2024,0.0,202408030311,2024-04-27,2021105430|2021106625,4,400.0,0.0,-400.0,0
FIXED_A0,2024,0.0,202408030312,2024-04-27,2019102824|2019103543,4,400.0,0.0,-400.0,0
FIXED_A0,2024,0.0,202404010210,2024-04-28,2020102940|2019100938,4,400.0,0.0,-400.0,0
FIXED_A0,2024,0.0,202404010211,2024-04-28,2019105775|2019106410,4,400.0,0.0,-400.0,0
FIXED_A0,2024,0.0,202405020412,2024-04-28,2018101214|2019105510,4,400.0,0.0,-400.0,0
FIXED_A0,2024,0.0,202408030410,2024-04-28,2018100141|2018102585,4,400.0,0.0,-400.0,0
FIXED_A0,2024,0.0,202408030411,2024-04-28,2016104946|2020105834,4,400.0,0.0,-400.0,0
FIXED_A0,2024,0.0,202404010309,2024-05-04,2021104074|2021104404,4,400.0,0.0,-400.0,0
FIXED_A0,2024,0.0,202404010311,2024-05-04,2019101923|2019103976,4,400.0,0.0,-400.0,0
FIXED_A0,2024,0.0,202404010312,2024-05-04,2020100305|2020103527,4,400.0,0.0,-400.0,0
FIXED_A0,2024,0.0,202408030510,2024-05-04,2019101198|2019102490,4,400.0,0.0,-400.0,0
FIXED_A0,2024,0.0,202404010407,2024-05-05,2019105404|2020100295,4,400.0,0.0,-400.0,0
FIXED_A0,2024,0.0,202404010411,2024-05-05,2019106670|2016106606,4,400.0,0.0,-400.0,0
FIXED_A0,2024,0.0,202405020605,2024-05-05,2021103017|2021102221,4,400.0,0.0,-400.0,0
FIXED_A0,2024,0.0,202408030606,2024-05-05,2021105569|2021106610,4,400.0,0.0,-400.0,0
FIXED_A0,2024,0.0,202405020810,2024-05-12,2017102043|2019101325,4,400.0,0.0,-400.0,0
FIXED_A0,2024,0.0,202405020812,2024-05-12,2018102666|2019105555,4,400.0,0.0,-400.0,0
FIXED_A0,2024,0.0,202408030810,2024-05-12,2018103590|2020103450,4,400.0,0.0,-400.0,0
FIXED_A0,2024,0.0,202408030812,2024-05-12,2019106868|2020100960,4,400.0,0.0,-400.0,0
FIXED_A0,2024,0.0,202405020911,2024-05-18,2019106698|2020102194,4,400.0,0.0,-400.0,0
FIXED_A0,2024,0.0,202408030904,2024-05-18,2021101284|2021103249,4,400.0,0.0,-400.0,0
FIXED_A0,2024,0.0,202408030909,2024-05-18,2021105528|2021102952,4,400.0,0.0,-400.0,0
FIXED_A0,2024,0.0,202404010808,2024-05-19,2020102591|2020102767,4,400.0,0.0,-400.0,0
FIXED_A0,2024,0.0,202404010810,2024-05-19,2019101680|2019100898,4,400.0,0.0,-400.0,0
FIXED_A0,2024,0.0,202405021006,2024-05-19,2016102333|2020105245,4,400.0,0.0,-400.0,0
FIXED_A0,2024,0.0,202405021011,2024-05-19,2021105541|2021103910,4,400.0,0.0,-400.0,0
FIXED_A0,2024,0.0,202405021109,2024-05-25,2020100892|2020101134,4,400.0,0.0,-400.0,0
FIXED_A0,2024,0.0,202408031110,2024-05-25,2020101020|2017102952,4,400.0,0.0,-400.0,0
FIXED_A0,2024,0.0,202408031202,2024-05-26,2021102851,2,200.0,0.0,-200.0,0
FIXED_A0,2024,0.0,202408031210,2024-05-26,2020102502|2019105345,4,400.0,0.0,-400.0,0
FIXED_A0,2024,0.0,202408031212,2024-05-26,2019100653|2018105011,4,400.0,0.0,-400.0,0
FIXED_A0,2024,0.0,202405030112,2024-06-01,2021106119|2018104014,4,400.0,0.0,-400.0,0
FIXED_A0,2024,0.0,202408040109,2024-06-01,2017103278|2017100426,4,400.0,0.0,-400.0,0
FIXED_A0,2024,0.0,202405030212,2024-06-02,2019106701|2020102814,4,400.0,0.0,-400.0,0
FIXED_A0,2024,0.0,202408040212,2024-06-02,2020106593|2020106737,4,400.0,0.0,-400.0,0
FIXED_A0,2024,0.0,202402010110,2024-06-08,2018106314|2020106966,4,400.0,0.0,-400.0,0
FIXED_A0,2024,0.0,202405030308,2024-06-08,2020103119|2020103520,4,400.0,0.0,-400.0,0
FIXED_A0,2024,0.0,202408040303,2024-06-08,2021104101|2021104518,4,400.0,0.0,-400.0,0
FIXED_A0,2024,0.0,202402010201,2024-06-09,2021104933|2021103025,4,400.0,0.0,-400.0,0
FIXED_A0,2024,0.0,202402010304,2024-06-15,2021106822|2021106812,4,400.0,0.0,-400.0,0
FIXED_A0,2024,0.0,202405030607,2024-06-16,2020102207|2020106472,4,400.0,0.0,-400.0,0
FIXED_A0,2024,0.0,202408040611,2024-06-16,2020100909|2018101943,4,400.0,0.0,-400.0,0
FIXED_A0,2024,0.0,202408040707,2024-06-22,2020105914|2021102436,4,400.0,0.0,-400.0,0
FIXED_A0,2024,0.0,202408040710,2024-06-22,2018105011|2020103393,4,400.0,0.0,-400.0,0
FIXED_A0,2024,0.0,202405030810,2024-06-23,2020106396|2020101275,4,400.0,0.0,-400.0,0
FIXED_A0,2024,0.0,202405030812,2024-06-23,2020105813|2021104313,4,400.0,0.0,-400.0,0
FIXED_A0,2024,0.0,202402010703,2024-06-29,2021110166|2021101790,4,400.0,0.0,-400.0,0
FIXED_A0,2024,0.0,202402010804,2024-06-30,2021110018|2021110146,4,400.0,0.0,-400.0,0
FIXED_A0,2024,0.0,202403020205,2024-06-30,2022106769|2022103717,4,400.0,0.0,-400.0,0
FIXED_A0,2024,0.0,202403020412,2024-07-07,2020106047|2019105476,4,400.0,0.0,-400.0,0
FIXED_A0,2024,0.0,202401010111,2024-07-20,2019105347|2017100403,4,400.0,0.0,-400.0,0
FIXED_A0,2024,0.0,202401010203,2024-07-21,2021110110|2021110081,4,400.0,0.0,-400.0,0
FIXED_A0,2024,0.0,202410030809,2024-07-21,2020101893|2018105085,4,400.0,0.0,-400.0,0
FIXED_A0,2024,0.0,202410030811,2024-07-21,2018101943|2019106670,4,400.0,0.0,-400.0,0
FIXED_A0,2024,0.0,202404020102,2024-07-27,2022101817|2022101906,4,400.0,0.0,-400.0,0
FIXED_A0,2024,0.0,202401010404,2024-07-28,2021106571|2021102785,4,400.0,0.0,-400.0,0
FIXED_A0,2024,0.0,202404020211,2024-07-28,2021105237|2021101742,4,400.0,0.0,-400.0,0
FIXED_A0,2024,0.0,202401010504,2024-08-03,2021105920|2021102035,4,400.0,0.0,-400.0,0
FIXED_A0,2024,0.0,202401010506,2024-08-03,2021105385|2021106881,4,400.0,0.0,-400.0,0
FIXED_A0,2024,0.0,202404020307,2024-08-03,2018103535|2019103586,4,400.0,0.0,-400.0,0
FIXED_A0,2024,0.0,202401010609,2024-08-04,2020106966|2019101645,4,400.0,0.0,-400.0,0
FIXED_A0,2024,0.0,202401010612,2024-08-04,2020102208|2021104481,4,400.0,0.0,-400.0,0
FIXED_A0,2024,0.0,202404020406,2024-08-04,2019106870|2019103692,4,400.0,0.0,-400.0,0
FIXED_A0,2024,0.0,202404020407,2024-08-04,2021106171|2021104445,4,400.0,0.0,-400.0,0
FIXED_A0,2024,0.0,202401020109,2024-08-10,2020101337|2020104477,4,400.0,0.0,-400.0,0
FIXED_A0,2024,0.0,202404030105,2024-08-10,2022106830|2022106302,4,400.0,0.0,-400.0,0
FIXED_A0,2024,0.0,202401020204,2024-08-11,2021103030|2021105787,4,400.0,0.0,-400.0,0
FIXED_A0,2024,0.0,202401020209,2024-08-11,2020100914|2019101714,4,400.0,0.0,-400.0,0
FIXED_A0,2024,0.0,202404030202,2024-08-11,2021106099|2021101779,4,400.0,0.0,-400.0,0
FIXED_A0,2024,0.0,202404030210,2024-08-11,2018101145|2020106706,4,400.0,0.0,-400.0,0
FIXED_A0,2024,0.0,202407020206,2024-08-11,2021100223|2021104438,4,400.0,0.0,-400.0,0
FIXED_A0,2024,0.0,202404030305,2024-08-17,2022100402|2022102734,4,400.0,0.0,-400.0,0
FIXED_A0,2024,0.0,202404030306,2024-08-17,2022106785|2022106861,4,400.0,0.0,-400.0,0
FIXED_A0,2024,0.0,202404030312,2024-08-17,2019103742|2020100620,4,400.0,0.0,-400.0,0
FIXED_A0,2024,0.0,202407020305,2024-08-17,2022104165|2022105345,4,400.0,0.0,-400.0,0
FIXED_A0,2024,0.0,202407020306,2024-08-17,2022103119|2022107357,4,400.0,0.0,-400.0,0
FIXED_A0,2024,0.0,202401020410,2024-08-18,2019103897|2019104738,4,400.0,0.0,-400.0,0
FIXED_A0,2024,0.0,202407020411,2024-08-18,2019105139|2020101897,4,400.0,0.0,-400.0,0
FIXED_A0,2024,0.0,202407020505,2024-08-24,2022100993|2022107200,4,400.0,0.0,-400.0,0
FIXED_A0,2024,0.0,202407020511,2024-08-24,2020101020|2020106770,4,400.0,0.0,-400.0,0
FIXED_A0,2024,0.0,202401020611,2024-08-25,2019102979|2019100791,4,400.0,0.0,-400.0,0
FIXED_A0,2024,0.0,202404030606,2024-08-25,2022107012|2022104923,4,400.0,0.0,-400.0,0
FIXED_A0,2024,0.0,202407020606,2024-08-25,2021100703|2020100138,4,400.0,0.0,-400.0,0
FIXED_A0,2024,0.0,202401020708,2024-08-31,2020103405|2019100702,4,400.0,0.0,-400.0,0
FIXED_A0,2024,0.0,202407020706,2024-08-31,2022105791|2022106453,4,400.0,0.0,-400.0,0
FIXED_A0,2024,0.0,202401020804,2024-09-01,2021102598|2021100226,4,400.0,0.0,-400.0,0
FIXED_A0,2024,0.0,202401020811,2024-09-01,2018105293|2016104319,4,400.0,0.0,-400.0,0
FIXED_A0,2024,0.0,202404030803,2024-09-01,2021102357|2021102342,4,400.0,0.0,-400.0,0
FIXED_A0,2024,0.0,202407020806,2024-09-01,2021100407|2021105985,4,400.0,0.0,-400.0,0
FIXED_A0,2024,0.0,202407020810,2024-09-01,2019100652|2014103963,4,400.0,0.0,-400.0,0
FIXED_A0,2024,0.0,202406040104,2024-09-07,2022106926,2,200.0,0.0,-200.0,0
FIXED_A0,2024,0.0,202407030108,2024-09-07,2018103200|2020101635,4,400.0,0.0,-400.0,0
FIXED_A0,2024,0.0,202406040203,2024-09-08,2022105610|2022102042,4,400.0,0.0,-400.0,0
FIXED_A0,2024,0.0,202406040306,2024-09-14,2017100141|2019101462,4,400.0,0.0,-400.0,0
FIXED_A0,2024,0.0,202407030303,2024-09-14,2022103199|2022106715,4,400.0,0.0,-400.0,0
FIXED_A0,2024,0.0,202407030306,2024-09-14,2019105542|2021104830,4,400.0,0.0,-400.0,0
FIXED_A0,2024,0.0,202407030312,2024-09-14,2019105434|2021110075,4,400.0,0.0,-400.0,0
FIXED_A0,2024,0.0,202406040406,2024-09-15,2021100825|2021101210,4,400.0,0.0,-400.0,0
FIXED_A0,2024,0.0,202406040410,2024-09-15,2019103850|2019100215,4,400.0,0.0,-400.0,0
FIXED_A0,2024,0.0,202407030410,2024-09-15,2020103393|2019105413,4,400.0,0.0,-400.0,0
FIXED_A0,2024,0.0,202406040603,2024-09-21,2022102337|2022105883,4,400.0,0.0,-400.0,0
FIXED_A0,2024,0.0,202406040612,2024-09-21,2018100595|2020102680,4,400.0,0.0,-400.0,0
FIXED_A0,2024,0.0,202407030605,2024-09-21,2022101598|2022106635,4,400.0,0.0,-400.0,0
FIXED_A0,2024,0.0,202407030607,2024-09-21,2021110145|2021101216,4,400.0,0.0,-400.0,0
FIXED_A0,2024,0.0,202407030609,2024-09-21,2018100442|2018105096,4,400.0,0.0,-400.0,0
FIXED_A0,2024,0.0,202407030611,2024-09-21,2019103920|2020100818,4,400.0,0.0,-400.0,0
FIXED_A0,2024,0.0,202407030612,2024-09-21,2020103636|2019103824,4,400.0,0.0,-400.0,0
FIXED_A0,2024,0.0,202406040704,2024-09-22,2022102651|2022103319,4,400.0,0.0,-400.0,0
FIXED_A0,2024,0.0,202407030711,2024-09-22,2021105856|2021103272,4,400.0,0.0,-400.0,0
FIXED_A0,2024,0.0,202406040810,2024-09-28,2019101266|2018100097,4,400.0,0.0,-400.0,0
FIXED_A0,2024,0.0,202407030804,2024-09-28,2022101659|2022106565,4,400.0,0.0,-400.0,0
FIXED_A0,2024,0.0,202406040905,2024-09-29,2022106831|2022105260,4,400.0,0.0,-400.0,0
FIXED_A0,2024,0.0,202406040907,2024-09-29,2020102895|2021103518,4,400.0,0.0,-400.0,0
FIXED_A0,2024,0.0,202406040911,2024-09-29,2020102764|2021107058,4,400.0,0.0,-400.0,0
FIXED_A0,2024,0.0,202406040912,2024-09-29,2020101632|2017103575,4,400.0,0.0,-400.0,0
FIXED_A0,2024,0.0,202407030903,2024-09-29,2022105795|2022101583,4,400.0,0.0,-400.0,0
FIXED_A0,2024,0.0,202407030907,2024-09-29,2021104948|2021105528,4,400.0,0.0,-400.0,0
FIXED_A0,2024,0.0,202404040105,2024-10-05,2022107099|2022104787,4,400.0,0.0,-400.0,0
FIXED_A0,2024,0.0,202404040108,2024-10-05,2020105327|2019102736,4,400.0,0.0,-400.0,0
FIXED_A0,2024,0.0,202405040104,2024-10-05,2022105115|2022105234,4,400.0,0.0,-400.0,0
FIXED_A0,2024,0.0,202408050104,2024-10-05,2022105630,2,200.0,0.0,-200.0,0
FIXED_A0,2024,0.0,202408050105,2024-10-05,2022100210|2022103188,4,400.0,0.0,-400.0,0
FIXED_A0,2024,0.0,202408050111,2024-10-05,2018102281|2019105968,4,400.0,0.0,-400.0,0
FIXED_A0,2024,0.0,202405040210,2024-10-06,2019100167|2020106884,4,400.0,0.0,-400.0,0
FIXED_A0,2024,0.0,202408050203,2024-10-06,2022101190|2022105567,4,400.0,0.0,-400.0,0
FIXED_A0,2024,0.0,202408050204,2024-10-06,2022106562|2022101025,4,400.0,0.0,-400.0,0
FIXED_A0,2024,0.0,202408050205,2024-10-06,2022100080,2,200.0,0.0,-200.0,0
FIXED_A0,2024,0.0,202408050209,2024-10-06,2020104332|2020103450,4,400.0,0.0,-400.0,0
FIXED_A0,2024,0.0,202408050303,2024-10-12,2022106180|2022105265,4,400.0,0.0,-400.0,0
FIXED_A0,2024,0.0,202408050304,2024-10-12,2022105878|2022102236,4,400.0,0.0,-400.0,0
FIXED_A0,2024,0.0,202408050305,2024-10-12,2022107185|2022103651,4,400.0,0.0,-400.0,0
FIXED_A0,2024,0.0,202408050307,2024-10-12,2019103953|2017100426,4,400.0,0.0,-400.0,0
FIXED_A0,2024,0.0,202405040310,2024-10-13,2019100723|2019100135,4,400.0,0.0,-400.0,0
FIXED_A0,2024,0.0,202404040402,2024-10-14,2022102811|2022103860,4,400.0,0.0,-400.0,0
FIXED_A0,2024,0.0,202404040409,2024-10-14,2020105298|2021110014,4,400.0,0.0,-400.0,0
FIXED_A0,2024,0.0,202404040411,2024-10-14,2019105483|2019105482,4,400.0,0.0,-400.0,0
FIXED_A0,2024,0.0,202405040504,2024-10-19,2022103592|2022103848,4,400.0,0.0,-400.0,0
FIXED_A0,2024,0.0,202405040511,2024-10-19,2019105065|2018106532,4,400.0,0.0,-400.0,0
FIXED_A0,2024,0.0,202404040608,2024-10-20,2021104920|2019100677,4,400.0,0.0,-400.0,0
FIXED_A0,2024,0.0,202404040609,2024-10-20,2018105515|2021101023,4,400.0,0.0,-400.0,0
FIXED_A0,2024,0.0,202405040605,2024-10-20,2022101818|2022105057,4,400.0,0.0,-400.0,0
FIXED_A0,2024,0.0,202408050607,2024-10-20,2020103323|2020103246,4,400.0,0.0,-400.0,0
FIXED_A0,2024,0.0,202404040702,2024-10-26,2022102540|2022106751,4,400.0,0.0,-400.0,0
FIXED_A0,2024,0.0,202408050711,2024-10-26,2019105505|2019105938,4,400.0,0.0,-400.0,0
FIXED_A0,2024,0.0,202404040809,2024-10-27,2021103031|2019105807,4,400.0,0.0,-400.0,0
FIXED_A0,2024,0.0,202404040810,2024-10-27,2020101195|2019100210,4,400.0,0.0,-400.0,0
FIXED_A0,2024,0.0,202404040811,2024-10-27,2020101678|2018104041,4,400.0,0.0,-400.0,0
FIXED_A0,2024,0.0,202405040804,2024-10-27,2022101986|2022110153,4,400.0,0.0,-400.0,0
FIXED_A0,2024,0.0,202405040805,2024-10-27,2022103031|2022106911,4,400.0,0.0,-400.0,0
FIXED_A0,2024,0.0,202408050804,2024-10-27,2022104877|2022103972,4,400.0,0.0,-400.0,0
FIXED_A0,2024,0.0,202408050808,2024-10-27,2020106813|2021103532,4,400.0,0.0,-400.0,0
FIXED_A0,2024,0.0,202403030105,2024-11-02,2022102229|2022106330,4,400.0,0.0,-400.0,0
FIXED_A0,2024,0.0,202405050106,2024-11-02,2022102890|2022100814,4,400.0,0.0,-400.0,0
FIXED_A0,2024,0.0,202408060105,2024-11-02,2022107306|2022102133,4,400.0,0.0,-400.0,0
FIXED_A0,2024,0.0,202408060106,2024-11-02,2022101490|2022104186,4,400.0,0.0,-400.0,0
FIXED_A0,2024,0.0,202403030206,2024-11-03,2022101465|2022103321,4,400.0,0.0,-400.0,0
FIXED_A0,2024,0.0,202403030208,2024-11-03,2020106344|2021102561,4,400.0,0.0,-400.0,0
FIXED_A0,2024,0.0,202405050207,2024-11-03,2021105125|2021104426,4,400.0,0.0,-400.0,0
FIXED_A0,2024,0.0,202405050211,2024-11-03,2020102095|2018105308,4,400.0,0.0,-400.0,0
FIXED_A0,2024,0.0,202408060211,2024-11-03,2019100630|2021104756,4,400.0,0.0,-400.0,0
FIXED_A0,2024,0.0,202403030308,2024-11-09,2019105807|2021101003,4,400.0,0.0,-400.0,0
FIXED_A0,2024,0.0,202403030310,2024-11-09,2019103193|2018103485,4,400.0,0.0,-400.0,0
FIXED_A0,2024,0.0,202405050309,2024-11-09,2022104674|2022100918,4,400.0,0.0,-400.0,0
FIXED_A0,2024,0.0,202403030409,2024-11-10,2022101983|2022104533,4,400.0,0.0,-400.0,0
FIXED_A0,2024,0.0,202403030411,2024-11-10,2017103201|2018101943,4,400.0,0.0,-400.0,0
FIXED_A0,2024,0.0,202403030412,2024-11-10,2019100195|2020100558,4,400.0,0.0,-400.0,0
FIXED_A0,2024,0.0,202405050410,2024-11-10,2020104912|2018103535,4,400.0,0.0,-400.0,0
FIXED_A0,2024,0.0,202405050411,2024-11-10,2020104702|2018110043,4,400.0,0.0,-400.0,0
FIXED_A0,2024,0.0,202408060406,2024-11-10,2021107138|2021105427,4,400.0,0.0,-400.0,0
FIXED_A0,2024,0.0,202408060410,2024-11-10,2020105627|2021100836,4,400.0,0.0,-400.0,0
FIXED_A0,2024,0.0,202403030501,2024-11-16,2020102639|2021104404,4,400.0,0.0,-400.0,0
FIXED_A0,2024,0.0,202403030509,2024-11-16,2020110042|2021101738,4,400.0,0.0,-400.0,0
FIXED_A0,2024,0.0,202403030511,2024-11-16,2018106389|2020104203,4,400.0,0.0,-400.0,0
FIXED_A0,2024,0.0,202408060506,2024-11-16,2022106518|2022101821,4,400.0,0.0,-400.0,0
FIXED_A0,2024,0.0,202408060507,2024-11-16,2020106182|2019100665,4,400.0,0.0,-400.0,0
FIXED_A0,2024,0.0,202403030611,2024-11-17,2020104136|2020100418,4,400.0,0.0,-400.0,0
FIXED_A0,2024,0.0,202403030612,2024-11-17,2020100084|2021101605,4,400.0,0.0,-400.0,0
FIXED_A0,2024,0.0,202405050604,2024-11-17,2022105905|2022102728,4,400.0,0.0,-400.0,0
FIXED_A0,2024,0.0,202408060606,2024-11-17,2020103474|2021100652,4,400.0,0.0,-400.0,0
FIXED_A0,2024,0.0,202408060609,2024-11-17,2020104843|2019100011,4,400.0,0.0,-400.0,0
FIXED_A0,2024,0.0,202405050704,2024-11-23,2022104996|2022101057,4,400.0,0.0,-400.0,0
FIXED_A0,2024,0.0,202405050806,2024-11-24,2022100638,2,200.0,0.0,-200.0,0
FIXED_A0,2024,0.0,202405050807,2024-11-24,2020101830|2021100540,4,400.0,0.0,-400.0,0
FIXED_A0,2024,0.0,202408060807,2024-11-24,2021105960|2021104978,4,400.0,0.0,-400.0,0
FIXED_A0,2024,0.0,202408060810,2024-11-24,2017105574|2018106663,4,400.0,0.0,-400.0,0
FIXED_A0,2024,0.0,202408060812,2024-11-24,2019105345|2020102764,4,400.0,0.0,-400.0,0
FIXED_A0,2024,0.0,202406050105,2024-11-30,2022100209|2022100675,4,400.0,0.0,-400.0,0
FIXED_A0,2024,0.0,202406050106,2024-11-30,2022105901|2022103142,4,400.0,0.0,-400.0,0
FIXED_A0,2024,0.0,202406050112,2024-11-30,2021100610|2021104006,4,400.0,0.0,-400.0,0
FIXED_A0,2024,0.0,202407040109,2024-11-30,2020104636|2020103579,4,400.0,0.0,-400.0,0
FIXED_A0,2024,0.0,202406050204,2024-12-01,2022102031|2022101287,4,400.0,0.0,-400.0,0
FIXED_A0,2024,0.0,202406050205,2024-12-01,2022106811|2022101718,4,400.0,0.0,-400.0,0
FIXED_A0,2024,0.0,202407040202,2024-12-01,2021103488|2020103710,4,400.0,0.0,-400.0,0
FIXED_A0,2024,0.0,202407040210,2024-12-01,2020105415|2018105129,4,400.0,0.0,-400.0,0
FIXED_A0,2024,0.0,202407040212,2024-12-01,2021105783|2019100740,4,400.0,0.0,-400.0,0
FIXED_A0,2024,0.0,202408070208,2024-12-01,2020104126|2020106409,4,400.0,0.0,-400.0,0
FIXED_A0,2024,0.0,202407040305,2024-12-07,2022103150|2022100220,4,400.0,0.0,-400.0,0
FIXED_A0,2024,0.0,202407040307,2024-12-07,2018105021|2020102452,4,400.0,0.0,-400.0,0
FIXED_A0,2024,0.0,202407040311,2024-12-07,2019104937|2020105400,4,400.0,0.0,-400.0,0
FIXED_A0,2024,0.0,202406050409,2024-12-08,2018103377|2020105789,4,400.0,0.0,-400.0,0
FIXED_A0,2024,0.0,202406050410,2024-12-08,2021100150|2020104136,4,400.0,0.0,-400.0,0
FIXED_A0,2024,0.0,202406050411,2024-12-08,2019105967|2019105968,4,400.0,0.0,-400.0,0
FIXED_A0,2024,0.0,202408070411,2024-12-08,2022100490|2022104812,4,400.0,0.0,-400.0,0
FIXED_A0,2024,0.0,202406050505,2024-12-14,2022100650|2022106538,4,400.0,0.0,-400.0,0
FIXED_A0,2024,0.0,202406050508,2024-12-14,2020104354|2020100078,4,400.0,0.0,-400.0,0
FIXED_A0,2024,0.0,202406050511,2024-12-14,2020103368|2020102660,4,400.0,0.0,-400.0,0
FIXED_A0,2024,0.0,202407040504,2024-12-14,2022109031|2022105381,4,400.0,0.0,-400.0,0
FIXED_A0,2024,0.0,202407040507,2024-12-14,2020102959|2020102658,4,400.0,0.0,-400.0,0
FIXED_A0,2024,0.0,202408070506,2024-12-14,2022109028|2022104216,4,400.0,0.0,-400.0,0
FIXED_A0,2024,0.0,202408070509,2024-12-14,2020103876|2019105379,4,400.0,0.0,-400.0,0
FIXED_A0,2024,0.0,202408070512,2024-12-14,2019100572|2020103668,4,400.0,0.0,-400.0,0
FIXED_A0,2024,0.0,202406050605,2024-12-15,2022110092,2,200.0,0.0,-200.0,0
FIXED_A0,2024,0.0,202406050611,2024-12-15,2018105131|2019101629,4,400.0,0.0,-400.0,0
FIXED_A0,2024,0.0,202407040605,2024-12-15,2022100542|2022103354,4,400.0,0.0,-400.0,0
FIXED_A0,2024,0.0,202407040607,2024-12-15,2021103711|2018105096,4,400.0,0.0,-400.0,0
FIXED_A0,2024,0.0,202408070605,2024-12-15,2022101049|2022101740,4,400.0,0.0,-400.0,0
FIXED_A0,2024,0.0,202408070606,2024-12-15,2022103306|2022103941,4,400.0,0.0,-400.0,0
FIXED_A0,2024,0.0,202408070607,2024-12-15,2019102229|2018103125,4,400.0,0.0,-400.0,0
FIXED_A0,2024,0.0,202408070608,2024-12-15,2021106544|2021103078,4,400.0,0.0,-400.0,0
FIXED_A0,2024,0.0,202408070611,2024-12-15,2022104120|2022101562,4,400.0,0.0,-400.0,0
FIXED_A0,2024,0.0,202406050711,2024-12-21,2019104767|2018103507,4,400.0,0.0,-400.0,0
FIXED_A0,2024,0.0,202408070705,2024-12-21,2022105330|2022100725,4,400.0,0.0,-400.0,0
FIXED_A0,2024,0.0,202408070711,2024-12-21,2019103034|2019100965,4,400.0,0.0,-400.0,0
FIXED_A0,2024,0.0,202406050809,2024-12-22,2016102767|2021105104,4,400.0,0.0,-400.0,0
FIXED_A0,2024,0.0,202408070803,2024-12-22,2022103714|2022101598,4,400.0,0.0,-400.0,0
FIXED_A0,2024,0.0,202408070806,2024-12-22,2022100008|2022103251,4,400.0,0.0,-400.0,0
FIXED_A0,2024,0.0,202408070811,2024-12-22,2019106293|2020101633,4,400.0,0.0,-400.0,0
FIXED_A0,2024,0.0,202408070812,2024-12-22,2019101679|2021100610,4,400.0,0.0,-400.0,0
FIXED_A0,2024,0.0,202406050911,2024-12-28,2022105773|2022104813,4,400.0,0.0,-400.0,0
FIXED_A05,2024,0.5,202406010104,2024-01-06,2021109071|2021103109,4,400.0,0.0,-400.0,0
FIXED_A05,2024,0.5,202408010104,2024-01-06,2021106054|2021102083,4,400.0,0.0,-400.0,0
FIXED_A05,2024,0.5,202408010111,2024-01-06,2016103884|2018103929,4,400.0,0.0,-400.0,0
FIXED_A05,2024,0.5,202406010202,2024-01-07,2021101204|2021102126,4,400.0,0.0,-400.0,0
FIXED_A05,2024,0.5,202406010206,2024-01-07,2021101988|2021104499,4,400.0,0.0,-400.0,0
FIXED_A05,2024,0.5,202406010208,2024-01-07,2019102953|2020110121,4,400.0,0.0,-400.0,0
FIXED_A05,2024,0.5,202406010210,2024-01-07,2015103217|2019101908,4,400.0,0.0,-400.0,0
FIXED_A05,2024,0.5,202406010304,2024-01-08,2021102766|2021102879,4,400.0,0.0,-400.0,0
FIXED_A05,2024,0.5,202406010311,2024-01-08,2015104699|2018100040,4,400.0,0.0,-400.0,0
FIXED_A05,2024,0.5,202406010312,2024-01-08,2019104842|2016106395,4,400.0,0.0,-400.0,0
FIXED_A05,2024,0.5,202408010303,2024-01-08,2021104227|2021102810,4,400.0,0.0,-400.0,0
FIXED_A05,2024,0.5,202408010305,2024-01-08,2021102619|2021110082,4,400.0,0.0,-400.0,0
FIXED_A05,2024,0.5,202408010311,2024-01-08,2021103080|2021100953,4,400.0,216260.0,215860.0,1
FIXED_A05,2024,0.5,202406010407,2024-01-13,2020101400|2020101112,4,400.0,0.0,-400.0,0
FIXED_A05,2024,0.5,202406010411,2024-01-13,2017105460|2018110043,4,400.0,0.0,-400.0,0
FIXED_A05,2024,0.5,202408010404,2024-01-13,2021103154|2021102903,4,400.0,0.0,-400.0,0
FIXED_A05,2024,0.5,202408010411,2024-01-13,2018102360|2019102576,4,400.0,0.0,-400.0,0
FIXED_A05,2024,0.5,202408010412,2024-01-13,2020100997|2019105396,4,400.0,0.0,-400.0,0
FIXED_A05,2024,0.5,202410010109,2024-01-13,2019105073|2019101607,4,400.0,0.0,-400.0,0
FIXED_A05,2024,0.5,202408010503,2024-01-14,2021103197|2021106151,4,400.0,0.0,-400.0,0
FIXED_A05,2024,0.5,202408010505,2024-01-14,2021104427,2,200.0,0.0,-200.0,0
FIXED_A05,2024,0.5,202408010506,2024-01-14,2021100717|2021101680,4,400.0,0.0,-400.0,0
FIXED_A05,2024,0.5,202410010210,2024-01-14,2019100167|2019105498,4,400.0,0.0,-400.0,0
FIXED_A05,2024,0.5,202406010603,2024-01-20,2021102027|2021110143,4,400.0,0.0,-400.0,0
FIXED_A05,2024,0.5,202406010604,2024-01-20,2021104271|2021102307,4,400.0,0.0,-400.0,0
FIXED_A05,2024,0.5,202406010612,2024-01-20,2020103118|2019106416,4,400.0,0.0,-400.0,0
FIXED_A05,2024,0.5,202408010603,2024-01-20,2021105949|2021107153,4,400.0,0.0,-400.0,0
FIXED_A05,2024,0.5,202408010605,2024-01-20,2021105013|2021103069,4,400.0,0.0,-400.0,0
FIXED_A05,2024,0.5,202410010312,2024-01-20,2020104415|2020100305,4,400.0,0.0,-400.0,0
FIXED_A05,2024,0.5,202406010706,2024-01-21,2021100957|2021103037,4,400.0,0.0,-400.0,0
FIXED_A05,2024,0.5,202406010710,2024-01-21,2018101075|2019105604,4,400.0,0.0,-400.0,0
FIXED_A05,2024,0.5,202408010702,2024-01-21,2021103928|2021104406,4,400.0,0.0,-400.0,0
FIXED_A05,2024,0.5,202408010705,2024-01-21,2021106752|2021100739,4,400.0,0.0,-400.0,0
FIXED_A05,2024,0.5,202408010711,2024-01-21,2018104059|2020104239,4,400.0,0.0,-400.0,0
FIXED_A05,2024,0.5,202410010405,2024-01-21,2021106333|2021103167,4,400.0,0.0,-400.0,0
FIXED_A05,2024,0.5,202410010407,2024-01-21,2021101686|2021105178,4,400.0,0.0,-400.0,0
FIXED_A05,2024,0.5,202410010409,2024-01-21,2020103721|2019104560,4,400.0,0.0,-400.0,0
FIXED_A05,2024,0.5,202405010109,2024-01-27,2018102666|2018103150,4,400.0,0.0,-400.0,0
FIXED_A05,2024,0.5,202408020104,2024-01-27,2021104209|2021106720,4,400.0,0.0,-400.0,0
FIXED_A05,2024,0.5,202408020112,2024-01-27,2018103200|2020106131,4,400.0,0.0,-400.0,0
FIXED_A05,2024,0.5,202410010508,2024-01-27,2015105573|2015104367,4,400.0,0.0,-400.0,0
FIXED_A05,2024,0.5,202410010510,2024-01-27,2019109109|2019103017,4,400.0,0.0,-400.0,0
FIXED_A05,2024,0.5,202410010512,2024-01-27,2020102507|2020103588,4,400.0,0.0,-400.0,0
FIXED_A05,2024,0.5,202405010202,2024-01-28,2021107291|2021105294,4,400.0,0.0,-400.0,0
FIXED_A05,2024,0.5,202405010205,2024-01-28,2021102104|2021102287,4,400.0,0.0,-400.0,0
FIXED_A05,2024,0.5,202408020205,2024-01-28,2021102835|2021105002,4,400.0,0.0,-400.0,0
FIXED_A05,2024,0.5,202408020210,2024-01-28,2017105408|2020101025,4,400.0,0.0,-400.0,0
FIXED_A05,2024,0.5,202408020211,2024-01-28,2020101678|2019110001,4,400.0,0.0,-400.0,0
FIXED_A05,2024,0.5,202410010602,2024-01-28,2021100228|2021104057,4,400.0,0.0,-400.0,0
FIXED_A05,2024,0.5,202410010605,2024-01-28,2021107214|2021106019,4,400.0,0.0,-400.0,0
FIXED_A05,2024,0.5,202410010611,2024-01-28,2018106345|2016104227,4,400.0,0.0,-400.0,0
FIXED_A05,2024,0.5,202408020304,2024-02-03,2021102729|2021105146,4,400.0,0.0,-400.0,0
FIXED_A05,2024,0.5,202408020312,2024-02-03,2020104780|2017100392,4,400.0,0.0,-400.0,0
FIXED_A05,2024,0.5,202410010708,2024-02-03,2019101675|2018104857,4,400.0,0.0,-400.0,0
FIXED_A05,2024,0.5,202405010403,2024-02-04,2021105034|2021100841,4,400.0,0.0,-400.0,0
FIXED_A05,2024,0.5,202405010404,2024-02-04,2020102778|2020102962,4,400.0,0.0,-400.0,0
FIXED_A05,2024,0.5,202405010405,2024-02-04,2021103542|2021104154,4,400.0,0.0,-400.0,0
FIXED_A05,2024,0.5,202405010408,2024-02-04,2019109138|2019105551,4,400.0,0.0,-400.0,0
FIXED_A05,2024,0.5,202405010411,2024-02-04,2019103973|2019104057,4,400.0,0.0,-400.0,0
FIXED_A05,2024,0.5,202410010810,2024-02-04,2018104517|2018105137,4,400.0,0.0,-400.0,0
FIXED_A05,2024,0.5,202405010502,2024-02-10,2021100714|2021103126,4,400.0,0.0,-400.0,0
FIXED_A05,2024,0.5,202405010512,2024-02-10,2019104635,2,200.0,0.0,-200.0,0
FIXED_A05,2024,0.5,202408020504,2024-02-10,2021101917|2021100497,4,400.0,0.0,-400.0,0
FIXED_A05,2024,0.5,202408020508,2024-02-10,2020104960|2019103013,4,400.0,0.0,-400.0,0
FIXED_A05,2024,0.5,202410020102,2024-02-10,2021105768|2021101098,4,400.0,0.0,-400.0,0
FIXED_A05,2024,0.5,202410020112,2024-02-10,2019101833|2019101446,4,400.0,0.0,-400.0,0
FIXED_A05,2024,0.5,202405010704,2024-02-17,2021101219|2021102232,4,400.0,0.0,-400.0,0
FIXED_A05,2024,0.5,202408020704,2024-02-17,2021102593,2,200.0,0.0,-200.0,0
FIXED_A05,2024,0.5,202408020708,2024-02-17,2019102460|2020107142,4,400.0,0.0,-400.0,0
FIXED_A05,2024,0.5,202410020311,2024-02-17,2019100410|2018104982,4,400.0,0.0,-400.0,0
FIXED_A05,2024,0.5,202410020312,2024-02-17,2020102507|2020100795,4,400.0,0.0,-400.0,0
FIXED_A05,2024,0.5,202408020804,2024-02-18,2021104210|2021103606,4,400.0,0.0,-400.0,0
FIXED_A05,2024,0.5,202410020410,2024-02-18,2019104738|2020102331,4,400.0,0.0,-400.0,0
FIXED_A05,2024,0.5,202406020112,2024-02-24,2019102481|2019100566,4,400.0,0.0,-400.0,0
FIXED_A05,2024,0.5,202410020507,2024-02-24,2020100072|2020102317,4,400.0,0.0,-400.0,0
FIXED_A05,2024,0.5,202406020210,2024-02-25,2018105317|2019100135,4,400.0,0.0,-400.0,0
FIXED_A05,2024,0.5,202406020211,2024-02-25,2018106834|2019101782,4,400.0,0.0,-400.0,0
FIXED_A05,2024,0.5,202409010211,2024-02-25,2017104172|2018106388,4,400.0,0.0,-400.0,0
FIXED_A05,2024,0.5,202409010212,2024-02-25,2019103013|2020107199,4,400.0,0.0,-400.0,0
FIXED_A05,2024,0.5,202410020607,2024-02-25,2020102589|2018102163,4,400.0,0.0,-400.0,0
FIXED_A05,2024,0.5,202410020707,2024-03-02,2021109052|2021107297,4,400.0,0.0,-400.0,0
FIXED_A05,2024,0.5,202410020711,2024-03-02,2019100182|2019103767,4,400.0,0.0,-400.0,0
FIXED_A05,2024,0.5,202410020810,2024-03-03,2018100378|2017101991,4,400.0,0.0,-400.0,0
FIXED_A05,2024,0.5,202406020510,2024-03-09,2018106345|2017102838,4,400.0,0.0,-400.0,0
FIXED_A05,2024,0.5,202406020511,2024-03-09,2019101629|2020106967,4,400.0,0.0,-400.0,0
FIXED_A05,2024,0.5,202407010109,2024-03-09,2019106608|2019103556,4,400.0,0.0,-400.0,0
FIXED_A05,2024,0.5,202407010211,2024-03-10,2019106698|2020102870,4,400.0,0.0,-400.0,0
FIXED_A05,2024,0.5,202407010402,2024-03-17,2021100424|2021101640,4,400.0,0.0,-400.0,0
FIXED_A05,2024,0.5,202406030112,2024-03-23,2018101625,2,200.0,0.0,-200.0,0
FIXED_A05,2024,0.5,202406030206,2024-03-24,2021106722|2021103342,4,400.0,0.0,-400.0,0
FIXED_A05,2024,0.5,202407010602,2024-03-24,2021102494|2021106642,4,400.0,0.0,-400.0,0
FIXED_A05,2024,0.5,202407010612,2024-03-24,2019100569|2019104646,4,400.0,0.0,-400.0,0
FIXED_A05,2024,0.5,202409020307,2024-03-30,2019104918|2019100786,4,400.0,0.0,-400.0,0
FIXED_A05,2024,0.5,202409020411,2024-03-31,2019105155|2019105532,4,400.0,0.0,-400.0,0
FIXED_A05,2024,0.5,202403010110,2024-04-06,2019106700|2020102391,4,400.0,0.0,-400.0,0
FIXED_A05,2024,0.5,202409020502,2024-04-06,2021106304|2021100726,4,400.0,0.0,-400.0,0
FIXED_A05,2024,0.5,202403010210,2024-04-07,2019102041|2019103274,4,400.0,0.0,-400.0,0
FIXED_A05,2024,0.5,202406030602,2024-04-07,2021101071|2021101779,4,400.0,0.0,-400.0,0
FIXED_A05,2024,0.5,202406030611,2024-04-07,2018102362|2018102360,4,400.0,0.0,-400.0,0
FIXED_A05,2024,0.5,202409020611,2024-04-07,2021103910|2021105757,4,400.0,0.0,-400.0,0
FIXED_A05,2024,0.5,202406030712,2024-04-13,2018106597|2020101271,4,400.0,0.0,-400.0,0
FIXED_A05,2024,0.5,202409020706,2024-04-13,2021100768|2021110099,4,400.0,0.0,-400.0,0
FIXED_A05,2024,0.5,202406030805,2024-04-14,2021100410|2021102049,4,400.0,0.0,-400.0,0
FIXED_A05,2024,0.5,202406030811,2024-04-14,2021105625|2021104094,4,400.0,0.0,-400.0,0
FIXED_A05,2024,0.5,202409020809,2024-04-14,2020100958|2017105070,4,400.0,0.0,-400.0,0
FIXED_A05,2024,0.5,202409020812,2024-04-14,2019103984|2019104448,4,400.0,0.0,-400.0,0
FIXED_A05,2024,0.5,202403010509,2024-04-20,2020106976|2020104824,4,400.0,0.0,-400.0,0
FIXED_A05,2024,0.5,202403010510,2024-04-20,2017106689|2019104861,4,400.0,0.0,-400.0,0
FIXED_A05,2024,0.5,202403010511,2024-04-20,2020106966|2020104572,4,400.0,0.0,-400.0,0
FIXED_A05,2024,0.5,202405020110,2024-04-20,2016105797|2020103450,4,400.0,0.0,-400.0,0
FIXED_A05,2024,0.5,202405020112,2024-04-20,2020105136|2019110123,4,400.0,0.0,-400.0,0
FIXED_A05,2024,0.5,202408030204,2024-04-21,2021102648|2021101484,4,400.0,0.0,-400.0,0
FIXED_A05,2024,0.5,202405020311,2024-04-27,2021100947|2021104646,4,400.0,0.0,-400.0,0
FIXED_A05,2024,0.5,202408030311,2024-04-27,2021106625|2021101733,4,400.0,0.0,-400.0,0
FIXED_A05,2024,0.5,202408030312,2024-04-27,2018102021|2020106795,4,400.0,0.0,-400.0,0
FIXED_A05,2024,0.5,202404010210,2024-04-28,2020104825|2020100258,4,400.0,0.0,-400.0,0
FIXED_A05,2024,0.5,202404010211,2024-04-28,2019106410|2019105775,4,400.0,0.0,-400.0,0
FIXED_A05,2024,0.5,202405020412,2024-04-28,2018101214|2019102282,4,400.0,0.0,-400.0,0
FIXED_A05,2024,0.5,202408030410,2024-04-28,2016102801|2018100141,4,400.0,0.0,-400.0,0
FIXED_A05,2024,0.5,202408030411,2024-04-28,2020105834|2016104946,4,400.0,0.0,-400.0,0
FIXED_A05,2024,0.5,202404010309,2024-05-04,2021104074|2021104140,4,400.0,0.0,-400.0,0
FIXED_A05,2024,0.5,202404010311,2024-05-04,2019101923|2019103976,4,400.0,0.0,-400.0,0
FIXED_A05,2024,0.5,202404010312,2024-05-04,2020103527|2020100347,4,400.0,0.0,-400.0,0
FIXED_A05,2024,0.5,202408030510,2024-05-04,2015104589|2019102490,4,400.0,0.0,-400.0,0
FIXED_A05,2024,0.5,202404010407,2024-05-05,2020104545|2019101605,4,400.0,0.0,-400.0,0
FIXED_A05,2024,0.5,202404010411,2024-05-05,2018105192|2020103275,4,400.0,0.0,-400.0,0
FIXED_A05,2024,0.5,202405020605,2024-05-05,2021103017|2021100361,4,400.0,0.0,-400.0,0
FIXED_A05,2024,0.5,202408030606,2024-05-05,2021101193|2021105251,4,400.0,0.0,-400.0,0
FIXED_A05,2024,0.5,202405020810,2024-05-12,2017102043|2018102394,4,400.0,0.0,-400.0,0
FIXED_A05,2024,0.5,202405020812,2024-05-12,2018102666|2020110137,4,400.0,0.0,-400.0,0
FIXED_A05,2024,0.5,202408030810,2024-05-12,2020103450|2016105060,4,400.0,0.0,-400.0,0
FIXED_A05,2024,0.5,202408030812,2024-05-12,2019106868|2019103584,4,400.0,0.0,-400.0,0
FIXED_A05,2024,0.5,202405020911,2024-05-18,2020103275|2019106698,4,400.0,0.0,-400.0,0
FIXED_A05,2024,0.5,202408030904,2024-05-18,2021110089|2021103249,4,400.0,0.0,-400.0,0
FIXED_A05,2024,0.5,202408030909,2024-05-18,2021102952|2021105528,4,400.0,0.0,-400.0,0
FIXED_A05,2024,0.5,202404010808,2024-05-19,2020102591|2019101765,4,400.0,0.0,-400.0,0
FIXED_A05,2024,0.5,202404010810,2024-05-19,2019103887|2018104208,4,400.0,0.0,-400.0,0
FIXED_A05,2024,0.5,202405021006,2024-05-19,2016102333|2020105245,4,400.0,0.0,-400.0,0
FIXED_A05,2024,0.5,202405021011,2024-05-19,2021103910|2021104427,4,400.0,0.0,-400.0,0
FIXED_A05,2024,0.5,202405021109,2024-05-25,2020100892|2019105819,4,400.0,0.0,-400.0,0
FIXED_A05,2024,0.5,202408031110,2024-05-25,2018104778|2017102952,4,400.0,0.0,-400.0,0
FIXED_A05,2024,0.5,202408031202,2024-05-26,2021102851,2,200.0,0.0,-200.0,0
FIXED_A05,2024,0.5,202408031210,2024-05-26,2018102595|2016105223,4,400.0,0.0,-400.0,0
FIXED_A05,2024,0.5,202408031212,2024-05-26,2019100653|2018105011,4,400.0,0.0,-400.0,0
FIXED_A05,2024,0.5,202405030112,2024-06-01,2019102950|2018104014,4,400.0,0.0,-400.0,0
FIXED_A05,2024,0.5,202408040109,2024-06-01,2017103278|2017100426,4,400.0,0.0,-400.0,0
FIXED_A05,2024,0.5,202405030212,2024-06-02,2019100567|2019106701,4,400.0,0.0,-400.0,0
FIXED_A05,2024,0.5,202408040212,2024-06-02,2020106593|2019103123,4,400.0,0.0,-400.0,0
FIXED_A05,2024,0.5,202402010110,2024-06-08,2019101645|2018106314,4,400.0,0.0,-400.0,0
FIXED_A05,2024,0.5,202405030308,2024-06-08,2019101646|2020101457,4,400.0,0.0,-400.0,0
FIXED_A05,2024,0.5,202408040303,2024-06-08,2021104518|2021104101,4,400.0,0.0,-400.0,0
FIXED_A05,2024,0.5,202402010201,2024-06-09,2021103025|2021104933,4,400.0,0.0,-400.0,0
FIXED_A05,2024,0.5,202402010304,2024-06-15,2021106822|2021103193,4,400.0,0.0,-400.0,0
FIXED_A05,2024,0.5,202405030607,2024-06-16,2020106472|2020106817,4,400.0,0.0,-400.0,0
FIXED_A05,2024,0.5,202408040611,2024-06-16,2020100909|2018104011,4,400.0,0.0,-400.0,0
FIXED_A05,2024,0.5,202408040707,2024-06-22,2020105914|2020101056,4,400.0,0.0,-400.0,0
FIXED_A05,2024,0.5,202408040710,2024-06-22,2020103393|2018105011,4,400.0,0.0,-400.0,0
FIXED_A05,2024,0.5,202405030810,2024-06-23,2019100723|2020106396,4,400.0,0.0,-400.0,0
FIXED_A05,2024,0.5,202405030812,2024-06-23,2020103931|2021104313,4,400.0,0.0,-400.0,0
FIXED_A05,2024,0.5,202402010703,2024-06-29,2021101790|2021105822,4,400.0,0.0,-400.0,0
FIXED_A05,2024,0.5,202402010804,2024-06-30,2021110018|2021104519,4,400.0,0.0,-400.0,0
FIXED_A05,2024,0.5,202403020205,2024-06-30,2022100103|2022103416,4,400.0,0.0,-400.0,0
FIXED_A05,2024,0.5,202403020412,2024-07-07,2019103063|2020106047,4,400.0,0.0,-400.0,0
FIXED_A05,2024,0.5,202401010111,2024-07-20,2017100403|2019105146,4,400.0,0.0,-400.0,0
FIXED_A05,2024,0.5,202401010203,2024-07-21,2021110110|2021100698,4,400.0,0.0,-400.0,0
FIXED_A05,2024,0.5,202410030809,2024-07-21,2019102496|2020101893,4,400.0,0.0,-400.0,0
FIXED_A05,2024,0.5,202410030811,2024-07-21,2020106338|2018101943,4,400.0,0.0,-400.0,0
FIXED_A05,2024,0.5,202404020102,2024-07-27,2022100145|2022101817,4,400.0,0.0,-400.0,0
FIXED_A05,2024,0.5,202401010404,2024-07-28,2021106571|2021102785,4,400.0,0.0,-400.0,0
FIXED_A05,2024,0.5,202404020211,2024-07-28,2021105237|2021107220,4,400.0,0.0,-400.0,0
FIXED_A05,2024,0.5,202401010504,2024-08-03,2021102035|2021105920,4,400.0,0.0,-400.0,0
FIXED_A05,2024,0.5,202401010506,2024-08-03,2021105385|2021101896,4,400.0,0.0,-400.0,0
FIXED_A05,2024,0.5,202404020307,2024-08-03,2019103586|2020104572,4,400.0,0.0,-400.0,0
FIXED_A05,2024,0.5,202401010609,2024-08-04,2021103125|2019101645,4,400.0,0.0,-400.0,0
FIXED_A05,2024,0.5,202401010612,2024-08-04,2020105897|2020102208,4,400.0,0.0,-400.0,0
FIXED_A05,2024,0.5,202404020406,2024-08-04,2019106870|2020100258,4,400.0,0.0,-400.0,0
FIXED_A05,2024,0.5,202404020407,2024-08-04,2021105477|2021104445,4,400.0,0.0,-400.0,0
FIXED_A05,2024,0.5,202401020109,2024-08-10,2020101337|2019100907,4,400.0,0.0,-400.0,0
FIXED_A05,2024,0.5,202404030105,2024-08-10,2022107358|2022106830,4,400.0,0.0,-400.0,0
FIXED_A05,2024,0.5,202401020204,2024-08-11,2021105787|2021101409,4,400.0,0.0,-400.0,0
FIXED_A05,2024,0.5,202401020209,2024-08-11,2018104208|2020100914,4,400.0,0.0,-400.0,0
FIXED_A05,2024,0.5,202404030202,2024-08-11,2021106099|2021101779,4,400.0,0.0,-400.0,0
FIXED_A05,2024,0.5,202404030210,2024-08-11,2018101145|2018103641,4,400.0,0.0,-400.0,0
FIXED_A05,2024,0.5,202407020206,2024-08-11,2021100223|2021101401,4,400.0,0.0,-400.0,0
FIXED_A05,2024,0.5,202404030305,2024-08-17,2022100402|2022103860,4,400.0,0.0,-400.0,0
FIXED_A05,2024,0.5,202404030306,2024-08-17,2022103751|2022106297,4,400.0,0.0,-400.0,0
FIXED_A05,2024,0.5,202404030312,2024-08-17,2020100620|2021104820,4,400.0,0.0,-400.0,0
FIXED_A05,2024,0.5,202407020305,2024-08-17,2022105345|2022104165,4,400.0,0.0,-400.0,0
FIXED_A05,2024,0.5,202407020306,2024-08-17,2022103119|2022107357,4,400.0,0.0,-400.0,0
FIXED_A05,2024,0.5,202401020410,2024-08-18,2020103915|2021102562,4,400.0,0.0,-400.0,0
FIXED_A05,2024,0.5,202407020411,2024-08-18,2019105139|2020110040,4,400.0,0.0,-400.0,0
FIXED_A05,2024,0.5,202407020505,2024-08-24,2022100420|2022107200,4,400.0,0.0,-400.0,0
FIXED_A05,2024,0.5,202407020511,2024-08-24,2017103293|2018100474,4,400.0,0.0,-400.0,0
FIXED_A05,2024,0.5,202401020611,2024-08-25,2017105661|2018110035,4,400.0,0.0,-400.0,0
FIXED_A05,2024,0.5,202404030606,2024-08-25,2022104923|2022101532,4,400.0,0.0,-400.0,0
FIXED_A05,2024,0.5,202407020606,2024-08-25,2021101634|2020100138,4,400.0,0.0,-400.0,0
FIXED_A05,2024,0.5,202401020708,2024-08-31,2017105874|2021106785,4,400.0,0.0,-400.0,0
FIXED_A05,2024,0.5,202407020706,2024-08-31,2022106323|2022104311,4,400.0,0.0,-400.0,0
FIXED_A05,2024,0.5,202401020804,2024-09-01,2021104033|2021102598,4,400.0,0.0,-400.0,0
FIXED_A05,2024,0.5,202401020811,2024-09-01,2015100744|2018103507,4,400.0,0.0,-400.0,0
FIXED_A05,2024,0.5,202404030803,2024-09-01,2021100714|2021102342,4,400.0,0.0,-400.0,0
FIXED_A05,2024,0.5,202407020806,2024-09-01,2021100407|2021106622,4,400.0,0.0,-400.0,0
FIXED_A05,2024,0.5,202407020810,2024-09-01,2014103963|2019105587,4,400.0,0.0,-400.0,0
FIXED_A05,2024,0.5,202406040104,2024-09-07,2022106926,2,200.0,0.0,-200.0,0
FIXED_A05,2024,0.5,202407030108,2024-09-07,2020102728|2020105897,4,400.0,0.0,-400.0,0
FIXED_A05,2024,0.5,202406040203,2024-09-08,2022105610|2022102042,4,400.0,0.0,-400.0,0
FIXED_A05,2024,0.5,202406040306,2024-09-14,2019101462|2018104014,4,400.0,0.0,-400.0,0
FIXED_A05,2024,0.5,202407030303,2024-09-14,2022102286|2022103199,4,400.0,0.0,-400.0,0
FIXED_A05,2024,0.5,202407030306,2024-09-14,2018104162|2020102649,4,400.0,0.0,-400.0,0
FIXED_A05,2024,0.5,202407030312,2024-09-14,2021110075|2019105434,4,400.0,0.0,-400.0,0
FIXED_A05,2024,0.5,202406040406,2024-09-15,2021100516|2021100825,4,400.0,0.0,-400.0,0
FIXED_A05,2024,0.5,202406040410,2024-09-15,2019105559|2019100215,4,400.0,0.0,-400.0,0
FIXED_A05,2024,0.5,202407030410,2024-09-15,2020103393|2018106815,4,400.0,0.0,-400.0,0
FIXED_A05,2024,0.5,202406040603,2024-09-21,2022102337|2022100316,4,400.0,0.0,-400.0,0
FIXED_A05,2024,0.5,202406040612,2024-09-21,2020102680|2018100595,4,400.0,0.0,-400.0,0
FIXED_A05,2024,0.5,202407030605,2024-09-21,2022101327|2022101598,4,400.0,0.0,-400.0,0
FIXED_A05,2024,0.5,202407030607,2024-09-21,2021101216|2021101003,4,400.0,0.0,-400.0,0
FIXED_A05,2024,0.5,202407030609,2024-09-21,2020104559|2018100442,4,400.0,0.0,-400.0,0
FIXED_A05,2024,0.5,202407030611,2024-09-21,2020106196|2019103920,4,400.0,0.0,-400.0,0
FIXED_A05,2024,0.5,202407030612,2024-09-21,2019100323|2019103824,4,400.0,0.0,-400.0,0
FIXED_A05,2024,0.5,202406040704,2024-09-22,2022103319|2022102651,4,400.0,0.0,-400.0,0
FIXED_A05,2024,0.5,202407030711,2024-09-22,2021105856|2021103272,4,400.0,0.0,-400.0,0
FIXED_A05,2024,0.5,202406040810,2024-09-28,2019101266|2018100097,4,400.0,0.0,-400.0,0
FIXED_A05,2024,0.5,202407030804,2024-09-28,2022105804|2022106565,4,400.0,0.0,-400.0,0
FIXED_A05,2024,0.5,202406040905,2024-09-29,2022105260|2022106831,4,400.0,0.0,-400.0,0
FIXED_A05,2024,0.5,202406040907,2024-09-29,2020103923|2020102895,4,400.0,0.0,-400.0,0
FIXED_A05,2024,0.5,202406040911,2024-09-29,2020102764|2021107058,4,400.0,0.0,-400.0,0
FIXED_A05,2024,0.5,202406040912,2024-09-29,2017103575|2019100284,4,400.0,0.0,-400.0,0
FIXED_A05,2024,0.5,202407030903,2024-09-29,2022100215|2022106850,4,400.0,0.0,-400.0,0
FIXED_A05,2024,0.5,202407030907,2024-09-29,2019106615|2021105528,4,400.0,0.0,-400.0,0
FIXED_A05,2024,0.5,202404040105,2024-10-05,2022100425|2022100614,4,400.0,0.0,-400.0,0
FIXED_A05,2024,0.5,202404040108,2024-10-05,2020102086|2020105327,4,400.0,0.0,-400.0,0
FIXED_A05,2024,0.5,202405040104,2024-10-05,2022105414|2022100417,4,400.0,0.0,-400.0,0
FIXED_A05,2024,0.5,202408050104,2024-10-05,2022105630,2,200.0,0.0,-200.0,0
FIXED_A05,2024,0.5,202408050105,2024-10-05,2022100210|2022103188,4,400.0,0.0,-400.0,0
FIXED_A05,2024,0.5,202408050111,2024-10-05,2019105968|2019103714,4,400.0,0.0,-400.0,0
FIXED_A05,2024,0.5,202405040210,2024-10-06,2019100167|2020106884,4,400.0,0.0,-400.0,0
FIXED_A05,2024,0.5,202408050203,2024-10-06,2022101190|2022105881,4,400.0,0.0,-400.0,0
FIXED_A05,2024,0.5,202408050204,2024-10-06,2022101025|2022105446,4,400.0,0.0,-400.0,0
FIXED_A05,2024,0.5,202408050205,2024-10-06,2022100080,2,200.0,0.0,-200.0,0
FIXED_A05,2024,0.5,202408050209,2024-10-06,2018106552|2020103450,4,400.0,0.0,-400.0,0
FIXED_A05,2024,0.5,202408050303,2024-10-12,2022106180|2022105265,4,400.0,0.0,-400.0,0
FIXED_A05,2024,0.5,202408050304,2024-10-12,2022105878|2022102236,4,400.0,0.0,-400.0,0
FIXED_A05,2024,0.5,202408050305,2024-10-12,2022100219|2022103651,4,400.0,0.0,-400.0,0
FIXED_A05,2024,0.5,202408050307,2024-10-12,2017100426|2021106394,4,400.0,0.0,-400.0,0
FIXED_A05,2024,0.5,202405040310,2024-10-13,2019100135|2019100723,4,400.0,0.0,-400.0,0
FIXED_A05,2024,0.5,202404040402,2024-10-14,2022100318|2022102811,4,400.0,0.0,-400.0,0
FIXED_A05,2024,0.5,202404040409,2024-10-14,2020107103|2021104920,4,400.0,0.0,-400.0,0
FIXED_A05,2024,0.5,202404040411,2024-10-14,2019105483|2020110040,4,400.0,0.0,-400.0,0
FIXED_A05,2024,0.5,202405040504,2024-10-19,2022103592|2022103848,4,400.0,0.0,-400.0,0
FIXED_A05,2024,0.5,202405040511,2024-10-19,2020103276|2018106532,4,400.0,0.0,-400.0,0
FIXED_A05,2024,0.5,202404040608,2024-10-20,2019104374|2020101660,4,400.0,0.0,-400.0,0
FIXED_A05,2024,0.5,202404040609,2024-10-20,2018105515|2019101403,4,400.0,0.0,-400.0,0
FIXED_A05,2024,0.5,202405040605,2024-10-20,2022101818|2022102081,4,400.0,0.0,-400.0,0
FIXED_A05,2024,0.5,202408050607,2024-10-20,2020103323|2020105533,4,400.0,0.0,-400.0,0
FIXED_A05,2024,0.5,202404040702,2024-10-26,2022107307|2022102540,4,400.0,0.0,-400.0,0
FIXED_A05,2024,0.5,202408050711,2024-10-26,2019106670|2019105505,4,400.0,0.0,-400.0,0
FIXED_A05,2024,0.5,202404040809,2024-10-27,2021104453|2019105807,4,400.0,0.0,-400.0,0
FIXED_A05,2024,0.5,202404040810,2024-10-27,2019100210|2020101195,4,400.0,0.0,-400.0,0
FIXED_A05,2024,0.5,202404040811,2024-10-27,2020101678|2018104041,4,400.0,0.0,-400.0,0
FIXED_A05,2024,0.5,202405040804,2024-10-27,2022101986|2022110153,4,400.0,0.0,-400.0,0
FIXED_A05,2024,0.5,202405040805,2024-10-27,2022102511|2022106911,4,400.0,0.0,-400.0,0
FIXED_A05,2024,0.5,202408050804,2024-10-27,2022106694|2022103972,4,400.0,0.0,-400.0,0
FIXED_A05,2024,0.5,202408050808,2024-10-27,2021103532|2020106813,4,400.0,0.0,-400.0,0
FIXED_A05,2024,0.5,202403030105,2024-11-02,2022102229|2022101005,4,400.0,0.0,-400.0,0
FIXED_A05,2024,0.5,202405050106,2024-11-02,2022102890|2022100814,4,400.0,0.0,-400.0,0
FIXED_A05,2024,0.5,202408060105,2024-11-02,2022107306|2022102133,4,400.0,0.0,-400.0,0
FIXED_A05,2024,0.5,202408060106,2024-11-02,2022101068|2022104186,4,400.0,0.0,-400.0,0
FIXED_A05,2024,0.5,202403030206,2024-11-03,2022105204|2022103321,4,400.0,0.0,-400.0,0
FIXED_A05,2024,0.5,202403030208,2024-11-03,2020106344|2021100697,4,400.0,0.0,-400.0,0
FIXED_A05,2024,0.5,202405050207,2024-11-03,2020102962|2021101385,4,400.0,0.0,-400.0,0
FIXED_A05,2024,0.5,202405050211,2024-11-03,2020102095|2018105308,4,400.0,0.0,-400.0,0
FIXED_A05,2024,0.5,202408060211,2024-11-03,2019100630|2021104756,4,400.0,0.0,-400.0,0
FIXED_A05,2024,0.5,202403030308,2024-11-09,2019105807|2021102412,4,400.0,0.0,-400.0,0
FIXED_A05,2024,0.5,202403030310,2024-11-09,2018103485|2019103193,4,400.0,0.0,-400.0,0
FIXED_A05,2024,0.5,202405050309,2024-11-09,2022100918|2022106453,4,400.0,0.0,-400.0,0
FIXED_A05,2024,0.5,202403030409,2024-11-10,2022104533|2022101983,4,400.0,0.0,-400.0,0
FIXED_A05,2024,0.5,202403030411,2024-11-10,2018101943|2020102775,4,400.0,0.0,-400.0,0
FIXED_A05,2024,0.5,202403030412,2024-11-10,2020105525|2019100195,4,400.0,0.0,-400.0,0
FIXED_A05,2024,0.5,202405050410,2024-11-10,2020103562|2019105659,4,400.0,0.0,-400.0,0
FIXED_A05,2024,0.5,202405050411,2024-11-10,2020104702|2018110043,4,400.0,0.0,-400.0,0
FIXED_A05,2024,0.5,202408060406,2024-11-10,2020104734|2021104923,4,400.0,0.0,-400.0,0
FIXED_A05,2024,0.5,202408060410,2024-11-10,2020104793|2020105627,4,400.0,0.0,-400.0,0
FIXED_A05,2024,0.5,202403030501,2024-11-16,2019101531|2020102639,4,400.0,0.0,-400.0,0
FIXED_A05,2024,0.5,202403030509,2024-11-16,2021101738|2020110042,4,400.0,0.0,-400.0,0
FIXED_A05,2024,0.5,202403030511,2024-11-16,2018106389|2018102491,4,400.0,0.0,-400.0,0
FIXED_A05,2024,0.5,202408060506,2024-11-16,2022100770|2022106518,4,400.0,0.0,-400.0,0
FIXED_A05,2024,0.5,202408060507,2024-11-16,2020102013|2020106182,4,400.0,0.0,-400.0,0
FIXED_A05,2024,0.5,202403030611,2024-11-17,2020100418|2020104136,4,400.0,0.0,-400.0,0
FIXED_A05,2024,0.5,202403030612,2024-11-17,2021101605|2020100084,4,400.0,0.0,-400.0,0
FIXED_A05,2024,0.5,202405050604,2024-11-17,2022102611|2022105905,4,400.0,0.0,-400.0,0
FIXED_A05,2024,0.5,202408060606,2024-11-17,2021102155|2021100652,4,400.0,0.0,-400.0,0
FIXED_A05,2024,0.5,202408060609,2024-11-17,2019100011|2020104843,4,400.0,0.0,-400.0,0
FIXED_A05,2024,0.5,202405050704,2024-11-23,2022104996|2022101057,4,400.0,0.0,-400.0,0
FIXED_A05,2024,0.5,202405050806,2024-11-24,2022100638,2,200.0,0.0,-200.0,0
FIXED_A05,2024,0.5,202405050807,2024-11-24,2020106899|2020101830,4,400.0,0.0,-400.0,0
FIXED_A05,2024,0.5,202408060807,2024-11-24,2021105960|2021104978,4,400.0,0.0,-400.0,0
FIXED_A05,2024,0.5,202408060810,2024-11-24,2017105574|2020103393,4,400.0,0.0,-400.0,0
FIXED_A05,2024,0.5,202408060812,2024-11-24,2018105366|2016106263,4,400.0,0.0,-400.0,0
FIXED_A05,2024,0.5,202406050105,2024-11-30,2022100209|2022100675,4,400.0,0.0,-400.0,0
FIXED_A05,2024,0.5,202406050106,2024-11-30,2022105901|2022107156,4,400.0,0.0,-400.0,0
FIXED_A05,2024,0.5,202406050112,2024-11-30,2020106795|2021100610,4,400.0,0.0,-400.0,0
FIXED_A05,2024,0.5,202407040109,2024-11-30,2020104636|2020103579,4,400.0,0.0,-400.0,0
FIXED_A05,2024,0.5,202406050204,2024-12-01,2022101287|2022103572,4,400.0,0.0,-400.0,0
FIXED_A05,2024,0.5,202406050205,2024-12-01,2022106811|2022103576,4,400.0,0.0,-400.0,0
FIXED_A05,2024,0.5,202407040202,2024-12-01,2021103488|2020103710,4,400.0,0.0,-400.0,0
FIXED_A05,2024,0.5,202407040210,2024-12-01,2020106687|2021102735,4,400.0,0.0,-400.0,0
FIXED_A05,2024,0.5,202407040212,2024-12-01,2021105783|2020102452,4,400.0,0.0,-400.0,0
FIXED_A05,2024,0.5,202408070208,2024-12-01,2020103888|2019100566,4,400.0,0.0,-400.0,0
FIXED_A05,2024,0.5,202407040305,2024-12-07,2022100220|2022103150,4,400.0,0.0,-400.0,0
FIXED_A05,2024,0.5,202407040307,2024-12-07,2020102452|2018105021,4,400.0,0.0,-400.0,0
FIXED_A05,2024,0.5,202407040311,2024-12-07,2019104937|2020105400,4,400.0,0.0,-400.0,0
FIXED_A05,2024,0.5,202406050409,2024-12-08,2018100190|2018103377,4,400.0,0.0,-400.0,0
FIXED_A05,2024,0.5,202406050410,2024-12-08,2021100150|2020104136,4,400.0,0.0,-400.0,0
FIXED_A05,2024,0.5,202406050411,2024-12-08,2019101975|2019105968,4,400.0,0.0,-400.0,0
FIXED_A05,2024,0.5,202408070411,2024-12-08,2022110069|2022100490,4,400.0,0.0,-400.0,0
FIXED_A05,2024,0.5,202406050505,2024-12-14,2022106538|2022104882,4,400.0,0.0,-400.0,0
FIXED_A05,2024,0.5,202406050508,2024-12-14,2020106549|2021101630,4,400.0,0.0,-400.0,0
FIXED_A05,2024,0.5,202406050511,2024-12-14,2020102378|2020103368,4,400.0,0.0,-400.0,0
FIXED_A05,2024,0.5,202407040504,2024-12-14,2022109031|2022107260,4,400.0,0.0,-400.0,0
FIXED_A05,2024,0.5,202407040507,2024-12-14,2021103545|2021104776,4,400.0,0.0,-400.0,0
FIXED_A05,2024,0.5,202408070506,2024-12-14,2022109028|2022104216,4,400.0,0.0,-400.0,0
FIXED_A05,2024,0.5,202408070509,2024-12-14,2019105379|2020103876,4,400.0,0.0,-400.0,0
FIXED_A05,2024,0.5,202408070512,2024-12-14,2019100572|2021110020,4,400.0,0.0,-400.0,0
FIXED_A05,2024,0.5,202406050605,2024-12-15,2022110092,2,200.0,0.0,-200.0,0
FIXED_A05,2024,0.5,202406050611,2024-12-15,2018105131|2018100420,4,400.0,0.0,-400.0,0
FIXED_A05,2024,0.5,202407040605,2024-12-15,2022102578|2022102916,4,400.0,0.0,-400.0,0
FIXED_A05,2024,0.5,202407040607,2024-12-15,2021106982|2021103289,4,400.0,0.0,-400.0,0
FIXED_A05,2024,0.5,202408070605,2024-12-15,2022100895|2022101740,4,400.0,0.0,-400.0,0
FIXED_A05,2024,0.5,202408070606,2024-12-15,2022103941|2022105885,4,400.0,0.0,-400.0,0
FIXED_A05,2024,0.5,202408070607,2024-12-15,2019102229|2018103125,4,400.0,0.0,-400.0,0
FIXED_A05,2024,0.5,202408070608,2024-12-15,2020102570|2021106544,4,400.0,0.0,-400.0,0
FIXED_A05,2024,0.5,202408070611,2024-12-15,2022104120|2022101562,4,400.0,0.0,-400.0,0
FIXED_A05,2024,0.5,202406050711,2024-12-21,2018103507|2019104767,4,400.0,0.0,-400.0,0
FIXED_A05,2024,0.5,202408070705,2024-12-21,2022106202|2022105969,4,400.0,0.0,-400.0,0
FIXED_A05,2024,0.5,202408070711,2024-12-21,2019100965|2019103034,4,400.0,0.0,-400.0,0
FIXED_A05,2024,0.5,202406050809,2024-12-22,2016102767|2016102550,4,400.0,0.0,-400.0,0
FIXED_A05,2024,0.5,202408070803,2024-12-22,2022103714|2022101598,4,400.0,0.0,-400.0,0
FIXED_A05,2024,0.5,202408070806,2024-12-22,2022100008|2022103251,4,400.0,0.0,-400.0,0
FIXED_A05,2024,0.5,202408070811,2024-12-22,2019106293|2019104841,4,400.0,0.0,-400.0,0
FIXED_A05,2024,0.5,202408070812,2024-12-22,2019101679|2021100610,4,400.0,0.0,-400.0,0
FIXED_A05,2024,0.5,202406050911,2024-12-28,2022105773|2022105033,4,400.0,0.0,-400.0,0
FIXED_A1,2024,1.0,202406010104,2024-01-06,2021109071|2021103109,4,400.0,0.0,-400.0,0
FIXED_A1,2024,1.0,202408010104,2024-01-06,2021106054|2021102083,4,400.0,0.0,-400.0,0
FIXED_A1,2024,1.0,202408010111,2024-01-06,2016103884|2018103929,4,400.0,0.0,-400.0,0
FIXED_A1,2024,1.0,202406010202,2024-01-07,2021101204|2021102126,4,400.0,0.0,-400.0,0
FIXED_A1,2024,1.0,202406010206,2024-01-07,2021101988|2021104499,4,400.0,0.0,-400.0,0
FIXED_A1,2024,1.0,202406010208,2024-01-07,2019102953|2020110121,4,400.0,0.0,-400.0,0
FIXED_A1,2024,1.0,202406010210,2024-01-07,2015103217|2019101908,4,400.0,0.0,-400.0,0
FIXED_A1,2024,1.0,202406010304,2024-01-08,2021102766|2021102879,4,400.0,0.0,-400.0,0
FIXED_A1,2024,1.0,202406010311,2024-01-08,2015104699|2018100040,4,400.0,0.0,-400.0,0
FIXED_A1,2024,1.0,202406010312,2024-01-08,2019104842|2016106395,4,400.0,0.0,-400.0,0
FIXED_A1,2024,1.0,202408010303,2024-01-08,2021104227|2021102810,4,400.0,0.0,-400.0,0
FIXED_A1,2024,1.0,202408010305,2024-01-08,2021102619|2021110082,4,400.0,0.0,-400.0,0
FIXED_A1,2024,1.0,202408010311,2024-01-08,2021103080|2021100953,4,400.0,216260.0,215860.0,1
FIXED_A1,2024,1.0,202406010407,2024-01-13,2020101400|2020101112,4,400.0,0.0,-400.0,0
FIXED_A1,2024,1.0,202406010411,2024-01-13,2017105460|2018110043,4,400.0,0.0,-400.0,0
FIXED_A1,2024,1.0,202408010404,2024-01-13,2021103154|2021102903,4,400.0,0.0,-400.0,0
FIXED_A1,2024,1.0,202408010411,2024-01-13,2018102360|2019102576,4,400.0,0.0,-400.0,0
FIXED_A1,2024,1.0,202408010412,2024-01-13,2020100997|2019105396,4,400.0,0.0,-400.0,0
FIXED_A1,2024,1.0,202410010109,2024-01-13,2019105073|2019101607,4,400.0,0.0,-400.0,0
FIXED_A1,2024,1.0,202408010503,2024-01-14,2021103197|2021106151,4,400.0,0.0,-400.0,0
FIXED_A1,2024,1.0,202408010505,2024-01-14,2021104427,2,200.0,0.0,-200.0,0
FIXED_A1,2024,1.0,202408010506,2024-01-14,2021100717|2021103821,4,400.0,0.0,-400.0,0
FIXED_A1,2024,1.0,202410010210,2024-01-14,2019100167|2019105498,4,400.0,0.0,-400.0,0
FIXED_A1,2024,1.0,202406010603,2024-01-20,2021102027|2021102025,4,400.0,0.0,-400.0,0
FIXED_A1,2024,1.0,202406010604,2024-01-20,2021104271|2021102307,4,400.0,0.0,-400.0,0
FIXED_A1,2024,1.0,202406010612,2024-01-20,2020103118|2019101825,4,400.0,0.0,-400.0,0
FIXED_A1,2024,1.0,202408010603,2024-01-20,2021105949|2021107153,4,400.0,0.0,-400.0,0
FIXED_A1,2024,1.0,202408010605,2024-01-20,2021105013|2021103069,4,400.0,0.0,-400.0,0
FIXED_A1,2024,1.0,202410010312,2024-01-20,2019104874|2020100305,4,400.0,0.0,-400.0,0
FIXED_A1,2024,1.0,202406010706,2024-01-21,2021100957|2021103037,4,400.0,0.0,-400.0,0
FIXED_A1,2024,1.0,202406010710,2024-01-21,2018101075|2019105604,4,400.0,0.0,-400.0,0
FIXED_A1,2024,1.0,202408010702,2024-01-21,2021103928|2021104406,4,400.0,0.0,-400.0,0
FIXED_A1,2024,1.0,202408010705,2024-01-21,2021106752|2021100739,4,400.0,0.0,-400.0,0
FIXED_A1,2024,1.0,202408010711,2024-01-21,2018104059|2020104239,4,400.0,0.0,-400.0,0
FIXED_A1,2024,1.0,202410010405,2024-01-21,2021103167|2021106333,4,400.0,0.0,-400.0,0
FIXED_A1,2024,1.0,202410010407,2024-01-21,2021101686|2021105178,4,400.0,0.0,-400.0,0
FIXED_A1,2024,1.0,202410010409,2024-01-21,2020103721|2019104560,4,400.0,0.0,-400.0,0
FIXED_A1,2024,1.0,202405010109,2024-01-27,2018102666|2018103150,4,400.0,0.0,-400.0,0
FIXED_A1,2024,1.0,202408020104,2024-01-27,2021104209|2021106720,4,400.0,0.0,-400.0,0
FIXED_A1,2024,1.0,202408020112,2024-01-27,2018103200|2020106131,4,400.0,0.0,-400.0,0
FIXED_A1,2024,1.0,202410010508,2024-01-27,2015105573|2015104367,4,400.0,0.0,-400.0,0
FIXED_A1,2024,1.0,202410010510,2024-01-27,2019109109|2019103017,4,400.0,0.0,-400.0,0
FIXED_A1,2024,1.0,202410010512,2024-01-27,2020102507|2020103588,4,400.0,0.0,-400.0,0
FIXED_A1,2024,1.0,202405010202,2024-01-28,2021107291|2021105294,4,400.0,0.0,-400.0,0
FIXED_A1,2024,1.0,202405010205,2024-01-28,2021102104|2021102287,4,400.0,0.0,-400.0,0
FIXED_A1,2024,1.0,202408020205,2024-01-28,2021102835|2021105002,4,400.0,0.0,-400.0,0
FIXED_A1,2024,1.0,202408020210,2024-01-28,2017105408|2020101025,4,400.0,0.0,-400.0,0
FIXED_A1,2024,1.0,202408020211,2024-01-28,2020101678|2019110001,4,400.0,0.0,-400.0,0
FIXED_A1,2024,1.0,202410010602,2024-01-28,2021100228|2021104057,4,400.0,0.0,-400.0,0
FIXED_A1,2024,1.0,202410010605,2024-01-28,2021107214|2021106019,4,400.0,0.0,-400.0,0
FIXED_A1,2024,1.0,202410010611,2024-01-28,2018106345|2016104227,4,400.0,0.0,-400.0,0
FIXED_A1,2024,1.0,202408020304,2024-02-03,2021102729|2021105146,4,400.0,0.0,-400.0,0
FIXED_A1,2024,1.0,202408020312,2024-02-03,2020104780|2017100392,4,400.0,0.0,-400.0,0
FIXED_A1,2024,1.0,202410010708,2024-02-03,2019101675|2018104857,4,400.0,0.0,-400.0,0
FIXED_A1,2024,1.0,202405010403,2024-02-04,2021105034|2021100841,4,400.0,0.0,-400.0,0
FIXED_A1,2024,1.0,202405010404,2024-02-04,2020102778|2020102962,4,400.0,0.0,-400.0,0
FIXED_A1,2024,1.0,202405010405,2024-02-04,2021103542|2021104154,4,400.0,0.0,-400.0,0
FIXED_A1,2024,1.0,202405010408,2024-02-04,2019109138|2019105551,4,400.0,0.0,-400.0,0
FIXED_A1,2024,1.0,202405010411,2024-02-04,2019103973|2019104057,4,400.0,0.0,-400.0,0
FIXED_A1,2024,1.0,202410010810,2024-02-04,2018104517|2018105137,4,400.0,0.0,-400.0,0
FIXED_A1,2024,1.0,202405010502,2024-02-10,2021100714|2021100669,4,400.0,0.0,-400.0,0
FIXED_A1,2024,1.0,202405010512,2024-02-10,2019104635,2,200.0,0.0,-200.0,0
FIXED_A1,2024,1.0,202408020504,2024-02-10,2021101917|2021100497,4,400.0,0.0,-400.0,0
FIXED_A1,2024,1.0,202408020508,2024-02-10,2020104960|2019103013,4,400.0,0.0,-400.0,0
FIXED_A1,2024,1.0,202410020102,2024-02-10,2021105768|2021101098,4,400.0,0.0,-400.0,0
FIXED_A1,2024,1.0,202410020112,2024-02-10,2019101833|2019101446,4,400.0,0.0,-400.0,0
FIXED_A1,2024,1.0,202405010704,2024-02-17,2021101219|2021102232,4,400.0,0.0,-400.0,0
FIXED_A1,2024,1.0,202408020704,2024-02-17,2021102593,2,200.0,0.0,-200.0,0
FIXED_A1,2024,1.0,202408020708,2024-02-17,2019102460|2020107142,4,400.0,0.0,-400.0,0
FIXED_A1,2024,1.0,202410020311,2024-02-17,2019100410|2018104982,4,400.0,0.0,-400.0,0
FIXED_A1,2024,1.0,202410020312,2024-02-17,2020102507|2020100795,4,400.0,0.0,-400.0,0
FIXED_A1,2024,1.0,202408020804,2024-02-18,2021104210|2021103606,4,400.0,0.0,-400.0,0
FIXED_A1,2024,1.0,202410020410,2024-02-18,2020101492|2019104738,4,400.0,0.0,-400.0,0
FIXED_A1,2024,1.0,202406020112,2024-02-24,2019102481|2019100566,4,400.0,0.0,-400.0,0
FIXED_A1,2024,1.0,202410020507,2024-02-24,2020100072|2020102317,4,400.0,0.0,-400.0,0
FIXED_A1,2024,1.0,202406020210,2024-02-25,2018105317|2018102181,4,400.0,0.0,-400.0,0
FIXED_A1,2024,1.0,202406020211,2024-02-25,2018106834|2019101782,4,400.0,0.0,-400.0,0
FIXED_A1,2024,1.0,202409010211,2024-02-25,2017104172|2018106388,4,400.0,0.0,-400.0,0
FIXED_A1,2024,1.0,202409010212,2024-02-25,2019103013|2020107199,4,400.0,0.0,-400.0,0
FIXED_A1,2024,1.0,202410020607,2024-02-25,2020102589|2018102163,4,400.0,0.0,-400.0,0
FIXED_A1,2024,1.0,202410020707,2024-03-02,2021107297|2021109052,4,400.0,0.0,-400.0,0
FIXED_A1,2024,1.0,202410020711,2024-03-02,2019100182|2019103767,4,400.0,0.0,-400.0,0
FIXED_A1,2024,1.0,202410020810,2024-03-03,2018100378|2018106552,4,400.0,0.0,-400.0,0
FIXED_A1,2024,1.0,202406020510,2024-03-09,2018106345|2017102838,4,400.0,0.0,-400.0,0
FIXED_A1,2024,1.0,202406020511,2024-03-09,2019101629|2020106967,4,400.0,0.0,-400.0,0
FIXED_A1,2024,1.0,202407010109,2024-03-09,2019106608|2019103556,4,400.0,0.0,-400.0,0
FIXED_A1,2024,1.0,202407010211,2024-03-10,2019106698|2020102870,4,400.0,0.0,-400.0,0
FIXED_A1,2024,1.0,202407010402,2024-03-17,2021100424|2021101640,4,400.0,0.0,-400.0,0
FIXED_A1,2024,1.0,202406030112,2024-03-23,2018101625,2,200.0,0.0,-200.0,0
FIXED_A1,2024,1.0,202406030206,2024-03-24,2021106722|2021103342,4,400.0,0.0,-400.0,0
FIXED_A1,2024,1.0,202407010602,2024-03-24,2021102494|2021106642,4,400.0,0.0,-400.0,0
FIXED_A1,2024,1.0,202407010612,2024-03-24,2019100569|2019104646,4,400.0,0.0,-400.0,0
FIXED_A1,2024,1.0,202409020307,2024-03-30,2019104918|2018105530,4,400.0,0.0,-400.0,0
FIXED_A1,2024,1.0,202409020411,2024-03-31,2019105155|2019105532,4,400.0,0.0,-400.0,0
FIXED_A1,2024,1.0,202403010110,2024-04-06,2019106700|2019100772,4,400.0,0.0,-400.0,0
FIXED_A1,2024,1.0,202409020502,2024-04-06,2021106304|2021100726,4,400.0,0.0,-400.0,0
FIXED_A1,2024,1.0,202403010210,2024-04-07,2019102041|2018103738,4,400.0,0.0,-400.0,0
FIXED_A1,2024,1.0,202406030602,2024-04-07,2021101071|2021101779,4,400.0,0.0,-400.0,0
FIXED_A1,2024,1.0,202406030611,2024-04-07,2018102360|2018102362,4,400.0,0.0,-400.0,0
FIXED_A1,2024,1.0,202409020611,2024-04-07,2021103910|2021105757,4,400.0,0.0,-400.0,0
FIXED_A1,2024,1.0,202406030712,2024-04-13,2018106597|2020101271,4,400.0,0.0,-400.0,0
FIXED_A1,2024,1.0,202409020706,2024-04-13,2021100768|2021110099,4,400.0,0.0,-400.0,0
FIXED_A1,2024,1.0,202406030805,2024-04-14,2021100410|2021102049,4,400.0,0.0,-400.0,0
FIXED_A1,2024,1.0,202406030811,2024-04-14,2021105625|2021104094,4,400.0,0.0,-400.0,0
FIXED_A1,2024,1.0,202409020809,2024-04-14,2020100958|2017105070,4,400.0,0.0,-400.0,0
FIXED_A1,2024,1.0,202409020812,2024-04-14,2019103984|2019104448,4,400.0,0.0,-400.0,0
FIXED_A1,2024,1.0,202403010509,2024-04-20,2020106976|2020104824,4,400.0,0.0,-400.0,0
FIXED_A1,2024,1.0,202403010510,2024-04-20,2017106689|2019104861,4,400.0,0.0,-400.0,0
FIXED_A1,2024,1.0,202403010511,2024-04-20,2020106966|2020104572,4,400.0,0.0,-400.0,0
FIXED_A1,2024,1.0,202405020110,2024-04-20,2016105797|2020103450,4,400.0,0.0,-400.0,0
FIXED_A1,2024,1.0,202405020112,2024-04-20,2020105136|2019110123,4,400.0,0.0,-400.0,0
FIXED_A1,2024,1.0,202408030204,2024-04-21,2021102648|2021102986,4,400.0,0.0,-400.0,0
FIXED_A1,2024,1.0,202405020311,2024-04-27,2021100947|2021104646,4,400.0,0.0,-400.0,0
FIXED_A1,2024,1.0,202408030311,2024-04-27,2021106625|2021101733,4,400.0,0.0,-400.0,0
FIXED_A1,2024,1.0,202408030312,2024-04-27,2018102021|2020106795,4,400.0,0.0,-400.0,0
FIXED_A1,2024,1.0,202404010210,2024-04-28,2020104825|2020100258,4,400.0,0.0,-400.0,0
FIXED_A1,2024,1.0,202404010211,2024-04-28,2019106410|2019105775,4,400.0,0.0,-400.0,0
FIXED_A1,2024,1.0,202405020412,2024-04-28,2018101214|2019102282,4,400.0,0.0,-400.0,0
FIXED_A1,2024,1.0,202408030410,2024-04-28,2016102801|2018100141,4,400.0,0.0,-400.0,0
FIXED_A1,2024,1.0,202408030411,2024-04-28,2020105834|2016104946,4,400.0,0.0,-400.0,0
FIXED_A1,2024,1.0,202404010309,2024-05-04,2021104140|2021104074,4,400.0,0.0,-400.0,0
FIXED_A1,2024,1.0,202404010311,2024-05-04,2019101923|2019103976,4,400.0,0.0,-400.0,0
FIXED_A1,2024,1.0,202404010312,2024-05-04,2020103527|2020100347,4,400.0,0.0,-400.0,0
FIXED_A1,2024,1.0,202408030510,2024-05-04,2015104589|2019102490,4,400.0,0.0,-400.0,0
FIXED_A1,2024,1.0,202404010407,2024-05-05,2020104545|2019101605,4,400.0,0.0,-400.0,0
FIXED_A1,2024,1.0,202404010411,2024-05-05,2018105192|2020103275,4,400.0,0.0,-400.0,0
FIXED_A1,2024,1.0,202405020605,2024-05-05,2021100361|2021103017,4,400.0,0.0,-400.0,0
FIXED_A1,2024,1.0,202408030606,2024-05-05,2021101193|2021105251,4,400.0,0.0,-400.0,0
FIXED_A1,2024,1.0,202405020810,2024-05-12,2017102043|2018102394,4,400.0,0.0,-400.0,0
FIXED_A1,2024,1.0,202405020812,2024-05-12,2018102666|2020110137,4,400.0,0.0,-400.0,0
FIXED_A1,2024,1.0,202408030810,2024-05-12,2020103450|2016105060,4,400.0,0.0,-400.0,0
FIXED_A1,2024,1.0,202408030812,2024-05-12,2019106868|2019103584,4,400.0,0.0,-400.0,0
FIXED_A1,2024,1.0,202405020911,2024-05-18,2020103275|2019106698,4,400.0,0.0,-400.0,0
FIXED_A1,2024,1.0,202408030904,2024-05-18,2021110089|2021110145,4,400.0,0.0,-400.0,0
FIXED_A1,2024,1.0,202408030909,2024-05-18,2021102952|2021105528,4,400.0,0.0,-400.0,0
FIXED_A1,2024,1.0,202404010808,2024-05-19,2020102591|2019101765,4,400.0,0.0,-400.0,0
FIXED_A1,2024,1.0,202404010810,2024-05-19,2019103887|2018104208,4,400.0,0.0,-400.0,0
FIXED_A1,2024,1.0,202405021006,2024-05-19,2016102333|2020105245,4,400.0,0.0,-400.0,0
FIXED_A1,2024,1.0,202405021011,2024-05-19,2021103910|2021104427,4,400.0,0.0,-400.0,0
FIXED_A1,2024,1.0,202405021109,2024-05-25,2019105819|2020100892,4,400.0,0.0,-400.0,0
FIXED_A1,2024,1.0,202408031110,2024-05-25,2018104778|2017102952,4,400.0,0.0,-400.0,0
FIXED_A1,2024,1.0,202408031202,2024-05-26,2021102851,2,200.0,0.0,-200.0,0
FIXED_A1,2024,1.0,202408031210,2024-05-26,2018102595|2016105223,4,400.0,0.0,-400.0,0
FIXED_A1,2024,1.0,202408031212,2024-05-26,2019100653|2018105011,4,400.0,0.0,-400.0,0
FIXED_A1,2024,1.0,202405030112,2024-06-01,2019102950|2018104014,4,400.0,0.0,-400.0,0
FIXED_A1,2024,1.0,202408040109,2024-06-01,2017103278|2017100426,4,400.0,0.0,-400.0,0
FIXED_A1,2024,1.0,202405030212,2024-06-02,2019100567|2019103767,4,400.0,0.0,-400.0,0
FIXED_A1,2024,1.0,202408040212,2024-06-02,2020106593|2019103123,4,400.0,0.0,-400.0,0
FIXED_A1,2024,1.0,202402010110,2024-06-08,2019101645|2018106314,4,400.0,0.0,-400.0,0
FIXED_A1,2024,1.0,202405030308,2024-06-08,2019101646|2020101457,4,400.0,0.0,-400.0,0
FIXED_A1,2024,1.0,202408040303,2024-06-08,2021104518|2021104101,4,400.0,0.0,-400.0,0
FIXED_A1,2024,1.0,202402010201,2024-06-09,2021103025|2021105303,4,400.0,0.0,-400.0,0
FIXED_A1,2024,1.0,202402010304,2024-06-15,2021106822|2021103193,4,400.0,0.0,-400.0,0
FIXED_A1,2024,1.0,202405030607,2024-06-16,2020106472|2020106817,4,400.0,0.0,-400.0,0
FIXED_A1,2024,1.0,202408040611,2024-06-16,2018104011|2020100909,4,400.0,0.0,-400.0,0
FIXED_A1,2024,1.0,202408040707,2024-06-22,2020105914|2020101056,4,400.0,0.0,-400.0,0
FIXED_A1,2024,1.0,202408040710,2024-06-22,2020103393|2020110147,4,400.0,0.0,-400.0,0
FIXED_A1,2024,1.0,202405030810,2024-06-23,2019100723|2020106396,4,400.0,0.0,-400.0,0
FIXED_A1,2024,1.0,202405030812,2024-06-23,2020103931|2021104313,4,400.0,0.0,-400.0,0
FIXED_A1,2024,1.0,202402010703,2024-06-29,2021105822|2021101790,4,400.0,0.0,-400.0,0
FIXED_A1,2024,1.0,202402010804,2024-06-30,2021110018|2021104519,4,400.0,0.0,-400.0,0
FIXED_A1,2024,1.0,202403020205,2024-06-30,2022100103|2022103416,4,400.0,0.0,-400.0,0
FIXED_A1,2024,1.0,202403020412,2024-07-07,2019103063|2020106047,4,400.0,0.0,-400.0,0
FIXED_A1,2024,1.0,202401010111,2024-07-20,2017100403|2019105146,4,400.0,0.0,-400.0,0
FIXED_A1,2024,1.0,202401010203,2024-07-21,2021110110|2021100016,4,400.0,0.0,-400.0,0
FIXED_A1,2024,1.0,202410030809,2024-07-21,2019102496|2017106722,4,400.0,0.0,-400.0,0
FIXED_A1,2024,1.0,202410030811,2024-07-21,2020106338|2018101943,4,400.0,0.0,-400.0,0
FIXED_A1,2024,1.0,202404020102,2024-07-27,2022100145|2022101817,4,400.0,0.0,-400.0,0
FIXED_A1,2024,1.0,202401010404,2024-07-28,2021106571|2021102785,4,400.0,0.0,-400.0,0
FIXED_A1,2024,1.0,202404020211,2024-07-28,2021105237|2018103603,4,400.0,0.0,-400.0,0
FIXED_A1,2024,1.0,202401010504,2024-08-03,2021102035|2021105920,4,400.0,0.0,-400.0,0
FIXED_A1,2024,1.0,202401010506,2024-08-03,2021105385|2021101896,4,400.0,0.0,-400.0,0
FIXED_A1,2024,1.0,202404020307,2024-08-03,2019103586|2020104572,4,400.0,0.0,-400.0,0
FIXED_A1,2024,1.0,202401010609,2024-08-04,2021103125|2019101645,4,400.0,0.0,-400.0,0
FIXED_A1,2024,1.0,202401010612,2024-08-04,2020105897|2021103289,4,400.0,0.0,-400.0,0
FIXED_A1,2024,1.0,202404020406,2024-08-04,2019106870|2020100258,4,400.0,0.0,-400.0,0
FIXED_A1,2024,1.0,202404020407,2024-08-04,2021105477|2021104445,4,400.0,0.0,-400.0,0
FIXED_A1,2024,1.0,202401020109,2024-08-10,2020101337|2019100907,4,400.0,0.0,-400.0,0
FIXED_A1,2024,1.0,202404030105,2024-08-10,2022107358|2022101618,4,400.0,27570.0,27170.0,1
FIXED_A1,2024,1.0,202401020204,2024-08-11,2021105787|2021101409,4,400.0,0.0,-400.0,0
FIXED_A1,2024,1.0,202401020209,2024-08-11,2018104208|2020100914,4,400.0,0.0,-400.0,0
FIXED_A1,2024,1.0,202404030202,2024-08-11,2021106099|2021101779,4,400.0,0.0,-400.0,0
FIXED_A1,2024,1.0,202404030210,2024-08-11,2018101145|2018103641,4,400.0,0.0,-400.0,0
FIXED_A1,2024,1.0,202407020206,2024-08-11,2021100223|2021101401,4,400.0,0.0,-400.0,0
FIXED_A1,2024,1.0,202404030305,2024-08-17,2022100402|2022103860,4,400.0,0.0,-400.0,0
FIXED_A1,2024,1.0,202404030306,2024-08-17,2022103751|2022106297,4,400.0,0.0,-400.0,0
FIXED_A1,2024,1.0,202404030312,2024-08-17,2020100620|2021104820,4,400.0,0.0,-400.0,0
FIXED_A1,2024,1.0,202407020305,2024-08-17,2022105345|2022104165,4,400.0,0.0,-400.0,0
FIXED_A1,2024,1.0,202407020306,2024-08-17,2022103119|2022107357,4,400.0,0.0,-400.0,0
FIXED_A1,2024,1.0,202401020410,2024-08-18,2020103915|2021102562,4,400.0,0.0,-400.0,0
FIXED_A1,2024,1.0,202407020411,2024-08-18,2019105139|2020110040,4,400.0,0.0,-400.0,0
FIXED_A1,2024,1.0,202407020505,2024-08-24,2022100420|2022107200,4,400.0,0.0,-400.0,0
FIXED_A1,2024,1.0,202407020511,2024-08-24,2017103293|2018100474,4,400.0,0.0,-400.0,0
FIXED_A1,2024,1.0,202401020611,2024-08-25,2017105661|2018110035,4,400.0,0.0,-400.0,0
FIXED_A1,2024,1.0,202404030606,2024-08-25,2022104923|2022101532,4,400.0,0.0,-400.0,0
FIXED_A1,2024,1.0,202407020606,2024-08-25,2021101634|2020100138,4,400.0,0.0,-400.0,0
FIXED_A1,2024,1.0,202401020708,2024-08-31,2017105874|2021106785,4,400.0,0.0,-400.0,0
FIXED_A1,2024,1.0,202407020706,2024-08-31,2022106323|2022104311,4,400.0,0.0,-400.0,0
FIXED_A1,2024,1.0,202401020804,2024-09-01,2021104033|2021102598,4,400.0,0.0,-400.0,0
FIXED_A1,2024,1.0,202401020811,2024-09-01,2018103507|2015100744,4,400.0,0.0,-400.0,0
FIXED_A1,2024,1.0,202404030803,2024-09-01,2021100714|2021102342,4,400.0,0.0,-400.0,0
FIXED_A1,2024,1.0,202407020806,2024-09-01,2021100407|2021106622,4,400.0,0.0,-400.0,0
FIXED_A1,2024,1.0,202407020810,2024-09-01,2014103963|2019105587,4,400.0,0.0,-400.0,0
FIXED_A1,2024,1.0,202406040104,2024-09-07,2022106926,2,200.0,0.0,-200.0,0
FIXED_A1,2024,1.0,202407030108,2024-09-07,2020105897|2020102728,4,400.0,0.0,-400.0,0
FIXED_A1,2024,1.0,202406040203,2024-09-08,2022105610|2022102042,4,400.0,0.0,-400.0,0
FIXED_A1,2024,1.0,202406040306,2024-09-14,2019101462|2018104014,4,400.0,0.0,-400.0,0
FIXED_A1,2024,1.0,202407030303,2024-09-14,2022102286|2022103199,4,400.0,0.0,-400.0,0
FIXED_A1,2024,1.0,202407030306,2024-09-14,2018104162|2020102649,4,400.0,0.0,-400.0,0
FIXED_A1,2024,1.0,202407030312,2024-09-14,2021110075|2019105434,4,400.0,0.0,-400.0,0
FIXED_A1,2024,1.0,202406040406,2024-09-15,2021100516|2021100825,4,400.0,0.0,-400.0,0
FIXED_A1,2024,1.0,202406040410,2024-09-15,2019105559|2019100215,4,400.0,0.0,-400.0,0
FIXED_A1,2024,1.0,202407030410,2024-09-15,2020103393|2018106815,4,400.0,0.0,-400.0,0
FIXED_A1,2024,1.0,202406040603,2024-09-21,2022102337|2022100316,4,400.0,0.0,-400.0,0
FIXED_A1,2024,1.0,202406040612,2024-09-21,2020102680|2021100845,4,400.0,0.0,-400.0,0
FIXED_A1,2024,1.0,202407030605,2024-09-21,2022101327|2022101598,4,400.0,0.0,-400.0,0
FIXED_A1,2024,1.0,202407030607,2024-09-21,2021101216|2021102973,4,400.0,0.0,-400.0,0
FIXED_A1,2024,1.0,202407030609,2024-09-21,2020104559|2018100442,4,400.0,0.0,-400.0,0
FIXED_A1,2024,1.0,202407030611,2024-09-21,2020106196|2019103920,4,400.0,0.0,-400.0,0
FIXED_A1,2024,1.0,202407030612,2024-09-21,2019100323|2019103824,4,400.0,0.0,-400.0,0
FIXED_A1,2024,1.0,202406040704,2024-09-22,2022103319|2022102651,4,400.0,0.0,-400.0,0
FIXED_A1,2024,1.0,202407030711,2024-09-22,2021105856|2021103272,4,400.0,0.0,-400.0,0
FIXED_A1,2024,1.0,202406040810,2024-09-28,2019101266|2018100097,4,400.0,0.0,-400.0,0
FIXED_A1,2024,1.0,202407030804,2024-09-28,2022105804|2022106565,4,400.0,0.0,-400.0,0
FIXED_A1,2024,1.0,202406040905,2024-09-29,2022105260|2022106831,4,400.0,0.0,-400.0,0
FIXED_A1,2024,1.0,202406040907,2024-09-29,2020103923|2020102895,4,400.0,0.0,-400.0,0
FIXED_A1,2024,1.0,202406040911,2024-09-29,2020102764|2021107058,4,400.0,0.0,-400.0,0
FIXED_A1,2024,1.0,202406040912,2024-09-29,2017103575|2019100284,4,400.0,0.0,-400.0,0
FIXED_A1,2024,1.0,202407030903,2024-09-29,2022100215|2022106850,4,400.0,0.0,-400.0,0
FIXED_A1,2024,1.0,202407030907,2024-09-29,2019106615|2021105528,4,400.0,0.0,-400.0,0
FIXED_A1,2024,1.0,202404040105,2024-10-05,2022100425|2022100614,4,400.0,0.0,-400.0,0
FIXED_A1,2024,1.0,202404040108,2024-10-05,2020102086|2020105327,4,400.0,0.0,-400.0,0
FIXED_A1,2024,1.0,202405040104,2024-10-05,2022105414|2022100417,4,400.0,0.0,-400.0,0
FIXED_A1,2024,1.0,202408050104,2024-10-05,2022105630,2,200.0,0.0,-200.0,0
FIXED_A1,2024,1.0,202408050105,2024-10-05,2022100210|2022103188,4,400.0,0.0,-400.0,0
FIXED_A1,2024,1.0,202408050111,2024-10-05,2019105968|2019103714,4,400.0,0.0,-400.0,0
FIXED_A1,2024,1.0,202405040210,2024-10-06,2019100167|2020106884,4,400.0,0.0,-400.0,0
FIXED_A1,2024,1.0,202408050203,2024-10-06,2022101190|2022101017,4,400.0,0.0,-400.0,0
FIXED_A1,2024,1.0,202408050204,2024-10-06,2022101025|2022105446,4,400.0,0.0,-400.0,0
FIXED_A1,2024,1.0,202408050205,2024-10-06,2022100080,2,200.0,0.0,-200.0,0
FIXED_A1,2024,1.0,202408050209,2024-10-06,2018106552|2020103450,4,400.0,0.0,-400.0,0
FIXED_A1,2024,1.0,202408050303,2024-10-12,2022106180|2022105265,4,400.0,0.0,-400.0,0
FIXED_A1,2024,1.0,202408050304,2024-10-12,2022105878|2022102236,4,400.0,0.0,-400.0,0
FIXED_A1,2024,1.0,202408050305,2024-10-12,2022100219|2022103651,4,400.0,0.0,-400.0,0
FIXED_A1,2024,1.0,202408050307,2024-10-12,2017100426|2021106394,4,400.0,0.0,-400.0,0
FIXED_A1,2024,1.0,202405040310,2024-10-13,2019100135|2019100723,4,400.0,0.0,-400.0,0
FIXED_A1,2024,1.0,202404040402,2024-10-14,2022100318|2022102811,4,400.0,0.0,-400.0,0
FIXED_A1,2024,1.0,202404040409,2024-10-14,2020107103|2021104920,4,400.0,0.0,-400.0,0
FIXED_A1,2024,1.0,202404040411,2024-10-14,2019105237|2019105483,4,400.0,0.0,-400.0,0
FIXED_A1,2024,1.0,202405040504,2024-10-19,2022103592|2022103848,4,400.0,0.0,-400.0,0
FIXED_A1,2024,1.0,202405040511,2024-10-19,2020103276|2018106532,4,400.0,0.0,-400.0,0
FIXED_A1,2024,1.0,202404040608,2024-10-20,2019104374|2020101660,4,400.0,0.0,-400.0,0
FIXED_A1,2024,1.0,202404040609,2024-10-20,2018105515|2019101403,4,400.0,0.0,-400.0,0
FIXED_A1,2024,1.0,202405040605,2024-10-20,2022102081|2022101818,4,400.0,0.0,-400.0,0
FIXED_A1,2024,1.0,202408050607,2024-10-20,2020103323|2020105533,4,400.0,0.0,-400.0,0
FIXED_A1,2024,1.0,202404040702,2024-10-26,2022107307|2022102540,4,400.0,0.0,-400.0,0
FIXED_A1,2024,1.0,202408050711,2024-10-26,2019106670|2019105505,4,400.0,0.0,-400.0,0
FIXED_A1,2024,1.0,202404040809,2024-10-27,2021104453|2019105807,4,400.0,0.0,-400.0,0
FIXED_A1,2024,1.0,202404040810,2024-10-27,2021100610|2019100210,4,400.0,0.0,-400.0,0
FIXED_A1,2024,1.0,202404040811,2024-10-27,2020101678|2018104041,4,400.0,0.0,-400.0,0
FIXED_A1,2024,1.0,202405040804,2024-10-27,2022101986|2022110153,4,400.0,0.0,-400.0,0
FIXED_A1,2024,1.0,202405040805,2024-10-27,2022102511|2022106911,4,400.0,0.0,-400.0,0
FIXED_A1,2024,1.0,202408050804,2024-10-27,2022106694|2022103972,4,400.0,0.0,-400.0,0
FIXED_A1,2024,1.0,202408050808,2024-10-27,2021103532|2020106813,4,400.0,0.0,-400.0,0
FIXED_A1,2024,1.0,202403030105,2024-11-02,2022102229|2022101005,4,400.0,0.0,-400.0,0
FIXED_A1,2024,1.0,202405050106,2024-11-02,2022102890|2022100814,4,400.0,0.0,-400.0,0
FIXED_A1,2024,1.0,202408060105,2024-11-02,2022107306|2022102133,4,400.0,0.0,-400.0,0
FIXED_A1,2024,1.0,202408060106,2024-11-02,2022101068|2022104186,4,400.0,0.0,-400.0,0
FIXED_A1,2024,1.0,202403030206,2024-11-03,2022105204|2022103321,4,400.0,0.0,-400.0,0
FIXED_A1,2024,1.0,202403030208,2024-11-03,2020106344|2021100697,4,400.0,0.0,-400.0,0
FIXED_A1,2024,1.0,202405050207,2024-11-03,2021101385|2020102962,4,400.0,0.0,-400.0,0
FIXED_A1,2024,1.0,202405050211,2024-11-03,2020102095|2018105308,4,400.0,0.0,-400.0,0
FIXED_A1,2024,1.0,202408060211,2024-11-03,2019100630|2021104756,4,400.0,0.0,-400.0,0
FIXED_A1,2024,1.0,202403030308,2024-11-09,2019105807|2021102412,4,400.0,0.0,-400.0,0
FIXED_A1,2024,1.0,202403030310,2024-11-09,2018103485|2019103193,4,400.0,0.0,-400.0,0
FIXED_A1,2024,1.0,202405050309,2024-11-09,2022100918|2022106453,4,400.0,0.0,-400.0,0
FIXED_A1,2024,1.0,202403030409,2024-11-10,2022104533|2022101983,4,400.0,0.0,-400.0,0
FIXED_A1,2024,1.0,202403030411,2024-11-10,2018101943|2020102775,4,400.0,0.0,-400.0,0
FIXED_A1,2024,1.0,202403030412,2024-11-10,2020105525|2019100195,4,400.0,0.0,-400.0,0
FIXED_A1,2024,1.0,202405050410,2024-11-10,2020103562|2019105659,4,400.0,0.0,-400.0,0
FIXED_A1,2024,1.0,202405050411,2024-11-10,2020104702|2018110043,4,400.0,0.0,-400.0,0
FIXED_A1,2024,1.0,202408060406,2024-11-10,2020104734|2021104923,4,400.0,0.0,-400.0,0
FIXED_A1,2024,1.0,202408060410,2024-11-10,2020104793|2020105627,4,400.0,0.0,-400.0,0
FIXED_A1,2024,1.0,202403030501,2024-11-16,2019101531|2020102639,4,400.0,0.0,-400.0,0
FIXED_A1,2024,1.0,202403030509,2024-11-16,2021101738|2020110042,4,400.0,0.0,-400.0,0
FIXED_A1,2024,1.0,202403030511,2024-11-16,2018106389|2018102491,4,400.0,0.0,-400.0,0
FIXED_A1,2024,1.0,202408060506,2024-11-16,2022100770|2022106518,4,400.0,0.0,-400.0,0
FIXED_A1,2024,1.0,202408060507,2024-11-16,2020102013|2021110134,4,400.0,0.0,-400.0,0
FIXED_A1,2024,1.0,202403030611,2024-11-17,2020100418|2020104136,4,400.0,0.0,-400.0,0
FIXED_A1,2024,1.0,202403030612,2024-11-17,2021101605|2020100084,4,400.0,0.0,-400.0,0
FIXED_A1,2024,1.0,202405050604,2024-11-17,2022102611|2022103467,4,400.0,0.0,-400.0,0
FIXED_A1,2024,1.0,202408060606,2024-11-17,2021102155|2021100652,4,400.0,0.0,-400.0,0
FIXED_A1,2024,1.0,202408060609,2024-11-17,2019100011|2018103507,4,400.0,0.0,-400.0,0
FIXED_A1,2024,1.0,202405050704,2024-11-23,2022104996|2022101057,4,400.0,0.0,-400.0,0
FIXED_A1,2024,1.0,202405050806,2024-11-24,2022100638,2,200.0,0.0,-200.0,0
FIXED_A1,2024,1.0,202405050807,2024-11-24,2020106899|2020101830,4,400.0,0.0,-400.0,0
FIXED_A1,2024,1.0,202408060807,2024-11-24,2021105960|2021104978,4,400.0,0.0,-400.0,0
FIXED_A1,2024,1.0,202408060810,2024-11-24,2020103393|2017105574,4,400.0,0.0,-400.0,0
FIXED_A1,2024,1.0,202408060812,2024-11-24,2018105366|2016106263,4,400.0,0.0,-400.0,0
FIXED_A1,2024,1.0,202406050105,2024-11-30,2022100209|2022100675,4,400.0,0.0,-400.0,0
FIXED_A1,2024,1.0,202406050106,2024-11-30,2022107156|2022105901,4,400.0,0.0,-400.0,0
FIXED_A1,2024,1.0,202406050112,2024-11-30,2020106795|2021100610,4,400.0,0.0,-400.0,0
FIXED_A1,2024,1.0,202407040109,2024-11-30,2020104636|2020103579,4,400.0,0.0,-400.0,0
FIXED_A1,2024,1.0,202406050204,2024-12-01,2022103572|2022101287,4,400.0,0.0,-400.0,0
FIXED_A1,2024,1.0,202406050205,2024-12-01,2022106811|2022103576,4,400.0,0.0,-400.0,0
FIXED_A1,2024,1.0,202407040202,2024-12-01,2021103488|2020103710,4,400.0,0.0,-400.0,0
FIXED_A1,2024,1.0,202407040210,2024-12-01,2020106687|2021102735,4,400.0,0.0,-400.0,0
FIXED_A1,2024,1.0,202407040212,2024-12-01,2021105783|2020102452,4,400.0,0.0,-400.0,0
FIXED_A1,2024,1.0,202408070208,2024-12-01,2020103888|2019100566,4,400.0,0.0,-400.0,0
FIXED_A1,2024,1.0,202407040305,2024-12-07,2022100220|2022103150,4,400.0,0.0,-400.0,0
FIXED_A1,2024,1.0,202407040307,2024-12-07,2020102452|2021105784,4,400.0,0.0,-400.0,0
FIXED_A1,2024,1.0,202407040311,2024-12-07,2019104937|2020105400,4,400.0,0.0,-400.0,0
FIXED_A1,2024,1.0,202406050409,2024-12-08,2018100190|2018103377,4,400.0,0.0,-400.0,0
FIXED_A1,2024,1.0,202406050410,2024-12-08,2021100150|2020104136,4,400.0,0.0,-400.0,0
FIXED_A1,2024,1.0,202406050411,2024-12-08,2019105741|2019101975,4,400.0,0.0,-400.0,0
FIXED_A1,2024,1.0,202408070411,2024-12-08,2022110069|2022100490,4,400.0,0.0,-400.0,0
FIXED_A1,2024,1.0,202406050505,2024-12-14,2022106538|2022104882,4,400.0,0.0,-400.0,0
FIXED_A1,2024,1.0,202406050508,2024-12-14,2020106549|2021101630,4,400.0,0.0,-400.0,0
FIXED_A1,2024,1.0,202406050511,2024-12-14,2020102378|2020103368,4,400.0,0.0,-400.0,0
FIXED_A1,2024,1.0,202407040504,2024-12-14,2022109031|2022107260,4,400.0,0.0,-400.0,0
FIXED_A1,2024,1.0,202407040507,2024-12-14,2021103545|2021104776,4,400.0,0.0,-400.0,0
FIXED_A1,2024,1.0,202408070506,2024-12-14,2022109028|2022104216,4,400.0,0.0,-400.0,0
FIXED_A1,2024,1.0,202408070509,2024-12-14,2019105379|2020103876,4,400.0,0.0,-400.0,0
FIXED_A1,2024,1.0,202408070512,2024-12-14,2019100572|2021110020,4,400.0,0.0,-400.0,0
FIXED_A1,2024,1.0,202406050605,2024-12-15,2022110092,2,200.0,0.0,-200.0,0
FIXED_A1,2024,1.0,202406050611,2024-12-15,2018105131|2018100420,4,400.0,0.0,-400.0,0
FIXED_A1,2024,1.0,202407040605,2024-12-15,2022102578|2022102916,4,400.0,0.0,-400.0,0
FIXED_A1,2024,1.0,202407040607,2024-12-15,2021106982|2021103289,4,400.0,0.0,-400.0,0
FIXED_A1,2024,1.0,202408070605,2024-12-15,2022100895|2022101740,4,400.0,0.0,-400.0,0
FIXED_A1,2024,1.0,202408070606,2024-12-15,2022103941|2022105885,4,400.0,0.0,-400.0,0
FIXED_A1,2024,1.0,202408070607,2024-12-15,2019102229|2018103125,4,400.0,0.0,-400.0,0
FIXED_A1,2024,1.0,202408070608,2024-12-15,2020102570|2021106544,4,400.0,0.0,-400.0,0
FIXED_A1,2024,1.0,202408070611,2024-12-15,2022104120|2022104678,4,400.0,0.0,-400.0,0
FIXED_A1,2024,1.0,202406050711,2024-12-21,2018103507|2019104767,4,400.0,0.0,-400.0,0
FIXED_A1,2024,1.0,202408070705,2024-12-21,2022106202|2022105969,4,400.0,0.0,-400.0,0
FIXED_A1,2024,1.0,202408070711,2024-12-21,2019100965|2020103075,4,400.0,0.0,-400.0,0
FIXED_A1,2024,1.0,202406050809,2024-12-22,2016102550|2016102767,4,400.0,0.0,-400.0,0
FIXED_A1,2024,1.0,202408070803,2024-12-22,2022103714|2022101598,4,400.0,0.0,-400.0,0
FIXED_A1,2024,1.0,202408070806,2024-12-22,2022100008|2022103251,4,400.0,0.0,-400.0,0
FIXED_A1,2024,1.0,202408070811,2024-12-22,2019106293|2019104841,4,400.0,0.0,-400.0,0
FIXED_A1,2024,1.0,202408070812,2024-12-22,2019101679|2021100610,4,400.0,0.0,-400.0,0
FIXED_A1,2024,1.0,202406050911,2024-12-28,2022105773|2022105033,4,400.0,0.0,-400.0,0
WF_SELECTED,2025,0.0,202506010108,2025-01-05,2019103806|2020100656,4,400.0,0.0,-400.0,0
WF_SELECTED,2025,0.0,202506010110,2025-01-05,2022102920|2022107106,4,400.0,0.0,-400.0,0
WF_SELECTED,2025,0.0,202506010111,2025-01-05,2019101782|2019105239,4,400.0,0.0,-400.0,0
WF_SELECTED,2025,0.0,202507010105,2025-01-05,2022100971|2022105025,4,400.0,0.0,-400.0,0
WF_SELECTED,2025,0.0,202507010108,2025-01-05,2021102573|2019103825,4,400.0,0.0,-400.0,0
WF_SELECTED,2025,0.0,202507010112,2025-01-05,2021102727|2021104669,4,400.0,0.0,-400.0,0
WF_SELECTED,2025,0.0,202507010207,2025-01-06,2021103283|2021110065,4,400.0,0.0,-400.0,0
WF_SELECTED,2025,0.0,202507010209,2025-01-06,2019104080|2020106491,4,400.0,0.0,-400.0,0
WF_SELECTED,2025,0.0,202507010210,2025-01-06,2020106234|2020103279,4,400.0,0.0,-400.0,0
WF_SELECTED,2025,0.0,202507010211,2025-01-06,2018105308|2020104764,4,400.0,52080.0,51680.0,1
WF_SELECTED,2025,0.0,202506010305,2025-01-11,2022100009|2022103710,4,400.0,0.0,-400.0,0
WF_SELECTED,2025,0.0,202507010305,2025-01-11,2022105727|2022104550,4,400.0,0.0,-400.0,0
WF_SELECTED,2025,0.0,202507010405,2025-01-12,2022100652|2022101152,4,400.0,0.0,-400.0,0
WF_SELECTED,2025,0.0,202507010406,2025-01-12,2022104937|2022104495,4,400.0,0.0,-400.0,0
WF_SELECTED,2025,0.0,202507010412,2025-01-12,2021110079|2020104015,4,400.0,0.0,-400.0,0
WF_SELECTED,2025,0.0,202506010509,2025-01-13,2020101402|2020100593,4,400.0,0.0,-400.0,0
WF_SELECTED,2025,0.0,202506010512,2025-01-13,2021101383|2020101140,4,400.0,0.0,-400.0,0
WF_SELECTED,2025,0.0,202507010501,2025-01-13,2022100771|2022104305,4,400.0,0.0,-400.0,0
WF_SELECTED,2025,0.0,202506010603,2025-01-18,2022102013|2022105799,4,400.0,0.0,-400.0,0
WF_SELECTED,2025,0.0,202506010609,2025-01-18,2022100896|2022105532,4,400.0,0.0,-400.0,0
WF_SELECTED,2025,0.0,202507010601,2025-01-18,2022103285|2022104792,4,400.0,0.0,-400.0,0
WF_SELECTED,2025,0.0,202507010603,2025-01-18,2022100647|2022100933,4,400.0,0.0,-400.0,0
WF_SELECTED,2025,0.0,202507010604,2025-01-18,2022107069|2022102639,4,400.0,0.0,-400.0,0
WF_SELECTED,2025,0.0,202507010605,2025-01-18,2022104817|2022103263,4,400.0,0.0,-400.0,0
WF_SELECTED,2025,0.0,202506010705,2025-01-19,2022101105|2022101633,4,400.0,0.0,-400.0,0
WF_SELECTED,2025,0.0,202506010710,2025-01-19,2019105505|2019100541,4,400.0,0.0,-400.0,0
WF_SELECTED,2025,0.0,202507010705,2025-01-19,2022105331|2022105756,4,400.0,0.0,-400.0,0
WF_SELECTED,2025,0.0,202506010804,2025-01-25,2022100153|2022103257,4,400.0,0.0,-400.0,0
WF_SELECTED,2025,0.0,202506010805,2025-01-25,2022103919|2022105614,4,400.0,0.0,-400.0,0
WF_SELECTED,2025,0.0,202507010808,2025-01-25,2021106639|2019100566,4,400.0,0.0,-400.0,0
WF_SELECTED,2025,0.0,202510010106,2025-01-25,2022102312|2022103533,4,400.0,0.0,-400.0,0
WF_SELECTED,2025,0.0,202510010107,2025-01-25,2020102864|2021106768,4,400.0,0.0,-400.0,0
WF_SELECTED,2025,0.0,202510010108,2025-01-25,2020105578|2021103841,4,400.0,0.0,-400.0,0
WF_SELECTED,2025,0.0,202510010111,2025-01-25,2019103430|2019105571,4,400.0,0.0,-400.0,0
WF_SELECTED,2025,0.0,202506010906,2025-01-26,2021103770|2020106549,4,400.0,0.0,-400.0,0
WF_SELECTED,2025,0.0,202507010911,2025-01-26,2020104861|2020102095,4,400.0,0.0,-400.0,0
WF_SELECTED,2025,0.0,202510010209,2025-01-26,2021102164|2017101448,4,400.0,0.0,-400.0,0
WF_SELECTED,2025,0.0,202505010107,2025-02-01,2020102944|2021106802,4,400.0,0.0,-400.0,0
WF_SELECTED,2025,0.0,202505010109,2025-02-01,2018104332|2018106693,4,400.0,0.0,-400.0,0
WF_SELECTED,2025,0.0,202508010105,2025-02-01,2022105882|2022107191,4,400.0,0.0,-400.0,0
WF_SELECTED,2025,0.0,202510010309,2025-02-01,2020105552|2020105533,4,400.0,0.0,-400.0,0
WF_SELECTED,2025,0.0,202510010311,2025-02-01,2021101535|2020102971,4,400.0,0.0,-400.0,0
WF_SELECTED,2025,0.0,202510010312,2025-02-01,2020101171|2020104780,4,400.0,0.0,-400.0,0
WF_SELECTED,2025,0.0,202508010212,2025-02-02,2021105567|2020100678,4,400.0,0.0,-400.0,0
WF_SELECTED,2025,0.0,202510010407,2025-02-02,2019105271|2021103236,4,400.0,0.0,-400.0,0
WF_SELECTED,2025,0.0,202510010410,2025-02-02,2021105039|2020103898,4,400.0,0.0,-400.0,0
WF_SELECTED,2025,0.0,202510010411,2025-02-02,2018100664|2018101796,4,400.0,0.0,-400.0,0
WF_SELECTED,2025,0.0,202510010412,2025-02-02,2020101140|2021104137,4,400.0,0.0,-400.0,0
WF_SELECTED,2025,0.0,202505010302,2025-02-08,2022103450|2022106103,4,400.0,0.0,-400.0,0
WF_SELECTED,2025,0.0,202505010309,2025-02-08,2022103443|2022104870,4,400.0,0.0,-400.0,0
WF_SELECTED,2025,0.0,202510010511,2025-02-08,2020104793|2019105095,4,400.0,0.0,-400.0,0
WF_SELECTED,2025,0.0,202510010512,2025-02-08,2019106251|2021104140,4,400.0,0.0,-400.0,0
WF_SELECTED,2025,0.0,202505010404,2025-02-09,2022107184|2022105761,4,400.0,0.0,-400.0,0
WF_SELECTED,2025,0.0,202508010405,2025-02-09,2022105561|2022103879,4,400.0,0.0,-400.0,0
WF_SELECTED,2025,0.0,202510010601,2025-02-09,2022101330|2022102747,4,400.0,0.0,-400.0,0
WF_SELECTED,2025,0.0,202508010304,2025-02-10,2022101024,2,200.0,0.0,-200.0,0
WF_SELECTED,2025,0.0,202505010505,2025-02-15,2022100186|2022106347,4,400.0,0.0,-400.0,0
WF_SELECTED,2025,0.0,202508010511,2025-02-15,2020104564|2019100581,4,400.0,0.0,-400.0,0
WF_SELECTED,2025,0.0,202505010606,2025-02-16,2021100441|2021106811,4,400.0,0.0,-400.0,0
WF_SELECTED,2025,0.0,202505010609,2025-02-16,2020103066|2018105157,4,400.0,0.0,-400.0,0
WF_SELECTED,2025,0.0,202508010605,2025-02-16,2022106510|2022104819,4,400.0,0.0,-400.0,0
WF_SELECTED,2025,0.0,202505010711,2025-02-22,2020103308|2018105308,4,400.0,0.0,-400.0,0
WF_SELECTED,2025,0.0,202508010704,2025-02-22,2022102716|2022102649,4,400.0,0.0,-400.0,0
WF_SELECTED,2025,0.0,202508010710,2025-02-22,2021101523|2019106632,4,400.0,0.0,-400.0,0
WF_SELECTED,2025,0.0,202510010909,2025-02-22,2020102965|2021100158,4,400.0,0.0,-400.0,0
WF_SELECTED,2025,0.0,202510010910,2025-02-22,2020105205|2019102384,4,400.0,0.0,-400.0,0
WF_SELECTED,2025,0.0,202510011012,2025-02-23,2020101920|2021106178,4,400.0,0.0,-400.0,0
WF_SELECTED,2025,0.0,202510011112,2025-03-01,2020102950|2021105873,4,400.0,0.0,-400.0,0
WF_SELECTED,2025,0.0,202506020212,2025-03-02,2019100800|2019105286,4,400.0,0.0,-400.0,0
WF_SELECTED,2025,0.0,202509010204,2025-03-02,2022106584|2022103229,4,400.0,0.0,-400.0,0
WF_SELECTED,2025,0.0,202509010205,2025-03-02,2022105355|2022103879,4,400.0,0.0,-400.0,0
WF_SELECTED,2025,0.0,202509010206,2025-03-02,2022104937|2022105974,4,400.0,0.0,-400.0,0
WF_SELECTED,2025,0.0,202510011202,2025-03-02,2022101704|2022100070,4,400.0,0.0,-400.0,0
WF_SELECTED,2025,0.0,202510011206,2025-03-02,2021100284|2021110078,4,400.0,0.0,-400.0,0
WF_SELECTED,2025,0.0,202510011207,2025-03-02,2021104180|2020106788,4,400.0,0.0,-400.0,0
WF_SELECTED,2025,0.0,202510011212,2025-03-02,2018103802|2019100689,4,400.0,0.0,-400.0,0
WF_SELECTED,2025,0.0,202506020311,2025-03-08,2020105626|2020100909,4,400.0,0.0,-400.0,0
WF_SELECTED,2025,0.0,202509010411,2025-03-09,2019105775|2018105277,4,400.0,0.0,-400.0,0
WF_SELECTED,2025,0.0,202506020507,2025-03-15,2022105253|2022106317,4,400.0,0.0,-400.0,0
WF_SELECTED,2025,0.0,202506020509,2025-03-15,2020110132,2,200.0,0.0,-200.0,0
WF_SELECTED,2025,0.0,202507020111,2025-03-15,2020110055|2020106396,4,400.0,0.0,-400.0,0
WF_SELECTED,2025,0.0,202506020608,2025-03-16,2021101440|2021102969,4,400.0,0.0,-400.0,0
WF_SELECTED,2025,0.0,202507020212,2025-03-16,2021107062|2021104424,4,400.0,0.0,-400.0,0
WF_SELECTED,2025,0.0,202509010605,2025-03-16,2022103705|2022103243,4,400.0,0.0,-400.0,0
WF_SELECTED,2025,0.0,202509010607,2025-03-16,2021107047|2020104570,4,400.0,0.0,-400.0,0
WF_SELECTED,2025,0.0,202506020707,2025-03-22,2020100307|2021106104,4,400.0,0.0,-400.0,0
WF_SELECTED,2025,0.0,202506020711,2025-03-22,2022106709|2022104874,4,400.0,0.0,-400.0,0
WF_SELECTED,2025,0.0,202509010709,2025-03-22,2019106739|2018103902,4,400.0,0.0,-400.0,0
WF_SELECTED,2025,0.0,202509010712,2025-03-22,2020106209|2018102956,4,400.0,0.0,-400.0,0
WF_SELECTED,2025,0.0,202506020804,2025-03-23,2020103918|2020100684,4,400.0,0.0,-400.0,0
WF_SELECTED,2025,0.0,202506020810,2025-03-23,2018105521|2019104762,4,400.0,0.0,-400.0,0
WF_SELECTED,2025,0.0,202506020812,2025-03-23,2020105533|2020103556,4,400.0,0.0,-400.0,0
WF_SELECTED,2025,0.0,202507020403,2025-03-23,2022104086|2022104548,4,400.0,0.0,-400.0,0
WF_SELECTED,2025,0.0,202507020411,2025-03-23,2021106834|2020101678,4,400.0,0.0,-400.0,0
WF_SELECTED,2025,0.0,202509010806,2025-03-23,2022105936|2022107134,4,400.0,0.0,-400.0,0
WF_SELECTED,2025,0.0,202507020509,2025-03-29,2020105734|2019102705,4,400.0,0.0,-400.0,0
WF_SELECTED,2025,0.0,202509020101,2025-03-29,2022106560,2,200.0,0.0,-200.0,0
WF_SELECTED,2025,0.0,202509020107,2025-03-29,2020106722|2021102787,4,400.0,0.0,-400.0,0
WF_SELECTED,2025,0.0,202509020109,2025-03-29,2022103881|2022101048,4,400.0,0.0,-400.0,0
WF_SELECTED,2025,0.0,202506030210,2025-03-30,2020105365|2020101262,4,400.0,0.0,-400.0,0
WF_SELECTED,2025,0.0,202507020605,2025-03-30,2022103899|2022110036,4,400.0,0.0,-400.0,0
WF_SELECTED,2025,0.0,202507020611,2025-03-30,2019106526|2021110031,4,400.0,0.0,-400.0,0
WF_SELECTED,2025,0.0,202509020212,2025-03-30,2020101216|2020104346,4,400.0,0.0,-400.0,0
WF_SELECTED,2025,0.0,202506030410,2025-04-06,2020103127|2020106908,4,400.0,0.0,-400.0,0
WF_SELECTED,2025,0.0,202506030412,2025-04-06,2019103442|2020104960,4,400.0,0.0,-400.0,0
WF_SELECTED,2025,0.0,202509020403,2025-04-06,2022100004|2022103730,4,400.0,0.0,-400.0,0
WF_SELECTED,2025,0.0,202509020409,2025-04-06,2022104588|2022102493,4,400.0,0.0,-400.0,0
WF_SELECTED,2025,0.0,202509020410,2025-04-06,2019106925|2020103373,4,400.0,0.0,-400.0,0
WF_SELECTED,2025,0.0,202503010110,2025-04-12,2021100198|2021105711,4,400.0,0.0,-400.0,0
WF_SELECTED,2025,0.0,202509020504,2025-04-12,2022104319|2022103147,4,400.0,0.0,-400.0,0
WF_SELECTED,2025,0.0,202509020508,2025-04-12,2021101891|2017103155,4,400.0,0.0,-400.0,0
WF_SELECTED,2025,0.0,202503010201,2025-04-13,2022106875|2022104162,4,400.0,0.0,-400.0,0
WF_SELECTED,2025,0.0,202503010210,2025-04-13,2019104660|2019103162,4,400.0,0.0,-400.0,0
WF_SELECTED,2025,0.0,202509020605,2025-04-13,2022106453|2022103188,4,400.0,0.0,-400.0,0
WF_SELECTED,2025,0.0,202509020611,2025-04-13,2022105071|2022105467,4,400.0,0.0,-400.0,0
WF_SELECTED,2025,0.0,202503010307,2025-04-19,2021106982|2020100130,4,400.0,0.0,-400.0,0
WF_SELECTED,2025,0.0,202503010311,2025-04-19,2019101330|2020106941,4,400.0,0.0,-400.0,0
WF_SELECTED,2025,0.0,202506030712,2025-04-19,2017105634|2020103888,4,400.0,0.0,-400.0,0
WF_SELECTED,2025,0.0,202509020702,2025-04-19,2022100176|2022106227,4,400.0,0.0,-400.0,0
WF_SELECTED,2025,0.0,202509020703,2025-04-19,2022104225|2022110029,4,400.0,0.0,-400.0,0
WF_SELECTED,2025,0.0,202509020810,2025-04-20,2019106691|2020104845,4,400.0,0.0,-400.0,0
WF_SELECTED,2025,0.0,202508020105,2025-04-26,2022105562|2022102188,4,400.0,0.0,-400.0,0
WF_SELECTED,2025,0.0,202503010603,2025-04-27,2022106077|2022104251,4,400.0,0.0,-400.0,0
WF_SELECTED,2025,0.0,202508020203,2025-04-27,2022105525|2022104293,4,400.0,0.0,-400.0,0
WF_SELECTED,2025,0.0,202508020210,2025-04-27,2018106663|2020102817,4,400.0,0.0,-400.0,0
WF_SELECTED,2025,0.0,202504010109,2025-05-03,2022103446|2022104062,4,400.0,0.0,-400.0,0
WF_SELECTED,2025,0.0,202504010111,2025-05-03,2020101209|2020105533,4,400.0,0.0,-400.0,0
WF_SELECTED,2025,0.0,202508020311,2025-05-03,2022103059|2022100255,4,400.0,0.0,-400.0,0
WF_SELECTED,2025,0.0,202504010209,2025-05-04,2021101219|2020103246,4,400.0,0.0,-400.0,0
WF_SELECTED,2025,0.0,202504010211,2025-05-04,2020103790|2020105517,4,400.0,0.0,-400.0,0
WF_SELECTED,2025,0.0,202505020411,2025-05-04,2022105588|2022105438,4,400.0,0.0,-400.0,0
WF_SELECTED,2025,0.0,202508020410,2025-05-04,2021106440|2020110068,4,400.0,0.0,-400.0,0
WF_SELECTED,2025,0.0,202504010310,2025-05-10,2021103555|2020104162,4,400.0,0.0,-400.0,0
WF_SELECTED,2025,0.0,202508020503,2025-05-10,2022100852|2022105770,4,400.0,0.0,-400.0,0
WF_SELECTED,2025,0.0,202504010410,2025-05-11,2020100189|2020106399,4,400.0,0.0,-400.0,0
WF_SELECTED,2025,0.0,202508020608,2025-05-11,2020104123|2020103474,4,400.0,0.0,-400.0,0
WF_SELECTED,2025,0.0,202508020612,2025-05-11,2020103636|2020106409,4,400.0,0.0,-400.0,0
WF_SELECTED,2025,0.0,202504010511,2025-05-17,2019105065|2019105532,4,400.0,0.0,-400.0,0
WF_SELECTED,2025,0.0,202508020710,2025-05-17,2021104456|2017104238,4,400.0,0.0,-400.0,0
WF_SELECTED,2025,0.0,202504010612,2025-05-18,2020100558|2020106562,4,400.0,0.0,-400.0,0
WF_SELECTED,2025,0.0,202508020812,2025-05-18,2021104210|2021102259,4,400.0,0.0,-400.0,0
WF_SELECTED,2025,0.0,202504010710,2025-05-24,2020104224|2019106416,4,400.0,0.0,-400.0,0
WF_SELECTED,2025,0.0,202505020904,2025-05-24,2022105445|2022101055,4,400.0,0.0,-400.0,0
WF_SELECTED,2025,0.0,202508020901,2025-05-24,2022101511|2022101390,4,400.0,0.0,-400.0,0
WF_SELECTED,2025,0.0,202508020903,2025-05-24,2022104474|2022110139,4,400.0,0.0,-400.0,0
WF_SELECTED,2025,0.0,202508020904,2025-05-24,2022100092|2022104934,4,400.0,0.0,-400.0,0
WF_SELECTED,2025,0.0,202508020908,2025-05-24,2021100604|2020102642,4,400.0,0.0,-400.0,0
WF_SELECTED,2025,0.0,202504010810,2025-05-25,2021104908|2021107154,4,400.0,0.0,-400.0,0
WF_SELECTED,2025,0.0,202505021008,2025-05-25,2020103246|2020106306,4,400.0,0.0,-400.0,0
WF_SELECTED,2025,0.0,202505021012,2025-05-25,2021104995|2021105004,4,400.0,0.0,-400.0,0
WF_SELECTED,2025,0.0,202508021007,2025-05-25,2022104550|2022110051,4,400.0,0.0,-400.0,0
WF_SELECTED,2025,0.0,202508021009,2025-05-25,2021105715|2020102950,4,400.0,0.0,-400.0,0
WF_SELECTED,2025,0.0,202508021010,2025-05-25,2020106877|2020101174,4,400.0,0.0,-400.0,0
WF_SELECTED,2025,0.0,202508021011,2025-05-25,2020105781|2019100581,4,400.0,0.0,-400.0,0
WF_SELECTED,2025,0.0,202505021110,2025-05-31,2021105647|2021100626,4,400.0,0.0,-400.0,0
WF_SELECTED,2025,0.0,202505021211,2025-06-01,2022104922|2022104416,4,400.0,0.0,-400.0,0
WF_SELECTED,2025,0.0,202508021206,2025-06-01,2022101202|2022106584,4,400.0,0.0,-400.0,0
WF_SELECTED,2025,0.0,202508021209,2025-06-01,2021106359|2019103983,4,400.0,0.0,-400.0,0
WF_SELECTED,2025,0.0,202505030101,2025-06-07,2021104768|2020105730,4,400.0,0.0,-400.0,0
WF_SELECTED,2025,0.0,202509030211,2025-06-08,2019105761|2014104716,4,400.0,0.0,-400.0,0
WF_SELECTED,2025,0.0,202509030212,2025-06-08,2021105677|2021102235,4,400.0,0.0,-400.0,0
WF_SELECTED,2025,0.0,202502010104,2025-06-14,2022105304|2022104718,4,400.0,0.0,-400.0,0
WF_SELECTED,2025,0.0,202502010110,2025-06-14,2019103742|2018104841,4,400.0,0.0,-400.0,0
WF_SELECTED,2025,0.0,202505030308,2025-06-14,2022103501|2020102269,4,400.0,0.0,-400.0,0
WF_SELECTED,2025,0.0,202505030312,2025-06-14,2022101532|2022106172,4,400.0,0.0,-400.0,0
WF_SELECTED,2025,0.0,202509030303,2025-06-14,2022110059|2022106178,4,400.0,0.0,-400.0,0
WF_SELECTED,2025,0.0,202509030310,2025-06-14,2021103598|2021102336,4,400.0,0.0,-400.0,0
WF_SELECTED,2025,0.0,202509030312,2025-06-14,2021106648|2020103673,4,400.0,0.0,-400.0,0
WF_SELECTED,2025,0.0,202502010209,2025-06-15,2022106045|2022105345,4,400.0,0.0,-400.0,0
WF_SELECTED,2025,0.0,202509030408,2025-06-15,2020107081|2021106177,4,400.0,0.0,-400.0,0
WF_SELECTED,2025,0.0,202509030411,2025-06-15,2019105346|2019100109,4,400.0,0.0,-400.0,0
WF_SELECTED,2025,0.0,202502010305,2025-06-21,2023100441|2023105561,4,400.0,0.0,-400.0,0
WF_SELECTED,2025,0.0,202509030508,2025-06-21,2022101821|2022105878,4,400.0,0.0,-400.0,0
WF_SELECTED,2025,0.0,202502010405,2025-06-22,2023100688|2023104313,4,400.0,0.0,-400.0,0
WF_SELECTED,2025,0.0,202502010411,2025-06-22,2020105250|2018106077,4,400.0,0.0,-400.0,0
WF_SELECTED,2025,0.0,202505030609,2025-06-22,2021105779|2019109106,4,400.0,0.0,-400.0,0
WF_SELECTED,2025,0.0,202505030610,2025-06-22,2020105203|2020103328,4,400.0,0.0,-400.0,0
WF_SELECTED,2025,0.0,202505030612,2025-06-22,2022105598|2020101086,4,400.0,0.0,-400.0,0
WF_SELECTED,2025,0.0,202502010510,2025-06-28,2019103742|2020101288,4,400.0,0.0,-400.0,0
WF_SELECTED,2025,0.0,202503020111,2025-06-28,2020104550|2019105150,4,400.0,0.0,-400.0,0
WF_SELECTED,2025,0.0,202502010606,2025-06-29,2022105336|2022105489,4,400.0,0.0,-400.0,0
WF_SELECTED,2025,0.0,202502010911,2025-07-12,2019106739|2020104843,4,400.0,0.0,-400.0,0
WF_SELECTED,2025,0.0,202503020611,2025-07-13,2019106933|2019104756,4,400.0,50320.0,49920.0,1
WF_SELECTED,2025,0.0,202510020602,2025-07-13,2022102175|2022104091,4,400.0,0.0,-400.0,0
WF_SELECTED,2025,0.0,202502011107,2025-07-19,2022103316|2020102050,4,400.0,0.0,-400.0,0
WF_SELECTED,2025,0.0,202510020710,2025-07-19,2021103125|2019103556,4,400.0,0.0,-400.0,0
WF_SELECTED,2025,0.0,202502011201,2025-07-20,2023103000|2023102476,4,400.0,0.0,-400.0,0
WF_SELECTED,2025,0.0,202503020805,2025-07-20,2023100962|2023102477,4,400.0,0.0,-400.0,0
WF_SELECTED,2025,0.0,202503020811,2025-07-20,2019105741|2020104429,4,400.0,0.0,-400.0,0
WF_SELECTED,2025,0.0,202510020802,2025-07-20,2022104501|2022109054,4,400.0,0.0,-400.0,0
WF_SELECTED,2025,0.0,202510020811,2025-07-20,2016102175|2019103823,4,400.0,0.0,-400.0,0
WF_SELECTED,2025,0.0,202510020812,2025-07-20,2020105409|2020101763,4,400.0,0.0,-400.0,0
WF_SELECTED,2025,0.0,202501010112,2025-07-26,2017103184|2018110086,4,400.0,0.0,-400.0,0
WF_SELECTED,2025,0.0,202501010207,2025-07-27,2021107262|2022105452,4,400.0,0.0,-400.0,0
WF_SELECTED,2025,0.0,202504020207,2025-07-27,2021110031|2020100792,4,400.0,0.0,-400.0,0
WF_SELECTED,2025,0.0,202501010311,2025-08-02,2020103279|2019101612,4,400.0,0.0,-400.0,0
WF_SELECTED,2025,0.0,202501010312,2025-08-02,2021101219|2021105789,4,400.0,0.0,-400.0,0
WF_SELECTED,2025,0.0,202504020402,2025-08-03,2023102909|2023103521,4,400.0,0.0,-400.0,0
WF_SELECTED,2025,0.0,202504020407,2025-08-03,2020104429|2019102137,4,400.0,0.0,-400.0,0
WF_SELECTED,2025,0.0,202507030402,2025-08-03,2023102462|2023101572,4,400.0,0.0,-400.0,0
WF_SELECTED,2025,0.0,202507030404,2025-08-03,2022107173|2022104943,4,400.0,0.0,-400.0,0
WF_SELECTED,2025,0.0,202507030412,2025-08-03,2022104910|2019104068,4,400.0,0.0,-400.0,0
WF_SELECTED,2025,0.0,202504020503,2025-08-09,2023106598|2023100354,4,400.0,0.0,-400.0,0
WF_SELECTED,2025,0.0,202504020505,2025-08-09,2019105754|2021106722,4,400.0,0.0,-400.0,0
WF_SELECTED,2025,0.0,202504020509,2025-08-09,2020103046|2018101166,4,400.0,0.0,-400.0,0
WF_SELECTED,2025,0.0,202501010607,2025-08-10,2022102749|2021100362,4,400.0,0.0,-400.0,0
WF_SELECTED,2025,0.0,202501010610,2025-08-10,2020102679|2020100151,4,400.0,0.0,-400.0,0
WF_SELECTED,2025,0.0,202501010612,2025-08-10,2021101045|2021103125,4,400.0,0.0,-400.0,0
WF_SELECTED,2025,0.0,202504020612,2025-08-10,2021104173|2022103570,4,400.0,0.0,-400.0,0
WF_SELECTED,2025,0.0,202504020805,2025-08-17,2022103578|2022100115,4,400.0,0.0,-400.0,0
WF_SELECTED,2025,0.0,202507030802,2025-08-17,2023102610|2023103862,4,400.0,0.0,-400.0,0
WF_SELECTED,2025,0.0,202507030805,2025-08-17,2022100358|2022102385,4,400.0,0.0,-400.0,0
WF_SELECTED,2025,0.0,202507030806,2025-08-17,2020101853|2020102724,4,400.0,0.0,-400.0,0
WF_SELECTED,2025,0.0,202507030810,2025-08-17,2021103484|2022106767,4,400.0,0.0,-400.0,0
WF_SELECTED,2025,0.0,202504030109,2025-08-23,2019105794|2021106939,4,400.0,0.0,-400.0,0
WF_SELECTED,2025,0.0,202501020306,2025-08-30,2022103973|2022105392,4,400.0,0.0,-400.0,0
WF_SELECTED,2025,0.0,202501020312,2025-08-30,2020103113|2021106690,4,400.0,0.0,-400.0,0
WF_SELECTED,2025,0.0,202504030306,2025-08-30,2022100190|2022105499,4,400.0,0.0,-400.0,0
WF_SELECTED,2025,0.0,202504030309,2025-08-30,2020104732|2019104746,4,400.0,0.0,-400.0,0
WF_SELECTED,2025,0.0,202507040311,2025-08-30,2019106027|2020104136,4,400.0,0.0,-400.0,0
WF_SELECTED,2025,0.0,202501020504,2025-09-06,2022103003|2022105927,4,400.0,0.0,-400.0,0
WF_SELECTED,2025,0.0,202501020509,2025-09-06,2021106811|2022101969,4,400.0,0.0,-400.0,0
WF_SELECTED,2025,0.0,202501020510,2025-09-06,2020100151|2021105659,4,400.0,0.0,-400.0,0
WF_SELECTED,2025,0.0,202506040106,2025-09-06,2023102436|2023100487,4,400.0,0.0,-400.0,0
WF_SELECTED,2025,0.0,202506040107,2025-09-06,2022103504|2022104737,4,400.0,0.0,-400.0,0
WF_SELECTED,2025,0.0,202509040206,2025-09-07,2022104900|2022100200,4,400.0,0.0,-400.0,0
WF_SELECTED,2025,0.0,202509040211,2025-09-07,2022105071|2019105512,4,400.0,0.0,-400.0,0
WF_SELECTED,2025,0.0,202506040407,2025-09-14,2022106098|2022102779,4,400.0,0.0,-400.0,0
WF_SELECTED,2025,0.0,202509040404,2025-09-14,2022102210|2022103627,4,400.0,0.0,-400.0,0
WF_SELECTED,2025,0.0,202509040411,2025-09-14,2022103304|2022105014,4,400.0,0.0,-400.0,0
WF_SELECTED,2025,0.0,202509040512,2025-09-15,2022101539|2022107397,4,400.0,0.0,-400.0,0
WF_SELECTED,2025,0.0,202506040607,2025-09-20,2021106102|2021105214,4,400.0,0.0,-400.0,0
WF_SELECTED,2025,0.0,202506040702,2025-09-21,2023105713|2023106258,4,400.0,0.0,-400.0,0
WF_SELECTED,2025,0.0,202506040704,2025-09-21,2023103216|2023102162,4,400.0,0.0,-400.0,0
WF_SELECTED,2025,0.0,202506040811,2025-09-27,2019106925,2,200.0,0.0,-200.0,0
WF_SELECTED,2025,0.0,202509040810,2025-09-27,2020101968|2020104194,4,400.0,0.0,-400.0,0
WF_SELECTED,2025,0.0,202506040905,2025-09-28,2023103290|2023102266,4,400.0,9800.0,9400.0,1
WF_SELECTED,2025,0.0,202506040906,2025-09-28,2022102058|2020104748,4,400.0,0.0,-400.0,0
WF_SELECTED,2025,0.0,202506040911,2025-09-28,2020101503|2021107058,4,400.0,0.0,-400.0,0
WF_SELECTED,2025,0.0,202509040905,2025-09-28,2023103171,2,200.0,0.0,-200.0,0
WF_SELECTED,2025,0.0,202509040908,2025-09-28,2022104649|2022105831,4,400.0,0.0,-400.0,0
WF_SELECTED,2025,0.0,202505040110,2025-10-04,2021101429|2020103517,4,400.0,0.0,-400.0,0
WF_SELECTED,2025,0.0,202505040111,2025-10-04,2021103725|2020102843,4,400.0,0.0,-400.0,0
WF_SELECTED,2025,0.0,202505040112,2025-10-04,2021106639|2019105041,4,400.0,0.0,-400.0,0
WF_SELECTED,2025,0.0,202508030110,2025-10-04,2020102971|2021102700,4,400.0,0.0,-400.0,0
WF_SELECTED,2025,0.0,202508030111,2025-10-04,2016104668|2021100522,4,400.0,0.0,-400.0,0
WF_SELECTED,2025,0.0,202505040209,2025-10-05,2021110003|2022104050,4,400.0,0.0,-400.0,0
WF_SELECTED,2025,0.0,202505040212,2025-10-05,2021104365|2021102280,4,400.0,0.0,-400.0,0
WF_SELECTED,2025,0.0,202508030211,2025-10-05,2019101847|2019105252,4,400.0,0.0,-400.0,0
WF_SELECTED,2025,0.0,202505040407,2025-10-12,2020103710|2022102260,4,400.0,0.0,-400.0,0
WF_SELECTED,2025,0.0,202505040409,2025-10-12,2021104395|2020102907,4,400.0,0.0,-400.0,0
WF_SELECTED,2025,0.0,202505040411,2025-10-12,2021101685|2019103588,4,400.0,0.0,-400.0,0
WF_SELECTED,2025,0.0,202508030407,2025-10-12,2022105577|2021105985,4,400.0,0.0,-400.0,0
WF_SELECTED,2025,0.0,202508030412,2025-10-12,2022110066|2022107012,4,400.0,0.0,-400.0,0
WF_SELECTED,2025,0.0,202505040507,2025-10-13,2022106099|2020103100,4,400.0,0.0,-400.0,0
WF_SELECTED,2025,0.0,202508030506,2025-10-13,2023100342|2023102131,4,400.0,0.0,-400.0,0
WF_SELECTED,2025,0.0,202508030512,2025-10-13,2022106915|2020107214,4,400.0,0.0,-400.0,0
WF_SELECTED,2025,0.0,202504040107,2025-10-18,2022106846|2022101191,4,400.0,0.0,-400.0,0
WF_SELECTED,2025,0.0,202504040109,2025-10-18,2022101651|2022103494,4,400.0,0.0,-400.0,0
WF_SELECTED,2025,0.0,202505040605,2025-10-18,2023100002|2023106455,4,400.0,0.0,-400.0,0
WF_SELECTED,2025,0.0,202508030605,2025-10-18,2023101318|2023106701,4,400.0,0.0,-400.0,0
WF_SELECTED,2025,0.0,202508030606,2025-10-18,2023102213|2023106514,4,400.0,6680.0,6280.0,1
WF_SELECTED,2025,0.0,202504040205,2025-10-19,2023106454|2023104980,4,400.0,0.0,-400.0,0
WF_SELECTED,2025,0.0,202504040209,2025-10-19,2022105614|2020102864,4,400.0,0.0,-400.0,0
WF_SELECTED,2025,0.0,202504040211,2025-10-19,2020105760|2020106966,4,400.0,0.0,-400.0,0
WF_SELECTED,2025,0.0,202505040704,2025-10-19,2023106448|2023100845,4,400.0,0.0,-400.0,0
WF_SELECTED,2025,0.0,202505040705,2025-10-19,2023107044|2023102734,4,400.0,0.0,-400.0,0
WF_SELECTED,2025,0.0,202508030711,2025-10-19,2022104617|2022101250,4,400.0,0.0,-400.0,0
WF_SELECTED,2025,0.0,202504040306,2025-10-25,2020104778|2021106591,4,400.0,0.0,-400.0,0
WF_SELECTED,2025,0.0,202504040311,2025-10-25,2020106535|2020106811,4,400.0,0.0,-400.0,0
WF_SELECTED,2025,0.0,202508030805,2025-10-25,2023103101|2023102996,4,400.0,0.0,-400.0,0
WF_SELECTED,2025,0.0,202508030806,2025-10-25,2023102036|2023100014,4,400.0,0.0,-400.0,0
WF_SELECTED,2025,0.0,202504040404,2025-10-26,2022105047|2022101048,4,400.0,0.0,-400.0,0
WF_SELECTED,2025,0.0,202504040407,2025-10-26,2022106792|2021104860,4,400.0,0.0,-400.0,0
WF_SELECTED,2025,0.0,202505040905,2025-10-26,2023104156|2023105883,4,400.0,0.0,-400.0,0
WF_SELECTED,2025,0.0,202508030904,2025-10-26,2023103596|2023105122,4,400.0,0.0,-400.0,0
WF_SELECTED,2025,0.0,202505041007,2025-11-01,2022101481|2022104766,4,400.0,0.0,-400.0,0
WF_SELECTED,2025,0.0,202508031006,2025-11-01,2023104965|2023104537,4,400.0,0.0,-400.0,0
WF_SELECTED,2025,0.0,202508031007,2025-11-01,2019100665|2020102339,4,400.0,0.0,-400.0,0
WF_SELECTED,2025,0.0,202508031110,2025-11-02,2020103111|2021105811,4,400.0,0.0,-400.0,0
WF_SELECTED,2025,0.0,202503030109,2025-11-08,2022105400|2022105614,4,400.0,0.0,-400.0,0
WF_SELECTED,2025,0.0,202503030112,2025-11-08,2021105868|2021104276,4,400.0,0.0,-400.0,0
WF_SELECTED,2025,0.0,202505050104,2025-11-08,2023103133|2023103084,4,400.0,0.0,-400.0,0
WF_SELECTED,2025,0.0,202505050209,2025-11-09,2023104540|2023105748,4,400.0,0.0,-400.0,0
WF_SELECTED,2025,0.0,202508040204,2025-11-09,2023106289|2023106388,4,400.0,0.0,-400.0,0
WF_SELECTED,2025,0.0,202503030312,2025-11-15,2022100962|2021104481,4,400.0,0.0,-400.0,0
WF_SELECTED,2025,0.0,202508040306,2025-11-15,2023101406|2023104226,4,400.0,0.0,-400.0,0
WF_SELECTED,2025,0.0,202508040310,2025-11-15,2021106782|2022106883,4,400.0,0.0,-400.0,0
WF_SELECTED,2025,0.0,202508040312,2025-11-15,2022104121|2022103100,4,400.0,0.0,-400.0,0
WF_SELECTED,2025,0.0,202503030403,2025-11-16,2019104261|2022105011,4,400.0,0.0,-400.0,0
WF_SELECTED,2025,0.0,202503030410,2025-11-16,2020105205|2021103033,4,400.0,0.0,-400.0,0
WF_SELECTED,2025,0.0,202503030411,2025-11-16,2021110056|2020100960,4,400.0,0.0,-400.0,0
WF_SELECTED,2025,0.0,202503030412,2025-11-16,2022106045|2022106544,4,400.0,0.0,-400.0,0
WF_SELECTED,2025,0.0,202505050411,2025-11-16,2018110043|2017104172,4,400.0,0.0,-400.0,0
WF_SELECTED,2025,0.0,202508040411,2025-11-16,2021105743|2020101608,4,400.0,0.0,-400.0,0
WF_SELECTED,2025,0.0,202508040506,2025-11-22,2023101201|2023102104,4,400.0,0.0,-400.0,0
WF_SELECTED,2025,0.0,202505050502,2025-11-23,2023106418|2023103805,4,400.0,0.0,-400.0,0
WF_SELECTED,2025,0.0,202505050504,2025-11-23,2023106494|2023100419,4,400.0,0.0,-400.0,0
WF_SELECTED,2025,0.0,202505050512,2025-11-23,2022101629|2021100198,4,400.0,0.0,-400.0,0
WF_SELECTED,2025,0.0,202508040610,2025-11-23,2019104632|2019106604,4,400.0,0.0,-400.0,0
WF_SELECTED,2025,0.0,202503030602,2025-11-24,2022103228|2022101068,4,400.0,0.0,-400.0,0
WF_SELECTED,2025,0.0,202503030604,2025-11-24,2022105371|2019105759,4,400.0,33070.0,32670.0,1
WF_SELECTED,2025,0.0,202503030608,2025-11-24,2022106905|2022100540,4,400.0,0.0,-400.0,0
WF_SELECTED,2025,0.0,202503030609,2025-11-24,2021105418|2020105796,4,400.0,0.0,-400.0,0
WF_SELECTED,2025,0.0,202503030610,2025-11-24,2021103533|2021104978,4,400.0,0.0,-400.0,0
WF_SELECTED,2025,0.0,202505050708,2025-11-29,2021101305|2020105670,4,400.0,0.0,-400.0,0
WF_SELECTED,2025,0.0,202508040707,2025-11-29,2022104214|2021105422,4,400.0,0.0,-400.0,0
WF_SELECTED,2025,0.0,202505050805,2025-11-30,2023101929|2023103968,4,400.0,0.0,-400.0,0
WF_SELECTED,2025,0.0,202507050101,2025-12-06,2023105022|2023102602,4,400.0,0.0,-400.0,0
WF_SELECTED,2025,0.0,202507050103,2025-12-06,2022101678|2022105794,4,400.0,0.0,-400.0,0
WF_SELECTED,2025,0.0,202506050203,2025-12-07,2023101578|2023104871,4,400.0,0.0,-400.0,0
WF_SELECTED,2025,0.0,202506050205,2025-12-07,2023105799|2023100290,4,400.0,0.0,-400.0,0
WF_SELECTED,2025,0.0,202506050210,2025-12-07,2020101143|2020104708,4,400.0,0.0,-400.0,0
WF_SELECTED,2025,0.0,202507050208,2025-12-07,2021101383|2021110040,4,400.0,0.0,-400.0,0
WF_SELECTED,2025,0.0,202507050209,2025-12-07,2020102962|2020104126,4,400.0,0.0,-400.0,0
WF_SELECTED,2025,0.0,202507050211,2025-12-07,2020103400|2017106404,4,400.0,0.0,-400.0,0
WF_SELECTED,2025,0.0,202509050210,2025-12-07,2021101382|2021102510,4,400.0,0.0,-400.0,0
WF_SELECTED,2025,0.0,202506050309,2025-12-13,2023105203|2023106405,4,400.0,0.0,-400.0,0
WF_SELECTED,2025,0.0,202506050311,2025-12-13,2019104159|2020100809,4,400.0,0.0,-400.0,0
WF_SELECTED,2025,0.0,202507050310,2025-12-13,2021106164|2020105670,4,400.0,0.0,-400.0,0
WF_SELECTED,2025,0.0,202507050311,2025-12-13,2021100913|2021105623,4,400.0,0.0,-400.0,0
WF_SELECTED,2025,0.0,202507050312,2025-12-13,2022100962|2019104746,4,400.0,0.0,-400.0,0
WF_SELECTED,2025,0.0,202509050301,2025-12-13,2023106926|2023103685,4,400.0,0.0,-400.0,0
WF_SELECTED,2025,0.0,202509050306,2025-12-13,2023101334|2023105977,4,400.0,0.0,-400.0,0
WF_SELECTED,2025,0.0,202506050410,2025-12-14,2020103566|2020106877,4,400.0,0.0,-400.0,0
WF_SELECTED,2025,0.0,202506050412,2025-12-14,2021101801|2021101059,4,400.0,0.0,-400.0,0
WF_SELECTED,2025,0.0,202509050411,2025-12-14,2023104523|2023109164,4,400.0,0.0,-400.0,0
WF_SELECTED,2025,0.0,202506050510,2025-12-20,2021104889|2021103574,4,400.0,0.0,-400.0,0
WF_SELECTED,2025,0.0,202507050504,2025-12-20,2023102376|2023105450,4,400.0,0.0,-400.0,0
WF_SELECTED,2025,0.0,202509050506,2025-12-20,2023102243|2023101278,4,400.0,0.0,-400.0,0
WF_SELECTED,2025,0.0,202509050512,2025-12-20,2020104825|2019105461,4,400.0,0.0,-400.0,0
WF_SELECTED,2025,0.0,202506050608,2025-12-21,2022100949|2020103676,4,400.0,0.0,-400.0,0
WF_SELECTED,2025,0.0,202507050611,2025-12-21,2019102454|2021110056,4,400.0,0.0,-400.0,0
WF_SELECTED,2025,0.0,202507050612,2025-12-21,2018104841|2021103171,4,400.0,0.0,-400.0,0
WF_SELECTED,2025,0.0,202509050607,2025-12-21,2022102604|2022100068,4,400.0,0.0,-400.0,0
WF_SELECTED,2025,0.0,202509050609,2025-12-21,2020110120|2019107016,4,400.0,0.0,-400.0,0
WF_SELECTED,2025,0.0,202509050610,2025-12-21,2021105264|2021104510,4,400.0,0.0,-400.0,0
WF_SELECTED,2025,0.0,202509050611,2025-12-21,2023102615|2023100772,4,400.0,0.0,-400.0,0
WF_SELECTED,2025,0.0,202506050705,2025-12-27,2023102332|2023101599,4,400.0,0.0,-400.0,0
WF_SELECTED,2025,0.0,202506050707,2025-12-27,2022104362|2022103288,4,400.0,0.0,-400.0,0
WF_SELECTED,2025,0.0,202509050711,2025-12-27,2021102315|2020102853,4,400.0,0.0,-400.0,0
WF_SELECTED,2025,0.0,202506050805,2025-12-28,2023100485|2023106352,4,400.0,0.0,-400.0,0
WF_SELECTED,2025,0.0,202506050806,2025-12-28,2023102771|2023104891,4,400.0,0.0,-400.0,0
WF_SELECTED,2025,0.0,202506050812,2025-12-28,2021102419|2020103066,4,400.0,0.0,-400.0,0
WF_SELECTED,2025,0.0,202509050806,2025-12-28,2023103397|2023100685,4,400.0,0.0,-400.0,0
WF_SELECTED,2025,0.0,202509050807,2025-12-28,2021110040|2020102910,4,400.0,0.0,-400.0,0
FIXED_A0,2025,0.0,202506010108,2025-01-05,2019103806|2020100656,4,400.0,0.0,-400.0,0
FIXED_A0,2025,0.0,202506010110,2025-01-05,2022102920|2022107106,4,400.0,0.0,-400.0,0
FIXED_A0,2025,0.0,202506010111,2025-01-05,2019101782|2019105239,4,400.0,0.0,-400.0,0
FIXED_A0,2025,0.0,202507010105,2025-01-05,2022100971|2022105025,4,400.0,0.0,-400.0,0
FIXED_A0,2025,0.0,202507010108,2025-01-05,2021102573|2019103825,4,400.0,0.0,-400.0,0
FIXED_A0,2025,0.0,202507010112,2025-01-05,2021102727|2021104669,4,400.0,0.0,-400.0,0
FIXED_A0,2025,0.0,202507010207,2025-01-06,2021103283|2021110065,4,400.0,0.0,-400.0,0
FIXED_A0,2025,0.0,202507010209,2025-01-06,2019104080|2020106491,4,400.0,0.0,-400.0,0
FIXED_A0,2025,0.0,202507010210,2025-01-06,2020106234|2020103279,4,400.0,0.0,-400.0,0
FIXED_A0,2025,0.0,202507010211,2025-01-06,2018105308|2020104764,4,400.0,52080.0,51680.0,1
FIXED_A0,2025,0.0,202506010305,2025-01-11,2022100009|2022103710,4,400.0,0.0,-400.0,0
FIXED_A0,2025,0.0,202507010305,2025-01-11,2022105727|2022104550,4,400.0,0.0,-400.0,0
FIXED_A0,2025,0.0,202507010405,2025-01-12,2022100652|2022101152,4,400.0,0.0,-400.0,0
FIXED_A0,2025,0.0,202507010406,2025-01-12,2022104937|2022104495,4,400.0,0.0,-400.0,0
FIXED_A0,2025,0.0,202507010412,2025-01-12,2021110079|2020104015,4,400.0,0.0,-400.0,0
FIXED_A0,2025,0.0,202506010509,2025-01-13,2020101402|2020100593,4,400.0,0.0,-400.0,0
FIXED_A0,2025,0.0,202506010512,2025-01-13,2021101383|2020101140,4,400.0,0.0,-400.0,0
FIXED_A0,2025,0.0,202507010501,2025-01-13,2022100771|2022104305,4,400.0,0.0,-400.0,0
FIXED_A0,2025,0.0,202506010603,2025-01-18,2022102013|2022105799,4,400.0,0.0,-400.0,0
FIXED_A0,2025,0.0,202506010609,2025-01-18,2022100896|2022105532,4,400.0,0.0,-400.0,0
FIXED_A0,2025,0.0,202507010601,2025-01-18,2022103285|2022104792,4,400.0,0.0,-400.0,0
FIXED_A0,2025,0.0,202507010603,2025-01-18,2022100647|2022100933,4,400.0,0.0,-400.0,0
FIXED_A0,2025,0.0,202507010604,2025-01-18,2022107069|2022102639,4,400.0,0.0,-400.0,0
FIXED_A0,2025,0.0,202507010605,2025-01-18,2022104817|2022103263,4,400.0,0.0,-400.0,0
FIXED_A0,2025,0.0,202506010705,2025-01-19,2022101105|2022101633,4,400.0,0.0,-400.0,0
FIXED_A0,2025,0.0,202506010710,2025-01-19,2019105505|2019100541,4,400.0,0.0,-400.0,0
FIXED_A0,2025,0.0,202507010705,2025-01-19,2022105331|2022105756,4,400.0,0.0,-400.0,0
FIXED_A0,2025,0.0,202506010804,2025-01-25,2022100153|2022103257,4,400.0,0.0,-400.0,0
FIXED_A0,2025,0.0,202506010805,2025-01-25,2022103919|2022105614,4,400.0,0.0,-400.0,0
FIXED_A0,2025,0.0,202507010808,2025-01-25,2021106639|2019100566,4,400.0,0.0,-400.0,0
FIXED_A0,2025,0.0,202510010106,2025-01-25,2022102312|2022103533,4,400.0,0.0,-400.0,0
FIXED_A0,2025,0.0,202510010107,2025-01-25,2020102864|2021106768,4,400.0,0.0,-400.0,0
FIXED_A0,2025,0.0,202510010108,2025-01-25,2020105578|2021103841,4,400.0,0.0,-400.0,0
FIXED_A0,2025,0.0,202510010111,2025-01-25,2019103430|2019105571,4,400.0,0.0,-400.0,0
FIXED_A0,2025,0.0,202506010906,2025-01-26,2021103770|2020106549,4,400.0,0.0,-400.0,0
FIXED_A0,2025,0.0,202507010911,2025-01-26,2020104861|2020102095,4,400.0,0.0,-400.0,0
FIXED_A0,2025,0.0,202510010209,2025-01-26,2021102164|2017101448,4,400.0,0.0,-400.0,0
FIXED_A0,2025,0.0,202505010107,2025-02-01,2020102944|2021106802,4,400.0,0.0,-400.0,0
FIXED_A0,2025,0.0,202505010109,2025-02-01,2018104332|2018106693,4,400.0,0.0,-400.0,0
FIXED_A0,2025,0.0,202508010105,2025-02-01,2022105882|2022107191,4,400.0,0.0,-400.0,0
FIXED_A0,2025,0.0,202510010309,2025-02-01,2020105552|2020105533,4,400.0,0.0,-400.0,0
FIXED_A0,2025,0.0,202510010311,2025-02-01,2021101535|2020102971,4,400.0,0.0,-400.0,0
FIXED_A0,2025,0.0,202510010312,2025-02-01,2020101171|2020104780,4,400.0,0.0,-400.0,0
FIXED_A0,2025,0.0,202508010212,2025-02-02,2021105567|2020100678,4,400.0,0.0,-400.0,0
FIXED_A0,2025,0.0,202510010407,2025-02-02,2019105271|2021103236,4,400.0,0.0,-400.0,0
FIXED_A0,2025,0.0,202510010410,2025-02-02,2021105039|2020103898,4,400.0,0.0,-400.0,0
FIXED_A0,2025,0.0,202510010411,2025-02-02,2018100664|2018101796,4,400.0,0.0,-400.0,0
FIXED_A0,2025,0.0,202510010412,2025-02-02,2020101140|2021104137,4,400.0,0.0,-400.0,0
FIXED_A0,2025,0.0,202505010302,2025-02-08,2022103450|2022106103,4,400.0,0.0,-400.0,0
FIXED_A0,2025,0.0,202505010309,2025-02-08,2022103443|2022104870,4,400.0,0.0,-400.0,0
FIXED_A0,2025,0.0,202510010511,2025-02-08,2020104793|2019105095,4,400.0,0.0,-400.0,0
FIXED_A0,2025,0.0,202510010512,2025-02-08,2019106251|2021104140,4,400.0,0.0,-400.0,0
FIXED_A0,2025,0.0,202505010404,2025-02-09,2022107184|2022105761,4,400.0,0.0,-400.0,0
FIXED_A0,2025,0.0,202508010405,2025-02-09,2022105561|2022103879,4,400.0,0.0,-400.0,0
FIXED_A0,2025,0.0,202510010601,2025-02-09,2022101330|2022102747,4,400.0,0.0,-400.0,0
FIXED_A0,2025,0.0,202508010304,2025-02-10,2022101024,2,200.0,0.0,-200.0,0
FIXED_A0,2025,0.0,202505010505,2025-02-15,2022100186|2022106347,4,400.0,0.0,-400.0,0
FIXED_A0,2025,0.0,202508010511,2025-02-15,2020104564|2019100581,4,400.0,0.0,-400.0,0
FIXED_A0,2025,0.0,202505010606,2025-02-16,2021100441|2021106811,4,400.0,0.0,-400.0,0
FIXED_A0,2025,0.0,202505010609,2025-02-16,2020103066|2018105157,4,400.0,0.0,-400.0,0
FIXED_A0,2025,0.0,202508010605,2025-02-16,2022106510|2022104819,4,400.0,0.0,-400.0,0
FIXED_A0,2025,0.0,202505010711,2025-02-22,2020103308|2018105308,4,400.0,0.0,-400.0,0
FIXED_A0,2025,0.0,202508010704,2025-02-22,2022102716|2022102649,4,400.0,0.0,-400.0,0
FIXED_A0,2025,0.0,202508010710,2025-02-22,2021101523|2019106632,4,400.0,0.0,-400.0,0
FIXED_A0,2025,0.0,202510010909,2025-02-22,2020102965|2021100158,4,400.0,0.0,-400.0,0
FIXED_A0,2025,0.0,202510010910,2025-02-22,2020105205|2019102384,4,400.0,0.0,-400.0,0
FIXED_A0,2025,0.0,202510011012,2025-02-23,2020101920|2021106178,4,400.0,0.0,-400.0,0
FIXED_A0,2025,0.0,202510011112,2025-03-01,2020102950|2021105873,4,400.0,0.0,-400.0,0
FIXED_A0,2025,0.0,202506020212,2025-03-02,2019100800|2019105286,4,400.0,0.0,-400.0,0
FIXED_A0,2025,0.0,202509010204,2025-03-02,2022106584|2022103229,4,400.0,0.0,-400.0,0
FIXED_A0,2025,0.0,202509010205,2025-03-02,2022105355|2022103879,4,400.0,0.0,-400.0,0
FIXED_A0,2025,0.0,202509010206,2025-03-02,2022104937|2022105974,4,400.0,0.0,-400.0,0
FIXED_A0,2025,0.0,202510011202,2025-03-02,2022101704|2022100070,4,400.0,0.0,-400.0,0
FIXED_A0,2025,0.0,202510011206,2025-03-02,2021100284|2021110078,4,400.0,0.0,-400.0,0
FIXED_A0,2025,0.0,202510011207,2025-03-02,2021104180|2020106788,4,400.0,0.0,-400.0,0
FIXED_A0,2025,0.0,202510011212,2025-03-02,2018103802|2019100689,4,400.0,0.0,-400.0,0
FIXED_A0,2025,0.0,202506020311,2025-03-08,2020105626|2020100909,4,400.0,0.0,-400.0,0
FIXED_A0,2025,0.0,202509010411,2025-03-09,2019105775|2018105277,4,400.0,0.0,-400.0,0
FIXED_A0,2025,0.0,202506020507,2025-03-15,2022105253|2022106317,4,400.0,0.0,-400.0,0
FIXED_A0,2025,0.0,202506020509,2025-03-15,2020110132,2,200.0,0.0,-200.0,0
FIXED_A0,2025,0.0,202507020111,2025-03-15,2020110055|2020106396,4,400.0,0.0,-400.0,0
FIXED_A0,2025,0.0,202506020608,2025-03-16,2021101440|2021102969,4,400.0,0.0,-400.0,0
FIXED_A0,2025,0.0,202507020212,2025-03-16,2021107062|2021104424,4,400.0,0.0,-400.0,0
FIXED_A0,2025,0.0,202509010605,2025-03-16,2022103705|2022103243,4,400.0,0.0,-400.0,0
FIXED_A0,2025,0.0,202509010607,2025-03-16,2021107047|2020104570,4,400.0,0.0,-400.0,0
FIXED_A0,2025,0.0,202506020707,2025-03-22,2020100307|2021106104,4,400.0,0.0,-400.0,0
FIXED_A0,2025,0.0,202506020711,2025-03-22,2022106709|2022104874,4,400.0,0.0,-400.0,0
FIXED_A0,2025,0.0,202509010709,2025-03-22,2019106739|2018103902,4,400.0,0.0,-400.0,0
FIXED_A0,2025,0.0,202509010712,2025-03-22,2020106209|2018102956,4,400.0,0.0,-400.0,0
FIXED_A0,2025,0.0,202506020804,2025-03-23,2020103918|2020100684,4,400.0,0.0,-400.0,0
FIXED_A0,2025,0.0,202506020810,2025-03-23,2018105521|2019104762,4,400.0,0.0,-400.0,0
FIXED_A0,2025,0.0,202506020812,2025-03-23,2020105533|2020103556,4,400.0,0.0,-400.0,0
FIXED_A0,2025,0.0,202507020403,2025-03-23,2022104086|2022104548,4,400.0,0.0,-400.0,0
FIXED_A0,2025,0.0,202507020411,2025-03-23,2021106834|2020101678,4,400.0,0.0,-400.0,0
FIXED_A0,2025,0.0,202509010806,2025-03-23,2022105936|2022107134,4,400.0,0.0,-400.0,0
FIXED_A0,2025,0.0,202507020509,2025-03-29,2020105734|2019102705,4,400.0,0.0,-400.0,0
FIXED_A0,2025,0.0,202509020101,2025-03-29,2022106560,2,200.0,0.0,-200.0,0
FIXED_A0,2025,0.0,202509020107,2025-03-29,2020106722|2021102787,4,400.0,0.0,-400.0,0
FIXED_A0,2025,0.0,202509020109,2025-03-29,2022103881|2022101048,4,400.0,0.0,-400.0,0
FIXED_A0,2025,0.0,202506030210,2025-03-30,2020105365|2020101262,4,400.0,0.0,-400.0,0
FIXED_A0,2025,0.0,202507020605,2025-03-30,2022103899|2022110036,4,400.0,0.0,-400.0,0
FIXED_A0,2025,0.0,202507020611,2025-03-30,2019106526|2021110031,4,400.0,0.0,-400.0,0
FIXED_A0,2025,0.0,202509020212,2025-03-30,2020101216|2020104346,4,400.0,0.0,-400.0,0
FIXED_A0,2025,0.0,202506030410,2025-04-06,2020103127|2020106908,4,400.0,0.0,-400.0,0
FIXED_A0,2025,0.0,202506030412,2025-04-06,2019103442|2020104960,4,400.0,0.0,-400.0,0
FIXED_A0,2025,0.0,202509020403,2025-04-06,2022100004|2022103730,4,400.0,0.0,-400.0,0
FIXED_A0,2025,0.0,202509020409,2025-04-06,2022104588|2022102493,4,400.0,0.0,-400.0,0
FIXED_A0,2025,0.0,202509020410,2025-04-06,2019106925|2020103373,4,400.0,0.0,-400.0,0
FIXED_A0,2025,0.0,202503010110,2025-04-12,2021100198|2021105711,4,400.0,0.0,-400.0,0
FIXED_A0,2025,0.0,202509020504,2025-04-12,2022104319|2022103147,4,400.0,0.0,-400.0,0
FIXED_A0,2025,0.0,202509020508,2025-04-12,2021101891|2017103155,4,400.0,0.0,-400.0,0
FIXED_A0,2025,0.0,202503010201,2025-04-13,2022106875|2022104162,4,400.0,0.0,-400.0,0
FIXED_A0,2025,0.0,202503010210,2025-04-13,2019104660|2019103162,4,400.0,0.0,-400.0,0
FIXED_A0,2025,0.0,202509020605,2025-04-13,2022106453|2022103188,4,400.0,0.0,-400.0,0
FIXED_A0,2025,0.0,202509020611,2025-04-13,2022105071|2022105467,4,400.0,0.0,-400.0,0
FIXED_A0,2025,0.0,202503010307,2025-04-19,2021106982|2020100130,4,400.0,0.0,-400.0,0
FIXED_A0,2025,0.0,202503010311,2025-04-19,2019101330|2020106941,4,400.0,0.0,-400.0,0
FIXED_A0,2025,0.0,202506030712,2025-04-19,2017105634|2020103888,4,400.0,0.0,-400.0,0
FIXED_A0,2025,0.0,202509020702,2025-04-19,2022100176|2022106227,4,400.0,0.0,-400.0,0
FIXED_A0,2025,0.0,202509020703,2025-04-19,2022104225|2022110029,4,400.0,0.0,-400.0,0
FIXED_A0,2025,0.0,202509020810,2025-04-20,2019106691|2020104845,4,400.0,0.0,-400.0,0
FIXED_A0,2025,0.0,202508020105,2025-04-26,2022105562|2022102188,4,400.0,0.0,-400.0,0
FIXED_A0,2025,0.0,202503010603,2025-04-27,2022106077|2022104251,4,400.0,0.0,-400.0,0
FIXED_A0,2025,0.0,202508020203,2025-04-27,2022105525|2022104293,4,400.0,0.0,-400.0,0
FIXED_A0,2025,0.0,202508020210,2025-04-27,2018106663|2020102817,4,400.0,0.0,-400.0,0
FIXED_A0,2025,0.0,202504010109,2025-05-03,2022103446|2022104062,4,400.0,0.0,-400.0,0
FIXED_A0,2025,0.0,202504010111,2025-05-03,2020101209|2020105533,4,400.0,0.0,-400.0,0
FIXED_A0,2025,0.0,202508020311,2025-05-03,2022103059|2022100255,4,400.0,0.0,-400.0,0
FIXED_A0,2025,0.0,202504010209,2025-05-04,2021101219|2020103246,4,400.0,0.0,-400.0,0
FIXED_A0,2025,0.0,202504010211,2025-05-04,2020103790|2020105517,4,400.0,0.0,-400.0,0
FIXED_A0,2025,0.0,202505020411,2025-05-04,2022105588|2022105438,4,400.0,0.0,-400.0,0
FIXED_A0,2025,0.0,202508020410,2025-05-04,2021106440|2020110068,4,400.0,0.0,-400.0,0
FIXED_A0,2025,0.0,202504010310,2025-05-10,2021103555|2020104162,4,400.0,0.0,-400.0,0
FIXED_A0,2025,0.0,202508020503,2025-05-10,2022100852|2022105770,4,400.0,0.0,-400.0,0
FIXED_A0,2025,0.0,202504010410,2025-05-11,2020100189|2020106399,4,400.0,0.0,-400.0,0
FIXED_A0,2025,0.0,202508020608,2025-05-11,2020104123|2020103474,4,400.0,0.0,-400.0,0
FIXED_A0,2025,0.0,202508020612,2025-05-11,2020103636|2020106409,4,400.0,0.0,-400.0,0
FIXED_A0,2025,0.0,202504010511,2025-05-17,2019105065|2019105532,4,400.0,0.0,-400.0,0
FIXED_A0,2025,0.0,202508020710,2025-05-17,2021104456|2017104238,4,400.0,0.0,-400.0,0
FIXED_A0,2025,0.0,202504010612,2025-05-18,2020100558|2020106562,4,400.0,0.0,-400.0,0
FIXED_A0,2025,0.0,202508020812,2025-05-18,2021104210|2021102259,4,400.0,0.0,-400.0,0
FIXED_A0,2025,0.0,202504010710,2025-05-24,2020104224|2019106416,4,400.0,0.0,-400.0,0
FIXED_A0,2025,0.0,202505020904,2025-05-24,2022105445|2022101055,4,400.0,0.0,-400.0,0
FIXED_A0,2025,0.0,202508020901,2025-05-24,2022101511|2022101390,4,400.0,0.0,-400.0,0
FIXED_A0,2025,0.0,202508020903,2025-05-24,2022104474|2022110139,4,400.0,0.0,-400.0,0
FIXED_A0,2025,0.0,202508020904,2025-05-24,2022100092|2022104934,4,400.0,0.0,-400.0,0
FIXED_A0,2025,0.0,202508020908,2025-05-24,2021100604|2020102642,4,400.0,0.0,-400.0,0
FIXED_A0,2025,0.0,202504010810,2025-05-25,2021104908|2021107154,4,400.0,0.0,-400.0,0
FIXED_A0,2025,0.0,202505021008,2025-05-25,2020103246|2020106306,4,400.0,0.0,-400.0,0
FIXED_A0,2025,0.0,202505021012,2025-05-25,2021104995|2021105004,4,400.0,0.0,-400.0,0
FIXED_A0,2025,0.0,202508021007,2025-05-25,2022104550|2022110051,4,400.0,0.0,-400.0,0
FIXED_A0,2025,0.0,202508021009,2025-05-25,2021105715|2020102950,4,400.0,0.0,-400.0,0
FIXED_A0,2025,0.0,202508021010,2025-05-25,2020106877|2020101174,4,400.0,0.0,-400.0,0
FIXED_A0,2025,0.0,202508021011,2025-05-25,2020105781|2019100581,4,400.0,0.0,-400.0,0
FIXED_A0,2025,0.0,202505021110,2025-05-31,2021105647|2021100626,4,400.0,0.0,-400.0,0
FIXED_A0,2025,0.0,202505021211,2025-06-01,2022104922|2022104416,4,400.0,0.0,-400.0,0
FIXED_A0,2025,0.0,202508021206,2025-06-01,2022101202|2022106584,4,400.0,0.0,-400.0,0
FIXED_A0,2025,0.0,202508021209,2025-06-01,2021106359|2019103983,4,400.0,0.0,-400.0,0
FIXED_A0,2025,0.0,202505030101,2025-06-07,2021104768|2020105730,4,400.0,0.0,-400.0,0
FIXED_A0,2025,0.0,202509030211,2025-06-08,2019105761|2014104716,4,400.0,0.0,-400.0,0
FIXED_A0,2025,0.0,202509030212,2025-06-08,2021105677|2021102235,4,400.0,0.0,-400.0,0
FIXED_A0,2025,0.0,202502010104,2025-06-14,2022105304|2022104718,4,400.0,0.0,-400.0,0
FIXED_A0,2025,0.0,202502010110,2025-06-14,2019103742|2018104841,4,400.0,0.0,-400.0,0
FIXED_A0,2025,0.0,202505030308,2025-06-14,2022103501|2020102269,4,400.0,0.0,-400.0,0
FIXED_A0,2025,0.0,202505030312,2025-06-14,2022101532|2022106172,4,400.0,0.0,-400.0,0
FIXED_A0,2025,0.0,202509030303,2025-06-14,2022110059|2022106178,4,400.0,0.0,-400.0,0
FIXED_A0,2025,0.0,202509030310,2025-06-14,2021103598|2021102336,4,400.0,0.0,-400.0,0
FIXED_A0,2025,0.0,202509030312,2025-06-14,2021106648|2020103673,4,400.0,0.0,-400.0,0
FIXED_A0,2025,0.0,202502010209,2025-06-15,2022106045|2022105345,4,400.0,0.0,-400.0,0
FIXED_A0,2025,0.0,202509030408,2025-06-15,2020107081|2021106177,4,400.0,0.0,-400.0,0
FIXED_A0,2025,0.0,202509030411,2025-06-15,2019105346|2019100109,4,400.0,0.0,-400.0,0
FIXED_A0,2025,0.0,202502010305,2025-06-21,2023100441|2023105561,4,400.0,0.0,-400.0,0
FIXED_A0,2025,0.0,202509030508,2025-06-21,2022101821|2022105878,4,400.0,0.0,-400.0,0
FIXED_A0,2025,0.0,202502010405,2025-06-22,2023100688|2023104313,4,400.0,0.0,-400.0,0
FIXED_A0,2025,0.0,202502010411,2025-06-22,2020105250|2018106077,4,400.0,0.0,-400.0,0
FIXED_A0,2025,0.0,202505030609,2025-06-22,2021105779|2019109106,4,400.0,0.0,-400.0,0
FIXED_A0,2025,0.0,202505030610,2025-06-22,2020105203|2020103328,4,400.0,0.0,-400.0,0
FIXED_A0,2025,0.0,202505030612,2025-06-22,2022105598|2020101086,4,400.0,0.0,-400.0,0
FIXED_A0,2025,0.0,202502010510,2025-06-28,2019103742|2020101288,4,400.0,0.0,-400.0,0
FIXED_A0,2025,0.0,202503020111,2025-06-28,2020104550|2019105150,4,400.0,0.0,-400.0,0
FIXED_A0,2025,0.0,202502010606,2025-06-29,2022105336|2022105489,4,400.0,0.0,-400.0,0
FIXED_A0,2025,0.0,202502010911,2025-07-12,2019106739|2020104843,4,400.0,0.0,-400.0,0
FIXED_A0,2025,0.0,202503020611,2025-07-13,2019106933|2019104756,4,400.0,50320.0,49920.0,1
FIXED_A0,2025,0.0,202510020602,2025-07-13,2022102175|2022104091,4,400.0,0.0,-400.0,0
FIXED_A0,2025,0.0,202502011107,2025-07-19,2022103316|2020102050,4,400.0,0.0,-400.0,0
FIXED_A0,2025,0.0,202510020710,2025-07-19,2021103125|2019103556,4,400.0,0.0,-400.0,0
FIXED_A0,2025,0.0,202502011201,2025-07-20,2023103000|2023102476,4,400.0,0.0,-400.0,0
FIXED_A0,2025,0.0,202503020805,2025-07-20,2023100962|2023102477,4,400.0,0.0,-400.0,0
FIXED_A0,2025,0.0,202503020811,2025-07-20,2019105741|2020104429,4,400.0,0.0,-400.0,0
FIXED_A0,2025,0.0,202510020802,2025-07-20,2022104501|2022109054,4,400.0,0.0,-400.0,0
FIXED_A0,2025,0.0,202510020811,2025-07-20,2016102175|2019103823,4,400.0,0.0,-400.0,0
FIXED_A0,2025,0.0,202510020812,2025-07-20,2020105409|2020101763,4,400.0,0.0,-400.0,0
FIXED_A0,2025,0.0,202501010112,2025-07-26,2017103184|2018110086,4,400.0,0.0,-400.0,0
FIXED_A0,2025,0.0,202501010207,2025-07-27,2021107262|2022105452,4,400.0,0.0,-400.0,0
FIXED_A0,2025,0.0,202504020207,2025-07-27,2021110031|2020100792,4,400.0,0.0,-400.0,0
FIXED_A0,2025,0.0,202501010311,2025-08-02,2020103279|2019101612,4,400.0,0.0,-400.0,0
FIXED_A0,2025,0.0,202501010312,2025-08-02,2021101219|2021105789,4,400.0,0.0,-400.0,0
FIXED_A0,2025,0.0,202504020402,2025-08-03,2023102909|2023103521,4,400.0,0.0,-400.0,0
FIXED_A0,2025,0.0,202504020407,2025-08-03,2020104429|2019102137,4,400.0,0.0,-400.0,0
FIXED_A0,2025,0.0,202507030402,2025-08-03,2023102462|2023101572,4,400.0,0.0,-400.0,0
FIXED_A0,2025,0.0,202507030404,2025-08-03,2022107173|2022104943,4,400.0,0.0,-400.0,0
FIXED_A0,2025,0.0,202507030412,2025-08-03,2022104910|2019104068,4,400.0,0.0,-400.0,0
FIXED_A0,2025,0.0,202504020503,2025-08-09,2023106598|2023100354,4,400.0,0.0,-400.0,0
FIXED_A0,2025,0.0,202504020505,2025-08-09,2019105754|2021106722,4,400.0,0.0,-400.0,0
FIXED_A0,2025,0.0,202504020509,2025-08-09,2020103046|2018101166,4,400.0,0.0,-400.0,0
FIXED_A0,2025,0.0,202501010607,2025-08-10,2022102749|2021100362,4,400.0,0.0,-400.0,0
FIXED_A0,2025,0.0,202501010610,2025-08-10,2020102679|2020100151,4,400.0,0.0,-400.0,0
FIXED_A0,2025,0.0,202501010612,2025-08-10,2021101045|2021103125,4,400.0,0.0,-400.0,0
FIXED_A0,2025,0.0,202504020612,2025-08-10,2021104173|2022103570,4,400.0,0.0,-400.0,0
FIXED_A0,2025,0.0,202504020805,2025-08-17,2022103578|2022100115,4,400.0,0.0,-400.0,0
FIXED_A0,2025,0.0,202507030802,2025-08-17,2023102610|2023103862,4,400.0,0.0,-400.0,0
FIXED_A0,2025,0.0,202507030805,2025-08-17,2022100358|2022102385,4,400.0,0.0,-400.0,0
FIXED_A0,2025,0.0,202507030806,2025-08-17,2020101853|2020102724,4,400.0,0.0,-400.0,0
FIXED_A0,2025,0.0,202507030810,2025-08-17,2021103484|2022106767,4,400.0,0.0,-400.0,0
FIXED_A0,2025,0.0,202504030109,2025-08-23,2019105794|2021106939,4,400.0,0.0,-400.0,0
FIXED_A0,2025,0.0,202501020306,2025-08-30,2022103973|2022105392,4,400.0,0.0,-400.0,0
FIXED_A0,2025,0.0,202501020312,2025-08-30,2020103113|2021106690,4,400.0,0.0,-400.0,0
FIXED_A0,2025,0.0,202504030306,2025-08-30,2022100190|2022105499,4,400.0,0.0,-400.0,0
FIXED_A0,2025,0.0,202504030309,2025-08-30,2020104732|2019104746,4,400.0,0.0,-400.0,0
FIXED_A0,2025,0.0,202507040311,2025-08-30,2019106027|2020104136,4,400.0,0.0,-400.0,0
FIXED_A0,2025,0.0,202501020504,2025-09-06,2022103003|2022105927,4,400.0,0.0,-400.0,0
FIXED_A0,2025,0.0,202501020509,2025-09-06,2021106811|2022101969,4,400.0,0.0,-400.0,0
FIXED_A0,2025,0.0,202501020510,2025-09-06,2020100151|2021105659,4,400.0,0.0,-400.0,0
FIXED_A0,2025,0.0,202506040106,2025-09-06,2023102436|2023100487,4,400.0,0.0,-400.0,0
FIXED_A0,2025,0.0,202506040107,2025-09-06,2022103504|2022104737,4,400.0,0.0,-400.0,0
FIXED_A0,2025,0.0,202509040206,2025-09-07,2022104900|2022100200,4,400.0,0.0,-400.0,0
FIXED_A0,2025,0.0,202509040211,2025-09-07,2022105071|2019105512,4,400.0,0.0,-400.0,0
FIXED_A0,2025,0.0,202506040407,2025-09-14,2022106098|2022102779,4,400.0,0.0,-400.0,0
FIXED_A0,2025,0.0,202509040404,2025-09-14,2022102210|2022103627,4,400.0,0.0,-400.0,0
FIXED_A0,2025,0.0,202509040411,2025-09-14,2022103304|2022105014,4,400.0,0.0,-400.0,0
FIXED_A0,2025,0.0,202509040512,2025-09-15,2022101539|2022107397,4,400.0,0.0,-400.0,0
FIXED_A0,2025,0.0,202506040607,2025-09-20,2021106102|2021105214,4,400.0,0.0,-400.0,0
FIXED_A0,2025,0.0,202506040702,2025-09-21,2023105713|2023106258,4,400.0,0.0,-400.0,0
FIXED_A0,2025,0.0,202506040704,2025-09-21,2023103216|2023102162,4,400.0,0.0,-400.0,0
FIXED_A0,2025,0.0,202506040811,2025-09-27,2019106925,2,200.0,0.0,-200.0,0
FIXED_A0,2025,0.0,202509040810,2025-09-27,2020101968|2020104194,4,400.0,0.0,-400.0,0
FIXED_A0,2025,0.0,202506040905,2025-09-28,2023103290|2023102266,4,400.0,9800.0,9400.0,1
FIXED_A0,2025,0.0,202506040906,2025-09-28,2022102058|2020104748,4,400.0,0.0,-400.0,0
FIXED_A0,2025,0.0,202506040911,2025-09-28,2020101503|2021107058,4,400.0,0.0,-400.0,0
FIXED_A0,2025,0.0,202509040905,2025-09-28,2023103171,2,200.0,0.0,-200.0,0
FIXED_A0,2025,0.0,202509040908,2025-09-28,2022104649|2022105831,4,400.0,0.0,-400.0,0
FIXED_A0,2025,0.0,202505040110,2025-10-04,2021101429|2020103517,4,400.0,0.0,-400.0,0
FIXED_A0,2025,0.0,202505040111,2025-10-04,2021103725|2020102843,4,400.0,0.0,-400.0,0
FIXED_A0,2025,0.0,202505040112,2025-10-04,2021106639|2019105041,4,400.0,0.0,-400.0,0
FIXED_A0,2025,0.0,202508030110,2025-10-04,2020102971|2021102700,4,400.0,0.0,-400.0,0
FIXED_A0,2025,0.0,202508030111,2025-10-04,2016104668|2021100522,4,400.0,0.0,-400.0,0
FIXED_A0,2025,0.0,202505040209,2025-10-05,2021110003|2022104050,4,400.0,0.0,-400.0,0
FIXED_A0,2025,0.0,202505040212,2025-10-05,2021104365|2021102280,4,400.0,0.0,-400.0,0
FIXED_A0,2025,0.0,202508030211,2025-10-05,2019101847|2019105252,4,400.0,0.0,-400.0,0
FIXED_A0,2025,0.0,202505040407,2025-10-12,2020103710|2022102260,4,400.0,0.0,-400.0,0
FIXED_A0,2025,0.0,202505040409,2025-10-12,2021104395|2020102907,4,400.0,0.0,-400.0,0
FIXED_A0,2025,0.0,202505040411,2025-10-12,2021101685|2019103588,4,400.0,0.0,-400.0,0
FIXED_A0,2025,0.0,202508030407,2025-10-12,2022105577|2021105985,4,400.0,0.0,-400.0,0
FIXED_A0,2025,0.0,202508030412,2025-10-12,2022110066|2022107012,4,400.0,0.0,-400.0,0
FIXED_A0,2025,0.0,202505040507,2025-10-13,2022106099|2020103100,4,400.0,0.0,-400.0,0
FIXED_A0,2025,0.0,202508030506,2025-10-13,2023100342|2023102131,4,400.0,0.0,-400.0,0
FIXED_A0,2025,0.0,202508030512,2025-10-13,2022106915|2020107214,4,400.0,0.0,-400.0,0
FIXED_A0,2025,0.0,202504040107,2025-10-18,2022106846|2022101191,4,400.0,0.0,-400.0,0
FIXED_A0,2025,0.0,202504040109,2025-10-18,2022101651|2022103494,4,400.0,0.0,-400.0,0
FIXED_A0,2025,0.0,202505040605,2025-10-18,2023100002|2023106455,4,400.0,0.0,-400.0,0
FIXED_A0,2025,0.0,202508030605,2025-10-18,2023101318|2023106701,4,400.0,0.0,-400.0,0
FIXED_A0,2025,0.0,202508030606,2025-10-18,2023102213|2023106514,4,400.0,6680.0,6280.0,1
FIXED_A0,2025,0.0,202504040205,2025-10-19,2023106454|2023104980,4,400.0,0.0,-400.0,0
FIXED_A0,2025,0.0,202504040209,2025-10-19,2022105614|2020102864,4,400.0,0.0,-400.0,0
FIXED_A0,2025,0.0,202504040211,2025-10-19,2020105760|2020106966,4,400.0,0.0,-400.0,0
FIXED_A0,2025,0.0,202505040704,2025-10-19,2023106448|2023100845,4,400.0,0.0,-400.0,0
FIXED_A0,2025,0.0,202505040705,2025-10-19,2023107044|2023102734,4,400.0,0.0,-400.0,0
FIXED_A0,2025,0.0,202508030711,2025-10-19,2022104617|2022101250,4,400.0,0.0,-400.0,0
FIXED_A0,2025,0.0,202504040306,2025-10-25,2020104778|2021106591,4,400.0,0.0,-400.0,0
FIXED_A0,2025,0.0,202504040311,2025-10-25,2020106535|2020106811,4,400.0,0.0,-400.0,0
FIXED_A0,2025,0.0,202508030805,2025-10-25,2023103101|2023102996,4,400.0,0.0,-400.0,0
FIXED_A0,2025,0.0,202508030806,2025-10-25,2023102036|2023100014,4,400.0,0.0,-400.0,0
FIXED_A0,2025,0.0,202504040404,2025-10-26,2022105047|2022101048,4,400.0,0.0,-400.0,0
FIXED_A0,2025,0.0,202504040407,2025-10-26,2022106792|2021104860,4,400.0,0.0,-400.0,0
FIXED_A0,2025,0.0,202505040905,2025-10-26,2023104156|2023105883,4,400.0,0.0,-400.0,0
FIXED_A0,2025,0.0,202508030904,2025-10-26,2023103596|2023105122,4,400.0,0.0,-400.0,0
FIXED_A0,2025,0.0,202505041007,2025-11-01,2022101481|2022104766,4,400.0,0.0,-400.0,0
FIXED_A0,2025,0.0,202508031006,2025-11-01,2023104965|2023104537,4,400.0,0.0,-400.0,0
FIXED_A0,2025,0.0,202508031007,2025-11-01,2019100665|2020102339,4,400.0,0.0,-400.0,0
FIXED_A0,2025,0.0,202508031110,2025-11-02,2020103111|2021105811,4,400.0,0.0,-400.0,0
FIXED_A0,2025,0.0,202503030109,2025-11-08,2022105400|2022105614,4,400.0,0.0,-400.0,0
FIXED_A0,2025,0.0,202503030112,2025-11-08,2021105868|2021104276,4,400.0,0.0,-400.0,0
FIXED_A0,2025,0.0,202505050104,2025-11-08,2023103133|2023103084,4,400.0,0.0,-400.0,0
FIXED_A0,2025,0.0,202505050209,2025-11-09,2023104540|2023105748,4,400.0,0.0,-400.0,0
FIXED_A0,2025,0.0,202508040204,2025-11-09,2023106289|2023106388,4,400.0,0.0,-400.0,0
FIXED_A0,2025,0.0,202503030312,2025-11-15,2022100962|2021104481,4,400.0,0.0,-400.0,0
FIXED_A0,2025,0.0,202508040306,2025-11-15,2023101406|2023104226,4,400.0,0.0,-400.0,0
FIXED_A0,2025,0.0,202508040310,2025-11-15,2021106782|2022106883,4,400.0,0.0,-400.0,0
FIXED_A0,2025,0.0,202508040312,2025-11-15,2022104121|2022103100,4,400.0,0.0,-400.0,0
FIXED_A0,2025,0.0,202503030403,2025-11-16,2019104261|2022105011,4,400.0,0.0,-400.0,0
FIXED_A0,2025,0.0,202503030410,2025-11-16,2020105205|2021103033,4,400.0,0.0,-400.0,0
FIXED_A0,2025,0.0,202503030411,2025-11-16,2021110056|2020100960,4,400.0,0.0,-400.0,0
FIXED_A0,2025,0.0,202503030412,2025-11-16,2022106045|2022106544,4,400.0,0.0,-400.0,0
FIXED_A0,2025,0.0,202505050411,2025-11-16,2018110043|2017104172,4,400.0,0.0,-400.0,0
FIXED_A0,2025,0.0,202508040411,2025-11-16,2021105743|2020101608,4,400.0,0.0,-400.0,0
FIXED_A0,2025,0.0,202508040506,2025-11-22,2023101201|2023102104,4,400.0,0.0,-400.0,0
FIXED_A0,2025,0.0,202505050502,2025-11-23,2023106418|2023103805,4,400.0,0.0,-400.0,0
FIXED_A0,2025,0.0,202505050504,2025-11-23,2023106494|2023100419,4,400.0,0.0,-400.0,0
FIXED_A0,2025,0.0,202505050512,2025-11-23,2022101629|2021100198,4,400.0,0.0,-400.0,0
FIXED_A0,2025,0.0,202508040610,2025-11-23,2019104632|2019106604,4,400.0,0.0,-400.0,0
FIXED_A0,2025,0.0,202503030602,2025-11-24,2022103228|2022101068,4,400.0,0.0,-400.0,0
FIXED_A0,2025,0.0,202503030604,2025-11-24,2022105371|2019105759,4,400.0,33070.0,32670.0,1
FIXED_A0,2025,0.0,202503030608,2025-11-24,2022106905|2022100540,4,400.0,0.0,-400.0,0
FIXED_A0,2025,0.0,202503030609,2025-11-24,2021105418|2020105796,4,400.0,0.0,-400.0,0
FIXED_A0,2025,0.0,202503030610,2025-11-24,2021103533|2021104978,4,400.0,0.0,-400.0,0
FIXED_A0,2025,0.0,202505050708,2025-11-29,2021101305|2020105670,4,400.0,0.0,-400.0,0
FIXED_A0,2025,0.0,202508040707,2025-11-29,2022104214|2021105422,4,400.0,0.0,-400.0,0
FIXED_A0,2025,0.0,202505050805,2025-11-30,2023101929|2023103968,4,400.0,0.0,-400.0,0
FIXED_A0,2025,0.0,202507050101,2025-12-06,2023105022|2023102602,4,400.0,0.0,-400.0,0
FIXED_A0,2025,0.0,202507050103,2025-12-06,2022101678|2022105794,4,400.0,0.0,-400.0,0
FIXED_A0,2025,0.0,202506050203,2025-12-07,2023101578|2023104871,4,400.0,0.0,-400.0,0
FIXED_A0,2025,0.0,202506050205,2025-12-07,2023105799|2023100290,4,400.0,0.0,-400.0,0
FIXED_A0,2025,0.0,202506050210,2025-12-07,2020101143|2020104708,4,400.0,0.0,-400.0,0
FIXED_A0,2025,0.0,202507050208,2025-12-07,2021101383|2021110040,4,400.0,0.0,-400.0,0
FIXED_A0,2025,0.0,202507050209,2025-12-07,2020102962|2020104126,4,400.0,0.0,-400.0,0
FIXED_A0,2025,0.0,202507050211,2025-12-07,2020103400|2017106404,4,400.0,0.0,-400.0,0
FIXED_A0,2025,0.0,202509050210,2025-12-07,2021101382|2021102510,4,400.0,0.0,-400.0,0
FIXED_A0,2025,0.0,202506050309,2025-12-13,2023105203|2023106405,4,400.0,0.0,-400.0,0
FIXED_A0,2025,0.0,202506050311,2025-12-13,2019104159|2020100809,4,400.0,0.0,-400.0,0
FIXED_A0,2025,0.0,202507050310,2025-12-13,2021106164|2020105670,4,400.0,0.0,-400.0,0
FIXED_A0,2025,0.0,202507050311,2025-12-13,2021100913|2021105623,4,400.0,0.0,-400.0,0
FIXED_A0,2025,0.0,202507050312,2025-12-13,2022100962|2019104746,4,400.0,0.0,-400.0,0
FIXED_A0,2025,0.0,202509050301,2025-12-13,2023106926|2023103685,4,400.0,0.0,-400.0,0
FIXED_A0,2025,0.0,202509050306,2025-12-13,2023101334|2023105977,4,400.0,0.0,-400.0,0
FIXED_A0,2025,0.0,202506050410,2025-12-14,2020103566|2020106877,4,400.0,0.0,-400.0,0
FIXED_A0,2025,0.0,202506050412,2025-12-14,2021101801|2021101059,4,400.0,0.0,-400.0,0
FIXED_A0,2025,0.0,202509050411,2025-12-14,2023104523|2023109164,4,400.0,0.0,-400.0,0
FIXED_A0,2025,0.0,202506050510,2025-12-20,2021104889|2021103574,4,400.0,0.0,-400.0,0
FIXED_A0,2025,0.0,202507050504,2025-12-20,2023102376|2023105450,4,400.0,0.0,-400.0,0
FIXED_A0,2025,0.0,202509050506,2025-12-20,2023102243|2023101278,4,400.0,0.0,-400.0,0
FIXED_A0,2025,0.0,202509050512,2025-12-20,2020104825|2019105461,4,400.0,0.0,-400.0,0
FIXED_A0,2025,0.0,202506050608,2025-12-21,2022100949|2020103676,4,400.0,0.0,-400.0,0
FIXED_A0,2025,0.0,202507050611,2025-12-21,2019102454|2021110056,4,400.0,0.0,-400.0,0
FIXED_A0,2025,0.0,202507050612,2025-12-21,2018104841|2021103171,4,400.0,0.0,-400.0,0
FIXED_A0,2025,0.0,202509050607,2025-12-21,2022102604|2022100068,4,400.0,0.0,-400.0,0
FIXED_A0,2025,0.0,202509050609,2025-12-21,2020110120|2019107016,4,400.0,0.0,-400.0,0
FIXED_A0,2025,0.0,202509050610,2025-12-21,2021105264|2021104510,4,400.0,0.0,-400.0,0
FIXED_A0,2025,0.0,202509050611,2025-12-21,2023102615|2023100772,4,400.0,0.0,-400.0,0
FIXED_A0,2025,0.0,202506050705,2025-12-27,2023102332|2023101599,4,400.0,0.0,-400.0,0
FIXED_A0,2025,0.0,202506050707,2025-12-27,2022104362|2022103288,4,400.0,0.0,-400.0,0
FIXED_A0,2025,0.0,202509050711,2025-12-27,2021102315|2020102853,4,400.0,0.0,-400.0,0
FIXED_A0,2025,0.0,202506050805,2025-12-28,2023100485|2023106352,4,400.0,0.0,-400.0,0
FIXED_A0,2025,0.0,202506050806,2025-12-28,2023102771|2023104891,4,400.0,0.0,-400.0,0
FIXED_A0,2025,0.0,202506050812,2025-12-28,2021102419|2020103066,4,400.0,0.0,-400.0,0
FIXED_A0,2025,0.0,202509050806,2025-12-28,2023103397|2023100685,4,400.0,0.0,-400.0,0
FIXED_A0,2025,0.0,202509050807,2025-12-28,2021110040|2020102910,4,400.0,0.0,-400.0,0
FIXED_A05,2025,0.5,202506010108,2025-01-05,2020100656|2020102563,4,400.0,0.0,-400.0,0
FIXED_A05,2025,0.5,202506010110,2025-01-05,2022102709|2022107106,4,400.0,0.0,-400.0,0
FIXED_A05,2025,0.5,202506010111,2025-01-05,2019101782|2019105239,4,400.0,0.0,-400.0,0
FIXED_A05,2025,0.5,202507010105,2025-01-05,2022102947|2022105025,4,400.0,0.0,-400.0,0
FIXED_A05,2025,0.5,202507010108,2025-01-05,2020103435|2020105415,4,400.0,0.0,-400.0,0
FIXED_A05,2025,0.5,202507010112,2025-01-05,2021105773|2021104669,4,400.0,0.0,-400.0,0
FIXED_A05,2025,0.5,202507010207,2025-01-06,2021103283|2021102840,4,400.0,0.0,-400.0,0
FIXED_A05,2025,0.5,202507010209,2025-01-06,2018102956|2019103420,4,400.0,0.0,-400.0,0
FIXED_A05,2025,0.5,202507010210,2025-01-06,2020103279|2019104092,4,400.0,0.0,-400.0,0
FIXED_A05,2025,0.5,202507010211,2025-01-06,2020104764|2018105308,4,400.0,52080.0,51680.0,1
FIXED_A05,2025,0.5,202506010305,2025-01-11,2022100009|2022101100,4,400.0,0.0,-400.0,0
FIXED_A05,2025,0.5,202507010305,2025-01-11,2022100816|2022105727,4,400.0,0.0,-400.0,0
FIXED_A05,2025,0.5,202507010405,2025-01-12,2022103156|2022103483,4,400.0,0.0,-400.0,0
FIXED_A05,2025,0.5,202507010406,2025-01-12,2022104937|2022104125,4,400.0,0.0,-400.0,0
FIXED_A05,2025,0.5,202507010412,2025-01-12,2020104015|2020104739,4,400.0,0.0,-400.0,0
FIXED_A05,2025,0.5,202506010509,2025-01-13,2020100593|2020101402,4,400.0,0.0,-400.0,0
FIXED_A05,2025,0.5,202506010512,2025-01-13,2020100759|2021101383,4,400.0,0.0,-400.0,0
FIXED_A05,2025,0.5,202507010501,2025-01-13,2022102840|2022100771,4,400.0,0.0,-400.0,0
FIXED_A05,2025,0.5,202506010603,2025-01-18,2022103044|2022105799,4,400.0,0.0,-400.0,0
FIXED_A05,2025,0.5,202506010609,2025-01-18,2022106999|2022100896,4,400.0,0.0,-400.0,0
FIXED_A05,2025,0.5,202507010601,2025-01-18,2022104792|2022104520,4,400.0,0.0,-400.0,0
FIXED_A05,2025,0.5,202507010603,2025-01-18,2022106958|2022100933,4,400.0,0.0,-400.0,0
FIXED_A05,2025,0.5,202507010604,2025-01-18,2022102639|2022106718,4,400.0,0.0,-400.0,0
FIXED_A05,2025,0.5,202507010605,2025-01-18,2022103263|2022105089,4,400.0,0.0,-400.0,0
FIXED_A05,2025,0.5,202506010705,2025-01-19,2022101105|2022105327,4,400.0,0.0,-400.0,0
FIXED_A05,2025,0.5,202506010710,2025-01-19,2019104116|2018101878,4,400.0,0.0,-400.0,0
FIXED_A05,2025,0.5,202507010705,2025-01-19,2022105331|2022101546,4,400.0,0.0,-400.0,0
FIXED_A05,2025,0.5,202506010804,2025-01-25,2022100221|2022102774,4,400.0,0.0,-400.0,0
FIXED_A05,2025,0.5,202506010805,2025-01-25,2022101423|2022103709,4,400.0,0.0,-400.0,0
FIXED_A05,2025,0.5,202507010808,2025-01-25,2020104207|2019100566,4,400.0,0.0,-400.0,0
FIXED_A05,2025,0.5,202510010106,2025-01-25,2022103533|2022106695,4,400.0,0.0,-400.0,0
FIXED_A05,2025,0.5,202510010107,2025-01-25,2021106768|2020104162,4,400.0,0.0,-400.0,0
FIXED_A05,2025,0.5,202510010108,2025-01-25,2020105578|2021101742,4,400.0,0.0,-400.0,0
FIXED_A05,2025,0.5,202510010111,2025-01-25,2019103430|2019105040,4,400.0,0.0,-400.0,0
FIXED_A05,2025,0.5,202506010906,2025-01-26,2021110151|2021103770,4,400.0,0.0,-400.0,0
FIXED_A05,2025,0.5,202507010911,2025-01-26,2020102095|2020104861,4,400.0,0.0,-400.0,0
FIXED_A05,2025,0.5,202510010209,2025-01-26,2020104824|2020110121,4,400.0,0.0,-400.0,0
FIXED_A05,2025,0.5,202505010107,2025-02-01,2021106802|2020102944,4,400.0,0.0,-400.0,0
FIXED_A05,2025,0.5,202505010109,2025-02-01,2018104332|2018106693,4,400.0,0.0,-400.0,0
FIXED_A05,2025,0.5,202508010105,2025-02-01,2022107191|2022105882,4,400.0,0.0,-400.0,0
FIXED_A05,2025,0.5,202510010309,2025-02-01,2020105533|2021105640,4,400.0,0.0,-400.0,0
FIXED_A05,2025,0.5,202510010311,2025-02-01,2020102971|2021101535,4,400.0,0.0,-400.0,0
FIXED_A05,2025,0.5,202510010312,2025-02-01,2020101171|2020103261,4,400.0,0.0,-400.0,0
FIXED_A05,2025,0.5,202508010212,2025-02-02,2019103672|2021104891,4,400.0,0.0,-400.0,0
FIXED_A05,2025,0.5,202510010407,2025-02-02,2021103236|2021105238,4,400.0,0.0,-400.0,0
FIXED_A05,2025,0.5,202510010410,2025-02-02,2021105039|2020103898,4,400.0,0.0,-400.0,0
FIXED_A05,2025,0.5,202510010411,2025-02-02,2018101796|2018100664,4,400.0,0.0,-400.0,0
FIXED_A05,2025,0.5,202510010412,2025-02-02,2021105873|2021104137,4,400.0,0.0,-400.0,0
FIXED_A05,2025,0.5,202505010302,2025-02-08,2022106103|2022101038,4,400.0,0.0,-400.0,0
FIXED_A05,2025,0.5,202505010309,2025-02-08,2022103549|2022103443,4,400.0,0.0,-400.0,0
FIXED_A05,2025,0.5,202510010511,2025-02-08,2019106475|2019103004,4,400.0,0.0,-400.0,0
FIXED_A05,2025,0.5,202510010512,2025-02-08,2021104140|2021104484,4,400.0,0.0,-400.0,0
FIXED_A05,2025,0.5,202505010404,2025-02-09,2022100005|2022107184,4,400.0,0.0,-400.0,0
FIXED_A05,2025,0.5,202508010405,2025-02-09,2022100369|2022105561,4,400.0,0.0,-400.0,0
FIXED_A05,2025,0.5,202510010601,2025-02-09,2022102205|2022101330,4,400.0,0.0,-400.0,0
FIXED_A05,2025,0.5,202508010304,2025-02-10,2022101024,2,200.0,0.0,-200.0,0
FIXED_A05,2025,0.5,202505010505,2025-02-15,2022100186|2022102902,4,400.0,0.0,-400.0,0
FIXED_A05,2025,0.5,202508010511,2025-02-15,2019100581|2018102227,4,400.0,0.0,-400.0,0
FIXED_A05,2025,0.5,202505010606,2025-02-16,2021106811|2021100441,4,400.0,0.0,-400.0,0
FIXED_A05,2025,0.5,202505010609,2025-02-16,2018105157|2020104843,4,400.0,0.0,-400.0,0
FIXED_A05,2025,0.5,202508010605,2025-02-16,2022106789|2022106510,4,400.0,0.0,-400.0,0
FIXED_A05,2025,0.5,202505010711,2025-02-22,2020103308|2020103439,4,400.0,0.0,-400.0,0
FIXED_A05,2025,0.5,202508010704,2025-02-22,2022106478|2022102649,4,400.0,0.0,-400.0,0
FIXED_A05,2025,0.5,202508010710,2025-02-22,2018110037|2019106632,4,400.0,0.0,-400.0,0
FIXED_A05,2025,0.5,202510010909,2025-02-22,2018103200|2020102965,4,400.0,0.0,-400.0,0
FIXED_A05,2025,0.5,202510010910,2025-02-22,2021104751|2019102384,4,400.0,0.0,-400.0,0
FIXED_A05,2025,0.5,202510011012,2025-02-23,2021106178|2021105972,4,400.0,0.0,-400.0,0
FIXED_A05,2025,0.5,202510011112,2025-03-01,2021106661|2021104481,4,400.0,0.0,-400.0,0
FIXED_A05,2025,0.5,202506020212,2025-03-02,2019105286|2019100800,4,400.0,0.0,-400.0,0
FIXED_A05,2025,0.5,202509010204,2025-03-02,2022106584|2022106453,4,400.0,0.0,-400.0,0
FIXED_A05,2025,0.5,202509010205,2025-03-02,2022105250|2022105355,4,400.0,0.0,-400.0,0
FIXED_A05,2025,0.5,202509010206,2025-03-02,2022105974|2022105969,4,400.0,0.0,-400.0,0
FIXED_A05,2025,0.5,202510011202,2025-03-02,2022100070|2022109054,4,400.0,0.0,-400.0,0
FIXED_A05,2025,0.5,202510011206,2025-03-02,2021100284|2020101337,4,400.0,0.0,-400.0,0
FIXED_A05,2025,0.5,202510011207,2025-03-02,2021104049|2021104180,4,400.0,0.0,-400.0,0
FIXED_A05,2025,0.5,202510011212,2025-03-02,2018103802|2019100689,4,400.0,0.0,-400.0,0
FIXED_A05,2025,0.5,202506020311,2025-03-08,2020104572|2020102942,4,400.0,0.0,-400.0,0
FIXED_A05,2025,0.5,202509010411,2025-03-09,2019105775|2020103275,4,400.0,0.0,-400.0,0
FIXED_A05,2025,0.5,202506020507,2025-03-15,2022106317|2022104704,4,400.0,0.0,-400.0,0
FIXED_A05,2025,0.5,202506020509,2025-03-15,2020110132,2,200.0,0.0,-200.0,0
FIXED_A05,2025,0.5,202507020111,2025-03-15,2020101271|2020110055,4,400.0,0.0,-400.0,0
FIXED_A05,2025,0.5,202506020608,2025-03-16,2021101440|2021102969,4,400.0,0.0,-400.0,0
FIXED_A05,2025,0.5,202507020212,2025-03-16,2021106206|2021104618,4,400.0,0.0,-400.0,0
FIXED_A05,2025,0.5,202509010605,2025-03-16,2022100489|2022103705,4,400.0,0.0,-400.0,0
FIXED_A05,2025,0.5,202509010607,2025-03-16,2021107047|2019102553,4,400.0,0.0,-400.0,0
FIXED_A05,2025,0.5,202506020707,2025-03-22,2020100307|2021106104,4,400.0,0.0,-400.0,0
FIXED_A05,2025,0.5,202506020711,2025-03-22,2022106653|2022104874,4,400.0,0.0,-400.0,0
FIXED_A05,2025,0.5,202509010709,2025-03-22,2019105191|2018103902,4,400.0,0.0,-400.0,0
FIXED_A05,2025,0.5,202509010712,2025-03-22,2020106209|2018102956,4,400.0,0.0,-400.0,0
FIXED_A05,2025,0.5,202506020804,2025-03-23,2020103918|2020100684,4,400.0,0.0,-400.0,0
FIXED_A05,2025,0.5,202506020810,2025-03-23,2018105521|2019104762,4,400.0,0.0,-400.0,0
FIXED_A05,2025,0.5,202506020812,2025-03-23,2019105286|2020105533,4,400.0,0.0,-400.0,0
FIXED_A05,2025,0.5,202507020403,2025-03-23,2022100580|2022104548,4,400.0,0.0,-400.0,0
FIXED_A05,2025,0.5,202507020411,2025-03-23,2020101678|2020100497,4,400.0,0.0,-400.0,0
FIXED_A05,2025,0.5,202509010806,2025-03-23,2022105936|2022104310,4,400.0,0.0,-400.0,0
FIXED_A05,2025,0.5,202507020509,2025-03-29,2019103996|2019102705,4,400.0,0.0,-400.0,0
FIXED_A05,2025,0.5,202509020101,2025-03-29,2022106560,2,200.0,0.0,-200.0,0
FIXED_A05,2025,0.5,202509020107,2025-03-29,2021102787|2021103932,4,400.0,0.0,-400.0,0
FIXED_A05,2025,0.5,202509020109,2025-03-29,2022101048|2022103881,4,400.0,0.0,-400.0,0
FIXED_A05,2025,0.5,202506030210,2025-03-30,2021105334|2020105365,4,400.0,0.0,-400.0,0
FIXED_A05,2025,0.5,202507020605,2025-03-30,2022101586|2022110036,4,400.0,0.0,-400.0,0
FIXED_A05,2025,0.5,202507020611,2025-03-30,2020103276|2021110031,4,400.0,0.0,-400.0,0
FIXED_A05,2025,0.5,202509020212,2025-03-30,2019103063|2020101216,4,400.0,0.0,-400.0,0
FIXED_A05,2025,0.5,202506030410,2025-04-06,2020106908|2020106896,4,400.0,0.0,-400.0,0
FIXED_A05,2025,0.5,202506030412,2025-04-06,2020104960|2019103442,4,400.0,0.0,-400.0,0
FIXED_A05,2025,0.5,202509020403,2025-04-06,2022103241|2022103730,4,400.0,0.0,-400.0,0
FIXED_A05,2025,0.5,202509020409,2025-04-06,2022104588|2022102493,4,400.0,0.0,-400.0,0
FIXED_A05,2025,0.5,202509020410,2025-04-06,2020105089|2019106925,4,400.0,0.0,-400.0,0
FIXED_A05,2025,0.5,202503010110,2025-04-12,2021105711|2021100198,4,400.0,0.0,-400.0,0
FIXED_A05,2025,0.5,202509020504,2025-04-12,2022103147|2022101650,4,400.0,0.0,-400.0,0
FIXED_A05,2025,0.5,202509020508,2025-04-12,2021101891|2017103155,4,400.0,0.0,-400.0,0
FIXED_A05,2025,0.5,202503010201,2025-04-13,2022102215|2022104162,4,400.0,0.0,-400.0,0
FIXED_A05,2025,0.5,202503010210,2025-04-13,2019103162|2019104660,4,400.0,0.0,-400.0,0
FIXED_A05,2025,0.5,202509020605,2025-04-13,2022103188|2022105964,4,400.0,0.0,-400.0,0
FIXED_A05,2025,0.5,202509020611,2025-04-13,2022103304|2022104617,4,400.0,0.0,-400.0,0
FIXED_A05,2025,0.5,202503010307,2025-04-19,2021106982|2019106938,4,400.0,0.0,-400.0,0
FIXED_A05,2025,0.5,202503010311,2025-04-19,2018103473|2018105392,4,400.0,0.0,-400.0,0
FIXED_A05,2025,0.5,202506030712,2025-04-19,2020103888|2017105634,4,400.0,0.0,-400.0,0
FIXED_A05,2025,0.5,202509020702,2025-04-19,2022106227|2022106313,4,400.0,0.0,-400.0,0
FIXED_A05,2025,0.5,202509020703,2025-04-19,2022107191|2022104225,4,400.0,0.0,-400.0,0
FIXED_A05,2025,0.5,202509020810,2025-04-20,2020104845|2021100836,4,400.0,0.0,-400.0,0
FIXED_A05,2025,0.5,202508020105,2025-04-26,2022101474|2022105562,4,400.0,0.0,-400.0,0
FIXED_A05,2025,0.5,202503010603,2025-04-27,2022104251|2022106077,4,400.0,0.0,-400.0,0
FIXED_A05,2025,0.5,202508020203,2025-04-27,2022102319|2022101147,4,400.0,0.0,-400.0,0
FIXED_A05,2025,0.5,202508020210,2025-04-27,2019104112|2018106663,4,400.0,0.0,-400.0,0
FIXED_A05,2025,0.5,202504010109,2025-05-03,2022103446|2022104465,4,400.0,0.0,-400.0,0
FIXED_A05,2025,0.5,202504010111,2025-05-03,2020105533|2020101209,4,400.0,0.0,-400.0,0
FIXED_A05,2025,0.5,202508020311,2025-05-03,2022100255|2022103059,4,400.0,0.0,-400.0,0
FIXED_A05,2025,0.5,202504010209,2025-05-04,2021101219|2019100072,4,400.0,0.0,-400.0,0
FIXED_A05,2025,0.5,202504010211,2025-05-04,2019103065|2018103739,4,400.0,0.0,-400.0,0
FIXED_A05,2025,0.5,202505020411,2025-05-04,2022105588|2022105438,4,400.0,0.0,-400.0,0
FIXED_A05,2025,0.5,202508020410,2025-05-04,2019102747|2020104616,4,400.0,0.0,-400.0,0
FIXED_A05,2025,0.5,202504010310,2025-05-10,2021105673|2021103555,4,400.0,0.0,-400.0,0
FIXED_A05,2025,0.5,202508020503,2025-05-10,2022100852|2022105770,4,400.0,0.0,-400.0,0
FIXED_A05,2025,0.5,202504010410,2025-05-11,2020100189|2021101554,4,400.0,0.0,-400.0,0
FIXED_A05,2025,0.5,202508020608,2025-05-11,2021103217|2020103474,4,400.0,0.0,-400.0,0
FIXED_A05,2025,0.5,202508020612,2025-05-11,2020103636|2021103549,4,400.0,0.0,-400.0,0
FIXED_A05,2025,0.5,202504010511,2025-05-17,2017105109|2019105065,4,400.0,0.0,-400.0,0
FIXED_A05,2025,0.5,202508020710,2025-05-17,2017104238|2021104456,4,400.0,0.0,-400.0,0
FIXED_A05,2025,0.5,202504010612,2025-05-18,2020106562|2021106347,4,400.0,0.0,-400.0,0
FIXED_A05,2025,0.5,202508020812,2025-05-18,2021103582|2021104210,4,400.0,0.0,-400.0,0
FIXED_A05,2025,0.5,202504010710,2025-05-24,2019106416|2021101400,4,400.0,0.0,-400.0,0
FIXED_A05,2025,0.5,202505020904,2025-05-24,2022101055|2022100993,4,400.0,0.0,-400.0,0
FIXED_A05,2025,0.5,202508020901,2025-05-24,2022101390|2022101536,4,400.0,0.0,-400.0,0
FIXED_A05,2025,0.5,202508020903,2025-05-24,2022100793|2022110139,4,400.0,0.0,-400.0,0
FIXED_A05,2025,0.5,202508020904,2025-05-24,2022100092|2022104498,4,400.0,0.0,-400.0,0
FIXED_A05,2025,0.5,202508020908,2025-05-24,2021100604|2020102642,4,400.0,0.0,-400.0,0
FIXED_A05,2025,0.5,202504010810,2025-05-25,2021104908|2021107154,4,400.0,0.0,-400.0,0
FIXED_A05,2025,0.5,202505021008,2025-05-25,2021104911|2020106306,4,400.0,0.0,-400.0,0
FIXED_A05,2025,0.5,202505021012,2025-05-25,2021104995|2021105004,4,400.0,0.0,-400.0,0
FIXED_A05,2025,0.5,202508021007,2025-05-25,2022107133|2022101043,4,400.0,0.0,-400.0,0
FIXED_A05,2025,0.5,202508021009,2025-05-25,2021103932|2021105715,4,400.0,0.0,-400.0,0
FIXED_A05,2025,0.5,202508021010,2025-05-25,2020101174|2020106877,4,400.0,0.0,-400.0,0
FIXED_A05,2025,0.5,202508021011,2025-05-25,2019105448|2019100581,4,400.0,0.0,-400.0,0
FIXED_A05,2025,0.5,202505021110,2025-05-31,2021100626|2020102907,4,400.0,0.0,-400.0,0
FIXED_A05,2025,0.5,202505021211,2025-06-01,2022106155|2022104922,4,400.0,0.0,-400.0,0
FIXED_A05,2025,0.5,202508021206,2025-06-01,2022106584|2022101202,4,400.0,0.0,-400.0,0
FIXED_A05,2025,0.5,202508021209,2025-06-01,2021106359|2021100329,4,400.0,0.0,-400.0,0
FIXED_A05,2025,0.5,202505030101,2025-06-07,2020105730|2021104180,4,400.0,0.0,-400.0,0
FIXED_A05,2025,0.5,202509030211,2025-06-08,2014104716|2021100768,4,400.0,0.0,-400.0,0
FIXED_A05,2025,0.5,202509030212,2025-06-08,2021105677|2021110023,4,400.0,0.0,-400.0,0
FIXED_A05,2025,0.5,202502010104,2025-06-14,2022105304|2022100489,4,400.0,0.0,-400.0,0
FIXED_A05,2025,0.5,202502010110,2025-06-14,2021106472|2018104841,4,400.0,0.0,-400.0,0
FIXED_A05,2025,0.5,202505030308,2025-06-14,2020102269|2021101398,4,400.0,0.0,-400.0,0
FIXED_A05,2025,0.5,202505030312,2025-06-14,2021102617|2022101532,4,400.0,0.0,-400.0,0
FIXED_A05,2025,0.5,202509030303,2025-06-14,2022106178|2022110059,4,400.0,0.0,-400.0,0
FIXED_A05,2025,0.5,202509030310,2025-06-14,2021103598|2020104650,4,400.0,0.0,-400.0,0
FIXED_A05,2025,0.5,202509030312,2025-06-14,2022106409|2020103673,4,400.0,0.0,-400.0,0
FIXED_A05,2025,0.5,202502010209,2025-06-15,2022105345|2022106045,4,400.0,0.0,-400.0,0
FIXED_A05,2025,0.5,202509030408,2025-06-15,2020107081|2021106177,4,400.0,0.0,-400.0,0
FIXED_A05,2025,0.5,202509030411,2025-06-15,2018104942|2021100913,4,400.0,0.0,-400.0,0
FIXED_A05,2025,0.5,202502010305,2025-06-21,2023102208|2023100441,4,400.0,0.0,-400.0,0
FIXED_A05,2025,0.5,202509030508,2025-06-21,2022105493|2022105878,4,400.0,0.0,-400.0,0
FIXED_A05,2025,0.5,202502010405,2025-06-22,2023100688|2023100428,4,400.0,0.0,-400.0,0
FIXED_A05,2025,0.5,202502010411,2025-06-22,2018106077|2020105250,4,400.0,0.0,-400.0,0
FIXED_A05,2025,0.5,202505030609,2025-06-22,2020103575|2021105779,4,400.0,0.0,-400.0,0
FIXED_A05,2025,0.5,202505030610,2025-06-22,2020103328|2018104757,4,400.0,0.0,-400.0,0
FIXED_A05,2025,0.5,202505030612,2025-06-22,2022105598|2020101086,4,400.0,0.0,-400.0,0
FIXED_A05,2025,0.5,202502010510,2025-06-28,2020101288|2019103742,4,400.0,0.0,-400.0,0
FIXED_A05,2025,0.5,202503020111,2025-06-28,2019105150|2019105336,4,400.0,0.0,-400.0,0
FIXED_A05,2025,0.5,202502010606,2025-06-29,2022102416|2022105336,4,400.0,0.0,-400.0,0
FIXED_A05,2025,0.5,202502010911,2025-07-12,2019106739|2019103850,4,400.0,0.0,-400.0,0
FIXED_A05,2025,0.5,202503020611,2025-07-13,2019104998|2019106933,4,400.0,0.0,-400.0,0
FIXED_A05,2025,0.5,202510020602,2025-07-13,2022104091|2022102175,4,400.0,0.0,-400.0,0
FIXED_A05,2025,0.5,202502011107,2025-07-19,2022107254|2021100362,4,400.0,86260.0,85860.0,1
FIXED_A05,2025,0.5,202510020710,2025-07-19,2018103473|2019103556,4,400.0,0.0,-400.0,0
FIXED_A05,2025,0.5,202502011201,2025-07-20,2023101674|2023103000,4,400.0,0.0,-400.0,0
FIXED_A05,2025,0.5,202503020805,2025-07-20,2023102477|2023101206,4,400.0,0.0,-400.0,0
FIXED_A05,2025,0.5,202503020811,2025-07-20,2020100829|2020104429,4,400.0,0.0,-400.0,0
FIXED_A05,2025,0.5,202510020802,2025-07-20,2022104501|2022100412,4,400.0,0.0,-400.0,0
FIXED_A05,2025,0.5,202510020811,2025-07-20,2016102175|2019103823,4,400.0,0.0,-400.0,0
FIXED_A05,2025,0.5,202510020812,2025-07-20,2017101767|2020101763,4,400.0,0.0,-400.0,0
FIXED_A05,2025,0.5,202501010112,2025-07-26,2019106573|2017103184,4,400.0,0.0,-400.0,0
FIXED_A05,2025,0.5,202501010207,2025-07-27,2022105452|2020104855,4,400.0,0.0,-400.0,0
FIXED_A05,2025,0.5,202504020207,2025-07-27,2020100792|2021110031,4,400.0,0.0,-400.0,0
FIXED_A05,2025,0.5,202501010311,2025-08-02,2019101612|2020103279,4,400.0,0.0,-400.0,0
FIXED_A05,2025,0.5,202501010312,2025-08-02,2021101219|2021105789,4,400.0,0.0,-400.0,0
FIXED_A05,2025,0.5,202504020402,2025-08-03,2023103521|2023102909,4,400.0,0.0,-400.0,0
FIXED_A05,2025,0.5,202504020407,2025-08-03,2019100510|2019102137,4,400.0,0.0,-400.0,0
FIXED_A05,2025,0.5,202507030402,2025-08-03,2023103432|2023101572,4,400.0,0.0,-400.0,0
FIXED_A05,2025,0.5,202507030404,2025-08-03,2022104061|2022104943,4,400.0,0.0,-400.0,0
FIXED_A05,2025,0.5,202507030412,2025-08-03,2019104068|2022104910,4,400.0,0.0,-400.0,0
FIXED_A05,2025,0.5,202504020503,2025-08-09,2023104162|2023103934,4,400.0,0.0,-400.0,0
FIXED_A05,2025,0.5,202504020505,2025-08-09,2021100060|2019105754,4,400.0,0.0,-400.0,0
FIXED_A05,2025,0.5,202504020509,2025-08-09,2018101166|2020103046,4,400.0,0.0,-400.0,0
FIXED_A05,2025,0.5,202501010607,2025-08-10,2022105221|2022102749,4,400.0,0.0,-400.0,0
FIXED_A05,2025,0.5,202501010610,2025-08-10,2020100151|2020102679,4,400.0,0.0,-400.0,0
FIXED_A05,2025,0.5,202501010612,2025-08-10,2021106689|2021103125,4,400.0,0.0,-400.0,0
FIXED_A05,2025,0.5,202504020612,2025-08-10,2022103570|2022100678,4,400.0,0.0,-400.0,0
FIXED_A05,2025,0.5,202504020805,2025-08-17,2022100115|2022103578,4,400.0,0.0,-400.0,0
FIXED_A05,2025,0.5,202507030802,2025-08-17,2023105140|2023102610,4,400.0,0.0,-400.0,0
FIXED_A05,2025,0.5,202507030805,2025-08-17,2022102385|2022102906,4,400.0,0.0,-400.0,0
FIXED_A05,2025,0.5,202507030806,2025-08-17,2020101853|2020102724,4,400.0,0.0,-400.0,0
FIXED_A05,2025,0.5,202507030810,2025-08-17,2021103484|2021104037,4,400.0,0.0,-400.0,0
FIXED_A05,2025,0.5,202504030109,2025-08-23,2021106939|2019105794,4,400.0,0.0,-400.0,0
FIXED_A05,2025,0.5,202501020306,2025-08-30,2022105392|2022103973,4,400.0,0.0,-400.0,0
FIXED_A05,2025,0.5,202501020312,2025-08-30,2020103113|2021106690,4,400.0,0.0,-400.0,0
FIXED_A05,2025,0.5,202504030306,2025-08-30,2022104519|2022100190,4,400.0,0.0,-400.0,0
FIXED_A05,2025,0.5,202504030309,2025-08-30,2019104746|2022100678,4,400.0,0.0,-400.0,0
FIXED_A05,2025,0.5,202507040311,2025-08-30,2019106027|2020104136,4,400.0,0.0,-400.0,0
FIXED_A05,2025,0.5,202501020504,2025-09-06,2022101249|2022104164,4,400.0,0.0,-400.0,0
FIXED_A05,2025,0.5,202501020509,2025-09-06,2022104434|2022102709,4,400.0,0.0,-400.0,0
FIXED_A05,2025,0.5,202501020510,2025-09-06,2020100151|2020104087,4,400.0,0.0,-400.0,0
FIXED_A05,2025,0.5,202506040106,2025-09-06,2023102436|2023100487,4,400.0,0.0,-400.0,0
FIXED_A05,2025,0.5,202506040107,2025-09-06,2022103504|2022107023,4,400.0,0.0,-400.0,0
FIXED_A05,2025,0.5,202509040206,2025-09-07,2022104900|2021100652,4,400.0,0.0,-400.0,0
FIXED_A05,2025,0.5,202509040211,2025-09-07,2020110090|2019105512,4,400.0,0.0,-400.0,0
FIXED_A05,2025,0.5,202506040407,2025-09-14,2022103159|2022102779,4,400.0,0.0,-400.0,0
FIXED_A05,2025,0.5,202509040404,2025-09-14,2022103627|2022103134,4,400.0,0.0,-400.0,0
FIXED_A05,2025,0.5,202509040411,2025-09-14,2022103304|2022105291,4,400.0,0.0,-400.0,0
FIXED_A05,2025,0.5,202509040512,2025-09-15,2022107397|2020103673,4,400.0,0.0,-400.0,0
FIXED_A05,2025,0.5,202506040607,2025-09-20,2021106102|2021105214,4,400.0,0.0,-400.0,0
FIXED_A05,2025,0.5,202506040702,2025-09-21,2023100723|2023105713,4,400.0,0.0,-400.0,0
FIXED_A05,2025,0.5,202506040704,2025-09-21,2023102162|2023103216,4,400.0,0.0,-400.0,0
FIXED_A05,2025,0.5,202506040811,2025-09-27,2019106925,2,200.0,0.0,-200.0,0
FIXED_A05,2025,0.5,202509040810,2025-09-27,2020101968|2019105191,4,400.0,0.0,-400.0,0
FIXED_A05,2025,0.5,202506040905,2025-09-28,2023102266|2023105248,4,400.0,0.0,-400.0,0
FIXED_A05,2025,0.5,202506040906,2025-09-28,2021101256|2022102058,4,400.0,0.0,-400.0,0
FIXED_A05,2025,0.5,202506040911,2025-09-28,2021106601|2021102320,4,400.0,0.0,-400.0,0
FIXED_A05,2025,0.5,202509040905,2025-09-28,2023103171,2,200.0,0.0,-200.0,0
FIXED_A05,2025,0.5,202509040908,2025-09-28,2020103495|2020102736,4,400.0,0.0,-400.0,0
FIXED_A05,2025,0.5,202505040110,2025-10-04,2018104757|2021100557,4,400.0,0.0,-400.0,0
FIXED_A05,2025,0.5,202505040111,2025-10-04,2021103725|2020102843,4,400.0,0.0,-400.0,0
FIXED_A05,2025,0.5,202505040112,2025-10-04,2021106639|2021107080,4,400.0,0.0,-400.0,0
FIXED_A05,2025,0.5,202508030110,2025-10-04,2020102971|2021102700,4,400.0,0.0,-400.0,0
FIXED_A05,2025,0.5,202508030111,2025-10-04,2016104668|2019104915,4,400.0,0.0,-400.0,0
FIXED_A05,2025,0.5,202505040209,2025-10-05,2022104050|2020103534,4,400.0,0.0,-400.0,0
FIXED_A05,2025,0.5,202505040212,2025-10-05,2021102280|2021104777,4,400.0,0.0,-400.0,0
FIXED_A05,2025,0.5,202508030211,2025-10-05,2019101847|2019105252,4,400.0,0.0,-400.0,0
FIXED_A05,2025,0.5,202505040407,2025-10-12,2020103710|2022101739,4,400.0,0.0,-400.0,0
FIXED_A05,2025,0.5,202505040409,2025-10-12,2021104395|2020102907,4,400.0,0.0,-400.0,0
FIXED_A05,2025,0.5,202505040411,2025-10-12,2019105768|2021101685,4,400.0,0.0,-400.0,0
FIXED_A05,2025,0.5,202508030407,2025-10-12,2020101323|2022102294,4,400.0,0.0,-400.0,0
FIXED_A05,2025,0.5,202508030412,2025-10-12,2020103292|2022107012,4,400.0,0.0,-400.0,0
FIXED_A05,2025,0.5,202505040507,2025-10-13,2020103119|2022103143,4,400.0,0.0,-400.0,0
FIXED_A05,2025,0.5,202508030506,2025-10-13,2023100016|2023100342,4,400.0,0.0,-400.0,0
FIXED_A05,2025,0.5,202508030512,2025-10-13,2022106915|2022100654,4,400.0,0.0,-400.0,0
FIXED_A05,2025,0.5,202504040107,2025-10-18,2022109125|2022106846,4,400.0,0.0,-400.0,0
FIXED_A05,2025,0.5,202504040109,2025-10-18,2022101651|2022103494,4,400.0,0.0,-400.0,0
FIXED_A05,2025,0.5,202505040605,2025-10-18,2023106455|2023100121,4,400.0,0.0,-400.0,0
FIXED_A05,2025,0.5,202508030605,2025-10-18,2023106701|2023100605,4,400.0,0.0,-400.0,0
FIXED_A05,2025,0.5,202508030606,2025-10-18,2023105611|2023102213,4,400.0,6680.0,6280.0,1
FIXED_A05,2025,0.5,202504040205,2025-10-19,2023106454|2023104980,4,400.0,0.0,-400.0,0
FIXED_A05,2025,0.5,202504040209,2025-10-19,2022102337|2020102864,4,400.0,0.0,-400.0,0
FIXED_A05,2025,0.5,202504040211,2025-10-19,2018103507|2019105370,4,400.0,0.0,-400.0,0
FIXED_A05,2025,0.5,202505040704,2025-10-19,2023106448|2023100845,4,400.0,0.0,-400.0,0
FIXED_A05,2025,0.5,202505040705,2025-10-19,2023103144|2023102734,4,400.0,0.0,-400.0,0
FIXED_A05,2025,0.5,202508030711,2025-10-19,2022105291|2022101250,4,400.0,0.0,-400.0,0
FIXED_A05,2025,0.5,202504040306,2025-10-25,2020104778|2020106051,4,400.0,0.0,-400.0,0
FIXED_A05,2025,0.5,202504040311,2025-10-25,2019104080|2020105203,4,400.0,0.0,-400.0,0
FIXED_A05,2025,0.5,202508030805,2025-10-25,2023102487|2023102996,4,400.0,0.0,-400.0,0
FIXED_A05,2025,0.5,202508030806,2025-10-25,2023103876|2023100014,4,400.0,0.0,-400.0,0
FIXED_A05,2025,0.5,202504040404,2025-10-26,2021105289|2021100074,4,400.0,0.0,-400.0,0
FIXED_A05,2025,0.5,202504040407,2025-10-26,2021102283|2021104860,4,400.0,0.0,-400.0,0
FIXED_A05,2025,0.5,202505040905,2025-10-26,2023105449|2023102019,4,400.0,0.0,-400.0,0
FIXED_A05,2025,0.5,202508030904,2025-10-26,2023105122|2023106555,4,400.0,0.0,-400.0,0
FIXED_A05,2025,0.5,202505041007,2025-11-01,2022107021|2022101481,4,400.0,0.0,-400.0,0
FIXED_A05,2025,0.5,202508031006,2025-11-01,2023105722|2023104537,4,400.0,0.0,-400.0,0
FIXED_A05,2025,0.5,202508031007,2025-11-01,2020102339|2019100665,4,400.0,0.0,-400.0,0
FIXED_A05,2025,0.5,202508031110,2025-11-02,2021105811|2020107121,4,400.0,0.0,-400.0,0
FIXED_A05,2025,0.5,202503030109,2025-11-08,2022105400|2022105614,4,400.0,0.0,-400.0,0
FIXED_A05,2025,0.5,202503030112,2025-11-08,2021104276|2021105868,4,400.0,0.0,-400.0,0
FIXED_A05,2025,0.5,202505050104,2025-11-08,2023103133|2023106313,4,400.0,0.0,-400.0,0
FIXED_A05,2025,0.5,202505050209,2025-11-09,2023104540|2023110007,4,400.0,0.0,-400.0,0
FIXED_A05,2025,0.5,202508040204,2025-11-09,2023103511|2023106289,4,400.0,0.0,-400.0,0
FIXED_A05,2025,0.5,202503030312,2025-11-15,2021105794|2021104481,4,400.0,0.0,-400.0,0
FIXED_A05,2025,0.5,202508040306,2025-11-15,2023102460|2023104226,4,400.0,0.0,-400.0,0
FIXED_A05,2025,0.5,202508040310,2025-11-15,2022106883|2021106782,4,400.0,0.0,-400.0,0
FIXED_A05,2025,0.5,202508040312,2025-11-15,2022104121|2022103100,4,400.0,0.0,-400.0,0
FIXED_A05,2025,0.5,202503030403,2025-11-16,2022105011|2019104261,4,400.0,0.0,-400.0,0
FIXED_A05,2025,0.5,202503030410,2025-11-16,2020103154|2016102904,4,400.0,0.0,-400.0,0
FIXED_A05,2025,0.5,202503030411,2025-11-16,2021110056|2021104283,4,400.0,0.0,-400.0,0
FIXED_A05,2025,0.5,202503030412,2025-11-16,2022106544|2022101969,4,400.0,0.0,-400.0,0
FIXED_A05,2025,0.5,202505050411,2025-11-16,2018110043|2016104668,4,400.0,0.0,-400.0,0
FIXED_A05,2025,0.5,202508040411,2025-11-16,2022102296|2020101608,4,400.0,0.0,-400.0,0
FIXED_A05,2025,0.5,202508040506,2025-11-22,2023102104|2023107472,4,400.0,0.0,-400.0,0
FIXED_A05,2025,0.5,202505050502,2025-11-23,2023103805|2023107403,4,400.0,0.0,-400.0,0
FIXED_A05,2025,0.5,202505050504,2025-11-23,2023100414|2023100419,4,400.0,0.0,-400.0,0
FIXED_A05,2025,0.5,202505050512,2025-11-23,2021100198|2020100707,4,400.0,0.0,-400.0,0
FIXED_A05,2025,0.5,202508040610,2025-11-23,2019106604|2019104632,4,400.0,0.0,-400.0,0
FIXED_A05,2025,0.5,202503030602,2025-11-24,2022103228|2021105604,4,400.0,0.0,-400.0,0
FIXED_A05,2025,0.5,202503030604,2025-11-24,2022105371|2019105759,4,400.0,33070.0,32670.0,1
FIXED_A05,2025,0.5,202503030608,2025-11-24,2022100540|2020104250,4,400.0,0.0,-400.0,0
FIXED_A05,2025,0.5,202503030609,2025-11-24,2021103037|2022106224,4,400.0,0.0,-400.0,0
FIXED_A05,2025,0.5,202503030610,2025-11-24,2021103533|2021104978,4,400.0,0.0,-400.0,0
FIXED_A05,2025,0.5,202505050708,2025-11-29,2020105670|2021105929,4,400.0,0.0,-400.0,0
FIXED_A05,2025,0.5,202508040707,2025-11-29,2022105759|2022104214,4,400.0,0.0,-400.0,0
FIXED_A05,2025,0.5,202505050805,2025-11-30,2023103069|2023101929,4,400.0,0.0,-400.0,0
FIXED_A05,2025,0.5,202507050101,2025-12-06,2023107481|2023102602,4,400.0,0.0,-400.0,0
FIXED_A05,2025,0.5,202507050103,2025-12-06,2022101678|2022105794,4,400.0,0.0,-400.0,0
FIXED_A05,2025,0.5,202506050203,2025-12-07,2023104871|2023109055,4,400.0,0.0,-400.0,0
FIXED_A05,2025,0.5,202506050205,2025-12-07,2023105567|2023105799,4,400.0,0.0,-400.0,0
FIXED_A05,2025,0.5,202506050210,2025-12-07,2021105334|2021103140,4,400.0,0.0,-400.0,0
FIXED_A05,2025,0.5,202507050208,2025-12-07,2021110040|2021101383,4,400.0,0.0,-400.0,0
FIXED_A05,2025,0.5,202507050209,2025-12-07,2020102962|2020104126,4,400.0,0.0,-400.0,0
FIXED_A05,2025,0.5,202507050211,2025-12-07,2020101874|2020103400,4,400.0,0.0,-400.0,0
FIXED_A05,2025,0.5,202509050210,2025-12-07,2018103406|2021101382,4,400.0,0.0,-400.0,0
FIXED_A05,2025,0.5,202506050309,2025-12-13,2023100728|2023106405,4,400.0,0.0,-400.0,0
FIXED_A05,2025,0.5,202506050311,2025-12-13,2019104159|2019100768,4,400.0,0.0,-400.0,0
FIXED_A05,2025,0.5,202507050310,2025-12-13,2020100931|2020105670,4,400.0,0.0,-400.0,0
FIXED_A05,2025,0.5,202507050311,2025-12-13,2021105623|2019105416,4,400.0,0.0,-400.0,0
FIXED_A05,2025,0.5,202507050312,2025-12-13,2022100737|2019104746,4,400.0,0.0,-400.0,0
FIXED_A05,2025,0.5,202509050301,2025-12-13,2023103685|2023103849,4,400.0,0.0,-400.0,0
FIXED_A05,2025,0.5,202509050306,2025-12-13,2023105977|2023101334,4,400.0,0.0,-400.0,0
FIXED_A05,2025,0.5,202506050410,2025-12-14,2020106877|2020103566,4,400.0,0.0,-400.0,0
FIXED_A05,2025,0.5,202506050412,2025-12-14,2021101801|2021101059,4,400.0,0.0,-400.0,0
FIXED_A05,2025,0.5,202509050411,2025-12-14,2023109164|2023103293,4,400.0,0.0,-400.0,0
FIXED_A05,2025,0.5,202506050510,2025-12-20,2021103574|2021104889,4,400.0,0.0,-400.0,0
FIXED_A05,2025,0.5,202507050504,2025-12-20,2023105450|2023104049,4,400.0,0.0,-400.0,0
FIXED_A05,2025,0.5,202509050506,2025-12-20,2023101278|2023103083,4,400.0,0.0,-400.0,0
FIXED_A05,2025,0.5,202509050512,2025-12-20,2019105461|2022109119,4,400.0,0.0,-400.0,0
FIXED_A05,2025,0.5,202506050608,2025-12-21,2022100949|2020103676,4,400.0,0.0,-400.0,0
FIXED_A05,2025,0.5,202507050611,2025-12-21,2019102454|2021110056,4,400.0,0.0,-400.0,0
FIXED_A05,2025,0.5,202507050612,2025-12-21,2018104841|2021103171,4,400.0,0.0,-400.0,0
FIXED_A05,2025,0.5,202509050607,2025-12-21,2022105299|2022100068,4,400.0,0.0,-400.0,0
FIXED_A05,2025,0.5,202509050609,2025-12-21,2021105489|2019107016,4,400.0,0.0,-400.0,0
FIXED_A05,2025,0.5,202509050610,2025-12-21,2021105264|2021104510,4,400.0,0.0,-400.0,0
FIXED_A05,2025,0.5,202509050611,2025-12-21,2023100772|2023102615,4,400.0,0.0,-400.0,0
FIXED_A05,2025,0.5,202506050705,2025-12-27,2023101599|2023102332,4,400.0,0.0,-400.0,0
FIXED_A05,2025,0.5,202506050707,2025-12-27,2021101176|2022103288,4,400.0,0.0,-400.0,0
FIXED_A05,2025,0.5,202509050711,2025-12-27,2021102315|2020102764,4,400.0,0.0,-400.0,0
FIXED_A05,2025,0.5,202506050805,2025-12-28,2023100485|2023103049,4,400.0,0.0,-400.0,0
FIXED_A05,2025,0.5,202506050806,2025-12-28,2023104891|2023102771,4,400.0,0.0,-400.0,0
FIXED_A05,2025,0.5,202506050812,2025-12-28,2020103066|2021102419,4,400.0,0.0,-400.0,0
FIXED_A05,2025,0.5,202509050806,2025-12-28,2023103275|2023100685,4,400.0,0.0,-400.0,0
FIXED_A05,2025,0.5,202509050807,2025-12-28,2021110040|2020102910,4,400.0,0.0,-400.0,0
FIXED_A1,2025,1.0,202506010108,2025-01-05,2020100656|2020102563,4,400.0,0.0,-400.0,0
FIXED_A1,2025,1.0,202506010110,2025-01-05,2022102709|2022107106,4,400.0,0.0,-400.0,0
FIXED_A1,2025,1.0,202506010111,2025-01-05,2019101782|2019105239,4,400.0,0.0,-400.0,0
FIXED_A1,2025,1.0,202507010105,2025-01-05,2022102947|2022105025,4,400.0,0.0,-400.0,0
FIXED_A1,2025,1.0,202507010108,2025-01-05,2020103435|2020105415,4,400.0,0.0,-400.0,0
FIXED_A1,2025,1.0,202507010112,2025-01-05,2021105773|2021104669,4,400.0,0.0,-400.0,0
FIXED_A1,2025,1.0,202507010207,2025-01-06,2021103283|2021102840,4,400.0,0.0,-400.0,0
FIXED_A1,2025,1.0,202507010209,2025-01-06,2018102956|2019103420,4,400.0,0.0,-400.0,0
FIXED_A1,2025,1.0,202507010210,2025-01-06,2020103279|2019104092,4,400.0,0.0,-400.0,0
FIXED_A1,2025,1.0,202507010211,2025-01-06,2020104764|2018105308,4,400.0,52080.0,51680.0,1
FIXED_A1,2025,1.0,202506010305,2025-01-11,2022100009|2022101100,4,400.0,0.0,-400.0,0
FIXED_A1,2025,1.0,202507010305,2025-01-11,2022100816|2022105727,4,400.0,0.0,-400.0,0
FIXED_A1,2025,1.0,202507010405,2025-01-12,2022103156|2022103483,4,400.0,0.0,-400.0,0
FIXED_A1,2025,1.0,202507010406,2025-01-12,2022104937|2022104125,4,400.0,0.0,-400.0,0
FIXED_A1,2025,1.0,202507010412,2025-01-12,2020104015|2020104739,4,400.0,0.0,-400.0,0
FIXED_A1,2025,1.0,202506010509,2025-01-13,2020100593|2020101402,4,400.0,0.0,-400.0,0
FIXED_A1,2025,1.0,202506010512,2025-01-13,2020100759|2021101383,4,400.0,0.0,-400.0,0
FIXED_A1,2025,1.0,202507010501,2025-01-13,2022102840|2022100771,4,400.0,0.0,-400.0,0
FIXED_A1,2025,1.0,202506010603,2025-01-18,2022103044|2022105799,4,400.0,0.0,-400.0,0
FIXED_A1,2025,1.0,202506010609,2025-01-18,2022106999|2022100896,4,400.0,0.0,-400.0,0
FIXED_A1,2025,1.0,202507010601,2025-01-18,2022104792|2022104520,4,400.0,0.0,-400.0,0
FIXED_A1,2025,1.0,202507010603,2025-01-18,2022106958|2022100933,4,400.0,0.0,-400.0,0
FIXED_A1,2025,1.0,202507010604,2025-01-18,2022102639|2022106718,4,400.0,0.0,-400.0,0
FIXED_A1,2025,1.0,202507010605,2025-01-18,2022103263|2022105089,4,400.0,0.0,-400.0,0
FIXED_A1,2025,1.0,202506010705,2025-01-19,2022101105|2022105327,4,400.0,0.0,-400.0,0
FIXED_A1,2025,1.0,202506010710,2025-01-19,2019104116|2018101878,4,400.0,0.0,-400.0,0
FIXED_A1,2025,1.0,202507010705,2025-01-19,2022105331|2022101546,4,400.0,0.0,-400.0,0
FIXED_A1,2025,1.0,202506010804,2025-01-25,2022100221|2022102774,4,400.0,0.0,-400.0,0
FIXED_A1,2025,1.0,202506010805,2025-01-25,2022101423|2022103709,4,400.0,0.0,-400.0,0
FIXED_A1,2025,1.0,202507010808,2025-01-25,2020104207|2019100566,4,400.0,0.0,-400.0,0
FIXED_A1,2025,1.0,202510010106,2025-01-25,2022103533|2022106695,4,400.0,0.0,-400.0,0
FIXED_A1,2025,1.0,202510010107,2025-01-25,2021106768|2020104162,4,400.0,0.0,-400.0,0
FIXED_A1,2025,1.0,202510010108,2025-01-25,2020105578|2021101742,4,400.0,0.0,-400.0,0
FIXED_A1,2025,1.0,202510010111,2025-01-25,2019103430|2019105040,4,400.0,0.0,-400.0,0
FIXED_A1,2025,1.0,202506010906,2025-01-26,2021110151|2021103770,4,400.0,0.0,-400.0,0
FIXED_A1,2025,1.0,202507010911,2025-01-26,2020102095|2020104861,4,400.0,0.0,-400.0,0
FIXED_A1,2025,1.0,202510010209,2025-01-26,2020104824|2020110121,4,400.0,0.0,-400.0,0
FIXED_A1,2025,1.0,202505010107,2025-02-01,2021106802|2020102944,4,400.0,0.0,-400.0,0
FIXED_A1,2025,1.0,202505010109,2025-02-01,2018104332|2018106693,4,400.0,0.0,-400.0,0
FIXED_A1,2025,1.0,202508010105,2025-02-01,2022107191|2022105882,4,400.0,0.0,-400.0,0
FIXED_A1,2025,1.0,202510010309,2025-02-01,2020105533|2021105640,4,400.0,0.0,-400.0,0
FIXED_A1,2025,1.0,202510010311,2025-02-01,2020102971|2021101535,4,400.0,0.0,-400.0,0
FIXED_A1,2025,1.0,202510010312,2025-02-01,2020101171|2020103261,4,400.0,0.0,-400.0,0
FIXED_A1,2025,1.0,202508010212,2025-02-02,2019103672|2021104891,4,400.0,0.0,-400.0,0
FIXED_A1,2025,1.0,202510010407,2025-02-02,2021103236|2021105238,4,400.0,0.0,-400.0,0
FIXED_A1,2025,1.0,202510010410,2025-02-02,2021105039|2020103898,4,400.0,0.0,-400.0,0
FIXED_A1,2025,1.0,202510010411,2025-02-02,2018101796|2018100664,4,400.0,0.0,-400.0,0
FIXED_A1,2025,1.0,202510010412,2025-02-02,2021105873|2021104137,4,400.0,0.0,-400.0,0
FIXED_A1,2025,1.0,202505010302,2025-02-08,2022106103|2022101038,4,400.0,0.0,-400.0,0
FIXED_A1,2025,1.0,202505010309,2025-02-08,2022103549|2022103443,4,400.0,0.0,-400.0,0
FIXED_A1,2025,1.0,202510010511,2025-02-08,2019106475|2019103004,4,400.0,0.0,-400.0,0
FIXED_A1,2025,1.0,202510010512,2025-02-08,2021104484|2021104140,4,400.0,0.0,-400.0,0
FIXED_A1,2025,1.0,202505010404,2025-02-09,2022100005|2022107184,4,400.0,0.0,-400.0,0
FIXED_A1,2025,1.0,202508010405,2025-02-09,2022100369|2022105561,4,400.0,0.0,-400.0,0
FIXED_A1,2025,1.0,202510010601,2025-02-09,2022102205|2022101330,4,400.0,0.0,-400.0,0
FIXED_A1,2025,1.0,202508010304,2025-02-10,2022101024,2,200.0,0.0,-200.0,0
FIXED_A1,2025,1.0,202505010505,2025-02-15,2022100186|2022102902,4,400.0,0.0,-400.0,0
FIXED_A1,2025,1.0,202508010511,2025-02-15,2019100581|2018102227,4,400.0,0.0,-400.0,0
FIXED_A1,2025,1.0,202505010606,2025-02-16,2021106811|2021100441,4,400.0,0.0,-400.0,0
FIXED_A1,2025,1.0,202505010609,2025-02-16,2018105157|2020104843,4,400.0,0.0,-400.0,0
FIXED_A1,2025,1.0,202508010605,2025-02-16,2022106789|2022106510,4,400.0,0.0,-400.0,0
FIXED_A1,2025,1.0,202505010711,2025-02-22,2020103308|2020103439,4,400.0,0.0,-400.0,0
FIXED_A1,2025,1.0,202508010704,2025-02-22,2022106478|2022102649,4,400.0,0.0,-400.0,0
FIXED_A1,2025,1.0,202508010710,2025-02-22,2018110037|2019106632,4,400.0,0.0,-400.0,0
FIXED_A1,2025,1.0,202510010909,2025-02-22,2018103200|2020102965,4,400.0,0.0,-400.0,0
FIXED_A1,2025,1.0,202510010910,2025-02-22,2021104751|2019102384,4,400.0,0.0,-400.0,0
FIXED_A1,2025,1.0,202510011012,2025-02-23,2021106178|2021105972,4,400.0,0.0,-400.0,0
FIXED_A1,2025,1.0,202510011112,2025-03-01,2021106661|2021104481,4,400.0,0.0,-400.0,0
FIXED_A1,2025,1.0,202506020212,2025-03-02,2019105286|2019105344,4,400.0,0.0,-400.0,0
FIXED_A1,2025,1.0,202509010204,2025-03-02,2022106584|2022106453,4,400.0,0.0,-400.0,0
FIXED_A1,2025,1.0,202509010205,2025-03-02,2022105250|2022105355,4,400.0,0.0,-400.0,0
FIXED_A1,2025,1.0,202509010206,2025-03-02,2022105969|2022105974,4,400.0,0.0,-400.0,0
FIXED_A1,2025,1.0,202510011202,2025-03-02,2022100070|2022109054,4,400.0,0.0,-400.0,0
FIXED_A1,2025,1.0,202510011206,2025-03-02,2021100284|2020101337,4,400.0,0.0,-400.0,0
FIXED_A1,2025,1.0,202510011207,2025-03-02,2021104049|2021104180,4,400.0,0.0,-400.0,0
FIXED_A1,2025,1.0,202510011212,2025-03-02,2018103802|2019100689,4,400.0,0.0,-400.0,0
FIXED_A1,2025,1.0,202506020311,2025-03-08,2020104572|2020102942,4,400.0,0.0,-400.0,0
FIXED_A1,2025,1.0,202509010411,2025-03-09,2019105775|2020103275,4,400.0,0.0,-400.0,0
FIXED_A1,2025,1.0,202506020507,2025-03-15,2022106317|2022104704,4,400.0,0.0,-400.0,0
FIXED_A1,2025,1.0,202506020509,2025-03-15,2020110132,2,200.0,0.0,-200.0,0
FIXED_A1,2025,1.0,202507020111,2025-03-15,2020101271|2020110055,4,400.0,0.0,-400.0,0
FIXED_A1,2025,1.0,202506020608,2025-03-16,2021101440|2021102969,4,400.0,0.0,-400.0,0
FIXED_A1,2025,1.0,202507020212,2025-03-16,2021106206|2021104618,4,400.0,0.0,-400.0,0
FIXED_A1,2025,1.0,202509010605,2025-03-16,2022100489|2022103705,4,400.0,0.0,-400.0,0
FIXED_A1,2025,1.0,202509010607,2025-03-16,2021107047|2019102553,4,400.0,0.0,-400.0,0
FIXED_A1,2025,1.0,202506020707,2025-03-22,2020100307|2021106104,4,400.0,0.0,-400.0,0
FIXED_A1,2025,1.0,202506020711,2025-03-22,2022106653|2022104874,4,400.0,0.0,-400.0,0
FIXED_A1,2025,1.0,202509010709,2025-03-22,2019105191|2018103902,4,400.0,0.0,-400.0,0
FIXED_A1,2025,1.0,202509010712,2025-03-22,2020106209|2018102956,4,400.0,0.0,-400.0,0
FIXED_A1,2025,1.0,202506020804,2025-03-23,2020103918|2020100684,4,400.0,0.0,-400.0,0
FIXED_A1,2025,1.0,202506020810,2025-03-23,2018105521|2019104762,4,400.0,0.0,-400.0,0
FIXED_A1,2025,1.0,202506020812,2025-03-23,2019105286|2020105533,4,400.0,0.0,-400.0,0
FIXED_A1,2025,1.0,202507020403,2025-03-23,2022100580|2022104548,4,400.0,0.0,-400.0,0
FIXED_A1,2025,1.0,202507020411,2025-03-23,2020101678|2020100497,4,400.0,0.0,-400.0,0
FIXED_A1,2025,1.0,202509010806,2025-03-23,2022105936|2022104310,4,400.0,0.0,-400.0,0
FIXED_A1,2025,1.0,202507020509,2025-03-29,2019103996|2019102705,4,400.0,0.0,-400.0,0
FIXED_A1,2025,1.0,202509020101,2025-03-29,2022106560,2,200.0,0.0,-200.0,0
FIXED_A1,2025,1.0,202509020107,2025-03-29,2021102787|2021103932,4,400.0,0.0,-400.0,0
FIXED_A1,2025,1.0,202509020109,2025-03-29,2022101048|2022103881,4,400.0,0.0,-400.0,0
FIXED_A1,2025,1.0,202506030210,2025-03-30,2021105334|2020105365,4,400.0,0.0,-400.0,0
FIXED_A1,2025,1.0,202507020605,2025-03-30,2022101586|2022110036,4,400.0,0.0,-400.0,0
FIXED_A1,2025,1.0,202507020611,2025-03-30,2020103276|2021110031,4,400.0,0.0,-400.0,0
FIXED_A1,2025,1.0,202509020212,2025-03-30,2019103063|2020101216,4,400.0,0.0,-400.0,0
FIXED_A1,2025,1.0,202506030410,2025-04-06,2020106908|2020106896,4,400.0,0.0,-400.0,0
FIXED_A1,2025,1.0,202506030412,2025-04-06,2020104960|2019103442,4,400.0,0.0,-400.0,0
FIXED_A1,2025,1.0,202509020403,2025-04-06,2022103241|2022103730,4,400.0,0.0,-400.0,0
FIXED_A1,2025,1.0,202509020409,2025-04-06,2022104588|2022102493,4,400.0,0.0,-400.0,0
FIXED_A1,2025,1.0,202509020410,2025-04-06,2020105089|2019106925,4,400.0,0.0,-400.0,0
FIXED_A1,2025,1.0,202503010110,2025-04-12,2021105711|2021100198,4,400.0,0.0,-400.0,0
FIXED_A1,2025,1.0,202509020504,2025-04-12,2022103147|2022101650,4,400.0,0.0,-400.0,0
FIXED_A1,2025,1.0,202509020508,2025-04-12,2021101891|2017103155,4,400.0,0.0,-400.0,0
FIXED_A1,2025,1.0,202503010201,2025-04-13,2022102215|2022104162,4,400.0,0.0,-400.0,0
FIXED_A1,2025,1.0,202503010210,2025-04-13,2019103162|2020102299,4,400.0,0.0,-400.0,0
FIXED_A1,2025,1.0,202509020605,2025-04-13,2022103188|2022105964,4,400.0,0.0,-400.0,0
FIXED_A1,2025,1.0,202509020611,2025-04-13,2022103304|2022104617,4,400.0,0.0,-400.0,0
FIXED_A1,2025,1.0,202503010307,2025-04-19,2021106982|2019106938,4,400.0,0.0,-400.0,0
FIXED_A1,2025,1.0,202503010311,2025-04-19,2018103473|2018105392,4,400.0,0.0,-400.0,0
FIXED_A1,2025,1.0,202506030712,2025-04-19,2020103888|2017105634,4,400.0,0.0,-400.0,0
FIXED_A1,2025,1.0,202509020702,2025-04-19,2022106227|2022106313,4,400.0,0.0,-400.0,0
FIXED_A1,2025,1.0,202509020703,2025-04-19,2022107191|2022104225,4,400.0,0.0,-400.0,0
FIXED_A1,2025,1.0,202509020810,2025-04-20,2020104845|2021100836,4,400.0,0.0,-400.0,0
FIXED_A1,2025,1.0,202508020105,2025-04-26,2022101474|2022106510,4,400.0,0.0,-400.0,0
FIXED_A1,2025,1.0,202503010603,2025-04-27,2022104251|2022106077,4,400.0,0.0,-400.0,0
FIXED_A1,2025,1.0,202508020203,2025-04-27,2022102319|2022101147,4,400.0,0.0,-400.0,0
FIXED_A1,2025,1.0,202508020210,2025-04-27,2019104112|2018106663,4,400.0,0.0,-400.0,0
FIXED_A1,2025,1.0,202504010109,2025-05-03,2022104465|2022103446,4,400.0,0.0,-400.0,0
FIXED_A1,2025,1.0,202504010111,2025-05-03,2020105533|2020101209,4,400.0,0.0,-400.0,0
FIXED_A1,2025,1.0,202508020311,2025-05-03,2022100255|2022103059,4,400.0,0.0,-400.0,0
FIXED_A1,2025,1.0,202504010209,2025-05-04,2020106209|2019100072,4,400.0,0.0,-400.0,0
FIXED_A1,2025,1.0,202504010211,2025-05-04,2019103065|2018103739,4,400.0,0.0,-400.0,0
FIXED_A1,2025,1.0,202505020411,2025-05-04,2022105588|2022105438,4,400.0,0.0,-400.0,0
FIXED_A1,2025,1.0,202508020410,2025-05-04,2019102747|2020104616,4,400.0,0.0,-400.0,0
FIXED_A1,2025,1.0,202504010310,2025-05-10,2021105673|2021103555,4,400.0,0.0,-400.0,0
FIXED_A1,2025,1.0,202508020503,2025-05-10,2022100852|2022105770,4,400.0,0.0,-400.0,0
FIXED_A1,2025,1.0,202504010410,2025-05-11,2020100189|2021101554,4,400.0,0.0,-400.0,0
FIXED_A1,2025,1.0,202508020608,2025-05-11,2021103217|2020103474,4,400.0,0.0,-400.0,0
FIXED_A1,2025,1.0,202508020612,2025-05-11,2020103636|2021103549,4,400.0,0.0,-400.0,0
FIXED_A1,2025,1.0,202504010511,2025-05-17,2017105109|2019105065,4,400.0,0.0,-400.0,0
FIXED_A1,2025,1.0,202508020710,2025-05-17,2017104238|2020100979,4,400.0,0.0,-400.0,0
FIXED_A1,2025,1.0,202504010612,2025-05-18,2020106562|2021106347,4,400.0,0.0,-400.0,0
FIXED_A1,2025,1.0,202508020812,2025-05-18,2021103582|2021104210,4,400.0,0.0,-400.0,0
FIXED_A1,2025,1.0,202504010710,2025-05-24,2019106416|2021101400,4,400.0,0.0,-400.0,0
FIXED_A1,2025,1.0,202505020904,2025-05-24,2022101055|2022101154,4,400.0,0.0,-400.0,0
FIXED_A1,2025,1.0,202508020901,2025-05-24,2022101536|2022101390,4,400.0,0.0,-400.0,0
FIXED_A1,2025,1.0,202508020903,2025-05-24,2022100793|2022110139,4,400.0,0.0,-400.0,0
FIXED_A1,2025,1.0,202508020904,2025-05-24,2022100092|2022104498,4,400.0,0.0,-400.0,0
FIXED_A1,2025,1.0,202508020908,2025-05-24,2021100604|2020102642,4,400.0,0.0,-400.0,0
FIXED_A1,2025,1.0,202504010810,2025-05-25,2021104908|2021107154,4,400.0,0.0,-400.0,0
FIXED_A1,2025,1.0,202505021008,2025-05-25,2021104911|2020106306,4,400.0,0.0,-400.0,0
FIXED_A1,2025,1.0,202505021012,2025-05-25,2021104995|2021105004,4,400.0,0.0,-400.0,0
FIXED_A1,2025,1.0,202508021007,2025-05-25,2022107133|2022101043,4,400.0,0.0,-400.0,0
FIXED_A1,2025,1.0,202508021009,2025-05-25,2021103932|2021105715,4,400.0,0.0,-400.0,0
FIXED_A1,2025,1.0,202508021010,2025-05-25,2020101174|2020106877,4,400.0,0.0,-400.0,0
FIXED_A1,2025,1.0,202508021011,2025-05-25,2019105448|2019100581,4,400.0,0.0,-400.0,0
FIXED_A1,2025,1.0,202505021110,2025-05-31,2021100626|2020102907,4,400.0,0.0,-400.0,0
FIXED_A1,2025,1.0,202505021211,2025-06-01,2022106155|2022104922,4,400.0,0.0,-400.0,0
FIXED_A1,2025,1.0,202508021206,2025-06-01,2022106584|2022101202,4,400.0,0.0,-400.0,0
FIXED_A1,2025,1.0,202508021209,2025-06-01,2021106359|2021100329,4,400.0,0.0,-400.0,0
FIXED_A1,2025,1.0,202505030101,2025-06-07,2020105730|2021104180,4,400.0,0.0,-400.0,0
FIXED_A1,2025,1.0,202509030211,2025-06-08,2014104716|2021100768,4,400.0,0.0,-400.0,0
FIXED_A1,2025,1.0,202509030212,2025-06-08,2021105677|2021110023,4,400.0,0.0,-400.0,0
FIXED_A1,2025,1.0,202502010104,2025-06-14,2022105304|2022100489,4,400.0,0.0,-400.0,0
FIXED_A1,2025,1.0,202502010110,2025-06-14,2021106472|2018104841,4,400.0,0.0,-400.0,0
FIXED_A1,2025,1.0,202505030308,2025-06-14,2020102269|2021101398,4,400.0,0.0,-400.0,0
FIXED_A1,2025,1.0,202505030312,2025-06-14,2021102617|2022101532,4,400.0,0.0,-400.0,0
FIXED_A1,2025,1.0,202509030303,2025-06-14,2022106178|2022110059,4,400.0,0.0,-400.0,0
FIXED_A1,2025,1.0,202509030310,2025-06-14,2021103598|2020104650,4,400.0,0.0,-400.0,0
FIXED_A1,2025,1.0,202509030312,2025-06-14,2022106409|2020103673,4,400.0,0.0,-400.0,0
FIXED_A1,2025,1.0,202502010209,2025-06-15,2022105345|2022106045,4,400.0,0.0,-400.0,0
FIXED_A1,2025,1.0,202509030408,2025-06-15,2020107081|2021106177,4,400.0,0.0,-400.0,0
FIXED_A1,2025,1.0,202509030411,2025-06-15,2018104942|2021100913,4,400.0,0.0,-400.0,0
FIXED_A1,2025,1.0,202502010305,2025-06-21,2023102208|2023100441,4,400.0,0.0,-400.0,0
FIXED_A1,2025,1.0,202509030508,2025-06-21,2022105493|2022105878,4,400.0,0.0,-400.0,0
FIXED_A1,2025,1.0,202502010405,2025-06-22,2023100688|2023100428,4,400.0,0.0,-400.0,0
FIXED_A1,2025,1.0,202502010411,2025-06-22,2018106077|2020105250,4,400.0,0.0,-400.0,0
FIXED_A1,2025,1.0,202505030609,2025-06-22,2020103575|2021105779,4,400.0,0.0,-400.0,0
FIXED_A1,2025,1.0,202505030610,2025-06-22,2020103328|2018104757,4,400.0,0.0,-400.0,0
FIXED_A1,2025,1.0,202505030612,2025-06-22,2020101086|2022105598,4,400.0,0.0,-400.0,0
FIXED_A1,2025,1.0,202502010510,2025-06-28,2020101288|2019103742,4,400.0,0.0,-400.0,0
FIXED_A1,2025,1.0,202503020111,2025-06-28,2019105150|2019105336,4,400.0,0.0,-400.0,0
FIXED_A1,2025,1.0,202502010606,2025-06-29,2022102416|2022105336,4,400.0,0.0,-400.0,0
FIXED_A1,2025,1.0,202502010911,2025-07-12,2019106739|2019103850,4,400.0,0.0,-400.0,0
FIXED_A1,2025,1.0,202503020611,2025-07-13,2019104998|2019106933,4,400.0,0.0,-400.0,0
FIXED_A1,2025,1.0,202510020602,2025-07-13,2022104091|2022102175,4,400.0,0.0,-400.0,0
FIXED_A1,2025,1.0,202502011107,2025-07-19,2022107254|2021100362,4,400.0,86260.0,85860.0,1
FIXED_A1,2025,1.0,202510020710,2025-07-19,2018103473|2019103556,4,400.0,0.0,-400.0,0
FIXED_A1,2025,1.0,202502011201,2025-07-20,2023101674|2023103000,4,400.0,0.0,-400.0,0
FIXED_A1,2025,1.0,202503020805,2025-07-20,2023102477|2023101206,4,400.0,0.0,-400.0,0
FIXED_A1,2025,1.0,202503020811,2025-07-20,2020100829|2020104429,4,400.0,0.0,-400.0,0
FIXED_A1,2025,1.0,202510020802,2025-07-20,2022104501|2022100412,4,400.0,0.0,-400.0,0
FIXED_A1,2025,1.0,202510020811,2025-07-20,2016102175|2019103823,4,400.0,0.0,-400.0,0
FIXED_A1,2025,1.0,202510020812,2025-07-20,2017101767|2020101763,4,400.0,0.0,-400.0,0
FIXED_A1,2025,1.0,202501010112,2025-07-26,2019106573|2017103184,4,400.0,0.0,-400.0,0
FIXED_A1,2025,1.0,202501010207,2025-07-27,2022105452|2020104855,4,400.0,0.0,-400.0,0
FIXED_A1,2025,1.0,202504020207,2025-07-27,2020100792|2021110031,4,400.0,0.0,-400.0,0
FIXED_A1,2025,1.0,202501010311,2025-08-02,2019101612|2020103279,4,400.0,0.0,-400.0,0
FIXED_A1,2025,1.0,202501010312,2025-08-02,2021101219|2021105789,4,400.0,0.0,-400.0,0
FIXED_A1,2025,1.0,202504020402,2025-08-03,2023103521|2023102909,4,400.0,0.0,-400.0,0
FIXED_A1,2025,1.0,202504020407,2025-08-03,2019100510|2019102137,4,400.0,0.0,-400.0,0
FIXED_A1,2025,1.0,202507030402,2025-08-03,2023103432|2023101572,4,400.0,0.0,-400.0,0
FIXED_A1,2025,1.0,202507030404,2025-08-03,2022104061|2022104943,4,400.0,0.0,-400.0,0
FIXED_A1,2025,1.0,202507030412,2025-08-03,2019104068|2022104910,4,400.0,0.0,-400.0,0
FIXED_A1,2025,1.0,202504020503,2025-08-09,2023104162|2023103934,4,400.0,0.0,-400.0,0
FIXED_A1,2025,1.0,202504020505,2025-08-09,2021100060|2019105754,4,400.0,0.0,-400.0,0
FIXED_A1,2025,1.0,202504020509,2025-08-09,2018101166|2020103046,4,400.0,0.0,-400.0,0
FIXED_A1,2025,1.0,202501010607,2025-08-10,2022105221|2022102749,4,400.0,0.0,-400.0,0
FIXED_A1,2025,1.0,202501010610,2025-08-10,2020100151|2020104083,4,400.0,0.0,-400.0,0
FIXED_A1,2025,1.0,202501010612,2025-08-10,2021106689|2021103125,4,400.0,0.0,-400.0,0
FIXED_A1,2025,1.0,202504020612,2025-08-10,2022103570|2022100678,4,400.0,0.0,-400.0,0
FIXED_A1,2025,1.0,202504020805,2025-08-17,2022100115|2022103578,4,400.0,0.0,-400.0,0
FIXED_A1,2025,1.0,202507030802,2025-08-17,2023105140|2023102610,4,400.0,0.0,-400.0,0
FIXED_A1,2025,1.0,202507030805,2025-08-17,2022102385|2022102906,4,400.0,0.0,-400.0,0
FIXED_A1,2025,1.0,202507030806,2025-08-17,2020101853|2020102724,4,400.0,0.0,-400.0,0
FIXED_A1,2025,1.0,202507030810,2025-08-17,2021103484|2021104037,4,400.0,0.0,-400.0,0
FIXED_A1,2025,1.0,202504030109,2025-08-23,2021106939|2019105794,4,400.0,0.0,-400.0,0
FIXED_A1,2025,1.0,202501020306,2025-08-30,2022105392|2022103973,4,400.0,0.0,-400.0,0
FIXED_A1,2025,1.0,202501020312,2025-08-30,2020103113|2021106690,4,400.0,0.0,-400.0,0
FIXED_A1,2025,1.0,202504030306,2025-08-30,2022104519|2022100190,4,400.0,0.0,-400.0,0
FIXED_A1,2025,1.0,202504030309,2025-08-30,2019104746|2022100678,4,400.0,0.0,-400.0,0
FIXED_A1,2025,1.0,202507040311,2025-08-30,2019106027|2020104136,4,400.0,0.0,-400.0,0
FIXED_A1,2025,1.0,202501020504,2025-09-06,2022101249|2022104164,4,400.0,0.0,-400.0,0
FIXED_A1,2025,1.0,202501020509,2025-09-06,2022104434|2022102709,4,400.0,0.0,-400.0,0
FIXED_A1,2025,1.0,202501020510,2025-09-06,2020100151|2020104087,4,400.0,0.0,-400.0,0
FIXED_A1,2025,1.0,202506040106,2025-09-06,2023102436|2023100487,4,400.0,0.0,-400.0,0
FIXED_A1,2025,1.0,202506040107,2025-09-06,2022103504|2022107023,4,400.0,0.0,-400.0,0
FIXED_A1,2025,1.0,202509040206,2025-09-07,2022104900|2021100652,4,400.0,0.0,-400.0,0
FIXED_A1,2025,1.0,202509040211,2025-09-07,2020110090|2019105512,4,400.0,0.0,-400.0,0
FIXED_A1,2025,1.0,202506040407,2025-09-14,2022103159|2022102779,4,400.0,0.0,-400.0,0
FIXED_A1,2025,1.0,202509040404,2025-09-14,2022103627|2022103134,4,400.0,0.0,-400.0,0
FIXED_A1,2025,1.0,202509040411,2025-09-14,2022103304|2022105291,4,400.0,0.0,-400.0,0
FIXED_A1,2025,1.0,202509040512,2025-09-15,2022107397|2020103673,4,400.0,0.0,-400.0,0
FIXED_A1,2025,1.0,202506040607,2025-09-20,2021106102|2021105214,4,400.0,0.0,-400.0,0
FIXED_A1,2025,1.0,202506040702,2025-09-21,2023100723|2023105713,4,400.0,0.0,-400.0,0
FIXED_A1,2025,1.0,202506040704,2025-09-21,2023102162|2023103216,4,400.0,0.0,-400.0,0
FIXED_A1,2025,1.0,202506040811,2025-09-27,2019106925,2,200.0,0.0,-200.0,0
FIXED_A1,2025,1.0,202509040810,2025-09-27,2020101968|2019105191,4,400.0,0.0,-400.0,0
FIXED_A1,2025,1.0,202506040905,2025-09-28,2023102266|2023105248,4,400.0,0.0,-400.0,0
FIXED_A1,2025,1.0,202506040906,2025-09-28,2021101256|2022102058,4,400.0,0.0,-400.0,0
FIXED_A1,2025,1.0,202506040911,2025-09-28,2021106601|2021102320,4,400.0,0.0,-400.0,0
FIXED_A1,2025,1.0,202509040905,2025-09-28,2023103171,2,200.0,0.0,-200.0,0
FIXED_A1,2025,1.0,202509040908,2025-09-28,2020103495|2020102736,4,400.0,0.0,-400.0,0
FIXED_A1,2025,1.0,202505040110,2025-10-04,2018104757|2021100557,4,400.0,0.0,-400.0,0
FIXED_A1,2025,1.0,202505040111,2025-10-04,2021103725|2020102843,4,400.0,0.0,-400.0,0
FIXED_A1,2025,1.0,202505040112,2025-10-04,2021107080|2021106639,4,400.0,0.0,-400.0,0
FIXED_A1,2025,1.0,202508030110,2025-10-04,2020102971|2021102700,4,400.0,0.0,-400.0,0
FIXED_A1,2025,1.0,202508030111,2025-10-04,2019104915|2016104668,4,400.0,0.0,-400.0,0
FIXED_A1,2025,1.0,202505040209,2025-10-05,2022104050|2020103534,4,400.0,0.0,-400.0,0
FIXED_A1,2025,1.0,202505040212,2025-10-05,2021102280|2021104777,4,400.0,0.0,-400.0,0
FIXED_A1,2025,1.0,202508030211,2025-10-05,2019101847|2019105252,4,400.0,0.0,-400.0,0
FIXED_A1,2025,1.0,202505040407,2025-10-12,2020103710|2022101739,4,400.0,0.0,-400.0,0
FIXED_A1,2025,1.0,202505040409,2025-10-12,2021104395|2020102907,4,400.0,0.0,-400.0,0
FIXED_A1,2025,1.0,202505040411,2025-10-12,2019105768|2021101685,4,400.0,0.0,-400.0,0
FIXED_A1,2025,1.0,202508030407,2025-10-12,2020101323|2022102294,4,400.0,0.0,-400.0,0
FIXED_A1,2025,1.0,202508030412,2025-10-12,2020103292|2022107012,4,400.0,0.0,-400.0,0
FIXED_A1,2025,1.0,202505040507,2025-10-13,2020103119|2022103143,4,400.0,0.0,-400.0,0
FIXED_A1,2025,1.0,202508030506,2025-10-13,2023100016|2023100342,4,400.0,0.0,-400.0,0
FIXED_A1,2025,1.0,202508030512,2025-10-13,2022106915|2022100654,4,400.0,0.0,-400.0,0
FIXED_A1,2025,1.0,202504040107,2025-10-18,2022109125|2022106846,4,400.0,0.0,-400.0,0
FIXED_A1,2025,1.0,202504040109,2025-10-18,2022101651|2022103494,4,400.0,0.0,-400.0,0
FIXED_A1,2025,1.0,202505040605,2025-10-18,2023106455|2023100121,4,400.0,0.0,-400.0,0
FIXED_A1,2025,1.0,202508030605,2025-10-18,2023106701|2023100605,4,400.0,0.0,-400.0,0
FIXED_A1,2025,1.0,202508030606,2025-10-18,2023105611|2023102213,4,400.0,6680.0,6280.0,1
FIXED_A1,2025,1.0,202504040205,2025-10-19,2023106454|2023104980,4,400.0,0.0,-400.0,0
FIXED_A1,2025,1.0,202504040209,2025-10-19,2022102337|2020102864,4,400.0,0.0,-400.0,0
FIXED_A1,2025,1.0,202504040211,2025-10-19,2018103507|2019105370,4,400.0,0.0,-400.0,0
FIXED_A1,2025,1.0,202505040704,2025-10-19,2023106448|2023100845,4,400.0,0.0,-400.0,0
FIXED_A1,2025,1.0,202505040705,2025-10-19,2023103144|2023102734,4,400.0,0.0,-400.0,0
FIXED_A1,2025,1.0,202508030711,2025-10-19,2022105291|2022101250,4,400.0,0.0,-400.0,0
FIXED_A1,2025,1.0,202504040306,2025-10-25,2020104778|2020106051,4,400.0,0.0,-400.0,0
FIXED_A1,2025,1.0,202504040311,2025-10-25,2019104080|2020105203,4,400.0,0.0,-400.0,0
FIXED_A1,2025,1.0,202508030805,2025-10-25,2023102487|2023102996,4,400.0,0.0,-400.0,0
FIXED_A1,2025,1.0,202508030806,2025-10-25,2023103876|2023100014,4,400.0,0.0,-400.0,0
FIXED_A1,2025,1.0,202504040404,2025-10-26,2021105289|2021100074,4,400.0,0.0,-400.0,0
FIXED_A1,2025,1.0,202504040407,2025-10-26,2021102283|2021104860,4,400.0,0.0,-400.0,0
FIXED_A1,2025,1.0,202505040905,2025-10-26,2023105449|2023102019,4,400.0,0.0,-400.0,0
FIXED_A1,2025,1.0,202508030904,2025-10-26,2023105122|2023106555,4,400.0,0.0,-400.0,0
FIXED_A1,2025,1.0,202505041007,2025-11-01,2022107021|2022101481,4,400.0,0.0,-400.0,0
FIXED_A1,2025,1.0,202508031006,2025-11-01,2023105722|2023104537,4,400.0,0.0,-400.0,0
FIXED_A1,2025,1.0,202508031007,2025-11-01,2020102339|2019100665,4,400.0,0.0,-400.0,0
FIXED_A1,2025,1.0,202508031110,2025-11-02,2021105811|2020107121,4,400.0,0.0,-400.0,0
FIXED_A1,2025,1.0,202503030109,2025-11-08,2022105400|2022105614,4,400.0,0.0,-400.0,0
FIXED_A1,2025,1.0,202503030112,2025-11-08,2021104276|2021105868,4,400.0,0.0,-400.0,0
FIXED_A1,2025,1.0,202505050104,2025-11-08,2023103133|2023106313,4,400.0,0.0,-400.0,0
FIXED_A1,2025,1.0,202505050209,2025-11-09,2023104540|2023110007,4,400.0,0.0,-400.0,0
FIXED_A1,2025,1.0,202508040204,2025-11-09,2023103511|2023106289,4,400.0,0.0,-400.0,0
FIXED_A1,2025,1.0,202503030312,2025-11-15,2021105794|2021104481,4,400.0,0.0,-400.0,0
FIXED_A1,2025,1.0,202508040306,2025-11-15,2023102460|2023104226,4,400.0,0.0,-400.0,0
FIXED_A1,2025,1.0,202508040310,2025-11-15,2022106883|2021106782,4,400.0,0.0,-400.0,0
FIXED_A1,2025,1.0,202508040312,2025-11-15,2022104121|2022103100,4,400.0,0.0,-400.0,0
FIXED_A1,2025,1.0,202503030403,2025-11-16,2022105011|2019104261,4,400.0,0.0,-400.0,0
FIXED_A1,2025,1.0,202503030410,2025-11-16,2020103154|2016102904,4,400.0,0.0,-400.0,0
FIXED_A1,2025,1.0,202503030411,2025-11-16,2021110056|2021104283,4,400.0,0.0,-400.0,0
FIXED_A1,2025,1.0,202503030412,2025-11-16,2022106544|2022101969,4,400.0,0.0,-400.0,0
FIXED_A1,2025,1.0,202505050411,2025-11-16,2018110043|2016104668,4,400.0,0.0,-400.0,0
FIXED_A1,2025,1.0,202508040411,2025-11-16,2022102296|2020101608,4,400.0,0.0,-400.0,0
FIXED_A1,2025,1.0,202508040506,2025-11-22,2023102104|2023107472,4,400.0,0.0,-400.0,0
FIXED_A1,2025,1.0,202505050502,2025-11-23,2023103805|2023107403,4,400.0,0.0,-400.0,0
FIXED_A1,2025,1.0,202505050504,2025-11-23,2023100414|2023100419,4,400.0,0.0,-400.0,0
FIXED_A1,2025,1.0,202505050512,2025-11-23,2021100198|2020100707,4,400.0,0.0,-400.0,0
FIXED_A1,2025,1.0,202508040610,2025-11-23,2019106604|2019104632,4,400.0,0.0,-400.0,0
FIXED_A1,2025,1.0,202503030602,2025-11-24,2022103228|2021105604,4,400.0,0.0,-400.0,0
FIXED_A1,2025,1.0,202503030604,2025-11-24,2022105371|2019105759,4,400.0,33070.0,32670.0,1
FIXED_A1,2025,1.0,202503030608,2025-11-24,2022100540|2020104250,4,400.0,0.0,-400.0,0
FIXED_A1,2025,1.0,202503030609,2025-11-24,2021103037|2022106224,4,400.0,0.0,-400.0,0
FIXED_A1,2025,1.0,202503030610,2025-11-24,2021103533|2021104978,4,400.0,0.0,-400.0,0
FIXED_A1,2025,1.0,202505050708,2025-11-29,2020105670|2021105929,4,400.0,0.0,-400.0,0
FIXED_A1,2025,1.0,202508040707,2025-11-29,2022105759|2022104214,4,400.0,0.0,-400.0,0
FIXED_A1,2025,1.0,202505050805,2025-11-30,2023103069|2023101929,4,400.0,0.0,-400.0,0
FIXED_A1,2025,1.0,202507050101,2025-12-06,2023107481|2023102602,4,400.0,0.0,-400.0,0
FIXED_A1,2025,1.0,202507050103,2025-12-06,2022101678|2022105794,4,400.0,0.0,-400.0,0
FIXED_A1,2025,1.0,202506050203,2025-12-07,2023104871|2023109055,4,400.0,0.0,-400.0,0
FIXED_A1,2025,1.0,202506050205,2025-12-07,2023105567|2023105799,4,400.0,0.0,-400.0,0
FIXED_A1,2025,1.0,202506050210,2025-12-07,2021105334|2021104784,4,400.0,0.0,-400.0,0
FIXED_A1,2025,1.0,202507050208,2025-12-07,2021110040|2021101383,4,400.0,0.0,-400.0,0
FIXED_A1,2025,1.0,202507050209,2025-12-07,2020102962|2020104126,4,400.0,0.0,-400.0,0
FIXED_A1,2025,1.0,202507050211,2025-12-07,2020101874|2020103400,4,400.0,0.0,-400.0,0
FIXED_A1,2025,1.0,202509050210,2025-12-07,2018103406|2021101382,4,400.0,0.0,-400.0,0
FIXED_A1,2025,1.0,202506050309,2025-12-13,2023100728|2023106405,4,400.0,0.0,-400.0,0
FIXED_A1,2025,1.0,202506050311,2025-12-13,2019104159|2019100768,4,400.0,0.0,-400.0,0
FIXED_A1,2025,1.0,202507050310,2025-12-13,2020100931|2020105670,4,400.0,0.0,-400.0,0
FIXED_A1,2025,1.0,202507050311,2025-12-13,2021105623|2019105416,4,400.0,0.0,-400.0,0
FIXED_A1,2025,1.0,202507050312,2025-12-13,2022100737|2019104746,4,400.0,0.0,-400.0,0
FIXED_A1,2025,1.0,202509050301,2025-12-13,2023103685|2023103849,4,400.0,0.0,-400.0,0
FIXED_A1,2025,1.0,202509050306,2025-12-13,2023105977|2023101334,4,400.0,0.0,-400.0,0
FIXED_A1,2025,1.0,202506050410,2025-12-14,2020106877|2020103566,4,400.0,0.0,-400.0,0
FIXED_A1,2025,1.0,202506050412,2025-12-14,2021101801|2021101059,4,400.0,0.0,-400.0,0
FIXED_A1,2025,1.0,202509050411,2025-12-14,2023109164|2023103293,4,400.0,0.0,-400.0,0
FIXED_A1,2025,1.0,202506050510,2025-12-20,2021103574|2021104889,4,400.0,0.0,-400.0,0
FIXED_A1,2025,1.0,202507050504,2025-12-20,2023104049|2023105450,4,400.0,0.0,-400.0,0
FIXED_A1,2025,1.0,202509050506,2025-12-20,2023103083|2023101278,4,400.0,0.0,-400.0,0
FIXED_A1,2025,1.0,202509050512,2025-12-20,2019105461|2022109119,4,400.0,0.0,-400.0,0
FIXED_A1,2025,1.0,202506050608,2025-12-21,2022100949|2020103676,4,400.0,0.0,-400.0,0
FIXED_A1,2025,1.0,202507050611,2025-12-21,2019102454|2021110056,4,400.0,0.0,-400.0,0
FIXED_A1,2025,1.0,202507050612,2025-12-21,2018104841|2021103171,4,400.0,0.0,-400.0,0
FIXED_A1,2025,1.0,202509050607,2025-12-21,2022105299|2022100068,4,400.0,0.0,-400.0,0
FIXED_A1,2025,1.0,202509050609,2025-12-21,2021105489|2019107016,4,400.0,0.0,-400.0,0
FIXED_A1,2025,1.0,202509050610,2025-12-21,2021105264|2021104510,4,400.0,0.0,-400.0,0
FIXED_A1,2025,1.0,202509050611,2025-12-21,2023100772|2023102615,4,400.0,0.0,-400.0,0
FIXED_A1,2025,1.0,202506050705,2025-12-27,2023101599|2023102332,4,400.0,0.0,-400.0,0
FIXED_A1,2025,1.0,202506050707,2025-12-27,2021101176|2022103288,4,400.0,0.0,-400.0,0
FIXED_A1,2025,1.0,202509050711,2025-12-27,2021102315|2020102764,4,400.0,0.0,-400.0,0
FIXED_A1,2025,1.0,202506050805,2025-12-28,2023100485|2023103049,4,400.0,0.0,-400.0,0
FIXED_A1,2025,1.0,202506050806,2025-12-28,2023104891|2023102771,4,400.0,0.0,-400.0,0
FIXED_A1,2025,1.0,202506050812,2025-12-28,2020103066|2021102419,4,400.0,0.0,-400.0,0
FIXED_A1,2025,1.0,202509050806,2025-12-28,2023103275|2023100685,4,400.0,0.0,-400.0,0
FIXED_A1,2025,1.0,202509050807,2025-12-28,2021110040|2020102910,4,400.0,0.0,-400.0,0
