candidate_id,gap_spec,conditions,qualified,dev_tickets,dev_hits,dev_roi_pct,dev_profit_yen,dev_roi_after_remove_largest_win_pct,dev_largest_return_share_pct,dev_worst_year_roi_pct,dev_best_year_roi_pct,dev_min_year_tickets,overlap_tickets_with_law1,candidate_overlap_share_with_law1_pct,law1_overlap_share_with_candidate_pct,unique_dev_tickets_vs_law1,unique_dev_hits_vs_law1,unique_dev_roi_pct_vs_law1,unique_dev_profit_yen_vs_law1,law1_union_dev_tickets,law1_union_dev_roi_pct,law1_union_dev_profit_yen,confirm_2025_tickets,confirm_2025_hits,confirm_2025_roi_pct,confirm_2025_profit_yen,confirm_2025_unique_tickets_vs_law1,confirm_2025_unique_roi_pct_vs_law1,law1_union_2025_tickets,law1_union_2025_roi_pct,law1_union_2025_profit_yen,discovery_rank
GAP5P__pair_worse_rank_band=11-14__market_rank_band=26-30,GAP5P,pair_worse_rank_band=11-14;market_rank_band=26-30,True,156,4,197.56410256410257,15220.0,141.47435897435898,28.390655418559376,165.95238095238096,224.4927536231884,42,38,24.358974358974358,13.058419243986254,118,3,204.0677966101695,12280.0,409,163.7163814180929,26060.0,57,0,0.0,-5700.0,38,0.0,106,61.509433962264154,-4080.0,1
GAP10P__pair_worse_rank_band=11-14__market_rank_band=26-30,GAP10P,pair_worse_rank_band=11-14;market_rank_band=26-30,True,156,4,197.56410256410257,15220.0,141.47435897435898,28.390655418559376,165.95238095238096,224.4927536231884,42,38,24.358974358974358,13.058419243986254,118,3,204.0677966101695,12280.0,409,163.7163814180929,26060.0,57,0,0.0,-5700.0,38,0.0,106,61.509433962264154,-4080.0,2
GAP7_9__odds_band=20-40__field_size_band=17+,GAP7_9,odds_band=20-40;field_size_band=17+,True,190,11,186.68421052631578,16470.0,165.73684210526315,11.220749929517902,162.5,212.02702702702703,48,0,0.0,0.0,190,11,186.68421052631578,16470.0,481,162.8898128898129,30250.0,31,0,0.0,-3100.0,31,0.0,99,65.85858585858585,-3380.0,3
GAP10P__field_size_band=15-16__model_rank_band=1-3,GAP10P,field_size_band=15-16;model_rank_band=1-3,True,236,10,160.84745762711864,14360.0,136.864406779661,14.910432033719704,140.3361344537815,196.92307692307693,52,42,17.796610169491526,14.43298969072165,194,7,120.30927835051547,3940.0,485,136.53608247422682,17720.0,26,1,103.84615384615384,100.0,21,128.57142857142858,89,103.59550561797752,320.0,4
GAP10P__model_rank_band=6-8__l17_rank_band=11-20,GAP10P,model_rank_band=6-8;l17_rank_band=11-20,True,146,5,168.97260273972603,10070.0,121.23287671232876,28.25293879205513,139.42857142857142,189.77777777777777,35,8,5.47945205479452,2.7491408934707904,138,5,178.768115942029,10870.0,429,157.45920745920745,24650.0,6,0,0.0,-600.0,5,0.0,73,89.31506849315069,-780.0,5
GAP5_6__field_size_band=15-16__market_rank_band=21-25,GAP5_6,field_size_band=15-16;market_rank_band=21-25,True,147,6,228.43537414965985,18880.0,182.1768707482993,20.250148898153665,132.3404255319149,346.7692307692308,35,0,0.0,0.0,147,6,228.43537414965985,18880.0,438,174.5662100456621,32660.0,26,0,0.0,-2600.0,26,0.0,94,69.36170212765957,-2880.0,6
GAP3_4__odds_band=40-60__field_size_band=13-14,GAP3_4,odds_band=40-60;field_size_band=13-14,True,622,17,125.33762057877813,15760.0,116.67202572347267,6.913801949717804,123.53260869565217,126.8609865470852,184,0,0.0,0.0,622,17,125.33762057877813,15760.0,913,132.35487404162103,29540.0,201,4,97.46268656716418,-510.0,201,97.46268656716418,269,97.06319702602231,-790.0,7
GAP10P__model_rank_band=1-3,GAP10P,model_rank_band=1-3,True,427,18,154.40281030444964,23230.0,141.14754098360655,8.58486273320188,119.41747572815534,172.28346456692913,103,42,9.836065573770492,14.43298969072165,385,15,133.27272727272728,12810.0,676,139.3343195266272,26590.0,47,2,135.31914893617022,1660.0,42,151.42857142857142,110,117.0909090909091,1880.0,8
GAP5P__field_size_band=17+__model_rank_band=4-5,GAP5P,field_size_band=17+;model_rank_band=4-5,True,266,10,141.8045112781955,11120.0,113.42105263157895,20.015906680805937,114.34210526315789,162.58064516129033,76,0,0.0,0.0,266,10,141.8045112781955,11120.0,557,144.70377019748653,24900.0,42,0,0.0,-4200.0,42,0.0,110,59.27272727272727,-4480.0,9
GAP3_4__pair_worse_rank_band=11-14__market_rank_band=<=10,GAP3_4,pair_worse_rank_band=11-14;market_rank_band=<=10,True,242,16,140.49586776859505,9800.0,128.30578512396696,8.676470588235293,114.07407407407408,158.38095238095238,56,0,0.0,0.0,242,16,140.49586776859505,9800.0,533,144.24015009380864,23580.0,83,3,69.27710843373494,-2550.0,83,69.27710843373494,151,81.25827814569537,-2830.0,10
GAP5_6__market_rank_band=16-20__l17_rank_band=21-30,GAP5_6,market_rank_band=16-20;l17_rank_band=21-30,True,733,17,126.97135061391542,19770.0,108.41746248294679,14.612657139787258,114.06349206349206,140.32,125,0,0.0,0.0,733,17,126.97135061391542,19770.0,1024,132.763671875,33550.0,140,1,37.07142857142857,-8810.0,140,37.07142857142857,208,56.29807692307692,-9090.0,11
GAP5P__field_size_band=15-16__model_rank_band=9-10,GAP5P,field_size_band=15-16;model_rank_band=9-10,True,870,23,122.4367816091954,19520.0,115.01149425287356,6.064588809613218,111.73020527859238,131.89944134078212,179,51,5.862068965517241,17.52577319587629,819,21,115.18925518925519,12440.0,1110,123.62162162162163,26220.0,103,1,40.09708737864078,-6170.0,93,44.40860215053763,161,66.14906832298136,-5450.0,12
GAP10P__pair_worse_rank_band=11-14,GAP10P,pair_worse_rank_band=11-14,True,570,17,182.91228070175438,47260.0,166.52631578947367,8.958373297525418,111.0576923076923,242.10045662100455,143,105,18.42105263157895,36.08247422680412,465,13,170.36559139784947,32720.0,756,161.5079365079365,46500.0,172,1,21.27906976744186,-13540.0,139,26.33093525179856,207,49.17874396135266,-10520.0,13
GAP5P__field_size_band=<=12__l17_rank_band=21-30,GAP5P,field_size_band=<=12;l17_rank_band=21-30,True,535,13,121.58878504672897,11550.0,96.16822429906541,20.906994619523445,110.5223880597015,141.8232044198895,86,0,0.0,0.0,535,13,121.58878504672897,11550.0,826,130.66585956416466,25330.0,54,1,49.629629629629626,-2720.0,54,49.629629629629626,122,75.40983606557377,-3000.0,14
GAP5_6__model_rank_band=11-15__l17_rank_band=21-30,GAP5_6,model_rank_band=11-15;l17_rank_band=21-30,True,777,19,134.73616473616474,26990.0,117.23294723294724,12.990734549622696,109.209726443769,166.86567164179104,134,0,0.0,0.0,777,19,134.73616473616474,26990.0,1068,138.17415730337078,40770.0,142,1,36.54929577464789,-9010.0,142,36.54929577464789,210,55.76190476190476,-9290.0,15
GAP5P__market_rank_band=<=10__l17_rank_band=41-60,GAP5P,market_rank_band=<=10;l17_rank_band=41-60,True,138,8,144.85507246376812,6190.0,121.8840579710145,15.857928964482241,107.82608695652173,177.5,44,0,0.0,0.0,138,8,144.85507246376812,6190.0,429,146.55011655011654,19970.0,29,3,267.2413793103448,4850.0,29,267.2413793103448,97,147.11340206185568,4570.0,16
GAP10_14__model_rank_band=1-3,GAP10_14,model_rank_band=1-3,True,317,14,148.8328075709779,15480.0,134.98422712933754,9.30479016532429,106.6875,248.63636363636363,69,0,0.0,0.0,317,14,148.8328075709779,15480.0,608,148.125,29260.0,27,2,235.55555555555554,3660.0,27,235.55555555555554,95,135.57894736842104,3380.0,17
GAP10P__pair_worse_rank_band=11-14__market_rank_band=21-25,GAP10P,pair_worse_rank_band=11-14;market_rank_band=21-25,True,274,7,149.12408759124088,13460.0,121.56934306569343,18.477728830151737,105.22522522522523,231.0204081632653,49,36,13.138686131386862,12.371134020618557,238,7,171.68067226890756,17060.0,529,158.29867674858224,30840.0,48,0,0.0,-4800.0,46,0.0,114,57.19298245614035,-4880.0,18
GAP0_2__field_size_band=17+__distance_band=1801-2200,GAP0_2,field_size_band=17+;distance_band=1801-2200,True,170,13,136.94117647058823,6280.0,120.41176470588235,12.070446735395189,103.54166666666667,184.375,48,0,0.0,0.0,170,13,136.94117647058823,6280.0,461,143.51409978308027,20060.0,74,1,52.16216216216216,-3540.0,74,52.16216216216216,142,73.09859154929578,-3820.0,19
GAP7_9__odds_band=40-60__field_size_band=<=12,GAP7_9,odds_band=40-60;field_size_band=<=12,True,213,5,124.74178403755869,5270.0,96.61971830985915,22.544222807677833,101.68316831683168,147.74193548387098,31,0,0.0,0.0,213,5,124.74178403755869,5270.0,504,137.79761904761904,19050.0,12,0,0.0,-1200.0,12,0.0,80,81.5,-1480.0,20
GAP5P__market_rank_band=21-25__l17_rank_band=11-20,GAP5P,market_rank_band=21-25;l17_rank_band=11-20,True,515,11,123.39805825242719,12050.0,108.7378640776699,11.880409126671912,98.75,132.90322580645162,112,10,1.941747572815534,3.4364261168384878,505,11,125.84158415841584,13050.0,796,133.70603015075378,26830.0,53,0,0.0,-5300.0,52,0.0,120,54.333333333333336,-5480.0,21
GAP5P__field_size_band=13-14__distance_band=<=1400,GAP5P,field_size_band=13-14;distance_band=<=1400,True,369,11,121.16531165311653,7810.0,102.27642276422765,15.5893536121673,97.91044776119404,176.0215053763441,93,0,0.0,0.0,369,11,121.16531165311653,7810.0,660,132.71212121212122,21590.0,60,0,0.0,-6000.0,60,0.0,128,50.9375,-6280.0,22
GAP7_9__market_rank_band=<=10__l17_rank_band=11-20,GAP7_9,market_rank_band=<=10;l17_rank_band=11-20,True,147,7,120.06802721088435,2950.0,100.95238095238095,15.920679886685553,96.18181818181819,179.0,30,0,0.0,0.0,147,7,120.06802721088435,2950.0,438,138.19634703196348,16730.0,17,0,0.0,-1700.0,17,0.0,85,76.70588235294117,-1980.0,23
GAP7_9__field_size_band=<=12__market_rank_band=16-20,GAP7_9,field_size_band=<=12;market_rank_band=16-20,True,258,7,128.56589147286823,7370.0,105.11627906976744,18.239372927343986,95.89473684210526,157.09677419354838,39,0,0.0,0.0,258,7,128.56589147286823,7370.0,549,138.52459016393442,21150.0,14,0,0.0,-1400.0,14,0.0,82,79.51219512195122,-1680.0,24
GAP7_9__odds_band=20-40__market_rank_band=11-15,GAP7_9,odds_band=20-40;market_rank_band=11-15,True,1097,35,101.90519598906107,2090.0,98.27711941659071,3.560246891492978,94.28927680798004,126.31336405529954,217,0,0.0,0.0,1097,35,101.90519598906107,2090.0,1388,111.43371757925073,15870.0,119,4,98.40336134453781,-190.0,119,98.40336134453781,187,97.48663101604278,-470.0,25
GAP5_6__pair_worse_rank_band=7-10__market_rank_band=21-25,GAP5_6,pair_worse_rank_band=7-10;market_rank_band=21-25,True,169,5,154.0828402366864,9140.0,117.27810650887574,23.886328725038403,92.83582089552239,217.3913043478261,33,0,0.0,0.0,169,5,154.0828402366864,9140.0,460,149.82608695652175,22920.0,21,0,0.0,-2100.0,21,0.0,89,73.25842696629213,-2380.0,26
GAP5P__market_rank_band=16-20__l17_rank_band=21-30,GAP5P,market_rank_band=16-20;l17_rank_band=21-30,True,1273,26,106.36292223095052,8100.0,95.67949725058916,10.044313146233383,92.66260162601625,142.94117647058823,187,5,0.3927729772191673,1.7182130584192439,1268,26,106.78233438485805,8600.0,1559,114.35535599743426,22380.0,176,2,56.64772727272727,-7630.0,176,56.64772727272727,244,67.58196721311475,-7910.0,27
GAP7_9__field_size_band=15-16__model_rank_band=9-10,GAP7_9,field_size_band=15-16;model_rank_band=9-10,True,285,11,181.47368421052633,23220.0,161.859649122807,10.808197989172466,92.4074074074074,297.95081967213116,54,0,0.0,0.0,285,11,181.47368421052633,23220.0,576,164.23611111111111,37000.0,24,1,172.08333333333334,1730.0,24,172.08333333333334,92,115.76086956521739,1450.0,28
GAP5P__market_rank_band=11-15__l17_rank_band=21-30,GAP5P,market_rank_band=11-15;l17_rank_band=21-30,True,840,27,108.61904761904762,7240.0,102.96428571428571,5.20604997807979,91.34517766497461,163.58381502890174,173,0,0.0,0.0,840,27,108.61904761904762,7240.0,1131,118.58532272325375,21020.0,75,2,81.06666666666666,-1420.0,75,81.06666666666666,143,88.1118881118881,-1700.0,29
GAP10P__field_size_band=13-14__surface=TURF,GAP10P,field_size_band=13-14;surface=TURF,True,192,6,140.10416666666666,7700.0,103.80208333333333,25.91078066914498,91.08433734939759,206.66666666666666,42,0,0.0,0.0,192,6,140.10416666666666,7700.0,483,144.472049689441,21480.0,29,0,0.0,-2900.0,29,0.0,97,67.21649484536083,-3180.0,30
GAP10P__distance_band=<=1400,GAP10P,distance_band=<=1400,True,886,20,125.372460496614,22480.0,115.49661399548533,7.877205617572921,91.07246376811594,166.80722891566265,209,147,16.591422121896162,50.51546391752577,739,15,112.99052774018945,9600.0,1030,122.69902912621359,23380.0,159,0,0.0,-15900.0,122,0.0,190,34.31578947368421,-12480.0,31
GAP5P__odds_band=40-60__model_rank_band=9-10,GAP5P,odds_band=40-60;model_rank_band=9-10,True,1015,22,101.11330049261083,1130.0,95.24137931034483,5.807268829776868,89.8034398034398,111.04622871046229,197,15,1.477832512315271,5.154639175257732,1000,21,96.67,-3330.0,1291,108.09450038729666,10450.0,108,2,85.92592592592592,-1520.0,105,88.38095238095238,173,91.32947976878613,-1500.0,32
GAP3_4__field_size_band=<=12__model_rank_band=9-10,GAP3_4,field_size_band=<=12;model_rank_band=9-10,True,613,19,106.01957585644372,3690.0,95.75856443719412,9.678412063394369,88.79166666666667,149.80132450331126,151,0,0.0,0.0,613,19,106.01957585644372,3690.0,904,119.32522123893806,17470.0,104,2,62.88461538461539,-3860.0,104,62.88461538461539,172,75.93023255813954,-4140.0,33
GAP7_9__surface=TURF__distance_band=1401-1800,GAP7_9,surface=TURF;distance_band=1401-1800,True,530,17,125.13207547169812,13320.0,110.71698113207547,11.51990349819059,88.63636363636364,201.04347826086956,115,0,0.0,0.0,530,17,125.13207547169812,13320.0,821,133.00852618757614,27100.0,62,1,110.48387096774194,650.0,62,110.48387096774194,130,102.84615384615384,370.0,34
GAP3_4__field_size_band=15-16__distance_band=1801-2200,GAP3_4,field_size_band=15-16;distance_band=1801-2200,True,354,14,112.909604519774,4570.0,96.63841807909604,14.41080810607956,86.51851851851852,157.70642201834863,109,0,0.0,0.0,354,14,112.909604519774,4570.0,645,128.4496124031008,18350.0,106,2,35.283018867924525,-6860.0,106,35.283018867924525,174,58.96551724137931,-7140.0,35
GAP5_6__odds_band=20-40__model_rank_band=11-15,GAP5_6,odds_band=20-40;model_rank_band=11-15,True,247,8,119.19028340080972,4740.0,103.23886639676114,13.383152173913043,86.51162790697674,138.07692307692307,57,0,0.0,0.0,247,8,119.19028340080972,4740.0,538,134.42379182156134,18520.0,38,0,0.0,-3800.0,38,0.0,106,61.509433962264154,-4080.0,36
GAP5P__field_size_band=<=12__distance_band=1801-2200,GAP5P,field_size_band=<=12;distance_band=1801-2200,True,280,9,119.82142857142857,5550.0,95.60714285714286,20.208643815201192,86.41509433962264,156.8217054263566,53,0,0.0,0.0,280,9,119.82142857142857,5550.0,571,133.85288966725045,19330.0,33,1,167.87878787878788,2240.0,33,167.87878787878788,101,119.4059405940594,1960.0,37
GAP7_9__odds_band=40-60__model_rank_band=9-10,GAP7_9,odds_band=40-60;model_rank_band=9-10,True,399,13,151.47869674185463,20540.0,137.468671679198,9.248841826604897,84.57627118644068,226.5,59,0,0.0,0.0,399,13,151.47869674185463,20540.0,690,149.7391304347826,34320.0,33,1,125.15151515151516,830.0,33,125.15151515151516,101,105.44554455445545,550.0,38
GAP3_4__field_size_band=15-16__distance_band=1401-1800,GAP3_4,field_size_band=15-16;distance_band=1401-1800,True,1414,54,107.7015558698727,10890.0,101.14568599717114,6.087070720336201,84.49304174950298,129.0063424947146,438,0,0.0,0.0,1414,54,107.7015558698727,10890.0,1705,114.4692082111437,24670.0,401,14,114.86284289276809,5960.0,401,114.86284289276809,469,112.11087420042644,5680.0,39
GAP0_2__field_size_band=13-14__l17_rank_band=11-20,GAP0_2,field_size_band=13-14;l17_rank_band=11-20,True,1639,73,100.50640634533252,830.0,96.81513117754729,3.6726765009409337,83.48148148148148,109.72375690607734,540,0,0.0,0.0,1639,73,100.50640634533252,830.0,1930,107.56994818652849,14610.0,584,29,117.68835616438356,10330.0,584,117.68835616438356,652,115.41411042944786,10050.0,40
GAP15_24__pair_worse_rank_band=11-14,GAP15_24,pair_worse_rank_band=11-14,True,201,8,268.8059701492537,33930.0,222.33830845771143,17.286692578197297,81.4,359.4117647058824,50,105,52.23880597014925,36.08247422680412,96,4,301.9791666666667,19390.0,387,185.7105943152455,33170.0,70,0,0.0,-7000.0,37,0.0,105,62.095238095238095,-3980.0,41
GAP3_4__field_size_band=13-14__model_rank_band=1-3,GAP3_4,field_size_band=13-14;model_rank_band=1-3,True,522,35,101.30268199233717,680.0,96.83908045977012,4.406202723146747,81.38297872340425,126.66666666666667,153,0,0.0,0.0,522,35,101.30268199233717,680.0,813,117.7859778597786,14460.0,79,5,84.68354430379746,-1210.0,79,84.68354430379746,147,89.8639455782313,-1490.0,42
GAP7_9__field_size_band=17+__market_rank_band=11-15,GAP7_9,field_size_band=17+;market_rank_band=11-15,True,175,9,175.6,13230.0,152.85714285714286,12.951513179303612,81.08108108108108,264.76190476190476,37,0,0.0,0.0,175,9,175.6,13230.0,466,157.96137339055795,27010.0,23,0,0.0,-2300.0,23,0.0,91,71.64835164835165,-2580.0,43
GAP3_4__odds_band=<20__model_rank_band=4-5,GAP3_4,odds_band=<20;model_rank_band=4-5,True,806,49,101.93548387096774,1560.0,99.46650124069478,2.422103213242454,80.38647342995169,135.91439688715954,207,0,0.0,0.0,806,49,101.93548387096774,1560.0,1097,113.98359161349134,15340.0,139,7,79.49640287769785,-2850.0,139,79.49640287769785,207,84.8792270531401,-3130.0,44
GAP5P__field_size_band=13-14__surface=TURF,GAP5P,field_size_band=13-14;surface=TURF,True,635,21,116.4251968503937,10430.0,105.44881889763779,9.42783714324361,79.50207468879668,195.91194968553458,159,0,0.0,0.0,635,21,116.4251968503937,10430.0,926,126.14470842332614,24210.0,121,1,54.21487603305785,-5540.0,121,54.21487603305785,189,69.2063492063492,-5820.0,45
GAP7_9__l17_rank_band=21-30,GAP7_9,l17_rank_band=21-30,True,1014,26,104.51676528599606,4580.0,96.98224852071006,7.208907341007738,78.35411471321696,156.47798742138366,159,0,0.0,0.0,1014,26,104.51676528599606,4580.0,1305,114.06896551724138,18360.0,95,2,134.31578947368422,3260.0,95,134.31578947368422,163,118.28220858895706,2980.0,46
GAP3_4__field_size_band=13-14__distance_band=<=1400,GAP3_4,field_size_band=13-14;distance_band=<=1400,True,435,19,122.52873563218391,9800.0,111.5632183908046,8.949343339587243,78.01369863013699,164.37908496732027,136,0,0.0,0.0,435,19,122.52873563218391,9800.0,726,132.4793388429752,23580.0,103,1,50.679611650485434,-5080.0,103,50.679611650485434,171,68.65497076023392,-5360.0,47
GAP5P__field_size_band=15-16__l17_rank_band=61+,GAP5P,field_size_band=15-16;l17_rank_band=61+,True,358,8,136.34078212290504,13010.0,110.25139664804469,19.135423069043227,77.8225806451613,242.29357798165137,109,68,18.99441340782123,23.367697594501717,290,5,96.0,-1160.0,581,121.7211703958692,12620.0,117,0,0.0,-11700.0,83,0.0,151,43.17880794701987,-8580.0,48
GAP5P__model_rank_band=9-10__l17_rank_band=11-20,GAP5P,model_rank_band=9-10;l17_rank_band=11-20,True,616,16,112.75974025974025,7860.0,102.09415584415585,9.45868125539879,75.93406593406593,136.4625850340136,91,8,1.2987012987012987,2.7491408934707904,608,16,114.24342105263158,8660.0,899,124.96106785317019,22440.0,54,0,0.0,-5400.0,53,0.0,121,53.88429752066116,-5580.0,49
GAP5_6__pair_worse_rank_band=11-14__field_size_band=15-16,GAP5_6,pair_worse_rank_band=11-14;field_size_band=15-16,True,390,10,113.0,5070.0,95.56410256410257,15.429997730882686,74.34426229508196,156.4,122,0,0.0,0.0,390,10,113.0,5070.0,681,127.67988252569751,18850.0,115,4,124.17391304347827,2780.0,115,124.17391304347827,183,113.66120218579235,2500.0,50
GAP7_9__market_rank_band=11-15__l17_rank_band=21-30,GAP7_9,market_rank_band=11-15;l17_rank_band=21-30,True,306,15,167.45098039215685,20640.0,153.98692810457516,8.040593286494925,73.4090909090909,280.44117647058823,68,0,0.0,0.0,306,15,167.45098039215685,20640.0,597,157.65494137353434,34420.0,24,1,119.16666666666667,460.0,24,119.16666666666667,92,101.95652173913044,180.0,51
GAP10_14__l17_rank_band=11-20,GAP10_14,l17_rank_band=11-20,True,474,13,127.59493670886076,13080.0,113.73417721518987,10.863095238095237,72.84210526315789,210.97826086956522,100,0,0.0,0.0,474,13,127.59493670886076,13080.0,765,135.11111111111111,26860.0,33,0,0.0,-3300.0,33,0.0,101,64.55445544554455,-3580.0,52
GAP10P__odds_band=60-80,GAP10P,odds_band=60-80,True,795,13,107.34591194968553,5840.0,97.33333333333333,9.327396297164285,72.32142857142857,153.2069970845481,168,147,18.49056603773585,50.51546391752577,648,11,111.69753086419753,7580.0,939,122.74760383386581,21360.0,113,1,57.69911504424779,-4780.0,88,0.0,156,41.794871794871796,-9080.0,53
GAP5P__model_rank_band=1-3__l17_rank_band=41-60,GAP5P,model_rank_band=1-3;l17_rank_band=41-60,True,202,12,185.74257425742573,17320.0,165.2970297029703,11.007462686567164,71.81818181818181,265.43859649122805,57,11,5.445544554455446,3.7800687285223367,191,11,175.13089005235602,14350.0,482,158.3609958506224,28130.0,35,2,174.85714285714286,2620.0,32,191.25,100,126.4,2640.0,54
GAP3_4__odds_band=40-60__market_rank_band=11-15,GAP3_4,odds_band=40-60;market_rank_band=11-15,True,1382,33,104.97105643994212,6870.0,100.96237337192474,3.8188460743089543,69.30139720558883,134.64285714285714,364,0,0.0,0.0,1382,33,104.97105643994212,6870.0,1673,112.34309623430963,20650.0,304,5,73.48684210526316,-8060.0,304,73.48684210526316,372,77.58064516129032,-8340.0,55
GAP5P__surface=TURF__distance_band=<=1400,GAP5P,surface=TURF;distance_band=<=1400,True,1060,26,103.26415094339623,3460.0,95.00943396226415,7.993787684999086,68.64197530864197,155.15463917525773,267,64,6.037735849056604,21.993127147766323,996,25,103.65461847389558,3640.0,1287,113.53535353535354,17420.0,240,2,35.333333333333336,-15520.0,228,37.19298245614035,296,50.67567567567568,-14600.0,56
GAP7_9__model_rank_band=9-10,GAP7_9,model_rank_band=9-10,True,572,15,116.73076923076923,9570.0,106.95804195804196,8.372023363786132,67.96296296296296,167.03422053231938,93,0,0.0,0.0,572,15,116.73076923076923,9570.0,863,127.05677867902665,23350.0,47,1,87.87234042553192,-570.0,47,87.87234042553192,115,92.6086956521739,-850.0,57
GAP7_9__market_rank_band=16-20__model_rank_band=9-10,GAP7_9,market_rank_band=16-20;model_rank_band=9-10,True,572,15,116.73076923076923,9570.0,106.95804195804196,8.372023363786132,67.96296296296296,167.03422053231938,93,0,0.0,0.0,572,15,116.73076923076923,9570.0,863,127.05677867902665,23350.0,47,1,87.87234042553192,-570.0,47,87.87234042553192,115,92.6086956521739,-850.0,58
GAP3_4__odds_band=40-60__model_rank_band=9-10,GAP3_4,odds_band=40-60;model_rank_band=9-10,True,531,15,125.46139359698682,13520.0,115.02824858757062,8.315821074752327,67.51295336787565,173.609756097561,133,0,0.0,0.0,531,15,125.46139359698682,13520.0,822,133.21167883211677,27300.0,92,2,89.78260869565217,-940.0,92,89.78260869565217,160,92.375,-1220.0,59
GAP5_6__market_rank_band=21-25,GAP5_6,market_rank_band=21-25,True,272,8,159.0441176470588,16060.0,134.0441176470588,15.718908922792417,66.88172043010752,280.17391304347825,64,0,0.0,0.0,272,8,159.0441176470588,16060.0,563,153.0017761989343,29840.0,40,0,0.0,-4000.0,40,0.0,108,60.370370370370374,-4280.0,60
GAP5_6__market_rank_band=21-25__model_rank_band=11-15,GAP5_6,market_rank_band=21-25;model_rank_band=11-15,True,272,8,159.0441176470588,16060.0,134.0441176470588,15.718908922792417,66.88172043010752,280.17391304347825,64,0,0.0,0.0,272,8,159.0441176470588,16060.0,563,153.0017761989343,29840.0,40,0,0.0,-4000.0,40,0.0,108,60.370370370370374,-4280.0,61
GAP10_14__market_rank_band=11-15__model_rank_band=1-3,GAP10_14,market_rank_band=11-15;model_rank_band=1-3,True,285,10,111.71929824561404,3340.0,96.3157894736842,13.787688442211055,66.01398601398601,227.9746835443038,63,0,0.0,0.0,285,10,111.71929824561404,3340.0,576,129.72222222222223,17120.0,23,2,276.5217391304348,4060.0,23,276.5217391304348,91,141.53846153846155,3780.0,62
GAP10P__market_rank_band=11-15__model_rank_band=1-3,GAP10P,market_rank_band=11-15;model_rank_band=1-3,True,285,10,111.71929824561404,3340.0,96.3157894736842,13.787688442211055,66.01398601398601,227.9746835443038,63,0,0.0,0.0,285,10,111.71929824561404,3340.0,576,129.72222222222223,17120.0,23,2,276.5217391304348,4060.0,23,276.5217391304348,91,141.53846153846155,3780.0,63
GAP5_6__field_size_band=<=12__model_rank_band=9-10,GAP5_6,field_size_band=<=12;model_rank_band=9-10,True,211,7,115.92417061611374,3360.0,95.16587677725119,17.906786590351594,65.64102564102564,151.875,39,0,0.0,0.0,211,7,115.92417061611374,3360.0,502,134.14342629482073,17140.0,19,0,0.0,-1900.0,19,0.0,87,74.94252873563218,-2180.0,64
GAP3_4__field_size_band=17+__model_rank_band=4-5,GAP3_4,field_size_band=17+;model_rank_band=4-5,True,180,9,112.66666666666667,2280.0,95.88888888888889,14.891518737672584,65.22388059701493,145.48387096774192,51,0,0.0,0.0,180,9,112.66666666666667,2280.0,471,134.09766454352442,16060.0,52,2,82.6923076923077,-900.0,52,82.6923076923077,120,90.16666666666667,-1180.0,65
GAP10P__field_size_band=15-16__l17_rank_band=61+,GAP10P,field_size_band=15-16;l17_rank_band=61+,True,214,7,205.84112149532712,22650.0,162.19626168224298,21.203178206583427,65.2,419.2063492063492,63,68,31.77570093457944,23.367697594501717,146,4,158.08219178082192,8480.0,437,150.93821510297482,22260.0,86,0,0.0,-8600.0,52,0.0,120,54.333333333333336,-5480.0,66
GAP10_14__field_size_band=15-16__model_rank_band=1-3,GAP10_14,field_size_band=15-16;model_rank_band=1-3,True,182,7,128.24175824175825,5140.0,104.12087912087912,18.808911739503,64.0625,266.6666666666667,38,0,0.0,0.0,182,7,128.24175824175825,5140.0,473,140.0,18920.0,17,1,158.8235294117647,1000.0,17,158.8235294117647,85,108.47058823529412,720.0,67
GAP7_9__field_size_band=15-16__l17_rank_band=31-40,GAP7_9,field_size_band=15-16;l17_rank_band=31-40,True,317,8,126.46687697160883,8390.0,105.45741324921136,16.612621601396857,63.72670807453416,267.11538461538464,52,0,0.0,0.0,317,8,126.46687697160883,8390.0,608,136.46381578947367,22170.0,54,0,0.0,-5400.0,54,0.0,122,53.442622950819676,-5680.0,68
GAP5P__pair_worse_rank_band=11-14__market_rank_band=21-25,GAP5P,pair_worse_rank_band=11-14;market_rank_band=21-25,True,513,12,143.9766081871345,22560.0,129.08382066276803,10.343893853235851,63.13513513513514,214.82142857142858,112,36,7.017543859649122,12.371134020618557,477,12,154.8427672955975,26160.0,768,152.00520833333334,39940.0,113,0,0.0,-11300.0,111,0.0,179,36.42458100558659,-11380.0,69
GAP7_9__model_rank_band=4-5__l17_rank_band=21-30,GAP7_9,model_rank_band=4-5;l17_rank_band=21-30,True,138,6,142.7536231884058,5900.0,113.04347826086956,20.81218274111675,63.07692307692308,268.8235294117647,34,0,0.0,0.0,138,6,142.7536231884058,5900.0,429,145.87412587412587,19680.0,12,1,238.33333333333334,1660.0,12,238.33333333333334,80,117.25,1380.0,70
GAP5P__pair_worse_rank_band=11-14,GAP5P,pair_worse_rank_band=11-14,True,1398,29,118.56938483547926,25960.0,111.88841201716738,5.6346525096525095,61.81159420289855,181.02296450939457,367,105,7.510729613733906,36.08247422680412,1293,25,108.8321732405259,11420.0,1584,115.9090909090909,25200.0,433,7,71.54734411085451,-12320.0,400,77.45,468,80.12820512820512,-9300.0,71
GAP10_14__odds_band=20-40__model_rank_band=1-3,GAP10_14,odds_band=20-40;model_rank_band=1-3,True,271,13,157.89667896678966,15690.0,143.3579335793358,9.207758822154709,60.95238095238095,287.89473684210526,63,0,0.0,0.0,271,13,157.89667896678966,15690.0,562,152.43772241992883,29470.0,24,2,265.0,3960.0,24,265.0,92,140.0,3680.0,72
GAP10P__surface=TURF__distance_band=<=1400,GAP10P,surface=TURF;distance_band=<=1400,True,437,11,137.4141876430206,16350.0,117.3913043478261,14.571190674437968,59.58762886597938,220.78212290502793,97,64,14.645308924485127,21.993127147766323,373,10,144.31635388739946,16530.0,664,145.6475903614458,30310.0,91,0,0.0,-9100.0,79,0.0,147,44.35374149659864,-8180.0,73
GAP5P__market_rank_band=16-20__model_rank_band=9-10,GAP5P,market_rank_band=16-20;model_rank_band=9-10,True,844,20,109.21800947867298,7780.0,101.43364928909952,7.127359513994359,58.285714285714285,131.18279569892474,140,0,0.0,0.0,844,20,109.21800947867298,7780.0,1135,118.99559471365639,21560.0,68,1,60.73529411764706,-2670.0,68,60.73529411764706,136,78.30882352941177,-2950.0,74
GAP7_9__field_size_band=15-16__market_rank_band=16-20,GAP7_9,field_size_band=15-16;market_rank_band=16-20,True,668,16,112.52994011976048,8370.0,103.99700598802396,7.582812292137821,57.73076923076923,177.8181818181818,110,0,0.0,0.0,668,16,112.52994011976048,8370.0,959,123.09697601668405,22150.0,95,1,43.473684210526315,-5370.0,95,43.473684210526315,163,65.33742331288343,-5650.0,75
GAP10P__odds_band=20-40__model_rank_band=1-3,GAP10P,odds_band=20-40;model_rank_band=1-3,True,284,13,150.66901408450704,14390.0,136.79577464788733,9.207758822154709,57.3134328358209,266.8292682926829,67,2,0.704225352112676,0.6872852233676976,282,13,151.73758865248226,14590.0,573,149.51134380453752,28370.0,25,2,254.4,3860.0,23,276.5217391304348,91,141.53846153846155,3780.0,76
GAP3_4__odds_band=20-40__model_rank_band=1-3,GAP3_4,odds_band=20-40;model_rank_band=1-3,True,343,23,148.39650145772595,16600.0,140.90379008746356,5.049115913555992,55.666666666666664,242.94117647058823,104,0,0.0,0.0,343,23,148.39650145772595,16600.0,634,147.9179810725552,30380.0,101,2,43.76237623762376,-5680.0,101,43.76237623762376,169,64.73372781065089,-5960.0,77
GAP5P__odds_band=20-40__field_size_band=17+,GAP5P,odds_band=20-40;field_size_band=17+,True,427,17,123.53629976580797,10050.0,114.21545667447307,7.545023696682464,54.5985401459854,198.51239669421489,121,0,0.0,0.0,427,17,123.53629976580797,10050.0,718,133.18941504178272,23830.0,82,1,44.63414634146341,-4540.0,82,44.63414634146341,150,67.86666666666666,-4820.0,78
GAP7_9__pair_worse_rank_band=7-10__market_rank_band=11-15,GAP7_9,pair_worse_rank_band=7-10;market_rank_band=11-15,True,723,23,104.89626556016597,3540.0,99.22544951590595,5.406118143459915,53.77049180327869,226.52892561983472,121,0,0.0,0.0,723,23,104.89626556016597,3540.0,1014,117.08086785009861,17320.0,65,3,134.0,2210.0,65,134.0,133,114.51127819548873,1930.0,79
GAP10P__l17_rank_band=11-20,GAP10P,l17_rank_band=11-20,True,572,14,121.55594405594405,12330.0,108.35664335664336,10.858622177477347,52.48322147651007,184.85714285714286,149,39,6.818181818181818,13.402061855670103,533,14,130.45028142589118,16230.0,824,136.41990291262135,30010.0,49,0,0.0,-4900.0,45,0.0,113,57.69911504424779,-4780.0,80
GAP7_9__odds_band=40-60__field_size_band=15-16,GAP7_9,odds_band=40-60;field_size_band=15-16,True,768,18,110.79427083333333,8290.0,103.26822916666667,6.7928076154659776,51.937716262975776,177.2027972027972,143,0,0.0,0.0,768,18,110.79427083333333,8290.0,1059,120.84041548630783,22070.0,131,1,31.52671755725191,-8970.0,131,31.52671755725191,199,53.517587939698494,-9250.0,81
GAP15_24__distance_band=<=1400,GAP15_24,distance_band=<=1400,True,289,8,163.97923875432525,18490.0,133.7024221453287,18.46381093057607,51.51898734177215,222.7835051546392,79,147,50.865051903114185,50.51546391752577,142,3,139.50704225352112,5610.0,433,144.78060046189375,19390.0,75,0,0.0,-7500.0,38,0.0,106,61.509433962264154,-4080.0,82
GAP5P__odds_band=60-80__field_size_band=13-14,GAP5P,odds_band=60-80;field_size_band=13-14,True,295,6,129.72881355932202,8770.0,105.9322033898305,18.343349882414422,50.0,319.82456140350877,57,0,0.0,0.0,295,6,129.72881355932202,8770.0,586,138.48122866894198,22550.0,32,1,205.0,3360.0,32,205.0,100,130.8,3080.0,83
GAP5_6__odds_band=40-60__field_size_band=<=12,GAP5_6,odds_band=40-60;field_size_band=<=12,True,370,10,121.13513513513513,7820.0,107.05405405405405,11.624274877286926,49.629629629629626,228.59154929577466,81,0,0.0,0.0,370,10,121.13513513513513,7820.0,661,132.67776096822996,21600.0,58,2,185.17241379310346,4940.0,58,185.17241379310346,126,136.984126984127,4660.0,84
GAP10_14__distance_band=<=1400,GAP10_14,distance_band=<=1400,True,766,16,109.49086161879896,7270.0,98.57702349869452,9.967807320853701,49.44983818770226,170.94117647058823,170,0,0.0,0.0,766,16,109.49086161879896,7270.0,1057,119.91485335856197,21050.0,91,0,0.0,-9100.0,91,0.0,159,41.0062893081761,-9380.0,85
GAP7_9__field_size_band=15-16__surface=TURF,GAP7_9,field_size_band=15-16;surface=TURF,True,578,16,114.72318339100346,8510.0,103.20069204152249,10.04373397677575,47.397260273972606,239.1869918699187,123,0,0.0,0.0,578,16,114.72318339100346,8510.0,869,125.65017261219793,22290.0,93,2,75.16129032258064,-2310.0,93,75.16129032258064,161,83.91304347826087,-2590.0,86
GAP10P__l17_rank_band=61+,GAP10P,l17_rank_band=61+,True,334,8,149.19161676646706,16430.0,121.22754491017965,18.743728677503512,41.09243697478992,266.7676767676768,99,68,20.35928143712575,23.367697594501717,266,5,108.49624060150376,2260.0,557,128.7971274685817,16040.0,148,0,0.0,-14800.0,114,0.0,182,35.824175824175825,-11680.0,87
GAP5P__pair_worse_rank_band=11-14__field_size_band=15-16,GAP5P,pair_worse_rank_band=11-14;field_size_band=15-16,True,882,18,113.5374149659864,11940.0,102.94784580498866,9.32694228080687,40.02906976744186,179.46127946127947,241,105,11.904761904761905,36.08247422680412,777,14,96.65379665379665,-2600.0,1068,110.46816479400749,11180.0,260,3,37.61538461538461,-16220.0,227,43.08370044052864,295,55.25423728813559,-13200.0,88
GAP5P__model_rank_band=9-10__l17_rank_band=31-40,GAP5P,model_rank_band=9-10;l17_rank_band=31-40,True,260,7,126.03846153846153,6770.0,102.11538461538461,18.980775099176075,35.546875,223.21428571428572,48,9,3.4615384615384617,3.0927835051546393,251,6,105.77689243027888,1450.0,542,128.09963099630997,15230.0,36,1,143.05555555555554,1550.0,34,151.47058823529412,102,114.41176470588235,1470.0,89
GAP10P__pair_worse_rank_band=11-14__field_size_band=15-16,GAP10P,pair_worse_rank_band=11-14;field_size_band=15-16,True,364,10,163.13186813186815,22980.0,137.47252747252747,15.729201751431459,35.43478260869565,251.015625,98,105,28.846153846153847,36.08247422680412,259,6,132.58687258687257,8440.0,550,140.4,22220.0,102,0,0.0,-10200.0,69,0.0,137,47.59124087591241,-7180.0,90
GAP5P__odds_band=40-60__field_size_band=<=12,GAP5P,odds_band=40-60;field_size_band=<=12,True,636,15,111.16352201257861,7100.0,101.74528301886792,8.472418670438472,33.43065693430657,192.34817813765181,137,0,0.0,0.0,636,15,111.16352201257861,7100.0,927,122.52427184466019,20880.0,78,2,137.69230769230768,2940.0,78,137.69230769230768,146,118.21917808219177,2660.0,91
GAP5_6__field_size_band=13-14__model_rank_band=4-5,GAP5_6,field_size_band=13-14;model_rank_band=4-5,True,212,10,128.06603773584905,5950.0,112.68867924528301,12.007366482504604,29.759036144578314,231.06382978723406,47,0,0.0,0.0,212,10,128.06603773584905,5950.0,503,139.22465208747514,19730.0,23,1,117.3913043478261,400.0,23,117.3913043478261,91,101.31868131868131,120.0,92
GAP10_14__surface=TURF__distance_band=<=1400,GAP10_14,surface=TURF;distance_band=<=1400,True,371,9,115.55256064690028,5770.0,98.73315363881402,14.555633310006998,25.804195804195803,192.5,76,0,0.0,0.0,371,9,115.55256064690028,5770.0,662,129.53172205438065,19550.0,52,0,0.0,-5200.0,52,0.0,120,54.333333333333336,-5480.0,93
GAP10_14__pair_worse_rank_band=11-14,GAP10_14,pair_worse_rank_band=11-14,True,415,10,133.10843373493975,13740.0,112.96385542168674,15.133960897900073,23.0625,309.36170212765956,94,0,0.0,0.0,415,10,133.10843373493975,13740.0,706,138.9801699716714,27520.0,81,1,45.18518518518518,-4440.0,81,45.18518518518518,149,68.32214765100672,-4720.0,94
GAP5_6__odds_band=40-60__market_rank_band=21-25,GAP5_6,odds_band=40-60;market_rank_band=21-25,True,126,6,240.0,17640.0,193.8095238095238,19.246031746031747,0.0,462.1818181818182,34,0,0.0,0.0,126,6,240.0,17640.0,417,175.34772182254196,31420.0,25,0,0.0,-2500.0,25,0.0,93,70.10752688172043,-2780.0,95
GAP10_14__field_size_band=15-16__l17_rank_band=61+,GAP10_14,field_size_band=15-16;l17_rank_band=61+,True,122,4,189.18032786885246,10880.0,120.65573770491804,36.22183708838821,0.0,318.75,34,0,0.0,0.0,122,4,189.18032786885246,10880.0,413,159.7094430992736,24660.0,25,0,0.0,-2500.0,25,0.0,93,70.10752688172043,-2780.0,96
GAP15_24__surface=TURF__distance_band=<=1400,GAP15_24,surface=TURF;distance_band=<=1400,True,178,4,146.23595505617976,8230.0,97.07865168539325,33.61505954667691,0.0,212.69230769230768,48,64,35.95505617977528,21.993127147766323,114,3,173.7719298245614,8410.0,405,154.79012345679013,22190.0,44,0,0.0,-4400.0,32,0.0,100,65.2,-3480.0,97
GAP10_14__pair_worse_rank_band=<=6__market_rank_band=11-15,GAP10_14,pair_worse_rank_band=<=6;market_rank_band=11-15,True,130,7,168.3846153846154,8890.0,141.6153846153846,15.897670169026952,0.0,321.70212765957444,31,0,0.0,0.0,130,7,168.3846153846154,8890.0,421,153.84798099762472,22670.0,10,1,270.0,1700.0,10,270.0,78,118.2051282051282,1420.0,98
GAP10P__pair_worse_rank_band=<=6__market_rank_band=11-15,GAP10P,pair_worse_rank_band=<=6;market_rank_band=11-15,True,130,7,168.3846153846154,8890.0,141.6153846153846,15.897670169026952,0.0,321.70212765957444,31,0,0.0,0.0,130,7,168.3846153846154,8890.0,421,153.84798099762472,22670.0,10,1,270.0,1700.0,10,270.0,78,118.2051282051282,1420.0,99
GAP5P__pair_worse_rank_band=11-14__field_size_band=17+,GAP5P,pair_worse_rank_band=11-14;field_size_band=17+,True,228,5,158.24561403508773,13280.0,119.86842105263158,24.251662971175165,0.0,352.22222222222223,59,0,0.0,0.0,228,5,158.24561403508773,13280.0,519,152.1387283236994,27060.0,69,2,152.31884057971016,3610.0,69,152.31884057971016,137,124.30656934306569,3330.0,100
GAP7_9__model_rank_band=6-8__l17_rank_band=21-30,GAP7_9,model_rank_band=6-8;l17_rank_band=21-30,True,205,8,146.390243902439,9510.0,122.29268292682927,16.461179606797735,0.0,225.0,30,0,0.0,0.0,205,8,146.390243902439,9510.0,496,146.95564516129033,23290.0,11,0,0.0,-1100.0,11,0.0,79,82.53164556962025,-1380.0,101
GAP10_14__l17_rank_band=61+,GAP10_14,l17_rank_band=61+,True,199,5,145.0251256281407,8960.0,103.01507537688443,28.96742896742897,0.0,314.06779661016947,59,0,0.0,0.0,199,5,145.0251256281407,8960.0,490,146.40816326530611,22740.0,42,0,0.0,-4200.0,42,0.0,110,59.27272727272727,-4480.0,102
GAP5P__pair_worse_rank_band=11-14__market_rank_band=<=10,GAP5P,pair_worse_rank_band=11-14;market_rank_band=<=10,True,130,6,136.3846153846154,4730.0,108.46153846153847,20.473773265651438,0.0,242.29166666666666,37,0,0.0,0.0,130,6,136.3846153846154,4730.0,421,143.9667458432304,18510.0,27,2,184.07407407407408,2270.0,27,184.07407407407408,95,120.94736842105263,1990.0,103
GAP10_14__pair_worse_rank_band=11-14__market_rank_band=21-25,GAP10_14,pair_worse_rank_band=11-14;market_rank_band=21-25,True,209,5,136.2200956937799,7570.0,106.36363636363636,21.91780821917808,0.0,379.7674418604651,43,0,0.0,0.0,209,5,136.2200956937799,7570.0,500,142.7,21350.0,41,0,0.0,-4100.0,41,0.0,109,59.81651376146789,-4380.0,104
GAP3_4__surface=DIRT__distance_band=1801-2200,GAP3_4,surface=DIRT;distance_band=1801-2200,True,257,12,132.1400778210117,8260.0,109.72762645914396,16.96113074204947,0.0,248.1081081081081,74,0,0.0,0.0,257,12,132.1400778210117,8260.0,548,140.2189781021898,22040.0,60,3,167.66666666666666,4060.0,60,167.66666666666666,128,129.53125,3780.0,105
GAP10_14__pair_worse_rank_band=11-14__field_size_band=15-16,GAP10_14,pair_worse_rank_band=11-14;field_size_band=15-16,True,263,6,127.87072243346007,7330.0,96.08365019011407,24.858757062146893,0.0,364.0625,64,0,0.0,0.0,263,6,127.87072243346007,7330.0,554,138.1046931407942,21110.0,46,0,0.0,-4600.0,46,0.0,114,57.19298245614035,-4880.0,106
GAP7_9__field_size_band=15-16__l17_rank_band=21-30,GAP7_9,field_size_band=15-16;l17_rank_band=21-30,True,497,14,105.85513078470825,2910.0,95.91549295774648,9.389849838433758,0.0,221.7948717948718,78,0,0.0,0.0,497,14,105.85513078470825,2910.0,788,121.18020304568527,16690.0,50,1,57.2,-2140.0,50,57.2,118,79.49152542372882,-2420.0,107
GAP10P__model_rank_band=11-15__l17_rank_band=61+,GAP10P,model_rank_band=11-15;l17_rank_band=61+,True,165,4,183.15151515151516,13720.0,126.54545454545455,30.906684315023163,0.0,402.0,40,26,15.757575757575758,8.934707903780069,139,2,101.72661870503597,240.0,430,132.6046511627907,14020.0,94,0,0.0,-9400.0,72,0.0,140,46.57142857142857,-7480.0,108
GAP10_14__market_rank_band=16-20__model_rank_band=1-3,GAP10_14,market_rank_band=16-20;model_rank_band=1-3,False,39,4,393.3333333333333,11440.0,292.3076923076923,25.684485006518905,331.7391304347826,548.5714285714286,7,0,0.0,0.0,39,4,393.3333333333333,11440.0,330,176.42424242424244,25220.0,4,0,0.0,-400.0,4,0.0,72,90.55555555555556,-680.0,109
GAP7_9__field_size_band=17+__distance_band=1401-1800,GAP7_9,field_size_band=17+;distance_band=1401-1800,False,98,5,211.0204081632653,10880.0,133.0612244897959,36.94390715667311,196.8421052631579,224.7058823529412,26,0,0.0,0.0,98,5,211.0204081632653,10880.0,389,163.39331619537276,24660.0,14,1,489.2857142857143,5450.0,14,489.2857142857143,82,163.0487804878049,5170.0,110
GAP10P__pair_worse_rank_band=11-14__market_rank_band=16-20,GAP10P,pair_worse_rank_band=11-14;market_rank_band=16-20,False,121,5,189.91735537190084,10880.0,136.52892561983472,28.111401218450826,162.8,229.55555555555554,25,5,4.132231404958677,1.7182130584192439,116,3,120.86206896551724,2420.0,407,139.8034398034398,16200.0,22,0,0.0,-2200.0,21,0.0,89,73.25842696629213,-2380.0,111
GAP10P__model_rank_band=1-3__l17_rank_band=61+,GAP10P,model_rank_band=1-3;l17_rank_band=61+,False,72,3,182.63888888888889,5950.0,114.72222222222223,37.18631178707224,161.25,232.85714285714286,21,8,11.11111111111111,2.7491408934707904,64,2,129.0625,1860.0,355,144.05633802816902,15640.0,22,0,0.0,-2200.0,21,0.0,89,73.25842696629213,-2380.0,112
GAP5_6__market_rank_band=<=10__l17_rank_band=41-60,GAP5_6,market_rank_band=<=10;l17_rank_band=41-60,False,88,7,201.9318181818182,8970.0,165.9090909090909,17.839054586381543,155.0,251.93548387096774,25,0,0.0,0.0,88,7,201.9318181818182,8970.0,379,160.0263852242744,22750.0,19,3,407.89473684210526,5850.0,19,407.89473684210526,87,164.02298850574712,5570.0,113
GAP15_24__odds_band=40-60__field_size_band=15-16,GAP15_24,odds_band=40-60;field_size_band=15-16,False,127,5,207.08661417322836,13600.0,160.15748031496062,22.661596958174904,136.1904761904762,245.34883720930233,42,99,77.95275590551181,34.02061855670103,28,1,204.28571428571428,2920.0,319,152.35109717868337,16700.0,17,0,0.0,-1700.0,3,0.0,71,91.83098591549296,-580.0,114
GAP5P__market_rank_band=16-20__model_rank_band=1-3,GAP5P,market_rank_band=16-20;model_rank_band=1-3,False,98,6,247.9591836734694,14500.0,198.0612244897959,20.123456790123456,133.44827586206895,395.5,20,19,19.387755102040817,6.529209621993127,79,4,194.1772151898734,7440.0,370,157.35135135135135,21220.0,8,0,0.0,-800.0,4,0.0,72,90.55555555555556,-680.0,115
GAP10P__market_rank_band=16-20__model_rank_band=1-3,GAP10P,market_rank_band=16-20;model_rank_band=1-3,False,98,6,247.9591836734694,14500.0,198.0612244897959,20.123456790123456,133.44827586206895,395.5,20,19,19.387755102040817,6.529209621993127,79,4,194.1772151898734,7440.0,370,157.35135135135135,21220.0,8,0,0.0,-800.0,4,0.0,72,90.55555555555556,-680.0,116
GAP15_24__field_size_band=15-16__surface=DIRT,GAP15_24,field_size_band=15-16;surface=DIRT,False,176,5,155.22727272727272,9720.0,116.93181818181819,24.670571010248903,131.875,208.95833333333334,48,159,90.3409090909091,54.63917525773196,17,0,0.0,-1700.0,308,139.2207792207792,12080.0,45,1,144.88888888888889,2020.0,3,0.0,71,91.83098591549296,-580.0,117
GAP15_24__surface=DIRT__distance_band=<=1400,GAP15_24,surface=DIRT;distance_band=<=1400,False,111,4,192.43243243243242,10260.0,131.7117117117117,31.55430711610487,131.29032258064515,234.44444444444446,31,83,74.77477477477477,28.522336769759452,28,0,0.0,-2800.0,319,134.42006269592477,10980.0,31,0,0.0,-3100.0,6,0.0,74,88.10810810810811,-880.0,118
GAP15_24__pair_worse_rank_band=11-14__field_size_band=15-16,GAP15_24,pair_worse_rank_band=11-14;field_size_band=15-16,False,127,5,242.20472440944883,18060.0,168.66141732283464,30.36410923276983,116.42857142857143,411.3207547169811,32,105,82.67716535433071,36.08247422680412,22,1,260.0,3520.0,313,155.27156549520768,17300.0,38,0,0.0,-3800.0,5,0.0,73,89.31506849315069,-780.0,119
GAP5_6__model_rank_band=1-3__l17_rank_band=41-60,GAP5_6,model_rank_band=1-3;l17_rank_band=41-60,False,53,5,239.0566037735849,7370.0,179.24528301886792,25.019731649565905,112.63157894736842,312.5,16,0,0.0,0.0,53,5,239.0566037735849,7370.0,344,161.4825581395349,21150.0,12,1,205.0,1260.0,12,205.0,80,112.25,980.0,120
GAP7_9__field_size_band=<=12__distance_band=1801-2200,GAP7_9,field_size_band=<=12;distance_band=1801-2200,False,97,6,216.39175257731958,11290.0,154.63917525773195,28.53739876131491,110.88888888888889,317.22222222222223,16,0,0.0,0.0,97,6,216.39175257731958,11290.0,388,164.61340206185568,25070.0,8,0,0.0,-800.0,8,0.0,76,85.78947368421052,-1080.0,121
GAP5P__model_rank_band=1-3__l17_rank_band=61+,GAP5P,model_rank_band=1-3;l17_rank_band=61+,False,106,5,176.22641509433961,8080.0,130.0943396226415,26.177730192719487,109.75,288.0769230769231,26,8,7.547169811320755,2.7491408934707904,98,4,140.71428571428572,3990.0,389,145.68123393316196,17770.0,30,0,0.0,-3000.0,29,0.0,97,67.21649484536083,-3180.0,122
GAP7_9__field_size_band=17+__l17_rank_band=<=10,GAP7_9,field_size_band=17+;l17_rank_band=<=10,False,93,4,139.56989247311827,3680.0,101.18279569892474,27.503852080123266,108.18181818181819,178.28571428571428,25,0,0.0,0.0,93,4,139.56989247311827,3680.0,384,145.46875,17460.0,16,0,0.0,-1600.0,16,0.0,84,77.61904761904762,-1880.0,123
GAP7_9__field_size_band=<=12__model_rank_band=11-15,GAP7_9,field_size_band=<=12;model_rank_band=11-15,False,240,5,117.5,4200.0,92.29166666666667,21.45390070921986,103.47826086956522,134.7058823529412,34,0,0.0,0.0,240,5,117.5,4200.0,531,133.86064030131826,17980.0,21,0,0.0,-2100.0,21,0.0,89,73.25842696629213,-2380.0,124
GAP7_9__field_size_band=<=12__l17_rank_band=21-30,GAP7_9,field_size_band=<=12;l17_rank_band=21-30,False,182,6,161.92307692307693,11270.0,129.01098901098902,20.32575500508992,99.70873786407768,265.8181818181818,24,0,0.0,0.0,182,6,161.92307692307693,11270.0,473,152.9598308668076,25050.0,12,0,0.0,-1200.0,12,0.0,80,81.5,-1480.0,125
GAP15_24__field_size_band=15-16__distance_band=<=1400,GAP15_24,field_size_band=15-16;distance_band=<=1400,False,162,5,170.2469135802469,11380.0,128.64197530864197,24.437998549673676,96.9047619047619,216.0,42,147,90.74074074074075,50.51546391752577,15,0,0.0,-1500.0,306,140.13071895424838,12280.0,44,0,0.0,-4400.0,7,0.0,75,86.93333333333334,-980.0,126
GAP15_24__surface=DIRT,GAP15_24,surface=DIRT,False,234,5,116.75213675213675,3920.0,87.94871794871794,24.670571010248903,94.92957746478874,147.5,68,159,67.94871794871794,54.63917525773196,75,0,0.0,-7500.0,366,117.1584699453552,6280.0,59,1,110.50847457627118,620.0,17,0.0,85,76.70588235294117,-1980.0,127
GAP7_9__pair_worse_rank_band=<=6__field_size_band=17+,GAP7_9,pair_worse_rank_band=<=6;field_size_band=17+,False,133,4,97.59398496240601,-320.0,70.75187969924812,27.503852080123266,94.54545454545455,105.66666666666667,30,0,0.0,0.0,133,4,97.59398496240601,-320.0,424,131.74528301886792,13460.0,25,0,0.0,-2500.0,25,0.0,93,70.10752688172043,-2780.0,128
GAP10_14__market_rank_band=11-15__l17_rank_band=11-20,GAP10_14,market_rank_band=11-15;l17_rank_band=11-20,False,99,5,160.9090909090909,6030.0,119.5959595959596,25.674827369742623,92.95454545454545,269.6969696969697,22,0,0.0,0.0,99,5,160.9090909090909,6030.0,390,150.7948717948718,19810.0,10,0,0.0,-1000.0,10,0.0,78,83.58974358974359,-1280.0,129
GAP10P__market_rank_band=11-15__l17_rank_band=11-20,GAP10P,market_rank_band=11-15;l17_rank_band=11-20,False,99,5,160.9090909090909,6030.0,119.5959595959596,25.674827369742623,92.95454545454545,269.6969696969697,22,0,0.0,0.0,99,5,160.9090909090909,6030.0,390,150.7948717948718,19810.0,10,0,0.0,-1000.0,10,0.0,78,83.58974358974359,-1280.0,130
GAP5P__field_size_band=15-16__distance_band=<=1400,GAP5P,field_size_band=15-16;distance_band=<=1400,False,1454,33,102.5997248968363,3780.0,96.85006877579092,5.603968360370023,91.91972076788831,113.60902255639098,349,147,10.110041265474553,50.51546391752577,1307,28,93.03749043611323,-9100.0,1598,102.92866082603254,4680.0,338,4,40.23668639053255,-20200.0,301,45.182724252491695,369,54.52574525745258,-16780.0,131
GAP5P__model_rank_band=11-15__l17_rank_band=21-30,GAP5P,model_rank_band=11-15;l17_rank_band=21-30,False,1442,24,96.37309292649098,-5230.0,86.94174757281553,9.786284809671152,91.6355140186916,117.64957264957265,234,11,0.7628294036061026,3.7800687285223367,1431,24,97.11390635918937,-4130.0,1722,105.60394889663182,9650.0,226,3,95.61946902654867,-990.0,223,67.66816143497758,291,74.26116838487972,-7490.0,132
GAP5P__field_size_band=15-16__model_rank_band=1-3,GAP5P,field_size_band=15-16;model_rank_band=1-3,False,887,30,98.32018038331455,-1490.0,91.9391206313416,6.490081412682032,91.31782945736434,117.16417910447761,201,42,4.735062006764374,14.43298969072165,845,27,85.90532544378698,-11910.0,1136,101.64612676056338,1870.0,136,7,111.54411764705883,1570.0,131,115.80152671755725,199,108.99497487437186,1790.0,133
GAP0_2__field_size_band=17+__market_rank_band=<=10,GAP0_2,field_size_band=17+;market_rank_band=<=10,False,811,51,98.69297163995068,-1060.0,94.87053020961775,3.873063468265867,91.26016260162602,107.19723183391004,246,0,0.0,0.0,811,51,98.69297163995068,-1060.0,1102,111.5426497277677,12720.0,308,15,71.07142857142857,-8910.0,308,71.07142857142857,376,75.55851063829788,-9190.0,134
GAP7_9__model_rank_band=9-10__l17_rank_band=31-40,GAP7_9,model_rank_band=9-10;l17_rank_band=31-40,False,92,4,202.5,9430.0,148.2608695652174,26.78475577026302,91.0,363.6,17,0,0.0,0.0,92,4,202.5,9430.0,383,160.60052219321148,23210.0,12,0,0.0,-1200.0,12,0.0,80,81.5,-1480.0,135
GAP10P__surface=DIRT__distance_band=<=1400,GAP10P,surface=DIRT;distance_band=<=1400,False,449,9,113.65256124721604,6130.0,95.03340757238307,16.38252008622379,90.59782608695652,165.17857142857142,112,83,18.485523385300667,28.522336769759452,366,5,81.06557377049181,-6930.0,657,110.42617960426179,6850.0,68,0,0.0,-6800.0,43,0.0,111,58.73873873873874,-4580.0,136
GAP15_24__distance_band=1401-1800,GAP15_24,distance_band=1401-1800,False,207,3,110.38647342995169,2150.0,65.26570048309179,40.87527352297593,90.3030303030303,137.35294117647058,66,102,49.27536231884058,35.05154639175258,105,1,71.9047619047619,-2950.0,396,127.34848484848484,10830.0,43,1,151.62790697674419,2220.0,20,0.0,88,74.0909090909091,-2280.0,137
GAP15_24__field_size_band=15-16,GAP15_24,field_size_band=15-16,False,322,7,133.16770186335404,10680.0,104.16149068322981,21.78171641791045,89.40677966101696,200.9009009009009,93,291,90.37267080745342,100.0,31,0,0.0,-3100.0,322,133.16770186335404,10680.0,75,1,86.93333333333334,-980.0,7,0.0,75,86.93333333333334,-980.0,138
GAP3_4__market_rank_band=11-15__l17_rank_band=11-20,GAP3_4,market_rank_band=11-15;l17_rank_band=11-20,False,2262,65,96.50751547303271,-7900.0,93.72679045092838,2.8813559322033897,89.375,116.07573149741825,581,0,0.0,0.0,2262,65,96.50751547303271,-7900.0,2553,102.30317273795535,5880.0,506,9,57.905138339920946,-21300.0,506,57.905138339920946,574,62.40418118466899,-21580.0,139
GAP10_14__field_size_band=15-16__l17_rank_band=11-20,GAP10_14,field_size_band=15-16;l17_rank_band=11-20,False,241,6,108.42323651452283,2030.0,84.10788381742739,22.426329889016458,89.34579439252336,156.4,50,0,0.0,0.0,241,6,108.42323651452283,2030.0,532,129.71804511278197,15810.0,17,0,0.0,-1700.0,17,0.0,85,76.70588235294117,-1980.0,140
GAP0_2__field_size_band=13-14__model_rank_band=4-5,GAP0_2,field_size_band=13-14;model_rank_band=4-5,False,1356,88,96.47492625368731,-4780.0,94.21828908554572,2.339091881975233,88.94859813084112,101.74712643678161,428,0,0.0,0.0,1356,88,96.47492625368731,-4780.0,1647,105.46448087431693,9000.0,557,28,66.35547576301616,-18740.0,557,66.35547576301616,625,69.568,-19020.0,141
GAP0_2__pair_worse_rank_band=7-10__field_size_band=13-14,GAP0_2,pair_worse_rank_band=7-10;field_size_band=13-14,False,1615,68,98.73684210526316,-2040.0,94.9907120743034,3.7940549354069986,88.89908256880734,104.72118959107807,532,0,0.0,0.0,1615,68,98.73684210526316,-2040.0,1906,106.1594963273872,11740.0,580,20,74.86206896551724,-14580.0,580,74.86206896551724,648,77.0679012345679,-14860.0,142
GAP3_4__model_rank_band=1-3__l17_rank_band=41-60,GAP3_4,model_rank_band=1-3;l17_rank_band=41-60,False,51,5,179.6078431372549,4060.0,134.7058823529412,25.0,88.5,283.8888888888889,13,0,0.0,0.0,51,5,179.6078431372549,4060.0,342,152.16374269005848,17840.0,16,2,180.625,1290.0,16,180.625,84,112.02380952380952,1010.0,143
GAP7_9__pair_worse_rank_band=7-10__field_size_band=<=12,GAP7_9,pair_worse_rank_band=7-10;field_size_band=<=12,False,358,9,100.64245810055866,230.0,83.91061452513966,16.62503469331113,88.07692307692308,113.87596899224806,52,0,0.0,0.0,358,9,100.64245810055866,230.0,649,121.58705701078583,14010.0,25,0,0.0,-2500.0,25,0.0,93,70.10752688172043,-2780.0,144
GAP3_4__model_rank_band=1-3,GAP3_4,model_rank_band=1-3,False,2581,161,94.13793103448276,-15130.0,93.14219294846959,1.0577437543729677,87.95098039215686,104.56242707117853,704,0,0.0,0.0,2581,161,94.13793103448276,-15130.0,2872,99.52994428969359,-1350.0,482,30,92.67634854771784,-3530.0,482,92.67634854771784,550,93.07272727272728,-3810.0,145
GAP3_4__market_rank_band=<=10__model_rank_band=1-3,GAP3_4,market_rank_band=<=10;model_rank_band=1-3,False,2581,161,94.13793103448276,-15130.0,93.14219294846959,1.0577437543729677,87.95098039215686,104.56242707117853,704,0,0.0,0.0,2581,161,94.13793103448276,-15130.0,2872,99.52994428969359,-1350.0,482,30,92.67634854771784,-3530.0,482,92.67634854771784,550,93.07272727272728,-3810.0,146
GAP3_4__field_size_band=<=12__model_rank_band=4-5,GAP3_4,field_size_band=<=12;model_rank_band=4-5,False,599,32,91.7195325542571,-4960.0,87.57929883138564,4.514015289406625,87.70967741935483,100.48,125,0,0.0,0.0,599,32,91.7195325542571,-4960.0,890,109.91011235955057,8820.0,59,5,129.15254237288136,1720.0,59,129.15254237288136,127,111.33858267716535,1440.0,147
GAP5_6__model_rank_band=6-8__l17_rank_band=<=10,GAP5_6,model_rank_band=6-8;l17_rank_band=<=10,False,393,12,95.39440203562341,-1810.0,84.27480916030534,11.656441717791411,87.67441860465117,112.3076923076923,91,0,0.0,0.0,393,12,95.39440203562341,-1810.0,684,117.5,11970.0,60,2,94.16666666666667,-350.0,60,94.16666666666667,128,95.078125,-630.0,148
GAP3_4__model_rank_band=11-15__l17_rank_band=<=10,GAP3_4,model_rank_band=11-15;l17_rank_band=<=10,False,573,13,93.94415357766142,-3470.0,81.53577661431065,13.208248188742337,87.65486725663717,107.5912408759124,137,0,0.0,0.0,573,13,93.94415357766142,-3470.0,864,111.93287037037037,10310.0,169,1,24.497041420118343,-12760.0,169,24.497041420118343,237,44.9789029535865,-13040.0,149
GAP3_4__field_size_band=15-16__market_rank_band=16-20,GAP3_4,field_size_band=15-16;market_rank_band=16-20,False,1466,29,97.8581173260573,-3140.0,91.53478854024557,6.461731493099122,87.16141001855287,113.54368932038835,412,0,0.0,0.0,1466,29,97.8581173260573,-3140.0,1757,106.05577689243027,10640.0,477,10,91.38364779874213,-4110.0,477,91.38364779874213,545,91.94495412844037,-4390.0,150
GAP5_6__l17_rank_band=21-30,GAP5_6,l17_rank_band=21-30,False,1453,34,102.66345492085341,3870.0,93.30350997935307,9.117114701347456,86.95024077046548,123.327239488117,283,0,0.0,0.0,1453,34,102.66345492085341,3870.0,1744,110.1204128440367,17650.0,228,5,64.16666666666667,-8170.0,228,64.16666666666667,296,71.45270270270271,-8450.0,151
GAP3_4__market_rank_band=<=10__l17_rank_band=11-20,GAP3_4,market_rank_band=<=10;l17_rank_band=11-20,False,1953,87,90.24065540194573,-19060.0,88.4331797235023,2.0029505220154333,86.65300546448087,93.81159420289855,531,0,0.0,0.0,1953,87,90.24065540194573,-19060.0,2244,97.6470588235294,-5280.0,405,15,74.29629629629629,-10410.0,405,74.29629629629629,473,77.39957716701903,-10690.0,152
GAP3_4__market_rank_band=<=10__l17_rank_band=41-60,GAP3_4,market_rank_band=<=10;l17_rank_band=41-60,False,140,7,93.0,-980.0,74.42857142857143,19.96927803379416,86.34146341463415,102.2,41,0,0.0,0.0,140,7,93.0,-980.0,431,129.6983758700696,12800.0,57,3,84.73684210526316,-870.0,57,84.73684210526316,125,90.8,-1150.0,153
GAP3_4__field_size_band=15-16__model_rank_band=1-3,GAP3_4,field_size_band=15-16;model_rank_band=1-3,False,1190,71,95.57142857142857,-5270.0,93.41176470588235,2.2597379759078517,86.18012422360249,104.46384039900249,322,0,0.0,0.0,1190,71,95.57142857142857,-5270.0,1481,105.74611748818366,8510.0,264,16,98.06818181818181,-510.0,264,98.06818181818181,332,97.62048192771084,-790.0,154
GAP3_4__model_rank_band=1-3__l17_rank_band=<=10,GAP3_4,model_rank_band=1-3;l17_rank_band=<=10,False,1809,116,91.04477611940298,-16200.0,89.71807628524047,1.4571948998178506,85.53273427471117,102.91220556745182,467,0,0.0,0.0,1809,116,91.04477611940298,-16200.0,2100,98.84761904761905,-2420.0,284,20,98.73239436619718,-360.0,284,98.73239436619718,352,98.18181818181819,-640.0,155
GAP3_4__odds_band=40-60,GAP3_4,odds_band=40-60,False,3162,63,90.54079696394687,-29910.0,88.70018975332069,2.0329036990464213,85.22506619593999,95.90163934426229,915,0,0.0,0.0,3162,63,90.54079696394687,-29910.0,3453,95.32869968143643,-16130.0,1007,21,97.61668321747766,-2400.0,1007,97.61668321747766,1075,97.50697674418605,-2680.0,156
GAP5P__odds_band=40-60__market_rank_band=21-25,GAP5P,odds_band=40-60;market_rank_band=21-25,False,980,18,97.81632653061224,-2140.0,91.79591836734694,6.154809096599207,84.609375,105.27027027027027,256,49,5.0,16.83848797250859,931,17,96.88506981740065,-2900.0,1222,108.90343698854338,10880.0,184,1,27.01086956521739,-13430.0,178,27.921348314606742,246,46.707317073170735,-13110.0,157
GAP5_6__field_size_band=<=12__l17_rank_band=21-30,GAP5_6,field_size_band=<=12;l17_rank_band=21-30,False,329,9,128.48024316109422,9370.0,87.14285714285714,32.17411876035013,84.55357142857143,170.37037037037038,54,0,0.0,0.0,329,9,128.48024316109422,9370.0,620,137.33870967741936,23150.0,39,1,68.71794871794872,-1220.0,39,68.71794871794872,107,85.98130841121495,-1500.0,158
GAP3_4__model_rank_band=4-5__l17_rank_band=<=10,GAP3_4,model_rank_band=4-5;l17_rank_band=<=10,False,1051,47,87.45956232159848,-13180.0,84.60513796384396,3.2637075718015667,84.48351648351648,91.89759036144578,264,0,0.0,0.0,1051,47,87.45956232159848,-13180.0,1342,100.44709388971684,600.0,164,7,84.26829268292683,-2580.0,164,84.26829268292683,232,87.67241379310344,-2860.0,159
GAP5P__market_rank_band=11-15__model_rank_band=4-5,GAP5P,market_rank_band=11-15;model_rank_band=4-5,False,974,28,90.57494866529774,-9180.0,86.10882956878851,4.930854681478123,84.42890442890443,103.97905759162303,191,0,0.0,0.0,974,28,90.57494866529774,-9180.0,1265,103.63636363636364,4600.0,95,4,123.26315789473684,2210.0,95,123.26315789473684,163,111.84049079754601,1930.0,160
GAP3_4__field_size_band=17+__market_rank_band=<=10,GAP3_4,field_size_band=17+;market_rank_band=<=10,False,454,20,90.66079295154185,-4240.0,83.94273127753304,7.410106899902818,84.41379310344827,93.71951219512195,145,0,0.0,0.0,454,20,90.66079295154185,-4240.0,745,112.80536912751678,9540.0,145,5,64.20689655172414,-5190.0,145,64.20689655172414,213,74.31924882629107,-5470.0,161
GAP5P__odds_band=20-40__model_rank_band=1-3,GAP5P,odds_band=20-40;model_rank_band=1-3,False,1222,39,93.00327332242226,-8550.0,89.77905073649754,3.4667839859216896,84.14538310412574,103.3890214797136,294,2,0.16366612111292964,0.6872852233676976,1220,39,93.15573770491804,-8350.0,1511,103.59364659166116,5430.0,175,6,87.31428571428572,-2220.0,173,88.32369942196532,241,90.45643153526972,-2300.0,162
GAP3_4__l17_rank_band=11-20,GAP3_4,l17_rank_band=11-20,False,4661,143,86.43853250375456,-63210.0,85.0268182793392,1.6332001290674873,84.09320606400898,90.58181818181818,1230,0,0.0,0.0,4661,143,86.43853250375456,-63210.0,4952,90.01817447495961,-49430.0,1135,27,64.6784140969163,-40090.0,1135,64.6784140969163,1203,66.44222776392353,-40370.0,163
GAP3_4__pair_worse_rank_band=<=6__market_rank_band=<=10,GAP3_4,pair_worse_rank_band=<=6;market_rank_band=<=10,False,3688,189,88.93980477223427,-40790.0,88.03687635574838,1.01521295082467,83.51117519826964,93.9089184060721,1054,0,0.0,0.0,3688,189,88.93980477223427,-40790.0,3979,93.21186227695401,-27010.0,680,38,94.75,-3570.0,680,94.75,748,94.8529411764706,-3850.0,164
GAP3_4__pair_worse_rank_band=7-10__market_rank_band=11-15,GAP3_4,pair_worse_rank_band=7-10;market_rank_band=11-15,False,2370,63,92.71729957805907,-17260.0,90.37974683544304,2.5211613725311732,83.03886925795052,99.12420382165605,628,0,0.0,0.0,2370,63,92.71729957805907,-17260.0,2661,98.69222096956031,-3480.0,538,7,45.24163568773234,-29460.0,538,45.24163568773234,606,50.92409240924093,-29740.0,165
GAP0_2__field_size_band=17+__l17_rank_band=<=10,GAP0_2,field_size_band=17+;l17_rank_band=<=10,False,768,57,97.9296875,-1590.0,93.85416666666667,4.1616806275761205,82.81368821292776,114.04332129963899,228,0,0.0,0.0,768,57,97.9296875,-1590.0,1059,111.51085930122757,12190.0,300,15,52.13333333333333,-14360.0,300,52.13333333333333,368,60.21739130434783,-14640.0,166
GAP3_4__odds_band=40-60__field_size_band=15-16,GAP3_4,odds_band=40-60;field_size_band=15-16,False,1483,32,97.74106540795684,-3350.0,93.81658799730276,4.015177647464643,82.65774378585085,106.14481409001957,449,0,0.0,0.0,1483,32,97.74106540795684,-3350.0,1774,105.8793686583991,10430.0,492,10,91.34146341463415,-4260.0,492,91.34146341463415,560,91.89285714285714,-4540.0,167
GAP3_4__pair_worse_rank_band=7-10__field_size_band=15-16,GAP3_4,pair_worse_rank_band=7-10;field_size_band=15-16,False,2181,61,94.53920220082532,-11910.0,91.52223750573131,3.191231388525147,82.59756097560975,105.93481989708405,583,0,0.0,0.0,2181,61,94.53920220082532,-11910.0,2472,100.75647249190939,1870.0,598,12,76.57190635451505,-14010.0,598,76.57190635451505,666,78.54354354354355,-14290.0,168
GAP10_14__odds_band=20-40__market_rank_band=16-20,GAP10_14,odds_band=20-40;market_rank_band=16-20,False,167,5,109.22155688622755,1540.0,85.62874251497006,21.600877192982455,82.34042553191489,182.16216216216216,37,0,0.0,0.0,167,5,109.22155688622755,1540.0,458,133.44978165938863,15320.0,10,0,0.0,-1000.0,10,0.0,78,83.58974358974359,-1280.0,169
GAP5P__model_rank_band=9-10,GAP5P,model_rank_band=9-10,False,1788,39,95.25167785234899,-8490.0,91.57718120805369,3.8576713052668663,82.24517906336088,107.07182320441989,338,51,2.8523489932885906,17.52577319587629,1737,37,91.03626943005182,-15570.0,2028,99.11735700197238,-1790.0,209,2,44.40191387559808,-11620.0,199,46.63316582914573,267,59.176029962546814,-10900.0,170
GAP0_2__model_rank_band=1-3__l17_rank_band=<=10,GAP0_2,model_rank_band=1-3;l17_rank_band=<=10,False,9397,1199,82.82004895179313,-161440.0,82.5348515483665,0.3443579266569013,82.04486345903771,83.82649842271293,3076,0,0.0,0.0,9397,1199,82.82004895179313,-161440.0,9688,84.75846407927332,-147660.0,3247,471,84.22235910070835,-51230.0,3247,84.22235910070835,3315,84.46153846153847,-51510.0,171
GAP7_9__market_rank_band=11-15,GAP7_9,market_rank_band=11-15,False,1316,37,91.19300911854103,-11590.0,88.06231003039514,3.433047246062828,81.83982683982684,115.16806722689076,238,0,0.0,0.0,1316,37,91.19300911854103,-11590.0,1607,101.3627878033603,2190.0,133,4,88.04511278195488,-1590.0,133,88.04511278195488,201,90.69651741293532,-1870.0,172
GAP3_4__field_size_band=<=12__model_rank_band=1-3,GAP3_4,field_size_band=<=12;model_rank_band=1-3,False,629,45,94.06995230524642,-3730.0,90.38155802861685,3.9209058644583403,81.2258064516129,108.79396984924622,155,0,0.0,0.0,629,45,94.06995230524642,-3730.0,920,110.92391304347827,10050.0,59,6,119.83050847457628,1170.0,59,119.83050847457628,127,107.00787401574803,890.0,173
GAP0_2__odds_band=<20__field_size_band=13-14,GAP0_2,odds_band=<20;field_size_band=13-14,False,1867,176,86.71665773968934,-24800.0,85.65077664702731,1.2291537986411365,81.21019108280255,89.671875,599,0,0.0,0.0,1867,176,86.71665773968934,-24800.0,2158,94.89341983317887,-11020.0,618,56,78.55987055016182,-13250.0,618,78.55987055016182,686,80.27696793002916,-13530.0,174
GAP0_2__field_size_band=<=12__distance_band=<=1400,GAP0_2,field_size_band=<=12;distance_band=<=1400,False,731,51,95.75923392612859,-3100.0,89.71272229822162,6.314285714285714,81.02127659574468,106.52542372881356,235,0,0.0,0.0,731,51,95.75923392612859,-3100.0,1022,110.45009784735812,10680.0,234,13,73.93162393162393,-6100.0,234,73.93162393162393,302,78.87417218543047,-6380.0,175
GAP0_2__field_size_band=17+__model_rank_band=1-3,GAP0_2,field_size_band=17+;model_rank_band=1-3,False,747,79,85.0334672021419,-11180.0,81.44578313253012,4.2191435768261965,80.99264705882354,92.56198347107438,233,0,0.0,0.0,747,79,85.0334672021419,-11180.0,1038,102.504816955684,2600.0,289,26,70.44982698961938,-8540.0,289,70.44982698961938,357,75.29411764705883,-8820.0,176
GAP0_2__field_size_band=13-14__distance_band=1401-1800,GAP0_2,field_size_band=13-14;distance_band=1401-1800,False,930,49,84.88172043010752,-14060.0,79.90322580645162,5.865214086648087,80.88888888888889,92.38993710691824,297,0,0.0,0.0,930,49,84.88172043010752,-14060.0,1221,99.77067977067978,-280.0,318,19,95.15723270440252,-1540.0,318,95.15723270440252,386,95.28497409326425,-1820.0,177
GAP5P__l17_rank_band=21-30,GAP5P,l17_rank_band=21-30,False,2625,52,88.10666666666667,-31220.0,82.92571428571429,5.88031822898651,80.69200779727096,100.83333333333333,480,40,1.5238095238095237,13.745704467353951,2585,52,89.47001934235976,-27220.0,2876,95.32684283727399,-13440.0,354,7,99.29378531073446,-250.0,349,82.03438395415473,417,84.29256594724221,-6550.0,178
GAP0_2__model_rank_band=1-3,GAP0_2,model_rank_band=1-3,False,9838,1182,82.63976417971132,-170790.0,82.36735108761944,0.3296392418297438,80.59372085794219,85.12239347234814,3217,0,0.0,0.0,9838,1182,82.63976417971132,-170790.0,10129,84.49896337249481,-157010.0,3362,446,78.8340273646639,-71160.0,3362,78.8340273646639,3430,79.17201166180757,-71440.0,179
GAP0_2__market_rank_band=<=10__model_rank_band=1-3,GAP0_2,market_rank_band=<=10;model_rank_band=1-3,False,9838,1182,82.63976417971132,-170790.0,82.36735108761944,0.3296392418297438,80.59372085794219,85.12239347234814,3217,0,0.0,0.0,9838,1182,82.63976417971132,-170790.0,10129,84.49896337249481,-157010.0,3362,446,78.8340273646639,-71160.0,3362,78.8340273646639,3430,79.17201166180757,-71440.0,180
GAP3_4__market_rank_band=11-15__l17_rank_band=<=10,GAP3_4,market_rank_band=11-15;l17_rank_band=<=10,False,1193,35,94.38390611902766,-6700.0,90.21793797150042,4.413854351687389,80.57203389830508,105.72207084468666,354,0,0.0,0.0,1193,35,94.38390611902766,-6700.0,1484,104.77088948787062,7080.0,279,6,72.61648745519713,-7640.0,279,72.61648745519713,347,77.1757925072046,-7920.0,181
GAP10P__odds_band=60-80__market_rank_band=21-25,GAP10P,odds_band=60-80;market_rank_band=21-25,False,427,6,89.78922716627635,-4360.0,72.10772833723654,19.69222743870631,80.41176470588235,131.95652173913044,46,45,10.53864168618267,15.463917525773196,382,6,100.36649214659685,140.0,673,120.68350668647845,13920.0,27,0,0.0,-2700.0,26,0.0,94,69.36170212765957,-2880.0,182
GAP3_4__odds_band=<20__model_rank_band=1-3,GAP3_4,odds_band=<20;model_rank_band=1-3,False,2283,140,85.9658344283837,-32040.0,85.09417433201928,1.0139610720472843,80.29100529100529,98.13333333333334,600,0,0.0,0.0,2283,140,85.9658344283837,-32040.0,2574,92.90598290598291,-18260.0,396,28,101.64141414141415,650.0,396,101.64141414141415,464,100.79741379310344,370.0,183
GAP10P__field_size_band=17+__market_rank_band=16-20,GAP10P,field_size_band=17+;market_rank_band=16-20,False,102,3,142.15686274509804,4300.0,77.74509803921569,45.310344827586206,80.19607843137256,384.0,10,0,0.0,0.0,102,3,142.15686274509804,4300.0,393,146.00508905852416,18080.0,12,1,398.3333333333333,3580.0,12,398.3333333333333,80,141.25,3300.0,184
GAP0_2__field_size_band=13-14__market_rank_band=<=10,GAP0_2,field_size_band=13-14;market_rank_band=<=10,False,1892,141,87.75898520084567,-23160.0,85.51797040169133,2.5536015417971574,80.12403100775194,101.69657422512235,613,0,0.0,0.0,1892,141,87.75898520084567,-23160.0,2183,95.70316078790655,-9380.0,625,34,66.288,-21070.0,625,66.288,693,69.1919191919192,-21350.0,185
GAP3_4__pair_worse_rank_band=7-10,GAP3_4,pair_worse_rank_band=7-10,False,4977,129,83.13441832429174,-83940.0,81.81233674904561,1.590293890177881,79.96174445294568,88.6594409583571,1307,0,0.0,0.0,4977,129,83.13441832429174,-83940.0,5268,86.68185269552012,-70160.0,1264,25,71.79588607594937,-35650.0,1264,71.79588607594937,1332,73.02552552552552,-35930.0,186
GAP0_2__odds_band=<20__model_rank_band=4-5,GAP0_2,odds_band=<20;model_rank_band=4-5,False,7002,423,81.32390745501286,-130770.0,81.03970294201656,0.3494722792968407,79.90091463414635,84.3490178163545,2189,0,0.0,0.0,7002,423,81.32390745501286,-130770.0,7293,83.95859042917867,-116990.0,2843,164,76.04642982764685,-68100.0,2843,76.04642982764685,2911,76.50979045001718,-68380.0,187
GAP0_2__odds_band=<20__model_rank_band=1-3,GAP0_2,odds_band=<20;model_rank_band=1-3,False,9808,1184,82.65293637846656,-170140.0,82.45004078303425,0.24547899242592455,79.62258265751716,84.84986351228389,3206,0,0.0,0.0,9808,1184,82.65293637846656,-170140.0,10099,84.51727893850877,-156360.0,3352,447,79.10501193317423,-70040.0,3352,79.10501193317423,3420,79.43859649122807,-70320.0,188
GAP0_2__field_size_band=15-16__model_rank_band=1-3,GAP0_2,field_size_band=15-16;model_rank_band=1-3,False,3943,412,85.29799644940401,-57970.0,84.74511793050976,0.6481729254006482,79.6127562642369,92.61199696279422,1309,0,0.0,0.0,3943,412,85.29799644940401,-57970.0,4234,89.56306093528578,-44190.0,1425,159,77.41052631578947,-32190.0,1425,77.41052631578947,1493,78.25184192900201,-32470.0,189
GAP3_4__model_rank_band=4-5,GAP3_4,model_rank_band=4-5,False,2044,86,84.27592954990216,-32140.0,82.79843444227006,1.7531638221293393,79.44196428571429,94.13306451612904,496,0,0.0,0.0,2044,86,84.27592954990216,-32140.0,2335,92.13704496788009,-18360.0,344,13,72.52906976744185,-9450.0,344,72.52906976744185,412,76.38349514563107,-9730.0,190
GAP3_4__market_rank_band=<=10__model_rank_band=4-5,GAP3_4,market_rank_band=<=10;model_rank_band=4-5,False,2044,86,84.27592954990216,-32140.0,82.79843444227006,1.7531638221293393,79.44196428571429,94.13306451612904,496,0,0.0,0.0,2044,86,84.27592954990216,-32140.0,2335,92.13704496788009,-18360.0,344,13,72.52906976744185,-9450.0,344,72.52906976744185,412,76.38349514563107,-9730.0,191
GAP0_2__odds_band=<20__field_size_band=<=12,GAP0_2,odds_band=<20;field_size_band=<=12,False,3380,393,86.40828402366864,-45940.0,85.82544378698225,0.6745189344655208,79.40663176265271,97.49568221070811,1076,0,0.0,0.0,3380,393,86.40828402366864,-45940.0,3671,91.23944429310815,-32160.0,1040,148,95.49038461538461,-4690.0,1040,95.49038461538461,1108,95.514440433213,-4970.0,192
GAP3_4__field_size_band=15-16__model_rank_band=11-15,GAP3_4,field_size_band=15-16;model_rank_band=11-15,False,1914,35,87.25182863113898,-24400.0,82.4085684430512,5.550898203592815,79.33143669985775,95.30841121495327,535,0,0.0,0.0,1914,35,87.25182863113898,-24400.0,2205,95.18367346938776,-10620.0,595,13,94.73949579831933,-3130.0,595,94.73949579831933,663,94.85671191553544,-3410.0,193
GAP5P__model_rank_band=1-3,GAP5P,model_rank_band=1-3,False,1764,60,91.60430839002268,-14810.0,88.39569160997732,3.5026919982672196,78.95734597156398,107.60975609756098,410,42,2.380952380952381,14.43298969072165,1722,57,85.34843205574913,-25230.0,2013,94.31197218082464,-11450.0,244,10,86.76229508196721,-3230.0,239,88.57740585774059,307,90.19543973941369,-3010.0,194
GAP3_4__l17_rank_band=<=10,GAP3_4,l17_rank_band=<=10,False,4174,183,83.81169142309535,-67570.0,82.62098706276953,1.4206900494525914,78.9520766773163,95.94227504244482,1178,0,0.0,0.0,4174,183,83.81169142309535,-67570.0,4465,87.95296752519597,-53790.0,827,30,69.8428053204353,-24940.0,827,69.8428053204353,895,71.82122905027933,-25220.0,195
GAP3_4__odds_band=40-60__model_rank_band=11-15,GAP3_4,odds_band=40-60;model_rank_band=11-15,False,2651,49,84.9415314975481,-39920.0,82.74613353451528,2.5845989874766855,78.83771929824562,88.95633652822151,800,0,0.0,0.0,2651,49,84.9415314975481,-39920.0,2942,91.1148878314072,-26140.0,930,21,107.39784946236558,6880.0,930,107.39784946236558,998,106.6132264529058,6600.0,196
GAP0_2__market_rank_band=<=10__l17_rank_band=<=10,GAP0_2,market_rank_band=<=10;l17_rank_band=<=10,False,9898,848,79.09173570418267,-206950.0,78.66336633663366,0.5416107811202657,78.64305013509457,79.85988425220835,3283,0,0.0,0.0,9898,848,79.09173570418267,-206950.0,10189,81.04131906958484,-193170.0,3384,307,75.596926713948,-82580.0,3384,75.596926713948,3452,75.9965237543453,-82860.0,197
GAP5_6__market_rank_band=11-15__l17_rank_band=<=10,GAP5_6,market_rank_band=11-15;l17_rank_band=<=10,False,580,17,96.13793103448276,-2240.0,88.58620689655173,7.855093256814921,78.49246231155779,107.19367588932806,128,0,0.0,0.0,580,17,96.13793103448276,-2240.0,871,113.24913892078071,11540.0,86,2,65.69767441860465,-2950.0,86,65.69767441860465,154,79.02597402597402,-3230.0,198
GAP7_9__model_rank_band=1-3__l17_rank_band=21-30,GAP7_9,model_rank_band=1-3;l17_rank_band=21-30,False,87,4,138.73563218390805,3370.0,100.91954022988506,27.257663628831814,78.33333333333333,243.47826086956522,22,0,0.0,0.0,87,4,138.73563218390805,3370.0,378,145.37037037037038,17150.0,13,0,0.0,-1300.0,13,0.0,81,80.49382716049382,-1580.0,199
GAP3_4__market_rank_band=<=10,GAP3_4,market_rank_band=<=10,False,5159,239,83.42508238030626,-85510.0,82.77960845125024,0.7737168614512419,78.1216361679225,87.30048577376822,1441,0,0.0,0.0,5159,239,83.42508238030626,-85510.0,5450,86.83853211009175,-71730.0,1008,45,76.17063492063492,-24020.0,1008,76.17063492063492,1076,77.41635687732342,-24300.0,200
GAP0_2__pair_worse_rank_band=7-10__field_size_band=<=12,GAP0_2,pair_worse_rank_band=7-10;field_size_band=<=12,False,2785,96,84.11849192100539,-44230.0,82.0359066427289,2.4757758142314423,78.08584686774942,90.50646551724138,862,0,0.0,0.0,2785,96,84.11849192100539,-44230.0,3076,90.10078023407021,-30450.0,897,22,60.20066889632107,-35700.0,897,60.20066889632107,965,62.715025906735754,-35980.0,201
GAP0_2__pair_worse_rank_band=<=6__field_size_band=17+,GAP0_2,pair_worse_rank_band=<=6;field_size_band=17+,False,783,48,87.0242656449553,-10160.0,83.06513409961686,4.549457000293513,77.97413793103448,95.0354609929078,232,0,0.0,0.0,783,48,87.0242656449553,-10160.0,1074,103.3705772811918,3620.0,305,14,67.57377049180327,-9890.0,305,67.57377049180327,373,72.73458445040214,-10170.0,202
GAP7_9__pair_worse_rank_band=7-10__field_size_band=17+,GAP7_9,pair_worse_rank_band=7-10;field_size_band=17+,False,259,7,86.83397683397683,-3410.0,71.46718146718146,17.696754112939082,77.91666666666667,104.90566037735849,53,0,0.0,0.0,259,7,86.83397683397683,-3410.0,550,118.85454545454546,10370.0,32,1,133.125,1060.0,32,133.125,100,107.8,780.0,203
GAP3_4__field_size_band=15-16__market_rank_band=<=10,GAP3_4,field_size_band=15-16;market_rank_band=<=10,False,2280,105,87.81140350877193,-27790.0,86.35087719298245,1.663253583737076,77.91519434628975,99.09669211195929,645,0,0.0,0.0,2280,105,87.81140350877193,-27790.0,2571,94.55075845974329,-14010.0,516,20,70.50387596899225,-15220.0,516,70.50387596899225,584,73.45890410958904,-15500.0,204
GAP5_6__odds_band=60-80__model_rank_band=11-15,GAP5_6,odds_band=60-80;model_rank_band=11-15,False,550,8,95.67272727272727,-2380.0,82.9090909090909,13.340935005701255,77.8988326848249,121.41509433962264,81,0,0.0,0.0,550,8,95.67272727272727,-2380.0,841,113.55529131985732,11400.0,60,1,109.33333333333333,560.0,60,109.33333333333333,128,102.1875,280.0,205
GAP3_4__market_rank_band=<=10__l17_rank_band=<=10,GAP3_4,market_rank_band=<=10;l17_rank_band=<=10,False,3179,158,81.49732620320856,-58820.0,80.44982698961938,1.285317276516906,77.78982485404504,89.33025404157044,866,0,0.0,0.0,3179,158,81.49732620320856,-58820.0,3470,87.02017291066282,-45040.0,533,25,73.80863039399625,-13960.0,533,73.80863039399625,601,76.30615640599002,-14240.0,206
GAP0_2__model_rank_band=4-5,GAP0_2,model_rank_band=4-5,False,7610,441,81.88042049934297,-137890.0,81.4664914586071,0.5055287188457896,77.7745544964774,86.2997159090909,2381,0,0.0,0.0,7610,441,81.88042049934297,-137890.0,7901,84.29186178964687,-124110.0,3072,171,75.9375,-73920.0,3072,75.9375,3140,76.36942675159236,-74200.0,207
GAP0_2__market_rank_band=<=10__model_rank_band=4-5,GAP0_2,market_rank_band=<=10;model_rank_band=4-5,False,7610,441,81.88042049934297,-137890.0,81.4664914586071,0.5055287188457896,77.7745544964774,86.2997159090909,2381,0,0.0,0.0,7610,441,81.88042049934297,-137890.0,7901,84.29186178964687,-124110.0,3072,171,75.9375,-73920.0,3072,75.9375,3140,76.36942675159236,-74200.0,208
GAP3_4__field_size_band=15-16__market_rank_band=11-15,GAP3_4,field_size_band=15-16;market_rank_band=11-15,False,1927,51,89.05552672548002,-21090.0,86.18059159314997,3.2282501019754095,77.74687065368568,102.98937784522003,549,0,0.0,0.0,1927,51,89.05552672548002,-21090.0,2218,96.70423805229937,-7310.0,523,9,57.20841300191205,-22380.0,523,57.20841300191205,591,61.65820642978004,-22660.0,209
GAP3_4__model_rank_band=1-3__l17_rank_band=11-20,GAP3_4,model_rank_band=1-3;l17_rank_band=11-20,False,624,38,97.75641025641026,-1400.0,94.0224358974359,3.819672131147541,77.73148148148148,116.21004566210046,189,0,0.0,0.0,624,38,97.75641025641026,-1400.0,915,113.53005464480874,12380.0,154,8,91.49350649350649,-1310.0,154,91.49350649350649,222,92.83783783783784,-1590.0,210
GAP0_2__pair_worse_rank_band=<=6__market_rank_band=<=10,GAP0_2,pair_worse_rank_band=<=6;market_rank_band=<=10,False,10016,825,81.72024760383387,-183090.0,81.2969249201278,0.5180144408742715,77.72193800782425,88.54383358098069,3323,0,0.0,0.0,10016,825,81.72024760383387,-183090.0,10307,83.57329969923353,-169310.0,3402,275,72.6601998824221,-93010.0,3402,72.6601998824221,3470,73.11527377521614,-93290.0,211
GAP3_4__field_size_band=15-16,GAP3_4,field_size_band=15-16,False,3501,118,88.67466438160525,-39650.0,86.02684947157955,2.9859880818167177,77.72182254196643,102.34404536862004,1058,0,0.0,0.0,3501,118,88.67466438160525,-39650.0,3792,93.17774261603375,-25870.0,1014,25,70.81854043392505,-29590.0,1014,70.81854043392505,1082,72.39371534195934,-29870.0,212
GAP3_4__odds_band=20-40__market_rank_band=11-15,GAP3_4,odds_band=20-40;market_rank_band=11-15,False,3259,93,85.8729671678429,-46040.0,84.70389690088984,1.3613949832058887,77.64510779436152,90.97791798107255,951,0,0.0,0.0,3259,93,85.8729671678429,-46040.0,3550,90.91267605633803,-32260.0,808,12,43.14356435643565,-45940.0,808,43.14356435643565,876,47.23744292237443,-46220.0,213
GAP5_6__odds_band=60-80,GAP5_6,odds_band=60-80,False,568,8,92.64084507042253,-4180.0,80.28169014084507,13.340935005701255,77.59689922480621,113.3920704845815,83,0,0.0,0.0,568,8,92.64084507042253,-4180.0,859,111.17578579743888,9600.0,61,1,107.54098360655738,460.0,61,107.54098360655738,129,101.3953488372093,180.0,214
GAP3_4__field_size_band=15-16__model_rank_band=4-5,GAP3_4,field_size_band=15-16;model_rank_band=4-5,False,903,33,80.35437430786268,-17740.0,77.03211517165006,4.134509371554575,77.50798722044729,83.5195530726257,232,0,0.0,0.0,903,33,80.35437430786268,-17740.0,1194,96.68341708542714,-3960.0,174,3,38.2183908045977,-10750.0,174,38.2183908045977,242,54.421487603305785,-11030.0,215
GAP0_2__field_size_band=15-16__distance_band=1401-1800,GAP0_2,field_size_band=15-16;distance_band=1401-1800,False,1725,93,79.50144927536232,-35360.0,76.7304347826087,3.485489281026688,77.38675958188153,80.64400715563507,559,0,0.0,0.0,1725,93,79.50144927536232,-35360.0,2016,89.29563492063492,-21580.0,611,27,67.57774140752865,-19810.0,611,67.57774140752865,679,70.41237113402062,-20090.0,216
GAP0_2__model_rank_band=4-5__l17_rank_band=<=10,GAP0_2,model_rank_band=4-5;l17_rank_band=<=10,False,6085,370,82.38455217748562,-107190.0,81.88167625308135,0.6104007500349086,77.2664907651715,86.21158911325725,1895,0,0.0,0.0,6085,370,82.38455217748562,-107190.0,6376,85.34974905897114,-93410.0,2464,130,68.87175324675324,-76700.0,2464,68.87175324675324,2532,69.59715639810426,-76980.0,217
GAP5P__odds_band=40-60,GAP5P,odds_band=40-60,False,3546,62,83.82966723068246,-57340.0,82.1404399323181,2.015070981632241,77.26086956521739,89.27960927960928,819,99,2.7918781725888326,34.02061855670103,3447,58,80.26689875253844,-68020.0,3738,85.48956661316213,-54240.0,664,9,65.75301204819277,-22740.0,650,67.16923076923077,718,69.88857938718662,-21620.0,218
GAP0_2__field_size_band=<=12__model_rank_band=1-3,GAP0_2,field_size_band=<=12;model_rank_band=1-3,False,3329,493,81.00931210573746,-63220.0,80.49564433763894,0.6340848412933847,77.25023786869647,86.26527050610821,1051,0,0.0,0.0,3329,493,81.00931210573746,-63220.0,3620,86.34254143646409,-49440.0,1036,192,87.6930501930502,-12750.0,1036,87.6930501930502,1104,88.19746376811594,-13030.0,219
GAP5P__market_rank_band=11-15__model_rank_band=1-3,GAP5P,market_rank_band=11-15;model_rank_band=1-3,False,458,15,104.47598253275109,2050.0,94.89082969432314,9.174503657262278,77.24489795918367,138.1578947368421,98,0,0.0,0.0,458,15,104.47598253275109,2050.0,749,121.13484646194927,15830.0,52,2,122.3076923076923,1160.0,52,122.3076923076923,120,107.33333333333333,880.0,220
GAP0_2__pair_worse_rank_band=<=6,GAP0_2,pair_worse_rank_band=<=6,False,10143,669,79.86887508626639,-204190.0,79.10381543921916,0.9578946069052351,77.23076923076923,83.57651245551601,3372,0,0.0,0.0,10143,669,79.86887508626639,-204190.0,10434,81.7510063254744,-190410.0,3422,220,71.92577440093513,-96070.0,3422,71.92577440093513,3490,72.39255014326648,-96350.0,221
GAP3_4__model_rank_band=11-15,GAP3_4,model_rank_band=11-15,False,4359,76,78.65106675843083,-93060.0,76.5244322092223,2.703885194259713,77.22929936305732,81.43222506393862,1173,0,0.0,0.0,4359,76,78.65106675843083,-93060.0,4650,82.9505376344086,-79280.0,1237,27,100.46079223928861,570.0,1237,100.46079223928861,1305,100.22222222222223,290.0,222
GAP3_4__odds_band=<20__field_size_band=<=12,GAP3_4,odds_band=<20;field_size_band=<=12,False,944,57,81.84322033898304,-17140.0,79.78813559322033,2.511001812063163,76.9047619047619,85.66371681415929,252,0,0.0,0.0,944,57,81.84322033898304,-17140.0,1235,97.27935222672065,-3360.0,103,10,121.45631067961165,2210.0,103,121.45631067961165,171,111.28654970760233,1930.0,223
GAP0_2__odds_band=<20__market_rank_band=<=10,GAP0_2,odds_band=<20;market_rank_band=<=10,False,10037,978,83.1254358872173,-169370.0,82.92716947295008,0.23851473637529513,76.87273823884198,87.05322628605411,3316,0,0.0,0.0,10037,978,83.1254358872173,-169370.0,10328,84.93512780790086,-155590.0,3393,364,83.51311523725317,-55940.0,3393,83.51311523725317,3461,83.75613984397573,-56220.0,224
GAP0_2__odds_band=<20,GAP0_2,odds_band=<20,False,10037,976,82.91919896383382,-171440.0,82.7209325495666,0.23910797106673395,76.87273823884198,86.43770443056795,3316,0,0.0,0.0,10037,976,82.91919896383382,-171440.0,10328,84.73470178156468,-157660.0,3393,364,83.51311523725317,-55940.0,3393,83.51311523725317,3461,83.75613984397573,-56220.0,225
GAP3_4__market_rank_band=11-15,GAP3_4,market_rank_band=11-15,False,4485,118,87.52508361204013,-55950.0,86.1226309921962,1.6023436504903834,76.64848484848486,96.05015673981191,1276,0,0.0,0.0,4485,118,87.52508361204013,-55950.0,4776,91.17043551088777,-42170.0,1081,17,52.913968547641076,-50900.0,1081,52.913968547641076,1149,55.45691906005222,-51180.0,226
GAP5P__market_rank_band=16-20__l17_rank_band=11-20,GAP5P,market_rank_band=16-20;l17_rank_band=11-20,False,1341,23,84.41461595824012,-20900.0,79.35868754660702,5.989399293286219,76.56565656565657,85.98591549295774,198,4,0.29828486204325133,1.3745704467353952,1337,23,84.66716529543754,-20500.0,1628,95.87223587223588,-6720.0,193,3,98.18652849740933,-350.0,193,98.18652849740933,261,97.58620689655173,-630.0,227
GAP3_4__model_rank_band=4-5__l17_rank_band=11-20,GAP3_4,model_rank_band=4-5;l17_rank_band=11-20,False,703,30,85.66145092460881,-10080.0,81.3655761024182,5.014945200929923,76.55737704918033,103.625,160,0,0.0,0.0,703,30,85.66145092460881,-10080.0,994,103.72233400402415,3700.0,117,4,63.58974358974359,-4260.0,117,63.58974358974359,185,75.45945945945945,-4540.0,228
GAP0_2__field_size_band=<=12__model_rank_band=4-5,GAP0_2,field_size_band=<=12;model_rank_band=4-5,False,2733,204,93.69557263080864,-17230.0,92.71862422246616,1.0426836411918616,76.51532349602724,102.58413461538461,832,0,0.0,0.0,2733,204,93.69557263080864,-17230.0,3024,98.85912698412699,-3450.0,980,64,78.54081632653062,-21030.0,980,78.54081632653062,1048,79.66603053435115,-21310.0,229
GAP0_2__odds_band=20-40__market_rank_band=16-20,GAP0_2,odds_band=20-40;market_rank_band=16-20,False,435,11,88.94252873563218,-4810.0,79.97701149425288,10.08012406306539,76.42335766423358,106.98113207547169,137,0,0.0,0.0,435,11,88.94252873563218,-4810.0,726,112.35537190082644,8970.0,175,4,78.28571428571429,-3800.0,175,78.28571428571429,243,83.20987654320987,-4080.0,230
GAP0_2__field_size_band=13-14,GAP0_2,field_size_band=13-14,False,1907,96,81.32144729942318,-35620.0,78.89355007865758,2.985555842145989,76.26623376623377,89.890625,616,0,0.0,0.0,1907,96,81.32144729942318,-35620.0,2198,90.06369426751593,-21840.0,625,29,72.192,-17380.0,625,72.192,693,74.51659451659452,-17660.0,231
GAP3_4__field_size_band=13-14__market_rank_band=11-15,GAP3_4,field_size_band=13-14;market_rank_band=11-15,False,888,23,86.12612612612612,-12320.0,80.6981981981982,6.302301255230126,76.24584717607974,95.44061302681992,261,0,0.0,0.0,888,23,86.12612612612612,-12320.0,1179,101.23833757421544,1460.0,211,1,11.421800947867299,-18690.0,211,11.421800947867299,279,32.007168458781365,-18970.0,232
GAP5P__model_rank_band=11-15__l17_rank_band=11-20,GAP5P,model_rank_band=11-15;l17_rank_band=11-20,False,1392,22,84.3103448275862,-21840.0,79.4396551724138,5.777096114519427,76.16580310880829,101.55555555555556,270,13,0.9339080459770115,4.4673539518900345,1379,22,85.10514865844814,-20540.0,1670,95.95209580838323,-6760.0,233,3,81.3304721030043,-4350.0,231,82.03463203463204,299,85.18394648829431,-4430.0,233
GAP3_4__distance_band=1801-2200,GAP3_4,distance_band=1801-2200,False,1181,46,91.45639288738357,-10090.0,86.13039796782388,5.823534857883529,76.07981220657277,116.9139465875371,337,0,0.0,0.0,1181,46,91.45639288738357,-10090.0,1472,102.50679347826087,3690.0,294,12,111.08843537414965,3260.0,294,111.08843537414965,362,108.23204419889503,2980.0,234
GAP5P__odds_band=20-40__market_rank_band=11-15,GAP5P,odds_band=20-40;market_rank_band=11-15,False,2851,76,83.76709926341634,-46280.0,82.37109786039986,1.6665270915333723,75.97173144876325,89.11858974358974,624,0,0.0,0.0,2851,76,83.76709926341634,-46280.0,3142,89.65626989178867,-32500.0,382,12,94.58115183246073,-2070.0,382,94.58115183246073,450,94.77777777777777,-2350.0,235
GAP3_4__field_size_band=13-14__model_rank_band=9-10,GAP3_4,field_size_band=13-14;model_rank_band=9-10,False,421,10,79.69121140142518,-8550.0,68.24228028503563,14.36661698956781,75.92592592592592,85.09677419354838,108,0,0.0,0.0,421,10,79.69121140142518,-8550.0,712,107.34550561797752,5230.0,84,0,0.0,-8400.0,84,0.0,152,42.89473684210526,-8680.0,236
GAP0_2__field_size_band=13-14__surface=TURF,GAP0_2,field_size_band=13-14;surface=TURF,False,929,45,84.10118406889129,-14770.0,79.1173304628633,5.9260207346729805,75.71884984025559,97.11598746081505,297,0,0.0,0.0,929,45,84.10118406889129,-14770.0,1220,99.18852459016394,-990.0,295,13,57.69491525423729,-12480.0,295,57.69491525423729,363,64.84848484848484,-12760.0,237
GAP0_2__model_rank_band=1-3__l17_rank_band=11-20,GAP0_2,model_rank_band=1-3;l17_rank_band=11-20,False,1489,130,91.12827400940229,-13210.0,89.7918065815984,1.4665782297884884,75.65957446808511,106.18625277161863,451,0,0.0,0.0,1489,130,91.12827400940229,-13210.0,1780,100.32022471910112,570.0,583,38,64.20240137221269,-20870.0,583,64.20240137221269,651,67.51152073732719,-21150.0,238
GAP0_2__market_rank_band=<=10,GAP0_2,market_rank_band=<=10,False,10268,736,80.56680950525906,-199540.0,80.15387611998442,0.5125353576868216,75.58969856599356,87.38192419825073,3417,0,0.0,0.0,10268,736,80.56680950525906,-199540.0,10559,82.40742494554408,-185760.0,3445,235,73.9245283018868,-89830.0,3445,73.9245283018868,3513,74.3495587816681,-90110.0,239
GAP10P__field_size_band=15-16__surface=DIRT,GAP10P,field_size_band=15-16;surface=DIRT,False,636,13,101.30503144654088,830.0,88.16037735849056,12.97532205494335,75.51330798479087,152.88590604026845,149,159,25.0,54.63917525773196,477,8,77.79874213836477,-10590.0,768,104.15364583333333,3190.0,108,1,60.370370370370374,-4280.0,66,0.0,134,48.656716417910445,-6880.0,240
GAP3_4__field_size_band=13-14__market_rank_band=<=10,GAP3_4,field_size_band=13-14;market_rank_band=<=10,False,982,50,94.14460285132382,-5750.0,91.19144602851324,3.136830719307734,75.50432276657061,125.16363636363636,275,0,0.0,0.0,982,50,94.14460285132382,-5750.0,1273,106.30793401413983,8030.0,174,9,94.25287356321839,-1000.0,174,94.25287356321839,242,94.7107438016529,-1280.0,241
GAP0_2__field_size_band=13-14__surface=DIRT,GAP0_2,field_size_band=13-14;surface=DIRT,False,953,51,80.74501573976914,-18350.0,76.79958027282267,4.8862897985705,75.41666666666667,85.64516129032258,310,0,0.0,0.0,953,51,80.74501573976914,-18350.0,1244,96.32636655948554,-4570.0,313,14,80.12779552715655,-6220.0,313,80.12779552715655,381,82.93963254593176,-6500.0,242
GAP3_4__odds_band=<20__market_rank_band=<=10,GAP3_4,odds_band=<20;market_rank_band=<=10,False,2905,166,83.11531841652324,-49050.0,82.4302925989673,0.8241872023193207,75.366568914956,91.52652005174645,773,0,0.0,0.0,2905,166,83.11531841652324,-49050.0,3196,88.96433041301627,-35270.0,508,34,97.16535433070867,-1440.0,508,97.16535433070867,576,97.01388888888889,-1720.0,243
GAP7_9__distance_band=1801-2200,GAP7_9,distance_band=1801-2200,False,400,11,100.975,390.0,85.775,15.053230997771726,75.36585365853658,189.58904109589042,73,0,0.0,0.0,400,11,100.975,390.0,691,120.50651230101302,14170.0,65,3,173.07692307692307,4750.0,65,173.07692307692307,133,133.60902255639098,4470.0,244
GAP3_4__field_size_band=13-14__l17_rank_band=11-20,GAP3_4,field_size_band=13-14;l17_rank_band=11-20,False,917,30,90.22900763358778,-8960.0,84.97273718647764,5.82547739908146,75.33333333333333,117.51004016064257,249,0,0.0,0.0,917,30,90.22900763358778,-8960.0,1208,103.99006622516556,4820.0,203,5,64.72906403940887,-7160.0,203,64.72906403940887,271,72.54612546125462,-7440.0,245
GAP5P__surface=DIRT__distance_band=<=1400,GAP5P,surface=DIRT;distance_band=<=1400,False,1482,28,86.60593792172739,-19850.0,80.96491228070175,6.513439813011297,75.2640545144804,112.83667621776505,349,83,5.600539811066127,28.522336769759452,1399,24,76.4760543245175,-32910.0,1690,88.68047337278107,-19130.0,291,3,35.4639175257732,-18780.0,266,38.796992481203006,334,50.41916167664671,-16560.0,246
GAP3_4__odds_band=<20,GAP3_4,odds_band=<20,False,2914,166,82.85861358956761,-49950.0,82.17570350034318,0.8241872023193207,75.21951219512195,91.05534105534106,777,0,0.0,0.0,2914,166,82.85861358956761,-49950.0,3205,88.7145085803432,-36170.0,511,34,96.59491193737769,-1740.0,511,96.59491193737769,579,96.51122625215889,-2020.0,247
GAP3_4__field_size_band=17+__l17_rank_band=21-30,GAP3_4,field_size_band=17+;l17_rank_band=21-30,False,245,6,84.3265306122449,-3840.0,66.73469387755102,20.86156824782188,75.0632911392405,103.41772151898734,79,0,0.0,0.0,245,6,84.3265306122449,-3840.0,536,118.54477611940298,9940.0,72,1,61.94444444444444,-2740.0,72,61.94444444444444,140,78.42857142857143,-3020.0,248
GAP15_24__odds_band=60-80,GAP15_24,odds_band=60-80,False,305,5,110.0327868852459,3060.0,85.27868852459017,22.497020262216925,75.06172839506173,127.36842105263158,81,147,48.19672131147541,50.51546391752577,158,3,130.37974683544303,4800.0,449,141.38084632516703,18580.0,58,1,112.41379310344827,720.0,33,0.0,101,64.55445544554455,-3580.0,249
GAP0_2__pair_worse_rank_band=7-10,GAP0_2,pair_worse_rank_band=7-10,False,8513,290,81.66921179372724,-156050.0,80.95735933278515,0.8716289104638619,74.95152123035774,87.2463768115942,2760,0,0.0,0.0,8513,290,81.66921179372724,-156050.0,8804,83.84029986369832,-142270.0,3104,96,73.09278350515464,-83520.0,3104,73.09278350515464,3172,73.5813366960908,-83800.0,250
GAP0_2__odds_band=20-40__field_size_band=17+,GAP0_2,odds_band=20-40;field_size_band=17+,False,768,24,80.16927083333333,-15230.0,75.72916666666667,5.538411564073412,74.93333333333334,84.37722419928825,225,0,0.0,0.0,768,24,80.16927083333333,-15230.0,1059,98.63078375826251,-1450.0,307,10,81.00977198697069,-5830.0,307,81.00977198697069,375,83.70666666666666,-6110.0,251
GAP5_6__field_size_band=13-14__market_rank_band=16-20,GAP5_6,field_size_band=13-14;market_rank_band=16-20,False,461,8,83.7527114967462,-7490.0,68.52494577006507,18.181818181818183,74.90196078431373,90.0,102,0,0.0,0.0,461,8,83.7527114967462,-7490.0,752,108.36436170212765,6290.0,86,2,136.62790697674419,3150.0,86,136.62790697674419,154,118.63636363636364,2870.0,252
GAP0_2__l17_rank_band=<=10,GAP0_2,l17_rank_band=<=10,False,10032,749,77.05442583732058,-230190.0,76.45833333333333,0.7735993066066416,74.8692033293698,78.78151260504201,3332,0,0.0,0.0,10032,749,77.05442583732058,-230190.0,10323,79.03613290710065,-216410.0,3410,284,79.46627565982405,-70020.0,3410,79.46627565982405,3478,79.7872340425532,-70300.0,253
GAP10P__field_size_band=15-16__distance_band=<=1400,GAP10P,field_size_band=15-16;distance_band=<=1400,False,527,10,104.45920303605313,2350.0,88.59582542694497,15.186194368755677,74.75336322869956,144.97206703910615,125,147,27.893738140417458,50.51546391752577,380,5,72.28947368421052,-10530.0,671,104.84351713859911,3250.0,99,0,0.0,-9900.0,62,0.0,130,50.15384615384615,-6480.0,254
GAP5P__l17_rank_band=11-20,GAP5P,l17_rank_band=11-20,False,3435,80,85.03056768558952,-51420.0,82.83260553129548,2.5849082443166256,74.60118168389955,103.0028328611898,706,39,1.1353711790393013,13.402061855670103,3396,80,86.00706713780919,-47520.0,3687,90.84892866829401,-33740.0,465,8,69.72043010752688,-14080.0,461,70.32537960954447,529,73.61058601134215,-13960.0,255
GAP3_4__field_size_band=15-16__l17_rank_band=<=10,GAP3_4,field_size_band=15-16;l17_rank_band=<=10,False,1834,78,85.28898582333697,-26980.0,82.96619411123228,2.7234369006520907,74.54415954415954,100.07648183556405,523,0,0.0,0.0,1834,78,85.28898582333697,-26980.0,2125,93.78823529411764,-13200.0,418,16,81.86602870813397,-7580.0,418,81.86602870813397,486,83.82716049382717,-7860.0,256
GAP3_4__field_size_band=17+__l17_rank_band=<=10,GAP3_4,field_size_band=17+;l17_rank_band=<=10,False,344,15,87.15116279069767,-4420.0,76.8313953488372,11.841227484989993,74.50980392156863,103.88489208633094,102,0,0.0,0.0,344,15,87.15116279069767,-4420.0,635,114.74015748031496,9360.0,106,5,101.60377358490567,170.0,106,101.60377358490567,174,99.36781609195403,-110.0,257
GAP5P__odds_band=20-40__model_rank_band=11-15,GAP5P,odds_band=20-40;model_rank_band=11-15,False,284,8,103.66197183098592,1040.0,89.78873239436619,13.383152173913043,74.4,121.69491525423729,66,0,0.0,0.0,284,8,103.66197183098592,1040.0,575,125.77391304347826,14820.0,45,0,0.0,-4500.0,45,0.0,113,57.69911504424779,-4780.0,258
GAP5P__market_rank_band=21-25__l17_rank_band=31-40,GAP5P,market_rank_band=21-25;l17_rank_band=31-40,False,442,7,91.53846153846153,-3740.0,76.47058823529412,16.460701927829955,74.31372549019608,106.80952380952381,79,19,4.298642533936651,6.529209621993127,423,6,82.26950354609929,-7500.0,714,108.79551820728291,6280.0,52,0,0.0,-5200.0,51,0.0,119,54.78991596638655,-5380.0,259
GAP3_4__field_size_band=15-16__surface=DIRT,GAP3_4,field_size_band=15-16;surface=DIRT,False,2379,88,97.1416561580496,-6800.0,93.24506094997898,4.011250540891389,74.30379746835443,120.62059238363892,709,0,0.0,0.0,2379,88,97.1416561580496,-6800.0,2670,102.61423220973782,6980.0,676,15,67.36686390532545,-22060.0,676,67.36686390532545,744,69.97311827956989,-22340.0,260
GAP10_14__odds_band=20-40__field_size_band=13-14,GAP10_14,odds_band=20-40;field_size_band=13-14,False,92,4,145.1086956521739,4150.0,102.28260869565217,29.51310861423221,74.21052631578948,211.94444444444446,18,0,0.0,0.0,92,4,145.1086956521739,4150.0,383,146.81462140992167,17930.0,8,0,0.0,-800.0,8,0.0,76,85.78947368421052,-1080.0,261
GAP5P__field_size_band=15-16__market_rank_band=21-25,GAP5P,field_size_band=15-16;market_rank_band=21-25,False,1045,15,82.61244019138756,-18170.0,76.10526315789474,7.876751998146647,74.07725321888412,89.41952506596306,233,96,9.186602870813397,32.98969072164948,949,14,85.00526870389884,-14230.0,1240,99.63709677419355,-450.0,163,1,30.49079754601227,-11330.0,156,31.858974358974358,224,51.294642857142854,-10910.0,262
GAP5P__field_size_band=17+__market_rank_band=11-15,GAP5P,field_size_band=17+;market_rank_band=11-15,False,390,12,105.82051282051282,2270.0,94.61538461538461,10.588805427671431,74.05405405405405,158.20689655172413,97,0,0.0,0.0,390,12,105.82051282051282,2270.0,681,123.568281938326,16050.0,65,1,56.30769230769231,-2840.0,65,56.30769230769231,133,76.54135338345864,-3120.0,263
GAP5_6__pair_worse_rank_band=<=6__field_size_band=<=12,GAP5_6,pair_worse_rank_band=<=6;field_size_band=<=12,False,589,17,79.10016977928693,-12310.0,67.58913412563668,14.552479072762395,73.91489361702128,86.94656488549619,131,0,0.0,0.0,589,17,79.10016977928693,-12310.0,880,101.67045454545455,1470.0,46,1,113.04347826086956,600.0,46,113.04347826086956,114,102.80701754385964,320.0,264
GAP5_6__field_size_band=<=12,GAP5_6,field_size_band=<=12,False,1129,28,76.31532329495128,-26740.0,70.31000885739593,7.86908077994429,73.85342789598108,78.75,224,0,0.0,0.0,1129,28,76.31532329495128,-26740.0,1420,90.87323943661971,-12960.0,123,3,109.10569105691057,1120.0,123,109.10569105691057,191,104.3979057591623,840.0,265
GAP5P__model_rank_band=6-8__l17_rank_band=<=10,GAP5P,model_rank_band=6-8;l17_rank_band=<=10,False,576,14,79.51388888888889,-11800.0,71.28472222222223,10.34934497816594,73.64485981308411,84.34042553191489,127,2,0.3472222222222222,0.6872852233676976,574,14,79.79094076655052,-11600.0,865,102.52023121387283,2180.0,72,2,78.47222222222223,-1550.0,71,79.5774647887324,139,87.55395683453237,-1730.0,266
GAP0_2__pair_worse_rank_band=7-10__market_rank_band=<=10,GAP0_2,pair_worse_rank_band=7-10;market_rank_band=<=10,False,5743,271,78.17865227233153,-125320.0,77.37071217133902,1.0334536059512673,73.57957631721891,80.97982708933718,1820,0,0.0,0.0,5743,271,78.17865227233153,-125320.0,6034,81.51474975140869,-111540.0,2233,107,81.2897447380206,-41780.0,2233,81.2897447380206,2301,81.72099087353325,-42060.0,267
GAP3_4__surface=DIRT__distance_band=1401-1800,GAP3_4,surface=DIRT;distance_band=1401-1800,False,1947,67,84.99229583975347,-29220.0,80.231124807396,5.601885424220449,73.55783308931186,96.52421652421653,562,0,0.0,0.0,1947,67,84.99229583975347,-29220.0,2238,93.10098302055407,-15440.0,499,15,79.81963927855712,-10070.0,499,79.81963927855712,567,81.74603174603175,-10350.0,268
GAP0_2__odds_band=<20__field_size_band=17+,GAP0_2,odds_band=<20;field_size_band=17+,False,754,64,78.91246684350132,-15900.0,76.49867374005305,3.0588235294117645,73.51020408163265,85.01818181818182,234,0,0.0,0.0,754,64,78.91246684350132,-15900.0,1045,97.97129186602871,-2120.0,292,23,63.9041095890411,-10540.0,292,63.9041095890411,360,69.94444444444444,-10820.0,269
GAP5P__field_size_band=17+__l17_rank_band=11-20,GAP5P,field_size_band=17+;l17_rank_band=11-20,False,317,8,115.83596214511041,5020.0,92.01892744479495,20.561002178649236,73.47222222222223,140.6766917293233,72,0,0.0,0.0,317,8,115.83596214511041,5020.0,608,130.92105263157896,18800.0,55,1,124.54545454545455,1350.0,55,124.54545454545455,123,108.69918699186992,1070.0,270
GAP3_4__model_rank_band=9-10,GAP3_4,model_rank_band=9-10,False,2100,54,89.36190476190477,-22340.0,86.36666666666666,3.351806458488756,73.33333333333333,123.83333333333333,540,0,0.0,0.0,2100,54,89.36190476190477,-22340.0,2391,96.41990798828942,-8560.0,435,6,45.58620689655172,-23670.0,435,45.58620689655172,503,52.385685884691846,-23950.0,271
GAP3_4__market_rank_band=11-15__model_rank_band=9-10,GAP3_4,market_rank_band=11-15;model_rank_band=9-10,False,2100,54,89.36190476190477,-22340.0,86.36666666666666,3.351806458488756,73.33333333333333,123.83333333333333,540,0,0.0,0.0,2100,54,89.36190476190477,-22340.0,2391,96.41990798828942,-8560.0,435,6,45.58620689655172,-23670.0,435,45.58620689655172,503,52.385685884691846,-23950.0,272
GAP0_2__field_size_band=13-14__l17_rank_band=<=10,GAP0_2,field_size_band=13-14;l17_rank_band=<=10,False,1850,134,78.17837837837838,-40370.0,75.87567567567568,2.945447002696536,73.25396825396825,86.02893890675242,598,0,0.0,0.0,1850,134,78.17837837837838,-40370.0,2141,87.58056982718355,-26590.0,616,45,72.5487012987013,-16910.0,616,72.5487012987013,684,74.86842105263158,-17190.0,273
GAP3_4__field_size_band=<=12__distance_band=1801-2200,GAP3_4,field_size_band=<=12;distance_band=1801-2200,False,477,22,95.49266247379455,-2150.0,82.30607966457023,13.809001097694841,73.2258064516129,105.79268292682927,124,0,0.0,0.0,477,22,95.49266247379455,-2150.0,768,115.14322916666667,11630.0,80,4,100.5,40.0,80,100.5,148,98.37837837837837,-240.0,274
GAP3_4__field_size_band=17+__market_rank_band=11-15,GAP3_4,field_size_band=17+;market_rank_band=11-15,False,365,11,102.6027397260274,950.0,90.79452054794521,11.5086782376502,73.17460317460318,141.58333333333334,119,0,0.0,0.0,365,11,102.6027397260274,950.0,656,122.45426829268293,14730.0,103,2,78.05825242718447,-2260.0,103,78.05825242718447,171,85.14619883040936,-2540.0,275
GAP0_2__l17_rank_band=11-20,GAP0_2,l17_rank_band=11-20,False,8953,318,83.69931866413492,-145940.0,83.02356751926729,0.8073556101206363,73.07797537619699,101.69257340241796,2895,0,0.0,0.0,8953,318,83.69931866413492,-145940.0,9244,85.70315880571181,-132160.0,3239,103,77.29237418956468,-73550.0,3239,77.29237418956468,3307,77.67462957363169,-73830.0,276
GAP0_2__surface=TURF,GAP0_2,surface=TURF,False,5234,270,74.980894153611,-130950.0,74.09056171188384,1.187412409224105,73.02699597932222,77.50578703703704,1728,0,0.0,0.0,5234,270,74.980894153611,-130950.0,5525,78.79276018099547,-117170.0,1760,101,86.83522727272727,-23170.0,1760,86.83522727272727,1828,87.17177242888403,-23450.0,277
GAP10P__odds_band=20-40__market_rank_band=16-20,GAP10P,odds_band=20-40;market_rank_band=16-20,False,187,5,97.54010695187166,-460.0,76.47058823529412,21.600877192982455,73.01886792452831,156.74418604651163,43,4,2.1390374331550803,1.3745704467353952,183,5,99.67213114754098,-60.0,474,128.9451476793249,13720.0,12,0,0.0,-1200.0,10,0.0,78,83.58974358974359,-1280.0,278
GAP3_4__surface=DIRT__distance_band=<=1400,GAP3_4,surface=DIRT;distance_band=<=1400,False,1780,60,78.97191011235955,-37430.0,75.52808988764045,4.360816674966209,72.9570747217806,82.99352750809061,533,0,0.0,0.0,1780,60,78.97191011235955,-37430.0,2071,88.5803959439884,-23650.0,474,8,57.78481012658228,-20010.0,474,57.78481012658228,542,62.564575645756456,-20290.0,279
GAP10_14__odds_band=40-60__model_rank_band=11-15,GAP10_14,odds_band=40-60;model_rank_band=11-15,False,330,5,86.51515151515152,-4450.0,68.63636363636364,20.665499124343256,72.93333333333334,99.29824561403508,75,0,0.0,0.0,330,5,86.51515151515152,-4450.0,621,115.02415458937197,9330.0,70,1,60.0,-2800.0,70,60.0,138,77.68115942028986,-3080.0,280
GAP5P__model_rank_band=4-5,GAP5P,model_rank_band=4-5,False,1894,57,87.06441393875396,-24500.0,83.07814149947201,4.578532443905397,72.85925925925926,118.28162291169451,419,43,2.2703273495248153,14.776632302405499,1851,57,89.08698001080496,-20200.0,2142,97.00280112044818,-6420.0,218,11,138.5321100917431,8400.0,215,140.46511627906978,283,129.75265017667846,8420.0,281
GAP0_2__model_rank_band=9-10__l17_rank_band=<=10,GAP0_2,model_rank_band=9-10;l17_rank_band=<=10,False,2916,81,79.84224965706447,-58780.0,78.23045267489712,2.0187269134954042,72.79310344827586,90.43956043956044,846,0,0.0,0.0,2916,81,79.84224965706447,-58780.0,3207,85.96819457436857,-45000.0,1375,37,70.60363636363637,-40420.0,1375,70.60363636363637,1443,71.7948717948718,-40700.0,282
GAP5_6__field_size_band=13-14__model_rank_band=11-15,GAP5_6,field_size_band=13-14;model_rank_band=11-15,False,481,10,96.83991683991684,-1520.0,82.24532224532224,15.070845856590811,72.76190476190476,125.5026455026455,105,0,0.0,0.0,481,10,96.83991683991684,-1520.0,772,115.88082901554404,12260.0,86,2,136.62790697674419,3150.0,86,136.62790697674419,154,118.63636363636364,2870.0,283
GAP5P__distance_band=<=1400,GAP5P,distance_band=<=1400,False,2542,54,93.55232100708103,-16390.0,90.11014948859166,3.6794079307009797,72.56048387096774,112.40899357601712,616,147,5.782848151062156,50.51546391752577,2395,49,87.77870563674321,-29270.0,2686,94.23306031273269,-15490.0,531,5,35.40489642184557,-34300.0,494,38.05668016194332,562,45.05338078291815,-30880.0,284
GAP10_14__model_rank_band=6-8__l17_rank_band=11-20,GAP10_14,model_rank_band=6-8;l17_rank_band=11-20,False,111,4,159.45945945945945,6600.0,115.49549549549549,27.570621468926554,72.54237288135593,406.6666666666667,12,0,0.0,0.0,111,4,159.45945945945945,6600.0,402,150.69651741293532,20380.0,3,0,0.0,-300.0,3,0.0,71,91.83098591549296,-580.0,285
GAP0_2__field_size_band=15-16__l17_rank_band=11-20,GAP0_2,field_size_band=15-16;l17_rank_band=11-20,False,3520,124,87.75852272727273,-43090.0,86.24431818181819,1.7254216438444854,72.4178601516428,100.97845601436266,1114,0,0.0,0.0,3520,124,87.75852272727273,-43090.0,3811,92.30910522172658,-29310.0,1372,39,71.55247813411079,-39030.0,1372,71.55247813411079,1440,72.70138888888889,-39310.0,286
GAP3_4__field_size_band=15-16__l17_rank_band=11-20,GAP3_4,field_size_band=15-16;l17_rank_band=11-20,False,1905,61,95.51181102362204,-8550.0,92.05774278215223,3.6163781258587524,72.30616302186878,122.36559139784946,503,0,0.0,0.0,1905,61,95.51181102362204,-8550.0,2196,102.3816029143898,5230.0,527,13,68.97533206831119,-16350.0,527,68.97533206831119,595,72.05042016806723,-16630.0,287
GAP5P__field_size_band=<=12__market_rank_band=<=10,GAP5P,field_size_band=<=12;market_rank_band=<=10,False,339,15,90.97345132743362,-3060.0,82.4188790560472,9.40337224383917,72.265625,105.0,56,0,0.0,0.0,339,15,90.97345132743362,-3060.0,630,117.01587301587301,10720.0,19,1,141.05263157894737,780.0,19,141.05263157894737,87,105.74712643678161,500.0,288
GAP3_4__market_rank_band=16-20,GAP3_4,market_rank_band=16-20,False,3292,54,78.55710814094775,-70590.0,75.7411907654921,3.5845481613240016,72.03682393555812,84.70161290322581,869,0,0.0,0.0,3292,54,78.55710814094775,-70590.0,3583,84.1445715880547,-56810.0,998,22,104.15831663326654,4150.0,998,104.15831663326654,1066,103.63039399624765,3870.0,289
GAP3_4__market_rank_band=16-20__model_rank_band=11-15,GAP3_4,market_rank_band=16-20;model_rank_band=11-15,False,3292,54,78.55710814094775,-70590.0,75.7411907654921,3.5845481613240016,72.03682393555812,84.70161290322581,869,0,0.0,0.0,3292,54,78.55710814094775,-70590.0,3583,84.1445715880547,-56810.0,998,22,104.15831663326654,4150.0,998,104.15831663326654,1066,103.63039399624765,3870.0,290
GAP0_2,GAP0_2,NONE,False,10338,529,75.72160959566648,-250990.0,75.17314761075643,0.7243136904229635,72.03601510310776,77.69364664926023,3443,0,0.0,0.0,10338,529,75.72160959566648,-250990.0,10629,77.68275472763195,-237210.0,3451,171,74.38713416401043,-88390.0,3451,74.38713416401043,3519,74.8025007104291,-88670.0,291
GAP0_2__field_size_band=13-14__model_rank_band=6-8,GAP0_2,field_size_band=13-14;model_rank_band=6-8,False,1482,61,87.34817813765183,-18750.0,84.48717948717949,3.2753959057551176,71.94331983805668,95.36016949152543,472,0,0.0,0.0,1482,61,87.34817813765183,-18750.0,1773,97.19684151156233,-4970.0,567,26,91.7636684303351,-4670.0,567,91.7636684303351,635,92.20472440944881,-4950.0,292
GAP0_2__field_size_band=<=12__surface=DIRT,GAP0_2,field_size_band=<=12;surface=DIRT,False,1185,72,89.35864978902954,-12610.0,84.57383966244726,5.354613277929928,71.89320388349515,109.38775510204081,343,0,0.0,0.0,1185,72,89.35864978902954,-12610.0,1476,100.79268292682927,1170.0,326,17,67.11656441717791,-10720.0,326,67.11656441717791,394,72.08121827411168,-11000.0,293
GAP5_6__field_size_band=<=12__model_rank_band=4-5,GAP5_6,field_size_band=<=12;model_rank_band=4-5,False,182,11,129.83516483516485,5430.0,114.61538461538461,11.722386796445196,71.875,314.81481481481484,27,0,0.0,0.0,182,11,129.83516483516485,5430.0,473,140.61310782241014,19210.0,16,1,167.5,1080.0,16,167.5,84,109.52380952380952,800.0,294
GAP0_2__odds_band=20-40__field_size_band=13-14,GAP0_2,odds_band=20-40;field_size_band=13-14,False,1764,64,95.98072562358277,-7090.0,93.84920634920636,2.220778453723938,71.76470588235294,117.62711864406779,578,0,0.0,0.0,1764,64,95.98072562358277,-7090.0,2055,103.25547445255475,6690.0,611,21,92.92962356792144,-4320.0,611,92.92962356792144,679,93.22533136966126,-4600.0,295
GAP5P__market_rank_band=16-20,GAP5P,market_rank_band=16-20,False,3690,62,79.97560975609755,-73890.0,78.07317073170732,2.3787740164684354,71.73389950460015,96.10512129380054,742,31,0.8401084010840109,10.652920962199312,3659,60,78.20442743919104,-79750.0,3950,83.2987341772152,-65970.0,625,11,90.272,-6080.0,620,91.0,688,91.48255813953489,-5860.0,296
GAP0_2__field_size_band=<=12__l17_rank_band=<=10,GAP0_2,field_size_band=<=12;l17_rank_band=<=10,False,3363,290,73.3006244424621,-89790.0,71.52245019327981,2.425865076467486,71.56981786643539,74.44340505144996,1069,0,0.0,0.0,3363,290,73.3006244424621,-89790.0,3654,79.19813902572523,-76010.0,1039,119,92.30991337824831,-7990.0,1039,92.30991337824831,1107,92.5293586269196,-8270.0,297
GAP0_2__odds_band=<20__field_size_band=15-16,GAP0_2,odds_band=<20;field_size_band=15-16,False,4036,343,78.98909811694747,-84800.0,78.49603567889,0.624215809284818,71.4996342355523,89.80568011958147,1331,0,0.0,0.0,4036,343,78.98909811694747,-84800.0,4327,83.58678067945459,-71020.0,1443,137,80.97020097020096,-27460.0,1443,80.97020097020096,1511,81.64129715420252,-27740.0,298
GAP3_4__field_size_band=<=12__l17_rank_band=<=10,GAP3_4,field_size_band=<=12;l17_rank_band=<=10,False,1199,54,77.2393661384487,-27290.0,73.41951626355296,4.945470251592701,71.47465437788019,85.72082379862701,328,0,0.0,0.0,1199,54,77.2393661384487,-27290.0,1490,90.93288590604027,-13510.0,146,6,53.97260273972603,-6720.0,146,53.97260273972603,214,67.28971962616822,-7000.0,299
GAP0_2__odds_band=<20__model_rank_band=6-8,GAP0_2,odds_band=<20;model_rank_band=6-8,False,3875,178,76.63741935483871,-90530.0,76.12387096774194,0.6701013570394316,71.27746135069162,82.1555763823805,1067,0,0.0,0.0,3875,178,76.63741935483871,-90530.0,4166,81.57705232837255,-76750.0,1833,88,80.35460992907801,-36010.0,1833,80.35460992907801,1901,80.91004734350342,-36290.0,300
GAP0_2__field_size_band=13-14__model_rank_band=1-3,GAP0_2,field_size_band=13-14;model_rank_band=1-3,False,1819,198,78.8785046728972,-38420.0,77.91094007696536,1.2266517981600222,71.23076923076923,83.73970345963757,585,0,0.0,0.0,1819,198,78.8785046728972,-38420.0,2110,88.32227488151659,-24640.0,612,69,71.11111111111111,-17680.0,612,71.11111111111111,680,73.58823529411765,-17960.0,301
GAP7_9__surface=TURF,GAP7_9,surface=TURF,False,1635,38,88.11009174311927,-19440.0,83.43730886850153,5.303345828127169,71.13263785394933,141.51057401812687,331,0,0.0,0.0,1635,38,88.11009174311927,-19440.0,1926,97.06126687435099,-5660.0,236,4,76.69491525423729,-5500.0,236,76.69491525423729,304,80.98684210526316,-5780.0,302
GAP0_2__odds_band=20-40__model_rank_band=9-10,GAP0_2,odds_band=20-40;model_rank_band=9-10,False,5686,151,76.29440731621527,-134790.0,75.61202954625395,0.8944007745326295,71.11163227016885,81.89277899343544,1726,0,0.0,0.0,5686,151,76.29440731621527,-134790.0,5977,79.75405721934081,-121010.0,2470,86,97.4493927125506,-6300.0,2470,97.4493927125506,2538,97.4074074074074,-6580.0,303
GAP5_6__pair_worse_rank_band=7-10__market_rank_band=<=10,GAP5_6,pair_worse_rank_band=7-10;market_rank_band=<=10,False,635,24,86.62992125984252,-8490.0,82.0,5.344482821305217,71.00358422939068,115.1937984496124,129,0,0.0,0.0,635,24,86.62992125984252,-8490.0,926,105.71274298056156,5290.0,74,3,84.05405405405405,-1180.0,74,84.05405405405405,142,89.71830985915493,-1460.0,304
GAP0_2__odds_band=20-40__market_rank_band=<=10,GAP0_2,odds_band=20-40;market_rank_band=<=10,False,7692,235,75.60452418096723,-187650.0,75.09360374414976,0.6757802424555068,70.88976377952756,82.51106194690266,2440,0,0.0,0.0,7692,235,75.60452418096723,-187650.0,7983,78.21996743079043,-173870.0,2968,97,80.40094339622641,-58170.0,2968,80.40094339622641,3036,80.74769433465086,-58450.0,305
GAP10_14__surface=DIRT,GAP10_14,surface=DIRT,False,791,15,93.95701643489254,-4780.0,83.38811630847029,11.248654467168999,70.83850931677019,139.2,175,0,0.0,0.0,791,15,93.95701643489254,-4780.0,1082,108.31792975970426,9000.0,79,0,0.0,-7900.0,79,0.0,147,44.35374149659864,-8180.0,306
GAP7_9__l17_rank_band=31-40,GAP7_9,l17_rank_band=31-40,False,595,11,84.84033613445378,-9020.0,73.6470588235294,13.193343898573692,70.71917808219177,121.84210526315789,114,0,0.0,0.0,595,11,84.84033613445378,-9020.0,886,105.372460496614,4760.0,88,0,0.0,-8800.0,88,0.0,156,41.794871794871796,-9080.0,307
GAP3_4__odds_band=20-40__field_size_band=17+,GAP3_4,odds_band=20-40;field_size_band=17+,False,489,15,84.11042944785277,-7770.0,76.85071574642127,8.63116946267931,70.70063694267516,106.33540372670808,157,0,0.0,0.0,489,15,84.11042944785277,-7770.0,780,107.7051282051282,6010.0,143,3,56.43356643356643,-6230.0,143,56.43356643356643,211,69.14691943127963,-6510.0,308
GAP0_2__model_rank_band=4-5__l17_rank_band=11-20,GAP0_2,model_rank_band=4-5;l17_rank_band=11-20,False,1821,100,86.16144975288303,-25200.0,84.60186710598572,1.810070108349267,70.6140350877193,94.26367461430576,538,0,0.0,0.0,1821,100,86.16144975288303,-25200.0,2112,94.59280303030303,-11420.0,834,49,87.76978417266187,-10200.0,834,87.76978417266187,902,88.38137472283813,-10480.0,309
GAP10P__odds_band=20-40__field_size_band=13-14,GAP10P,odds_band=20-40;field_size_band=13-14,False,98,4,136.22448979591837,3550.0,96.0204081632653,29.51310861423221,70.5,200.78947368421052,20,0,0.0,0.0,98,4,136.22448979591837,3550.0,389,144.55012853470436,17330.0,8,0,0.0,-800.0,8,0.0,76,85.78947368421052,-1080.0,310
GAP3_4__model_rank_band=9-10__l17_rank_band=11-20,GAP3_4,model_rank_band=9-10;l17_rank_band=11-20,False,997,28,100.06018054162487,60.0,93.75125376128385,6.305132317562149,70.49222797927462,177.7826086956522,230,0,0.0,0.0,997,28,100.06018054162487,60.0,1288,110.74534161490683,13840.0,183,3,52.185792349726775,-8750.0,183,52.185792349726775,251,64.02390438247012,-9030.0,311
GAP5P__pair_worse_rank_band=7-10__market_rank_band=16-20,GAP5P,pair_worse_rank_band=7-10;market_rank_band=16-20,False,2485,42,84.1569416498994,-39370.0,78.6841046277666,6.5031320231434995,70.44680851063829,106.55813953488372,430,16,0.6438631790744467,5.498281786941581,2469,42,84.70230862697449,-37770.0,2760,91.30797101449275,-23990.0,348,5,69.91379310344827,-10470.0,346,70.3179190751445,414,74.51690821256038,-10550.0,312
GAP0_2__pair_worse_rank_band=<=6__field_size_band=<=12,GAP0_2,pair_worse_rank_band=<=6;field_size_band=<=12,False,3381,248,77.66932860100562,-75500.0,75.37414965986395,2.9550647372429553,70.38427947598254,81.6404077849861,1079,0,0.0,0.0,3381,248,77.66932860100562,-75500.0,3672,83.1917211328976,-61720.0,1040,88,83.625,-17030.0,1040,83.625,1108,84.37725631768953,-17310.0,313
GAP0_2__surface=DIRT,GAP0_2,surface=DIRT,False,5013,256,76.91402353879913,-115730.0,75.78296429283861,1.4705500946650414,70.37589498806683,82.28155339805825,1648,0,0.0,0.0,5013,256,76.91402353879913,-115730.0,5304,80.77865761689291,-101950.0,1644,68,61.35036496350365,-63540.0,1644,61.35036496350365,1712,62.72196261682243,-63820.0,314
GAP5P__surface=TURF,GAP5P,surface=TURF,False,3194,74,94.55228553537883,-17400.0,91.62805259862242,3.0927152317880795,70.34426229508196,111.4695945945946,790,132,4.132748904195366,45.36082474226804,3062,72,93.54670150228608,-19760.0,3353,98.21652251714882,-5980.0,642,13,83.70716510903426,-10460.0,616,87.24025974025975,684,88.09941520467837,-8140.0,315
GAP3_4__odds_band=20-40__market_rank_band=<=10,GAP3_4,odds_band=20-40;market_rank_band=<=10,False,2901,96,81.94760427438814,-52370.0,80.73078248879696,1.4848778025491103,70.18774703557312,94.18691588785046,819,0,0.0,0.0,2901,96,81.94760427438814,-52370.0,3192,87.91040100250626,-38590.0,594,15,64.15824915824916,-21290.0,594,64.15824915824916,662,67.41691842900302,-21570.0,316
GAP0_2__surface=TURF__distance_band=1401-1800,GAP0_2,surface=TURF;distance_band=1401-1800,False,1870,97,74.66844919786097,-47370.0,72.19251336898395,3.315906323855905,70.1875,82.77960526315789,608,0,0.0,0.0,1870,97,74.66844919786097,-47370.0,2161,84.45627024525683,-33590.0,649,47,105.87057010785824,3810.0,649,105.87057010785824,717,104.92329149232916,3530.0,317
GAP5_6__odds_band=20-40__model_rank_band=4-5,GAP5_6,odds_band=20-40;model_rank_band=4-5,False,931,31,90.21482277121375,-9110.0,86.53061224489795,4.083819502321705,70.17191977077364,127.72532188841201,233,0,0.0,0.0,931,31,90.21482277121375,-9110.0,1222,103.82160392798691,4670.0,128,7,144.453125,5690.0,128,144.453125,196,127.60204081632654,5410.0,318
GAP7_9__odds_band=20-40,GAP7_9,odds_band=20-40,False,1547,42,83.16095669036845,-26050.0,80.58823529411765,3.093664982510688,70.16845329249617,113.24159021406727,327,0,0.0,0.0,1547,42,83.16095669036845,-26050.0,1838,93.32426550598477,-12270.0,176,5,80.0,-3520.0,176,80.0,244,84.42622950819673,-3800.0,319
GAP10P__odds_band=40-60__model_rank_band=11-15,GAP10P,odds_band=40-60;model_rank_band=11-15,False,346,5,82.51445086705202,-6050.0,65.46242774566474,20.665499124343256,70.12820512820512,94.33333333333333,78,3,0.8670520231213873,1.0309278350515463,343,5,83.23615160349854,-5750.0,634,112.66561514195584,8030.0,80,0,0.0,-8000.0,78,0.0,146,44.657534246575345,-8080.0,320
GAP0_2__field_size_band=13-14__market_rank_band=11-15,GAP0_2,field_size_band=13-14;market_rank_band=11-15,False,1650,42,87.33939393939394,-20890.0,83.97575757575757,3.851224758864756,70.05415162454874,115.1660516605166,542,0,0.0,0.0,1650,42,87.33939393939394,-20890.0,1941,96.33693972179289,-7110.0,605,19,101.14049586776859,690.0,605,101.14049586776859,673,100.60921248142645,410.0,321
GAP3_4__odds_band=20-40,GAP3_4,odds_band=20-40,False,5356,162,83.02651232262883,-90910.0,82.29088872292756,0.8860104792102363,70.0259336099585,94.7457627118644,1540,0,0.0,0.0,5356,162,83.02651232262883,-90910.0,5647,86.34142022312733,-77130.0,1267,23,48.87924230465667,-64770.0,1267,48.87924230465667,1335,51.27340823970037,-65050.0,322
GAP5_6__model_rank_band=11-15__l17_rank_band=11-20,GAP5_6,model_rank_band=11-15;l17_rank_band=11-20,False,826,13,82.03389830508475,-14840.0,73.82566585956417,10.005903187721369,69.93197278911565,92.4,147,0,0.0,0.0,826,13,82.03389830508475,-14840.0,1117,99.05102954341987,-1060.0,154,2,78.57142857142857,-3300.0,154,78.57142857142857,222,83.87387387387388,-3580.0,323
GAP5P__model_rank_band=4-5__l17_rank_band=<=10,GAP5P,model_rank_band=4-5;l17_rank_band=<=10,False,550,18,88.83636363636364,-6140.0,82.50909090909092,7.122390503479329,69.90049751243781,144.19847328244273,131,2,0.36363636363636365,0.6872852233676976,548,18,89.16058394160584,-5940.0,839,109.34445768772348,7840.0,63,1,41.74603174603175,-3670.0,62,42.41935483870968,130,70.38461538461539,-3850.0,324
GAP0_2__market_rank_band=<=10__l17_rank_band=41-60,GAP0_2,market_rank_band=<=10;l17_rank_band=41-60,False,329,15,79.4224924012158,-6770.0,69.93920972644376,11.940298507462687,69.83471074380165,96.06741573033707,89,0,0.0,0.0,329,15,79.4224924012158,-6770.0,620,111.30645161290323,7010.0,138,4,44.130434782608695,-7710.0,138,44.130434782608695,206,61.213592233009706,-7990.0,325
GAP10_14__surface=DIRT__distance_band=<=1400,GAP10_14,surface=DIRT;distance_band=<=1400,False,395,7,103.79746835443038,1500.0,82.63291139240506,20.390243902439025,69.81927710843374,153.51063829787233,94,0,0.0,0.0,395,7,103.79746835443038,1500.0,686,122.27405247813411,15280.0,39,0,0.0,-3900.0,39,0.0,107,60.93457943925234,-4180.0,326
GAP5_6__market_rank_band=<=10__model_rank_band=4-5,GAP5_6,market_rank_band=<=10;model_rank_band=4-5,False,772,30,95.18134715025907,-3720.0,90.95854922279793,4.436581382689167,69.75352112676056,133.33333333333334,201,0,0.0,0.0,772,30,95.18134715025907,-3720.0,1063,109.46378174976482,10060.0,103,7,179.51456310679612,8190.0,103,179.51456310679612,171,146.25730994152048,7910.0,327
GAP5P__market_rank_band=<=10__model_rank_band=4-5,GAP5P,market_rank_band=<=10;model_rank_band=4-5,False,772,30,95.18134715025907,-3720.0,90.95854922279793,4.436581382689167,69.75352112676056,133.33333333333334,201,0,0.0,0.0,772,30,95.18134715025907,-3720.0,1063,109.46378174976482,10060.0,103,7,179.51456310679612,8190.0,103,179.51456310679612,171,146.25730994152048,7910.0,328
GAP0_2__pair_worse_rank_band=<=6__field_size_band=13-14,GAP0_2,pair_worse_rank_band=<=6;field_size_band=13-14,False,1870,112,76.8663101604278,-43260.0,73.89839572192513,3.8611381661332964,69.6523178807947,84.55414012738854,604,0,0.0,0.0,1870,112,76.8663101604278,-43260.0,2161,86.35816751503933,-29480.0,617,36,78.50891410048622,-13260.0,617,78.50891410048622,685,80.23357664233576,-13540.0,329
GAP5_6__model_rank_band=4-5,GAP5_6,model_rank_band=4-5,False,1007,38,95.3227408142999,-4710.0,91.91658391261171,3.573288884258777,69.62765957446808,137.07509881422925,253,0,0.0,0.0,1007,38,95.3227408142999,-4710.0,1298,106.98767334360555,9070.0,134,7,137.98507462686567,5090.0,134,137.98507462686567,202,123.81188118811882,4810.0,330
GAP0_2__field_size_band=<=12__distance_band=2201+,GAP0_2,field_size_band=<=12;distance_band=2201+,False,497,29,74.28571428571429,-12780.0,65.29175050301811,12.107258938244854,69.5679012345679,82.86624203821655,157,0,0.0,0.0,497,29,74.28571428571429,-12780.0,788,101.26903553299492,1000.0,145,4,38.827586206896555,-8870.0,145,38.827586206896555,213,57.04225352112676,-9150.0,331
GAP3_4__pair_worse_rank_band=<=6,GAP3_4,pair_worse_rank_band=<=6,False,5533,219,83.02367612506778,-93930.0,81.88686065425628,1.3692666042623594,69.56626506024097,94.42743417023883,1633,0,0.0,0.0,5533,219,83.02367612506778,-93930.0,5824,86.23798076923077,-80150.0,1206,44,72.98507462686567,-32580.0,1206,72.98507462686567,1274,74.2072213500785,-32860.0,332
GAP3_4__pair_worse_rank_band=<=6__market_rank_band=11-15,GAP3_4,pair_worse_rank_band=<=6;market_rank_band=11-15,False,2284,61,87.3555166374781,-28880.0,84.6015761821366,3.1525661587810747,69.51965065502183,104.02439024390245,656,0,0.0,0.0,2284,61,87.3555166374781,-28880.0,2575,94.13592233009709,-15100.0,490,11,74.46938775510205,-12510.0,490,74.46938775510205,558,77.07885304659499,-12790.0,333
GAP5P__pair_worse_rank_band=7-10__market_rank_band=11-15,GAP5P,pair_worse_rank_band=7-10;market_rank_band=11-15,False,1923,49,82.65730629225169,-33350.0,80.32761310452418,2.818496382510223,69.47129909365559,102.8032345013477,371,0,0.0,0.0,1923,49,82.65730629225169,-33350.0,2214,91.16079494128275,-19570.0,204,5,74.55882352941177,-5190.0,204,74.55882352941177,272,79.88970588235294,-5470.0,334
GAP0_2__field_size_band=15-16__l17_rank_band=<=10,GAP0_2,field_size_band=15-16;l17_rank_band=<=10,False,4051,268,75.69982720315971,-98440.0,74.53961984695137,1.532642013956825,69.44610778443113,82.59564891222806,1333,0,0.0,0.0,4051,268,75.69982720315971,-98440.0,4342,80.50207277752187,-84660.0,1455,105,78.85910652920963,-30760.0,1455,78.85910652920963,1523,79.61917268548916,-31040.0,335
GAP0_2__field_size_band=<=12,GAP0_2,field_size_band=<=12,False,3396,201,75.86572438162544,-81960.0,74.19611307420494,2.2007452258966,69.3444136657433,81.31944444444444,1083,0,0.0,0.0,3396,201,75.86572438162544,-81960.0,3687,81.50800108489287,-68180.0,1041,65,77.14697406340058,-23790.0,1041,77.14697406340058,1109,78.29576194770063,-24070.0,336
GAP5_6__pair_worse_rank_band=7-10__market_rank_band=16-20,GAP5_6,pair_worse_rank_band=7-10;market_rank_band=16-20,False,1491,25,88.859825620389,-16610.0,79.738430583501,10.264925654766397,69.31407942238268,106.65499124343258,277,0,0.0,0.0,1491,25,88.859825620389,-16610.0,1782,98.41189674523008,-2830.0,263,1,24.94296577946768,-19740.0,263,24.94296577946768,331,39.516616314199396,-20020.0,337
GAP5P__odds_band=40-60__model_rank_band=11-15,GAP5P,odds_band=40-60;model_rank_band=11-15,False,2428,38,79.30807248764415,-50240.0,76.84102141680395,3.1107187370170335,69.30151338766007,90.77922077922078,616,3,0.12355848434925865,1.0309278350515463,2425,38,79.40618556701031,-49940.0,2716,86.68630338733432,-36160.0,559,5,44.72271914132379,-30900.0,557,44.88330341113106,625,50.432,-30980.0,338
GAP7_9__field_size_band=17+__model_rank_band=1-3,GAP7_9,field_size_band=17+;model_rank_band=1-3,False,99,3,91.41414141414141,-850.0,53.13131313131313,41.87845303867403,69.23076923076923,122.25806451612904,29,0,0.0,0.0,99,3,91.41414141414141,-850.0,390,133.15384615384616,12930.0,23,0,0.0,-2300.0,23,0.0,91,71.64835164835165,-2580.0,339
GAP3_4__odds_band=20-40__field_size_band=15-16,GAP3_4,odds_band=20-40;field_size_band=15-16,False,2374,80,92.16512215669756,-18600.0,90.52653748946925,1.7778793418647167,69.05963302752293,121.5080346106304,693,0,0.0,0.0,2374,80,92.16512215669756,-18600.0,2665,98.19136960600375,-4820.0,633,12,53.55450236966825,-29400.0,633,53.55450236966825,701,57.660485021398,-29680.0,340
GAP0_2__distance_band=1401-1800,GAP0_2,distance_band=1401-1800,False,4317,229,76.05049803104008,-103390.0,74.73708593930971,1.7270262861320094,68.99101589495508,84.16375087473757,1429,0,0.0,0.0,4317,229,76.05049803104008,-103390.0,4608,80.55338541666667,-89610.0,1462,82,80.76607387140903,-28120.0,1462,80.76607387140903,1530,81.43790849673202,-28400.0,341
GAP3_4__pair_worse_rank_band=<=6__field_size_band=13-14,GAP3_4,pair_worse_rank_band=<=6;field_size_band=13-14,False,1035,46,88.28019323671498,-12130.0,83.47826086956522,5.439422129801905,68.91246684350132,130.28938906752413,311,0,0.0,0.0,1035,46,88.28019323671498,-12130.0,1326,101.24434389140272,1650.0,229,6,55.851528384279476,-10110.0,229,55.851528384279476,297,65.01683501683502,-10390.0,342
GAP5P__odds_band=20-40__field_size_band=13-14,GAP5P,odds_band=20-40;field_size_band=13-14,False,786,24,90.25445292620866,-7660.0,85.24173027989822,5.553989286721173,68.86731391585761,128.08988764044943,178,0,0.0,0.0,786,24,90.25445292620866,-7660.0,1077,105.6824512534819,6120.0,104,2,52.88461538461539,-4900.0,104,52.88461538461539,172,69.88372093023256,-5180.0,343
GAP0_2__field_size_band=17+,GAP0_2,field_size_band=17+,False,823,37,78.25030376670716,-17900.0,74.48359659781288,4.813664596273292,68.83534136546184,82.45733788395904,249,0,0.0,0.0,823,37,78.25030376670716,-17900.0,1114,96.3016157989228,-4120.0,311,12,72.02572347266882,-8700.0,311,72.02572347266882,379,76.3060686015831,-8980.0,344
GAP0_2__field_size_band=17+__surface=TURF,GAP0_2,field_size_band=17+;surface=TURF,False,823,37,78.25030376670716,-17900.0,74.48359659781288,4.813664596273292,68.83534136546184,82.45733788395904,249,0,0.0,0.0,823,37,78.25030376670716,-17900.0,1114,96.3016157989228,-4120.0,311,12,72.02572347266882,-8700.0,311,72.02572347266882,379,76.3060686015831,-8980.0,345
GAP0_2__pair_worse_rank_band=<=6__field_size_band=15-16,GAP0_2,pair_worse_rank_band=<=6;field_size_band=15-16,False,4109,261,81.68167437332684,-75270.0,80.53784375760526,1.4003515776301285,68.80341880341881,99.16728076639646,1348,0,0.0,0.0,4109,261,81.68167437332684,-75270.0,4400,86.025,-61490.0,1460,82,61.71917808219178,-55890.0,1460,61.71917808219178,1528,63.239528795811516,-56170.0,346
GAP7_9__market_rank_band=21-25__l17_rank_band=31-40,GAP7_9,market_rank_band=21-25;l17_rank_band=31-40,False,213,3,88.68544600938966,-2410.0,57.417840375586856,35.25674960296453,68.79518072289157,162.4390243902439,41,0,0.0,0.0,213,3,88.68544600938966,-2410.0,504,122.55952380952381,11370.0,26,0,0.0,-2600.0,26,0.0,94,69.36170212765957,-2880.0,347
GAP10_14__odds_band=20-40,GAP10_14,odds_band=20-40,False,461,14,99.11062906724511,-410.0,90.56399132321042,8.623331144670606,68.77551020408163,163.28358208955223,98,0,0.0,0.0,461,14,99.11062906724511,-410.0,752,117.77925531914893,13370.0,36,2,176.66666666666666,2760.0,36,176.66666666666666,104,123.84615384615384,2480.0,348
GAP3_4__odds_band=20-40__field_size_band=13-14,GAP3_4,odds_band=20-40;field_size_band=13-14,False,1068,33,83.42696629213484,-17700.0,79.93445692883896,4.186307519640853,68.61333333333333,102.53378378378379,296,0,0.0,0.0,1068,33,83.42696629213484,-17700.0,1359,97.11552612214864,-3920.0,234,4,44.31623931623932,-13030.0,234,44.31623931623932,302,55.9271523178808,-13310.0,349
GAP5_6__l17_rank_band=11-20,GAP5_6,l17_rank_band=11-20,False,2281,55,77.36957474791758,-51620.0,74.39719421306445,3.8417951042611063,68.56839872746554,108.85654885654886,481,0,0.0,0.0,2281,55,77.36957474791758,-51620.0,2572,85.28771384136859,-37840.0,340,8,84.05882352941177,-5420.0,340,84.05882352941177,408,86.02941176470588,-5700.0,350
GAP0_2__l17_rank_band=21-30,GAP0_2,l17_rank_band=21-30,False,4893,136,80.6396893521357,-94730.0,79.07418761496015,1.941353878906151,68.5611038107753,101.87007874015748,1522,0,0.0,0.0,4893,136,80.6396893521357,-94730.0,5184,84.38464506172839,-80950.0,1987,54,78.84750880724711,-42030.0,1987,78.84750880724711,2055,79.41119221411192,-42310.0,351
GAP3_4,GAP3_4,NONE,False,8184,266,78.36265884652981,-177080.0,77.22996089931574,1.445456246491611,68.54916897506925,85.62242374278648,2426,0,0.0,0.0,8184,266,78.36265884652981,-177080.0,8475,80.73156342182891,-163300.0,2134,57,74.07685098406748,-55320.0,2134,74.07685098406748,2202,74.75022706630337,-55600.0,352
GAP5_6__odds_band=20-40__market_rank_band=<=10,GAP5_6,odds_band=20-40;market_rank_band=<=10,False,1149,36,82.85465622280243,-19700.0,79.69538729329852,3.813025210084034,68.54014598540147,104.98269896193771,289,0,0.0,0.0,1149,36,82.85465622280243,-19700.0,1440,95.88888888888889,-5920.0,177,9,121.80790960451978,3860.0,177,121.80790960451978,245,114.61224489795919,3580.0,353
GAP5P__market_rank_band=11-15__l17_rank_band=<=10,GAP5P,market_rank_band=11-15;l17_rank_band=<=10,False,937,25,86.23265741728922,-12900.0,81.5581643543223,5.420792079207921,68.52631578947368,106.90355329949239,190,0,0.0,0.0,937,25,86.23265741728922,-12900.0,1228,100.71661237785017,880.0,114,3,73.24561403508773,-3050.0,114,73.24561403508773,182,81.7032967032967,-3330.0,354
GAP0_2__field_size_band=<=12__model_rank_band=9-10,GAP0_2,field_size_band=<=12;model_rank_band=9-10,False,2439,66,79.8810988109881,-49070.0,77.91717917179172,2.4585536108402195,68.44492440604752,97.91450777202073,741,0,0.0,0.0,2439,66,79.8810988109881,-49070.0,2730,87.07326007326007,-35290.0,902,27,78.02660753880266,-19820.0,902,78.02660753880266,970,79.27835051546391,-20100.0,355
GAP5P__field_size_band=15-16__l17_rank_band=31-40,GAP5P,field_size_band=15-16;l17_rank_band=31-40,False,897,19,102.78706800445931,2500.0,95.3623188405797,7.223427331887201,68.41975308641975,145.48494983277592,193,51,5.68561872909699,17.52577319587629,846,17,94.94089834515367,-4280.0,1137,108.35532102022867,9500.0,141,1,34.11347517730496,-9290.0,136,35.36764705882353,204,55.53921568627451,-9070.0,356
GAP5P__field_size_band=15-16__market_rank_band=16-20,GAP5P,field_size_band=15-16;market_rank_band=16-20,False,1804,29,78.85254988913526,-38150.0,75.27161862527716,4.541300527240773,68.41799709724238,102.68096514745308,373,31,1.7184035476718404,10.652920962199312,1773,27,75.17766497461929,-44010.0,2064,85.35368217054264,-30230.0,330,4,54.666666666666664,-14960.0,325,55.50769230769231,393,62.49363867684478,-14740.0,357
GAP7_9__surface=TURF__distance_band=1801-2200,GAP7_9,surface=TURF;distance_band=1801-2200,False,324,8,90.4320987654321,-3100.0,71.66666666666667,20.75085324232082,68.4090909090909,109.15384615384616,62,0,0.0,0.0,324,8,90.4320987654321,-3100.0,615,117.36585365853658,10680.0,53,3,212.26415094339623,5950.0,53,212.26415094339623,121,146.8595041322314,5670.0,358
GAP3_4__model_rank_band=6-8__l17_rank_band=11-20,GAP3_4,model_rank_band=6-8;l17_rank_band=11-20,False,1463,51,96.36363636363636,-5320.0,93.79357484620643,2.6670449709178605,68.3254716981132,131.8409090909091,424,0,0.0,0.0,1463,51,96.36363636363636,-5320.0,1754,104.82326111744584,8460.0,355,8,62.16901408450704,-13430.0,355,62.16901408450704,423,67.58865248226951,-13710.0,359
GAP3_4__market_rank_band=16-20__l17_rank_band=21-30,GAP3_4,market_rank_band=16-20;l17_rank_band=21-30,False,1132,21,98.56007067137809,-1630.0,90.37102473498233,8.308685130411401,68.26086956521739,156.73992673992674,273,0,0.0,0.0,1132,21,98.56007067137809,-1630.0,1423,108.53829936753338,12150.0,335,9,123.64179104477611,7920.0,335,123.64179104477611,403,118.95781637717121,7640.0,360
GAP0_2__field_size_band=15-16__surface=DIRT,GAP0_2,field_size_band=15-16;surface=DIRT,False,2875,133,70.51478260869565,-84770.0,68.85217391304347,2.3578158141370293,68.0672268907563,71.8894472361809,928,0,0.0,0.0,2875,133,70.51478260869565,-84770.0,3166,77.57738471257107,-70990.0,1005,37,53.6318407960199,-46600.0,1005,53.6318407960199,1073,56.309412861137,-46880.0,361
GAP0_2__surface=DIRT__distance_band=1401-1800,GAP0_2,surface=DIRT;distance_band=1401-1800,False,2447,132,77.10666121781773,-56020.0,74.78953821005312,3.0050879796480814,68.04213135068153,85.18879415347138,807,0,0.0,0.0,2447,132,77.10666121781773,-56020.0,2738,84.572680788897,-42240.0,813,35,60.72570725707257,-31930.0,813,60.72570725707257,881,63.43927355278093,-32210.0,362
GAP5P__odds_band=40-60__market_rank_band=16-20,GAP5P,odds_band=40-60;market_rank_band=16-20,False,2571,43,78.83702839362115,-54410.0,76.5071956437184,2.955251862450047,68.02631578947368,86.0,553,25,0.9723842862699339,8.59106529209622,2546,41,76.09190887666928,-60870.0,2837,83.40148043708142,-47090.0,490,9,87.77551020408163,-5990.0,487,88.31622176591375,555,89.24324324324324,-5970.0,363
GAP0_2__surface=DIRT__distance_band=<=1400,GAP0_2,surface=DIRT;distance_band=<=1400,False,2188,109,79.72120658135283,-44370.0,77.57769652650822,2.6887576678323684,68.0246913580247,93.23119777158774,718,0,0.0,0.0,2188,109,79.72120658135283,-44370.0,2479,87.66034691407826,-30590.0,717,30,64.78382147838215,-25250.0,717,64.78382147838215,785,67.47770700636943,-25530.0,364
GAP3_4__surface=TURF,GAP3_4,surface=TURF,False,4081,123,71.00710610144573,-118320.0,69.46581720166625,2.170612188556836,67.99154334038055,77.1990171990172,1221,0,0.0,0.0,4081,123,71.00710610144573,-118320.0,4372,76.08874656907594,-104540.0,1065,30,73.6056338028169,-28110.0,1065,73.6056338028169,1133,74.94263018534863,-28390.0,365
GAP0_2__market_rank_band=16-20__l17_rank_band=21-30,GAP0_2,market_rank_band=16-20;l17_rank_band=21-30,False,847,15,77.67414403778041,-18910.0,71.40495867768595,8.071135430916552,67.85977859778598,92.01298701298701,268,0,0.0,0.0,847,15,77.67414403778041,-18910.0,1138,95.49209138840071,-5130.0,313,7,99.1373801916933,-270.0,313,99.1373801916933,381,98.55643044619423,-550.0,366
GAP5_6__l17_rank_band=<=10,GAP5_6,l17_rank_band=<=10,False,1428,42,80.53921568627452,-27790.0,77.4719887955182,3.808364490044344,67.85416666666667,98.05970149253731,335,0,0.0,0.0,1428,42,80.53921568627452,-27790.0,1719,91.84991273996509,-14010.0,212,8,90.94339622641509,-1920.0,212,90.94339622641509,280,92.14285714285714,-2200.0,367
GAP0_2__field_size_band=13-14__l17_rank_band=21-30,GAP0_2,field_size_band=13-14;l17_rank_band=21-30,False,977,33,97.62538382804503,-2320.0,91.86284544524054,5.902704969595303,67.80564263322884,126.74193548387096,310,0,0.0,0.0,977,33,97.62538382804503,-2320.0,1268,109.03785488958991,11460.0,400,8,65.725,-13710.0,400,65.725,468,70.1068376068376,-13990.0,368
GAP0_2__model_rank_band=6-8__l17_rank_band=11-20,GAP0_2,model_rank_band=6-8;l17_rank_band=11-20,False,3759,127,75.64511838254855,-91550.0,74.59962756052141,1.3820995252329875,67.77510040160642,80.82191780821918,1095,0,0.0,0.0,3759,127,75.64511838254855,-91550.0,4050,80.79753086419753,-77770.0,1577,62,85.44705136334812,-22950.0,1577,85.44705136334812,1645,85.87841945288754,-23230.0,369
GAP5_6__pair_worse_rank_band=7-10__field_size_band=<=12,GAP5_6,pair_worse_rank_band=7-10;field_size_band=<=12,False,685,17,96.30656934306569,-2530.0,76.45255474452554,20.6154312566318,67.74703557312253,115.062893081761,114,0,0.0,0.0,685,17,96.30656934306569,-2530.0,976,111.52663934426229,11250.0,77,1,34.8051948051948,-5020.0,77,34.8051948051948,145,63.44827586206897,-5300.0,370
GAP3_4__surface=DIRT,GAP3_4,surface=DIRT,False,4032,141,85.87797619047619,-56940.0,83.57886904761905,2.6771789984404784,67.74489076814658,95.84151472650771,1187,0,0.0,0.0,4032,141,85.87797619047619,-56940.0,4323,90.01619245894055,-43160.0,1044,26,74.02298850574712,-27120.0,1044,74.02298850574712,1112,75.35971223021583,-27400.0,371
GAP5_6__odds_band=20-40__market_rank_band=16-20,GAP5_6,odds_band=20-40;market_rank_band=16-20,False,289,8,101.66089965397924,480.0,88.02768166089966,13.410483321987746,67.70642201834862,123.79310344827586,64,0,0.0,0.0,289,8,101.66089965397924,480.0,580,124.58620689655173,14260.0,43,0,0.0,-4300.0,43,0.0,111,58.73873873873874,-4580.0,372
GAP10P__surface=DIRT,GAP10P,surface=DIRT,False,894,16,90.41387024608501,-8570.0,81.06263982102908,10.342694544104912,67.65536723163842,136.08490566037736,212,159,17.78523489932886,54.63917525773196,735,11,72.80272108843538,-19990.0,1026,93.94736842105263,-6210.0,137,1,47.59124087591241,-7180.0,95,0.0,163,40.0,-9780.0,373
GAP3_4__odds_band=40-60__market_rank_band=16-20,GAP3_4,odds_band=40-60;market_rank_band=16-20,False,2061,35,79.82047549733139,-41590.0,76.99660359049005,3.537778858428059,67.62658227848101,92.21614227086184,632,0,0.0,0.0,2061,35,79.82047549733139,-41590.0,2352,88.17602040816327,-27810.0,796,18,107.91457286432161,6300.0,796,107.91457286432161,864,106.9675925925926,6020.0,374
GAP5_6__odds_band=<20__model_rank_band=4-5,GAP5_6,odds_band=<20;model_rank_band=4-5,False,72,7,166.66666666666666,4800.0,139.58333333333334,16.25,67.6,258.94736842105266,19,0,0.0,0.0,72,7,166.66666666666666,4800.0,363,151.18457300275483,18580.0,6,0,0.0,-600.0,6,0.0,74,88.10810810810811,-880.0,375
GAP3_4__odds_band=<20__field_size_band=15-16,GAP3_4,odds_band=<20;field_size_band=15-16,False,1185,65,83.86497890295358,-19120.0,82.18565400843882,2.0024149728315557,67.56281407035176,94.63312368972747,310,0,0.0,0.0,1185,65,83.86497890295358,-19120.0,1476,96.3821138211382,-5340.0,253,14,84.86166007905139,-3830.0,253,84.86166007905139,321,87.19626168224299,-4110.0,376
GAP5P__odds_band=60-80__field_size_band=17+,GAP5P,odds_band=60-80;field_size_band=17+,False,302,5,115.43046357615894,4660.0,90.13245033112582,21.9162363740677,67.41071428571429,158.52713178294573,61,0,0.0,0.0,302,5,115.43046357615894,4660.0,593,131.09612141652613,18440.0,41,1,167.0731707317073,2750.0,41,167.0731707317073,109,122.66055045871559,2470.0,377
GAP0_2__pair_worse_rank_band=7-10__field_size_band=15-16,GAP0_2,pair_worse_rank_band=7-10;field_size_band=15-16,False,3455,111,77.71345875542691,-77000.0,75.95947901591896,2.2569832402234637,67.36145574855253,84.25942156003505,1105,0,0.0,0.0,3455,111,77.71345875542691,-77000.0,3746,83.12333155365724,-63220.0,1350,47,85.62962962962963,-19400.0,1350,85.62962962962963,1418,86.1212976022567,-19680.0,378
GAP3_4__field_size_band=13-14__l17_rank_band=<=10,GAP3_4,field_size_band=13-14;l17_rank_band=<=10,False,797,36,88.85821831869511,-8880.0,82.62233375156838,7.017791584298221,67.35191637630662,128.66666666666666,225,0,0.0,0.0,797,36,88.85821831869511,-8880.0,1088,104.50367647058823,4900.0,157,3,31.146496815286625,-10810.0,157,31.146496815286625,225,50.71111111111111,-11090.0,379
GAP5P__odds_band=20-40__field_size_band=15-16,GAP5P,odds_band=20-40;field_size_band=15-16,False,1809,45,77.23051409618574,-41190.0,75.04145936981757,2.8344427743182306,67.33050847457628,84.51834862385321,436,4,0.22111663902708678,1.3745704467353952,1805,45,77.4016620498615,-40790.0,2096,87.1135496183206,-27010.0,297,13,118.98989898989899,5640.0,295,119.79661016949153,363,115.3168044077135,5560.0,380
GAP3_4__market_rank_band=16-20__l17_rank_band=<=10,GAP3_4,market_rank_band=16-20;l17_rank_band=<=10,False,331,7,91.41993957703927,-2840.0,69.93957703927492,23.49636483807006,67.3170731707317,123.65853658536585,85,0,0.0,0.0,331,7,91.41993957703927,-2840.0,622,117.58842443729904,10940.0,110,0,0.0,-11000.0,110,0.0,178,36.62921348314607,-11280.0,381
GAP5_6__model_rank_band=9-10__l17_rank_band=11-20,GAP5_6,model_rank_band=9-10;l17_rank_band=11-20,False,358,9,90.6145251396648,-3360.0,77.01117318435755,15.01233045622688,67.28,143.95833333333334,48,0,0.0,0.0,358,9,90.6145251396648,-3360.0,649,116.05546995377505,10420.0,38,0,0.0,-3800.0,38,0.0,106,61.509433962264154,-4080.0,382
GAP0_2__model_rank_band=4-5__l17_rank_band=31-40,GAP0_2,model_rank_band=4-5;l17_rank_band=31-40,False,117,6,92.82051282051282,-840.0,71.7094017094017,22.74401473296501,67.27272727272727,117.17391304347827,33,0,0.0,0.0,117,6,92.82051282051282,-840.0,408,131.7156862745098,12940.0,52,3,121.34615384615384,1110.0,52,121.34615384615384,120,106.91666666666667,830.0,383
GAP10P,GAP10P,NONE,False,1945,35,95.59897172236504,-8560.0,90.79691516709512,5.023125739485856,67.21845318860244,130.2635046113307,449,291,14.961439588688947,100.0,1654,28,86.49334945586457,-22340.0,1945,95.59897172236504,-8560.0,344,4,51.33720930232558,-16740.0,276,40.36231884057971,344,51.33720930232558,-16740.0,384
GAP3_4__model_rank_band=11-15__l17_rank_band=21-30,GAP3_4,model_rank_band=11-15;l17_rank_band=21-30,False,1486,25,85.04037685060565,-22230.0,78.8021534320323,7.3356018042256865,67.21453287197232,133.51282051282053,390,0,0.0,0.0,1486,25,85.04037685060565,-22230.0,1777,95.24479459763647,-8450.0,414,9,100.04830917874396,20.0,414,100.04830917874396,482,99.46058091286307,-260.0,385
GAP5_6__pair_worse_rank_band=7-10,GAP5_6,pair_worse_rank_band=7-10,False,2965,69,84.18887015177066,-46880.0,79.60202360876897,5.448281387709319,67.192,104.52252252252252,605,0,0.0,0.0,2965,69,84.18887015177066,-46880.0,3256,89.83415233415234,-33100.0,465,6,41.46236559139785,-27220.0,465,41.46236559139785,533,48.405253283302066,-27500.0,386
GAP0_2__field_size_band=15-16__model_rank_band=6-8,GAP0_2,field_size_band=15-16;model_rank_band=6-8,False,3142,103,73.86378103119033,-82120.0,72.81985996180777,1.4133057566356428,67.17001055966209,76.96678321678321,947,0,0.0,0.0,3142,103,73.86378103119033,-82120.0,3433,80.0932129332945,-68340.0,1319,39,64.85216072782411,-46360.0,1319,64.85216072782411,1387,66.37346791636625,-46640.0,387
GAP0_2__model_rank_band=11-15__l17_rank_band=21-30,GAP0_2,model_rank_band=11-15;l17_rank_band=21-30,False,3393,66,78.16386678455643,-74090.0,75.90627763041556,2.888277214283021,67.12820512820512,99.07114624505928,1012,0,0.0,0.0,3393,66,78.16386678455643,-74090.0,3684,83.62920738327904,-60310.0,1370,27,75.23357664233576,-33930.0,1370,75.23357664233576,1438,76.21001390820584,-34210.0,388
GAP0_2__model_rank_band=6-8,GAP0_2,model_rank_band=6-8,False,8118,269,70.69228874106923,-237920.0,70.169992609017,0.7388304175088869,67.10943396226415,72.67381803734605,2517,0,0.0,0.0,8118,269,70.69228874106923,-237920.0,8409,73.34522535378761,-224140.0,3135,108,70.30622009569377,-93090.0,3135,70.30622009569377,3203,70.84920387137059,-93370.0,389
GAP0_2__market_rank_band=<=10__model_rank_band=6-8,GAP0_2,market_rank_band=<=10;model_rank_band=6-8,False,8118,269,70.69228874106923,-237920.0,70.169992609017,0.7388304175088869,67.10943396226415,72.67381803734605,2517,0,0.0,0.0,8118,269,70.69228874106923,-237920.0,8409,73.34522535378761,-224140.0,3135,108,70.30622009569377,-93090.0,3135,70.30622009569377,3203,70.84920387137059,-93370.0,390
GAP5P__market_rank_band=<=10,GAP5P,market_rank_band=<=10,False,1954,68,80.81883316274309,-37480.0,78.9611054247697,2.298632218844985,66.82692307692308,113.22245322245323,481,0,0.0,0.0,1954,68,80.81883316274309,-37480.0,2245,89.44320712694878,-23700.0,274,13,101.2043795620438,330.0,274,101.2043795620438,342,100.14619883040936,50.0,391
GAP0_2__field_size_band=<=12__l17_rank_band=21-30,GAP0_2,field_size_band=<=12;l17_rank_band=21-30,False,1464,47,95.64890710382514,-6370.0,90.41666666666667,5.470256373634221,66.80412371134021,149.88290398126463,427,0,0.0,0.0,1464,47,95.64890710382514,-6370.0,1755,104.22222222222223,7410.0,514,12,71.7704280155642,-14510.0,514,71.7704280155642,582,74.58762886597938,-14790.0,392
GAP5P__field_size_band=<=12__market_rank_band=11-15,GAP5P,field_size_band=<=12;market_rank_band=11-15,False,717,17,76.20641562064156,-17060.0,70.0976290097629,8.016105417276721,66.79611650485437,85.21739130434783,138,0,0.0,0.0,717,17,76.20641562064156,-17060.0,1008,96.74603174603175,-3280.0,51,0,0.0,-5100.0,51,0.0,119,54.78991596638655,-5380.0,393
GAP10P__odds_band=20-40,GAP10P,odds_band=20-40,False,475,14,96.18947368421053,-1810.0,87.89473684210526,8.623331144670606,66.73267326732673,157.41007194244605,101,4,0.8421052631578947,1.3745704467353952,471,14,97.00636942675159,-1410.0,762,116.23359580052494,12370.0,37,2,171.8918918918919,2660.0,35,181.71428571428572,103,125.04854368932038,2580.0,394
GAP5P__field_size_band=<=12__model_rank_band=4-5,GAP5P,field_size_band=<=12;model_rank_band=4-5,False,300,12,87.96666666666667,-3610.0,78.73333333333333,10.496400151572566,66.64556962025317,193.1818181818182,44,0,0.0,0.0,300,12,87.96666666666667,-3610.0,591,117.20812182741116,10170.0,24,1,111.66666666666667,280.0,24,111.66666666666667,92,100.0,0.0,395
GAP3_4__pair_worse_rank_band=<=6__field_size_band=<=12,GAP3_4,pair_worse_rank_band=<=6;field_size_band=<=12,False,1774,66,73.65276211950395,-46740.0,70.10710259301014,4.814021123526711,66.63507109004739,79.69574036511156,493,0,0.0,0.0,1774,66,73.65276211950395,-46740.0,2065,84.03874092009686,-32960.0,286,12,68.63636363636364,-8970.0,286,68.63636363636364,354,73.87005649717514,-9250.0,396
GAP5P__pair_worse_rank_band=<=6,GAP5P,pair_worse_rank_band=<=6,False,3432,84,79.02389277389277,-71990.0,77.0483682983683,2.4999078205080933,66.59030837004406,94.31870669745959,866,46,1.3403263403263403,15.807560137457045,3386,83,78.33727111636149,-73350.0,3677,83.79929290182214,-59570.0,471,8,48.40764331210191,-24300.0,462,49.35064935064935,530,55.320754716981135,-23680.0,397
GAP7_9__odds_band=20-40__model_rank_band=1-3,GAP7_9,odds_band=20-40;model_rank_band=1-3,False,545,15,77.55963302752293,-12230.0,70.60550458715596,8.966169860421102,66.4622641509434,99.31297709923665,131,0,0.0,0.0,545,15,77.55963302752293,-12230.0,836,101.85406698564593,1550.0,79,1,30.0,-5530.0,79,30.0,147,60.476190476190474,-5810.0,398
GAP0_2__field_size_band=13-14__model_rank_band=9-10,GAP0_2,field_size_band=13-14;model_rank_band=9-10,False,1146,33,79.12739965095986,-23920.0,75.34904013961605,4.775033083370093,66.44908616187989,101.84971098265896,346,0,0.0,0.0,1146,33,79.12739965095986,-23920.0,1437,92.94363256784969,-10140.0,499,20,113.12625250501002,6550.0,499,113.12625250501002,567,111.05820105820106,6270.0,399
GAP5_6__field_size_band=<=12__market_rank_band=11-15,GAP5_6,field_size_band=<=12;market_rank_band=11-15,False,531,13,79.75517890772129,-10750.0,71.5065913370998,10.342384887839433,66.44549763033176,112.0,105,0,0.0,0.0,531,13,79.75517890772129,-10750.0,822,103.68613138686132,3030.0,40,0,0.0,-4000.0,40,0.0,108,60.370370370370374,-4280.0,400
GAP5P__odds_band=40-60__field_size_band=15-16,GAP5P,odds_band=40-60;field_size_band=15-16,False,1820,35,92.92857142857143,-12870.0,89.65384615384616,3.5239165139242004,66.38518518518518,144.27586206896552,435,99,5.43956043956044,34.02061855670103,1721,31,86.31609529343405,-23550.0,2012,95.1441351888668,-9770.0,359,3,37.71587743732591,-22360.0,345,39.2463768115942,413,48.57142857142857,-21240.0,401
GAP5_6__field_size_band=15-16__market_rank_band=11-15,GAP5_6,field_size_band=15-16;market_rank_band=11-15,False,1075,26,80.19534883720931,-21290.0,75.77674418604651,5.509801647140703,66.2992125984252,101.48058252427184,254,0,0.0,0.0,1075,26,80.19534883720931,-21290.0,1366,94.50219619326501,-7510.0,184,3,52.391304347826086,-8760.0,184,52.391304347826086,252,64.12698412698413,-9040.0,402
GAP5P,GAP5P,NONE,False,6459,138,86.89580430407183,-84640.0,85.44976002477163,1.664112888857214,66.0576923076923,103.32904884318766,1556,291,4.505341384115188,100.0,6168,131,84.04345006485084,-98420.0,6459,86.89580430407183,-84640.0,1261,23,72.91831879460746,-34150.0,1193,71.60938809723386,1261,72.91831879460746,-34150.0,403
GAP5P__pair_worse_rank_band=7-10__field_size_band=<=12,GAP5P,pair_worse_rank_band=7-10;field_size_band=<=12,False,966,19,89.8343685300207,-9820.0,75.75569358178053,15.671813781977415,66.03658536585365,98.91647855530474,164,0,0.0,0.0,966,19,89.8343685300207,-9820.0,1257,103.15035799522673,3960.0,106,1,25.28301886792453,-7920.0,106,25.28301886792453,174,52.87356321839081,-8200.0,404
GAP0_2__distance_band=1801-2200,GAP0_2,distance_band=1801-2200,False,1563,82,74.40179142674344,-40010.0,71.39475367882278,4.041620087711755,66.01518026565465,87.93436293436294,518,0,0.0,0.0,1563,82,74.40179142674344,-40010.0,1854,85.85221143473571,-26230.0,520,28,75.67307692307692,-12650.0,520,75.67307692307692,588,78.01020408163265,-12930.0,405
GAP5P__odds_band=20-40__market_rank_band=<=10,GAP5P,odds_band=20-40;market_rank_band=<=10,False,1464,45,81.54371584699453,-27020.0,79.06420765027322,3.0407103367398225,65.99290780141844,106.55172413793103,377,0,0.0,0.0,1464,45,81.54371584699453,-27020.0,1755,92.45584045584046,-13240.0,218,9,100.18348623853211,40.0,218,100.18348623853211,286,99.16083916083916,-240.0,406
GAP5P__field_size_band=15-16__surface=DIRT,GAP5P,field_size_band=15-16;surface=DIRT,False,2019,41,87.60772659732541,-25020.0,83.46706290242695,4.72636815920398,65.91755319148936,109.14342629482071,502,159,7.8751857355126305,54.63917525773196,1860,36,80.40860215053763,-36440.0,2151,89.4653649465365,-22660.0,445,8,57.59550561797753,-18870.0,403,47.41935483870968,471,54.41613588110403,-21470.0,407
GAP0_2__model_rank_band=9-10,GAP0_2,model_rank_band=9-10,False,6540,165,74.71559633027523,-165360.0,73.96941896024465,0.9986902423051736,65.91687041564792,81.87,2000,0,0.0,0.0,6540,165,74.71559633027523,-165360.0,6831,77.80998389694042,-151580.0,2776,93,92.52521613832853,-20750.0,2776,92.52521613832853,2844,92.60548523206751,-21030.0,408
GAP10_14__field_size_band=13-14__surface=TURF,GAP10_14,field_size_band=13-14;surface=TURF,False,159,5,125.34591194968553,4030.0,88.99371069182389,29.001505268439537,65.89285714285714,280.0,31,0,0.0,0.0,159,5,125.34591194968553,4030.0,450,139.57777777777778,17810.0,18,0,0.0,-1800.0,18,0.0,86,75.81395348837209,-2080.0,409
GAP0_2__model_rank_band=9-10__l17_rank_band=11-20,GAP0_2,model_rank_band=9-10;l17_rank_band=11-20,False,3216,86,79.11069651741293,-67180.0,77.59328358208955,1.9180882006131594,65.7128712871287,95.94039054470709,973,0,0.0,0.0,3216,86,79.11069651741293,-67180.0,3507,84.77331052181351,-53400.0,1403,55,107.70491803278688,10810.0,1403,107.70491803278688,1471,107.15839564921822,10530.0,410
GAP5P__field_size_band=15-16,GAP5P,field_size_band=15-16,False,3046,63,90.3676953381484,-29340.0,87.30137885751806,3.393155562014096,65.68062827225131,108.55091383812011,766,291,9.553512803676954,100.0,2755,56,84.34845735027223,-43120.0,3046,90.3676953381484,-29340.0,687,13,60.87336244541485,-26880.0,619,57.027463651050084,687,60.87336244541485,-26880.0,411
GAP5P__field_size_band=15-16__market_rank_band=11-15,GAP5P,field_size_band=15-16;market_rank_band=11-15,False,1662,39,77.52105896510228,-37360.0,74.82551143200963,3.4771809996895375,65.66225165562913,118.86740331491713,362,0,0.0,0.0,1662,39,77.52105896510228,-37360.0,1953,87.92626728110599,-23580.0,251,7,85.13944223107569,-3730.0,251,85.13944223107569,319,87.4294670846395,-4010.0,412
GAP5P__pair_worse_rank_band=<=6__field_size_band=15-16,GAP5P,pair_worse_rank_band=<=6;field_size_band=15-16,False,1556,34,76.426735218509,-36680.0,72.59640102827764,5.011772620248907,65.625,92.74509803921569,408,46,2.956298200514139,15.807560137457045,1510,33,74.80794701986756,-38040.0,1801,86.52970571904497,-24260.0,249,5,47.028112449799195,-13190.0,240,48.791666666666664,308,59.188311688311686,-12570.0,413
GAP5P__odds_band=20-40__market_rank_band=16-20,GAP5P,odds_band=20-40;market_rank_band=16-20,False,628,15,85.47770700636943,-9120.0,79.20382165605096,7.339791356184799,65.61643835616438,128.1021897810219,137,4,0.6369426751592356,1.3745704467353952,624,15,86.02564102564102,-8720.0,915,105.53005464480874,5060.0,75,0,0.0,-7500.0,73,0.0,141,46.241134751773046,-7580.0,414
GAP0_2__market_rank_band=<=10__l17_rank_band=11-20,GAP0_2,market_rank_band=<=10;l17_rank_band=11-20,False,6652,311,81.12297053517739,-125570.0,80.42543595911005,0.8598484146544855,65.58620689655173,91.43617021276596,2033,0,0.0,0.0,6652,311,81.12297053517739,-125570.0,6943,83.89889096932161,-111790.0,2635,118,82.53889943074003,-46010.0,2635,82.53889943074003,2703,82.87458379578247,-46290.0,415
GAP3_4__distance_band=1401-1800,GAP3_4,distance_band=1401-1800,False,3376,110,79.82523696682465,-68110.0,77.07938388625593,3.439830791495046,65.55926544240401,89.54081632653062,1002,0,0.0,0.0,3376,110,79.82523696682465,-68110.0,3667,85.184074175075,-54330.0,869,25,80.0115074798619,-17370.0,869,80.0115074798619,937,81.1632870864461,-17650.0,416
GAP5P__field_size_band=15-16__surface=TURF,GAP5P,field_size_band=15-16;surface=TURF,False,1027,22,95.7935735150925,-4320.0,86.69912366114897,9.493799552754625,65.22842639593908,120.10840108401084,264,132,12.85296981499513,45.36082474226804,895,20,92.53631284916202,-6680.0,1186,105.98650927487353,7100.0,242,5,66.90082644628099,-8010.0,216,74.95370370370371,284,79.96478873239437,-5690.0,417
GAP7_9__model_rank_band=1-3,GAP7_9,model_rank_band=1-3,False,614,18,77.36156351791531,-13900.0,71.18892508143323,7.978947368421053,65.18518518518519,91.61971830985915,142,0,0.0,0.0,614,18,77.36156351791531,-13900.0,905,99.86740331491713,-120.0,87,1,27.24137931034483,-6330.0,87,27.24137931034483,155,57.354838709677416,-6610.0,418
GAP7_9__field_size_band=13-14__market_rank_band=<=10,GAP7_9,field_size_band=13-14;market_rank_band=<=10,False,80,3,82.625,-1390.0,50.5,38.88048411497731,65.0,95.18518518518519,25,0,0.0,0.0,80,3,82.625,-1390.0,371,133.39622641509433,12390.0,6,0,0.0,-600.0,6,0.0,74,88.10810810810811,-880.0,419
GAP3_4__field_size_band=15-16__model_rank_band=9-10,GAP3_4,field_size_band=15-16;model_rank_band=9-10,False,899,22,87.37486095661846,-11350.0,81.21245828698554,7.052832590706556,64.97222222222223,128.37004405286345,227,0,0.0,0.0,899,22,87.37486095661846,-11350.0,1190,102.04201680672269,2430.0,212,3,47.028301886792455,-11230.0,212,47.028301886792455,280,58.892857142857146,-11510.0,420
GAP5P__surface=TURF__distance_band=1401-1800,GAP5P,surface=TURF;distance_band=1401-1800,False,1075,24,92.86511627906977,-7670.0,84.1767441860465,9.355905038565561,64.8529411764706,111.65816326530613,275,39,3.627906976744186,13.402061855670103,1036,23,87.34555984555985,-13110.0,1327,100.50489826676714,670.0,203,5,106.35467980295566,1290.0,196,110.15306122448979,264,106.47727272727273,1710.0,421
GAP5P__market_rank_band=21-25,GAP5P,market_rank_band=21-25,False,1991,26,76.29834254143647,-47190.0,72.46107483676545,5.029293660720163,64.8221906116643,82.8,425,96,4.821697639377198,32.98969072164948,1895,25,77.17678100263852,-43250.0,2186,86.51875571820678,-29470.0,288,2,51.63194444444444,-13930.0,281,52.91814946619217,349,61.289398280802295,-13510.0,422
GAP3_4__field_size_band=<=12__l17_rank_band=11-20,GAP3_4,field_size_band=<=12;l17_rank_band=11-20,False,1508,43,75.44429708222812,-37030.0,71.27320954907162,5.528698250856992,64.66666666666667,85.91726618705036,375,0,0.0,0.0,1508,43,75.44429708222812,-37030.0,1799,87.07615341856587,-23250.0,278,9,86.0431654676259,-3880.0,278,86.0431654676259,346,87.97687861271676,-4160.0,423
GAP0_2__field_size_band=<=12__distance_band=1801-2200,GAP0_2,field_size_band=<=12;distance_band=1801-2200,False,716,45,76.34078212290503,-16940.0,69.83240223463687,8.525429930479326,64.5945945945946,86.51063829787235,222,0,0.0,0.0,716,45,76.34078212290503,-16940.0,1007,96.86196623634558,-3160.0,211,19,102.55924170616113,540.0,211,102.55924170616113,279,100.93189964157706,260.0,424
GAP5_6__field_size_band=15-16__model_rank_band=11-15,GAP5_6,field_size_band=15-16;model_rank_band=11-15,False,1174,20,87.06984667802385,-15180.0,81.27768313458262,6.652318528663667,64.55981941309255,106.83406113537117,273,0,0.0,0.0,1174,20,87.06984667802385,-15180.0,1465,99.04436860068259,-1400.0,250,2,37.24,-15690.0,250,37.24,318,49.77987421383648,-15970.0,425
GAP3_4__field_size_band=13-14__model_rank_band=6-8,GAP3_4,field_size_band=13-14;model_rank_band=6-8,False,641,20,85.02340093603745,-9600.0,78.76755070202807,7.3577981651376145,64.44444444444444,125.5050505050505,198,0,0.0,0.0,641,20,85.02340093603745,-9600.0,932,104.48497854077253,4180.0,144,3,55.55555555555556,-6400.0,144,55.55555555555556,212,68.49056603773585,-6680.0,426
GAP0_2__market_rank_band=16-20__l17_rank_band=11-20,GAP0_2,market_rank_band=16-20;l17_rank_band=11-20,False,1379,24,76.7005076142132,-32130.0,72.31327048585932,5.719958400302543,64.41113490364026,98.75634517766497,394,0,0.0,0.0,1379,24,76.7005076142132,-32130.0,1670,89.0119760479042,-18350.0,586,5,40.01706484641638,-35150.0,586,40.01706484641638,654,45.825688073394495,-35430.0,427
GAP0_2__field_size_band=15-16__market_rank_band=<=10,GAP0_2,field_size_band=15-16;market_rank_band=<=10,False,4174,257,75.32343076185913,-103000.0,74.5376137997125,1.0432569974554708,64.39691444600281,88.49384503982621,1367,0,0.0,0.0,4174,257,75.32343076185913,-103000.0,4465,80.01791713325868,-89220.0,1471,87,71.26444595513256,-42270.0,1471,71.26444595513256,1539,72.35217673814165,-42550.0,428
GAP7_9__odds_band=20-40__model_rank_band=6-8,GAP7_9,odds_band=20-40;model_rank_band=6-8,False,513,15,95.92592592592592,-2090.0,88.44054580896686,7.8032920138183295,64.39153439153439,127.60416666666667,96,0,0.0,0.0,513,15,95.92592592592592,-2090.0,804,114.53980099502488,11690.0,46,0,0.0,-4600.0,46,0.0,114,57.19298245614035,-4880.0,429
GAP3_4__model_rank_band=11-15__l17_rank_band=41-60,GAP3_4,model_rank_band=11-15;l17_rank_band=41-60,False,373,6,72.06434316353888,-10420.0,58.23056300268097,19.196428571428573,64.14285714285714,91.88118811881188,101,0,0.0,0.0,373,6,72.06434316353888,-10420.0,664,105.06024096385542,3360.0,141,5,172.9078014184397,10280.0,141,172.9078014184397,209,147.8468899521531,10000.0,430
GAP3_4__field_size_band=17+__model_rank_band=6-8,GAP3_4,field_size_band=17+;model_rank_band=6-8,False,275,8,87.01818181818182,-3570.0,73.85454545454546,15.127455077308817,64.13461538461539,103.65853658536585,82,0,0.0,0.0,275,8,87.01818181818182,-3570.0,566,118.03886925795052,10210.0,86,1,27.558139534883722,-6230.0,86,27.558139534883722,154,57.72727272727273,-6510.0,431
GAP0_2__field_size_band=15-16,GAP0_2,field_size_band=15-16,False,4212,195,72.57597340930674,-115510.0,71.44112060778727,1.5636756190912362,64.10779315367807,77.04293628808864,1373,0,0.0,0.0,4212,195,72.57597340930674,-115510.0,4503,77.40839440373085,-101730.0,1474,65,73.86702849389417,-38520.0,1474,73.86702849389417,1542,74.8378728923476,-38800.0,432
GAP3_4__field_size_band=<=12__surface=TURF,GAP3_4,field_size_band=<=12;surface=TURF,False,1498,47,66.9826435246996,-49460.0,62.78371161548731,6.268686466015547,64.06307977736549,71.92771084337349,415,0,0.0,0.0,1498,47,66.9826435246996,-49460.0,1789,80.05589714924538,-35680.0,297,8,64.04040404040404,-10680.0,297,64.04040404040404,365,69.97260273972603,-10960.0,433
GAP5P__model_rank_band=1-3__l17_rank_band=11-20,GAP5P,model_rank_band=1-3;l17_rank_band=11-20,False,594,22,85.53872053872054,-8590.0,80.16835016835017,6.278291674867152,63.99038461538461,119.12162162162163,148,6,1.0101010101010102,2.0618556701030926,588,22,86.41156462585035,-7990.0,879,106.58703071672355,5790.0,73,0,0.0,-7300.0,73,0.0,141,46.241134751773046,-7580.0,434
GAP0_2__odds_band=20-40,GAP0_2,odds_band=20-40,False,9617,269,76.0361859207653,-230460.0,75.6244150982635,0.5415458672939117,63.95242451967063,88.92891297417916,3137,0,0.0,0.0,9617,269,76.0361859207653,-230460.0,9908,78.13080339119904,-216680.0,3383,101,79.31126219331954,-69990.0,3383,79.31126219331954,3451,79.63778614894234,-70270.0,435
GAP5_6__surface=DIRT__distance_band=<=1400,GAP5_6,surface=DIRT;distance_band=<=1400,False,1130,23,80.61061946902655,-21910.0,74.59292035398231,7.465144362718191,63.85487528344671,107.6923076923077,260,0,0.0,0.0,1130,23,80.61061946902655,-21910.0,1421,94.2786769880366,-8130.0,209,6,79.66507177033493,-4250.0,209,79.66507177033493,277,83.64620938628158,-4530.0,436
GAP5_6__field_size_band=15-16__market_rank_band=<=10,GAP5_6,field_size_band=15-16;market_rank_band=<=10,False,762,24,76.3254593175853,-18040.0,71.56167979002625,6.2414030261348,63.8235294117647,87.23549488054607,197,0,0.0,0.0,762,24,76.3254593175853,-18040.0,1053,95.95441595441595,-4260.0,129,10,173.87596899224806,9530.0,129,173.87596899224806,197,146.9543147208122,9250.0,437
GAP10P__l17_rank_band=41-60,GAP10P,l17_rank_band=41-60,False,544,11,106.13970588235294,3340.0,90.05514705882354,15.15413924489089,63.778625954198475,227.12962962962962,108,73,13.419117647058824,25.085910652920962,471,10,113.94904458598727,6570.0,762,126.70603674540682,20350.0,108,1,33.888888888888886,-7140.0,95,38.526315789473685,163,62.45398773006135,-6120.0,438
GAP5_6__market_rank_band=16-20,GAP5_6,market_rank_band=16-20,False,2290,35,74.1353711790393,-59230.0,71.06986899563319,4.135006184838311,63.70575221238938,83.47285067873302,502,0,0.0,0.0,2290,35,74.1353711790393,-59230.0,2581,82.39054629988377,-45450.0,457,6,69.58424507658643,-13900.0,457,69.58424507658643,525,72.99047619047619,-14180.0,439
GAP5_6__field_size_band=15-16__distance_band=<=1400,GAP5_6,field_size_band=15-16;distance_band=<=1400,False,1090,25,90.04587155963303,-10850.0,83.80733944954129,6.9281711665817625,63.61904761904762,123.46534653465346,266,0,0.0,0.0,1090,25,90.04587155963303,-10850.0,1381,102.12165097755249,2930.0,238,7,84.83193277310924,-3610.0,238,84.83193277310924,306,87.2875816993464,-3890.0,440
GAP0_2__market_rank_band=11-15__l17_rank_band=<=10,GAP0_2,market_rank_band=11-15;l17_rank_band=<=10,False,4090,97,80.22249388753056,-80890.0,78.74083129584352,1.846941574471976,63.56020942408377,100.08149959250204,1227,0,0.0,0.0,4090,97,80.22249388753056,-80890.0,4381,84.68157954804839,-67110.0,1722,44,82.14285714285714,-30750.0,1722,82.14285714285714,1790,82.66480446927375,-31030.0,441
GAP3_4__odds_band=<20__field_size_band=13-14,GAP3_4,odds_band=<20;field_size_band=13-14,False,593,35,87.85834738617201,-7200.0,84.63743676222597,3.6660268714011517,63.513513513513516,127.85276073619632,163,0,0.0,0.0,593,35,87.85834738617201,-7200.0,884,107.44343891402715,6580.0,97,6,87.01030927835052,-1260.0,97,87.01030927835052,165,90.66666666666667,-1540.0,442
GAP5P__field_size_band=13-14,GAP5P,field_size_band=13-14,False,1302,31,82.62672811059907,-22620.0,77.27342549923195,6.4788994236847,63.462321792260695,140.84967320261438,306,0,0.0,0.0,1302,31,82.62672811059907,-22620.0,1593,94.45072190834902,-8840.0,234,2,70.34188034188034,-6940.0,234,70.34188034188034,302,76.09271523178808,-7220.0,443
GAP0_2__field_size_band=<=12__market_rank_band=<=10,GAP0_2,field_size_band=<=12;market_rank_band=<=10,False,3391,287,78.6729578295488,-72320.0,77.85019168386907,1.0458055326486244,63.45517841601392,91.33505598621878,1081,0,0.0,0.0,3391,287,78.6729578295488,-72320.0,3682,84.1010320478001,-58540.0,1041,99,83.11239193083574,-17580.0,1041,83.11239193083574,1109,83.89540126239855,-17860.0,444
GAP5_6__pair_worse_rank_band=7-10__field_size_band=15-16,GAP5_6,pair_worse_rank_band=7-10;field_size_band=15-16,False,1394,32,80.47345767575322,-27220.0,75.86083213773314,5.731859511499376,63.41379310344828,104.47619047619048,289,0,0.0,0.0,1394,32,80.47345767575322,-27220.0,1685,92.02373887240356,-13440.0,242,3,34.710743801652896,-15800.0,242,34.710743801652896,310,48.12903225806452,-16080.0,445
GAP0_2__model_rank_band=1-3__l17_rank_band=41-60,GAP0_2,model_rank_band=1-3;l17_rank_band=41-60,False,86,7,96.86046511627907,-270.0,77.32558139534883,20.168067226890756,63.333333333333336,141.5,20,0,0.0,0.0,86,7,96.86046511627907,-270.0,377,135.83554376657824,13510.0,27,3,118.51851851851852,500.0,27,118.51851851851852,95,102.3157894736842,220.0,446
GAP3_4__l17_rank_band=41-60,GAP3_4,l17_rank_band=41-60,False,618,14,69.83818770226537,-18640.0,61.48867313915858,11.955514365152919,63.27188940092166,74.48430493273543,178,0,0.0,0.0,618,14,69.83818770226537,-18640.0,909,94.65346534653466,-4860.0,222,8,131.57657657657657,7010.0,222,131.57657657657657,290,123.20689655172414,6730.0,447
GAP3_4__field_size_band=15-16__l17_rank_band=41-60,GAP3_4,field_size_band=15-16;l17_rank_band=41-60,False,363,9,87.63085399449035,-4490.0,73.4159779614325,16.221314052184848,63.211009174311926,107.76923076923077,109,0,0.0,0.0,363,9,87.63085399449035,-4490.0,654,114.20489296636086,9290.0,138,2,25.0,-10350.0,138,25.0,206,48.398058252427184,-10630.0,448
GAP3_4__field_size_band=<=12__market_rank_band=11-15,GAP3_4,field_size_band=<=12;market_rank_band=11-15,False,1305,33,82.0,-23490.0,77.1800766283525,5.877955331277451,63.18930041152263,94.85549132947978,346,0,0.0,0.0,1305,33,82.0,-23490.0,1596,93.91604010025063,-9710.0,244,5,68.97540983606558,-7570.0,244,68.97540983606558,312,74.83974358974359,-7850.0,449
GAP10_14__field_size_band=15-16__surface=DIRT,GAP10_14,field_size_band=15-16;surface=DIRT,False,557,11,96.91202872531419,-1720.0,81.90305206463195,15.487217487958503,63.162393162393165,149.91803278688525,122,0,0.0,0.0,557,11,96.91202872531419,-1720.0,848,114.22169811320755,12060.0,61,0,0.0,-6100.0,61,0.0,129,50.542635658914726,-6380.0,450
GAP0_2__pair_worse_rank_band=11-14__field_size_band=13-14,GAP0_2,pair_worse_rank_band=11-14;field_size_band=13-14,False,369,13,105.1219512195122,1890.0,91.70731707317073,12.761020881670534,63.13131313131313,159.875,99,0,0.0,0.0,369,13,105.1219512195122,1890.0,660,123.74242424242425,15670.0,163,8,157.9754601226994,9450.0,163,157.9754601226994,231,139.6969696969697,9170.0,451
GAP5P__odds_band=20-40__model_rank_band=6-8,GAP5P,odds_band=20-40;model_rank_band=6-8,False,1854,40,69.2017259978425,-57100.0,67.06580366774541,3.0865159781761498,63.12230215827338,77.03271028037383,428,0,0.0,0.0,1854,40,69.2017259978425,-57100.0,2145,79.8041958041958,-43320.0,252,7,82.3015873015873,-4460.0,252,82.3015873015873,320,85.1875,-4740.0,452
GAP5_6__model_rank_band=11-15,GAP5_6,model_rank_band=11-15,False,2378,41,85.6349873843566,-34160.0,82.6829268292683,3.4472598703594577,63.104925053533194,111.28289473684211,532,0,0.0,0.0,2378,41,85.6349873843566,-34160.0,2669,92.36418134132634,-20380.0,472,6,67.37288135593221,-15400.0,472,67.37288135593221,540,70.96296296296296,-15680.0,453
GAP5P__pair_worse_rank_band=7-10__market_rank_band=21-25,GAP5P,pair_worse_rank_band=7-10;market_rank_band=21-25,False,1223,14,65.40474243663124,-42310.0,60.07358953393295,8.15101887735967,63.08797127468582,75.09009009009009,222,44,3.597710547833197,15.120274914089347,1179,13,63.044953350296865,-43570.0,1470,79.73469387755102,-29790.0,137,2,108.54014598540147,1170.0,133,111.80451127819549,201,106.41791044776119,1290.0,454
GAP5_6__field_size_band=15-16__market_rank_band=16-20,GAP5_6,field_size_band=15-16;market_rank_band=16-20,False,1128,17,73.49290780141844,-29900.0,67.76595744680851,7.792521109770808,63.0787037037037,81.50341685649202,257,0,0.0,0.0,1128,17,73.49290780141844,-29900.0,1419,88.63988724453841,-16120.0,235,2,39.61702127659574,-14190.0,235,39.61702127659574,303,52.244224422442244,-14470.0,455
GAP5P__market_rank_band=11-15,GAP5P,market_rank_band=11-15,False,3474,82,77.08405296488198,-79610.0,75.79447322970638,1.6729526868068263,63.03051317614425,98.6468200270636,739,0,0.0,0.0,3474,82,77.08405296488198,-79610.0,3765,82.51527224435591,-65830.0,451,13,91.529933481153,-3820.0,451,91.529933481153,519,92.10019267822736,-4100.0,456
GAP10_14__market_rank_band=21-25__model_rank_band=11-15,GAP10_14,market_rank_band=21-25;model_rank_band=11-15,False,610,8,77.44262295081967,-13760.0,67.21311475409836,13.209144792548688,62.98913043478261,123.33333333333333,141,0,0.0,0.0,610,8,77.44262295081967,-13760.0,901,100.02219755826859,20.0,82,0,0.0,-8200.0,82,0.0,150,43.46666666666667,-8480.0,457
GAP10P__market_rank_band=21-25__model_rank_band=11-15,GAP10P,market_rank_band=21-25;model_rank_band=11-15,False,610,8,77.44262295081967,-13760.0,67.21311475409836,13.209144792548688,62.98913043478261,123.33333333333333,141,0,0.0,0.0,610,8,77.44262295081967,-13760.0,901,100.02219755826859,20.0,82,0,0.0,-8200.0,82,0.0,150,43.46666666666667,-8480.0,458
GAP5P__surface=DIRT,GAP5P,surface=DIRT,False,3220,63,79.61490683229813,-65640.0,77.01863354037268,3.2610391636760805,62.945859872611464,100.76315789473684,760,159,4.937888198757764,54.63917525773196,3061,58,74.82522051617119,-77060.0,3352,81.1217183770883,-63280.0,609,10,62.74220032840722,-22690.0,567,55.89065255731922,635,60.173228346456696,-25290.0,459
GAP0_2__model_rank_band=9-10__l17_rank_band=41-60,GAP0_2,model_rank_band=9-10;l17_rank_band=41-60,False,125,4,86.64,-1670.0,61.68,28.808864265927976,62.7906976744186,115.55555555555556,27,0,0.0,0.0,125,4,86.64,-1670.0,416,129.11057692307693,12110.0,67,3,139.40298507462686,2640.0,67,139.40298507462686,135,117.48148148148148,2360.0,460
GAP3_4__pair_worse_rank_band=<=6__field_size_band=15-16,GAP3_4,pair_worse_rank_band=<=6;field_size_band=15-16,False,2297,92,88.83326077492382,-25650.0,86.77405311275577,2.3180592991913747,62.741573033707866,122.3076923076923,692,0,0.0,0.0,2297,92,88.83326077492382,-25650.0,2588,95.41344667697064,-11870.0,556,22,84.91007194244604,-8390.0,556,84.91007194244604,624,86.10576923076923,-8670.0,461
GAP5_6__odds_band=60-80__market_rank_band=16-20,GAP5_6,odds_band=60-80;market_rank_band=16-20,False,456,6,86.84210526315789,-6000.0,71.44736842105263,17.727272727272727,62.72727272727273,112.45901639344262,61,0,0.0,0.0,456,6,86.84210526315789,-6000.0,747,110.41499330655957,7780.0,47,1,139.5744680851064,1860.0,47,139.5744680851064,115,113.73913043478261,1580.0,462
GAP5P__odds_band=20-40,GAP5P,odds_band=20-40,False,3802,105,83.95055234087323,-61020.0,82.90373487638085,1.2469452973243937,62.69049224544842,109.8542600896861,892,4,0.10520778537611783,1.3745704467353952,3798,105,84.03896787783043,-60620.0,4089,88.54487649792125,-46840.0,552,17,85.47101449275362,-8020.0,550,85.78181818181818,618,86.89320388349515,-8100.0,463
GAP3_4__distance_band=<=1400,GAP3_4,distance_band=<=1400,False,2994,94,74.63593854375418,-75940.0,72.58851035404142,2.743220263134342,62.635585156993336,82.44739756367663,903,0,0.0,0.0,2994,94,74.63593854375418,-75940.0,3285,81.07762557077625,-62160.0,816,17,55.943627450980394,-35950.0,816,55.943627450980394,884,59.015837104072396,-36230.0,464
GAP3_4__field_size_band=13-14,GAP3_4,field_size_band=13-14,False,1562,50,77.20870678617158,-35600.0,73.75800256081946,4.4693200663349915,62.63537906137184,88.56363636363636,458,0,0.0,0.0,1562,50,77.20870678617158,-35600.0,1853,88.22450080949811,-21820.0,404,10,85.07425742574257,-6030.0,404,85.07425742574257,472,86.63135593220339,-6310.0,465
GAP5P__field_size_band=13-14__l17_rank_band=11-20,GAP5P,field_size_band=13-14;l17_rank_band=11-20,False,702,18,89.11680911680912,-7640.0,79.1880341880342,11.141304347826088,62.58278145695364,99.96323529411765,151,0,0.0,0.0,702,18,89.11680911680912,-7640.0,993,106.18328298086607,6140.0,82,4,179.390243902439,6510.0,82,179.390243902439,150,141.53333333333333,6230.0,466
GAP0_2__odds_band=20-40__field_size_band=15-16,GAP0_2,odds_band=20-40;field_size_band=15-16,False,3905,100,70.75800256081946,-114190.0,69.74391805377721,1.4331728855271253,62.57207890743551,76.49624060150376,1257,0,0.0,0.0,3905,100,70.75800256081946,-114190.0,4196,76.07006673021925,-100410.0,1451,40,75.19641626464507,-35990.0,1451,75.19641626464507,1519,76.12244897959184,-36270.0,467
GAP5P__field_size_band=<=12__surface=DIRT,GAP5P,field_size_band=<=12;surface=DIRT,False,550,12,83.32727272727273,-9170.0,71.98181818181818,13.615535675321842,62.57142857142857,108.16753926701571,114,0,0.0,0.0,550,12,83.32727272727273,-9170.0,841,105.48156956004756,4610.0,56,1,47.857142857142854,-2920.0,56,47.857142857142854,124,74.19354838709677,-3200.0,468
GAP3_4__market_rank_band=<=10__model_rank_band=6-8,GAP3_4,market_rank_band=<=10;model_rank_band=6-8,False,1841,50,70.29331884845193,-54690.0,68.37588267246062,2.7277644695154932,62.456647398843934,83.9622641509434,566,0,0.0,0.0,1841,50,70.29331884845193,-54690.0,2132,80.81144465290807,-40910.0,411,9,61.119221411192214,-15980.0,411,61.119221411192214,479,66.05427974947808,-16260.0,469
GAP5_6__market_rank_band=11-15__model_rank_band=4-5,GAP5_6,market_rank_band=11-15;model_rank_band=4-5,False,252,8,89.32539682539682,-2690.0,75.71428571428571,15.237672145713017,62.450980392156865,140.71428571428572,56,0,0.0,0.0,252,8,89.32539682539682,-2690.0,543,120.42357274401473,11090.0,32,0,0.0,-3200.0,32,0.0,100,65.2,-3480.0,470
GAP3_4__odds_band=20-40__model_rank_band=6-8,GAP3_4,odds_band=20-40;model_rank_band=6-8,False,2983,85,79.74857525980556,-60410.0,78.48809922896413,1.5805624448274413,62.42727272727273,105.38295577130529,927,0,0.0,0.0,2983,85,79.74857525980556,-60410.0,3274,85.7574832009774,-46630.0,740,15,56.770270270270274,-31990.0,740,56.770270270270274,808,60.06188118811881,-32270.0,471
GAP3_4__market_rank_band=11-15__model_rank_band=6-8,GAP3_4,market_rank_band=11-15;model_rank_band=6-8,False,1752,51,86.2271689497717,-24130.0,83.93835616438356,2.654398623154829,62.404870624048705,135.61797752808988,534,0,0.0,0.0,1752,51,86.2271689497717,-24130.0,2043,94.93392070484582,-10350.0,442,8,54.841628959276015,-19960.0,442,54.841628959276015,510,60.31372549019608,-20240.0,472
GAP5_6__field_size_band=15-16__model_rank_band=1-3,GAP5_6,field_size_band=15-16;model_rank_band=1-3,False,461,16,80.56399132321042,-8960.0,72.68980477223427,9.773828756058158,62.33766233766234,92.11340206185567,113,0,0.0,0.0,461,16,80.56399132321042,-8960.0,752,106.40957446808511,4820.0,86,6,141.74418604651163,3590.0,86,141.74418604651163,154,121.49350649350649,3310.0,473
GAP3_4__pair_worse_rank_band=11-14__field_size_band=15-16,GAP3_4,pair_worse_rank_band=11-14;field_size_band=15-16,False,570,14,80.0701754385965,-11360.0,63.80701754385965,20.311130587204207,62.27272727272727,114.0,155,0,0.0,0.0,570,14,80.0701754385965,-11360.0,861,102.81068524970964,2420.0,230,4,66.8695652173913,-7620.0,230,66.8695652173913,298,73.48993288590604,-7900.0,474
GAP5_6__pair_worse_rank_band=<=6__field_size_band=15-16,GAP5_6,pair_worse_rank_band=<=6;field_size_band=15-16,False,1070,28,80.33644859813084,-21040.0,75.42056074766356,6.119125174499767,62.08459214501511,95.59859154929578,284,0,0.0,0.0,1070,28,80.33644859813084,-21040.0,1361,94.66568699485673,-7260.0,187,7,85.1336898395722,-2780.0,187,85.1336898395722,255,88.0,-3060.0,475
GAP0_2__odds_band=40-60__market_rank_band=16-20,GAP0_2,odds_band=40-60;market_rank_band=16-20,False,1823,33,84.46516730663741,-28320.0,81.1848601206802,3.883621249512924,62.0708446866485,102.50996015936255,502,0,0.0,0.0,1823,33,84.46516730663741,-28320.0,2114,93.12204351939451,-14540.0,864,13,71.41203703703704,-24700.0,864,71.41203703703704,932,73.19742489270386,-24980.0,476
GAP3_4__odds_band=20-40__market_rank_band=16-20,GAP3_4,odds_band=20-40;market_rank_band=16-20,False,455,11,87.6923076923077,-5600.0,79.01098901098901,9.899749373433584,62.06703910614525,111.65644171779141,113,0,0.0,0.0,455,11,87.6923076923077,-5600.0,746,110.9651474530831,8180.0,128,3,84.296875,-2010.0,128,84.296875,196,88.31632653061224,-2290.0,477
GAP0_2__odds_band=20-40__model_rank_band=6-8,GAP0_2,odds_band=20-40;model_rank_band=6-8,False,6044,168,69.36631369953673,-185150.0,68.71608206485772,0.9373881932021467,61.97434722858452,76.267087276551,1902,0,0.0,0.0,6044,168,69.36631369953673,-185150.0,6335,72.94869771112864,-171370.0,2371,68,69.61619569801772,-72040.0,2371,69.61619569801772,2439,70.34850348503485,-72320.0,478
GAP0_2__field_size_band=15-16__model_rank_band=9-10,GAP0_2,field_size_band=15-16;model_rank_band=9-10,False,2490,60,74.52208835341365,-63440.0,72.56224899598394,2.6298771286915286,61.96026490066225,89.38725490196079,755,0,0.0,0.0,2490,60,74.52208835341365,-63440.0,2781,82.14311398777419,-49660.0,1150,36,85.44347826086957,-16740.0,1150,85.44347826086957,1218,86.02627257799672,-17020.0,479
GAP3_4__market_rank_band=11-15__l17_rank_band=21-30,GAP3_4,market_rank_band=11-15;l17_rank_band=21-30,False,1101,23,74.42325158946413,-28160.0,69.81834695731153,6.187454234805956,61.94736842105263,85.76623376623377,336,0,0.0,0.0,1101,23,74.42325158946413,-28160.0,1392,89.66954022988506,-14380.0,244,3,41.84426229508197,-14190.0,244,41.84426229508197,312,53.62179487179487,-14470.0,480
GAP0_2__surface=TURF__distance_band=2201+,GAP0_2,surface=TURF;distance_band=2201+,False,650,34,75.35384615384615,-16020.0,68.47692307692307,9.126173948550429,61.91588785046729,84.92957746478874,213,0,0.0,0.0,650,34,75.35384615384615,-16020.0,941,97.61955366631243,-2240.0,195,11,86.82051282051282,-2570.0,195,86.82051282051282,263,89.16349809885932,-2850.0,481
GAP0_2__pair_worse_rank_band=<=6__market_rank_band=11-15,GAP0_2,pair_worse_rank_band=<=6;market_rank_band=11-15,False,6281,141,78.44610730775354,-135380.0,77.39531921668524,1.3395031660983927,61.866134751773046,93.02584896097314,1973,0,0.0,0.0,6281,141,78.44610730775354,-135380.0,6572,81.49726110772976,-121600.0,2390,52,70.94979079497908,-69430.0,2390,70.94979079497908,2458,71.63954434499593,-69710.0,482
GAP5_6__model_rank_band=4-5__l17_rank_band=<=10,GAP5_6,model_rank_band=4-5;l17_rank_band=<=10,False,358,14,100.19553072625699,70.0,90.6145251396648,9.562308335656537,61.86440677966102,198.8421052631579,95,0,0.0,0.0,358,14,100.19553072625699,70.0,649,121.34052388289676,13850.0,50,1,52.6,-2370.0,50,52.6,118,77.54237288135593,-2650.0,483
GAP5P__market_rank_band=16-20__model_rank_band=11-15,GAP5P,market_rank_band=16-20;model_rank_band=11-15,False,2731,41,73.97290369827901,-71080.0,71.40241669718051,3.474903474903475,61.8491921005386,98.52739726027397,584,0,0.0,0.0,2731,41,73.97290369827901,-71080.0,3022,81.03904698874918,-57300.0,537,8,79.90689013035382,-10790.0,537,79.90689013035382,605,81.70247933884298,-11070.0,484
GAP5_6__pair_worse_rank_band=<=6,GAP5_6,pair_worse_rank_band=<=6,False,2400,67,79.45,-49320.0,76.625,3.55569540591567,61.670951156812336,112.58649093904448,607,0,0.0,0.0,2400,67,79.45,-49320.0,2691,86.79301374953549,-35540.0,345,11,86.7536231884058,-4570.0,345,86.7536231884058,413,88.25665859564165,-4850.0,485
GAP3_4__model_rank_band=4-5__l17_rank_band=21-30,GAP3_4,model_rank_band=4-5;l17_rank_band=21-30,False,195,8,89.74358974358974,-2000.0,77.23076923076923,13.942857142857143,61.666666666666664,153.33333333333334,42,0,0.0,0.0,195,8,89.74358974358974,-2000.0,486,124.23868312757202,11780.0,41,1,42.68292682926829,-2350.0,41,42.68292682926829,109,75.87155963302752,-2630.0,486
GAP5P__odds_band=20-40__model_rank_band=4-5,GAP5P,odds_band=20-40;model_rank_band=4-5,False,1577,47,85.28852251109701,-23200.0,82.76474318325936,2.95910780669145,61.58631415241057,122.97520661157024,363,2,0.12682308180088775,0.6872852233676976,1575,47,85.39682539682539,-23000.0,1866,95.05894962486602,-9220.0,189,11,159.7883597883598,11300.0,189,159.7883597883598,257,142.87937743190662,11020.0,487
GAP0_2__model_rank_band=6-8__l17_rank_band=<=10,GAP0_2,model_rank_band=6-8;l17_rank_band=<=10,False,5574,194,69.24470757086473,-171430.0,68.48403301040545,1.0985309739098894,61.573650503202195,77.1229557843731,1651,0,0.0,0.0,5574,194,69.24470757086473,-171430.0,5865,73.12020460358056,-157650.0,2391,94,76.1564199079883,-57010.0,2391,76.1564199079883,2459,76.70191134607565,-57290.0,488
GAP10_14__odds_band=40-60__field_size_band=13-14,GAP10_14,odds_band=40-60;field_size_band=13-14,False,171,3,85.43859649122807,-2490.0,51.63742690058479,39.56194387405886,61.55844155844156,192.66666666666666,30,0,0.0,0.0,171,3,85.43859649122807,-2490.0,462,124.43722943722943,11290.0,21,0,0.0,-2100.0,21,0.0,89,73.25842696629213,-2380.0,489
GAP3_4__field_size_band=<=12,GAP3_4,field_size_band=<=12,False,2439,78,68.20008200082,-77560.0,65.62115621156211,3.7814115666706747,61.55029585798817,76.46929824561404,682,0,0.0,0.0,2439,78,68.20008200082,-77560.0,2730,76.63736263736264,-63780.0,481,16,75.8004158004158,-11640.0,481,75.8004158004158,549,78.28779599271402,-11920.0,490
GAP5_6__market_rank_band=<=10,GAP5_6,market_rank_band=<=10,False,1599,58,82.57661038148844,-27860.0,80.30644152595372,2.7491669191154195,61.529411764705884,115.32299741602067,387,0,0.0,0.0,1599,58,82.57661038148844,-27860.0,1890,92.55026455026454,-14080.0,228,13,120.39473684210526,4650.0,228,120.39473684210526,296,114.76351351351352,4370.0,491
GAP5_6__field_size_band=15-16__surface=DIRT,GAP5_6,field_size_band=15-16;surface=DIRT,False,1556,38,92.03084832904884,-12400.0,87.66066838046272,4.748603351955308,61.526315789473685,118.12913907284768,382,0,0.0,0.0,1556,38,92.03084832904884,-12400.0,1847,100.74715755278831,1380.0,320,10,82.59375,-5570.0,320,82.59375,388,84.92268041237114,-5850.0,492
GAP5P__pair_worse_rank_band=<=6__market_rank_band=16-20,GAP5P,pair_worse_rank_band=<=6;market_rank_band=16-20,False,1056,18,80.22727272727273,-20880.0,73.80681818181819,8.002832861189802,61.477516059957175,117.16814159292035,226,9,0.8522727272727273,3.0927835051546393,1047,18,80.91690544412607,-19980.0,1338,95.3662182361734,-6200.0,127,2,81.81102362204724,-2310.0,126,82.46031746031746,194,87.16494845360825,-2490.0,493
GAP7_9__pair_worse_rank_band=11-14__field_size_band=15-16,GAP7_9,pair_worse_rank_band=11-14;field_size_band=15-16,False,334,5,69.64071856287426,-10140.0,49.70059880239521,28.632846087704213,61.241379310344826,90.0,74,0,0.0,0.0,334,5,69.64071856287426,-10140.0,625,105.824,3640.0,77,0,0.0,-7700.0,77,0.0,145,44.96551724137931,-7980.0,494
GAP3_4__field_size_band=15-16__surface=TURF,GAP3_4,field_size_band=15-16;surface=TURF,False,1122,30,70.72192513368984,-32850.0,65.17825311942958,7.8386893509766855,61.20204603580563,85.49738219895288,349,0,0.0,0.0,1122,30,70.72192513368984,-32850.0,1413,86.5038924274593,-19070.0,338,10,77.72189349112426,-7530.0,338,77.72189349112426,406,80.76354679802955,-7810.0,495
GAP5_6__odds_band=20-40__market_rank_band=11-15,GAP5_6,odds_band=20-40;market_rank_band=11-15,False,1868,43,71.29014989293361,-53630.0,69.17023554603854,2.973642712322595,61.05726872246696,83.84920634920636,431,0,0.0,0.0,1868,43,71.29014989293361,-53630.0,2159,81.54238073182029,-39850.0,273,7,75.97069597069597,-6560.0,273,75.97069597069597,341,79.94134897360703,-6840.0,496
GAP10P__odds_band=40-60,GAP10P,odds_band=40-60,False,1028,15,71.42996108949416,-29370.0,65.63229571984436,8.116573607517363,61.029411764705884,85.59322033898304,236,99,9.630350194552529,34.02061855670103,929,11,56.889128094725514,-40050.0,1220,78.4672131147541,-26270.0,130,2,72.15384615384616,-3620.0,116,80.86206896551724,184,86.41304347826087,-2500.0,497
GAP5_6__market_rank_band=16-20__model_rank_band=11-15,GAP5_6,market_rank_band=16-20;model_rank_band=11-15,False,2175,34,76.183908045977,-51800.0,72.95632183908046,4.236572118286059,61.01851851851852,89.97587454764776,482,0,0.0,0.0,2175,34,76.183908045977,-51800.0,2466,84.5823195458232,-38020.0,445,6,71.46067415730337,-12700.0,445,71.46067415730337,513,74.69785575048734,-12980.0,498
GAP5_6__field_size_band=15-16__l17_rank_band=21-30,GAP5_6,field_size_band=15-16;l17_rank_band=21-30,False,683,16,96.01756954612006,-2720.0,86.0614934114202,10.36901494358036,61.007462686567166,126.61818181818182,140,0,0.0,0.0,683,16,96.01756954612006,-2720.0,974,111.35523613963039,11060.0,115,2,44.52173913043478,-6380.0,115,44.52173913043478,183,63.60655737704918,-6660.0,499
GAP5P__pair_worse_rank_band=<=6__field_size_band=17+,GAP5P,pair_worse_rank_band=<=6;field_size_band=17+,False,345,10,96.95652173913044,-1050.0,77.91304347826087,19.641255605381165,60.95744680851064,129.1,94,0,0.0,0.0,345,10,96.95652173913044,-1050.0,636,120.01572327044025,12730.0,68,1,10.294117647058824,-6100.0,68,10.294117647058824,136,53.088235294117645,-6380.0,500
GAP5P__market_rank_band=<=10__model_rank_band=1-3,GAP5P,market_rank_band=<=10;model_rank_band=1-3,False,1334,43,71.31184407796101,-38270.0,68.59070464767616,3.815830968148849,60.93812375249501,99.21135646687698,317,0,0.0,0.0,1334,43,71.31184407796101,-38270.0,1625,84.92923076923077,-24490.0,192,8,77.13541666666667,-4390.0,192,77.13541666666667,260,82.03846153846153,-4670.0,501
GAP5_6__field_size_band=17+__model_rank_band=1-3,GAP5_6,field_size_band=17+;model_rank_band=1-3,False,123,5,97.15447154471545,-350.0,72.52032520325203,25.355648535564853,60.810810810810814,164.57142857142858,35,0,0.0,0.0,123,5,97.15447154471545,-350.0,414,132.43961352657004,13430.0,26,1,26.923076923076923,-1900.0,26,26.923076923076923,94,76.80851063829788,-2180.0,502
GAP5P__odds_band=60-80__market_rank_band=16-20,GAP5P,odds_band=60-80;market_rank_band=16-20,False,649,9,90.41602465331279,-6220.0,79.59938366718028,11.963190184049079,60.703363914373085,130.48979591836735,77,2,0.3081664098613251,0.6872852233676976,647,9,90.69551777434312,-6020.0,938,108.27292110874201,7760.0,60,2,223.5,7410.0,60,223.5,128,155.703125,7130.0,503
GAP0_2__field_size_band=15-16__model_rank_band=4-5,GAP0_2,field_size_band=15-16;model_rank_band=4-5,False,2985,129,66.3785594639866,-100360.0,65.32328308207705,1.5897850005046936,60.69246435845214,74.60043196544277,926,0,0.0,0.0,2985,129,66.3785594639866,-100360.0,3276,73.57142857142857,-86580.0,1289,72,82.07137315748642,-23110.0,1289,82.07137315748642,1357,82.76344878408254,-23390.0,504
GAP5P__model_rank_band=6-8__l17_rank_band=21-30,GAP5P,model_rank_band=6-8;l17_rank_band=21-30,False,598,16,95.5351170568562,-2670.0,87.27424749163879,8.646945562751618,60.58252427184466,115.52901023890784,99,12,2.0066889632107023,4.123711340206185,586,16,97.4914675767918,-1470.0,877,114.03648802736602,12310.0,49,2,163.26530612244898,3100.0,47,170.2127659574468,115,126.26086956521739,3020.0,505
GAP5P__field_size_band=<=12__distance_band=1401-1800,GAP5P,field_size_band=<=12;distance_band=1401-1800,False,570,15,96.26315789473684,-2130.0,85.3157894736842,11.372334609075997,60.43103448275862,130.390243902439,116,0,0.0,0.0,570,15,96.26315789473684,-2130.0,861,113.53077816492451,11650.0,63,1,42.53968253968254,-3620.0,63,42.53968253968254,131,70.22900763358778,-3900.0,506
GAP5P__odds_band=<20__model_rank_band=4-5,GAP5P,odds_band=<20;model_rank_band=4-5,False,78,7,153.84615384615384,4200.0,128.84615384615384,16.25,60.357142857142854,258.94736842105266,19,0,0.0,0.0,78,7,153.84615384615384,4200.0,369,148.72628726287263,17980.0,6,0,0.0,-600.0,6,0.0,74,88.10810810810811,-880.0,507
GAP0_2__market_rank_band=16-20,GAP0_2,market_rank_band=16-20,False,3034,46,68.51680949241924,-95520.0,65.95912986156888,3.732922840100058,60.298769771528995,82.38238238238239,897,0,0.0,0.0,3034,46,68.51680949241924,-95520.0,3325,75.41654135338347,-81740.0,1256,18,65.07165605095541,-43870.0,1256,65.07165605095541,1324,66.65407854984895,-44150.0,508
GAP0_2__market_rank_band=16-20__model_rank_band=11-15,GAP0_2,market_rank_band=16-20;model_rank_band=11-15,False,3034,46,68.51680949241924,-95520.0,65.95912986156888,3.732922840100058,60.298769771528995,82.38238238238239,897,0,0.0,0.0,3034,46,68.51680949241924,-95520.0,3325,75.41654135338347,-81740.0,1256,18,65.07165605095541,-43870.0,1256,65.07165605095541,1324,66.65407854984895,-44150.0,509
GAP5P__field_size_band=15-16__l17_rank_band=21-30,GAP5P,field_size_band=15-16;l17_rank_band=21-30,False,1261,27,87.74781919111815,-15450.0,82.355273592387,6.1455038409399005,60.19493177387914,131.5767634854772,241,40,3.1720856463124503,13.745704467353951,1221,27,90.62244062244062,-11450.0,1512,101.54100529100529,2330.0,184,3,68.47826086956522,-5800.0,179,33.96648044692738,247,51.012145748987855,-12100.0,510
GAP7_9,GAP7_9,NONE,False,3202,63,76.11180512179888,-76490.0,73.7257963772642,3.134873415124533,60.0,114.21303656597775,629,0,0.0,0.0,3202,63,76.11180512179888,-76490.0,3493,82.04695104494704,-62710.0,445,8,82.80898876404494,-7650.0,445,82.80898876404494,513,84.54191033138402,-7930.0,511
GAP0_2__model_rank_band=6-8__l17_rank_band=31-40,GAP0_2,model_rank_band=6-8;l17_rank_band=31-40,False,254,7,66.45669291338582,-8520.0,55.196850393700785,16.94312796208531,60.0,73.36538461538461,70,0,0.0,0.0,254,7,66.45669291338582,-8520.0,545,109.65137614678899,5260.0,109,3,58.34862385321101,-4540.0,109,58.34862385321101,177,72.7683615819209,-4820.0,512
GAP0_2__distance_band=<=1400,GAP0_2,distance_band=<=1400,False,3659,177,76.65755670948347,-85410.0,75.37578573380705,1.672073870726229,59.83539094650206,96.11522633744856,1215,0,0.0,0.0,3659,177,76.65755670948347,-85410.0,3950,81.86582278481012,-71630.0,1208,48,65.6705298013245,-41470.0,1208,65.6705298013245,1276,67.28056426332289,-41750.0,513
GAP3_4__model_rank_band=6-8,GAP3_4,model_rank_band=6-8,False,3271,91,76.77774380923265,-75960.0,75.55181901559156,1.5967189615353985,59.73662551440329,100.74829931972789,1027,0,0.0,0.0,3271,91,76.77774380923265,-75960.0,3562,82.5435148792813,-62180.0,783,16,59.36143039591315,-31820.0,783,59.36143039591315,851,62.27967097532315,-32100.0,514
GAP5_6__odds_band=40-60__market_rank_band=16-20,GAP5_6,odds_band=40-60;market_rank_band=16-20,False,1520,23,71.75657894736842,-42930.0,67.83552631578948,5.464380672962318,59.70961887477314,88.3108108108108,377,0,0.0,0.0,1520,23,71.75657894736842,-42930.0,1811,83.90392048591939,-29150.0,358,5,70.50279329608938,-10560.0,358,70.50279329608938,426,74.55399061032864,-10840.0,515
GAP3_4__field_size_band=13-14__model_rank_band=11-15,GAP3_4,field_size_band=13-14;model_rank_band=11-15,False,838,18,91.57517899761336,-7060.0,85.14319809069212,7.023716445139432,59.69178082191781,114.67084639498432,227,0,0.0,0.0,838,18,91.57517899761336,-7060.0,1129,105.95217006200177,6720.0,247,5,108.70445344129554,2150.0,247,108.70445344129554,315,105.93650793650794,1870.0,516
GAP0_2__field_size_band=<=12__market_rank_band=16-20,GAP0_2,field_size_band=<=12;market_rank_band=16-20,False,1087,20,85.2161913523459,-16070.0,78.07727690892364,8.377415524128253,59.64194373401534,116.5625,344,0,0.0,0.0,1087,20,85.2161913523459,-16070.0,1378,98.33817126269956,-2290.0,368,5,64.23913043478261,-13160.0,368,64.23913043478261,436,69.1743119266055,-13440.0,517
GAP3_4__market_rank_band=<=10__l17_rank_band=21-30,GAP3_4,market_rank_band=<=10;l17_rank_band=21-30,False,606,18,67.02970297029702,-19980.0,62.161716171617165,7.262432299359921,59.61748633879781,79.71428571428571,175,0,0.0,0.0,606,18,67.02970297029702,-19980.0,897,93.08807134894091,-6200.0,150,5,70.6,-4410.0,150,70.6,218,78.4862385321101,-4690.0,518
GAP5_6__odds_band=20-40,GAP5_6,odds_band=20-40,False,2847,73,74.94555672637864,-71330.0,73.55461889708465,1.855931011857337,59.54929577464789,85.97101449275362,690,0,0.0,0.0,2847,73,74.94555672637864,-71330.0,3138,81.66029318036966,-57550.0,442,14,83.03167420814479,-7500.0,442,83.03167420814479,510,84.74509803921569,-7780.0,519
GAP3_4__l17_rank_band=21-30,GAP3_4,l17_rank_band=21-30,False,2593,54,78.53837254145778,-55650.0,74.9633629001157,4.5519273262951145,59.542682926829265,110.99162011173185,716,0,0.0,0.0,2593,54,78.53837254145778,-55650.0,2884,85.48196948682386,-41870.0,677,16,87.65140324963072,-8360.0,677,87.65140324963072,745,88.40268456375838,-8640.0,520
GAP5P__pair_worse_rank_band=7-10,GAP5P,pair_worse_rank_band=7-10,False,4570,83,75.35010940919037,-112650.0,72.3741794310722,3.949470015972121,59.51995373048005,101.3225806451613,930,126,2.7571115973741795,43.29896907216495,4444,81,74.81323132313231,-111930.0,4735,79.2713833157339,-98150.0,697,15,88.06312769010043,-8320.0,676,81.15384615384616,744,82.5,-13020.0,521
GAP5_6__field_size_band=15-16__distance_band=1401-1800,GAP5_6,field_size_band=15-16;distance_band=1401-1800,False,955,22,78.45026178010471,-20580.0,72.35602094240838,7.768286171916711,59.31428571428572,100.6027397260274,240,0,0.0,0.0,955,22,78.45026178010471,-20580.0,1246,94.54253611556982,-6800.0,186,5,76.72043010752688,-4330.0,186,76.72043010752688,254,81.85039370078741,-4610.0,522
GAP5P__field_size_band=<=12__market_rank_band=16-20,GAP5P,field_size_band=<=12;market_rank_band=16-20,False,778,16,95.87403598971723,-3210.0,87.15938303341902,9.089690307011663,59.310344827586206,106.7687074829932,145,0,0.0,0.0,778,16,95.87403598971723,-3210.0,1069,109.88774555659495,10570.0,89,2,120.67415730337079,1840.0,89,120.67415730337079,157,109.93630573248407,1560.0,523
GAP5_6__odds_band=20-40__model_rank_band=9-10,GAP5_6,odds_band=20-40;model_rank_band=9-10,False,482,11,74.39834024896265,-12340.0,66.55601659751038,10.540992749581706,59.29347826086956,106.40449438202248,89,0,0.0,0.0,482,11,74.39834024896265,-12340.0,773,101.86287192755498,1440.0,54,0,0.0,-5400.0,54,0.0,122,53.442622950819676,-5680.0,524
GAP3_4__field_size_band=13-14__surface=TURF,GAP3_4,field_size_band=13-14;surface=TURF,False,779,26,84.92939666238767,-11740.0,78.5622593068036,7.496977025392987,59.16967509025271,104.75982532751091,229,0,0.0,0.0,779,26,84.92939666238767,-11740.0,1070,101.90654205607477,2040.0,195,6,90.56410256410257,-1840.0,195,90.56410256410257,263,91.93916349809886,-2120.0,525
GAP5P__field_size_band=15-16__market_rank_band=<=10,GAP5P,field_size_band=15-16;market_rank_band=<=10,False,942,28,73.16348195329087,-25280.0,69.3099787685775,5.266976204294835,59.15451895043732,84.89539748953975,239,0,0.0,0.0,942,28,73.16348195329087,-25280.0,1233,90.67315490673155,-11500.0,152,10,149.4078947368421,7510.0,152,149.4078947368421,220,132.86363636363637,7230.0,526
GAP10_14__field_size_band=15-16__distance_band=<=1400,GAP10_14,field_size_band=15-16;distance_band=<=1400,False,451,8,97.13968957871397,-1290.0,78.60310421286032,19.082401278246977,59.13265306122449,128.55769230769232,104,0,0.0,0.0,451,8,97.13968957871397,-1290.0,742,116.83288409703503,12490.0,57,0,0.0,-5700.0,57,0.0,125,52.16,-5980.0,527
GAP3_4__odds_band=20-40__field_size_band=<=12,GAP3_4,odds_band=20-40;field_size_band=<=12,False,1425,34,67.12982456140351,-46840.0,64.36491228070176,4.118753920133807,59.1025641025641,79.981718464351,390,0,0.0,0.0,1425,34,67.12982456140351,-46840.0,1716,80.73426573426573,-33060.0,257,4,37.31517509727627,-16110.0,257,37.31517509727627,325,49.56923076923077,-16390.0,528
GAP5_6__field_size_band=15-16,GAP5_6,field_size_band=15-16,False,2319,55,84.63130659767141,-35640.0,81.69900819318671,3.4647916029756445,59.08139534883721,110.68181818181819,579,0,0.0,0.0,2319,55,84.63130659767141,-35640.0,2610,91.62452107279694,-21860.0,487,15,84.96919917864476,-7320.0,487,84.96919917864476,555,86.30630630630631,-7600.0,529
GAP0_2__model_rank_band=9-10__l17_rank_band=21-30,GAP0_2,model_rank_band=9-10;l17_rank_band=21-30,False,947,25,78.52164730728617,-20340.0,73.60084477296726,6.2668101129639595,58.87323943661972,88.855421686747,284,0,0.0,0.0,947,25,78.52164730728617,-20340.0,1238,94.7011308562197,-6560.0,437,16,111.25858123569795,4920.0,437,111.25858123569795,505,109.18811881188118,4640.0,530
GAP0_2__field_size_band=13-14__model_rank_band=11-15,GAP0_2,field_size_band=13-14;model_rank_band=11-15,False,1636,31,74.30929095354523,-42030.0,70.61124694376528,4.976556716295138,58.8689407540395,84.3327239488117,532,0,0.0,0.0,1636,31,74.30929095354523,-42030.0,1927,85.33990659055527,-28250.0,590,12,72.76271186440678,-16070.0,590,72.76271186440678,658,75.15197568389058,-16350.0,531
GAP5_6__market_rank_band=11-15__l17_rank_band=21-30,GAP5_6,market_rank_band=11-15;l17_rank_band=21-30,False,485,13,87.34020618556701,-6140.0,77.54639175257732,11.213408876298395,58.7906976744186,117.75862068965517,96,0,0.0,0.0,485,13,87.34020618556701,-6140.0,776,109.84536082474227,7640.0,50,1,64.4,-1780.0,50,64.4,118,82.54237288135593,-2060.0,532
GAP0_2__market_rank_band=<=10__l17_rank_band=21-30,GAP0_2,market_rank_band=<=10;l17_rank_band=21-30,False,1779,78,82.96795952782462,-30300.0,80.53400786958966,2.9336043360433606,58.77342419080068,99.46428571428571,560,0,0.0,0.0,1779,78,82.96795952782462,-30300.0,2070,92.01932367149759,-16520.0,858,33,73.15850815850816,-23030.0,858,73.15850815850816,926,74.82721382289417,-23310.0,533
GAP10P__market_rank_band=21-25,GAP10P,market_rank_band=21-25,False,964,12,72.63485477178423,-26380.0,64.80290456431536,10.782633533276206,58.663366336633665,89.84472049689441,202,96,9.95850622406639,32.98969072164948,868,11,74.14746543778801,-22440.0,1159,92.52804141501294,-8660.0,112,0,0.0,-11200.0,105,0.0,173,37.6878612716763,-10780.0,534
GAP10_14__surface=DIRT__distance_band=1401-1800,GAP10_14,surface=DIRT;distance_band=1401-1800,False,348,7,86.58045977011494,-4670.0,68.64942528735632,20.71025555924328,58.613138686131386,143.91304347826087,69,0,0.0,0.0,348,7,86.58045977011494,-4670.0,639,114.2566510172144,9110.0,36,0,0.0,-3600.0,36,0.0,104,62.69230769230769,-3880.0,535
GAP5_6__market_rank_band=16-20__l17_rank_band=31-40,GAP5_6,market_rank_band=16-20;l17_rank_band=31-40,False,405,8,94.27160493827161,-2320.0,77.33333333333333,17.967522262964902,58.53658536585366,152.95774647887325,99,0,0.0,0.0,405,8,94.27160493827161,-2320.0,696,116.46551724137932,11460.0,66,1,72.87878787878788,-1790.0,66,72.87878787878788,134,84.55223880597015,-2070.0,536
GAP10P__field_size_band=13-14__market_rank_band=21-25,GAP10P,field_size_band=13-14;market_rank_band=21-25,False,170,4,121.88235294117646,3720.0,86.17647058823529,29.295366795366796,58.51851851851852,303.84615384615387,39,0,0.0,0.0,170,4,121.88235294117646,3720.0,461,137.96095444685466,17500.0,17,0,0.0,-1700.0,17,0.0,85,76.70588235294117,-1980.0,537
GAP0_2__field_size_band=13-14__distance_band=<=1400,GAP0_2,field_size_band=13-14;distance_band=<=1400,False,526,27,85.0190114068441,-7880.0,76.92015209125475,9.525939177101968,58.435754189944134,136.28048780487805,164,0,0.0,0.0,526,27,85.0190114068441,-7880.0,817,107.22154222766218,5900.0,154,4,51.753246753246756,-7430.0,154,51.753246753246756,222,65.27027027027027,-7710.0,538
GAP3_4__market_rank_band=11-15__model_rank_band=11-15,GAP3_4,market_rank_band=11-15;model_rank_band=11-15,False,1584,29,73.54166666666667,-41910.0,70.3409090909091,4.352304918877157,58.37931034482759,87.9047619047619,420,0,0.0,0.0,1584,29,73.54166666666667,-41910.0,1875,84.99733333333333,-28130.0,380,6,67.21052631578948,-12460.0,380,67.21052631578948,448,71.5625,-12740.0,539
GAP5P__l17_rank_band=31-40,GAP5P,l17_rank_band=31-40,False,1670,32,83.02994011976048,-28340.0,78.92215568862275,4.947353238136449,58.227146814404435,108.15972222222223,372,51,3.053892215568862,17.52577319587629,1619,30,78.30759728227301,-35120.0,1910,88.82722513089006,-21340.0,249,2,40.0,-14940.0,244,40.81967213114754,312,52.82051282051282,-14720.0,540
GAP5P__odds_band=20-40__model_rank_band=9-10,GAP5P,odds_band=20-40;model_rank_band=9-10,False,617,13,68.37925445705024,-19510.0,62.25283630470016,8.959469068499644,58.14049586776859,103.60655737704919,122,0,0.0,0.0,617,13,68.37925445705024,-19510.0,908,93.68942731277534,-5730.0,69,0,0.0,-6900.0,69,0.0,137,47.59124087591241,-7180.0,541
GAP0_2__market_rank_band=<=10__model_rank_band=9-10,GAP0_2,market_rank_band=<=10;model_rank_band=9-10,False,4251,113,72.68407433545048,-116120.0,71.59256645495178,1.5017153213800245,58.09744779582367,85.42973286875726,1236,0,0.0,0.0,4251,113,72.68407433545048,-116120.0,4542,77.46807573756054,-102340.0,2072,73,91.36583011583012,-17890.0,2072,91.36583011583012,2140,91.50934579439253,-18170.0,542
GAP3_4__field_size_band=13-14__surface=DIRT,GAP3_4,field_size_band=13-14;surface=DIRT,False,764,23,67.59162303664921,-24760.0,60.53664921465968,10.437645236250969,58.08988764044944,84.30147058823529,225,0,0.0,0.0,764,23,67.59162303664921,-24760.0,1055,89.59241706161137,-10980.0,201,3,71.14427860696517,-5800.0,201,71.14427860696517,269,77.39776951672863,-6080.0,543
GAP7_9__field_size_band=13-14__market_rank_band=11-15,GAP7_9,field_size_band=13-14;market_rank_band=11-15,False,260,7,84.26923076923077,-4090.0,68.5,18.71291647649475,58.0,116.28318584070796,45,0,0.0,0.0,260,7,84.26923076923077,-4090.0,551,117.58620689655173,9690.0,24,0,0.0,-2400.0,24,0.0,92,70.8695652173913,-2680.0,544
GAP5P__model_rank_band=6-8__l17_rank_band=11-20,GAP5P,model_rank_band=6-8;l17_rank_band=11-20,False,1096,25,79.29744525547446,-22690.0,72.93795620437956,8.019790587964561,57.96650717703349,113.73873873873873,222,8,0.7299270072992701,2.7491408934707904,1088,25,79.88051470588235,-21890.0,1379,94.11892675852067,-8110.0,111,3,77.38738738738739,-2510.0,110,78.0909090909091,178,84.88764044943821,-2690.0,545
GAP7_9__field_size_band=15-16__distance_band=<=1400,GAP7_9,field_size_band=15-16;distance_band=<=1400,False,755,16,86.10596026490066,-10490.0,77.47019867549669,10.029226272881095,57.96363636363636,135.1048951048951,143,0,0.0,0.0,755,16,86.10596026490066,-10490.0,1046,103.14531548757171,3290.0,116,3,76.29310344827586,-2750.0,116,76.29310344827586,184,83.53260869565217,-3030.0,546
GAP5P__field_size_band=13-14__model_rank_band=4-5,GAP5P,field_size_band=13-14;model_rank_band=4-5,False,406,14,98.42364532019704,-640.0,88.32512315270937,10.26026026026026,57.88235294117647,176.4102564102564,78,0,0.0,0.0,406,14,98.42364532019704,-640.0,697,118.85222381635582,13140.0,35,1,77.14285714285714,-800.0,35,77.14285714285714,103,89.51456310679612,-1080.0,547
GAP10_14__field_size_band=15-16__model_rank_band=11-15,GAP10_14,field_size_band=15-16;model_rank_band=11-15,False,464,6,80.75431034482759,-8930.0,62.73706896551724,22.311182279156657,57.8743961352657,113.93442622950819,122,0,0.0,0.0,464,6,80.75431034482759,-8930.0,755,106.42384105960265,4850.0,79,0,0.0,-7900.0,79,0.0,147,44.35374149659864,-8180.0,548
GAP5_6__model_rank_band=11-15__l17_rank_band=31-40,GAP5_6,model_rank_band=11-15;l17_rank_band=31-40,False,425,9,104.7764705882353,2030.0,88.63529411764706,15.405344711430496,57.83132530120482,182.27272727272728,105,0,0.0,0.0,425,9,104.7764705882353,2030.0,716,122.08100558659218,15810.0,72,1,66.80555555555556,-2390.0,72,66.80555555555556,140,80.92857142857143,-2670.0,549
GAP15_24__odds_band=40-60,GAP15_24,odds_band=40-60,False,273,7,126.44688644688645,7220.0,104.61538461538461,17.265353418308226,57.77777777777778,220.8235294117647,85,99,36.26373626373626,34.02061855670103,174,3,80.11494252873563,-3460.0,465,122.19354838709677,10320.0,32,0,0.0,-3200.0,18,0.0,86,75.81395348837209,-2080.0,550
GAP7_9__odds_band=40-60__market_rank_band=16-20,GAP7_9,odds_band=40-60;market_rank_band=16-20,False,950,20,101.06315789473685,1010.0,94.7578947368421,6.238933444432871,57.69230769230769,149.01234567901236,162,0,0.0,0.0,950,20,101.06315789473685,1010.0,1241,111.91780821917808,14790.0,126,2,66.58730158730158,-4210.0,126,66.58730158730158,194,76.85567010309278,-4490.0,551
GAP3_4__l17_rank_band=31-40,GAP3_4,l17_rank_band=31-40,False,1005,22,72.86567164179104,-27270.0,67.83084577114428,6.909736446811416,57.65765765765766,85.24305555555556,288,0,0.0,0.0,1005,22,72.86567164179104,-27270.0,1296,89.59104938271605,-13490.0,322,6,64.56521739130434,-11410.0,322,64.56521739130434,390,70.02564102564102,-11690.0,552
GAP7_9__distance_band=1401-1800,GAP7_9,distance_band=1401-1800,False,1256,28,87.89808917197452,-15200.0,81.81528662420382,6.920289855072464,57.638297872340424,107.96190476190476,261,0,0.0,0.0,1256,28,87.89808917197452,-15200.0,1547,99.08209437621203,-1420.0,158,2,106.0126582278481,950.0,158,106.0126582278481,226,102.96460176991151,670.0,553
GAP3_4__field_size_band=<=12__market_rank_band=<=10,GAP3_4,field_size_band=<=12;market_rank_band=<=10,False,1443,64,66.92307692307692,-47730.0,64.66389466389467,3.3757895826861346,57.6063829787234,75.16064257028113,376,0,0.0,0.0,1443,64,66.92307692307692,-47730.0,1734,80.42099192618224,-33950.0,173,11,84.91329479768787,-2610.0,173,84.91329479768787,241,88.00829875518673,-2890.0,554
GAP3_4__pair_worse_rank_band=7-10__field_size_band=13-14,GAP3_4,pair_worse_rank_band=7-10;field_size_band=13-14,False,997,23,74.84453360080241,-25080.0,69.4383149448345,7.223264540337711,57.579787234042556,91.46005509641873,258,0,0.0,0.0,997,23,74.84453360080241,-25080.0,1288,91.22670807453416,-11300.0,242,4,38.01652892561984,-15000.0,242,38.01652892561984,310,50.70967741935484,-15280.0,555
GAP7_9__l17_rank_band=11-20,GAP7_9,l17_rank_band=11-20,False,1197,24,72.44778613199666,-32980.0,67.39348370927318,6.976476014760148,57.44329896907217,136.85082872928177,181,0,0.0,0.0,1197,24,72.44778613199666,-32980.0,1488,87.09677419354838,-19200.0,115,3,108.95652173913044,1030.0,115,108.95652173913044,183,104.09836065573771,750.0,556
GAP5_6__market_rank_band=16-20__l17_rank_band=11-20,GAP5_6,market_rank_band=16-20;l17_rank_band=11-20,False,817,11,67.1358629130967,-26850.0,58.83720930232558,12.360984503190519,57.40331491712707,76.14814814814815,135,0,0.0,0.0,817,11,67.1358629130967,-26850.0,1108,88.20397111913357,-13070.0,154,2,78.57142857142857,-3300.0,154,78.57142857142857,222,83.87387387387388,-3580.0,557
GAP3_4__model_rank_band=9-10__l17_rank_band=21-30,GAP3_4,model_rank_band=9-10;l17_rank_band=21-30,False,457,11,86.06126914660831,-6370.0,76.06126914660831,11.619628782100177,57.36434108527132,97.45222929936305,129,0,0.0,0.0,457,11,86.06126914660831,-6370.0,748,109.90641711229947,7410.0,92,1,44.130434782608695,-5140.0,92,44.130434782608695,160,66.125,-5420.0,558
GAP5P__odds_band=60-80__market_rank_band=21-25,GAP5P,odds_band=60-80;market_rank_band=21-25,False,909,12,86.09460946094609,-12640.0,77.6897689768977,9.762330692563252,57.319884726224785,138.30882352941177,136,45,4.9504950495049505,15.463917525773196,864,12,90.57870370370371,-8140.0,1155,104.88311688311688,5640.0,86,0,0.0,-8600.0,85,0.0,153,42.61437908496732,-8780.0,559
GAP10_14__field_size_band=13-14,GAP10_14,field_size_band=13-14,False,308,8,110.48701298701299,3230.0,90.77922077922078,17.837202468410226,57.27272727272727,220.1492537313433,67,0,0.0,0.0,308,8,110.48701298701299,3230.0,599,128.39732888146912,17010.0,34,0,0.0,-3400.0,34,0.0,102,63.92156862745098,-3680.0,560
GAP5P__odds_band=60-80,GAP5P,odds_band=60-80,False,1785,24,88.61064425770309,-20330.0,84.15126050420169,5.032559903900866,57.18926553672316,114.72630173564752,328,147,8.235294117647058,50.51546391752577,1638,22,88.65079365079364,-18590.0,1929,97.50648004147226,-4810.0,226,3,88.1858407079646,-2670.0,201,66.71641791044776,269,74.08921933085502,-6970.0,561
GAP10P__market_rank_band=16-20,GAP10P,market_rank_band=16-20,False,717,13,79.4281729428173,-14750.0,70.2649930264993,11.536435469710272,57.18232044198895,104.95145631067962,103,31,4.323570432357044,10.652920962199312,686,11,69.95626822157435,-20610.0,977,93.00921187308086,-6830.0,49,2,191.42857142857142,4480.0,44,213.1818181818182,112,141.96428571428572,4700.0,562
GAP5_6__field_size_band=13-14__l17_rank_band=11-20,GAP5_6,field_size_band=13-14;l17_rank_band=11-20,False,473,12,81.12050739957716,-8930.0,68.32980972515857,15.767526713578317,57.13483146067416,97.97979797979798,99,0,0.0,0.0,473,12,81.12050739957716,-8930.0,764,106.34816753926701,4850.0,63,4,233.4920634920635,8410.0,63,233.4920634920635,131,162.06106870229007,8130.0,563
GAP5P__market_rank_band=11-15__model_rank_band=6-8,GAP5P,market_rank_band=11-15;model_rank_band=6-8,False,2078,43,67.48796920115495,-67560.0,65.38498556304138,3.1160867084997146,57.063020214030914,92.80269058295964,446,0,0.0,0.0,2078,43,67.48796920115495,-67560.0,2369,77.298438159561,-53780.0,269,7,77.1003717472119,-6160.0,269,77.1003717472119,337,80.89020771513353,-6440.0,564
GAP5P__field_size_band=<=12,GAP5P,field_size_band=<=12,False,1453,32,81.50722642807983,-26870.0,76.02890571231934,6.721269948492781,56.83673469387755,107.07317073170732,294,0,0.0,0.0,1453,32,81.50722642807983,-26870.0,1744,92.49426605504587,-13090.0,164,3,81.82926829268293,-2980.0,164,81.82926829268293,232,85.94827586206897,-3260.0,565
GAP0_2__odds_band=20-40__model_rank_band=11-15,GAP0_2,odds_band=20-40;model_rank_band=11-15,False,5559,136,80.36157582298975,-109170.0,79.64561971577622,0.8909184518613033,56.77788844621514,102.53871681415929,1743,0,0.0,0.0,5559,136,80.36157582298975,-109170.0,5850,83.6940170940171,-95390.0,2265,70,102.52538631346579,5720.0,2265,102.52538631346579,2333,102.33176168024004,5440.0,566
GAP3_4__field_size_band=<=12__surface=DIRT,GAP3_4,field_size_band=<=12;surface=DIRT,False,889,30,71.45106861642294,-25380.0,64.55568053993251,9.650503778337532,56.71378091872791,92.71954674220963,253,0,0.0,0.0,889,30,71.45106861642294,-25380.0,1180,90.16949152542372,-11600.0,167,8,104.4311377245509,740.0,167,104.4311377245509,235,101.95744680851064,460.0,567
GAP3_4__field_size_band=17+,GAP3_4,field_size_band=17+,False,682,20,64.41348973607037,-24270.0,59.20821114369502,8.081038015023902,56.666666666666664,77.45614035087719,216,0,0.0,0.0,682,20,64.41348973607037,-24270.0,973,89.21891058581706,-10490.0,235,6,65.70212765957447,-8060.0,235,65.70212765957447,303,72.47524752475248,-8340.0,568
GAP3_4__field_size_band=17+__surface=TURF,GAP3_4,field_size_band=17+;surface=TURF,False,682,20,64.41348973607037,-24270.0,59.20821114369502,8.081038015023902,56.666666666666664,77.45614035087719,216,0,0.0,0.0,682,20,64.41348973607037,-24270.0,973,89.21891058581706,-10490.0,235,6,65.70212765957447,-8060.0,235,65.70212765957447,303,72.47524752475248,-8340.0,569
GAP5P__field_size_band=13-14__l17_rank_band=31-40,GAP5P,field_size_band=13-14;l17_rank_band=31-40,False,328,7,66.73780487804878,-10910.0,53.109756097560975,20.420283234353587,56.63934426229508,79.39393939393939,74,0,0.0,0.0,328,7,66.73780487804878,-10910.0,619,104.63651050080776,2870.0,49,1,105.10204081632654,250.0,49,105.10204081632654,117,99.74358974358974,-30.0,570
GAP5_6__field_size_band=15-16__model_rank_band=6-8,GAP5_6,field_size_band=15-16;model_rank_band=6-8,False,739,18,80.39242219215156,-14490.0,74.91204330175914,6.817034169331762,56.510791366906474,109.7508896797153,180,0,0.0,0.0,739,18,80.39242219215156,-14490.0,1030,99.31067961165049,-710.0,127,3,75.90551181102362,-3060.0,127,75.90551181102362,195,82.87179487179488,-3340.0,571
GAP5_6__field_size_band=<=12__surface=DIRT,GAP5_6,field_size_band=<=12;surface=DIRT,False,423,12,81.89125295508275,-7660.0,70.35460992907801,14.087759815242494,56.48936170212766,123.42105263157895,83,0,0.0,0.0,423,12,81.89125295508275,-7660.0,714,108.57142857142857,6120.0,43,1,62.325581395348834,-1620.0,43,62.325581395348834,111,82.88288288288288,-1900.0,572
GAP0_2__surface=TURF__distance_band=1801-2200,GAP0_2,surface=TURF;distance_band=1801-2200,False,1243,71,78.66452131938857,-26520.0,74.91552695092518,4.765800777255063,56.44927536231884,102.46341463414635,410,0,0.0,0.0,1243,71,78.66452131938857,-26520.0,1534,91.69491525423729,-12740.0,425,25,80.72941176470589,-8190.0,425,80.72941176470589,493,82.81947261663286,-8470.0,573
GAP15_24,GAP15_24,NONE,False,606,11,115.9075907590759,9640.0,100.4950495049505,13.297266514806378,56.348314606741575,145.8,178,291,48.01980198019802,100.0,315,4,86.85714285714286,-4140.0,606,115.9075907590759,9640.0,146,1,44.657534246575345,-8080.0,78,0.0,146,44.657534246575345,-8080.0,574
GAP0_2__odds_band=20-40__field_size_band=<=12,GAP0_2,odds_band=20-40;field_size_band=<=12,False,3180,81,70.45597484276729,-93950.0,69.22012578616352,1.7540727516179424,56.29764065335753,94.46948356807512,1013,0,0.0,0.0,3180,81,70.45597484276729,-93950.0,3471,76.90290982425815,-80170.0,1014,30,76.47928994082841,-23850.0,1014,76.47928994082841,1082,77.69870609981515,-24130.0,575
GAP0_2__odds_band=40-60__field_size_band=15-16,GAP0_2,odds_band=40-60;field_size_band=15-16,False,2349,44,84.67007237122179,-36010.0,82.23925074499788,2.870933681934738,56.26832018038331,104.11994784876141,695,0,0.0,0.0,2349,44,84.67007237122179,-36010.0,2640,91.57954545454545,-22230.0,951,12,56.51945320715037,-41350.0,951,56.51945320715037,1019,59.14622178606477,-41630.0,576
GAP5_6__surface=DIRT,GAP5_6,surface=DIRT,False,2484,62,85.18518518518519,-36800.0,82.4476650563607,3.213610586011342,56.21734587251829,112.53417455310199,576,0,0.0,0.0,2484,62,85.18518518518519,-36800.0,2775,91.7045045045045,-23020.0,435,15,101.17241379310344,510.0,435,101.17241379310344,503,100.4572564612326,230.0,577
GAP0_2__odds_band=40-60,GAP0_2,odds_band=40-60,False,5938,102,78.28730212192657,-128930.0,77.28864937689458,1.2756254436724246,56.04275741710297,98.75417130144605,1798,0,0.0,0.0,5938,102,78.28730212192657,-128930.0,6229,81.51388665917483,-115150.0,2298,30,59.30809399477807,-93510.0,2298,59.30809399477807,2366,60.3592561284869,-93790.0,578
GAP5P__model_rank_band=4-5__l17_rank_band=31-40,GAP5P,model_rank_band=4-5;l17_rank_band=31-40,False,177,5,87.06214689265536,-2290.0,63.954802259887,26.541207008436082,55.77777777777778,99.00990099009901,31,8,4.519774011299435,2.7491408934707904,169,5,91.18343195266272,-1490.0,460,126.71739130434783,12290.0,21,0,0.0,-2100.0,21,0.0,89,73.25842696629213,-2380.0,579
GAP5P__pair_worse_rank_band=11-14__market_rank_band=16-20,GAP5P,pair_worse_rank_band=11-14;market_rank_band=16-20,False,619,11,86.21970920840064,-8530.0,75.78352180936996,12.104178377365562,55.76687116564417,100.0,163,5,0.8077544426494345,1.7182130584192439,614,9,72.32899022801303,-16990.0,905,96.45303867403315,-3210.0,183,4,118.5792349726776,3400.0,182,119.23076923076923,250,112.88,3220.0,580
GAP10_14__market_rank_band=11-15,GAP10_14,market_rank_band=11-15,False,382,11,92.46073298429319,-2880.0,80.96858638743456,12.429218573046432,55.56962025316456,162.25225225225225,79,0,0.0,0.0,382,11,92.46073298429319,-2880.0,673,116.1961367013373,10900.0,28,2,227.14285714285714,3560.0,28,227.14285714285714,96,134.16666666666666,3280.0,581
GAP10P__market_rank_band=11-15,GAP10P,market_rank_band=11-15,False,382,11,92.46073298429319,-2880.0,80.96858638743456,12.429218573046432,55.56962025316456,162.25225225225225,79,0,0.0,0.0,382,11,92.46073298429319,-2880.0,673,116.1961367013373,10900.0,28,2,227.14285714285714,3560.0,28,227.14285714285714,96,134.16666666666666,3280.0,582
GAP5_6__surface=TURF,GAP5_6,surface=TURF,False,2399,59,76.86119216340141,-55510.0,74.00166736140058,3.7203752915017083,55.53829078801332,98.25795644891122,597,0,0.0,0.0,2399,59,76.86119216340141,-55510.0,2690,84.48698884758365,-41730.0,452,9,72.89823008849558,-12250.0,452,72.89823008849558,520,75.90384615384616,-12530.0,583
GAP0_2__field_size_band=15-16__market_rank_band=16-20,GAP0_2,field_size_band=15-16;market_rank_band=16-20,False,1184,18,64.56925675675676,-41950.0,60.19425675675676,6.775670372792675,55.51622418879056,80.9113924050633,339,0,0.0,0.0,1184,18,64.56925675675676,-41950.0,1475,80.90169491525424,-28170.0,565,8,60.46017699115044,-22340.0,565,60.46017699115044,633,64.26540284360189,-22620.0,584
GAP5_6,GAP5_6,NONE,False,4916,121,80.55126118795769,-95610.0,79.15581773799838,1.7323669789641152,55.44046983449012,97.96782841823057,1178,0,0.0,0.0,4916,121,80.55126118795769,-95610.0,5207,84.28461686191665,-81830.0,893,24,86.18141097424412,-12340.0,893,86.18141097424412,961,86.8678459937565,-12620.0,585
GAP10_14__pair_worse_rank_band=7-10,GAP10_14,pair_worse_rank_band=7-10,False,1022,14,64.46183953033268,-36320.0,56.67318982387476,12.082574377656345,55.39379474940334,74.04624277456648,173,0,0.0,0.0,1022,14,64.46183953033268,-36320.0,1313,82.83320639756283,-22540.0,93,3,146.0215053763441,4280.0,93,146.0215053763441,161,124.84472049689441,4000.0,586
GAP5P__distance_band=1401-1800,GAP5P,distance_band=1401-1800,False,2588,54,82.09814528593509,-46330.0,78.48918083462132,4.3959147173718645,55.38306451612903,103.96246089676747,637,102,3.9412673879443587,35.05154639175258,2486,52,79.31214802896218,-51430.0,2777,86.44220381706877,-37650.0,477,11,100.27253668763103,130.0,454,90.99118942731278,522,91.62835249042146,-4370.0,587
GAP0_2__market_rank_band=11-15__l17_rank_band=11-20,GAP0_2,market_rank_band=11-15;l17_rank_band=11-20,False,6136,124,75.17601043024771,-152320.0,73.99445893089961,1.5717134928893515,55.36595928973582,106.68562564632886,1893,0,0.0,0.0,6136,124,75.17601043024771,-152320.0,6427,78.44406410455889,-138540.0,2440,63,91.88934426229508,-19790.0,2440,91.88934426229508,2508,91.99760765550239,-20070.0,588
GAP5P__pair_worse_rank_band=7-10__market_rank_band=<=10,GAP5P,pair_worse_rank_band=7-10;market_rank_band=<=10,False,795,31,91.73584905660377,-6570.0,88.0377358490566,4.031262854792266,55.36312849162011,131.80722891566265,166,0,0.0,0.0,795,31,91.73584905660377,-6570.0,1086,106.6390423572744,7210.0,91,4,94.3956043956044,-510.0,91,94.3956043956044,159,95.03144654088051,-790.0,589
GAP0_2__field_size_band=15-16__surface=TURF,GAP0_2,field_size_band=15-16;surface=TURF,False,1337,62,77.00822737471952,-30740.0,73.7322363500374,4.2540792540792545,55.15439429928741,88.46325167037863,421,0,0.0,0.0,1337,62,77.00822737471952,-30740.0,1628,89.58230958230958,-16960.0,469,28,117.22814498933901,8080.0,469,117.22814498933901,537,114.52513966480447,7800.0,590
GAP0_2__market_rank_band=11-15__model_rank_band=9-10,GAP0_2,market_rank_band=11-15;model_rank_band=9-10,False,3313,87,83.18442499245397,-55710.0,81.71143978267432,1.7707463986356544,55.08460236886633,101.36404697380307,1024,0,0.0,0.0,3313,87,83.18442499245397,-55710.0,3604,88.36570477247503,-41930.0,1287,40,94.22688422688422,-7430.0,1287,94.22688422688422,1355,94.30996309963099,-7710.0,591
GAP3_4__surface=TURF__distance_band=1401-1800,GAP3_4,surface=TURF;distance_band=1401-1800,False,1429,43,72.7851644506648,-38890.0,68.43247025892232,5.9801942120949905,54.95145631067961,86.75,440,0,0.0,0.0,1429,43,72.7851644506648,-38890.0,1720,85.40116279069767,-25110.0,370,10,80.27027027027027,-7300.0,370,80.27027027027027,438,82.69406392694064,-7580.0,592
GAP3_4__odds_band=20-40__model_rank_band=11-15,GAP3_4,odds_band=20-40;model_rank_band=11-15,False,1087,20,64.1214351425943,-39000.0,60.45998160073597,5.710186513629842,54.936708860759495,77.39557739557739,285,0,0.0,0.0,1087,20,64.1214351425943,-39000.0,1378,81.69811320754717,-25220.0,271,5,63.210332103321036,-9970.0,271,63.210332103321036,339,69.76401179941003,-10250.0,593
GAP7_9__model_rank_band=4-5,GAP7_9,model_rank_band=4-5,False,634,17,84.84227129337539,-9610.0,78.37539432176656,7.622234616099647,54.93150684931507,116.60633484162896,121,0,0.0,0.0,634,17,84.84227129337539,-9610.0,925,104.5081081081081,4170.0,58,4,201.89655172413794,5910.0,58,201.89655172413794,126,144.68253968253967,5630.0,594
GAP7_9__market_rank_band=11-15__model_rank_band=4-5,GAP7_9,market_rank_band=11-15;model_rank_band=4-5,False,634,17,84.84227129337539,-9610.0,78.37539432176656,7.622234616099647,54.93150684931507,116.60633484162896,121,0,0.0,0.0,634,17,84.84227129337539,-9610.0,925,104.5081081081081,4170.0,58,4,201.89655172413794,5910.0,58,201.89655172413794,126,144.68253968253967,5630.0,595
GAP10_14__field_size_band=15-16__market_rank_band=11-15,GAP10_14,field_size_band=15-16;market_rank_band=11-15,False,212,6,91.83962264150944,-1730.0,71.13207547169812,22.547508988186955,54.910714285714285,162.36363636363637,45,0,0.0,0.0,212,6,91.83962264150944,-1730.0,503,123.95626242544732,12050.0,15,1,180.0,1200.0,15,180.0,83,111.08433734939759,920.0,596
GAP10P__field_size_band=15-16__market_rank_band=11-15,GAP10P,field_size_band=15-16;market_rank_band=11-15,False,212,6,91.83962264150944,-1730.0,71.13207547169812,22.547508988186955,54.910714285714285,162.36363636363637,45,0,0.0,0.0,212,6,91.83962264150944,-1730.0,503,123.95626242544732,12050.0,15,1,180.0,1200.0,15,180.0,83,111.08433734939759,920.0,597
GAP3_4__field_size_band=<=12__l17_rank_band=31-40,GAP3_4,field_size_band=<=12;l17_rank_band=31-40,False,177,6,120.56497175141243,3640.0,94.63276836158192,21.508903467666354,54.905660377358494,190.93333333333334,49,0,0.0,0.0,177,6,120.56497175141243,3640.0,468,137.22222222222223,17420.0,45,0,0.0,-4500.0,45,0.0,113,57.69911504424779,-4780.0,598
GAP3_4__model_rank_band=6-8__l17_rank_band=<=10,GAP3_4,model_rank_band=6-8;l17_rank_band=<=10,False,1231,34,77.51421608448416,-27680.0,74.25670186839967,4.202473276042758,54.83940042826553,113.36111111111111,360,0,0.0,0.0,1231,34,77.51421608448416,-27680.0,1522,90.86727989487517,-13900.0,260,4,50.30769230769231,-12920.0,260,50.30769230769231,328,59.75609756097561,-13200.0,599
GAP7_9__surface=TURF__distance_band=<=1400,GAP7_9,surface=TURF;distance_band=<=1400,False,591,11,65.414551607445,-20440.0,57.03891708967851,12.8039317123642,54.831932773109244,87.14285714285714,126,0,0.0,0.0,591,11,65.414551607445,-20440.0,882,92.44897959183673,-6660.0,101,0,0.0,-10100.0,101,0.0,169,38.57988165680474,-10380.0,600
GAP5_6__odds_band=20-40__field_size_band=<=12,GAP5_6,odds_band=20-40;field_size_band=<=12,False,598,15,72.70903010033445,-16320.0,66.38795986622074,8.693652253909844,54.752066115702476,120.33613445378151,119,0,0.0,0.0,598,15,72.70903010033445,-16320.0,889,97.14285714285714,-2540.0,55,1,48.72727272727273,-2820.0,55,48.72727272727273,123,74.79674796747967,-3100.0,601
GAP7_9__field_size_band=13-14__model_rank_band=1-3,GAP7_9,field_size_band=13-14;model_rank_band=1-3,False,116,4,80.77586206896552,-2230.0,56.98275862068966,29.455709711846318,54.680851063829785,123.78378378378379,32,0,0.0,0.0,116,4,80.77586206896552,-2230.0,407,128.3783783783784,11550.0,16,0,0.0,-1600.0,16,0.0,84,77.61904761904762,-1880.0,602
GAP3_4__pair_worse_rank_band=7-10__field_size_band=<=12,GAP3_4,pair_worse_rank_band=7-10;field_size_band=<=12,False,1375,37,82.04363636363637,-24690.0,77.40363636363637,5.655526992287918,54.65256797583081,95.26586620926244,331,0,0.0,0.0,1375,37,82.04363636363637,-24690.0,1666,93.45138055222088,-10910.0,275,7,99.49090909090908,-140.0,275,99.49090909090908,343,98.77551020408163,-420.0,603
GAP5_6__odds_band=20-40__model_rank_band=1-3,GAP5_6,odds_band=20-40;model_rank_band=1-3,False,529,15,74.0453686200378,-13730.0,67.18336483931947,9.267296400306357,54.619565217391305,85.50925925925925,129,0,0.0,0.0,529,15,74.0453686200378,-13730.0,820,100.0609756097561,50.0,94,4,91.91489361702128,-760.0,94,91.91489361702128,162,93.58024691358025,-1040.0,604
GAP3_4__field_size_band=13-14__market_rank_band=16-20,GAP3_4,field_size_band=13-14;market_rank_band=16-20,False,638,11,77.52351097178683,-14340.0,69.07523510971787,10.897695107157299,54.51807228915663,109.0204081632653,166,0,0.0,0.0,638,11,77.52351097178683,-14340.0,929,99.39720129171151,-560.0,201,5,133.5820895522388,6750.0,201,133.5820895522388,269,124.05204460966543,6470.0,605
GAP3_4__odds_band=20-40__model_rank_band=4-5,GAP3_4,odds_band=20-40;model_rank_band=4-5,False,1256,39,75.35828025477707,-30950.0,72.95382165605096,3.190702588483888,54.51371571072319,109.52380952380952,294,0,0.0,0.0,1256,39,75.35828025477707,-30950.0,1547,88.9010989010989,-17170.0,209,6,66.50717703349282,-7000.0,209,66.50717703349282,277,73.71841155234657,-7280.0,606
GAP0_2__field_size_band=<=12__market_rank_band=11-15,GAP0_2,field_size_band=<=12;market_rank_band=11-15,False,3143,79,86.39198218262806,-42770.0,84.47343302577156,2.2207490884985086,54.44040036396724,124.7834274952919,982,0,0.0,0.0,3143,79,86.39198218262806,-42770.0,3434,91.55794991263832,-28990.0,1012,19,64.68379446640316,-35740.0,1012,64.68379446640316,1080,66.64814814814815,-36020.0,607
GAP3_4__pair_worse_rank_band=7-10__market_rank_band=16-20,GAP3_4,pair_worse_rank_band=7-10;market_rank_band=16-20,False,2089,37,88.64049784585926,-23730.0,85.23695548109143,3.839714856618243,54.415841584158414,123.98921832884098,505,0,0.0,0.0,2089,37,88.64049784585926,-23730.0,2380,95.81932773109244,-9950.0,607,16,118.66556836902801,11330.0,607,118.66556836902801,675,116.37037037037037,11050.0,608
GAP0_2__field_size_band=<=12__l17_rank_band=11-20,GAP0_2,field_size_band=<=12;l17_rank_band=11-20,False,3147,108,78.35081029551954,-68130.0,76.43787734350175,2.441497343553555,54.351351351351354,109.44603629417384,990,0,0.0,0.0,3147,108,78.35081029551954,-68130.0,3438,84.1913903432228,-54350.0,1013,24,56.071076011846,-44500.0,1013,56.071076011846,1081,58.575393154486584,-44780.0,609
GAP7_9__odds_band=20-40__field_size_band=13-14,GAP7_9,odds_band=20-40;field_size_band=13-14,False,314,7,63.88535031847134,-11340.0,52.35668789808917,18.045862412761714,54.29824561403509,70.625,72,0,0.0,0.0,314,7,63.88535031847134,-11340.0,605,104.03305785123968,2440.0,31,0,0.0,-3100.0,31,0.0,99,65.85858585858585,-3380.0,610
GAP5_6__field_size_band=15-16__surface=TURF,GAP5_6,field_size_band=15-16;surface=TURF,False,763,17,69.54128440366972,-23240.0,62.90956749672346,9.536373916321146,54.275862068965516,94.3840579710145,197,0,0.0,0.0,763,17,69.54128440366972,-23240.0,1054,91.02466793168881,-9460.0,167,5,89.52095808383234,-1750.0,167,89.52095808383234,235,91.36170212765957,-2030.0,611
GAP5_6__field_size_band=15-16__model_rank_band=9-10,GAP5_6,field_size_band=15-16;model_rank_band=9-10,False,398,8,78.26633165829146,-8650.0,66.03015075376885,15.63402889245586,54.23076923076923,95.625,80,0,0.0,0.0,398,8,78.26633165829146,-8650.0,689,107.4455732946299,5130.0,48,0,0.0,-4800.0,48,0.0,116,56.206896551724135,-5080.0,612
GAP5P__field_size_band=13-14__model_rank_band=6-8,GAP5P,field_size_band=13-14;model_rank_band=6-8,False,513,10,70.31189083820662,-15230.0,56.72514619883041,19.32353756584419,54.21568627450981,88.44559585492227,116,0,0.0,0.0,513,10,70.31189083820662,-15230.0,804,98.19651741293532,-1450.0,59,4,188.135593220339,5200.0,59,188.135593220339,127,138.74015748031496,4920.0,613
GAP0_2__pair_worse_rank_band=7-10__market_rank_band=11-15,GAP0_2,pair_worse_rank_band=7-10;market_rank_band=11-15,False,6065,125,76.64962901896125,-141620.0,75.20197856553999,1.8886594389950095,54.21280276816609,96.05581885202739,1854,0,0.0,0.0,6065,125,76.64962901896125,-141620.0,6356,79.88672120830711,-127840.0,2438,54,77.57588187038556,-54670.0,2438,77.57588187038556,2506,78.07262569832402,-54950.0,614
GAP0_2__field_size_band=<=12__model_rank_band=6-8,GAP0_2,field_size_band=<=12;model_rank_band=6-8,False,2907,92,62.5077399380805,-108990.0,61.155830753353975,2.1627868581806173,54.13377192982456,69.05982905982906,912,0,0.0,0.0,2907,92,62.5077399380805,-108990.0,3198,70.22826766729206,-95210.0,990,33,61.535353535353536,-38080.0,990,61.535353535353536,1058,63.742911153119096,-38360.0,615
GAP0_2__odds_band=20-40__market_rank_band=11-15,GAP0_2,odds_band=20-40;market_rank_band=11-15,False,6541,170,81.34994649136218,-121990.0,80.74300565662743,0.7460863355321268,54.088541666666664,103.50187265917603,2101,0,0.0,0.0,6541,170,81.34994649136218,-121990.0,6832,84.16129976580797,-108210.0,2573,77,93.4512242518461,-16850.0,2573,93.4512242518461,2641,93.51382052252934,-17130.0,616
GAP5P__model_rank_band=4-5__l17_rank_band=11-20,GAP5P,model_rank_band=4-5;l17_rank_band=11-20,False,699,22,89.62804005722461,-7250.0,78.826895565093,12.051077414205906,53.843283582089555,114.35714285714286,140,4,0.5722460658082976,1.3745704467353952,695,22,90.14388489208633,-6850.0,986,107.02839756592292,6930.0,59,5,230.0,7670.0,59,230.0,127,158.18897637795277,7390.0,617
GAP0_2__distance_band=2201+,GAP0_2,distance_band=2201+,False,799,41,72.24030037546933,-22180.0,66.64580725907385,7.744282744282744,53.80597014925373,82.97709923664122,262,0,0.0,0.0,799,41,72.24030037546933,-22180.0,1090,92.29357798165138,-8400.0,261,13,76.4367816091954,-6150.0,261,76.4367816091954,329,80.45592705167174,-6430.0,618
GAP0_2__odds_band=20-40__model_rank_band=4-5,GAP0_2,odds_band=20-40;model_rank_band=4-5,False,881,33,86.92395005675368,-11520.0,83.34846765039728,4.113345521023766,53.63013698630137,143.07142857142858,280,0,0.0,0.0,881,33,86.92395005675368,-11520.0,1172,101.9283276450512,2260.0,357,14,87.00280112044818,-4640.0,357,87.00280112044818,425,88.4235294117647,-4920.0,619
GAP5_6__model_rank_band=4-5__l17_rank_band=21-30,GAP5_6,model_rank_band=4-5;l17_rank_band=21-30,False,171,4,62.046783625730995,-6490.0,42.98245614035088,30.72573044297832,53.46938775510204,68.55072463768116,49,0,0.0,0.0,171,4,62.046783625730995,-6490.0,462,115.77922077922078,7290.0,23,1,116.52173913043478,380.0,23,116.52173913043478,91,101.0989010989011,100.0,620
GAP0_2__odds_band=40-60__model_rank_band=11-15,GAP0_2,odds_band=40-60;model_rank_band=11-15,False,5642,93,75.7904998227579,-136590.0,74.73945409429281,1.3867776712424873,53.45047923322684,91.71277221895232,1699,0,0.0,0.0,5642,93,75.7904998227579,-136590.0,5933,79.30052250126411,-122810.0,2195,30,62.1503416856492,-83080.0,2195,62.1503416856492,2263,63.1639416703491,-83360.0,621
GAP0_2__model_rank_band=11-15__l17_rank_band=11-20,GAP0_2,model_rank_band=11-15;l17_rank_band=11-20,False,6063,109,72.58782780801583,-166200.0,71.39205014019463,1.6473528743467394,53.21989528795812,101.94195250659631,1876,0,0.0,0.0,6063,109,72.58782780801583,-166200.0,6354,76.01196096946805,-152420.0,2401,53,85.47688463140358,-34870.0,2401,85.47688463140358,2469,85.76346699068449,-35150.0,622
GAP0_2__market_rank_band=11-15,GAP0_2,market_rank_band=11-15,False,9029,206,79.64226381659098,-183810.0,78.97109314431277,0.8427317860073148,53.201393286890436,99.41336046117328,2922,0,0.0,0.0,9029,206,79.64226381659098,-183810.0,9320,81.75643776824035,-170030.0,3284,78,81.49817295980512,-60760.0,3284,81.49817295980512,3352,81.78997613365155,-61040.0,623
GAP5P__model_rank_band=4-5__l17_rank_band=21-30,GAP5P,model_rank_band=4-5;l17_rank_band=21-30,False,372,9,74.03225806451613,-9660.0,63.01075268817204,14.887436456063908,53.19277108433735,130.66666666666666,90,8,2.150537634408602,2.7491408934707904,364,9,75.65934065934066,-8860.0,655,107.5114503816794,4920.0,38,2,145.78947368421052,1740.0,38,145.78947368421052,106,113.77358490566037,1460.0,624
GAP5P__field_size_band=17+,GAP5P,field_size_band=17+,False,658,12,91.17021276595744,-5810.0,77.87234042553192,14.585764294049008,53.15068493150685,122.61044176706827,190,0,0.0,0.0,658,12,91.17021276595744,-5810.0,949,108.39831401475237,7970.0,176,5,115.05681818181819,2650.0,176,115.05681818181819,244,109.71311475409836,2370.0,625
GAP5P__field_size_band=17+__surface=TURF,GAP5P,field_size_band=17+;surface=TURF,False,658,12,91.17021276595744,-5810.0,77.87234042553192,14.585764294049008,53.15068493150685,122.61044176706827,190,0,0.0,0.0,658,12,91.17021276595744,-5810.0,949,108.39831401475237,7970.0,176,5,115.05681818181819,2650.0,176,115.05681818181819,244,109.71311475409836,2370.0,626
GAP10_14__odds_band=40-60__model_rank_band=6-8,GAP10_14,odds_band=40-60;model_rank_band=6-8,False,315,6,84.98412698412699,-4730.0,69.4920634920635,18.22936122525215,53.148148148148145,162.66666666666666,30,0,0.0,0.0,315,6,84.98412698412699,-4730.0,606,114.93399339933994,9050.0,19,2,493.6842105263158,7480.0,19,493.6842105263158,87,182.75862068965517,7200.0,627
GAP3_4__field_size_band=15-16__model_rank_band=6-8,GAP3_4,field_size_band=15-16;model_rank_band=6-8,False,1440,41,80.52083333333333,-28050.0,77.90972222222223,3.2427770590771883,53.129629629629626,126.41379310344827,435,0,0.0,0.0,1440,41,80.52083333333333,-28050.0,1731,91.75621028307337,-14270.0,392,10,79.18367346938776,-8160.0,392,79.18367346938776,460,81.65217391304348,-8440.0,628
GAP3_4__field_size_band=17+__model_rank_band=1-3,GAP3_4,field_size_band=17+;model_rank_band=1-3,False,240,10,71.625,-6810.0,61.0,14.834205933682373,53.108108108108105,103.55263157894737,74,0,0.0,0.0,240,10,71.625,-6810.0,531,113.1261770244821,6970.0,80,3,62.75,-2980.0,80,62.75,148,77.97297297297297,-3260.0,629
GAP5P__model_rank_band=11-15,GAP5P,model_rank_band=11-15,False,4026,56,78.02285146547442,-88480.0,75.70293094883259,2.9733859671463136,53.07692307692308,100.42417815482503,943,91,2.260307998012916,31.27147766323024,3935,54,75.74078780177891,-95460.0,4226,80.67203028868907,-81680.0,844,9,64.96445497630332,-29570.0,805,60.01242236024845,873,62.80641466208476,-32470.0,630
GAP7_9__market_rank_band=<=10,GAP7_9,market_rank_band=<=10,False,452,14,75.6858407079646,-10990.0,69.20353982300885,8.564747149956153,53.0722891566265,89.48275862068965,112,0,0.0,0.0,452,14,75.6858407079646,-10990.0,743,103.7550471063257,2790.0,61,1,38.85245901639344,-3730.0,61,38.85245901639344,129,68.91472868217055,-4010.0,631
GAP7_9__market_rank_band=<=10__model_rank_band=1-3,GAP7_9,market_rank_band=<=10;model_rank_band=1-3,False,452,14,75.6858407079646,-10990.0,69.20353982300885,8.564747149956153,53.0722891566265,89.48275862068965,112,0,0.0,0.0,452,14,75.6858407079646,-10990.0,743,103.7550471063257,2790.0,61,1,38.85245901639344,-3730.0,61,38.85245901639344,129,68.91472868217055,-4010.0,632
GAP5_6__model_rank_band=6-8__l17_rank_band=11-20,GAP5_6,model_rank_band=6-8;l17_rank_band=11-20,False,701,15,68.74465049928673,-21910.0,63.09557774607703,8.217472504669018,52.97959183673469,93.52201257861635,159,0,0.0,0.0,701,15,68.74465049928673,-21910.0,992,91.80443548387096,-8130.0,89,3,96.51685393258427,-310.0,89,96.51685393258427,157,96.24203821656052,-590.0,633
GAP3_4__field_size_band=15-16__distance_band=<=1400,GAP3_4,field_size_band=15-16;distance_band=<=1400,False,1665,48,67.23123123123123,-54560.0,64.45045045045045,4.136144363051635,52.92096219931271,78.05327868852459,488,0,0.0,0.0,1665,48,67.23123123123123,-54560.0,1956,79.15132924335379,-40780.0,480,9,45.854166666666664,-25990.0,480,45.854166666666664,548,52.06204379562044,-26270.0,634
GAP5_6__model_rank_band=6-8__l17_rank_band=21-30,GAP5_6,model_rank_band=6-8;l17_rank_band=21-30,False,280,7,82.25,-4970.0,67.78571428571429,17.585757707338253,52.84552845528455,124.8,57,0,0.0,0.0,280,7,82.25,-4970.0,571,115.42907180385289,8810.0,30,1,107.33333333333333,220.0,30,107.33333333333333,98,99.38775510204081,-60.0,635
GAP5P__market_rank_band=21-25__l17_rank_band=21-30,GAP5P,market_rank_band=21-25;l17_rank_band=21-30,False,613,7,68.61337683523654,-19240.0,56.150081566068515,18.16452686638136,52.829268292682926,81.76470588235294,85,16,2.6101141924959217,5.498281786941581,597,7,70.45226130653266,-17640.0,888,95.65315315315316,-3860.0,62,1,159.67741935483872,3700.0,61,162.29508196721312,129,127.28682170542636,3520.0,636
GAP7_9__distance_band=<=1400,GAP7_9,distance_band=<=1400,False,1313,21,61.11195734958111,-51060.0,56.14623000761615,8.125623130608176,52.748226950354606,94.67432950191571,261,0,0.0,0.0,1313,21,61.11195734958111,-51060.0,1604,76.75810473815461,-37280.0,196,3,45.1530612244898,-10750.0,196,45.1530612244898,264,58.21969696969697,-11030.0,637
GAP10P__odds_band=40-60__field_size_band=13-14,GAP10P,odds_band=40-60;field_size_band=13-14,False,211,4,88.81516587677726,-2360.0,61.4218009478673,30.843116328708646,52.666666666666664,122.97872340425532,47,0,0.0,0.0,211,4,88.81516587677726,-2360.0,502,122.74900398406375,11420.0,26,0,0.0,-2600.0,26,0.0,94,69.36170212765957,-2880.0,638
GAP5_6__surface=DIRT__distance_band=1801-2200,GAP5_6,surface=DIRT;distance_band=1801-2200,False,154,6,103.11688311688312,480.0,74.6103896103896,27.6448362720403,52.622950819672134,198.75,32,0,0.0,0.0,154,6,103.11688311688312,480.0,445,132.04494382022472,14260.0,26,1,63.46153846153846,-950.0,26,63.46153846153846,94,86.91489361702128,-1230.0,639
GAP5P__market_rank_band=16-20__l17_rank_band=31-40,GAP5P,market_rank_band=16-20;l17_rank_band=31-40,False,746,15,91.72922252010724,-6170.0,82.53351206434316,10.024842905158556,52.564841498559076,141.76,149,6,0.8042895442359249,2.0618556701030926,740,15,92.47297297297297,-5570.0,1031,107.9631425800194,8210.0,108,1,44.53703703703704,-5990.0,108,44.53703703703704,176,64.375,-6270.0,640
GAP3_4__model_rank_band=9-10__l17_rank_band=31-40,GAP3_4,model_rank_band=9-10;l17_rank_band=31-40,False,154,5,108.24675324675324,1270.0,78.44155844155844,27.534493101379724,52.549019607843135,180.26315789473685,38,0,0.0,0.0,154,5,108.24675324675324,1270.0,445,133.82022471910113,15050.0,43,0,0.0,-4300.0,43,0.0,111,58.73873873873874,-4580.0,641
GAP0_2__field_size_band=<=12__surface=TURF,GAP0_2,field_size_band=<=12;surface=TURF,False,2145,126,68.51282051282051,-67540.0,66.34032634032634,3.170930865541644,52.486033519553075,77.13698630136986,699,0,0.0,0.0,2145,126,68.51282051282051,-67540.0,2436,77.93103448275862,-53760.0,685,48,85.2992700729927,-10070.0,685,85.2992700729927,753,86.25498007968127,-10350.0,642
GAP7_9__field_size_band=13-14__l17_rank_band=11-20,GAP7_9,field_size_band=13-14;l17_rank_band=11-20,False,242,5,64.25619834710744,-8650.0,45.247933884297524,29.581993569131832,52.45454545454545,79.66666666666667,42,0,0.0,0.0,242,5,64.25619834710744,-8650.0,533,109.62476547842401,5130.0,14,0,0.0,-1400.0,14,0.0,82,79.51219512195122,-1680.0,643
GAP3_4__field_size_band=13-14__model_rank_band=4-5,GAP3_4,field_size_band=13-14;model_rank_band=4-5,False,362,12,67.62430939226519,-11720.0,59.69613259668508,11.723856209150327,52.389380530973455,100.45454545454545,88,0,0.0,0.0,362,12,67.62430939226519,-11720.0,653,103.15467075038285,2060.0,59,3,108.13559322033899,480.0,59,108.13559322033899,127,101.5748031496063,200.0,644
GAP0_2__odds_band=40-60__field_size_band=<=12,GAP0_2,odds_band=40-60;field_size_band=<=12,False,2126,35,75.99717779868297,-51030.0,73.20790216368768,3.6702358111035465,52.32339089481947,121.51057401812689,637,0,0.0,0.0,2126,35,75.99717779868297,-51030.0,2417,84.58833264377327,-37250.0,747,10,61.4859437751004,-28770.0,747,61.4859437751004,815,64.3558282208589,-29050.0,645
GAP0_2__odds_band=40-60__market_rank_band=11-15,GAP0_2,odds_band=40-60;market_rank_band=11-15,False,4764,78,74.58228379513014,-121090.0,73.37951301427373,1.6126762545382904,52.28601807549176,94.04628330995793,1426,0,0.0,0.0,4764,78,74.58228379513014,-121090.0,5055,78.77151335311572,-107310.0,1766,27,68.27859569648925,-56020.0,1766,68.27859569648925,1834,69.3020719738277,-56300.0,646
GAP0_2__field_size_band=13-14__distance_band=1801-2200,GAP0_2,field_size_band=13-14;distance_band=1801-2200,False,259,12,67.87644787644787,-8320.0,56.71814671814672,16.4391353811149,52.26190476190476,83.33333333333333,81,0,0.0,0.0,259,12,67.87644787644787,-8320.0,550,109.92727272727272,5460.0,85,1,17.41176470588235,-7020.0,85,17.41176470588235,153,52.287581699346404,-7300.0,647
GAP5P__field_size_band=15-16__model_rank_band=11-15,GAP5P,field_size_band=15-16;model_rank_band=11-15,False,2013,29,80.20367610531545,-39850.0,75.5638350720318,5.785072777949829,52.15447154471545,111.75757575757575,495,91,4.520615996025832,31.27147766323024,1922,27,75.6347554630593,-46830.0,2213,85.0655219159512,-33050.0,466,2,24.313304721030043,-35270.0,427,11.264637002341921,495,22.88888888888889,-38170.0,648
GAP5_6__field_size_band=<=12__l17_rank_band=<=10,GAP5_6,field_size_band=<=12;l17_rank_band=<=10,False,311,9,82.44372990353698,-5460.0,68.36012861736334,17.082683307332292,52.09090909090909,107.11111111111111,66,0,0.0,0.0,311,9,82.44372990353698,-5460.0,602,113.82059800664452,8320.0,22,1,236.36363636363637,3000.0,22,236.36363636363637,90,130.22222222222223,2720.0,649
GAP3_4__pair_worse_rank_band=11-14__field_size_band=<=12,GAP3_4,pair_worse_rank_band=11-14;field_size_band=<=12,False,62,4,194.67741935483872,5870.0,95.80645161290323,50.7870753935377,52.0,407.0833333333333,18,0,0.0,0.0,62,4,194.67741935483872,5870.0,353,155.6657223796034,19650.0,23,0,0.0,-2300.0,23,0.0,91,71.64835164835165,-2580.0,650
GAP5_6__market_rank_band=<=10__l17_rank_band=<=10,GAP5_6,market_rank_band=<=10;l17_rank_band=<=10,False,693,23,71.991341991342,-19410.0,67.3015873015873,6.514331529364602,51.85950413223141,122.88461538461539,156,0,0.0,0.0,693,23,71.991341991342,-19410.0,984,94.27845528455285,-5630.0,98,6,113.87755102040816,1360.0,98,113.87755102040816,166,106.50602409638554,1080.0,651
GAP3_4__odds_band=<20__model_rank_band=6-8,GAP3_4,odds_band=<20;model_rank_band=6-8,False,143,5,64.61538461538461,-5060.0,50.83916083916084,21.32034632034632,51.8421052631579,72.4074074074074,38,0,0.0,0.0,143,5,64.61538461538461,-5060.0,434,120.09216589861751,8720.0,23,0,0.0,-2300.0,23,0.0,91,71.64835164835165,-2580.0,652
GAP5_6__pair_worse_rank_band=11-14,GAP5_6,pair_worse_rank_band=11-14,False,584,12,87.48287671232876,-7310.0,75.83904109589041,13.309845370914074,51.82857142857143,135.72222222222223,175,0,0.0,0.0,584,12,87.48287671232876,-7310.0,875,107.39428571428572,6470.0,199,6,125.47738693467336,5070.0,199,125.47738693467336,267,117.94007490636704,4790.0,653
GAP0_2__market_rank_band=11-15__l17_rank_band=21-30,GAP0_2,market_rank_band=11-15;l17_rank_band=21-30,False,3140,62,74.30891719745223,-80670.0,71.86942675159236,3.282904041486307,51.82311869666408,99.43315508021391,916,0,0.0,0.0,3140,62,74.30891719745223,-80670.0,3431,80.50422617312736,-66890.0,1315,30,81.62737642585552,-24160.0,1315,81.62737642585552,1383,82.32827187274042,-24440.0,654
GAP7_9__model_rank_band=11-15__l17_rank_band=21-30,GAP7_9,model_rank_band=11-15;l17_rank_band=21-30,False,506,7,77.29249011857708,-11490.0,62.19367588932806,19.534645870621326,51.76470588235294,150.65573770491804,61,0,0.0,0.0,506,7,77.29249011857708,-11490.0,797,102.8732747804266,2290.0,51,1,194.11764705882354,4800.0,51,194.11764705882354,119,137.98319327731093,4520.0,655
GAP3_4__pair_worse_rank_band=7-10__market_rank_band=<=10,GAP3_4,pair_worse_rank_band=7-10;market_rank_band=<=10,False,1879,60,63.826503459286855,-67970.0,61.94784459819053,2.943383640456933,51.60751565762004,73.32892998678996,479,0,0.0,0.0,1879,60,63.826503459286855,-67970.0,2170,75.02764976958525,-54190.0,361,8,43.18559556786703,-20510.0,361,43.18559556786703,429,51.53846153846154,-20790.0,656
GAP5_6__field_size_band=15-16__l17_rank_band=<=10,GAP5_6,field_size_band=15-16;l17_rank_band=<=10,False,649,18,76.39445300462249,-15320.0,70.52388289676425,7.684550221863654,51.58940397350993,98.03571428571429,151,0,0.0,0.0,649,18,76.39445300462249,-15320.0,940,98.36170212765957,-1540.0,109,5,95.96330275229357,-440.0,109,95.96330275229357,177,95.9322033898305,-720.0,657
GAP3_4__pair_worse_rank_band=<=6__market_rank_band=16-20,GAP3_4,pair_worse_rank_band=<=6;market_rank_band=16-20,False,957,15,63.62591431556949,-34810.0,58.6833855799373,7.768106421415667,51.55038759689923,81.22977346278317,261,0,0.0,0.0,957,15,63.62591431556949,-34810.0,1248,83.14903846153847,-21030.0,276,1,15.869565217391305,-23220.0,276,15.869565217391305,344,31.686046511627907,-23500.0,658
GAP5_6__distance_band=1801-2200,GAP5_6,distance_band=1801-2200,False,684,21,90.64327485380117,-6400.0,80.73099415204679,10.935483870967742,51.42857142857143,129.88929889298893,154,0,0.0,0.0,684,21,90.64327485380117,-6400.0,975,107.56923076923077,7380.0,113,3,92.12389380530973,-890.0,113,92.12389380530973,181,93.53591160220995,-1170.0,659
GAP5_6__odds_band=<20__market_rank_band=<=10,GAP5_6,odds_band=<20;market_rank_band=<=10,False,486,23,78.90946502057614,-10250.0,74.8559670781893,5.136897001303781,51.28865979381443,134.81132075471697,106,0,0.0,0.0,486,23,78.90946502057614,-10250.0,777,104.54311454311454,3530.0,53,4,111.13207547169812,590.0,53,111.13207547169812,121,102.56198347107438,310.0,660
GAP5P__surface=TURF__distance_band=1801-2200,GAP5P,surface=TURF;distance_band=1801-2200,False,682,16,81.93548387096774,-12320.0,71.99413489736071,12.133142448103078,51.2109375,107.08333333333333,162,25,3.665689149560117,8.59106529209622,657,16,85.05327245053273,-9820.0,948,104.17721518987342,3960.0,138,6,171.52173913043478,9870.0,134,176.6417910447761,202,149.45544554455446,9990.0,661
GAP7_9__pair_worse_rank_band=<=6__field_size_band=15-16,GAP7_9,pair_worse_rank_band=<=6;field_size_band=15-16,False,547,11,79.36014625228519,-11290.0,68.92138939670933,13.153651232434923,51.11570247933884,125.49738219895288,114,0,0.0,0.0,547,11,79.36014625228519,-11290.0,838,102.97136038186157,2490.0,69,1,43.47826086956522,-3900.0,69,43.47826086956522,137,69.48905109489051,-4180.0,662
GAP0_2__odds_band=40-60__model_rank_band=9-10,GAP0_2,odds_band=40-60;model_rank_band=9-10,False,829,15,80.49457177322074,-16170.0,74.60796139927623,7.313052600029971,51.10266159695818,114.97907949790795,239,0,0.0,0.0,829,15,80.49457177322074,-16170.0,1120,97.86607142857143,-2390.0,308,3,43.83116883116883,-17300.0,308,43.83116883116883,376,53.244680851063826,-17580.0,663
GAP5_6__odds_band=40-60__model_rank_band=11-15,GAP5_6,odds_band=40-60;model_rank_band=11-15,False,1538,26,81.30689206762028,-28750.0,77.43172951885566,4.76609356257497,51.056466302367944,113.4717607973422,387,0,0.0,0.0,1538,26,81.30689206762028,-28750.0,1829,91.81519956260252,-14970.0,369,5,68.40108401084011,-11660.0,369,68.40108401084011,437,72.67734553775743,-11940.0,664
GAP5_6__odds_band=<20,GAP5_6,odds_band=<20,False,491,23,78.10590631364562,-10750.0,74.09368635437882,5.136897001303781,51.02564102564103,132.3148148148148,108,0,0.0,0.0,491,23,78.10590631364562,-10750.0,782,103.87468030690538,3030.0,55,4,107.0909090909091,390.0,55,107.0909090909091,123,100.89430894308943,110.0,665
GAP5P__field_size_band=15-16__model_rank_band=6-8,GAP5P,field_size_band=15-16;model_rank_band=6-8,False,1300,23,63.19230769230769,-47850.0,59.39230769230769,6.013390139987827,50.997920997921,91.787072243346,263,64,4.923076923076923,21.993127147766323,1236,23,66.46440129449839,-41450.0,1527,81.87950229207597,-27670.0,182,4,78.24175824175825,-3960.0,171,83.27485380116958,239,86.86192468619247,-3140.0,666
GAP5P__field_size_band=13-14__market_rank_band=<=10,GAP5P,field_size_band=13-14;market_rank_band=<=10,False,403,15,79.08188585607941,-8430.0,71.01736972704714,10.197678067147788,50.90909090909091,148.75,96,0,0.0,0.0,403,15,79.08188585607941,-8430.0,694,107.70893371757926,5350.0,46,1,35.65217391304348,-2960.0,46,35.65217391304348,114,71.57894736842105,-3240.0,667
GAP5P__field_size_band=17+__l17_rank_band=21-30,GAP5P,field_size_band=17+;l17_rank_band=21-30,False,280,5,88.78571428571429,-3140.0,61.5,30.73209975864843,50.847457627118644,117.28,59,0,0.0,0.0,280,5,88.78571428571429,-3140.0,571,118.6339754816112,10640.0,44,1,108.63636363636364,380.0,44,108.63636363636364,112,100.89285714285714,100.0,668
GAP0_2__field_size_band=15-16__distance_band=<=1400,GAP0_2,field_size_band=15-16;distance_band=<=1400,False,1995,86,70.58646616541354,-58680.0,68.23558897243107,3.3304928277233348,50.78740157480315,82.95420974889217,635,0,0.0,0.0,1995,86,70.58646616541354,-58680.0,2286,80.35870516185477,-44900.0,677,28,72.05317577548006,-18920.0,677,72.05317577548006,745,74.22818791946308,-19200.0,669
GAP10_14__model_rank_band=11-15,GAP10_14,model_rank_band=11-15,False,817,11,84.96940024479804,-12280.0,74.73684210526316,12.042639008931143,50.61135371179039,117.57990867579909,219,0,0.0,0.0,817,11,84.96940024479804,-12280.0,1108,101.35379061371842,1500.0,135,1,31.11111111111111,-9300.0,135,31.11111111111111,203,52.80788177339902,-9580.0,670
GAP7_9__pair_worse_rank_band=7-10,GAP7_9,pair_worse_rank_band=7-10,False,2000,43,82.535,-34930.0,79.275,3.9498394620464046,50.54739652870494,152.77142857142857,350,0,0.0,0.0,2000,43,82.535,-34930.0,2291,90.76822348319511,-21150.0,219,7,134.1095890410959,7470.0,219,134.1095890410959,287,125.05226480836237,7190.0,671
GAP0_2__model_rank_band=1-3__l17_rank_band=21-30,GAP0_2,model_rank_band=1-3;l17_rank_band=21-30,False,310,27,88.83870967741936,-3460.0,84.12903225806451,5.3013798111837325,50.48076923076923,120.3157894736842,95,0,0.0,0.0,310,27,88.83870967741936,-3460.0,601,117.17138103161398,10320.0,138,9,65.43478260869566,-4770.0,138,65.43478260869566,206,75.48543689320388,-5050.0,672
GAP5P__model_rank_band=1-3__l17_rank_band=21-30,GAP5P,model_rank_band=1-3;l17_rank_band=21-30,False,271,7,68.11808118081181,-8640.0,54.723247232472325,19.664138678223186,50.476190476190474,90.0,63,4,1.4760147601476015,1.3745704467353952,267,7,69.13857677902622,-8240.0,558,109.92831541218638,5540.0,33,2,107.27272727272727,240.0,33,107.27272727272727,101,99.60396039603961,-40.0,673
GAP5P__odds_band=20-40__field_size_band=<=12,GAP5P,odds_band=20-40;field_size_band=<=12,False,780,19,71.51282051282051,-22220.0,66.66666666666667,6.776622445320903,50.27355623100304,91.21019108280255,157,0,0.0,0.0,780,19,71.51282051282051,-22220.0,1071,92.11951447245565,-8440.0,69,1,38.84057971014493,-4220.0,69,38.84057971014493,137,67.15328467153284,-4500.0,674
GAP10_14__pair_worse_rank_band=7-10__market_rank_band=21-25,GAP10_14,pair_worse_rank_band=7-10;market_rank_band=21-25,False,467,5,64.28265524625267,-16680.0,50.92077087794433,20.78614257161892,50.24390243902439,80.93333333333334,75,0,0.0,0.0,467,5,64.28265524625267,-16680.0,758,96.17414248021109,-2900.0,42,0,0.0,-4200.0,42,0.0,110,59.27272727272727,-4480.0,675
GAP5_6__field_size_band=15-16__l17_rank_band=11-20,GAP5_6,field_size_band=15-16;l17_rank_band=11-20,False,1040,26,86.08653846153847,-14470.0,79.875,7.215458505528873,50.21108179419525,124.17021276595744,235,0,0.0,0.0,1040,26,86.08653846153847,-14470.0,1331,99.4815927873779,-690.0,187,3,44.54545454545455,-10370.0,187,44.54545454545455,255,58.23529411764706,-10650.0,676
GAP0_2__field_size_band=17+__distance_band=1401-1800,GAP0_2,field_size_band=17+;distance_band=1401-1800,False,210,11,77.0,-4830.0,65.33333333333333,15.151515151515152,50.14492753623188,117.5609756097561,59,0,0.0,0.0,210,11,77.0,-4830.0,501,117.86427145708583,8950.0,82,7,131.58536585365854,2590.0,82,131.58536585365854,150,115.4,2310.0,677
GAP5P__market_rank_band=<=10__l17_rank_band=<=10,GAP5P,market_rank_band=<=10;l17_rank_band=<=10,False,831,24,62.29843561973526,-31330.0,58.38748495788207,6.277767046552057,50.082417582417584,104.18478260869566,184,0,0.0,0.0,831,24,62.29843561973526,-31330.0,1122,84.35828877005348,-17550.0,114,6,97.89473684210526,-240.0,114,97.89473684210526,182,97.14285714285714,-520.0,678
GAP5_6__surface=DIRT__distance_band=1401-1800,GAP5_6,surface=DIRT;distance_band=1401-1800,False,1175,33,89.0468085106383,-12870.0,84.0936170212766,5.5624581859887225,50.066964285714285,120.59734513274336,275,0,0.0,0.0,1175,33,89.0468085106383,-12870.0,1466,100.62073669849931,910.0,196,8,131.1734693877551,6110.0,196,131.1734693877551,264,122.08333333333333,5830.0,679
GAP3_4__surface=TURF__distance_band=1801-2200,GAP3_4,surface=TURF;distance_band=1801-2200,False,924,34,80.14069264069263,-18350.0,73.33333333333333,8.49426063470628,50.029761904761905,111.38461538461539,263,0,0.0,0.0,924,34,80.14069264069263,-18350.0,1215,96.23868312757202,-4570.0,234,9,96.58119658119658,-800.0,234,96.58119658119658,302,96.42384105960265,-1080.0,680
GAP0_2__model_rank_band=6-8__l17_rank_band=41-60,GAP0_2,model_rank_band=6-8;l17_rank_band=41-60,False,154,5,73.18181818181819,-4130.0,55.64935064935065,23.957409050576754,50.0,90.58823529411765,48,0,0.0,0.0,154,5,73.18181818181819,-4130.0,445,121.68539325842697,9650.0,71,0,0.0,-7100.0,71,0.0,139,46.906474820143885,-7380.0,681
GAP7_9__field_size_band=<=12,GAP7_9,field_size_band=<=12,False,566,13,84.52296819787986,-8760.0,73.8339222614841,12.646321070234114,49.78260869565217,106.03864734299516,92,0,0.0,0.0,566,13,84.52296819787986,-8760.0,857,105.85764294049008,5020.0,45,0,0.0,-4500.0,45,0.0,113,57.69911504424779,-4780.0,682
GAP5P__field_size_band=13-14__model_rank_band=1-3,GAP5P,field_size_band=13-14;model_rank_band=1-3,False,348,15,100.89080459770115,310.0,89.02298850574712,11.763030475647964,49.70802919708029,156.61417322834646,84,0,0.0,0.0,348,15,100.89080459770115,310.0,639,122.05007824726134,14090.0,43,1,38.13953488372093,-2660.0,43,38.13953488372093,111,73.51351351351352,-2940.0,683
GAP7_9__field_size_band=17+,GAP7_9,field_size_band=17+,False,412,10,88.49514563106796,-4740.0,69.95145631067962,20.95447065277016,49.5364238410596,120.53571428571429,93,0,0.0,0.0,412,10,88.49514563106796,-4740.0,703,112.85917496443813,9040.0,73,2,152.1917808219178,3810.0,73,152.1917808219178,141,125.0354609929078,3530.0,684
GAP7_9__field_size_band=17+__surface=TURF,GAP7_9,field_size_band=17+;surface=TURF,False,412,10,88.49514563106796,-4740.0,69.95145631067962,20.95447065277016,49.5364238410596,120.53571428571429,93,0,0.0,0.0,412,10,88.49514563106796,-4740.0,703,112.85917496443813,9040.0,73,2,152.1917808219178,3810.0,73,152.1917808219178,141,125.0354609929078,3530.0,685
GAP0_2__surface=DIRT__distance_band=2201+,GAP0_2,surface=DIRT;distance_band=2201+,False,58,4,68.10344827586206,-1850.0,47.93103448275862,29.620253164556964,49.5,94.21052631578948,19,0,0.0,0.0,58,4,68.10344827586206,-1850.0,349,134.18338108882523,11930.0,19,0,0.0,-1900.0,19,0.0,87,74.94252873563218,-2180.0,686
GAP0_2__odds_band=40-60__market_rank_band=<=10,GAP0_2,odds_band=40-60;market_rank_band=<=10,False,421,7,71.73396674584323,-11900.0,60.712589073634206,15.364238410596027,49.461077844311376,112.06611570247934,121,0,0.0,0.0,421,7,71.73396674584323,-11900.0,712,102.64044943820225,1880.0,184,2,44.34782608695652,-10240.0,184,44.34782608695652,252,58.25396825396825,-10520.0,687
GAP5P__field_size_band=15-16__l17_rank_band=<=10,GAP5P,field_size_band=15-16;l17_rank_band=<=10,False,981,19,60.876656472986745,-38380.0,54.801223241590215,9.97990622906899,49.44134078212291,77.29613733905579,233,20,2.038735983690112,6.8728522336769755,961,18,55.941727367325704,-42340.0,1252,77.18849840255591,-28560.0,142,7,121.7605633802817,3090.0,135,128.07407407407408,203,117.29064039408867,3510.0,688
GAP10P__field_size_band=13-14,GAP10P,field_size_band=13-14,False,360,8,102.94444444444444,1060.0,83.58333333333333,18.807339449541285,49.411764705882355,173.52941176470588,85,0,0.0,0.0,360,8,102.94444444444444,1060.0,651,122.79569892473118,14840.0,55,0,0.0,-5500.0,55,0.0,123,53.00813008130081,-5780.0,689
GAP5P__field_size_band=<=12__l17_rank_band=11-20,GAP5P,field_size_band=<=12;l17_rank_band=11-20,False,822,20,78.78345498783455,-17440.0,70.5352798053528,10.469425571340334,49.36619718309859,102.11428571428571,142,0,0.0,0.0,822,20,78.78345498783455,-17440.0,1113,96.71159029649596,-3660.0,67,1,82.68656716417911,-1160.0,67,82.68656716417911,135,89.33333333333333,-1440.0,690
GAP10_14__odds_band=40-60__market_rank_band=21-25,GAP10_14,odds_band=40-60;market_rank_band=21-25,False,407,6,79.7051597051597,-8260.0,65.2088452088452,18.18742293464858,49.27927927927928,149.8165137614679,109,0,0.0,0.0,407,6,79.7051597051597,-8260.0,698,107.90830945558739,5520.0,69,0,0.0,-6900.0,69,0.0,137,47.59124087591241,-7180.0,691
GAP0_2__model_rank_band=11-15__l17_rank_band=<=10,GAP0_2,model_rank_band=11-15;l17_rank_band=<=10,False,3622,72,73.73274434014357,-95140.0,71.59028161236886,2.9057140717441774,49.24486803519061,91.5228426395939,1076,0,0.0,0.0,3622,72,73.73274434014357,-95140.0,3913,79.20776897521084,-81360.0,1567,30,65.83280153158903,-53540.0,1567,65.83280153158903,1635,67.08256880733946,-53820.0,692
GAP3_4__odds_band=20-40__model_rank_band=9-10,GAP3_4,odds_band=20-40;model_rank_band=9-10,False,1555,39,76.37299035369774,-36740.0,73.92282958199357,3.208150892556416,48.95204262877442,120.96534653465346,404,0,0.0,0.0,1555,39,76.37299035369774,-36740.0,1846,87.5622968580715,-22960.0,343,4,33.731778425655975,-22730.0,343,33.731778425655975,411,44.01459854014598,-23010.0,693
GAP5P__field_size_band=<=12__l17_rank_band=<=10,GAP5P,field_size_band=<=12;l17_rank_band=<=10,False,417,10,69.64028776978417,-12660.0,59.13669064748201,15.082644628099173,48.87417218543046,93.69942196531792,93,0,0.0,0.0,417,10,69.64028776978417,-12660.0,708,101.5819209039548,1120.0,25,1,208.0,2700.0,25,208.0,93,126.02150537634408,2420.0,694
GAP5P__surface=DIRT__distance_band=1401-1800,GAP5P,surface=DIRT;distance_band=1401-1800,False,1513,30,74.44811632518176,-38660.0,70.32385988103107,5.5397727272727275,48.76712328767123,98.64197530864197,362,63,4.163912756113682,21.649484536082475,1450,29,73.57241379310345,-38320.0,1741,85.90465249856405,-24540.0,274,6,95.76642335766424,-1160.0,258,76.43410852713178,326,80.49079754601227,-6360.0,695
GAP5_6__field_size_band=13-14__l17_rank_band=21-30,GAP5_6,field_size_band=13-14;l17_rank_band=21-30,False,307,6,88.27361563517915,-3600.0,65.4071661237785,25.904059040590408,48.75,142.9203539823009,50,0,0.0,0.0,307,6,88.27361563517915,-3600.0,598,117.02341137123746,10180.0,45,2,151.77777777777777,2330.0,45,151.77777777777777,113,118.14159292035399,2050.0,696
GAP10_14__market_rank_band=16-20__l17_rank_band=11-20,GAP10_14,market_rank_band=16-20;l17_rank_band=11-20,False,167,5,145.32934131736528,7570.0,105.9880239520958,27.07045735475896,48.63636363636363,287.05882352941177,17,0,0.0,0.0,167,5,145.32934131736528,7570.0,458,146.61572052401746,21350.0,5,0,0.0,-500.0,5,0.0,73,89.31506849315069,-780.0,697
GAP3_4__pair_worse_rank_band=<=6__field_size_band=17+,GAP3_4,pair_worse_rank_band=<=6;field_size_band=17+,False,427,15,77.96252927400468,-9410.0,69.64871194379391,10.663863021928506,48.61538461538461,99.48905109489051,130,0,0.0,0.0,427,15,77.96252927400468,-9410.0,718,106.08635097493037,4370.0,135,4,62.148148148148145,-5110.0,135,62.148148148148145,203,73.44827586206897,-5390.0,698
GAP3_4__field_size_band=13-14__distance_band=1401-1800,GAP3_4,field_size_band=13-14;distance_band=1401-1800,False,759,20,59.27536231884058,-30910.0,52.17391304347826,11.98044009779951,48.4,67.70992366412214,225,0,0.0,0.0,759,20,59.27536231884058,-30910.0,1050,83.68571428571428,-17130.0,201,4,50.24875621890547,-10000.0,201,50.24875621890547,269,61.784386617100374,-10280.0,699
GAP3_4__field_size_band=<=12__distance_band=1401-1800,GAP3_4,field_size_band=<=12;distance_band=1401-1800,False,1036,29,57.52895752895753,-44000.0,53.54247104247104,6.929530201342282,48.35616438356164,75.77060931899642,279,0,0.0,0.0,1036,29,57.52895752895753,-44000.0,1327,77.2268274302939,-30220.0,213,5,38.16901408450704,-13170.0,213,38.16901408450704,281,52.13523131672598,-13450.0,700
GAP0_2__field_size_band=15-16__distance_band=1801-2200,GAP0_2,field_size_band=15-16;distance_band=1801-2200,False,418,12,49.688995215311,-21030.0,38.44497607655502,22.62879152623977,48.333333333333336,52.77777777777778,126,0,0.0,0.0,418,12,49.688995215311,-21030.0,709,89.77433004231311,-7250.0,150,7,82.46666666666667,-2630.0,150,82.46666666666667,218,86.65137614678899,-2910.0,701
GAP7_9__field_size_band=15-16__distance_band=1401-1800,GAP7_9,field_size_band=15-16;distance_band=1401-1800,False,657,14,86.5296803652968,-8850.0,77.85388127853881,10.026385224274406,48.3203125,130.0,142,0,0.0,0.0,657,14,86.5296803652968,-8850.0,948,105.20042194092827,4930.0,88,0,0.0,-8800.0,88,0.0,156,41.794871794871796,-9080.0,702
GAP5_6__odds_band=<20__model_rank_band=1-3,GAP5_6,odds_band=<20;model_rank_band=1-3,False,425,18,70.3529411764706,-12600.0,65.71764705882353,6.588628762541806,48.30409356725146,117.95698924731182,93,0,0.0,0.0,425,18,70.3529411764706,-12600.0,716,101.64804469273743,1180.0,50,4,117.8,890.0,50,117.8,118,105.16949152542372,610.0,703
GAP5P__l17_rank_band=61+,GAP5P,l17_rank_band=61+,False,561,9,97.3083778966132,-1510.0,80.65953654188948,17.10936068877084,48.25,163.02469135802468,162,68,12.121212121212121,23.367697594501717,493,6,68.1947261663286,-15680.0,784,97.5765306122449,-1900.0,188,0,0.0,-18800.0,154,0.0,222,29.36936936936937,-15680.0,704
GAP5P__market_rank_band=21-25__model_rank_band=11-15,GAP5P,market_rank_band=21-25;model_rank_band=11-15,False,1701,22,75.91416813639036,-40970.0,71.42269253380364,5.916518237435143,48.1740614334471,108.90374331550802,374,0,0.0,0.0,1701,22,75.91416813639036,-40970.0,1992,86.3504016064257,-27190.0,263,2,56.539923954372625,-11430.0,263,56.539923954372625,331,64.62235649546828,-11710.0,705
GAP7_9__odds_band=40-60,GAP7_9,odds_band=40-60,False,1450,25,83.61379310344827,-23760.0,79.48275862068965,4.940613658858463,48.16216216216216,114.6360153256705,261,0,0.0,0.0,1450,25,83.61379310344827,-23760.0,1741,94.26766226306721,-9980.0,218,2,38.48623853211009,-13410.0,218,38.48623853211009,286,52.13286713286713,-13690.0,706
GAP5_6__model_rank_band=1-3,GAP5_6,model_rank_band=1-3,False,942,32,71.71974522292993,-26640.0,67.86624203821655,5.373001776198934,47.863247863247864,98.72146118721462,219,0,0.0,0.0,942,32,71.71974522292993,-26640.0,1233,89.57015409570154,-12860.0,143,8,101.60839160839161,230.0,143,101.60839160839161,211,99.76303317535545,-50.0,707
GAP5_6__market_rank_band=<=10__model_rank_band=1-3,GAP5_6,market_rank_band=<=10;model_rank_band=1-3,False,942,32,71.71974522292993,-26640.0,67.86624203821655,5.373001776198934,47.863247863247864,98.72146118721462,219,0,0.0,0.0,942,32,71.71974522292993,-26640.0,1233,89.57015409570154,-12860.0,143,8,101.60839160839161,230.0,143,101.60839160839161,211,99.76303317535545,-50.0,708
GAP10P__odds_band=40-60__model_rank_band=6-8,GAP10P,odds_band=40-60;model_rank_band=6-8,False,390,6,68.64102564102564,-12230.0,56.12820512820513,18.22936122525215,47.833333333333336,88.53333333333333,60,28,7.17948717948718,9.621993127147766,362,6,73.95027624309392,-9430.0,653,106.66156202143951,4350.0,31,2,302.5806451612903,6280.0,27,347.4074074074074,95,167.3684210526316,6400.0,709
GAP7_9__model_rank_band=4-5__l17_rank_band=11-20,GAP7_9,model_rank_band=4-5;l17_rank_band=11-20,False,240,6,72.20833333333333,-6670.0,56.416666666666664,21.869590305828044,47.78761061946903,103.29545454545455,39,0,0.0,0.0,240,6,72.20833333333333,-6670.0,531,113.38983050847457,7110.0,17,2,334.11764705882354,3980.0,17,334.11764705882354,85,143.52941176470588,3700.0,710
GAP5_6__field_size_band=<=12__surface=TURF,GAP5_6,field_size_band=<=12;surface=TURF,False,683,16,75.43191800878478,-16780.0,65.50512445095168,13.159937888198758,47.63358778625954,94.20494699646643,138,0,0.0,0.0,683,16,75.43191800878478,-16780.0,974,96.91991786447639,-3000.0,76,2,141.31578947368422,3140.0,76,141.31578947368422,144,119.86111111111111,2860.0,711
GAP5P__pair_worse_rank_band=7-10__field_size_band=15-16,GAP5P,pair_worse_rank_band=7-10;field_size_band=15-16,False,2192,43,80.54288321167883,-42650.0,77.6094890510949,3.642027754177287,47.60580411124547,117.17391304347827,460,126,5.748175182481752,43.29896907216495,2066,41,79.70474346563408,-41930.0,2357,88.05685193042002,-28150.0,374,9,84.38502673796792,-5840.0,353,70.93484419263456,421,74.96437054631829,-10540.0,712
GAP0_2__surface=TURF__distance_band=<=1400,GAP0_2,surface=TURF;distance_band=<=1400,False,1471,68,72.10061182868797,-41040.0,69.12304554724678,4.129737884216481,47.55144032921811,100.28169014084507,486,0,0.0,0.0,1471,68,72.10061182868797,-41040.0,1762,84.52894438138479,-27260.0,491,18,66.9653767820774,-16220.0,491,66.9653767820774,559,70.4830053667263,-16500.0,713
GAP7_9__odds_band=40-60__model_rank_band=11-15,GAP7_9,odds_band=40-60;model_rank_band=11-15,False,858,13,78.44988344988344,-18490.0,71.46853146853147,8.899123458624276,47.52906976744186,136.97802197802199,182,0,0.0,0.0,858,13,78.44988344988344,-18490.0,1149,95.90078328981723,-4710.0,164,1,25.975609756097562,-12140.0,164,25.975609756097562,232,46.46551724137931,-12420.0,714
GAP0_2__field_size_band=<=12__l17_rank_band=31-40,GAP0_2,field_size_band=<=12;l17_rank_band=31-40,False,356,8,78.06179775280899,-7810.0,60.168539325842694,22.92191435768262,47.465753424657535,129.6875,96,0,0.0,0.0,356,8,78.06179775280899,-7810.0,647,109.22720247295209,5970.0,115,0,0.0,-11500.0,115,0.0,183,35.62841530054645,-11780.0,715
GAP3_4__field_size_band=<=12__l17_rank_band=21-30,GAP3_4,field_size_band=<=12;l17_rank_band=21-30,False,663,12,68.09954751131222,-21150.0,58.47662141779789,14.130675526024364,47.465753424657535,88.58620689655173,146,0,0.0,0.0,663,12,68.09954751131222,-21150.0,954,92.27463312368972,-7370.0,137,3,89.05109489051095,-1500.0,137,89.05109489051095,205,91.3170731707317,-1780.0,716
GAP5P__field_size_band=17+__distance_band=1401-1800,GAP5P,field_size_band=17+;distance_band=1401-1800,False,157,3,113.05732484076434,2050.0,64.39490445859873,43.04225352112676,47.407407407407405,157.29166666666666,48,0,0.0,0.0,157,3,113.05732484076434,2050.0,448,135.33482142857142,15830.0,39,3,316.15384615384613,8430.0,39,316.15384615384613,107,176.16822429906543,8150.0,717
GAP0_2__field_size_band=15-16__l17_rank_band=21-30,GAP0_2,field_size_band=15-16;l17_rank_band=21-30,False,2071,49,67.05939159826171,-68220.0,63.87252535007243,4.752304147465438,47.37439222042139,95.03003003003003,617,0,0.0,0.0,2071,49,67.05939159826171,-68220.0,2362,76.95173581710415,-54440.0,897,28,83.47826086956522,-14820.0,897,83.47826086956522,965,84.35233160621762,-15100.0,718
GAP3_4__model_rank_band=11-15__l17_rank_band=11-20,GAP3_4,model_rank_band=11-15;l17_rank_band=11-20,False,1963,33,74.06520631686195,-50910.0,70.71319409067753,4.525758305247954,47.37068965517241,86.79897567221511,464,0,0.0,0.0,1963,33,74.06520631686195,-50910.0,2254,83.52706299911269,-37130.0,523,10,84.16826003824092,-8280.0,523,84.16826003824092,591,85.5160744500846,-8560.0,719
GAP5P__model_rank_band=6-8,GAP5P,model_rank_band=6-8,False,2648,43,57.21299093655589,-113300.0,54.58081570996979,4.600660066006601,47.269372693726936,69.40754039497307,557,64,2.416918429003021,21.993127147766323,2584,43,58.630030959752325,-106900.0,2875,67.61043478260869,-93120.0,323,9,93.25077399380805,-2180.0,312,96.53846153846153,380,96.42105263157895,-1360.0,720
GAP3_4__surface=TURF__distance_band=<=1400,GAP3_4,surface=TURF;distance_band=<=1400,False,1214,34,68.27841845140033,-38510.0,64.10214168039539,6.116539992761491,47.25118483412322,83.94594594594595,370,0,0.0,0.0,1214,34,68.27841845140033,-38510.0,1505,83.56810631229236,-24730.0,342,9,53.39181286549707,-15940.0,342,53.39181286549707,410,60.4390243902439,-16220.0,721
GAP5P__pair_worse_rank_band=<=6__field_size_band=<=12,GAP5P,pair_worse_rank_band=<=6;field_size_band=<=12,False,813,22,81.5990159901599,-14960.0,73.25953259532595,10.220078384082003,47.22222222222222,96.68769716088327,180,0,0.0,0.0,813,22,81.5990159901599,-14960.0,1104,98.93115942028986,-1180.0,66,1,78.78787878787878,-1400.0,66,78.78787878787878,134,87.46268656716418,-1680.0,722
GAP5_6__odds_band=20-40__model_rank_band=6-8,GAP5_6,odds_band=20-40;model_rank_band=6-8,False,1351,28,65.21835677276091,-46990.0,62.28719467061436,4.49438202247191,47.17894736842105,81.93078324225866,327,0,0.0,0.0,1351,28,65.21835677276091,-46990.0,1642,79.77466504263094,-33210.0,209,7,99.23444976076556,-160.0,209,99.23444976076556,277,98.4115523465704,-440.0,723
GAP5P__market_rank_band=<=10__l17_rank_band=11-20,GAP5P,market_rank_band=<=10;l17_rank_band=11-20,False,726,29,90.9228650137741,-6590.0,86.43250688705234,4.938645659748523,47.056603773584904,131.875,176,0,0.0,0.0,726,29,90.9228650137741,-6590.0,1017,107.06981317600787,7190.0,92,3,85.76086956521739,-1310.0,92,85.76086956521739,160,90.0625,-1590.0,724
GAP0_2__market_rank_band=11-15__model_rank_band=11-15,GAP0_2,market_rank_band=11-15;model_rank_band=11-15,False,8564,167,72.65530126109294,-234180.0,71.80873423633815,1.1651827327954742,46.98692810457516,95.8119349005425,2739,0,0.0,0.0,8564,167,72.65530126109294,-234180.0,8855,75.11010728402033,-220400.0,3158,72,84.28752374920836,-49620.0,3158,84.28752374920836,3226,84.53192808431494,-49900.0,725
GAP7_9__field_size_band=15-16__model_rank_band=1-3,GAP7_9,field_size_band=15-16;model_rank_band=1-3,False,311,8,73.21543408360128,-8330.0,62.636655948553056,14.448836187966624,46.98412698412698,134.91803278688525,61,0,0.0,0.0,311,8,73.21543408360128,-8330.0,602,109.0531561461794,5450.0,44,1,53.86363636363637,-2030.0,44,53.86363636363637,112,79.375,-2310.0,726
GAP5_6__market_rank_band=11-15,GAP5_6,market_rank_band=11-15,False,2307,50,71.03164282618118,-66830.0,68.97269180754226,2.8986391651919203,46.93002257336343,90.4120267260579,523,0,0.0,0.0,2307,50,71.03164282618118,-66830.0,2598,79.58044649730562,-53050.0,327,8,79.1743119266055,-6810.0,327,79.1743119266055,395,82.0506329113924,-7090.0,727
GAP5_6__pair_worse_rank_band=11-14__market_rank_band=16-20,GAP5_6,pair_worse_rank_band=11-14;market_rank_band=16-20,False,311,4,67.0096463022508,-10260.0,47.845659163987136,28.598848368522074,46.92307692307692,100.36697247706422,98,0,0.0,0.0,311,4,67.0096463022508,-10260.0,602,105.84717607973423,3520.0,113,3,131.41592920353983,3550.0,113,131.41592920353983,181,118.06629834254143,3270.0,728
GAP10P__model_rank_band=6-8,GAP10P,model_rank_band=6-8,False,586,7,57.57679180887372,-24860.0,45.68259385665529,20.65797273266153,46.92307692307692,60.36363636363637,104,64,10.921501706484642,21.993127147766323,522,7,64.6360153256705,-18460.0,813,94.24354243542436,-4680.0,52,2,180.3846153846154,4180.0,41,228.78048780487805,109,145.87155963302752,5000.0,729
GAP5_6__field_size_band=17+__market_rank_band=<=10,GAP5_6,field_size_band=17+;market_rank_band=<=10,False,216,8,95.18518518518519,-1040.0,81.06481481481481,14.834630350194553,46.904761904761905,163.57142857142858,62,0,0.0,0.0,216,8,95.18518518518519,-1040.0,507,125.12820512820512,12740.0,42,1,16.666666666666668,-3500.0,42,16.666666666666668,110,65.63636363636364,-3780.0,730
GAP10P__field_size_band=15-16,GAP10P,field_size_band=15-16,False,1064,17,84.88721804511279,-16080.0,76.10902255639098,10.341009743135519,46.839622641509436,122.25641025641026,250,291,27.349624060150376,100.0,773,10,61.371280724450195,-29860.0,1064,84.88721804511279,-16080.0,191,2,48.27225130890052,-9880.0,123,21.951219512195124,191,48.27225130890052,-9880.0,731
GAP7_9__field_size_band=15-16,GAP7_9,field_size_band=15-16,False,1598,33,84.98122653316646,-24000.0,80.81351689612015,4.904270986745214,46.79338842975206,148.8125,320,0,0.0,0.0,1598,33,84.98122653316646,-24000.0,1889,94.58973001588141,-10220.0,249,5,63.6144578313253,-9060.0,249,63.6144578313253,317,70.53627760252365,-9340.0,732
GAP0_2__pair_worse_rank_band=7-10__field_size_band=17+,GAP0_2,pair_worse_rank_band=7-10;field_size_band=17+,False,658,15,50.182370820668694,-32780.0,44.148936170212764,12.023016353725016,46.77685950413223,57.53846153846154,195,0,0.0,0.0,658,15,50.182370820668694,-32780.0,949,79.97892518440463,-19000.0,277,7,50.03610108303249,-13840.0,277,50.03610108303249,345,59.072463768115945,-14120.0,733
GAP5P__field_size_band=13-14__model_rank_band=11-15,GAP5P,field_size_band=13-14;model_rank_band=11-15,False,794,11,72.84634760705289,-21560.0,64.00503778337531,12.136929460580912,46.45569620253165,154.3646408839779,181,0,0.0,0.0,794,11,72.84634760705289,-21560.0,1085,92.82949308755761,-7780.0,152,3,142.43421052631578,6450.0,152,142.43421052631578,220,128.04545454545453,6170.0,734
GAP7_9__field_size_band=15-16__surface=DIRT,GAP7_9,field_size_band=15-16;surface=DIRT,False,1020,17,68.12745098039215,-32510.0,61.73529411764706,9.382644984889913,46.45077720207254,92.38578680203045,197,0,0.0,0.0,1020,17,68.12745098039215,-32510.0,1311,85.71319603356217,-18730.0,156,3,56.73076923076923,-6750.0,156,56.73076923076923,224,68.61607142857143,-7030.0,735
GAP5_6__market_rank_band=<=10__l17_rank_band=31-40,GAP5_6,market_rank_band=<=10;l17_rank_band=31-40,False,101,5,112.27722772277228,1240.0,86.13861386138613,23.280423280423282,46.31578947368421,257.9166666666667,20,0,0.0,0.0,101,5,112.27722772277228,1240.0,392,138.31632653061226,15020.0,14,0,0.0,-1400.0,14,0.0,82,79.51219512195122,-1680.0,736
GAP0_2__model_rank_band=11-15,GAP0_2,model_rank_band=11-15,False,9003,162,70.14106408974786,-268820.0,69.33577696323448,1.1480965351238361,46.21561808409738,90.39794168096054,2915,0,0.0,0.0,9003,162,70.14106408974786,-268820.0,9294,72.5586399827846,-255040.0,3254,56,68.11309157959434,-103760.0,3254,68.11309157959434,3322,68.68151715833835,-104040.0,737
GAP5P__market_rank_band=11-15__l17_rank_band=11-20,GAP5P,market_rank_band=11-15;l17_rank_band=11-20,False,1581,38,74.2314990512334,-40740.0,71.48007590132828,3.7065439672801634,46.17977528089887,105.23178807947019,302,0,0.0,0.0,1581,38,74.2314990512334,-40740.0,1872,85.5982905982906,-26960.0,164,4,70.67073170731707,-4810.0,164,70.67073170731707,232,78.0603448275862,-5090.0,738
GAP5_6__distance_band=<=1400,GAP5_6,distance_band=<=1400,False,1885,42,80.36604774535809,-37010.0,76.75862068965517,4.488745131691861,46.15277777777778,112.01692524682652,456,0,0.0,0.0,1885,42,80.36604774535809,-37010.0,2176,89.32444852941177,-23230.0,378,9,71.5079365079365,-10770.0,378,71.5079365079365,446,75.22421524663677,-11050.0,739
GAP7_9__market_rank_band=16-20,GAP7_9,market_rank_band=16-20,False,1371,24,81.33479212253829,-25590.0,76.92195477753465,5.425522374674917,46.118546845124285,118.22510822510823,231,0,0.0,0.0,1371,24,81.33479212253829,-25590.0,1662,92.89410348977135,-11810.0,164,3,92.92682926829268,-1160.0,164,92.92682926829268,232,93.79310344827586,-1440.0,740
GAP0_2__field_size_band=15-16__market_rank_band=11-15,GAP0_2,field_size_band=15-16;market_rank_band=11-15,False,3558,73,73.04946599213041,-95890.0,71.34626194491287,2.331576314878227,46.099518459069024,94.56387665198238,1135,0,0.0,0.0,3558,73,73.04946599213041,-95890.0,3849,78.6671862821512,-82110.0,1383,32,82.3644251626898,-24390.0,1383,82.3644251626898,1451,82.99793246037216,-24670.0,741
GAP0_2__field_size_band=17+__market_rank_band=11-15,GAP0_2,field_size_band=17+;market_rank_band=11-15,False,678,12,64.21828908554572,-24260.0,55.81120943952802,13.091410197519522,46.061776061776065,95.7918552036199,198,0,0.0,0.0,678,12,64.21828908554572,-24260.0,969,89.18472652218782,-10480.0,284,8,95.35211267605634,-1320.0,284,95.35211267605634,352,95.45454545454545,-1600.0,742
GAP0_2__odds_band=40-60__field_size_band=13-14,GAP0_2,odds_band=40-60;field_size_band=13-14,False,1003,19,86.76969092721835,-13270.0,81.23629112662015,6.377111340916925,46.04774535809018,146.84887459807075,311,0,0.0,0.0,1003,19,86.76969092721835,-13270.0,1294,100.39412673879444,510.0,399,5,60.100250626566414,-15920.0,399,60.100250626566414,467,65.31049250535332,-16200.0,743
GAP10_14__odds_band=60-80__model_rank_band=11-15,GAP10_14,odds_band=60-80;model_rank_band=11-15,False,436,5,74.56422018348624,-11090.0,56.30733944954128,24.48477391571824,46.015037593984964,94.95327102803738,89,0,0.0,0.0,436,5,74.56422018348624,-11090.0,727,103.70013755158185,2690.0,49,0,0.0,-4900.0,49,0.0,117,55.72649572649573,-5180.0,744
GAP5_6__field_size_band=13-14__market_rank_band=<=10,GAP5_6,field_size_band=13-14;market_rank_band=<=10,False,336,14,85.68452380952381,-4810.0,76.01190476190476,11.28864188954498,45.954198473282446,165.2054794520548,73,0,0.0,0.0,336,14,85.68452380952381,-4810.0,627,114.30622009569377,8970.0,40,1,41.0,-2360.0,40,41.0,108,75.55555555555556,-2640.0,745
GAP7_9__odds_band=20-40__model_rank_band=4-5,GAP7_9,odds_band=20-40;model_rank_band=4-5,False,586,16,84.79522184300342,-8910.0,78.00341296928327,8.009659891326223,45.92307692307692,123.89423076923077,118,0,0.0,0.0,586,16,84.79522184300342,-8910.0,877,105.55302166476625,4870.0,57,4,205.43859649122808,6010.0,57,205.43859649122808,125,145.84,5730.0,746
GAP10P__odds_band=40-60__market_rank_band=16-20,GAP10P,odds_band=40-60;market_rank_band=16-20,False,507,6,50.650887573964496,-25020.0,41.005917159763314,19.042056074766354,45.668449197860966,70.17241379310344,58,25,4.930966469428008,8.59106529209622,482,4,34.68879668049792,-31480.0,773,77.10219922380337,-17700.0,37,2,253.51351351351352,5680.0,34,275.88235294117646,102,155.88235294117646,5700.0,747
GAP5_6__field_size_band=13-14__l17_rank_band=<=10,GAP5_6,field_size_band=13-14;l17_rank_band=<=10,False,315,12,97.71428571428571,-720.0,84.06349206349206,13.970110461338532,45.60747663551402,177.46478873239437,71,0,0.0,0.0,315,12,97.71428571428571,-720.0,606,121.55115511551155,13060.0,48,1,60.833333333333336,-1880.0,48,60.833333333333336,116,81.37931034482759,-2160.0,748
GAP5P__l17_rank_band=41-60,GAP5P,l17_rank_band=41-60,False,1356,21,68.52507374631269,-42680.0,62.07227138643068,9.4167025398192,45.56420233463035,107.02072538860104,386,73,5.383480825958702,25.085910652920962,1283,20,69.25175370226033,-39450.0,1574,83.69123252858958,-25670.0,323,7,74.05572755417957,-8380.0,310,77.16129032258064,378,80.52910052910053,-7360.0,749
GAP5P__field_size_band=13-14__distance_band=1801-2200,GAP5P,field_size_band=13-14;distance_band=1801-2200,False,175,7,124.4,4270.0,89.65714285714286,27.928341754708313,45.483870967741936,295.0,40,0,0.0,0.0,175,7,124.4,4270.0,466,138.73390557939913,18050.0,28,0,0.0,-2800.0,28,0.0,96,67.91666666666667,-3080.0,750
GAP5P__field_size_band=13-14__market_rank_band=11-15,GAP5P,field_size_band=13-14;market_rank_band=11-15,False,705,14,61.04964539007092,-27460.0,54.87943262411348,10.106877323420074,45.46712802768166,75.63380281690141,142,0,0.0,0.0,705,14,61.04964539007092,-27460.0,996,86.26506024096386,-13680.0,84,5,193.45238095238096,7850.0,84,193.45238095238096,152,149.80263157894737,7570.0,751
GAP5P__market_rank_band=26-30,GAP5P,market_rank_band=26-30,False,507,7,100.31558185404339,160.0,83.05719921104536,17.20408965788439,45.43478260869565,171.6425120772947,116,112,22.090729783037474,38.487972508591064,395,5,95.9493670886076,-1600.0,686,117.75510204081633,12180.0,137,0,0.0,-13700.0,103,0.0,171,38.12865497076023,-10580.0,752
GAP10P__market_rank_band=26-30,GAP10P,market_rank_band=26-30,False,507,7,100.31558185404339,160.0,83.05719921104536,17.20408965788439,45.43478260869565,171.6425120772947,116,112,22.090729783037474,38.487972508591064,395,5,95.9493670886076,-1600.0,686,117.75510204081633,12180.0,137,0,0.0,-13700.0,103,0.0,171,38.12865497076023,-10580.0,753
GAP5P__model_rank_band=11-15__l17_rank_band=31-40,GAP5P,model_rank_band=11-15;l17_rank_band=31-40,False,914,14,81.14879649890591,-17230.0,73.6433260393873,9.249022515841984,45.43026706231454,120.58510638297872,201,13,1.4223194748358863,4.4673539518900345,901,14,82.3196448390677,-15930.0,1192,98.19630872483222,-2150.0,139,1,34.60431654676259,-9090.0,136,35.36764705882353,204,55.53921568627451,-9070.0,754
GAP0_2__field_size_band=13-14__l17_rank_band=41-60,GAP0_2,field_size_band=13-14;l17_rank_band=41-60,False,192,4,48.229166666666664,-9940.0,28.177083333333332,41.576673866090715,45.283018867924525,52.73972602739726,53,0,0.0,0.0,192,4,48.229166666666664,-9940.0,483,107.95031055900621,3840.0,76,4,115.13157894736842,1150.0,76,115.13157894736842,144,106.04166666666667,870.0,755
GAP5_6__odds_band=20-40__field_size_band=15-16,GAP5_6,odds_band=20-40;field_size_band=15-16,False,1363,35,76.67644900953779,-31790.0,73.77109317681585,3.7891110898478613,45.27536231884058,95.66074950690336,345,0,0.0,0.0,1363,35,76.67644900953779,-31790.0,1654,89.11124546553809,-18010.0,240,11,118.83333333333333,4520.0,240,118.83333333333333,308,113.76623376623377,4240.0,756
GAP5_6__field_size_band=15-16__l17_rank_band=31-40,GAP5_6,field_size_band=15-16;l17_rank_band=31-40,False,426,7,72.58215962441315,-11680.0,58.59154929577465,19.275549805950842,45.26315789473684,117.98449612403101,107,0,0.0,0.0,426,7,72.58215962441315,-11680.0,717,102.92887029288703,2100.0,75,1,64.13333333333334,-2690.0,75,64.13333333333334,143,79.23076923076923,-2970.0,757
GAP5P__market_rank_band=16-20__model_rank_band=6-8,GAP5P,market_rank_band=16-20;model_rank_band=6-8,False,600,7,50.15,-29910.0,41.916666666666664,16.417414423396476,45.166666666666664,55.78947368421053,91,0,0.0,0.0,600,7,50.15,-29910.0,891,81.89674523007857,-16130.0,38,2,246.8421052631579,5580.0,38,246.8421052631579,106,150.0,5300.0,758
GAP5_6__model_rank_band=9-10,GAP5_6,model_rank_band=9-10,False,890,18,75.37078651685393,-21920.0,69.89887640449439,7.259988073941562,45.08571428571429,100.13404825737265,167,0,0.0,0.0,890,18,75.37078651685393,-21920.0,1181,93.10753598645216,-8140.0,103,1,50.0,-5150.0,103,50.0,171,68.24561403508773,-5430.0,759
GAP5P__pair_worse_rank_band=<=6__market_rank_band=11-15,GAP5P,pair_worse_rank_band=<=6;market_rank_band=11-15,False,1671,40,75.77498503889886,-40480.0,73.15380011968881,3.4591691675880587,45.0354609929078,103.16804407713498,381,0,0.0,0.0,1671,40,75.77498503889886,-40480.0,1962,86.3914373088685,-26700.0,185,7,107.78378378378379,1440.0,185,107.78378378378379,253,104.58498023715416,1160.0,760
GAP3_4__market_rank_band=11-15__l17_rank_band=31-40,GAP3_4,market_rank_band=11-15;l17_rank_band=31-40,False,409,7,57.65281173594132,-17320.0,46.43031784841076,19.46564885496183,44.905660377358494,70.0,113,0,0.0,0.0,409,7,57.65281173594132,-17320.0,700,94.94285714285714,-3540.0,110,0,0.0,-11000.0,110,0.0,178,36.62921348314607,-11280.0,761
GAP3_4__distance_band=2201+,GAP3_4,distance_band=2201+,False,633,16,63.75987361769352,-22940.0,56.52448657187994,11.34786917740337,44.67391304347826,78.73303167420815,184,0,0.0,0.0,633,16,63.75987361769352,-22940.0,924,90.08658008658008,-9160.0,155,3,66.06451612903226,-5260.0,155,66.06451612903226,223,75.15695067264573,-5540.0,762
GAP10_14,GAP10_14,NONE,False,1691,31,87.77646363098758,-20670.0,82.83264340626847,5.632284578589234,44.66266866566717,117.6685393258427,356,0,0.0,0.0,1691,31,87.77646363098758,-20670.0,1982,96.52371342078709,-6890.0,206,4,74.46601941747574,-5260.0,206,74.46601941747574,274,79.78102189781022,-5540.0,763
GAP10P__market_rank_band=16-20__l17_rank_band=11-20,GAP10P,market_rank_band=16-20;l17_rank_band=11-20,False,186,5,130.48387096774192,5670.0,95.16129032258064,27.07045735475896,44.583333333333336,222.2058823529412,22,4,2.150537634408602,1.3745704467353952,182,5,133.35164835164835,6070.0,473,141.9661733615222,19850.0,5,0,0.0,-500.0,5,0.0,73,89.31506849315069,-780.0,764
GAP10P__distance_band=1401-1800,GAP10P,distance_band=1401-1800,False,696,9,71.7816091954023,-19640.0,58.36206896551724,18.694955964771818,44.42748091603053,100.61151079136691,156,102,14.655172413793103,35.05154639175258,594,7,58.35016835016835,-24740.0,885,87.61581920903954,-10960.0,116,3,120.6896551724138,2400.0,93,80.43010752688173,161,86.95652173913044,-2100.0,765
GAP5_6__field_size_band=15-16__distance_band=1801-2200,GAP5_6,field_size_band=15-16;distance_band=1801-2200,False,235,8,98.68085106382979,-310.0,80.0,18.93057352307029,44.4,151.0,60,0,0.0,0.0,235,8,98.68085106382979,-310.0,526,125.6083650190114,13470.0,49,2,99.38775510204081,-30.0,49,99.38775510204081,117,97.35042735042735,-310.0,766
GAP5_6__odds_band=<20__field_size_band=15-16,GAP5_6,odds_band=<20;field_size_band=15-16,False,175,7,66.45714285714286,-5870.0,55.2,16.93895098882201,44.34782608695652,119.5,40,0,0.0,0.0,175,7,66.45714285714286,-5870.0,466,116.97424892703863,7910.0,31,2,114.51612903225806,450.0,31,114.51612903225806,99,101.71717171717172,170.0,767
GAP5_6__pair_worse_rank_band=<=6__field_size_band=13-14,GAP5_6,pair_worse_rank_band=<=6;field_size_band=13-14,False,512,17,86.2109375,-7060.0,77.71484375,9.855006796556411,44.27710843373494,168.57142857142858,119,0,0.0,0.0,512,17,86.2109375,-7060.0,803,108.36861768368618,6720.0,70,2,115.85714285714286,1110.0,70,115.85714285714286,138,106.01449275362319,830.0,768
GAP10_14__market_rank_band=21-25,GAP10_14,market_rank_band=21-25,False,797,11,79.33500627352572,-16470.0,71.50564617314932,9.868733196267595,44.23664122137404,140.88050314465409,159,0,0.0,0.0,797,11,79.33500627352572,-16470.0,1088,97.52757352941177,-2690.0,98,0,0.0,-9800.0,98,0.0,166,39.27710843373494,-10080.0,769
GAP5P__pair_worse_rank_band=<=6__field_size_band=13-14,GAP5P,pair_worse_rank_band=<=6;field_size_band=13-14,False,718,18,73.11977715877437,-19300.0,64.65181058495821,11.58095238095238,44.148471615720524,126.01123595505618,178,0,0.0,0.0,718,18,73.11977715877437,-19300.0,1009,94.52923686818632,-5520.0,88,1,58.97727272727273,-3610.0,88,58.97727272727273,156,75.06410256410257,-3890.0,770
GAP5P__field_size_band=13-14__distance_band=1401-1800,GAP5P,field_size_band=13-14;distance_band=1401-1800,False,622,12,58.456591639871384,-25840.0,51.463022508038584,11.963696369636963,44.03361344537815,105.14084507042253,142,0,0.0,0.0,622,12,58.456591639871384,-25840.0,913,86.7907995618839,-12060.0,122,2,134.91803278688525,4260.0,122,134.91803278688525,190,120.94736842105263,3980.0,771
GAP10_14__odds_band=60-80__market_rank_band=21-25,GAP10_14,odds_band=60-80;market_rank_band=21-25,False,370,5,83.21621621621621,-6210.0,66.35135135135135,20.266320233842155,44.02877697841727,144.52380952380952,42,0,0.0,0.0,370,5,83.21621621621621,-6210.0,661,111.45234493192133,7570.0,22,0,0.0,-2200.0,22,0.0,90,72.44444444444444,-2480.0,772
GAP10_14__l17_rank_band=41-60,GAP10_14,l17_rank_band=41-60,False,404,9,111.18811881188118,4520.0,91.48514851485149,17.720391807658057,43.97790055248619,243.57142857142858,84,0,0.0,0.0,404,9,111.18811881188118,4520.0,695,126.33093525179856,18300.0,63,1,58.095238095238095,-2640.0,63,58.095238095238095,131,77.70992366412214,-2920.0,773
GAP5_6__field_size_band=15-16__model_rank_band=4-5,GAP5_6,field_size_band=15-16;model_rank_band=4-5,False,472,14,77.54237288135593,-10600.0,70.27542372881356,9.371584699453551,43.84180790960452,114.3452380952381,127,0,0.0,0.0,472,14,77.54237288135593,-10600.0,763,104.16775884665793,3180.0,70,5,187.28571428571428,6110.0,70,187.28571428571428,138,142.2463768115942,5830.0,774
GAP3_4__pair_worse_rank_band=11-14,GAP3_4,pair_worse_rank_band=11-14,False,928,24,79.07327586206897,-19420.0,69.08405172413794,12.632869991823386,43.53174603174603,96.0056657223796,252,0,0.0,0.0,928,24,79.07327586206897,-19420.0,1219,95.37325676784249,-5640.0,386,11,120.67357512953367,7980.0,386,120.67357512953367,454,116.96035242290749,7700.0,775
GAP5_6__field_size_band=13-14__distance_band=<=1400,GAP5_6,field_size_band=13-14;distance_band=<=1400,False,276,9,113.18840579710145,3640.0,94.60144927536231,16.42125480153649,43.42857142857143,217.2549019607843,69,0,0.0,0.0,276,9,113.18840579710145,3640.0,567,130.7231040564374,17420.0,44,1,37.27272727272727,-2760.0,44,37.27272727272727,112,72.85714285714286,-3040.0,776
GAP0_2__field_size_band=15-16__model_rank_band=11-15,GAP0_2,field_size_band=15-16;model_rank_band=11-15,False,3564,64,71.8294051627385,-100400.0,70.12906846240179,2.3671875,43.41346153846154,89.81300089047195,1123,0,0.0,0.0,3564,64,71.8294051627385,-100400.0,3855,77.53047989623865,-86620.0,1373,23,67.59650400582666,-44490.0,1373,67.59650400582666,1441,68.93129770992367,-44770.0,777
GAP0_2__field_size_band=<=12__model_rank_band=11-15,GAP0_2,field_size_band=<=12;model_rank_band=11-15,False,3137,61,74.25884603124004,-80750.0,71.94772075231113,3.1122558488946126,43.4,107.78937381404175,983,0,0.0,0.0,3137,61,74.25884603124004,-80750.0,3428,80.46382730455076,-66970.0,1009,14,56.66997026759167,-43720.0,1009,56.66997026759167,1077,59.14577530176416,-44000.0,778
GAP5P__field_size_band=<=12__model_rank_band=9-10,GAP5P,field_size_band=<=12;model_rank_band=9-10,False,348,9,92.06896551724138,-2760.0,79.36781609195403,13.795255930087391,43.389830508474574,106.42857142857143,59,0,0.0,0.0,348,9,92.06896551724138,-2760.0,639,117.24569640062597,11020.0,29,0,0.0,-2900.0,29,0.0,97,67.21649484536083,-3180.0,779
GAP5_6__market_rank_band=11-15__l17_rank_band=11-20,GAP5_6,market_rank_band=11-15;l17_rank_band=11-20,False,1062,23,69.82109227871939,-32050.0,65.72504708097928,5.866486850977748,43.35958005249344,110.18181818181819,220,0,0.0,0.0,1062,23,69.82109227871939,-32050.0,1353,86.49667405764967,-18270.0,124,3,69.2741935483871,-3810.0,124,69.2741935483871,192,78.69791666666667,-4090.0,780
GAP5P__odds_band=60-80__model_rank_band=11-15,GAP5P,odds_band=60-80;model_rank_band=11-15,False,1546,18,76.42949547218629,-36440.0,71.28072445019404,6.736628300609343,43.21131447587354,110.62717770034843,287,53,3.428201811125485,18.213058419243985,1493,17,74.62826523777629,-37880.0,1784,86.49103139013452,-24100.0,198,3,100.65656565656566,130.0,184,72.8804347826087,252,79.08730158730158,-5270.0,781
GAP7_9__model_rank_band=11-15,GAP7_9,model_rank_band=11-15,False,1541,17,61.50551589876704,-59320.0,56.54769630110318,8.060772314834352,43.18181818181818,127.26351351351352,296,0,0.0,0.0,1541,17,61.50551589876704,-59320.0,1832,75.14192139737992,-45540.0,242,3,86.81818181818181,-3190.0,242,86.81818181818181,310,88.80645161290323,-3470.0,782
GAP5_6__pair_worse_rank_band=7-10__market_rank_band=11-15,GAP5_6,pair_worse_rank_band=7-10;market_rank_band=11-15,False,1168,27,73.70719178082192,-30710.0,69.87157534246575,5.203856429318155,43.092369477911646,88.89423076923077,249,0,0.0,0.0,1168,27,73.70719178082192,-30710.0,1459,88.39616175462646,-16930.0,142,2,45.774647887323944,-7700.0,142,45.774647887323944,210,62.0,-7980.0,783
GAP5P__field_size_band=17+__model_rank_band=1-3,GAP5P,field_size_band=17+;model_rank_band=1-3,False,254,9,102.95275590551181,750.0,87.83464566929133,14.684512428298278,43.06818181818182,176.231884057971,69,0,0.0,0.0,254,9,102.95275590551181,750.0,545,126.66055045871559,14530.0,55,2,79.27272727272727,-1140.0,55,79.27272727272727,123,88.45528455284553,-1420.0,784
GAP7_9__model_rank_band=6-8,GAP7_9,model_rank_band=6-8,False,819,15,62.747252747252745,-30510.0,56.71550671550671,9.612765129402607,43.003533568904594,90.07352941176471,136,0,0.0,0.0,819,15,62.747252747252745,-30510.0,1110,84.92792792792793,-16730.0,69,0,0.0,-6900.0,69,0.0,137,47.59124087591241,-7180.0,785
GAP5_6__field_size_band=<=12__market_rank_band=<=10,GAP5_6,field_size_band=<=12;market_rank_band=<=10,False,285,12,86.0701754385965,-3970.0,76.35087719298245,11.292295148797391,42.99065420560748,125.1063829787234,47,0,0.0,0.0,285,12,86.0701754385965,-3970.0,576,117.03125,9810.0,17,1,157.64705882352942,980.0,17,157.64705882352942,85,108.23529411764706,700.0,786
GAP5_6__field_size_band=<=12__distance_band=1401-1800,GAP5_6,field_size_band=<=12;distance_band=1401-1800,False,451,13,85.3880266075388,-6590.0,74.56762749445676,12.672033238119969,42.95918367346939,144.25,95,0,0.0,0.0,451,13,85.3880266075388,-6590.0,742,109.6900269541779,7190.0,49,1,54.69387755102041,-2220.0,49,54.69387755102041,117,78.63247863247864,-2500.0,787
GAP10P__pair_worse_rank_band=7-10__market_rank_band=21-25,GAP10P,pair_worse_rank_band=7-10;market_rank_band=21-25,False,568,6,62.816901408450704,-21120.0,51.83098591549296,17.48878923766816,42.916666666666664,95.83333333333333,100,44,7.746478873239437,15.120274914089347,524,5,57.29007633587786,-22380.0,815,89.4478527607362,-8600.0,46,0,0.0,-4600.0,42,0.0,110,59.27272727272727,-4480.0,788
GAP3_4__market_rank_band=11-15__l17_rank_band=41-60,GAP3_4,market_rank_band=11-15;l17_rank_band=41-60,False,234,5,91.45299145299145,-2000.0,70.72649572649573,22.66355140186916,42.89473684210526,130.70422535211267,71,0,0.0,0.0,234,5,91.45299145299145,-2000.0,525,122.43809523809524,11780.0,70,1,67.42857142857143,-2280.0,70,67.42857142857143,138,81.44927536231884,-2560.0,789
GAP7_9__surface=DIRT__distance_band=<=1400,GAP7_9,surface=DIRT;distance_band=<=1400,False,722,10,57.59002770083102,-30620.0,48.5595567867036,15.68061568061568,42.72030651340996,101.70370370370371,135,0,0.0,0.0,722,10,57.59002770083102,-30620.0,1013,83.3761105626851,-16840.0,95,3,93.15789473684211,-650.0,95,93.15789473684211,163,94.29447852760737,-930.0,790
GAP5P__pair_worse_rank_band=<=6__market_rank_band=21-25,GAP5P,pair_worse_rank_band=<=6;market_rank_band=21-25,False,402,4,50.57213930348259,-19870.0,36.3681592039801,28.08657156910969,42.58064516129032,57.676767676767675,99,11,2.736318407960199,3.7800687285223367,391,4,51.994884910485936,-18770.0,682,92.68328445747801,-4990.0,49,0,0.0,-4900.0,48,0.0,116,56.206896551724135,-5080.0,791
GAP5P__l17_rank_band=<=10,GAP5P,l17_rank_band=<=10,False,2087,47,66.66027791087686,-69580.0,63.80450407283182,4.284071305347901,42.543507362784474,85.57344064386318,497,20,0.9583133684714902,6.8728522336769755,2067,46,64.42186744073537,-73540.0,2358,74.65648854961832,-59760.0,279,9,83.11827956989248,-4710.0,272,85.25735294117646,340,87.38235294117646,-4290.0,792
GAP3_4__field_size_band=13-14__distance_band=2201+,GAP3_4,field_size_band=13-14;distance_band=2201+,False,158,4,57.721518987341774,-6680.0,40.0,30.70175438596491,42.42424242424242,69.8076923076923,40,0,0.0,0.0,158,4,57.721518987341774,-6680.0,449,115.81291759465479,7100.0,47,1,51.276595744680854,-2290.0,47,51.276595744680854,115,77.65217391304348,-2570.0,793
GAP7_9__pair_worse_rank_band=7-10__market_rank_band=16-20,GAP7_9,pair_worse_rank_band=7-10;market_rank_band=16-20,False,857,16,85.95099183197199,-12040.0,78.96149358226371,8.13195764322563,42.407407407407405,155.3125,128,0,0.0,0.0,857,16,85.95099183197199,-12040.0,1148,101.51567944250871,1740.0,78,2,107.56410256410257,590.0,78,107.56410256410257,146,102.12328767123287,310.0,794
GAP7_9__model_rank_band=11-15__l17_rank_band=31-40,GAP7_9,model_rank_band=11-15;l17_rank_band=31-40,False,314,4,74.90445859872611,-7880.0,53.69426751592356,28.316326530612244,42.2962962962963,118.92857142857143,56,0,0.0,0.0,314,4,74.90445859872611,-7880.0,605,109.75206611570248,5900.0,46,0,0.0,-4600.0,46,0.0,114,57.19298245614035,-4880.0,795
GAP7_9__market_rank_band=11-15__model_rank_band=6-8,GAP7_9,market_rank_band=11-15;model_rank_band=6-8,False,620,15,80.98387096774194,-11790.0,74.33870967741936,8.205536745668194,42.28971962616822,130.31914893617022,94,0,0.0,0.0,620,15,80.98387096774194,-11790.0,911,102.18441273326016,1990.0,53,0,0.0,-5300.0,53,0.0,121,53.88429752066116,-5580.0,796
GAP10_14__pair_worse_rank_band=<=6,GAP10_14,pair_worse_rank_band=<=6,False,450,12,109.53333333333333,4290.0,94.93333333333334,13.329275715155203,42.06896551724138,199.15343915343917,116,0,0.0,0.0,450,12,109.53333333333333,4290.0,741,124.3859649122807,18070.0,36,1,75.0,-900.0,36,75.0,104,88.65384615384616,-1180.0,797
GAP5P__field_size_band=13-14__market_rank_band=16-20,GAP5P,field_size_band=13-14;market_rank_band=16-20,False,729,11,66.74897119341564,-24240.0,57.11934156378601,14.426633785450061,41.87265917602996,86.0702875399361,149,0,0.0,0.0,729,11,66.74897119341564,-24240.0,1020,89.74509803921569,-10460.0,116,2,101.29310344827586,150.0,116,101.29310344827586,184,99.29347826086956,-130.0,798
GAP5P__field_size_band=13-14__l17_rank_band=21-30,GAP5P,field_size_band=13-14;l17_rank_band=21-30,False,549,7,55.95628415300546,-24180.0,43.169398907103826,22.8515625,41.808510638297875,61.33064516129032,94,0,0.0,0.0,549,7,55.95628415300546,-24180.0,840,87.61904761904762,-10400.0,72,2,209.58333333333334,7890.0,72,209.58333333333334,140,154.35714285714286,7610.0,799
GAP10_14__market_rank_band=16-20__model_rank_band=6-8,GAP10_14,market_rank_band=16-20;model_rank_band=6-8,False,390,5,56.48717948717949,-16970.0,43.97435897435897,22.15161143894689,41.79611650485437,103.82978723404256,47,0,0.0,0.0,390,5,56.48717948717949,-16970.0,681,95.31571218795888,-3190.0,21,2,446.6666666666667,7280.0,21,446.6666666666667,89,178.65168539325842,7000.0,800
GAP10P__market_rank_band=16-20__model_rank_band=6-8,GAP10P,market_rank_band=16-20;model_rank_band=6-8,False,390,5,56.48717948717949,-16970.0,43.97435897435897,22.15161143894689,41.79611650485437,103.82978723404256,47,0,0.0,0.0,390,5,56.48717948717949,-16970.0,681,95.31571218795888,-3190.0,21,2,446.6666666666667,7280.0,21,446.6666666666667,89,178.65168539325842,7000.0,801
GAP5_6__pair_worse_rank_band=<=6__market_rank_band=<=10,GAP5_6,pair_worse_rank_band=<=6;market_rank_band=<=10,False,947,34,74.93136219640971,-23740.0,71.49947201689545,4.580045095828636,41.733333333333334,125.60975609756098,246,0,0.0,0.0,947,34,74.93136219640971,-23740.0,1238,91.95476575121164,-9960.0,148,7,91.08108108108108,-1320.0,148,91.08108108108108,216,92.5925925925926,-1600.0,802
GAP3_4__field_size_band=<=12__distance_band=<=1400,GAP3_4,field_size_band=<=12;distance_band=<=1400,False,550,19,76.14545454545454,-13120.0,65.0,14.637058261700096,41.70103092783505,107.91666666666667,164,0,0.0,0.0,550,19,76.14545454545454,-13120.0,841,100.78478002378121,660.0,118,5,105.59322033898304,660.0,118,105.59322033898304,186,102.04301075268818,380.0,803
GAP7_9__pair_worse_rank_band=<=6,GAP7_9,pair_worse_rank_band=<=6,False,1161,21,63.84151593453919,-41980.0,58.63049095607235,8.162439287641662,41.6260162601626,91.59036144578313,246,0,0.0,0.0,1161,21,63.84151593453919,-41980.0,1452,80.57851239669421,-28200.0,128,1,23.4375,-9800.0,128,23.4375,196,48.57142857142857,-10080.0,804
GAP5_6__model_rank_band=11-15__l17_rank_band=<=10,GAP5_6,model_rank_band=11-15;l17_rank_band=<=10,False,231,4,67.40259740259741,-7530.0,48.78787878787879,27.617212588310853,41.34615384615385,108.0,57,0,0.0,0.0,231,4,67.40259740259741,-7530.0,522,111.97318007662835,6250.0,44,1,118.18181818181819,800.0,44,118.18181818181819,112,104.64285714285714,520.0,805
GAP0_2__field_size_band=<=12__distance_band=1401-1800,GAP0_2,field_size_band=<=12;distance_band=1401-1800,False,1452,76,66.15702479338843,-49140.0,62.252066115702476,5.902560899437852,41.34615384615385,94.03225806451613,468,0,0.0,0.0,1452,76,66.15702479338843,-49140.0,1743,79.71313826735513,-35360.0,451,29,79.24611973392462,-9360.0,451,79.24611973392462,519,81.42581888246629,-9640.0,806
GAP0_2__market_rank_band=16-20__l17_rank_band=31-40,GAP0_2,market_rank_band=16-20;l17_rank_band=31-40,False,336,4,59.732142857142854,-13530.0,40.773809523809526,31.73891380169407,41.339285714285715,81.66666666666667,78,0,0.0,0.0,336,4,59.732142857142854,-13530.0,627,100.3987240829346,250.0,155,3,83.16129032258064,-2610.0,155,83.16129032258064,223,87.04035874439462,-2890.0,807
GAP5_6__distance_band=1401-1800,GAP5_6,distance_band=1401-1800,False,2002,48,75.47952047952047,-49090.0,72.57242757242757,3.8514989080802065,41.21052631578947,106.17218543046357,487,0,0.0,0.0,2002,48,75.47952047952047,-49090.0,2293,84.60095944177932,-35310.0,348,11,107.67241379310344,2670.0,348,107.67241379310344,416,105.7451923076923,2390.0,808
GAP7_9__market_rank_band=16-20__model_rank_band=11-15,GAP7_9,market_rank_band=16-20;model_rank_band=11-15,False,691,9,66.49782923299566,-23150.0,57.7424023154848,13.166485310119695,41.16279069767442,163.67521367521368,117,0,0.0,0.0,691,9,66.49782923299566,-23150.0,982,90.45824847250509,-9370.0,105,2,105.80952380952381,610.0,105,105.80952380952381,173,101.90751445086705,330.0,809
GAP7_9__field_size_band=15-16__l17_rank_band=11-20,GAP7_9,field_size_band=15-16;l17_rank_band=11-20,False,572,11,78.14685314685315,-12500.0,68.04195804195804,12.930648769574944,40.96069868995633,217.77777777777777,90,0,0.0,0.0,572,11,78.14685314685315,-12500.0,863,101.48319814600232,1280.0,70,2,81.14285714285714,-1320.0,70,81.14285714285714,138,88.40579710144928,-1600.0,810
GAP5_6__market_rank_band=16-20__l17_rank_band=<=10,GAP5_6,market_rank_band=16-20;l17_rank_band=<=10,False,240,4,64.875,-8430.0,46.958333333333336,27.617212588310853,40.95238095238095,100.8,60,0,0.0,0.0,240,4,64.875,-8430.0,531,110.07532956685499,5350.0,43,1,120.93023255813954,900.0,43,120.93023255813954,111,105.58558558558559,620.0,811
GAP5P__field_size_band=15-16__l17_rank_band=11-20,GAP5P,field_size_band=15-16;l17_rank_band=11-20,False,1594,34,80.32622333751569,-31360.0,76.27352572145546,5.045298344267416,40.903225806451616,149.47214076246334,341,39,2.4466750313676284,13.402061855670103,1555,34,82.34083601286174,-27460.0,1846,92.58938244853738,-13680.0,261,2,20.38314176245211,-20780.0,257,20.700389105058367,325,36.43076923076923,-20660.0,812
GAP5_6__surface=TURF__distance_band=2201+,GAP5_6,surface=TURF;distance_band=2201+,False,287,10,109.37282229965157,2690.0,85.47038327526133,21.8540936604014,40.9,261.04477611940297,67,0,0.0,0.0,287,10,109.37282229965157,2690.0,578,128.4948096885813,16470.0,44,1,46.59090909090909,-2350.0,44,46.59090909090909,112,76.51785714285714,-2630.0,813
GAP5_6__field_size_band=13-14__surface=DIRT,GAP5_6,field_size_band=13-14;surface=DIRT,False,505,12,66.85148514851485,-16740.0,57.801980198019805,13.536729857819905,40.753768844221106,86.71794871794872,111,0,0.0,0.0,505,12,66.85148514851485,-16740.0,796,96.28140703517587,-2960.0,72,4,206.94444444444446,7700.0,72,206.94444444444446,140,153.0,7420.0,814
GAP0_2__pair_worse_rank_band=7-10__market_rank_band=16-20,GAP0_2,pair_worse_rank_band=7-10;market_rank_band=16-20,False,1744,26,66.69724770642202,-58080.0,63.22821100917431,5.201169188445667,40.723327305605785,88.47457627118644,542,0,0.0,0.0,1744,26,66.69724770642202,-58080.0,2035,78.23095823095824,-44300.0,668,12,78.59281437125749,-14300.0,668,78.59281437125749,736,80.19021739130434,-14580.0,815
GAP5P__odds_band=<20__model_rank_band=1-3,GAP5P,odds_band=<20;model_rank_band=1-3,False,488,20,68.2172131147541,-15510.0,64.18032786885246,5.9176930009011715,40.646766169154226,105.48076923076923,104,0,0.0,0.0,488,20,68.2172131147541,-15510.0,779,97.77920410783055,-1730.0,57,4,103.33333333333333,190.0,57,103.33333333333333,125,99.28,-90.0,816
GAP5P__odds_band=40-60__model_rank_band=6-8,GAP5P,odds_band=40-60;model_rank_band=6-8,False,853,10,51.875732708089096,-41050.0,46.08440797186401,11.163841807909604,40.62068965517241,97.79411764705883,136,28,3.28253223915592,9.621993127147766,825,10,53.63636363636363,-38250.0,1116,78.07347670250896,-24470.0,67,2,140.0,2680.0,63,148.88888888888889,131,121.37404580152672,2800.0,817
GAP0_2__field_size_band=17+__l17_rank_band=11-20,GAP0_2,field_size_band=17+;l17_rank_band=11-20,False,647,13,45.05409582689335,-35550.0,39.58268933539413,12.144082332761577,40.52356020942408,53.091787439613526,191,0,0.0,0.0,647,13,45.05409582689335,-35550.0,938,76.7910447761194,-21770.0,270,11,98.70370370370371,-350.0,270,98.70370370370371,338,98.13609467455622,-630.0,818
GAP5P__pair_worse_rank_band=7-10__field_size_band=13-14,GAP5P,pair_worse_rank_band=7-10;field_size_band=13-14,False,933,15,61.61843515541265,-35810.0,55.11254019292605,10.558357975300051,40.45454545454545,92.32432432432432,185,0,0.0,0.0,933,15,61.61843515541265,-35810.0,1224,82.0016339869281,-22030.0,123,3,147.15447154471545,5800.0,123,147.15447154471545,191,128.90052356020942,5520.0,819
GAP3_4__field_size_band=17+__l17_rank_band=11-20,GAP3_4,field_size_band=17+;l17_rank_band=11-20,False,331,9,73.80664652567975,-8670.0,61.570996978851966,16.577977896029473,40.373831775700936,133.7864077669903,103,0,0.0,0.0,331,9,73.80664652567975,-8670.0,622,108.21543408360128,5110.0,127,0,0.0,-12700.0,127,0.0,195,33.43589743589744,-12980.0,820
GAP5P__field_size_band=13-14__l17_rank_band=<=10,GAP5P,field_size_band=13-14;l17_rank_band=<=10,False,442,12,72.26244343891403,-12260.0,61.53846153846154,14.840325610519724,40.36144578313253,91.85393258426966,98,0,0.0,0.0,442,12,72.26244343891403,-12260.0,733,102.07366984993179,1520.0,59,0,0.0,-5900.0,59,0.0,127,51.338582677165356,-6180.0,821
GAP10P__pair_worse_rank_band=<=6,GAP10P,pair_worse_rank_band=<=6,False,557,12,95.83482944344703,-2320.0,84.0394973070018,12.307980517047584,40.29761904761905,161.54205607476635,168,46,8.258527827648114,15.807560137457045,511,11,92.79843444227006,-3680.0,802,112.5935162094763,10100.0,58,1,46.55172413793103,-3100.0,49,55.10204081632653,117,78.80341880341881,-2480.0,822
GAP5P__odds_band=<20__field_size_band=15-16,GAP5P,odds_band=<20;field_size_band=15-16,False,193,7,60.259067357512954,-7670.0,50.05181347150259,16.93895098882201,40.26315789473684,111.16279069767442,43,0,0.0,0.0,193,7,60.259067357512954,-7670.0,484,112.62396694214875,6110.0,33,2,107.57575757575758,250.0,33,107.57575757575758,101,99.70297029702971,-30.0,823
GAP0_2__field_size_band=17+__l17_rank_band=31-40,GAP0_2,field_size_band=17+;l17_rank_band=31-40,False,200,5,63.5,-7300.0,35.0,44.881889763779526,40.24096385542169,98.27586206896552,58,0,0.0,0.0,200,5,63.5,-7300.0,491,113.19755600814663,6480.0,97,0,0.0,-9700.0,97,0.0,165,39.515151515151516,-9980.0,824
GAP0_2__l17_rank_band=41-60,GAP0_2,l17_rank_band=41-60,False,925,23,59.6972972972973,-37280.0,55.167567567567566,7.58783049619703,40.05464480874317,101.24513618677042,257,0,0.0,0.0,925,23,59.6972972972973,-37280.0,1216,80.67434210526316,-23500.0,422,8,55.7345971563981,-18680.0,422,55.7345971563981,490,61.30612244897959,-18960.0,825
GAP5_6__field_size_band=13-14__l17_rank_band=31-40,GAP5_6,field_size_band=13-14;l17_rank_band=31-40,False,150,5,104.8,720.0,75.0,28.435114503816795,40.0,187.14285714285714,40,0,0.0,0.0,150,5,104.8,720.0,441,132.8798185941043,14500.0,26,1,198.07692307692307,2550.0,26,198.07692307692307,94,124.14893617021276,2270.0,826
GAP0_2__pair_worse_rank_band=11-14,GAP0_2,pair_worse_rank_band=11-14,False,1808,46,79.51880530973452,-37030.0,75.99557522123894,4.4306879042915766,39.92263056092843,107.48560460652591,517,0,0.0,0.0,1808,46,79.51880530973452,-37030.0,2099,88.92329680800381,-23250.0,881,33,121.0783200908059,18570.0,881,121.0783200908059,949,119.27291886195995,18290.0,827
GAP10P__odds_band=40-60__market_rank_band=21-25,GAP10P,odds_band=40-60;market_rank_band=21-25,False,520,7,71.92307692307692,-14600.0,60.57692307692308,15.775401069518717,39.58904109589041,107.46478873239437,142,49,9.423076923076923,16.83848797250859,471,6,67.38853503184713,-15360.0,762,97.92650918635171,-1580.0,76,0,0.0,-7600.0,70,0.0,138,47.2463768115942,-7280.0,828
GAP5P__distance_band=1801-2200,GAP5P,distance_band=1801-2200,False,871,21,81.80252583237657,-15850.0,74.01836969001148,9.51578947368421,39.48795180722892,116.76616915422886,201,37,4.247990815154994,12.714776632302405,834,21,85.43165467625899,-12150.0,1125,101.44888888888889,1630.0,176,7,143.86363636363637,7720.0,171,148.0701754385965,239,133.22175732217573,7940.0,829
GAP10P__field_size_band=15-16__model_rank_band=11-15,GAP10P,field_size_band=15-16;model_rank_band=11-15,False,558,7,86.16487455197132,-7720.0,69.42652329749104,19.42595673876872,39.483870967741936,117.40585774058577,155,91,16.308243727598565,31.27147766323024,467,5,68.52248394004283,-14700.0,758,98.7862796833773,-920.0,139,1,46.906474820143885,-7380.0,100,0.0,168,38.80952380952381,-10280.0,830
GAP5_6__field_size_band=<=12__market_rank_band=16-20,GAP5_6,field_size_band=<=12;market_rank_band=16-20,False,522,8,69.57854406130268,-15880.0,56.59003831417625,18.66740088105727,39.411764705882355,88.1025641025641,102,0,0.0,0.0,522,8,69.57854406130268,-15880.0,813,97.41697416974169,-2100.0,74,2,145.13513513513513,3340.0,74,145.13513513513513,142,121.54929577464789,3060.0,831
GAP0_2__odds_band=60-80__market_rank_band=11-15,GAP0_2,odds_band=60-80;market_rank_band=11-15,False,1063,8,48.4101599247413,-54840.0,41.5898400752587,14.088612514574427,39.29712460063898,61.348684210526315,304,0,0.0,0.0,1063,8,48.4101599247413,-54840.0,1354,69.67503692762186,-41060.0,423,3,46.02836879432624,-22830.0,423,46.02836879432624,491,52.93279022403259,-23110.0,832
GAP5_6__field_size_band=13-14__model_rank_band=1-3,GAP5_6,field_size_band=13-14;model_rank_band=1-3,False,198,8,65.65656565656566,-6800.0,54.84848484848485,16.46153846153846,39.27710843373494,147.38095238095238,42,0,0.0,0.0,198,8,65.65656565656566,-6800.0,489,114.27402862985686,6980.0,25,1,65.6,-860.0,25,65.6,93,87.74193548387096,-1140.0,833
GAP5_6__odds_band=40-60__field_size_band=15-16,GAP5_6,odds_band=40-60;field_size_band=15-16,False,1032,17,79.8062015503876,-20840.0,74.03100775193798,7.236522583778533,39.114583333333336,129.26070038910507,257,0,0.0,0.0,1032,17,79.8062015503876,-20840.0,1323,94.6636432350718,-7060.0,220,2,42.31818181818182,-12690.0,220,42.31818181818182,288,54.96527777777778,-12970.0,834
GAP7_9__pair_worse_rank_band=<=6__market_rank_band=16-20,GAP7_9,pair_worse_rank_band=<=6;market_rank_band=16-20,False,323,6,87.61609907120743,-4000.0,68.88544891640866,21.37809187279152,39.09090909090909,130.5982905982906,63,0,0.0,0.0,323,6,87.61609907120743,-4000.0,614,115.92833876221498,9780.0,32,0,0.0,-3200.0,32,0.0,100,65.2,-3480.0,835
GAP5_6__field_size_band=<=12__model_rank_band=11-15,GAP5_6,field_size_band=<=12;model_rank_band=11-15,False,523,9,82.02676864244742,-9400.0,69.06309751434034,15.804195804195805,39.029126213592235,128.43243243243242,103,0,0.0,0.0,523,9,82.02676864244742,-9400.0,814,105.38083538083538,4380.0,74,2,145.13513513513513,3340.0,74,145.13513513513513,142,121.54929577464789,3060.0,836
GAP5_6__model_rank_band=9-10__l17_rank_band=21-30,GAP5_6,model_rank_band=9-10;l17_rank_band=21-30,False,205,3,54.09756097560975,-9410.0,30.926829268292682,42.83137962128043,38.96907216494845,75.29411764705883,34,0,0.0,0.0,205,3,54.09756097560975,-9410.0,496,108.81048387096774,4370.0,21,0,0.0,-2100.0,21,0.0,89,73.25842696629213,-2380.0,837
GAP0_2__field_size_band=15-16__l17_rank_band=41-60,GAP0_2,field_size_band=15-16;l17_rank_band=41-60,False,531,17,75.63088512241055,-12940.0,67.74011299435028,10.433266932270916,38.9622641509434,146.54676258992805,139,0,0.0,0.0,531,17,75.63088512241055,-12940.0,822,101.02189781021897,840.0,260,2,27.0,-18980.0,260,27.0,328,41.28048780487805,-19260.0,838
GAP5_6__model_rank_band=6-8,GAP5_6,model_rank_band=6-8,False,1536,30,62.845052083333336,-57070.0,60.0,4.52709002382679,38.90625,80.05494505494505,364,0,0.0,0.0,1536,30,62.845052083333336,-57070.0,1827,76.30541871921183,-43290.0,222,7,93.42342342342343,-1460.0,222,93.42342342342343,290,94.0,-1740.0,839
GAP5_6__market_rank_band=11-15__model_rank_band=6-8,GAP5_6,market_rank_band=11-15;model_rank_band=6-8,False,1536,30,62.845052083333336,-57070.0,60.0,4.52709002382679,38.90625,80.05494505494505,364,0,0.0,0.0,1536,30,62.845052083333336,-57070.0,1827,76.30541871921183,-43290.0,222,7,93.42342342342343,-1460.0,222,93.42342342342343,290,94.0,-1740.0,840
GAP0_2__model_rank_band=6-8__l17_rank_band=21-30,GAP0_2,model_rank_band=6-8;l17_rank_band=21-30,False,825,23,65.67272727272727,-28320.0,60.339393939393936,8.121077888519748,38.84476534296029,124.87603305785125,242,0,0.0,0.0,825,23,65.67272727272727,-28320.0,1116,86.97132616487455,-14540.0,444,11,56.013513513513516,-19530.0,444,56.013513513513516,512,61.30859375,-19810.0,841
GAP5P__field_size_band=<=12__surface=TURF,GAP5P,field_size_band=<=12;surface=TURF,False,874,19,79.74828375286042,-17700.0,70.64073226544622,11.420373027259684,38.813559322033896,101.23867069486406,177,0,0.0,0.0,874,19,79.74828375286042,-17700.0,1165,96.63519313304721,-3920.0,103,2,104.27184466019418,440.0,103,104.27184466019418,171,100.93567251461988,160.0,842
GAP10_14__field_size_band=15-16,GAP10_14,field_size_band=15-16,False,925,14,74.94054054054054,-23180.0,65.9027027027027,12.0600115406809,38.69109947643979,116.5,200,0,0.0,0.0,925,14,74.94054054054054,-23180.0,1216,92.26973684210526,-9400.0,113,1,23.893805309734514,-8600.0,113,23.893805309734514,181,50.93922651933702,-8880.0,843
GAP10P__pair_worse_rank_band=7-10,GAP10P,pair_worse_rank_band=7-10,False,1215,14,56.46090534979424,-52900.0,49.90946502057613,11.603498542274053,38.66379310344828,62.52587991718426,232,126,10.37037037037037,43.29896907216495,1089,12,52.084481175390266,-52180.0,1380,72.17391304347827,-38400.0,141,3,112.76595744680851,1800.0,120,78.16666666666667,188,84.57446808510639,-2900.0,844
GAP10_14__model_rank_band=6-8,GAP10_14,model_rank_band=6-8,False,435,6,61.54022988505747,-16730.0,50.32183908045977,18.22936122525215,38.60986547085202,97.6,50,0,0.0,0.0,435,6,61.54022988505747,-16730.0,726,95.9366391184573,-2950.0,23,2,407.82608695652175,7080.0,23,407.82608695652175,91,174.72527472527472,6800.0,845
GAP7_9__market_rank_band=16-20__l17_rank_band=31-40,GAP7_9,market_rank_band=16-20;l17_rank_band=31-40,False,228,5,102.01754385964912,460.0,80.13157894736842,21.453138435081684,38.559322033898304,193.2394366197183,39,0,0.0,0.0,228,5,102.01754385964912,460.0,519,127.4373795761079,14240.0,34,0,0.0,-3400.0,34,0.0,102,63.92156862745098,-3680.0,846
GAP3_4__field_size_band=13-14__l17_rank_band=21-30,GAP3_4,field_size_band=13-14;l17_rank_band=21-30,False,521,10,66.52591170825336,-17440.0,56.18042226487524,15.551067512983266,38.55670103092783,87.40458015267176,131,0,0.0,0.0,521,10,66.52591170825336,-17440.0,812,95.49261083743842,-3660.0,136,3,70.51470588235294,-4010.0,136,70.51470588235294,204,78.97058823529412,-4290.0,847
GAP5P__field_size_band=17+__market_rank_band=<=10,GAP5P,field_size_band=17+;market_rank_band=<=10,False,270,10,97.37037037037037,-710.0,86.07407407407408,11.601369341955117,38.421052631578945,155.66666666666666,76,0,0.0,0.0,270,10,97.37037037037037,-710.0,561,123.29768270944741,13070.0,57,1,12.280701754385966,-5000.0,57,12.280701754385966,125,57.76,-5280.0,848
GAP0_2__market_rank_band=<=10__l17_rank_band=31-40,GAP0_2,market_rank_band=<=10;l17_rank_band=31-40,False,605,18,55.68595041322314,-26810.0,50.95867768595041,8.489165924606707,38.214285714285715,65.02369668246446,168,0,0.0,0.0,605,18,55.68595041322314,-26810.0,896,85.45758928571429,-13030.0,259,12,78.996138996139,-5440.0,259,78.996138996139,327,82.50764525993884,-5720.0,849
GAP0_2__l17_rank_band=31-40,GAP0_2,l17_rank_band=31-40,False,1901,34,54.13466596528143,-87190.0,50.78379800105208,6.189874647750462,37.9635761589404,85.85741811175338,519,0,0.0,0.0,1901,34,54.13466596528143,-87190.0,2192,66.51003649635037,-73410.0,797,20,68.3814303638645,-25200.0,797,68.3814303638645,865,70.54335260115607,-25480.0,850
GAP7_9__field_size_band=<=12__surface=DIRT,GAP7_9,field_size_band=<=12;surface=DIRT,False,216,5,96.94444444444444,-660.0,69.86111111111111,27.936962750716333,37.80821917808219,127.22222222222223,36,0,0.0,0.0,216,5,96.94444444444444,-660.0,507,125.87771203155819,13120.0,13,0,0.0,-1300.0,13,0.0,81,80.49382716049382,-1580.0,851
GAP5P__market_rank_band=<=10__l17_rank_band=31-40,GAP5P,market_rank_band=<=10;l17_rank_band=31-40,False,133,6,102.10526315789474,280.0,82.25563909774436,19.440353460972016,37.714285714285715,227.83783783783784,26,0,0.0,0.0,133,6,102.10526315789474,280.0,424,133.16037735849056,14060.0,23,1,103.04347826086956,70.0,23,103.04347826086956,91,97.6923076923077,-210.0,852
GAP7_9__odds_band=20-40__market_rank_band=<=10,GAP7_9,odds_band=20-40;market_rank_band=<=10,False,387,11,74.88372093023256,-9720.0,67.31266149870801,10.110420979986197,37.53521126760563,96.64335664335664,102,0,0.0,0.0,387,11,74.88372093023256,-9720.0,678,105.9882005899705,4060.0,54,1,43.888888888888886,-3030.0,54,43.888888888888886,122,72.8688524590164,-3310.0,853
GAP7_9__market_rank_band=11-15__model_rank_band=1-3,GAP7_9,market_rank_band=11-15;model_rank_band=1-3,False,185,5,86.54054054054055,-2490.0,66.05405405405405,23.672704559650217,37.375,144.7058823529412,37,0,0.0,0.0,185,5,86.54054054054055,-2490.0,476,123.71848739495799,11290.0,29,0,0.0,-2900.0,29,0.0,97,67.21649484536083,-3180.0,854
GAP5P__odds_band=<20__market_rank_band=<=10,GAP5P,odds_band=<20;market_rank_band=<=10,False,542,24,73.8929889298893,-14150.0,70.25830258302582,4.918851435705368,37.305936073059364,124.26086956521739,115,0,0.0,0.0,542,24,73.8929889298893,-14150.0,833,99.55582232893157,-370.0,59,4,99.83050847457628,-10.0,59,99.83050847457628,127,97.71653543307086,-290.0,855
GAP5_6__field_size_band=<=12__model_rank_band=6-8,GAP5_6,field_size_band=<=12;model_rank_band=6-8,False,343,6,54.54810495626822,-15590.0,43.79008746355685,19.722073757349012,37.19178082191781,102.8125,64,0,0.0,0.0,343,6,54.54810495626822,-15590.0,634,97.14511041009463,-1810.0,24,0,0.0,-2400.0,24,0.0,92,70.8695652173913,-2680.0,856
GAP5_6__model_rank_band=1-3__l17_rank_band=<=10,GAP5_6,model_rank_band=1-3;l17_rank_band=<=10,False,424,11,47.759433962264154,-22150.0,40.49528301886792,15.209876543209877,37.10843373493976,56.0,83,0,0.0,0.0,424,11,47.759433962264154,-22150.0,715,88.2937062937063,-8370.0,68,5,125.44117647058823,1730.0,68,125.44117647058823,136,110.66176470588235,1450.0,857
GAP5_6__l17_rank_band=31-40,GAP5_6,l17_rank_band=31-40,False,766,16,83.27676240208878,-12810.0,74.32114882506528,10.754036682865653,36.97885196374622,146.63793103448276,203,0,0.0,0.0,766,16,83.27676240208878,-12810.0,1057,100.91769157994324,970.0,133,2,74.88721804511279,-3340.0,133,74.88721804511279,201,81.99004975124379,-3620.0,858
GAP7_9__pair_worse_rank_band=11-14,GAP7_9,pair_worse_rank_band=11-14,False,551,7,67.11433756805808,-18120.0,53.2486388384755,20.659816116819904,36.84647302904564,101.92,125,0,0.0,0.0,551,7,67.11433756805808,-18120.0,842,94.84560570071258,-4340.0,129,1,53.10077519379845,-6050.0,129,53.10077519379845,197,67.86802030456853,-6330.0,859
GAP10P__surface=TURF,GAP10P,surface=TURF,False,1046,19,100.48757170172084,510.0,91.5583173996176,8.885929026733898,36.779661016949156,165.51401869158877,236,132,12.619502868068833,45.36082474226804,914,17,97.97592997811816,-1850.0,1205,109.90041493775934,11930.0,203,3,54.87684729064039,-9160.0,177,62.93785310734463,245,72.08163265306122,-6840.0,860
GAP5_6__odds_band=40-60,GAP5_6,odds_band=40-60,False,1990,34,80.25628140703517,-39290.0,77.26130653266331,3.731763821927243,36.73684210526316,119.7609561752988,477,0,0.0,0.0,1990,34,80.25628140703517,-39290.0,2281,88.81630863656291,-25510.0,416,6,73.05288461538461,-11210.0,416,73.05288461538461,484,76.2603305785124,-11490.0,861
GAP5P__odds_band=<20,GAP5P,odds_band=<20,False,554,24,72.29241877256318,-15350.0,68.73646209386281,4.918851435705368,36.63677130044843,120.08403361344538,119,0,0.0,0.0,554,24,72.29241877256318,-15350.0,845,98.14201183431953,-1570.0,62,4,95.0,-310.0,62,95.0,130,95.46153846153847,-590.0,862
GAP5_6__market_rank_band=11-15__model_rank_band=9-10,GAP5_6,market_rank_band=11-15;model_rank_band=9-10,False,736,15,74.32065217391305,-18900.0,67.86684782608695,8.683729433272395,36.61073825503356,101.82481751824818,137,0,0.0,0.0,736,15,74.32065217391305,-18900.0,1027,95.01460564751704,-5120.0,90,1,57.22222222222222,-3850.0,90,57.22222222222222,158,73.86075949367088,-4130.0,863
GAP5P__market_rank_band=11-15__model_rank_band=9-10,GAP5P,market_rank_band=11-15;model_rank_band=9-10,False,736,15,74.32065217391305,-18900.0,67.86684782608695,8.683729433272395,36.61073825503356,101.82481751824818,137,0,0.0,0.0,736,15,74.32065217391305,-18900.0,1027,95.01460564751704,-5120.0,90,1,57.22222222222222,-3850.0,90,57.22222222222222,158,73.86075949367088,-4130.0,864
GAP0_2__field_size_band=17+__model_rank_band=6-8,GAP0_2,field_size_band=17+;model_rank_band=6-8,False,587,13,52.19761499148211,-28060.0,46.91652470187393,10.117493472584856,36.508620689655174,64.81865284974093,162,0,0.0,0.0,587,13,52.19761499148211,-28060.0,878,83.73576309794989,-14280.0,259,10,84.63320463320463,-3980.0,259,84.63320463320463,327,86.97247706422019,-4260.0,865
GAP3_4__field_size_band=<=12__model_rank_band=11-15,GAP3_4,field_size_band=<=12;model_rank_band=11-15,False,1241,20,70.00805801772763,-37220.0,64.27880741337631,8.183701657458563,36.45739910313901,104.90079365079364,291,0,0.0,0.0,1241,20,70.00805801772763,-37220.0,1532,84.69973890339426,-23440.0,249,5,94.41767068273093,-1390.0,249,94.41767068273093,317,94.73186119873817,-1670.0,866
GAP3_4__pair_worse_rank_band=7-10__field_size_band=17+,GAP3_4,pair_worse_rank_band=7-10;field_size_band=17+,False,424,8,47.5,-22260.0,37.33490566037736,21.400198609731877,36.22222222222222,64.56521739130434,135,0,0.0,0.0,424,8,47.5,-22260.0,715,88.13986013986013,-8480.0,149,2,56.375838926174495,-6500.0,149,56.375838926174495,217,68.7557603686636,-6780.0,867
GAP5P__odds_band=40-60__field_size_band=13-14,GAP5P,odds_band=40-60;field_size_band=13-14,False,709,9,59.74612129760226,-28540.0,51.59379407616361,13.64494806421152,36.125,79.57295373665481,160,0,0.0,0.0,709,9,59.74612129760226,-28540.0,1000,85.24,-14760.0,129,2,80.15503875968992,-2560.0,129,80.15503875968992,197,85.58375634517766,-2840.0,868
GAP7_9__surface=DIRT,GAP7_9,surface=DIRT,False,1549,24,62.45965138799225,-58150.0,58.25048418334409,6.739018087855297,35.920138888888886,84.17508417508418,297,0,0.0,0.0,1549,24,62.45965138799225,-58150.0,1840,75.88586956521739,-44370.0,207,4,90.57971014492753,-1950.0,207,90.57971014492753,275,91.89090909090909,-2230.0,869
GAP3_4__model_rank_band=11-15__l17_rank_band=31-40,GAP3_4,model_rank_band=11-15;l17_rank_band=31-40,False,593,9,63.102866779089375,-21880.0,54.56998313659359,13.522180652057724,35.89861751152074,99.43820224719101,178,0,0.0,0.0,593,9,63.102866779089375,-21880.0,884,90.83710407239819,-8100.0,195,3,79.64102564102564,-3970.0,195,79.64102564102564,263,83.8403041825095,-4250.0,870
GAP5P__field_size_band=15-16__model_rank_band=4-5,GAP5P,field_size_band=15-16;model_rank_band=4-5,False,922,21,65.97613882863341,-31370.0,61.25813449023861,7.151076771329936,35.869565217391305,84.2081447963801,221,43,4.663774403470716,14.776632302405499,879,21,69.20364050056882,-27070.0,1170,88.64102564102564,-13290.0,117,9,212.13675213675214,13120.0,114,217.71929824561403,182,172.1978021978022,13140.0,871
GAP7_9__field_size_band=15-16__model_rank_band=11-15,GAP7_9,field_size_band=15-16;model_rank_band=11-15,False,764,10,69.18848167539267,-23540.0,60.47120418848168,12.599318955732123,35.852090032154344,175.3896103896104,154,0,0.0,0.0,764,10,69.18848167539267,-23540.0,1055,90.74881516587678,-9760.0,140,0,0.0,-14000.0,140,0.0,208,31.346153846153847,-14280.0,872
GAP10_14__market_rank_band=16-20,GAP10_14,market_rank_band=16-20,False,644,10,68.16770186335404,-20500.0,57.96583850931677,14.965831435079727,35.515151515151516,112.56637168141593,88,0,0.0,0.0,644,10,68.16770186335404,-20500.0,935,92.81283422459893,-6720.0,42,2,223.33333333333334,5180.0,42,223.33333333333334,110,144.54545454545453,4900.0,873
GAP5_6__surface=TURF__distance_band=1801-2200,GAP5_6,surface=TURF;distance_band=1801-2200,False,530,15,87.01886792452831,-6880.0,74.22641509433963,14.700780572419774,35.4040404040404,152.33333333333334,122,0,0.0,0.0,530,15,87.01886792452831,-6880.0,821,108.40438489646772,6900.0,87,2,100.6896551724138,60.0,87,100.6896551724138,155,98.58064516129032,-220.0,874
GAP10P__odds_band=60-80__model_rank_band=11-15,GAP10P,odds_band=60-80;model_rank_band=11-15,False,562,7,80.65836298932385,-10870.0,66.49466192170819,17.56011471431723,35.3757225433526,104.88372093023256,131,53,9.430604982206406,18.213058419243985,509,6,75.81532416502947,-12310.0,800,101.8375,1470.0,86,1,75.81395348837209,-2080.0,72,0.0,140,46.57142857142857,-7480.0,875
GAP10_14__distance_band=1801-2200,GAP10_14,distance_band=1801-2200,False,210,3,42.42857142857143,-12090.0,27.238095238095237,35.80246913580247,35.25,60.416666666666664,48,0,0.0,0.0,210,3,42.42857142857143,-12090.0,501,103.37325349301398,1690.0,33,2,238.1818181818182,4560.0,33,238.1818181818182,101,142.37623762376236,4280.0,876
GAP7_9__market_rank_band=11-15__l17_rank_band=11-20,GAP7_9,market_rank_band=11-15;l17_rank_band=11-20,False,504,11,61.54761904761905,-19380.0,54.02777777777778,12.217923920051579,35.172413793103445,114.24657534246575,73,0,0.0,0.0,504,11,61.54761904761905,-19380.0,795,92.95597484276729,-5600.0,37,2,153.51351351351352,1980.0,37,153.51351351351352,105,116.19047619047619,1700.0,877
GAP3_4__field_size_band=17+__distance_band=1401-1800,GAP3_4,field_size_band=17+;distance_band=1401-1800,False,167,7,75.50898203592814,-4090.0,56.34730538922156,25.376685170499602,35.0,116.93877551020408,49,0,0.0,0.0,167,7,75.50898203592814,-4090.0,458,121.15720524017468,9690.0,54,2,97.03703703703704,-160.0,54,97.03703703703704,122,96.39344262295081,-440.0,878
GAP5_6__field_size_band=17+,GAP5_6,field_size_band=17+,False,466,10,72.57510729613733,-12780.0,57.85407725321888,20.283855706682438,34.46666666666667,143.28467153284672,137,0,0.0,0.0,466,10,72.57510729613733,-12780.0,757,101.32100396301189,1000.0,121,1,5.785123966942149,-11400.0,121,5.785123966942149,189,38.2010582010582,-11680.0,879
GAP5_6__field_size_band=17+__surface=TURF,GAP5_6,field_size_band=17+;surface=TURF,False,466,10,72.57510729613733,-12780.0,57.85407725321888,20.283855706682438,34.46666666666667,143.28467153284672,137,0,0.0,0.0,466,10,72.57510729613733,-12780.0,757,101.32100396301189,1000.0,121,1,5.785123966942149,-11400.0,121,5.785123966942149,189,38.2010582010582,-11680.0,880
GAP5_6__model_rank_band=4-5__l17_rank_band=11-20,GAP5_6,model_rank_band=4-5;l17_rank_band=11-20,False,385,14,87.48051948051948,-4820.0,79.01298701298701,9.679334916864608,34.45161290322581,154.94117647058823,85,0,0.0,0.0,385,14,87.48051948051948,-4820.0,676,113.25443786982248,8960.0,39,3,202.30769230769232,3990.0,39,202.30769230769232,107,134.6728971962617,3710.0,881
GAP10P__field_size_band=15-16__l17_rank_band=11-20,GAP10P,field_size_band=15-16;l17_rank_band=11-20,False,285,5,72.49122807017544,-7840.0,51.92982456140351,28.36398838334947,34.36974789915966,113.33333333333333,69,39,13.68421052631579,13.402061855670103,246,5,83.98373983739837,-3940.0,537,118.32402234636872,9840.0,25,0,0.0,-2500.0,21,0.0,89,73.25842696629213,-2380.0,882
GAP7_9__odds_band=20-40__field_size_band=15-16,GAP7_9,odds_band=20-40;field_size_band=15-16,False,760,18,73.13157894736842,-20420.0,68.07894736842105,6.908960057574667,34.31095406360424,148.54430379746836,158,0,0.0,0.0,760,18,73.13157894736842,-20420.0,1051,93.68220742150334,-6640.0,93,5,151.3978494623656,4780.0,93,151.3978494623656,161,127.95031055900621,4500.0,883
GAP5P__field_size_band=<=12__distance_band=2201+,GAP5P,field_size_band=<=12;distance_band=2201+,False,236,6,90.97457627118644,-2130.0,57.24576271186441,37.07498835584536,34.270833333333336,138.93617021276594,46,0,0.0,0.0,236,6,90.97457627118644,-2130.0,527,122.10626185958255,11650.0,24,0,0.0,-2400.0,24,0.0,92,70.8695652173913,-2680.0,884
GAP7_9__l17_rank_band=<=10,GAP7_9,l17_rank_band=<=10,False,633,9,42.76461295418641,-36230.0,36.0347551342812,15.7369782046546,34.22924901185771,57.5968992248062,129,0,0.0,0.0,633,9,42.76461295418641,-36230.0,924,75.7034632034632,-22450.0,60,1,68.83333333333333,-1870.0,60,68.83333333333333,128,83.203125,-2150.0,885
GAP7_9__market_rank_band=16-20__l17_rank_band=21-30,GAP7_9,market_rank_band=16-20;l17_rank_band=21-30,False,440,9,96.1590909090909,-1690.0,82.54545454545455,14.157409595840226,34.22857142857143,180.19607843137254,51,0,0.0,0.0,440,9,96.1590909090909,-1690.0,731,116.5389876880985,12090.0,32,0,0.0,-3200.0,32,0.0,100,65.2,-3480.0,886
GAP5P__field_size_band=15-16__distance_band=1401-1800,GAP5P,field_size_band=15-16;distance_band=1401-1800,False,1239,24,83.5270379338176,-20410.0,75.98870056497175,9.025026572615712,33.796909492273734,118.98047722342733,325,102,8.232445520581114,35.05154639175258,1137,22,77.56376429199648,-25510.0,1428,91.78571428571429,-11730.0,253,5,64.66403162055336,-8940.0,230,42.78260869565217,298,54.899328859060404,-13440.0,887
GAP3_4__market_rank_band=16-20__l17_rank_band=31-40,GAP3_4,market_rank_band=16-20;l17_rank_band=31-40,False,432,7,70.625,-12690.0,58.91203703703704,16.584726319239593,33.691275167785236,140.47619047619048,126,0,0.0,0.0,432,7,70.625,-12690.0,723,101.5076071922545,1090.0,153,3,101.50326797385621,230.0,153,101.50326797385621,221,99.77375565610859,-50.0,888
GAP5P__pair_worse_rank_band=<=6__market_rank_band=<=10,GAP5P,pair_worse_rank_band=<=6;market_rank_band=<=10,False,1144,38,70.0,-34320.0,67.1590909090909,4.058441558441558,33.640256959314776,115.44520547945206,292,0,0.0,0.0,1144,38,70.0,-34320.0,1435,85.68641114982579,-20540.0,172,6,66.22093023255815,-5810.0,172,66.22093023255815,240,74.625,-6090.0,889
GAP10_14__distance_band=1401-1800,GAP10_14,distance_band=1401-1800,False,614,9,64.5928338762215,-21740.0,54.071661237785015,16.288451840645486,33.59832635983263,84.765625,119,0,0.0,0.0,614,9,64.5928338762215,-21740.0,905,91.20441988950276,-7960.0,71,2,105.35211267605634,380.0,71,105.35211267605634,139,100.71942446043165,100.0,890
GAP7_9__field_size_band=15-16__model_rank_band=4-5,GAP7_9,field_size_band=15-16;model_rank_band=4-5,False,323,6,57.05882352941177,-13870.0,45.3250773993808,20.564297341291372,33.53982300884956,130.14492753623188,69,0,0.0,0.0,323,6,57.05882352941177,-13870.0,614,99.85342019543974,-90.0,37,4,316.4864864864865,8010.0,37,316.4864864864865,105,173.61904761904762,7730.0,891
GAP5_6__distance_band=2201+,GAP5_6,distance_band=2201+,False,345,10,90.98550724637681,-3110.0,71.10144927536231,21.8540936604014,33.52459016393443,215.92592592592592,81,0,0.0,0.0,345,10,90.98550724637681,-3110.0,636,116.77672955974843,10670.0,54,1,37.96296296296296,-3350.0,54,37.96296296296296,122,70.24590163934427,-3630.0,892
GAP5_6__market_rank_band=<=10__l17_rank_band=11-20,GAP5_6,market_rank_band=<=10;l17_rank_band=11-20,False,589,22,82.10526315789474,-10540.0,76.5704584040747,6.74110835401158,33.395348837209305,120.54054054054055,148,0,0.0,0.0,589,22,82.10526315789474,-10540.0,880,103.68181818181819,3240.0,75,3,105.2,390.0,75,105.2,143,100.76923076923077,110.0,893
GAP3_4__field_size_band=<=12__market_rank_band=16-20,GAP3_4,field_size_band=<=12;market_rank_band=16-20,False,910,13,67.94505494505495,-29170.0,60.13186813186813,11.499272197962155,33.36448598130841,113.71794871794872,199,0,0.0,0.0,910,13,67.94505494505495,-29170.0,1201,87.18567860116569,-15390.0,203,4,101.92118226600985,390.0,203,101.92118226600985,271,100.4059040590406,110.0,894
GAP10P__l17_rank_band=31-40,GAP10P,l17_rank_band=31-40,False,483,6,58.34368530020704,-20120.0,45.46583850931677,22.07239176721079,33.333333333333336,65.0251256281407,87,51,10.559006211180124,17.52577319587629,432,4,37.73148148148148,-26900.0,723,81.8533886583679,-13120.0,43,0,0.0,-4300.0,38,0.0,106,61.509433962264154,-4080.0,895
GAP3_4__odds_band=<20__field_size_band=17+,GAP3_4,odds_band=<20;field_size_band=17+,False,192,9,66.19791666666667,-6490.0,57.083333333333336,13.768686073957515,33.24324324324324,107.12121212121212,52,0,0.0,0.0,192,9,66.19791666666667,-6490.0,483,115.09316770186335,7290.0,58,4,119.65517241379311,1140.0,58,119.65517241379311,126,106.82539682539682,860.0,896
GAP0_2__pair_worse_rank_band=11-14__market_rank_band=<=10,GAP0_2,pair_worse_rank_band=11-14;market_rank_band=<=10,False,793,31,77.56620428751576,-17790.0,72.10592686002522,7.0395057714192815,33.13807531380753,113.75394321766562,237,0,0.0,0.0,793,31,77.56620428751576,-17790.0,1084,96.30073800738008,-4010.0,377,19,103.42175066312997,1290.0,377,103.42175066312997,445,102.26966292134831,1010.0,897
GAP0_2__pair_worse_rank_band=11-14__field_size_band=15-16,GAP0_2,pair_worse_rank_band=11-14;field_size_band=15-16,False,1062,23,66.30885122410547,-35780.0,60.71563088512241,8.435103663731894,32.84280936454849,94.40251572327044,299,0,0.0,0.0,1062,23,66.30885122410547,-35780.0,1353,83.73983739837398,-22000.0,537,19,117.24394785847299,9260.0,537,117.24394785847299,605,114.84297520661157,8980.0,898
GAP5_6__odds_band=<20__field_size_band=13-14,GAP5_6,odds_band=<20;field_size_band=13-14,False,124,8,101.20967741935483,150.0,86.37096774193549,14.661354581673306,32.7906976744186,229.25925925925927,27,0,0.0,0.0,124,8,101.20967741935483,150.0,415,133.56626506024097,13930.0,12,1,136.66666666666666,440.0,12,136.66666666666666,80,102.0,160.0,899
GAP3_4__field_size_band=<=12__model_rank_band=6-8,GAP3_4,field_size_band=<=12;model_rank_band=6-8,False,915,22,62.032786885245905,-34740.0,58.17486338797814,6.219168428470754,32.763636363636365,84.52145214521452,275,0,0.0,0.0,915,22,62.032786885245905,-34740.0,1206,82.62023217247098,-20960.0,161,2,31.490683229813666,-11030.0,161,31.490683229813666,229,50.61135371179039,-11310.0,900
GAP5P__field_size_band=17+__distance_band=<=1400,GAP5P,field_size_band=17+;distance_band=<=1400,False,352,8,100.51136363636364,180.0,75.6534090909091,24.731486715658566,32.72,173.4090909090909,95,0,0.0,0.0,352,8,100.51136363636364,180.0,643,121.71073094867808,13960.0,89,0,0.0,-8900.0,89,0.0,157,41.52866242038217,-9180.0,901
GAP3_4__odds_band=40-60__field_size_band=<=12,GAP3_4,odds_band=40-60;field_size_band=<=12,False,764,12,72.01570680628272,-21380.0,65.28795811518324,9.342057433660488,32.4,112.80141843971631,182,0,0.0,0.0,764,12,72.01570680628272,-21380.0,1055,92.79620853080569,-7600.0,182,5,136.75824175824175,6690.0,182,136.75824175824175,250,125.64,6410.0,902
GAP10_14__odds_band=60-80,GAP10_14,odds_band=60-80,False,541,8,95.71164510166359,-2320.0,80.99815157116451,15.372730784086519,32.21052631578947,155.2549019607843,96,0,0.0,0.0,541,8,95.71164510166359,-2320.0,832,113.77403846153847,11460.0,53,0,0.0,-5300.0,53,0.0,121,53.88429752066116,-5580.0,903
GAP5P__odds_band=40-60__market_rank_band=11-15,GAP5P,odds_band=40-60;market_rank_band=11-15,False,729,11,65.02057613168725,-25500.0,58.50480109739369,10.021097046413502,32.14099216710183,142.89256198347107,121,0,0.0,0.0,729,11,65.02057613168725,-25500.0,1020,88.50980392156863,-11720.0,71,1,72.53521126760563,-1950.0,71,72.53521126760563,139,83.9568345323741,-2230.0,904
GAP7_9__model_rank_band=1-3__l17_rank_band=11-20,GAP7_9,model_rank_band=1-3;l17_rank_band=11-20,False,198,7,89.34343434343434,-2110.0,75.15151515151516,15.884680610514415,32.125,134.25,40,0,0.0,0.0,198,7,89.34343434343434,-2110.0,489,123.86503067484662,11670.0,22,0,0.0,-2200.0,22,0.0,90,72.44444444444444,-2480.0,905
GAP7_9__field_size_band=15-16__market_rank_band=21-25,GAP7_9,field_size_band=15-16;market_rank_band=21-25,False,497,6,69.738430583501,-15040.0,56.33802816901409,19.21523369878823,32.118226600985224,162.56880733944953,109,0,0.0,0.0,497,6,69.738430583501,-15040.0,788,98.4010152284264,-1260.0,84,1,59.166666666666664,-3430.0,84,59.166666666666664,152,75.59210526315789,-3710.0,906
GAP0_2__field_size_band=13-14__market_rank_band=16-20,GAP0_2,field_size_band=13-14;market_rank_band=16-20,False,555,7,61.567567567567565,-21330.0,50.666666666666664,17.705589698565994,32.08588957055215,99.14141414141415,163,0,0.0,0.0,555,7,61.567567567567565,-21330.0,846,91.07565011820331,-7550.0,226,3,66.54867256637168,-7560.0,226,66.54867256637168,294,73.33333333333333,-7840.0,907
GAP5_6__pair_worse_rank_band=7-10__field_size_band=17+,GAP5_6,pair_worse_rank_band=7-10;field_size_band=17+,False,276,4,60.869565217391305,-10800.0,36.01449275362319,40.833333333333336,31.73913043478261,87.94871794871794,78,0,0.0,0.0,276,4,60.869565217391305,-10800.0,567,105.2557319223986,2980.0,66,0,0.0,-6600.0,66,0.0,134,48.656716417910445,-6880.0,908
GAP5P__field_size_band=<=12__model_rank_band=6-8,GAP5P,field_size_band=<=12;model_rank_band=6-8,False,532,10,62.556390977443606,-19920.0,54.454887218045116,12.950721153846153,31.455399061032864,91.74311926605505,101,0,0.0,0.0,532,10,62.556390977443606,-19920.0,823,92.53948967193196,-6140.0,34,0,0.0,-3400.0,34,0.0,102,63.92156862745098,-3680.0,909
GAP0_2__field_size_band=17+__l17_rank_band=21-30,GAP0_2,field_size_band=17+;l17_rank_band=21-30,False,381,7,53.22834645669291,-17820.0,40.73490813648294,23.471400394477318,31.181818181818183,66.16352201257861,110,0,0.0,0.0,381,7,53.22834645669291,-17820.0,672,93.98809523809524,-4040.0,176,6,105.73863636363636,1010.0,176,105.73863636363636,244,102.99180327868852,730.0,910
GAP0_2__field_size_band=15-16__l17_rank_band=31-40,GAP0_2,field_size_band=15-16;l17_rank_band=31-40,False,948,15,47.66877637130802,-49610.0,41.64556962025316,12.635538836025669,31.18032786885246,66.97674418604652,258,0,0.0,0.0,948,15,47.66877637130802,-49610.0,1239,71.0815173527038,-35830.0,431,14,93.9907192575406,-2590.0,431,93.9907192575406,499,94.24849699398797,-2870.0,911
GAP7_9__field_size_band=15-16__market_rank_band=<=10,GAP7_9,field_size_band=15-16;market_rank_band=<=10,False,235,5,56.638297872340424,-10190.0,44.170212765957444,22.01352366641623,31.170212765957448,97.11538461538461,52,0,0.0,0.0,235,5,56.638297872340424,-10190.0,526,106.82509505703422,3590.0,35,1,67.71428571428571,-1130.0,35,67.71428571428571,103,86.31067961165049,-1410.0,912
GAP7_9__odds_band=40-60__market_rank_band=21-25,GAP7_9,odds_band=40-60;market_rank_band=21-25,False,431,6,75.84686774941996,-10410.0,62.43619489559165,17.681248088100336,30.972972972972972,109.65517241379311,101,0,0.0,0.0,431,6,75.84686774941996,-10410.0,722,104.66759002770083,3370.0,90,1,55.22222222222222,-4030.0,90,55.22222222222222,158,72.72151898734177,-4310.0,913
GAP10_14__field_size_band=15-16__market_rank_band=21-25,GAP10_14,field_size_band=15-16;market_rank_band=21-25,False,443,5,63.792325056433405,-16040.0,49.97742663656885,21.656050955414013,30.6,112.23404255319149,94,0,0.0,0.0,443,5,63.792325056433405,-16040.0,734,96.92098092643052,-2260.0,55,0,0.0,-5500.0,55,0.0,123,53.00813008130081,-5780.0,914
GAP5P__field_size_band=<=12__l17_rank_band=31-40,GAP5P,field_size_band=<=12;l17_rank_band=31-40,False,236,4,57.71186440677966,-9980.0,37.03389830508475,35.82966226138032,30.55045871559633,120.57971014492753,58,0,0.0,0.0,236,4,57.71186440677966,-9980.0,527,107.21062618595825,3800.0,25,0,0.0,-2500.0,25,0.0,93,70.10752688172043,-2780.0,915
GAP7_9__pair_worse_rank_band=7-10__field_size_band=15-16,GAP7_9,pair_worse_rank_band=7-10;field_size_band=15-16,False,983,22,93.36724313326552,-6520.0,86.73448626653102,7.103944214425801,30.46448087431694,223.8372093023256,172,0,0.0,0.0,983,22,93.36724313326552,-6520.0,1274,105.69858712715856,7260.0,122,5,124.67213114754098,3010.0,122,124.67213114754098,190,114.36842105263158,2730.0,916
GAP5P__field_size_band=13-14__surface=DIRT,GAP5P,field_size_band=13-14;surface=DIRT,False,651,10,51.68970814132104,-31450.0,42.365591397849464,18.038632986627043,30.403225806451612,82.98611111111111,144,0,0.0,0.0,651,10,51.68970814132104,-31450.0,942,81.24203821656052,-17670.0,108,1,91.66666666666667,-900.0,108,91.66666666666667,176,93.29545454545455,-1180.0,917
GAP10P__l17_rank_band=<=10,GAP10P,l17_rank_band=<=10,False,277,5,72.31046931407943,-7670.0,50.7942238267148,29.755366949575638,30.18348623853211,136.45569620253164,79,20,7.2202166064981945,6.8728522336769755,257,4,54.747081712062254,-11630.0,548,103.92335766423358,2150.0,30,1,90.0,-300.0,23,117.3913043478261,91,101.31868131868131,120.0,918
GAP5P__field_size_band=<=12__model_rank_band=11-15,GAP5P,field_size_band=<=12;model_rank_band=11-15,False,764,12,85.96858638743456,-10720.0,75.54973821989529,12.119366626065773,30.13157894736842,123.03249097472924,152,0,0.0,0.0,764,12,85.96858638743456,-10720.0,1055,102.9004739336493,3060.0,107,2,100.37383177570094,40.0,107,100.37383177570094,175,98.62857142857143,-240.0,919
GAP5_6__pair_worse_rank_band=<=6__market_rank_band=16-20,GAP5_6,pair_worse_rank_band=<=6;market_rank_band=16-20,False,612,9,66.51960784313725,-20490.0,55.44117647058823,16.654384672070744,29.888059701492537,95.1006711409396,149,0,0.0,0.0,612,9,66.51960784313725,-20490.0,903,92.56921373200443,-6710.0,91,2,114.17582417582418,1290.0,91,114.17582417582418,159,106.35220125786164,1010.0,920
GAP5_6__odds_band=40-60__model_rank_band=9-10,GAP5_6,odds_band=40-60;model_rank_band=9-10,False,391,7,79.846547314578,-7880.0,67.3913043478261,15.598975016015375,29.87730061349693,144.83443708609272,77,0,0.0,0.0,391,7,79.846547314578,-7880.0,682,108.65102639296188,5900.0,49,1,105.10204081632654,250.0,49,105.10204081632654,117,99.74358974358974,-30.0,921
GAP0_2__pair_worse_rank_band=<=6__market_rank_band=16-20,GAP0_2,pair_worse_rank_band=<=6;market_rank_band=16-20,False,1062,19,80.64971751412429,-20550.0,73.3427495291902,9.060128429655576,29.672544080604535,139.5026178010471,283,0,0.0,0.0,1062,19,80.64971751412429,-20550.0,1353,94.99630450849963,-6770.0,448,3,30.803571428571427,-31000.0,448,30.803571428571427,516,39.37984496124031,-31280.0,922
GAP5_6__pair_worse_rank_band=7-10__field_size_band=13-14,GAP5_6,pair_worse_rank_band=7-10;field_size_band=13-14,False,610,16,89.62295081967213,-6330.0,79.70491803278688,11.066398390342052,29.615384615384617,163.76106194690266,124,0,0.0,0.0,610,16,89.62295081967213,-6330.0,901,108.26859045504995,7450.0,80,2,102.5,200.0,80,102.5,148,99.45945945945945,-80.0,923
GAP5_6__l17_rank_band=41-60,GAP5_6,l17_rank_band=41-60,False,489,11,60.67484662576687,-19230.0,53.333333333333336,12.099764071452645,29.41176470588235,96.12676056338029,142,0,0.0,0.0,489,11,60.67484662576687,-19230.0,780,93.01282051282051,-5450.0,129,5,120.3875968992248,2630.0,129,120.3875968992248,197,111.92893401015229,2350.0,924
GAP10P__distance_band=1801-2200,GAP10P,distance_band=1801-2200,False,249,3,35.78313253012048,-15990.0,22.971887550200805,35.80246913580247,29.072164948453608,46.774193548387096,62,37,14.859437751004016,12.714776632302405,212,3,42.028301886792455,-12290.0,503,102.96222664015905,1490.0,52,1,70.38461538461539,-1540.0,47,77.87234042553192,115,88.52173913043478,-1320.0,925
GAP10P__odds_band=40-60__field_size_band=15-16,GAP10P,odds_band=40-60;field_size_band=15-16,False,539,7,67.08719851576994,-17740.0,56.029684601113175,16.48230088495575,29.03553299492386,115.36,125,99,18.367346938775512,34.02061855670103,440,3,35.40909090909091,-28420.0,731,79.97264021887825,-14640.0,65,1,70.76923076923077,-1900.0,51,90.19607843137256,119,93.4453781512605,-780.0,926
GAP5P__field_size_band=17+__market_rank_band=16-20,GAP5P,field_size_band=17+;market_rank_band=16-20,False,379,6,78.12664907651715,-8290.0,60.02638522427441,23.167848699763592,29.00709219858156,184.93333333333334,75,0,0.0,0.0,379,6,78.12664907651715,-8290.0,670,108.19402985074628,5490.0,90,3,176.55555555555554,6890.0,90,176.55555555555554,158,141.83544303797467,6610.0,927
GAP3_4__market_rank_band=16-20__l17_rank_band=11-20,GAP3_4,market_rank_band=16-20;l17_rank_band=11-20,False,1377,20,67.75599128540306,-44400.0,62.97748729121278,7.052518756698821,28.90282131661442,83.77016129032258,319,0,0.0,0.0,1377,20,67.75599128540306,-44400.0,1668,81.64268585131894,-30620.0,392,6,69.74489795918367,-11860.0,392,69.74489795918367,460,73.6086956521739,-12140.0,928
GAP7_9__market_rank_band=21-25,GAP7_9,market_rank_band=21-25,False,977,9,55.38382804503583,-43590.0,47.5639713408393,14.119386435039734,28.86426592797784,121.42857142857143,196,0,0.0,0.0,977,9,55.38382804503583,-43590.0,1268,76.49053627760253,-29810.0,151,2,98.47682119205298,-230.0,151,98.47682119205298,219,97.67123287671232,-510.0,929
GAP7_9__market_rank_band=21-25__model_rank_band=11-15,GAP7_9,market_rank_band=21-25;model_rank_band=11-15,False,977,9,55.38382804503583,-43590.0,47.5639713408393,14.119386435039734,28.86426592797784,121.42857142857143,196,0,0.0,0.0,977,9,55.38382804503583,-43590.0,1268,76.49053627760253,-29810.0,151,2,98.47682119205298,-230.0,151,98.47682119205298,219,97.67123287671232,-510.0,930
GAP7_9__field_size_band=15-16__market_rank_band=11-15,GAP7_9,field_size_band=15-16;market_rank_band=11-15,False,668,17,83.60778443113773,-10950.0,77.44011976047904,7.376902417188899,28.851063829787233,181.66666666666666,120,0,0.0,0.0,668,17,83.60778443113773,-10950.0,959,102.95099061522419,2830.0,71,4,164.92957746478874,4610.0,71,164.92957746478874,139,131.15107913669064,4330.0,931
GAP7_9__odds_band=20-40__market_rank_band=16-20,GAP7_9,odds_band=20-40;market_rank_band=16-20,False,255,3,37.05882352941177,-16050.0,24.627450980392158,33.544973544973544,28.727272727272727,59.81132075471698,53,0,0.0,0.0,255,3,37.05882352941177,-16050.0,546,95.84249084249085,-2270.0,25,0,0.0,-2500.0,25,0.0,93,70.10752688172043,-2780.0,932
GAP3_4__model_rank_band=9-10__l17_rank_band=<=10,GAP3_4,model_rank_band=9-10;l17_rank_band=<=10,False,450,9,61.77777777777778,-17200.0,52.44444444444444,15.107913669064748,28.571428571428573,101.93548387096774,124,0,0.0,0.0,450,9,61.77777777777778,-17200.0,741,95.38461538461539,-3420.0,96,2,64.79166666666667,-3380.0,96,64.79166666666667,164,77.6829268292683,-3660.0,933
GAP5_6__surface=TURF__distance_band=1401-1800,GAP5_6,surface=TURF;distance_band=1401-1800,False,827,15,56.203143893591296,-36220.0,50.06045949214027,10.929432013769363,28.493589743589745,84.65346534653466,212,0,0.0,0.0,827,15,56.203143893591296,-36220.0,1118,79.92844364937388,-22440.0,152,3,77.36842105263158,-3440.0,152,77.36842105263158,220,83.0909090909091,-3720.0,934
GAP3_4__field_size_band=17+__distance_band=<=1400,GAP3_4,field_size_band=17+;distance_band=<=1400,False,344,8,47.5,-18060.0,39.883720930232556,16.034271725826194,28.448275862068964,57.610619469026545,113,0,0.0,0.0,344,8,47.5,-18060.0,635,93.25984251968504,-4280.0,115,2,51.82608695652174,-5540.0,115,51.82608695652174,183,68.19672131147541,-5820.0,935
GAP7_9__pair_worse_rank_band=7-10__market_rank_band=<=10,GAP7_9,pair_worse_rank_band=7-10;market_rank_band=<=10,False,187,8,109.46524064171123,1770.0,93.9572192513369,14.167073766487542,28.444444444444443,198.0,42,0,0.0,0.0,187,8,109.46524064171123,1770.0,478,132.53138075313808,15550.0,19,1,124.73684210526316,470.0,19,124.73684210526316,87,102.183908045977,190.0,936
GAP0_2__market_rank_band=11-15__l17_rank_band=41-60,GAP0_2,market_rank_band=11-15;l17_rank_band=41-60,False,533,9,56.04127579737336,-23430.0,48.18011257035647,14.02745229327084,28.169642857142858,122.16783216783217,143,0,0.0,0.0,533,9,56.04127579737336,-23430.0,824,88.28883495145631,-9650.0,240,3,49.5,-12120.0,240,49.5,308,59.74025974025974,-12400.0,937
GAP0_2__model_rank_band=4-5__l17_rank_band=21-30,GAP0_2,model_rank_band=4-5;l17_rank_band=21-30,False,358,16,79.07821229050279,-7490.0,70.27932960893855,11.126810314376545,27.92792792792793,140.431654676259,108,0,0.0,0.0,358,16,79.07821229050279,-7490.0,649,109.69183359013867,6290.0,167,9,84.19161676646706,-2640.0,167,84.19161676646706,235,87.57446808510639,-2920.0,938
GAP10_14__odds_band=40-60,GAP10_14,odds_band=40-60,False,882,11,62.72108843537415,-32880.0,56.03174603174603,10.665220535068691,27.871720116618075,113.22404371584699,183,0,0.0,0.0,882,11,62.72108843537415,-32880.0,1173,83.71696504688832,-19100.0,111,3,122.34234234234235,2480.0,111,122.34234234234235,179,112.29050279329608,2200.0,939
GAP5_6__field_size_band=<=12__distance_band=2201+,GAP5_6,field_size_band=<=12;distance_band=2201+,False,179,6,94.52513966480447,-980.0,71.67597765363128,24.1725768321513,27.848101265822784,332.1875,32,0,0.0,0.0,179,6,94.52513966480447,-980.0,470,127.23404255319149,12800.0,21,0,0.0,-2100.0,21,0.0,89,73.25842696629213,-2380.0,940
GAP5_6__field_size_band=13-14,GAP5_6,field_size_band=13-14,False,1002,28,79.59081836327346,-20450.0,74.47105788423154,6.432601880877743,27.769028871391075,117.62402088772846,238,0,0.0,0.0,1002,28,79.59081836327346,-20450.0,1293,94.8414539829853,-6670.0,162,5,132.46913580246914,5260.0,162,132.46913580246914,230,121.65217391304348,4980.0,941
GAP10_14__odds_band=40-60__field_size_band=15-16,GAP10_14,odds_band=40-60;field_size_band=15-16,False,481,5,54.61538461538461,-21830.0,42.432432432432435,22.30681385610963,27.487437185929647,139.62616822429908,107,0,0.0,0.0,481,5,54.61538461538461,-21830.0,772,89.57253886010362,-8050.0,53,1,86.79245283018868,-700.0,53,86.79245283018868,121,91.90082644628099,-980.0,942
GAP5P__model_rank_band=11-15__l17_rank_band=<=10,GAP5P,model_rank_band=11-15;l17_rank_band=<=10,False,417,5,47.55395683453237,-21870.0,37.24220623501199,21.684316691880987,27.388535031847134,62.75590551181102,127,6,1.4388489208633093,2.0618556701030926,411,5,48.24817518248175,-21270.0,702,89.33048433048432,-7490.0,78,1,66.66666666666667,-2600.0,74,70.27027027027027,142,82.53521126760563,-2480.0,943
GAP10P__surface=DIRT__distance_band=1401-1800,GAP10P,surface=DIRT;distance_band=1401-1800,False,391,6,68.05626598465473,-12490.0,52.09718670076726,23.449830890642616,27.266666666666666,123.21428571428571,84,63,16.11253196930946,21.649484536082475,328,5,62.957317073170735,-12150.0,619,102.63327948303716,1630.0,62,1,105.16129032258064,320.0,46,0.0,114,57.19298245614035,-4880.0,944
GAP0_2__model_rank_band=11-15__l17_rank_band=31-40,GAP0_2,model_rank_band=11-15;l17_rank_band=31-40,False,1274,17,56.84458398744113,-54980.0,51.84458398744113,8.795912731289699,27.203166226912927,103.17507418397626,337,0,0.0,0.0,1274,17,56.84458398744113,-54980.0,1565,73.6741214057508,-41200.0,560,10,65.73214285714286,-19190.0,560,65.73214285714286,628,68.9968152866242,-19470.0,945
GAP0_2__field_size_band=17+__model_rank_band=4-5,GAP0_2,field_size_band=17+;model_rank_band=4-5,False,536,20,71.04477611940298,-15520.0,66.25,6.748949579831932,27.19298245614035,96.28318584070796,139,0,0.0,0.0,536,20,71.04477611940298,-15520.0,827,97.89600967351875,-1740.0,246,7,55.1219512195122,-11040.0,246,55.1219512195122,314,63.94904458598726,-11320.0,946
GAP3_4__model_rank_band=1-3__l17_rank_band=21-30,GAP3_4,model_rank_band=1-3;l17_rank_band=21-30,False,163,4,47.36196319018405,-8580.0,34.41717791411043,27.33160621761658,27.076923076923077,90.0,45,0,0.0,0.0,163,4,47.36196319018405,-8580.0,454,111.45374449339207,5200.0,42,2,75.0,-1050.0,42,75.0,110,87.9090909090909,-1330.0,947
GAP3_4__surface=TURF__distance_band=2201+,GAP3_4,surface=TURF;distance_band=2201+,False,514,12,56.08949416342413,-22570.0,47.17898832684825,15.88622962192161,26.95945945945946,81.56424581005587,148,0,0.0,0.0,514,12,56.08949416342413,-22570.0,805,89.0807453416149,-8790.0,119,2,65.7983193277311,-4070.0,119,65.7983193277311,187,76.7379679144385,-4350.0,948
GAP0_2__odds_band=60-80__model_rank_band=11-15,GAP0_2,odds_band=60-80;model_rank_band=11-15,False,1473,9,39.04276985743381,-89790.0,34.12084181941616,12.606503216831856,26.85589519650655,47.598566308243726,457,0,0.0,0.0,1473,9,39.04276985743381,-89790.0,1764,56.91043083900227,-76010.0,524,4,49.23664122137404,-26600.0,524,49.23664122137404,592,54.5945945945946,-26880.0,949
GAP3_4__field_size_band=15-16__l17_rank_band=21-30,GAP3_4,field_size_band=15-16;l17_rank_band=21-30,False,1164,26,88.6426116838488,-13220.0,80.6786941580756,8.984299282806745,26.82577565632458,154.91477272727272,352,0,0.0,0.0,1164,26,88.6426116838488,-13220.0,1455,100.38487972508591,560.0,332,9,99.66867469879519,-110.0,332,99.66867469879519,400,99.025,-390.0,950
GAP7_9__odds_band=60-80__model_rank_band=11-15,GAP7_9,odds_band=60-80;model_rank_band=11-15,False,551,5,59.80036297640653,-22150.0,45.93466424682396,23.186646433990894,26.76991150442478,149.88235294117646,85,0,0.0,0.0,551,5,59.80036297640653,-22150.0,842,90.05938242280286,-8370.0,59,1,116.10169491525424,950.0,59,116.10169491525424,127,105.2755905511811,670.0,951
GAP5_6__pair_worse_rank_band=<=6__market_rank_band=11-15,GAP5_6,pair_worse_rank_band=<=6;market_rank_band=11-15,False,1112,25,73.42625899280576,-29550.0,69.15467625899281,5.817513778322106,26.59942363112392,98.94736842105263,266,0,0.0,0.0,1112,25,73.42625899280576,-29550.0,1403,88.75980042765502,-15770.0,134,5,106.26865671641791,840.0,134,106.26865671641791,202,102.77227722772277,560.0,952
GAP5P__model_rank_band=9-10__l17_rank_band=21-30,GAP5P,model_rank_band=9-10;l17_rank_band=21-30,False,465,7,58.98924731182796,-19070.0,48.774193548387096,17.316806416332483,26.536312849162012,92.29357798165138,68,5,1.075268817204301,1.7182130584192439,460,7,59.630434782608695,-18570.0,751,93.62183754993342,-4790.0,37,0,0.0,-3700.0,37,0.0,105,62.095238095238095,-3980.0,953
GAP3_4__field_size_band=13-14__distance_band=1801-2200,GAP3_4,field_size_band=13-14;distance_band=1801-2200,False,210,7,62.80952380952381,-7810.0,48.57142857142857,22.66868840030326,26.3855421686747,120.17543859649123,57,0,0.0,0.0,210,7,62.80952380952381,-7810.0,501,111.91616766467065,5970.0,53,4,313.9622641509434,11340.0,53,313.9622641509434,121,191.40495867768595,11060.0,954
GAP0_2__market_rank_band=11-15__l17_rank_band=31-40,GAP0_2,market_rank_band=11-15;l17_rank_band=31-40,False,1127,15,52.56433007985803,-53460.0,47.49778172138421,9.63875759621877,26.28336755646817,115.43130990415335,313,0,0.0,0.0,1127,15,52.56433007985803,-53460.0,1418,72.01692524682652,-39680.0,478,7,50.0418410041841,-23880.0,478,50.0418410041841,546,55.75091575091575,-24160.0,955
GAP3_4__model_rank_band=6-8__l17_rank_band=21-30,GAP3_4,model_rank_band=6-8;l17_rank_band=21-30,False,545,11,54.477064220183486,-24810.0,48.60550458715596,10.778039744021557,26.201117318435752,82.183908045977,174,0,0.0,0.0,545,11,54.477064220183486,-24810.0,836,86.80622009569377,-11030.0,137,3,65.4014598540146,-4740.0,137,65.4014598540146,205,75.51219512195122,-5020.0,956
GAP5P__field_size_band=13-14__market_rank_band=21-25,GAP5P,field_size_band=13-14;market_rank_band=21-25,False,389,5,68.89460154241645,-12100.0,53.26478149100257,22.686567164179106,26.1878453038674,216.02409638554218,83,0,0.0,0.0,389,5,68.89460154241645,-12100.0,680,102.47058823529412,1680.0,49,1,202.0408163265306,5000.0,49,202.0408163265306,117,140.34188034188034,4720.0,957
GAP0_2__odds_band=60-80,GAP0_2,odds_band=60-80,False,1521,9,37.81065088757396,-94590.0,33.04404996712689,12.606503216831856,25.840336134453782,46.031195840554595,468,0,0.0,0.0,1521,9,37.81065088757396,-94590.0,1812,55.40286975717439,-80810.0,547,4,47.16636197440585,-28900.0,547,47.16636197440585,615,52.552845528455286,-29180.0,958
GAP5P__market_rank_band=16-20__l17_rank_band=<=10,GAP5P,market_rank_band=16-20;l17_rank_band=<=10,False,431,6,53.364269141531324,-20100.0,43.38747099767981,18.695652173913043,25.443786982248522,117.26315789473684,95,6,1.3921113689095128,2.0618556701030926,425,6,54.11764705882353,-19500.0,716,92.01117318435755,-5720.0,57,2,163.68421052631578,3630.0,56,166.60714285714286,124,127.8225806451613,3450.0,959
GAP10P__field_size_band=15-16__market_rank_band=16-20,GAP10P,field_size_band=15-16;market_rank_band=16-20,False,368,4,52.41847826086956,-17510.0,34.86413043478261,33.488854328667706,25.076923076923077,89.05172413793103,57,31,8.423913043478262,10.652920962199312,337,2,30.652818991097924,-23370.0,628,84.72929936305732,-9590.0,24,1,191.66666666666666,2200.0,19,242.10526315789474,87,127.816091954023,2420.0,960
GAP5P__pair_worse_rank_band=7-10__field_size_band=17+,GAP5P,pair_worse_rank_band=7-10;field_size_band=17+,False,479,6,49.1231732776618,-24370.0,34.80167014613779,29.15427114322142,24.491017964071855,102.64462809917356,121,0,0.0,0.0,479,6,49.1231732776618,-24370.0,770,86.24675324675324,-10590.0,94,2,96.17021276595744,-360.0,94,96.17021276595744,162,96.04938271604938,-640.0,961
GAP7_9__odds_band=60-80,GAP7_9,odds_band=60-80,False,593,5,55.564924114671165,-26350.0,42.68128161888701,23.186646433990894,24.2,146.4367816091954,87,0,0.0,0.0,593,5,55.564924114671165,-26350.0,884,85.78054298642535,-12570.0,59,1,116.10169491525424,950.0,59,116.10169491525424,127,105.2755905511811,670.0,962
GAP5P__odds_band=<20__field_size_band=13-14,GAP5P,odds_band=<20;field_size_band=13-14,False,134,7,80.8955223880597,-2560.0,67.31343283582089,16.789667896678967,24.06779661016949,221.07142857142858,28,0,0.0,0.0,134,7,80.8955223880597,-2560.0,425,126.4,11220.0,14,1,117.14285714285714,240.0,14,117.14285714285714,82,99.51219512195122,-40.0,963
GAP7_9__surface=DIRT__distance_band=1401-1800,GAP7_9,surface=DIRT;distance_band=1401-1800,False,726,11,60.71625344352617,-28520.0,52.65840220385675,13.271324863883848,24.041095890410958,100.74675324675324,146,0,0.0,0.0,726,11,60.71625344352617,-28520.0,1017,85.50639134709931,-14740.0,96,1,103.125,300.0,96,103.125,164,100.1219512195122,20.0,964
GAP5P__pair_worse_rank_band=11-14__market_rank_band=11-15,GAP5P,pair_worse_rank_band=11-14;market_rank_band=11-15,False,331,5,60.2416918429003,-13160.0,46.97885196374622,22.0160481444333,23.67816091954023,114.05405405405405,74,0,0.0,0.0,331,5,60.2416918429003,-13160.0,622,100.9967845659164,620.0,87,2,101.26436781609195,110.0,87,101.26436781609195,155,98.90322580645162,-170.0,965
GAP5P__model_rank_band=1-3__l17_rank_band=<=10,GAP5P,model_rank_band=1-3;l17_rank_band=<=10,False,688,18,56.991279069767444,-29590.0,52.2093023255814,8.390716653914817,23.157894736842106,73.24590163934427,133,6,0.872093023255814,2.0618556701030926,682,18,57.49266862170088,-28990.0,973,84.36793422404934,-15210.0,91,6,123.4065934065934,2130.0,90,124.77777777777777,158,112.34177215189874,1950.0,966
GAP5P__odds_band=<20__field_size_band=<=12,GAP5P,odds_band=<20;field_size_band=<=12,False,196,9,79.79591836734694,-3960.0,69.74489795918367,12.595907928388748,23.026315789473685,130.49382716049382,39,0,0.0,0.0,196,9,79.79591836734694,-3960.0,487,120.16427104722793,9820.0,9,0,0.0,-900.0,9,0.0,77,84.67532467532467,-1180.0,967
GAP5P__surface=TURF__distance_band=2201+,GAP5P,surface=TURF;distance_band=2201+,False,377,8,97.6923076923077,-870.0,76.57824933687003,21.612815639424383,23.006993006993007,216.74418604651163,86,4,1.0610079575596818,1.3745704467353952,373,8,98.73994638069705,-470.0,664,120.04518072289157,13310.0,61,0,0.0,-6100.0,58,0.0,126,51.74603174603175,-6080.0,968
GAP7_9__field_size_band=15-16__l17_rank_band=<=10,GAP7_9,field_size_band=15-16;l17_rank_band=<=10,False,308,3,34.15584415584416,-20280.0,20.324675324675326,40.49429657794677,23.0,73.44827586206897,58,0,0.0,0.0,308,3,34.15584415584416,-20280.0,599,89.14858096828047,-6500.0,31,1,133.2258064516129,1030.0,31,133.2258064516129,99,107.57575757575758,750.0,969
GAP7_9__field_size_band=13-14__distance_band=1401-1800,GAP7_9,field_size_band=13-14;distance_band=1401-1800,False,298,4,40.40268456375839,-17760.0,26.644295302013422,34.053156146179404,22.946428571428573,54.88,61,0,0.0,0.0,298,4,40.40268456375839,-17760.0,589,93.24278438030561,-3980.0,41,1,241.46341463414635,5800.0,41,241.46341463414635,109,150.6422018348624,5520.0,970
GAP10P__model_rank_band=11-15,GAP10P,model_rank_band=11-15,False,987,14,96.10942249240122,-3840.0,86.64640324214793,9.846088973223699,22.921348314606742,131.1290322580645,267,91,9.21985815602837,31.27147766323024,896,12,87.92410714285714,-10820.0,1187,102.49368155012637,2960.0,243,1,26.83127572016461,-17780.0,204,0.0,272,23.970588235294116,-20680.0,971
GAP5P__model_rank_band=11-15__l17_rank_band=41-60,GAP5P,model_rank_band=11-15;l17_rank_band=41-60,False,719,7,62.698191933240615,-26820.0,50.528511821974966,19.40993788819876,22.232142857142858,106.80365296803653,219,22,3.0598052851182196,7.560137457044673,697,7,64.67718794835007,-24620.0,988,89.02834008097166,-10840.0,219,3,62.694063926940636,-8170.0,214,64.1588785046729,282,71.80851063829788,-7950.0,972
GAP0_2__surface=DIRT__distance_band=1801-2200,GAP0_2,surface=DIRT;distance_band=1801-2200,False,320,11,57.84375,-13490.0,43.15625,25.391680172879525,22.12962962962963,120.96153846153847,104,0,0.0,0.0,320,11,57.84375,-13490.0,611,100.47463175122749,290.0,95,3,53.05263157894737,-4460.0,95,53.05263157894737,163,70.920245398773,-4740.0,973
GAP7_9__field_size_band=13-14__surface=TURF,GAP7_9,field_size_band=13-14;surface=TURF,False,305,5,56.68852459016394,-13210.0,36.75409836065574,35.16483516483517,21.965811965811966,147.28813559322035,59,0,0.0,0.0,305,5,56.68852459016394,-13210.0,596,100.95637583892618,570.0,39,0,0.0,-3900.0,39,0.0,107,60.93457943925234,-4180.0,974
GAP0_2__odds_band=60-80__field_size_band=<=12,GAP0_2,odds_band=60-80;field_size_band=<=12,False,879,5,36.76905574516496,-55580.0,28.52104664391354,22.431930693069308,21.894736842105264,45.81749049429658,263,0,0.0,0.0,879,5,36.76905574516496,-55580.0,1170,64.27350427350427,-41800.0,326,3,60.0920245398773,-13010.0,326,60.0920245398773,394,66.26903553299492,-13290.0,975
GAP7_9__l17_rank_band=41-60,GAP7_9,l17_rank_band=41-60,False,505,6,51.34653465346535,-24570.0,39.306930693069305,23.447743925954494,21.630434782608695,96.55172413793103,145,0,0.0,0.0,505,6,51.34653465346535,-24570.0,796,86.44472361809045,-10790.0,117,3,105.98290598290598,700.0,117,105.98290598290598,185,102.27027027027027,420.0,976
GAP5_6__odds_band=20-40__field_size_band=13-14,GAP5_6,odds_band=20-40;field_size_band=13-14,False,577,16,81.03986135181975,-10940.0,74.22876949740035,8.404619332763046,20.954545454545453,135.83333333333334,132,0,0.0,0.0,577,16,81.03986135181975,-10940.0,868,103.27188940092167,2840.0,83,2,66.26506024096386,-2800.0,83,66.26506024096386,151,79.60264900662251,-3080.0,977
GAP5_6__field_size_band=<=12__l17_rank_band=11-20,GAP5_6,field_size_band=<=12;l17_rank_band=11-20,False,571,13,64.69352014010508,-20160.0,52.819614711033275,18.354087709799675,20.862068965517242,104.54166666666667,99,0,0.0,0.0,571,13,64.69352014010508,-20160.0,862,92.5986078886311,-6380.0,51,1,108.62745098039215,440.0,51,108.62745098039215,119,101.34453781512605,160.0,978
GAP7_9__pair_worse_rank_band=7-10__market_rank_band=21-25,GAP7_9,pair_worse_rank_band=7-10;market_rank_band=21-25,False,573,4,39.68586387434555,-34560.0,28.30715532286213,28.671943711521546,20.84070796460177,57.8,100,0,0.0,0.0,573,4,39.68586387434555,-34560.0,864,75.94907407407408,-20780.0,72,2,206.52777777777777,7670.0,72,206.52777777777777,140,152.78571428571428,7390.0,979
GAP5_6__field_size_band=15-16__l17_rank_band=41-60,GAP5_6,field_size_band=15-16;l17_rank_band=41-60,False,279,8,76.66666666666667,-6510.0,63.799283154121866,16.78354371201496,20.736842105263158,130.12345679012347,81,0,0.0,0.0,279,8,76.66666666666667,-6510.0,570,112.75438596491227,7270.0,76,5,204.3421052631579,7930.0,76,204.3421052631579,144,153.125,7650.0,980
GAP5_6__pair_worse_rank_band=<=6__field_size_band=17+,GAP5_6,pair_worse_rank_band=<=6;field_size_band=17+,False,229,5,61.09170305676856,-8910.0,42.00873362445415,31.236597569692638,20.408163265306122,133.42465753424656,58,0,0.0,0.0,229,5,61.09170305676856,-8910.0,520,109.36538461538461,4870.0,42,1,16.666666666666668,-3500.0,42,16.666666666666668,110,65.63636363636364,-3780.0,981
GAP10_14__surface=TURF,GAP10_14,surface=TURF,False,895,16,82.80446927374301,-15390.0,73.91061452513966,10.740790716502497,20.290697674418606,133.69272237196765,180,0,0.0,0.0,895,16,82.80446927374301,-15390.0,1186,98.6424957841484,-1610.0,124,4,123.70967741935483,2940.0,124,123.70967741935483,192,113.85416666666667,2660.0,982
GAP0_2__field_size_band=17+__distance_band=<=1400,GAP0_2,field_size_band=17+;distance_band=<=1400,False,407,13,61.302211302211305,-15750.0,53.68550368550368,12.424849699398798,19.854014598540147,95.14492753623189,132,0,0.0,0.0,407,13,61.302211302211305,-15750.0,698,97.17765042979943,-1970.0,143,3,36.92307692307692,-9020.0,143,36.92307692307692,211,55.92417061611374,-9300.0,983
GAP10_14__l17_rank_band=31-40,GAP10_14,l17_rank_band=31-40,False,372,3,32.82258064516129,-24990.0,16.370967741935484,50.122850122850124,19.691358024691358,49.152542372881356,59,0,0.0,0.0,372,3,32.82258064516129,-24990.0,663,83.0920060331825,-11210.0,33,0,0.0,-3300.0,33,0.0,101,64.55445544554455,-3580.0,984
GAP0_2__field_size_band=13-14__distance_band=2201+,GAP0_2,field_size_band=13-14;distance_band=2201+,False,192,8,72.08333333333333,-5360.0,56.09375,22.18208092485549,19.054054054054053,130.0,55,0,0.0,0.0,192,8,72.08333333333333,-5360.0,483,117.4327122153209,8420.0,68,5,79.55882352941177,-1390.0,68,79.55882352941177,136,87.72058823529412,-1670.0,985
GAP5P__distance_band=2201+,GAP5P,distance_band=2201+,False,458,9,86.7467248908297,-6070.0,69.36681222707423,20.03523785552479,18.908045977011493,182.7450980392157,102,5,1.091703056768559,1.7182130584192439,453,9,87.70419426048565,-5570.0,744,111.03494623655914,8210.0,77,0,0.0,-7700.0,74,0.0,142,45.91549295774648,-7680.0,986
GAP0_2__pair_worse_rank_band=11-14__field_size_band=17+,GAP0_2,pair_worse_rank_band=11-14;field_size_band=17+,False,217,5,73.17972350230414,-5820.0,53.36405529953917,27.07808564231738,18.88888888888889,116.70212765957447,60,0,0.0,0.0,217,5,73.17972350230414,-5820.0,508,115.66929133858268,7960.0,102,4,140.49019607843138,4130.0,102,140.49019607843138,170,122.6470588235294,3850.0,987
GAP0_2__model_rank_band=11-15__l17_rank_band=41-60,GAP0_2,model_rank_band=11-15;l17_rank_band=41-60,False,619,8,45.73505654281099,-33590.0,38.966074313408726,14.800423878488166,18.324324324324323,105.24096385542168,166,0,0.0,0.0,619,8,45.73505654281099,-33590.0,910,78.23076923076923,-19810.0,273,3,49.56043956043956,-13770.0,273,49.56043956043956,341,58.79765395894428,-14050.0,988
GAP5_6__surface=TURF__distance_band=<=1400,GAP5_6,surface=TURF;distance_band=<=1400,False,755,19,80.0,-15100.0,73.20529801324503,8.493377483443709,18.172043010752688,118.64285714285714,196,0,0.0,0.0,755,19,80.0,-15100.0,1046,98.73804971319312,-1320.0,169,3,61.42011834319526,-6520.0,169,61.42011834319526,237,71.30801687763713,-6800.0,989
GAP7_9__pair_worse_rank_band=7-10__field_size_band=13-14,GAP7_9,pair_worse_rank_band=7-10;field_size_band=13-14,False,400,5,36.925,-25230.0,26.675,27.75897088693297,17.84722222222222,66.16438356164383,73,0,0.0,0.0,400,5,36.925,-25230.0,691,83.42981186685962,-11450.0,40,1,247.5,5900.0,40,247.5,108,152.03703703703704,5620.0,990
GAP7_9__pair_worse_rank_band=<=6__market_rank_band=<=10,GAP7_9,pair_worse_rank_band=<=6;market_rank_band=<=10,False,222,5,48.693693693693696,-11390.0,36.03603603603604,25.99444958371878,17.15686274509804,93.28358208955224,53,0,0.0,0.0,222,5,48.693693693693696,-11390.0,513,104.6588693957115,2390.0,33,0,0.0,-3300.0,33,0.0,101,64.55445544554455,-3580.0,991
GAP5_6__model_rank_band=1-3__l17_rank_band=11-20,GAP5_6,model_rank_band=1-3;l17_rank_band=11-20,False,320,11,66.5,-10720.0,57.96875,12.828947368421053,16.880733944954127,112.28915662650603,83,0,0.0,0.0,320,11,66.5,-10720.0,611,105.00818330605564,3060.0,42,0,0.0,-4200.0,42,0.0,110,59.27272727272727,-4480.0,992
GAP5_6__odds_band=20-40__field_size_band=17+,GAP5_6,odds_band=20-40;field_size_band=17+,False,309,7,60.25889967637541,-12280.0,50.38834951456311,16.380236305048335,16.260162601626018,121.80851063829788,92,0,0.0,0.0,309,7,60.25889967637541,-12280.0,600,102.5,1500.0,64,0,0.0,-6400.0,64,0.0,132,49.39393939393939,-6680.0,993
GAP3_4__field_size_band=15-16__l17_rank_band=31-40,GAP3_4,field_size_band=15-16;l17_rank_band=31-40,False,518,8,43.166023166023166,-29440.0,34.884169884169886,19.186046511627907,15.975609756097562,62.118226600985224,151,0,0.0,0.0,518,8,43.166023166023166,-29440.0,809,80.64276885043263,-15660.0,169,2,58.04733727810651,-7090.0,169,58.04733727810651,237,68.90295358649789,-7370.0,994
GAP5P__odds_band=60-80__field_size_band=15-16,GAP5P,odds_band=60-80;field_size_band=15-16,False,970,9,59.8041237113402,-38990.0,52.79381443298969,11.722116876400621,15.854922279792746,111.95544554455445,180,147,15.154639175257731,50.51546391752577,823,7,54.73876063183475,-37250.0,1114,78.93177737881508,-23470.0,132,1,49.39393939393939,-6680.0,107,0.0,175,37.25714285714286,-10980.0,995
GAP0_2__field_size_band=17+__model_rank_band=11-15,GAP0_2,field_size_band=17+;model_rank_band=11-15,False,666,6,31.47147147147147,-45640.0,24.984984984984983,20.610687022900763,15.235602094240837,44.457364341085274,191,0,0.0,0.0,666,6,31.47147147147147,-45640.0,957,66.70846394984326,-31860.0,282,7,101.84397163120568,520.0,282,101.84397163120568,350,100.68571428571428,240.0,996
GAP0_2__pair_worse_rank_band=11-14__market_rank_band=11-15,GAP0_2,pair_worse_rank_band=11-14;market_rank_band=11-15,False,1121,17,63.64852809991079,-40750.0,58.34968777876895,8.325157673440785,14.467353951890034,124.27609427609427,291,0,0.0,0.0,1121,17,63.64852809991079,-40750.0,1412,80.89943342776203,-26970.0,568,20,136.91901408450704,20970.0,568,136.91901408450704,636,132.5314465408805,20690.0,997
GAP5_6__field_size_band=13-14__surface=TURF,GAP5_6,field_size_band=13-14;surface=TURF,False,487,16,94.435318275154,-2710.0,83.90143737166325,11.154598825831702,13.876404494382022,152.93478260869566,125,0,0.0,0.0,487,16,94.435318275154,-2710.0,778,114.22879177377892,11070.0,88,1,74.54545454545455,-2240.0,88,74.54545454545455,156,83.84615384615384,-2520.0,998
GAP0_2__field_size_band=17+__model_rank_band=9-10,GAP0_2,field_size_band=17+;model_rank_band=9-10,False,465,6,37.784946236559136,-28930.0,30.451612903225808,19.408081957882754,13.28125,60.89041095890411,127,0,0.0,0.0,465,6,37.784946236559136,-28930.0,756,79.96031746031746,-15150.0,225,10,141.15555555555557,9260.0,225,141.15555555555557,293,130.64846416382252,8980.0,999
GAP5P__field_size_band=15-16__distance_band=1801-2200,GAP5P,field_size_band=15-16;distance_band=1801-2200,False,298,5,53.45637583892618,-13870.0,38.7248322147651,27.558066541117388,12.5,94.53333333333333,75,37,12.416107382550335,12.714776632302405,261,5,61.03448275862069,-10170.0,552,106.53985507246377,3610.0,74,4,160.27027027027026,4460.0,69,171.8840579710145,137,134.16058394160584,4680.0,1000
GAP5_6__field_size_band=13-14__distance_band=1401-1800,GAP5_6,field_size_band=13-14;distance_band=1401-1800,False,483,12,67.49482401656314,-15700.0,58.488612836438925,13.343558282208589,11.823204419889503,135.53571428571428,112,0,0.0,0.0,483,12,67.49482401656314,-15700.0,774,97.51937984496124,-1920.0,84,4,235.95238095238096,11420.0,84,235.95238095238096,152,173.28947368421052,11140.0,1001
GAP3_4__field_size_band=<=12__distance_band=2201+,GAP3_4,field_size_band=<=12;distance_band=2201+,False,376,8,51.3563829787234,-18290.0,39.17553191489362,23.718280683583636,11.304347826086957,73.11475409836065,115,0,0.0,0.0,376,8,51.3563829787234,-18290.0,667,93.2383808095952,-4510.0,70,2,111.85714285714286,830.0,70,111.85714285714286,138,103.98550724637681,550.0,1002
GAP7_9__field_size_band=13-14,GAP7_9,field_size_band=13-14,False,626,7,37.715654952076676,-38990.0,28.003194888178914,25.75180008470987,10.798319327731093,87.98387096774194,124,0,0.0,0.0,626,7,37.715654952076676,-38990.0,917,72.5081788440567,-25210.0,78,1,126.92307692307692,2100.0,78,126.92307692307692,146,112.46575342465754,1820.0,1003
GAP0_2__field_size_band=13-14__l17_rank_band=31-40,GAP0_2,field_size_band=13-14;l17_rank_band=31-40,False,397,6,43.40050377833753,-22470.0,33.92947103274559,21.822402785838655,10.714285714285714,85.32710280373831,107,0,0.0,0.0,397,6,43.40050377833753,-22470.0,688,87.36918604651163,-8690.0,154,6,90.84415584415585,-1410.0,154,90.84415584415585,222,92.38738738738739,-1690.0,1004
GAP5P__field_size_band=15-16__l17_rank_band=41-60,GAP5P,field_size_band=15-16;l17_rank_band=41-60,False,777,11,55.907335907335906,-34260.0,48.57142857142857,13.121546961325967,9.891304347826088,95.25641025641026,234,73,9.395109395109396,25.085910652920962,704,10,55.92329545454545,-31030.0,995,82.66331658291458,-17250.0,173,5,92.48554913294798,-1300.0,160,100.0,228,98.7719298245614,-280.0,1005
GAP10_14__odds_band=60-80__field_size_band=<=12,GAP10_14,odds_band=60-80;field_size_band=<=12,False,29,2,489.6551724137931,11300.0,215.17241379310346,56.056338028169016,0.0,747.3684210526316,4,0,0.0,0.0,29,2,489.6551724137931,11300.0,320,178.375,25080.0,2,0,0.0,-200.0,2,0.0,70,93.14285714285714,-480.0,1006
GAP15_24__pair_worse_rank_band=11-14__market_rank_band=21-25,GAP15_24,pair_worse_rank_band=11-14;market_rank_band=21-25,False,76,3,228.94736842105263,9800.0,129.60526315789474,43.39080459770115,0.0,353.93939393939394,9,36,47.36842105263158,12.371134020618557,40,3,435.0,13400.0,331,182.11480362537765,27180.0,8,0,0.0,-800.0,6,0.0,74,88.10810810810811,-880.0,1007
GAP15_24__market_rank_band=31-40__l17_rank_band=11-20,GAP15_24,market_rank_band=31-40;l17_rank_band=11-20,False,19,1,320.0,4180.0,0.0,100.0,0.0,760.0,4,5,26.31578947368421,1.7182130584192439,14,1,434.2857142857143,4680.0,305,160.52459016393442,18460.0,1,0,0.0,-100.0,1,0.0,69,94.4927536231884,-380.0,1008
GAP5P__odds_band=80-100__market_rank_band=26-30,GAP5P,odds_band=80-100;market_rank_band=26-30,False,49,2,349.18367346938777,12210.0,170.6122448979592,51.13968439509059,0.0,760.0,2,7,14.285714285714286,2.4054982817869415,42,2,407.3809523809524,12910.0,333,180.15015015015015,26690.0,26,0,0.0,-2600.0,18,0.0,86,75.81395348837209,-2080.0,1009
GAP10P__odds_band=80-100__market_rank_band=26-30,GAP10P,odds_band=80-100;market_rank_band=26-30,False,49,2,349.18367346938777,12210.0,170.6122448979592,51.13968439509059,0.0,760.0,2,7,14.285714285714286,2.4054982817869415,42,2,407.3809523809524,12910.0,333,180.15015015015015,26690.0,26,0,0.0,-2600.0,18,0.0,86,75.81395348837209,-2080.0,1010
GAP15_24__pair_worse_rank_band=<=6__market_rank_band=31-40,GAP15_24,pair_worse_rank_band=<=6;market_rank_band=31-40,False,20,2,602.0,10040.0,298.0,50.498338870431894,0.0,926.1538461538462,2,5,25.0,1.7182130584192439,15,1,405.3333333333333,4580.0,306,160.0,18360.0,3,0,0.0,-300.0,3,0.0,71,91.83098591549296,-580.0,1011
GAP15_24__model_rank_band=4-5__l17_rank_band=11-20,GAP15_24,model_rank_band=4-5;l17_rank_band=11-20,False,23,1,328.2608695652174,5250.0,0.0,100.0,0.0,686.3636363636364,4,4,17.391304347826086,1.3745704467353952,19,1,397.36842105263156,5650.0,310,162.67741935483872,19430.0,1,0,0.0,-100.0,1,0.0,69,94.4927536231884,-380.0,1012
GAP15_24__odds_band=60-80__model_rank_band=4-5,GAP15_24,odds_band=60-80;model_rank_band=4-5,False,39,1,193.5897435897436,3650.0,0.0,100.0,0.0,302.0,1,19,48.717948717948715,6.529209621993127,20,1,377.5,5550.0,311,162.15434083601286,19330.0,2,0,0.0,-200.0,1,0.0,69,94.4927536231884,-380.0,1013
GAP3_4__model_rank_band=1-3__l17_rank_band=61+,GAP3_4,model_rank_band=1-3;l17_rank_band=61+,False,24,4,372.5,6540.0,265.4166666666667,28.747203579418343,0.0,837.5,4,0,0.0,0.0,24,4,372.5,6540.0,315,164.5079365079365,20320.0,5,0,0.0,-500.0,5,0.0,73,89.31506849315069,-780.0,1014
GAP15_24__market_rank_band=16-20__l17_rank_band=31-40,GAP15_24,market_rank_band=16-20;l17_rank_band=31-40,False,17,1,240.58823529411765,2390.0,0.0,100.0,0.0,314.61538461538464,1,6,35.294117647058826,2.0618556701030926,11,1,371.8181818181818,2990.0,302,155.52980132450332,16770.0,1,0,0.0,-100.0,1,0.0,69,94.4927536231884,-380.0,1015
GAP15_24__model_rank_band=4-5__l17_rank_band=31-40,GAP15_24,model_rank_band=4-5;l17_rank_band=31-40,False,19,1,215.26315789473685,2190.0,0.0,100.0,0.0,371.8181818181818,2,8,42.10526315789474,2.7491408934707904,11,1,371.8181818181818,2990.0,302,155.52980132450332,16770.0,1,0,0.0,-100.0,1,0.0,69,94.4927536231884,-380.0,1016
GAP15_24__odds_band=80-100__model_rank_band=11-15,GAP15_24,odds_band=80-100;model_rank_band=11-15,False,42,2,430.7142857142857,13890.0,208.33333333333334,51.63073521282477,0.0,548.1818181818181,1,18,42.857142857142854,6.185567010309279,24,1,364.5833333333333,6350.0,315,163.9047619047619,20130.0,28,0,0.0,-2800.0,16,0.0,84,77.61904761904762,-1880.0,1017
GAP15_24__field_size_band=17+__l17_rank_band=11-20,GAP15_24,field_size_band=17+;l17_rank_band=11-20,False,21,1,359.5238095238095,5450.0,0.0,100.0,0.0,1258.3333333333333,6,0,0.0,0.0,21,1,359.5238095238095,5450.0,312,161.6346153846154,19230.0,2,0,0.0,-200.0,2,0.0,70,93.14285714285714,-480.0,1018
GAP15_24__pair_worse_rank_band=11-14__market_rank_band=26-30,GAP15_24,pair_worse_rank_band=11-14;market_rank_band=26-30,False,82,3,273.9024390243902,14260.0,167.1951219512195,38.958147818343726,0.0,397.1794871794872,21,38,46.34146341463415,13.058419243986254,44,2,357.27272727272725,11320.0,335,174.92537313432837,25100.0,37,0,0.0,-3700.0,18,0.0,86,75.81395348837209,-2080.0,1019
GAP15_24__pair_worse_rank_band=11-14__field_size_band=17+,GAP15_24,pair_worse_rank_band=11-14;field_size_band=17+,False,47,2,346.8085106382979,11600.0,160.63829787234042,53.68098159509202,0.0,460.5263157894737,10,0,0.0,0.0,47,2,346.8085106382979,11600.0,338,175.0887573964497,25380.0,13,0,0.0,-1300.0,13,0.0,81,80.49382716049382,-1580.0,1020
GAP10P__field_size_band=17+__l17_rank_band=11-20,GAP10P,field_size_band=17+;l17_rank_band=11-20,False,76,4,345.5263157894737,18660.0,246.18421052631578,28.750952018278753,0.0,603.5483870967741,20,0,0.0,0.0,76,4,345.5263157894737,18660.0,367,188.39237057220708,32440.0,9,0,0.0,-900.0,9,0.0,77,84.67532467532467,-1180.0,1021
GAP15_24__odds_band=60-80__field_size_band=13-14,GAP15_24,odds_band=60-80;field_size_band=13-14,False,38,2,343.42105263157896,9250.0,160.0,53.40996168582375,0.0,871.25,8,0,0.0,0.0,38,2,343.42105263157896,9250.0,329,170.0,23030.0,12,0,0.0,-1200.0,12,0.0,80,81.5,-1480.0,1022
GAP10_14__field_size_band=<=12__distance_band=2201+,GAP10_14,field_size_band=<=12;distance_band=2201+,False,33,2,340.90909090909093,7950.0,99.6969696969697,70.75555555555556,0.0,497.5,7,0,0.0,0.0,33,2,340.90909090909093,7950.0,324,167.0679012345679,21730.0,2,0,0.0,-200.0,2,0.0,70,93.14285714285714,-480.0,1023
GAP5P__market_rank_band=31-40__l17_rank_band=11-20,GAP5P,market_rank_band=31-40;l17_rank_band=11-20,False,23,1,264.3478260869565,3780.0,0.0,100.0,0.0,675.5555555555555,6,5,21.73913043478261,1.7182130584192439,18,1,337.77777777777777,4280.0,309,158.44660194174756,18060.0,1,0,0.0,-100.0,1,0.0,69,94.4927536231884,-380.0,1024
GAP10P__market_rank_band=31-40__l17_rank_band=11-20,GAP10P,market_rank_band=31-40;l17_rank_band=11-20,False,23,1,264.3478260869565,3780.0,0.0,100.0,0.0,675.5555555555555,6,5,21.73913043478261,1.7182130584192439,18,1,337.77777777777777,4280.0,309,158.44660194174756,18060.0,1,0,0.0,-100.0,1,0.0,69,94.4927536231884,-380.0,1025
GAP5_6__field_size_band=17+__distance_band=2201+,GAP5_6,field_size_band=17+;distance_band=2201+,False,21,1,326.6666666666667,4760.0,0.0,100.0,0.0,857.5,5,0,0.0,0.0,21,1,326.6666666666667,4760.0,312,159.42307692307693,18540.0,4,0,0.0,-400.0,4,0.0,72,90.55555555555556,-680.0,1026
GAP15_24__odds_band=80-100,GAP15_24,odds_band=80-100,False,49,2,369.18367346938777,13190.0,178.57142857142858,51.63073521282477,0.0,463.84615384615387,1,22,44.89795918367347,7.560137457044673,27,1,324.0740740740741,6050.0,318,162.35849056603774,19830.0,37,0,0.0,-3700.0,23,0.0,91,71.64835164835165,-2580.0,1027
GAP10P__field_size_band=<=12__distance_band=2201+,GAP10P,field_size_band=<=12;distance_band=2201+,False,35,2,321.42857142857144,7750.0,94.0,70.75555555555556,0.0,497.5,8,0,0.0,0.0,35,2,321.42857142857144,7750.0,326,166.04294478527606,21530.0,2,0,0.0,-200.0,2,0.0,70,93.14285714285714,-480.0,1028
GAP10_14__field_size_band=13-14__l17_rank_band=61+,GAP10_14,field_size_band=13-14;l17_rank_band=61+,False,18,1,321.1111111111111,3980.0,0.0,100.0,0.0,825.7142857142857,5,0,0.0,0.0,18,1,321.1111111111111,3980.0,309,157.4757281553398,17760.0,4,0,0.0,-400.0,4,0.0,72,90.55555555555556,-680.0,1029
GAP5P__pair_worse_rank_band=<=6__market_rank_band=31-40,GAP5P,pair_worse_rank_band=<=6;market_rank_band=31-40,False,24,2,501.6666666666667,9640.0,248.33333333333334,50.498338870431894,0.0,860.0,3,5,20.833333333333332,1.7182130584192439,19,1,320.0,4180.0,310,157.93548387096774,17960.0,3,0,0.0,-300.0,3,0.0,71,91.83098591549296,-580.0,1030
GAP10P__pair_worse_rank_band=<=6__market_rank_band=31-40,GAP10P,pair_worse_rank_band=<=6;market_rank_band=31-40,False,24,2,501.6666666666667,9640.0,248.33333333333334,50.498338870431894,0.0,860.0,3,5,20.833333333333332,1.7182130584192439,19,1,320.0,4180.0,310,157.93548387096774,17960.0,3,0,0.0,-300.0,3,0.0,71,91.83098591549296,-580.0,1031
GAP10_14__field_size_band=<=12__market_rank_band=26-30,GAP10_14,field_size_band=<=12;market_rank_band=26-30,False,25,1,318.4,5460.0,0.0,100.0,0.0,663.3333333333334,4,0,0.0,0.0,25,1,318.4,5460.0,316,160.8860759493671,19240.0,6,1,700.0,3600.0,6,700.0,74,144.86486486486487,3320.0,1032
GAP5_6__market_rank_band=21-25__l17_rank_band=11-20,GAP5_6,market_rank_band=21-25;l17_rank_band=11-20,False,70,4,312.14285714285717,14850.0,223.28571428571428,28.466819221967963,0.0,538.9655172413793,14,0,0.0,0.0,70,4,312.14285714285717,14850.0,361,179.30747922437672,28630.0,6,0,0.0,-600.0,6,0.0,74,88.10810810810811,-880.0,1033
GAP10P__odds_band=60-80__field_size_band=<=12,GAP10P,odds_band=60-80;field_size_band=<=12,False,46,2,308.69565217391306,9600.0,135.65217391304347,56.056338028169016,0.0,568.0,7,0,0.0,0.0,46,2,308.69565217391306,9600.0,337,169.37685459940653,23380.0,4,0,0.0,-400.0,4,0.0,72,90.55555555555556,-680.0,1034
GAP10_14__field_size_band=17+__l17_rank_band=11-20,GAP10_14,field_size_band=17+;l17_rank_band=11-20,False,61,3,306.72131147540983,12610.0,199.01639344262296,35.11491181186531,0.0,668.2142857142857,13,0,0.0,0.0,61,3,306.72131147540983,12610.0,352,174.9715909090909,26390.0,7,0,0.0,-700.0,7,0.0,75,86.93333333333334,-980.0,1035
GAP15_24__field_size_band=17+__distance_band=1401-1800,GAP15_24,field_size_band=17+;distance_band=1401-1800,False,25,1,302.0,5050.0,0.0,100.0,0.0,755.0,7,0,0.0,0.0,25,1,302.0,5050.0,316,159.58860759493672,18830.0,4,0,0.0,-400.0,4,0.0,72,90.55555555555556,-680.0,1036
GAP10_14__odds_band=60-80__market_rank_band=16-20,GAP10_14,odds_band=60-80;market_rank_band=16-20,False,44,2,296.1363636363636,8630.0,146.8181818181818,50.42210283960092,0.0,930.7142857142857,4,0,0.0,0.0,44,2,296.1363636363636,8630.0,335,166.8955223880597,22410.0,2,0,0.0,-200.0,2,0.0,70,93.14285714285714,-480.0,1037
GAP10P__odds_band=60-80__market_rank_band=16-20,GAP10P,odds_band=60-80;market_rank_band=16-20,False,47,2,277.2340425531915,8330.0,137.4468085106383,50.42210283960092,0.0,930.7142857142857,4,2,4.25531914893617,0.6872852233676976,45,2,289.55555555555554,8530.0,336,166.39880952380952,22310.0,2,0,0.0,-200.0,2,0.0,70,93.14285714285714,-480.0,1038
GAP15_24__pair_worse_rank_band=11-14__field_size_band=13-14,GAP15_24,pair_worse_rank_band=11-14;field_size_band=13-14,False,25,1,278.8,4470.0,0.0,100.0,0.0,1161.6666666666667,6,0,0.0,0.0,25,1,278.8,4470.0,316,157.75316455696202,18250.0,17,0,0.0,-1700.0,17,0.0,85,76.70588235294117,-1980.0,1039
GAP15_24__field_size_band=13-14__market_rank_band=31-40,GAP15_24,field_size_band=13-14;market_rank_band=31-40,False,22,1,276.3636363636364,3880.0,0.0,100.0,0.0,868.5714285714286,4,0,0.0,0.0,22,1,276.3636363636364,3880.0,313,156.42172523961662,17660.0,14,0,0.0,-1400.0,14,0.0,82,79.51219512195122,-1680.0,1040
GAP15_24__model_rank_band=1-3__l17_rank_band=41-60,GAP15_24,model_rank_band=1-3;l17_rank_band=41-60,False,26,2,315.38461538461536,5600.0,156.53846153846155,50.36585365853659,0.0,2035.0,2,11,42.30769230769231,3.7800687285223367,15,1,275.3333333333333,2630.0,306,153.62745098039215,16410.0,3,0,0.0,-300.0,0,,68,95.88235294117646,-280.0,1041
GAP10_14__odds_band=80-100__market_rank_band=26-30,GAP10_14,odds_band=80-100;market_rank_band=26-30,False,31,1,269.6774193548387,5260.0,0.0,100.0,0.0,928.8888888888889,2,0,0.0,0.0,31,1,269.6774193548387,5260.0,322,159.1304347826087,19040.0,11,0,0.0,-1100.0,11,0.0,79,82.53164556962025,-1380.0,1042
GAP15_24__market_rank_band=21-25__l17_rank_band=11-20,GAP15_24,market_rank_band=21-25;l17_rank_band=11-20,False,38,1,198.68421052631578,3750.0,0.0,100.0,0.0,580.7692307692307,6,10,26.31578947368421,3.4364261168384878,28,1,269.64285714285717,4750.0,319,158.08777429467085,18530.0,1,0,0.0,-100.0,0,,68,95.88235294117646,-280.0,1043
GAP15_24__model_rank_band=6-8__l17_rank_band=11-20,GAP15_24,model_rank_band=6-8;l17_rank_band=11-20,False,34,1,205.0,3570.0,0.0,100.0,0.0,995.7142857142857,4,8,23.529411764705884,2.7491408934707904,26,1,268.0769230769231,4370.0,317,157.25552050473186,18150.0,3,0,0.0,-300.0,2,0.0,70,93.14285714285714,-480.0,1044
GAP10_14__field_size_band=17+__model_rank_band=9-10,GAP10_14,field_size_band=17+;model_rank_band=9-10,False,48,2,266.875,8010.0,130.0,51.288056206088996,0.0,492.6923076923077,2,0,0.0,0.0,48,2,266.875,8010.0,339,164.2772861356932,21790.0,4,0,0.0,-400.0,4,0.0,72,90.55555555555556,-680.0,1045
GAP10_14__field_size_band=<=12__l17_rank_band=41-60,GAP10_14,field_size_band=<=12;l17_rank_band=41-60,False,30,1,265.3333333333333,4960.0,0.0,100.0,0.0,418.94736842105266,3,0,0.0,0.0,30,1,265.3333333333333,4960.0,321,158.38006230529595,18740.0,3,0,0.0,-300.0,3,0.0,71,91.83098591549296,-580.0,1046
GAP5_6__model_rank_band=4-5__l17_rank_band=41-60,GAP5_6,model_rank_band=4-5;l17_rank_band=41-60,False,41,4,260.4878048780488,6580.0,184.6341463414634,29.119850187265918,0.0,377.85714285714283,11,0,0.0,0.0,41,4,260.4878048780488,6580.0,332,161.32530120481928,20360.0,11,2,480.90909090909093,4190.0,11,480.90909090909093,79,149.49367088607596,3910.0,1047
GAP5P__field_size_band=13-14__market_rank_band=31-40,GAP5P,field_size_band=13-14;market_rank_band=31-40,False,24,1,253.33333333333334,3680.0,0.0,100.0,0.0,675.5555555555555,4,0,0.0,0.0,24,1,253.33333333333334,3680.0,315,155.42857142857142,17460.0,15,0,0.0,-1500.0,15,0.0,83,78.55421686746988,-1780.0,1048
GAP10P__field_size_band=13-14__market_rank_band=31-40,GAP10P,field_size_band=13-14;market_rank_band=31-40,False,24,1,253.33333333333334,3680.0,0.0,100.0,0.0,675.5555555555555,4,0,0.0,0.0,24,1,253.33333333333334,3680.0,315,155.42857142857142,17460.0,15,0,0.0,-1500.0,15,0.0,83,78.55421686746988,-1780.0,1049
GAP5_6__pair_worse_rank_band=11-14__market_rank_band=21-25,GAP5_6,pair_worse_rank_band=11-14;market_rank_band=21-25,False,50,2,252.4,7620.0,116.4,53.88272583201268,0.0,600.952380952381,13,0,0.0,0.0,50,2,252.4,7620.0,341,162.7565982404692,21400.0,14,0,0.0,-1400.0,14,0.0,82,79.51219512195122,-1680.0,1050
GAP15_24__field_size_band=13-14__distance_band=<=1400,GAP15_24,field_size_band=13-14;distance_band=<=1400,False,28,1,248.92857142857142,4170.0,0.0,100.0,0.0,1742.5,4,0,0.0,0.0,28,1,248.92857142857142,4170.0,319,156.26959247648904,17950.0,10,0,0.0,-1000.0,10,0.0,78,83.58974358974359,-1280.0,1051
GAP15_24__field_size_band=13-14__l17_rank_band=11-20,GAP15_24,field_size_band=13-14;l17_rank_band=11-20,False,28,1,248.92857142857142,4170.0,0.0,100.0,0.0,1161.6666666666667,6,0,0.0,0.0,28,1,248.92857142857142,4170.0,319,156.26959247648904,17950.0,5,0,0.0,-500.0,5,0.0,73,89.31506849315069,-780.0,1052
GAP10_14__model_rank_band=1-3__l17_rank_band=41-60,GAP10_14,model_rank_band=1-3;l17_rank_band=41-60,False,59,4,244.57627118644066,8530.0,177.79661016949152,27.304227304227304,0.0,353.0,14,0,0.0,0.0,59,4,244.57627118644066,8530.0,350,163.74285714285713,22310.0,5,1,732.0,3160.0,5,732.0,73,139.45205479452054,2880.0,1053
GAP15_24__model_rank_band=11-15__l17_rank_band=41-60,GAP15_24,model_rank_band=11-15;l17_rank_band=41-60,False,58,1,150.86206896551724,2950.0,0.0,100.0,0.0,236.48648648648648,8,22,37.93103448275862,7.560137457044673,36,1,243.05555555555554,5150.0,327,157.88990825688074,18930.0,24,0,0.0,-2400.0,19,0.0,87,74.94252873563218,-2180.0,1054
GAP10_14__market_rank_band=26-30__l17_rank_band=61+,GAP10_14,market_rank_band=26-30;l17_rank_band=61+,False,35,1,238.85714285714286,4860.0,0.0,100.0,0.0,597.1428571428571,10,0,0.0,0.0,35,1,238.85714285714286,4860.0,326,157.17791411042944,18640.0,13,0,0.0,-1300.0,13,0.0,81,80.49382716049382,-1580.0,1055
GAP10_14__pair_worse_rank_band=<=6__field_size_band=17+,GAP10_14,pair_worse_rank_band=<=6;field_size_band=17+,False,55,3,238.54545454545453,7620.0,119.0909090909091,50.076219512195124,0.0,370.7692307692308,14,0,0.0,0.0,55,3,238.54545454545453,7620.0,346,161.84971098265896,21400.0,7,0,0.0,-700.0,7,0.0,75,86.93333333333334,-980.0,1056
GAP10_14__field_size_band=13-14__model_rank_band=1-3,GAP10_14,field_size_band=13-14;model_rank_band=1-3,False,44,3,237.5,6050.0,147.95454545454547,37.70334928229665,0.0,476.875,11,0,0.0,0.0,44,3,237.5,6050.0,335,159.19402985074626,19830.0,3,0,0.0,-300.0,3,0.0,71,91.83098591549296,-580.0,1057
GAP10P__pair_worse_rank_band=11-14__field_size_band=17+,GAP10P,pair_worse_rank_band=11-14;field_size_band=17+,False,120,4,237.0,16440.0,164.08333333333334,30.766526019690577,0.0,394.1509433962264,22,0,0.0,0.0,120,4,237.0,16440.0,411,173.5279805352798,30220.0,35,1,104.57142857142857,160.0,35,104.57142857142857,103,98.83495145631068,-120.0,1058
GAP10P__model_rank_band=1-3__l17_rank_band=41-60,GAP10P,model_rank_band=1-3;l17_rank_band=41-60,False,90,6,251.44444444444446,13630.0,205.55555555555554,18.250110472823685,0.0,432.94117647058823,19,11,12.222222222222221,3.7800687285223367,79,5,234.9367088607595,10660.0,370,166.05405405405406,24440.0,9,1,406.6666666666667,2760.0,6,610.0,74,137.56756756756758,2780.0,1059
GAP10P__pair_worse_rank_band=11-14__field_size_band=13-14,GAP10P,pair_worse_rank_band=11-14;field_size_band=13-14,False,70,3,234.85714285714286,9440.0,135.28571428571428,42.39659367396594,0.0,463.4782608695652,20,0,0.0,0.0,70,3,234.85714285714286,9440.0,361,164.3213296398892,23220.0,29,0,0.0,-2900.0,29,0.0,97,67.21649484536083,-3180.0,1060
GAP7_9__field_size_band=17+__model_rank_band=4-5,GAP7_9,field_size_band=17+;model_rank_band=4-5,False,85,6,231.52941176470588,11180.0,184.7058823529412,20.223577235772357,0.0,575.1724137931035,23,0,0.0,0.0,85,6,231.52941176470588,11180.0,376,166.38297872340425,24960.0,10,0,0.0,-1000.0,10,0.0,78,83.58974358974359,-1280.0,1061
GAP10_14__model_rank_band=1-3__l17_rank_band=61+,GAP10_14,model_rank_band=1-3;l17_rank_band=61+,False,36,2,229.44444444444446,4660.0,107.5,53.14769975786925,0.0,399.09090909090907,10,0,0.0,0.0,36,2,229.44444444444446,4660.0,327,156.3914373088685,18440.0,5,0,0.0,-500.0,5,0.0,73,89.31506849315069,-780.0,1062
GAP10P__field_size_band=17+__model_rank_band=4-5,GAP10P,field_size_band=17+;model_rank_band=4-5,False,66,3,229.0909090909091,8520.0,114.6969696969697,49.93386243386244,0.0,420.0,5,0,0.0,0.0,66,3,229.0909090909091,8520.0,357,162.46498599439775,22300.0,10,0,0.0,-1000.0,10,0.0,78,83.58974358974359,-1280.0,1063
GAP5P__odds_band=60-80__model_rank_band=4-5,GAP5P,odds_band=60-80;model_rank_band=4-5,False,52,1,145.19230769230768,2350.0,0.0,100.0,0.0,222.05882352941177,1,19,36.53846153846154,6.529209621993127,33,1,228.78787878787878,4250.0,324,155.64814814814815,18030.0,3,0,0.0,-300.0,2,0.0,70,93.14285714285714,-480.0,1064
GAP10P__odds_band=60-80__model_rank_band=4-5,GAP10P,odds_band=60-80;model_rank_band=4-5,False,52,1,145.19230769230768,2350.0,0.0,100.0,0.0,222.05882352941177,1,19,36.53846153846154,6.529209621993127,33,1,228.78787878787878,4250.0,324,155.64814814814815,18030.0,3,0,0.0,-300.0,2,0.0,70,93.14285714285714,-480.0,1065
GAP10_14__field_size_band=13-14__l17_rank_band=41-60,GAP10_14,field_size_band=13-14;l17_rank_band=41-60,False,60,3,228.33333333333334,7700.0,127.16666666666667,44.306569343065696,0.0,607.0,10,0,0.0,0.0,60,3,228.33333333333334,7700.0,351,161.1965811965812,21480.0,13,0,0.0,-1300.0,13,0.0,81,80.49382716049382,-1580.0,1066
GAP10P__field_size_band=<=12__l17_rank_band=41-60,GAP10P,field_size_band=<=12;l17_rank_band=41-60,False,35,1,227.42857142857142,4460.0,0.0,100.0,0.0,361.8181818181818,3,0,0.0,0.0,35,1,227.42857142857142,4460.0,326,155.95092024539878,18240.0,8,0,0.0,-800.0,8,0.0,76,85.78947368421052,-1080.0,1067
GAP15_24__field_size_band=17+__market_rank_band=16-20,GAP15_24,field_size_band=17+;market_rank_band=16-20,False,18,1,227.22222222222223,2290.0,0.0,100.0,0.0,511.25,1,0,0.0,0.0,18,1,227.22222222222223,2290.0,309,152.0064724919094,16070.0,1,0,0.0,-100.0,1,0.0,69,94.4927536231884,-380.0,1068
GAP15_24__field_size_band=13-14__model_rank_band=6-8,GAP15_24,field_size_band=13-14;model_rank_band=6-8,False,31,1,224.83870967741936,3870.0,0.0,100.0,0.0,1161.6666666666667,6,0,0.0,0.0,31,1,224.83870967741936,3870.0,322,154.8136645962733,17650.0,4,0,0.0,-400.0,4,0.0,72,90.55555555555556,-680.0,1069
GAP3_4__odds_band=60-80__model_rank_band=9-10,GAP3_4,odds_band=60-80;model_rank_band=9-10,False,28,1,224.64285714285714,3490.0,0.0,100.0,0.0,449.2857142857143,2,0,0.0,0.0,28,1,224.64285714285714,3490.0,319,154.13793103448276,17270.0,1,0,0.0,-100.0,1,0.0,69,94.4927536231884,-380.0,1070
GAP10_14__model_rank_band=9-10__l17_rank_band=61+,GAP10_14,model_rank_band=9-10;l17_rank_band=61+,False,29,1,222.75862068965517,3560.0,0.0,100.0,0.0,807.5,7,0,0.0,0.0,29,1,222.75862068965517,3560.0,320,154.1875,17340.0,5,0,0.0,-500.0,5,0.0,73,89.31506849315069,-780.0,1071
GAP5P__field_size_band=17+__distance_band=2201+,GAP5P,field_size_band=17+;distance_band=2201+,False,31,1,221.29032258064515,3760.0,0.0,100.0,0.0,857.5,8,0,0.0,0.0,31,1,221.29032258064515,3760.0,322,154.472049689441,17540.0,7,0,0.0,-700.0,7,0.0,75,86.93333333333334,-980.0,1072
GAP10_14__odds_band=80-100__field_size_band=15-16,GAP10_14,odds_band=80-100;field_size_band=15-16,False,38,1,220.0,4560.0,0.0,100.0,0.0,643.0769230769231,4,0,0.0,0.0,38,1,220.0,4560.0,329,155.74468085106383,18340.0,13,0,0.0,-1300.0,13,0.0,81,80.49382716049382,-1580.0,1073
GAP15_24__field_size_band=17+__l17_rank_band=41-60,GAP15_24,field_size_band=17+;l17_rank_band=41-60,False,40,1,218.75,4750.0,0.0,100.0,0.0,437.5,5,0,0.0,0.0,40,1,218.75,4750.0,331,155.98187311178248,18530.0,9,0,0.0,-900.0,9,0.0,77,84.67532467532467,-1180.0,1074
GAP5_6__pair_worse_rank_band=15+__market_rank_band=<=10,GAP5_6,pair_worse_rank_band=15+;market_rank_band=<=10,False,14,1,216.42857142857142,1630.0,0.0,100.0,0.0,336.6666666666667,1,0,0.0,0.0,14,1,216.42857142857142,1630.0,305,150.52459016393442,15410.0,2,1,1390.0,2580.0,2,1390.0,70,132.85714285714286,2300.0,1075
GAP7_9__model_rank_band=9-10__l17_rank_band=61+,GAP7_9,model_rank_band=9-10;l17_rank_band=61+,False,22,1,216.36363636363637,2560.0,0.0,100.0,0.0,396.6666666666667,4,0,0.0,0.0,22,1,216.36363636363637,2560.0,313,152.20447284345047,16340.0,0,0,,0.0,0,,68,95.88235294117646,-280.0,1076
GAP10P__field_size_band=13-14__model_rank_band=1-3,GAP10P,field_size_band=13-14;model_rank_band=1-3,False,68,4,214.41176470588235,7780.0,153.6764705882353,28.32647462277092,0.0,511.30434782608694,22,0,0.0,0.0,68,4,214.41176470588235,7780.0,359,160.0557103064067,21560.0,6,0,0.0,-600.0,6,0.0,74,88.10810810810811,-880.0,1077
GAP10P__odds_band=80-100__model_rank_band=11-15,GAP10P,odds_band=80-100;model_rank_band=11-15,False,99,3,267.17171717171715,16550.0,172.82828282828282,35.311909262759926,0.0,334.4,5,18,18.181818181818183,6.185567010309279,81,2,211.23456790123456,9010.0,372,161.26344086021504,22790.0,46,0,0.0,-4600.0,34,0.0,102,63.92156862745098,-3680.0,1078
GAP15_24__pair_worse_rank_band=<=6__field_size_band=13-14,GAP15_24,pair_worse_rank_band=<=6;field_size_band=13-14,False,29,1,209.6551724137931,3180.0,0.0,100.0,0.0,357.6470588235294,5,0,0.0,0.0,29,1,209.6551724137931,3180.0,320,153.0,16960.0,5,0,0.0,-500.0,5,0.0,73,89.31506849315069,-780.0,1079
GAP5_6__market_rank_band=21-25__l17_rank_band=31-40,GAP5_6,market_rank_band=21-25;l17_rank_band=31-40,False,47,2,208.29787234042553,5090.0,95.1063829787234,54.341164453524,0.0,489.5,12,0,0.0,0.0,47,2,208.29787234042553,5090.0,338,155.8284023668639,18870.0,9,0,0.0,-900.0,9,0.0,77,84.67532467532467,-1180.0,1080
GAP3_4__pair_worse_rank_band=15+__market_rank_band=<=10,GAP3_4,pair_worse_rank_band=15+;market_rank_band=<=10,False,25,2,205.6,2640.0,96.4,53.11284046692607,0.0,273.0,3,0,0.0,0.0,25,2,205.6,2640.0,316,151.9620253164557,16420.0,11,0,0.0,-1100.0,11,0.0,79,82.53164556962025,-1380.0,1081
GAP15_24__odds_band=60-80__market_rank_band=21-25,GAP15_24,odds_band=60-80;market_rank_band=21-25,False,82,1,92.07317073170732,-650.0,0.0,100.0,0.0,171.5909090909091,5,45,54.8780487804878,15.463917525773196,37,1,204.05405405405406,3850.0,328,153.75,17630.0,5,0,0.0,-500.0,4,0.0,72,90.55555555555556,-680.0,1082
GAP5P__odds_band=80-100__field_size_band=17+,GAP5P,odds_band=80-100;field_size_band=17+,False,43,1,203.48837209302326,4450.0,0.0,100.0,0.0,291.6666666666667,3,0,0.0,0.0,43,1,203.48837209302326,4450.0,334,154.5808383233533,18230.0,18,0,0.0,-1800.0,18,0.0,86,75.81395348837209,-2080.0,1083
GAP10P__field_size_band=13-14__distance_band=<=1400,GAP10P,field_size_band=13-14;distance_band=<=1400,False,111,4,202.7927927927928,11410.0,140.0,30.964015992892048,0.0,370.3125,32,0,0.0,0.0,111,4,202.7927927927928,11410.0,402,162.66169154228857,25190.0,14,0,0.0,-1400.0,14,0.0,82,79.51219512195122,-1680.0,1084
GAP3_4__odds_band=80-100__field_size_band=15-16,GAP3_4,odds_band=80-100;field_size_band=15-16,False,46,1,201.52173913043478,4670.0,0.0,100.0,0.0,662.1428571428571,5,0,0.0,0.0,46,1,201.52173913043478,4670.0,337,154.74777448071217,18450.0,11,0,0.0,-1100.0,11,0.0,79,82.53164556962025,-1380.0,1085
GAP7_9__field_size_band=13-14__l17_rank_band=61+,GAP7_9,field_size_band=13-14;l17_rank_band=61+,False,18,1,201.11111111111111,1820.0,0.0,100.0,0.0,724.0,5,0,0.0,0.0,18,1,201.11111111111111,1820.0,309,150.48543689320388,15600.0,2,0,0.0,-200.0,2,0.0,70,93.14285714285714,-480.0,1086
GAP10_14__odds_band=60-80__model_rank_band=9-10,GAP10_14,odds_band=60-80;model_rank_band=9-10,False,96,3,200.72916666666666,9670.0,132.29166666666666,34.094447327451995,0.0,470.0,7,0,0.0,0.0,96,3,200.72916666666666,9670.0,387,160.59431524547804,23450.0,3,0,0.0,-300.0,3,0.0,71,91.83098591549296,-580.0,1087
GAP3_4__market_rank_band=<=10__l17_rank_band=61+,GAP3_4,market_rank_band=<=10;l17_rank_band=61+,False,45,4,198.66666666666666,4440.0,141.55555555555554,28.747203579418343,0.0,446.6666666666667,11,0,0.0,0.0,45,4,198.66666666666666,4440.0,336,154.22619047619048,18220.0,12,0,0.0,-1200.0,12,0.0,80,81.5,-1480.0,1088
GAP15_24__field_size_band=13-14__model_rank_band=1-3,GAP15_24,field_size_band=13-14;model_rank_band=1-3,False,21,1,196.66666666666666,2030.0,0.0,100.0,0.0,516.25,6,0,0.0,0.0,21,1,196.66666666666666,2030.0,312,150.67307692307693,15810.0,0,0,,0.0,0,,68,95.88235294117646,-280.0,1089
GAP7_9__field_size_band=15-16__distance_band=2201+,GAP7_9,field_size_band=15-16;distance_band=2201+,False,34,1,195.88235294117646,3260.0,0.0,100.0,0.0,951.4285714285714,7,0,0.0,0.0,34,1,195.88235294117646,3260.0,325,152.43076923076924,17040.0,10,0,0.0,-1000.0,10,0.0,78,83.58974358974359,-1280.0,1090
GAP5_6__pair_worse_rank_band=11-14__field_size_band=<=12,GAP5_6,pair_worse_rank_band=11-14;field_size_band=<=12,False,25,1,195.2,2380.0,0.0,100.0,0.0,697.1428571428571,5,0,0.0,0.0,25,1,195.2,2380.0,316,151.13924050632912,16160.0,10,1,554.0,4540.0,10,554.0,78,154.6153846153846,4260.0,1091
GAP10P__odds_band=80-100,GAP10P,odds_band=80-100,False,110,3,240.45454545454547,15450.0,155.54545454545453,35.311909262759926,0.0,298.57142857142856,6,22,20.0,7.560137457044673,88,2,194.4318181818182,8310.0,379,158.28496042216358,22090.0,65,0,0.0,-6500.0,51,0.0,119,54.78991596638655,-5380.0,1092
GAP10_14__model_rank_band=1-3__l17_rank_band=<=10,GAP10_14,model_rank_band=1-3;l17_rank_band=<=10,False,64,4,193.75,6000.0,142.34375,26.532258064516128,0.0,379.5833333333333,10,0,0.0,0.0,64,4,193.75,6000.0,355,155.71830985915494,19780.0,4,1,675.0,2300.0,4,675.0,72,128.05555555555554,2020.0,1093
GAP10_14__pair_worse_rank_band=11-14__field_size_band=13-14,GAP10_14,pair_worse_rank_band=11-14;field_size_band=13-14,False,49,2,193.26530612244898,4570.0,75.3061224489796,61.034846884899686,0.0,481.6666666666667,12,0,0.0,0.0,49,2,193.26530612244898,4570.0,340,153.97058823529412,18350.0,15,0,0.0,-1500.0,15,0.0,83,78.55421686746988,-1780.0,1094
GAP10P__field_size_band=13-14__l17_rank_band=61+,GAP10P,field_size_band=13-14;l17_rank_band=61+,False,30,1,192.66666666666666,2780.0,0.0,100.0,0.0,444.61538461538464,8,0,0.0,0.0,30,1,192.66666666666666,2780.0,321,151.58878504672896,16560.0,15,0,0.0,-1500.0,15,0.0,83,78.55421686746988,-1780.0,1095
GAP10_14__market_rank_band=11-15__l17_rank_band=<=10,GAP10_14,market_rank_band=11-15;l17_rank_band=<=10,False,83,5,191.32530120481928,7580.0,149.3975903614458,21.91435768261965,0.0,293.8709677419355,12,0,0.0,0.0,83,5,191.32530120481928,7580.0,374,157.11229946524065,21360.0,4,1,675.0,2300.0,4,675.0,72,128.05555555555554,2020.0,1096
GAP10P__market_rank_band=11-15__l17_rank_band=<=10,GAP10P,market_rank_band=11-15;l17_rank_band=<=10,False,83,5,191.32530120481928,7580.0,149.3975903614458,21.91435768261965,0.0,293.8709677419355,12,0,0.0,0.0,83,5,191.32530120481928,7580.0,374,157.11229946524065,21360.0,4,1,675.0,2300.0,4,675.0,72,128.05555555555554,2020.0,1097
GAP10_14__model_rank_band=9-10__l17_rank_band=11-20,GAP10_14,model_rank_band=9-10;l17_rank_band=11-20,False,67,2,191.19402985074626,6110.0,93.13432835820896,51.288056206088996,0.0,355.8333333333333,6,0,0.0,0.0,67,2,191.19402985074626,6110.0,358,155.5586592178771,19890.0,3,0,0.0,-300.0,3,0.0,71,91.83098591549296,-580.0,1098
GAP15_24__market_rank_band=21-25__model_rank_band=1-3,GAP15_24,market_rank_band=21-25;model_rank_band=1-3,False,42,2,233.0952380952381,5590.0,98.33333333333333,57.81409601634321,0.0,575.8823529411765,10,20,47.61904761904762,6.8728522336769755,22,1,187.72727272727272,1930.0,313,150.19169329073483,15710.0,3,0,0.0,-300.0,2,0.0,70,93.14285714285714,-480.0,1099
GAP5P__market_rank_band=21-25__model_rank_band=1-3,GAP5P,market_rank_band=21-25;model_rank_band=1-3,False,42,2,233.0952380952381,5590.0,98.33333333333333,57.81409601634321,0.0,575.8823529411765,10,20,47.61904761904762,6.8728522336769755,22,1,187.72727272727272,1930.0,313,150.19169329073483,15710.0,3,0,0.0,-300.0,2,0.0,70,93.14285714285714,-480.0,1100
GAP10P__market_rank_band=21-25__model_rank_band=1-3,GAP10P,market_rank_band=21-25;model_rank_band=1-3,False,42,2,233.0952380952381,5590.0,98.33333333333333,57.81409601634321,0.0,575.8823529411765,10,20,47.61904761904762,6.8728522336769755,22,1,187.72727272727272,1930.0,313,150.19169329073483,15710.0,3,0,0.0,-300.0,2,0.0,70,93.14285714285714,-480.0,1101
GAP15_24__market_rank_band=16-20__model_rank_band=4-5,GAP15_24,market_rank_band=16-20;model_rank_band=4-5,False,34,1,120.29411764705883,690.0,0.0,100.0,0.0,204.5,3,12,35.294117647058826,4.123711340206185,22,1,185.9090909090909,1890.0,313,150.06389776357827,15670.0,3,0,0.0,-300.0,2,0.0,70,93.14285714285714,-480.0,1102
GAP15_24__model_rank_band=11-15__l17_rank_band=11-20,GAP15_24,model_rank_band=11-15;l17_rank_band=11-20,False,46,1,132.17391304347825,1480.0,0.0,100.0,0.0,320.0,10,13,28.26086956521739,4.4673539518900345,33,1,184.24242424242425,2780.0,324,151.11111111111111,16560.0,10,0,0.0,-1000.0,8,0.0,76,85.78947368421052,-1080.0,1103
GAP10_14__surface=TURF__distance_band=2201+,GAP10_14,surface=TURF;distance_band=2201+,False,87,3,183.79310344827587,7290.0,92.29885057471265,49.781113195747345,0.0,325.64102564102564,15,0,0.0,0.0,87,3,183.79310344827587,7290.0,378,155.74074074074073,21070.0,8,0,0.0,-800.0,8,0.0,76,85.78947368421052,-1080.0,1104
GAP10_14__field_size_band=17+__model_rank_band=1-3,GAP10_14,field_size_band=17+;model_rank_band=1-3,False,55,3,183.63636363636363,4600.0,113.81818181818181,38.01980198019802,0.0,447.14285714285717,14,0,0.0,0.0,55,3,183.63636363636363,4600.0,346,153.121387283237,18380.0,7,1,522.8571428571429,2960.0,7,522.8571428571429,75,135.73333333333332,2680.0,1105
GAP3_4__field_size_band=17+__distance_band=2201+,GAP3_4,field_size_band=17+;distance_band=2201+,False,31,2,183.2258064516129,2580.0,84.83870967741936,53.69718309859155,0.0,378.6666666666667,6,0,0.0,0.0,31,2,183.2258064516129,2580.0,322,150.80745341614906,16360.0,11,0,0.0,-1100.0,11,0.0,79,82.53164556962025,-1380.0,1106
GAP10P__odds_band=80-100__field_size_band=15-16,GAP10P,odds_band=80-100;field_size_band=15-16,False,68,2,260.29411764705884,10900.0,122.94117647058823,52.76836158192091,0.0,418.0,6,22,32.35294117647059,7.560137457044673,46,1,181.7391304347826,3760.0,337,152.0474777448071,17540.0,35,0,0.0,-3500.0,21,0.0,89,73.25842696629213,-2380.0,1107
GAP10P__odds_band=60-80__field_size_band=13-14,GAP10P,odds_band=60-80;field_size_band=13-14,False,106,3,180.37735849056602,8520.0,114.62264150943396,36.45397489539749,0.0,391.93548387096774,27,0,0.0,0.0,106,3,180.37735849056602,8520.0,397,156.1712846347607,22300.0,18,0,0.0,-1800.0,18,0.0,86,75.81395348837209,-2080.0,1108
GAP15_24__market_rank_band=26-30__l17_rank_band=41-60,GAP15_24,market_rank_band=26-30;l17_rank_band=41-60,False,76,1,115.13157894736842,1150.0,0.0,100.0,0.0,194.44444444444446,12,27,35.526315789473685,9.278350515463918,49,1,178.57142857142858,3850.0,340,151.85294117647058,17630.0,18,0,0.0,-1800.0,16,0.0,84,77.61904761904762,-1880.0,1109
GAP10_14__market_rank_band=16-20__l17_rank_band=61+,GAP10_14,market_rank_band=16-20;l17_rank_band=61+,False,58,2,178.10344827586206,4530.0,66.72413793103448,62.536302032913845,0.0,573.8888888888889,18,0,0.0,0.0,58,2,178.10344827586206,4530.0,349,152.46418338108882,18310.0,12,0,0.0,-1200.0,12,0.0,80,81.5,-1480.0,1110
GAP10P__field_size_band=17+__model_rank_band=9-10,GAP10P,field_size_band=17+;model_rank_band=9-10,False,72,2,177.91666666666666,5610.0,86.66666666666667,51.288056206088996,0.0,366.0,11,0,0.0,0.0,72,2,177.91666666666666,5610.0,363,153.4159779614325,19390.0,20,0,0.0,-2000.0,20,0.0,88,74.0909090909091,-2280.0,1111
GAP10P__model_rank_band=1-3__l17_rank_band=<=10,GAP10P,model_rank_band=1-3;l17_rank_band=<=10,False,77,4,161.03896103896105,4700.0,118.31168831168831,26.532258064516128,0.0,379.5833333333333,16,6,7.792207792207792,2.0618556701030926,71,4,174.64788732394365,5300.0,362,152.707182320442,19080.0,5,1,540.0,2200.0,4,675.0,72,128.05555555555554,2020.0,1112
GAP10_14__odds_band=20-40__field_size_band=17+,GAP10_14,odds_band=20-40;field_size_band=17+,False,59,3,171.1864406779661,4200.0,106.10169491525424,38.01980198019802,0.0,447.14285714285717,14,0,0.0,0.0,59,3,171.1864406779661,4200.0,350,151.37142857142857,17980.0,9,1,406.6666666666667,2760.0,9,406.6666666666667,77,132.2077922077922,2480.0,1113
GAP10P__odds_band=20-40__field_size_band=17+,GAP10P,odds_band=20-40;field_size_band=17+,False,59,3,171.1864406779661,4200.0,106.10169491525424,38.01980198019802,0.0,447.14285714285717,14,0,0.0,0.0,59,3,171.1864406779661,4200.0,350,151.37142857142857,17980.0,9,1,406.6666666666667,2760.0,9,406.6666666666667,77,132.2077922077922,2480.0,1114
GAP15_24__market_rank_band=26-30__model_rank_band=6-8,GAP15_24,market_rank_band=26-30;model_rank_band=6-8,False,63,1,110.63492063492063,670.0,0.0,100.0,0.0,580.8333333333334,12,22,34.92063492063492,7.560137457044673,41,1,170.0,2870.0,332,150.15060240963857,16650.0,19,0,0.0,-1900.0,13,0.0,81,80.49382716049382,-1580.0,1115
GAP5P__market_rank_band=26-30__model_rank_band=6-8,GAP5P,market_rank_band=26-30;model_rank_band=6-8,False,63,1,110.63492063492063,670.0,0.0,100.0,0.0,580.8333333333334,12,22,34.92063492063492,7.560137457044673,41,1,170.0,2870.0,332,150.15060240963857,16650.0,19,0,0.0,-1900.0,13,0.0,81,80.49382716049382,-1580.0,1116
GAP10P__market_rank_band=26-30__model_rank_band=6-8,GAP10P,market_rank_band=26-30;model_rank_band=6-8,False,63,1,110.63492063492063,670.0,0.0,100.0,0.0,580.8333333333334,12,22,34.92063492063492,7.560137457044673,41,1,170.0,2870.0,332,150.15060240963857,16650.0,19,0,0.0,-1900.0,13,0.0,81,80.49382716049382,-1580.0,1117
GAP10P__model_rank_band=9-10__l17_rank_band=61+,GAP10P,model_rank_band=9-10;l17_rank_band=61+,False,47,1,137.4468085106383,1760.0,0.0,100.0,0.0,461.42857142857144,13,9,19.148936170212767,3.0927835051546393,38,1,170.0,2660.0,329,149.9696048632219,16440.0,29,0,0.0,-2900.0,24,0.0,92,70.8695652173913,-2680.0,1118
GAP10P__surface=TURF__distance_band=2201+,GAP10P,surface=TURF;distance_band=2201+,False,100,3,159.9,5990.0,80.3,49.781113195747345,0.0,276.0869565217391,18,4,4.0,1.3745704467353952,96,3,166.5625,6390.0,387,152.1188630490956,20170.0,13,0,0.0,-1300.0,10,0.0,78,83.58974358974359,-1280.0,1119
GAP15_24__odds_band=40-60__model_rank_band=4-5,GAP15_24,odds_band=40-60;model_rank_band=4-5,False,81,2,121.11111111111111,1710.0,50.49382716049383,58.307849133537204,0.0,184.51612903225808,20,22,27.160493827160494,7.560137457044673,59,2,166.27118644067798,3910.0,350,150.54285714285714,17690.0,8,0,0.0,-800.0,6,0.0,74,88.10810810810811,-880.0,1120
GAP5P__field_size_band=<=12__market_rank_band=26-30,GAP5P,field_size_band=<=12;market_rank_band=26-30,False,48,1,165.83333333333334,3160.0,0.0,100.0,0.0,418.94736842105266,7,0,0.0,0.0,48,1,165.83333333333334,3160.0,339,149.97050147492627,16940.0,8,0,0.0,-800.0,8,0.0,76,85.78947368421052,-1080.0,1121
GAP10P__field_size_band=<=12__market_rank_band=26-30,GAP10P,field_size_band=<=12;market_rank_band=26-30,False,48,1,165.83333333333334,3160.0,0.0,100.0,0.0,418.94736842105266,7,0,0.0,0.0,48,1,165.83333333333334,3160.0,339,149.97050147492627,16940.0,8,0,0.0,-800.0,8,0.0,76,85.78947368421052,-1080.0,1122
GAP15_24__field_size_band=17+__model_rank_band=11-15,GAP15_24,field_size_band=17+;model_rank_band=11-15,False,53,1,165.0943396226415,3450.0,0.0,100.0,0.0,364.5833333333333,12,0,0.0,0.0,53,1,165.0943396226415,3450.0,344,150.0872093023256,17230.0,22,0,0.0,-2200.0,22,0.0,90,72.44444444444444,-2480.0,1123
GAP5_6__model_rank_band=1-3__l17_rank_band=61+,GAP5_6,model_rank_band=1-3;l17_rank_band=61+,False,16,1,162.5,1000.0,0.0,100.0,0.0,1300.0,2,0,0.0,0.0,16,1,162.5,1000.0,307,148.14332247557005,14780.0,5,0,0.0,-500.0,5,0.0,73,89.31506849315069,-780.0,1124
GAP15_24__field_size_band=17+,GAP15_24,field_size_band=17+,False,127,3,160.5511811023622,7690.0,91.65354330708661,42.91319274153997,0.0,283.9024390243902,32,0,0.0,0.0,127,3,160.5511811023622,7690.0,418,151.36363636363637,21470.0,35,0,0.0,-3500.0,35,0.0,103,63.300970873786405,-3780.0,1125
GAP15_24__field_size_band=17+__surface=TURF,GAP15_24,field_size_band=17+;surface=TURF,False,127,3,160.5511811023622,7690.0,91.65354330708661,42.91319274153997,0.0,283.9024390243902,32,0,0.0,0.0,127,3,160.5511811023622,7690.0,418,151.36363636363637,21470.0,35,0,0.0,-3500.0,35,0.0,103,63.300970873786405,-3780.0,1126
GAP3_4__model_rank_band=1-3__l17_rank_band=31-40,GAP3_4,model_rank_band=1-3;l17_rank_band=31-40,False,52,4,159.80769230769232,3110.0,110.76923076923077,30.685920577617328,0.0,264.1666666666667,14,0,0.0,0.0,52,4,159.80769230769232,3110.0,343,149.24198250728864,16890.0,31,2,93.2258064516129,-210.0,31,93.2258064516129,99,95.05050505050505,-490.0,1127
GAP10_14__field_size_band=<=12__model_rank_band=11-15,GAP10_14,field_size_band=<=12;model_rank_band=11-15,False,89,2,159.5505617977528,5300.0,70.11235955056179,56.056338028169016,0.0,338.0952380952381,20,0,0.0,0.0,89,2,159.5505617977528,5300.0,380,150.21052631578948,19080.0,11,1,381.8181818181818,3100.0,11,381.8181818181818,79,135.69620253164558,2820.0,1128
GAP10_14__field_size_band=13-14__distance_band=<=1400,GAP10_14,field_size_band=13-14;distance_band=<=1400,False,98,3,158.57142857142858,5740.0,96.63265306122449,39.06048906048906,0.0,474.0,25,0,0.0,0.0,98,3,158.57142857142858,5740.0,389,150.17994858611826,19520.0,4,0,0.0,-400.0,4,0.0,72,90.55555555555556,-680.0,1129
GAP15_24__field_size_band=13-14__market_rank_band=26-30,GAP15_24,field_size_band=13-14;market_rank_band=26-30,False,44,1,158.4090909090909,2570.0,0.0,100.0,0.0,1394.0,5,0,0.0,0.0,44,1,158.4090909090909,2570.0,335,148.80597014925374,16350.0,16,0,0.0,-1600.0,16,0.0,84,77.61904761904762,-1880.0,1130
GAP10_14__distance_band=2201+,GAP10_14,distance_band=2201+,False,101,3,158.31683168316832,5890.0,79.5049504950495,49.781113195747345,0.0,282.22222222222223,19,0,0.0,0.0,101,3,158.31683168316832,5890.0,392,150.17857142857142,19670.0,11,0,0.0,-1100.0,11,0.0,79,82.53164556962025,-1380.0,1131
GAP10_14__model_rank_band=1-3__l17_rank_band=11-20,GAP10_14,model_rank_band=1-3;l17_rank_band=11-20,False,75,4,157.86666666666667,4340.0,115.33333333333333,26.94256756756757,0.0,404.54545454545456,19,0,0.0,0.0,75,4,157.86666666666667,4340.0,366,149.50819672131146,18120.0,10,0,0.0,-1000.0,10,0.0,78,83.58974358974359,-1280.0,1132
GAP15_24__field_size_band=17+__l17_rank_band=31-40,GAP15_24,field_size_band=17+;l17_rank_band=31-40,False,26,1,157.30769230769232,1490.0,0.0,100.0,0.0,584.2857142857143,4,0,0.0,0.0,26,1,157.30769230769232,1490.0,317,148.17034700315457,15270.0,4,0,0.0,-400.0,4,0.0,72,90.55555555555556,-680.0,1133
GAP10_14__field_size_band=17+__market_rank_band=11-15,GAP10_14,field_size_band=17+;market_rank_band=11-15,False,62,3,157.09677419354838,3540.0,100.96774193548387,35.728952772073924,0.0,368.2352941176471,16,0,0.0,0.0,62,3,157.09677419354838,3540.0,353,149.06515580736544,17320.0,8,1,457.5,2860.0,8,457.5,76,133.94736842105263,2580.0,1134
GAP10P__field_size_band=17+__market_rank_band=11-15,GAP10P,field_size_band=17+;market_rank_band=11-15,False,62,3,157.09677419354838,3540.0,100.96774193548387,35.728952772073924,0.0,368.2352941176471,16,0,0.0,0.0,62,3,157.09677419354838,3540.0,353,149.06515580736544,17320.0,8,1,457.5,2860.0,8,457.5,76,133.94736842105263,2580.0,1135
GAP15_24__field_size_band=17+__distance_band=<=1400,GAP15_24,field_size_band=17+;distance_band=<=1400,False,82,2,156.58536585365854,4640.0,49.8780487804878,68.14641744548287,0.0,257.3529411764706,19,0,0.0,0.0,82,2,156.58536585365854,4640.0,373,149.3833780160858,18420.0,20,0,0.0,-2000.0,20,0.0,88,74.0909090909091,-2280.0,1136
GAP15_24__l17_rank_band=11-20,GAP15_24,l17_rank_band=11-20,False,132,2,110.0,1320.0,52.803030303030305,51.99724517906336,0.0,427.05882352941177,33,39,29.545454545454547,13.402061855670103,93,2,156.1290322580645,5220.0,384,149.47916666666666,19000.0,16,0,0.0,-1600.0,12,0.0,80,81.5,-1480.0,1137
GAP15_24__field_size_band=13-14__model_rank_band=11-15,GAP15_24,field_size_band=13-14;model_rank_band=11-15,False,39,1,155.89743589743588,2180.0,0.0,100.0,0.0,506.6666666666667,5,0,0.0,0.0,39,1,155.89743589743588,2180.0,330,148.36363636363637,15960.0,23,0,0.0,-2300.0,23,0.0,91,71.64835164835165,-2580.0,1138
GAP10_14__field_size_band=<=12__surface=TURF,GAP10_14,field_size_band=<=12;surface=TURF,False,127,4,155.82677165354332,7090.0,93.14960629921259,40.22233451237999,0.0,294.64285714285717,24,0,0.0,0.0,127,4,155.82677165354332,7090.0,418,149.92822966507177,20870.0,11,1,381.8181818181818,3100.0,11,381.8181818181818,79,135.69620253164558,2820.0,1139
GAP10P__field_size_band=13-14__l17_rank_band=41-60,GAP10P,field_size_band=13-14;l17_rank_band=41-60,False,88,3,155.6818181818182,4900.0,86.70454545454545,44.306569343065696,0.0,337.22222222222223,18,0,0.0,0.0,88,3,155.6818181818182,4900.0,379,149.28759894459102,18680.0,22,0,0.0,-2200.0,22,0.0,90,72.44444444444444,-2480.0,1140
GAP10_14__pair_worse_rank_band=<=6__field_size_band=<=12,GAP10_14,pair_worse_rank_band=<=6;field_size_band=<=12,False,76,3,155.6578947368421,4230.0,98.94736842105263,36.43279797125951,0.0,284.6666666666667,21,0,0.0,0.0,76,3,155.6578947368421,4230.0,367,149.07356948228883,18010.0,2,0,0.0,-200.0,2,0.0,70,93.14285714285714,-480.0,1141
GAP10_14__model_rank_band=11-15__l17_rank_band=61+,GAP10_14,model_rank_band=11-15;l17_rank_band=61+,False,91,2,155.3846153846154,5040.0,63.51648351648352,59.12305516265912,0.0,487.58620689655174,23,0,0.0,0.0,91,2,155.3846153846154,5040.0,382,149.2670157068063,18820.0,25,0,0.0,-2500.0,25,0.0,93,70.10752688172043,-2780.0,1142
GAP15_24__odds_band=60-80__model_rank_band=6-8,GAP15_24,odds_band=60-80;model_rank_band=6-8,False,79,1,88.22784810126582,-930.0,0.0,100.0,0.0,268.0769230769231,21,34,43.037974683544306,11.683848797250858,45,1,154.88888888888889,2470.0,336,148.36309523809524,16250.0,10,0,0.0,-1000.0,5,0.0,73,89.31506849315069,-780.0,1143
GAP5_6__pair_worse_rank_band=11-14__market_rank_band=<=10,GAP5_6,pair_worse_rank_band=11-14;market_rank_band=<=10,False,96,5,154.16666666666666,5200.0,116.35416666666667,24.527027027027028,0.0,283.6585365853659,24,0,0.0,0.0,96,5,154.16666666666666,5200.0,387,149.0439276485788,18980.0,19,2,261.57894736842104,3070.0,19,261.57894736842104,87,132.06896551724137,2790.0,1144
GAP15_24__market_rank_band=21-25__model_rank_band=4-5,GAP15_24,market_rank_band=21-25;model_rank_band=4-5,False,68,1,111.02941176470588,750.0,0.0,100.0,0.0,215.71428571428572,6,19,27.941176470588236,6.529209621993127,49,1,154.08163265306123,2650.0,340,148.3235294117647,16430.0,3,0,0.0,-300.0,3,0.0,71,91.83098591549296,-580.0,1145
GAP5P__market_rank_band=21-25__model_rank_band=4-5,GAP5P,market_rank_band=21-25;model_rank_band=4-5,False,68,1,111.02941176470588,750.0,0.0,100.0,0.0,215.71428571428572,6,19,27.941176470588236,6.529209621993127,49,1,154.08163265306123,2650.0,340,148.3235294117647,16430.0,3,0,0.0,-300.0,3,0.0,71,91.83098591549296,-580.0,1146
GAP10P__market_rank_band=21-25__model_rank_band=4-5,GAP10P,market_rank_band=21-25;model_rank_band=4-5,False,68,1,111.02941176470588,750.0,0.0,100.0,0.0,215.71428571428572,6,19,27.941176470588236,6.529209621993127,49,1,154.08163265306123,2650.0,340,148.3235294117647,16430.0,3,0,0.0,-300.0,3,0.0,71,91.83098591549296,-580.0,1147
GAP7_9__field_size_band=17+__l17_rank_band=21-30,GAP7_9,field_size_band=17+;l17_rank_band=21-30,False,129,5,153.48837209302326,6900.0,94.26356589147287,38.58585858585859,0.0,262.5,24,0,0.0,0.0,129,5,153.48837209302326,6900.0,420,149.23809523809524,20680.0,13,0,0.0,-1300.0,13,0.0,81,80.49382716049382,-1580.0,1148
GAP5P__market_rank_band=26-30__l17_rank_band=41-60,GAP5P,market_rank_band=26-30;l17_rank_band=41-60,False,136,2,122.86764705882354,3110.0,58.529411764705884,52.3638539796529,0.0,217.01298701298703,27,27,19.852941176470587,9.278350515463918,109,2,153.30275229357798,5810.0,400,148.975,19590.0,41,0,0.0,-4100.0,39,0.0,107,60.93457943925234,-4180.0,1149
GAP10P__market_rank_band=26-30__l17_rank_band=41-60,GAP10P,market_rank_band=26-30;l17_rank_band=41-60,False,136,2,122.86764705882354,3110.0,58.529411764705884,52.3638539796529,0.0,217.01298701298703,27,27,19.852941176470587,9.278350515463918,109,2,153.30275229357798,5810.0,400,148.975,19590.0,41,0,0.0,-4100.0,39,0.0,107,60.93457943925234,-4180.0,1150
GAP5P__model_rank_band=9-10__l17_rank_band=61+,GAP5P,model_rank_band=9-10;l17_rank_band=61+,False,84,2,133.57142857142858,2820.0,56.666666666666664,57.57575757575758,0.0,323.0,20,9,10.714285714285714,3.0927835051546393,75,2,149.6,3720.0,366,147.81420765027323,17500.0,34,0,0.0,-3400.0,29,0.0,97,67.21649484536083,-3180.0,1151
GAP10_14__odds_band=80-100,GAP10_14,odds_band=80-100,False,56,1,149.28571428571428,2760.0,0.0,100.0,0.0,522.5,4,0,0.0,0.0,56,1,149.28571428571428,2760.0,347,147.6657060518732,16540.0,17,0,0.0,-1700.0,17,0.0,85,76.70588235294117,-1980.0,1152
GAP10_14__odds_band=80-100__model_rank_band=11-15,GAP10_14,odds_band=80-100;model_rank_band=11-15,False,56,1,149.28571428571428,2760.0,0.0,100.0,0.0,522.5,4,0,0.0,0.0,56,1,149.28571428571428,2760.0,347,147.6657060518732,16540.0,17,0,0.0,-1700.0,17,0.0,85,76.70588235294117,-1980.0,1153
GAP15_24__odds_band=60-80__market_rank_band=31-40,GAP15_24,odds_band=60-80;market_rank_band=31-40,False,61,1,99.67213114754098,-20.0,0.0,100.0,0.0,357.6470588235294,17,20,32.78688524590164,6.8728522336769755,41,1,148.29268292682926,1980.0,332,147.46987951807228,15760.0,16,1,407.5,4920.0,8,0.0,76,85.78947368421052,-1080.0,1154
GAP10P__distance_band=2201+,GAP10P,distance_band=2201+,False,114,3,140.26315789473685,4590.0,70.43859649122807,49.781113195747345,0.0,244.23076923076923,22,5,4.385964912280702,1.7182130584192439,109,3,146.69724770642202,5090.0,400,147.175,18870.0,17,0,0.0,-1700.0,14,0.0,82,79.51219512195122,-1680.0,1155
GAP7_9__market_rank_band=<=10__l17_rank_band=61+,GAP7_9,market_rank_band=<=10;l17_rank_band=61+,False,20,1,146.5,930.0,0.0,100.0,0.0,244.16666666666666,3,0,0.0,0.0,20,1,146.5,930.0,311,147.2990353697749,14710.0,2,0,0.0,-200.0,2,0.0,70,93.14285714285714,-480.0,1156
GAP7_9__surface=DIRT__distance_band=1801-2200,GAP7_9,surface=DIRT;distance_band=1801-2200,False,76,3,145.92105263157896,3490.0,85.65789473684211,41.298467087466186,0.0,705.4545454545455,11,0,0.0,0.0,76,3,145.92105263157896,3490.0,367,147.05722070844686,17270.0,12,0,0.0,-1200.0,12,0.0,80,81.5,-1480.0,1157
GAP10P__market_rank_band=16-20__l17_rank_band=61+,GAP10P,market_rank_band=16-20;l17_rank_band=61+,False,75,3,202.93333333333334,7720.0,116.8,42.44415243101183,0.0,469.54545454545456,22,4,5.333333333333333,1.3745704467353952,71,2,145.49295774647888,3230.0,362,146.9889502762431,17010.0,13,0,0.0,-1300.0,12,0.0,80,81.5,-1480.0,1158
GAP10P__field_size_band=<=12__model_rank_band=11-15,GAP10P,field_size_band=<=12;model_rank_band=11-15,False,98,2,144.89795918367346,4400.0,63.673469387755105,56.056338028169016,0.0,308.69565217391306,23,0,0.0,0.0,98,2,144.89795918367346,4400.0,389,146.73521850899743,18180.0,17,0,0.0,-1700.0,17,0.0,85,76.70588235294117,-1980.0,1159
GAP5P__pair_worse_rank_band=15+__market_rank_band=<=10,GAP5P,pair_worse_rank_band=15+;market_rank_band=<=10,False,21,1,144.28571428571428,930.0,0.0,100.0,0.0,275.45454545454544,5,0,0.0,0.0,21,1,144.28571428571428,930.0,312,147.14743589743588,14710.0,2,1,1390.0,2580.0,2,1390.0,70,132.85714285714286,2300.0,1160
GAP7_9__model_rank_band=9-10__l17_rank_band=11-20,GAP7_9,model_rank_band=9-10;l17_rank_band=11-20,False,168,5,144.10714285714286,7410.0,110.83333333333333,23.08963238331268,0.0,182.07792207792207,19,0,0.0,0.0,168,5,144.10714285714286,7410.0,459,146.16557734204792,21190.0,10,0,0.0,-1000.0,10,0.0,78,83.58974358974359,-1280.0,1161
GAP10_14__field_size_band=13-14__distance_band=1801-2200,GAP10_14,field_size_band=13-14;distance_band=1801-2200,False,40,2,143.0,1720.0,70.5,50.6993006993007,0.0,290.0,10,0,0.0,0.0,40,2,143.0,1720.0,331,146.82779456193353,15500.0,6,0,0.0,-600.0,6,0.0,74,88.10810810810811,-880.0,1162
GAP10P__odds_band=60-80__model_rank_band=9-10,GAP10P,odds_band=60-80;model_rank_band=9-10,False,167,4,152.63473053892216,8790.0,113.2934131736527,25.77481365241271,0.0,404.6031746031746,24,32,19.161676646706585,10.996563573883162,135,3,142.74074074074073,5770.0,426,145.89201877934272,19550.0,14,0,0.0,-1400.0,9,0.0,77,84.67532467532467,-1180.0,1163
GAP10P__field_size_band=<=12__surface=TURF,GAP10P,field_size_band=<=12;surface=TURF,False,139,4,142.37410071942446,5890.0,85.10791366906474,40.22233451237999,0.0,284.48275862068965,30,0,0.0,0.0,139,4,142.37410071942446,5890.0,430,145.74418604651163,19670.0,15,0,0.0,-1500.0,15,0.0,83,78.55421686746988,-1780.0,1164
GAP10P__model_rank_band=9-10__l17_rank_band=11-20,GAP10P,model_rank_band=9-10;l17_rank_band=11-20,False,98,2,130.71428571428572,3010.0,63.673469387755105,51.288056206088996,0.0,305.0,24,8,8.16326530612245,2.7491408934707904,90,2,142.33333333333334,3810.0,381,146.16797900262466,17590.0,6,0,0.0,-600.0,5,0.0,73,89.31506849315069,-780.0,1165
GAP5P__market_rank_band=<=10__l17_rank_band=61+,GAP5P,market_rank_band=<=10;l17_rank_band=61+,False,39,2,141.7948717948718,1630.0,66.66666666666667,52.98372513562387,0.0,371.42857142857144,7,0,0.0,0.0,39,2,141.7948717948718,1630.0,330,146.6969696969697,15410.0,8,0,0.0,-800.0,8,0.0,76,85.78947368421052,-1080.0,1166
GAP10P__pair_worse_rank_band=<=6__field_size_band=17+,GAP10P,pair_worse_rank_band=<=6;field_size_band=17+,False,71,2,141.54929577464787,2950.0,49.014084507042256,65.3731343283582,0.0,211.93548387096774,18,0,0.0,0.0,71,2,141.54929577464787,2950.0,362,146.21546961325967,16730.0,11,0,0.0,-1100.0,11,0.0,79,82.53164556962025,-1380.0,1167
GAP15_24__model_rank_band=4-5,GAP15_24,model_rank_band=4-5,False,126,2,92.38095238095238,-960.0,32.46031746031746,64.86254295532646,0.0,190.81967213114754,22,43,34.12698412698413,14.776632302405499,83,2,140.24096385542168,3340.0,374,145.77540106951872,17120.0,10,0,0.0,-1000.0,7,0.0,75,86.93333333333334,-980.0,1168
GAP15_24__field_size_band=17+__market_rank_band=21-25,GAP15_24,field_size_band=17+;market_rank_band=21-25,False,54,1,139.8148148148148,2150.0,0.0,100.0,0.0,328.2608695652174,8,0,0.0,0.0,54,1,139.8148148148148,2150.0,345,146.17391304347825,15930.0,6,0,0.0,-600.0,6,0.0,74,88.10810810810811,-880.0,1169
GAP10P__field_size_band=17+__distance_band=<=1400,GAP10P,field_size_band=17+;distance_band=<=1400,False,179,4,139.55307262569832,7080.0,90.67039106145252,35.028022417934345,0.0,271.2987012987013,36,0,0.0,0.0,179,4,139.55307262569832,7080.0,470,144.38297872340425,20860.0,39,0,0.0,-3900.0,39,0.0,107,60.93457943925234,-4180.0,1170
GAP15_24__market_rank_band=26-30__l17_rank_band=11-20,GAP15_24,market_rank_band=26-30;l17_rank_band=11-20,False,70,1,99.57142857142857,-30.0,0.0,100.0,0.0,774.4444444444445,9,20,28.571428571428573,6.8728522336769755,50,1,139.4,1970.0,341,146.18768328445748,15750.0,14,0,0.0,-1400.0,11,0.0,79,82.53164556962025,-1380.0,1171
GAP10P__model_rank_band=4-5__l17_rank_band=11-20,GAP10P,model_rank_band=4-5;l17_rank_band=11-20,False,88,2,132.27272727272728,2840.0,46.47727272727273,64.86254295532646,0.0,291.0,19,4,4.545454545454546,1.3745704467353952,84,2,138.57142857142858,3240.0,375,145.38666666666666,17020.0,3,0,0.0,-300.0,3,0.0,71,91.83098591549296,-580.0,1172
GAP10_14__field_size_band=<=12__l17_rank_band=<=10,GAP10_14,field_size_band=<=12;l17_rank_band=<=10,False,24,1,137.08333333333334,890.0,0.0,100.0,0.0,470.0,7,0,0.0,0.0,24,1,137.08333333333334,890.0,315,146.57142857142858,14670.0,1,1,4200.0,4100.0,1,4200.0,69,155.36231884057972,3820.0,1173
GAP5P__market_rank_band=26-30__l17_rank_band=61+,GAP5P,market_rank_band=26-30;l17_rank_band=61+,False,82,2,184.14634146341464,6900.0,82.1951219512195,55.36423841059602,0.0,354.7368421052632,19,21,25.609756097560975,7.216494845360825,61,1,137.04918032786884,2260.0,352,145.5681818181818,16040.0,53,0,0.0,-5300.0,33,0.0,101,64.55445544554455,-3580.0,1174
GAP10P__market_rank_band=26-30__l17_rank_band=61+,GAP10P,market_rank_band=26-30;l17_rank_band=61+,False,82,2,184.14634146341464,6900.0,82.1951219512195,55.36423841059602,0.0,354.7368421052632,19,21,25.609756097560975,7.216494845360825,61,1,137.04918032786884,2260.0,352,145.5681818181818,16040.0,53,0,0.0,-5300.0,33,0.0,101,64.55445544554455,-3580.0,1175
GAP10_14__odds_band=40-60__market_rank_band=11-15,GAP10_14,odds_band=40-60;market_rank_band=11-15,False,62,2,136.7741935483871,2280.0,65.96774193548387,51.7688679245283,0.0,399.09090909090907,11,0,0.0,0.0,62,2,136.7741935483871,2280.0,353,145.4957507082153,16060.0,3,0,0.0,-300.0,3,0.0,71,91.83098591549296,-580.0,1176
GAP10P__odds_band=40-60__market_rank_band=11-15,GAP10P,odds_band=40-60;market_rank_band=11-15,False,62,2,136.7741935483871,2280.0,65.96774193548387,51.7688679245283,0.0,399.09090909090907,11,0,0.0,0.0,62,2,136.7741935483871,2280.0,353,145.4957507082153,16060.0,3,0,0.0,-300.0,3,0.0,71,91.83098591549296,-580.0,1177
GAP5_6__market_rank_band=21-25__l17_rank_band=21-30,GAP5_6,market_rank_band=21-25;l17_rank_band=21-30,False,85,2,136.7058823529412,3120.0,56.705882352941174,58.519793459552496,0.0,370.7692307692308,13,0,0.0,0.0,85,2,136.7058823529412,3120.0,376,144.9468085106383,16900.0,6,0,0.0,-600.0,6,0.0,74,88.10810810810811,-880.0,1178
GAP10_14__pair_worse_rank_band=11-14__field_size_band=17+,GAP10_14,pair_worse_rank_band=11-14;field_size_band=17+,False,89,2,136.40449438202248,3240.0,66.29213483146067,51.4003294892916,0.0,303.5,16,0,0.0,0.0,89,2,136.40449438202248,3240.0,380,144.78947368421052,17020.0,16,1,228.75,2060.0,16,228.75,84,121.19047619047619,1780.0,1179
GAP10_14__field_size_band=<=12__distance_band=<=1400,GAP10_14,field_size_band=<=12;distance_band=<=1400,False,63,2,135.55555555555554,2240.0,67.14285714285714,50.468384074941454,0.0,294.48275862068965,13,0,0.0,0.0,63,2,135.55555555555554,2240.0,354,145.25423728813558,16020.0,6,0,0.0,-600.0,6,0.0,74,88.10810810810811,-880.0,1180
GAP10P__pair_worse_rank_band=<=6__field_size_band=<=12,GAP10P,pair_worse_rank_band=<=6;field_size_band=<=12,False,88,3,134.4318181818182,3030.0,85.45454545454545,36.43279797125951,0.0,258.7878787878788,27,0,0.0,0.0,88,3,134.4318181818182,3030.0,379,144.35356200527704,16810.0,4,0,0.0,-400.0,4,0.0,72,90.55555555555556,-680.0,1181
GAP10P__model_rank_band=4-5__l17_rank_band=31-40,GAP10P,model_rank_band=4-5;l17_rank_band=31-40,False,60,2,116.5,990.0,48.333333333333336,58.51216022889842,0.0,414.2857142857143,7,8,13.333333333333334,2.7491408934707904,52,2,134.42307692307693,1790.0,343,145.3935860058309,15570.0,5,0,0.0,-500.0,5,0.0,73,89.31506849315069,-780.0,1182
GAP5P__field_size_band=15-16__distance_band=2201+,GAP5P,field_size_band=15-16;distance_band=2201+,False,55,1,121.0909090909091,1160.0,0.0,100.0,0.0,391.7647058823529,17,5,9.090909090909092,1.7182130584192439,50,1,133.2,1660.0,341,145.27859237536657,15440.0,22,0,0.0,-2200.0,19,0.0,87,74.94252873563218,-2180.0,1183
GAP10P__field_size_band=17+__model_rank_band=1-3,GAP10P,field_size_band=17+;model_rank_band=1-3,False,76,3,132.89473684210526,2500.0,82.36842105263158,38.01980198019802,0.0,240.0,16,0,0.0,0.0,76,3,132.89473684210526,2500.0,367,144.35967302452315,16280.0,15,1,244.0,2160.0,15,244.0,83,122.65060240963855,1880.0,1184
GAP10_14__pair_worse_rank_band=11-14__market_rank_band=16-20,GAP10_14,pair_worse_rank_band=11-14;market_rank_band=16-20,False,106,3,132.26415094339623,3420.0,71.32075471698113,46.07703281027104,0.0,245.95238095238096,19,0,0.0,0.0,106,3,132.26415094339623,3420.0,397,143.32493702770782,17200.0,20,0,0.0,-2000.0,20,0.0,88,74.0909090909091,-2280.0,1185
GAP10P__field_size_band=13-14__model_rank_band=6-8,GAP10P,field_size_band=13-14;model_rank_band=6-8,False,120,3,131.66666666666666,3800.0,73.58333333333333,44.11392405063291,0.0,230.41666666666666,24,0,0.0,0.0,120,3,131.66666666666666,3800.0,411,142.77372262773721,17580.0,8,0,0.0,-800.0,8,0.0,76,85.78947368421052,-1080.0,1186
GAP10P__model_rank_band=1-3__l17_rank_band=11-20,GAP10P,model_rank_band=1-3;l17_rank_band=11-20,False,96,4,123.33333333333333,2240.0,90.10416666666667,26.94256756756757,0.0,306.8965517241379,29,6,6.25,2.0618556701030926,90,4,131.55555555555554,2840.0,381,143.6220472440945,16620.0,10,0,0.0,-1000.0,10,0.0,78,83.58974358974359,-1280.0,1187
GAP10_14__market_rank_band=26-30__l17_rank_band=41-60,GAP10_14,market_rank_band=26-30;l17_rank_band=41-60,False,61,1,130.49180327868854,1860.0,0.0,100.0,0.0,256.7741935483871,15,0,0.0,0.0,61,1,130.49180327868854,1860.0,352,144.4318181818182,15640.0,23,0,0.0,-2300.0,23,0.0,91,71.64835164835165,-2580.0,1188
GAP10_14__pair_worse_rank_band=<=6__market_rank_band=26-30,GAP10_14,pair_worse_rank_band=<=6;market_rank_band=26-30,False,45,1,130.22222222222223,1360.0,0.0,100.0,0.0,344.70588235294116,5,0,0.0,0.0,45,1,130.22222222222223,1360.0,336,145.0595238095238,15140.0,8,0,0.0,-800.0,8,0.0,76,85.78947368421052,-1080.0,1189
GAP3_4__surface=DIRT__distance_band=2201+,GAP3_4,surface=DIRT;distance_band=2201+,False,48,2,130.20833333333334,1450.0,42.083333333333336,67.68,0.0,235.0,14,0,0.0,0.0,48,2,130.20833333333334,1450.0,339,144.92625368731564,15230.0,11,0,0.0,-1100.0,11,0.0,79,82.53164556962025,-1380.0,1190
GAP5_6__odds_band=60-80__field_size_band=13-14,GAP5_6,odds_band=60-80;field_size_band=13-14,False,101,2,129.40594059405942,2970.0,59.9009900990099,53.710788064269316,0.0,155.12820512820514,12,0,0.0,0.0,101,2,129.40594059405942,2970.0,392,142.7295918367347,16750.0,10,1,656.0,5560.0,10,656.0,78,167.69230769230768,5280.0,1191
GAP10_14__field_size_band=<=12__model_rank_band=6-8,GAP10_14,field_size_band=<=12;model_rank_band=6-8,False,66,2,129.3939393939394,1940.0,64.0909090909091,50.468384074941454,0.0,316.2962962962963,9,0,0.0,0.0,66,2,129.3939393939394,1940.0,357,144.03361344537817,15720.0,3,0,0.0,-300.0,3,0.0,71,91.83098591549296,-580.0,1192
GAP10_14__market_rank_band=11-15__l17_rank_band=61+,GAP10_14,market_rank_band=11-15;l17_rank_band=61+,False,34,1,129.11764705882354,990.0,0.0,100.0,0.0,439.0,10,0,0.0,0.0,34,1,129.11764705882354,990.0,325,145.44615384615383,14770.0,5,0,0.0,-500.0,5,0.0,73,89.31506849315069,-780.0,1193
GAP10P__market_rank_band=11-15__l17_rank_band=61+,GAP10P,market_rank_band=11-15;l17_rank_band=61+,False,34,1,129.11764705882354,990.0,0.0,100.0,0.0,439.0,10,0,0.0,0.0,34,1,129.11764705882354,990.0,325,145.44615384615383,14770.0,5,0,0.0,-500.0,5,0.0,73,89.31506849315069,-780.0,1194
GAP10_14__market_rank_band=16-20__l17_rank_band=41-60,GAP10_14,market_rank_band=16-20;l17_rank_band=41-60,False,124,4,128.9516129032258,3590.0,92.5,28.267667292057535,0.0,247.9591836734694,17,0,0.0,0.0,124,4,128.9516129032258,3590.0,415,141.85542168674698,17370.0,11,1,418.1818181818182,3500.0,11,418.1818181818182,79,140.7594936708861,3220.0,1195
GAP15_24__field_size_band=17+__market_rank_band=26-30,GAP15_24,field_size_band=17+;market_rank_band=26-30,False,68,1,128.6764705882353,1950.0,0.0,100.0,0.0,301.7241379310345,15,0,0.0,0.0,68,1,128.6764705882353,1950.0,359,143.81615598885793,15730.0,19,0,0.0,-1900.0,19,0.0,87,74.94252873563218,-2180.0,1196
GAP10P__model_rank_band=11-15__l17_rank_band=41-60,GAP10P,model_rank_band=11-15;l17_rank_band=41-60,False,243,4,116.54320987654322,4020.0,80.53497942386831,30.896892655367232,0.0,207.32142857142858,56,22,9.053497942386832,7.560137457044673,221,4,128.1447963800905,6220.0,512,139.0625,20000.0,71,0,0.0,-7100.0,66,0.0,134,48.656716417910445,-6880.0,1197
GAP5_6__odds_band=60-80__field_size_band=17+,GAP5_6,odds_band=60-80;field_size_band=17+,False,54,1,127.03703703703704,1460.0,0.0,100.0,0.0,428.75,16,0,0.0,0.0,54,1,127.03703703703704,1460.0,345,144.17391304347825,15240.0,6,0,0.0,-600.0,6,0.0,74,88.10810810810811,-880.0,1198
GAP10P__field_size_band=17+__l17_rank_band=41-60,GAP10P,field_size_band=17+;l17_rank_band=41-60,False,100,2,125.9,2590.0,38.4,69.49960285941224,0.0,240.0,16,0,0.0,0.0,100,2,125.9,2590.0,391,141.86700767263426,16370.0,25,1,146.4,1160.0,25,146.4,93,109.46236559139786,880.0,1199
GAP10P__field_size_band=17+__distance_band=1401-1800,GAP10P,field_size_band=17+;distance_band=1401-1800,False,60,1,125.83333333333333,1550.0,0.0,100.0,0.0,359.5238095238095,17,0,0.0,0.0,60,1,125.83333333333333,1550.0,351,143.67521367521368,15330.0,14,1,341.42857142857144,3380.0,14,341.42857142857144,82,137.8048780487805,3100.0,1200
GAP10_14__pair_worse_rank_band=<=6__market_rank_band=16-20,GAP10_14,pair_worse_rank_band=<=6;market_rank_band=16-20,False,161,4,124.16149068322981,3890.0,83.35403726708074,32.86643321660831,0.0,212.81690140845072,24,0,0.0,0.0,161,4,124.16149068322981,3890.0,452,139.0929203539823,17670.0,5,0,0.0,-500.0,5,0.0,73,89.31506849315069,-780.0,1201
GAP5P__odds_band=60-80__field_size_band=<=12,GAP5P,odds_band=60-80;field_size_band=<=12,False,218,4,123.9908256880734,5230.0,87.4770642201835,29.448760636330004,0.0,149.47368421052633,30,0,0.0,0.0,218,4,123.9908256880734,5230.0,509,137.34774066797644,19010.0,21,0,0.0,-2100.0,21,0.0,89,73.25842696629213,-2380.0,1202
GAP10_14__field_size_band=13-14__market_rank_band=21-25,GAP10_14,field_size_band=13-14;market_rank_band=21-25,False,134,3,123.80597014925372,3190.0,78.50746268656717,36.58830620855937,0.0,474.0,25,0,0.0,0.0,134,3,123.80597014925372,3190.0,425,139.9294117647059,16970.0,16,0,0.0,-1600.0,16,0.0,84,77.61904761904762,-1880.0,1203
GAP15_24__surface=TURF__distance_band=1401-1800,GAP15_24,surface=TURF;distance_band=1401-1800,False,100,2,168.9,6890.0,75.5,55.29899348727057,0.0,260.3448275862069,29,39,39.0,13.402061855670103,61,1,123.77049180327869,1450.0,352,143.26704545454547,15230.0,17,0,0.0,-1700.0,10,0.0,78,83.58974358974359,-1280.0,1204
GAP10P__field_size_band=<=12__distance_band=<=1400,GAP10P,field_size_band=<=12;distance_band=<=1400,False,69,2,123.76811594202898,1640.0,61.30434782608695,50.468384074941454,0.0,284.6666666666667,16,0,0.0,0.0,69,2,123.76811594202898,1640.0,360,142.83333333333334,15420.0,7,0,0.0,-700.0,7,0.0,75,86.93333333333334,-980.0,1205
GAP5P__market_rank_band=26-30__l17_rank_band=11-20,GAP5P,market_rank_band=26-30;l17_rank_band=11-20,False,124,2,103.46774193548387,430.0,47.25806451612903,54.325798908807485,0.0,464.6666666666667,15,20,16.129032258064516,6.8728522336769755,104,2,123.36538461538461,2430.0,395,141.0379746835443,16210.0,20,0,0.0,-2000.0,17,0.0,85,76.70588235294117,-1980.0,1206
GAP10P__market_rank_band=26-30__l17_rank_band=11-20,GAP10P,market_rank_band=26-30;l17_rank_band=11-20,False,124,2,103.46774193548387,430.0,47.25806451612903,54.325798908807485,0.0,464.6666666666667,15,20,16.129032258064516,6.8728522336769755,104,2,123.36538461538461,2430.0,395,141.0379746835443,16210.0,20,0,0.0,-2000.0,17,0.0,85,76.70588235294117,-1980.0,1207
GAP10P__market_rank_band=21-25__l17_rank_band=11-20,GAP10P,market_rank_band=21-25;l17_rank_band=11-20,False,217,4,115.9447004608295,3460.0,81.15207373271889,30.007949125596184,0.0,175.94594594594594,61,10,4.608294930875576,3.4364261168384878,207,4,121.54589371980677,4460.0,498,136.6265060240964,18240.0,16,0,0.0,-1600.0,15,0.0,83,78.55421686746988,-1780.0,1208
GAP10P__field_size_band=17+__market_rank_band=21-25,GAP10P,field_size_band=17+;market_rank_band=21-25,False,162,3,121.54320987654322,3490.0,74.93827160493827,38.34433722701879,0.0,161.86666666666667,27,0,0.0,0.0,162,3,121.54320987654322,3490.0,453,138.12362030905078,17270.0,27,0,0.0,-2700.0,27,0.0,95,68.63157894736842,-2980.0,1209
GAP7_9__market_rank_band=11-15__l17_rank_band=61+,GAP7_9,market_rank_band=11-15;l17_rank_band=61+,False,30,1,120.66666666666667,620.0,0.0,100.0,0.0,362.0,8,0,0.0,0.0,30,1,120.66666666666667,620.0,321,144.85981308411215,14400.0,7,0,0.0,-700.0,7,0.0,75,86.93333333333334,-980.0,1210
GAP7_9__model_rank_band=6-8__l17_rank_band=61+,GAP7_9,model_rank_band=6-8;l17_rank_band=61+,False,30,1,120.66666666666667,620.0,0.0,100.0,0.0,402.22222222222223,5,0,0.0,0.0,30,1,120.66666666666667,620.0,321,144.85981308411215,14400.0,4,0,0.0,-400.0,4,0.0,72,90.55555555555556,-680.0,1211
GAP10_14__field_size_band=<=12,GAP10_14,field_size_band=<=12,False,217,5,119.95391705069125,4330.0,83.27188940092167,30.580099884748368,0.0,247.17391304347825,42,0,0.0,0.0,217,5,119.95391705069125,4330.0,508,135.6496062992126,18110.0,16,1,262.5,2600.0,16,262.5,84,127.61904761904762,2320.0,1212
GAP10_14__field_size_band=17+__market_rank_band=16-20,GAP10_14,field_size_band=17+;market_rank_band=16-20,False,87,2,119.65517241379311,1710.0,44.13793103448276,63.112391930835734,0.0,426.6666666666667,9,0,0.0,0.0,87,2,119.65517241379311,1710.0,378,140.97883597883597,15490.0,11,1,434.54545454545456,3680.0,11,434.54545454545456,79,143.0379746835443,3400.0,1213
GAP10P__field_size_band=13-14__l17_rank_band=11-20,GAP10P,field_size_band=13-14;l17_rank_band=11-20,False,118,3,119.23728813559322,2270.0,60.16949152542373,49.53802416488983,0.0,312.5,34,0,0.0,0.0,118,3,119.23728813559322,2270.0,409,139.24205378973105,16050.0,9,0,0.0,-900.0,9,0.0,77,84.67532467532467,-1180.0,1214
GAP10P__market_rank_band=16-20__l17_rank_band=41-60,GAP10P,market_rank_band=16-20;l17_rank_band=41-60,False,141,5,142.2695035460993,5960.0,110.2127659574468,22.532402791625124,0.0,416.3157894736842,19,6,4.25531914893617,2.0618556701030926,135,4,118.44444444444444,2490.0,426,138.19248826291079,16270.0,14,1,328.57142857142856,3200.0,11,418.1818181818182,79,140.7594936708861,3220.0,1215
GAP5_6__market_rank_band=<=10__l17_rank_band=61+,GAP5_6,market_rank_band=<=10;l17_rank_band=61+,False,22,1,118.18181818181819,400.0,0.0,100.0,0.0,650.0,4,0,0.0,0.0,22,1,118.18181818181819,400.0,313,145.30351437699682,14180.0,6,0,0.0,-600.0,6,0.0,74,88.10810810810811,-880.0,1216
GAP3_4__field_size_band=13-14__l17_rank_band=31-40,GAP3_4,field_size_band=13-14;l17_rank_band=31-40,False,195,6,117.84615384615384,3480.0,91.8974358974359,22.019147084421235,0.0,251.1320754716981,53,0,0.0,0.0,195,6,117.84615384615384,3480.0,486,135.51440329218107,17260.0,63,2,106.98412698412699,440.0,63,106.98412698412699,131,101.22137404580153,160.0,1217
GAP10P__pair_worse_rank_band=<=6__market_rank_band=16-20,GAP10P,pair_worse_rank_band=<=6;market_rank_band=16-20,False,179,4,111.67597765363128,2090.0,74.97206703910615,32.86643321660831,0.0,196.23376623376623,27,9,5.027932960893855,3.0927835051546393,170,4,117.58823529411765,2990.0,461,136.37744034707157,16770.0,6,0,0.0,-600.0,5,0.0,73,89.31506849315069,-780.0,1218
GAP5_6__odds_band=60-80__market_rank_band=21-25,GAP5_6,odds_band=60-80;market_rank_band=21-25,False,111,2,117.29729729729729,1920.0,56.03603603603604,52.22734254992319,0.0,144.68085106382978,21,0,0.0,0.0,111,2,117.29729729729729,1920.0,402,139.0547263681592,15700.0,14,0,0.0,-1400.0,14,0.0,82,79.51219512195122,-1680.0,1219
GAP7_9__model_rank_band=1-3__l17_rank_band=61+,GAP7_9,model_rank_band=1-3;l17_rank_band=61+,False,25,1,117.2,430.0,0.0,100.0,0.0,209.28571428571428,3,0,0.0,0.0,25,1,117.2,430.0,316,144.96835443037975,14210.0,5,0,0.0,-500.0,5,0.0,73,89.31506849315069,-780.0,1220
GAP10P__odds_band=60-80__field_size_band=17+,GAP10P,odds_band=60-80;field_size_band=17+,False,174,3,117.01149425287356,2960.0,73.62068965517241,37.082514734774065,0.0,170.8,29,0,0.0,0.0,174,3,117.01149425287356,2960.0,465,136.0,16740.0,25,0,0.0,-2500.0,25,0.0,93,70.10752688172043,-2780.0,1221
GAP0_2__pair_worse_rank_band=11-14__field_size_band=<=12,GAP0_2,pair_worse_rank_band=11-14;field_size_band=<=12,False,160,5,116.75,2680.0,76.9375,34.100642398286936,0.0,363.8636363636364,44,0,0.0,0.0,160,5,116.75,2680.0,451,136.49667405764967,16460.0,79,2,45.949367088607595,-4270.0,79,45.949367088607595,147,69.04761904761905,-4550.0,1222
GAP10_14__pair_worse_rank_band=11-14__market_rank_band=26-30,GAP10_14,pair_worse_rank_band=11-14;market_rank_band=26-30,False,72,1,116.11111111111111,1160.0,0.0,100.0,0.0,380.0,20,0,0.0,0.0,72,1,116.11111111111111,1160.0,363,141.15702479338842,14940.0,18,0,0.0,-1800.0,18,0.0,86,75.81395348837209,-2080.0,1223
GAP10_14__field_size_band=13-14__distance_band=2201+,GAP10_14,field_size_band=13-14;distance_band=2201+,False,41,1,115.60975609756098,640.0,0.0,100.0,0.0,263.3333333333333,5,0,0.0,0.0,41,1,115.60975609756098,640.0,332,143.43373493975903,14420.0,5,0,0.0,-500.0,5,0.0,73,89.31506849315069,-780.0,1224
GAP7_9__field_size_band=13-14__distance_band=1801-2200,GAP7_9,field_size_band=13-14;distance_band=1801-2200,False,81,2,115.4320987654321,1250.0,40.370370370370374,65.02673796791444,0.0,506.6666666666667,12,0,0.0,0.0,81,2,115.4320987654321,1250.0,372,140.40322580645162,15030.0,8,0,0.0,-800.0,8,0.0,76,85.78947368421052,-1080.0,1225
GAP5P__field_size_band=17+__model_rank_band=9-10,GAP5P,field_size_band=17+;model_rank_band=9-10,False,209,5,114.92822966507177,3120.0,83.49282296650718,27.352206494587843,0.0,186.75675675675674,37,0,0.0,0.0,209,5,114.92822966507177,3120.0,500,133.8,16900.0,38,0,0.0,-3800.0,38,0.0,106,61.509433962264154,-4080.0,1226
GAP5_6__field_size_band=<=12__distance_band=1801-2200,GAP5_6,field_size_band=<=12;distance_band=1801-2200,False,221,7,114.6606334841629,3240.0,83.98190045248869,26.75611681136543,0.0,217.33333333333334,41,0,0.0,0.0,221,7,114.6606334841629,3240.0,512,133.2421875,17020.0,22,1,251.8181818181818,3340.0,22,251.8181818181818,90,134.0,3060.0,1227
GAP15_24__surface=TURF,GAP15_24,surface=TURF,False,371,6,115.68733153638814,5820.0,90.5121293800539,21.761416589002796,0.0,177.23809523809524,105,132,35.57951482479784,45.36082474226804,239,4,114.47698744769875,3460.0,530,132.52830188679246,17240.0,86,0,0.0,-8600.0,60,0.0,128,50.9375,-6280.0,1228
GAP10P__field_size_band=<=12__l17_rank_band=<=10,GAP10P,field_size_band=<=12;l17_rank_band=<=10,False,29,1,113.44827586206897,390.0,0.0,100.0,0.0,411.25,8,0,0.0,0.0,29,1,113.44827586206897,390.0,320,144.28125,14170.0,1,0,0.0,-100.0,1,0.0,69,94.4927536231884,-380.0,1229
GAP10P__field_size_band=17+,GAP10P,field_size_band=17+,False,287,5,113.34494773519164,3830.0,82.85714285714286,26.89824777128804,0.0,172.64462809917356,63,0,0.0,0.0,287,5,113.34494773519164,3830.0,578,130.46712802768167,17610.0,76,2,111.05263157894737,840.0,76,111.05263157894737,144,103.88888888888889,560.0,1230
GAP10P__field_size_band=17+__surface=TURF,GAP10P,field_size_band=17+;surface=TURF,False,287,5,113.34494773519164,3830.0,82.85714285714286,26.89824777128804,0.0,172.64462809917356,63,0,0.0,0.0,287,5,113.34494773519164,3830.0,578,130.46712802768167,17610.0,76,2,111.05263157894737,840.0,76,111.05263157894737,144,103.88888888888889,560.0,1231
GAP10P__field_size_band=<=12__model_rank_band=6-8,GAP10P,field_size_band=<=12;model_rank_band=6-8,False,76,2,112.36842105263158,940.0,55.6578947368421,50.468384074941454,0.0,294.48275862068965,16,0,0.0,0.0,76,2,112.36842105263158,940.0,367,140.1089918256131,14720.0,5,0,0.0,-500.0,5,0.0,73,89.31506849315069,-780.0,1232
GAP10P__field_size_band=13-14__distance_band=1801-2200,GAP10P,field_size_band=13-14;distance_band=1801-2200,False,51,2,112.15686274509804,620.0,55.294117647058826,50.6993006993007,0.0,241.66666666666666,12,0,0.0,0.0,51,2,112.15686274509804,620.0,342,142.10526315789474,14400.0,6,0,0.0,-600.0,6,0.0,74,88.10810810810811,-880.0,1233
GAP10P__field_size_band=13-14__model_rank_band=11-15,GAP10P,field_size_band=13-14;model_rank_band=11-15,False,160,3,112.0625,1930.0,74.0625,33.90964863357502,0.0,381.48936170212767,41,0,0.0,0.0,160,3,112.0625,1930.0,451,134.83370288248338,15710.0,39,0,0.0,-3900.0,39,0.0,107,60.93457943925234,-4180.0,1234
GAP7_9__model_rank_band=1-3__l17_rank_band=31-40,GAP7_9,model_rank_band=1-3;l17_rank_band=31-40,False,54,2,111.66666666666667,630.0,41.48148148148148,62.85240464344942,0.0,140.0,7,0,0.0,0.0,54,2,111.66666666666667,630.0,345,141.768115942029,14410.0,14,1,169.28571428571428,970.0,14,169.28571428571428,82,108.41463414634147,690.0,1235
GAP10P__field_size_band=<=12,GAP10P,field_size_band=<=12,False,234,5,111.23931623931624,2630.0,77.22222222222223,30.580099884748368,0.0,239.3684210526316,51,0,0.0,0.0,234,5,111.23931623931624,2630.0,525,131.25714285714287,16410.0,22,0,0.0,-2200.0,22,0.0,90,72.44444444444444,-2480.0,1236
GAP5P__field_size_band=13-14__l17_rank_band=61+,GAP5P,field_size_band=13-14;l17_rank_band=61+,False,52,1,111.15384615384616,580.0,0.0,100.0,0.0,275.23809523809524,13,0,0.0,0.0,52,1,111.15384615384616,580.0,343,141.865889212828,14360.0,16,0,0.0,-1600.0,16,0.0,84,77.61904761904762,-1880.0,1237
GAP7_9__field_size_band=17+__market_rank_band=<=10,GAP7_9,field_size_band=17+;market_rank_band=<=10,False,72,3,110.83333333333333,780.0,73.05555555555556,34.08521303258146,0.0,186.89655172413794,20,0,0.0,0.0,72,3,110.83333333333333,780.0,363,140.11019283746558,14560.0,18,0,0.0,-1800.0,18,0.0,86,75.81395348837209,-2080.0,1238
GAP10_14__field_size_band=13-14__market_rank_band=16-20,GAP10_14,field_size_band=13-14;market_rank_band=16-20,False,132,4,110.75757575757575,1420.0,79.77272727272727,27.975376196990425,0.0,189.03225806451613,19,0,0.0,0.0,132,4,110.75757575757575,1420.0,423,135.9338061465721,15200.0,8,0,0.0,-800.0,8,0.0,76,85.78947368421052,-1080.0,1239
GAP10_14__market_rank_band=26-30__l17_rank_band=11-20,GAP10_14,market_rank_band=26-30;l17_rank_band=11-20,False,53,1,110.56603773584905,560.0,0.0,100.0,0.0,254.7826086956522,7,0,0.0,0.0,53,1,110.56603773584905,560.0,344,141.6860465116279,14340.0,6,0,0.0,-600.0,6,0.0,74,88.10810810810811,-880.0,1240
GAP5P__odds_band=60-80__market_rank_band=31-40,GAP5P,odds_band=60-80;market_rank_band=31-40,False,75,1,81.06666666666666,-1420.0,0.0,100.0,0.0,304.0,20,20,26.666666666666668,6.8728522336769755,55,1,110.54545454545455,580.0,346,141.5028901734104,14360.0,19,1,343.1578947368421,4620.0,11,0.0,79,82.53164556962025,-1380.0,1241
GAP10P__odds_band=60-80__market_rank_band=31-40,GAP10P,odds_band=60-80;market_rank_band=31-40,False,75,1,81.06666666666666,-1420.0,0.0,100.0,0.0,304.0,20,20,26.666666666666668,6.8728522336769755,55,1,110.54545454545455,580.0,346,141.5028901734104,14360.0,19,1,343.1578947368421,4620.0,11,0.0,79,82.53164556962025,-1380.0,1242
GAP3_4__field_size_band=15-16__l17_rank_band=61+,GAP3_4,field_size_band=15-16;l17_rank_band=61+,False,81,4,110.37037037037037,840.0,78.64197530864197,28.747203579418343,0.0,257.6923076923077,24,0,0.0,0.0,81,4,110.37037037037037,840.0,372,139.30107526881721,14620.0,31,0,0.0,-3100.0,31,0.0,99,65.85858585858585,-3380.0,1243
GAP10_14__market_rank_band=11-15__model_rank_band=4-5,GAP10_14,market_rank_band=11-15;model_rank_band=4-5,False,108,3,110.37037037037037,1120.0,70.0925925925926,36.493288590604024,0.0,224.9056603773585,18,0,0.0,0.0,108,3,110.37037037037037,1120.0,399,137.34335839598998,14900.0,5,0,0.0,-500.0,5,0.0,73,89.31506849315069,-780.0,1244
GAP10P__market_rank_band=11-15__model_rank_band=4-5,GAP10P,market_rank_band=11-15;model_rank_band=4-5,False,108,3,110.37037037037037,1120.0,70.0925925925926,36.493288590604024,0.0,224.9056603773585,18,0,0.0,0.0,108,3,110.37037037037037,1120.0,399,137.34335839598998,14900.0,5,0,0.0,-500.0,5,0.0,73,89.31506849315069,-780.0,1245
GAP10_14__field_size_band=<=12__l17_rank_band=11-20,GAP10_14,field_size_band=<=12;l17_rank_band=11-20,False,78,2,109.48717948717949,740.0,54.23076923076923,50.468384074941454,0.0,284.6666666666667,16,0,0.0,0.0,78,2,109.48717948717949,740.0,369,139.34959349593495,14520.0,5,0,0.0,-500.0,5,0.0,73,89.31506849315069,-780.0,1246
GAP3_4__market_rank_band=16-20__l17_rank_band=61+,GAP3_4,market_rank_band=16-20;l17_rank_band=61+,False,41,1,109.02439024390245,370.0,0.0,100.0,0.0,343.84615384615387,13,0,0.0,0.0,41,1,109.02439024390245,370.0,332,142.62048192771084,14150.0,16,0,0.0,-1600.0,16,0.0,84,77.61904761904762,-1880.0,1247
GAP10P__pair_worse_rank_band=<=6__field_size_band=13-14,GAP10P,pair_worse_rank_band=<=6;field_size_band=13-14,False,126,3,108.25396825396825,1040.0,60.0,44.57478005865103,0.0,164.32432432432432,33,0,0.0,0.0,126,3,108.25396825396825,1040.0,417,135.53956834532374,14820.0,12,0,0.0,-1200.0,12,0.0,80,81.5,-1480.0,1248
GAP5P__model_rank_band=4-5__l17_rank_band=41-60,GAP5P,model_rank_band=4-5;l17_rank_band=41-60,False,184,6,103.31521739130434,610.0,79.67391304347827,22.882693319305627,0.0,133.85714285714286,38,8,4.3478260869565215,2.7491408934707904,176,6,108.01136363636364,1410.0,467,132.52676659528908,15190.0,30,3,282.0,5460.0,29,291.7241379310345,97,154.43298969072166,5280.0,1249
GAP10_14__model_rank_band=6-8__l17_rank_band=<=10,GAP10_14,model_rank_band=6-8;l17_rank_band=<=10,False,44,1,107.72727272727273,340.0,0.0,100.0,0.0,263.3333333333333,6,0,0.0,0.0,44,1,107.72727272727273,340.0,335,142.1492537313433,14120.0,2,0,0.0,-200.0,2,0.0,70,93.14285714285714,-480.0,1250
GAP0_2__model_rank_band=1-3__l17_rank_band=61+,GAP0_2,model_rank_band=1-3;l17_rank_band=61+,False,24,2,107.5,180.0,31.666666666666668,70.54263565891473,0.0,258.0,6,0,0.0,0.0,24,2,107.5,180.0,315,144.31746031746033,13960.0,5,0,0.0,-500.0,5,0.0,73,89.31506849315069,-780.0,1251
GAP5_6__field_size_band=17+__l17_rank_band=31-40,GAP5_6,field_size_band=17+;l17_rank_band=31-40,False,64,1,107.1875,460.0,0.0,100.0,0.0,274.4,14,0,0.0,0.0,64,1,107.1875,460.0,355,140.11267605633802,14240.0,16,0,0.0,-1600.0,16,0.0,84,77.61904761904762,-1880.0,1252
GAP7_9__odds_band=<20__field_size_band=13-14,GAP7_9,odds_band=<20;field_size_band=13-14,False,17,1,107.05882352941177,120.0,0.0,100.0,0.0,364.0,1,0,0.0,0.0,17,1,107.05882352941177,120.0,308,145.12987012987014,13900.0,2,0,0.0,-200.0,2,0.0,70,93.14285714285714,-480.0,1253
GAP10_14__odds_band=60-80__field_size_band=17+,GAP10_14,odds_band=60-80;field_size_band=17+,False,120,2,106.75,810.0,52.0,51.288056206088996,0.0,228.75,15,0,0.0,0.0,120,2,106.75,810.0,411,135.49878345498783,14590.0,10,0,0.0,-1000.0,10,0.0,78,83.58974358974359,-1280.0,1254
GAP5_6__field_size_band=17+__l17_rank_band=21-30,GAP5_6,field_size_band=17+;l17_rank_band=21-30,False,134,3,106.11940298507463,820.0,52.38805970149254,50.63291139240506,0.0,150.0,39,0,0.0,0.0,134,3,106.11940298507463,820.0,425,134.35294117647058,14600.0,29,0,0.0,-2900.0,29,0.0,97,67.21649484536083,-3180.0,1255
GAP10_14__market_rank_band=16-20__model_rank_band=9-10,GAP10_14,market_rank_band=16-20;model_rank_band=9-10,False,123,2,105.9349593495935,730.0,52.520325203252035,50.42210283960092,0.0,289.55555555555554,17,0,0.0,0.0,123,2,105.9349593495935,730.0,414,135.04830917874395,14510.0,8,0,0.0,-800.0,8,0.0,76,85.78947368421052,-1080.0,1256
GAP10P__market_rank_band=16-20__model_rank_band=9-10,GAP10P,market_rank_band=16-20;model_rank_band=9-10,False,123,2,105.9349593495935,730.0,52.520325203252035,50.42210283960092,0.0,289.55555555555554,17,0,0.0,0.0,123,2,105.9349593495935,730.0,414,135.04830917874395,14510.0,8,0,0.0,-800.0,8,0.0,76,85.78947368421052,-1080.0,1257
GAP5P__pair_worse_rank_band=11-14__field_size_band=13-14,GAP5P,pair_worse_rank_band=11-14;field_size_band=13-14,False,233,5,105.83690987124463,1360.0,75.92274678111588,28.26439578264396,0.0,215.63636363636363,55,0,0.0,0.0,233,5,105.83690987124463,1360.0,524,128.89312977099237,15140.0,86,1,59.883720930232556,-3450.0,86,59.883720930232556,154,75.77922077922078,-3730.0,1258
GAP10_14__model_rank_band=11-15__l17_rank_band=41-60,GAP10_14,model_rank_band=11-15;l17_rank_band=41-60,False,185,3,105.78378378378379,1070.0,62.75675675675676,40.674501788451714,0.0,263.8636363636364,44,0,0.0,0.0,185,3,105.78378378378379,1070.0,476,131.19747899159663,14850.0,45,0,0.0,-4500.0,45,0.0,113,57.69911504424779,-4780.0,1259
GAP15_24__model_rank_band=11-15,GAP15_24,model_rank_band=11-15,False,232,4,133.23275862068965,7710.0,92.97413793103448,30.216758330637333,0.0,250.8080808080808,52,91,39.224137931034484,31.27147766323024,141,2,105.177304964539,730.0,432,133.58796296296296,14510.0,101,1,64.55445544554455,-3580.0,62,0.0,130,50.15384615384615,-6480.0,1260
GAP7_9__market_rank_band=16-20__l17_rank_band=11-20,GAP7_9,market_rank_band=16-20;l17_rank_band=11-20,False,405,9,105.06172839506173,2050.0,90.12345679012346,14.218566392479437,0.0,157.20430107526883,48,0,0.0,0.0,405,9,105.06172839506173,2050.0,696,122.74425287356321,15830.0,39,1,175.64102564102564,2950.0,39,175.64102564102564,107,124.95327102803738,2670.0,1261
GAP5_6__model_rank_band=1-3__l17_rank_band=31-40,GAP5_6,model_rank_band=1-3;l17_rank_band=31-40,False,59,3,104.91525423728814,290.0,60.50847457627118,42.32633279483037,0.0,412.6666666666667,10,0,0.0,0.0,59,3,104.91525423728814,290.0,350,140.2,14070.0,8,0,0.0,-800.0,8,0.0,76,85.78947368421052,-1080.0,1262
GAP15_24__market_rank_band=31-40__model_rank_band=11-15,GAP15_24,market_rank_band=31-40;model_rank_band=11-15,False,99,2,155.75757575757575,5520.0,61.41414141414141,60.570687418936444,0.0,233.5,26,41,41.41414141414141,14.0893470790378,58,1,104.82758620689656,280.0,349,140.2865329512894,14060.0,49,1,133.0612244897959,1620.0,31,0.0,99,65.85858585858585,-3380.0,1263
GAP7_9__odds_band=60-80__field_size_band=<=12,GAP7_9,odds_band=60-80;field_size_band=<=12,False,58,1,104.3103448275862,250.0,0.0,100.0,0.0,208.6206896551724,5,0,0.0,0.0,58,1,104.3103448275862,250.0,349,140.20057306590257,14030.0,11,0,0.0,-1100.0,11,0.0,79,82.53164556962025,-1380.0,1264
GAP5_6__field_size_band=<=12__market_rank_band=21-25,GAP5_6,field_size_band=<=12;market_rank_band=21-25,False,50,1,104.2,210.0,0.0,100.0,0.0,372.14285714285717,8,0,0.0,0.0,50,1,104.2,210.0,341,141.02639296187684,13990.0,6,0,0.0,-600.0,6,0.0,74,88.10810810810811,-880.0,1265
GAP10_14__field_size_band=17+__distance_band=<=1400,GAP10_14,field_size_band=17+;distance_band=<=1400,False,154,3,103.76623376623377,580.0,63.246753246753244,39.04881101376721,0.0,183.93939393939394,28,0,0.0,0.0,154,3,103.76623376623377,580.0,445,132.26966292134833,14360.0,24,0,0.0,-2400.0,24,0.0,92,70.8695652173913,-2680.0,1266
GAP15_24__market_rank_band=21-25__l17_rank_band=41-60,GAP15_24,market_rank_band=21-25;l17_rank_band=41-60,False,64,1,64.53125,-2270.0,0.0,100.0,0.0,196.66666666666666,6,24,37.5,8.24742268041237,40,1,103.25,130.0,331,142.02416918429003,13910.0,4,0,0.0,-400.0,1,0.0,69,94.4927536231884,-380.0,1267
GAP3_4__odds_band=60-80__field_size_band=<=12,GAP3_4,odds_band=60-80;field_size_band=<=12,False,252,4,102.61904761904762,660.0,74.4047619047619,27.494199535962878,0.0,150.53846153846155,30,0,0.0,0.0,252,4,102.61904761904762,660.0,543,126.59300184162062,14440.0,18,0,0.0,-1800.0,18,0.0,86,75.81395348837209,-2080.0,1268
GAP7_9__field_size_band=<=12__distance_band=1401-1800,GAP7_9,field_size_band=<=12;distance_band=1401-1800,False,203,5,102.61083743842364,530.0,72.80788177339902,29.044647143542967,0.0,158.44660194174756,32,0,0.0,0.0,203,5,102.61083743842364,530.0,494,128.96761133603238,14310.0,15,0,0.0,-1500.0,15,0.0,83,78.55421686746988,-1780.0,1269
GAP15_24__field_size_band=13-14__surface=TURF,GAP15_24,field_size_band=13-14;surface=TURF,False,68,1,102.5,170.0,0.0,100.0,0.0,387.22222222222223,18,0,0.0,0.0,68,1,102.5,170.0,359,138.85793871866295,13950.0,16,0,0.0,-1600.0,16,0.0,84,77.61904761904762,-1880.0,1270
GAP10_14__market_rank_band=11-15__l17_rank_band=41-60,GAP10_14,market_rank_band=11-15;l17_rank_band=41-60,False,72,2,101.52777777777777,110.0,41.111111111111114,59.50752393980848,0.0,208.85714285714286,18,0,0.0,0.0,72,2,101.52777777777777,110.0,363,138.26446280991735,13890.0,4,1,915.0,3260.0,4,915.0,72,141.38888888888889,2980.0,1271
GAP10P__market_rank_band=11-15__l17_rank_band=41-60,GAP10P,market_rank_band=11-15;l17_rank_band=41-60,False,72,2,101.52777777777777,110.0,41.111111111111114,59.50752393980848,0.0,208.85714285714286,18,0,0.0,0.0,72,2,101.52777777777777,110.0,363,138.26446280991735,13890.0,4,1,915.0,3260.0,4,915.0,72,141.38888888888889,2980.0,1272
GAP5P__odds_band=60-80__model_rank_band=9-10,GAP5P,odds_band=60-80;model_rank_band=9-10,False,222,4,114.81981981981981,3290.0,85.22522522522523,25.77481365241271,0.0,289.65909090909093,28,32,14.414414414414415,10.996563573883162,190,3,101.42105263157895,270.0,481,129.20997920997922,14050.0,15,0,0.0,-1500.0,10,0.0,78,83.58974358974359,-1280.0,1273
GAP10P__odds_band=40-60__model_rank_band=4-5,GAP10P,odds_band=40-60;model_rank_band=4-5,False,202,4,90.34653465346534,-1950.0,62.02970297029703,31.34246575342466,0.0,140.7865168539326,39,22,10.891089108910892,7.560137457044673,180,4,101.38888888888889,250.0,471,129.7876857749469,14030.0,17,0,0.0,-1700.0,15,0.0,83,78.55421686746988,-1780.0,1274
GAP10_14__odds_band=40-60__market_rank_band=26-30,GAP10_14,odds_band=40-60;market_rank_band=26-30,False,58,1,101.03448275862068,60.0,0.0,100.0,0.0,202.06896551724137,5,0,0.0,0.0,58,1,101.03448275862068,60.0,349,139.65616045845272,13840.0,18,1,233.33333333333334,2400.0,18,233.33333333333334,86,124.65116279069767,2120.0,1275
GAP7_9__field_size_band=17+__model_rank_band=9-10,GAP7_9,field_size_band=17+;model_rank_band=9-10,False,74,2,100.94594594594595,70.0,42.83783783783784,57.56358768406961,0.0,288.1818181818182,11,0,0.0,0.0,74,2,100.94594594594595,70.0,365,137.94520547945206,13850.0,6,0,0.0,-600.0,6,0.0,74,88.10810810810811,-880.0,1276
GAP10P__field_size_band=13-14__distance_band=2201+,GAP10P,field_size_band=13-14;distance_band=2201+,False,47,1,100.85106382978724,40.0,0.0,100.0,0.0,206.08695652173913,5,0,0.0,0.0,47,1,100.85106382978724,40.0,338,140.88757396449705,13820.0,7,0,0.0,-700.0,7,0.0,75,86.93333333333334,-980.0,1277
GAP15_24__odds_band=60-80__field_size_band=17+,GAP15_24,odds_band=60-80;field_size_band=17+,False,75,1,100.66666666666667,50.0,0.0,100.0,0.0,269.64285714285717,17,0,0.0,0.0,75,1,100.66666666666667,50.0,366,137.78688524590163,13830.0,12,0,0.0,-1200.0,12,0.0,80,81.5,-1480.0,1278
GAP10P__field_size_band=13-14__market_rank_band=16-20,GAP10P,field_size_band=13-14;market_rank_band=16-20,False,146,4,100.13698630136986,20.0,72.12328767123287,27.975376196990425,0.0,172.35294117647058,22,0,0.0,0.0,146,4,100.13698630136986,20.0,437,131.57894736842104,13800.0,8,0,0.0,-800.0,8,0.0,76,85.78947368421052,-1080.0,1279
GAP3_4__market_rank_band=<=10__l17_rank_band=31-40,GAP3_4,market_rank_band=<=10;l17_rank_band=31-40,False,215,9,100.09302325581395,20.0,84.0,16.07806691449814,0.0,161.66666666666666,57,0,0.0,0.0,215,9,100.09302325581395,20.0,506,127.27272727272727,13800.0,68,3,77.3529411764706,-1540.0,68,77.3529411764706,136,86.61764705882354,-1820.0,1280
GAP15_24__pair_worse_rank_band=7-10__market_rank_band=16-20,GAP15_24,pair_worse_rank_band=7-10;market_rank_band=16-20,False,57,1,71.75438596491227,-1610.0,0.0,100.0,0.0,136.33333333333334,6,16,28.07017543859649,5.498281786941581,41,1,99.7560975609756,-10.0,332,141.47590361445782,13770.0,3,0,0.0,-300.0,1,0.0,69,94.4927536231884,-380.0,1281
GAP10_14__field_size_band=17+__l17_rank_band=<=10,GAP10_14,field_size_band=17+;l17_rank_band=<=10,False,31,1,99.03225806451613,-30.0,0.0,100.0,0.0,307.0,4,0,0.0,0.0,31,1,99.03225806451613,-30.0,322,142.70186335403727,13750.0,7,0,0.0,-700.0,7,0.0,75,86.93333333333334,-980.0,1282
GAP5P__odds_band=40-60__model_rank_band=4-5,GAP5P,odds_band=40-60;model_rank_band=4-5,False,248,5,90.12096774193549,-2450.0,67.05645161290323,25.59284116331096,0.0,137.43801652892563,43,22,8.870967741935484,7.560137457044673,226,5,98.89380530973452,-250.0,517,126.17021276595744,13530.0,18,0,0.0,-1800.0,16,0.0,84,77.61904761904762,-1880.0,1283
GAP10_14__field_size_band=15-16__market_rank_band=26-30,GAP10_14,field_size_band=15-16;market_rank_band=26-30,False,144,2,98.75,-180.0,40.69444444444444,58.79043600562588,0.0,167.2,31,0,0.0,0.0,144,2,98.75,-180.0,435,131.26436781609195,13600.0,39,0,0.0,-3900.0,39,0.0,107,60.93457943925234,-4180.0,1284
GAP7_9__model_rank_band=9-10__l17_rank_band=21-30,GAP7_9,model_rank_band=9-10;l17_rank_band=21-30,False,166,4,98.43373493975903,-260.0,70.18072289156626,28.702570379436963,0.0,196.86746987951807,22,0,0.0,0.0,166,4,98.43373493975903,-260.0,457,129.58424507658643,13520.0,12,0,0.0,-1200.0,12,0.0,80,81.5,-1480.0,1285
GAP10P__market_rank_band=21-25__l17_rank_band=41-60,GAP10P,market_rank_band=21-25;l17_rank_band=41-60,False,235,4,88.29787234042553,-2750.0,62.46808510638298,29.253012048192772,0.0,377.72727272727275,44,24,10.212765957446809,8.24742268041237,211,4,98.34123222748815,-350.0,502,126.75298804780877,13430.0,32,0,0.0,-3200.0,29,0.0,97,67.21649484536083,-3180.0,1286
GAP15_24__field_size_band=13-14__market_rank_band=21-25,GAP15_24,field_size_band=13-14;market_rank_band=21-25,False,42,1,98.33333333333333,-70.0,0.0,100.0,0.0,413.0,10,0,0.0,0.0,42,1,98.33333333333333,-70.0,333,141.17117117117118,13710.0,1,0,0.0,-100.0,1,0.0,69,94.4927536231884,-380.0,1287
GAP10_14__field_size_band=13-14__model_rank_band=6-8,GAP10_14,field_size_band=13-14;model_rank_band=6-8,False,90,2,98.11111111111111,-170.0,45.44444444444444,53.680634201585505,0.0,135.42857142857142,12,0,0.0,0.0,90,2,98.11111111111111,-170.0,381,135.7217847769029,13610.0,4,0,0.0,-400.0,4,0.0,72,90.55555555555556,-680.0,1288
GAP10_14__field_size_band=13-14__surface=DIRT,GAP10_14,field_size_band=13-14;surface=DIRT,False,144,3,97.91666666666667,-300.0,55.763888888888886,43.04964539007092,0.0,173.42857142857142,35,0,0.0,0.0,144,3,97.91666666666667,-300.0,435,130.98850574712642,13480.0,13,0,0.0,-1300.0,13,0.0,81,80.49382716049382,-1580.0,1289
GAP5_6__pair_worse_rank_band=15+__field_size_band=17+,GAP5_6,pair_worse_rank_band=15+;field_size_band=17+,False,31,1,97.74193548387096,-70.0,0.0,100.0,0.0,275.45454545454544,5,0,0.0,0.0,31,1,97.74193548387096,-70.0,322,142.5776397515528,13710.0,7,0,0.0,-700.0,7,0.0,75,86.93333333333334,-980.0,1290
GAP15_24__odds_band=40-60__market_rank_band=21-25,GAP15_24,odds_band=40-60;market_rank_band=21-25,False,150,3,103.4,510.0,65.26666666666667,36.87943262411348,0.0,222.5,44,49,32.666666666666664,16.83848797250859,101,2,97.52475247524752,-250.0,392,134.51530612244898,13530.0,9,0,0.0,-900.0,3,0.0,71,91.83098591549296,-580.0,1291
GAP10_14__pair_worse_rank_band=7-10__field_size_band=<=12,GAP10_14,pair_worse_rank_band=7-10;field_size_band=<=12,False,146,2,97.26027397260275,-400.0,42.73972602739726,56.056338028169016,0.0,236.66666666666666,23,0,0.0,0.0,146,2,97.26027397260275,-400.0,437,130.6178489702517,13380.0,12,1,350.0,3000.0,12,350.0,80,134.0,2720.0,1292
GAP10_14__field_size_band=17+__market_rank_band=21-25,GAP10_14,field_size_band=17+;market_rank_band=21-25,False,125,2,97.12,-360.0,47.2,51.4003294892916,0.0,202.33333333333334,20,0,0.0,0.0,125,2,97.12,-360.0,416,132.2596153846154,13420.0,22,0,0.0,-2200.0,22,0.0,90,72.44444444444444,-2480.0,1293
GAP7_9__field_size_band=<=12__market_rank_band=<=10,GAP7_9,field_size_band=<=12;market_rank_band=<=10,False,65,3,97.07692307692308,-190.0,52.46153846153846,45.95879556259905,0.0,193.75,12,0,0.0,0.0,65,3,97.07692307692308,-190.0,356,138.17415730337078,13590.0,2,0,0.0,-200.0,2,0.0,70,93.14285714285714,-480.0,1294
GAP10_14__field_size_band=17+__model_rank_band=4-5,GAP10_14,field_size_band=17+;model_rank_band=4-5,False,36,1,96.66666666666667,-120.0,0.0,100.0,0.0,204.7058823529412,5,0,0.0,0.0,36,1,96.66666666666667,-120.0,327,141.7737003058104,13660.0,5,0,0.0,-500.0,5,0.0,73,89.31506849315069,-780.0,1295
GAP10P__surface=DIRT__distance_band=1801-2200,GAP10P,surface=DIRT;distance_band=1801-2200,False,45,1,70.88888888888889,-1310.0,0.0,100.0,0.0,187.64705882352942,13,12,26.666666666666668,4.123711340206185,33,1,96.66666666666667,-110.0,324,142.19135802469137,13670.0,7,0,0.0,-700.0,6,0.0,74,88.10810810810811,-880.0,1296
GAP7_9__market_rank_band=<=10__l17_rank_band=21-30,GAP7_9,market_rank_band=<=10;l17_rank_band=21-30,False,58,2,96.55172413793103,-200.0,46.55172413793103,51.785714285714285,0.0,430.7692307692308,11,0,0.0,0.0,58,2,96.55172413793103,-200.0,349,138.9111747851003,13580.0,8,0,0.0,-800.0,8,0.0,76,85.78947368421052,-1080.0,1297
GAP10_14__odds_band=20-40__market_rank_band=11-15,GAP10_14,odds_band=20-40;market_rank_band=11-15,False,321,10,96.35514018691589,-1170.0,85.51401869158879,11.25121241513094,0.0,193.65591397849462,68,0,0.0,0.0,321,10,96.35514018691589,-1170.0,612,120.60457516339869,12610.0,25,2,254.4,3860.0,25,254.4,93,138.49462365591398,3580.0,1298
GAP10P__odds_band=20-40__market_rank_band=11-15,GAP10P,odds_band=20-40;market_rank_band=11-15,False,321,10,96.35514018691589,-1170.0,85.51401869158879,11.25121241513094,0.0,193.65591397849462,68,0,0.0,0.0,321,10,96.35514018691589,-1170.0,612,120.60457516339869,12610.0,25,2,254.4,3860.0,25,254.4,93,138.49462365591398,3580.0,1299
GAP5_6__pair_worse_rank_band=<=6__market_rank_band=21-25,GAP5_6,pair_worse_rank_band=<=6;market_rank_band=21-25,False,48,1,95.83333333333333,-200.0,0.0,100.0,0.0,209.0909090909091,12,0,0.0,0.0,48,1,95.83333333333333,-200.0,339,140.0589970501475,13580.0,3,0,0.0,-300.0,3,0.0,71,91.83098591549296,-580.0,1300
GAP7_9__field_size_band=13-14__model_rank_band=4-5,GAP7_9,field_size_band=13-14;model_rank_band=4-5,False,135,4,95.70370370370371,-580.0,65.33333333333333,31.73374613003096,0.0,170.1639344262295,20,0,0.0,0.0,135,4,95.70370370370371,-580.0,426,130.98591549295776,13200.0,5,0,0.0,-500.0,5,0.0,73,89.31506849315069,-780.0,1301
GAP7_9__pair_worse_rank_band=11-14__market_rank_band=21-25,GAP7_9,pair_worse_rank_band=11-14;market_rank_band=21-25,False,213,3,95.68075117370893,-920.0,59.81220657276995,37.487733071638864,0.0,265.4166666666667,48,0,0.0,0.0,213,3,95.68075117370893,-920.0,504,125.51587301587301,12860.0,53,0,0.0,-5300.0,53,0.0,121,53.88429752066116,-5580.0,1302
GAP10_14__market_rank_band=21-25__l17_rank_band=11-20,GAP10_14,market_rank_band=21-25;l17_rank_band=11-20,False,185,3,95.1891891891892,-890.0,61.45945945945946,35.43441226575809,0.0,155.64102564102564,45,0,0.0,0.0,185,3,95.1891891891892,-890.0,476,127.0798319327731,12890.0,15,0,0.0,-1500.0,15,0.0,83,78.55421686746988,-1780.0,1303
GAP5P__model_rank_band=1-3__l17_rank_band=31-40,GAP5P,model_rank_band=1-3;l17_rank_band=31-40,False,170,7,123.94117647058823,4070.0,90.6470588235294,26.86283815851922,0.0,205.609756097561,24,7,4.117647058823529,2.4054982817869415,163,6,94.5398773006135,-890.0,454,128.3920704845815,12890.0,24,1,98.75,-30.0,24,98.75,92,96.6304347826087,-310.0,1304
GAP10_14__market_rank_band=21-25__l17_rank_band=41-60,GAP10_14,market_rank_band=21-25;l17_rank_band=41-60,False,176,3,94.43181818181819,-980.0,59.94318181818182,36.522262334536705,0.0,437.36842105263156,38,0,0.0,0.0,176,3,94.43181818181819,-980.0,467,127.40899357601712,12800.0,29,0,0.0,-2900.0,29,0.0,97,67.21649484536083,-3180.0,1305
GAP0_2__odds_band=20-40__model_rank_band=1-3,GAP0_2,odds_band=20-40;model_rank_band=1-3,False,95,4,94.21052631578948,-550.0,66.0,29.94413407821229,0.0,182.97297297297297,24,0,0.0,0.0,95,4,94.21052631578948,-550.0,386,134.27461139896374,13230.0,35,1,61.42857142857143,-1350.0,35,61.42857142857143,103,84.1747572815534,-1630.0,1306
GAP0_2__field_size_band=15-16__distance_band=2201+,GAP0_2,field_size_band=15-16;distance_band=2201+,False,74,4,94.05405405405405,-440.0,55.4054054054054,41.0919540229885,0.0,180.0,21,0,0.0,0.0,74,4,94.05405405405405,-440.0,365,136.54794520547946,13340.0,36,3,178.88888888888889,2840.0,36,178.88888888888889,104,124.61538461538461,2560.0,1307
GAP10_14__field_size_band=<=12__market_rank_band=16-20,GAP10_14,field_size_band=<=12;market_rank_band=16-20,False,91,2,93.84615384615384,-560.0,46.48351648351648,50.468384074941454,0.0,244.0,12,0,0.0,0.0,91,2,93.84615384615384,-560.0,382,134.60732984293193,13220.0,5,0,0.0,-500.0,5,0.0,73,89.31506849315069,-780.0,1308
GAP3_4__odds_band=60-80__field_size_band=15-16,GAP3_4,odds_band=60-80;field_size_band=15-16,False,335,5,93.7910447761194,-2080.0,74.14925373134328,20.942075111394015,0.0,149.3548387096774,55,0,0.0,0.0,335,5,93.7910447761194,-2080.0,626,118.69009584664536,11700.0,32,0,0.0,-3200.0,32,0.0,100,65.2,-3480.0,1309
GAP5P__market_rank_band=26-30__model_rank_band=11-15,GAP5P,market_rank_band=26-30;model_rank_band=11-15,False,380,5,99.13157894736842,-330.0,76.10526315789474,23.228032917440935,0.0,175.50898203592814,80,50,13.157894736842104,17.18213058419244,330,4,93.72727272727273,-2070.0,621,118.85668276972625,11710.0,111,0,0.0,-11100.0,90,0.0,158,41.265822784810126,-9280.0,1310
GAP10P__market_rank_band=26-30__model_rank_band=11-15,GAP10P,market_rank_band=26-30;model_rank_band=11-15,False,380,5,99.13157894736842,-330.0,76.10526315789474,23.228032917440935,0.0,175.50898203592814,80,50,13.157894736842104,17.18213058419244,330,4,93.72727272727273,-2070.0,621,118.85668276972625,11710.0,111,0,0.0,-11100.0,90,0.0,158,41.265822784810126,-9280.0,1311
GAP3_4__model_rank_band=9-10__l17_rank_band=41-60,GAP3_4,model_rank_band=9-10;l17_rank_band=41-60,False,87,2,93.2183908045977,-590.0,37.47126436781609,59.802712700369916,0.0,155.23809523809524,21,0,0.0,0.0,87,2,93.2183908045977,-590.0,378,134.8941798941799,13190.0,23,0,0.0,-2300.0,23,0.0,91,71.64835164835165,-2580.0,1312
GAP5P__field_size_band=17+__market_rank_band=21-25,GAP5P,field_size_band=17+;market_rank_band=21-25,False,294,4,92.95918367346938,-2070.0,66.97278911564626,27.954628613245518,0.0,144.37956204379563,59,0,0.0,0.0,294,4,92.95918367346938,-2070.0,585,120.01709401709402,11710.0,48,0,0.0,-4800.0,48,0.0,116,56.206896551724135,-5080.0,1313
GAP10_14__model_rank_band=11-15__l17_rank_band=11-20,GAP10_14,model_rank_band=11-15;l17_rank_band=11-20,False,186,3,92.63440860215054,-1370.0,60.913978494623656,34.24260011607661,0.0,168.0,53,0,0.0,0.0,186,3,92.63440860215054,-1370.0,477,126.0167714884696,12410.0,18,0,0.0,-1800.0,18,0.0,86,75.81395348837209,-2080.0,1314
GAP7_9__field_size_band=17+__l17_rank_band=41-60,GAP7_9,field_size_band=17+;l17_rank_band=41-60,False,83,2,92.40963855421687,-630.0,44.45783132530121,51.890482398956976,0.0,153.75,23,0,0.0,0.0,83,2,92.40963855421687,-630.0,374,135.16042780748663,13150.0,25,1,170.4,1760.0,25,170.4,93,115.91397849462365,1480.0,1315
GAP15_24__market_rank_band=31-40,GAP15_24,market_rank_band=31-40,False,118,3,181.1864406779661,9580.0,102.03389830508475,43.68568755846586,0.0,308.71794871794873,30,52,44.067796610169495,17.869415807560138,66,1,92.12121212121212,-520.0,357,137.14285714285714,13260.0,56,1,116.42857142857143,920.0,34,0.0,102,63.92156862745098,-3680.0,1316
GAP15_24__market_rank_band=26-30__model_rank_band=11-15,GAP15_24,market_rank_band=26-30;model_rank_band=11-15,False,145,2,106.82758620689656,990.0,46.48275862068966,56.488056810845706,0.0,238.30769230769232,27,50,34.48275862068966,17.18213058419244,95,1,92.10526315789474,-750.0,386,133.75647668393782,13030.0,56,0,0.0,-5600.0,35,0.0,103,63.300970873786405,-3780.0,1317
GAP3_4__field_size_band=15-16__distance_band=2201+,GAP3_4,field_size_band=15-16;distance_band=2201+,False,68,2,91.91176470588235,-550.0,29.705882352941178,67.68,0.0,183.91304347826087,18,0,0.0,0.0,68,2,91.91176470588235,-550.0,359,136.8523676880223,13230.0,27,0,0.0,-2700.0,27,0.0,95,68.63157894736842,-2980.0,1318
GAP10P__field_size_band=<=12__l17_rank_band=11-20,GAP10P,field_size_band=<=12;l17_rank_band=11-20,False,93,2,91.82795698924731,-760.0,45.483870967741936,50.468384074941454,0.0,251.1764705882353,26,0,0.0,0.0,93,2,91.82795698924731,-760.0,384,133.90625,13020.0,6,0,0.0,-600.0,6,0.0,74,88.10810810810811,-880.0,1319
GAP10_14__field_size_band=<=12__l17_rank_band=21-30,GAP10_14,field_size_band=<=12;l17_rank_band=21-30,False,68,1,91.76470588235294,-560.0,0.0,100.0,0.0,240.0,12,0,0.0,0.0,68,1,91.76470588235294,-560.0,359,136.82451253481895,13220.0,3,0,0.0,-300.0,3,0.0,71,91.83098591549296,-580.0,1320
GAP10P__odds_band=60-80__model_rank_band=6-8,GAP10P,odds_band=60-80;model_rank_band=6-8,False,110,1,63.36363636363637,-4030.0,0.0,100.0,0.0,154.88888888888889,21,34,30.90909090909091,11.683848797250858,76,1,91.71052631578948,-630.0,367,135.83106267029973,13150.0,12,0,0.0,-1200.0,7,0.0,75,86.93333333333334,-980.0,1321
GAP7_9__field_size_band=<=12__l17_rank_band=11-20,GAP7_9,field_size_band=<=12;l17_rank_band=11-20,False,261,7,91.60919540229885,-2190.0,68.42911877394636,25.30322040987035,0.0,105.0,32,0,0.0,0.0,261,7,91.60919540229885,-2190.0,552,120.9963768115942,11590.0,14,0,0.0,-1400.0,14,0.0,82,79.51219512195122,-1680.0,1322
GAP10_14__model_rank_band=4-5__l17_rank_band=<=10,GAP10_14,model_rank_band=4-5;l17_rank_band=<=10,False,38,1,91.57894736842105,-320.0,0.0,100.0,0.0,165.71428571428572,6,0,0.0,0.0,38,1,91.57894736842105,-320.0,329,140.91185410334347,13460.0,0,0,,0.0,0,,68,95.88235294117646,-280.0,1323
GAP10_14__odds_band=40-60__model_rank_band=1-3,GAP10_14,odds_band=40-60;model_rank_band=1-3,False,48,1,91.45833333333333,-410.0,0.0,100.0,0.0,731.6666666666666,6,0,0.0,0.0,48,1,91.45833333333333,-410.0,339,139.43952802359883,13370.0,3,0,0.0,-300.0,3,0.0,71,91.83098591549296,-580.0,1324
GAP15_24__market_rank_band=26-30,GAP15_24,market_rank_band=26-30,False,284,4,100.98591549295774,280.0,70.17605633802818,30.509065550906556,0.0,206.76190476190476,66,112,39.436619718309856,38.487972508591064,172,2,91.3953488372093,-1480.0,463,126.5658747300216,12300.0,82,0,0.0,-8200.0,48,0.0,116,56.206896551724135,-5080.0,1325
GAP10_14__field_size_band=<=12__model_rank_band=1-3,GAP10_14,field_size_band=<=12;model_rank_band=1-3,False,36,1,91.38888888888889,-310.0,0.0,100.0,0.0,149.54545454545453,5,0,0.0,0.0,36,1,91.38888888888889,-310.0,327,141.19266055045873,13470.0,0,0,,0.0,0,,68,95.88235294117646,-280.0,1326
GAP5_6__field_size_band=13-14__market_rank_band=21-25,GAP5_6,field_size_band=13-14;market_rank_band=21-25,False,49,1,91.22448979591837,-430.0,0.0,100.0,0.0,159.64285714285714,10,0,0.0,0.0,49,1,91.22448979591837,-430.0,340,139.26470588235293,13350.0,5,0,0.0,-500.0,5,0.0,73,89.31506849315069,-780.0,1327
GAP10_14__field_size_band=13-14__l17_rank_band=<=10,GAP10_14,field_size_band=13-14;l17_rank_band=<=10,False,52,1,91.15384615384616,-460.0,0.0,100.0,0.0,237.0,12,0,0.0,0.0,52,1,91.15384615384616,-460.0,343,138.8338192419825,13320.0,2,0,0.0,-200.0,2,0.0,70,93.14285714285714,-480.0,1328
GAP10_14__market_rank_band=21-25__model_rank_band=6-8,GAP10_14,market_rank_band=21-25;model_rank_band=6-8,False,52,1,91.15384615384616,-460.0,0.0,100.0,0.0,189.6,3,0,0.0,0.0,52,1,91.15384615384616,-460.0,343,138.8338192419825,13320.0,2,0,0.0,-200.0,2,0.0,70,93.14285714285714,-480.0,1329
GAP7_9__odds_band=40-60__model_rank_band=4-5,GAP7_9,odds_band=40-60;model_rank_band=4-5,False,45,1,91.11111111111111,-400.0,0.0,100.0,0.0,128.125,3,0,0.0,0.0,45,1,91.11111111111111,-400.0,336,139.82142857142858,13380.0,1,0,0.0,-100.0,1,0.0,69,94.4927536231884,-380.0,1330
GAP5_6__odds_band=60-80__field_size_band=15-16,GAP5_6,odds_band=60-80;field_size_band=15-16,False,288,4,89.96527777777777,-2890.0,66.35416666666667,26.24469316866075,0.0,165.46218487394958,44,0,0.0,0.0,288,4,89.96527777777777,-2890.0,579,118.80829015544042,10890.0,39,0,0.0,-3900.0,39,0.0,107,60.93457943925234,-4180.0,1331
GAP10P__model_rank_band=6-8__l17_rank_band=<=10,GAP10P,model_rank_band=6-8;l17_rank_band=<=10,False,55,1,86.18181818181819,-760.0,0.0,100.0,0.0,237.0,13,2,3.6363636363636362,0.6872852233676976,53,1,89.43396226415095,-560.0,344,138.43023255813952,13220.0,5,0,0.0,-500.0,4,0.0,72,90.55555555555556,-680.0,1332
GAP5P__field_size_band=17+__l17_rank_band=41-60,GAP5P,field_size_band=17+;l17_rank_band=41-60,False,220,4,89.0909090909091,-2400.0,49.31818181818182,44.642857142857146,0.0,134.0,59,0,0.0,0.0,220,4,89.0909090909091,-2400.0,511,122.27005870841488,11380.0,67,2,118.2089552238806,1220.0,67,118.2089552238806,135,106.96296296296296,940.0,1333
GAP5P__pair_worse_rank_band=11-14__field_size_band=<=12,GAP5P,pair_worse_rank_band=11-14;field_size_band=<=12,False,55,1,88.72727272727273,-620.0,0.0,100.0,0.0,244.0,12,0,0.0,0.0,55,1,88.72727272727273,-620.0,346,138.03468208092485,13160.0,18,1,307.77777777777777,3740.0,18,307.77777777777777,86,140.2325581395349,3460.0,1334
GAP10_14__market_rank_band=26-30,GAP10_14,market_rank_band=26-30,False,251,3,88.36653386454184,-2920.0,55.059760956175296,37.69161406672678,0.0,126.78899082568807,53,0,0.0,0.0,251,3,88.36653386454184,-2920.0,542,120.03690036900369,10860.0,62,1,67.74193548387096,-2000.0,62,67.74193548387096,130,82.46153846153847,-2280.0,1335
GAP10_14__market_rank_band=26-30__model_rank_band=11-15,GAP10_14,market_rank_band=26-30;model_rank_band=11-15,False,251,3,88.36653386454184,-2920.0,55.059760956175296,37.69161406672678,0.0,126.78899082568807,53,0,0.0,0.0,251,3,88.36653386454184,-2920.0,542,120.03690036900369,10860.0,62,1,67.74193548387096,-2000.0,62,67.74193548387096,130,82.46153846153847,-2280.0,1336
GAP5P__field_size_band=15-16__market_rank_band=26-30,GAP5P,field_size_band=15-16;market_rank_band=26-30,False,274,4,99.1970802919708,-220.0,68.68613138686132,30.757910228108905,0.0,171.0909090909091,71,112,40.87591240875913,38.487972508591064,162,2,87.77777777777777,-1980.0,453,126.0485651214128,11800.0,77,0,0.0,-7700.0,43,0.0,111,58.73873873873874,-4580.0,1337
GAP10P__field_size_band=15-16__market_rank_band=26-30,GAP10P,field_size_band=15-16;market_rank_band=26-30,False,274,4,99.1970802919708,-220.0,68.68613138686132,30.757910228108905,0.0,171.0909090909091,71,112,40.87591240875913,38.487972508591064,162,2,87.77777777777777,-1980.0,453,126.0485651214128,11800.0,77,0,0.0,-7700.0,43,0.0,111,58.73873873873874,-4580.0,1338
GAP3_4__model_rank_band=11-15__l17_rank_band=61+,GAP3_4,model_rank_band=11-15;l17_rank_band=61+,False,51,1,87.6470588235294,-630.0,0.0,100.0,0.0,279.375,16,0,0.0,0.0,51,1,87.6470588235294,-630.0,342,138.45029239766083,13150.0,22,0,0.0,-2200.0,22,0.0,90,72.44444444444444,-2480.0,1339
GAP15_24__l17_rank_band=41-60,GAP15_24,l17_rank_band=41-60,False,173,2,74.10404624277457,-4480.0,23.526011560693643,68.25273010920436,0.0,131.29032258064515,31,73,42.19653179190752,25.085910652920962,100,1,87.5,-1250.0,391,132.0460358056266,12530.0,41,0,0.0,-4100.0,28,0.0,96,67.91666666666667,-3080.0,1340
GAP7_9__odds_band=<20__field_size_band=<=12,GAP7_9,odds_band=<20;field_size_band=<=12,False,39,2,87.43589743589743,-490.0,42.56410256410256,51.31964809384164,0.0,110.66666666666667,8,0,0.0,0.0,39,2,87.43589743589743,-490.0,330,140.27272727272728,13290.0,1,0,0.0,-100.0,1,0.0,69,94.4927536231884,-380.0,1341
GAP10_14__field_size_band=13-14__model_rank_band=11-15,GAP10_14,field_size_band=13-14;model_rank_band=11-15,False,136,2,87.13235294117646,-1750.0,42.5,51.22362869198312,0.0,303.84615384615387,38,0,0.0,0.0,136,2,87.13235294117646,-1750.0,427,128.17330210772835,12030.0,19,0,0.0,-1900.0,19,0.0,87,74.94252873563218,-2180.0,1342
GAP15_24__odds_band=40-60__market_rank_band=16-20,GAP15_24,odds_band=40-60;market_rank_band=16-20,False,72,3,181.25,5850.0,113.33333333333333,37.47126436781609,0.0,452.22222222222223,9,25,34.72222222222222,8.59106529209622,47,1,87.02127659574468,-610.0,338,138.96449704142012,13170.0,5,0,0.0,-500.0,2,0.0,70,93.14285714285714,-480.0,1343
GAP5P__surface=DIRT__distance_band=1801-2200,GAP5P,surface=DIRT;distance_band=1801-2200,False,189,5,81.32275132275132,-3530.0,57.08994708994709,29.798308392973325,0.0,230.0,39,12,6.349206349206349,4.123711340206185,177,5,86.8361581920904,-2330.0,468,124.46581196581197,11450.0,38,1,43.421052631578945,-2150.0,37,44.5945945945946,105,77.80952380952381,-2330.0,1344
GAP10_14__odds_band=60-80__field_size_band=13-14,GAP10_14,odds_band=60-80;field_size_band=13-14,False,70,1,86.71428571428571,-930.0,0.0,100.0,0.0,319.4736842105263,19,0,0.0,0.0,70,1,86.71428571428571,-930.0,361,135.595567867036,12850.0,5,0,0.0,-500.0,5,0.0,73,89.31506849315069,-780.0,1345
GAP5P__field_size_band=13-14__market_rank_band=26-30,GAP5P,field_size_band=13-14;market_rank_band=26-30,False,81,1,86.04938271604938,-1130.0,0.0,100.0,0.0,536.1538461538462,13,0,0.0,0.0,81,1,86.04938271604938,-1130.0,372,134.00537634408602,12650.0,24,0,0.0,-2400.0,24,0.0,92,70.8695652173913,-2680.0,1346
GAP10P__field_size_band=13-14__market_rank_band=26-30,GAP10P,field_size_band=13-14;market_rank_band=26-30,False,81,1,86.04938271604938,-1130.0,0.0,100.0,0.0,536.1538461538462,13,0,0.0,0.0,81,1,86.04938271604938,-1130.0,372,134.00537634408602,12650.0,24,0,0.0,-2400.0,24,0.0,92,70.8695652173913,-2680.0,1347
GAP15_24__odds_band=40-60__model_rank_band=1-3,GAP15_24,odds_band=40-60;model_rank_band=1-3,False,79,4,237.34177215189874,10850.0,165.69620253164558,30.186666666666667,0.0,444.8484848484849,18,31,39.24050632911393,10.652920962199312,48,1,86.04166666666667,-670.0,339,138.67256637168143,13110.0,4,0,0.0,-400.0,1,0.0,69,94.4927536231884,-380.0,1348
GAP10P__field_size_band=17+__model_rank_band=11-15,GAP10P,field_size_band=17+;model_rank_band=11-15,False,171,2,85.67251461988305,-2450.0,34.50292397660819,59.72696245733788,0.0,190.25974025974025,46,0,0.0,0.0,171,2,85.67251461988305,-2450.0,462,124.52380952380952,11330.0,48,0,0.0,-4800.0,48,0.0,116,56.206896551724135,-5080.0,1349
GAP10_14__pair_worse_rank_band=7-10__field_size_band=13-14,GAP10_14,pair_worse_rank_band=7-10;field_size_band=13-14,False,199,4,85.42713567839196,-2900.0,54.92462311557789,35.705882352941174,0.0,256.2857142857143,35,0,0.0,0.0,199,4,85.42713567839196,-2900.0,490,122.20408163265306,10880.0,11,0,0.0,-1100.0,11,0.0,79,82.53164556962025,-1380.0,1350
GAP15_24__odds_band=40-60__field_size_band=17+,GAP15_24,odds_band=40-60;field_size_band=17+,False,48,1,85.20833333333333,-710.0,0.0,100.0,0.0,227.22222222222223,10,0,0.0,0.0,48,1,85.20833333333333,-710.0,339,138.55457227138643,13070.0,5,0,0.0,-500.0,5,0.0,73,89.31506849315069,-780.0,1351
GAP10P__pair_worse_rank_band=7-10__field_size_band=<=12,GAP10P,pair_worse_rank_band=7-10;field_size_band=<=12,False,167,2,85.02994011976048,-2500.0,37.365269461077844,56.056338028169016,0.0,215.15151515151516,32,0,0.0,0.0,167,2,85.02994011976048,-2500.0,458,124.62882096069869,11280.0,16,0,0.0,-1600.0,16,0.0,84,77.61904761904762,-1880.0,1352
GAP5_6__market_rank_band=11-15__l17_rank_band=41-60,GAP5_6,market_rank_band=11-15;l17_rank_band=41-60,False,140,4,85.0,-2100.0,59.357142857142854,30.168067226890756,0.0,146.0,40,0,0.0,0.0,140,4,85.0,-2100.0,431,127.09976798143852,11680.0,32,1,102.5,80.0,32,102.5,100,98.0,-200.0,1353
GAP3_4__model_rank_band=4-5__l17_rank_band=31-40,GAP3_4,model_rank_band=4-5;l17_rank_band=31-40,False,84,3,84.88095238095238,-1270.0,51.42857142857143,39.410939691444604,0.0,125.0,23,0,0.0,0.0,84,3,84.88095238095238,-1270.0,375,133.36,12510.0,13,0,0.0,-1300.0,13,0.0,81,80.49382716049382,-1580.0,1354
GAP10P__field_size_band=<=12__market_rank_band=16-20,GAP10P,field_size_band=<=12;market_rank_band=16-20,False,101,2,84.55445544554455,-1560.0,41.881188118811885,50.468384074941454,0.0,218.97435897435898,14,0,0.0,0.0,101,2,84.55445544554455,-1560.0,392,131.1734693877551,12220.0,5,0,0.0,-500.0,5,0.0,73,89.31506849315069,-780.0,1355
GAP5P__market_rank_band=31-40__model_rank_band=11-15,GAP5P,market_rank_band=31-40;model_rank_band=11-15,False,113,2,136.46017699115043,4120.0,53.80530973451327,60.570687418936444,0.0,217.2093023255814,27,41,36.283185840707965,14.0893470790378,72,1,84.44444444444444,-1120.0,363,134.87603305785123,12660.0,57,1,114.3859649122807,820.0,39,0.0,107,60.93457943925234,-4180.0,1356
GAP10P__market_rank_band=31-40__model_rank_band=11-15,GAP10P,market_rank_band=31-40;model_rank_band=11-15,False,113,2,136.46017699115043,4120.0,53.80530973451327,60.570687418936444,0.0,217.2093023255814,27,41,36.283185840707965,14.0893470790378,72,1,84.44444444444444,-1120.0,363,134.87603305785123,12660.0,57,1,114.3859649122807,820.0,39,0.0,107,60.93457943925234,-4180.0,1357
GAP5P__field_size_band=13-14__l17_rank_band=41-60,GAP5P,field_size_band=13-14;l17_rank_band=41-60,False,260,5,84.3076923076923,-4080.0,60.92307692307692,27.73722627737226,0.0,173.57142857142858,70,0,0.0,0.0,260,5,84.3076923076923,-4080.0,551,117.6043557168784,9700.0,58,0,0.0,-5800.0,58,0.0,126,51.74603174603175,-6080.0,1358
GAP5P__field_size_band=17+__market_rank_band=26-30,GAP5P,field_size_band=17+;market_rank_band=26-30,False,104,1,84.13461538461539,-1650.0,0.0,100.0,0.0,198.86363636363637,25,0,0.0,0.0,104,1,84.13461538461539,-1650.0,395,130.70886075949366,12130.0,28,0,0.0,-2800.0,28,0.0,96,67.91666666666667,-3080.0,1359
GAP10P__field_size_band=17+__market_rank_band=26-30,GAP10P,field_size_band=17+;market_rank_band=26-30,False,104,1,84.13461538461539,-1650.0,0.0,100.0,0.0,198.86363636363637,25,0,0.0,0.0,104,1,84.13461538461539,-1650.0,395,130.70886075949366,12130.0,28,0,0.0,-2800.0,28,0.0,96,67.91666666666667,-3080.0,1360
GAP10_14__model_rank_band=1-3__l17_rank_band=31-40,GAP10_14,model_rank_band=1-3;l17_rank_band=31-40,False,38,1,83.94736842105263,-610.0,0.0,100.0,0.0,110.0,3,0,0.0,0.0,38,1,83.94736842105263,-610.0,329,140.0303951367781,13170.0,2,0,0.0,-200.0,2,0.0,70,93.14285714285714,-480.0,1361
GAP10_14__model_rank_band=4-5__l17_rank_band=41-60,GAP10_14,model_rank_band=4-5;l17_rank_band=41-60,False,52,1,83.65384615384616,-850.0,0.0,100.0,0.0,197.72727272727272,12,0,0.0,0.0,52,1,83.65384615384616,-850.0,343,137.69679300291546,12930.0,5,0,0.0,-500.0,5,0.0,73,89.31506849315069,-780.0,1362
GAP15_24__market_rank_band=21-25,GAP15_24,market_rank_band=21-25,False,236,3,73.47457627118644,-6260.0,41.483050847457626,43.54094579008074,0.0,197.04545454545453,56,96,40.67796610169491,32.98969072164948,140,2,83.42857142857143,-2320.0,431,126.5893271461717,11460.0,16,0,0.0,-1600.0,9,0.0,77,84.67532467532467,-1180.0,1363
GAP7_9__field_size_band=13-14__l17_rank_band=41-60,GAP7_9,field_size_band=13-14;l17_rank_band=41-60,False,100,2,83.0,-1700.0,22.2,73.25301204819277,0.0,296.42857142857144,28,0,0.0,0.0,100,2,83.0,-1700.0,391,130.89514066496164,12080.0,23,0,0.0,-2300.0,23,0.0,91,71.64835164835165,-2580.0,1364
GAP10_14__odds_band=20-40__field_size_band=15-16,GAP10_14,odds_band=20-40;field_size_band=15-16,False,229,6,82.75109170305677,-3950.0,65.85152838427948,20.4221635883905,0.0,220.68965517241378,49,0,0.0,0.0,229,6,82.75109170305677,-3950.0,520,118.90384615384616,9830.0,16,1,168.75,1100.0,16,168.75,84,109.76190476190476,820.0,1365
GAP10P__model_rank_band=11-15__l17_rank_band=11-20,GAP10P,model_rank_band=11-15;l17_rank_band=11-20,False,229,3,77.90393013100437,-5060.0,51.353711790393014,34.08071748878924,0.0,135.17241379310346,62,13,5.676855895196507,4.4673539518900345,216,3,82.5925925925926,-3760.0,507,119.76331360946746,10020.0,28,0,0.0,-2800.0,26,0.0,94,69.36170212765957,-2880.0,1366
GAP10P__odds_band=20-40__field_size_band=15-16,GAP10P,odds_band=20-40;field_size_band=15-16,False,235,6,80.63829787234043,-4550.0,64.17021276595744,20.4221635883905,0.0,213.33333333333334,50,4,1.702127659574468,1.3745704467353952,231,6,82.03463203463204,-4150.0,522,118.44827586206897,9630.0,17,1,158.8235294117647,1000.0,15,180.0,83,111.08433734939759,920.0,1367
GAP10P__odds_band=40-60__model_rank_band=1-3,GAP10P,odds_band=40-60;model_rank_band=1-3,False,135,5,171.40740740740742,9640.0,129.4814814814815,24.45980985306828,0.0,264.375,32,31,22.962962962962962,10.652920962199312,104,2,81.92307692307692,-1880.0,395,130.126582278481,11900.0,8,0,0.0,-800.0,5,0.0,73,89.31506849315069,-780.0,1368
GAP5P__odds_band=80-100__model_rank_band=11-15,GAP5P,odds_band=80-100;model_rank_band=11-15,False,227,3,116.51982378854626,3750.0,75.37444933920705,35.311909262759926,0.0,174.16666666666666,33,18,7.929515418502203,6.185567010309279,209,2,81.86602870813397,-3790.0,500,119.98,9990.0,71,1,139.43661971830986,2800.0,59,167.79661016949152,127,129.29133858267716,3720.0,1369
GAP10_14__surface=DIRT__distance_band=1801-2200,GAP10_14,surface=DIRT;distance_band=1801-2200,False,39,1,81.7948717948718,-710.0,0.0,100.0,0.0,199.375,9,0,0.0,0.0,39,1,81.7948717948718,-710.0,330,139.6060606060606,13070.0,4,0,0.0,-400.0,4,0.0,72,90.55555555555556,-680.0,1370
GAP5_6__model_rank_band=4-5__l17_rank_band=31-40,GAP5_6,model_rank_band=4-5;l17_rank_band=31-40,False,63,2,81.74603174603175,-1150.0,39.84126984126984,51.262135922330096,0.0,156.875,15,0,0.0,0.0,63,2,81.74603174603175,-1150.0,354,135.67796610169492,12630.0,12,0,0.0,-1200.0,12,0.0,80,81.5,-1480.0,1371
GAP5_6__field_size_band=<=12__l17_rank_band=31-40,GAP5_6,field_size_band=<=12;l17_rank_band=31-40,False,126,3,81.66666666666667,-2310.0,42.93650793650794,47.42468415937804,0.0,252.12121212121212,31,0,0.0,0.0,126,3,81.66666666666667,-2310.0,417,127.50599520383693,11470.0,16,0,0.0,-1600.0,16,0.0,84,77.61904761904762,-1880.0,1372
GAP5_6__model_rank_band=1-3__l17_rank_band=21-30,GAP5_6,model_rank_band=1-3;l17_rank_band=21-30,False,112,4,81.16071428571429,-2110.0,48.75,39.93399339933993,0.0,114.28571428571429,27,0,0.0,0.0,112,4,81.16071428571429,-2110.0,403,128.9578163771712,11670.0,20,2,177.0,1540.0,20,177.0,88,114.31818181818181,1260.0,1373
GAP5P__odds_band=60-80__model_rank_band=6-8,GAP5P,odds_band=60-80;model_rank_band=6-8,False,120,1,58.083333333333336,-5030.0,0.0,100.0,0.0,145.20833333333334,21,34,28.333333333333332,11.683848797250858,86,1,81.04651162790698,-1630.0,377,132.22811671087533,12150.0,12,0,0.0,-1200.0,7,0.0,75,86.93333333333334,-980.0,1374
GAP5P__field_size_band=<=12__l17_rank_band=41-60,GAP5P,field_size_band=<=12;l17_rank_band=41-60,False,99,1,80.4040404040404,-1940.0,0.0,100.0,0.0,180.9090909090909,23,0,0.0,0.0,99,1,80.4040404040404,-1940.0,390,130.35897435897436,11840.0,25,0,0.0,-2500.0,25,0.0,93,70.10752688172043,-2780.0,1375
GAP10P__model_rank_band=4-5,GAP10P,model_rank_band=4-5,False,373,6,70.93833780160858,-10840.0,50.6970509383378,28.533635676492818,0.0,127.35135135135135,63,43,11.528150134048257,14.776632302405499,330,6,80.18181818181819,-6540.0,621,111.65861513687601,7240.0,31,0,0.0,-3100.0,28,0.0,96,67.91666666666667,-3080.0,1376
GAP3_4__pair_worse_rank_band=11-14__market_rank_band=16-20,GAP3_4,pair_worse_rank_band=11-14;market_rank_band=16-20,False,420,6,79.80952380952381,-8480.0,57.73809523809524,27.655131264916466,0.0,128.53333333333333,126,0,0.0,0.0,420,6,79.80952380952381,-8480.0,711,107.45428973277075,5300.0,188,6,170.4787234042553,13250.0,188,170.4787234042553,256,150.6640625,12970.0,1377
GAP5P__market_rank_band=11-15__l17_rank_band=61+,GAP5P,market_rank_band=11-15;l17_rank_band=61+,False,101,2,79.3069306930693,-2090.0,35.84158415841584,54.80649188514357,0.0,146.33333333333334,30,0,0.0,0.0,101,2,79.3069306930693,-2090.0,392,129.82142857142858,11690.0,25,0,0.0,-2500.0,25,0.0,93,70.10752688172043,-2780.0,1378
GAP5_6__model_rank_band=9-10__l17_rank_band=31-40,GAP5_6,model_rank_band=9-10;l17_rank_band=31-40,False,100,2,79.2,-2080.0,34.4,56.56565656565657,0.0,186.66666666666666,24,0,0.0,0.0,100,2,79.2,-2080.0,391,129.923273657289,11700.0,16,1,321.875,3550.0,16,321.875,84,138.92857142857142,3270.0,1379
GAP10_14__field_size_band=17+,GAP10_14,field_size_band=17+,False,241,4,79.04564315352697,-5050.0,53.15352697095436,32.75590551181102,0.0,150.59405940594058,47,0,0.0,0.0,241,4,79.04564315352697,-5050.0,532,116.40977443609023,8730.0,43,2,196.27906976744185,4140.0,43,196.27906976744185,111,134.77477477477478,3860.0,1380
GAP10_14__field_size_band=17+__surface=TURF,GAP10_14,field_size_band=17+;surface=TURF,False,241,4,79.04564315352697,-5050.0,53.15352697095436,32.75590551181102,0.0,150.59405940594058,47,0,0.0,0.0,241,4,79.04564315352697,-5050.0,532,116.40977443609023,8730.0,43,2,196.27906976744185,4140.0,43,196.27906976744185,111,134.77477477477478,3860.0,1381
GAP10_14__market_rank_band=21-25__l17_rank_band=<=10,GAP10_14,market_rank_band=21-25;l17_rank_band=<=10,False,60,1,79.0,-1260.0,0.0,100.0,0.0,249.47368421052633,19,0,0.0,0.0,60,1,79.0,-1260.0,351,135.66951566951568,12520.0,8,0,0.0,-800.0,8,0.0,76,85.78947368421052,-1080.0,1382
GAP10_14__field_size_band=<=12__distance_band=1401-1800,GAP10_14,field_size_band=<=12;distance_band=1401-1800,False,79,1,78.9873417721519,-1660.0,0.0,100.0,0.0,189.0909090909091,13,0,0.0,0.0,79,1,78.9873417721519,-1660.0,370,132.75675675675674,12120.0,4,0,0.0,-400.0,4,0.0,72,90.55555555555556,-680.0,1383
GAP10P__field_size_band=<=12__l17_rank_band=21-30,GAP10P,field_size_band=<=12;l17_rank_band=21-30,False,79,1,78.9873417721519,-1660.0,0.0,100.0,0.0,208.0,16,0,0.0,0.0,79,1,78.9873417721519,-1660.0,370,132.75675675675674,12120.0,4,0,0.0,-400.0,4,0.0,72,90.55555555555556,-680.0,1384
GAP5P__odds_band=40-60__model_rank_band=1-3,GAP5P,odds_band=40-60;model_rank_band=1-3,False,139,5,166.4748201438849,9240.0,125.75539568345324,24.45980985306828,0.0,256.3636363636364,33,31,22.302158273381295,10.652920962199312,108,2,78.88888888888889,-2280.0,399,128.82205513784461,11500.0,8,0,0.0,-800.0,5,0.0,73,89.31506849315069,-780.0,1385
GAP5P__odds_band=80-100,GAP5P,odds_band=80-100,False,240,3,110.20833333333333,2450.0,71.29166666666667,35.311909262759926,0.0,160.76923076923077,35,22,9.166666666666666,7.560137457044673,218,2,78.4862385321101,-4690.0,509,117.85854616895874,9090.0,90,1,110.0,900.0,76,130.26315789473685,144,114.02777777777777,2020.0,1386
GAP10_14__field_size_band=15-16__l17_rank_band=41-60,GAP10_14,field_size_band=15-16;l17_rank_band=41-60,False,248,4,78.30645161290323,-5380.0,55.96774193548387,28.527291452111225,0.0,181.89655172413794,58,0,0.0,0.0,248,4,78.30645161290323,-5380.0,539,115.58441558441558,8400.0,36,0,0.0,-3600.0,36,0.0,104,62.69230769230769,-3880.0,1387
GAP10P__field_size_band=15-16__l17_rank_band=41-60,GAP10P,field_size_band=15-16;l17_rank_band=41-60,False,321,5,73.17757009345794,-8610.0,55.9190031152648,23.58450404427416,0.0,205.91549295774647,71,73,22.741433021806852,25.085910652920962,248,4,78.30645161290323,-5380.0,539,115.58441558441558,8400.0,53,0,0.0,-5300.0,40,0.0,108,60.370370370370374,-4280.0,1388
GAP10_14__model_rank_band=9-10,GAP10_14,model_rank_band=9-10,False,312,4,77.82051282051282,-6920.0,56.76282051282051,27.059308072487646,0.0,135.70422535211267,39,0,0.0,0.0,312,4,77.82051282051282,-6920.0,603,111.37645107794361,6860.0,25,0,0.0,-2500.0,25,0.0,93,70.10752688172043,-2780.0,1389
GAP10P__field_size_band=13-14__l17_rank_band=<=10,GAP10P,field_size_band=13-14;l17_rank_band=<=10,False,61,1,77.70491803278688,-1360.0,0.0,100.0,0.0,237.0,20,0,0.0,0.0,61,1,77.70491803278688,-1360.0,352,135.2840909090909,12420.0,4,0,0.0,-400.0,4,0.0,72,90.55555555555556,-680.0,1390
GAP7_9__field_size_band=<=12__model_rank_band=6-8,GAP7_9,field_size_band=<=12;model_rank_band=6-8,False,153,4,77.6470588235294,-3420.0,55.88235294117647,28.03030303030303,0.0,155.45454545454547,28,0,0.0,0.0,153,4,77.6470588235294,-3420.0,444,123.33333333333333,10360.0,8,0,0.0,-800.0,8,0.0,76,85.78947368421052,-1080.0,1391
GAP10P__model_rank_band=4-5__l17_rank_band=<=10,GAP10P,model_rank_band=4-5;l17_rank_band=<=10,False,47,1,74.04255319148936,-1220.0,0.0,100.0,0.0,133.84615384615384,9,2,4.25531914893617,0.6872852233676976,45,1,77.33333333333333,-1020.0,336,137.97619047619048,12760.0,1,0,0.0,-100.0,0,,68,95.88235294117646,-280.0,1392
GAP3_4__odds_band=80-100__market_rank_band=16-20,GAP3_4,odds_band=80-100;market_rank_band=16-20,False,120,1,77.25,-2730.0,0.0,100.0,0.0,319.6551724137931,29,0,0.0,0.0,120,1,77.25,-2730.0,411,126.88564476885645,11050.0,23,0,0.0,-2300.0,23,0.0,91,71.64835164835165,-2580.0,1393
GAP7_9__pair_worse_rank_band=11-14__field_size_band=17+,GAP7_9,pair_worse_rank_band=11-14;field_size_band=17+,False,99,1,77.17171717171718,-2260.0,0.0,100.0,0.0,282.962962962963,27,0,0.0,0.0,99,1,77.17171717171718,-2260.0,390,129.53846153846155,11520.0,20,1,342.5,4850.0,20,342.5,88,151.9318181818182,4570.0,1394
GAP10_14__pair_worse_rank_band=11-14__market_rank_band=11-15,GAP10_14,pair_worse_rank_band=11-14;market_rank_band=11-15,False,57,1,77.01754385964912,-1310.0,0.0,100.0,0.0,258.2352941176471,17,0,0.0,0.0,57,1,77.01754385964912,-1310.0,348,135.83333333333334,12470.0,7,1,522.8571428571429,2960.0,7,522.8571428571429,75,135.73333333333332,2680.0,1395
GAP10P__pair_worse_rank_band=11-14__market_rank_band=11-15,GAP10P,pair_worse_rank_band=11-14;market_rank_band=11-15,False,57,1,77.01754385964912,-1310.0,0.0,100.0,0.0,258.2352941176471,17,0,0.0,0.0,57,1,77.01754385964912,-1310.0,348,135.83333333333334,12470.0,7,1,522.8571428571429,2960.0,7,522.8571428571429,75,135.73333333333332,2680.0,1396
GAP10_14__pair_worse_rank_band=<=6__field_size_band=15-16,GAP10_14,pair_worse_rank_band=<=6;field_size_band=15-16,False,218,4,76.97247706422019,-5020.0,50.091743119266056,34.92252681764005,0.0,141.66666666666666,59,0,0.0,0.0,218,4,76.97247706422019,-5020.0,509,117.21021611001964,8760.0,19,1,142.10526315789474,800.0,19,142.10526315789474,87,105.97701149425288,520.0,1397
GAP7_9__odds_band=<20__market_rank_band=<=10,GAP7_9,odds_band=<20;market_rank_band=<=10,False,68,3,76.91176470588235,-1570.0,50.14705882352941,34.799235181644356,0.0,133.84615384615384,10,0,0.0,0.0,68,3,76.91176470588235,-1570.0,359,134.01114206128133,12210.0,7,0,0.0,-700.0,7,0.0,75,86.93333333333334,-980.0,1398
GAP3_4__odds_band=60-80__market_rank_band=16-20,GAP3_4,odds_band=60-80;market_rank_band=16-20,False,664,8,76.7921686746988,-15410.0,66.08433734939759,13.943910570700137,0.0,98.39393939393939,95,0,0.0,0.0,664,8,76.7921686746988,-15410.0,955,98.29319371727749,-1630.0,69,1,105.21739130434783,360.0,69,105.21739130434783,137,100.58394160583941,80.0,1399
GAP3_4__odds_band=60-80,GAP3_4,odds_band=60-80,False,746,9,76.7828418230563,-17320.0,67.2520107238606,12.412709497206704,0.0,90.44568245125348,105,0,0.0,0.0,746,9,76.7828418230563,-17320.0,1037,96.58630665380906,-3540.0,72,1,100.83333333333333,60.0,72,100.83333333333333,140,98.42857142857143,-220.0,1400
GAP5P__odds_band=80-100__field_size_band=15-16,GAP5P,odds_band=80-100;field_size_band=15-16,False,131,2,135.1145038167939,4600.0,63.81679389312977,52.76836158192091,0.0,253.33333333333334,19,22,16.793893129770993,7.560137457044673,109,1,76.69724770642202,-2540.0,400,128.1,11240.0,46,0,0.0,-4600.0,32,0.0,100,65.2,-3480.0,1401
GAP5_6__model_rank_band=9-10__l17_rank_band=<=10,GAP5_6,model_rank_band=9-10;l17_rank_band=<=10,False,157,3,76.68789808917198,-3660.0,48.789808917197455,36.37873754152824,0.0,158.42105263157896,26,0,0.0,0.0,157,3,76.68789808917198,-3660.0,448,122.58928571428571,10120.0,16,0,0.0,-1600.0,16,0.0,84,77.61904761904762,-1880.0,1402
GAP10_14__l17_rank_band=<=10,GAP10_14,l17_rank_band=<=10,False,225,5,76.17777777777778,-5360.0,55.111111111111114,27.654609101516918,0.0,182.23684210526315,54,0,0.0,0.0,225,5,76.17777777777778,-5360.0,516,116.31782945736434,8420.0,18,2,383.3333333333333,5100.0,18,383.3333333333333,86,156.04651162790697,4820.0,1403
GAP7_9__model_rank_band=11-15__l17_rank_band=11-20,GAP7_9,model_rank_band=11-15;l17_rank_band=11-20,False,417,6,76.1630695443645,-9940.0,61.65467625899281,19.04911838790932,0.0,197.5,56,0,0.0,0.0,417,6,76.1630695443645,-9940.0,708,105.42372881355932,3840.0,55,1,124.54545454545455,1350.0,55,124.54545454545455,123,108.69918699186992,1070.0,1404
GAP10_14__field_size_band=13-14__l17_rank_band=11-20,GAP10_14,field_size_band=13-14;l17_rank_band=11-20,False,94,2,75.53191489361703,-2300.0,30.0,60.28169014084507,0.0,138.06451612903226,21,0,0.0,0.0,94,2,75.53191489361703,-2300.0,385,129.8181818181818,11480.0,4,0,0.0,-400.0,4,0.0,72,90.55555555555556,-680.0,1405
GAP5_6__odds_band=<20__field_size_band=<=12,GAP5_6,odds_band=<20;field_size_band=<=12,False,162,7,75.49382716049382,-3970.0,63.333333333333336,16.107931316434996,0.0,129.1304347826087,32,0,0.0,0.0,162,7,75.49382716049382,-3970.0,453,121.65562913907284,9810.0,8,0,0.0,-800.0,8,0.0,76,85.78947368421052,-1080.0,1406
GAP7_9__pair_worse_rank_band=11-14__market_rank_band=<=10,GAP7_9,pair_worse_rank_band=11-14;market_rank_band=<=10,False,39,1,75.12820512820512,-970.0,0.0,100.0,0.0,195.33333333333334,9,0,0.0,0.0,39,1,75.12820512820512,-970.0,330,138.8181818181818,12810.0,9,0,0.0,-900.0,9,0.0,77,84.67532467532467,-1180.0,1407
GAP10_14__pair_worse_rank_band=<=6__field_size_band=13-14,GAP10_14,pair_worse_rank_band=<=6;field_size_band=13-14,False,101,2,74.85148514851485,-2540.0,27.92079207920792,62.698412698412696,0.0,154.28571428571428,22,0,0.0,0.0,101,2,74.85148514851485,-2540.0,392,128.6734693877551,11240.0,8,0,0.0,-800.0,8,0.0,76,85.78947368421052,-1080.0,1408
GAP10_14__field_size_band=<=12__market_rank_band=11-15,GAP10_14,field_size_band=<=12;market_rank_band=11-15,False,44,1,74.77272727272727,-1110.0,0.0,100.0,0.0,126.53846153846153,6,0,0.0,0.0,44,1,74.77272727272727,-1110.0,335,137.82089552238807,12670.0,0,0,,0.0,0,,68,95.88235294117646,-280.0,1409
GAP10P__field_size_band=<=12__market_rank_band=11-15,GAP10P,field_size_band=<=12;market_rank_band=11-15,False,44,1,74.77272727272727,-1110.0,0.0,100.0,0.0,126.53846153846153,6,0,0.0,0.0,44,1,74.77272727272727,-1110.0,335,137.82089552238807,12670.0,0,0,,0.0,0,,68,95.88235294117646,-280.0,1410
GAP5P__field_size_band=17+__l17_rank_band=<=10,GAP5P,field_size_band=17+;l17_rank_band=<=10,False,247,6,74.5748987854251,-6280.0,56.88259109311741,23.724212812160694,0.0,139.45205479452054,72,0,0.0,0.0,247,6,74.5748987854251,-6280.0,538,113.94052044609666,7500.0,53,1,13.20754716981132,-4600.0,53,13.20754716981132,121,59.66942148760331,-4880.0,1411
GAP10_14__model_rank_band=4-5__l17_rank_band=31-40,GAP10_14,model_rank_band=4-5;l17_rank_band=31-40,False,39,1,74.35897435897436,-1000.0,0.0,100.0,0.0,580.0,5,0,0.0,0.0,39,1,74.35897435897436,-1000.0,330,138.72727272727272,12780.0,4,0,0.0,-400.0,4,0.0,72,90.55555555555556,-680.0,1412
GAP5P__market_rank_band=16-20__l17_rank_band=61+,GAP5P,market_rank_band=16-20;l17_rank_band=61+,False,207,4,96.52173913043478,-720.0,65.31400966183575,32.332332332332335,0.0,210.81632653061226,49,4,1.932367149758454,1.3745704467353952,203,3,74.33497536945812,-5210.0,494,117.34817813765183,8570.0,33,0,0.0,-3300.0,32,0.0,100,65.2,-3480.0,1413
GAP7_9__odds_band=<20__model_rank_band=1-3,GAP7_9,odds_band=<20;model_rank_band=1-3,False,71,3,73.66197183098592,-1870.0,48.028169014084504,34.799235181644356,0.0,133.84615384615384,12,0,0.0,0.0,71,3,73.66197183098592,-1870.0,362,132.90055248618785,11910.0,8,0,0.0,-800.0,8,0.0,76,85.78947368421052,-1080.0,1414
GAP10P__field_size_band=<=12__distance_band=1401-1800,GAP10P,field_size_band=<=12;distance_band=1401-1800,False,85,1,73.41176470588235,-2260.0,0.0,100.0,0.0,183.52941176470588,16,0,0.0,0.0,85,1,73.41176470588235,-2260.0,376,130.63829787234042,11520.0,7,0,0.0,-700.0,7,0.0,75,86.93333333333334,-980.0,1415
GAP5_6__market_rank_band=16-20__model_rank_band=9-10,GAP5_6,market_rank_band=16-20;model_rank_band=9-10,False,169,3,73.25443786982248,-4520.0,44.437869822485204,39.337641357027465,0.0,96.28205128205128,33,0,0.0,0.0,169,3,73.25443786982248,-4520.0,460,120.1304347826087,9260.0,14,0,0.0,-1400.0,14,0.0,82,79.51219512195122,-1680.0,1416
GAP7_9__market_rank_band=11-15__l17_rank_band=31-40,GAP7_9,market_rank_band=11-15;l17_rank_band=31-40,False,143,3,72.65734265734265,-3910.0,46.15384615384615,36.47738209817132,0.0,114.17582417582418,23,0,0.0,0.0,143,3,72.65734265734265,-3910.0,434,122.74193548387096,9870.0,21,0,0.0,-2100.0,21,0.0,89,73.25842696629213,-2380.0,1417
GAP10_14__model_rank_band=9-10__l17_rank_band=41-60,GAP10_14,model_rank_band=9-10;l17_rank_band=41-60,False,69,1,72.6086956521739,-1890.0,0.0,100.0,0.0,385.38461538461536,13,0,0.0,0.0,69,1,72.6086956521739,-1890.0,360,133.02777777777777,11890.0,8,0,0.0,-800.0,8,0.0,76,85.78947368421052,-1080.0,1418
GAP15_24__model_rank_band=6-8,GAP15_24,model_rank_band=6-8,False,160,1,43.5625,-9030.0,0.0,100.0,0.0,154.88888888888889,45,64,40.0,21.993127147766323,96,1,72.60416666666667,-2630.0,387,128.8113695090439,11150.0,25,0,0.0,-2500.0,14,0.0,82,79.51219512195122,-1680.0,1419
GAP10P__odds_band=40-60__field_size_band=17+,GAP10P,odds_band=40-60;field_size_band=17+,False,138,2,72.3913043478261,-3810.0,29.63768115942029,59.05905905905906,0.0,100.0,28,0,0.0,0.0,138,2,72.3913043478261,-3810.0,429,123.24009324009324,9970.0,27,1,177.03703703703704,2080.0,27,177.03703703703704,95,118.94736842105263,1800.0,1420
GAP7_9__field_size_band=<=12__model_rank_band=9-10,GAP7_9,field_size_band=<=12;model_rank_band=9-10,False,105,2,72.19047619047619,-2920.0,30.095238095238095,58.31134564643799,0.0,137.8181818181818,12,0,0.0,0.0,105,2,72.19047619047619,-2920.0,396,127.42424242424242,10860.0,8,0,0.0,-800.0,8,0.0,76,85.78947368421052,-1080.0,1421
GAP5_6__field_size_band=13-14__distance_band=2201+,GAP5_6,field_size_band=13-14;distance_band=2201+,False,106,3,71.79245283018868,-2990.0,41.0377358490566,42.83837056504599,0.0,172.95454545454547,28,0,0.0,0.0,106,3,71.79245283018868,-2990.0,397,127.17884130982368,10790.0,15,0,0.0,-1500.0,15,0.0,83,78.55421686746988,-1780.0,1422
GAP10_14__odds_band=40-60__field_size_band=<=12,GAP10_14,odds_band=40-60;field_size_band=<=12,False,119,2,71.76470588235294,-3360.0,35.54621848739496,50.468384074941454,0.0,152.5,26,0,0.0,0.0,119,2,71.76470588235294,-3360.0,410,125.41463414634147,10420.0,12,1,350.0,3000.0,12,350.0,80,134.0,2720.0,1423
GAP7_9__field_size_band=<=12__model_rank_band=1-3,GAP7_9,field_size_band=<=12;model_rank_band=1-3,False,88,3,71.70454545454545,-2490.0,38.75,45.95879556259905,0.0,150.0,20,0,0.0,0.0,88,3,71.70454545454545,-2490.0,379,129.78891820580475,11290.0,4,0,0.0,-400.0,4,0.0,72,90.55555555555556,-680.0,1424
GAP10_14__market_rank_band=11-15__l17_rank_band=31-40,GAP10_14,market_rank_band=11-15;l17_rank_band=31-40,False,45,1,70.88888888888889,-1310.0,0.0,100.0,0.0,102.90322580645162,5,0,0.0,0.0,45,1,70.88888888888889,-1310.0,336,137.11309523809524,12470.0,3,0,0.0,-300.0,3,0.0,71,91.83098591549296,-580.0,1425
GAP10P__market_rank_band=11-15__l17_rank_band=31-40,GAP10P,market_rank_band=11-15;l17_rank_band=31-40,False,45,1,70.88888888888889,-1310.0,0.0,100.0,0.0,102.90322580645162,5,0,0.0,0.0,45,1,70.88888888888889,-1310.0,336,137.11309523809524,12470.0,3,0,0.0,-300.0,3,0.0,71,91.83098591549296,-580.0,1426
GAP7_9__field_size_band=15-16__model_rank_band=6-8,GAP7_9,field_size_band=15-16;model_rank_band=6-8,False,419,8,70.62052505966587,-12310.0,58.83054892601432,16.694829334234537,0.0,166.20689655172413,58,0,0.0,0.0,419,8,70.62052505966587,-12310.0,710,102.07042253521126,1470.0,37,0,0.0,-3700.0,37,0.0,105,62.095238095238095,-3980.0,1427
GAP7_9__field_size_band=<=12__surface=TURF,GAP7_9,field_size_band=<=12;surface=TURF,False,340,7,70.58823529411765,-10000.0,52.794117647058826,25.208333333333332,0.0,126.27906976744185,56,0,0.0,0.0,340,7,70.58823529411765,-10000.0,631,105.9904912836767,3780.0,31,0,0.0,-3100.0,31,0.0,99,65.85858585858585,-3380.0,1428
GAP7_9__field_size_band=15-16__l17_rank_band=61+,GAP7_9,field_size_band=15-16;l17_rank_band=61+,False,109,2,70.55045871559633,-3210.0,26.880733944954127,61.89856957087126,0.0,136.0,32,0,0.0,0.0,109,2,70.55045871559633,-3210.0,400,126.425,10570.0,19,0,0.0,-1900.0,19,0.0,87,74.94252873563218,-2180.0,1429
GAP10_14__market_rank_band=21-25__l17_rank_band=61+,GAP10_14,market_rank_band=21-25;l17_rank_band=61+,False,82,1,70.48780487804878,-2420.0,0.0,100.0,0.0,321.1111111111111,18,0,0.0,0.0,82,1,70.48780487804878,-2420.0,373,130.45576407506704,11360.0,15,0,0.0,-1500.0,15,0.0,83,78.55421686746988,-1780.0,1430
GAP3_4__odds_band=60-80__model_rank_band=11-15,GAP3_4,odds_band=60-80;model_rank_band=11-15,False,724,8,70.42817679558011,-21410.0,60.607734806629836,13.943910570700137,0.0,93.57348703170028,103,0,0.0,0.0,724,8,70.42817679558011,-21410.0,1015,92.48275862068965,-7630.0,71,1,102.25352112676056,160.0,71,102.25352112676056,139,99.13669064748201,-120.0,1431
GAP3_4__odds_band=80-100__model_rank_band=11-15,GAP3_4,odds_band=80-100;model_rank_band=11-15,False,132,1,70.22727272727273,-3930.0,0.0,100.0,0.0,299.03225806451616,31,0,0.0,0.0,132,1,70.22727272727273,-3930.0,423,123.28605200945627,9850.0,25,0,0.0,-2500.0,25,0.0,93,70.10752688172043,-2780.0,1432
GAP10P__field_size_band=<=12__model_rank_band=1-3,GAP10P,field_size_band=<=12;model_rank_band=1-3,False,47,1,70.0,-1410.0,0.0,100.0,0.0,137.08333333333334,11,0,0.0,0.0,47,1,70.0,-1410.0,338,136.5976331360947,12370.0,0,0,,0.0,0,,68,95.88235294117646,-280.0,1433
GAP3_4__pair_worse_rank_band=15+__field_size_band=17+,GAP3_4,pair_worse_rank_band=15+;field_size_band=17+,False,39,1,70.0,-1170.0,0.0,100.0,0.0,160.58823529411765,10,0,0.0,0.0,39,1,70.0,-1170.0,330,138.21212121212122,12610.0,5,0,0.0,-500.0,5,0.0,73,89.31506849315069,-780.0,1434
GAP3_4__l17_rank_band=61+,GAP3_4,l17_rank_band=61+,False,128,4,69.84375,-3860.0,49.765625,28.747203579418343,0.0,159.52380952380952,41,0,0.0,0.0,128,4,69.84375,-3860.0,419,123.67541766109785,9920.0,41,0,0.0,-4100.0,41,0.0,109,59.81651376146789,-4380.0,1435
GAP7_9__model_rank_band=4-5__l17_rank_band=41-60,GAP7_9,model_rank_band=4-5;l17_rank_band=41-60,False,57,1,69.82456140350877,-1720.0,0.0,100.0,0.0,234.11764705882354,12,0,0.0,0.0,57,1,69.82456140350877,-1720.0,348,134.6551724137931,12060.0,10,1,317.0,2170.0,10,317.0,78,124.23076923076923,1890.0,1436
GAP0_2__market_rank_band=16-20__l17_rank_band=<=10,GAP0_2,market_rank_band=16-20;l17_rank_band=<=10,False,384,5,69.765625,-11610.0,49.557291666666664,28.966032101530423,0.0,165.37037037037038,97,0,0.0,0.0,384,5,69.765625,-11610.0,675,103.21481481481482,2170.0,155,1,27.806451612903224,-11190.0,155,27.806451612903224,223,48.56502242152467,-11470.0,1437
GAP10_14__odds_band=40-60__model_rank_band=4-5,GAP10_14,odds_band=40-60;model_rank_band=4-5,False,121,2,69.75206611570248,-3660.0,33.80165289256198,51.540284360189574,0.0,140.66666666666666,17,0,0.0,0.0,121,2,69.75206611570248,-3660.0,412,124.5631067961165,10120.0,9,0,0.0,-900.0,9,0.0,77,84.67532467532467,-1180.0,1438
GAP0_2__pair_worse_rank_band=11-14__market_rank_band=16-20,GAP0_2,pair_worse_rank_band=11-14;market_rank_band=16-20,False,284,4,69.5774647887324,-8640.0,47.147887323943664,32.23684210526316,0.0,137.90123456790124,81,0,0.0,0.0,284,4,69.5774647887324,-8640.0,575,108.93913043478261,5140.0,159,3,97.04402515723271,-470.0,159,97.04402515723271,227,96.69603524229075,-750.0,1439
GAP7_9__market_rank_band=21-25__l17_rank_band=11-20,GAP7_9,market_rank_band=21-25;l17_rank_band=11-20,False,238,3,69.49579831932773,-7260.0,45.21008403361345,34.94558645707376,0.0,298.9189189189189,37,0,0.0,0.0,238,3,69.49579831932773,-7260.0,529,112.32514177693761,6520.0,31,0,0.0,-3100.0,31,0.0,99,65.85858585858585,-3380.0,1440
GAP5_6__field_size_band=17+__distance_band=<=1400,GAP5_6,field_size_band=17+;distance_band=<=1400,False,241,6,69.33609958506224,-7390.0,51.20331950207469,26.152004787552364,0.0,196.46153846153845,65,0,0.0,0.0,241,6,69.33609958506224,-7390.0,532,112.01127819548873,6390.0,65,0,0.0,-6500.0,65,0.0,133,49.02255639097744,-6780.0,1441
GAP10_14__field_size_band=<=12__surface=DIRT,GAP10_14,field_size_band=<=12;surface=DIRT,False,90,1,69.33333333333333,-2760.0,0.0,100.0,0.0,173.33333333333334,18,0,0.0,0.0,90,1,69.33333333333333,-2760.0,381,128.92388451443568,11020.0,5,0,0.0,-500.0,5,0.0,73,89.31506849315069,-780.0,1442
GAP15_24__odds_band=60-80__model_rank_band=11-15,GAP15_24,odds_band=60-80;model_rank_band=11-15,False,141,2,90.92198581560284,-1280.0,43.12056737588652,52.574102964118566,0.0,132.15686274509804,42,53,37.5886524822695,18.213058419243985,88,1,69.0909090909091,-2720.0,379,129.1820580474934,11060.0,40,1,163.0,2520.0,26,0.0,94,69.36170212765957,-2880.0,1443
GAP7_9__pair_worse_rank_band=<=6__market_rank_band=11-15,GAP7_9,pair_worse_rank_band=<=6;market_rank_band=11-15,False,528,12,68.99621212121212,-16370.0,61.81818181818182,10.403513587702443,0.0,95.77272727272727,101,0,0.0,0.0,528,12,68.99621212121212,-16370.0,819,96.83760683760684,-2590.0,47,1,63.829787234042556,-1700.0,47,63.829787234042556,115,82.78260869565217,-1980.0,1444
GAP5P__market_rank_band=11-15__l17_rank_band=41-60,GAP5P,market_rank_band=11-15;l17_rank_band=41-60,False,339,7,68.70206489675516,-10610.0,55.87020648967552,18.677544010304853,0.0,96.21428571428571,89,0,0.0,0.0,339,7,68.70206489675516,-10610.0,630,105.03174603174604,3170.0,60,3,168.5,4110.0,60,168.5,128,129.921875,3830.0,1445
GAP15_24__pair_worse_rank_band=<=6,GAP15_24,pair_worse_rank_band=<=6,False,135,2,89.18518518518519,-1460.0,44.148148148148145,50.498338870431894,0.0,164.93150684931507,31,46,34.074074074074076,15.807560137457045,89,1,68.31460674157303,-2820.0,380,128.8421052631579,10960.0,24,0,0.0,-2400.0,15,0.0,83,78.55421686746988,-1780.0,1446
GAP3_4__odds_band=80-100,GAP3_4,odds_band=80-100,False,136,1,68.16176470588235,-4330.0,0.0,100.0,0.0,280.90909090909093,33,0,0.0,0.0,136,1,68.16176470588235,-4330.0,427,122.1311475409836,9450.0,25,0,0.0,-2500.0,25,0.0,93,70.10752688172043,-2780.0,1447
GAP5P__market_rank_band=21-25__l17_rank_band=41-60,GAP5P,market_rank_band=21-25;l17_rank_band=41-60,False,418,5,64.1866028708134,-14970.0,49.64114832535885,22.66120014908684,0.0,229.2929292929293,99,24,5.741626794258373,8.24742268041237,394,5,68.09644670050761,-12570.0,685,101.76642335766424,1210.0,86,1,57.7906976744186,-3630.0,83,59.87951807228916,151,76.09271523178808,-3610.0,1448
GAP7_9__market_rank_band=<=10__l17_rank_band=31-40,GAP7_9,market_rank_band=<=10;l17_rank_band=31-40,False,33,1,67.87878787878788,-1060.0,0.0,100.0,0.0,160.0,6,0,0.0,0.0,33,1,67.87878787878788,-1060.0,324,139.25925925925927,12720.0,9,1,263.3333333333333,1470.0,9,263.3333333333333,77,115.45454545454545,1190.0,1449
GAP10_14__field_size_band=15-16__model_rank_band=9-10,GAP10_14,field_size_band=15-16;model_rank_band=9-10,False,169,2,67.8698224852071,-5430.0,29.644970414201183,56.320836965998254,0.0,178.92857142857142,28,0,0.0,0.0,169,2,67.8698224852071,-5430.0,460,118.15217391304348,8350.0,14,0,0.0,-1400.0,14,0.0,82,79.51219512195122,-1680.0,1450
GAP3_4__model_rank_band=4-5__l17_rank_band=41-60,GAP3_4,model_rank_band=4-5;l17_rank_band=41-60,False,57,2,67.71929824561404,-1840.0,22.105263157894736,67.35751295336787,0.0,136.8421052631579,19,0,0.0,0.0,57,2,67.71929824561404,-1840.0,348,134.31034482758622,11940.0,20,1,97.0,-60.0,20,97.0,88,96.13636363636364,-340.0,1451
GAP10P__market_rank_band=21-25__l17_rank_band=<=10,GAP10P,market_rank_band=21-25;l17_rank_band=<=10,False,72,1,65.83333333333333,-2460.0,0.0,100.0,0.0,237.0,20,2,2.7777777777777777,0.6872852233676976,70,1,67.71428571428571,-2260.0,361,131.91135734072023,11520.0,8,0,0.0,-800.0,8,0.0,76,85.78947368421052,-1080.0,1452
GAP3_4__field_size_band=13-14__l17_rank_band=41-60,GAP3_4,field_size_band=13-14;l17_rank_band=41-60,False,111,3,67.47747747747748,-3610.0,25.405405405405407,62.3497997329773,0.0,150.6451612903226,31,0,0.0,0.0,111,3,67.47747747747748,-3610.0,402,125.29850746268657,10170.0,40,2,282.5,7300.0,40,282.5,108,165.0,7020.0,1453
GAP7_9__odds_band=<20,GAP7_9,odds_band=<20,False,78,3,67.05128205128206,-2570.0,43.717948717948715,34.799235181644356,0.0,116.0,12,0,0.0,0.0,78,3,67.05128205128206,-2570.0,369,130.37940379403793,11210.0,8,0,0.0,-800.0,8,0.0,76,85.78947368421052,-1080.0,1454
GAP5_6__field_size_band=17+__market_rank_band=16-20,GAP5_6,field_size_band=17+;market_rank_band=16-20,False,179,2,66.70391061452514,-5960.0,28.379888268156424,57.45393634840871,0.0,167.3170731707317,41,0,0.0,0.0,179,2,66.70391061452514,-5960.0,470,116.63829787234043,7820.0,62,0,0.0,-6200.0,62,0.0,130,50.15384615384615,-6480.0,1455
GAP7_9__odds_band=60-80__field_size_band=17+,GAP7_9,odds_band=60-80;field_size_band=17+,False,115,1,66.43478260869566,-3860.0,0.0,100.0,0.0,152.8,18,0,0.0,0.0,115,1,66.43478260869566,-3860.0,406,124.43349753694581,9920.0,11,1,622.7272727272727,5750.0,11,622.7272727272727,79,169.2405063291139,5470.0,1456
GAP3_4__field_size_band=17+__distance_band=1801-2200,GAP3_4,field_size_band=17+;distance_band=1801-2200,False,140,3,66.42857142857143,-4700.0,41.07142857142857,38.17204301075269,0.0,133.61702127659575,44,0,0.0,0.0,140,3,66.42857142857143,-4700.0,431,121.06728538283063,9080.0,55,2,77.0909090909091,-1260.0,55,77.0909090909091,123,87.47967479674797,-1540.0,1457
GAP7_9__market_rank_band=16-20__l17_rank_band=61+,GAP7_9,market_rank_band=16-20;l17_rank_band=61+,False,72,1,66.11111111111111,-2440.0,0.0,100.0,0.0,170.0,18,0,0.0,0.0,72,1,66.11111111111111,-2440.0,363,131.2396694214876,11340.0,9,0,0.0,-900.0,9,0.0,77,84.67532467532467,-1180.0,1458
GAP0_2__model_rank_band=4-5__l17_rank_band=41-60,GAP0_2,model_rank_band=4-5;l17_rank_band=41-60,False,53,2,66.0377358490566,-1800.0,32.64150943396226,50.57142857142857,0.0,86.5,8,0,0.0,0.0,53,2,66.0377358490566,-1800.0,344,134.82558139534885,11980.0,29,1,67.24137931034483,-950.0,29,67.24137931034483,97,87.31958762886597,-1230.0,1459
GAP15_24__pair_worse_rank_band=7-10__field_size_band=17+,GAP15_24,pair_worse_rank_band=7-10;field_size_band=17+,False,62,1,65.96774193548387,-2110.0,0.0,100.0,0.0,215.26315789473685,13,0,0.0,0.0,62,1,65.96774193548387,-2110.0,353,133.05949008498584,11670.0,10,0,0.0,-1000.0,10,0.0,78,83.58974358974359,-1280.0,1460
GAP5_6__odds_band=40-60__market_rank_band=11-15,GAP5_6,odds_band=40-60;market_rank_band=11-15,False,466,7,65.87982832618026,-15900.0,55.68669527896996,15.472312703583063,0.0,140.2173913043478,92,0,0.0,0.0,466,7,65.87982832618026,-15900.0,757,97.19947159841479,-2120.0,55,1,93.63636363636364,-350.0,55,93.63636363636364,123,94.8780487804878,-630.0,1461
GAP10_14__field_size_band=<=12__market_rank_band=21-25,GAP10_14,field_size_band=<=12;market_rank_band=21-25,False,95,1,65.6842105263158,-3260.0,0.0,100.0,0.0,127.34693877551021,20,0,0.0,0.0,95,1,65.6842105263158,-3260.0,386,127.25388601036269,10520.0,5,0,0.0,-500.0,5,0.0,73,89.31506849315069,-780.0,1462
GAP10P__field_size_band=<=12__surface=DIRT,GAP10P,field_size_band=<=12;surface=DIRT,False,95,1,65.6842105263158,-3260.0,0.0,100.0,0.0,168.64864864864865,21,0,0.0,0.0,95,1,65.6842105263158,-3260.0,386,127.25388601036269,10520.0,7,0,0.0,-700.0,7,0.0,75,86.93333333333334,-980.0,1463
GAP7_9__pair_worse_rank_band=11-14__market_rank_band=11-15,GAP7_9,pair_worse_rank_band=11-14;market_rank_band=11-15,False,118,2,65.59322033898304,-4060.0,30.677966101694917,53.229974160206716,0.0,139.23076923076923,23,0,0.0,0.0,118,2,65.59322033898304,-4060.0,409,123.76528117359413,9720.0,19,0,0.0,-1900.0,19,0.0,87,74.94252873563218,-2180.0,1464
GAP10_14__field_size_band=15-16__model_rank_band=4-5,GAP10_14,field_size_band=15-16;model_rank_band=4-5,False,129,2,65.42635658914729,-4460.0,31.705426356589147,51.540284360189574,0.0,127.87878787878788,27,0,0.0,0.0,129,2,65.42635658914729,-4460.0,420,122.19047619047619,9320.0,4,0,0.0,-400.0,4,0.0,72,90.55555555555556,-680.0,1465
GAP10_14__pair_worse_rank_band=7-10__market_rank_band=11-15,GAP10_14,pair_worse_rank_band=7-10;market_rank_band=11-15,False,201,4,65.32338308457712,-6970.0,44.975124378109456,31.15003808073115,0.0,87.52136752136752,32,0,0.0,0.0,201,4,65.32338308457712,-6970.0,492,113.84146341463415,6810.0,11,0,0.0,-1100.0,11,0.0,79,82.53164556962025,-1380.0,1466
GAP10P__pair_worse_rank_band=7-10__market_rank_band=11-15,GAP10P,pair_worse_rank_band=7-10;market_rank_band=11-15,False,201,4,65.32338308457712,-6970.0,44.975124378109456,31.15003808073115,0.0,87.52136752136752,32,0,0.0,0.0,201,4,65.32338308457712,-6970.0,492,113.84146341463415,6810.0,11,0,0.0,-1100.0,11,0.0,79,82.53164556962025,-1380.0,1467
GAP0_2__odds_band=60-80__field_size_band=13-14,GAP0_2,odds_band=60-80;field_size_band=13-14,False,192,2,65.26041666666667,-6670.0,31.510416666666668,51.715881883479646,0.0,184.26470588235293,59,0,0.0,0.0,192,2,65.26041666666667,-6670.0,483,114.72049689440993,7110.0,65,0,0.0,-6500.0,65,0.0,133,49.02255639097744,-6780.0,1468
GAP15_24__field_size_band=13-14,GAP15_24,field_size_band=13-14,False,107,1,65.14018691588785,-3730.0,0.0,100.0,0.0,258.14814814814815,27,0,0.0,0.0,107,1,65.14018691588785,-3730.0,398,125.25125628140704,10050.0,28,0,0.0,-2800.0,28,0.0,96,67.91666666666667,-3080.0,1469
GAP10_14__model_rank_band=4-5__l17_rank_band=11-20,GAP10_14,model_rank_band=4-5;l17_rank_band=11-20,False,63,1,64.92063492063492,-2210.0,0.0,100.0,0.0,136.33333333333334,8,0,0.0,0.0,63,1,64.92063492063492,-2210.0,354,132.68361581920905,11570.0,2,0,0.0,-200.0,2,0.0,70,93.14285714285714,-480.0,1470
GAP5_6__odds_band=<20__field_size_band=17+,GAP5_6,odds_band=<20;field_size_band=17+,False,30,1,64.66666666666667,-1060.0,0.0,100.0,0.0,176.36363636363637,9,0,0.0,0.0,30,1,64.66666666666667,-1060.0,321,139.62616822429908,12720.0,4,1,175.0,300.0,4,175.0,72,100.27777777777777,20.0,1471
GAP15_24__odds_band=60-80__market_rank_band=26-30,GAP15_24,odds_band=60-80;market_rank_band=26-30,False,188,3,106.01063829787235,1130.0,68.93617021276596,34.9724034119418,0.0,193.43283582089552,56,80,42.5531914893617,27.491408934707902,108,1,64.53703703703704,-3830.0,399,124.93734335839599,9950.0,40,0,0.0,-4000.0,24,0.0,92,70.8695652173913,-2680.0,1472
GAP5P__pair_worse_rank_band=<=6__market_rank_band=26-30,GAP5P,pair_worse_rank_band=<=6;market_rank_band=26-30,False,112,1,52.32142857142857,-5340.0,0.0,100.0,0.0,189.03225806451613,10,21,18.75,7.216494845360825,91,1,64.3956043956044,-3240.0,382,127.59162303664921,10540.0,27,0,0.0,-2700.0,20,0.0,88,74.0909090909091,-2280.0,1473
GAP10P__pair_worse_rank_band=<=6__market_rank_band=26-30,GAP10P,pair_worse_rank_band=<=6;market_rank_band=26-30,False,112,1,52.32142857142857,-5340.0,0.0,100.0,0.0,189.03225806451613,10,21,18.75,7.216494845360825,91,1,64.3956043956044,-3240.0,382,127.59162303664921,10540.0,27,0,0.0,-2700.0,20,0.0,88,74.0909090909091,-2280.0,1474
GAP5_6__field_size_band=13-14__market_rank_band=11-15,GAP5_6,field_size_band=13-14;market_rank_band=11-15,False,481,10,64.32432432432432,-17160.0,55.28066528066528,14.059469941822883,0.0,120.68783068783068,102,0,0.0,0.0,481,10,64.32432432432432,-17160.0,772,95.62176165803109,-3380.0,61,5,266.39344262295083,10150.0,61,266.39344262295083,129,176.51162790697674,9870.0,1475
GAP5P__field_size_band=17+__model_rank_band=11-15,GAP5P,field_size_band=17+;model_rank_band=11-15,False,455,4,64.06593406593407,-16350.0,44.83516483516483,30.01715265866209,0.0,117.93650793650794,115,0,0.0,0.0,455,4,64.06593406593407,-16350.0,746,96.55495978552278,-2570.0,119,2,93.36134453781513,-790.0,119,93.36134453781513,187,94.27807486631016,-1070.0,1476
GAP15_24__market_rank_band=16-20,GAP15_24,market_rank_band=16-20,False,95,3,137.3684210526316,3550.0,85.89473684210526,37.47126436781609,0.0,271.3333333333333,15,31,32.63157894736842,10.652920962199312,64,1,63.90625,-2310.0,355,132.30985915492957,11470.0,7,0,0.0,-700.0,2,0.0,70,93.14285714285714,-480.0,1477
GAP7_9__model_rank_band=4-5__l17_rank_band=<=10,GAP7_9,model_rank_band=4-5;l17_rank_band=<=10,False,149,3,63.8255033557047,-5390.0,41.87919463087248,34.38485804416404,0.0,100.64516129032258,27,0,0.0,0.0,149,3,63.8255033557047,-5390.0,440,119.06818181818181,8390.0,13,0,0.0,-1300.0,13,0.0,81,80.49382716049382,-1580.0,1478
GAP15_24__odds_band=40-60__field_size_band=13-14,GAP15_24,odds_band=40-60;field_size_band=13-14,False,65,1,63.53846153846154,-2370.0,0.0,100.0,0.0,229.44444444444446,18,0,0.0,0.0,65,1,63.53846153846154,-2370.0,356,132.0505617977528,11410.0,8,0,0.0,-800.0,8,0.0,76,85.78947368421052,-1080.0,1479
GAP3_4__odds_band=60-80__market_rank_band=11-15,GAP3_4,odds_band=60-80;market_rank_band=11-15,False,99,1,63.535353535353536,-3610.0,0.0,100.0,0.0,125.8,10,0,0.0,0.0,99,1,63.535353535353536,-3610.0,390,126.07692307692308,10170.0,5,0,0.0,-500.0,5,0.0,73,89.31506849315069,-780.0,1480
GAP3_4__field_size_band=17+__model_rank_band=9-10,GAP3_4,field_size_band=17+;model_rank_band=9-10,False,167,3,63.293413173652695,-6130.0,41.377245508982035,34.62630085146642,0.0,127.96296296296296,49,0,0.0,0.0,167,3,63.293413173652695,-6130.0,458,116.70305676855895,7650.0,35,1,94.85714285714286,-180.0,35,94.85714285714286,103,95.53398058252426,-460.0,1481
GAP10_14__field_size_band=15-16__distance_band=1401-1800,GAP10_14,field_size_band=15-16;distance_band=1401-1800,False,353,5,63.22946175637394,-12980.0,44.92917847025496,28.942652329749105,0.0,152.76923076923077,65,0,0.0,0.0,353,5,63.22946175637394,-12980.0,644,101.24223602484471,800.0,40,1,67.5,-1300.0,40,67.5,108,85.37037037037037,-1580.0,1482
GAP10P__model_rank_band=9-10,GAP10P,model_rank_band=9-10,False,436,6,83.62385321100918,-7140.0,68.55504587155963,18.019747668678004,0.0,142.4022346368715,90,51,11.697247706422019,17.52577319587629,385,4,63.064935064935064,-14220.0,676,99.3491124260355,-440.0,64,0,0.0,-6400.0,54,0.0,122,53.442622950819676,-5680.0,1483
GAP5P__market_rank_band=31-40,GAP5P,market_rank_band=31-40,False,149,3,143.48993288590603,6480.0,80.80536912751678,43.68568755846586,0.0,215.0,39,52,34.899328859060404,17.869415807560138,97,1,62.68041237113402,-3620.0,388,126.18556701030928,10160.0,78,1,83.58974358974359,-1280.0,56,0.0,124,52.58064516129032,-5880.0,1484
GAP10P__market_rank_band=31-40,GAP10P,market_rank_band=31-40,False,149,3,143.48993288590603,6480.0,80.80536912751678,43.68568755846586,0.0,215.0,39,52,34.899328859060404,17.869415807560138,97,1,62.68041237113402,-3620.0,388,126.18556701030928,10160.0,78,1,83.58974358974359,-1280.0,56,0.0,124,52.58064516129032,-5880.0,1485
GAP7_9__pair_worse_rank_band=11-14__field_size_band=13-14,GAP7_9,pair_worse_rank_band=11-14;field_size_band=13-14,False,97,1,62.68041237113402,-3620.0,0.0,100.0,0.0,337.77777777777777,18,0,0.0,0.0,97,1,62.68041237113402,-3620.0,388,126.18556701030928,10160.0,28,0,0.0,-2800.0,28,0.0,96,67.91666666666667,-3080.0,1486
GAP5P__odds_band=<20__field_size_band=17+,GAP5P,odds_band=<20;field_size_band=17+,False,31,1,62.58064516129032,-1160.0,0.0,100.0,0.0,161.66666666666666,9,0,0.0,0.0,31,1,62.58064516129032,-1160.0,322,139.19254658385094,12620.0,6,1,116.66666666666667,100.0,6,116.66666666666667,74,97.56756756756756,-180.0,1487
GAP15_24__model_rank_band=1-3,GAP15_24,model_rank_band=1-3,False,108,4,173.61111111111111,7950.0,121.20370370370371,30.186666666666667,0.0,326.22222222222223,25,42,38.888888888888886,14.43298969072165,66,1,62.57575757575758,-2470.0,357,131.68067226890756,11310.0,7,0,0.0,-700.0,2,0.0,70,93.14285714285714,-480.0,1488
GAP5P__model_rank_band=9-10__l17_rank_band=<=10,GAP5P,model_rank_band=9-10;l17_rank_band=<=10,False,248,5,85.36290322580645,-3630.0,61.33064516129032,28.153046764289087,0.0,166.0,55,4,1.6129032258064515,1.3745704467353952,244,4,62.33606557377049,-9190.0,535,108.57943925233644,4590.0,22,1,187.72727272727272,1930.0,22,187.72727272727272,90,118.33333333333333,1650.0,1489
GAP10P__field_size_band=13-14__surface=DIRT,GAP10P,field_size_band=13-14;surface=DIRT,False,163,2,62.331288343558285,-6140.0,25.0920245398773,59.74409448818898,0.0,144.52380952380952,42,0,0.0,0.0,163,2,62.331288343558285,-6140.0,454,116.82819383259911,7640.0,22,0,0.0,-2200.0,22,0.0,90,72.44444444444444,-2480.0,1490
GAP10_14__field_size_band=13-14__distance_band=1401-1800,GAP10_14,field_size_band=13-14;distance_band=1401-1800,False,129,2,62.248062015503876,-4870.0,30.54263565891473,50.933997509339974,0.0,174.56521739130434,27,0,0.0,0.0,129,2,62.248062015503876,-4870.0,420,121.21428571428571,8910.0,19,0,0.0,-1900.0,19,0.0,87,74.94252873563218,-2180.0,1491
GAP7_9__odds_band=20-40__field_size_band=<=12,GAP7_9,odds_band=20-40;field_size_band=<=12,False,283,6,61.97879858657244,-10760.0,50.21201413427562,18.985176738882554,0.0,148.02083333333334,49,0,0.0,0.0,283,6,61.97879858657244,-10760.0,574,105.26132404181185,3020.0,21,0,0.0,-2100.0,21,0.0,89,73.25842696629213,-2380.0,1492
GAP7_9__market_rank_band=21-25__l17_rank_band=21-30,GAP7_9,market_rank_band=21-25;l17_rank_band=21-30,False,292,3,61.917808219178085,-11120.0,35.75342465753425,42.256637168141594,0.0,89.13333333333334,38,0,0.0,0.0,292,3,61.917808219178085,-11120.0,583,104.56260720411663,2660.0,35,1,282.85714285714283,6400.0,35,282.85714285714283,103,159.41747572815535,6120.0,1493
GAP7_9__odds_band=60-80__market_rank_band=21-25,GAP7_9,odds_band=60-80;market_rank_band=21-25,False,435,4,61.839080459770116,-16600.0,44.275862068965516,28.401486988847584,0.0,169.86666666666667,75,0,0.0,0.0,435,4,61.839080459770116,-16600.0,726,96.11570247933884,-2820.0,47,0,0.0,-4700.0,47,0.0,115,56.69565217391305,-4980.0,1494
GAP5_6__field_size_band=17+__model_rank_band=4-5,GAP5_6,field_size_band=17+;model_rank_band=4-5,False,141,3,61.06382978723404,-5490.0,39.43262411347518,35.42392566782811,0.0,109.42307692307692,36,0,0.0,0.0,141,3,61.06382978723404,-5490.0,432,119.18981481481481,8290.0,25,0,0.0,-2500.0,25,0.0,93,70.10752688172043,-2780.0,1495
GAP15_24__l17_rank_band=31-40,GAP15_24,l17_rank_band=31-40,False,118,3,135.33898305084745,4170.0,82.62711864406779,38.94802755165936,0.0,232.14285714285714,28,51,43.220338983050844,17.52577319587629,67,1,61.04477611940298,-2610.0,358,131.20111731843576,11170.0,11,0,0.0,-1100.0,6,0.0,74,88.10810810810811,-880.0,1496
GAP10P__odds_band=40-60__field_size_band=<=12,GAP10P,odds_band=40-60;field_size_band=<=12,False,140,2,61.0,-5460.0,30.214285714285715,50.468384074941454,0.0,137.74193548387098,36,0,0.0,0.0,140,2,61.0,-5460.0,431,119.30394431554524,8320.0,12,0,0.0,-1200.0,12,0.0,80,81.5,-1480.0,1497
GAP7_9__model_rank_band=9-10__l17_rank_band=<=10,GAP7_9,model_rank_band=9-10;l17_rank_band=<=10,False,52,1,60.96153846153846,-2030.0,0.0,100.0,0.0,288.1818181818182,11,0,0.0,0.0,52,1,60.96153846153846,-2030.0,343,134.25655976676384,11750.0,5,1,826.0,3630.0,5,826.0,73,145.8904109589041,3350.0,1498
GAP10_14__model_rank_band=11-15__l17_rank_band=21-30,GAP10_14,model_rank_band=11-15;l17_rank_band=21-30,False,203,2,60.88669950738916,-7940.0,30.147783251231527,50.48543689320388,0.0,136.0,39,0,0.0,0.0,203,2,60.88669950738916,-7940.0,494,111.82186234817814,5840.0,28,0,0.0,-2800.0,28,0.0,96,67.91666666666667,-3080.0,1499
GAP7_9__l17_rank_band=61+,GAP7_9,l17_rank_band=61+,False,186,3,60.806451612903224,-7290.0,35.215053763440864,42.08664898320071,0.0,109.16666666666667,60,0,0.0,0.0,186,3,60.806451612903224,-7290.0,477,113.60587002096436,6490.0,29,0,0.0,-2900.0,29,0.0,97,67.21649484536083,-3180.0,1500
GAP5_6__field_size_band=13-14__distance_band=1801-2200,GAP5_6,field_size_band=13-14;distance_band=1801-2200,False,137,4,60.583941605839414,-5400.0,40.0,33.975903614457835,0.0,152.41379310344828,29,0,0.0,0.0,137,4,60.583941605839414,-5400.0,428,119.57943925233644,8380.0,19,0,0.0,-1900.0,19,0.0,87,74.94252873563218,-2180.0,1501
GAP0_2__odds_band=100+__market_rank_band=11-15,GAP0_2,odds_band=100+;market_rank_band=11-15,False,177,1,60.56497175141243,-6980.0,0.0,100.0,0.0,181.6949152542373,43,0,0.0,0.0,177,1,60.56497175141243,-6980.0,468,114.52991452991454,6800.0,89,0,0.0,-8900.0,89,0.0,157,41.52866242038217,-9180.0,1502
GAP10_14__model_rank_band=4-5,GAP10_14,model_rank_band=4-5,False,245,4,60.48979591836735,-9680.0,42.734693877551024,29.352226720647774,0.0,96.91056910569105,40,0,0.0,0.0,245,4,60.48979591836735,-9680.0,536,107.64925373134328,4100.0,16,0,0.0,-1600.0,16,0.0,84,77.61904761904762,-1880.0,1503
GAP10P__field_size_band=15-16__model_rank_band=9-10,GAP10P,field_size_band=15-16;model_rank_band=9-10,False,241,4,98.13278008298755,-450.0,71.32780082987551,27.315010570824523,0.0,203.14814814814815,54,51,21.16182572614108,17.52577319587629,190,2,60.36842105263158,-7530.0,481,112.993762993763,6250.0,33,0,0.0,-3300.0,23,0.0,91,71.64835164835165,-2580.0,1504
GAP10P__field_size_band=15-16__model_rank_band=4-5,GAP10P,field_size_band=15-16;model_rank_band=4-5,False,183,2,46.12021857923497,-9860.0,22.349726775956285,51.540284360189574,0.0,89.7872340425532,36,43,23.497267759562842,14.776632302405499,140,2,60.285714285714285,-5560.0,431,119.07192575406033,8220.0,11,0,0.0,-1100.0,8,0.0,76,85.78947368421052,-1080.0,1505
GAP7_9__pair_worse_rank_band=<=6__field_size_band=<=12,GAP7_9,pair_worse_rank_band=<=6;field_size_band=<=12,False,249,5,60.12048192771084,-9930.0,35.82329317269076,40.41416165664663,0.0,80.66666666666667,46,0,0.0,0.0,249,5,60.12048192771084,-9930.0,540,107.12962962962963,3850.0,18,0,0.0,-1800.0,18,0.0,86,75.81395348837209,-2080.0,1506
GAP5_6__field_size_band=17+__model_rank_band=11-15,GAP5_6,field_size_band=17+;model_rank_band=11-15,False,200,2,59.7,-8060.0,25.4,57.45393634840871,0.0,134.50980392156862,51,0,0.0,0.0,200,2,59.7,-8060.0,491,111.64969450101833,5720.0,62,0,0.0,-6200.0,62,0.0,130,50.15384615384615,-6480.0,1507
GAP5P__odds_band=60-80__market_rank_band=26-30,GAP5P,odds_band=60-80;market_rank_band=26-30,False,331,4,84.25981873111782,-5210.0,60.21148036253776,28.54069558981714,0.0,160.92307692307693,90,80,24.169184290030213,27.491408934707902,251,2,59.48207171314741,-10170.0,542,106.66051660516605,3610.0,69,0,0.0,-6900.0,53,0.0,121,53.88429752066116,-5580.0,1508
GAP10P__odds_band=60-80__market_rank_band=26-30,GAP10P,odds_band=60-80;market_rank_band=26-30,False,331,4,84.25981873111782,-5210.0,60.21148036253776,28.54069558981714,0.0,160.92307692307693,90,80,24.169184290030213,27.491408934707902,251,2,59.48207171314741,-10170.0,542,106.66051660516605,3610.0,69,0,0.0,-6900.0,53,0.0,121,53.88429752066116,-5580.0,1509
GAP7_9__model_rank_band=4-5__l17_rank_band=31-40,GAP7_9,model_rank_band=4-5;l17_rank_band=31-40,False,55,1,59.45454545454545,-2230.0,0.0,100.0,0.0,99.0909090909091,9,0,0.0,0.0,55,1,59.45454545454545,-2230.0,346,133.3815028901734,11550.0,4,0,0.0,-400.0,4,0.0,72,90.55555555555556,-680.0,1510
GAP10_14__market_rank_band=21-25__l17_rank_band=21-30,GAP10_14,market_rank_band=21-25;l17_rank_band=21-30,False,208,2,59.42307692307692,-8440.0,29.423076923076923,50.48543689320388,0.0,111.27272727272727,27,0,0.0,0.0,208,2,59.42307692307692,-8440.0,499,110.70140280561122,5340.0,20,0,0.0,-2000.0,20,0.0,88,74.0909090909091,-2280.0,1511
GAP7_9__pair_worse_rank_band=<=6__market_rank_band=21-25,GAP7_9,pair_worse_rank_band=<=6;market_rank_band=21-25,False,185,2,59.4054054054054,-7510.0,28.54054054054054,51.956323930846224,0.0,114.2,47,0,0.0,0.0,185,2,59.4054054054054,-7510.0,476,113.17226890756302,6270.0,28,0,0.0,-2800.0,28,0.0,96,67.91666666666667,-3080.0,1512
GAP10_14__pair_worse_rank_band=7-10__market_rank_band=26-30,GAP10_14,pair_worse_rank_band=7-10;market_rank_band=26-30,False,134,1,59.40298507462686,-5440.0,0.0,100.0,0.0,124.375,28,0,0.0,0.0,134,1,59.40298507462686,-5440.0,425,119.62352941176471,8340.0,33,1,127.27272727272727,900.0,33,127.27272727272727,101,106.13861386138613,620.0,1513
GAP5_6__field_size_band=17+__l17_rank_band=11-20,GAP5_6,field_size_band=17+;l17_rank_band=11-20,False,197,4,59.08629441624365,-8060.0,40.101522842639596,32.13058419243986,0.0,134.79166666666666,48,0,0.0,0.0,197,4,59.08629441624365,-8060.0,488,111.72131147540983,5720.0,39,0,0.0,-3900.0,39,0.0,107,60.93457943925234,-4180.0,1514
GAP10P__model_rank_band=1-3__l17_rank_band=31-40,GAP10P,model_rank_band=1-3;l17_rank_band=31-40,False,61,2,145.08196721311475,2750.0,52.295081967213115,63.954802259887,0.0,205.8139534883721,7,7,11.475409836065573,2.4054982817869415,54,1,59.074074074074076,-2210.0,345,133.53623188405797,11570.0,2,0,0.0,-200.0,2,0.0,70,93.14285714285714,-480.0,1515
GAP5_6__field_size_band=17+__l17_rank_band=<=10,GAP5_6,field_size_band=17+;l17_rank_band=<=10,False,153,3,58.888888888888886,-6290.0,30.326797385620914,48.50166481687015,0.0,149.14893617021278,39,0,0.0,0.0,153,3,58.888888888888886,-6290.0,444,116.86936936936937,7490.0,33,1,21.21212121212121,-2600.0,33,21.21212121212121,101,71.48514851485149,-2880.0,1516
GAP5P__market_rank_band=<=10__l17_rank_band=21-30,GAP5P,market_rank_band=<=10;l17_rank_band=21-30,False,290,7,58.827586206896555,-11940.0,46.310344827586206,21.277842907385697,0.0,113.625,76,0,0.0,0.0,290,7,58.827586206896555,-11940.0,581,103.16695352839932,1840.0,46,3,135.2173913043478,1620.0,46,135.2173913043478,114,111.75438596491227,1340.0,1517
GAP10_14__model_rank_band=6-8__l17_rank_band=41-60,GAP10_14,model_rank_band=6-8;l17_rank_band=41-60,False,77,1,58.701298701298704,-3180.0,0.0,100.0,0.0,145.80645161290323,8,0,0.0,0.0,77,1,58.701298701298704,-3180.0,368,128.80434782608697,10600.0,5,1,920.0,4100.0,5,920.0,73,152.32876712328766,3820.0,1518
GAP0_2__odds_band=40-60__model_rank_band=6-8,GAP0_2,odds_band=40-60;model_rank_band=6-8,False,148,2,58.37837837837838,-6160.0,28.64864864864865,50.925925925925924,0.0,172.8,39,0,0.0,0.0,148,2,58.37837837837838,-6160.0,439,117.35763097949886,7620.0,63,0,0.0,-6300.0,63,0.0,131,49.770992366412216,-6580.0,1519
GAP10P__model_rank_band=9-10__l17_rank_band=41-60,GAP10P,model_rank_band=9-10;l17_rank_band=41-60,False,102,1,49.11764705882353,-5190.0,0.0,100.0,0.0,250.5,20,16,15.686274509803921,5.498281786941581,86,1,58.25581395348837,-3590.0,377,127.0291777188329,10190.0,18,0,0.0,-1800.0,16,0.0,84,77.61904761904762,-1880.0,1520
GAP10_14__field_size_band=17+__l17_rank_band=41-60,GAP10_14,field_size_band=17+;l17_rank_band=41-60,False,66,1,58.18181818181818,-2760.0,0.0,100.0,0.0,295.38461538461536,13,0,0.0,0.0,66,1,58.18181818181818,-2760.0,357,130.86834733893556,11020.0,11,1,332.72727272727275,2560.0,11,332.72727272727275,79,128.86075949367088,2280.0,1521
GAP7_9__field_size_band=17+__distance_band=<=1400,GAP7_9,field_size_band=17+;distance_band=<=1400,False,224,4,58.080357142857146,-9390.0,40.3125,30.59185242121445,0.0,105.80645161290323,47,0,0.0,0.0,224,4,58.080357142857146,-9390.0,515,108.52427184466019,4390.0,41,0,0.0,-4100.0,41,0.0,109,59.81651376146789,-4380.0,1522
GAP10P__odds_band=60-80__field_size_band=15-16,GAP10P,odds_band=60-80;field_size_band=15-16,False,469,5,67.50533049040511,-15240.0,53.134328358208954,21.288692356285534,0.0,130.97435897435898,94,147,31.34328358208955,50.51546391752577,322,3,58.07453416149068,-13500.0,613,100.45676998368678,280.0,66,1,98.78787878787878,-80.0,41,0.0,109,59.81651376146789,-4380.0,1523
GAP10_14__odds_band=60-80__field_size_band=15-16,GAP10_14,odds_band=60-80;field_size_band=15-16,False,322,3,58.07453416149068,-13500.0,38.01242236024845,34.54545454545455,0.0,85.0,56,0,0.0,0.0,322,3,58.07453416149068,-13500.0,613,100.45676998368678,280.0,36,0,0.0,-3600.0,36,0.0,104,62.69230769230769,-3880.0,1524
GAP10_14__market_rank_band=21-25__model_rank_band=9-10,GAP10_14,market_rank_band=21-25;model_rank_band=9-10,False,194,2,57.98969072164948,-8150.0,25.824742268041238,55.46666666666667,0.0,227.72727272727272,22,0,0.0,0.0,194,2,57.98969072164948,-8150.0,485,111.6082474226804,5630.0,17,0,0.0,-1700.0,17,0.0,85,76.70588235294117,-1980.0,1525
GAP10_14__field_size_band=17+__distance_band=1401-1800,GAP10_14,field_size_band=17+;distance_band=1401-1800,False,53,1,57.924528301886795,-2230.0,0.0,100.0,0.0,153.5,14,0,0.0,0.0,53,1,57.924528301886795,-2230.0,344,133.57558139534885,11550.0,8,1,597.5,3980.0,8,597.5,76,148.68421052631578,3700.0,1526
GAP5_6__odds_band=40-60__field_size_band=13-14,GAP5_6,odds_band=40-60;field_size_band=13-14,False,399,5,57.84461152882206,-16820.0,44.987468671679196,22.227036395147312,0.0,123.46666666666667,93,0,0.0,0.0,399,5,57.84461152882206,-16820.0,690,95.59420289855072,-3040.0,76,2,136.05263157894737,2740.0,76,136.05263157894737,144,117.08333333333333,2460.0,1527
GAP3_4__pair_worse_rank_band=11-14__field_size_band=13-14,GAP3_4,pair_worse_rank_band=11-14;field_size_band=13-14,False,176,4,57.55681818181818,-7470.0,31.079545454545453,46.00197433366239,0.0,113.33333333333333,46,0,0.0,0.0,176,4,57.55681818181818,-7470.0,467,113.5117773019272,6310.0,78,4,285.12820512820514,14440.0,78,285.12820512820514,146,196.986301369863,14160.0,1528
GAP10P__field_size_band=<=12__market_rank_band=21-25,GAP10P,field_size_band=<=12;market_rank_band=21-25,False,109,1,57.24770642201835,-4660.0,0.0,100.0,0.0,117.73584905660377,26,0,0.0,0.0,109,1,57.24770642201835,-4660.0,400,122.8,9120.0,5,0,0.0,-500.0,5,0.0,73,89.31506849315069,-780.0,1529
GAP3_4__field_size_band=17+__l17_rank_band=31-40,GAP3_4,field_size_band=17+;l17_rank_band=31-40,False,115,2,56.95652173913044,-4950.0,22.17391304347826,61.06870229007634,0.0,82.25806451612904,31,0,0.0,0.0,115,2,56.95652173913044,-4950.0,406,121.7487684729064,8830.0,45,2,94.22222222222223,-260.0,45,94.22222222222223,113,95.22123893805309,-540.0,1530
GAP5_6__field_size_band=17+__distance_band=1801-2200,GAP5_6,field_size_band=17+;distance_band=1801-2200,False,91,2,56.81318681318681,-3930.0,24.725274725274726,56.479690522243715,0.0,172.33333333333334,24,0,0.0,0.0,91,2,56.81318681318681,-3930.0,382,125.78534031413612,9850.0,23,0,0.0,-2300.0,23,0.0,91,71.64835164835165,-2580.0,1531
GAP10P__market_rank_band=21-25__l17_rank_band=61+,GAP10P,market_rank_band=21-25;l17_rank_band=61+,False,127,1,45.511811023622045,-6920.0,0.0,100.0,0.0,199.31034482758622,29,25,19.68503937007874,8.59106529209622,102,1,56.666666666666664,-4420.0,393,123.81679389312977,9360.0,23,0,0.0,-2300.0,22,0.0,90,72.44444444444444,-2480.0,1532
GAP5P__market_rank_band=16-20__l17_rank_band=41-60,GAP5P,market_rank_band=16-20;l17_rank_band=41-60,False,552,8,63.405797101449274,-20200.0,53.07971014492754,16.285714285714285,0.0,108.57868020304568,166,6,1.0869565217391304,2.0618556701030926,546,7,56.64835164835165,-23670.0,837,88.18399044205496,-9890.0,125,3,106.88,860.0,122,109.50819672131148,190,104.63157894736842,880.0,1533
GAP10P__field_size_band=15-16__distance_band=1401-1800,GAP10P,field_size_band=15-16;distance_band=1401-1800,False,400,6,80.2,-7920.0,56.85,29.114713216957608,0.0,136.66666666666666,87,102,25.5,35.05154639175258,298,4,56.308724832214764,-13020.0,589,101.29032258064517,760.0,67,2,137.61194029850745,2520.0,44,61.36363636363637,112,82.32142857142857,-1980.0,1534
GAP10_14__pair_worse_rank_band=7-10__field_size_band=15-16,GAP10_14,pair_worse_rank_band=7-10;field_size_band=15-16,False,551,7,55.970961887477316,-24260.0,44.86388384754991,19.844357976653697,0.0,92.8936170212766,98,0,0.0,0.0,551,7,55.970961887477316,-24260.0,842,87.55344418052256,-10480.0,51,1,90.19607843137256,-500.0,51,90.19607843137256,119,93.4453781512605,-780.0,1535
GAP7_9__market_rank_band=16-20__l17_rank_band=<=10,GAP7_9,market_rank_band=16-20;l17_rank_band=<=10,False,133,2,55.86466165413534,-5870.0,23.834586466165412,57.335127860026915,0.0,265.35714285714283,28,0,0.0,0.0,133,2,55.86466165413534,-5870.0,424,118.65566037735849,7910.0,11,1,375.45454545454544,3030.0,11,375.45454545454544,79,134.81012658227849,2750.0,1536
GAP7_9__market_rank_band=11-15__l17_rank_band=41-60,GAP7_9,market_rank_band=11-15;l17_rank_band=41-60,False,138,2,55.57971014492754,-6130.0,26.73913043478261,51.890482398956976,0.0,78.03921568627452,28,0,0.0,0.0,138,2,55.57971014492754,-6130.0,429,117.83216783216783,7650.0,25,1,126.8,670.0,25,126.8,93,104.19354838709677,390.0,1537
GAP5P__model_rank_band=9-10__l17_rank_band=41-60,GAP5P,model_rank_band=9-10;l17_rank_band=41-60,False,249,3,51.64658634538153,-12040.0,31.526104417670684,38.95800933125972,0.0,98.125,68,16,6.42570281124498,5.498281786941581,233,3,55.1931330472103,-10440.0,524,106.37404580152672,3340.0,33,0,0.0,-3300.0,31,0.0,99,65.85858585858585,-3380.0,1538
GAP7_9__model_rank_band=9-10__l17_rank_band=41-60,GAP7_9,model_rank_band=9-10;l17_rank_band=41-60,False,78,1,54.61538461538461,-3540.0,0.0,100.0,0.0,185.2173913043478,19,0,0.0,0.0,78,1,54.61538461538461,-3540.0,369,127.75067750677506,10240.0,8,0,0.0,-800.0,8,0.0,76,85.78947368421052,-1080.0,1539
GAP7_9__distance_band=2201+,GAP7_9,distance_band=2201+,False,233,3,54.4206008583691,-10620.0,25.836909871244636,52.52365930599369,0.0,195.88235294117646,34,0,0.0,0.0,233,3,54.4206008583691,-10620.0,524,106.03053435114504,3160.0,26,0,0.0,-2600.0,26,0.0,94,69.36170212765957,-2880.0,1540
GAP5_6__odds_band=60-80__field_size_band=<=12,GAP5_6,odds_band=60-80;field_size_band=<=12,False,125,1,54.24,-5720.0,0.0,100.0,0.0,104.3076923076923,11,0,0.0,0.0,125,1,54.24,-5720.0,416,119.375,8060.0,6,0,0.0,-600.0,6,0.0,74,88.10810810810811,-880.0,1541
GAP7_9__field_size_band=<=12__market_rank_band=11-15,GAP7_9,field_size_band=<=12;market_rank_band=11-15,False,213,4,54.08450704225352,-9780.0,38.45070422535211,28.90625,0.0,132.09677419354838,36,0,0.0,0.0,213,4,54.08450704225352,-9780.0,504,107.93650793650794,4000.0,15,0,0.0,-1500.0,15,0.0,83,78.55421686746988,-1780.0,1542
GAP10P__model_rank_band=11-15__l17_rank_band=21-30,GAP10P,model_rank_band=11-15;l17_rank_band=21-30,False,240,2,51.5,-11640.0,25.5,50.48543689320388,0.0,109.28571428571429,46,11,4.583333333333333,3.7800687285223367,229,2,53.97379912663755,-10540.0,520,106.23076923076923,3240.0,38,1,171.57894736842104,2720.0,35,0.0,103,63.300970873786405,-3780.0,1543
GAP7_9__odds_band=60-80__field_size_band=13-14,GAP7_9,odds_band=60-80;field_size_band=13-14,False,113,1,53.80530973451327,-5220.0,0.0,100.0,0.0,357.6470588235294,17,0,0.0,0.0,113,1,53.80530973451327,-5220.0,404,121.18811881188118,8560.0,4,0,0.0,-400.0,4,0.0,72,90.55555555555556,-680.0,1544
GAP5P__odds_band=40-60__market_rank_band=26-30,GAP5P,odds_band=40-60;market_rank_band=26-30,False,133,1,44.06015037593985,-7440.0,0.0,100.0,0.0,106.54545454545455,14,24,18.045112781954888,8.24742268041237,109,1,53.76146788990825,-5040.0,400,121.85,8740.0,33,0,0.0,-3300.0,28,0.0,96,67.91666666666667,-3080.0,1545
GAP10P__odds_band=40-60__market_rank_band=26-30,GAP10P,odds_band=40-60;market_rank_band=26-30,False,133,1,44.06015037593985,-7440.0,0.0,100.0,0.0,106.54545454545455,14,24,18.045112781954888,8.24742268041237,109,1,53.76146788990825,-5040.0,400,121.85,8740.0,33,0,0.0,-3300.0,28,0.0,96,67.91666666666667,-3080.0,1546
GAP3_4__pair_worse_rank_band=15+,GAP3_4,pair_worse_rank_band=15+,False,96,2,53.541666666666664,-4460.0,25.104166666666668,53.11284046692607,0.0,80.29411764705883,28,0,0.0,0.0,96,2,53.541666666666664,-4460.0,387,124.08268733850129,9320.0,23,0,0.0,-2300.0,23,0.0,91,71.64835164835165,-2580.0,1547
GAP10P__pair_worse_rank_band=7-10__field_size_band=13-14,GAP10P,pair_worse_rank_band=7-10;field_size_band=13-14,False,245,3,53.30612244897959,-11440.0,28.53061224489796,46.47779479326187,0.0,175.88235294117646,51,0,0.0,0.0,245,3,53.30612244897959,-11440.0,536,104.36567164179104,2340.0,22,0,0.0,-2200.0,22,0.0,90,72.44444444444444,-2480.0,1548
GAP7_9__field_size_band=<=12__distance_band=2201+,GAP7_9,field_size_band=<=12;distance_band=2201+,False,113,2,53.27433628318584,-5280.0,25.663716814159294,51.82724252491694,0.0,130.8695652173913,15,0,0.0,0.0,113,2,53.27433628318584,-5280.0,404,121.03960396039604,8500.0,5,0,0.0,-500.0,5,0.0,73,89.31506849315069,-780.0,1549
GAP10_14__odds_band=40-60__field_size_band=17+,GAP10_14,odds_band=40-60;field_size_band=17+,False,111,1,53.153153153153156,-5200.0,0.0,100.0,0.0,122.91666666666667,20,0,0.0,0.0,111,1,53.153153153153156,-5200.0,402,121.34328358208955,8580.0,25,1,191.2,2280.0,25,191.2,93,121.50537634408602,2000.0,1550
GAP10P__model_rank_band=4-5__l17_rank_band=41-60,GAP10P,model_rank_band=4-5;l17_rank_band=41-60,False,90,1,48.333333333333336,-4650.0,0.0,100.0,0.0,120.83333333333333,17,8,8.88888888888889,2.7491408934707904,82,1,53.048780487804876,-3850.0,373,126.62198391420911,9930.0,9,0,0.0,-900.0,8,0.0,76,85.78947368421052,-1080.0,1551
GAP5_6__field_size_band=13-14__l17_rank_band=41-60,GAP5_6,field_size_band=13-14;l17_rank_band=41-60,False,99,2,53.03030303030303,-4650.0,21.616161616161616,59.23809523809524,0.0,115.18518518518519,27,0,0.0,0.0,99,2,53.03030303030303,-4650.0,390,123.41025641025641,9130.0,19,0,0.0,-1900.0,19,0.0,87,74.94252873563218,-2180.0,1552
GAP10P__surface=TURF__distance_band=1401-1800,GAP10P,surface=TURF;distance_band=1401-1800,False,305,3,76.55737704918033,-7150.0,45.9344262295082,40.0,0.0,130.5785123966942,72,39,12.78688524590164,13.402061855670103,266,2,52.669172932330824,-12590.0,557,102.13644524236985,1190.0,54,2,138.5185185185185,2080.0,47,159.14893617021278,115,121.73913043478261,2500.0,1553
GAP10P__pair_worse_rank_band=<=6__field_size_band=15-16,GAP10P,pair_worse_rank_band=<=6;field_size_band=15-16,False,272,4,65.66176470588235,-9340.0,43.75,33.370660694288915,0.0,126.59574468085107,89,46,16.91176470588235,15.807560137457045,226,3,52.65486725663717,-10700.0,517,105.95744680851064,3080.0,31,1,87.09677419354838,-400.0,22,122.72727272727273,90,102.44444444444444,220.0,1554
GAP0_2__model_rank_band=1-3__l17_rank_band=31-40,GAP0_2,model_rank_band=1-3;l17_rank_band=31-40,False,113,5,52.65486725663717,-5350.0,37.610619469026545,28.571428571428573,0.0,86.12903225806451,26,0,0.0,0.0,113,5,52.65486725663717,-5350.0,404,120.86633663366337,8430.0,42,4,80.71428571428571,-810.0,42,80.71428571428571,110,90.0909090909091,-1090.0,1555
GAP5P__field_size_band=17+__l17_rank_band=31-40,GAP5P,field_size_band=17+;l17_rank_band=31-40,False,209,2,52.39234449760765,-9950.0,19.56937799043062,62.64840182648402,0.0,145.95744680851064,47,0,0.0,0.0,209,2,52.39234449760765,-9950.0,500,107.66,3830.0,34,0,0.0,-3400.0,34,0.0,102,63.92156862745098,-3680.0,1556
GAP10P__market_rank_band=21-25__l17_rank_band=21-30,GAP10P,market_rank_band=21-25;l17_rank_band=21-30,False,252,2,49.04761904761905,-12840.0,24.285714285714285,50.48543689320388,0.0,83.83561643835617,35,16,6.349206349206349,5.498281786941581,236,2,52.3728813559322,-11240.0,527,104.81973434535104,2540.0,21,0,0.0,-2100.0,20,0.0,88,74.0909090909091,-2280.0,1557
GAP7_9__field_size_band=17+__market_rank_band=21-25,GAP7_9,field_size_band=17+;market_rank_band=21-25,False,146,1,52.32876712328767,-6960.0,0.0,100.0,0.0,112.3529411764706,30,0,0.0,0.0,146,1,52.32876712328767,-6960.0,437,115.60640732265446,6820.0,22,0,0.0,-2200.0,22,0.0,90,72.44444444444444,-2480.0,1558
GAP10_14__odds_band=60-80__market_rank_band=26-30,GAP10_14,odds_band=60-80;market_rank_band=26-30,False,153,1,52.02614379084967,-7340.0,0.0,100.0,0.0,124.375,37,0,0.0,0.0,153,1,52.02614379084967,-7340.0,444,114.50450450450451,6440.0,30,0,0.0,-3000.0,30,0.0,98,66.53061224489795,-3280.0,1559
GAP0_2__odds_band=<20__model_rank_band=11-15,GAP0_2,odds_band=<20;model_rank_band=11-15,False,31,1,51.935483870967744,-1490.0,0.0,100.0,0.0,123.84615384615384,9,0,0.0,0.0,31,1,51.935483870967744,-1490.0,322,138.16770186335404,12290.0,12,0,0.0,-1200.0,12,0.0,80,81.5,-1480.0,1560
GAP10_14__odds_band=20-40__model_rank_band=4-5,GAP10_14,odds_band=20-40;model_rank_band=4-5,False,123,2,51.86991869918699,-5920.0,23.577235772357724,54.54545454545455,0.0,126.08695652173913,23,0,0.0,0.0,123,2,51.86991869918699,-5920.0,414,118.98550724637681,7860.0,7,0,0.0,-700.0,7,0.0,75,86.93333333333334,-980.0,1561
GAP7_9__surface=TURF__distance_band=2201+,GAP7_9,surface=TURF;distance_band=2201+,False,190,2,51.473684210526315,-9220.0,16.42105263157895,68.09815950920246,0.0,237.85714285714286,28,0,0.0,0.0,190,2,51.473684210526315,-9220.0,481,109.48024948024948,4560.0,20,0,0.0,-2000.0,20,0.0,88,74.0909090909091,-2280.0,1562
GAP10_14__field_size_band=15-16__l17_rank_band=<=10,GAP10_14,field_size_band=15-16;l17_rank_band=<=10,False,118,2,51.186440677966104,-5760.0,25.423728813559322,50.33112582781457,0.0,158.94736842105263,29,0,0.0,0.0,118,2,51.186440677966104,-5760.0,409,119.60880195599022,8020.0,8,1,337.5,1900.0,8,337.5,76,121.3157894736842,1620.0,1563
GAP5P__market_rank_band=21-25__model_rank_band=9-10,GAP5P,market_rank_band=21-25;model_rank_band=9-10,False,237,2,47.46835443037975,-12450.0,21.139240506329113,55.46666666666667,0.0,116.51162790697674,43,17,7.172995780590718,5.841924398625429,220,2,51.13636363636363,-10750.0,511,105.92954990215264,3030.0,24,0,0.0,-2400.0,21,0.0,89,73.25842696629213,-2380.0,1564
GAP10P__market_rank_band=21-25__model_rank_band=9-10,GAP10P,market_rank_band=21-25;model_rank_band=9-10,False,237,2,47.46835443037975,-12450.0,21.139240506329113,55.46666666666667,0.0,116.51162790697674,43,17,7.172995780590718,5.841924398625429,220,2,51.13636363636363,-10750.0,511,105.92954990215264,3030.0,24,0,0.0,-2400.0,21,0.0,89,73.25842696629213,-2380.0,1565
GAP10P__field_size_band=17+__l17_rank_band=31-40,GAP10P,field_size_band=17+;l17_rank_band=31-40,False,80,1,51.125,-3910.0,0.0,100.0,0.0,163.6,13,0,0.0,0.0,80,1,51.125,-3910.0,371,126.60377358490567,9870.0,10,0,0.0,-1000.0,10,0.0,78,83.58974358974359,-1280.0,1566
GAP7_9__market_rank_band=16-20__l17_rank_band=41-60,GAP7_9,market_rank_band=16-20;l17_rank_band=41-60,False,195,2,51.07692307692308,-9540.0,21.846153846153847,57.2289156626506,0.0,95.0,60,0,0.0,0.0,195,2,51.07692307692308,-9540.0,486,108.72427983539094,4240.0,45,1,94.66666666666667,-240.0,45,94.66666666666667,113,95.39823008849558,-520.0,1567
GAP7_9__market_rank_band=11-15__l17_rank_band=<=10,GAP7_9,market_rank_band=11-15;l17_rank_band=<=10,False,317,5,50.694006309148264,-15630.0,39.43217665615142,22.21530802738021,0.0,72.67716535433071,54,0,0.0,0.0,317,5,50.694006309148264,-15630.0,608,96.95723684210526,-1850.0,25,0,0.0,-2500.0,25,0.0,93,70.10752688172043,-2780.0,1568
GAP7_9__model_rank_band=11-15__l17_rank_band=41-60,GAP7_9,model_rank_band=11-15;l17_rank_band=41-60,False,234,2,50.34188034188034,-11620.0,24.358974358974358,51.61290322580645,0.0,161.36986301369862,73,0,0.0,0.0,234,2,50.34188034188034,-11620.0,525,104.11428571428571,2160.0,75,2,123.06666666666666,1730.0,75,123.06666666666666,143,110.13986013986013,1450.0,1569
GAP5_6__odds_band=40-60__field_size_band=17+,GAP5_6,odds_band=40-60;field_size_band=17+,False,189,2,50.0,-9450.0,23.12169312169312,53.75661375661376,0.0,95.0,46,0,0.0,0.0,189,2,50.0,-9450.0,480,109.02083333333333,4330.0,62,0,0.0,-6200.0,62,0.0,130,50.15384615384615,-6480.0,1570
GAP10_14__field_size_band=13-14__model_rank_band=4-5,GAP10_14,field_size_band=13-14;model_rank_band=4-5,False,58,1,50.0,-2900.0,0.0,100.0,0.0,580.0,5,0,0.0,0.0,58,1,50.0,-2900.0,349,131.17478510028653,10880.0,6,0,0.0,-600.0,6,0.0,74,88.10810810810811,-880.0,1571
GAP5_6__model_rank_band=9-10__l17_rank_band=41-60,GAP5_6,model_rank_band=9-10;l17_rank_band=41-60,False,72,1,49.861111111111114,-3610.0,0.0,100.0,0.0,149.58333333333334,18,0,0.0,0.0,72,1,49.861111111111114,-3610.0,363,128.01652892561984,10170.0,8,0,0.0,-800.0,8,0.0,76,85.78947368421052,-1080.0,1572
GAP10P__odds_band=20-40__model_rank_band=4-5,GAP10P,odds_band=20-40;model_rank_band=4-5,False,130,2,49.07692307692308,-6620.0,22.307692307692307,54.54545454545455,0.0,120.83333333333333,24,2,1.5384615384615385,0.6872852233676976,128,2,49.84375,-6420.0,419,117.56563245823389,7360.0,7,0,0.0,-700.0,7,0.0,75,86.93333333333334,-980.0,1573
GAP0_2__odds_band=<20__model_rank_band=9-10,GAP0_2,odds_band=<20;model_rank_band=9-10,False,296,8,49.29054054054054,-15010.0,42.63513513513514,13.502398903358465,0.0,75.20833333333333,71,0,0.0,0.0,296,8,49.29054054054054,-15010.0,587,97.9045996592845,-1230.0,171,8,84.21052631578948,-2700.0,171,84.21052631578948,239,87.53138075313808,-2980.0,1574
GAP10P__market_rank_band=16-20__l17_rank_band=31-40,GAP10P,market_rank_band=16-20;l17_rank_band=31-40,False,148,2,47.229729729729726,-7810.0,19.594594594594593,58.51216022889842,0.0,193.33333333333334,15,6,4.054054054054054,2.0618556701030926,142,2,49.225352112676056,-7210.0,433,115.17321016166282,6570.0,9,0,0.0,-900.0,9,0.0,77,84.67532467532467,-1180.0,1575
GAP7_9__model_rank_band=6-8__l17_rank_band=11-20,GAP7_9,model_rank_band=6-8;l17_rank_band=11-20,False,286,5,49.12587412587413,-14550.0,38.21678321678322,22.206405693950177,0.0,161.76470588235293,34,0,0.0,0.0,286,5,49.12587412587413,-14550.0,577,98.66551126516464,-770.0,18,0,0.0,-1800.0,18,0.0,86,75.81395348837209,-2080.0,1576
GAP10P__pair_worse_rank_band=7-10__field_size_band=15-16,GAP10P,pair_worse_rank_band=7-10;field_size_band=15-16,False,643,8,57.93157076205288,-27050.0,48.25816485225506,16.697986577181208,0.0,82.78195488721805,120,126,19.595645412130636,43.29896907216495,517,6,49.071566731141196,-26330.0,808,84.46782178217822,-12550.0,76,2,146.31578947368422,3520.0,55,83.63636363636364,123,90.40650406504065,-1180.0,1577
GAP5_6__market_rank_band=<=10__l17_rank_band=21-30,GAP5_6,market_rank_band=<=10;l17_rank_band=21-30,False,234,5,48.97435897435897,-11940.0,33.46153846153846,31.67539267015707,0.0,78.13725490196079,65,0,0.0,0.0,234,5,48.97435897435897,-11940.0,525,103.5047619047619,1840.0,38,3,163.68421052631578,2420.0,38,163.68421052631578,106,120.18867924528301,2140.0,1578
GAP5_6__pair_worse_rank_band=15+,GAP5_6,pair_worse_rank_band=15+,False,62,1,48.87096774193548,-3170.0,0.0,100.0,0.0,159.47368421052633,11,0,0.0,0.0,62,1,48.87096774193548,-3170.0,353,130.05665722379604,10610.0,16,1,173.75,1180.0,16,173.75,84,110.71428571428571,900.0,1579
GAP3_4__market_rank_band=16-20__l17_rank_band=41-60,GAP3_4,market_rank_band=16-20;l17_rank_band=41-60,False,280,3,48.535714285714285,-14410.0,30.107142857142858,37.969094922737305,0.0,84.71698113207547,79,0,0.0,0.0,280,3,48.535714285714285,-14410.0,571,98.89667250437829,-630.0,112,4,175.53571428571428,8460.0,112,175.53571428571428,180,145.44444444444446,8180.0,1580
GAP7_9__field_size_band=15-16__distance_band=1801-2200,GAP7_9,field_size_band=15-16;distance_band=1801-2200,False,152,2,47.89473684210526,-7920.0,20.92105263157895,56.31868131868132,0.0,113.57142857142857,28,0,0.0,0.0,152,2,47.89473684210526,-7920.0,443,113.22799097065463,5860.0,35,2,199.71428571428572,3490.0,35,199.71428571428572,103,131.16504854368932,3210.0,1581
GAP5P__field_size_band=<=12__model_rank_band=1-3,GAP5P,field_size_band=<=12;model_rank_band=1-3,False,275,6,47.70909090909091,-14380.0,35.74545454545454,25.076219512195124,0.0,71.17647058823529,56,0,0.0,0.0,275,6,47.70909090909091,-14380.0,566,98.93992932862191,-600.0,10,0,0.0,-1000.0,10,0.0,78,83.58974358974359,-1280.0,1582
GAP10P__field_size_band=15-16__l17_rank_band=<=10,GAP10P,field_size_band=15-16;l17_rank_band=<=10,False,147,3,81.63265306122449,-2700.0,41.08843537414966,49.666666666666664,0.0,154.87179487179486,39,20,13.605442176870747,6.8728522336769755,127,2,47.55905511811024,-6660.0,418,117.03349282296651,7120.0,16,1,168.75,1100.0,9,300.0,77,119.74025974025975,1520.0,1583
GAP3_4__pair_worse_rank_band=11-14__market_rank_band=11-15,GAP3_4,pair_worse_rank_band=11-14;market_rank_band=11-15,False,369,5,47.39837398373984,-19410.0,34.769647696476966,26.64379645511721,0.0,76.80412371134021,97,0,0.0,0.0,369,5,47.39837398373984,-19410.0,660,91.46969696969697,-5630.0,157,2,55.92356687898089,-6920.0,157,55.92356687898089,225,68.0,-7200.0,1584
GAP7_9__odds_band=20-40__model_rank_band=9-10,GAP7_9,odds_band=20-40;model_rank_band=9-10,False,134,2,47.23880597014925,-7070.0,23.582089552238806,50.07898894154818,0.0,102.25806451612904,31,0,0.0,0.0,134,2,47.23880597014925,-7070.0,425,115.78823529411764,6710.0,14,0,0.0,-1400.0,14,0.0,82,79.51219512195122,-1680.0,1585
GAP5P__model_rank_band=11-15__l17_rank_band=61+,GAP5P,model_rank_band=11-15;l17_rank_band=61+,False,326,4,92.69938650306749,-2380.0,64.04907975460122,30.906684315023163,0.0,196.09756097560975,82,26,7.975460122699387,8.934707903780069,300,2,47.13333333333333,-15860.0,591,96.48054145516075,-2080.0,123,0,0.0,-12300.0,101,0.0,169,38.57988165680474,-10380.0,1586
GAP7_9__field_size_band=<=12__market_rank_band=21-25,GAP7_9,field_size_band=<=12;market_rank_band=21-25,False,122,1,46.967213114754095,-6470.0,0.0,100.0,0.0,104.18181818181819,17,0,0.0,0.0,122,1,46.967213114754095,-6470.0,413,117.6997578692494,7310.0,17,0,0.0,-1700.0,17,0.0,85,76.70588235294117,-1980.0,1587
GAP10_14__field_size_band=15-16__l17_rank_band=31-40,GAP10_14,field_size_band=15-16;l17_rank_band=31-40,False,199,2,46.78391959798995,-10590.0,16.030150753768844,65.73576799140709,0.0,82.70270270270271,33,0,0.0,0.0,199,2,46.78391959798995,-10590.0,490,106.51020408163265,3190.0,17,0,0.0,-1700.0,17,0.0,85,76.70588235294117,-1980.0,1588
GAP5_6__field_size_band=17+__model_rank_band=9-10,GAP5_6,field_size_band=17+;model_rank_band=9-10,False,80,1,46.75,-4260.0,0.0,100.0,0.0,233.75,16,0,0.0,0.0,80,1,46.75,-4260.0,371,125.66037735849056,9520.0,15,0,0.0,-1500.0,15,0.0,83,78.55421686746988,-1780.0,1589
GAP0_2__field_size_band=<=12__l17_rank_band=41-60,GAP0_2,field_size_band=<=12;l17_rank_band=41-60,False,70,1,46.42857142857143,-3750.0,0.0,100.0,0.0,116.07142857142857,16,0,0.0,0.0,70,1,46.42857142857143,-3750.0,361,127.78393351800554,10030.0,24,1,160.41666666666666,1450.0,24,160.41666666666666,92,112.71739130434783,1170.0,1590
GAP3_4__pair_worse_rank_band=11-14__field_size_band=17+,GAP3_4,pair_worse_rank_band=11-14;field_size_band=17+,False,120,2,46.166666666666664,-6460.0,21.666666666666668,53.068592057761734,0.0,68.37209302325581,33,0,0.0,0.0,120,2,46.166666666666664,-6460.0,411,117.81021897810218,7320.0,55,3,162.9090909090909,3460.0,55,162.9090909090909,123,125.85365853658537,3180.0,1591
GAP10_14__field_size_band=17+__model_rank_band=11-15,GAP10_14,field_size_band=17+;model_rank_band=11-15,False,128,1,46.09375,-6900.0,0.0,100.0,0.0,96.72131147540983,31,0,0.0,0.0,128,1,46.09375,-6900.0,419,116.4200477326969,6880.0,26,0,0.0,-2600.0,26,0.0,94,69.36170212765957,-2880.0,1592
GAP10P__pair_worse_rank_band=7-10__market_rank_band=16-20,GAP10P,pair_worse_rank_band=7-10;market_rank_band=16-20,False,426,5,44.27230046948357,-23740.0,34.671361502347416,21.68610816542948,0.0,134.8,50,16,3.755868544600939,5.498281786941581,410,5,46.0,-22140.0,701,88.07417974322397,-8360.0,19,2,493.6842105263158,7480.0,17,551.7647058823529,85,187.05882352941177,7400.0,1593
GAP10_14__field_size_band=13-14__l17_rank_band=21-30,GAP10_14,field_size_band=13-14;l17_rank_band=21-30,False,89,1,45.95505617977528,-4810.0,0.0,100.0,0.0,107.63157894736842,13,0,0.0,0.0,89,1,45.95505617977528,-4810.0,380,123.60526315789474,8970.0,9,0,0.0,-900.0,9,0.0,77,84.67532467532467,-1180.0,1594
GAP5_6__field_size_band=13-14__model_rank_band=6-8,GAP5_6,field_size_band=13-14;model_rank_band=6-8,False,306,5,45.88235294117647,-16560.0,35.45751633986928,22.72079772079772,0.0,75.73913043478261,71,0,0.0,0.0,306,5,45.88235294117647,-16560.0,597,95.34338358458962,-2780.0,44,4,252.27272727272728,6700.0,44,252.27272727272728,112,157.32142857142858,6420.0,1595
GAP7_9__field_size_band=13-14__model_rank_band=6-8,GAP7_9,field_size_band=13-14;model_rank_band=6-8,False,137,2,45.47445255474452,-7470.0,19.05109489051095,58.10593900481541,0.0,90.0,29,0,0.0,0.0,137,2,45.47445255474452,-7470.0,428,114.74299065420561,6310.0,11,0,0.0,-1100.0,11,0.0,79,82.53164556962025,-1380.0,1596
GAP5_6__odds_band=40-60__model_rank_band=6-8,GAP5_6,odds_band=40-60;model_rank_band=6-8,False,186,2,45.26881720430107,-10180.0,21.774193548387096,51.90023752969121,0.0,227.56756756756758,37,0,0.0,0.0,186,2,45.26881720430107,-10180.0,477,107.54716981132076,3600.0,15,0,0.0,-1500.0,15,0.0,83,78.55421686746988,-1780.0,1597
GAP10P__model_rank_band=6-8__l17_rank_band=41-60,GAP10P,model_rank_band=6-8;l17_rank_band=41-60,False,116,1,38.96551724137931,-7080.0,0.0,100.0,0.0,110.2439024390244,14,16,13.793103448275861,5.498281786941581,100,1,45.2,-5480.0,391,121.22762148337596,8300.0,11,1,418.1818181818182,3500.0,9,511.1111111111111,77,144.41558441558442,3420.0,1598
GAP5_6__pair_worse_rank_band=11-14__market_rank_band=11-15,GAP5_6,pair_worse_rank_band=11-14;market_rank_band=11-15,False,173,2,45.14450867052023,-9490.0,21.734104046242773,51.85659411011524,0.0,106.57894736842105,38,0,0.0,0.0,173,2,45.14450867052023,-9490.0,464,109.24568965517241,4290.0,63,1,81.74603174603175,-1150.0,63,81.74603174603175,131,89.08396946564885,-1430.0,1599
GAP0_2__odds_band=100+__field_size_band=<=12,GAP0_2,odds_band=100+;field_size_band=<=12,False,238,1,45.04201680672269,-13080.0,0.0,100.0,0.0,137.43589743589743,62,0,0.0,0.0,238,1,45.04201680672269,-13080.0,529,101.32325141776937,700.0,94,0,0.0,-9400.0,94,0.0,162,40.24691358024691,-9680.0,1600
GAP7_9__field_size_band=<=12__l17_rank_band=31-40,GAP7_9,field_size_band=<=12;l17_rank_band=31-40,False,74,1,45.0,-4070.0,0.0,100.0,0.0,85.38461538461539,16,0,0.0,0.0,74,1,45.0,-4070.0,365,126.6027397260274,9710.0,8,0,0.0,-800.0,8,0.0,76,85.78947368421052,-1080.0,1601
GAP5_6__field_size_band=17+__distance_band=1401-1800,GAP5_6,field_size_band=17+;distance_band=1401-1800,False,113,1,44.95575221238938,-6220.0,0.0,100.0,0.0,127.0,33,0,0.0,0.0,113,1,44.95575221238938,-6220.0,404,118.7128712871287,7560.0,29,1,24.137931034482758,-2200.0,29,24.137931034482758,97,74.43298969072166,-2480.0,1602
GAP10P__field_size_band=15-16__l17_rank_band=31-40,GAP10P,field_size_band=15-16;l17_rank_band=31-40,False,259,4,81.81467181467181,-4710.0,57.7992277992278,29.3534686172723,0.0,129.89473684210526,45,51,19.69111969111969,17.52577319587629,208,2,44.75961538461539,-11490.0,499,104.58917835671343,2290.0,21,0,0.0,-2100.0,16,0.0,84,77.61904761904762,-1880.0,1603
GAP10_14__model_rank_band=6-8__l17_rank_band=21-30,GAP10_14,model_rank_band=6-8;l17_rank_band=21-30,False,92,1,44.45652173913044,-5110.0,0.0,100.0,0.0,73.03571428571429,7,0,0.0,0.0,92,1,44.45652173913044,-5110.0,383,122.63707571801567,8670.0,4,1,1195.0,4380.0,4,1195.0,72,156.94444444444446,4100.0,1604
GAP5P__market_rank_band=11-15__l17_rank_band=31-40,GAP5P,market_rank_band=11-15;l17_rank_band=31-40,False,408,5,44.26470588235294,-22740.0,33.28431372549019,24.8062015503876,0.0,61.44796380090498,86,0,0.0,0.0,408,5,44.26470588235294,-22740.0,699,87.18168812589414,-8960.0,70,1,73.57142857142857,-1850.0,70,73.57142857142857,138,84.56521739130434,-2130.0,1605
GAP10_14__field_size_band=13-14__market_rank_band=11-15,GAP10_14,field_size_band=13-14;market_rank_band=11-15,False,64,1,44.0625,-3580.0,0.0,100.0,0.0,104.44444444444444,12,0,0.0,0.0,64,1,44.0625,-3580.0,355,128.73239436619718,10200.0,5,0,0.0,-500.0,5,0.0,73,89.31506849315069,-780.0,1606
GAP10P__field_size_band=13-14__market_rank_band=11-15,GAP10P,field_size_band=13-14;market_rank_band=11-15,False,64,1,44.0625,-3580.0,0.0,100.0,0.0,104.44444444444444,12,0,0.0,0.0,64,1,44.0625,-3580.0,355,128.73239436619718,10200.0,5,0,0.0,-500.0,5,0.0,73,89.31506849315069,-780.0,1607
GAP0_2__odds_band=100+__model_rank_band=11-15,GAP0_2,odds_band=100+;model_rank_band=11-15,False,245,1,43.755102040816325,-13780.0,0.0,100.0,0.0,130.73170731707316,65,0,0.0,0.0,245,1,43.755102040816325,-13780.0,536,100.0,0.0,104,0,0.0,-10400.0,104,0.0,172,37.906976744186046,-10680.0,1608
GAP5P__field_size_band=<=12__market_rank_band=21-25,GAP5P,field_size_band=<=12;market_rank_band=21-25,False,263,2,43.536121673003805,-14850.0,19.809885931558934,54.49781659388646,0.0,102.23214285714286,50,0,0.0,0.0,263,2,43.536121673003805,-14850.0,554,98.06859205776173,-1070.0,28,0,0.0,-2800.0,28,0.0,96,67.91666666666667,-3080.0,1609
GAP5P__market_rank_band=16-20__model_rank_band=4-5,GAP5P,market_rank_band=16-20;model_rank_band=4-5,False,174,2,40.172413793103445,-10410.0,16.666666666666668,58.51216022889842,0.0,116.0,25,12,6.896551724137931,4.123711340206185,162,2,43.148148148148145,-9210.0,453,110.08830022075055,4570.0,14,0,0.0,-1400.0,13,0.0,81,80.49382716049382,-1580.0,1610
GAP10P__market_rank_band=16-20__model_rank_band=4-5,GAP10P,market_rank_band=16-20;model_rank_band=4-5,False,174,2,40.172413793103445,-10410.0,16.666666666666668,58.51216022889842,0.0,116.0,25,12,6.896551724137931,4.123711340206185,162,2,43.148148148148145,-9210.0,453,110.08830022075055,4570.0,14,0,0.0,-1400.0,13,0.0,81,80.49382716049382,-1580.0,1611
GAP5P__market_rank_band=21-25__model_rank_band=6-8,GAP5P,market_rank_band=21-25;model_rank_band=6-8,False,150,1,31.6,-10260.0,0.0,100.0,0.0,70.74626865671642,24,40,26.666666666666668,13.745704467353951,110,1,43.09090909090909,-6260.0,401,118.75311720698254,7520.0,6,0,0.0,-600.0,3,0.0,71,91.83098591549296,-580.0,1612
GAP10P__market_rank_band=21-25__model_rank_band=6-8,GAP10P,market_rank_band=21-25;model_rank_band=6-8,False,150,1,31.6,-10260.0,0.0,100.0,0.0,70.74626865671642,24,40,26.666666666666668,13.745704467353951,110,1,43.09090909090909,-6260.0,401,118.75311720698254,7520.0,6,0,0.0,-600.0,3,0.0,71,91.83098591549296,-580.0,1613
GAP7_9__field_size_band=17+__l17_rank_band=31-40,GAP7_9,field_size_band=17+;l17_rank_band=31-40,False,88,1,43.06818181818182,-5010.0,0.0,100.0,0.0,86.13636363636364,18,0,0.0,0.0,88,1,43.06818181818182,-5010.0,379,123.13984168865436,8770.0,11,0,0.0,-1100.0,11,0.0,79,82.53164556962025,-1380.0,1614
GAP0_2__odds_band=100+,GAP0_2,odds_band=100+,False,249,1,43.05220883534137,-14180.0,0.0,100.0,0.0,129.15662650602408,65,0,0.0,0.0,249,1,43.05220883534137,-14180.0,540,99.25925925925925,-400.0,106,0,0.0,-10600.0,106,0.0,174,37.47126436781609,-10880.0,1615
GAP7_9__odds_band=60-80__field_size_band=15-16,GAP7_9,odds_band=60-80;field_size_band=15-16,False,307,2,42.931596091205215,-17520.0,21.237785016286644,50.531107738998486,0.0,141.70212765957447,47,0,0.0,0.0,307,2,42.931596091205215,-17520.0,598,93.74581939799332,-3740.0,33,0,0.0,-3300.0,33,0.0,101,64.55445544554455,-3580.0,1616
GAP7_9__market_rank_band=<=10__l17_rank_band=41-60,GAP7_9,market_rank_band=<=10;l17_rank_band=41-60,False,52,1,42.69230769230769,-2980.0,0.0,100.0,0.0,96.52173913043478,14,0,0.0,0.0,52,1,42.69230769230769,-2980.0,343,131.48688046647231,10800.0,10,0,0.0,-1000.0,10,0.0,78,83.58974358974359,-1280.0,1617
GAP10_14__field_size_band=13-14__l17_rank_band=31-40,GAP10_14,field_size_band=13-14;l17_rank_band=31-40,False,68,1,42.64705882352941,-3900.0,0.0,100.0,0.0,263.6363636363636,11,0,0.0,0.0,68,1,42.64705882352941,-3900.0,359,127.52089136490251,9880.0,6,0,0.0,-600.0,6,0.0,74,88.10810810810811,-880.0,1618
GAP7_9__pair_worse_rank_band=11-14__market_rank_band=16-20,GAP7_9,pair_worse_rank_band=11-14;market_rank_band=16-20,False,224,2,42.63392857142857,-12850.0,21.25,50.15706806282723,0.0,76.03174603174604,50,0,0.0,0.0,224,2,42.63392857142857,-12850.0,515,101.80582524271844,930.0,53,1,129.24528301886792,1550.0,53,129.24528301886792,121,110.49586776859505,1270.0,1619
GAP10_14__field_size_band=15-16__model_rank_band=6-8,GAP10_14,field_size_band=15-16;model_rank_band=6-8,False,221,2,42.53393665158371,-12700.0,20.452488687782804,51.91489361702128,0.0,203.33333333333334,24,0,0.0,0.0,221,2,42.53393665158371,-12700.0,512,102.109375,1080.0,9,1,511.1111111111111,3700.0,9,511.1111111111111,77,144.41558441558442,3420.0,1620
GAP3_4__pair_worse_rank_band=15+__field_size_band=15-16,GAP3_4,pair_worse_rank_band=15+;field_size_band=15-16,False,57,1,42.280701754385966,-3290.0,0.0,100.0,0.0,109.54545454545455,17,0,0.0,0.0,57,1,42.280701754385966,-3290.0,348,130.14367816091954,10490.0,18,0,0.0,-1800.0,18,0.0,86,75.81395348837209,-2080.0,1621
GAP5_6__field_size_band=17+__l17_rank_band=41-60,GAP5_6,field_size_band=17+;l17_rank_band=41-60,False,72,1,42.083333333333336,-4170.0,0.0,100.0,0.0,104.48275862068965,21,0,0.0,0.0,72,1,42.083333333333336,-4170.0,363,126.47382920110194,9610.0,25,0,0.0,-2500.0,25,0.0,93,70.10752688172043,-2780.0,1622
GAP10_14__field_size_band=15-16__surface=TURF,GAP10_14,field_size_band=15-16;surface=TURF,False,368,3,41.68478260869565,-21460.0,24.130434782608695,42.11212516297262,0.0,72.74647887323944,78,0,0.0,0.0,368,3,41.68478260869565,-21460.0,659,88.34597875569044,-7680.0,52,1,51.92307692307692,-2500.0,52,51.92307692307692,120,76.83333333333333,-2780.0,1623
GAP7_9__market_rank_band=21-25__l17_rank_band=41-60,GAP7_9,market_rank_band=21-25;l17_rank_band=41-60,False,146,1,41.64383561643836,-8520.0,0.0,100.0,0.0,138.1818181818182,44,0,0.0,0.0,146,1,41.64383561643836,-8520.0,437,112.03661327231121,5260.0,42,1,118.33333333333333,770.0,42,118.33333333333333,110,104.45454545454545,490.0,1624
GAP10P__field_size_band=15-16__market_rank_band=21-25,GAP10P,field_size_band=15-16;market_rank_band=21-25,False,523,4,44.68451242829828,-28930.0,32.98279158699809,26.187419768934532,0.0,94.78021978021978,110,96,18.35564053537285,32.98969072164948,427,3,41.47540983606557,-24990.0,718,84.38718662952647,-11210.0,63,0,0.0,-6300.0,56,0.0,124,52.58064516129032,-5880.0,1625
GAP10P__field_size_band=15-16__distance_band=1801-2200,GAP10P,field_size_band=15-16;distance_band=1801-2200,False,114,1,27.982456140350877,-8210.0,0.0,100.0,0.0,77.8048780487805,30,37,32.45614035087719,12.714776632302405,77,1,41.42857142857143,-4510.0,368,125.19021739130434,9270.0,19,0,0.0,-1900.0,14,0.0,82,79.51219512195122,-1680.0,1626
GAP10_14__odds_band=20-40__field_size_band=<=12,GAP10_14,odds_band=20-40;field_size_band=<=12,False,81,1,40.617283950617285,-4810.0,0.0,100.0,0.0,78.33333333333333,15,0,0.0,0.0,81,1,40.617283950617285,-4810.0,372,124.11290322580645,8970.0,3,0,0.0,-300.0,3,0.0,71,91.83098591549296,-580.0,1627
GAP10P__field_size_band=15-16__model_rank_band=6-8,GAP10P,field_size_band=15-16;model_rank_band=6-8,False,297,2,31.64983164983165,-20300.0,15.218855218855218,51.91489361702128,0.0,99.59183673469387,49,64,21.54882154882155,21.993127147766323,233,2,40.34334763948498,-13900.0,524,99.77099236641222,-120.0,26,1,176.92307692307693,2000.0,15,306.6666666666667,83,133.97590361445782,2820.0,1628
GAP10P__odds_band=20-40__field_size_band=<=12,GAP10P,odds_band=20-40;field_size_band=<=12,False,83,1,39.63855421686747,-5010.0,0.0,100.0,0.0,76.51162790697674,15,0,0.0,0.0,83,1,39.63855421686747,-5010.0,374,123.44919786096257,8770.0,3,0,0.0,-300.0,3,0.0,71,91.83098591549296,-580.0,1629
GAP7_9__field_size_band=17+__distance_band=1801-2200,GAP7_9,field_size_band=17+;distance_band=1801-2200,False,70,1,39.57142857142857,-4230.0,0.0,100.0,0.0,92.33333333333333,17,0,0.0,0.0,70,1,39.57142857142857,-4230.0,361,126.45429362880887,9550.0,14,1,304.2857142857143,2860.0,14,304.2857142857143,82,131.46341463414635,2580.0,1630
GAP5P__odds_band=40-60__field_size_band=17+,GAP5P,odds_band=40-60;field_size_band=17+,False,381,3,39.55380577427822,-23030.0,24.06824146981627,39.150630391506304,0.0,69.93630573248407,87,0,0.0,0.0,381,3,39.55380577427822,-23030.0,672,86.23511904761905,-9250.0,98,2,92.24489795918367,-760.0,98,92.24489795918367,166,93.73493975903614,-1040.0,1631
GAP7_9__model_rank_band=6-8__l17_rank_band=41-60,GAP7_9,model_rank_band=6-8;l17_rank_band=41-60,False,94,1,39.255319148936174,-5710.0,0.0,100.0,0.0,94.61538461538461,26,0,0.0,0.0,94,1,39.255319148936174,-5710.0,385,120.96103896103897,8070.0,13,0,0.0,-1300.0,13,0.0,81,80.49382716049382,-1580.0,1632
GAP10_14__pair_worse_rank_band=7-10__market_rank_band=16-20,GAP10_14,pair_worse_rank_band=7-10;market_rank_band=16-20,False,377,4,39.177718832891244,-22930.0,28.3289124668435,27.691266079891673,0.0,153.1818181818182,44,0,0.0,0.0,377,4,39.177718832891244,-22930.0,668,86.30239520958084,-9150.0,16,2,586.25,7780.0,16,586.25,84,189.28571428571428,7500.0,1633
GAP5_6__field_size_band=13-14__model_rank_band=9-10,GAP5_6,field_size_band=13-14;model_rank_band=9-10,False,201,2,38.45771144278607,-12370.0,16.81592039800995,56.27425614489004,0.0,93.13253012048193,32,0,0.0,0.0,201,2,38.45771144278607,-12370.0,492,102.86585365853658,1410.0,21,1,245.23809523809524,3050.0,21,245.23809523809524,89,131.12359550561797,2770.0,1634
GAP10_14__market_rank_band=21-25__l17_rank_band=31-40,GAP10_14,market_rank_band=21-25;l17_rank_band=31-40,False,160,1,38.25,-9880.0,0.0,100.0,0.0,69.54545454545455,24,0,0.0,0.0,160,1,38.25,-9880.0,451,108.64745011086474,3900.0,15,0,0.0,-1500.0,15,0.0,83,78.55421686746988,-1780.0,1635
GAP0_2__odds_band=40-60__field_size_band=17+,GAP0_2,odds_band=40-60;field_size_band=17+,False,460,4,37.78260869565217,-28620.0,27.434782608695652,27.387802071346375,0.0,66.56716417910448,126,0,0.0,0.0,460,4,37.78260869565217,-28620.0,751,80.23968042609853,-14840.0,201,3,62.83582089552239,-7470.0,201,62.83582089552239,269,71.18959107806691,-7750.0,1636
GAP10_14__l17_rank_band=21-30,GAP10_14,l17_rank_band=21-30,False,442,3,37.217194570135746,-27750.0,23.099547511312217,37.933130699088146,0.0,56.408839779005525,63,0,0.0,0.0,442,3,37.217194570135746,-27750.0,733,80.94133697135061,-13970.0,37,1,129.1891891891892,1080.0,37,129.1891891891892,105,107.61904761904762,800.0,1637
GAP10P__field_size_band=13-14__l17_rank_band=21-30,GAP10P,field_size_band=13-14;l17_rank_band=21-30,False,111,1,36.846846846846844,-7010.0,0.0,100.0,0.0,90.88888888888889,19,0,0.0,0.0,111,1,36.846846846846844,-7010.0,402,116.8407960199005,6770.0,13,0,0.0,-1300.0,13,0.0,81,80.49382716049382,-1580.0,1638
GAP0_2__odds_band=60-80__market_rank_band=16-20,GAP0_2,odds_band=60-80;market_rank_band=16-20,False,551,3,36.62431941923775,-34920.0,22.540834845735027,38.45391476709614,0.0,72.09183673469387,168,0,0.0,0.0,551,3,36.62431941923775,-34920.0,842,74.89311163895486,-21140.0,143,1,44.26573426573427,-7970.0,143,44.26573426573427,211,60.90047393364929,-8250.0,1639
GAP0_2__odds_band=<20__market_rank_band=11-15,GAP0_2,odds_band=<20;market_rank_band=11-15,False,44,1,36.59090909090909,-2790.0,0.0,100.0,0.0,80.5,10,0,0.0,0.0,44,1,36.59090909090909,-2790.0,335,132.80597014925374,10990.0,19,0,0.0,-1900.0,19,0.0,87,74.94252873563218,-2180.0,1640
GAP10P__model_rank_band=6-8__l17_rank_band=21-30,GAP10P,model_rank_band=6-8;l17_rank_band=21-30,False,124,1,32.983870967741936,-8310.0,0.0,100.0,0.0,60.14705882352941,13,12,9.67741935483871,4.123711340206185,112,1,36.517857142857146,-7110.0,403,116.55086848635236,6670.0,8,1,597.5,3980.0,6,796.6666666666666,74,152.7027027027027,3900.0,1641
GAP5_6__model_rank_band=6-8__l17_rank_band=41-60,GAP5_6,model_rank_band=6-8;l17_rank_band=41-60,False,75,1,36.4,-4770.0,0.0,100.0,0.0,124.0909090909091,21,0,0.0,0.0,75,1,36.4,-4770.0,366,124.61748633879782,9010.0,21,1,156.1904761904762,1180.0,21,156.1904761904762,89,110.11235955056179,900.0,1642
GAP0_2__pair_worse_rank_band=15+__field_size_band=17+,GAP0_2,pair_worse_rank_band=15+;field_size_band=17+,False,50,1,36.4,-3180.0,0.0,100.0,0.0,121.33333333333333,15,0,0.0,0.0,50,1,36.4,-3180.0,341,131.0850439882698,10600.0,14,0,0.0,-1400.0,14,0.0,82,79.51219512195122,-1680.0,1643
GAP10_14__surface=TURF__distance_band=1401-1800,GAP10_14,surface=TURF;distance_band=1401-1800,False,266,2,35.82706766917293,-17070.0,11.541353383458647,67.78593913955929,0.0,83.59649122807018,50,0,0.0,0.0,266,2,35.82706766917293,-17070.0,557,94.09335727109516,-3290.0,35,2,213.71428571428572,3980.0,35,213.71428571428572,103,135.92233009708738,3700.0,1644
GAP10_14__model_rank_band=11-15__l17_rank_band=31-40,GAP10_14,model_rank_band=11-15;l17_rank_band=31-40,False,171,1,35.78947368421053,-10980.0,0.0,100.0,0.0,68.76404494382022,37,0,0.0,0.0,171,1,35.78947368421053,-10980.0,462,106.06060606060606,2800.0,18,0,0.0,-1800.0,18,0.0,86,75.81395348837209,-2080.0,1645
GAP0_2__field_size_band=17+__l17_rank_band=61+,GAP0_2,field_size_band=17+;l17_rank_band=61+,False,51,1,35.68627450980392,-3280.0,0.0,100.0,0.0,113.75,16,0,0.0,0.0,51,1,35.68627450980392,-3280.0,342,130.7017543859649,10500.0,14,1,262.14285714285717,2270.0,14,262.14285714285717,82,124.26829268292683,1990.0,1646
GAP7_9__odds_band=40-60__market_rank_band=11-15,GAP7_9,odds_band=40-60;market_rank_band=11-15,False,231,2,35.58441558441559,-14880.0,17.748917748917748,50.12165450121655,0.0,55.54054054054054,19,0,0.0,0.0,231,2,35.58441558441559,-14880.0,522,97.89272030651341,-1100.0,13,0,0.0,-1300.0,13,0.0,81,80.49382716049382,-1580.0,1647
GAP10P__market_rank_band=21-25__l17_rank_band=31-40,GAP10P,market_rank_band=21-25;l17_rank_band=31-40,False,192,2,61.354166666666664,-7420.0,29.479166666666668,51.95246179966044,0.0,94.33333333333333,28,19,9.895833333333334,6.529209621993127,173,1,35.3757225433526,-11180.0,464,105.60344827586206,2600.0,17,0,0.0,-1700.0,16,0.0,84,77.61904761904762,-1880.0,1648
GAP7_9__market_rank_band=16-20__model_rank_band=6-8,GAP7_9,market_rank_band=16-20;model_rank_band=6-8,False,228,2,35.35087719298246,-14740.0,13.68421052631579,61.29032258064516,0.0,47.04761904761905,47,0,0.0,0.0,228,2,35.35087719298246,-14740.0,519,98.15028901734104,-960.0,17,0,0.0,-1700.0,17,0.0,85,76.70588235294117,-1980.0,1649
GAP7_9__model_rank_band=11-15__l17_rank_band=<=10,GAP7_9,model_rank_band=11-15;l17_rank_band=<=10,False,122,1,34.91803278688525,-7940.0,0.0,100.0,0.0,129.0909090909091,33,0,0.0,0.0,122,1,34.91803278688525,-7940.0,413,114.14043583535108,5840.0,15,0,0.0,-1500.0,15,0.0,83,78.55421686746988,-1780.0,1650
GAP10P__field_size_band=15-16__surface=TURF,GAP10P,field_size_band=15-16;surface=TURF,False,428,4,60.49065420560748,-16910.0,38.66822429906542,36.075704905368866,0.0,155.96385542168676,101,132,30.8411214953271,45.36082474226804,296,2,34.898648648648646,-19270.0,587,90.64735945485519,-5490.0,83,1,32.53012048192771,-5600.0,57,47.36842105263158,125,73.76,-3280.0,1651
GAP5P__field_size_band=13-14__distance_band=2201+,GAP5P,field_size_band=13-14;distance_band=2201+,False,136,1,34.85294117647059,-8860.0,0.0,100.0,0.0,83.15789473684211,31,0,0.0,0.0,136,1,34.85294117647059,-8860.0,427,111.52224824355972,4920.0,24,0,0.0,-2400.0,24,0.0,92,70.8695652173913,-2680.0,1652
GAP7_9__odds_band=40-60__field_size_band=13-14,GAP7_9,odds_band=40-60;field_size_band=13-14,False,277,2,34.584837545126355,-18120.0,14.8014440433213,57.20250521920668,0.0,77.88617886178862,50,0,0.0,0.0,277,2,34.584837545126355,-18120.0,568,92.35915492957747,-4340.0,39,0,0.0,-3900.0,39,0.0,107,60.93457943925234,-4180.0,1653
GAP7_9__field_size_band=15-16__l17_rank_band=41-60,GAP7_9,field_size_band=15-16;l17_rank_band=41-60,False,288,2,34.583333333333336,-18840.0,14.791666666666666,57.2289156626506,0.0,65.51724137931035,87,0,0.0,0.0,288,2,34.583333333333336,-18840.0,579,91.26079447322971,-5060.0,60,2,135.66666666666666,2140.0,60,135.66666666666666,128,114.53125,1860.0,1654
GAP5P__pair_worse_rank_band=7-10__market_rank_band=26-30,GAP5P,pair_worse_rank_band=7-10;market_rank_band=26-30,False,278,2,51.007194244604314,-13620.0,22.37410071942446,56.13540197461213,0.0,114.35483870967742,60,47,16.906474820143885,16.151202749140893,231,1,34.45887445887446,-15140.0,522,97.39463601532567,-1360.0,60,0,0.0,-6000.0,54,0.0,122,53.442622950819676,-5680.0,1655
GAP10P__pair_worse_rank_band=7-10__market_rank_band=26-30,GAP10P,pair_worse_rank_band=7-10;market_rank_band=26-30,False,278,2,51.007194244604314,-13620.0,22.37410071942446,56.13540197461213,0.0,114.35483870967742,60,47,16.906474820143885,16.151202749140893,231,1,34.45887445887446,-15140.0,522,97.39463601532567,-1360.0,60,0,0.0,-6000.0,54,0.0,122,53.442622950819676,-5680.0,1656
GAP7_9__odds_band=60-80__market_rank_band=16-20,GAP7_9,odds_band=60-80;market_rank_band=16-20,False,176,1,34.375,-11550.0,0.0,100.0,0.0,62.371134020618555,13,0,0.0,0.0,176,1,34.375,-11550.0,467,104.77516059957173,2230.0,12,1,570.8333333333334,5650.0,12,570.8333333333334,80,167.125,5370.0,1657
GAP7_9__field_size_band=17+__model_rank_band=11-15,GAP7_9,field_size_band=17+;model_rank_band=11-15,False,223,1,34.26008968609865,-14660.0,0.0,100.0,0.0,79.58333333333333,47,0,0.0,0.0,223,1,34.26008968609865,-14660.0,514,98.28793774319067,-880.0,38,2,292.36842105263156,7310.0,38,292.36842105263156,106,166.32075471698113,7030.0,1658
GAP5_6__field_size_band=<=12__model_rank_band=1-3,GAP5_6,field_size_band=<=12;model_rank_band=1-3,False,160,3,34.1875,-10530.0,21.875,36.01462522851919,0.0,80.44117647058823,29,0,0.0,0.0,160,3,34.1875,-10530.0,451,107.20620842572062,3250.0,6,0,0.0,-600.0,6,0.0,74,88.10810810810811,-880.0,1659
GAP3_4__model_rank_band=6-8__l17_rank_band=31-40,GAP3_4,model_rank_band=6-8;l17_rank_band=31-40,False,178,2,34.157303370786515,-11720.0,14.719101123595506,56.9078947368421,0.0,54.92063492063492,44,0,0.0,0.0,178,2,34.157303370786515,-11720.0,469,104.39232409381663,2060.0,52,1,45.57692307692308,-2830.0,52,45.57692307692308,120,74.08333333333333,-3110.0,1660
GAP10P__field_size_band=13-14__model_rank_band=4-5,GAP10P,field_size_band=13-14;model_rank_band=4-5,False,86,1,33.72093023255814,-5700.0,0.0,100.0,0.0,207.14285714285714,14,0,0.0,0.0,86,1,33.72093023255814,-5700.0,377,121.43236074270557,8080.0,8,0,0.0,-800.0,8,0.0,76,85.78947368421052,-1080.0,1661
GAP10P__field_size_band=13-14__l17_rank_band=31-40,GAP10P,field_size_band=13-14;l17_rank_band=31-40,False,86,1,33.72093023255814,-5700.0,0.0,100.0,0.0,170.58823529411765,17,0,0.0,0.0,86,1,33.72093023255814,-5700.0,377,121.43236074270557,8080.0,8,0,0.0,-800.0,8,0.0,76,85.78947368421052,-1080.0,1662
GAP7_9__field_size_band=17+__model_rank_band=6-8,GAP7_9,field_size_band=17+;model_rank_band=6-8,False,110,1,33.54545454545455,-7310.0,0.0,100.0,0.0,73.8,21,0,0.0,0.0,110,1,33.54545454545455,-7310.0,401,116.13466334164589,6470.0,13,0,0.0,-1300.0,13,0.0,81,80.49382716049382,-1580.0,1663
GAP0_2__market_rank_band=11-15__l17_rank_band=61+,GAP0_2,market_rank_band=11-15;l17_rank_band=61+,False,85,1,33.529411764705884,-5650.0,0.0,100.0,0.0,86.36363636363636,25,0,0.0,0.0,85,1,33.529411764705884,-5650.0,376,121.62234042553192,8130.0,26,1,141.15384615384616,1070.0,26,141.15384615384616,94,108.40425531914893,790.0,1664
GAP0_2__pair_worse_rank_band=15+__market_rank_band=11-15,GAP0_2,pair_worse_rank_band=15+;market_rank_band=11-15,False,85,1,33.529411764705884,-5650.0,0.0,100.0,0.0,89.0625,26,0,0.0,0.0,85,1,33.529411764705884,-5650.0,376,121.62234042553192,8130.0,34,0,0.0,-3400.0,34,0.0,102,63.92156862745098,-3680.0,1665
GAP10_14__surface=TURF__distance_band=1801-2200,GAP10_14,surface=TURF;distance_band=1801-2200,False,171,2,33.45029239766082,-11380.0,16.49122807017544,50.6993006993007,0.0,74.35897435897436,39,0,0.0,0.0,171,2,33.45029239766082,-11380.0,462,105.1948051948052,2400.0,29,2,271.0344827586207,4960.0,29,271.0344827586207,97,148.24742268041237,4680.0,1666
GAP3_4__field_size_band=17+__model_rank_band=11-15,GAP3_4,field_size_band=17+;model_rank_band=11-15,False,366,3,33.387978142076506,-24380.0,21.612021857923498,35.270049099836335,0.0,63.333333333333336,117,0,0.0,0.0,366,3,33.387978142076506,-24380.0,657,83.86605783866058,-10600.0,146,4,120.13698630136986,2940.0,146,120.13698630136986,214,112.42990654205607,2660.0,1667
GAP5P__market_rank_band=21-25__l17_rank_band=61+,GAP5P,market_rank_band=21-25;l17_rank_band=61+,False,200,1,28.9,-14220.0,0.0,100.0,0.0,105.0909090909091,55,25,12.5,8.59106529209622,175,1,33.02857142857143,-11720.0,466,104.4206008583691,2060.0,40,0,0.0,-4000.0,39,0.0,107,60.93457943925234,-4180.0,1668
GAP5P__market_rank_band=21-25__l17_rank_band=<=10,GAP5P,market_rank_band=21-25;l17_rank_band=<=10,False,147,1,32.244897959183675,-9960.0,0.0,100.0,0.0,110.23255813953489,43,2,1.3605442176870748,0.6872852233676976,145,1,32.689655172413794,-9760.0,436,109.22018348623853,4020.0,20,0,0.0,-2000.0,20,0.0,88,74.0909090909091,-2280.0,1669
GAP10_14__pair_worse_rank_band=<=6__market_rank_band=21-25,GAP10_14,pair_worse_rank_band=<=6;market_rank_band=21-25,False,146,1,32.465753424657535,-9860.0,0.0,100.0,0.0,68.69565217391305,28,0,0.0,0.0,146,1,32.465753424657535,-9860.0,437,108.97025171624713,3920.0,17,0,0.0,-1700.0,17,0.0,85,76.70588235294117,-1980.0,1670
GAP5P__model_rank_band=6-8__l17_rank_band=61+,GAP5P,model_rank_band=6-8;l17_rank_band=61+,False,124,1,29.193548387096776,-8780.0,0.0,100.0,0.0,97.83783783783784,29,12,9.67741935483871,4.123711340206185,112,1,32.32142857142857,-7580.0,403,115.38461538461539,6200.0,30,0,0.0,-3000.0,25,0.0,93,70.10752688172043,-2780.0,1671
GAP5P__pair_worse_rank_band=15+__field_size_band=17+,GAP5P,pair_worse_rank_band=15+;field_size_band=17+,False,94,1,32.234042553191486,-6370.0,0.0,100.0,0.0,116.53846153846153,26,0,0.0,0.0,94,1,32.234042553191486,-6370.0,385,119.24675324675324,7410.0,30,0,0.0,-3000.0,30,0.0,98,66.53061224489795,-3280.0,1672
GAP10_14__field_size_band=15-16__distance_band=1801-2200,GAP10_14,field_size_band=15-16;distance_band=1801-2200,False,99,1,32.22222222222222,-6710.0,0.0,100.0,0.0,81.7948717948718,24,0,0.0,0.0,99,1,32.22222222222222,-6710.0,390,118.12820512820512,7070.0,12,0,0.0,-1200.0,12,0.0,80,81.5,-1480.0,1673
GAP7_9__model_rank_band=1-3__l17_rank_band=41-60,GAP7_9,model_rank_band=1-3;l17_rank_band=41-60,False,69,1,32.17391304347826,-4680.0,0.0,100.0,0.0,92.5,18,0,0.0,0.0,69,1,32.17391304347826,-4680.0,360,125.27777777777777,9100.0,16,0,0.0,-1600.0,16,0.0,84,77.61904761904762,-1880.0,1674
GAP10P__l17_rank_band=21-30,GAP10P,l17_rank_band=21-30,False,552,3,29.80072463768116,-38750.0,18.496376811594203,37.933130699088146,0.0,46.199095022624434,90,40,7.246376811594203,13.745704467353951,512,3,32.12890625,-34750.0,803,73.88542963885429,-20970.0,53,2,213.20754716981133,6000.0,48,99.58333333333333,116,97.41379310344827,-300.0,1675
GAP0_2__odds_band=60-80__field_size_band=15-16,GAP0_2,odds_band=60-80;field_size_band=15-16,False,396,2,31.96969696969697,-26940.0,15.303030303030303,52.132701421800945,0.0,53.1578947368421,114,0,0.0,0.0,396,2,31.96969696969697,-26940.0,687,80.84425036390103,-13160.0,140,1,44.357142857142854,-7790.0,140,44.357142857142854,208,61.20192307692308,-8070.0,1676
GAP10P__surface=TURF__distance_band=1801-2200,GAP10P,surface=TURF;distance_band=1801-2200,False,204,2,28.03921568627451,-14680.0,13.823529411764707,50.6993006993007,0.0,59.183673469387756,49,25,12.254901960784315,8.59106529209622,179,2,31.955307262569832,-12180.0,470,103.40425531914893,1600.0,45,1,81.33333333333333,-840.0,41,89.26829268292683,109,93.39449541284404,-720.0,1677
GAP7_9__model_rank_band=1-3__l17_rank_band=<=10,GAP7_9,model_rank_band=1-3;l17_rank_band=<=10,False,206,3,31.844660194174757,-14040.0,17.33009708737864,45.579268292682926,0.0,46.93069306930693,40,0,0.0,0.0,206,3,31.844660194174757,-14040.0,497,99.47686116700201,-260.0,20,0,0.0,-2000.0,20,0.0,88,74.0909090909091,-2280.0,1678
GAP5_6__field_size_band=15-16__l17_rank_band=61+,GAP5_6,field_size_band=15-16;l17_rank_band=61+,False,83,1,31.325301204819276,-5700.0,0.0,100.0,0.0,89.65517241379311,19,0,0.0,0.0,83,1,31.325301204819276,-5700.0,374,121.60427807486631,8080.0,21,0,0.0,-2100.0,21,0.0,89,73.25842696629213,-2380.0,1679
GAP7_9__model_rank_band=6-8__l17_rank_band=31-40,GAP7_9,model_rank_band=6-8;l17_rank_band=31-40,False,107,1,31.121495327102803,-7370.0,0.0,100.0,0.0,55.5,22,0,0.0,0.0,107,1,31.121495327102803,-7370.0,398,116.10552763819095,6410.0,14,0,0.0,-1400.0,14,0.0,82,79.51219512195122,-1680.0,1680
GAP10P__model_rank_band=11-15__l17_rank_band=31-40,GAP10P,model_rank_band=11-15;l17_rank_band=31-40,False,210,1,29.142857142857142,-14880.0,0.0,100.0,0.0,56.14678899082569,47,13,6.190476190476191,4.4673539518900345,197,1,31.065989847715738,-13580.0,488,100.40983606557377,200.0,24,0,0.0,-2400.0,21,0.0,89,73.25842696629213,-2380.0,1681
GAP0_2__model_rank_band=11-15__l17_rank_band=61+,GAP0_2,model_rank_band=11-15;l17_rank_band=61+,False,92,1,30.97826086956522,-6350.0,0.0,100.0,0.0,81.42857142857143,27,0,0.0,0.0,92,1,30.97826086956522,-6350.0,383,119.39947780678851,7430.0,37,2,220.8108108108108,4470.0,37,220.8108108108108,105,139.9047619047619,4190.0,1682
GAP10_14__field_size_band=15-16__market_rank_band=16-20,GAP10_14,field_size_band=15-16;market_rank_band=16-20,False,334,2,30.92814371257485,-23070.0,11.58682634730539,62.536302032913845,0.0,96.54205607476635,48,0,0.0,0.0,334,2,30.92814371257485,-23070.0,625,85.136,-9290.0,18,1,255.55555555555554,2800.0,18,255.55555555555554,86,129.30232558139534,2520.0,1683
GAP10_14__pair_worse_rank_band=7-10__field_size_band=17+,GAP10_14,pair_worse_rank_band=7-10;field_size_band=17+,False,126,1,30.476190476190474,-8760.0,0.0,100.0,0.0,225.88235294117646,17,0,0.0,0.0,126,1,30.476190476190474,-8760.0,417,112.03836930455635,5020.0,19,1,251.57894736842104,2880.0,19,251.57894736842104,87,129.88505747126436,2600.0,1684
GAP7_9__field_size_band=<=12__model_rank_band=4-5,GAP7_9,field_size_band=<=12;model_rank_band=4-5,False,91,1,30.32967032967033,-6340.0,0.0,100.0,0.0,110.4,9,0,0.0,0.0,91,1,30.32967032967033,-6340.0,382,119.47643979057591,7440.0,6,0,0.0,-600.0,6,0.0,74,88.10810810810811,-880.0,1685
GAP5_6__field_size_band=17+__model_rank_band=6-8,GAP5_6,field_size_band=17+;model_rank_band=6-8,False,148,1,29.527027027027028,-10430.0,0.0,100.0,0.0,89.18367346938776,45,0,0.0,0.0,148,1,29.527027027027028,-10430.0,439,107.63097949886105,3350.0,27,0,0.0,-2700.0,27,0.0,95,68.63157894736842,-2980.0,1686
GAP7_9__odds_band=40-60__model_rank_band=6-8,GAP7_9,odds_band=40-60;model_rank_band=6-8,False,310,2,29.225806451612904,-21940.0,13.290322580645162,54.52538631346578,0.0,50.89887640449438,41,0,0.0,0.0,310,2,29.225806451612904,-21940.0,601,86.42262895174709,-8160.0,23,0,0.0,-2300.0,23,0.0,91,71.64835164835165,-2580.0,1687
GAP0_2__odds_band=80-100__market_rank_band=11-15,GAP0_2,odds_band=80-100;market_rank_band=11-15,False,306,1,28.69281045751634,-21820.0,0.0,100.0,0.0,61.83098591549296,60,0,0.0,0.0,306,1,28.69281045751634,-21820.0,597,86.53266331658291,-8040.0,143,0,0.0,-14300.0,143,0.0,211,30.900473933649288,-14580.0,1688
GAP7_9__field_size_band=13-14__market_rank_band=21-25,GAP7_9,field_size_band=13-14;market_rank_band=21-25,False,212,1,28.67924528301887,-15120.0,0.0,100.0,0.0,152.0,40,0,0.0,0.0,212,1,28.67924528301887,-15120.0,503,97.33598409542743,-1340.0,28,1,353.57142857142856,7100.0,28,353.57142857142856,96,171.04166666666666,6820.0,1689
GAP3_4__odds_band=40-60__field_size_band=17+,GAP3_4,odds_band=40-60;field_size_band=17+,False,293,2,28.532423208191126,-20940.0,13.822525597269625,51.55502392344498,0.0,43.535353535353536,94,0,0.0,0.0,293,2,28.532423208191126,-20940.0,584,87.73972602739725,-7160.0,132,2,67.27272727272727,-4320.0,132,67.27272727272727,200,77.0,-4600.0,1690
GAP10P__pair_worse_rank_band=<=6__market_rank_band=21-25,GAP10P,pair_worse_rank_band=<=6;market_rank_band=21-25,False,179,1,26.480446927374302,-13160.0,0.0,100.0,0.0,60.76923076923077,37,11,6.145251396648045,3.7800687285223367,168,1,28.214285714285715,-12060.0,459,103.74727668845316,1720.0,18,0,0.0,-1800.0,17,0.0,85,76.70588235294117,-1980.0,1691
GAP7_9__field_size_band=13-14__l17_rank_band=31-40,GAP7_9,field_size_band=13-14;l17_rank_band=31-40,False,116,1,28.189655172413794,-8330.0,0.0,100.0,0.0,68.125,25,0,0.0,0.0,116,1,28.189655172413794,-8330.0,407,113.39066339066339,5450.0,15,0,0.0,-1500.0,15,0.0,83,78.55421686746988,-1780.0,1692
GAP10_14__market_rank_band=16-20__l17_rank_band=21-30,GAP10_14,market_rank_band=16-20;l17_rank_band=21-30,False,146,1,28.013698630136986,-10510.0,0.0,100.0,0.0,44.94505494505494,13,0,0.0,0.0,146,1,28.013698630136986,-10510.0,437,107.48283752860412,3270.0,4,1,1195.0,4380.0,4,1195.0,72,156.94444444444446,4100.0,1693
GAP10_14__odds_band=40-60__market_rank_band=16-20,GAP10_14,odds_band=40-60;market_rank_band=16-20,False,451,3,28.004434589800443,-32470.0,18.44789356984479,34.12509897070467,0.0,51.137724550898206,49,0,0.0,0.0,451,3,28.004434589800443,-32470.0,742,74.81132075471699,-18690.0,32,2,293.125,6180.0,32,293.125,100,159.0,5900.0,1694
GAP3_4__field_size_band=17+__l17_rank_band=41-60,GAP3_4,field_size_band=17+;l17_rank_band=41-60,False,93,1,27.956989247311828,-6700.0,0.0,100.0,0.0,68.42105263157895,21,0,0.0,0.0,93,1,27.956989247311828,-6700.0,384,118.4375,7080.0,28,3,467.14285714285717,10280.0,28,467.14285714285717,96,204.16666666666666,10000.0,1695
GAP0_2__pair_worse_rank_band=15+__market_rank_band=<=10,GAP0_2,pair_worse_rank_band=15+;market_rank_band=<=10,False,66,1,27.575757575757574,-4780.0,0.0,100.0,0.0,72.8,17,0,0.0,0.0,66,1,27.575757575757574,-4780.0,357,125.21008403361344,9000.0,24,2,209.58333333333334,2630.0,24,209.58333333333334,92,125.54347826086956,2350.0,1696
GAP5P__model_rank_band=6-8__l17_rank_band=41-60,GAP5P,model_rank_band=6-8;l17_rank_band=41-60,False,281,2,25.800711743772244,-20850.0,9.715302491103202,62.3448275862069,0.0,41.46788990825688,60,16,5.693950177935943,5.498281786941581,265,2,27.358490566037737,-19250.0,556,90.16187050359713,-5470.0,44,2,179.0909090909091,3480.0,42,187.61904761904762,110,130.9090909090909,3400.0,1697
GAP10_14__field_size_band=15-16__l17_rank_band=21-30,GAP10_14,field_size_band=15-16;l17_rank_band=21-30,False,224,1,27.321428571428573,-16280.0,0.0,100.0,0.0,69.54545454545455,31,0,0.0,0.0,224,1,27.321428571428573,-16280.0,515,95.14563106796116,-2500.0,19,0,0.0,-1900.0,19,0.0,87,74.94252873563218,-2180.0,1698
GAP10P__field_size_band=13-14__distance_band=1401-1800,GAP10P,field_size_band=13-14;distance_band=1401-1800,False,151,1,27.08609271523179,-11010.0,0.0,100.0,0.0,78.65384615384616,36,0,0.0,0.0,151,1,27.08609271523179,-11010.0,442,106.26696832579185,2770.0,28,0,0.0,-2800.0,28,0.0,96,67.91666666666667,-3080.0,1699
GAP10P__market_rank_band=16-20__l17_rank_band=21-30,GAP10P,market_rank_band=16-20;l17_rank_band=21-30,False,160,1,25.5625,-11910.0,0.0,100.0,0.0,40.495049504950494,13,5,3.125,1.7182130584192439,155,1,26.387096774193548,-11410.0,446,105.31390134529148,2370.0,5,1,956.0,4280.0,5,956.0,73,154.7945205479452,4000.0,1700
GAP10P__field_size_band=15-16__l17_rank_band=21-30,GAP10P,field_size_band=15-16;l17_rank_band=21-30,False,274,1,22.335766423357665,-21280.0,0.0,100.0,0.0,56.14678899082569,46,40,14.598540145985401,13.745704467353951,234,1,26.153846153846153,-17280.0,525,93.33333333333333,-3500.0,26,1,250.76923076923077,3920.0,21,0.0,89,73.25842696629213,-2380.0,1701
GAP7_9__model_rank_band=6-8__l17_rank_band=<=10,GAP7_9,model_rank_band=6-8;l17_rank_band=<=10,False,137,1,26.05839416058394,-10130.0,0.0,100.0,0.0,51.0,23,0,0.0,0.0,137,1,26.05839416058394,-10130.0,428,108.52803738317758,3650.0,9,0,0.0,-900.0,9,0.0,77,84.67532467532467,-1180.0,1702
GAP10P__pair_worse_rank_band=7-10__field_size_band=17+,GAP10P,pair_worse_rank_band=7-10;field_size_band=17+,False,160,1,25.5625,-11910.0,0.0,100.0,0.0,68.16666666666667,29,0,0.0,0.0,160,1,25.5625,-11910.0,451,104.14634146341463,1870.0,27,1,177.03703703703704,2080.0,27,177.03703703703704,95,118.94736842105263,1800.0,1703
GAP0_2__odds_band=80-100__field_size_band=<=12,GAP0_2,odds_band=80-100;field_size_band=<=12,False,345,1,25.44927536231884,-25720.0,0.0,100.0,0.0,58.92617449664429,77,0,0.0,0.0,345,1,25.44927536231884,-25720.0,636,81.22641509433963,-11940.0,141,0,0.0,-14100.0,141,0.0,209,31.196172248803826,-14380.0,1704
GAP10_14__odds_band=40-60__model_rank_band=9-10,GAP10_14,odds_band=40-60;model_rank_band=9-10,False,199,1,25.175879396984925,-14890.0,0.0,100.0,0.0,172.75862068965517,29,0,0.0,0.0,199,1,25.175879396984925,-14890.0,490,97.73469387755102,-1110.0,21,0,0.0,-2100.0,21,0.0,89,73.25842696629213,-2380.0,1705
GAP3_4__field_size_band=<=12__l17_rank_band=41-60,GAP3_4,field_size_band=<=12;l17_rank_band=41-60,False,51,1,24.705882352941178,-3840.0,0.0,100.0,0.0,74.11764705882354,12,0,0.0,0.0,51,1,24.705882352941178,-3840.0,342,129.06432748538012,9940.0,16,1,86.25,-220.0,16,86.25,84,94.04761904761905,-500.0,1706
GAP7_9__market_rank_band=<=10__l17_rank_band=<=10,GAP7_9,market_rank_band=<=10;l17_rank_band=<=10,False,152,2,23.486842105263158,-11630.0,11.513157894736842,50.98039215686274,0.0,40.44444444444444,32,0,0.0,0.0,152,2,23.486842105263158,-11630.0,443,104.85327313769751,2150.0,16,0,0.0,-1600.0,16,0.0,84,77.61904761904762,-1880.0,1707
GAP5P__field_size_band=<=12__distance_band=<=1400,GAP5P,field_size_band=<=12;distance_band=<=1400,False,367,2,23.26975476839237,-28160.0,11.525885558583106,50.468384074941454,0.0,62.794117647058826,79,0,0.0,0.0,367,2,23.26975476839237,-28160.0,658,78.14589665653496,-14380.0,44,1,118.18181818181819,800.0,44,118.18181818181819,112,104.64285714285714,520.0,1708
GAP0_2__market_rank_band=16-20__l17_rank_band=41-60,GAP0_2,market_rank_band=16-20;l17_rank_band=41-60,False,156,1,23.076923076923077,-12000.0,0.0,100.0,0.0,49.31506849315068,41,0,0.0,0.0,156,1,23.076923076923077,-12000.0,447,103.98210290827741,1780.0,76,1,73.02631578947368,-2050.0,76,73.02631578947368,144,83.81944444444444,-2330.0,1709
GAP0_2__market_rank_band=<=10__l17_rank_band=61+,GAP0_2,market_rank_band=<=10;l17_rank_band=61+,False,79,1,23.037974683544302,-6080.0,0.0,100.0,0.0,53.529411764705884,22,0,0.0,0.0,79,1,23.037974683544302,-6080.0,370,120.8108108108108,7700.0,23,0,0.0,-2300.0,23,0.0,91,71.64835164835165,-2580.0,1710
GAP0_2__model_rank_band=9-10__l17_rank_band=31-40,GAP0_2,model_rank_band=9-10;l17_rank_band=31-40,False,317,2,22.870662460567825,-24450.0,10.630914826498422,53.51724137931034,0.0,40.8421052631579,93,0,0.0,0.0,317,2,22.870662460567825,-24450.0,608,82.45065789473684,-10670.0,135,2,32.592592592592595,-9100.0,135,32.592592592592595,203,53.793103448275865,-9380.0,1711
GAP3_4__odds_band=40-60__model_rank_band=6-8,GAP3_4,odds_band=40-60;model_rank_band=6-8,False,177,1,22.65536723163842,-13690.0,0.0,100.0,0.0,54.93150684931507,27,0,0.0,0.0,177,1,22.65536723163842,-13690.0,468,100.1923076923077,90.0,25,1,178.8,1970.0,25,178.8,93,118.17204301075269,1690.0,1712
GAP0_2__field_size_band=17+__market_rank_band=16-20,GAP0_2,field_size_band=17+;market_rank_band=16-20,False,208,1,22.259615384615383,-16170.0,0.0,100.0,0.0,90.7843137254902,51,0,0.0,0.0,208,1,22.259615384615383,-16170.0,499,95.21042084168337,-2390.0,97,2,91.64948453608247,-810.0,97,91.64948453608247,165,93.39393939393939,-1090.0,1713
GAP10_14__market_rank_band=16-20__l17_rank_band=31-40,GAP10_14,market_rank_band=16-20;l17_rank_band=31-40,False,133,1,21.804511278195488,-10400.0,0.0,100.0,0.0,207.14285714285714,14,0,0.0,0.0,133,1,21.804511278195488,-10400.0,424,107.97169811320755,3380.0,8,0,0.0,-800.0,8,0.0,76,85.78947368421052,-1080.0,1714
GAP5P__field_size_band=13-14__model_rank_band=9-10,GAP5P,field_size_band=13-14;model_rank_band=9-10,False,361,2,21.412742382271468,-28370.0,9.362880886426593,56.27425614489004,0.0,54.822695035460995,63,0,0.0,0.0,361,2,21.412742382271468,-28370.0,652,77.62269938650307,-14590.0,39,1,132.05128205128204,1250.0,39,132.05128205128204,107,109.06542056074767,970.0,1715
GAP5_6__market_rank_band=16-20__l17_rank_band=41-60,GAP5_6,market_rank_band=16-20;l17_rank_band=41-60,False,235,1,21.19148936170213,-18520.0,0.0,100.0,0.0,60.0,62,0,0.0,0.0,235,1,21.19148936170213,-18520.0,526,90.98859315589354,-4740.0,69,1,65.21739130434783,-2400.0,69,65.21739130434783,137,80.43795620437956,-2680.0,1716
GAP10P__odds_band=40-60__model_rank_band=9-10,GAP10P,odds_band=40-60;model_rank_band=9-10,False,252,2,43.53174603174603,-14230.0,19.88095238095238,54.329990884229716,0.0,171.40625,64,15,5.9523809523809526,5.154639175257732,237,1,21.139240506329113,-18690.0,528,90.70075757575758,-4910.0,29,0,0.0,-2900.0,26,0.0,94,69.36170212765957,-2880.0,1717
GAP0_2__odds_band=80-100__model_rank_band=11-15,GAP0_2,odds_band=80-100;model_rank_band=11-15,False,417,1,21.05515587529976,-32920.0,0.0,100.0,0.0,49.325842696629216,92,0,0.0,0.0,417,1,21.05515587529976,-32920.0,708,72.96610169491525,-19140.0,181,0,0.0,-18100.0,181,0.0,249,26.184738955823292,-18380.0,1718
GAP7_9__field_size_band=17+__l17_rank_band=11-20,GAP7_9,field_size_band=17+;l17_rank_band=11-20,False,122,1,20.983606557377048,-9640.0,0.0,100.0,0.0,150.58823529411765,17,0,0.0,0.0,122,1,20.983606557377048,-9640.0,413,110.02421307506053,4140.0,17,1,402.94117647058823,5150.0,17,402.94117647058823,85,157.2941176470588,4870.0,1719
GAP10_14__market_rank_band=16-20__model_rank_band=4-5,GAP10_14,market_rank_band=16-20;model_rank_band=4-5,False,141,1,20.56737588652482,-11200.0,0.0,100.0,0.0,131.8181818181818,22,0,0.0,0.0,141,1,20.56737588652482,-11200.0,432,105.97222222222223,2580.0,11,0,0.0,-1100.0,11,0.0,79,82.53164556962025,-1380.0,1720
GAP0_2__odds_band=80-100,GAP0_2,odds_band=80-100,False,432,1,20.324074074074073,-34420.0,0.0,100.0,0.0,47.45945945945946,96,0,0.0,0.0,432,1,20.324074074074073,-34420.0,723,71.45228215767635,-20640.0,186,0,0.0,-18600.0,186,0.0,254,25.669291338582678,-18880.0,1721
GAP7_9__field_size_band=13-14__surface=DIRT,GAP7_9,field_size_band=13-14;surface=DIRT,False,313,2,20.191693290734825,-24980.0,7.092651757188499,64.87341772151899,0.0,34.6875,64,0,0.0,0.0,313,2,20.191693290734825,-24980.0,604,81.45695364238411,-11200.0,38,1,260.5263157894737,6100.0,38,260.5263157894737,106,154.9056603773585,5820.0,1722
GAP7_9__field_size_band=13-14__l17_rank_band=21-30,GAP7_9,field_size_band=13-14;l17_rank_band=21-30,False,206,1,19.902912621359224,-16500.0,0.0,100.0,0.0,46.59090909090909,33,0,0.0,0.0,206,1,19.902912621359224,-16500.0,497,94.5271629778672,-2720.0,20,1,495.0,7900.0,20,495.0,88,186.5909090909091,7620.0,1723
GAP5_6__field_size_band=17+__market_rank_band=11-15,GAP5_6,field_size_band=17+;market_rank_band=11-15,False,220,1,19.863636363636363,-17630.0,0.0,100.0,0.0,70.48387096774194,62,0,0.0,0.0,220,1,19.863636363636363,-17630.0,511,92.46575342465754,-3850.0,42,0,0.0,-4200.0,42,0.0,110,59.27272727272727,-4480.0,1724
GAP15_24__pair_worse_rank_band=7-10,GAP15_24,pair_worse_rank_band=7-10,False,332,3,48.102409638554214,-17230.0,29.367469879518072,38.94802755165936,0.0,89.44954128440367,86,126,37.95180722891566,43.29896907216495,206,1,19.854368932038835,-16510.0,497,94.50704225352112,-2730.0,54,1,120.74074074074075,1120.0,33,0.0,101,64.55445544554455,-3580.0,1725
GAP5_6__pair_worse_rank_band=11-14__field_size_band=13-14,GAP5_6,pair_worse_rank_band=11-14;field_size_band=13-14,False,108,1,19.814814814814813,-8660.0,0.0,100.0,0.0,44.583333333333336,29,0,0.0,0.0,108,1,19.814814814814813,-8660.0,399,112.83208020050125,5120.0,42,1,122.61904761904762,950.0,42,122.61904761904762,110,106.0909090909091,670.0,1726
GAP5_6__l17_rank_band=61+,GAP5_6,l17_rank_band=61+,False,132,1,19.696969696969695,-10600.0,0.0,100.0,0.0,54.166666666666664,28,0,0.0,0.0,132,1,19.696969696969695,-10600.0,423,107.51773049645391,3180.0,33,0,0.0,-3300.0,33,0.0,101,64.55445544554455,-3580.0,1727
GAP5_6__field_size_band=<=12__distance_band=<=1400,GAP5_6,field_size_band=<=12;distance_band=<=1400,False,278,2,19.388489208633093,-22410.0,7.014388489208633,63.821892393320965,0.0,31.559633027522935,56,0,0.0,0.0,278,2,19.388489208633093,-22410.0,569,84.83304042179262,-8630.0,31,1,167.74193548387098,2100.0,31,167.74193548387098,99,118.38383838383838,1820.0,1728
GAP7_9__field_size_band=13-14__model_rank_band=11-15,GAP7_9,field_size_band=13-14;model_rank_band=11-15,False,314,1,19.363057324840764,-25320.0,0.0,100.0,0.0,99.67213114754098,61,0,0.0,0.0,314,1,19.363057324840764,-25320.0,605,80.92561983471074,-11540.0,43,1,230.2325581395349,5600.0,43,230.2325581395349,111,147.92792792792793,5320.0,1729
GAP0_2__field_size_band=17+__l17_rank_band=41-60,GAP0_2,field_size_band=17+;l17_rank_band=41-60,False,132,1,19.318181818181817,-10650.0,0.0,100.0,0.0,46.36363636363637,37,0,0.0,0.0,132,1,19.318181818181817,-10650.0,423,107.39952718676123,3130.0,62,1,62.903225806451616,-2300.0,62,62.903225806451616,130,80.15384615384616,-2580.0,1730
GAP5_6__market_rank_band=11-15__l17_rank_band=31-40,GAP5_6,market_rank_band=11-15;l17_rank_band=31-40,False,232,1,19.310344827586206,-18720.0,0.0,100.0,0.0,62.22222222222222,53,0,0.0,0.0,232,1,19.310344827586206,-18720.0,523,90.5544933078394,-4940.0,48,1,107.29166666666667,350.0,48,107.29166666666667,116,100.60344827586206,70.0,1731
GAP5_6__model_rank_band=11-15__l17_rank_band=41-60,GAP5_6,model_rank_band=11-15;l17_rank_band=41-60,False,268,1,18.582089552238806,-21820.0,0.0,100.0,0.0,51.34020618556701,76,0,0.0,0.0,268,1,18.582089552238806,-21820.0,559,85.61717352415027,-8040.0,78,1,57.69230769230769,-3300.0,78,57.69230769230769,146,75.47945205479452,-3580.0,1732
GAP7_9__field_size_band=17+__market_rank_band=16-20,GAP7_9,field_size_band=17+;market_rank_band=16-20,False,181,1,17.513812154696133,-14930.0,0.0,100.0,0.0,96.06060606060606,33,0,0.0,0.0,181,1,17.513812154696133,-14930.0,472,97.5635593220339,-1150.0,28,2,396.7857142857143,8310.0,28,396.7857142857143,96,183.64583333333334,8030.0,1733
GAP5P__pair_worse_rank_band=15+,GAP5P,pair_worse_rank_band=15+,False,199,1,15.226130653266331,-16870.0,0.0,100.0,0.0,63.125,48,14,7.035175879396985,4.810996563573883,185,1,16.37837837837838,-15470.0,476,96.44957983193277,-1690.0,55,1,50.54545454545455,-2720.0,50,55.6,118,78.8135593220339,-2500.0,1734
GAP7_9__field_size_band=<=12__l17_rank_band=<=10,GAP7_9,field_size_band=<=12;l17_rank_band=<=10,False,109,1,16.05504587155963,-9150.0,0.0,100.0,0.0,42.68292682926829,23,0,0.0,0.0,109,1,16.05504587155963,-9150.0,400,111.575,4630.0,3,0,0.0,-300.0,3,0.0,71,91.83098591549296,-580.0,1735
GAP7_9__field_size_band=13-14__l17_rank_band=<=10,GAP7_9,field_size_band=13-14;l17_rank_band=<=10,False,123,1,14.796747967479675,-10480.0,0.0,100.0,0.0,33.09090909090909,23,0,0.0,0.0,123,1,14.796747967479675,-10480.0,414,107.97101449275362,3300.0,10,0,0.0,-1000.0,10,0.0,78,83.58974358974359,-1280.0,1736
GAP3_4__field_size_band=17+__market_rank_band=16-20,GAP3_4,field_size_band=17+;market_rank_band=16-20,False,278,1,13.884892086330936,-23940.0,0.0,100.0,0.0,37.84313725490196,84,0,0.0,0.0,278,1,13.884892086330936,-23940.0,569,82.14411247803163,-10160.0,117,3,109.57264957264957,1120.0,117,109.57264957264957,185,104.54054054054055,840.0,1737
GAP0_2__pair_worse_rank_band=15+,GAP0_2,pair_worse_rank_band=15+,False,145,1,12.551724137931034,-12680.0,0.0,100.0,0.0,43.333333333333336,42,0,0.0,0.0,145,1,12.551724137931034,-12680.0,436,102.5229357798165,1100.0,62,2,81.12903225806451,-1170.0,62,81.12903225806451,130,88.84615384615384,-1450.0,1738
GAP7_9__field_size_band=13-14__distance_band=<=1400,GAP7_9,field_size_band=13-14;distance_band=<=1400,False,181,1,12.265193370165745,-15880.0,0.0,100.0,0.0,52.857142857142854,42,0,0.0,0.0,181,1,12.265193370165745,-15880.0,472,95.55084745762711,-2100.0,22,0,0.0,-2200.0,22,0.0,90,72.44444444444444,-2480.0,1739
GAP7_9__pair_worse_rank_band=<=6__field_size_band=13-14,GAP7_9,pair_worse_rank_band=<=6;field_size_band=13-14,False,232,1,11.89655172413793,-20440.0,0.0,100.0,0.0,37.2972972972973,56,0,0.0,0.0,232,1,11.89655172413793,-20440.0,523,87.26577437858509,-6660.0,16,0,0.0,-1600.0,16,0.0,84,77.61904761904762,-1880.0,1740
GAP0_2__l17_rank_band=61+,GAP0_2,l17_rank_band=61+,False,174,1,10.459770114942529,-15580.0,0.0,100.0,0.0,28.4375,52,0,0.0,0.0,174,1,10.459770114942529,-15580.0,465,96.12903225806451,-1800.0,58,2,140.86206896551724,2370.0,58,140.86206896551724,126,116.58730158730158,2090.0,1741
GAP5P__model_rank_band=6-8__l17_rank_band=31-40,GAP5P,model_rank_band=6-8;l17_rank_band=31-40,False,355,1,9.380281690140846,-32170.0,0.0,100.0,0.0,19.248554913294797,87,14,3.943661971830986,4.810996563573883,341,1,9.765395894428153,-30770.0,632,73.11708860759494,-16990.0,48,0,0.0,-4800.0,48,0.0,116,56.206896551724135,-5080.0,1742
GAP15_24__pair_worse_rank_band=11-14__market_rank_band=16-20,GAP15_24,pair_worse_rank_band=11-14;market_rank_band=16-20,False,15,2,597.3333333333334,7460.0,271.3333333333333,54.575892857142854,0.0,815.0,3,5,33.333333333333336,1.7182130584192439,10,0,0.0,-1000.0,301,142.45847176079735,12780.0,2,0,0.0,-200.0,1,0.0,69,94.4927536231884,-380.0,1743
GAP15_24__field_size_band=15-16__model_rank_band=1-3,GAP15_24,field_size_band=15-16;model_rank_band=1-3,False,55,3,265.8181818181818,9120.0,162.9090909090909,38.7140902872777,0.0,405.7692307692308,12,42,76.36363636363636,14.43298969072165,13,0,0.0,-1300.0,304,141.05263157894737,12480.0,6,0,0.0,-600.0,1,0.0,69,94.4927536231884,-380.0,1744
GAP15_24__field_size_band=15-16__l17_rank_band=61+,GAP15_24,field_size_band=15-16;l17_rank_band=61+,False,89,3,235.61797752808988,12070.0,130.67415730337078,44.539818788745826,0.0,643.2,25,68,76.40449438202248,23.367697594501717,21,0,0.0,-2100.0,312,137.43589743589743,11680.0,39,0,0.0,-3900.0,5,0.0,73,89.31506849315069,-780.0,1745
GAP15_24__model_rank_band=11-15__l17_rank_band=61+,GAP15_24,model_rank_band=11-15;l17_rank_band=61+,False,57,2,282.10526315789474,10380.0,118.24561403508773,58.08457711442786,0.0,1005.0,15,26,45.6140350877193,8.934707903780069,31,0,0.0,-3100.0,322,133.16770186335404,10680.0,46,0,0.0,-4600.0,24,0.0,92,70.8695652173913,-2680.0,1746
GAP15_24__field_size_band=15-16__l17_rank_band=31-40,GAP15_24,field_size_band=15-16;l17_rank_band=31-40,False,62,2,191.61290322580646,5680.0,91.29032258064517,52.35690235690236,0.0,311.0,13,51,82.25806451612904,17.52577319587629,11,0,0.0,-1100.0,302,141.98675496688742,12680.0,5,0,0.0,-500.0,0,,68,95.88235294117646,-280.0,1747
GAP15_24__field_size_band=15-16__market_rank_band=16-20,GAP15_24,field_size_band=15-16;market_rank_band=16-20,False,47,2,190.63829787234042,4260.0,86.59574468085107,54.575892857142854,0.0,452.22222222222223,9,31,65.95744680851064,10.652920962199312,16,0,0.0,-1600.0,307,139.6742671009772,12180.0,6,0,0.0,-600.0,1,0.0,69,94.4927536231884,-380.0,1748
GAP15_24__field_size_band=15-16__market_rank_band=31-40,GAP15_24,field_size_band=15-16;market_rank_band=31-40,False,70,2,218.57142857142858,8300.0,85.14285714285714,61.04575163398693,0.0,345.9259259259259,19,52,74.28571428571429,17.869415807560138,18,0,0.0,-1800.0,309,138.77022653721684,11980.0,25,1,260.8,4020.0,3,0.0,71,91.83098591549296,-580.0,1749
GAP15_24__l17_rank_band=61+,GAP15_24,l17_rank_band=61+,False,138,3,151.95652173913044,7170.0,84.27536231884058,44.539818788745826,0.0,434.5945945945946,37,68,49.27536231884058,23.367697594501717,70,0,0.0,-7000.0,361,118.78116343490305,6780.0,72,0,0.0,-7200.0,38,0.0,106,61.509433962264154,-4080.0,1750
GAP15_24__field_size_band=15-16__model_rank_band=9-10,GAP15_24,field_size_band=15-16;model_rank_band=9-10,False,76,2,160.26315789473685,4580.0,78.42105263157895,51.06732348111658,0.0,282.72727272727275,22,51,67.10526315789474,17.52577319587629,25,0,0.0,-2500.0,316,135.69620253164558,11280.0,12,0,0.0,-1200.0,2,0.0,70,93.14285714285714,-480.0,1751
GAP15_24__market_rank_band=16-20__model_rank_band=1-3,GAP15_24,market_rank_band=16-20;model_rank_band=1-3,False,62,2,144.51612903225808,2760.0,65.64516129032258,54.575892857142854,0.0,313.0769230769231,13,19,30.64516129032258,6.529209621993127,43,0,0.0,-4300.0,334,128.38323353293413,9480.0,4,0,0.0,-400.0,0,,68,95.88235294117646,-280.0,1752
GAP5P__field_size_band=15-16__market_rank_band=31-40,GAP5P,field_size_band=15-16;market_rank_band=31-40,False,92,2,166.30434782608697,6100.0,64.78260869565217,61.04575163398693,0.0,291.875,26,52,56.52173913043478,17.869415807560138,40,0,0.0,-4000.0,331,129.54682779456192,9780.0,37,1,176.21621621621622,2820.0,15,0.0,83,78.55421686746988,-1780.0,1753
GAP10P__field_size_band=15-16__market_rank_band=31-40,GAP10P,field_size_band=15-16;market_rank_band=31-40,False,92,2,166.30434782608697,6100.0,64.78260869565217,61.04575163398693,0.0,291.875,26,52,56.52173913043478,17.869415807560138,40,0,0.0,-4000.0,331,129.54682779456192,9780.0,37,1,176.21621621621622,2820.0,15,0.0,83,78.55421686746988,-1780.0,1754
GAP15_24__field_size_band=15-16__model_rank_band=11-15,GAP15_24,field_size_band=15-16;model_rank_band=11-15,False,126,2,127.61904761904762,3480.0,53.492063492063494,58.08457711442786,0.0,335.0,32,91,72.22222222222223,31.27147766323024,35,0,0.0,-3500.0,326,131.53374233128835,10280.0,49,1,133.0612244897959,1620.0,10,0.0,78,83.58974358974359,-1280.0,1755
GAP15_24__field_size_band=15-16__distance_band=1401-1800,GAP15_24,field_size_band=15-16;distance_band=1401-1800,False,114,2,134.21052631578948,3900.0,52.280701754385966,61.04575163398693,0.0,252.43243243243242,34,102,89.47368421052632,35.05154639175258,12,0,0.0,-1200.0,303,141.5181518151815,12580.0,23,1,283.4782608695652,4220.0,0,,68,95.88235294117646,-280.0,1756
GAP15_24__model_rank_band=9-10,GAP15_24,model_rank_band=9-10,False,131,2,92.97709923664122,-920.0,45.49618320610687,51.06732348111658,0.0,144.65116279069767,37,51,38.93129770992366,17.52577319587629,80,0,0.0,-8000.0,371,115.57951482479784,5780.0,28,0,0.0,-2800.0,18,0.0,86,75.81395348837209,-2080.0,1757
GAP15_24__field_size_band=15-16__surface=TURF,GAP15_24,field_size_band=15-16;surface=TURF,False,146,2,106.57534246575342,960.0,42.602739726027394,60.02570694087404,0.0,246.984126984127,38,132,90.41095890410959,45.36082474226804,14,0,0.0,-1400.0,305,140.59016393442624,12380.0,30,0,0.0,-3000.0,4,0.0,72,90.55555555555556,-680.0,1758
GAP15_24__field_size_band=15-16__market_rank_band=26-30,GAP15_24,field_size_band=15-16;market_rank_band=26-30,False,148,2,87.56756756756756,-1840.0,42.027027027027025,52.00617283950617,0.0,254.11764705882354,43,112,75.67567567567568,38.487972508591064,36,0,0.0,-3600.0,327,131.131498470948,10180.0,43,0,0.0,-4300.0,9,0.0,77,84.67532467532467,-1180.0,1759
GAP15_24__odds_band=60-80__field_size_band=15-16,GAP15_24,odds_band=60-80;field_size_band=15-16,False,177,2,73.22033898305085,-4740.0,35.14124293785311,52.00617283950617,0.0,223.44827586206895,44,147,83.05084745762711,50.51546391752577,30,0,0.0,-3000.0,321,133.58255451713396,10780.0,32,1,203.75,3320.0,7,0.0,75,86.93333333333334,-980.0,1760
GAP15_24__pair_worse_rank_band=7-10__field_size_band=15-16,GAP15_24,pair_worse_rank_band=7-10;field_size_band=15-16,False,163,2,72.88343558282209,-4420.0,34.7239263803681,52.35690235690236,0.0,101.9672131147541,42,126,77.30061349693251,43.29896907216495,37,0,0.0,-3700.0,328,130.73170731707316,10080.0,28,1,232.85714285714286,3720.0,7,0.0,75,86.93333333333334,-980.0,1761
GAP5P__field_size_band=17+__model_rank_band=6-8,GAP5P,field_size_band=17+;model_rank_band=6-8,False,303,0,0.0,-30300.0,0.0,0.0,0.0,0.0,77,0,0.0,0.0,303,0,0.0,-30300.0,594,72.1885521885522,-16520.0,48,1,99.58333333333333,-20.0,48,99.58333333333333,116,97.41379310344827,-300.0,1762
GAP7_9__field_size_band=13-14__market_rank_band=16-20,GAP7_9,field_size_band=13-14;market_rank_band=16-20,False,264,0,0.0,-26400.0,0.0,0.0,0.0,0.0,49,0,0.0,0.0,264,0,0.0,-26400.0,555,77.26126126126127,-12620.0,27,0,0.0,-2700.0,27,0.0,95,68.63157894736842,-2980.0,1763
GAP7_9__odds_band=40-60__field_size_band=17+,GAP7_9,odds_band=40-60;field_size_band=17+,False,192,0,0.0,-19200.0,0.0,0.0,0.0,0.0,37,0,0.0,0.0,192,0,0.0,-19200.0,483,88.7784679089027,-5420.0,36,1,118.33333333333333,660.0,36,118.33333333333333,104,103.65384615384616,380.0,1764
GAP5P__odds_band=100+,GAP5P,odds_band=100+,False,203,0,0.0,-20300.0,0.0,0.0,0.0,0.0,33,19,9.35960591133005,6.529209621993127,184,0,0.0,-18400.0,475,90.27368421052631,-4620.0,70,0,0.0,-7000.0,57,0.0,125,52.16,-5980.0,1765
GAP5P__odds_band=100+__model_rank_band=11-15,GAP5P,odds_band=100+;model_rank_band=11-15,False,194,0,0.0,-19400.0,0.0,0.0,0.0,0.0,30,17,8.762886597938145,5.841924398625429,177,0,0.0,-17700.0,468,91.62393162393163,-3920.0,55,0,0.0,-5500.0,44,0.0,112,58.214285714285715,-4680.0,1766
GAP7_9__field_size_band=<=12__distance_band=<=1400,GAP7_9,field_size_band=<=12;distance_band=<=1400,False,153,0,0.0,-15300.0,0.0,0.0,0.0,0.0,29,0,0.0,0.0,153,0,0.0,-15300.0,444,96.57657657657657,-1520.0,17,0,0.0,-1700.0,17,0.0,85,76.70588235294117,-1980.0,1767
GAP5P__field_size_band=17+__l17_rank_band=61+,GAP5P,field_size_band=17+;l17_rank_band=61+,False,145,0,0.0,-14500.0,0.0,0.0,0.0,0.0,37,0,0.0,0.0,145,0,0.0,-14500.0,436,98.34862385321101,-720.0,52,0,0.0,-5200.0,52,0.0,120,54.333333333333336,-5480.0,1768
GAP5_6__model_rank_band=6-8__l17_rank_band=31-40,GAP5_6,model_rank_band=6-8;l17_rank_band=31-40,False,141,0,0.0,-14100.0,0.0,0.0,0.0,0.0,30,0,0.0,0.0,141,0,0.0,-14100.0,432,99.25925925925925,-320.0,28,0,0.0,-2800.0,28,0.0,96,67.91666666666667,-3080.0,1769
GAP0_2__odds_band=80-100__market_rank_band=16-20,GAP0_2,odds_band=80-100;market_rank_band=16-20,False,139,0,0.0,-13900.0,0.0,0.0,0.0,0.0,40,0,0.0,0.0,139,0,0.0,-13900.0,430,99.72093023255815,-120.0,58,0,0.0,-5800.0,58,0.0,126,51.74603174603175,-6080.0,1770
GAP3_4__odds_band=100+,GAP3_4,odds_band=100+,False,121,0,0.0,-12100.0,0.0,0.0,0.0,0.0,21,0,0.0,0.0,121,0,0.0,-12100.0,412,104.07766990291262,1680.0,12,0,0.0,-1200.0,12,0.0,80,81.5,-1480.0,1771
GAP3_4__odds_band=100+__model_rank_band=11-15,GAP3_4,odds_band=100+;model_rank_band=11-15,False,121,0,0.0,-12100.0,0.0,0.0,0.0,0.0,21,0,0.0,0.0,121,0,0.0,-12100.0,412,104.07766990291262,1680.0,11,0,0.0,-1100.0,11,0.0,79,82.53164556962025,-1380.0,1772
GAP5P__field_size_band=17+__distance_band=1801-2200,GAP5P,field_size_band=17+;distance_band=1801-2200,False,118,0,0.0,-11800.0,0.0,0.0,0.0,0.0,33,0,0.0,0.0,118,0,0.0,-11800.0,409,104.84107579462103,1980.0,41,2,193.17073170731706,3820.0,41,193.17073170731706,109,132.47706422018348,3540.0,1773
GAP3_4__odds_band=100+__market_rank_band=16-20,GAP3_4,odds_band=100+;market_rank_band=16-20,False,112,0,0.0,-11200.0,0.0,0.0,0.0,0.0,21,0,0.0,0.0,112,0,0.0,-11200.0,403,106.40198511166253,2580.0,9,0,0.0,-900.0,9,0.0,77,84.67532467532467,-1180.0,1774
GAP0_2__field_size_band=15-16__l17_rank_band=61+,GAP0_2,field_size_band=15-16;l17_rank_band=61+,False,108,0,0.0,-10800.0,0.0,0.0,0.0,0.0,31,0,0.0,0.0,108,0,0.0,-10800.0,399,107.468671679198,2980.0,39,0,0.0,-3900.0,39,0.0,107,60.93457943925234,-4180.0,1775
GAP7_9__field_size_band=13-14__model_rank_band=9-10,GAP7_9,field_size_band=13-14;model_rank_band=9-10,False,108,0,0.0,-10800.0,0.0,0.0,0.0,0.0,16,0,0.0,0.0,108,0,0.0,-10800.0,399,107.468671679198,2980.0,9,0,0.0,-900.0,9,0.0,77,84.67532467532467,-1180.0,1776
GAP3_4__odds_band=60-80__field_size_band=13-14,GAP3_4,odds_band=60-80;field_size_band=13-14,False,107,0,0.0,-10700.0,0.0,0.0,0.0,0.0,10,0,0.0,0.0,107,0,0.0,-10700.0,398,107.73869346733669,3080.0,13,1,558.4615384615385,5960.0,13,558.4615384615385,81,170.12345679012347,5680.0,1777
GAP7_9__model_rank_band=11-15__l17_rank_band=61+,GAP7_9,model_rank_band=11-15;l17_rank_band=61+,False,107,0,0.0,-10700.0,0.0,0.0,0.0,0.0,31,0,0.0,0.0,107,0,0.0,-10700.0,398,107.73869346733669,3080.0,19,0,0.0,-1900.0,19,0.0,87,74.94252873563218,-2180.0,1778
GAP0_2__odds_band=100+__market_rank_band=16-20,GAP0_2,odds_band=100+;market_rank_band=16-20,False,105,0,0.0,-10500.0,0.0,0.0,0.0,0.0,34,0,0.0,0.0,105,0,0.0,-10500.0,396,108.28282828282828,3280.0,28,0,0.0,-2800.0,28,0.0,96,67.91666666666667,-3080.0,1779
GAP15_24__pair_worse_rank_band=7-10__market_rank_band=26-30,GAP15_24,pair_worse_rank_band=7-10;market_rank_band=26-30,False,150,1,41.46666666666667,-8780.0,0.0,100.0,0.0,101.9672131147541,31,47,31.333333333333332,16.151202749140893,103,0,0.0,-10300.0,394,108.83248730964468,3480.0,31,0,0.0,-3100.0,25,0.0,93,70.10752688172043,-2780.0,1780
GAP10P__odds_band=20-40__model_rank_band=6-8,GAP10P,odds_band=20-40;model_rank_band=6-8,False,100,0,0.0,-10000.0,0.0,0.0,0.0,0.0,22,0,0.0,0.0,100,0,0.0,-10000.0,391,109.66751918158567,3780.0,4,0,0.0,-400.0,4,0.0,72,90.55555555555556,-680.0,1781
GAP10_14__odds_band=20-40__model_rank_band=6-8,GAP10_14,odds_band=20-40;model_rank_band=6-8,False,99,0,0.0,-9900.0,0.0,0.0,0.0,0.0,21,0,0.0,0.0,99,0,0.0,-9900.0,390,109.94871794871794,3880.0,4,0,0.0,-400.0,4,0.0,72,90.55555555555556,-680.0,1782
GAP10P__model_rank_band=6-8__l17_rank_band=31-40,GAP10P,model_rank_band=6-8;l17_rank_band=31-40,False,113,0,0.0,-11300.0,0.0,0.0,0.0,0.0,17,14,12.389380530973451,4.810996563573883,99,0,0.0,-9900.0,390,109.94871794871794,3880.0,6,0,0.0,-600.0,6,0.0,74,88.10810810810811,-880.0,1783
GAP0_2__pair_worse_rank_band=15+__field_size_band=15-16,GAP0_2,pair_worse_rank_band=15+;field_size_band=15-16,False,95,0,0.0,-9500.0,0.0,0.0,0.0,0.0,27,0,0.0,0.0,95,0,0.0,-9500.0,386,111.0880829015544,4280.0,48,2,104.79166666666667,230.0,48,104.79166666666667,116,99.56896551724138,-50.0,1784
GAP10P__model_rank_band=9-10__l17_rank_band=21-30,GAP10P,model_rank_band=9-10;l17_rank_band=21-30,False,100,0,0.0,-10000.0,0.0,0.0,0.0,0.0,13,5,5.0,1.7182130584192439,95,0,0.0,-9500.0,386,111.0880829015544,4280.0,4,0,0.0,-400.0,4,0.0,72,90.55555555555556,-680.0,1785
GAP3_4__odds_band=100+__field_size_band=<=12,GAP3_4,odds_band=100+;field_size_band=<=12,False,94,0,0.0,-9400.0,0.0,0.0,0.0,0.0,14,0,0.0,0.0,94,0,0.0,-9400.0,385,111.37662337662337,4380.0,9,0,0.0,-900.0,9,0.0,77,84.67532467532467,-1180.0,1786
GAP10_14__model_rank_band=6-8__l17_rank_band=31-40,GAP10_14,model_rank_band=6-8;l17_rank_band=31-40,False,93,0,0.0,-9300.0,0.0,0.0,0.0,0.0,11,0,0.0,0.0,93,0,0.0,-9300.0,384,111.66666666666667,4480.0,4,0,0.0,-400.0,4,0.0,72,90.55555555555556,-680.0,1787
GAP10P__field_size_band=17+__model_rank_band=6-8,GAP10P,field_size_band=17+;model_rank_band=6-8,False,93,0,0.0,-9300.0,0.0,0.0,0.0,0.0,15,0,0.0,0.0,93,0,0.0,-9300.0,384,111.66666666666667,4480.0,13,1,367.6923076923077,3480.0,13,367.6923076923077,81,139.50617283950618,3200.0,1788
GAP5P__odds_band=80-100__market_rank_band=21-25,GAP5P,odds_band=80-100;market_rank_band=21-25,False,94,0,0.0,-9400.0,0.0,0.0,0.0,0.0,14,2,2.127659574468085,0.6872852233676976,92,0,0.0,-9200.0,383,111.95822454308095,4580.0,22,1,450.0,7700.0,22,450.0,90,182.44444444444446,7420.0,1789
GAP3_4__model_rank_band=6-8__l17_rank_band=41-60,GAP3_4,model_rank_band=6-8;l17_rank_band=41-60,False,91,0,0.0,-9100.0,0.0,0.0,0.0,0.0,27,0,0.0,0.0,91,0,0.0,-9100.0,382,112.25130890052355,4680.0,37,0,0.0,-3700.0,37,0.0,105,62.095238095238095,-3980.0,1790
GAP5P__pair_worse_rank_band=15+__field_size_band=15-16,GAP5P,pair_worse_rank_band=15+;field_size_band=15-16,False,105,0,0.0,-10500.0,0.0,0.0,0.0,0.0,22,14,13.333333333333334,4.810996563573883,91,0,0.0,-9100.0,382,112.25130890052355,4680.0,25,1,111.2,280.0,20,139.0,88,105.68181818181819,500.0,1791
GAP15_24__l17_rank_band=21-30,GAP15_24,l17_rank_band=21-30,False,130,0,0.0,-13000.0,0.0,0.0,0.0,0.0,25,40,30.76923076923077,13.745704467353951,90,0,0.0,-9000.0,381,112.54593175853019,4780.0,16,1,407.5,4920.0,11,0.0,79,82.53164556962025,-1380.0,1792
GAP10P__field_size_band=17+__l17_rank_band=21-30,GAP10P,field_size_band=17+;l17_rank_band=21-30,False,88,0,0.0,-8800.0,0.0,0.0,0.0,0.0,9,0,0.0,0.0,88,0,0.0,-8800.0,379,113.13984168865436,4980.0,10,1,478.0,3780.0,10,478.0,78,144.87179487179486,3500.0,1793
GAP5P__market_rank_band=26-30__l17_rank_band=21-30,GAP5P,market_rank_band=26-30;l17_rank_band=21-30,False,102,0,0.0,-10200.0,0.0,0.0,0.0,0.0,23,15,14.705882352941176,5.154639175257732,87,0,0.0,-8700.0,378,113.43915343915344,5080.0,21,0,0.0,-2100.0,19,0.0,87,74.94252873563218,-2180.0,1794
GAP10P__market_rank_band=26-30__l17_rank_band=21-30,GAP10P,market_rank_band=26-30;l17_rank_band=21-30,False,102,0,0.0,-10200.0,0.0,0.0,0.0,0.0,23,15,14.705882352941176,5.154639175257732,87,0,0.0,-8700.0,378,113.43915343915344,5080.0,21,0,0.0,-2100.0,19,0.0,87,74.94252873563218,-2180.0,1795
GAP25P,GAP25P,NONE,False,85,0,0.0,-8500.0,0.0,0.0,0.0,0.0,20,0,0.0,0.0,85,0,0.0,-8500.0,376,114.04255319148936,5280.0,57,0,0.0,-5700.0,57,0.0,125,52.16,-5980.0,1796
GAP10P__field_size_band=17+__l17_rank_band=61+,GAP10P,field_size_band=17+;l17_rank_band=61+,False,85,0,0.0,-8500.0,0.0,0.0,0.0,0.0,25,0,0.0,0.0,85,0,0.0,-8500.0,376,114.04255319148936,5280.0,44,0,0.0,-4400.0,44,0.0,112,58.214285714285715,-4680.0,1797
GAP5P__market_rank_band=26-30__l17_rank_band=31-40,GAP5P,market_rank_band=26-30;l17_rank_band=31-40,False,103,1,60.38834951456311,-4080.0,0.0,100.0,0.0,151.70731707317074,26,18,17.475728155339805,6.185567010309279,85,0,0.0,-8500.0,376,114.04255319148936,5280.0,12,0,0.0,-1200.0,10,0.0,78,83.58974358974359,-1280.0,1798
GAP10P__market_rank_band=26-30__l17_rank_band=31-40,GAP10P,market_rank_band=26-30;l17_rank_band=31-40,False,103,1,60.38834951456311,-4080.0,0.0,100.0,0.0,151.70731707317074,26,18,17.475728155339805,6.185567010309279,85,0,0.0,-8500.0,376,114.04255319148936,5280.0,12,0,0.0,-1200.0,10,0.0,78,83.58974358974359,-1280.0,1799
GAP5P__odds_band=100+__market_rank_band=21-25,GAP5P,odds_band=100+;market_rank_band=21-25,False,82,0,0.0,-8200.0,0.0,0.0,0.0,0.0,10,0,0.0,0.0,82,0,0.0,-8200.0,373,114.95978552278821,5580.0,2,0,0.0,-200.0,2,0.0,70,93.14285714285714,-480.0,1800
GAP7_9__pair_worse_rank_band=15+,GAP7_9,pair_worse_rank_band=15+,False,81,0,0.0,-8100.0,0.0,0.0,0.0,0.0,17,0,0.0,0.0,81,0,0.0,-8100.0,372,115.26881720430107,5680.0,13,0,0.0,-1300.0,13,0.0,81,80.49382716049382,-1580.0,1801
GAP10P__pair_worse_rank_band=15+,GAP10P,pair_worse_rank_band=15+,False,93,0,0.0,-9300.0,0.0,0.0,0.0,0.0,18,14,15.053763440860216,4.810996563573883,79,0,0.0,-7900.0,370,115.89189189189189,5880.0,34,0,0.0,-3400.0,29,0.0,97,67.21649484536083,-3180.0,1802
GAP5P__pair_worse_rank_band=15+__market_rank_band=16-20,GAP5P,pair_worse_rank_band=15+;market_rank_band=16-20,False,79,0,0.0,-7900.0,0.0,0.0,0.0,0.0,11,1,1.2658227848101267,0.3436426116838488,78,0,0.0,-7800.0,369,116.2059620596206,5980.0,16,0,0.0,-1600.0,15,0.0,83,78.55421686746988,-1780.0,1803
GAP15_24__pair_worse_rank_band=7-10__market_rank_band=21-25,GAP15_24,pair_worse_rank_band=7-10;market_rank_band=21-25,False,120,1,47.166666666666664,-6340.0,0.0,100.0,0.0,138.0487804878049,29,44,36.666666666666664,15.120274914089347,76,0,0.0,-7600.0,367,116.83923705722071,6180.0,5,0,0.0,-500.0,1,0.0,69,94.4927536231884,-380.0,1804
GAP10_14__model_rank_band=9-10__l17_rank_band=21-30,GAP10_14,model_rank_band=9-10;l17_rank_band=21-30,False,75,0,0.0,-7500.0,0.0,0.0,0.0,0.0,2,0,0.0,0.0,75,0,0.0,-7500.0,366,117.1584699453552,6280.0,3,0,0.0,-300.0,3,0.0,71,91.83098591549296,-580.0,1805
GAP5P__odds_band=100+__field_size_band=<=12,GAP5P,odds_band=100+;field_size_band=<=12,False,75,0,0.0,-7500.0,0.0,0.0,0.0,0.0,5,0,0.0,0.0,75,0,0.0,-7500.0,366,117.1584699453552,6280.0,3,0,0.0,-300.0,3,0.0,71,91.83098591549296,-580.0,1806
GAP5_6__model_rank_band=11-15__l17_rank_band=61+,GAP5_6,model_rank_band=11-15;l17_rank_band=61+,False,73,0,0.0,-7300.0,0.0,0.0,0.0,0.0,15,0,0.0,0.0,73,0,0.0,-7300.0,364,117.8021978021978,6480.0,14,0,0.0,-1400.0,14,0.0,82,79.51219512195122,-1680.0,1807
GAP7_9__market_rank_band=21-25__l17_rank_band=61+,GAP7_9,market_rank_band=21-25;l17_rank_band=61+,False,73,0,0.0,-7300.0,0.0,0.0,0.0,0.0,21,0,0.0,0.0,73,0,0.0,-7300.0,364,117.8021978021978,6480.0,12,0,0.0,-1200.0,12,0.0,80,81.5,-1480.0,1808
GAP10P__model_rank_band=1-3__l17_rank_band=21-30,GAP10P,model_rank_band=1-3;l17_rank_band=21-30,False,77,0,0.0,-7700.0,0.0,0.0,0.0,0.0,14,4,5.194805194805195,1.3745704467353952,73,0,0.0,-7300.0,364,117.8021978021978,6480.0,1,0,0.0,-100.0,1,0.0,69,94.4927536231884,-380.0,1809
GAP3_4__odds_band=80-100__field_size_band=<=12,GAP3_4,odds_band=80-100;field_size_band=<=12,False,72,0,0.0,-7200.0,0.0,0.0,0.0,0.0,15,0,0.0,0.0,72,0,0.0,-7200.0,363,118.1267217630854,6580.0,10,0,0.0,-1000.0,10,0.0,78,83.58974358974359,-1280.0,1810
GAP5_6__odds_band=80-100,GAP5_6,odds_band=80-100,False,72,0,0.0,-7200.0,0.0,0.0,0.0,0.0,8,0,0.0,0.0,72,0,0.0,-7200.0,363,118.1267217630854,6580.0,11,0,0.0,-1100.0,11,0.0,79,82.53164556962025,-1380.0,1811
GAP10P__market_rank_band=16-20__l17_rank_band=<=10,GAP10P,market_rank_band=16-20;l17_rank_band=<=10,False,78,0,0.0,-7800.0,0.0,0.0,0.0,0.0,14,6,7.6923076923076925,2.0618556701030926,72,0,0.0,-7200.0,363,118.1267217630854,6580.0,4,0,0.0,-400.0,3,0.0,71,91.83098591549296,-580.0,1812
GAP5_6__market_rank_band=16-20__l17_rank_band=61+,GAP5_6,market_rank_band=16-20;l17_rank_band=61+,False,71,0,0.0,-7100.0,0.0,0.0,0.0,0.0,13,0,0.0,0.0,71,0,0.0,-7100.0,362,118.45303867403315,6680.0,11,0,0.0,-1100.0,11,0.0,79,82.53164556962025,-1380.0,1813
GAP5_6__odds_band=80-100__model_rank_band=11-15,GAP5_6,odds_band=80-100;model_rank_band=11-15,False,71,0,0.0,-7100.0,0.0,0.0,0.0,0.0,8,0,0.0,0.0,71,0,0.0,-7100.0,362,118.45303867403315,6680.0,11,0,0.0,-1100.0,11,0.0,79,82.53164556962025,-1380.0,1814
GAP15_24__pair_worse_rank_band=7-10__field_size_band=13-14,GAP15_24,pair_worse_rank_band=7-10;field_size_band=13-14,False,71,0,0.0,-7100.0,0.0,0.0,0.0,0.0,18,0,0.0,0.0,71,0,0.0,-7100.0,362,118.45303867403315,6680.0,11,0,0.0,-1100.0,11,0.0,79,82.53164556962025,-1380.0,1815
GAP10P__model_rank_band=11-15__l17_rank_band=<=10,GAP10P,model_rank_band=11-15;l17_rank_band=<=10,False,77,0,0.0,-7700.0,0.0,0.0,0.0,0.0,18,6,7.792207792207792,2.0618556701030926,71,0,0.0,-7100.0,362,118.45303867403315,6680.0,19,0,0.0,-1900.0,15,0.0,83,78.55421686746988,-1780.0,1816
GAP0_2__odds_band=60-80__model_rank_band=9-10,GAP0_2,odds_band=60-80;model_rank_band=9-10,False,70,0,0.0,-7000.0,0.0,0.0,0.0,0.0,17,0,0.0,0.0,70,0,0.0,-7000.0,361,118.78116343490305,6780.0,33,0,0.0,-3300.0,33,0.0,101,64.55445544554455,-3580.0,1817
GAP10P__field_size_band=13-14__model_rank_band=9-10,GAP10P,field_size_band=13-14;model_rank_band=9-10,False,70,0,0.0,-7000.0,0.0,0.0,0.0,0.0,16,0,0.0,0.0,70,0,0.0,-7000.0,361,118.78116343490305,6780.0,9,0,0.0,-900.0,9,0.0,77,84.67532467532467,-1180.0,1818
GAP10_14__market_rank_band=11-15__l17_rank_band=21-30,GAP10_14,market_rank_band=11-15;l17_rank_band=21-30,False,69,0,0.0,-6900.0,0.0,0.0,0.0,0.0,11,0,0.0,0.0,69,0,0.0,-6900.0,360,119.11111111111111,6880.0,2,0,0.0,-200.0,2,0.0,70,93.14285714285714,-480.0,1819
GAP10_14__market_rank_band=16-20__l17_rank_band=<=10,GAP10_14,market_rank_band=16-20;l17_rank_band=<=10,False,69,0,0.0,-6900.0,0.0,0.0,0.0,0.0,12,0,0.0,0.0,69,0,0.0,-6900.0,360,119.11111111111111,6880.0,3,0,0.0,-300.0,3,0.0,71,91.83098591549296,-580.0,1820
GAP10P__market_rank_band=11-15__l17_rank_band=21-30,GAP10P,market_rank_band=11-15;l17_rank_band=21-30,False,69,0,0.0,-6900.0,0.0,0.0,0.0,0.0,11,0,0.0,0.0,69,0,0.0,-6900.0,360,119.11111111111111,6880.0,2,0,0.0,-200.0,2,0.0,70,93.14285714285714,-480.0,1821
GAP7_9__odds_band=80-100,GAP7_9,odds_band=80-100,False,67,0,0.0,-6700.0,0.0,0.0,0.0,0.0,11,0,0.0,0.0,67,0,0.0,-6700.0,358,119.77653631284916,7080.0,15,1,660.0,8400.0,15,660.0,83,197.83132530120483,8120.0,1822
GAP7_9__field_size_band=13-14__distance_band=2201+,GAP7_9,field_size_band=13-14;distance_band=2201+,False,66,0,0.0,-6600.0,0.0,0.0,0.0,0.0,9,0,0.0,0.0,66,0,0.0,-6600.0,357,120.11204481792717,7180.0,7,0,0.0,-700.0,7,0.0,75,86.93333333333334,-980.0,1823
GAP7_9__odds_band=80-100__model_rank_band=11-15,GAP7_9,odds_band=80-100;model_rank_band=11-15,False,66,0,0.0,-6600.0,0.0,0.0,0.0,0.0,11,0,0.0,0.0,66,0,0.0,-6600.0,357,120.11204481792717,7180.0,15,1,660.0,8400.0,15,660.0,83,197.83132530120483,8120.0,1824
GAP5P__odds_band=100+__field_size_band=15-16,GAP5P,odds_band=100+;field_size_band=15-16,False,85,0,0.0,-8500.0,0.0,0.0,0.0,0.0,16,19,22.352941176470587,6.529209621993127,66,0,0.0,-6600.0,357,120.11204481792717,7180.0,40,0,0.0,-4000.0,27,0.0,95,68.63157894736842,-2980.0,1825
GAP10P__odds_band=100+,GAP10P,odds_band=100+,False,85,0,0.0,-8500.0,0.0,0.0,0.0,0.0,16,19,22.352941176470587,6.529209621993127,66,0,0.0,-6600.0,357,120.11204481792717,7180.0,66,0,0.0,-6600.0,53,0.0,121,53.88429752066116,-5580.0,1826
GAP5P__odds_band=80-100__market_rank_band=16-20,GAP5P,odds_band=80-100;market_rank_band=16-20,False,65,0,0.0,-6500.0,0.0,0.0,0.0,0.0,9,0,0.0,0.0,65,0,0.0,-6500.0,356,120.4494382022472,7280.0,12,0,0.0,-1200.0,12,0.0,80,81.5,-1480.0,1827
GAP5_6__odds_band=100+,GAP5_6,odds_band=100+,False,64,0,0.0,-6400.0,0.0,0.0,0.0,0.0,8,0,0.0,0.0,64,0,0.0,-6400.0,355,120.78873239436619,7380.0,3,0,0.0,-300.0,3,0.0,71,91.83098591549296,-580.0,1828
GAP7_9__odds_band=100+,GAP7_9,odds_band=100+,False,64,0,0.0,-6400.0,0.0,0.0,0.0,0.0,7,0,0.0,0.0,64,0,0.0,-6400.0,355,120.78873239436619,7380.0,1,0,0.0,-100.0,1,0.0,69,94.4927536231884,-380.0,1829
GAP7_9__odds_band=100+__model_rank_band=11-15,GAP7_9,odds_band=100+;model_rank_band=11-15,False,63,0,0.0,-6300.0,0.0,0.0,0.0,0.0,7,0,0.0,0.0,63,0,0.0,-6300.0,354,121.12994350282486,7480.0,1,0,0.0,-100.0,1,0.0,69,94.4927536231884,-380.0,1830
GAP10P__model_rank_band=9-10__l17_rank_band=31-40,GAP10P,model_rank_band=9-10;l17_rank_band=31-40,False,72,1,86.38888888888889,-980.0,0.0,100.0,0.0,188.4848484848485,7,9,12.5,3.0927835051546393,63,0,0.0,-6300.0,354,121.12994350282486,7480.0,8,0,0.0,-800.0,6,0.0,74,88.10810810810811,-880.0,1831
GAP5_6__odds_band=100+__model_rank_band=11-15,GAP5_6,odds_band=100+;model_rank_band=11-15,False,61,0,0.0,-6100.0,0.0,0.0,0.0,0.0,8,0,0.0,0.0,61,0,0.0,-6100.0,352,121.81818181818181,7680.0,3,0,0.0,-300.0,3,0.0,71,91.83098591549296,-580.0,1832
GAP5_6__pair_worse_rank_band=11-14__field_size_band=17+,GAP5_6,pair_worse_rank_band=11-14;field_size_band=17+,False,61,0,0.0,-6100.0,0.0,0.0,0.0,0.0,17,0,0.0,0.0,61,0,0.0,-6100.0,352,121.81818181818181,7680.0,32,0,0.0,-3200.0,32,0.0,100,65.2,-3480.0,1833
GAP10_14__field_size_band=17+__l17_rank_band=21-30,GAP10_14,field_size_band=17+;l17_rank_band=21-30,False,61,0,0.0,-6100.0,0.0,0.0,0.0,0.0,7,0,0.0,0.0,61,0,0.0,-6100.0,352,121.81818181818181,7680.0,6,1,796.6666666666666,4180.0,6,796.6666666666666,74,152.7027027027027,3900.0,1834
GAP5P__pair_worse_rank_band=15+__market_rank_band=21-25,GAP5P,pair_worse_rank_band=15+;market_rank_band=21-25,False,66,0,0.0,-6600.0,0.0,0.0,0.0,0.0,12,5,7.575757575757576,1.7182130584192439,61,0,0.0,-6100.0,352,121.81818181818181,7680.0,8,0,0.0,-800.0,8,0.0,76,85.78947368421052,-1080.0,1835
GAP10P__odds_band=100+__model_rank_band=11-15,GAP10P,odds_band=100+;model_rank_band=11-15,False,78,0,0.0,-7800.0,0.0,0.0,0.0,0.0,13,17,21.794871794871796,5.841924398625429,61,0,0.0,-6100.0,352,121.81818181818181,7680.0,51,0,0.0,-5100.0,40,0.0,108,60.370370370370374,-4280.0,1836
GAP10_14__model_rank_band=1-3__l17_rank_band=21-30,GAP10_14,model_rank_band=1-3;l17_rank_band=21-30,False,60,0,0.0,-6000.0,0.0,0.0,0.0,0.0,10,0,0.0,0.0,60,0,0.0,-6000.0,351,122.16524216524216,7780.0,1,0,0.0,-100.0,1,0.0,69,94.4927536231884,-380.0,1837
GAP10_14__model_rank_band=11-15__l17_rank_band=<=10,GAP10_14,model_rank_band=11-15;l17_rank_band=<=10,False,60,0,0.0,-6000.0,0.0,0.0,0.0,0.0,16,0,0.0,0.0,60,0,0.0,-6000.0,351,122.16524216524216,7780.0,11,1,381.8181818181818,3100.0,11,381.8181818181818,79,135.69620253164558,2820.0,1838
GAP10P__model_rank_band=6-8__l17_rank_band=61+,GAP10P,model_rank_band=6-8;l17_rank_band=61+,False,72,0,0.0,-7200.0,0.0,0.0,0.0,0.0,18,12,16.666666666666668,4.123711340206185,60,0,0.0,-6000.0,351,122.16524216524216,7780.0,17,0,0.0,-1700.0,12,0.0,80,81.5,-1480.0,1839
GAP15_24__odds_band=40-60__market_rank_band=26-30,GAP15_24,odds_band=40-60;market_rank_band=26-30,False,84,0,0.0,-8400.0,0.0,0.0,0.0,0.0,9,24,28.571428571428573,8.24742268041237,60,0,0.0,-6000.0,351,122.16524216524216,7780.0,20,0,0.0,-2000.0,15,0.0,83,78.55421686746988,-1780.0,1840
GAP15_24__market_rank_band=21-25__model_rank_band=6-8,GAP15_24,market_rank_band=21-25;model_rank_band=6-8,False,100,0,0.0,-10000.0,0.0,0.0,0.0,0.0,21,40,40.0,13.745704467353951,60,0,0.0,-6000.0,351,122.16524216524216,7780.0,4,0,0.0,-400.0,1,0.0,69,94.4927536231884,-380.0,1841
GAP7_9__field_size_band=17+__l17_rank_band=61+,GAP7_9,field_size_band=17+;l17_rank_band=61+,False,59,0,0.0,-5900.0,0.0,0.0,0.0,0.0,13,0,0.0,0.0,59,0,0.0,-5900.0,350,122.51428571428572,7880.0,7,0,0.0,-700.0,7,0.0,75,86.93333333333334,-980.0,1842
GAP7_9__market_rank_band=21-25__l17_rank_band=<=10,GAP7_9,market_rank_band=21-25;l17_rank_band=<=10,False,59,0,0.0,-5900.0,0.0,0.0,0.0,0.0,17,0,0.0,0.0,59,0,0.0,-5900.0,350,122.51428571428572,7880.0,10,0,0.0,-1000.0,10,0.0,78,83.58974358974359,-1280.0,1843
GAP10P__model_rank_band=4-5__l17_rank_band=21-30,GAP10P,model_rank_band=4-5;l17_rank_band=21-30,False,67,0,0.0,-6700.0,0.0,0.0,0.0,0.0,7,8,11.940298507462687,2.7491408934707904,59,0,0.0,-5900.0,350,122.51428571428572,7880.0,3,0,0.0,-300.0,3,0.0,71,91.83098591549296,-580.0,1844
GAP10_14__pair_worse_rank_band=15+,GAP10_14,pair_worse_rank_band=15+,False,58,0,0.0,-5800.0,0.0,0.0,0.0,0.0,9,0,0.0,0.0,58,0,0.0,-5800.0,349,122.86532951289398,7980.0,10,0,0.0,-1000.0,10,0.0,78,83.58974358974359,-1280.0,1845
GAP10_14__field_size_band=17+__model_rank_band=6-8,GAP10_14,field_size_band=17+;model_rank_band=6-8,False,58,0,0.0,-5800.0,0.0,0.0,0.0,0.0,5,0,0.0,0.0,58,0,0.0,-5800.0,349,122.86532951289398,7980.0,7,1,682.8571428571429,4080.0,7,682.8571428571429,75,150.66666666666666,3800.0,1846
GAP10P__field_size_band=<=12__l17_rank_band=31-40,GAP10P,field_size_band=<=12;l17_rank_band=31-40,False,58,0,0.0,-5800.0,0.0,0.0,0.0,0.0,12,0,0.0,0.0,58,0,0.0,-5800.0,349,122.86532951289398,7980.0,4,0,0.0,-400.0,4,0.0,72,90.55555555555556,-680.0,1847
GAP7_9__odds_band=80-100__market_rank_band=21-25,GAP7_9,odds_band=80-100;market_rank_band=21-25,False,56,0,0.0,-5600.0,0.0,0.0,0.0,0.0,10,0,0.0,0.0,56,0,0.0,-5600.0,347,123.57348703170028,8180.0,13,1,761.5384615384615,8600.0,13,761.5384615384615,81,202.71604938271605,8320.0,1848
GAP5_6__odds_band=80-100__market_rank_band=16-20,GAP5_6,odds_band=80-100;market_rank_band=16-20,False,55,0,0.0,-5500.0,0.0,0.0,0.0,0.0,6,0,0.0,0.0,55,0,0.0,-5500.0,346,123.9306358381503,8280.0,10,0,0.0,-1000.0,10,0.0,78,83.58974358974359,-1280.0,1849
GAP7_9__odds_band=100+__market_rank_band=21-25,GAP7_9,odds_band=100+;market_rank_band=21-25,False,55,0,0.0,-5500.0,0.0,0.0,0.0,0.0,5,0,0.0,0.0,55,0,0.0,-5500.0,346,123.9306358381503,8280.0,1,0,0.0,-100.0,1,0.0,69,94.4927536231884,-380.0,1850
GAP10_14__field_size_band=17+__l17_rank_band=31-40,GAP10_14,field_size_band=17+;l17_rank_band=31-40,False,55,0,0.0,-5500.0,0.0,0.0,0.0,0.0,8,0,0.0,0.0,55,0,0.0,-5500.0,346,123.9306358381503,8280.0,6,0,0.0,-600.0,6,0.0,74,88.10810810810811,-880.0,1851
GAP10_14__field_size_band=17+__l17_rank_band=61+,GAP10_14,field_size_band=17+;l17_rank_band=61+,False,55,0,0.0,-5500.0,0.0,0.0,0.0,0.0,11,0,0.0,0.0,55,0,0.0,-5500.0,346,123.9306358381503,8280.0,12,0,0.0,-1200.0,12,0.0,80,81.5,-1480.0,1852
GAP15_24__odds_band=40-60__model_rank_band=6-8,GAP15_24,odds_band=40-60;model_rank_band=6-8,False,83,0,0.0,-8300.0,0.0,0.0,0.0,0.0,21,28,33.734939759036145,9.621993127147766,55,0,0.0,-5500.0,346,123.9306358381503,8280.0,12,0,0.0,-1200.0,8,0.0,76,85.78947368421052,-1080.0,1853
GAP0_2__odds_band=60-80__field_size_band=17+,GAP0_2,odds_band=60-80;field_size_band=17+,False,54,0,0.0,-5400.0,0.0,0.0,0.0,0.0,12,0,0.0,0.0,54,0,0.0,-5400.0,345,124.28985507246377,8380.0,16,0,0.0,-1600.0,16,0.0,84,77.61904761904762,-1880.0,1854
GAP5P__odds_band=100+__market_rank_band=16-20,GAP5P,odds_band=100+;market_rank_band=16-20,False,54,0,0.0,-5400.0,0.0,0.0,0.0,0.0,6,0,0.0,0.0,54,0,0.0,-5400.0,345,124.28985507246377,8380.0,3,0,0.0,-300.0,3,0.0,71,91.83098591549296,-580.0,1855
GAP10_14__field_size_band=13-14__model_rank_band=9-10,GAP10_14,field_size_band=13-14;model_rank_band=9-10,False,53,0,0.0,-5300.0,0.0,0.0,0.0,0.0,5,0,0.0,0.0,53,0,0.0,-5300.0,344,124.65116279069767,8480.0,5,0,0.0,-500.0,5,0.0,73,89.31506849315069,-780.0,1856
GAP10P__field_size_band=<=12__model_rank_band=9-10,GAP10P,field_size_band=<=12;model_rank_band=9-10,False,53,0,0.0,-5300.0,0.0,0.0,0.0,0.0,9,0,0.0,0.0,53,0,0.0,-5300.0,344,124.65116279069767,8480.0,2,0,0.0,-200.0,2,0.0,70,93.14285714285714,-480.0,1857
GAP15_24__market_rank_band=26-30__model_rank_band=9-10,GAP15_24,market_rank_band=26-30;model_rank_band=9-10,False,78,1,79.74358974358974,-1580.0,0.0,100.0,0.0,259.1666666666667,23,25,32.05128205128205,8.59106529209622,53,0,0.0,-5300.0,344,124.65116279069767,8480.0,16,0,0.0,-1600.0,11,0.0,79,82.53164556962025,-1380.0,1858
GAP5P__market_rank_band=26-30__model_rank_band=9-10,GAP5P,market_rank_band=26-30;model_rank_band=9-10,False,78,1,79.74358974358974,-1580.0,0.0,100.0,0.0,259.1666666666667,23,25,32.05128205128205,8.59106529209622,53,0,0.0,-5300.0,344,124.65116279069767,8480.0,16,0,0.0,-1600.0,11,0.0,79,82.53164556962025,-1380.0,1859
GAP10P__market_rank_band=26-30__model_rank_band=9-10,GAP10P,market_rank_band=26-30;model_rank_band=9-10,False,78,1,79.74358974358974,-1580.0,0.0,100.0,0.0,259.1666666666667,23,25,32.05128205128205,8.59106529209622,53,0,0.0,-5300.0,344,124.65116279069767,8480.0,16,0,0.0,-1600.0,11,0.0,79,82.53164556962025,-1380.0,1860
GAP0_2__odds_band=80-100__field_size_band=15-16,GAP0_2,odds_band=80-100;field_size_band=15-16,False,52,0,0.0,-5200.0,0.0,0.0,0.0,0.0,13,0,0.0,0.0,52,0,0.0,-5200.0,343,125.01457725947522,8580.0,32,0,0.0,-3200.0,32,0.0,100,65.2,-3480.0,1861
GAP3_4__odds_band=60-80__field_size_band=17+,GAP3_4,odds_band=60-80;field_size_band=17+,False,52,0,0.0,-5200.0,0.0,0.0,0.0,0.0,10,0,0.0,0.0,52,0,0.0,-5200.0,343,125.01457725947522,8580.0,9,0,0.0,-900.0,9,0.0,77,84.67532467532467,-1180.0,1862
GAP7_9__odds_band=20-40__model_rank_band=11-15,GAP7_9,odds_band=20-40;model_rank_band=11-15,False,51,0,0.0,-5100.0,0.0,0.0,0.0,0.0,11,0,0.0,0.0,51,0,0.0,-5100.0,342,125.38011695906432,8680.0,7,0,0.0,-700.0,7,0.0,75,86.93333333333334,-980.0,1863
GAP10_14__field_size_band=<=12__l17_rank_band=31-40,GAP10_14,field_size_band=<=12;l17_rank_band=31-40,False,50,0,0.0,-5000.0,0.0,0.0,0.0,0.0,7,0,0.0,0.0,50,0,0.0,-5000.0,341,125.74780058651027,8780.0,4,0,0.0,-400.0,4,0.0,72,90.55555555555556,-680.0,1864
GAP15_24__field_size_band=<=12,GAP15_24,field_size_band=<=12,False,50,0,0.0,-5000.0,0.0,0.0,0.0,0.0,14,0,0.0,0.0,50,0,0.0,-5000.0,341,125.74780058651027,8780.0,8,0,0.0,-800.0,8,0.0,76,85.78947368421052,-1080.0,1865
GAP25P__surface=TURF,GAP25P,surface=TURF,False,50,0,0.0,-5000.0,0.0,0.0,0.0,0.0,10,0,0.0,0.0,50,0,0.0,-5000.0,341,125.74780058651027,8780.0,35,0,0.0,-3500.0,35,0.0,103,63.300970873786405,-3780.0,1866
GAP10_14__market_rank_band=26-30__l17_rank_band=31-40,GAP10_14,market_rank_band=26-30;l17_rank_band=31-40,False,49,0,0.0,-4900.0,0.0,0.0,0.0,0.0,14,0,0.0,0.0,49,0,0.0,-4900.0,340,126.11764705882354,8880.0,7,0,0.0,-700.0,7,0.0,75,86.93333333333334,-980.0,1867
GAP10_14__model_rank_band=9-10__l17_rank_band=31-40,GAP10_14,model_rank_band=9-10;l17_rank_band=31-40,False,49,0,0.0,-4900.0,0.0,0.0,0.0,0.0,2,0,0.0,0.0,49,0,0.0,-4900.0,340,126.11764705882354,8880.0,5,0,0.0,-500.0,5,0.0,73,89.31506849315069,-780.0,1868
GAP15_24__field_size_band=13-14__distance_band=1401-1800,GAP15_24,field_size_band=13-14;distance_band=1401-1800,False,49,0,0.0,-4900.0,0.0,0.0,0.0,0.0,14,0,0.0,0.0,49,0,0.0,-4900.0,340,126.11764705882354,8880.0,12,0,0.0,-1200.0,12,0.0,80,81.5,-1480.0,1869
GAP25P__field_size_band=15-16,GAP25P,field_size_band=15-16,False,49,0,0.0,-4900.0,0.0,0.0,0.0,0.0,14,0,0.0,0.0,49,0,0.0,-4900.0,340,126.11764705882354,8880.0,33,0,0.0,-3300.0,33,0.0,101,64.55445544554455,-3580.0,1870
GAP3_4__market_rank_band=11-15__l17_rank_band=61+,GAP3_4,market_rank_band=11-15;l17_rank_band=61+,False,48,0,0.0,-4800.0,0.0,0.0,0.0,0.0,13,0,0.0,0.0,48,0,0.0,-4800.0,339,126.48967551622418,8980.0,16,0,0.0,-1600.0,16,0.0,84,77.61904761904762,-1880.0,1871
GAP5P__pair_worse_rank_band=15+__market_rank_band=11-15,GAP5P,pair_worse_rank_band=15+;market_rank_band=11-15,False,47,0,0.0,-4700.0,0.0,0.0,0.0,0.0,9,0,0.0,0.0,47,0,0.0,-4700.0,338,126.86390532544378,9080.0,12,0,0.0,-1200.0,12,0.0,80,81.5,-1480.0,1872
GAP0_2__odds_band=60-80__market_rank_band=<=10,GAP0_2,odds_band=60-80;market_rank_band=<=10,False,46,0,0.0,-4600.0,0.0,0.0,0.0,0.0,11,0,0.0,0.0,46,0,0.0,-4600.0,337,127.24035608308606,9180.0,34,0,0.0,-3400.0,34,0.0,102,63.92156862745098,-3680.0,1873
GAP5_6__market_rank_band=21-25__l17_rank_band=41-60,GAP5_6,market_rank_band=21-25;l17_rank_band=41-60,False,46,0,0.0,-4600.0,0.0,0.0,0.0,0.0,13,0,0.0,0.0,46,0,0.0,-4600.0,337,127.24035608308606,9180.0,12,0,0.0,-1200.0,12,0.0,80,81.5,-1480.0,1874
GAP10_14__market_rank_band=26-30__l17_rank_band=21-30,GAP10_14,market_rank_band=26-30;l17_rank_band=21-30,False,46,0,0.0,-4600.0,0.0,0.0,0.0,0.0,7,0,0.0,0.0,46,0,0.0,-4600.0,337,127.24035608308606,9180.0,11,0,0.0,-1100.0,11,0.0,79,82.53164556962025,-1380.0,1875
GAP25P__distance_band=<=1400,GAP25P,distance_band=<=1400,False,46,0,0.0,-4600.0,0.0,0.0,0.0,0.0,8,0,0.0,0.0,46,0,0.0,-4600.0,337,127.24035608308606,9180.0,31,0,0.0,-3100.0,31,0.0,99,65.85858585858585,-3380.0,1876
GAP25P__l17_rank_band=61+,GAP25P,l17_rank_band=61+,False,46,0,0.0,-4600.0,0.0,0.0,0.0,0.0,8,0,0.0,0.0,46,0,0.0,-4600.0,337,127.24035608308606,9180.0,51,0,0.0,-5100.0,51,0.0,119,54.78991596638655,-5380.0,1877
GAP5_6__odds_band=100+__market_rank_band=16-20,GAP5_6,odds_band=100+;market_rank_band=16-20,False,45,0,0.0,-4500.0,0.0,0.0,0.0,0.0,4,0,0.0,0.0,45,0,0.0,-4500.0,336,127.61904761904762,9280.0,3,0,0.0,-300.0,3,0.0,71,91.83098591549296,-580.0,1878
GAP25P__market_rank_band=31-40,GAP25P,market_rank_band=31-40,False,45,0,0.0,-4500.0,0.0,0.0,0.0,0.0,10,0,0.0,0.0,45,0,0.0,-4500.0,336,127.61904761904762,9280.0,24,0,0.0,-2400.0,24,0.0,92,70.8695652173913,-2680.0,1879
GAP10P__field_size_band=<=12__distance_band=1801-2200,GAP10P,field_size_band=<=12;distance_band=1801-2200,False,45,0,0.0,-4500.0,0.0,0.0,0.0,0.0,11,0,0.0,0.0,45,0,0.0,-4500.0,336,127.61904761904762,9280.0,6,0,0.0,-600.0,6,0.0,74,88.10810810810811,-880.0,1880
GAP10P__pair_worse_rank_band=15+__field_size_band=17+,GAP10P,pair_worse_rank_band=15+;field_size_band=17+,False,45,0,0.0,-4500.0,0.0,0.0,0.0,0.0,9,0,0.0,0.0,45,0,0.0,-4500.0,336,127.61904761904762,9280.0,22,0,0.0,-2200.0,22,0.0,90,72.44444444444444,-2480.0,1881
GAP7_9__pair_worse_rank_band=15+__field_size_band=15-16,GAP7_9,pair_worse_rank_band=15+;field_size_band=15-16,False,44,0,0.0,-4400.0,0.0,0.0,0.0,0.0,8,0,0.0,0.0,44,0,0.0,-4400.0,335,128.0,9380.0,6,0,0.0,-600.0,6,0.0,74,88.10810810810811,-880.0,1882
GAP5P__model_rank_band=4-5__l17_rank_band=61+,GAP5P,model_rank_band=4-5;l17_rank_band=61+,False,57,0,0.0,-5700.0,0.0,0.0,0.0,0.0,15,13,22.80701754385965,4.4673539518900345,44,0,0.0,-4400.0,335,128.0,9380.0,14,0,0.0,-1400.0,13,0.0,81,80.49382716049382,-1580.0,1883
GAP15_24__pair_worse_rank_band=<=6__market_rank_band=26-30,GAP15_24,pair_worse_rank_band=<=6;market_rank_band=26-30,False,65,0,0.0,-6500.0,0.0,0.0,0.0,0.0,6,21,32.30769230769231,7.216494845360825,44,0,0.0,-4400.0,335,128.0,9380.0,19,0,0.0,-1900.0,12,0.0,80,81.5,-1480.0,1884
GAP15_24__surface=DIRT__distance_band=1401-1800,GAP15_24,surface=DIRT;distance_band=1401-1800,False,107,1,55.700934579439256,-4740.0,0.0,100.0,0.0,192.25806451612902,31,63,58.87850467289719,21.649484536082475,44,0,0.0,-4400.0,335,128.0,9380.0,26,1,250.76923076923077,3920.0,10,0.0,78,83.58974358974359,-1280.0,1885
GAP5_6__odds_band=100+__field_size_band=<=12,GAP5_6,odds_band=100+;field_size_band=<=12,False,43,0,0.0,-4300.0,0.0,0.0,0.0,0.0,3,0,0.0,0.0,43,0,0.0,-4300.0,334,128.38323353293413,9480.0,2,0,0.0,-200.0,2,0.0,70,93.14285714285714,-480.0,1886
GAP10_14__field_size_band=17+__market_rank_band=26-30,GAP10_14,field_size_band=17+;market_rank_band=26-30,False,43,0,0.0,-4300.0,0.0,0.0,0.0,0.0,11,0,0.0,0.0,43,0,0.0,-4300.0,334,128.38323353293413,9480.0,9,0,0.0,-900.0,9,0.0,77,84.67532467532467,-1180.0,1887
GAP10_14__field_size_band=<=12__distance_band=1801-2200,GAP10_14,field_size_band=<=12;distance_band=1801-2200,False,42,0,0.0,-4200.0,0.0,0.0,0.0,0.0,9,0,0.0,0.0,42,0,0.0,-4200.0,333,128.76876876876878,9580.0,4,1,1050.0,3800.0,4,1050.0,72,148.88888888888889,3520.0,1888
GAP10_14__field_size_band=<=12__model_rank_band=9-10,GAP10_14,field_size_band=<=12;model_rank_band=9-10,False,42,0,0.0,-4200.0,0.0,0.0,0.0,0.0,4,0,0.0,0.0,42,0,0.0,-4200.0,333,128.76876876876878,9580.0,2,0,0.0,-200.0,2,0.0,70,93.14285714285714,-480.0,1889
GAP10_14__model_rank_band=4-5__l17_rank_band=21-30,GAP10_14,model_rank_band=4-5;l17_rank_band=21-30,False,42,0,0.0,-4200.0,0.0,0.0,0.0,0.0,4,0,0.0,0.0,42,0,0.0,-4200.0,333,128.76876876876878,9580.0,1,0,0.0,-100.0,1,0.0,69,94.4927536231884,-380.0,1890
GAP5P__market_rank_band=31-40__l17_rank_band=61+,GAP5P,market_rank_band=31-40;l17_rank_band=61+,False,60,1,155.66666666666666,3340.0,0.0,100.0,0.0,583.75,12,18,30.0,6.185567010309279,42,0,0.0,-4200.0,333,128.76876876876878,9580.0,47,0,0.0,-4700.0,35,0.0,103,63.300970873786405,-3780.0,1891
GAP10P__market_rank_band=31-40__l17_rank_band=61+,GAP10P,market_rank_band=31-40;l17_rank_band=61+,False,60,1,155.66666666666666,3340.0,0.0,100.0,0.0,583.75,12,18,30.0,6.185567010309279,42,0,0.0,-4200.0,333,128.76876876876878,9580.0,47,0,0.0,-4700.0,35,0.0,103,63.300970873786405,-3780.0,1892
GAP5P__pair_worse_rank_band=7-10__market_rank_band=31-40,GAP5P,pair_worse_rank_band=7-10;market_rank_band=31-40,False,61,0,0.0,-6100.0,0.0,0.0,0.0,0.0,13,19,31.147540983606557,6.529209621993127,42,0,0.0,-4200.0,333,128.76876876876878,9580.0,19,1,343.1578947368421,4620.0,10,0.0,78,83.58974358974359,-1280.0,1893
GAP10P__pair_worse_rank_band=7-10__market_rank_band=31-40,GAP10P,pair_worse_rank_band=7-10;market_rank_band=31-40,False,61,0,0.0,-6100.0,0.0,0.0,0.0,0.0,13,19,31.147540983606557,6.529209621993127,42,0,0.0,-4200.0,333,128.76876876876878,9580.0,19,1,343.1578947368421,4620.0,10,0.0,78,83.58974358974359,-1280.0,1894
GAP15_24__odds_band=40-60__model_rank_band=9-10,GAP15_24,odds_band=40-60;model_rank_band=9-10,False,56,1,106.42857142857143,360.0,0.0,100.0,0.0,170.28571428571428,6,15,26.785714285714285,5.154639175257732,41,0,0.0,-4100.0,332,129.15662650602408,9680.0,8,0,0.0,-800.0,5,0.0,73,89.31506849315069,-780.0,1895
GAP0_2__model_rank_band=9-10__l17_rank_band=61+,GAP0_2,model_rank_band=9-10;l17_rank_band=61+,False,40,0,0.0,-4000.0,0.0,0.0,0.0,0.0,12,0,0.0,0.0,40,0,0.0,-4000.0,331,129.54682779456192,9780.0,5,1,624.0,2620.0,5,624.0,73,132.05479452054794,2340.0,1896
GAP10P__field_size_band=17+__l17_rank_band=<=10,GAP10P,field_size_band=17+;l17_rank_band=<=10,False,40,0,0.0,-4000.0,0.0,0.0,0.0,0.0,10,0,0.0,0.0,40,0,0.0,-4000.0,331,129.54682779456192,9780.0,9,0,0.0,-900.0,9,0.0,77,84.67532467532467,-1180.0,1897
GAP5P__pair_worse_rank_band=11-14__market_rank_band=31-40,GAP5P,pair_worse_rank_band=11-14;market_rank_band=31-40,False,66,1,141.5151515151515,2740.0,0.0,100.0,0.0,373.6,14,26,39.39393939393939,8.934707903780069,40,0,0.0,-4000.0,331,129.54682779456192,9780.0,44,0,0.0,-4400.0,33,0.0,101,64.55445544554455,-3580.0,1898
GAP10P__pair_worse_rank_band=11-14__market_rank_band=31-40,GAP10P,pair_worse_rank_band=11-14;market_rank_band=31-40,False,66,1,141.5151515151515,2740.0,0.0,100.0,0.0,373.6,14,26,39.39393939393939,8.934707903780069,40,0,0.0,-4000.0,331,129.54682779456192,9780.0,44,0,0.0,-4400.0,33,0.0,101,64.55445544554455,-3580.0,1899
GAP3_4__pair_worse_rank_band=15+__market_rank_band=16-20,GAP3_4,pair_worse_rank_band=15+;market_rank_band=16-20,False,39,0,0.0,-3900.0,0.0,0.0,0.0,0.0,11,0,0.0,0.0,39,0,0.0,-3900.0,330,129.93939393939394,9880.0,7,0,0.0,-700.0,7,0.0,75,86.93333333333334,-980.0,1900
GAP5_6__field_size_band=15-16__distance_band=2201+,GAP5_6,field_size_band=15-16;distance_band=2201+,False,39,0,0.0,-3900.0,0.0,0.0,0.0,0.0,11,0,0.0,0.0,39,0,0.0,-3900.0,330,129.93939393939394,9880.0,14,1,146.42857142857142,650.0,14,146.42857142857142,82,104.51219512195122,370.0,1901
GAP5_6__field_size_band=<=12__l17_rank_band=41-60,GAP5_6,field_size_band=<=12;l17_rank_band=41-60,False,39,0,0.0,-3900.0,0.0,0.0,0.0,0.0,12,0,0.0,0.0,39,0,0.0,-3900.0,330,129.93939393939394,9880.0,9,0,0.0,-900.0,9,0.0,77,84.67532467532467,-1180.0,1902
GAP5_6__market_rank_band=11-15__l17_rank_band=61+,GAP5_6,market_rank_band=11-15;l17_rank_band=61+,False,39,0,0.0,-3900.0,0.0,0.0,0.0,0.0,9,0,0.0,0.0,39,0,0.0,-3900.0,330,129.93939393939394,9880.0,14,0,0.0,-1400.0,14,0.0,82,79.51219512195122,-1680.0,1903
GAP10_14__field_size_band=13-14__market_rank_band=26-30,GAP10_14,field_size_band=13-14;market_rank_band=26-30,False,39,0,0.0,-3900.0,0.0,0.0,0.0,0.0,7,0,0.0,0.0,39,0,0.0,-3900.0,330,129.93939393939394,9880.0,8,0,0.0,-800.0,8,0.0,76,85.78947368421052,-1080.0,1904
GAP25P__odds_band=60-80,GAP25P,odds_band=60-80,False,39,0,0.0,-3900.0,0.0,0.0,0.0,0.0,8,0,0.0,0.0,39,0,0.0,-3900.0,330,129.93939393939394,9880.0,7,0,0.0,-700.0,7,0.0,75,86.93333333333334,-980.0,1905
GAP10P__field_size_band=17+__distance_band=1801-2200,GAP10P,field_size_band=17+;distance_band=1801-2200,False,39,0,0.0,-3900.0,0.0,0.0,0.0,0.0,9,0,0.0,0.0,39,0,0.0,-3900.0,330,129.93939393939394,9880.0,21,1,174.28571428571428,1560.0,21,174.28571428571428,89,114.38202247191012,1280.0,1906
GAP5P__market_rank_band=26-30__l17_rank_band=<=10,GAP5P,market_rank_band=26-30;l17_rank_band=<=10,False,50,0,0.0,-5000.0,0.0,0.0,0.0,0.0,4,11,22.0,3.7800687285223367,39,0,0.0,-3900.0,330,129.93939393939394,9880.0,14,0,0.0,-1400.0,9,0.0,77,84.67532467532467,-1180.0,1907
GAP10P__market_rank_band=26-30__l17_rank_band=<=10,GAP10P,market_rank_band=26-30;l17_rank_band=<=10,False,50,0,0.0,-5000.0,0.0,0.0,0.0,0.0,4,11,22.0,3.7800687285223367,39,0,0.0,-3900.0,330,129.93939393939394,9880.0,14,0,0.0,-1400.0,9,0.0,77,84.67532467532467,-1180.0,1908
GAP15_24__distance_band=1801-2200,GAP15_24,distance_band=1801-2200,False,76,0,0.0,-7600.0,0.0,0.0,0.0,0.0,23,37,48.68421052631579,12.714776632302405,39,0,0.0,-3900.0,330,129.93939393939394,9880.0,20,0,0.0,-2000.0,15,0.0,83,78.55421686746988,-1780.0,1909
GAP3_4__pair_worse_rank_band=15+__market_rank_band=11-15,GAP3_4,pair_worse_rank_band=15+;market_rank_band=11-15,False,38,0,0.0,-3800.0,0.0,0.0,0.0,0.0,11,0,0.0,0.0,38,0,0.0,-3800.0,329,130.33434650455928,9980.0,7,0,0.0,-700.0,7,0.0,75,86.93333333333334,-980.0,1910
GAP7_9__odds_band=60-80__model_rank_band=9-10,GAP7_9,odds_band=60-80;model_rank_band=9-10,False,38,0,0.0,-3800.0,0.0,0.0,0.0,0.0,2,0,0.0,0.0,38,0,0.0,-3800.0,329,130.33434650455928,9980.0,0,0,,0.0,0,,68,95.88235294117646,-280.0,1911
GAP15_24__field_size_band=13-14__surface=DIRT,GAP15_24,field_size_band=13-14;surface=DIRT,False,38,0,0.0,-3800.0,0.0,0.0,0.0,0.0,9,0,0.0,0.0,38,0,0.0,-3800.0,329,130.33434650455928,9980.0,11,0,0.0,-1100.0,11,0.0,79,82.53164556962025,-1380.0,1912
GAP15_24__field_size_band=17+__model_rank_band=6-8,GAP15_24,field_size_band=17+;model_rank_band=6-8,False,38,0,0.0,-3800.0,0.0,0.0,0.0,0.0,10,0,0.0,0.0,38,0,0.0,-3800.0,329,130.33434650455928,9980.0,5,0,0.0,-500.0,5,0.0,73,89.31506849315069,-780.0,1913
GAP25P__pair_worse_rank_band=11-14,GAP25P,pair_worse_rank_band=11-14,False,38,0,0.0,-3800.0,0.0,0.0,0.0,0.0,5,0,0.0,0.0,38,0,0.0,-3800.0,329,130.33434650455928,9980.0,46,0,0.0,-4600.0,46,0.0,114,57.19298245614035,-4880.0,1914
GAP10P__field_size_band=<=12__model_rank_band=4-5,GAP10P,field_size_band=<=12;model_rank_band=4-5,False,38,0,0.0,-3800.0,0.0,0.0,0.0,0.0,8,0,0.0,0.0,38,0,0.0,-3800.0,329,130.33434650455928,9980.0,2,0,0.0,-200.0,2,0.0,70,93.14285714285714,-480.0,1915
GAP15_24__odds_band=60-80__model_rank_band=9-10,GAP15_24,odds_band=60-80;model_rank_band=9-10,False,70,1,88.85714285714286,-780.0,0.0,100.0,0.0,282.72727272727275,17,32,45.714285714285715,10.996563573883162,38,0,0.0,-3800.0,329,130.33434650455928,9980.0,11,0,0.0,-1100.0,6,0.0,74,88.10810810810811,-880.0,1916
GAP7_9__pair_worse_rank_band=15+__field_size_band=17+,GAP7_9,pair_worse_rank_band=15+;field_size_band=17+,False,37,0,0.0,-3700.0,0.0,0.0,0.0,0.0,9,0,0.0,0.0,37,0,0.0,-3700.0,328,130.73170731707316,10080.0,7,0,0.0,-700.0,7,0.0,75,86.93333333333334,-980.0,1917
GAP15_24__field_size_band=13-14__l17_rank_band=41-60,GAP15_24,field_size_band=13-14;l17_rank_band=41-60,False,37,0,0.0,-3700.0,0.0,0.0,0.0,0.0,6,0,0.0,0.0,37,0,0.0,-3700.0,328,130.73170731707316,10080.0,12,0,0.0,-1200.0,12,0.0,80,81.5,-1480.0,1918
GAP15_24__field_size_band=17+__l17_rank_band=61+,GAP15_24,field_size_band=17+;l17_rank_band=61+,False,37,0,0.0,-3700.0,0.0,0.0,0.0,0.0,10,0,0.0,0.0,37,0,0.0,-3700.0,328,130.73170731707316,10080.0,21,0,0.0,-2100.0,21,0.0,89,73.25842696629213,-2380.0,1919
GAP5P__odds_band=80-100__field_size_band=13-14,GAP5P,odds_band=80-100;field_size_band=13-14,False,37,0,0.0,-3700.0,0.0,0.0,0.0,0.0,4,0,0.0,0.0,37,0,0.0,-3700.0,328,130.73170731707316,10080.0,14,1,707.1428571428571,8500.0,14,707.1428571428571,82,200.2439024390244,8220.0,1920
GAP0_2__field_size_band=17+__distance_band=2201+,GAP0_2,field_size_band=17+;distance_band=2201+,False,36,0,0.0,-3600.0,0.0,0.0,0.0,0.0,10,0,0.0,0.0,36,0,0.0,-3600.0,327,131.131498470948,10180.0,12,1,205.83333333333334,1270.0,12,205.83333333333334,80,112.375,990.0,1921
GAP10_14__model_rank_band=6-8__l17_rank_band=61+,GAP10_14,model_rank_band=6-8;l17_rank_band=61+,False,36,0,0.0,-3600.0,0.0,0.0,0.0,0.0,7,0,0.0,0.0,36,0,0.0,-3600.0,327,131.131498470948,10180.0,5,0,0.0,-500.0,5,0.0,73,89.31506849315069,-780.0,1922
GAP15_24__pair_worse_rank_band=7-10__field_size_band=<=12,GAP15_24,pair_worse_rank_band=7-10;field_size_band=<=12,False,36,0,0.0,-3600.0,0.0,0.0,0.0,0.0,11,0,0.0,0.0,36,0,0.0,-3600.0,327,131.131498470948,10180.0,5,0,0.0,-500.0,5,0.0,73,89.31506849315069,-780.0,1923
GAP25P__model_rank_band=1-3,GAP25P,model_rank_band=1-3,False,36,0,0.0,-3600.0,0.0,0.0,0.0,0.0,7,0,0.0,0.0,36,0,0.0,-3600.0,327,131.131498470948,10180.0,14,0,0.0,-1400.0,14,0.0,82,79.51219512195122,-1680.0,1924
GAP10P__model_rank_band=9-10__l17_rank_band=<=10,GAP10P,model_rank_band=9-10;l17_rank_band=<=10,False,40,1,149.0,1960.0,0.0,100.0,0.0,313.6842105263158,6,4,10.0,1.3745704467353952,36,0,0.0,-3600.0,327,131.131498470948,10180.0,1,0,0.0,-100.0,1,0.0,69,94.4927536231884,-380.0,1925
GAP15_24__market_rank_band=26-30__l17_rank_band=21-30,GAP15_24,market_rank_band=26-30;l17_rank_band=21-30,False,51,0,0.0,-5100.0,0.0,0.0,0.0,0.0,13,15,29.41176470588235,5.154639175257732,36,0,0.0,-3600.0,327,131.131498470948,10180.0,10,0,0.0,-1000.0,8,0.0,76,85.78947368421052,-1080.0,1926
GAP15_24__l17_rank_band=<=10,GAP15_24,l17_rank_band=<=10,False,56,1,106.42857142857143,360.0,0.0,100.0,0.0,165.55555555555554,4,20,35.714285714285715,6.8728522336769755,36,0,0.0,-3600.0,327,131.131498470948,10180.0,14,0,0.0,-1400.0,7,0.0,75,86.93333333333334,-980.0,1927
GAP15_24__surface=TURF__distance_band=1801-2200,GAP15_24,surface=TURF;distance_band=1801-2200,False,61,0,0.0,-6100.0,0.0,0.0,0.0,0.0,17,25,40.98360655737705,8.59106529209622,36,0,0.0,-3600.0,327,131.131498470948,10180.0,18,0,0.0,-1800.0,14,0.0,82,79.51219512195122,-1680.0,1928
GAP5_6__field_size_band=17+__l17_rank_band=61+,GAP5_6,field_size_band=17+;l17_rank_band=61+,False,35,0,0.0,-3500.0,0.0,0.0,0.0,0.0,8,0,0.0,0.0,35,0,0.0,-3500.0,326,131.53374233128835,10280.0,11,0,0.0,-1100.0,11,0.0,79,82.53164556962025,-1380.0,1929
GAP5_6__odds_band=80-100__field_size_band=15-16,GAP5_6,odds_band=80-100;field_size_band=15-16,False,35,0,0.0,-3500.0,0.0,0.0,0.0,0.0,5,0,0.0,0.0,35,0,0.0,-3500.0,326,131.53374233128835,10280.0,5,0,0.0,-500.0,5,0.0,73,89.31506849315069,-780.0,1930
GAP25P__surface=DIRT,GAP25P,surface=DIRT,False,35,0,0.0,-3500.0,0.0,0.0,0.0,0.0,9,0,0.0,0.0,35,0,0.0,-3500.0,326,131.53374233128835,10280.0,22,0,0.0,-2200.0,22,0.0,90,72.44444444444444,-2480.0,1931
GAP25P__pair_worse_rank_band=7-10,GAP25P,pair_worse_rank_band=7-10,False,35,0,0.0,-3500.0,0.0,0.0,0.0,0.0,10,0,0.0,0.0,35,0,0.0,-3500.0,326,131.53374233128835,10280.0,5,0,0.0,-500.0,5,0.0,73,89.31506849315069,-780.0,1932
GAP5P__surface=DIRT__distance_band=2201+,GAP5P,surface=DIRT;distance_band=2201+,False,36,0,0.0,-3600.0,0.0,0.0,0.0,0.0,10,1,2.7777777777777777,0.3436426116838488,35,0,0.0,-3500.0,326,131.53374233128835,10280.0,6,0,0.0,-600.0,6,0.0,74,88.10810810810811,-880.0,1933
GAP3_4__field_size_band=17+__l17_rank_band=61+,GAP3_4,field_size_band=17+;l17_rank_band=61+,False,34,0,0.0,-3400.0,0.0,0.0,0.0,0.0,9,0,0.0,0.0,34,0,0.0,-3400.0,325,131.93846153846152,10380.0,9,0,0.0,-900.0,9,0.0,77,84.67532467532467,-1180.0,1934
GAP7_9__field_size_band=<=12__l17_rank_band=41-60,GAP7_9,field_size_band=<=12;l17_rank_band=41-60,False,34,0,0.0,-3400.0,0.0,0.0,0.0,0.0,7,0,0.0,0.0,34,0,0.0,-3400.0,325,131.93846153846152,10380.0,9,0,0.0,-900.0,9,0.0,77,84.67532467532467,-1180.0,1935
GAP10P__pair_worse_rank_band=15+__field_size_band=15-16,GAP10P,pair_worse_rank_band=15+;field_size_band=15-16,False,48,0,0.0,-4800.0,0.0,0.0,0.0,0.0,8,14,29.166666666666668,4.810996563573883,34,0,0.0,-3400.0,325,131.93846153846152,10380.0,12,0,0.0,-1200.0,7,0.0,75,86.93333333333334,-980.0,1936
GAP15_24__market_rank_band=26-30__l17_rank_band=31-40,GAP15_24,market_rank_band=26-30;l17_rank_band=31-40,False,52,1,119.61538461538461,1020.0,0.0,100.0,0.0,296.1904761904762,11,18,34.61538461538461,6.185567010309279,34,0,0.0,-3400.0,325,131.93846153846152,10380.0,5,0,0.0,-500.0,3,0.0,71,91.83098591549296,-580.0,1937
GAP15_24__field_size_band=17+__l17_rank_band=21-30,GAP15_24,field_size_band=17+;l17_rank_band=21-30,False,33,0,0.0,-3300.0,0.0,0.0,0.0,0.0,2,0,0.0,0.0,33,0,0.0,-3300.0,324,132.34567901234567,10480.0,3,0,0.0,-300.0,3,0.0,71,91.83098591549296,-580.0,1938
GAP15_24__odds_band=40-60__field_size_band=<=12,GAP15_24,odds_band=40-60;field_size_band=<=12,False,33,0,0.0,-3300.0,0.0,0.0,0.0,0.0,6,0,0.0,0.0,33,0,0.0,-3300.0,324,132.34567901234567,10480.0,2,0,0.0,-200.0,2,0.0,70,93.14285714285714,-480.0,1939
GAP25P__field_size_band=15-16__l17_rank_band=61+,GAP25P,field_size_band=15-16;l17_rank_band=61+,False,33,0,0.0,-3300.0,0.0,0.0,0.0,0.0,5,0,0.0,0.0,33,0,0.0,-3300.0,324,132.34567901234567,10480.0,30,0,0.0,-3000.0,30,0.0,98,66.53061224489795,-3280.0,1940
GAP15_24__market_rank_band=21-25__l17_rank_band=21-30,GAP15_24,market_rank_band=21-25;l17_rank_band=21-30,False,49,0,0.0,-4900.0,0.0,0.0,0.0,0.0,8,16,32.6530612244898,5.498281786941581,33,0,0.0,-3300.0,324,132.34567901234567,10480.0,1,0,0.0,-100.0,0,,68,95.88235294117646,-280.0,1941
GAP7_9__odds_band=80-100__field_size_band=15-16,GAP7_9,odds_band=80-100;field_size_band=15-16,False,32,0,0.0,-3200.0,0.0,0.0,0.0,0.0,4,0,0.0,0.0,32,0,0.0,-3200.0,323,132.75541795665634,10580.0,6,0,0.0,-600.0,6,0.0,74,88.10810810810811,-880.0,1942
GAP3_4__odds_band=40-60__market_rank_band=<=10,GAP3_4,odds_band=40-60;market_rank_band=<=10,False,31,0,0.0,-3100.0,0.0,0.0,0.0,0.0,3,0,0.0,0.0,31,0,0.0,-3100.0,322,133.16770186335404,10680.0,8,0,0.0,-800.0,8,0.0,76,85.78947368421052,-1080.0,1943
GAP5_6__pair_worse_rank_band=15+__field_size_band=15-16,GAP5_6,pair_worse_rank_band=15+;field_size_band=15-16,False,31,0,0.0,-3100.0,0.0,0.0,0.0,0.0,6,0,0.0,0.0,31,0,0.0,-3100.0,322,133.16770186335404,10680.0,9,1,308.8888888888889,1880.0,9,308.8888888888889,77,120.77922077922078,1600.0,1944
GAP7_9__pair_worse_rank_band=15+__market_rank_band=21-25,GAP7_9,pair_worse_rank_band=15+;market_rank_band=21-25,False,31,0,0.0,-3100.0,0.0,0.0,0.0,0.0,6,0,0.0,0.0,31,0,0.0,-3100.0,322,133.16770186335404,10680.0,3,0,0.0,-300.0,3,0.0,71,91.83098591549296,-580.0,1945
GAP10_14__pair_worse_rank_band=15+__field_size_band=15-16,GAP10_14,pair_worse_rank_band=15+;field_size_band=15-16,False,31,0,0.0,-3100.0,0.0,0.0,0.0,0.0,5,0,0.0,0.0,31,0,0.0,-3100.0,322,133.16770186335404,10680.0,4,0,0.0,-400.0,4,0.0,72,90.55555555555556,-680.0,1946
GAP25P__field_size_band=15-16__market_rank_band=31-40,GAP25P,field_size_band=15-16;market_rank_band=31-40,False,31,0,0.0,-3100.0,0.0,0.0,0.0,0.0,8,0,0.0,0.0,31,0,0.0,-3100.0,322,133.16770186335404,10680.0,12,0,0.0,-1200.0,12,0.0,80,81.5,-1480.0,1947
GAP7_9__pair_worse_rank_band=15+__market_rank_band=16-20,GAP7_9,pair_worse_rank_band=15+;market_rank_band=16-20,False,30,0,0.0,-3000.0,0.0,0.0,0.0,0.0,3,0,0.0,0.0,30,0,0.0,-3000.0,321,133.58255451713396,10780.0,5,0,0.0,-500.0,5,0.0,73,89.31506849315069,-780.0,1948
GAP10_14__odds_band=100+,GAP10_14,odds_band=100+,False,30,0,0.0,-3000.0,0.0,0.0,0.0,0.0,2,0,0.0,0.0,30,0,0.0,-3000.0,321,133.58255451713396,10780.0,4,0,0.0,-400.0,4,0.0,72,90.55555555555556,-680.0,1949
GAP15_24__field_size_band=<=12__surface=TURF,GAP15_24,field_size_band=<=12;surface=TURF,False,30,0,0.0,-3000.0,0.0,0.0,0.0,0.0,8,0,0.0,0.0,30,0,0.0,-3000.0,321,133.58255451713396,10780.0,5,0,0.0,-500.0,5,0.0,73,89.31506849315069,-780.0,1950
GAP25P__market_rank_band=26-30,GAP25P,market_rank_band=26-30,False,30,0,0.0,-3000.0,0.0,0.0,0.0,0.0,7,0,0.0,0.0,30,0,0.0,-3000.0,321,133.58255451713396,10780.0,6,0,0.0,-600.0,6,0.0,74,88.10810810810811,-880.0,1951
GAP25P__model_rank_band=11-15,GAP25P,model_rank_band=11-15,False,30,0,0.0,-3000.0,0.0,0.0,0.0,0.0,2,0,0.0,0.0,30,0,0.0,-3000.0,321,133.58255451713396,10780.0,28,0,0.0,-2800.0,28,0.0,96,67.91666666666667,-3080.0,1952
GAP10P__odds_band=100+__field_size_band=15-16,GAP10P,odds_band=100+;field_size_band=15-16,False,49,0,0.0,-4900.0,0.0,0.0,0.0,0.0,11,19,38.775510204081634,6.529209621993127,30,0,0.0,-3000.0,321,133.58255451713396,10780.0,39,0,0.0,-3900.0,26,0.0,94,69.36170212765957,-2880.0,1953
GAP0_2__odds_band=80-100__field_size_band=13-14,GAP0_2,odds_band=80-100;field_size_band=13-14,False,29,0,0.0,-2900.0,0.0,0.0,0.0,0.0,6,0,0.0,0.0,29,0,0.0,-2900.0,320,134.0,10880.0,11,0,0.0,-1100.0,11,0.0,79,82.53164556962025,-1380.0,1954
GAP10_14__field_size_band=17+__distance_band=1801-2200,GAP10_14,field_size_band=17+;distance_band=1801-2200,False,29,0,0.0,-2900.0,0.0,0.0,0.0,0.0,5,0,0.0,0.0,29,0,0.0,-2900.0,320,134.0,10880.0,11,1,332.72727272727275,2560.0,11,332.72727272727275,79,128.86075949367088,2280.0,1955
GAP10_14__model_rank_band=9-10__l17_rank_band=<=10,GAP10_14,model_rank_band=9-10;l17_rank_band=<=10,False,29,0,0.0,-2900.0,0.0,0.0,0.0,0.0,6,0,0.0,0.0,29,0,0.0,-2900.0,320,134.0,10880.0,1,0,0.0,-100.0,1,0.0,69,94.4927536231884,-380.0,1956
GAP10_14__odds_band=100+__model_rank_band=11-15,GAP10_14,odds_band=100+;model_rank_band=11-15,False,29,0,0.0,-2900.0,0.0,0.0,0.0,0.0,2,0,0.0,0.0,29,0,0.0,-2900.0,320,134.0,10880.0,4,0,0.0,-400.0,4,0.0,72,90.55555555555556,-680.0,1957
GAP5P__odds_band=80-100__field_size_band=<=12,GAP5P,odds_band=80-100;field_size_band=<=12,False,29,0,0.0,-2900.0,0.0,0.0,0.0,0.0,4,0,0.0,0.0,29,0,0.0,-2900.0,320,134.0,10880.0,12,0,0.0,-1200.0,12,0.0,80,81.5,-1480.0,1958
GAP15_24__distance_band=2201+,GAP15_24,distance_band=2201+,False,34,0,0.0,-3400.0,0.0,0.0,0.0,0.0,7,5,14.705882352941176,1.7182130584192439,29,0,0.0,-2900.0,320,134.0,10880.0,8,0,0.0,-800.0,5,0.0,73,89.31506849315069,-780.0,1959
GAP25P__field_size_band=15-16__surface=DIRT,GAP25P,field_size_band=15-16;surface=DIRT,False,28,0,0.0,-2800.0,0.0,0.0,0.0,0.0,8,0,0.0,0.0,28,0,0.0,-2800.0,319,134.42006269592477,10980.0,20,0,0.0,-2000.0,20,0.0,88,74.0909090909091,-2280.0,1960
GAP25P__pair_worse_rank_band=11-14__field_size_band=15-16,GAP25P,pair_worse_rank_band=11-14;field_size_band=15-16,False,28,0,0.0,-2800.0,0.0,0.0,0.0,0.0,3,0,0.0,0.0,28,0,0.0,-2800.0,319,134.42006269592477,10980.0,28,0,0.0,-2800.0,28,0.0,96,67.91666666666667,-3080.0,1961
GAP5P__field_size_band=17+__market_rank_band=31-40,GAP5P,field_size_band=17+;market_rank_band=31-40,False,28,0,0.0,-2800.0,0.0,0.0,0.0,0.0,7,0,0.0,0.0,28,0,0.0,-2800.0,319,134.42006269592477,10980.0,21,0,0.0,-2100.0,21,0.0,89,73.25842696629213,-2380.0,1962
GAP10P__field_size_band=17+__market_rank_band=31-40,GAP10P,field_size_band=17+;market_rank_band=31-40,False,28,0,0.0,-2800.0,0.0,0.0,0.0,0.0,7,0,0.0,0.0,28,0,0.0,-2800.0,319,134.42006269592477,10980.0,21,0,0.0,-2100.0,21,0.0,89,73.25842696629213,-2380.0,1963
GAP15_24__surface=TURF__distance_band=2201+,GAP15_24,surface=TURF;distance_band=2201+,False,32,0,0.0,-3200.0,0.0,0.0,0.0,0.0,7,4,12.5,1.3745704467353952,28,0,0.0,-2800.0,319,134.42006269592477,10980.0,7,0,0.0,-700.0,4,0.0,72,90.55555555555556,-680.0,1964
GAP15_24__model_rank_band=4-5__l17_rank_band=41-60,GAP15_24,model_rank_band=4-5;l17_rank_band=41-60,False,36,0,0.0,-3600.0,0.0,0.0,0.0,0.0,5,8,22.22222222222222,2.7491408934707904,28,0,0.0,-2800.0,319,134.42006269592477,10980.0,1,0,0.0,-100.0,0,,68,95.88235294117646,-280.0,1965
GAP0_2__model_rank_band=6-8__l17_rank_band=61+,GAP0_2,model_rank_band=6-8;l17_rank_band=61+,False,27,0,0.0,-2700.0,0.0,0.0,0.0,0.0,7,0,0.0,0.0,27,0,0.0,-2700.0,318,134.8427672955975,11080.0,11,0,0.0,-1100.0,11,0.0,79,82.53164556962025,-1380.0,1966
GAP7_9__odds_band=100+__field_size_band=<=12,GAP7_9,odds_band=100+;field_size_band=<=12,False,27,0,0.0,-2700.0,0.0,0.0,0.0,0.0,1,0,0.0,0.0,27,0,0.0,-2700.0,318,134.8427672955975,11080.0,0,0,,0.0,0,,68,95.88235294117646,-280.0,1967
GAP10_14__pair_worse_rank_band=15+__field_size_band=17+,GAP10_14,pair_worse_rank_band=15+;field_size_band=17+,False,27,0,0.0,-2700.0,0.0,0.0,0.0,0.0,4,0,0.0,0.0,27,0,0.0,-2700.0,318,134.8427672955975,11080.0,6,0,0.0,-600.0,6,0.0,74,88.10810810810811,-880.0,1968
GAP15_24__field_size_band=13-14__model_rank_band=4-5,GAP15_24,field_size_band=13-14;model_rank_band=4-5,False,27,0,0.0,-2700.0,0.0,0.0,0.0,0.0,8,0,0.0,0.0,27,0,0.0,-2700.0,318,134.8427672955975,11080.0,2,0,0.0,-200.0,2,0.0,70,93.14285714285714,-480.0,1969
GAP25P__distance_band=1401-1800,GAP25P,distance_band=1401-1800,False,27,0,0.0,-2700.0,0.0,0.0,0.0,0.0,6,0,0.0,0.0,27,0,0.0,-2700.0,318,134.8427672955975,11080.0,17,0,0.0,-1700.0,17,0.0,85,76.70588235294117,-1980.0,1970
GAP25P__surface=TURF__distance_band=<=1400,GAP25P,surface=TURF;distance_band=<=1400,False,27,0,0.0,-2700.0,0.0,0.0,0.0,0.0,5,0,0.0,0.0,27,0,0.0,-2700.0,318,134.8427672955975,11080.0,20,0,0.0,-2000.0,20,0.0,88,74.0909090909091,-2280.0,1971
GAP10P__pair_worse_rank_band=15+__market_rank_band=16-20,GAP10P,pair_worse_rank_band=15+;market_rank_band=16-20,False,28,0,0.0,-2800.0,0.0,0.0,0.0,0.0,3,1,3.5714285714285716,0.3436426116838488,27,0,0.0,-2700.0,318,134.8427672955975,11080.0,4,0,0.0,-400.0,3,0.0,71,91.83098591549296,-580.0,1972
GAP15_24__odds_band=40-60__model_rank_band=11-15,GAP15_24,odds_band=40-60;model_rank_band=11-15,False,30,0,0.0,-3000.0,0.0,0.0,0.0,0.0,5,3,10.0,1.0309278350515463,27,0,0.0,-2700.0,318,134.8427672955975,11080.0,14,0,0.0,-1400.0,12,0.0,80,81.5,-1480.0,1973
GAP10P__pair_worse_rank_band=15+__market_rank_band=21-25,GAP10P,pair_worse_rank_band=15+;market_rank_band=21-25,False,32,0,0.0,-3200.0,0.0,0.0,0.0,0.0,4,5,15.625,1.7182130584192439,27,0,0.0,-2700.0,318,134.8427672955975,11080.0,3,0,0.0,-300.0,3,0.0,71,91.83098591549296,-580.0,1974
GAP15_24__pair_worse_rank_band=<=6__market_rank_band=21-25,GAP15_24,pair_worse_rank_band=<=6;market_rank_band=21-25,False,38,0,0.0,-3800.0,0.0,0.0,0.0,0.0,10,11,28.94736842105263,3.7800687285223367,27,0,0.0,-2700.0,318,134.8427672955975,11080.0,1,0,0.0,-100.0,0,,68,95.88235294117646,-280.0,1975
GAP15_24__market_rank_band=21-25__model_rank_band=9-10,GAP15_24,market_rank_band=21-25;model_rank_band=9-10,False,44,0,0.0,-4400.0,0.0,0.0,0.0,0.0,11,17,38.63636363636363,5.841924398625429,27,0,0.0,-2700.0,318,134.8427672955975,11080.0,7,0,0.0,-700.0,4,0.0,72,90.55555555555556,-680.0,1976
GAP3_4__model_rank_band=6-8__l17_rank_band=61+,GAP3_4,model_rank_band=6-8;l17_rank_band=61+,False,26,0,0.0,-2600.0,0.0,0.0,0.0,0.0,5,0,0.0,0.0,26,0,0.0,-2600.0,317,135.26813880126184,11180.0,6,0,0.0,-600.0,6,0.0,74,88.10810810810811,-880.0,1977
GAP5_6__field_size_band=17+__market_rank_band=21-25,GAP5_6,field_size_band=17+;market_rank_band=21-25,False,26,0,0.0,-2600.0,0.0,0.0,0.0,0.0,8,0,0.0,0.0,26,0,0.0,-2600.0,317,135.26813880126184,11180.0,3,0,0.0,-300.0,3,0.0,71,91.83098591549296,-580.0,1978
GAP15_24__field_size_band=17+__model_rank_band=9-10,GAP15_24,field_size_band=17+;model_rank_band=9-10,False,26,0,0.0,-2600.0,0.0,0.0,0.0,0.0,7,0,0.0,0.0,26,0,0.0,-2600.0,317,135.26813880126184,11180.0,12,0,0.0,-1200.0,12,0.0,80,81.5,-1480.0,1979
GAP25P__market_rank_band=31-40__l17_rank_band=61+,GAP25P,market_rank_band=31-40;l17_rank_band=61+,False,26,0,0.0,-2600.0,0.0,0.0,0.0,0.0,5,0,0.0,0.0,26,0,0.0,-2600.0,317,135.26813880126184,11180.0,18,0,0.0,-1800.0,18,0.0,86,75.81395348837209,-2080.0,1980
GAP15_24__model_rank_band=11-15__l17_rank_band=21-30,GAP15_24,model_rank_band=11-15;l17_rank_band=21-30,False,37,0,0.0,-3700.0,0.0,0.0,0.0,0.0,6,11,29.72972972972973,3.7800687285223367,26,0,0.0,-2600.0,317,135.26813880126184,11180.0,11,1,592.7272727272727,5420.0,8,0.0,76,85.78947368421052,-1080.0,1981
GAP15_24__model_rank_band=11-15__l17_rank_band=31-40,GAP15_24,model_rank_band=11-15;l17_rank_band=31-40,False,39,0,0.0,-3900.0,0.0,0.0,0.0,0.0,9,13,33.333333333333336,4.4673539518900345,26,0,0.0,-2600.0,317,135.26813880126184,11180.0,6,0,0.0,-600.0,3,0.0,71,91.83098591549296,-580.0,1982
GAP15_24__pair_worse_rank_band=7-10__market_rank_band=31-40,GAP15_24,pair_worse_rank_band=7-10;market_rank_band=31-40,False,45,0,0.0,-4500.0,0.0,0.0,0.0,0.0,9,19,42.22222222222222,6.529209621993127,26,0,0.0,-2600.0,317,135.26813880126184,11180.0,16,1,407.5,4920.0,7,0.0,75,86.93333333333334,-980.0,1983
GAP5_6__surface=DIRT__distance_band=2201+,GAP5_6,surface=DIRT;distance_band=2201+,False,25,0,0.0,-2500.0,0.0,0.0,0.0,0.0,7,0,0.0,0.0,25,0,0.0,-2500.0,316,135.69620253164558,11280.0,4,0,0.0,-400.0,4,0.0,72,90.55555555555556,-680.0,1984
GAP7_9__surface=DIRT__distance_band=2201+,GAP7_9,surface=DIRT;distance_band=2201+,False,25,0,0.0,-2500.0,0.0,0.0,0.0,0.0,5,0,0.0,0.0,25,0,0.0,-2500.0,316,135.69620253164558,11280.0,4,0,0.0,-400.0,4,0.0,72,90.55555555555556,-680.0,1985
GAP10_14__odds_band=80-100__market_rank_band=21-25,GAP10_14,odds_band=80-100;market_rank_band=21-25,False,25,0,0.0,-2500.0,0.0,0.0,0.0,0.0,2,0,0.0,0.0,25,0,0.0,-2500.0,316,135.69620253164558,11280.0,6,0,0.0,-600.0,6,0.0,74,88.10810810810811,-880.0,1986
GAP10P__odds_band=80-100__market_rank_band=21-25,GAP10P,odds_band=80-100;market_rank_band=21-25,False,27,0,0.0,-2700.0,0.0,0.0,0.0,0.0,2,2,7.407407407407407,0.6872852233676976,25,0,0.0,-2500.0,316,135.69620253164558,11280.0,8,0,0.0,-800.0,8,0.0,76,85.78947368421052,-1080.0,1987
GAP10P__model_rank_band=4-5__l17_rank_band=61+,GAP10P,model_rank_band=4-5;l17_rank_band=61+,False,38,0,0.0,-3800.0,0.0,0.0,0.0,0.0,7,13,34.21052631578947,4.4673539518900345,25,0,0.0,-2500.0,316,135.69620253164558,11280.0,11,0,0.0,-1100.0,10,0.0,78,83.58974358974359,-1280.0,1988
GAP5P__market_rank_band=31-40__l17_rank_band=41-60,GAP5P,market_rank_band=31-40;l17_rank_band=41-60,False,41,0,0.0,-4100.0,0.0,0.0,0.0,0.0,9,16,39.02439024390244,5.498281786941581,25,0,0.0,-2500.0,316,135.69620253164558,11280.0,22,0,0.0,-2200.0,17,0.0,85,76.70588235294117,-1980.0,1989
GAP10P__market_rank_band=31-40__l17_rank_band=41-60,GAP10P,market_rank_band=31-40;l17_rank_band=41-60,False,41,0,0.0,-4100.0,0.0,0.0,0.0,0.0,9,16,39.02439024390244,5.498281786941581,25,0,0.0,-2500.0,316,135.69620253164558,11280.0,22,0,0.0,-2200.0,17,0.0,85,76.70588235294117,-1980.0,1990
GAP15_24__market_rank_band=21-25__l17_rank_band=61+,GAP15_24,market_rank_band=21-25;l17_rank_band=61+,False,50,0,0.0,-5000.0,0.0,0.0,0.0,0.0,12,25,50.0,8.59106529209622,25,0,0.0,-2500.0,316,135.69620253164558,11280.0,8,0,0.0,-800.0,7,0.0,75,86.93333333333334,-980.0,1991
GAP15_24__field_size_band=15-16__market_rank_band=21-25,GAP15_24,field_size_band=15-16;market_rank_band=21-25,False,121,1,46.77685950413223,-6440.0,0.0,100.0,0.0,113.2,26,96,79.33884297520662,32.98969072164948,25,0,0.0,-2500.0,316,135.69620253164558,11280.0,9,0,0.0,-900.0,2,0.0,70,93.14285714285714,-480.0,1992
GAP0_2__market_rank_band=16-20__l17_rank_band=61+,GAP0_2,market_rank_band=16-20;l17_rank_band=61+,False,24,0,0.0,-2400.0,0.0,0.0,0.0,0.0,7,0,0.0,0.0,24,0,0.0,-2400.0,315,136.12698412698413,11380.0,14,1,321.42857142857144,3100.0,14,321.42857142857144,82,134.390243902439,2820.0,1993
GAP5_6__pair_worse_rank_band=15+__market_rank_band=16-20,GAP5_6,pair_worse_rank_band=15+;market_rank_band=16-20,False,24,0,0.0,-2400.0,0.0,0.0,0.0,0.0,4,0,0.0,0.0,24,0,0.0,-2400.0,315,136.12698412698413,11380.0,7,0,0.0,-700.0,7,0.0,75,86.93333333333334,-980.0,1994
GAP7_9__odds_band=100+__field_size_band=15-16,GAP7_9,odds_band=100+;field_size_band=15-16,False,24,0,0.0,-2400.0,0.0,0.0,0.0,0.0,4,0,0.0,0.0,24,0,0.0,-2400.0,315,136.12698412698413,11380.0,0,0,,0.0,0,,68,95.88235294117646,-280.0,1995
GAP10_14__pair_worse_rank_band=15+__market_rank_band=16-20,GAP10_14,pair_worse_rank_band=15+;market_rank_band=16-20,False,24,0,0.0,-2400.0,0.0,0.0,0.0,0.0,3,0,0.0,0.0,24,0,0.0,-2400.0,315,136.12698412698413,11380.0,3,0,0.0,-300.0,3,0.0,71,91.83098591549296,-580.0,1996
GAP15_24__field_size_band=<=12__market_rank_band=26-30,GAP15_24,field_size_band=<=12;market_rank_band=26-30,False,24,0,0.0,-2400.0,0.0,0.0,0.0,0.0,3,0,0.0,0.0,24,0,0.0,-2400.0,315,136.12698412698413,11380.0,4,0,0.0,-400.0,4,0.0,72,90.55555555555556,-680.0,1997
GAP15_24__pair_worse_rank_band=<=6__field_size_band=17+,GAP15_24,pair_worse_rank_band=<=6;field_size_band=17+,False,24,0,0.0,-2400.0,0.0,0.0,0.0,0.0,5,0,0.0,0.0,24,0,0.0,-2400.0,315,136.12698412698413,11380.0,5,0,0.0,-500.0,5,0.0,73,89.31506849315069,-780.0,1998
GAP25P__odds_band=60-80__market_rank_band=31-40,GAP25P,odds_band=60-80;market_rank_band=31-40,False,24,0,0.0,-2400.0,0.0,0.0,0.0,0.0,4,0,0.0,0.0,24,0,0.0,-2400.0,315,136.12698412698413,11380.0,3,0,0.0,-300.0,3,0.0,71,91.83098591549296,-580.0,1999
GAP5P__odds_band=100+__field_size_band=13-14,GAP5P,odds_band=100+;field_size_band=13-14,False,24,0,0.0,-2400.0,0.0,0.0,0.0,0.0,3,0,0.0,0.0,24,0,0.0,-2400.0,315,136.12698412698413,11380.0,6,0,0.0,-600.0,6,0.0,74,88.10810810810811,-880.0,2000
GAP5P__market_rank_band=26-30__model_rank_band=1-3,GAP5P,market_rank_band=26-30;model_rank_band=1-3,False,27,0,0.0,-2700.0,0.0,0.0,0.0,0.0,5,3,11.11111111111111,1.0309278350515463,24,0,0.0,-2400.0,315,136.12698412698413,11380.0,6,0,0.0,-600.0,6,0.0,74,88.10810810810811,-880.0,2001
GAP10P__market_rank_band=26-30__model_rank_band=1-3,GAP10P,market_rank_band=26-30;model_rank_band=1-3,False,27,0,0.0,-2700.0,0.0,0.0,0.0,0.0,5,3,11.11111111111111,1.0309278350515463,24,0,0.0,-2400.0,315,136.12698412698413,11380.0,6,0,0.0,-600.0,6,0.0,74,88.10810810810811,-880.0,2002
GAP5P__odds_band=60-80__model_rank_band=1-3,GAP5P,odds_band=60-80;model_rank_band=1-3,False,33,0,0.0,-3300.0,0.0,0.0,0.0,0.0,8,9,27.272727272727273,3.0927835051546393,24,0,0.0,-2400.0,315,136.12698412698413,11380.0,7,0,0.0,-700.0,7,0.0,75,86.93333333333334,-980.0,2003
GAP10P__odds_band=60-80__model_rank_band=1-3,GAP10P,odds_band=60-80;model_rank_band=1-3,False,33,0,0.0,-3300.0,0.0,0.0,0.0,0.0,8,9,27.272727272727273,3.0927835051546393,24,0,0.0,-2400.0,315,136.12698412698413,11380.0,7,0,0.0,-700.0,7,0.0,75,86.93333333333334,-980.0,2004
GAP15_24__pair_worse_rank_band=15+,GAP15_24,pair_worse_rank_band=15+,False,38,0,0.0,-3800.0,0.0,0.0,0.0,0.0,7,14,36.8421052631579,4.810996563573883,24,0,0.0,-2400.0,315,136.12698412698413,11380.0,18,0,0.0,-1800.0,13,0.0,81,80.49382716049382,-1580.0,2005
GAP15_24__pair_worse_rank_band=11-14__market_rank_band=31-40,GAP15_24,pair_worse_rank_band=11-14;market_rank_band=31-40,False,50,1,186.8,4340.0,0.0,100.0,0.0,424.54545454545456,12,26,52.0,8.934707903780069,24,0,0.0,-2400.0,315,136.12698412698413,11380.0,28,0,0.0,-2800.0,17,0.0,85,76.70588235294117,-1980.0,2006
GAP5_6__model_rank_band=6-8__l17_rank_band=61+,GAP5_6,model_rank_band=6-8;l17_rank_band=61+,False,23,0,0.0,-2300.0,0.0,0.0,0.0,0.0,6,0,0.0,0.0,23,0,0.0,-2300.0,314,136.56050955414014,11480.0,9,0,0.0,-900.0,9,0.0,77,84.67532467532467,-1180.0,2007
GAP25P__field_size_band=15-16__distance_band=<=1400,GAP25P,field_size_band=15-16;distance_band=<=1400,False,23,0,0.0,-2300.0,0.0,0.0,0.0,0.0,3,0,0.0,0.0,23,0,0.0,-2300.0,314,136.56050955414014,11480.0,21,0,0.0,-2100.0,21,0.0,89,73.25842696629213,-2380.0,2008
GAP15_24__market_rank_band=26-30__l17_rank_band=61+,GAP15_24,market_rank_band=26-30;l17_rank_band=61+,False,44,1,153.1818181818182,2340.0,0.0,100.0,0.0,962.8571428571429,7,21,47.72727272727273,7.216494845360825,23,0,0.0,-2300.0,314,136.56050955414014,11480.0,38,0,0.0,-3800.0,18,0.0,86,75.81395348837209,-2080.0,2009
GAP5_6__pair_worse_rank_band=15+__market_rank_band=11-15,GAP5_6,pair_worse_rank_band=15+;market_rank_band=11-15,False,22,0,0.0,-2200.0,0.0,0.0,0.0,0.0,4,0,0.0,0.0,22,0,0.0,-2200.0,313,136.9968051118211,11580.0,6,0,0.0,-600.0,6,0.0,74,88.10810810810811,-880.0,2010
GAP10_14__field_size_band=15-16__distance_band=2201+,GAP10_14,field_size_band=15-16;distance_band=2201+,False,22,0,0.0,-2200.0,0.0,0.0,0.0,0.0,6,0,0.0,0.0,22,0,0.0,-2200.0,313,136.9968051118211,11580.0,4,0,0.0,-400.0,4,0.0,72,90.55555555555556,-680.0,2011
GAP10_14__field_size_band=<=12__model_rank_band=4-5,GAP10_14,field_size_band=<=12;model_rank_band=4-5,False,22,0,0.0,-2200.0,0.0,0.0,0.0,0.0,3,0,0.0,0.0,22,0,0.0,-2200.0,313,136.9968051118211,11580.0,1,0,0.0,-100.0,1,0.0,69,94.4927536231884,-380.0,2012
GAP15_24__field_size_band=17+__market_rank_band=31-40,GAP15_24,field_size_band=17+;market_rank_band=31-40,False,22,0,0.0,-2200.0,0.0,0.0,0.0,0.0,6,0,0.0,0.0,22,0,0.0,-2200.0,313,136.9968051118211,11580.0,13,0,0.0,-1300.0,13,0.0,81,80.49382716049382,-1580.0,2013
GAP15_24__field_size_band=17+__model_rank_band=1-3,GAP15_24,field_size_band=17+;model_rank_band=1-3,False,22,0,0.0,-2200.0,0.0,0.0,0.0,0.0,2,0,0.0,0.0,22,0,0.0,-2200.0,313,136.9968051118211,11580.0,1,0,0.0,-100.0,1,0.0,69,94.4927536231884,-380.0,2014
GAP15_24__field_size_band=<=12__l17_rank_band=11-20,GAP15_24,field_size_band=<=12;l17_rank_band=11-20,False,22,0,0.0,-2200.0,0.0,0.0,0.0,0.0,4,0,0.0,0.0,22,0,0.0,-2200.0,313,136.9968051118211,11580.0,1,0,0.0,-100.0,1,0.0,69,94.4927536231884,-380.0,2015
GAP15_24__field_size_band=13-14__l17_rank_band=21-30,GAP15_24,field_size_band=13-14;l17_rank_band=21-30,False,22,0,0.0,-2200.0,0.0,0.0,0.0,0.0,4,0,0.0,0.0,22,0,0.0,-2200.0,313,136.9968051118211,11580.0,3,0,0.0,-300.0,3,0.0,71,91.83098591549296,-580.0,2016
GAP25P__market_rank_band=26-30__model_rank_band=1-3,GAP25P,market_rank_band=26-30;model_rank_band=1-3,False,22,0,0.0,-2200.0,0.0,0.0,0.0,0.0,5,0,0.0,0.0,22,0,0.0,-2200.0,313,136.9968051118211,11580.0,6,0,0.0,-600.0,6,0.0,74,88.10810810810811,-880.0,2017
GAP25P__odds_band=60-80__field_size_band=15-16,GAP25P,odds_band=60-80;field_size_band=15-16,False,22,0,0.0,-2200.0,0.0,0.0,0.0,0.0,2,0,0.0,0.0,22,0,0.0,-2200.0,313,136.9968051118211,11580.0,3,0,0.0,-300.0,3,0.0,71,91.83098591549296,-580.0,2018
GAP15_24__model_rank_band=9-10__l17_rank_band=11-20,GAP15_24,model_rank_band=9-10;l17_rank_band=11-20,False,30,0,0.0,-3000.0,0.0,0.0,0.0,0.0,6,8,26.666666666666668,2.7491408934707904,22,0,0.0,-2200.0,313,136.9968051118211,11580.0,3,0,0.0,-300.0,2,0.0,70,93.14285714285714,-480.0,2019
GAP15_24__model_rank_band=6-8__l17_rank_band=21-30,GAP15_24,model_rank_band=6-8;l17_rank_band=21-30,False,34,0,0.0,-3400.0,0.0,0.0,0.0,0.0,6,12,35.294117647058826,4.123711340206185,22,0,0.0,-2200.0,313,136.9968051118211,11580.0,3,0,0.0,-300.0,1,0.0,69,94.4927536231884,-380.0,2020
GAP5P__odds_band=80-100__market_rank_band=31-40,GAP5P,odds_band=80-100;market_rank_band=31-40,False,35,1,266.85714285714283,5840.0,0.0,100.0,0.0,406.0869565217391,2,13,37.142857142857146,4.4673539518900345,22,0,0.0,-2200.0,313,136.9968051118211,11580.0,28,0,0.0,-2800.0,22,0.0,90,72.44444444444444,-2480.0,2021
GAP10P__odds_band=80-100__market_rank_band=31-40,GAP10P,odds_band=80-100;market_rank_band=31-40,False,35,1,266.85714285714283,5840.0,0.0,100.0,0.0,406.0869565217391,2,13,37.142857142857146,4.4673539518900345,22,0,0.0,-2200.0,313,136.9968051118211,11580.0,28,0,0.0,-2800.0,22,0.0,90,72.44444444444444,-2480.0,2022
GAP15_24__model_rank_band=6-8__l17_rank_band=41-60,GAP15_24,model_rank_band=6-8;l17_rank_band=41-60,False,38,0,0.0,-3800.0,0.0,0.0,0.0,0.0,7,16,42.10526315789474,5.498281786941581,22,0,0.0,-2200.0,313,136.9968051118211,11580.0,5,0,0.0,-500.0,3,0.0,71,91.83098591549296,-580.0,2023
GAP15_24__field_size_band=15-16__l17_rank_band=11-20,GAP15_24,field_size_band=15-16;l17_rank_band=11-20,False,61,0,0.0,-6100.0,0.0,0.0,0.0,0.0,15,39,63.9344262295082,13.402061855670103,22,0,0.0,-2200.0,313,136.9968051118211,11580.0,8,0,0.0,-800.0,4,0.0,72,90.55555555555556,-680.0,2024
GAP15_24__field_size_band=15-16__l17_rank_band=21-30,GAP15_24,field_size_band=15-16;l17_rank_band=21-30,False,62,0,0.0,-6200.0,0.0,0.0,0.0,0.0,15,40,64.51612903225806,13.745704467353951,22,0,0.0,-2200.0,313,136.9968051118211,11580.0,9,1,724.4444444444445,5620.0,4,0.0,72,90.55555555555556,-680.0,2025
GAP7_9__pair_worse_rank_band=11-14__field_size_band=<=12,GAP7_9,pair_worse_rank_band=11-14;field_size_band=<=12,False,21,0,0.0,-2100.0,0.0,0.0,0.0,0.0,5,0,0.0,0.0,21,0,0.0,-2100.0,312,137.43589743589743,11680.0,4,0,0.0,-400.0,4,0.0,72,90.55555555555556,-680.0,2026
GAP10_14__pair_worse_rank_band=15+__market_rank_band=21-25,GAP10_14,pair_worse_rank_band=15+;market_rank_band=21-25,False,21,0,0.0,-2100.0,0.0,0.0,0.0,0.0,2,0,0.0,0.0,21,0,0.0,-2100.0,312,137.43589743589743,11680.0,1,0,0.0,-100.0,1,0.0,69,94.4927536231884,-380.0,2027
GAP15_24__pair_worse_rank_band=15+__field_size_band=17+,GAP15_24,pair_worse_rank_band=15+;field_size_band=17+,False,21,0,0.0,-2100.0,0.0,0.0,0.0,0.0,4,0,0.0,0.0,21,0,0.0,-2100.0,312,137.43589743589743,11680.0,12,0,0.0,-1200.0,12,0.0,80,81.5,-1480.0,2028
GAP25P__field_size_band=15-16__surface=TURF,GAP25P,field_size_band=15-16;surface=TURF,False,21,0,0.0,-2100.0,0.0,0.0,0.0,0.0,5,0,0.0,0.0,21,0,0.0,-2100.0,312,137.43589743589743,11680.0,13,0,0.0,-1300.0,13,0.0,81,80.49382716049382,-1580.0,2029
GAP25P__field_size_band=15-16__model_rank_band=11-15,GAP25P,field_size_band=15-16;model_rank_band=11-15,False,21,0,0.0,-2100.0,0.0,0.0,0.0,0.0,1,0,0.0,0.0,21,0,0.0,-2100.0,312,137.43589743589743,11680.0,19,0,0.0,-1900.0,19,0.0,87,74.94252873563218,-2180.0,2030
GAP25P__odds_band=60-80__model_rank_band=1-3,GAP25P,odds_band=60-80;model_rank_band=1-3,False,21,0,0.0,-2100.0,0.0,0.0,0.0,0.0,5,0,0.0,0.0,21,0,0.0,-2100.0,312,137.43589743589743,11680.0,6,0,0.0,-600.0,6,0.0,74,88.10810810810811,-880.0,2031
GAP5P__market_rank_band=26-30__model_rank_band=4-5,GAP5P,market_rank_band=26-30;model_rank_band=4-5,False,33,0,0.0,-3300.0,0.0,0.0,0.0,0.0,8,12,36.36363636363637,4.123711340206185,21,0,0.0,-2100.0,312,137.43589743589743,11680.0,4,0,0.0,-400.0,2,0.0,70,93.14285714285714,-480.0,2032
GAP10P__market_rank_band=26-30__model_rank_band=4-5,GAP10P,market_rank_band=26-30;model_rank_band=4-5,False,33,0,0.0,-3300.0,0.0,0.0,0.0,0.0,8,12,36.36363636363637,4.123711340206185,21,0,0.0,-2100.0,312,137.43589743589743,11680.0,4,0,0.0,-400.0,2,0.0,70,93.14285714285714,-480.0,2033
GAP3_4__model_rank_band=9-10__l17_rank_band=61+,GAP3_4,model_rank_band=9-10;l17_rank_band=61+,False,20,0,0.0,-2000.0,0.0,0.0,0.0,0.0,4,0,0.0,0.0,20,0,0.0,-2000.0,311,137.87781350482314,11780.0,8,0,0.0,-800.0,8,0.0,76,85.78947368421052,-1080.0,2034
GAP7_9__field_size_band=17+__distance_band=2201+,GAP7_9,field_size_band=17+;distance_band=2201+,False,20,0,0.0,-2000.0,0.0,0.0,0.0,0.0,3,0,0.0,0.0,20,0,0.0,-2000.0,311,137.87781350482314,11780.0,4,0,0.0,-400.0,4,0.0,72,90.55555555555556,-680.0,2035
GAP7_9__odds_band=<20__field_size_band=15-16,GAP7_9,odds_band=<20;field_size_band=15-16,False,20,0,0.0,-2000.0,0.0,0.0,0.0,0.0,3,0,0.0,0.0,20,0,0.0,-2000.0,311,137.87781350482314,11780.0,3,0,0.0,-300.0,3,0.0,71,91.83098591549296,-580.0,2036
GAP15_24__field_size_band=<=12__surface=DIRT,GAP15_24,field_size_band=<=12;surface=DIRT,False,20,0,0.0,-2000.0,0.0,0.0,0.0,0.0,6,0,0.0,0.0,20,0,0.0,-2000.0,311,137.87781350482314,11780.0,3,0,0.0,-300.0,3,0.0,71,91.83098591549296,-580.0,2037
GAP15_24__field_size_band=13-14__l17_rank_band=31-40,GAP15_24,field_size_band=13-14;l17_rank_band=31-40,False,20,0,0.0,-2000.0,0.0,0.0,0.0,0.0,3,0,0.0,0.0,20,0,0.0,-2000.0,311,137.87781350482314,11780.0,2,0,0.0,-200.0,2,0.0,70,93.14285714285714,-480.0,2038
GAP25P__field_size_band=15-16__distance_band=1401-1800,GAP25P,field_size_band=15-16;distance_band=1401-1800,False,20,0,0.0,-2000.0,0.0,0.0,0.0,0.0,5,0,0.0,0.0,20,0,0.0,-2000.0,311,137.87781350482314,11780.0,9,0,0.0,-900.0,9,0.0,77,84.67532467532467,-1180.0,2039
GAP5P__odds_band=20-40__market_rank_band=21-25,GAP5P,odds_band=20-40;market_rank_band=21-25,False,20,0,0.0,-2000.0,0.0,0.0,0.0,0.0,3,0,0.0,0.0,20,0,0.0,-2000.0,311,137.87781350482314,11780.0,1,0,0.0,-100.0,1,0.0,69,94.4927536231884,-380.0,2040
GAP15_24__odds_band=20-40,GAP15_24,odds_band=20-40,False,24,0,0.0,-2400.0,0.0,0.0,0.0,0.0,6,4,16.666666666666668,1.3745704467353952,20,0,0.0,-2000.0,311,137.87781350482314,11780.0,2,0,0.0,-200.0,0,,68,95.88235294117646,-280.0,2041
GAP15_24__model_rank_band=9-10__l17_rank_band=21-30,GAP15_24,model_rank_band=9-10;l17_rank_band=21-30,False,25,0,0.0,-2500.0,0.0,0.0,0.0,0.0,5,5,20.0,1.7182130584192439,20,0,0.0,-2000.0,311,137.87781350482314,11780.0,1,0,0.0,-100.0,1,0.0,69,94.4927536231884,-380.0,2042
GAP5P__odds_band=100+__market_rank_band=31-40,GAP5P,odds_band=100+;market_rank_band=31-40,False,38,0,0.0,-3800.0,0.0,0.0,0.0,0.0,4,18,47.36842105263158,6.185567010309279,20,0,0.0,-2000.0,311,137.87781350482314,11780.0,32,0,0.0,-3200.0,24,0.0,92,70.8695652173913,-2680.0,2043
GAP10P__odds_band=100+__market_rank_band=31-40,GAP10P,odds_band=100+;market_rank_band=31-40,False,38,0,0.0,-3800.0,0.0,0.0,0.0,0.0,4,18,47.36842105263158,6.185567010309279,20,0,0.0,-2000.0,311,137.87781350482314,11780.0,32,0,0.0,-3200.0,24,0.0,92,70.8695652173913,-2680.0,2044
GAP15_24__pair_worse_rank_band=<=6__field_size_band=15-16,GAP15_24,pair_worse_rank_band=<=6;field_size_band=15-16,False,66,1,90.3030303030303,-640.0,0.0,100.0,0.0,161.0810810810811,11,46,69.6969696969697,15.807560137457045,20,0,0.0,-2000.0,311,137.87781350482314,11780.0,12,0,0.0,-1200.0,3,0.0,71,91.83098591549296,-580.0,2045
GAP5_6__odds_band=80-100__field_size_band=<=12,GAP5_6,odds_band=80-100;field_size_band=<=12,False,19,0,0.0,-1900.0,0.0,0.0,0.0,0.0,2,0,0.0,0.0,19,0,0.0,-1900.0,310,138.32258064516128,11880.0,5,0,0.0,-500.0,5,0.0,73,89.31506849315069,-780.0,2046
GAP7_9__pair_worse_rank_band=15+__market_rank_band=11-15,GAP7_9,pair_worse_rank_band=15+;market_rank_band=11-15,False,19,0,0.0,-1900.0,0.0,0.0,0.0,0.0,3,0,0.0,0.0,19,0,0.0,-1900.0,310,138.32258064516128,11880.0,6,0,0.0,-600.0,6,0.0,74,88.10810810810811,-880.0,2047
GAP10_14__market_rank_band=26-30__l17_rank_band=<=10,GAP10_14,market_rank_band=26-30;l17_rank_band=<=10,False,19,0,0.0,-1900.0,0.0,0.0,0.0,0.0,2,0,0.0,0.0,19,0,0.0,-1900.0,310,138.32258064516128,11880.0,4,1,1050.0,3800.0,4,1050.0,72,148.88888888888889,3520.0,2048
GAP15_24__field_size_band=<=12__distance_band=1401-1800,GAP15_24,field_size_band=<=12;distance_band=1401-1800,False,19,0,0.0,-1900.0,0.0,0.0,0.0,0.0,6,0,0.0,0.0,19,0,0.0,-1900.0,310,138.32258064516128,11880.0,4,0,0.0,-400.0,4,0.0,72,90.55555555555556,-680.0,2049
GAP15_24__field_size_band=<=12__market_rank_band=21-25,GAP15_24,field_size_band=<=12;market_rank_band=21-25,False,19,0,0.0,-1900.0,0.0,0.0,0.0,0.0,5,0,0.0,0.0,19,0,0.0,-1900.0,310,138.32258064516128,11880.0,0,0,,0.0,0,,68,95.88235294117646,-280.0,2050
GAP15_24__field_size_band=13-14__market_rank_band=16-20,GAP15_24,field_size_band=13-14;market_rank_band=16-20,False,19,0,0.0,-1900.0,0.0,0.0,0.0,0.0,3,0,0.0,0.0,19,0,0.0,-1900.0,310,138.32258064516128,11880.0,0,0,,0.0,0,,68,95.88235294117646,-280.0,2051
GAP25P__surface=DIRT__distance_band=<=1400,GAP25P,surface=DIRT;distance_band=<=1400,False,19,0,0.0,-1900.0,0.0,0.0,0.0,0.0,3,0,0.0,0.0,19,0,0.0,-1900.0,310,138.32258064516128,11880.0,11,0,0.0,-1100.0,11,0.0,79,82.53164556962025,-1380.0,2052
GAP25P__pair_worse_rank_band=7-10__field_size_band=15-16,GAP25P,pair_worse_rank_band=7-10;field_size_band=15-16,False,19,0,0.0,-1900.0,0.0,0.0,0.0,0.0,2,0,0.0,0.0,19,0,0.0,-1900.0,310,138.32258064516128,11880.0,3,0,0.0,-300.0,3,0.0,71,91.83098591549296,-580.0,2053
GAP25P__pair_worse_rank_band=7-10__market_rank_band=31-40,GAP25P,pair_worse_rank_band=7-10;market_rank_band=31-40,False,19,0,0.0,-1900.0,0.0,0.0,0.0,0.0,5,0,0.0,0.0,19,0,0.0,-1900.0,310,138.32258064516128,11880.0,3,0,0.0,-300.0,3,0.0,71,91.83098591549296,-580.0,2054
GAP25P__pair_worse_rank_band=11-14__market_rank_band=31-40,GAP25P,pair_worse_rank_band=11-14;market_rank_band=31-40,False,19,0,0.0,-1900.0,0.0,0.0,0.0,0.0,4,0,0.0,0.0,19,0,0.0,-1900.0,310,138.32258064516128,11880.0,17,0,0.0,-1700.0,17,0.0,85,76.70588235294117,-1980.0,2055
GAP5P__odds_band=100+__field_size_band=17+,GAP5P,odds_band=100+;field_size_band=17+,False,19,0,0.0,-1900.0,0.0,0.0,0.0,0.0,2,0,0.0,0.0,19,0,0.0,-1900.0,310,138.32258064516128,11880.0,21,0,0.0,-2100.0,21,0.0,89,73.25842696629213,-2380.0,2056
GAP10P__odds_band=20-40__model_rank_band=9-10,GAP10P,odds_band=20-40;model_rank_band=9-10,False,19,0,0.0,-1900.0,0.0,0.0,0.0,0.0,5,0,0.0,0.0,19,0,0.0,-1900.0,310,138.32258064516128,11880.0,1,0,0.0,-100.0,1,0.0,69,94.4927536231884,-380.0,2057
GAP5P__pair_worse_rank_band=15+__market_rank_band=26-30,GAP5P,pair_worse_rank_band=15+;market_rank_band=26-30,False,25,0,0.0,-2500.0,0.0,0.0,0.0,0.0,5,6,24.0,2.0618556701030926,19,0,0.0,-1900.0,310,138.32258064516128,11880.0,11,0,0.0,-1100.0,9,0.0,77,84.67532467532467,-1180.0,2058
GAP10P__pair_worse_rank_band=15+__market_rank_band=26-30,GAP10P,pair_worse_rank_band=15+;market_rank_band=26-30,False,25,0,0.0,-2500.0,0.0,0.0,0.0,0.0,5,6,24.0,2.0618556701030926,19,0,0.0,-1900.0,310,138.32258064516128,11880.0,11,0,0.0,-1100.0,9,0.0,77,84.67532467532467,-1180.0,2059
GAP15_24__model_rank_band=1-3__l17_rank_band=61+,GAP15_24,model_rank_band=1-3;l17_rank_band=61+,False,27,1,181.11111111111111,2190.0,0.0,100.0,0.0,489.0,7,8,29.62962962962963,2.7491408934707904,19,0,0.0,-1900.0,310,138.32258064516128,11880.0,3,0,0.0,-300.0,2,0.0,70,93.14285714285714,-480.0,2060
GAP15_24__market_rank_band=31-40__l17_rank_band=61+,GAP15_24,market_rank_band=31-40;l17_rank_band=61+,False,37,1,252.43243243243242,5640.0,0.0,100.0,0.0,778.3333333333334,8,18,48.648648648648646,6.185567010309279,19,0,0.0,-1900.0,310,138.32258064516128,11880.0,30,0,0.0,-3000.0,18,0.0,86,75.81395348837209,-2080.0,2061
GAP5_6__market_rank_band=21-25__l17_rank_band=<=10,GAP5_6,market_rank_band=21-25;l17_rank_band=<=10,False,18,0,0.0,-1800.0,0.0,0.0,0.0,0.0,2,0,0.0,0.0,18,0,0.0,-1800.0,309,138.77022653721684,11980.0,2,0,0.0,-200.0,2,0.0,70,93.14285714285714,-480.0,2062
GAP5_6__model_rank_band=9-10__l17_rank_band=61+,GAP5_6,model_rank_band=9-10;l17_rank_band=61+,False,18,0,0.0,-1800.0,0.0,0.0,0.0,0.0,2,0,0.0,0.0,18,0,0.0,-1800.0,309,138.77022653721684,11980.0,5,0,0.0,-500.0,5,0.0,73,89.31506849315069,-780.0,2063
GAP10_14__odds_band=20-40__model_rank_band=9-10,GAP10_14,odds_band=20-40;model_rank_band=9-10,False,18,0,0.0,-1800.0,0.0,0.0,0.0,0.0,4,0,0.0,0.0,18,0,0.0,-1800.0,309,138.77022653721684,11980.0,1,0,0.0,-100.0,1,0.0,69,94.4927536231884,-380.0,2064
GAP15_24__field_size_band=13-14__model_rank_band=9-10,GAP15_24,field_size_band=13-14;model_rank_band=9-10,False,18,0,0.0,-1800.0,0.0,0.0,0.0,0.0,2,0,0.0,0.0,18,0,0.0,-1800.0,309,138.77022653721684,11980.0,4,0,0.0,-400.0,4,0.0,72,90.55555555555556,-680.0,2065
GAP25P__field_size_band=17+,GAP25P,field_size_band=17+,False,18,0,0.0,-1800.0,0.0,0.0,0.0,0.0,4,0,0.0,0.0,18,0,0.0,-1800.0,309,138.77022653721684,11980.0,19,0,0.0,-1900.0,19,0.0,87,74.94252873563218,-2180.0,2066
GAP25P__field_size_band=17+__surface=TURF,GAP25P,field_size_band=17+;surface=TURF,False,18,0,0.0,-1800.0,0.0,0.0,0.0,0.0,4,0,0.0,0.0,18,0,0.0,-1800.0,309,138.77022653721684,11980.0,19,0,0.0,-1900.0,19,0.0,87,74.94252873563218,-2180.0,2067
GAP5P__market_rank_band=31-40__l17_rank_band=21-30,GAP5P,market_rank_band=31-40;l17_rank_band=21-30,False,22,0,0.0,-2200.0,0.0,0.0,0.0,0.0,5,4,18.181818181818183,1.3745704467353952,18,0,0.0,-1800.0,309,138.77022653721684,11980.0,5,1,1304.0,6020.0,3,0.0,71,91.83098591549296,-580.0,2068
GAP10P__market_rank_band=31-40__l17_rank_band=21-30,GAP10P,market_rank_band=31-40;l17_rank_band=21-30,False,22,0,0.0,-2200.0,0.0,0.0,0.0,0.0,5,4,18.181818181818183,1.3745704467353952,18,0,0.0,-1800.0,309,138.77022653721684,11980.0,5,1,1304.0,6020.0,3,0.0,71,91.83098591549296,-580.0,2069
GAP10P__field_size_band=15-16__distance_band=2201+,GAP10P,field_size_band=15-16;distance_band=2201+,False,23,0,0.0,-2300.0,0.0,0.0,0.0,0.0,6,5,21.73913043478261,1.7182130584192439,18,0,0.0,-1800.0,309,138.77022653721684,11980.0,6,0,0.0,-600.0,3,0.0,71,91.83098591549296,-580.0,2070
GAP3_4__odds_band=100+__field_size_band=15-16,GAP3_4,odds_band=100+;field_size_band=15-16,False,17,0,0.0,-1700.0,0.0,0.0,0.0,0.0,5,0,0.0,0.0,17,0,0.0,-1700.0,308,139.2207792207792,12080.0,0,0,,0.0,0,,68,95.88235294117646,-280.0,2071
GAP3_4__odds_band=<20__market_rank_band=11-15,GAP3_4,odds_band=<20;market_rank_band=11-15,False,17,0,0.0,-1700.0,0.0,0.0,0.0,0.0,4,0,0.0,0.0,17,0,0.0,-1700.0,308,139.2207792207792,12080.0,3,0,0.0,-300.0,3,0.0,71,91.83098591549296,-580.0,2072
GAP3_4__odds_band=80-100__market_rank_band=11-15,GAP3_4,odds_band=80-100;market_rank_band=11-15,False,17,0,0.0,-1700.0,0.0,0.0,0.0,0.0,4,0,0.0,0.0,17,0,0.0,-1700.0,308,139.2207792207792,12080.0,2,0,0.0,-200.0,2,0.0,70,93.14285714285714,-480.0,2073
GAP5_6__odds_band=100+__market_rank_band=21-25,GAP5_6,odds_band=100+;market_rank_band=21-25,False,17,0,0.0,-1700.0,0.0,0.0,0.0,0.0,1,0,0.0,0.0,17,0,0.0,-1700.0,308,139.2207792207792,12080.0,0,0,,0.0,0,,68,95.88235294117646,-280.0,2074
GAP5_6__odds_band=60-80__model_rank_band=9-10,GAP5_6,odds_band=60-80;model_rank_band=9-10,False,17,0,0.0,-1700.0,0.0,0.0,0.0,0.0,1,0,0.0,0.0,17,0,0.0,-1700.0,308,139.2207792207792,12080.0,1,0,0.0,-100.0,1,0.0,69,94.4927536231884,-380.0,2075
GAP15_24__field_size_band=<=12__distance_band=<=1400,GAP15_24,field_size_band=<=12;distance_band=<=1400,False,17,0,0.0,-1700.0,0.0,0.0,0.0,0.0,4,0,0.0,0.0,17,0,0.0,-1700.0,308,139.2207792207792,12080.0,1,0,0.0,-100.0,1,0.0,69,94.4927536231884,-380.0,2076
GAP5P__odds_band=<20__market_rank_band=11-15,GAP5P,odds_band=<20;market_rank_band=11-15,False,17,0,0.0,-1700.0,0.0,0.0,0.0,0.0,5,0,0.0,0.0,17,0,0.0,-1700.0,308,139.2207792207792,12080.0,3,0,0.0,-300.0,3,0.0,71,91.83098591549296,-580.0,2077
GAP5P__market_rank_band=31-40__model_rank_band=6-8,GAP5P,market_rank_band=31-40;model_rank_band=6-8,False,19,0,0.0,-1900.0,0.0,0.0,0.0,0.0,5,2,10.526315789473685,0.6872852233676976,17,0,0.0,-1700.0,308,139.2207792207792,12080.0,4,0,0.0,-400.0,2,0.0,70,93.14285714285714,-480.0,2078
GAP10P__market_rank_band=31-40__model_rank_band=6-8,GAP10P,market_rank_band=31-40;model_rank_band=6-8,False,19,0,0.0,-1900.0,0.0,0.0,0.0,0.0,5,2,10.526315789473685,0.6872852233676976,17,0,0.0,-1700.0,308,139.2207792207792,12080.0,4,0,0.0,-400.0,2,0.0,70,93.14285714285714,-480.0,2079
GAP15_24__market_rank_band=26-30__l17_rank_band=<=10,GAP15_24,market_rank_band=26-30;l17_rank_band=<=10,False,28,0,0.0,-2800.0,0.0,0.0,0.0,0.0,2,11,39.285714285714285,3.7800687285223367,17,0,0.0,-1700.0,308,139.2207792207792,12080.0,11,0,0.0,-1100.0,6,0.0,74,88.10810810810811,-880.0,2080
GAP15_24__model_rank_band=9-10__l17_rank_band=41-60,GAP15_24,model_rank_band=9-10;l17_rank_band=41-60,False,33,0,0.0,-3300.0,0.0,0.0,0.0,0.0,7,16,48.484848484848484,5.498281786941581,17,0,0.0,-1700.0,308,139.2207792207792,12080.0,8,0,0.0,-800.0,6,0.0,74,88.10810810810811,-880.0,2081
GAP15_24__field_size_band=15-16__model_rank_band=6-8,GAP15_24,field_size_band=15-16;model_rank_band=6-8,False,81,0,0.0,-8100.0,0.0,0.0,0.0,0.0,24,64,79.01234567901234,21.993127147766323,17,0,0.0,-1700.0,308,139.2207792207792,12080.0,14,0,0.0,-1400.0,3,0.0,71,91.83098591549296,-580.0,2082
GAP0_2__model_rank_band=4-5__l17_rank_band=61+,GAP0_2,model_rank_band=4-5;l17_rank_band=61+,False,16,0,0.0,-1600.0,0.0,0.0,0.0,0.0,3,0,0.0,0.0,16,0,0.0,-1600.0,307,139.6742671009772,12180.0,5,0,0.0,-500.0,5,0.0,73,89.31506849315069,-780.0,2083
GAP0_2__pair_worse_rank_band=15+__market_rank_band=16-20,GAP0_2,pair_worse_rank_band=15+;market_rank_band=16-20,False,16,0,0.0,-1600.0,0.0,0.0,0.0,0.0,3,0,0.0,0.0,16,0,0.0,-1600.0,307,139.6742671009772,12180.0,9,0,0.0,-900.0,9,0.0,77,84.67532467532467,-1180.0,2084
GAP5_6__odds_band=80-100__market_rank_band=21-25,GAP5_6,odds_band=80-100;market_rank_band=21-25,False,16,0,0.0,-1600.0,0.0,0.0,0.0,0.0,2,0,0.0,0.0,16,0,0.0,-1600.0,307,139.6742671009772,12180.0,1,0,0.0,-100.0,1,0.0,69,94.4927536231884,-380.0,2085
GAP10_14__model_rank_band=4-5__l17_rank_band=61+,GAP10_14,model_rank_band=4-5;l17_rank_band=61+,False,16,0,0.0,-1600.0,0.0,0.0,0.0,0.0,3,0,0.0,0.0,16,0,0.0,-1600.0,307,139.6742671009772,12180.0,4,0,0.0,-400.0,4,0.0,72,90.55555555555556,-680.0,2086
GAP15_24__field_size_band=13-14__distance_band=2201+,GAP15_24,field_size_band=13-14;distance_band=2201+,False,16,0,0.0,-1600.0,0.0,0.0,0.0,0.0,1,0,0.0,0.0,16,0,0.0,-1600.0,307,139.6742671009772,12180.0,3,0,0.0,-300.0,3,0.0,71,91.83098591549296,-580.0,2087
GAP15_24__pair_worse_rank_band=<=6__field_size_band=<=12,GAP15_24,pair_worse_rank_band=<=6;field_size_band=<=12,False,16,0,0.0,-1600.0,0.0,0.0,0.0,0.0,3,0,0.0,0.0,16,0,0.0,-1600.0,307,139.6742671009772,12180.0,2,0,0.0,-200.0,2,0.0,70,93.14285714285714,-480.0,2088
GAP25P__odds_band=40-60,GAP25P,odds_band=40-60,False,16,0,0.0,-1600.0,0.0,0.0,0.0,0.0,1,0,0.0,0.0,16,0,0.0,-1600.0,307,139.6742671009772,12180.0,1,0,0.0,-100.0,1,0.0,69,94.4927536231884,-380.0,2089
GAP25P__market_rank_band=31-40__model_rank_band=11-15,GAP25P,market_rank_band=31-40;model_rank_band=11-15,False,16,0,0.0,-1600.0,0.0,0.0,0.0,0.0,2,0,0.0,0.0,16,0,0.0,-1600.0,307,139.6742671009772,12180.0,8,0,0.0,-800.0,8,0.0,76,85.78947368421052,-1080.0,2090
GAP25P__pair_worse_rank_band=7-10__market_rank_band=26-30,GAP25P,pair_worse_rank_band=7-10;market_rank_band=26-30,False,16,0,0.0,-1600.0,0.0,0.0,0.0,0.0,4,0,0.0,0.0,16,0,0.0,-1600.0,307,139.6742671009772,12180.0,1,0,0.0,-100.0,1,0.0,69,94.4927536231884,-380.0,2091
GAP10P__pair_worse_rank_band=11-14__field_size_band=<=12,GAP10P,pair_worse_rank_band=11-14;field_size_band=<=12,False,16,0,0.0,-1600.0,0.0,0.0,0.0,0.0,2,0,0.0,0.0,16,0,0.0,-1600.0,307,139.6742671009772,12180.0,6,0,0.0,-600.0,6,0.0,74,88.10810810810811,-880.0,2092
GAP5P__odds_band=100+__market_rank_band=26-30,GAP5P,odds_band=100+;market_rank_band=26-30,False,17,0,0.0,-1700.0,0.0,0.0,0.0,0.0,2,1,5.882352941176471,0.3436426116838488,16,0,0.0,-1600.0,307,139.6742671009772,12180.0,9,0,0.0,-900.0,4,0.0,72,90.55555555555556,-680.0,2093
GAP10P__odds_band=100+__market_rank_band=26-30,GAP10P,odds_band=100+;market_rank_band=26-30,False,17,0,0.0,-1700.0,0.0,0.0,0.0,0.0,2,1,5.882352941176471,0.3436426116838488,16,0,0.0,-1600.0,307,139.6742671009772,12180.0,9,0,0.0,-900.0,4,0.0,72,90.55555555555556,-680.0,2094
GAP15_24__odds_band=20-40__market_rank_band=16-20,GAP15_24,odds_band=20-40;market_rank_band=16-20,False,20,0,0.0,-2000.0,0.0,0.0,0.0,0.0,6,4,20.0,1.3745704467353952,16,0,0.0,-1600.0,307,139.6742671009772,12180.0,2,0,0.0,-200.0,0,,68,95.88235294117646,-280.0,2095
GAP15_24__model_rank_band=6-8__l17_rank_band=61+,GAP15_24,model_rank_band=6-8;l17_rank_band=61+,False,28,0,0.0,-2800.0,0.0,0.0,0.0,0.0,6,12,42.857142857142854,4.123711340206185,16,0,0.0,-1600.0,307,139.6742671009772,12180.0,9,0,0.0,-900.0,4,0.0,72,90.55555555555556,-680.0,2096
GAP15_24__market_rank_band=31-40__l17_rank_band=41-60,GAP15_24,market_rank_band=31-40;l17_rank_band=41-60,False,32,0,0.0,-3200.0,0.0,0.0,0.0,0.0,7,16,50.0,5.498281786941581,16,0,0.0,-1600.0,307,139.6742671009772,12180.0,16,0,0.0,-1600.0,11,0.0,79,82.53164556962025,-1380.0,2097
GAP15_24__field_size_band=15-16__l17_rank_band=41-60,GAP15_24,field_size_band=15-16;l17_rank_band=41-60,False,89,1,45.73033707865169,-4830.0,0.0,100.0,0.0,254.375,16,73,82.02247191011236,25.085910652920962,16,0,0.0,-1600.0,307,139.6742671009772,12180.0,16,0,0.0,-1600.0,3,0.0,71,91.83098591549296,-580.0,2098
GAP7_9__odds_band=80-100__field_size_band=17+,GAP7_9,odds_band=80-100;field_size_band=17+,False,15,0,0.0,-1500.0,0.0,0.0,0.0,0.0,3,0,0.0,0.0,15,0,0.0,-1500.0,306,140.13071895424838,12280.0,1,0,0.0,-100.0,1,0.0,69,94.4927536231884,-380.0,2099
GAP10_14__odds_band=100+__market_rank_band=26-30,GAP10_14,odds_band=100+;market_rank_band=26-30,False,15,0,0.0,-1500.0,0.0,0.0,0.0,0.0,2,0,0.0,0.0,15,0,0.0,-1500.0,306,140.13071895424838,12280.0,3,0,0.0,-300.0,3,0.0,71,91.83098591549296,-580.0,2100
GAP15_24__field_size_band=17+__distance_band=1801-2200,GAP15_24,field_size_band=17+;distance_band=1801-2200,False,15,0,0.0,-1500.0,0.0,0.0,0.0,0.0,1,0,0.0,0.0,15,0,0.0,-1500.0,306,140.13071895424838,12280.0,9,0,0.0,-900.0,9,0.0,77,84.67532467532467,-1180.0,2101
GAP15_24__field_size_band=<=12__model_rank_band=4-5,GAP15_24,field_size_band=<=12;model_rank_band=4-5,False,15,0,0.0,-1500.0,0.0,0.0,0.0,0.0,4,0,0.0,0.0,15,0,0.0,-1500.0,306,140.13071895424838,12280.0,0,0,,0.0,0,,68,95.88235294117646,-280.0,2102
GAP15_24__odds_band=60-80__field_size_band=<=12,GAP15_24,odds_band=60-80;field_size_band=<=12,False,15,0,0.0,-1500.0,0.0,0.0,0.0,0.0,3,0,0.0,0.0,15,0,0.0,-1500.0,306,140.13071895424838,12280.0,2,0,0.0,-200.0,2,0.0,70,93.14285714285714,-480.0,2103
GAP25P__model_rank_band=4-5,GAP25P,model_rank_band=4-5,False,15,0,0.0,-1500.0,0.0,0.0,0.0,0.0,4,0,0.0,0.0,15,0,0.0,-1500.0,306,140.13071895424838,12280.0,7,0,0.0,-700.0,7,0.0,75,86.93333333333334,-980.0,2104
GAP25P__l17_rank_band=41-60,GAP25P,l17_rank_band=41-60,False,15,0,0.0,-1500.0,0.0,0.0,0.0,0.0,4,0,0.0,0.0,15,0,0.0,-1500.0,306,140.13071895424838,12280.0,10,0,0.0,-1000.0,10,0.0,78,83.58974358974359,-1280.0,2105
GAP25P__odds_band=40-60__market_rank_band=26-30,GAP25P,odds_band=40-60;market_rank_band=26-30,False,15,0,0.0,-1500.0,0.0,0.0,0.0,0.0,1,0,0.0,0.0,15,0,0.0,-1500.0,306,140.13071895424838,12280.0,1,0,0.0,-100.0,1,0.0,69,94.4927536231884,-380.0,2106
GAP25P__odds_band=60-80__market_rank_band=26-30,GAP25P,odds_band=60-80;market_rank_band=26-30,False,15,0,0.0,-1500.0,0.0,0.0,0.0,0.0,4,0,0.0,0.0,15,0,0.0,-1500.0,306,140.13071895424838,12280.0,4,0,0.0,-400.0,4,0.0,72,90.55555555555556,-680.0,2107
GAP15_24__market_rank_band=16-20__l17_rank_band=11-20,GAP15_24,market_rank_band=16-20;l17_rank_band=11-20,False,19,0,0.0,-1900.0,0.0,0.0,0.0,0.0,5,4,21.05263157894737,1.3745704467353952,15,0,0.0,-1500.0,306,140.13071895424838,12280.0,0,0,,0.0,0,,68,95.88235294117646,-280.0,2108
GAP15_24__model_rank_band=4-5__l17_rank_band=21-30,GAP15_24,model_rank_band=4-5;l17_rank_band=21-30,False,23,0,0.0,-2300.0,0.0,0.0,0.0,0.0,2,8,34.78260869565217,2.7491408934707904,15,0,0.0,-1500.0,306,140.13071895424838,12280.0,1,0,0.0,-100.0,1,0.0,69,94.4927536231884,-380.0,2109
GAP15_24__market_rank_band=26-30__model_rank_band=4-5,GAP15_24,market_rank_band=26-30;model_rank_band=4-5,False,27,0,0.0,-2700.0,0.0,0.0,0.0,0.0,6,12,44.44444444444444,4.123711340206185,15,0,0.0,-1500.0,306,140.13071895424838,12280.0,4,0,0.0,-400.0,2,0.0,70,93.14285714285714,-480.0,2110
GAP15_24__odds_band=80-100__market_rank_band=31-40,GAP15_24,odds_band=80-100;market_rank_band=31-40,False,28,1,333.57142857142856,6540.0,0.0,100.0,0.0,444.76190476190476,1,13,46.42857142857143,4.4673539518900345,15,0,0.0,-1500.0,306,140.13071895424838,12280.0,19,0,0.0,-1900.0,13,0.0,81,80.49382716049382,-1580.0,2111
GAP0_2__field_size_band=13-14__l17_rank_band=61+,GAP0_2,field_size_band=13-14;l17_rank_band=61+,False,14,0,0.0,-1400.0,0.0,0.0,0.0,0.0,4,0,0.0,0.0,14,0,0.0,-1400.0,305,140.59016393442624,12380.0,5,1,900.0,4000.0,5,900.0,73,150.95890410958904,3720.0,2112
GAP0_2__odds_band=60-80__model_rank_band=6-8,GAP0_2,odds_band=60-80;model_rank_band=6-8,False,14,0,0.0,-1400.0,0.0,0.0,0.0,0.0,3,0,0.0,0.0,14,0,0.0,-1400.0,305,140.59016393442624,12380.0,6,0,0.0,-600.0,6,0.0,74,88.10810810810811,-880.0,2113
GAP3_4__model_rank_band=4-5__l17_rank_band=61+,GAP3_4,model_rank_band=4-5;l17_rank_band=61+,False,14,0,0.0,-1400.0,0.0,0.0,0.0,0.0,4,0,0.0,0.0,14,0,0.0,-1400.0,305,140.59016393442624,12380.0,3,0,0.0,-300.0,3,0.0,71,91.83098591549296,-580.0,2114
GAP10_14__pair_worse_rank_band=11-14__field_size_band=<=12,GAP10_14,pair_worse_rank_band=11-14;field_size_band=<=12,False,14,0,0.0,-1400.0,0.0,0.0,0.0,0.0,2,0,0.0,0.0,14,0,0.0,-1400.0,305,140.59016393442624,12380.0,4,0,0.0,-400.0,4,0.0,72,90.55555555555556,-680.0,2115
GAP15_24__field_size_band=13-14__distance_band=1801-2200,GAP15_24,field_size_band=13-14;distance_band=1801-2200,False,14,0,0.0,-1400.0,0.0,0.0,0.0,0.0,2,0,0.0,0.0,14,0,0.0,-1400.0,305,140.59016393442624,12380.0,3,0,0.0,-300.0,3,0.0,71,91.83098591549296,-580.0,2116
GAP15_24__field_size_band=<=12__model_rank_band=11-15,GAP15_24,field_size_band=<=12;model_rank_band=11-15,False,14,0,0.0,-1400.0,0.0,0.0,0.0,0.0,3,0,0.0,0.0,14,0,0.0,-1400.0,305,140.59016393442624,12380.0,7,0,0.0,-700.0,7,0.0,75,86.93333333333334,-980.0,2117
GAP25P__model_rank_band=6-8,GAP25P,model_rank_band=6-8,False,14,0,0.0,-1400.0,0.0,0.0,0.0,0.0,3,0,0.0,0.0,14,0,0.0,-1400.0,305,140.59016393442624,12380.0,5,0,0.0,-500.0,5,0.0,73,89.31506849315069,-780.0,2118
GAP25P__field_size_band=17+__distance_band=<=1400,GAP25P,field_size_band=17+;distance_band=<=1400,False,14,0,0.0,-1400.0,0.0,0.0,0.0,0.0,4,0,0.0,0.0,14,0,0.0,-1400.0,305,140.59016393442624,12380.0,9,0,0.0,-900.0,9,0.0,77,84.67532467532467,-1180.0,2119
GAP25P__field_size_band=15-16__model_rank_band=1-3,GAP25P,field_size_band=15-16;model_rank_band=1-3,False,14,0,0.0,-1400.0,0.0,0.0,0.0,0.0,3,0,0.0,0.0,14,0,0.0,-1400.0,305,140.59016393442624,12380.0,4,0,0.0,-400.0,4,0.0,72,90.55555555555556,-680.0,2120
GAP25P__surface=TURF__distance_band=1401-1800,GAP25P,surface=TURF;distance_band=1401-1800,False,14,0,0.0,-1400.0,0.0,0.0,0.0,0.0,2,0,0.0,0.0,14,0,0.0,-1400.0,305,140.59016393442624,12380.0,8,0,0.0,-800.0,8,0.0,76,85.78947368421052,-1080.0,2121
GAP25P__market_rank_band=31-40__model_rank_band=1-3,GAP25P,market_rank_band=31-40;model_rank_band=1-3,False,14,0,0.0,-1400.0,0.0,0.0,0.0,0.0,2,0,0.0,0.0,14,0,0.0,-1400.0,305,140.59016393442624,12380.0,8,0,0.0,-800.0,8,0.0,76,85.78947368421052,-1080.0,2122
GAP25P__odds_band=40-60__model_rank_band=1-3,GAP25P,odds_band=40-60;model_rank_band=1-3,False,14,0,0.0,-1400.0,0.0,0.0,0.0,0.0,1,0,0.0,0.0,14,0,0.0,-1400.0,305,140.59016393442624,12380.0,1,0,0.0,-100.0,1,0.0,69,94.4927536231884,-380.0,2123
GAP5P__market_rank_band=31-40__model_rank_band=1-3,GAP5P,market_rank_band=31-40;model_rank_band=1-3,False,14,0,0.0,-1400.0,0.0,0.0,0.0,0.0,2,0,0.0,0.0,14,0,0.0,-1400.0,305,140.59016393442624,12380.0,8,0,0.0,-800.0,8,0.0,76,85.78947368421052,-1080.0,2124
GAP10P__market_rank_band=31-40__model_rank_band=1-3,GAP10P,market_rank_band=31-40;model_rank_band=1-3,False,14,0,0.0,-1400.0,0.0,0.0,0.0,0.0,2,0,0.0,0.0,14,0,0.0,-1400.0,305,140.59016393442624,12380.0,8,0,0.0,-800.0,8,0.0,76,85.78947368421052,-1080.0,2125
GAP15_24__odds_band=20-40__model_rank_band=1-3,GAP15_24,odds_band=20-40;model_rank_band=1-3,False,16,0,0.0,-1600.0,0.0,0.0,0.0,0.0,4,2,12.5,0.6872852233676976,14,0,0.0,-1400.0,305,140.59016393442624,12380.0,2,0,0.0,-200.0,0,,68,95.88235294117646,-280.0,2126
GAP15_24__model_rank_band=9-10__l17_rank_band=31-40,GAP15_24,model_rank_band=9-10;l17_rank_band=31-40,False,23,1,270.4347826086956,3920.0,0.0,100.0,0.0,622.0,5,9,39.130434782608695,3.0927835051546393,14,0,0.0,-1400.0,305,140.59016393442624,12380.0,3,0,0.0,-300.0,1,0.0,69,94.4927536231884,-380.0,2127
GAP15_24__market_rank_band=21-25__l17_rank_band=31-40,GAP15_24,market_rank_band=21-25;l17_rank_band=31-40,False,33,1,171.5151515151515,2360.0,0.0,100.0,0.0,435.38461538461536,4,19,57.57575757575758,6.529209621993127,14,0,0.0,-1400.0,305,140.59016393442624,12380.0,2,0,0.0,-200.0,1,0.0,69,94.4927536231884,-380.0,2128
GAP0_2__odds_band=80-100__model_rank_band=9-10,GAP0_2,odds_band=80-100;model_rank_band=9-10,False,13,0,0.0,-1300.0,0.0,0.0,0.0,0.0,3,0,0.0,0.0,13,0,0.0,-1300.0,304,141.05263157894737,12480.0,4,0,0.0,-400.0,4,0.0,72,90.55555555555556,-680.0,2129
GAP0_2__odds_band=100+__model_rank_band=9-10,GAP0_2,odds_band=100+;model_rank_band=9-10,False,13,0,0.0,-1300.0,0.0,0.0,0.0,0.0,2,0,0.0,0.0,13,0,0.0,-1300.0,304,141.05263157894737,12480.0,6,0,0.0,-600.0,6,0.0,74,88.10810810810811,-880.0,2130
GAP3_4__field_size_band=13-14__l17_rank_band=61+,GAP3_4,field_size_band=13-14;l17_rank_band=61+,False,13,0,0.0,-1300.0,0.0,0.0,0.0,0.0,1,0,0.0,0.0,13,0,0.0,-1300.0,304,141.05263157894737,12480.0,1,0,0.0,-100.0,1,0.0,69,94.4927536231884,-380.0,2131
GAP5_6__field_size_band=13-14__l17_rank_band=61+,GAP5_6,field_size_band=13-14;l17_rank_band=61+,False,13,0,0.0,-1300.0,0.0,0.0,0.0,0.0,1,0,0.0,0.0,13,0,0.0,-1300.0,304,141.05263157894737,12480.0,1,0,0.0,-100.0,1,0.0,69,94.4927536231884,-380.0,2132
GAP5_6__odds_band=100+__field_size_band=15-16,GAP5_6,odds_band=100+;field_size_band=15-16,False,13,0,0.0,-1300.0,0.0,0.0,0.0,0.0,1,0,0.0,0.0,13,0,0.0,-1300.0,304,141.05263157894737,12480.0,1,0,0.0,-100.0,1,0.0,69,94.4927536231884,-380.0,2133
GAP7_9__odds_band=80-100__field_size_band=13-14,GAP7_9,odds_band=80-100;field_size_band=13-14,False,13,0,0.0,-1300.0,0.0,0.0,0.0,0.0,2,0,0.0,0.0,13,0,0.0,-1300.0,304,141.05263157894737,12480.0,6,1,1650.0,9300.0,6,1650.0,74,221.8918918918919,9020.0,2134
GAP15_24__field_size_band=<=12__l17_rank_band=21-30,GAP15_24,field_size_band=<=12;l17_rank_band=21-30,False,13,0,0.0,-1300.0,0.0,0.0,0.0,0.0,4,0,0.0,0.0,13,0,0.0,-1300.0,304,141.05263157894737,12480.0,1,0,0.0,-100.0,1,0.0,69,94.4927536231884,-380.0,2135
GAP25P__pair_worse_rank_band=<=6,GAP25P,pair_worse_rank_band=<=6,False,13,0,0.0,-1300.0,0.0,0.0,0.0,0.0,2,0,0.0,0.0,13,0,0.0,-1300.0,304,141.05263157894737,12480.0,0,0,,0.0,0,,68,95.88235294117646,-280.0,2136
GAP25P__surface=DIRT__distance_band=1401-1800,GAP25P,surface=DIRT;distance_band=1401-1800,False,13,0,0.0,-1300.0,0.0,0.0,0.0,0.0,4,0,0.0,0.0,13,0,0.0,-1300.0,304,141.05263157894737,12480.0,9,0,0.0,-900.0,9,0.0,77,84.67532467532467,-1180.0,2137
GAP25P__market_rank_band=31-40__model_rank_band=6-8,GAP25P,market_rank_band=31-40;model_rank_band=6-8,False,13,0,0.0,-1300.0,0.0,0.0,0.0,0.0,2,0,0.0,0.0,13,0,0.0,-1300.0,304,141.05263157894737,12480.0,2,0,0.0,-200.0,2,0.0,70,93.14285714285714,-480.0,2138
GAP25P__model_rank_band=1-3__l17_rank_band=61+,GAP25P,model_rank_band=1-3;l17_rank_band=61+,False,13,0,0.0,-1300.0,0.0,0.0,0.0,0.0,2,0,0.0,0.0,13,0,0.0,-1300.0,304,141.05263157894737,12480.0,14,0,0.0,-1400.0,14,0.0,82,79.51219512195122,-1680.0,2139
GAP15_24__market_rank_band=16-20__l17_rank_band=61+,GAP15_24,market_rank_band=16-20;l17_rank_band=61+,False,17,1,287.6470588235294,3190.0,0.0,100.0,0.0,815.0,4,4,23.529411764705884,1.3745704467353952,13,0,0.0,-1300.0,304,141.05263157894737,12480.0,1,0,0.0,-100.0,0,,68,95.88235294117646,-280.0,2140
GAP15_24__market_rank_band=16-20__l17_rank_band=41-60,GAP15_24,market_rank_band=16-20;l17_rank_band=41-60,False,19,1,214.21052631578948,2170.0,0.0,100.0,0.0,2035.0,2,6,31.57894736842105,2.0618556701030926,13,0,0.0,-1300.0,304,141.05263157894737,12480.0,3,0,0.0,-300.0,0,,68,95.88235294117646,-280.0,2141
GAP5P__market_rank_band=31-40__l17_rank_band=31-40,GAP5P,market_rank_band=31-40;l17_rank_band=31-40,False,21,0,0.0,-2100.0,0.0,0.0,0.0,0.0,3,8,38.095238095238095,2.7491408934707904,13,0,0.0,-1300.0,304,141.05263157894737,12480.0,3,0,0.0,-300.0,1,0.0,69,94.4927536231884,-380.0,2142
GAP10P__market_rank_band=31-40__l17_rank_band=31-40,GAP10P,market_rank_band=31-40;l17_rank_band=31-40,False,21,0,0.0,-2100.0,0.0,0.0,0.0,0.0,3,8,38.095238095238095,2.7491408934707904,13,0,0.0,-1300.0,304,141.05263157894737,12480.0,3,0,0.0,-300.0,1,0.0,69,94.4927536231884,-380.0,2143
GAP3_4__odds_band=80-100__field_size_band=13-14,GAP3_4,odds_band=80-100;field_size_band=13-14,False,12,0,0.0,-1200.0,0.0,0.0,0.0,0.0,2,0,0.0,0.0,12,0,0.0,-1200.0,303,141.5181518151815,12580.0,4,0,0.0,-400.0,4,0.0,72,90.55555555555556,-680.0,2144
GAP15_24__field_size_band=17+__l17_rank_band=<=10,GAP15_24,field_size_band=17+;l17_rank_band=<=10,False,12,0,0.0,-1200.0,0.0,0.0,0.0,0.0,2,0,0.0,0.0,12,0,0.0,-1200.0,303,141.5181518151815,12580.0,3,0,0.0,-300.0,3,0.0,71,91.83098591549296,-580.0,2145
GAP10P__odds_band=20-40__market_rank_band=21-25,GAP10P,odds_band=20-40;market_rank_band=21-25,False,12,0,0.0,-1200.0,0.0,0.0,0.0,0.0,1,0,0.0,0.0,12,0,0.0,-1200.0,303,141.5181518151815,12580.0,1,0,0.0,-100.0,1,0.0,69,94.4927536231884,-380.0,2146
GAP15_24__market_rank_band=21-25__l17_rank_band=<=10,GAP15_24,market_rank_band=21-25;l17_rank_band=<=10,False,14,0,0.0,-1400.0,0.0,0.0,0.0,0.0,1,2,14.285714285714286,0.6872852233676976,12,0,0.0,-1200.0,303,141.5181518151815,12580.0,0,0,,0.0,0,,68,95.88235294117646,-280.0,2147
GAP5P__pair_worse_rank_band=15+__market_rank_band=31-40,GAP5P,pair_worse_rank_band=15+;market_rank_band=31-40,False,14,0,0.0,-1400.0,0.0,0.0,0.0,0.0,3,2,14.285714285714286,0.6872852233676976,12,0,0.0,-1200.0,303,141.5181518151815,12580.0,14,0,0.0,-1400.0,12,0.0,80,81.5,-1480.0,2148
GAP10P__pair_worse_rank_band=15+__market_rank_band=31-40,GAP10P,pair_worse_rank_band=15+;market_rank_band=31-40,False,14,0,0.0,-1400.0,0.0,0.0,0.0,0.0,3,2,14.285714285714286,0.6872852233676976,12,0,0.0,-1200.0,303,141.5181518151815,12580.0,14,0,0.0,-1400.0,12,0.0,80,81.5,-1480.0,2149
GAP15_24__market_rank_band=31-40__l17_rank_band=21-30,GAP15_24,market_rank_band=31-40;l17_rank_band=21-30,False,16,0,0.0,-1600.0,0.0,0.0,0.0,0.0,4,4,25.0,1.3745704467353952,12,0,0.0,-1200.0,303,141.5181518151815,12580.0,4,1,1630.0,6120.0,2,0.0,70,93.14285714285714,-480.0,2150
GAP15_24__model_rank_band=11-15__l17_rank_band=<=10,GAP15_24,model_rank_band=11-15;l17_rank_band=<=10,False,18,0,0.0,-1800.0,0.0,0.0,0.0,0.0,1,6,33.333333333333336,2.0618556701030926,12,0,0.0,-1200.0,303,141.5181518151815,12580.0,9,0,0.0,-900.0,5,0.0,73,89.31506849315069,-780.0,2151
GAP0_2__odds_band=80-100__market_rank_band=<=10,GAP0_2,odds_band=80-100;market_rank_band=<=10,False,11,0,0.0,-1100.0,0.0,0.0,0.0,0.0,2,0,0.0,0.0,11,0,0.0,-1100.0,302,141.98675496688742,12680.0,5,0,0.0,-500.0,5,0.0,73,89.31506849315069,-780.0,2152
GAP5_6__odds_band=80-100__field_size_band=13-14,GAP5_6,odds_band=80-100;field_size_band=13-14,False,11,0,0.0,-1100.0,0.0,0.0,0.0,0.0,1,0,0.0,0.0,11,0,0.0,-1100.0,302,141.98675496688742,12680.0,1,0,0.0,-100.0,1,0.0,69,94.4927536231884,-380.0,2153
GAP7_9__odds_band=80-100__market_rank_band=16-20,GAP7_9,odds_band=80-100;market_rank_band=16-20,False,11,0,0.0,-1100.0,0.0,0.0,0.0,0.0,1,0,0.0,0.0,11,0,0.0,-1100.0,302,141.98675496688742,12680.0,2,0,0.0,-200.0,2,0.0,70,93.14285714285714,-480.0,2154
GAP10_14__odds_band=100+__field_size_band=15-16,GAP10_14,odds_band=100+;field_size_band=15-16,False,11,0,0.0,-1100.0,0.0,0.0,0.0,0.0,1,0,0.0,0.0,11,0,0.0,-1100.0,302,141.98675496688742,12680.0,3,0,0.0,-300.0,3,0.0,71,91.83098591549296,-580.0,2155
GAP15_24__field_size_band=<=12__market_rank_band=16-20,GAP15_24,field_size_band=<=12;market_rank_band=16-20,False,11,0,0.0,-1100.0,0.0,0.0,0.0,0.0,2,0,0.0,0.0,11,0,0.0,-1100.0,302,141.98675496688742,12680.0,0,0,,0.0,0,,68,95.88235294117646,-280.0,2156
GAP15_24__field_size_band=<=12__model_rank_band=9-10,GAP15_24,field_size_band=<=12;model_rank_band=9-10,False,11,0,0.0,-1100.0,0.0,0.0,0.0,0.0,1,0,0.0,0.0,11,0,0.0,-1100.0,302,141.98675496688742,12680.0,0,0,,0.0,0,,68,95.88235294117646,-280.0,2157
GAP15_24__field_size_band=13-14__l17_rank_band=61+,GAP15_24,field_size_band=13-14;l17_rank_band=61+,False,11,0,0.0,-1100.0,0.0,0.0,0.0,0.0,2,0,0.0,0.0,11,0,0.0,-1100.0,302,141.98675496688742,12680.0,10,0,0.0,-1000.0,10,0.0,78,83.58974358974359,-1280.0,2158
GAP25P__field_size_band=13-14,GAP25P,field_size_band=13-14,False,11,0,0.0,-1100.0,0.0,0.0,0.0,0.0,1,0,0.0,0.0,11,0,0.0,-1100.0,302,141.98675496688742,12680.0,4,0,0.0,-400.0,4,0.0,72,90.55555555555556,-680.0,2159
GAP25P__l17_rank_band=21-30,GAP25P,l17_rank_band=21-30,False,11,0,0.0,-1100.0,0.0,0.0,0.0,0.0,3,0,0.0,0.0,11,0,0.0,-1100.0,302,141.98675496688742,12680.0,2,0,0.0,-200.0,2,0.0,70,93.14285714285714,-480.0,2160
GAP25P__field_size_band=15-16__model_rank_band=6-8,GAP25P,field_size_band=15-16;model_rank_band=6-8,False,11,0,0.0,-1100.0,0.0,0.0,0.0,0.0,2,0,0.0,0.0,11,0,0.0,-1100.0,302,141.98675496688742,12680.0,3,0,0.0,-300.0,3,0.0,71,91.83098591549296,-580.0,2161
GAP25P__field_size_band=17+__l17_rank_band=61+,GAP25P,field_size_band=17+;l17_rank_band=61+,False,11,0,0.0,-1100.0,0.0,0.0,0.0,0.0,1,0,0.0,0.0,11,0,0.0,-1100.0,302,141.98675496688742,12680.0,17,0,0.0,-1700.0,17,0.0,85,76.70588235294117,-1980.0,2162
GAP10P__odds_band=100+__field_size_band=13-14,GAP10P,odds_band=100+;field_size_band=13-14,False,11,0,0.0,-1100.0,0.0,0.0,0.0,0.0,2,0,0.0,0.0,11,0,0.0,-1100.0,302,141.98675496688742,12680.0,5,0,0.0,-500.0,5,0.0,73,89.31506849315069,-780.0,2163
GAP15_24__pair_worse_rank_band=15+__market_rank_band=26-30,GAP15_24,pair_worse_rank_band=15+;market_rank_band=26-30,False,17,0,0.0,-1700.0,0.0,0.0,0.0,0.0,2,6,35.294117647058826,2.0618556701030926,11,0,0.0,-1100.0,302,141.98675496688742,12680.0,6,0,0.0,-600.0,4,0.0,72,90.55555555555556,-680.0,2164
GAP15_24__model_rank_band=1-3__l17_rank_band=31-40,GAP15_24,model_rank_band=1-3;l17_rank_band=31-40,False,18,1,314.44444444444446,3860.0,0.0,100.0,0.0,514.5454545454545,3,7,38.888888888888886,2.4054982817869415,11,0,0.0,-1100.0,302,141.98675496688742,12680.0,0,0,,0.0,0,,68,95.88235294117646,-280.0,2165
GAP15_24__field_size_band=15-16__model_rank_band=4-5,GAP15_24,field_size_band=15-16;model_rank_band=4-5,False,54,0,0.0,-5400.0,0.0,0.0,0.0,0.0,10,43,79.62962962962963,14.776632302405499,11,0,0.0,-1100.0,302,141.98675496688742,12680.0,6,0,0.0,-600.0,3,0.0,71,91.83098591549296,-580.0,2166
GAP5_6__model_rank_band=4-5__l17_rank_band=61+,GAP5_6,model_rank_band=4-5;l17_rank_band=61+,False,10,0,0.0,-1000.0,0.0,0.0,0.0,0.0,2,0,0.0,0.0,10,0,0.0,-1000.0,301,142.45847176079735,12780.0,1,0,0.0,-100.0,1,0.0,69,94.4927536231884,-380.0,2167
GAP7_9__model_rank_band=4-5__l17_rank_band=61+,GAP7_9,model_rank_band=4-5;l17_rank_band=61+,False,10,0,0.0,-1000.0,0.0,0.0,0.0,0.0,3,0,0.0,0.0,10,0,0.0,-1000.0,301,142.45847176079735,12780.0,2,0,0.0,-200.0,2,0.0,70,93.14285714285714,-480.0,2168
GAP7_9__odds_band=<20__market_rank_band=11-15,GAP7_9,odds_band=<20;market_rank_band=11-15,False,10,0,0.0,-1000.0,0.0,0.0,0.0,0.0,2,0,0.0,0.0,10,0,0.0,-1000.0,301,142.45847176079735,12780.0,1,0,0.0,-100.0,1,0.0,69,94.4927536231884,-380.0,2169
GAP7_9__odds_band=100+__market_rank_band=16-20,GAP7_9,odds_band=100+;market_rank_band=16-20,False,10,0,0.0,-1000.0,0.0,0.0,0.0,0.0,1,0,0.0,0.0,10,0,0.0,-1000.0,301,142.45847176079735,12780.0,0,0,,0.0,0,,68,95.88235294117646,-280.0,2170
GAP15_24__field_size_band=<=12__model_rank_band=1-3,GAP15_24,field_size_band=<=12;model_rank_band=1-3,False,10,0,0.0,-1000.0,0.0,0.0,0.0,0.0,3,0,0.0,0.0,10,0,0.0,-1000.0,301,142.45847176079735,12780.0,0,0,,0.0,0,,68,95.88235294117646,-280.0,2171
GAP15_24__field_size_band=<=12__model_rank_band=6-8,GAP15_24,field_size_band=<=12;model_rank_band=6-8,False,10,0,0.0,-1000.0,0.0,0.0,0.0,0.0,1,0,0.0,0.0,10,0,0.0,-1000.0,301,142.45847176079735,12780.0,2,0,0.0,-200.0,2,0.0,70,93.14285714285714,-480.0,2172
GAP15_24__field_size_band=<=12__l17_rank_band=31-40,GAP15_24,field_size_band=<=12;l17_rank_band=31-40,False,10,0,0.0,-1000.0,0.0,0.0,0.0,0.0,2,0,0.0,0.0,10,0,0.0,-1000.0,301,142.45847176079735,12780.0,0,0,,0.0,0,,68,95.88235294117646,-280.0,2173
GAP25P__l17_rank_band=11-20,GAP25P,l17_rank_band=11-20,False,10,0,0.0,-1000.0,0.0,0.0,0.0,0.0,1,0,0.0,0.0,10,0,0.0,-1000.0,301,142.45847176079735,12780.0,0,0,,0.0,0,,68,95.88235294117646,-280.0,2174
GAP25P__l17_rank_band=31-40,GAP25P,l17_rank_band=31-40,False,10,0,0.0,-1000.0,0.0,0.0,0.0,0.0,1,0,0.0,0.0,10,0,0.0,-1000.0,301,142.45847176079735,12780.0,0,0,,0.0,0,,68,95.88235294117646,-280.0,2175
GAP25P__pair_worse_rank_band=15+,GAP25P,pair_worse_rank_band=15+,False,10,0,0.0,-1000.0,0.0,0.0,0.0,0.0,2,0,0.0,0.0,10,0,0.0,-1000.0,301,142.45847176079735,12780.0,11,0,0.0,-1100.0,11,0.0,79,82.53164556962025,-1380.0,2176
GAP25P__field_size_band=17+__model_rank_band=1-3,GAP25P,field_size_band=17+;model_rank_band=1-3,False,10,0,0.0,-1000.0,0.0,0.0,0.0,0.0,2,0,0.0,0.0,10,0,0.0,-1000.0,301,142.45847176079735,12780.0,7,0,0.0,-700.0,7,0.0,75,86.93333333333334,-980.0,2177
GAP25P__market_rank_band=31-40__l17_rank_band=41-60,GAP25P,market_rank_band=31-40;l17_rank_band=41-60,False,10,0,0.0,-1000.0,0.0,0.0,0.0,0.0,3,0,0.0,0.0,10,0,0.0,-1000.0,301,142.45847176079735,12780.0,6,0,0.0,-600.0,6,0.0,74,88.10810810810811,-880.0,2178
GAP25P__odds_band=60-80__field_size_band=17+,GAP25P,odds_band=60-80;field_size_band=17+,False,10,0,0.0,-1000.0,0.0,0.0,0.0,0.0,2,0,0.0,0.0,10,0,0.0,-1000.0,301,142.45847176079735,12780.0,3,0,0.0,-300.0,3,0.0,71,91.83098591549296,-580.0,2179
GAP5P__odds_band=60-80__market_rank_band=11-15,GAP5P,odds_band=60-80;market_rank_band=11-15,False,10,0,0.0,-1000.0,0.0,0.0,0.0,0.0,1,0,0.0,0.0,10,0,0.0,-1000.0,301,142.45847176079735,12780.0,0,0,,0.0,0,,68,95.88235294117646,-280.0,2180
GAP15_24__model_rank_band=1-3__l17_rank_band=11-20,GAP15_24,model_rank_band=1-3;l17_rank_band=11-20,False,16,0,0.0,-1600.0,0.0,0.0,0.0,0.0,3,6,37.5,2.0618556701030926,10,0,0.0,-1000.0,301,142.45847176079735,12780.0,0,0,,0.0,0,,68,95.88235294117646,-280.0,2181
GAP15_24__pair_worse_rank_band=<=6__market_rank_band=16-20,GAP15_24,pair_worse_rank_band=<=6;market_rank_band=16-20,False,19,0,0.0,-1900.0,0.0,0.0,0.0,0.0,3,9,47.36842105263158,3.0927835051546393,10,0,0.0,-1000.0,301,142.45847176079735,12780.0,1,0,0.0,-100.0,0,,68,95.88235294117646,-280.0,2182
GAP3_4__odds_band=100+__field_size_band=13-14,GAP3_4,odds_band=100+;field_size_band=13-14,False,9,0,0.0,-900.0,0.0,0.0,0.0,0.0,1,0,0.0,0.0,9,0,0.0,-900.0,300,142.93333333333334,12880.0,2,0,0.0,-200.0,2,0.0,70,93.14285714285714,-480.0,2183
GAP10_14__surface=DIRT__distance_band=2201+,GAP10_14,surface=DIRT;distance_band=2201+,False,9,0,0.0,-900.0,0.0,0.0,0.0,0.0,3,0,0.0,0.0,9,0,0.0,-900.0,300,142.93333333333334,12880.0,0,0,,0.0,0,,68,95.88235294117646,-280.0,2184
GAP25P__odds_band=80-100,GAP25P,odds_band=80-100,False,9,0,0.0,-900.0,0.0,0.0,0.0,0.0,1,0,0.0,0.0,9,0,0.0,-900.0,300,142.93333333333334,12880.0,13,0,0.0,-1300.0,13,0.0,81,80.49382716049382,-1580.0,2185
GAP25P__field_size_band=15-16__l17_rank_band=41-60,GAP25P,field_size_band=15-16;l17_rank_band=41-60,False,9,0,0.0,-900.0,0.0,0.0,0.0,0.0,2,0,0.0,0.0,9,0,0.0,-900.0,300,142.93333333333334,12880.0,4,0,0.0,-400.0,4,0.0,72,90.55555555555556,-680.0,2186
GAP25P__model_rank_band=6-8__l17_rank_band=61+,GAP25P,model_rank_band=6-8;l17_rank_band=61+,False,9,0,0.0,-900.0,0.0,0.0,0.0,0.0,3,0,0.0,0.0,9,0,0.0,-900.0,300,142.93333333333334,12880.0,3,0,0.0,-300.0,3,0.0,71,91.83098591549296,-580.0,2187
GAP10P__field_size_band=17+__distance_band=2201+,GAP10P,field_size_band=17+;distance_band=2201+,False,9,0,0.0,-900.0,0.0,0.0,0.0,0.0,1,0,0.0,0.0,9,0,0.0,-900.0,300,142.93333333333334,12880.0,2,0,0.0,-200.0,2,0.0,70,93.14285714285714,-480.0,2188
GAP15_24__model_rank_band=6-8__l17_rank_band=<=10,GAP15_24,model_rank_band=6-8;l17_rank_band=<=10,False,11,0,0.0,-1100.0,0.0,0.0,0.0,0.0,2,2,18.181818181818183,0.6872852233676976,9,0,0.0,-900.0,300,142.93333333333334,12880.0,3,0,0.0,-300.0,2,0.0,70,93.14285714285714,-480.0,2189
GAP15_24__market_rank_band=31-40__l17_rank_band=31-40,GAP15_24,market_rank_band=31-40;l17_rank_band=31-40,False,17,0,0.0,-1700.0,0.0,0.0,0.0,0.0,3,8,47.05882352941177,2.7491408934707904,9,0,0.0,-900.0,300,142.93333333333334,12880.0,3,0,0.0,-300.0,1,0.0,69,94.4927536231884,-380.0,2190
GAP15_24__odds_band=100+__model_rank_band=11-15,GAP15_24,odds_band=100+;model_rank_band=11-15,False,26,0,0.0,-2600.0,0.0,0.0,0.0,0.0,5,17,65.38461538461539,5.841924398625429,9,0,0.0,-900.0,300,142.93333333333334,12880.0,23,0,0.0,-2300.0,12,0.0,80,81.5,-1480.0,2191
GAP15_24__odds_band=100+,GAP15_24,odds_band=100+,False,28,0,0.0,-2800.0,0.0,0.0,0.0,0.0,5,19,67.85714285714286,6.529209621993127,9,0,0.0,-900.0,300,142.93333333333334,12880.0,26,0,0.0,-2600.0,13,0.0,81,80.49382716049382,-1580.0,2192
GAP15_24__field_size_band=15-16__l17_rank_band=<=10,GAP15_24,field_size_band=15-16;l17_rank_band=<=10,False,29,1,205.51724137931035,3060.0,0.0,100.0,0.0,313.6842105263158,1,20,68.96551724137932,6.8728522336769755,9,0,0.0,-900.0,300,142.93333333333334,12880.0,8,0,0.0,-800.0,1,0.0,69,94.4927536231884,-380.0,2193
GAP5_6__odds_band=100+__field_size_band=13-14,GAP5_6,odds_band=100+;field_size_band=13-14,False,8,0,0.0,-800.0,0.0,0.0,0.0,0.0,1,0,0.0,0.0,8,0,0.0,-800.0,299,143.41137123745818,12980.0,0,0,,0.0,0,,68,95.88235294117646,-280.0,2194
GAP7_9__odds_band=20-40__market_rank_band=21-25,GAP7_9,odds_band=20-40;market_rank_band=21-25,False,8,0,0.0,-800.0,0.0,0.0,0.0,0.0,2,0,0.0,0.0,8,0,0.0,-800.0,299,143.41137123745818,12980.0,0,0,,0.0,0,,68,95.88235294117646,-280.0,2195
GAP7_9__pair_worse_rank_band=15+__market_rank_band=<=10,GAP7_9,pair_worse_rank_band=15+;market_rank_band=<=10,False,8,0,0.0,-800.0,0.0,0.0,0.0,0.0,1,0,0.0,0.0,8,0,0.0,-800.0,299,143.41137123745818,12980.0,0,0,,0.0,0,,68,95.88235294117646,-280.0,2196
GAP10_14__pair_worse_rank_band=15+__market_rank_band=11-15,GAP10_14,pair_worse_rank_band=15+;market_rank_band=11-15,False,8,0,0.0,-800.0,0.0,0.0,0.0,0.0,1,0,0.0,0.0,8,0,0.0,-800.0,299,143.41137123745818,12980.0,1,0,0.0,-100.0,1,0.0,69,94.4927536231884,-380.0,2197
GAP10_14__pair_worse_rank_band=15+__market_rank_band=26-30,GAP10_14,pair_worse_rank_band=15+;market_rank_band=26-30,False,8,0,0.0,-800.0,0.0,0.0,0.0,0.0,2,0,0.0,0.0,8,0,0.0,-800.0,299,143.41137123745818,12980.0,5,0,0.0,-500.0,5,0.0,73,89.31506849315069,-780.0,2198
GAP15_24__odds_band=20-40__field_size_band=13-14,GAP15_24,odds_band=20-40;field_size_band=13-14,False,8,0,0.0,-800.0,0.0,0.0,0.0,0.0,2,0,0.0,0.0,8,0,0.0,-800.0,299,143.41137123745818,12980.0,0,0,,0.0,0,,68,95.88235294117646,-280.0,2199
GAP25P__distance_band=1801-2200,GAP25P,distance_band=1801-2200,False,8,0,0.0,-800.0,0.0,0.0,0.0,0.0,2,0,0.0,0.0,8,0,0.0,-800.0,299,143.41137123745818,12980.0,9,0,0.0,-900.0,9,0.0,77,84.67532467532467,-1180.0,2200
GAP25P__field_size_band=17+__market_rank_band=26-30,GAP25P,field_size_band=17+;market_rank_band=26-30,False,8,0,0.0,-800.0,0.0,0.0,0.0,0.0,1,0,0.0,0.0,8,0,0.0,-800.0,299,143.41137123745818,12980.0,3,0,0.0,-300.0,3,0.0,71,91.83098591549296,-580.0,2201
GAP25P__field_size_band=17+__market_rank_band=31-40,GAP25P,field_size_band=17+;market_rank_band=31-40,False,8,0,0.0,-800.0,0.0,0.0,0.0,0.0,1,0,0.0,0.0,8,0,0.0,-800.0,299,143.41137123745818,12980.0,9,0,0.0,-900.0,9,0.0,77,84.67532467532467,-1180.0,2202
GAP25P__market_rank_band=26-30__model_rank_band=4-5,GAP25P,market_rank_band=26-30;model_rank_band=4-5,False,8,0,0.0,-800.0,0.0,0.0,0.0,0.0,2,0,0.0,0.0,8,0,0.0,-800.0,299,143.41137123745818,12980.0,1,0,0.0,-100.0,1,0.0,69,94.4927536231884,-380.0,2203
GAP25P__odds_band=80-100__field_size_band=15-16,GAP25P,odds_band=80-100;field_size_band=15-16,False,8,0,0.0,-800.0,0.0,0.0,0.0,0.0,1,0,0.0,0.0,8,0,0.0,-800.0,299,143.41137123745818,12980.0,8,0,0.0,-800.0,8,0.0,76,85.78947368421052,-1080.0,2204
GAP25P__odds_band=80-100__market_rank_band=31-40,GAP25P,odds_band=80-100;market_rank_band=31-40,False,8,0,0.0,-800.0,0.0,0.0,0.0,0.0,1,0,0.0,0.0,8,0,0.0,-800.0,299,143.41137123745818,12980.0,9,0,0.0,-900.0,9,0.0,77,84.67532467532467,-1180.0,2205
GAP10P__pair_worse_rank_band=15+__market_rank_band=11-15,GAP10P,pair_worse_rank_band=15+;market_rank_band=11-15,False,8,0,0.0,-800.0,0.0,0.0,0.0,0.0,1,0,0.0,0.0,8,0,0.0,-800.0,299,143.41137123745818,12980.0,1,0,0.0,-100.0,1,0.0,69,94.4927536231884,-380.0,2206
GAP10P__surface=DIRT__distance_band=2201+,GAP10P,surface=DIRT;distance_band=2201+,False,9,0,0.0,-900.0,0.0,0.0,0.0,0.0,3,1,11.11111111111111,0.3436426116838488,8,0,0.0,-800.0,299,143.41137123745818,12980.0,0,0,,0.0,0,,68,95.88235294117646,-280.0,2207
GAP5P__odds_band=80-100__model_rank_band=9-10,GAP5P,odds_band=80-100;model_rank_band=9-10,False,10,0,0.0,-1000.0,0.0,0.0,0.0,0.0,1,2,20.0,0.6872852233676976,8,0,0.0,-800.0,299,143.41137123745818,12980.0,10,0,0.0,-1000.0,9,0.0,77,84.67532467532467,-1180.0,2208
GAP5P__odds_band=100+__model_rank_band=9-10,GAP5P,odds_band=100+;model_rank_band=9-10,False,10,0,0.0,-1000.0,0.0,0.0,0.0,0.0,3,2,20.0,0.6872852233676976,8,0,0.0,-800.0,299,143.41137123745818,12980.0,11,0,0.0,-1100.0,10,0.0,78,83.58974358974359,-1280.0,2209
GAP15_24__pair_worse_rank_band=15+__market_rank_band=21-25,GAP15_24,pair_worse_rank_band=15+;market_rank_band=21-25,False,13,0,0.0,-1300.0,0.0,0.0,0.0,0.0,2,5,38.46153846153846,1.7182130584192439,8,0,0.0,-800.0,299,143.41137123745818,12980.0,2,0,0.0,-200.0,2,0.0,70,93.14285714285714,-480.0,2210
GAP5P__market_rank_band=31-40__model_rank_band=9-10,GAP5P,market_rank_band=31-40;model_rank_band=9-10,False,17,1,350.5882352941176,4260.0,0.0,100.0,0.0,1192.0,4,9,52.94117647058823,3.0927835051546393,8,0,0.0,-800.0,299,143.41137123745818,12980.0,9,0,0.0,-900.0,7,0.0,75,86.93333333333334,-980.0,2211
GAP10P__market_rank_band=31-40__model_rank_band=9-10,GAP10P,market_rank_band=31-40;model_rank_band=9-10,False,17,1,350.5882352941176,4260.0,0.0,100.0,0.0,1192.0,4,9,52.94117647058823,3.0927835051546393,8,0,0.0,-800.0,299,143.41137123745818,12980.0,9,0,0.0,-900.0,7,0.0,75,86.93333333333334,-980.0,2212
GAP15_24__odds_band=100+__market_rank_band=31-40,GAP15_24,odds_band=100+;market_rank_band=31-40,False,26,0,0.0,-2600.0,0.0,0.0,0.0,0.0,4,18,69.23076923076923,6.185567010309279,8,0,0.0,-800.0,299,143.41137123745818,12980.0,20,0,0.0,-2000.0,12,0.0,80,81.5,-1480.0,2213
GAP0_2__odds_band=100+__field_size_band=15-16,GAP0_2,odds_band=100+;field_size_band=15-16,False,7,0,0.0,-700.0,0.0,0.0,0.0,0.0,1,0,0.0,0.0,7,0,0.0,-700.0,298,143.89261744966444,13080.0,9,0,0.0,-900.0,9,0.0,77,84.67532467532467,-1180.0,2214
GAP5_6__odds_band=<20__market_rank_band=11-15,GAP5_6,odds_band=<20;market_rank_band=11-15,False,7,0,0.0,-700.0,0.0,0.0,0.0,0.0,1,0,0.0,0.0,7,0,0.0,-700.0,298,143.89261744966444,13080.0,2,0,0.0,-200.0,2,0.0,70,93.14285714285714,-480.0,2215
GAP7_9__odds_band=80-100__field_size_band=<=12,GAP7_9,odds_band=80-100;field_size_band=<=12,False,7,0,0.0,-700.0,0.0,0.0,0.0,0.0,1,0,0.0,0.0,7,0,0.0,-700.0,298,143.89261744966444,13080.0,2,0,0.0,-200.0,2,0.0,70,93.14285714285714,-480.0,2216
GAP10_14__odds_band=20-40__market_rank_band=21-25,GAP10_14,odds_band=20-40;market_rank_band=21-25,False,7,0,0.0,-700.0,0.0,0.0,0.0,0.0,1,0,0.0,0.0,7,0,0.0,-700.0,298,143.89261744966444,13080.0,1,0,0.0,-100.0,1,0.0,69,94.4927536231884,-380.0,2217
GAP15_24__field_size_band=<=12__distance_band=1801-2200,GAP15_24,field_size_band=<=12;distance_band=1801-2200,False,7,0,0.0,-700.0,0.0,0.0,0.0,0.0,2,0,0.0,0.0,7,0,0.0,-700.0,298,143.89261744966444,13080.0,3,0,0.0,-300.0,3,0.0,71,91.83098591549296,-580.0,2218
GAP15_24__field_size_band=<=12__distance_band=2201+,GAP15_24,field_size_band=<=12;distance_band=2201+,False,7,0,0.0,-700.0,0.0,0.0,0.0,0.0,1,0,0.0,0.0,7,0,0.0,-700.0,298,143.89261744966444,13080.0,0,0,,0.0,0,,68,95.88235294117646,-280.0,2219
GAP25P__field_size_band=<=12,GAP25P,field_size_band=<=12,False,7,0,0.0,-700.0,0.0,0.0,0.0,0.0,1,0,0.0,0.0,7,0,0.0,-700.0,298,143.89261744966444,13080.0,1,0,0.0,-100.0,1,0.0,69,94.4927536231884,-380.0,2220
GAP25P__field_size_band=15-16__market_rank_band=26-30,GAP25P,field_size_band=15-16;market_rank_band=26-30,False,7,0,0.0,-700.0,0.0,0.0,0.0,0.0,2,0,0.0,0.0,7,0,0.0,-700.0,298,143.89261744966444,13080.0,2,0,0.0,-200.0,2,0.0,70,93.14285714285714,-480.0,2221
GAP25P__pair_worse_rank_band=11-14__field_size_band=17+,GAP25P,pair_worse_rank_band=11-14;field_size_band=17+,False,7,0,0.0,-700.0,0.0,0.0,0.0,0.0,2,0,0.0,0.0,7,0,0.0,-700.0,298,143.89261744966444,13080.0,13,0,0.0,-1300.0,13,0.0,81,80.49382716049382,-1580.0,2222
GAP25P__pair_worse_rank_band=11-14__market_rank_band=26-30,GAP25P,pair_worse_rank_band=11-14;market_rank_band=26-30,False,7,0,0.0,-700.0,0.0,0.0,0.0,0.0,1,0,0.0,0.0,7,0,0.0,-700.0,298,143.89261744966444,13080.0,5,0,0.0,-500.0,5,0.0,73,89.31506849315069,-780.0,2223
GAP15_24__model_rank_band=9-10__l17_rank_band=61+,GAP15_24,model_rank_band=9-10;l17_rank_band=61+,False,16,0,0.0,-1600.0,0.0,0.0,0.0,0.0,4,9,56.25,3.0927835051546393,7,0,0.0,-700.0,298,143.89261744966444,13080.0,14,0,0.0,-1400.0,9,0.0,77,84.67532467532467,-1180.0,2224
GAP15_24__model_rank_band=4-5__l17_rank_band=61+,GAP15_24,model_rank_band=4-5;l17_rank_band=61+,False,20,0,0.0,-2000.0,0.0,0.0,0.0,0.0,3,13,65.0,4.4673539518900345,7,0,0.0,-700.0,298,143.89261744966444,13080.0,5,0,0.0,-500.0,4,0.0,72,90.55555555555556,-680.0,2225
GAP15_24__model_rank_band=6-8__l17_rank_band=31-40,GAP15_24,model_rank_band=6-8;l17_rank_band=31-40,False,21,0,0.0,-2100.0,0.0,0.0,0.0,0.0,3,14,66.66666666666667,4.810996563573883,7,0,0.0,-700.0,298,143.89261744966444,13080.0,2,0,0.0,-200.0,2,0.0,70,93.14285714285714,-480.0,2226
GAP3_4__odds_band=80-100__field_size_band=17+,GAP3_4,odds_band=80-100;field_size_band=17+,False,6,0,0.0,-600.0,0.0,0.0,0.0,0.0,1,0,0.0,0.0,6,0,0.0,-600.0,297,144.3771043771044,13180.0,0,0,,0.0,0,,68,95.88235294117646,-280.0,2227
GAP15_24__field_size_band=<=12__l17_rank_band=<=10,GAP15_24,field_size_band=<=12;l17_rank_band=<=10,False,6,0,0.0,-600.0,0.0,0.0,0.0,0.0,1,0,0.0,0.0,6,0,0.0,-600.0,297,144.3771043771044,13180.0,1,0,0.0,-100.0,1,0.0,69,94.4927536231884,-380.0,2228
GAP15_24__odds_band=20-40__field_size_band=<=12,GAP15_24,odds_band=20-40;field_size_band=<=12,False,6,0,0.0,-600.0,0.0,0.0,0.0,0.0,1,0,0.0,0.0,6,0,0.0,-600.0,297,144.3771043771044,13180.0,0,0,,0.0,0,,68,95.88235294117646,-280.0,2229
GAP25P__market_rank_band=26-30__l17_rank_band=31-40,GAP25P,market_rank_band=26-30;l17_rank_band=31-40,False,6,0,0.0,-600.0,0.0,0.0,0.0,0.0,1,0,0.0,0.0,6,0,0.0,-600.0,297,144.3771043771044,13180.0,0,0,,0.0,0,,68,95.88235294117646,-280.0,2230
GAP25P__market_rank_band=26-30__l17_rank_band=61+,GAP25P,market_rank_band=26-30;l17_rank_band=61+,False,6,0,0.0,-600.0,0.0,0.0,0.0,0.0,2,0,0.0,0.0,6,0,0.0,-600.0,297,144.3771043771044,13180.0,6,0,0.0,-600.0,6,0.0,74,88.10810810810811,-880.0,2231
GAP25P__market_rank_band=31-40__l17_rank_band=21-30,GAP25P,market_rank_band=31-40;l17_rank_band=21-30,False,6,0,0.0,-600.0,0.0,0.0,0.0,0.0,1,0,0.0,0.0,6,0,0.0,-600.0,297,144.3771043771044,13180.0,1,0,0.0,-100.0,1,0.0,69,94.4927536231884,-380.0,2232
GAP25P__model_rank_band=1-3__l17_rank_band=31-40,GAP25P,model_rank_band=1-3;l17_rank_band=31-40,False,6,0,0.0,-600.0,0.0,0.0,0.0,0.0,1,0,0.0,0.0,6,0,0.0,-600.0,297,144.3771043771044,13180.0,0,0,,0.0,0,,68,95.88235294117646,-280.0,2233
GAP25P__pair_worse_rank_band=7-10__field_size_band=13-14,GAP25P,pair_worse_rank_band=7-10;field_size_band=13-14,False,6,0,0.0,-600.0,0.0,0.0,0.0,0.0,1,0,0.0,0.0,6,0,0.0,-600.0,297,144.3771043771044,13180.0,1,0,0.0,-100.0,1,0.0,69,94.4927536231884,-380.0,2234
GAP25P__pair_worse_rank_band=7-10__field_size_band=17+,GAP25P,pair_worse_rank_band=7-10;field_size_band=17+,False,6,0,0.0,-600.0,0.0,0.0,0.0,0.0,1,0,0.0,0.0,6,0,0.0,-600.0,297,144.3771043771044,13180.0,1,0,0.0,-100.0,1,0.0,69,94.4927536231884,-380.0,2235
GAP25P__pair_worse_rank_band=15+__market_rank_band=31-40,GAP25P,pair_worse_rank_band=15+;market_rank_band=31-40,False,6,0,0.0,-600.0,0.0,0.0,0.0,0.0,1,0,0.0,0.0,6,0,0.0,-600.0,297,144.3771043771044,13180.0,6,0,0.0,-600.0,6,0.0,74,88.10810810810811,-880.0,2236
GAP5P__field_size_band=<=12__l17_rank_band=61+,GAP5P,field_size_band=<=12;l17_rank_band=61+,False,6,0,0.0,-600.0,0.0,0.0,0.0,0.0,1,0,0.0,0.0,6,0,0.0,-600.0,297,144.3771043771044,13180.0,3,0,0.0,-300.0,3,0.0,71,91.83098591549296,-580.0,2237
GAP5P__odds_band=40-60__market_rank_band=31-40,GAP5P,odds_band=40-60;market_rank_band=31-40,False,7,1,851.4285714285714,5260.0,0.0,100.0,0.0,1490.0,1,1,14.285714285714286,0.3436426116838488,6,0,0.0,-600.0,297,144.3771043771044,13180.0,1,0,0.0,-100.0,1,0.0,69,94.4927536231884,-380.0,2238
GAP10P__odds_band=40-60__market_rank_band=31-40,GAP10P,odds_band=40-60;market_rank_band=31-40,False,7,1,851.4285714285714,5260.0,0.0,100.0,0.0,1490.0,1,1,14.285714285714286,0.3436426116838488,6,0,0.0,-600.0,297,144.3771043771044,13180.0,1,0,0.0,-100.0,1,0.0,69,94.4927536231884,-380.0,2239
GAP15_24__model_rank_band=4-5__l17_rank_band=<=10,GAP15_24,model_rank_band=4-5;l17_rank_band=<=10,False,8,0,0.0,-800.0,0.0,0.0,0.0,0.0,1,2,25.0,0.6872852233676976,6,0,0.0,-600.0,297,144.3771043771044,13180.0,1,0,0.0,-100.0,0,,68,95.88235294117646,-280.0,2240
GAP15_24__pair_worse_rank_band=15+__market_rank_band=31-40,GAP15_24,pair_worse_rank_band=15+;market_rank_band=31-40,False,8,0,0.0,-800.0,0.0,0.0,0.0,0.0,2,2,25.0,0.6872852233676976,6,0,0.0,-600.0,297,144.3771043771044,13180.0,9,0,0.0,-900.0,7,0.0,75,86.93333333333334,-980.0,2241
GAP15_24__market_rank_band=31-40__model_rank_band=9-10,GAP15_24,market_rank_band=31-40;model_rank_band=9-10,False,15,1,397.3333333333333,4460.0,0.0,100.0,0.0,1490.0,3,9,60.0,3.0927835051546393,6,0,0.0,-600.0,297,144.3771043771044,13180.0,5,0,0.0,-500.0,3,0.0,71,91.83098591549296,-580.0,2242
GAP5_6__pair_worse_rank_band=15+__market_rank_band=21-25,GAP5_6,pair_worse_rank_band=15+;market_rank_band=21-25,False,5,0,0.0,-500.0,0.0,0.0,0.0,0.0,1,0,0.0,0.0,5,0,0.0,-500.0,296,144.86486486486487,13280.0,2,0,0.0,-200.0,2,0.0,70,93.14285714285714,-480.0,2243
GAP7_9__odds_band=100+__field_size_band=17+,GAP7_9,odds_band=100+;field_size_band=17+,False,5,0,0.0,-500.0,0.0,0.0,0.0,0.0,1,0,0.0,0.0,5,0,0.0,-500.0,296,144.86486486486487,13280.0,0,0,,0.0,0,,68,95.88235294117646,-280.0,2244
GAP15_24__field_size_band=17+__distance_band=2201+,GAP15_24,field_size_band=17+;distance_band=2201+,False,5,0,0.0,-500.0,0.0,0.0,0.0,0.0,1,0,0.0,0.0,5,0,0.0,-500.0,296,144.86486486486487,13280.0,2,0,0.0,-200.0,2,0.0,70,93.14285714285714,-480.0,2245
GAP15_24__odds_band=100+__field_size_band=13-14,GAP15_24,odds_band=100+;field_size_band=13-14,False,5,0,0.0,-500.0,0.0,0.0,0.0,0.0,1,0,0.0,0.0,5,0,0.0,-500.0,296,144.86486486486487,13280.0,4,0,0.0,-400.0,4,0.0,72,90.55555555555556,-680.0,2246
GAP25P__model_rank_band=9-10,GAP25P,model_rank_band=9-10,False,5,0,0.0,-500.0,0.0,0.0,0.0,0.0,1,0,0.0,0.0,5,0,0.0,-500.0,296,144.86486486486487,13280.0,12,0,0.0,-1200.0,12,0.0,80,81.5,-1480.0,2247
GAP25P__surface=TURF__distance_band=1801-2200,GAP25P,surface=TURF;distance_band=1801-2200,False,5,0,0.0,-500.0,0.0,0.0,0.0,0.0,1,0,0.0,0.0,5,0,0.0,-500.0,296,144.86486486486487,13280.0,7,0,0.0,-700.0,7,0.0,75,86.93333333333334,-980.0,2248
GAP25P__market_rank_band=26-30__l17_rank_band=21-30,GAP25P,market_rank_band=26-30;l17_rank_band=21-30,False,5,0,0.0,-500.0,0.0,0.0,0.0,0.0,1,0,0.0,0.0,5,0,0.0,-500.0,296,144.86486486486487,13280.0,1,0,0.0,-100.0,1,0.0,69,94.4927536231884,-380.0,2249
GAP25P__model_rank_band=1-3__l17_rank_band=21-30,GAP25P,model_rank_band=1-3;l17_rank_band=21-30,False,5,0,0.0,-500.0,0.0,0.0,0.0,0.0,1,0,0.0,0.0,5,0,0.0,-500.0,296,144.86486486486487,13280.0,0,0,,0.0,0,,68,95.88235294117646,-280.0,2250
GAP25P__model_rank_band=11-15__l17_rank_band=41-60,GAP25P,model_rank_band=11-15;l17_rank_band=41-60,False,5,0,0.0,-500.0,0.0,0.0,0.0,0.0,1,0,0.0,0.0,5,0,0.0,-500.0,296,144.86486486486487,13280.0,3,0,0.0,-300.0,3,0.0,71,91.83098591549296,-580.0,2251
GAP25P__pair_worse_rank_band=<=6__market_rank_band=31-40,GAP25P,pair_worse_rank_band=<=6;market_rank_band=31-40,False,5,0,0.0,-500.0,0.0,0.0,0.0,0.0,1,0,0.0,0.0,5,0,0.0,-500.0,296,144.86486486486487,13280.0,0,0,,0.0,0,,68,95.88235294117646,-280.0,2252
GAP5P__field_size_band=<=12__market_rank_band=31-40,GAP5P,field_size_band=<=12;market_rank_band=31-40,False,5,0,0.0,-500.0,0.0,0.0,0.0,0.0,1,0,0.0,0.0,5,0,0.0,-500.0,296,144.86486486486487,13280.0,5,0,0.0,-500.0,5,0.0,73,89.31506849315069,-780.0,2253
GAP5P__odds_band=40-60__market_rank_band=<=10,GAP5P,odds_band=40-60;market_rank_band=<=10,False,5,0,0.0,-500.0,0.0,0.0,0.0,0.0,1,0,0.0,0.0,5,0,0.0,-500.0,296,144.86486486486487,13280.0,0,0,,0.0,0,,68,95.88235294117646,-280.0,2254
GAP10P__field_size_band=<=12__market_rank_band=31-40,GAP10P,field_size_band=<=12;market_rank_band=31-40,False,5,0,0.0,-500.0,0.0,0.0,0.0,0.0,1,0,0.0,0.0,5,0,0.0,-500.0,296,144.86486486486487,13280.0,5,0,0.0,-500.0,5,0.0,73,89.31506849315069,-780.0,2255
GAP5P__market_rank_band=31-40__l17_rank_band=<=10,GAP5P,market_rank_band=31-40;l17_rank_band=<=10,False,6,1,993.3333333333334,5360.0,0.0,100.0,0.0,1986.6666666666667,1,1,16.666666666666668,0.3436426116838488,5,0,0.0,-500.0,296,144.86486486486487,13280.0,2,0,0.0,-200.0,1,0.0,69,94.4927536231884,-380.0,2256
GAP10P__market_rank_band=31-40__l17_rank_band=<=10,GAP10P,market_rank_band=31-40;l17_rank_band=<=10,False,6,1,993.3333333333334,5360.0,0.0,100.0,0.0,1986.6666666666667,1,1,16.666666666666668,0.3436426116838488,5,0,0.0,-500.0,296,144.86486486486487,13280.0,2,0,0.0,-200.0,1,0.0,69,94.4927536231884,-380.0,2257
GAP10P__odds_band=100+__model_rank_band=9-10,GAP10P,odds_band=100+;model_rank_band=9-10,False,7,0,0.0,-700.0,0.0,0.0,0.0,0.0,1,2,28.571428571428573,0.6872852233676976,5,0,0.0,-500.0,296,144.86486486486487,13280.0,11,0,0.0,-1100.0,10,0.0,78,83.58974358974359,-1280.0,2258
GAP5_6__odds_band=40-60__market_rank_band=<=10,GAP5_6,odds_band=40-60;market_rank_band=<=10,False,4,0,0.0,-400.0,0.0,0.0,0.0,0.0,1,0,0.0,0.0,4,0,0.0,-400.0,295,145.35593220338984,13380.0,0,0,,0.0,0,,68,95.88235294117646,-280.0,2259
GAP5_6__odds_band=40-60__model_rank_band=4-5,GAP5_6,odds_band=40-60;model_rank_band=4-5,False,4,0,0.0,-400.0,0.0,0.0,0.0,0.0,1,0,0.0,0.0,4,0,0.0,-400.0,295,145.35593220338984,13380.0,0,0,,0.0,0,,68,95.88235294117646,-280.0,2260
GAP15_24__field_size_band=<=12__market_rank_band=31-40,GAP15_24,field_size_band=<=12;market_rank_band=31-40,False,4,0,0.0,-400.0,0.0,0.0,0.0,0.0,1,0,0.0,0.0,4,0,0.0,-400.0,295,145.35593220338984,13380.0,4,0,0.0,-400.0,4,0.0,72,90.55555555555556,-680.0,2261
GAP25P__field_size_band=<=12__distance_band=<=1400,GAP25P,field_size_band=<=12;distance_band=<=1400,False,4,0,0.0,-400.0,0.0,0.0,0.0,0.0,1,0,0.0,0.0,4,0,0.0,-400.0,295,145.35593220338984,13380.0,1,0,0.0,-100.0,1,0.0,69,94.4927536231884,-380.0,2262
GAP25P__field_size_band=15-16__distance_band=1801-2200,GAP25P,field_size_band=15-16;distance_band=1801-2200,False,4,0,0.0,-400.0,0.0,0.0,0.0,0.0,1,0,0.0,0.0,4,0,0.0,-400.0,295,145.35593220338984,13380.0,3,0,0.0,-300.0,3,0.0,71,91.83098591549296,-580.0,2263
GAP25P__field_size_band=15-16__model_rank_band=9-10,GAP25P,field_size_band=15-16;model_rank_band=9-10,False,4,0,0.0,-400.0,0.0,0.0,0.0,0.0,1,0,0.0,0.0,4,0,0.0,-400.0,295,145.35593220338984,13380.0,8,0,0.0,-800.0,8,0.0,76,85.78947368421052,-1080.0,2264
GAP25P__market_rank_band=31-40__l17_rank_band=11-20,GAP25P,market_rank_band=31-40;l17_rank_band=11-20,False,4,0,0.0,-400.0,0.0,0.0,0.0,0.0,1,0,0.0,0.0,4,0,0.0,-400.0,295,145.35593220338984,13380.0,0,0,,0.0,0,,68,95.88235294117646,-280.0,2265
GAP25P__model_rank_band=4-5__l17_rank_band=21-30,GAP25P,model_rank_band=4-5;l17_rank_band=21-30,False,4,0,0.0,-400.0,0.0,0.0,0.0,0.0,1,0,0.0,0.0,4,0,0.0,-400.0,295,145.35593220338984,13380.0,1,0,0.0,-100.0,1,0.0,69,94.4927536231884,-380.0,2266
GAP25P__odds_band=60-80__field_size_band=<=12,GAP25P,odds_band=60-80;field_size_band=<=12,False,4,0,0.0,-400.0,0.0,0.0,0.0,0.0,1,0,0.0,0.0,4,0,0.0,-400.0,295,145.35593220338984,13380.0,0,0,,0.0,0,,68,95.88235294117646,-280.0,2267
GAP25P__odds_band=80-100__model_rank_band=6-8,GAP25P,odds_band=80-100;model_rank_band=6-8,False,4,0,0.0,-400.0,0.0,0.0,0.0,0.0,1,0,0.0,0.0,4,0,0.0,-400.0,295,145.35593220338984,13380.0,2,0,0.0,-200.0,2,0.0,70,93.14285714285714,-480.0,2268
GAP25P__pair_worse_rank_band=7-10__field_size_band=<=12,GAP25P,pair_worse_rank_band=7-10;field_size_band=<=12,False,4,0,0.0,-400.0,0.0,0.0,0.0,0.0,1,0,0.0,0.0,4,0,0.0,-400.0,295,145.35593220338984,13380.0,0,0,,0.0,0,,68,95.88235294117646,-280.0,2269
GAP25P__pair_worse_rank_band=15+__field_size_band=15-16,GAP25P,pair_worse_rank_band=15+;field_size_band=15-16,False,4,0,0.0,-400.0,0.0,0.0,0.0,0.0,1,0,0.0,0.0,4,0,0.0,-400.0,295,145.35593220338984,13380.0,3,0,0.0,-300.0,3,0.0,71,91.83098591549296,-580.0,2270
GAP15_24__market_rank_band=31-40__l17_rank_band=<=10,GAP15_24,market_rank_band=31-40;l17_rank_band=<=10,False,5,1,1192.0,5460.0,0.0,100.0,0.0,1986.6666666666667,1,1,20.0,0.3436426116838488,4,0,0.0,-400.0,295,145.35593220338984,13380.0,2,0,0.0,-200.0,1,0.0,69,94.4927536231884,-380.0,2271
GAP15_24__market_rank_band=31-40__model_rank_band=6-8,GAP15_24,market_rank_band=31-40;model_rank_band=6-8,False,6,0,0.0,-600.0,0.0,0.0,0.0,0.0,1,2,33.333333333333336,0.6872852233676976,4,0,0.0,-400.0,295,145.35593220338984,13380.0,2,0,0.0,-200.0,0,,68,95.88235294117646,-280.0,2272
GAP5P__odds_band=80-100__model_rank_band=6-8,GAP5P,odds_band=80-100;model_rank_band=6-8,False,6,0,0.0,-600.0,0.0,0.0,0.0,0.0,1,2,33.333333333333336,0.6872852233676976,4,0,0.0,-400.0,295,145.35593220338984,13380.0,4,0,0.0,-400.0,3,0.0,71,91.83098591549296,-580.0,2273
GAP10P__odds_band=80-100__model_rank_band=6-8,GAP10P,odds_band=80-100;model_rank_band=6-8,False,6,0,0.0,-600.0,0.0,0.0,0.0,0.0,1,2,33.333333333333336,0.6872852233676976,4,0,0.0,-400.0,295,145.35593220338984,13380.0,4,0,0.0,-400.0,3,0.0,71,91.83098591549296,-580.0,2274
GAP15_24__odds_band=20-40__field_size_band=15-16,GAP15_24,odds_band=20-40;field_size_band=15-16,False,8,0,0.0,-800.0,0.0,0.0,0.0,0.0,2,4,50.0,1.3745704467353952,4,0,0.0,-400.0,295,145.35593220338984,13380.0,2,0,0.0,-200.0,0,,68,95.88235294117646,-280.0,2275
GAP15_24__odds_band=60-80__model_rank_band=1-3,GAP15_24,odds_band=60-80;model_rank_band=1-3,False,13,0,0.0,-1300.0,0.0,0.0,0.0,0.0,1,9,69.23076923076923,3.0927835051546393,4,0,0.0,-400.0,295,145.35593220338984,13380.0,1,0,0.0,-100.0,1,0.0,69,94.4927536231884,-380.0,2276
GAP25P__field_size_band=<=12__surface=DIRT,GAP25P,field_size_band=<=12;surface=DIRT,False,3,0,0.0,-300.0,0.0,0.0,0.0,0.0,1,0,0.0,0.0,3,0,0.0,-300.0,294,145.85034013605443,13480.0,0,0,,0.0,0,,68,95.88235294117646,-280.0,2277
GAP25P__field_size_band=17+__l17_rank_band=31-40,GAP25P,field_size_band=17+;l17_rank_band=31-40,False,3,0,0.0,-300.0,0.0,0.0,0.0,0.0,1,0,0.0,0.0,3,0,0.0,-300.0,294,145.85034013605443,13480.0,0,0,,0.0,0,,68,95.88235294117646,-280.0,2278
GAP25P__field_size_band=17+__l17_rank_band=41-60,GAP25P,field_size_band=17+;l17_rank_band=41-60,False,3,0,0.0,-300.0,0.0,0.0,0.0,0.0,1,0,0.0,0.0,3,0,0.0,-300.0,294,145.85034013605443,13480.0,5,0,0.0,-500.0,5,0.0,73,89.31506849315069,-780.0,2279
GAP15_24__odds_band=40-60__market_rank_band=31-40,GAP15_24,odds_band=40-60;market_rank_band=31-40,False,4,1,1490.0,5560.0,0.0,100.0,0.0,2980.0,1,1,25.0,0.3436426116838488,3,0,0.0,-300.0,294,145.85034013605443,13480.0,1,0,0.0,-100.0,1,0.0,69,94.4927536231884,-380.0,2280
GAP15_24__surface=DIRT__distance_band=1801-2200,GAP15_24,surface=DIRT;distance_band=1801-2200,False,15,0,0.0,-1500.0,0.0,0.0,0.0,0.0,4,12,80.0,4.123711340206185,3,0,0.0,-300.0,294,145.85034013605443,13480.0,2,0,0.0,-200.0,1,0.0,69,94.4927536231884,-380.0,2281
GAP15_24__pair_worse_rank_band=15+__field_size_band=15-16,GAP15_24,pair_worse_rank_band=15+;field_size_band=15-16,False,17,0,0.0,-1700.0,0.0,0.0,0.0,0.0,1,14,82.3529411764706,4.810996563573883,3,0,0.0,-300.0,294,145.85034013605443,13480.0,6,0,0.0,-600.0,1,0.0,69,94.4927536231884,-380.0,2282
GAP15_24__odds_band=80-100__field_size_band=15-16,GAP15_24,odds_band=80-100;field_size_band=15-16,False,25,1,373.6,6840.0,0.0,100.0,0.0,467.0,1,22,88.0,7.560137457044673,3,0,0.0,-300.0,294,145.85034013605443,13480.0,15,0,0.0,-1500.0,1,0.0,69,94.4927536231884,-380.0,2283
GAP15_24__field_size_band=15-16__distance_band=1801-2200,GAP15_24,field_size_band=15-16;distance_band=1801-2200,False,40,0,0.0,-4000.0,0.0,0.0,0.0,0.0,12,37,92.5,12.714776632302405,3,0,0.0,-300.0,294,145.85034013605443,13480.0,5,0,0.0,-500.0,0,,68,95.88235294117646,-280.0,2284
GAP15_24__field_size_band=15-16__distance_band=2201+,GAP15_24,field_size_band=15-16;distance_band=2201+,False,6,0,0.0,-600.0,0.0,0.0,0.0,0.0,1,5,83.33333333333333,1.7182130584192439,1,0,0.0,-100.0,292,146.84931506849315,13680.0,3,0,0.0,-300.0,0,,68,95.88235294117646,-280.0,2285
GAP15_24__odds_band=100+__field_size_band=15-16,GAP15_24,odds_band=100+;field_size_band=15-16,False,19,0,0.0,-1900.0,0.0,0.0,0.0,0.0,3,19,100.0,6.529209621993127,0,0,,0.0,291,147.35395189003435,13780.0,14,0,0.0,-1400.0,1,0.0,69,94.4927536231884,-380.0,2286
GAP15_24__odds_band=80-100__market_rank_band=26-30,GAP15_24,odds_band=80-100;market_rank_band=26-30,False,19,1,460.5263157894737,6850.0,0.0,100.0,-1.0,514.7058823529412,0,7,36.8421052631579,2.4054982817869415,12,1,729.1666666666666,7550.0,303,170.3960396039604,21330.0,16,0,0.0,-1600.0,8,0.0,76,85.78947368421052,-1080.0,2287
GAP15_24__odds_band=80-100__field_size_band=17+,GAP15_24,odds_band=80-100;field_size_band=17+,False,17,1,514.7058823529412,7050.0,0.0,100.0,-1.0,729.1666666666666,0,0,0.0,0.0,17,1,514.7058823529412,7050.0,308,167.62987012987014,20830.0,13,0,0.0,-1300.0,13,0.0,81,80.49382716049382,-1580.0,2288
GAP15_24__field_size_band=17+__model_rank_band=4-5,GAP15_24,field_size_band=17+;model_rank_band=4-5,False,30,2,388.0,8640.0,136.33333333333334,64.86254295532646,-1.0,646.6666666666666,0,0,0.0,0.0,30,2,388.0,8640.0,321,169.8442367601246,22420.0,2,0,0.0,-200.0,2,0.0,70,93.14285714285714,-480.0,2289
GAP10P__odds_band=80-100__field_size_band=17+,GAP10P,odds_band=80-100;field_size_band=17+,False,24,1,364.5833333333333,6350.0,0.0,100.0,-1.0,486.1111111111111,0,0,0.0,0.0,24,1,364.5833333333333,6350.0,315,163.9047619047619,20130.0,17,0,0.0,-1700.0,17,0.0,85,76.70588235294117,-1980.0,2290
GAP25P__odds_band=100+,GAP25P,odds_band=100+,False,28,0,0.0,-2800.0,0.0,0.0,-1.0,0.0,0,0,0.0,0.0,28,0,0.0,-2800.0,319,134.42006269592477,10980.0,38,0,0.0,-3800.0,38,0.0,106,61.509433962264154,-4080.0,2291
GAP10_14__odds_band=60-80__model_rank_band=6-8,GAP10_14,odds_band=60-80;model_rank_band=6-8,False,27,0,0.0,-2700.0,0.0,0.0,-1.0,0.0,0,0,0.0,0.0,27,0,0.0,-2700.0,318,134.8427672955975,11080.0,1,0,0.0,-100.0,1,0.0,69,94.4927536231884,-380.0,2292
GAP25P__odds_band=100+__model_rank_band=11-15,GAP25P,odds_band=100+;model_rank_band=11-15,False,24,0,0.0,-2400.0,0.0,0.0,-1.0,0.0,0,0,0.0,0.0,24,0,0.0,-2400.0,315,136.12698412698413,11380.0,26,0,0.0,-2600.0,26,0.0,94,69.36170212765957,-2880.0,2293
GAP25P__model_rank_band=11-15__l17_rank_band=61+,GAP25P,model_rank_band=11-15;l17_rank_band=61+,False,23,0,0.0,-2300.0,0.0,0.0,-1.0,0.0,0,0,0.0,0.0,23,0,0.0,-2300.0,314,136.56050955414014,11480.0,27,0,0.0,-2700.0,27,0.0,95,68.63157894736842,-2980.0,2294
GAP25P__odds_band=100+__field_size_band=15-16,GAP25P,odds_band=100+;field_size_band=15-16,False,20,0,0.0,-2000.0,0.0,0.0,-1.0,0.0,0,0,0.0,0.0,20,0,0.0,-2000.0,311,137.87781350482314,11780.0,23,0,0.0,-2300.0,23,0.0,91,71.64835164835165,-2580.0,2295
GAP25P__market_rank_band=41+,GAP25P,market_rank_band=41+,False,19,0,0.0,-1900.0,0.0,0.0,-1.0,0.0,0,0,0.0,0.0,19,0,0.0,-1900.0,310,138.32258064516128,11880.0,32,0,0.0,-3200.0,32,0.0,100,65.2,-3480.0,2296
GAP5P__market_rank_band=41+,GAP5P,market_rank_band=41+,False,19,0,0.0,-1900.0,0.0,0.0,-1.0,0.0,0,0,0.0,0.0,19,0,0.0,-1900.0,310,138.32258064516128,11880.0,32,0,0.0,-3200.0,32,0.0,100,65.2,-3480.0,2297
GAP10P__market_rank_band=41+,GAP10P,market_rank_band=41+,False,19,0,0.0,-1900.0,0.0,0.0,-1.0,0.0,0,0,0.0,0.0,19,0,0.0,-1900.0,310,138.32258064516128,11880.0,32,0,0.0,-3200.0,32,0.0,100,65.2,-3480.0,2298
GAP25P__market_rank_band=41+__l17_rank_band=61+,GAP25P,market_rank_band=41+;l17_rank_band=61+,False,18,0,0.0,-1800.0,0.0,0.0,-1.0,0.0,0,0,0.0,0.0,18,0,0.0,-1800.0,309,138.77022653721684,11980.0,30,0,0.0,-3000.0,30,0.0,98,66.53061224489795,-3280.0,2299
GAP25P__odds_band=100+__market_rank_band=41+,GAP25P,odds_band=100+;market_rank_band=41+,False,18,0,0.0,-1800.0,0.0,0.0,-1.0,0.0,0,0,0.0,0.0,18,0,0.0,-1800.0,309,138.77022653721684,11980.0,28,0,0.0,-2800.0,28,0.0,96,67.91666666666667,-3080.0,2300
GAP5P__market_rank_band=41+__l17_rank_band=61+,GAP5P,market_rank_band=41+;l17_rank_band=61+,False,18,0,0.0,-1800.0,0.0,0.0,-1.0,0.0,0,0,0.0,0.0,18,0,0.0,-1800.0,309,138.77022653721684,11980.0,30,0,0.0,-3000.0,30,0.0,98,66.53061224489795,-3280.0,2301
GAP5P__odds_band=100+__market_rank_band=41+,GAP5P,odds_band=100+;market_rank_band=41+,False,18,0,0.0,-1800.0,0.0,0.0,-1.0,0.0,0,0,0.0,0.0,18,0,0.0,-1800.0,309,138.77022653721684,11980.0,28,0,0.0,-2800.0,28,0.0,96,67.91666666666667,-3080.0,2302
GAP10P__market_rank_band=41+__l17_rank_band=61+,GAP10P,market_rank_band=41+;l17_rank_band=61+,False,18,0,0.0,-1800.0,0.0,0.0,-1.0,0.0,0,0,0.0,0.0,18,0,0.0,-1800.0,309,138.77022653721684,11980.0,30,0,0.0,-3000.0,30,0.0,98,66.53061224489795,-3280.0,2303
GAP10P__odds_band=100+__market_rank_band=41+,GAP10P,odds_band=100+;market_rank_band=41+,False,18,0,0.0,-1800.0,0.0,0.0,-1.0,0.0,0,0,0.0,0.0,18,0,0.0,-1800.0,309,138.77022653721684,11980.0,28,0,0.0,-2800.0,28,0.0,96,67.91666666666667,-3080.0,2304
GAP25P__market_rank_band=41+__model_rank_band=11-15,GAP25P,market_rank_band=41+;model_rank_band=11-15,False,17,0,0.0,-1700.0,0.0,0.0,-1.0,0.0,0,0,0.0,0.0,17,0,0.0,-1700.0,308,139.2207792207792,12080.0,21,0,0.0,-2100.0,21,0.0,89,73.25842696629213,-2380.0,2305
GAP5P__market_rank_band=41+__model_rank_band=11-15,GAP5P,market_rank_band=41+;model_rank_band=11-15,False,17,0,0.0,-1700.0,0.0,0.0,-1.0,0.0,0,0,0.0,0.0,17,0,0.0,-1700.0,308,139.2207792207792,12080.0,21,0,0.0,-2100.0,21,0.0,89,73.25842696629213,-2380.0,2306
GAP10P__market_rank_band=41+__model_rank_band=11-15,GAP10P,market_rank_band=41+;model_rank_band=11-15,False,17,0,0.0,-1700.0,0.0,0.0,-1.0,0.0,0,0,0.0,0.0,17,0,0.0,-1700.0,308,139.2207792207792,12080.0,21,0,0.0,-2100.0,21,0.0,89,73.25842696629213,-2380.0,2307
GAP10_14__odds_band=100+__market_rank_band=21-25,GAP10_14,odds_band=100+;market_rank_band=21-25,False,15,0,0.0,-1500.0,0.0,0.0,-1.0,0.0,0,0,0.0,0.0,15,0,0.0,-1500.0,306,140.13071895424838,12280.0,1,0,0.0,-100.0,1,0.0,69,94.4927536231884,-380.0,2308
GAP25P__field_size_band=15-16__market_rank_band=41+,GAP25P,field_size_band=15-16;market_rank_band=41+,False,15,0,0.0,-1500.0,0.0,0.0,-1.0,0.0,0,0,0.0,0.0,15,0,0.0,-1500.0,306,140.13071895424838,12280.0,21,0,0.0,-2100.0,21,0.0,89,73.25842696629213,-2380.0,2309
GAP25P__pair_worse_rank_band=11-14__market_rank_band=41+,GAP25P,pair_worse_rank_band=11-14;market_rank_band=41+,False,15,0,0.0,-1500.0,0.0,0.0,-1.0,0.0,0,0,0.0,0.0,15,0,0.0,-1500.0,306,140.13071895424838,12280.0,26,0,0.0,-2600.0,26,0.0,94,69.36170212765957,-2880.0,2310
GAP5P__field_size_band=15-16__market_rank_band=41+,GAP5P,field_size_band=15-16;market_rank_band=41+,False,15,0,0.0,-1500.0,0.0,0.0,-1.0,0.0,0,0,0.0,0.0,15,0,0.0,-1500.0,306,140.13071895424838,12280.0,21,0,0.0,-2100.0,21,0.0,89,73.25842696629213,-2380.0,2311
GAP5P__pair_worse_rank_band=11-14__market_rank_band=41+,GAP5P,pair_worse_rank_band=11-14;market_rank_band=41+,False,15,0,0.0,-1500.0,0.0,0.0,-1.0,0.0,0,0,0.0,0.0,15,0,0.0,-1500.0,306,140.13071895424838,12280.0,26,0,0.0,-2600.0,26,0.0,94,69.36170212765957,-2880.0,2312
GAP10P__field_size_band=15-16__market_rank_band=41+,GAP10P,field_size_band=15-16;market_rank_band=41+,False,15,0,0.0,-1500.0,0.0,0.0,-1.0,0.0,0,0,0.0,0.0,15,0,0.0,-1500.0,306,140.13071895424838,12280.0,21,0,0.0,-2100.0,21,0.0,89,73.25842696629213,-2380.0,2313
GAP10P__odds_band=100+__market_rank_band=21-25,GAP10P,odds_band=100+;market_rank_band=21-25,False,15,0,0.0,-1500.0,0.0,0.0,-1.0,0.0,0,0,0.0,0.0,15,0,0.0,-1500.0,306,140.13071895424838,12280.0,1,0,0.0,-100.0,1,0.0,69,94.4927536231884,-380.0,2314
GAP10P__pair_worse_rank_band=11-14__market_rank_band=41+,GAP10P,pair_worse_rank_band=11-14;market_rank_band=41+,False,15,0,0.0,-1500.0,0.0,0.0,-1.0,0.0,0,0,0.0,0.0,15,0,0.0,-1500.0,306,140.13071895424838,12280.0,26,0,0.0,-2600.0,26,0.0,94,69.36170212765957,-2880.0,2315
GAP10P__odds_band=80-100__field_size_band=13-14,GAP10P,odds_band=80-100;field_size_band=13-14,False,14,0,0.0,-1400.0,0.0,0.0,-1.0,0.0,0,0,0.0,0.0,14,0,0.0,-1400.0,305,140.59016393442624,12380.0,8,0,0.0,-800.0,8,0.0,76,85.78947368421052,-1080.0,2316
GAP10P__odds_band=100+__field_size_band=17+,GAP10P,odds_band=100+;field_size_band=17+,False,14,0,0.0,-1400.0,0.0,0.0,-1.0,0.0,0,0,0.0,0.0,14,0,0.0,-1400.0,305,140.59016393442624,12380.0,21,0,0.0,-2100.0,21,0.0,89,73.25842696629213,-2380.0,2317
GAP3_4__odds_band=100+__market_rank_band=11-15,GAP3_4,odds_band=100+;market_rank_band=11-15,False,12,0,0.0,-1200.0,0.0,0.0,-1.0,0.0,0,0,0.0,0.0,12,0,0.0,-1200.0,303,141.5181518151815,12580.0,3,0,0.0,-300.0,3,0.0,71,91.83098591549296,-580.0,2318
GAP25P__odds_band=100+__market_rank_band=31-40,GAP25P,odds_band=100+;market_rank_band=31-40,False,12,0,0.0,-1200.0,0.0,0.0,-1.0,0.0,0,0,0.0,0.0,12,0,0.0,-1200.0,303,141.5181518151815,12580.0,12,0,0.0,-1200.0,12,0.0,80,81.5,-1480.0,2319
GAP25P__odds_band=60-80__model_rank_band=4-5,GAP25P,odds_band=60-80;model_rank_band=4-5,False,11,0,0.0,-1100.0,0.0,0.0,-1.0,0.0,0,0,0.0,0.0,11,0,0.0,-1100.0,302,141.98675496688742,12680.0,1,0,0.0,-100.0,1,0.0,69,94.4927536231884,-380.0,2320
GAP10P__odds_band=100+__field_size_band=<=12,GAP10P,odds_band=100+;field_size_band=<=12,False,11,0,0.0,-1100.0,0.0,0.0,-1.0,0.0,0,0,0.0,0.0,11,0,0.0,-1100.0,302,141.98675496688742,12680.0,1,0,0.0,-100.0,1,0.0,69,94.4927536231884,-380.0,2321
GAP15_24__model_rank_band=1-3__l17_rank_band=21-30,GAP15_24,model_rank_band=1-3;l17_rank_band=21-30,False,15,0,0.0,-1500.0,0.0,0.0,-1.0,0.0,0,4,26.666666666666668,1.3745704467353952,11,0,0.0,-1100.0,302,141.98675496688742,12680.0,0,0,,0.0,0,,68,95.88235294117646,-280.0,2322
GAP15_24__market_rank_band=16-20__l17_rank_band=21-30,GAP15_24,market_rank_band=16-20;l17_rank_band=21-30,False,16,0,0.0,-1600.0,0.0,0.0,-1.0,0.0,0,5,31.25,1.7182130584192439,11,0,0.0,-1100.0,302,141.98675496688742,12680.0,1,0,0.0,-100.0,1,0.0,69,94.4927536231884,-380.0,2323
GAP10_14__odds_band=100+__field_size_band=<=12,GAP10_14,odds_band=100+;field_size_band=<=12,False,10,0,0.0,-1000.0,0.0,0.0,-1.0,0.0,0,0,0.0,0.0,10,0,0.0,-1000.0,301,142.45847176079735,12780.0,0,0,,0.0,0,,68,95.88235294117646,-280.0,2324
GAP5_6__odds_band=60-80__market_rank_band=11-15,GAP5_6,odds_band=60-80;market_rank_band=11-15,False,9,0,0.0,-900.0,0.0,0.0,-1.0,0.0,0,0,0.0,0.0,9,0,0.0,-900.0,300,142.93333333333334,12880.0,0,0,,0.0,0,,68,95.88235294117646,-280.0,2325
GAP15_24__field_size_band=13-14__l17_rank_band=<=10,GAP15_24,field_size_band=13-14;l17_rank_band=<=10,False,9,0,0.0,-900.0,0.0,0.0,-1.0,0.0,0,0,0.0,0.0,9,0,0.0,-900.0,300,142.93333333333334,12880.0,2,0,0.0,-200.0,2,0.0,70,93.14285714285714,-480.0,2326
GAP25P__field_size_band=13-14__market_rank_band=26-30,GAP25P,field_size_band=13-14;market_rank_band=26-30,False,9,0,0.0,-900.0,0.0,0.0,-1.0,0.0,0,0,0.0,0.0,9,0,0.0,-900.0,300,142.93333333333334,12880.0,1,0,0.0,-100.0,1,0.0,69,94.4927536231884,-380.0,2327
GAP25P__field_size_band=15-16__model_rank_band=4-5,GAP25P,field_size_band=15-16;model_rank_band=4-5,False,9,0,0.0,-900.0,0.0,0.0,-1.0,0.0,0,0,0.0,0.0,9,0,0.0,-900.0,300,142.93333333333334,12880.0,1,0,0.0,-100.0,1,0.0,69,94.4927536231884,-380.0,2328
GAP0_2__odds_band=100+__market_rank_band=<=10,GAP0_2,odds_band=100+;market_rank_band=<=10,False,8,0,0.0,-800.0,0.0,0.0,-1.0,0.0,0,0,0.0,0.0,8,0,0.0,-800.0,299,143.41137123745818,12980.0,5,0,0.0,-500.0,5,0.0,73,89.31506849315069,-780.0,2329
GAP7_9__odds_band=100+__field_size_band=13-14,GAP7_9,odds_band=100+;field_size_band=13-14,False,8,0,0.0,-800.0,0.0,0.0,-1.0,0.0,0,0,0.0,0.0,8,0,0.0,-800.0,299,143.41137123745818,12980.0,1,0,0.0,-100.0,1,0.0,69,94.4927536231884,-380.0,2330
GAP7_9__odds_band=60-80__model_rank_band=6-8,GAP7_9,odds_band=60-80;model_rank_band=6-8,False,8,0,0.0,-800.0,0.0,0.0,-1.0,0.0,0,0,0.0,0.0,8,0,0.0,-800.0,299,143.41137123745818,12980.0,0,0,,0.0,0,,68,95.88235294117646,-280.0,2331
GAP10_14__odds_band=80-100__field_size_band=13-14,GAP10_14,odds_band=80-100;field_size_band=13-14,False,8,0,0.0,-800.0,0.0,0.0,-1.0,0.0,0,0,0.0,0.0,8,0,0.0,-800.0,299,143.41137123745818,12980.0,1,0,0.0,-100.0,1,0.0,69,94.4927536231884,-380.0,2332
GAP25P__field_size_band=13-14__model_rank_band=1-3,GAP25P,field_size_band=13-14;model_rank_band=1-3,False,8,0,0.0,-800.0,0.0,0.0,-1.0,0.0,0,0,0.0,0.0,8,0,0.0,-800.0,299,143.41137123745818,12980.0,3,0,0.0,-300.0,3,0.0,71,91.83098591549296,-580.0,2333
GAP25P__pair_worse_rank_band=<=6__market_rank_band=26-30,GAP25P,pair_worse_rank_band=<=6;market_rank_band=26-30,False,8,0,0.0,-800.0,0.0,0.0,-1.0,0.0,0,0,0.0,0.0,8,0,0.0,-800.0,299,143.41137123745818,12980.0,0,0,,0.0,0,,68,95.88235294117646,-280.0,2334
GAP5_6__odds_band=80-100__field_size_band=17+,GAP5_6,odds_band=80-100;field_size_band=17+,False,7,0,0.0,-700.0,0.0,0.0,-1.0,0.0,0,0,0.0,0.0,7,0,0.0,-700.0,298,143.89261744966444,13080.0,0,0,,0.0,0,,68,95.88235294117646,-280.0,2335
GAP10_14__odds_band=80-100__field_size_band=17+,GAP10_14,odds_band=80-100;field_size_band=17+,False,7,0,0.0,-700.0,0.0,0.0,-1.0,0.0,0,0,0.0,0.0,7,0,0.0,-700.0,298,143.89261744966444,13080.0,2,0,0.0,-200.0,2,0.0,70,93.14285714285714,-480.0,2336
GAP15_24__field_size_band=<=12__l17_rank_band=41-60,GAP15_24,field_size_band=<=12;l17_rank_band=41-60,False,7,0,0.0,-700.0,0.0,0.0,-1.0,0.0,0,0,0.0,0.0,7,0,0.0,-700.0,298,143.89261744966444,13080.0,4,0,0.0,-400.0,4,0.0,72,90.55555555555556,-680.0,2337
GAP25P__field_size_band=13-14__surface=TURF,GAP25P,field_size_band=13-14;surface=TURF,False,7,0,0.0,-700.0,0.0,0.0,-1.0,0.0,0,0,0.0,0.0,7,0,0.0,-700.0,298,143.89261744966444,13080.0,2,0,0.0,-200.0,2,0.0,70,93.14285714285714,-480.0,2338
GAP25P__market_rank_band=31-40__model_rank_band=4-5,GAP25P,market_rank_band=31-40;model_rank_band=4-5,False,7,0,0.0,-700.0,0.0,0.0,-1.0,0.0,0,0,0.0,0.0,7,0,0.0,-700.0,298,143.89261744966444,13080.0,5,0,0.0,-500.0,5,0.0,73,89.31506849315069,-780.0,2339
GAP25P__market_rank_band=26-30__l17_rank_band=11-20,GAP25P,market_rank_band=26-30;l17_rank_band=11-20,False,7,0,0.0,-700.0,0.0,0.0,-1.0,0.0,0,0,0.0,0.0,7,0,0.0,-700.0,298,143.89261744966444,13080.0,0,0,,0.0,0,,68,95.88235294117646,-280.0,2340
GAP25P__odds_band=40-60__field_size_band=13-14,GAP25P,odds_band=40-60;field_size_band=13-14,False,7,0,0.0,-700.0,0.0,0.0,-1.0,0.0,0,0,0.0,0.0,7,0,0.0,-700.0,298,143.89261744966444,13080.0,1,0,0.0,-100.0,1,0.0,69,94.4927536231884,-380.0,2341
GAP25P__odds_band=100+__field_size_band=17+,GAP25P,odds_band=100+;field_size_band=17+,False,7,0,0.0,-700.0,0.0,0.0,-1.0,0.0,0,0,0.0,0.0,7,0,0.0,-700.0,298,143.89261744966444,13080.0,14,0,0.0,-1400.0,14,0.0,82,79.51219512195122,-1680.0,2342
GAP25P__odds_band=60-80__model_rank_band=6-8,GAP25P,odds_band=60-80;model_rank_band=6-8,False,7,0,0.0,-700.0,0.0,0.0,-1.0,0.0,0,0,0.0,0.0,7,0,0.0,-700.0,298,143.89261744966444,13080.0,1,0,0.0,-100.0,1,0.0,69,94.4927536231884,-380.0,2343
GAP5P__market_rank_band=31-40__model_rank_band=4-5,GAP5P,market_rank_band=31-40;model_rank_band=4-5,False,7,0,0.0,-700.0,0.0,0.0,-1.0,0.0,0,0,0.0,0.0,7,0,0.0,-700.0,298,143.89261744966444,13080.0,5,0,0.0,-500.0,5,0.0,73,89.31506849315069,-780.0,2344
GAP10P__market_rank_band=31-40__model_rank_band=4-5,GAP10P,market_rank_band=31-40;model_rank_band=4-5,False,7,0,0.0,-700.0,0.0,0.0,-1.0,0.0,0,0,0.0,0.0,7,0,0.0,-700.0,298,143.89261744966444,13080.0,5,0,0.0,-500.0,5,0.0,73,89.31506849315069,-780.0,2345
GAP15_24__model_rank_band=9-10__l17_rank_band=<=10,GAP15_24,model_rank_band=9-10;l17_rank_band=<=10,False,11,1,541.8181818181819,4860.0,0.0,100.0,-1.0,596.0,0,4,36.36363636363637,1.3745704467353952,7,0,0.0,-700.0,298,143.89261744966444,13080.0,0,0,,0.0,0,,68,95.88235294117646,-280.0,2346
GAP0_2__odds_band=80-100__field_size_band=17+,GAP0_2,odds_band=80-100;field_size_band=17+,False,6,0,0.0,-600.0,0.0,0.0,-1.0,0.0,0,0,0.0,0.0,6,0,0.0,-600.0,297,144.3771043771044,13180.0,2,0,0.0,-200.0,2,0.0,70,93.14285714285714,-480.0,2347
GAP5_6__market_rank_band=21-25__l17_rank_band=61+,GAP5_6,market_rank_band=21-25;l17_rank_band=61+,False,6,0,0.0,-600.0,0.0,0.0,-1.0,0.0,0,0,0.0,0.0,6,0,0.0,-600.0,297,144.3771043771044,13180.0,5,0,0.0,-500.0,5,0.0,73,89.31506849315069,-780.0,2348
GAP7_9__odds_band=<20__model_rank_band=4-5,GAP7_9,odds_band=<20;model_rank_band=4-5,False,6,0,0.0,-600.0,0.0,0.0,-1.0,0.0,0,0,0.0,0.0,6,0,0.0,-600.0,297,144.3771043771044,13180.0,0,0,,0.0,0,,68,95.88235294117646,-280.0,2349
GAP15_24__odds_band=80-100__field_size_band=13-14,GAP15_24,odds_band=80-100;field_size_band=13-14,False,6,0,0.0,-600.0,0.0,0.0,-1.0,0.0,0,0,0.0,0.0,6,0,0.0,-600.0,297,144.3771043771044,13180.0,6,0,0.0,-600.0,6,0.0,74,88.10810810810811,-880.0,2350
GAP25P__field_size_band=<=12__market_rank_band=26-30,GAP25P,field_size_band=<=12;market_rank_band=26-30,False,6,0,0.0,-600.0,0.0,0.0,-1.0,0.0,0,0,0.0,0.0,6,0,0.0,-600.0,297,144.3771043771044,13180.0,0,0,,0.0,0,,68,95.88235294117646,-280.0,2351
GAP25P__field_size_band=17+__model_rank_band=11-15,GAP25P,field_size_band=17+;model_rank_band=11-15,False,6,0,0.0,-600.0,0.0,0.0,-1.0,0.0,0,0,0.0,0.0,6,0,0.0,-600.0,297,144.3771043771044,13180.0,8,0,0.0,-800.0,8,0.0,76,85.78947368421052,-1080.0,2352
GAP25P__field_size_band=15-16__l17_rank_band=31-40,GAP25P,field_size_band=15-16;l17_rank_band=31-40,False,6,0,0.0,-600.0,0.0,0.0,-1.0,0.0,0,0,0.0,0.0,6,0,0.0,-600.0,297,144.3771043771044,13180.0,0,0,,0.0,0,,68,95.88235294117646,-280.0,2353
GAP25P__model_rank_band=1-3__l17_rank_band=11-20,GAP25P,model_rank_band=1-3;l17_rank_band=11-20,False,6,0,0.0,-600.0,0.0,0.0,-1.0,0.0,0,0,0.0,0.0,6,0,0.0,-600.0,297,144.3771043771044,13180.0,0,0,,0.0,0,,68,95.88235294117646,-280.0,2354
GAP25P__pair_worse_rank_band=<=6__field_size_band=13-14,GAP25P,pair_worse_rank_band=<=6;field_size_band=13-14,False,6,0,0.0,-600.0,0.0,0.0,-1.0,0.0,0,0,0.0,0.0,6,0,0.0,-600.0,297,144.3771043771044,13180.0,0,0,,0.0,0,,68,95.88235294117646,-280.0,2355
GAP25P__pair_worse_rank_band=15+__field_size_band=17+,GAP25P,pair_worse_rank_band=15+;field_size_band=17+,False,6,0,0.0,-600.0,0.0,0.0,-1.0,0.0,0,0,0.0,0.0,6,0,0.0,-600.0,297,144.3771043771044,13180.0,8,0,0.0,-800.0,8,0.0,76,85.78947368421052,-1080.0,2356
GAP0_2__odds_band=80-100__model_rank_band=6-8,GAP0_2,odds_band=80-100;model_rank_band=6-8,False,5,0,0.0,-500.0,0.0,0.0,-1.0,0.0,0,0,0.0,0.0,5,0,0.0,-500.0,296,144.86486486486487,13280.0,2,0,0.0,-200.0,2,0.0,70,93.14285714285714,-480.0,2357
GAP10_14__field_size_band=17+__distance_band=2201+,GAP10_14,field_size_band=17+;distance_band=2201+,False,5,0,0.0,-500.0,0.0,0.0,-1.0,0.0,0,0,0.0,0.0,5,0,0.0,-500.0,296,144.86486486486487,13280.0,0,0,,0.0,0,,68,95.88235294117646,-280.0,2358
GAP10_14__odds_band=100+__field_size_band=13-14,GAP10_14,odds_band=100+;field_size_band=13-14,False,5,0,0.0,-500.0,0.0,0.0,-1.0,0.0,0,0,0.0,0.0,5,0,0.0,-500.0,296,144.86486486486487,13280.0,0,0,,0.0,0,,68,95.88235294117646,-280.0,2359
GAP15_24__odds_band=20-40__market_rank_band=21-25,GAP15_24,odds_band=20-40;market_rank_band=21-25,False,5,0,0.0,-500.0,0.0,0.0,-1.0,0.0,0,0,0.0,0.0,5,0,0.0,-500.0,296,144.86486486486487,13280.0,0,0,,0.0,0,,68,95.88235294117646,-280.0,2360
GAP25P__field_size_band=13-14__distance_band=<=1400,GAP25P,field_size_band=13-14;distance_band=<=1400,False,5,0,0.0,-500.0,0.0,0.0,-1.0,0.0,0,0,0.0,0.0,5,0,0.0,-500.0,296,144.86486486486487,13280.0,0,0,,0.0,0,,68,95.88235294117646,-280.0,2361
GAP25P__field_size_band=13-14__market_rank_band=31-40,GAP25P,field_size_band=13-14;market_rank_band=31-40,False,5,0,0.0,-500.0,0.0,0.0,-1.0,0.0,0,0,0.0,0.0,5,0,0.0,-500.0,296,144.86486486486487,13280.0,2,0,0.0,-200.0,2,0.0,70,93.14285714285714,-480.0,2362
GAP25P__model_rank_band=1-3__l17_rank_band=41-60,GAP25P,model_rank_band=1-3;l17_rank_band=41-60,False,5,0,0.0,-500.0,0.0,0.0,-1.0,0.0,0,0,0.0,0.0,5,0,0.0,-500.0,296,144.86486486486487,13280.0,1,0,0.0,-100.0,1,0.0,69,94.4927536231884,-380.0,2363
GAP10P__field_size_band=<=12__l17_rank_band=61+,GAP10P,field_size_band=<=12;l17_rank_band=61+,False,5,0,0.0,-500.0,0.0,0.0,-1.0,0.0,0,0,0.0,0.0,5,0,0.0,-500.0,296,144.86486486486487,13280.0,3,0,0.0,-300.0,3,0.0,71,91.83098591549296,-580.0,2364
GAP15_24__odds_band=20-40__model_rank_band=4-5,GAP15_24,odds_band=20-40;model_rank_band=4-5,False,7,0,0.0,-700.0,0.0,0.0,-1.0,0.0,0,2,28.571428571428573,0.6872852233676976,5,0,0.0,-500.0,296,144.86486486486487,13280.0,0,0,,0.0,0,,68,95.88235294117646,-280.0,2365
GAP10P__odds_band=80-100__model_rank_band=9-10,GAP10P,odds_band=80-100;model_rank_band=9-10,False,7,0,0.0,-700.0,0.0,0.0,-1.0,0.0,0,2,28.571428571428573,0.6872852233676976,5,0,0.0,-500.0,296,144.86486486486487,13280.0,10,0,0.0,-1000.0,9,0.0,77,84.67532467532467,-1180.0,2366
GAP0_2__odds_band=100+__field_size_band=13-14,GAP0_2,odds_band=100+;field_size_band=13-14,False,4,0,0.0,-400.0,0.0,0.0,-1.0,0.0,0,0,0.0,0.0,4,0,0.0,-400.0,295,145.35593220338984,13380.0,3,0,0.0,-300.0,3,0.0,71,91.83098591549296,-580.0,2367
GAP3_4__odds_band=80-100__model_rank_band=9-10,GAP3_4,odds_band=80-100;model_rank_band=9-10,False,4,0,0.0,-400.0,0.0,0.0,-1.0,0.0,0,0,0.0,0.0,4,0,0.0,-400.0,295,145.35593220338984,13380.0,0,0,,0.0,0,,68,95.88235294117646,-280.0,2368
GAP5_6__odds_band=100+__market_rank_band=11-15,GAP5_6,odds_band=100+;market_rank_band=11-15,False,4,0,0.0,-400.0,0.0,0.0,-1.0,0.0,0,0,0.0,0.0,4,0,0.0,-400.0,295,145.35593220338984,13380.0,0,0,,0.0,0,,68,95.88235294117646,-280.0,2369
GAP7_9__odds_band=40-60__model_rank_band=1-3,GAP7_9,odds_band=40-60;model_rank_band=1-3,False,4,0,0.0,-400.0,0.0,0.0,-1.0,0.0,0,0,0.0,0.0,4,0,0.0,-400.0,295,145.35593220338984,13380.0,0,0,,0.0,0,,68,95.88235294117646,-280.0,2370
GAP10_14__field_size_band=<=12__l17_rank_band=61+,GAP10_14,field_size_band=<=12;l17_rank_band=61+,False,4,0,0.0,-400.0,0.0,0.0,-1.0,0.0,0,0,0.0,0.0,4,0,0.0,-400.0,295,145.35593220338984,13380.0,1,0,0.0,-100.0,1,0.0,69,94.4927536231884,-380.0,2371
GAP10_14__odds_band=100+__field_size_band=17+,GAP10_14,odds_band=100+;field_size_band=17+,False,4,0,0.0,-400.0,0.0,0.0,-1.0,0.0,0,0,0.0,0.0,4,0,0.0,-400.0,295,145.35593220338984,13380.0,1,0,0.0,-100.0,1,0.0,69,94.4927536231884,-380.0,2372
GAP25P__distance_band=2201+,GAP25P,distance_band=2201+,False,4,0,0.0,-400.0,0.0,0.0,-1.0,0.0,0,0,0.0,0.0,4,0,0.0,-400.0,295,145.35593220338984,13380.0,0,0,,0.0,0,,68,95.88235294117646,-280.0,2373
GAP25P__l17_rank_band=<=10,GAP25P,l17_rank_band=<=10,False,4,0,0.0,-400.0,0.0,0.0,-1.0,0.0,0,0,0.0,0.0,4,0,0.0,-400.0,295,145.35593220338984,13380.0,0,0,,0.0,0,,68,95.88235294117646,-280.0,2374
GAP25P__field_size_band=<=12__surface=TURF,GAP25P,field_size_band=<=12;surface=TURF,False,4,0,0.0,-400.0,0.0,0.0,-1.0,0.0,0,0,0.0,0.0,4,0,0.0,-400.0,295,145.35593220338984,13380.0,1,0,0.0,-100.0,1,0.0,69,94.4927536231884,-380.0,2375
GAP25P__field_size_band=13-14__surface=DIRT,GAP25P,field_size_band=13-14;surface=DIRT,False,4,0,0.0,-400.0,0.0,0.0,-1.0,0.0,0,0,0.0,0.0,4,0,0.0,-400.0,295,145.35593220338984,13380.0,2,0,0.0,-200.0,2,0.0,70,93.14285714285714,-480.0,2376
GAP25P__field_size_band=17+__market_rank_band=41+,GAP25P,field_size_band=17+;market_rank_band=41+,False,4,0,0.0,-400.0,0.0,0.0,-1.0,0.0,0,0,0.0,0.0,4,0,0.0,-400.0,295,145.35593220338984,13380.0,10,0,0.0,-1000.0,10,0.0,78,83.58974358974359,-1280.0,2377
GAP25P__field_size_band=<=12__model_rank_band=1-3,GAP25P,field_size_band=<=12;model_rank_band=1-3,False,4,0,0.0,-400.0,0.0,0.0,-1.0,0.0,0,0,0.0,0.0,4,0,0.0,-400.0,295,145.35593220338984,13380.0,0,0,,0.0,0,,68,95.88235294117646,-280.0,2378
GAP25P__field_size_band=13-14__l17_rank_band=11-20,GAP25P,field_size_band=13-14;l17_rank_band=11-20,False,4,0,0.0,-400.0,0.0,0.0,-1.0,0.0,0,0,0.0,0.0,4,0,0.0,-400.0,295,145.35593220338984,13380.0,0,0,,0.0,0,,68,95.88235294117646,-280.0,2379
GAP25P__field_size_band=13-14__l17_rank_band=21-30,GAP25P,field_size_band=13-14;l17_rank_band=21-30,False,4,0,0.0,-400.0,0.0,0.0,-1.0,0.0,0,0,0.0,0.0,4,0,0.0,-400.0,295,145.35593220338984,13380.0,1,0,0.0,-100.0,1,0.0,69,94.4927536231884,-380.0,2380
GAP25P__field_size_band=15-16__l17_rank_band=21-30,GAP25P,field_size_band=15-16;l17_rank_band=21-30,False,4,0,0.0,-400.0,0.0,0.0,-1.0,0.0,0,0,0.0,0.0,4,0,0.0,-400.0,295,145.35593220338984,13380.0,0,0,,0.0,0,,68,95.88235294117646,-280.0,2381
GAP25P__surface=TURF__distance_band=2201+,GAP25P,surface=TURF;distance_band=2201+,False,4,0,0.0,-400.0,0.0,0.0,-1.0,0.0,0,0,0.0,0.0,4,0,0.0,-400.0,295,145.35593220338984,13380.0,0,0,,0.0,0,,68,95.88235294117646,-280.0,2382
GAP25P__market_rank_band=26-30__l17_rank_band=41-60,GAP25P,market_rank_band=26-30;l17_rank_band=41-60,False,4,0,0.0,-400.0,0.0,0.0,-1.0,0.0,0,0,0.0,0.0,4,0,0.0,-400.0,295,145.35593220338984,13380.0,0,0,,0.0,0,,68,95.88235294117646,-280.0,2383
GAP25P__market_rank_band=31-40__l17_rank_band=31-40,GAP25P,market_rank_band=31-40;l17_rank_band=31-40,False,4,0,0.0,-400.0,0.0,0.0,-1.0,0.0,0,0,0.0,0.0,4,0,0.0,-400.0,295,145.35593220338984,13380.0,0,0,,0.0,0,,68,95.88235294117646,-280.0,2384
GAP25P__odds_band=40-60__field_size_band=15-16,GAP25P,odds_band=40-60;field_size_band=15-16,False,4,0,0.0,-400.0,0.0,0.0,-1.0,0.0,0,0,0.0,0.0,4,0,0.0,-400.0,295,145.35593220338984,13380.0,0,0,,0.0,0,,68,95.88235294117646,-280.0,2385
GAP25P__odds_band=40-60__model_rank_band=4-5,GAP25P,odds_band=40-60;model_rank_band=4-5,False,4,0,0.0,-400.0,0.0,0.0,-1.0,0.0,0,0,0.0,0.0,4,0,0.0,-400.0,295,145.35593220338984,13380.0,1,0,0.0,-100.0,1,0.0,69,94.4927536231884,-380.0,2386
GAP25P__odds_band=100+__model_rank_band=9-10,GAP25P,odds_band=100+;model_rank_band=9-10,False,4,0,0.0,-400.0,0.0,0.0,-1.0,0.0,0,0,0.0,0.0,4,0,0.0,-400.0,295,145.35593220338984,13380.0,9,0,0.0,-900.0,9,0.0,77,84.67532467532467,-1180.0,2387
GAP25P__pair_worse_rank_band=15+__market_rank_band=41+,GAP25P,pair_worse_rank_band=15+;market_rank_band=41+,False,4,0,0.0,-400.0,0.0,0.0,-1.0,0.0,0,0,0.0,0.0,4,0,0.0,-400.0,295,145.35593220338984,13380.0,6,0,0.0,-600.0,6,0.0,74,88.10810810810811,-880.0,2388
GAP5P__field_size_band=17+__market_rank_band=41+,GAP5P,field_size_band=17+;market_rank_band=41+,False,4,0,0.0,-400.0,0.0,0.0,-1.0,0.0,0,0,0.0,0.0,4,0,0.0,-400.0,295,145.35593220338984,13380.0,10,0,0.0,-1000.0,10,0.0,78,83.58974358974359,-1280.0,2389
GAP5P__odds_band=100+__market_rank_band=11-15,GAP5P,odds_band=100+;market_rank_band=11-15,False,4,0,0.0,-400.0,0.0,0.0,-1.0,0.0,0,0,0.0,0.0,4,0,0.0,-400.0,295,145.35593220338984,13380.0,0,0,,0.0,0,,68,95.88235294117646,-280.0,2390
GAP5P__odds_band=100+__model_rank_band=6-8,GAP5P,odds_band=100+;model_rank_band=6-8,False,4,0,0.0,-400.0,0.0,0.0,-1.0,0.0,0,0,0.0,0.0,4,0,0.0,-400.0,295,145.35593220338984,13380.0,3,0,0.0,-300.0,2,0.0,70,93.14285714285714,-480.0,2391
GAP5P__pair_worse_rank_band=15+__market_rank_band=41+,GAP5P,pair_worse_rank_band=15+;market_rank_band=41+,False,4,0,0.0,-400.0,0.0,0.0,-1.0,0.0,0,0,0.0,0.0,4,0,0.0,-400.0,295,145.35593220338984,13380.0,6,0,0.0,-600.0,6,0.0,74,88.10810810810811,-880.0,2392
GAP10P__field_size_band=17+__market_rank_band=41+,GAP10P,field_size_band=17+;market_rank_band=41+,False,4,0,0.0,-400.0,0.0,0.0,-1.0,0.0,0,0,0.0,0.0,4,0,0.0,-400.0,295,145.35593220338984,13380.0,10,0,0.0,-1000.0,10,0.0,78,83.58974358974359,-1280.0,2393
GAP10P__odds_band=80-100__field_size_band=<=12,GAP10P,odds_band=80-100;field_size_band=<=12,False,4,0,0.0,-400.0,0.0,0.0,-1.0,0.0,0,0,0.0,0.0,4,0,0.0,-400.0,295,145.35593220338984,13380.0,5,0,0.0,-500.0,5,0.0,73,89.31506849315069,-780.0,2394
GAP10P__pair_worse_rank_band=15+__market_rank_band=41+,GAP10P,pair_worse_rank_band=15+;market_rank_band=41+,False,4,0,0.0,-400.0,0.0,0.0,-1.0,0.0,0,0,0.0,0.0,4,0,0.0,-400.0,295,145.35593220338984,13380.0,6,0,0.0,-600.0,6,0.0,74,88.10810810810811,-880.0,2395
GAP15_24__odds_band=80-100__model_rank_band=9-10,GAP15_24,odds_band=80-100;model_rank_band=9-10,False,6,0,0.0,-600.0,0.0,0.0,-1.0,0.0,0,2,33.333333333333336,0.6872852233676976,4,0,0.0,-400.0,295,145.35593220338984,13380.0,7,0,0.0,-700.0,6,0.0,74,88.10810810810811,-880.0,2396
GAP15_24__model_rank_band=1-3__l17_rank_band=<=10,GAP15_24,model_rank_band=1-3;l17_rank_band=<=10,False,10,0,0.0,-1000.0,0.0,0.0,-1.0,0.0,0,6,60.0,2.0618556701030926,4,0,0.0,-400.0,295,145.35593220338984,13380.0,1,0,0.0,-100.0,0,,68,95.88235294117646,-280.0,2397
GAP0_2__odds_band=40-60__model_rank_band=4-5,GAP0_2,odds_band=40-60;model_rank_band=4-5,False,3,0,0.0,-300.0,0.0,0.0,-1.0,0.0,0,0,0.0,0.0,3,0,0.0,-300.0,294,145.85034013605443,13480.0,0,0,,0.0,0,,68,95.88235294117646,-280.0,2398
GAP3_4__odds_band=40-60__model_rank_band=4-5,GAP3_4,odds_band=40-60;model_rank_band=4-5,False,3,0,0.0,-300.0,0.0,0.0,-1.0,0.0,0,0,0.0,0.0,3,0,0.0,-300.0,294,145.85034013605443,13480.0,0,0,,0.0,0,,68,95.88235294117646,-280.0,2399
GAP5_6__odds_band=<20__model_rank_band=6-8,GAP5_6,odds_band=<20;model_rank_band=6-8,False,3,0,0.0,-300.0,0.0,0.0,-1.0,0.0,0,0,0.0,0.0,3,0,0.0,-300.0,294,145.85034013605443,13480.0,1,0,0.0,-100.0,1,0.0,69,94.4927536231884,-380.0,2400
GAP5_6__odds_band=100+__model_rank_band=9-10,GAP5_6,odds_band=100+;model_rank_band=9-10,False,3,0,0.0,-300.0,0.0,0.0,-1.0,0.0,0,0,0.0,0.0,3,0,0.0,-300.0,294,145.85034013605443,13480.0,0,0,,0.0,0,,68,95.88235294117646,-280.0,2401
GAP10_14__odds_band=80-100__field_size_band=<=12,GAP10_14,odds_band=80-100;field_size_band=<=12,False,3,0,0.0,-300.0,0.0,0.0,-1.0,0.0,0,0,0.0,0.0,3,0,0.0,-300.0,294,145.85034013605443,13480.0,1,0,0.0,-100.0,1,0.0,69,94.4927536231884,-380.0,2402
GAP15_24__odds_band=100+__field_size_band=17+,GAP15_24,odds_band=100+;field_size_band=17+,False,3,0,0.0,-300.0,0.0,0.0,-1.0,0.0,0,0,0.0,0.0,3,0,0.0,-300.0,294,145.85034013605443,13480.0,7,0,0.0,-700.0,7,0.0,75,86.93333333333334,-980.0,2403
GAP25P__field_size_band=13-14__distance_band=1401-1800,GAP25P,field_size_band=13-14;distance_band=1401-1800,False,3,0,0.0,-300.0,0.0,0.0,-1.0,0.0,0,0,0.0,0.0,3,0,0.0,-300.0,294,145.85034013605443,13480.0,3,0,0.0,-300.0,3,0.0,71,91.83098591549296,-580.0,2404
GAP25P__field_size_band=17+__distance_band=1401-1800,GAP25P,field_size_band=17+;distance_band=1401-1800,False,3,0,0.0,-300.0,0.0,0.0,-1.0,0.0,0,0,0.0,0.0,3,0,0.0,-300.0,294,145.85034013605443,13480.0,5,0,0.0,-500.0,5,0.0,73,89.31506849315069,-780.0,2405
GAP25P__field_size_band=13-14__model_rank_band=4-5,GAP25P,field_size_band=13-14;model_rank_band=4-5,False,3,0,0.0,-300.0,0.0,0.0,-1.0,0.0,0,0,0.0,0.0,3,0,0.0,-300.0,294,145.85034013605443,13480.0,2,0,0.0,-200.0,2,0.0,70,93.14285714285714,-480.0,2406
GAP25P__field_size_band=15-16__l17_rank_band=11-20,GAP25P,field_size_band=15-16;l17_rank_band=11-20,False,3,0,0.0,-300.0,0.0,0.0,-1.0,0.0,0,0,0.0,0.0,3,0,0.0,-300.0,294,145.85034013605443,13480.0,0,0,,0.0,0,,68,95.88235294117646,-280.0,2407
GAP25P__surface=DIRT__distance_band=1801-2200,GAP25P,surface=DIRT;distance_band=1801-2200,False,3,0,0.0,-300.0,0.0,0.0,-1.0,0.0,0,0,0.0,0.0,3,0,0.0,-300.0,294,145.85034013605443,13480.0,2,0,0.0,-200.0,2,0.0,70,93.14285714285714,-480.0,2408
GAP25P__market_rank_band=41+__model_rank_band=9-10,GAP25P,market_rank_band=41+;model_rank_band=9-10,False,3,0,0.0,-300.0,0.0,0.0,-1.0,0.0,0,0,0.0,0.0,3,0,0.0,-300.0,294,145.85034013605443,13480.0,8,0,0.0,-800.0,8,0.0,76,85.78947368421052,-1080.0,2409
GAP25P__market_rank_band=26-30__l17_rank_band=<=10,GAP25P,market_rank_band=26-30;l17_rank_band=<=10,False,3,0,0.0,-300.0,0.0,0.0,-1.0,0.0,0,0,0.0,0.0,3,0,0.0,-300.0,294,145.85034013605443,13480.0,0,0,,0.0,0,,68,95.88235294117646,-280.0,2410
GAP25P__model_rank_band=1-3__l17_rank_band=<=10,GAP25P,model_rank_band=1-3;l17_rank_band=<=10,False,3,0,0.0,-300.0,0.0,0.0,-1.0,0.0,0,0,0.0,0.0,3,0,0.0,-300.0,294,145.85034013605443,13480.0,0,0,,0.0,0,,68,95.88235294117646,-280.0,2411
GAP25P__model_rank_band=4-5__l17_rank_band=11-20,GAP25P,model_rank_band=4-5;l17_rank_band=11-20,False,3,0,0.0,-300.0,0.0,0.0,-1.0,0.0,0,0,0.0,0.0,3,0,0.0,-300.0,294,145.85034013605443,13480.0,0,0,,0.0,0,,68,95.88235294117646,-280.0,2412
GAP25P__model_rank_band=4-5__l17_rank_band=61+,GAP25P,model_rank_band=4-5;l17_rank_band=61+,False,3,0,0.0,-300.0,0.0,0.0,-1.0,0.0,0,0,0.0,0.0,3,0,0.0,-300.0,294,145.85034013605443,13480.0,3,0,0.0,-300.0,3,0.0,71,91.83098591549296,-580.0,2413
GAP25P__model_rank_band=9-10__l17_rank_band=61+,GAP25P,model_rank_band=9-10;l17_rank_band=61+,False,3,0,0.0,-300.0,0.0,0.0,-1.0,0.0,0,0,0.0,0.0,3,0,0.0,-300.0,294,145.85034013605443,13480.0,10,0,0.0,-1000.0,10,0.0,78,83.58974358974359,-1280.0,2414
GAP25P__odds_band=40-60__field_size_band=<=12,GAP25P,odds_band=40-60;field_size_band=<=12,False,3,0,0.0,-300.0,0.0,0.0,-1.0,0.0,0,0,0.0,0.0,3,0,0.0,-300.0,294,145.85034013605443,13480.0,0,0,,0.0,0,,68,95.88235294117646,-280.0,2415
GAP25P__odds_band=60-80__field_size_band=13-14,GAP25P,odds_band=60-80;field_size_band=13-14,False,3,0,0.0,-300.0,0.0,0.0,-1.0,0.0,0,0,0.0,0.0,3,0,0.0,-300.0,294,145.85034013605443,13480.0,1,0,0.0,-100.0,1,0.0,69,94.4927536231884,-380.0,2416
GAP25P__odds_band=40-60__market_rank_band=31-40,GAP25P,odds_band=40-60;market_rank_band=31-40,False,3,0,0.0,-300.0,0.0,0.0,-1.0,0.0,0,0,0.0,0.0,3,0,0.0,-300.0,294,145.85034013605443,13480.0,0,0,,0.0,0,,68,95.88235294117646,-280.0,2417
GAP25P__odds_band=60-80__model_rank_band=11-15,GAP25P,odds_band=60-80;model_rank_band=11-15,False,3,0,0.0,-300.0,0.0,0.0,-1.0,0.0,0,0,0.0,0.0,3,0,0.0,-300.0,294,145.85034013605443,13480.0,0,0,,0.0,0,,68,95.88235294117646,-280.0,2418
GAP25P__odds_band=80-100__model_rank_band=11-15,GAP25P,odds_band=80-100;model_rank_band=11-15,False,3,0,0.0,-300.0,0.0,0.0,-1.0,0.0,0,0,0.0,0.0,3,0,0.0,-300.0,294,145.85034013605443,13480.0,2,0,0.0,-200.0,2,0.0,70,93.14285714285714,-480.0,2419
GAP25P__pair_worse_rank_band=<=6__field_size_band=<=12,GAP25P,pair_worse_rank_band=<=6;field_size_band=<=12,False,3,0,0.0,-300.0,0.0,0.0,-1.0,0.0,0,0,0.0,0.0,3,0,0.0,-300.0,294,145.85034013605443,13480.0,0,0,,0.0,0,,68,95.88235294117646,-280.0,2420
GAP25P__pair_worse_rank_band=<=6__field_size_band=15-16,GAP25P,pair_worse_rank_band=<=6;field_size_band=15-16,False,3,0,0.0,-300.0,0.0,0.0,-1.0,0.0,0,0,0.0,0.0,3,0,0.0,-300.0,294,145.85034013605443,13480.0,0,0,,0.0,0,,68,95.88235294117646,-280.0,2421
GAP25P__pair_worse_rank_band=11-14__field_size_band=13-14,GAP25P,pair_worse_rank_band=11-14;field_size_band=13-14,False,3,0,0.0,-300.0,0.0,0.0,-1.0,0.0,0,0,0.0,0.0,3,0,0.0,-300.0,294,145.85034013605443,13480.0,4,0,0.0,-400.0,4,0.0,72,90.55555555555556,-680.0,2422
GAP5P__market_rank_band=41+__model_rank_band=9-10,GAP5P,market_rank_band=41+;model_rank_band=9-10,False,3,0,0.0,-300.0,0.0,0.0,-1.0,0.0,0,0,0.0,0.0,3,0,0.0,-300.0,294,145.85034013605443,13480.0,8,0,0.0,-800.0,8,0.0,76,85.78947368421052,-1080.0,2423
GAP5P__odds_band=<20__model_rank_band=6-8,GAP5P,odds_band=<20;model_rank_band=6-8,False,3,0,0.0,-300.0,0.0,0.0,-1.0,0.0,0,0,0.0,0.0,3,0,0.0,-300.0,294,145.85034013605443,13480.0,1,0,0.0,-100.0,1,0.0,69,94.4927536231884,-380.0,2424
GAP10P__market_rank_band=41+__model_rank_band=9-10,GAP10P,market_rank_band=41+;model_rank_band=9-10,False,3,0,0.0,-300.0,0.0,0.0,-1.0,0.0,0,0,0.0,0.0,3,0,0.0,-300.0,294,145.85034013605443,13480.0,8,0,0.0,-800.0,8,0.0,76,85.78947368421052,-1080.0,2425
GAP15_24__pair_worse_rank_band=15+__market_rank_band=16-20,GAP15_24,pair_worse_rank_band=15+;market_rank_band=16-20,False,4,0,0.0,-400.0,0.0,0.0,-1.0,0.0,0,1,25.0,0.3436426116838488,3,0,0.0,-300.0,294,145.85034013605443,13480.0,1,0,0.0,-100.0,0,,68,95.88235294117646,-280.0,2426
GAP15_24__market_rank_band=26-30__model_rank_band=1-3,GAP15_24,market_rank_band=26-30;model_rank_band=1-3,False,6,0,0.0,-600.0,0.0,0.0,-1.0,0.0,0,3,50.0,1.0309278350515463,3,0,0.0,-300.0,294,145.85034013605443,13480.0,0,0,,0.0,0,,68,95.88235294117646,-280.0,2427
GAP15_24__market_rank_band=16-20__l17_rank_band=<=10,GAP15_24,market_rank_band=16-20;l17_rank_band=<=10,False,9,0,0.0,-900.0,0.0,0.0,-1.0,0.0,0,6,66.66666666666667,2.0618556701030926,3,0,0.0,-300.0,294,145.85034013605443,13480.0,1,0,0.0,-100.0,0,,68,95.88235294117646,-280.0,2428
GAP3_4__odds_band=<20__model_rank_band=9-10,GAP3_4,odds_band=<20;model_rank_band=9-10,False,2,0,0.0,-200.0,0.0,0.0,-1.0,0.0,0,0,0.0,0.0,2,0,0.0,-200.0,293,146.3481228668942,13580.0,1,0,0.0,-100.0,1,0.0,69,94.4927536231884,-380.0,2429
GAP5_6__odds_band=20-40__market_rank_band=21-25,GAP5_6,odds_band=20-40;market_rank_band=21-25,False,2,0,0.0,-200.0,0.0,0.0,-1.0,0.0,0,0,0.0,0.0,2,0,0.0,-200.0,293,146.3481228668942,13580.0,0,0,,0.0,0,,68,95.88235294117646,-280.0,2430
GAP5_6__odds_band=60-80__model_rank_band=6-8,GAP5_6,odds_band=60-80;model_rank_band=6-8,False,2,0,0.0,-200.0,0.0,0.0,-1.0,0.0,0,0,0.0,0.0,2,0,0.0,-200.0,293,146.3481228668942,13580.0,0,0,,0.0,0,,68,95.88235294117646,-280.0,2431
GAP7_9__odds_band=<20__field_size_band=17+,GAP7_9,odds_band=<20;field_size_band=17+,False,2,0,0.0,-200.0,0.0,0.0,-1.0,0.0,0,0,0.0,0.0,2,0,0.0,-200.0,293,146.3481228668942,13580.0,2,0,0.0,-200.0,2,0.0,70,93.14285714285714,-480.0,2432
GAP7_9__odds_band=80-100__model_rank_band=9-10,GAP7_9,odds_band=80-100;model_rank_band=9-10,False,2,0,0.0,-200.0,0.0,0.0,-1.0,0.0,0,0,0.0,0.0,2,0,0.0,-200.0,293,146.3481228668942,13580.0,0,0,,0.0,0,,68,95.88235294117646,-280.0,2433
GAP10_14__odds_band=60-80__model_rank_band=4-5,GAP10_14,odds_band=60-80;model_rank_band=4-5,False,2,0,0.0,-200.0,0.0,0.0,-1.0,0.0,0,0,0.0,0.0,2,0,0.0,-200.0,293,146.3481228668942,13580.0,0,0,,0.0,0,,68,95.88235294117646,-280.0,2434
GAP15_24__odds_band=20-40__field_size_band=17+,GAP15_24,odds_band=20-40;field_size_band=17+,False,2,0,0.0,-200.0,0.0,0.0,-1.0,0.0,0,0,0.0,0.0,2,0,0.0,-200.0,293,146.3481228668942,13580.0,0,0,,0.0,0,,68,95.88235294117646,-280.0,2435
GAP15_24__pair_worse_rank_band=11-14__field_size_band=<=12,GAP15_24,pair_worse_rank_band=11-14;field_size_band=<=12,False,2,0,0.0,-200.0,0.0,0.0,-1.0,0.0,0,0,0.0,0.0,2,0,0.0,-200.0,293,146.3481228668942,13580.0,2,0,0.0,-200.0,2,0.0,70,93.14285714285714,-480.0,2436
GAP25P__field_size_band=13-14__distance_band=1801-2200,GAP25P,field_size_band=13-14;distance_band=1801-2200,False,2,0,0.0,-200.0,0.0,0.0,-1.0,0.0,0,0,0.0,0.0,2,0,0.0,-200.0,293,146.3481228668942,13580.0,1,0,0.0,-100.0,1,0.0,69,94.4927536231884,-380.0,2437
GAP25P__field_size_band=15-16__distance_band=2201+,GAP25P,field_size_band=15-16;distance_band=2201+,False,2,0,0.0,-200.0,0.0,0.0,-1.0,0.0,0,0,0.0,0.0,2,0,0.0,-200.0,293,146.3481228668942,13580.0,0,0,,0.0,0,,68,95.88235294117646,-280.0,2438
GAP25P__field_size_band=<=12__model_rank_band=4-5,GAP25P,field_size_band=<=12;model_rank_band=4-5,False,2,0,0.0,-200.0,0.0,0.0,-1.0,0.0,0,0,0.0,0.0,2,0,0.0,-200.0,293,146.3481228668942,13580.0,1,0,0.0,-100.0,1,0.0,69,94.4927536231884,-380.0,2439
GAP25P__field_size_band=13-14__model_rank_band=11-15,GAP25P,field_size_band=13-14;model_rank_band=11-15,False,2,0,0.0,-200.0,0.0,0.0,-1.0,0.0,0,0,0.0,0.0,2,0,0.0,-200.0,293,146.3481228668942,13580.0,1,0,0.0,-100.0,1,0.0,69,94.4927536231884,-380.0,2440
GAP25P__field_size_band=17+__model_rank_band=6-8,GAP25P,field_size_band=17+;model_rank_band=6-8,False,2,0,0.0,-200.0,0.0,0.0,-1.0,0.0,0,0,0.0,0.0,2,0,0.0,-200.0,293,146.3481228668942,13580.0,2,0,0.0,-200.0,2,0.0,70,93.14285714285714,-480.0,2441
GAP25P__field_size_band=<=12__l17_rank_band=<=10,GAP25P,field_size_band=<=12;l17_rank_band=<=10,False,2,0,0.0,-200.0,0.0,0.0,-1.0,0.0,0,0,0.0,0.0,2,0,0.0,-200.0,293,146.3481228668942,13580.0,0,0,,0.0,0,,68,95.88235294117646,-280.0,2442
GAP25P__field_size_band=<=12__l17_rank_band=11-20,GAP25P,field_size_band=<=12;l17_rank_band=11-20,False,2,0,0.0,-200.0,0.0,0.0,-1.0,0.0,0,0,0.0,0.0,2,0,0.0,-200.0,293,146.3481228668942,13580.0,0,0,,0.0,0,,68,95.88235294117646,-280.0,2443
GAP25P__field_size_band=<=12__l17_rank_band=21-30,GAP25P,field_size_band=<=12;l17_rank_band=21-30,False,2,0,0.0,-200.0,0.0,0.0,-1.0,0.0,0,0,0.0,0.0,2,0,0.0,-200.0,293,146.3481228668942,13580.0,0,0,,0.0,0,,68,95.88235294117646,-280.0,2444
GAP25P__field_size_band=13-14__l17_rank_band=41-60,GAP25P,field_size_band=13-14;l17_rank_band=41-60,False,2,0,0.0,-200.0,0.0,0.0,-1.0,0.0,0,0,0.0,0.0,2,0,0.0,-200.0,293,146.3481228668942,13580.0,0,0,,0.0,0,,68,95.88235294117646,-280.0,2445
GAP25P__field_size_band=13-14__l17_rank_band=61+,GAP25P,field_size_band=13-14;l17_rank_band=61+,False,2,0,0.0,-200.0,0.0,0.0,-1.0,0.0,0,0,0.0,0.0,2,0,0.0,-200.0,293,146.3481228668942,13580.0,4,0,0.0,-400.0,4,0.0,72,90.55555555555556,-680.0,2446
GAP25P__market_rank_band=31-40__model_rank_band=9-10,GAP25P,market_rank_band=31-40;model_rank_band=9-10,False,2,0,0.0,-200.0,0.0,0.0,-1.0,0.0,0,0,0.0,0.0,2,0,0.0,-200.0,293,146.3481228668942,13580.0,4,0,0.0,-400.0,4,0.0,72,90.55555555555556,-680.0,2447
GAP25P__market_rank_band=41+__l17_rank_band=41-60,GAP25P,market_rank_band=41+;l17_rank_band=41-60,False,2,0,0.0,-200.0,0.0,0.0,-1.0,0.0,0,0,0.0,0.0,2,0,0.0,-200.0,293,146.3481228668942,13580.0,4,0,0.0,-400.0,4,0.0,72,90.55555555555556,-680.0,2448
GAP25P__model_rank_band=4-5__l17_rank_band=31-40,GAP25P,model_rank_band=4-5;l17_rank_band=31-40,False,2,0,0.0,-200.0,0.0,0.0,-1.0,0.0,0,0,0.0,0.0,2,0,0.0,-200.0,293,146.3481228668942,13580.0,0,0,,0.0,0,,68,95.88235294117646,-280.0,2449
GAP25P__model_rank_band=4-5__l17_rank_band=41-60,GAP25P,model_rank_band=4-5;l17_rank_band=41-60,False,2,0,0.0,-200.0,0.0,0.0,-1.0,0.0,0,0,0.0,0.0,2,0,0.0,-200.0,293,146.3481228668942,13580.0,3,0,0.0,-300.0,3,0.0,71,91.83098591549296,-580.0,2450
GAP25P__model_rank_band=6-8__l17_rank_band=41-60,GAP25P,model_rank_band=6-8;l17_rank_band=41-60,False,2,0,0.0,-200.0,0.0,0.0,-1.0,0.0,0,0,0.0,0.0,2,0,0.0,-200.0,293,146.3481228668942,13580.0,1,0,0.0,-100.0,1,0.0,69,94.4927536231884,-380.0,2451
GAP25P__odds_band=40-60__field_size_band=17+,GAP25P,odds_band=40-60;field_size_band=17+,False,2,0,0.0,-200.0,0.0,0.0,-1.0,0.0,0,0,0.0,0.0,2,0,0.0,-200.0,293,146.3481228668942,13580.0,0,0,,0.0,0,,68,95.88235294117646,-280.0,2452
GAP25P__odds_band=80-100__market_rank_band=41+,GAP25P,odds_band=80-100;market_rank_band=41+,False,2,0,0.0,-200.0,0.0,0.0,-1.0,0.0,0,0,0.0,0.0,2,0,0.0,-200.0,293,146.3481228668942,13580.0,4,0,0.0,-400.0,4,0.0,72,90.55555555555556,-680.0,2453
GAP25P__odds_band=80-100__model_rank_band=1-3,GAP25P,odds_band=80-100;model_rank_band=1-3,False,2,0,0.0,-200.0,0.0,0.0,-1.0,0.0,0,0,0.0,0.0,2,0,0.0,-200.0,293,146.3481228668942,13580.0,6,0,0.0,-600.0,6,0.0,74,88.10810810810811,-880.0,2454
GAP25P__odds_band=100+__model_rank_band=6-8,GAP25P,odds_band=100+;model_rank_band=6-8,False,2,0,0.0,-200.0,0.0,0.0,-1.0,0.0,0,0,0.0,0.0,2,0,0.0,-200.0,293,146.3481228668942,13580.0,2,0,0.0,-200.0,2,0.0,70,93.14285714285714,-480.0,2455
GAP5P__market_rank_band=41+__l17_rank_band=41-60,GAP5P,market_rank_band=41+;l17_rank_band=41-60,False,2,0,0.0,-200.0,0.0,0.0,-1.0,0.0,0,0,0.0,0.0,2,0,0.0,-200.0,293,146.3481228668942,13580.0,4,0,0.0,-400.0,4,0.0,72,90.55555555555556,-680.0,2456
GAP5P__odds_band=80-100__market_rank_band=41+,GAP5P,odds_band=80-100;market_rank_band=41+,False,2,0,0.0,-200.0,0.0,0.0,-1.0,0.0,0,0,0.0,0.0,2,0,0.0,-200.0,293,146.3481228668942,13580.0,4,0,0.0,-400.0,4,0.0,72,90.55555555555556,-680.0,2457
GAP5P__odds_band=80-100__model_rank_band=1-3,GAP5P,odds_band=80-100;model_rank_band=1-3,False,2,0,0.0,-200.0,0.0,0.0,-1.0,0.0,0,0,0.0,0.0,2,0,0.0,-200.0,293,146.3481228668942,13580.0,6,0,0.0,-600.0,6,0.0,74,88.10810810810811,-880.0,2458
GAP10P__market_rank_band=41+__l17_rank_band=41-60,GAP10P,market_rank_band=41+;l17_rank_band=41-60,False,2,0,0.0,-200.0,0.0,0.0,-1.0,0.0,0,0,0.0,0.0,2,0,0.0,-200.0,293,146.3481228668942,13580.0,4,0,0.0,-400.0,4,0.0,72,90.55555555555556,-680.0,2459
GAP10P__odds_band=80-100__market_rank_band=41+,GAP10P,odds_band=80-100;market_rank_band=41+,False,2,0,0.0,-200.0,0.0,0.0,-1.0,0.0,0,0,0.0,0.0,2,0,0.0,-200.0,293,146.3481228668942,13580.0,4,0,0.0,-400.0,4,0.0,72,90.55555555555556,-680.0,2460
GAP10P__odds_band=80-100__model_rank_band=1-3,GAP10P,odds_band=80-100;model_rank_band=1-3,False,2,0,0.0,-200.0,0.0,0.0,-1.0,0.0,0,0,0.0,0.0,2,0,0.0,-200.0,293,146.3481228668942,13580.0,6,0,0.0,-600.0,6,0.0,74,88.10810810810811,-880.0,2461
GAP10P__odds_band=100+__model_rank_band=6-8,GAP10P,odds_band=100+;model_rank_band=6-8,False,2,0,0.0,-200.0,0.0,0.0,-1.0,0.0,0,0,0.0,0.0,2,0,0.0,-200.0,293,146.3481228668942,13580.0,3,0,0.0,-300.0,2,0.0,70,93.14285714285714,-480.0,2462
GAP0_2__field_size_band=<=12__l17_rank_band=61+,GAP0_2,field_size_band=<=12;l17_rank_band=61+,False,1,0,0.0,-100.0,0.0,0.0,-1.0,0.0,0,0,0.0,0.0,1,0,0.0,-100.0,292,146.84931506849315,13680.0,0,0,,0.0,0,,68,95.88235294117646,-280.0,2463
GAP0_2__odds_band=100+__model_rank_band=6-8,GAP0_2,odds_band=100+;model_rank_band=6-8,False,1,0,0.0,-100.0,0.0,0.0,-1.0,0.0,0,0,0.0,0.0,1,0,0.0,-100.0,292,146.84931506849315,13680.0,2,0,0.0,-200.0,2,0.0,70,93.14285714285714,-480.0,2464
GAP3_4__odds_band=100+__field_size_band=17+,GAP3_4,odds_band=100+;field_size_band=17+,False,1,0,0.0,-100.0,0.0,0.0,-1.0,0.0,0,0,0.0,0.0,1,0,0.0,-100.0,292,146.84931506849315,13680.0,1,0,0.0,-100.0,1,0.0,69,94.4927536231884,-380.0,2465
GAP3_4__odds_band=60-80__model_rank_band=6-8,GAP3_4,odds_band=60-80;model_rank_band=6-8,False,1,0,0.0,-100.0,0.0,0.0,-1.0,0.0,0,0,0.0,0.0,1,0,0.0,-100.0,292,146.84931506849315,13680.0,0,0,,0.0,0,,68,95.88235294117646,-280.0,2466
GAP5_6__field_size_band=<=12__l17_rank_band=61+,GAP5_6,field_size_band=<=12;l17_rank_band=61+,False,1,0,0.0,-100.0,0.0,0.0,-1.0,0.0,0,0,0.0,0.0,1,0,0.0,-100.0,292,146.84931506849315,13680.0,0,0,,0.0,0,,68,95.88235294117646,-280.0,2467
GAP5_6__odds_band=80-100__market_rank_band=11-15,GAP5_6,odds_band=80-100;market_rank_band=11-15,False,1,0,0.0,-100.0,0.0,0.0,-1.0,0.0,0,0,0.0,0.0,1,0,0.0,-100.0,292,146.84931506849315,13680.0,0,0,,0.0,0,,68,95.88235294117646,-280.0,2468
GAP5_6__odds_band=80-100__model_rank_band=9-10,GAP5_6,odds_band=80-100;model_rank_band=9-10,False,1,0,0.0,-100.0,0.0,0.0,-1.0,0.0,0,0,0.0,0.0,1,0,0.0,-100.0,292,146.84931506849315,13680.0,0,0,,0.0,0,,68,95.88235294117646,-280.0,2469
GAP5_6__odds_band=100+__model_rank_band=6-8,GAP5_6,odds_band=100+;model_rank_band=6-8,False,1,0,0.0,-100.0,0.0,0.0,-1.0,0.0,0,0,0.0,0.0,1,0,0.0,-100.0,292,146.84931506849315,13680.0,0,0,,0.0,0,,68,95.88235294117646,-280.0,2470
GAP7_9__odds_band=40-60__market_rank_band=<=10,GAP7_9,odds_band=40-60;market_rank_band=<=10,False,1,0,0.0,-100.0,0.0,0.0,-1.0,0.0,0,0,0.0,0.0,1,0,0.0,-100.0,292,146.84931506849315,13680.0,0,0,,0.0,0,,68,95.88235294117646,-280.0,2471
GAP7_9__odds_band=60-80__market_rank_band=11-15,GAP7_9,odds_band=60-80;market_rank_band=11-15,False,1,0,0.0,-100.0,0.0,0.0,-1.0,0.0,0,0,0.0,0.0,1,0,0.0,-100.0,292,146.84931506849315,13680.0,0,0,,0.0,0,,68,95.88235294117646,-280.0,2472
GAP7_9__odds_band=<20__model_rank_band=6-8,GAP7_9,odds_band=<20;model_rank_band=6-8,False,1,0,0.0,-100.0,0.0,0.0,-1.0,0.0,0,0,0.0,0.0,1,0,0.0,-100.0,292,146.84931506849315,13680.0,0,0,,0.0,0,,68,95.88235294117646,-280.0,2473
GAP7_9__odds_band=100+__model_rank_band=6-8,GAP7_9,odds_band=100+;model_rank_band=6-8,False,1,0,0.0,-100.0,0.0,0.0,-1.0,0.0,0,0,0.0,0.0,1,0,0.0,-100.0,292,146.84931506849315,13680.0,0,0,,0.0,0,,68,95.88235294117646,-280.0,2474
GAP10_14__odds_band=<20,GAP10_14,odds_band=<20,False,1,0,0.0,-100.0,0.0,0.0,-1.0,0.0,0,0,0.0,0.0,1,0,0.0,-100.0,292,146.84931506849315,13680.0,0,0,,0.0,0,,68,95.88235294117646,-280.0,2475
GAP10_14__odds_band=<20__field_size_band=<=12,GAP10_14,odds_band=<20;field_size_band=<=12,False,1,0,0.0,-100.0,0.0,0.0,-1.0,0.0,0,0,0.0,0.0,1,0,0.0,-100.0,292,146.84931506849315,13680.0,0,0,,0.0,0,,68,95.88235294117646,-280.0,2476
GAP10_14__odds_band=<20__market_rank_band=11-15,GAP10_14,odds_band=<20;market_rank_band=11-15,False,1,0,0.0,-100.0,0.0,0.0,-1.0,0.0,0,0,0.0,0.0,1,0,0.0,-100.0,292,146.84931506849315,13680.0,0,0,,0.0,0,,68,95.88235294117646,-280.0,2477
GAP10_14__odds_band=<20__model_rank_band=1-3,GAP10_14,odds_band=<20;model_rank_band=1-3,False,1,0,0.0,-100.0,0.0,0.0,-1.0,0.0,0,0,0.0,0.0,1,0,0.0,-100.0,292,146.84931506849315,13680.0,0,0,,0.0,0,,68,95.88235294117646,-280.0,2478
GAP10_14__odds_band=80-100__model_rank_band=9-10,GAP10_14,odds_band=80-100;model_rank_band=9-10,False,1,0,0.0,-100.0,0.0,0.0,-1.0,0.0,0,0,0.0,0.0,1,0,0.0,-100.0,292,146.84931506849315,13680.0,0,0,,0.0,0,,68,95.88235294117646,-280.0,2479
GAP10_14__odds_band=100+__model_rank_band=9-10,GAP10_14,odds_band=100+;model_rank_band=9-10,False,1,0,0.0,-100.0,0.0,0.0,-1.0,0.0,0,0,0.0,0.0,1,0,0.0,-100.0,292,146.84931506849315,13680.0,0,0,,0.0,0,,68,95.88235294117646,-280.0,2480
GAP15_24__field_size_band=<=12__l17_rank_band=61+,GAP15_24,field_size_band=<=12;l17_rank_band=61+,False,1,0,0.0,-100.0,0.0,0.0,-1.0,0.0,0,0,0.0,0.0,1,0,0.0,-100.0,292,146.84931506849315,13680.0,2,0,0.0,-200.0,2,0.0,70,93.14285714285714,-480.0,2481
GAP15_24__odds_band=80-100__field_size_band=<=12,GAP15_24,odds_band=80-100;field_size_band=<=12,False,1,0,0.0,-100.0,0.0,0.0,-1.0,0.0,0,0,0.0,0.0,1,0,0.0,-100.0,292,146.84931506849315,13680.0,3,0,0.0,-300.0,3,0.0,71,91.83098591549296,-580.0,2482
GAP15_24__odds_band=100+__field_size_band=<=12,GAP15_24,odds_band=100+;field_size_band=<=12,False,1,0,0.0,-100.0,0.0,0.0,-1.0,0.0,0,0,0.0,0.0,1,0,0.0,-100.0,292,146.84931506849315,13680.0,1,0,0.0,-100.0,1,0.0,69,94.4927536231884,-380.0,2483
GAP15_24__odds_band=20-40__model_rank_band=6-8,GAP15_24,odds_band=20-40;model_rank_band=6-8,False,1,0,0.0,-100.0,0.0,0.0,-1.0,0.0,0,0,0.0,0.0,1,0,0.0,-100.0,292,146.84931506849315,13680.0,0,0,,0.0,0,,68,95.88235294117646,-280.0,2484
GAP15_24__odds_band=20-40__model_rank_band=9-10,GAP15_24,odds_band=20-40;model_rank_band=9-10,False,1,0,0.0,-100.0,0.0,0.0,-1.0,0.0,0,0,0.0,0.0,1,0,0.0,-100.0,292,146.84931506849315,13680.0,0,0,,0.0,0,,68,95.88235294117646,-280.0,2485
GAP25P__field_size_band=<=12__distance_band=1401-1800,GAP25P,field_size_band=<=12;distance_band=1401-1800,False,1,0,0.0,-100.0,0.0,0.0,-1.0,0.0,0,0,0.0,0.0,1,0,0.0,-100.0,292,146.84931506849315,13680.0,0,0,,0.0,0,,68,95.88235294117646,-280.0,2486
GAP25P__field_size_band=<=12__distance_band=1801-2200,GAP25P,field_size_band=<=12;distance_band=1801-2200,False,1,0,0.0,-100.0,0.0,0.0,-1.0,0.0,0,0,0.0,0.0,1,0,0.0,-100.0,292,146.84931506849315,13680.0,0,0,,0.0,0,,68,95.88235294117646,-280.0,2487
GAP25P__field_size_band=<=12__distance_band=2201+,GAP25P,field_size_band=<=12;distance_band=2201+,False,1,0,0.0,-100.0,0.0,0.0,-1.0,0.0,0,0,0.0,0.0,1,0,0.0,-100.0,292,146.84931506849315,13680.0,0,0,,0.0,0,,68,95.88235294117646,-280.0,2488
GAP25P__field_size_band=13-14__distance_band=2201+,GAP25P,field_size_band=13-14;distance_band=2201+,False,1,0,0.0,-100.0,0.0,0.0,-1.0,0.0,0,0,0.0,0.0,1,0,0.0,-100.0,292,146.84931506849315,13680.0,0,0,,0.0,0,,68,95.88235294117646,-280.0,2489
GAP25P__field_size_band=17+__distance_band=1801-2200,GAP25P,field_size_band=17+;distance_band=1801-2200,False,1,0,0.0,-100.0,0.0,0.0,-1.0,0.0,0,0,0.0,0.0,1,0,0.0,-100.0,292,146.84931506849315,13680.0,5,0,0.0,-500.0,5,0.0,73,89.31506849315069,-780.0,2490
GAP25P__field_size_band=<=12__market_rank_band=31-40,GAP25P,field_size_band=<=12;market_rank_band=31-40,False,1,0,0.0,-100.0,0.0,0.0,-1.0,0.0,0,0,0.0,0.0,1,0,0.0,-100.0,292,146.84931506849315,13680.0,1,0,0.0,-100.0,1,0.0,69,94.4927536231884,-380.0,2491
GAP25P__field_size_band=<=12__model_rank_band=11-15,GAP25P,field_size_band=<=12;model_rank_band=11-15,False,1,0,0.0,-100.0,0.0,0.0,-1.0,0.0,0,0,0.0,0.0,1,0,0.0,-100.0,292,146.84931506849315,13680.0,0,0,,0.0,0,,68,95.88235294117646,-280.0,2492
GAP25P__field_size_band=13-14__model_rank_band=6-8,GAP25P,field_size_band=13-14;model_rank_band=6-8,False,1,0,0.0,-100.0,0.0,0.0,-1.0,0.0,0,0,0.0,0.0,1,0,0.0,-100.0,292,146.84931506849315,13680.0,0,0,,0.0,0,,68,95.88235294117646,-280.0,2493
GAP25P__field_size_band=17+__model_rank_band=4-5,GAP25P,field_size_band=17+;model_rank_band=4-5,False,1,0,0.0,-100.0,0.0,0.0,-1.0,0.0,0,0,0.0,0.0,1,0,0.0,-100.0,292,146.84931506849315,13680.0,3,0,0.0,-300.0,3,0.0,71,91.83098591549296,-580.0,2494
GAP25P__field_size_band=17+__model_rank_band=9-10,GAP25P,field_size_band=17+;model_rank_band=9-10,False,1,0,0.0,-100.0,0.0,0.0,-1.0,0.0,0,0,0.0,0.0,1,0,0.0,-100.0,292,146.84931506849315,13680.0,4,0,0.0,-400.0,4,0.0,72,90.55555555555556,-680.0,2495
GAP25P__field_size_band=<=12__l17_rank_band=41-60,GAP25P,field_size_band=<=12;l17_rank_band=41-60,False,1,0,0.0,-100.0,0.0,0.0,-1.0,0.0,0,0,0.0,0.0,1,0,0.0,-100.0,292,146.84931506849315,13680.0,1,0,0.0,-100.0,1,0.0,69,94.4927536231884,-380.0,2496
GAP25P__field_size_band=13-14__l17_rank_band=<=10,GAP25P,field_size_band=13-14;l17_rank_band=<=10,False,1,0,0.0,-100.0,0.0,0.0,-1.0,0.0,0,0,0.0,0.0,1,0,0.0,-100.0,292,146.84931506849315,13680.0,0,0,,0.0,0,,68,95.88235294117646,-280.0,2497
GAP25P__field_size_band=13-14__l17_rank_band=31-40,GAP25P,field_size_band=13-14;l17_rank_band=31-40,False,1,0,0.0,-100.0,0.0,0.0,-1.0,0.0,0,0,0.0,0.0,1,0,0.0,-100.0,292,146.84931506849315,13680.0,0,0,,0.0,0,,68,95.88235294117646,-280.0,2498
GAP25P__field_size_band=15-16__l17_rank_band=<=10,GAP25P,field_size_band=15-16;l17_rank_band=<=10,False,1,0,0.0,-100.0,0.0,0.0,-1.0,0.0,0,0,0.0,0.0,1,0,0.0,-100.0,292,146.84931506849315,13680.0,0,0,,0.0,0,,68,95.88235294117646,-280.0,2499
GAP25P__field_size_band=17+__l17_rank_band=11-20,GAP25P,field_size_band=17+;l17_rank_band=11-20,False,1,0,0.0,-100.0,0.0,0.0,-1.0,0.0,0,0,0.0,0.0,1,0,0.0,-100.0,292,146.84931506849315,13680.0,0,0,,0.0,0,,68,95.88235294117646,-280.0,2500
GAP25P__field_size_band=17+__l17_rank_band=21-30,GAP25P,field_size_band=17+;l17_rank_band=21-30,False,1,0,0.0,-100.0,0.0,0.0,-1.0,0.0,0,0,0.0,0.0,1,0,0.0,-100.0,292,146.84931506849315,13680.0,1,0,0.0,-100.0,1,0.0,69,94.4927536231884,-380.0,2501
GAP25P__market_rank_band=41+__model_rank_band=6-8,GAP25P,market_rank_band=41+;model_rank_band=6-8,False,1,0,0.0,-100.0,0.0,0.0,-1.0,0.0,0,0,0.0,0.0,1,0,0.0,-100.0,292,146.84931506849315,13680.0,3,0,0.0,-300.0,3,0.0,71,91.83098591549296,-580.0,2502
GAP25P__market_rank_band=31-40__l17_rank_band=<=10,GAP25P,market_rank_band=31-40;l17_rank_band=<=10,False,1,0,0.0,-100.0,0.0,0.0,-1.0,0.0,0,0,0.0,0.0,1,0,0.0,-100.0,292,146.84931506849315,13680.0,0,0,,0.0,0,,68,95.88235294117646,-280.0,2503
GAP25P__model_rank_band=4-5__l17_rank_band=<=10,GAP25P,model_rank_band=4-5;l17_rank_band=<=10,False,1,0,0.0,-100.0,0.0,0.0,-1.0,0.0,0,0,0.0,0.0,1,0,0.0,-100.0,292,146.84931506849315,13680.0,0,0,,0.0,0,,68,95.88235294117646,-280.0,2504
GAP25P__model_rank_band=6-8__l17_rank_band=11-20,GAP25P,model_rank_band=6-8;l17_rank_band=11-20,False,1,0,0.0,-100.0,0.0,0.0,-1.0,0.0,0,0,0.0,0.0,1,0,0.0,-100.0,292,146.84931506849315,13680.0,0,0,,0.0,0,,68,95.88235294117646,-280.0,2505
GAP25P__model_rank_band=6-8__l17_rank_band=21-30,GAP25P,model_rank_band=6-8;l17_rank_band=21-30,False,1,0,0.0,-100.0,0.0,0.0,-1.0,0.0,0,0,0.0,0.0,1,0,0.0,-100.0,292,146.84931506849315,13680.0,1,0,0.0,-100.0,1,0.0,69,94.4927536231884,-380.0,2506
GAP25P__model_rank_band=6-8__l17_rank_band=31-40,GAP25P,model_rank_band=6-8;l17_rank_band=31-40,False,1,0,0.0,-100.0,0.0,0.0,-1.0,0.0,0,0,0.0,0.0,1,0,0.0,-100.0,292,146.84931506849315,13680.0,0,0,,0.0,0,,68,95.88235294117646,-280.0,2507
GAP25P__model_rank_band=9-10__l17_rank_band=11-20,GAP25P,model_rank_band=9-10;l17_rank_band=11-20,False,1,0,0.0,-100.0,0.0,0.0,-1.0,0.0,0,0,0.0,0.0,1,0,0.0,-100.0,292,146.84931506849315,13680.0,0,0,,0.0,0,,68,95.88235294117646,-280.0,2508
GAP25P__model_rank_band=9-10__l17_rank_band=41-60,GAP25P,model_rank_band=9-10;l17_rank_band=41-60,False,1,0,0.0,-100.0,0.0,0.0,-1.0,0.0,0,0,0.0,0.0,1,0,0.0,-100.0,292,146.84931506849315,13680.0,2,0,0.0,-200.0,2,0.0,70,93.14285714285714,-480.0,2509
GAP25P__model_rank_band=11-15__l17_rank_band=21-30,GAP25P,model_rank_band=11-15;l17_rank_band=21-30,False,1,0,0.0,-100.0,0.0,0.0,-1.0,0.0,0,0,0.0,0.0,1,0,0.0,-100.0,292,146.84931506849315,13680.0,0,0,,0.0,0,,68,95.88235294117646,-280.0,2510
GAP25P__model_rank_band=11-15__l17_rank_band=31-40,GAP25P,model_rank_band=11-15;l17_rank_band=31-40,False,1,0,0.0,-100.0,0.0,0.0,-1.0,0.0,0,0,0.0,0.0,1,0,0.0,-100.0,292,146.84931506849315,13680.0,0,0,,0.0,0,,68,95.88235294117646,-280.0,2511
GAP25P__odds_band=80-100__field_size_band=13-14,GAP25P,odds_band=80-100;field_size_band=13-14,False,1,0,0.0,-100.0,0.0,0.0,-1.0,0.0,0,0,0.0,0.0,1,0,0.0,-100.0,292,146.84931506849315,13680.0,1,0,0.0,-100.0,1,0.0,69,94.4927536231884,-380.0,2512
GAP25P__odds_band=100+__field_size_band=13-14,GAP25P,odds_band=100+;field_size_band=13-14,False,1,0,0.0,-100.0,0.0,0.0,-1.0,0.0,0,0,0.0,0.0,1,0,0.0,-100.0,292,146.84931506849315,13680.0,1,0,0.0,-100.0,1,0.0,69,94.4927536231884,-380.0,2513
GAP25P__odds_band=40-60__model_rank_band=6-8,GAP25P,odds_band=40-60;model_rank_band=6-8,False,1,0,0.0,-100.0,0.0,0.0,-1.0,0.0,0,0,0.0,0.0,1,0,0.0,-100.0,292,146.84931506849315,13680.0,0,0,,0.0,0,,68,95.88235294117646,-280.0,2514
GAP25P__odds_band=60-80__model_rank_band=9-10,GAP25P,odds_band=60-80;model_rank_band=9-10,False,1,0,0.0,-100.0,0.0,0.0,-1.0,0.0,0,0,0.0,0.0,1,0,0.0,-100.0,292,146.84931506849315,13680.0,0,0,,0.0,0,,68,95.88235294117646,-280.0,2515
GAP25P__pair_worse_rank_band=<=6__field_size_band=17+,GAP25P,pair_worse_rank_band=<=6;field_size_band=17+,False,1,0,0.0,-100.0,0.0,0.0,-1.0,0.0,0,0,0.0,0.0,1,0,0.0,-100.0,292,146.84931506849315,13680.0,0,0,,0.0,0,,68,95.88235294117646,-280.0,2516
GAP25P__pair_worse_rank_band=7-10__market_rank_band=41+,GAP25P,pair_worse_rank_band=7-10;market_rank_band=41+,False,1,0,0.0,-100.0,0.0,0.0,-1.0,0.0,0,0,0.0,0.0,1,0,0.0,-100.0,292,146.84931506849315,13680.0,1,0,0.0,-100.0,1,0.0,69,94.4927536231884,-380.0,2517
GAP25P__pair_worse_rank_band=15+__market_rank_band=26-30,GAP25P,pair_worse_rank_band=15+;market_rank_band=26-30,False,1,0,0.0,-100.0,0.0,0.0,-1.0,0.0,0,0,0.0,0.0,1,0,0.0,-100.0,292,146.84931506849315,13680.0,1,0,0.0,-100.0,1,0.0,69,94.4927536231884,-380.0,2518
GAP5P__market_rank_band=41+__model_rank_band=6-8,GAP5P,market_rank_band=41+;model_rank_band=6-8,False,1,0,0.0,-100.0,0.0,0.0,-1.0,0.0,0,0,0.0,0.0,1,0,0.0,-100.0,292,146.84931506849315,13680.0,3,0,0.0,-300.0,3,0.0,71,91.83098591549296,-580.0,2519
GAP5P__odds_band=80-100__market_rank_band=11-15,GAP5P,odds_band=80-100;market_rank_band=11-15,False,1,0,0.0,-100.0,0.0,0.0,-1.0,0.0,0,0,0.0,0.0,1,0,0.0,-100.0,292,146.84931506849315,13680.0,0,0,,0.0,0,,68,95.88235294117646,-280.0,2520
GAP5P__pair_worse_rank_band=7-10__market_rank_band=41+,GAP5P,pair_worse_rank_band=7-10;market_rank_band=41+,False,1,0,0.0,-100.0,0.0,0.0,-1.0,0.0,0,0,0.0,0.0,1,0,0.0,-100.0,292,146.84931506849315,13680.0,1,0,0.0,-100.0,1,0.0,69,94.4927536231884,-380.0,2521
GAP10P__odds_band=<20,GAP10P,odds_band=<20,False,1,0,0.0,-100.0,0.0,0.0,-1.0,0.0,0,0,0.0,0.0,1,0,0.0,-100.0,292,146.84931506849315,13680.0,0,0,,0.0,0,,68,95.88235294117646,-280.0,2522
GAP10P__market_rank_band=41+__model_rank_band=6-8,GAP10P,market_rank_band=41+;model_rank_band=6-8,False,1,0,0.0,-100.0,0.0,0.0,-1.0,0.0,0,0,0.0,0.0,1,0,0.0,-100.0,292,146.84931506849315,13680.0,3,0,0.0,-300.0,3,0.0,71,91.83098591549296,-580.0,2523
GAP10P__odds_band=<20__field_size_band=<=12,GAP10P,odds_band=<20;field_size_band=<=12,False,1,0,0.0,-100.0,0.0,0.0,-1.0,0.0,0,0,0.0,0.0,1,0,0.0,-100.0,292,146.84931506849315,13680.0,0,0,,0.0,0,,68,95.88235294117646,-280.0,2524
GAP10P__odds_band=<20__market_rank_band=11-15,GAP10P,odds_band=<20;market_rank_band=11-15,False,1,0,0.0,-100.0,0.0,0.0,-1.0,0.0,0,0,0.0,0.0,1,0,0.0,-100.0,292,146.84931506849315,13680.0,0,0,,0.0,0,,68,95.88235294117646,-280.0,2525
GAP10P__odds_band=<20__model_rank_band=1-3,GAP10P,odds_band=<20;model_rank_band=1-3,False,1,0,0.0,-100.0,0.0,0.0,-1.0,0.0,0,0,0.0,0.0,1,0,0.0,-100.0,292,146.84931506849315,13680.0,0,0,,0.0,0,,68,95.88235294117646,-280.0,2526
GAP10P__pair_worse_rank_band=7-10__market_rank_band=41+,GAP10P,pair_worse_rank_band=7-10;market_rank_band=41+,False,1,0,0.0,-100.0,0.0,0.0,-1.0,0.0,0,0,0.0,0.0,1,0,0.0,-100.0,292,146.84931506849315,13680.0,1,0,0.0,-100.0,1,0.0,69,94.4927536231884,-380.0,2527
GAP15_24__odds_band=100+__market_rank_band=26-30,GAP15_24,odds_band=100+;market_rank_band=26-30,False,2,0,0.0,-200.0,0.0,0.0,-1.0,0.0,0,1,50.0,0.3436426116838488,1,0,0.0,-100.0,292,146.84931506849315,13680.0,6,0,0.0,-600.0,1,0.0,69,94.4927536231884,-380.0,2528
GAP15_24__odds_band=60-80__market_rank_band=16-20,GAP15_24,odds_band=60-80;market_rank_band=16-20,False,3,0,0.0,-300.0,0.0,0.0,-1.0,0.0,0,2,66.66666666666667,0.6872852233676976,1,0,0.0,-100.0,292,146.84931506849315,13680.0,0,0,,0.0,0,,68,95.88235294117646,-280.0,2529
GAP15_24__odds_band=80-100__market_rank_band=21-25,GAP15_24,odds_band=80-100;market_rank_band=21-25,False,3,0,0.0,-300.0,0.0,0.0,-1.0,0.0,0,2,66.66666666666667,0.6872852233676976,1,0,0.0,-100.0,292,146.84931506849315,13680.0,2,0,0.0,-200.0,2,0.0,70,93.14285714285714,-480.0,2530
GAP15_24__surface=DIRT__distance_band=2201+,GAP15_24,surface=DIRT;distance_band=2201+,False,1,0,0.0,-100.0,0.0,0.0,-1.0,0.0,0,1,100.0,0.3436426116838488,0,0,,0.0,291,147.35395189003435,13780.0,0,0,,0.0,0,,68,95.88235294117646,-280.0,2531
GAP15_24__odds_band=80-100__model_rank_band=6-8,GAP15_24,odds_band=80-100;model_rank_band=6-8,False,2,0,0.0,-200.0,0.0,0.0,-1.0,0.0,0,2,100.0,0.6872852233676976,0,0,,0.0,291,147.35395189003435,13780.0,2,0,0.0,-200.0,1,0.0,69,94.4927536231884,-380.0,2532
GAP15_24__odds_band=100+__model_rank_band=9-10,GAP15_24,odds_band=100+;model_rank_band=9-10,False,2,0,0.0,-200.0,0.0,0.0,-1.0,0.0,0,2,100.0,0.6872852233676976,0,0,,0.0,291,147.35395189003435,13780.0,2,0,0.0,-200.0,1,0.0,69,94.4927536231884,-380.0,2533
GAP3_4__odds_band=100+__model_rank_band=9-10,GAP3_4,odds_band=100+;model_rank_band=9-10,False,0,0,,0.0,,0.0,-1.0,-1.0,0,0,0.0,0.0,0,0,,0.0,291,147.35395189003435,13780.0,1,0,0.0,-100.0,1,0.0,69,94.4927536231884,-380.0,2534
GAP7_9__field_size_band=<=12__l17_rank_band=61+,GAP7_9,field_size_band=<=12;l17_rank_band=61+,False,0,0,,0.0,,0.0,-1.0,-1.0,0,0,0.0,0.0,0,0,,0.0,291,147.35395189003435,13780.0,1,0,0.0,-100.0,1,0.0,69,94.4927536231884,-380.0,2535
GAP15_24__odds_band=100+__model_rank_band=6-8,GAP15_24,odds_band=100+;model_rank_band=6-8,False,0,0,,0.0,,0.0,-1.0,-1.0,0,0,0.0,0.0,0,0,,0.0,291,147.35395189003435,13780.0,1,0,0.0,-100.0,0,,68,95.88235294117646,-280.0,2536
GAP25P__field_size_band=13-14__market_rank_band=41+,GAP25P,field_size_band=13-14;market_rank_band=41+,False,0,0,,0.0,,0.0,-1.0,-1.0,0,0,0.0,0.0,0,0,,0.0,291,147.35395189003435,13780.0,1,0,0.0,-100.0,1,0.0,69,94.4927536231884,-380.0,2537
GAP25P__market_rank_band=41+__model_rank_band=1-3,GAP25P,market_rank_band=41+;model_rank_band=1-3,False,0,0,,0.0,,0.0,-1.0,-1.0,0,0,0.0,0.0,0,0,,0.0,291,147.35395189003435,13780.0,1,0,0.0,-100.0,1,0.0,69,94.4927536231884,-380.0,2538
GAP25P__market_rank_band=41+__model_rank_band=4-5,GAP25P,market_rank_band=41+;model_rank_band=4-5,False,0,0,,0.0,,0.0,-1.0,-1.0,0,0,0.0,0.0,0,0,,0.0,291,147.35395189003435,13780.0,1,0,0.0,-100.0,1,0.0,69,94.4927536231884,-380.0,2539
GAP25P__odds_band=80-100__field_size_band=<=12,GAP25P,odds_band=80-100;field_size_band=<=12,False,0,0,,0.0,,0.0,-1.0,-1.0,0,0,0.0,0.0,0,0,,0.0,291,147.35395189003435,13780.0,1,0,0.0,-100.0,1,0.0,69,94.4927536231884,-380.0,2540
GAP25P__odds_band=80-100__field_size_band=17+,GAP25P,odds_band=80-100;field_size_band=17+,False,0,0,,0.0,,0.0,-1.0,-1.0,0,0,0.0,0.0,0,0,,0.0,291,147.35395189003435,13780.0,3,0,0.0,-300.0,3,0.0,71,91.83098591549296,-580.0,2541
GAP25P__odds_band=80-100__market_rank_band=26-30,GAP25P,odds_band=80-100;market_rank_band=26-30,False,0,0,,0.0,,0.0,-1.0,-1.0,0,0,0.0,0.0,0,0,,0.0,291,147.35395189003435,13780.0,1,0,0.0,-100.0,1,0.0,69,94.4927536231884,-380.0,2542
GAP25P__odds_band=80-100__model_rank_band=4-5,GAP25P,odds_band=80-100;model_rank_band=4-5,False,0,0,,0.0,,0.0,-1.0,-1.0,0,0,0.0,0.0,0,0,,0.0,291,147.35395189003435,13780.0,2,0,0.0,-200.0,2,0.0,70,93.14285714285714,-480.0,2543
GAP25P__odds_band=80-100__model_rank_band=9-10,GAP25P,odds_band=80-100;model_rank_band=9-10,False,0,0,,0.0,,0.0,-1.0,-1.0,0,0,0.0,0.0,0,0,,0.0,291,147.35395189003435,13780.0,3,0,0.0,-300.0,3,0.0,71,91.83098591549296,-580.0,2544
GAP25P__odds_band=100+__model_rank_band=1-3,GAP25P,odds_band=100+;model_rank_band=1-3,False,0,0,,0.0,,0.0,-1.0,-1.0,0,0,0.0,0.0,0,0,,0.0,291,147.35395189003435,13780.0,2,0,0.0,-200.0,2,0.0,70,93.14285714285714,-480.0,2545
GAP25P__odds_band=100+__model_rank_band=4-5,GAP25P,odds_band=100+;model_rank_band=4-5,False,0,0,,0.0,,0.0,-1.0,-1.0,0,0,0.0,0.0,0,0,,0.0,291,147.35395189003435,13780.0,3,0,0.0,-300.0,3,0.0,71,91.83098591549296,-580.0,2546
GAP25P__pair_worse_rank_band=11-14__field_size_band=<=12,GAP25P,pair_worse_rank_band=11-14;field_size_band=<=12,False,0,0,,0.0,,0.0,-1.0,-1.0,0,0,0.0,0.0,0,0,,0.0,291,147.35395189003435,13780.0,1,0,0.0,-100.0,1,0.0,69,94.4927536231884,-380.0,2547
GAP5P__field_size_band=13-14__market_rank_band=41+,GAP5P,field_size_band=13-14;market_rank_band=41+,False,0,0,,0.0,,0.0,-1.0,-1.0,0,0,0.0,0.0,0,0,,0.0,291,147.35395189003435,13780.0,1,0,0.0,-100.0,1,0.0,69,94.4927536231884,-380.0,2548
GAP5P__market_rank_band=41+__model_rank_band=1-3,GAP5P,market_rank_band=41+;model_rank_band=1-3,False,0,0,,0.0,,0.0,-1.0,-1.0,0,0,0.0,0.0,0,0,,0.0,291,147.35395189003435,13780.0,1,0,0.0,-100.0,1,0.0,69,94.4927536231884,-380.0,2549
GAP5P__market_rank_band=41+__model_rank_band=4-5,GAP5P,market_rank_band=41+;model_rank_band=4-5,False,0,0,,0.0,,0.0,-1.0,-1.0,0,0,0.0,0.0,0,0,,0.0,291,147.35395189003435,13780.0,1,0,0.0,-100.0,1,0.0,69,94.4927536231884,-380.0,2550
GAP5P__odds_band=80-100__model_rank_band=4-5,GAP5P,odds_band=80-100;model_rank_band=4-5,False,0,0,,0.0,,0.0,-1.0,-1.0,0,0,0.0,0.0,0,0,,0.0,291,147.35395189003435,13780.0,2,0,0.0,-200.0,2,0.0,70,93.14285714285714,-480.0,2551
GAP5P__odds_band=100+__model_rank_band=1-3,GAP5P,odds_band=100+;model_rank_band=1-3,False,0,0,,0.0,,0.0,-1.0,-1.0,0,0,0.0,0.0,0,0,,0.0,291,147.35395189003435,13780.0,2,0,0.0,-200.0,2,0.0,70,93.14285714285714,-480.0,2552
GAP5P__odds_band=100+__model_rank_band=4-5,GAP5P,odds_band=100+;model_rank_band=4-5,False,0,0,,0.0,,0.0,-1.0,-1.0,0,0,0.0,0.0,0,0,,0.0,291,147.35395189003435,13780.0,3,0,0.0,-300.0,3,0.0,71,91.83098591549296,-580.0,2553
GAP10P__field_size_band=13-14__market_rank_band=41+,GAP10P,field_size_band=13-14;market_rank_band=41+,False,0,0,,0.0,,0.0,-1.0,-1.0,0,0,0.0,0.0,0,0,,0.0,291,147.35395189003435,13780.0,1,0,0.0,-100.0,1,0.0,69,94.4927536231884,-380.0,2554
GAP10P__market_rank_band=41+__model_rank_band=1-3,GAP10P,market_rank_band=41+;model_rank_band=1-3,False,0,0,,0.0,,0.0,-1.0,-1.0,0,0,0.0,0.0,0,0,,0.0,291,147.35395189003435,13780.0,1,0,0.0,-100.0,1,0.0,69,94.4927536231884,-380.0,2555
GAP10P__market_rank_band=41+__model_rank_band=4-5,GAP10P,market_rank_band=41+;model_rank_band=4-5,False,0,0,,0.0,,0.0,-1.0,-1.0,0,0,0.0,0.0,0,0,,0.0,291,147.35395189003435,13780.0,1,0,0.0,-100.0,1,0.0,69,94.4927536231884,-380.0,2556
GAP10P__odds_band=80-100__model_rank_band=4-5,GAP10P,odds_band=80-100;model_rank_band=4-5,False,0,0,,0.0,,0.0,-1.0,-1.0,0,0,0.0,0.0,0,0,,0.0,291,147.35395189003435,13780.0,2,0,0.0,-200.0,2,0.0,70,93.14285714285714,-480.0,2557
GAP10P__odds_band=100+__model_rank_band=1-3,GAP10P,odds_band=100+;model_rank_band=1-3,False,0,0,,0.0,,0.0,-1.0,-1.0,0,0,0.0,0.0,0,0,,0.0,291,147.35395189003435,13780.0,2,0,0.0,-200.0,2,0.0,70,93.14285714285714,-480.0,2558
GAP10P__odds_band=100+__model_rank_band=4-5,GAP10P,odds_band=100+;model_rank_band=4-5,False,0,0,,0.0,,0.0,-1.0,-1.0,0,0,0.0,0.0,0,0,,0.0,291,147.35395189003435,13780.0,3,0,0.0,-300.0,3,0.0,71,91.83098591549296,-580.0,2559
