scope,feature,category,anchors,collapse_n,survive_n,observed_n,coverage_pct,collapse_mean,survive_mean,collapse_median,survive_median,standardized_mean_diff,abs_smd,auc_larger_means_collapse,predictive_auc,direction,collapse_missing_pct,survive_missing_pct
MARKET_ODDS_LE_1.5,auto_history_margin_lengths_previous_delta,HISTORY_FRAGILITY,205,25,180,124,60.48780487804878,1.3214285714285714,-0.34545454545454546,0.75,-0.25,0.7468767053593343,0.7468767053593343,0.7220779220779221,0.7220779220779221,HIGHER_COLLAPSE,44.0,38.88888888888889
MARKET_ODDS_LE_1.5,auto_field_recent_top3_rate_diff_median,FIELD_OPPONENT,205,25,180,201,98.04878048780488,0.4895833333333333,0.6626647834274952,0.5,0.6666666666666666,-0.6213847116746511,0.6213847116746511,0.3226224105461394,0.6773775894538606,LOWER_COLLAPSE,4.0,1.6666666666666667
MARKET_ODDS_LE_1.5,actor_horse_jockey_all_effective_top3_rate,ACTOR,205,25,180,205,100.0,0.2701755283198647,0.2477044436755434,0.2562497871062239,0.2444525053693658,0.6047958849318311,0.6047958849318311,0.6728888888888889,0.6728888888888889,HIGHER_COLLAPSE,0.0,0.0
MARKET_ODDS_LE_1.5,actor_horse_jockey_recent_effective_top3_rate,ACTOR,205,25,180,205,100.0,0.2701755283198647,0.2477044436755434,0.2562497871062239,0.2444525053693658,0.6047958849318311,0.6047958849318311,0.6728888888888889,0.6728888888888889,HIGHER_COLLAPSE,0.0,0.0
MARKET_ODDS_LE_1.5,actor_jockey_race_class_win_rate,ACTOR,205,25,180,205,100.0,0.13897802272923987,0.18855740136744426,0.12745098039215685,0.16393896976483763,-0.5905321428494635,0.5905321428494635,0.334,0.6659999999999999,LOWER_COLLAPSE,0.0,0.0
MARKET_ODDS_LE_1.5,timepace_even_pace_rate,PACE_TIME,205,25,180,201,98.04878048780488,0.2746693121693122,0.4337570621468927,0.2,0.4,-0.5089776078146873,0.5089776078146873,0.3342749529190207,0.6657250470809792,LOWER_COLLAPSE,4.0,1.6666666666666667
MARKET_ODDS_LE_1.5,actor_horse_jockey_all_starts,ACTOR,205,25,180,205,100.0,1.96,1.0611111111111111,2.0,1.0,0.5899442093115741,0.5899442093115741,0.6627777777777778,0.6627777777777778,HIGHER_COLLAPSE,0.0,0.0
MARKET_ODDS_LE_1.5,actor_horse_jockey_all_win_observations,ACTOR,205,25,180,205,100.0,1.96,1.0611111111111111,2.0,1.0,0.5899442093115741,0.5899442093115741,0.6627777777777778,0.6627777777777778,HIGHER_COLLAPSE,0.0,0.0
MARKET_ODDS_LE_1.5,actor_horse_jockey_all_top3_observations,ACTOR,205,25,180,205,100.0,1.96,1.0611111111111111,2.0,1.0,0.5899442093115741,0.5899442093115741,0.6627777777777778,0.6627777777777778,HIGHER_COLLAPSE,0.0,0.0
MARKET_ODDS_LE_1.5,actor_horse_jockey_recent_starts,ACTOR,205,25,180,205,100.0,1.96,1.0611111111111111,2.0,1.0,0.5899442093115741,0.5899442093115741,0.6627777777777778,0.6627777777777778,HIGHER_COLLAPSE,0.0,0.0
MARKET_ODDS_LE_1.5,actor_horse_jockey_recent_win_observations,ACTOR,205,25,180,205,100.0,1.96,1.0611111111111111,2.0,1.0,0.5899442093115741,0.5899442093115741,0.6627777777777778,0.6627777777777778,HIGHER_COLLAPSE,0.0,0.0
MARKET_ODDS_LE_1.5,actor_horse_jockey_recent_top3_observations,ACTOR,205,25,180,205,100.0,1.96,1.0611111111111111,2.0,1.0,0.5899442093115741,0.5899442093115741,0.6627777777777778,0.6627777777777778,HIGHER_COLLAPSE,0.0,0.0
MARKET_ODDS_LE_1.5,actor_jockey_race_class_top3_rate,ACTOR,205,25,180,205,100.0,0.3475326671655964,0.4308039488074203,0.33294117647058824,0.4065711552102407,-0.604718520494367,0.604718520494367,0.338,0.6619999999999999,LOWER_COLLAPSE,0.0,0.0
MARKET_ODDS_LE_1.5,auto_field_recent_top3_rate_diff_mean,FIELD_OPPONENT,205,25,180,201,98.04878048780488,0.44243142659809326,0.5644948828865827,0.43777777777777777,0.5869047619047618,-0.5748309357611849,0.5748309357611849,0.3398069679849341,0.660193032015066,LOWER_COLLAPSE,4.0,1.6666666666666667
MARKET_ODDS_LE_1.5,actor_jockey_race_class_effective_top3_rate,ACTOR,205,25,180,205,100.0,0.3433525455427028,0.41820553230722196,0.3303150901035915,0.3980120380694029,-0.5688014795922929,0.5688014795922929,0.34244444444444444,0.6575555555555556,LOWER_COLLAPSE,0.0,0.0
MARKET_ODDS_LE_1.5,opponent_previous_known_count,FIELD_OPPONENT,205,25,180,205,100.0,10.12,12.238888888888889,9.0,13.0,-0.6263213578444503,0.6263213578444503,0.3432222222222222,0.6567777777777778,LOWER_COLLAPSE,0.0,0.0
MARKET_ODDS_LE_1.5,lap_recent_avg_variance,PACE_TIME,205,25,180,199,97.07317073170731,0.5923730728138857,0.48436743742584054,0.4616975308641974,0.3561298892970106,0.2608516909778905,0.2608516909778905,0.6566205533596838,0.6566205533596838,HIGHER_COLLAPSE,8.0,2.2222222222222223
MARKET_ODDS_LE_1.5,actor_jockey_race_class_effective_win_rate,ACTOR,205,25,180,205,100.0,0.13742216465188084,0.18064371601014473,0.12410523170866468,0.15854411798077772,-0.5441976979568824,0.5441976979568824,0.3448888888888889,0.6551111111111111,LOWER_COLLAPSE,0.0,0.0
MARKET_ODDS_LE_1.5,race_no,OTHER,205,25,180,205,100.0,7.0,5.138888888888889,7.0,5.0,0.5456621020297359,0.5456621020297359,0.6537777777777778,0.6537777777777778,HIGHER_COLLAPSE,0.0,0.0
MARKET_ODDS_LE_1.5,auto_field_recent_avg_last_3f_diff_mean,PACE_TIME,205,25,180,201,98.04878048780488,0.21788236724695254,-1.1386686906887342,-0.48537878787878697,-0.9811458333333363,0.687103979637144,0.687103979637144,0.6513653483992468,0.6513653483992468,HIGHER_COLLAPSE,4.0,1.6666666666666667
MARKET_ODDS_LE_1.5,ped_damsire_venue_win_rate,RACE_CONDITION,205,25,180,203,99.02439024390245,0.06523742708336766,0.09022195247171205,0.06951871657754011,0.08110706334750051,-0.4051003361007552,0.4051003361007552,0.35898876404494384,0.6410112359550562,LOWER_COLLAPSE,0.0,1.1111111111111112
MARKET_ODDS_LE_1.5,auto_history_margin_lengths_linear_trend,HISTORY_FRAGILITY,205,25,180,124,60.48780487804878,0.48366354535633954,-0.044818861264430805,0.02525517775055191,-0.00472861842105263,0.46007049638962216,0.46007049638962216,0.6366883116883116,0.6366883116883116,HIGHER_COLLAPSE,44.0,38.88888888888889
MARKET_ODDS_LE_1.5,auto_history_carried_weight_stddev,WEIGHT_BODY,205,25,180,201,98.04878048780488,0.781071474062585,0.4930125248221,0.7824140291412571,0.4714045207910317,0.4867105366379048,0.4867105366379048,0.6359463276836158,0.6359463276836158,HIGHER_COLLAPSE,4.0,1.6666666666666667
MARKET_ODDS_LE_1.5,auto_history_carried_weight_variance,WEIGHT_BODY,205,25,180,201,98.04878048780488,1.0675765882502193,0.5748499004448432,0.6133333333333333,0.22222222222222224,0.4261717963876329,0.4261717963876329,0.6359463276836158,0.6359463276836158,HIGHER_COLLAPSE,4.0,1.6666666666666667
MARKET_ODDS_LE_1.5,auto_history_carried_weight_coefficient_of_variation,WEIGHT_BODY,205,25,180,201,98.04878048780488,0.013945456811190674,0.008839267004573485,0.014075756499667809,0.00831890330807703,0.48171304754255184,0.48171304754255184,0.635593220338983,0.635593220338983,HIGHER_COLLAPSE,4.0,1.6666666666666667
MARKET_ODDS_LE_1.5,auto_history_body_weight_stddev,WEIGHT_BODY,205,25,180,201,98.04878048780488,4.808616693144569,3.5693012330705844,4.758769757263128,3.0,0.3895582164646206,0.3895582164646206,0.634298493408663,0.634298493408663,HIGHER_COLLAPSE,4.0,1.6666666666666667
MARKET_ODDS_LE_1.5,auto_history_body_weight_variance,WEIGHT_BODY,205,25,180,201,98.04878048780488,32.820388669025654,22.80384466237633,22.70408163265306,9.0,0.2549706373575945,0.2549706373575945,0.634298493408663,0.634298493408663,HIGHER_COLLAPSE,4.0,1.6666666666666667
MARKET_ODDS_LE_1.5,jockey_continues,ACTOR,205,25,180,201,98.04878048780488,0.7083333333333334,0.4406779661016949,1.0,0.0,0.5416881951185646,0.5416881951185646,0.6338276836158192,0.6338276836158192,HIGHER_COLLAPSE,4.0,1.6666666666666667
MARKET_ODDS_LE_1.5,auto_field_recent_avg_last_3f_diff_median,PACE_TIME,205,25,180,201,98.04878048780488,0.2023263888888899,-1.0911393596986818,-0.384999999999998,-0.8200000000000003,0.6735842571322741,0.6735842571322741,0.6318267419962336,0.6318267419962336,HIGHER_COLLAPSE,4.0,1.6666666666666667
MARKET_ODDS_LE_1.5,auto_history_body_weight_coefficient_of_variation,WEIGHT_BODY,205,25,180,201,98.04878048780488,0.009674758718477226,0.0072932209386245995,0.009697513004935952,0.006289308176100629,0.37271087534006153,0.37271087534006153,0.6302966101694916,0.6302966101694916,HIGHER_COLLAPSE,4.0,1.6666666666666667
MARKET_ODDS_LE_1.5,opponent_previous_avg_starts,FIELD_OPPONENT,205,25,180,201,98.04878048780488,11.047109698580288,7.321309119040923,8.866666666666667,4.666666666666667,0.5784225055346932,0.5784225055346932,0.6290018832391714,0.6290018832391714,HIGHER_COLLAPSE,4.0,1.6666666666666667
MARKET_ODDS_LE_1.5,auto_history_margin_lengths_last,HISTORY_FRAGILITY,205,25,180,181,88.29268292682927,2.3260869565217392,1.625,2.0,1.25,0.46301571685240683,0.46301571685240683,0.6283709411117226,0.6283709411117226,HIGHER_COLLAPSE,8.0,12.222222222222221
MARKET_ODDS_LE_1.5,opponent_recent_avg_starts,FIELD_OPPONENT,205,25,180,201,98.04878048780488,9.354748148887241,5.882730158551861,7.176904761904761,4.756666666666667,0.7209331238602398,0.7209331238602398,0.6270009416195856,0.6270009416195856,HIGHER_COLLAPSE,4.0,1.6666666666666667
MARKET_ODDS_LE_1.5,previous_distance_m,DISTANCE,205,25,180,201,98.04878048780488,1979.1666666666667,1734.2372881355932,1800.0,1800.0,0.5238492070653052,0.5238492070653052,0.6252354048964218,0.6252354048964218,HIGHER_COLLAPSE,4.0,1.6666666666666667
MARKET_ODDS_LE_1.5,auto_history_distance_m_last,DISTANCE,205,25,180,201,98.04878048780488,1979.1666666666667,1734.2372881355932,1800.0,1800.0,0.5238492070653052,0.5238492070653052,0.6252354048964218,0.6252354048964218,HIGHER_COLLAPSE,4.0,1.6666666666666667
MARKET_ODDS_LE_1.5,auto_history_margin_lengths_gap_to_best,HISTORY_FRAGILITY,205,25,180,181,88.29268292682927,1.2173913043478262,0.5522151898734177,0.25,0.0,0.5150607181171203,0.5150607181171203,0.6246560264171711,0.6246560264171711,HIGHER_COLLAPSE,8.0,12.222222222222221
MARKET_ODDS_LE_1.5,auto_history_margin_lengths_missing_count,HISTORY_FRAGILITY,205,25,180,205,100.0,2.64,1.7166666666666666,2.0,1.0,0.5127330439358596,0.5127330439358596,0.6232222222222222,0.6232222222222222,HIGHER_COLLAPSE,0.0,0.0
MARKET_ODDS_LE_1.5,auto_field_recent_top3_rate_zscore,FIELD_OPPONENT,205,25,180,201,98.04878048780488,1.8251645338025606,2.1397940550749226,1.9241811502509447,2.1650635094610964,-0.3986177478666143,0.3986177478666143,0.3806497175141243,0.6193502824858756,LOWER_COLLAPSE,4.0,1.6666666666666667
MARKET_ODDS_LE_1.5,auto_margin_gap_same_going_median,HISTORY_FRAGILITY,205,25,180,137,66.82926829268293,1.1875,1.718487394957983,1.25,1.5,-0.44815651378206606,0.44815651378206606,0.3814192343604108,0.6185807656395892,LOWER_COLLAPSE,28.000000000000004,33.88888888888889
MARKET_ODDS_LE_1.5,auto_history_carried_weight_max,WEIGHT_BODY,205,25,180,201,98.04878048780488,56.916666666666664,56.163841807909606,57.0,56.0,0.5244271627963286,0.5244271627963286,0.61734934086629,0.61734934086629,HIGHER_COLLAPSE,4.0,1.6666666666666667
MARKET_ODDS_LE_1.5,recent_win_rate,HISTORY_FRAGILITY,205,25,180,201,98.04878048780488,0.2833333333333334,0.1743879472693032,0.2,0.0,0.41685987802958635,0.41685987802958635,0.6148775894538606,0.6148775894538606,HIGHER_COLLAPSE,4.0,1.6666666666666667
MARKET_ODDS_LE_1.5,auto_history_speed_mps_stddev,HISTORY_FRAGILITY,205,25,180,201,98.04878048780488,0.269592355007838,0.20828069599652202,0.26385165657882637,0.19305730710060703,0.3603170760927275,0.3603170760927275,0.6148775894538606,0.6148775894538606,HIGHER_COLLAPSE,4.0,1.6666666666666667
MARKET_ODDS_LE_1.5,auto_history_speed_mps_variance,HISTORY_FRAGILITY,205,25,180,201,98.04878048780488,0.10412059281861297,0.07167111485449035,0.06980830057545076,0.03727112382493809,0.29741911699434104,0.29741911699434104,0.6148775894538606,0.6148775894538606,HIGHER_COLLAPSE,4.0,1.6666666666666667
MARKET_ODDS_LE_1.5,auto_history_distance_m_rolling_2_mean,DISTANCE,205,25,180,201,98.04878048780488,1936.4583333333333,1741.412429378531,1800.0,1800.0,0.45806612625360155,0.45806612625360155,0.6133474576271186,0.6133474576271186,HIGHER_COLLAPSE,4.0,1.6666666666666667
MARKET_ODDS_LE_1.5,auto_history_speed_mps_coefficient_of_variation,HISTORY_FRAGILITY,205,25,180,201,98.04878048780488,0.01660570085790642,0.012830134445688446,0.01639746236999354,0.012029107268512739,0.3555848396924476,0.3555848396924476,0.6132297551789078,0.6132297551789078,HIGHER_COLLAPSE,4.0,1.6666666666666667
MARKET_ODDS_LE_1.5,same_venue_top3_rate,RACE_CONDITION,205,25,180,137,66.82926829268293,0.6927083333333333,0.825796930342385,0.875,1.0,-0.4154315952544712,0.4154315952544712,0.3894628099173554,0.6105371900826446,LOWER_COLLAPSE,36.0,32.77777777777778
MARKET_ODDS_LE_1.5,actor_horse_jockey_recent_fallback_level,ACTOR,205,25,180,205,100.0,1.2,1.4333333333333333,1.0,1.0,-0.43577600377686687,0.43577600377686687,0.3897777777777778,0.6102222222222222,LOWER_COLLAPSE,0.0,0.0
MARKET_ODDS_LE_1.5,auto_history_distance_m_ewma,DISTANCE,205,25,180,201,98.04878048780488,1920.7515621185303,1736.3457562290344,1800.0,1750.0,0.4546043009157734,0.4546043009157734,0.6100517890772128,0.6100517890772128,HIGHER_COLLAPSE,4.0,1.6666666666666667
MARKET_ODDS_LE_1.5,auto_history_distance_m_max,DISTANCE,205,25,180,201,98.04878048780488,2079.1666666666665,1865.2542372881355,1950.0,1800.0,0.4674163816656383,0.4674163816656383,0.6091101694915254,0.6091101694915254,HIGHER_COLLAPSE,4.0,1.6666666666666667
MARKET_ODDS_LE_1.5,actor_horse_jockey_all_fallback_level,ACTOR,205,25,180,205,100.0,0.48,0.9111111111111111,0.0,0.0,-0.43782955351567304,0.43782955351567304,0.39222222222222225,0.6077777777777778,LOWER_COLLAPSE,0.0,0.0
MARKET_ODDS_LE_1.5,actor_jockey_all_win_rate,ACTOR,205,25,180,205,100.0,0.1406419610873152,0.1744235646475257,0.12704638472032742,0.14408111652980793,-0.4255030220938019,0.4255030220938019,0.39255555555555555,0.6074444444444445,LOWER_COLLAPSE,0.0,0.0
MARKET_ODDS_LE_1.5,actor_jockey_all_top3_rate,ACTOR,205,25,180,205,100.0,0.35143951036643917,0.4091568084248943,0.32629558541266795,0.3788626882300306,-0.4199345041354602,0.4199345041354602,0.393,0.607,LOWER_COLLAPSE,0.0,0.0
MARKET_ODDS_LE_1.5,auto_history_distance_m_previous_delta,DISTANCE,205,25,180,166,80.97560975609757,93.18181818181819,-17.63888888888889,0.0,0.0,0.424110399068832,0.424110399068832,0.6066919191919192,0.6066919191919192,HIGHER_COLLAPSE,12.0,20.0
MARKET_ODDS_LE_1.5,actor_jockey_all_effective_win_rate,ACTOR,205,25,180,205,100.0,0.14061516256833845,0.17294907974741322,0.12686283922237132,0.1437065027901162,-0.41054697866541107,0.41054697866541107,0.3938888888888889,0.606111111111111,LOWER_COLLAPSE,0.0,0.0
MARKET_ODDS_LE_1.5,actor_jockey_all_effective_top3_rate,ACTOR,205,25,180,205,100.0,0.35119407342471826,0.40732922465722887,0.3223112633273492,0.3781646368222179,-0.4139175012796751,0.4139175012796751,0.3947777777777778,0.6052222222222222,LOWER_COLLAPSE,0.0,0.0
MARKET_ODDS_LE_1.5,auto_history_distance_m_rolling_3_mean,DISTANCE,205,25,180,201,98.04878048780488,1901.6666666666667,1739.5291902071565,1800.0,1766.6666666666667,0.40058212456794057,0.40058212456794057,0.6034604519774012,0.6034604519774012,HIGHER_COLLAPSE,4.0,1.6666666666666667
MARKET_ODDS_LE_1.5,opponent_previous_max_win_rate,FIELD_OPPONENT,205,25,180,201,98.04878048780488,0.35158316798941797,0.4466651808264901,0.25,0.3333333333333333,-0.3296670014974642,0.3296670014974642,0.3966572504708098,0.6033427495291902,LOWER_COLLAPSE,4.0,1.6666666666666667
MARKET_ODDS_LE_1.5,style_previous_last_position,STYLE_POSITION,205,25,180,201,98.04878048780488,2.7083333333333335,3.310734463276836,2.0,3.0,-0.2462524242530314,0.2462524242530314,0.3991290018832392,0.6008709981167608,LOWER_COLLAPSE,4.0,1.6666666666666667
MARKET_ODDS_LE_1.5,auto_history_speed_mps_gap_to_best,HISTORY_FRAGILITY,205,25,180,201,98.04878048780488,-0.38614358978681457,-0.22891119232437185,-0.18373492350955267,0.0,-0.36958946736443743,0.36958946736443743,0.4007768361581921,0.599223163841808,LOWER_COLLAPSE,4.0,1.6666666666666667
MARKET_ODDS_LE_1.5,auto_margin_gap_same_class_success_rate,HISTORY_FRAGILITY,205,25,180,126,61.46341463414634,0.33608058608058605,0.46190220791990705,0.25,0.5,-0.3417312682798468,0.3417312682798468,0.40095302927161336,0.5990469707283866,LOWER_COLLAPSE,48.0,37.22222222222222
MARKET_ODDS_LE_1.5,ped_sire_going_win_rate,OTHER,205,25,180,202,98.53658536585365,0.1147231091553412,0.10037968410718309,0.10789106145251397,0.09023789991796555,0.21947080500572572,0.21947080500572572,0.5989830508474576,0.5989830508474576,HIGHER_COLLAPSE,0.0,1.6666666666666667
MARKET_ODDS_LE_1.5,ped_sire_going_effective_win_rate,OTHER,205,25,180,205,100.0,0.1003322846040092,0.09150045434648471,0.10558274229987137,0.09013627469069481,0.3057110135509756,0.3057110135509756,0.5988888888888889,0.5988888888888889,HIGHER_COLLAPSE,0.0,0.0
MARKET_ODDS_LE_1.5,auto_margin_gap_same_going_starts,HISTORY_FRAGILITY,205,25,180,205,100.0,4.08,2.433333333333333,2.0,2.0,0.620411187331728,0.620411187331728,0.5987777777777777,0.5987777777777777,HIGHER_COLLAPSE,0.0,0.0
MARKET_ODDS_LE_1.5,distance_m,DISTANCE,205,25,180,205,100.0,1959.6,1734.0555555555557,1800.0,1800.0,0.4728105967118525,0.4728105967118525,0.5982222222222222,0.5982222222222222,HIGHER_COLLAPSE,0.0,0.0
MARKET_ODDS_LE_1.5,timepace_fast_pace_rate,PACE_TIME,205,25,180,201,98.04878048780488,0.30529100529100534,0.21581920903954804,0.2857142857142857,0.2,0.378838611568334,0.378838611568334,0.5980461393596986,0.5980461393596986,HIGHER_COLLAPSE,4.0,1.6666666666666667
MARKET_ODDS_LE_1.5,backfill_designated,OTHER,205,25,180,205,100.0,0.6,0.7944444444444444,1.0,1.0,-0.46566758538145264,0.46566758538145264,0.4027777777777778,0.5972222222222222,LOWER_COLLAPSE,0.0,0.0
MARKET_ODDS_LE_1.5,ped_damsire_venue_effective_win_rate,RACE_CONDITION,205,25,180,205,100.0,0.074069144060144,0.08247406498169747,0.07207835752278953,0.07908750830144434,-0.3080371078936044,0.3080371078936044,0.4028888888888889,0.5971111111111111,LOWER_COLLAPSE,0.0,0.0
MARKET_ODDS_LE_1.5,auto_field_recent_top3_rate_gap_to_top3_mean,FIELD_OPPONENT,205,25,180,201,98.04878048780488,0.14351851851851857,0.21362209667294407,0.1888888888888889,0.20000000000000007,-0.36800709716325836,0.36800709716325836,0.403954802259887,0.596045197740113,LOWER_COLLAPSE,4.0,1.6666666666666667
MARKET_ODDS_LE_1.5,opponent_history_avg_field_elo,FIELD_OPPONENT,205,25,180,201,98.04878048780488,1512.3505860847542,1505.2851241897354,1503.5361134606278,1501.2866286157582,0.7045461854903776,0.7045461854903776,0.5953389830508474,0.5953389830508474,HIGHER_COLLAPSE,4.0,1.6666666666666667
MARKET_ODDS_LE_1.5,opponent_recent_avg_known_count,FIELD_OPPONENT,205,25,180,201,98.04878048780488,11.611541005291008,12.559974441754104,12.45,12.857142857142858,-0.40382894197797986,0.40382894197797986,0.4056026365348399,0.59439736346516,LOWER_COLLAPSE,4.0,1.6666666666666667
MARKET_ODDS_LE_1.5,network_field_avg_elo,FIELD_OPPONENT,205,25,180,205,100.0,1515.4558944104117,1508.7960066591745,1508.6967482763096,1501.541076265798,0.32593228578178113,0.32593228578178113,0.5941111111111111,0.5941111111111111,HIGHER_COLLAPSE,0.0,0.0
MARKET_ODDS_LE_1.5,opponent_current_field_avg_elo,FIELD_OPPONENT,205,25,180,205,100.0,1515.4558944104117,1508.7960066591745,1508.6967482763096,1501.541076265798,0.32593228578178113,0.32593228578178113,0.5941111111111111,0.5941111111111111,HIGHER_COLLAPSE,0.0,0.0
MARKET_ODDS_LE_1.5,auto_history_distance_m_rolling_5_mean,DISTANCE,205,25,180,201,98.04878048780488,1866.125,1732.1563088512241,1800.0,1760.0,0.36588808133638284,0.36588808133638284,0.5940442561205274,0.5940442561205274,HIGHER_COLLAPSE,4.0,1.6666666666666667
MARKET_ODDS_LE_1.5,actor_jockey_distance_band_win_rate,DISTANCE,205,25,180,205,100.0,0.14510202940531008,0.18181262528080872,0.13204747774480713,0.1530479628720326,-0.3637123689790534,0.3637123689790534,0.4061111111111111,0.5938888888888889,LOWER_COLLAPSE,0.0,0.0
MARKET_ODDS_LE_1.5,ped_damsire_race_class_effective_avg_margin_lengths,HISTORY_FRAGILITY,205,25,180,205,100.0,1.9590474808618075,2.034420137911288,1.928942883440153,2.062854056865028,-0.3171815740257637,0.3171815740257637,0.4062222222222222,0.5937777777777777,LOWER_COLLAPSE,0.0,0.0
MARKET_ODDS_LE_1.5,opponent_history_max_field_elo,FIELD_OPPONENT,205,25,180,201,98.04878048780488,1561.9796808707868,1543.2537402475903,1546.0651144672938,1535.7297735846669,0.4828713591433256,0.4828713591433256,0.5935734463276836,0.5935734463276836,HIGHER_COLLAPSE,4.0,1.6666666666666667
MARKET_ODDS_LE_1.5,auto_history_distance_m_stddev,DISTANCE,205,25,180,201,98.04878048780488,149.4985843854662,108.77357141653981,131.8879735428169,94.28090415820634,0.31811370807914247,0.31811370807914247,0.5932203389830508,0.5932203389830508,HIGHER_COLLAPSE,4.0,1.6666666666666667
MARKET_ODDS_LE_1.5,auto_history_distance_m_variance,DISTANCE,205,25,180,201,98.04878048780488,46094.848683174314,27038.29898423224,17395.04132231405,8888.888888888889,0.287874822813186,0.287874822813186,0.5932203389830508,0.5932203389830508,HIGHER_COLLAPSE,4.0,1.6666666666666667
MARKET_ODDS_LE_1.5,distx_shorter_starts,DISTANCE,205,25,180,205,100.0,3.44,1.3555555555555556,1.0,0.0,0.6402908753438011,0.6402908753438011,0.5924444444444444,0.5924444444444444,HIGHER_COLLAPSE,0.0,0.0
MARKET_ODDS_LE_1.5,auto_history_distance_m_median,DISTANCE,205,25,180,201,98.04878048780488,1809.5833333333333,1698.8418079096045,1800.0,1800.0,0.36668381846356973,0.36668381846356973,0.5922787193973634,0.5922787193973634,HIGHER_COLLAPSE,4.0,1.6666666666666667
MARKET_ODDS_LE_1.5,auto_history_distance_m_mean,DISTANCE,205,25,180,201,98.04878048780488,1809.5260217723453,1708.351663402511,1800.0,1760.0,0.3464739260592458,0.3464739260592458,0.591572504708098,0.591572504708098,HIGHER_COLLAPSE,4.0,1.6666666666666667
MARKET_ODDS_LE_1.5,distx_recent_avg_distance_m,DISTANCE,205,25,180,201,98.04878048780488,1809.5260217723453,1708.351663402511,1800.0,1760.0,0.3464739260592458,0.3464739260592458,0.591572504708098,0.591572504708098,HIGHER_COLLAPSE,4.0,1.6666666666666667
MARKET_ODDS_LE_1.5,auto_margin_gap_within_200m_observations,HISTORY_FRAGILITY,205,25,180,205,100.0,1.32,1.9388888888888889,1.0,1.0,-0.35650646127794655,0.35650646127794655,0.40844444444444444,0.5915555555555556,LOWER_COLLAPSE,0.0,0.0
MARKET_ODDS_LE_1.5,auto_field_recent_avg_speed_mps_percentile,FIELD_OPPONENT,205,25,180,201,98.04878048780488,0.618028268028268,0.6993323088786697,0.625,0.7333333333333333,-0.311808852392612,0.311808852392612,0.4090160075329567,0.5909839924670433,LOWER_COLLAPSE,4.0,1.6666666666666667
MARKET_ODDS_LE_1.5,auto_field_recent_avg_last_3f_percentile,PACE_TIME,205,25,180,201,98.04878048780488,0.654151751026751,0.7541727750850383,0.7071428571428571,0.8125,-0.4081266971437594,0.4081266971437594,0.4094868173258004,0.5905131826741996,LOWER_COLLAPSE,4.0,1.6666666666666667
MARKET_ODDS_LE_1.5,auto_history_speed_mps_min,HISTORY_FRAGILITY,205,25,180,201,98.04878048780488,15.85998991019541,16.06320288777521,15.895335865133074,16.112789526686807,-0.3590246442034907,0.3590246442034907,0.4098399246704331,0.5901600753295668,LOWER_COLLAPSE,4.0,1.6666666666666667
MARKET_ODDS_LE_1.5,auto_field_recent_avg_speed_mps_diff_median,FIELD_OPPONENT,205,25,180,201,98.04878048780488,0.09773699166885708,0.17713901990809194,0.09853598999919733,0.14608655490361144,-0.3104975626271527,0.3104975626271527,0.4098399246704331,0.5901600753295668,LOWER_COLLAPSE,4.0,1.6666666666666667
MARKET_ODDS_LE_1.5,auto_history_carried_weight_min,WEIGHT_BODY,205,25,180,201,98.04878048780488,54.625,54.887005649717516,55.0,55.0,-0.21803196723341847,0.21803196723341847,0.4101930320150659,0.589806967984934,LOWER_COLLAPSE,4.0,1.6666666666666667
MARKET_ODDS_LE_1.5,auto_margin_gap_within_400m_success_observations,HISTORY_FRAGILITY,205,25,180,205,100.0,2.44,3.161111111111111,1.0,3.0,-0.2997960838435991,0.2997960838435991,0.4108888888888889,0.5891111111111111,LOWER_COLLAPSE,0.0,0.0
MARKET_ODDS_LE_1.5,actor_jockey_surface_win_rate,ACTOR,205,25,180,205,100.0,0.14301264080412343,0.1765292496361213,0.13396715643906656,0.1534022558216655,-0.4158858195006173,0.4158858195006173,0.411,0.589,LOWER_COLLAPSE,0.0,0.0
MARKET_ODDS_LE_1.5,auto_pair_distance_vs_recent_mean_diff,DISTANCE,205,25,180,201,98.04878048780488,156.7239782276547,23.456246202008916,0.0,0.0,0.4822167621420051,0.4822167621420051,0.5889830508474576,0.5889830508474576,HIGHER_COLLAPSE,4.0,1.6666666666666667
MARKET_ODDS_LE_1.5,distx_current_minus_recent_avg_m,DISTANCE,205,25,180,201,98.04878048780488,156.7239782276547,23.456246202008916,0.0,0.0,0.4822167621420051,0.4822167621420051,0.5889830508474576,0.5889830508474576,HIGHER_COLLAPSE,4.0,1.6666666666666667
MARKET_ODDS_LE_1.5,auto_field_recent_avg_speed_mps_diff_mean,FIELD_OPPONENT,205,25,180,201,98.04878048780488,0.11589625693991652,0.186151678655144,0.08273370599614527,0.19110776570803267,-0.26608875968981965,0.26608875968981965,0.4110169491525424,0.5889830508474576,LOWER_COLLAPSE,4.0,1.6666666666666667
MARKET_ODDS_LE_1.5,auto_history_last_3f_previous_delta,PACE_TIME,205,25,180,166,80.97560975609757,-0.7909090909090911,-0.444444444444444,0.1499999999999977,-0.30000000000000426,-0.1161911994864175,0.1161911994864175,0.5886994949494949,0.5886994949494949,LOWER_COLLAPSE,12.0,20.0
MARKET_ODDS_LE_1.5,ped_sire_venue_effective_top3_rate,RACE_CONDITION,205,25,180,205,100.0,0.26960227537195264,0.25422690338084875,0.26438227271352027,0.2544850002355292,0.32146182803579393,0.32146182803579393,0.5884444444444444,0.5884444444444444,HIGHER_COLLAPSE,0.0,0.0
MARKET_ODDS_LE_1.5,actor_jockey_race_class_effective_starts,ACTOR,205,25,180,205,100.0,641.2,755.7444444444444,526.0,752.5,-0.2934850126316445,0.2934850126316445,0.41244444444444445,0.5875555555555556,LOWER_COLLAPSE,0.0,0.0
MARKET_ODDS_LE_1.5,actor_jockey_race_class_starts,ACTOR,205,25,180,205,100.0,641.2,755.6944444444445,526.0,752.5,-0.29329292554678693,0.29329292554678693,0.41244444444444445,0.5875555555555556,LOWER_COLLAPSE,0.0,0.0
MARKET_ODDS_LE_1.5,actor_jockey_race_class_win_observations,ACTOR,205,25,180,205,100.0,641.2,755.6944444444445,526.0,752.5,-0.29329292554678693,0.29329292554678693,0.41244444444444445,0.5875555555555556,LOWER_COLLAPSE,0.0,0.0
MARKET_ODDS_LE_1.5,actor_jockey_race_class_top3_observations,ACTOR,205,25,180,205,100.0,641.2,755.6944444444445,526.0,752.5,-0.29329292554678693,0.29329292554678693,0.41244444444444445,0.5875555555555556,LOWER_COLLAPSE,0.0,0.0
MARKET_ODDS_LE_1.5,auto_history_margin_lengths_gap_to_worst,HISTORY_FRAGILITY,205,25,180,181,88.29268292682927,-0.5434782608695652,-1.1170886075949367,0.0,0.0,0.33653090812897946,0.33653090812897946,0.587369290038525,0.587369290038525,HIGHER_COLLAPSE,8.0,12.222222222222221
MARKET_ODDS_LE_1.5,opponent_recent_max_win_rate,FIELD_OPPONENT,205,25,180,201,98.04878048780488,0.582699190787426,0.6599534559645606,0.5,0.6,-0.30086339307119164,0.30086339307119164,0.4129001883239171,0.5870998116760828,LOWER_COLLAPSE,4.0,1.6666666666666667
MARKET_ODDS_LE_1.5,auto_margin_gap_same_venue_success_rate,RACE_CONDITION,205,25,180,124,60.48780487804878,0.27976190476190477,0.43285714285714283,0.0,0.3333333333333333,-0.34709302428344646,0.34709302428344646,0.412987012987013,0.587012987012987,LOWER_COLLAPSE,44.0,38.88888888888889
MARKET_ODDS_LE_1.5,actor_jockey_distance_band_effective_win_rate,DISTANCE,205,25,180,205,100.0,0.14408330461021124,0.17309775111453812,0.1303433797363468,0.15093879139209443,-0.3699111463437018,0.3699111463437018,0.4131111111111111,0.5868888888888889,LOWER_COLLAPSE,0.0,0.0
MARKET_ODDS_LE_1.5,auto_margin_gap_within_400m_trend,HISTORY_FRAGILITY,205,25,180,112,54.63414634146342,0.10076879152823921,-0.029446674247298226,-0.03125,-0.06261452130096198,0.096444453954111,0.096444453954111,0.586764705882353,0.586764705882353,HIGHER_COLLAPSE,60.0,43.333333333333336
MARKET_ODDS_LE_1.5,recent_avg_speed_mps,HISTORY_FRAGILITY,205,25,180,201,98.04878048780488,16.189403882507786,16.338460703288952,16.262409690348626,16.40373063468419,-0.30283438352190717,0.30283438352190717,0.4133709981167608,0.5866290018832392,LOWER_COLLAPSE,4.0,1.6666666666666667
MARKET_ODDS_LE_1.5,auto_history_speed_mps_rolling_5_mean,HISTORY_FRAGILITY,205,25,180,201,98.04878048780488,16.189403882507786,16.338460703288952,16.262409690348626,16.40373063468419,-0.30283438352190717,0.30283438352190717,0.4133709981167608,0.5866290018832392,LOWER_COLLAPSE,4.0,1.6666666666666667
MARKET_ODDS_LE_1.5,auto_pair_distance_vs_recent_mean_normalized_diff,DISTANCE,205,25,180,201,98.04878048780488,0.02352857005061759,-0.0010338331668415662,0.0,0.0,0.3764017919536763,0.3764017919536763,0.5855696798493408,0.5855696798493408,HIGHER_COLLAPSE,4.0,1.6666666666666667
MARKET_ODDS_LE_1.5,auto_history_speed_mps_median,HISTORY_FRAGILITY,205,25,180,201,98.04878048780488,16.243950569715526,16.370053864642525,16.26934170961757,16.42311788544793,-0.2763459637118835,0.2763459637118835,0.4144303201506591,0.5855696798493408,LOWER_COLLAPSE,4.0,1.6666666666666667
MARKET_ODDS_LE_1.5,auto_pair_distance_vs_recent_mean_ratio,DISTANCE,205,25,180,201,98.04878048780488,1.0685731821730158,1.0054645200273662,1.0,1.0,0.4484842463243261,0.4484842463243261,0.58545197740113,0.58545197740113,HIGHER_COLLAPSE,4.0,1.6666666666666667
MARKET_ODDS_LE_1.5,actor_jockey_surface_effective_top3_rate,ACTOR,205,25,180,205,100.0,0.35526487146301916,0.4085170545639085,0.3247428488053676,0.375055511009868,-0.39285084858050906,0.39285084858050906,0.41455555555555557,0.5854444444444444,LOWER_COLLAPSE,0.0,0.0
MARKET_ODDS_LE_1.5,auto_history_last_3f_min,PACE_TIME,205,25,180,201,98.04878048780488,32.229166666666664,34.340677966101694,34.45,34.8,-0.42045979361051483,0.42045979361051483,0.4152542372881356,0.5847457627118644,LOWER_COLLAPSE,4.0,1.6666666666666667
MARKET_ODDS_LE_1.5,ped_damsire_race_class_avg_margin_lengths,HISTORY_FRAGILITY,205,25,180,202,98.53658536585365,1.9410699794320403,2.022173623656623,1.9282527881040892,2.0789473684210527,-0.21276632649485297,0.21276632649485297,0.4152542372881356,0.5847457627118644,LOWER_COLLAPSE,0.0,1.6666666666666667
MARKET_ODDS_LE_1.5,timepace_slow_pace_top3_rate,PACE_TIME,205,25,180,143,69.7560975609756,0.6018518518518517,0.7461333333333332,0.8333333333333333,1.0,-0.38137607218840786,0.38137607218840786,0.4157777777777778,0.5842222222222222,LOWER_COLLAPSE,28.000000000000004,30.555555555555557
MARKET_ODDS_LE_1.5,actor_jockey_distance_band_top3_rate,DISTANCE,205,25,180,205,100.0,0.36412976292799487,0.41797129593654603,0.3337777777777778,0.39061428642844553,-0.3635713357195766,0.3635713357195766,0.4157777777777778,0.5842222222222222,LOWER_COLLAPSE,0.0,0.0
MARKET_ODDS_LE_1.5,auto_margin_gap_within_200m_success_observations,HISTORY_FRAGILITY,205,25,180,205,100.0,1.88,2.6166666666666667,1.0,2.0,-0.3323763241983145,0.3323763241983145,0.41588888888888886,0.5841111111111111,LOWER_COLLAPSE,0.0,0.0
MARKET_ODDS_LE_1.5,actor_jockey_surface_top3_rate,ACTOR,205,25,180,205,100.0,0.35775134187254937,0.41179894962320757,0.328125,0.3783386443441283,-0.3870722711735565,0.3870722711735565,0.416,0.5840000000000001,LOWER_COLLAPSE,0.0,0.0
MARKET_ODDS_LE_1.5,ped_damsire_venue_effective_avg_margin_lengths,RACE_CONDITION,205,25,180,205,100.0,1.9930219821305952,2.0149660601249724,1.960510233533475,1.9954811337424967,-0.11752279828066042,0.11752279828066042,0.416,0.5840000000000001,LOWER_COLLAPSE,0.0,0.0
MARKET_ODDS_LE_1.5,actor_trainer_distance_band_win_rate,DISTANCE,205,25,180,205,100.0,0.11737417812015151,0.10574740395730535,0.1206896551724138,0.10045871559633028,0.2647877760036682,0.2647877760036682,0.584,0.584,HIGHER_COLLAPSE,0.0,0.0
MARKET_ODDS_LE_1.5,auto_margin_gap_within_400m_observations,HISTORY_FRAGILITY,205,25,180,205,100.0,1.76,2.3222222222222224,1.0,2.0,-0.30023086803513443,0.30023086803513443,0.4166666666666667,0.5833333333333333,LOWER_COLLAPSE,0.0,0.0
MARKET_ODDS_LE_1.5,carried_weight,WEIGHT_BODY,205,25,180,205,100.0,56.44,55.86944444444445,56.0,55.75,0.33628881801176685,0.33628881801176685,0.5831111111111111,0.5831111111111111,HIGHER_COLLAPSE,0.0,0.0
MARKET_ODDS_LE_1.5,auto_field_recent_avg_speed_mps_gap_to_top2_mean,FIELD_OPPONENT,205,25,180,201,98.04878048780488,-0.33015033949249784,-0.27598216089154803,-0.3137194832672243,-0.20300752321067606,-0.17213790899333753,0.17213790899333753,0.4169020715630885,0.5830979284369116,LOWER_COLLAPSE,4.0,1.6666666666666667
MARKET_ODDS_LE_1.5,auto_history_distance_m_coefficient_of_variation,DISTANCE,205,25,180,201,98.04878048780488,0.07717164333420477,0.06035972981017092,0.07078500984348927,0.05128205128205128,0.26859889813418036,0.26859889813418036,0.5827448210922788,0.5827448210922788,HIGHER_COLLAPSE,4.0,1.6666666666666667
MARKET_ODDS_LE_1.5,ped_sire_going_starts,OTHER,205,25,180,205,100.0,2415.36,1671.5833333333333,1901.0,885.0,0.37227565990440187,0.37227565990440187,0.5818888888888889,0.5818888888888889,HIGHER_COLLAPSE,0.0,0.0
MARKET_ODDS_LE_1.5,ped_sire_going_win_observations,OTHER,205,25,180,205,100.0,2415.36,1671.5833333333333,1901.0,885.0,0.37227565990440187,0.37227565990440187,0.5818888888888889,0.5818888888888889,HIGHER_COLLAPSE,0.0,0.0
MARKET_ODDS_LE_1.5,ped_sire_going_top3_observations,OTHER,205,25,180,205,100.0,2415.36,1671.5833333333333,1901.0,885.0,0.37227565990440187,0.37227565990440187,0.5818888888888889,0.5818888888888889,HIGHER_COLLAPSE,0.0,0.0
MARKET_ODDS_LE_1.5,ped_sire_going_effective_starts,OTHER,205,25,180,205,100.0,2415.36,1671.8,1901.0,885.0,0.37219695741990794,0.37219695741990794,0.5815555555555556,0.5815555555555556,HIGHER_COLLAPSE,0.0,0.0
MARKET_ODDS_LE_1.5,auto_history_distance_m_recency_weighted_mean,DISTANCE,205,25,180,201,98.04878048780488,1834.3033698327818,1719.359016145407,1800.0,1767.857142857143,0.3450195326626891,0.3450195326626891,0.5812146892655368,0.5812146892655368,HIGHER_COLLAPSE,4.0,1.6666666666666667
MARKET_ODDS_LE_1.5,actor_jockey_recent_top3_rate,ACTOR,205,25,180,205,100.0,0.39866666666666667,0.4477777777777777,0.36666666666666664,0.43333333333333335,-0.29310681089481755,0.29310681089481755,0.41933333333333334,0.5806666666666667,LOWER_COLLAPSE,0.0,0.0
MARKET_ODDS_LE_1.5,ped_sire_race_class_effective_avg_margin_lengths,HISTORY_FRAGILITY,205,25,180,205,100.0,1.9666905030145716,2.0327967623491436,2.066261884202854,2.071519981769156,-0.29110410599571346,0.29110410599571346,0.41955555555555557,0.5804444444444444,LOWER_COLLAPSE,0.0,0.0
MARKET_ODDS_LE_1.5,actor_trainer_race_class_effective_starts,ACTOR,205,25,180,205,100.0,303.0,354.43888888888887,281.0,330.0,-0.2637596983333579,0.2637596983333579,0.41955555555555557,0.5804444444444444,LOWER_COLLAPSE,0.0,0.0
MARKET_ODDS_LE_1.5,actor_jockey_surface_effective_win_rate,ACTOR,205,25,180,205,100.0,0.14210605240475233,0.17349349850704837,0.13142364326453806,0.14913994651703089,-0.4024974683327659,0.4024974683327659,0.4201111111111111,0.5798888888888889,LOWER_COLLAPSE,0.0,0.0
MARKET_ODDS_LE_1.5,auto_field_recent_avg_speed_mps_zscore,FIELD_OPPONENT,205,25,180,201,98.04878048780488,0.35610028176423175,0.5643058345618374,0.25068655033488674,0.6516277872053606,-0.27741964171646033,0.27741964171646033,0.4201977401129944,0.5798022598870056,LOWER_COLLAPSE,4.0,1.6666666666666667
MARKET_ODDS_LE_1.5,actor_trainer_race_class_starts,ACTOR,205,25,180,205,100.0,303.0,354.0833333333333,281.0,330.0,-0.2612482321999985,0.2612482321999985,0.42044444444444445,0.5795555555555556,LOWER_COLLAPSE,0.0,0.0
MARKET_ODDS_LE_1.5,actor_trainer_race_class_win_observations,ACTOR,205,25,180,205,100.0,303.0,354.0833333333333,281.0,330.0,-0.2612482321999985,0.2612482321999985,0.42044444444444445,0.5795555555555556,LOWER_COLLAPSE,0.0,0.0
MARKET_ODDS_LE_1.5,actor_trainer_race_class_top3_observations,ACTOR,205,25,180,205,100.0,303.0,354.0833333333333,281.0,330.0,-0.2612482321999985,0.2612482321999985,0.42044444444444445,0.5795555555555556,LOWER_COLLAPSE,0.0,0.0
MARKET_ODDS_LE_1.5,ped_damsire_all_avg_margin_lengths,HISTORY_FRAGILITY,205,25,180,205,100.0,1.9490608263874825,2.004469904193787,1.9825221695194886,2.015253878535502,-0.2793036803228989,0.2793036803228989,0.42088888888888887,0.5791111111111111,LOWER_COLLAPSE,0.0,0.0
MARKET_ODDS_LE_1.5,ped_damsire_going_effective_avg_margin_lengths,HISTORY_FRAGILITY,205,25,180,205,100.0,1.9523786828091358,1.9867942128111407,1.9524111379764038,1.998435327639276,-0.21474599121622212,0.21474599121622212,0.42088888888888887,0.5791111111111111,LOWER_COLLAPSE,0.0,0.0
MARKET_ODDS_LE_1.5,auto_margin_gap_same_course_layout_trend,RACE_CONDITION,205,25,180,123,60.0,0.268450707024089,-0.04400252232526213,-0.03125,-0.02735562310030395,0.2627982479135157,0.2627982479135157,0.5786369593709043,0.5786369593709043,HIGHER_COLLAPSE,44.0,39.44444444444444
MARKET_ODDS_LE_1.5,actor_trainer_recent_effective_win_rate,ACTOR,205,25,180,205,100.0,0.10599587928770327,0.09910472174519201,0.08924098361647914,0.08916870022098389,0.1376149171682569,0.1376149171682569,0.5783333333333334,0.5783333333333334,HIGHER_COLLAPSE,0.0,0.0
MARKET_ODDS_LE_1.5,ped_sire_going_margin_observations,HISTORY_FRAGILITY,205,25,180,205,100.0,1251.6,938.1944444444445,992.0,530.5,0.30286117480197156,0.30286117480197156,0.5782222222222222,0.5782222222222222,HIGHER_COLLAPSE,0.0,0.0
MARKET_ODDS_LE_1.5,actor_jockey_recent_win_rate,ACTOR,205,25,180,205,100.0,0.17199999999999996,0.19722222222222222,0.13333333333333333,0.16666666666666666,-0.220195601549058,0.220195601549058,0.4221111111111111,0.5778888888888889,LOWER_COLLAPSE,0.0,0.0
MARKET_ODDS_LE_1.5,auto_margin_gap_same_distance_success_observations,DISTANCE,205,25,180,205,100.0,1.0,1.3666666666666667,1.0,1.0,-0.24967874389612246,0.24967874389612246,0.4222222222222222,0.5777777777777777,LOWER_COLLAPSE,0.0,0.0
MARKET_ODDS_LE_1.5,ped_damsire_race_class_effective_win_rate,OTHER,205,25,180,205,100.0,0.07576924542684951,0.08321437397974162,0.0728220623787779,0.07532367642100551,-0.2805429339583166,0.2805429339583166,0.42244444444444446,0.5775555555555556,LOWER_COLLAPSE,0.0,0.0
MARKET_ODDS_LE_1.5,ped_sire_going_effective_margin_observations,HISTORY_FRAGILITY,205,25,180,205,100.0,1251.6,938.3666666666667,992.0,530.5,0.30273487193329657,0.30273487193329657,0.5773333333333334,0.5773333333333334,HIGHER_COLLAPSE,0.0,0.0
MARKET_ODDS_LE_1.5,lap_previous_variance,PACE_TIME,205,25,180,199,97.07317073170731,0.7133629227683723,0.5003669228944317,0.37346938775510213,0.28873015873015845,0.29183593562062277,0.29183593562062277,0.5773221343873518,0.5773221343873518,HIGHER_COLLAPSE,8.0,2.2222222222222223
MARKET_ODDS_LE_1.5,auto_margin_gap_within_300m_mean,HISTORY_FRAGILITY,205,25,180,165,80.48780487804879,2.220833333333333,1.7688350340136054,1.75,1.5,0.3733663391496044,0.3733663391496044,0.577286470143613,0.577286470143613,HIGHER_COLLAPSE,28.000000000000004,18.333333333333332
MARKET_ODDS_LE_1.5,timepace_fast_pace_avg_performance_score,PACE_TIME,205,25,180,113,55.1219512195122,0.8127699674682967,0.6300670018805711,0.755809452732302,0.6663037417597537,0.3157215355284967,0.3157215355284967,0.5772058823529411,0.5772058823529411,HIGHER_COLLAPSE,32.0,46.666666666666664
MARKET_ODDS_LE_1.5,auto_history_last_3f_stddev,PACE_TIME,205,25,180,201,98.04878048780488,1.7948888025855805,1.1578973063038536,0.8624853009027585,0.7845734863959903,0.2889706684565817,0.2889706684565817,0.5769774011299436,0.5769774011299436,HIGHER_COLLAPSE,4.0,1.6666666666666667
MARKET_ODDS_LE_1.5,auto_history_last_3f_variance,PACE_TIME,205,25,180,201,98.04878048780488,10.309085049013499,5.842819831837022,0.7470181818181817,0.6155555555555592,0.17242638589587808,0.17242638589587808,0.5769774011299436,0.5769774011299436,HIGHER_COLLAPSE,4.0,1.6666666666666667
MARKET_ODDS_LE_1.5,ped_damsire_surface_effective_top3_rate,RACE_CONDITION,205,25,180,205,100.0,0.243928064192819,0.25067108088173573,0.2213658432939812,0.23341296341753037,-0.12121963820338647,0.12121963820338647,0.4231111111111111,0.5768888888888889,LOWER_COLLAPSE,0.0,0.0
MARKET_ODDS_LE_1.5,recent_top3_rate,HISTORY_FRAGILITY,205,25,180,201,98.04878048780488,0.7354166666666666,0.8058380414312617,0.8,0.8,-0.3043330882038706,0.3043330882038706,0.4232580037664783,0.5767419962335216,LOWER_COLLAPSE,4.0,1.6666666666666667
MARKET_ODDS_LE_1.5,auto_history_carried_weight_rolling_5_mean,WEIGHT_BODY,205,25,180,201,98.04878048780488,56.1625,55.726930320150664,55.9,55.6,0.3571009250642261,0.3571009250642261,0.5765065913370998,0.5765065913370998,HIGHER_COLLAPSE,4.0,1.6666666666666667
MARKET_ODDS_LE_1.5,ped_sire_venue_effective_win_rate,RACE_CONDITION,205,25,180,205,100.0,0.09696709134545671,0.08934287476977387,0.09900171667974887,0.0910283074665105,0.2757505456633983,0.2757505456633983,0.5764444444444444,0.5764444444444444,HIGHER_COLLAPSE,0.0,0.0
MARKET_ODDS_LE_1.5,ped_damsire_all_effective_avg_margin_lengths,HISTORY_FRAGILITY,205,25,180,205,100.0,1.9708937431954592,2.005299837547353,1.9834421338110475,2.017999782686135,-0.2338200114848025,0.2338200114848025,0.4235555555555556,0.5764444444444444,LOWER_COLLAPSE,0.0,0.0
MARKET_ODDS_LE_1.5,actor_jockey_venue_effective_top3_rate,ACTOR,205,25,180,205,100.0,0.36217632461565785,0.40639927168622275,0.34726059214900257,0.38184860687519956,-0.3361041466785711,0.3361041466785711,0.4236666666666667,0.5763333333333334,LOWER_COLLAPSE,0.0,0.0
MARKET_ODDS_LE_1.5,ped_damsire_race_class_effective_top3_rate,OTHER,205,25,180,205,100.0,0.2344907878085193,0.2434738075782028,0.22486779957421782,0.23048534611919974,-0.1728178418443227,0.1728178418443227,0.42377777777777775,0.5762222222222222,LOWER_COLLAPSE,0.0,0.0
MARKET_ODDS_LE_1.5,auto_field_recent_avg_last_3f_rank,PACE_TIME,205,25,180,201,98.04878048780488,4.458333333333333,3.7175141242937855,4.0,3.0,0.2601413186164135,0.2601413186164135,0.576153483992467,0.576153483992467,HIGHER_COLLAPSE,4.0,1.6666666666666667
MARKET_ODDS_LE_1.5,auto_history_last_3f_coefficient_of_variation,PACE_TIME,205,25,180,201,98.04878048780488,0.05724805528347899,0.03571924091463096,0.02471353585240796,0.021530940641195855,0.26028178647509215,0.26028178647509215,0.5760357815442562,0.5760357815442562,HIGHER_COLLAPSE,4.0,1.6666666666666667
MARKET_ODDS_LE_1.5,timepace_even_pace_starts,PACE_TIME,205,25,180,205,100.0,1.36,1.6222222222222222,1.0,1.0,-0.20259682839388696,0.20259682839388696,0.424,0.5760000000000001,LOWER_COLLAPSE,0.0,0.0
MARKET_ODDS_LE_1.5,actor_jockey_distance_band_effective_top3_rate,DISTANCE,205,25,180,205,100.0,0.3608641058968415,0.4074059101269144,0.33150264916368044,0.38853991574590796,-0.3446837262132953,0.3446837262132953,0.4242222222222222,0.5757777777777777,LOWER_COLLAPSE,0.0,0.0
MARKET_ODDS_LE_1.5,auto_field_recent_avg_speed_mps_gap_to_top3_mean,FIELD_OPPONENT,205,25,180,201,98.04878048780488,-0.2581425741434371,-0.20826285599232608,-0.2374797532058448,-0.15983227442868042,-0.1684646545323269,0.1684646545323269,0.4244350282485876,0.5755649717514124,LOWER_COLLAPSE,4.0,1.6666666666666667
MARKET_ODDS_LE_1.5,auto_history_body_weight_previous_delta,WEIGHT_BODY,205,25,180,166,80.97560975609757,2.090909090909091,1.0416666666666667,3.0,0.0,0.16028586759410965,0.16028586759410965,0.5748106060606061,0.5748106060606061,HIGHER_COLLAPSE,12.0,20.0
MARKET_ODDS_LE_1.5,actor_jockey_recent_effective_top3_rate,ACTOR,205,25,180,205,100.0,0.32670166115139937,0.35607611757225804,0.30740264340044116,0.34741761339419985,-0.2925189762162563,0.2925189762162563,0.4252222222222222,0.5747777777777778,LOWER_COLLAPSE,0.0,0.0
MARKET_ODDS_LE_1.5,ped_damsire_going_avg_margin_lengths,HISTORY_FRAGILITY,205,25,180,201,98.04878048780488,1.9080704891979712,1.9861659379305658,1.9522510231923602,1.9969597521372842,-0.32653541249972395,0.32653541249972395,0.42522727272727273,0.5747727272727272,LOWER_COLLAPSE,0.0,2.2222222222222223
MARKET_ODDS_LE_1.5,auto_margin_gap_within_300m_observations,HISTORY_FRAGILITY,205,25,180,205,100.0,1.56,2.0277777777777777,1.0,1.0,-0.25652454596680463,0.25652454596680463,0.42533333333333334,0.5746666666666667,LOWER_COLLAPSE,0.0,0.0
MARKET_ODDS_LE_1.5,auto_field_recent_avg_speed_mps_rank,FIELD_OPPONENT,205,25,180,201,98.04878048780488,4.791666666666667,4.169491525423729,5.0,4.0,0.22301352704434435,0.22301352704434435,0.5745056497175142,0.5745056497175142,HIGHER_COLLAPSE,4.0,1.6666666666666667
MARKET_ODDS_LE_1.5,auto_history_speed_mps_mean,HISTORY_FRAGILITY,205,25,180,201,98.04878048780488,16.256457536664904,16.35343502145634,16.244731287695984,16.40373063468419,-0.2215243111636068,0.2215243111636068,0.4263182674199623,0.5736817325800376,LOWER_COLLAPSE,4.0,1.6666666666666667
MARKET_ODDS_LE_1.5,ped_sire_race_class_avg_margin_lengths,HISTORY_FRAGILITY,205,25,180,195,95.1219512195122,1.9581021922288442,2.0190887105842847,2.0673758865248226,2.0748015005827507,-0.1750482181950457,0.1750482181950457,0.42638204707170224,0.5736179529282978,LOWER_COLLAPSE,16.0,3.3333333333333335
MARKET_ODDS_LE_1.5,actor_jockey_distance_band_effective_starts,DISTANCE,205,25,180,205,100.0,1088.08,1280.2611111111112,774.0,1343.5,-0.2645444393118854,0.2645444393118854,0.427,0.573,LOWER_COLLAPSE,0.0,0.0
MARKET_ODDS_LE_1.5,actor_jockey_distance_band_starts,DISTANCE,205,25,180,205,100.0,1088.08,1280.1888888888889,774.0,1343.5,-0.26440411254787577,0.26440411254787577,0.427,0.573,LOWER_COLLAPSE,0.0,0.0
MARKET_ODDS_LE_1.5,actor_jockey_distance_band_win_observations,DISTANCE,205,25,180,205,100.0,1088.08,1280.1888888888889,774.0,1343.5,-0.26440411254787577,0.26440411254787577,0.427,0.573,LOWER_COLLAPSE,0.0,0.0
MARKET_ODDS_LE_1.5,actor_jockey_distance_band_top3_observations,DISTANCE,205,25,180,205,100.0,1088.08,1280.1888888888889,774.0,1343.5,-0.26440411254787577,0.26440411254787577,0.427,0.573,LOWER_COLLAPSE,0.0,0.0
MARKET_ODDS_LE_1.5,auto_margin_gap_within_300m_success_observations,HISTORY_FRAGILITY,205,25,180,205,100.0,2.2,2.727777777777778,1.0,2.0,-0.22885235709373672,0.22885235709373672,0.4271111111111111,0.5728888888888889,LOWER_COLLAPSE,0.0,0.0
MARKET_ODDS_LE_1.5,auto_history_body_weight_last,WEIGHT_BODY,205,25,180,201,98.04878048780488,491.6666666666667,485.57062146892656,489.0,484.0,0.22353663028559737,0.22353663028559737,0.5721516007532956,0.5721516007532956,HIGHER_COLLAPSE,4.0,1.6666666666666667
MARKET_ODDS_LE_1.5,opponent_strong_opponents_faced,FIELD_OPPONENT,205,25,180,205,100.0,20.36,8.6,6.0,2.0,0.666437072003603,0.666437072003603,0.572,0.572,HIGHER_COLLAPSE,0.0,0.0
MARKET_ODDS_LE_1.5,auto_field_recent_avg_last_3f_gap_to_top3_mean,PACE_TIME,205,25,180,201,98.04878048780488,2.255185185185186,0.8018110483364725,0.6533333333333324,0.3599999999999923,0.5727959764725179,0.5727959764725179,0.571798493408663,0.571798493408663,HIGHER_COLLAPSE,4.0,1.6666666666666667
MARKET_ODDS_LE_1.5,network_field_max_elo,FIELD_OPPONENT,205,25,180,205,100.0,1548.3960373271475,1538.8010724083094,1530.6419913499706,1527.0269916497475,0.2863330295878277,0.2863330295878277,0.5716666666666667,0.5716666666666667,HIGHER_COLLAPSE,0.0,0.0
MARKET_ODDS_LE_1.5,opponent_current_field_max_elo,FIELD_OPPONENT,205,25,180,205,100.0,1548.3960373271475,1538.8010724083094,1530.6419913499706,1527.0269916497475,0.2863330295878277,0.2863330295878277,0.5716666666666667,0.5716666666666667,HIGHER_COLLAPSE,0.0,0.0
MARKET_ODDS_LE_1.5,auto_margin_gap_within_300m_median,HISTORY_FRAGILITY,205,25,180,165,80.48780487804879,2.1458333333333335,1.655612244897959,1.75,1.5,0.40633778174428326,0.40633778174428326,0.5716175359032502,0.5716175359032502,HIGHER_COLLAPSE,28.000000000000004,18.333333333333332
MARKET_ODDS_LE_1.5,auto_history_speed_mps_rolling_3_mean,HISTORY_FRAGILITY,205,25,180,201,98.04878048780488,16.214493245355637,16.358609447917132,16.25429628542812,16.41614516273917,-0.2808073172274496,0.2808073172274496,0.4284369114877589,0.5715630885122411,LOWER_COLLAPSE,4.0,1.6666666666666667
MARKET_ODDS_LE_1.5,auto_history_last_3f_rolling_2_mean,PACE_TIME,205,25,180,201,98.04878048780488,33.612500000000004,35.30734463276836,36.099999999999994,36.05,-0.34784225069346675,0.34784225069346675,0.4289077212806026,0.5710922787193974,LOWER_COLLAPSE,4.0,1.6666666666666667
MARKET_ODDS_LE_1.5,body_weight,WEIGHT_BODY,205,25,180,205,100.0,492.4,486.03333333333336,492.0,484.0,0.23017190519074826,0.23017190519074826,0.5707777777777778,0.5707777777777778,HIGHER_COLLAPSE,0.0,0.0
MARKET_ODDS_LE_1.5,opponent_previous_avg_top3_rate,FIELD_OPPONENT,205,25,180,201,98.04878048780488,0.2786265280080767,0.26090471524500636,0.2810317102276821,0.2447263127023189,0.13314614698930524,0.13314614698930524,0.5707391713747646,0.5707391713747646,HIGHER_COLLAPSE,4.0,1.6666666666666667
MARKET_ODDS_LE_1.5,ped_damsire_going_win_rate,OTHER,205,25,180,202,98.53658536585365,0.0851219406424945,0.08665500756106317,0.07183441558441558,0.07923832923832924,-0.03239230423541574,0.03239230423541574,0.42926553672316387,0.5707344632768361,LOWER_COLLAPSE,0.0,1.6666666666666667
MARKET_ODDS_LE_1.5,auto_margin_gap_same_going_success_rate,HISTORY_FRAGILITY,205,25,180,152,74.14634146341463,0.4751068376068376,0.394706808343172,0.5,0.3333333333333333,0.2062859045193268,0.2062859045193268,0.5704545454545454,0.5704545454545454,HIGHER_COLLAPSE,20.0,26.666666666666668
MARKET_ODDS_LE_1.5,actor_jockey_recent_effective_win_rate,ACTOR,205,25,180,205,100.0,0.13239587928770327,0.14728574326555635,0.10924957431281927,0.12924751055257833,-0.21627680187758416,0.21627680187758416,0.42966666666666664,0.5703333333333334,LOWER_COLLAPSE,0.0,0.0
MARKET_ODDS_LE_1.5,auto_history_speed_mps_ewma,HISTORY_FRAGILITY,205,25,180,201,98.04878048780488,16.217606043527372,16.362997098222973,16.297101900466835,16.42311788544793,-0.28530946955188613,0.28530946955188613,0.42984934086629,0.57015065913371,LOWER_COLLAPSE,4.0,1.6666666666666667
MARKET_ODDS_LE_1.5,auto_field_recent_win_rate_diff_median,FIELD_OPPONENT,205,25,180,201,98.04878048780488,0.1958333333333333,0.13182674199623354,0.1,0.0,0.2934429516203112,0.2934429516203112,0.5697975517890772,0.5697975517890772,HIGHER_COLLAPSE,4.0,1.6666666666666667
MARKET_ODDS_LE_1.5,age,OTHER,205,25,180,205,100.0,3.44,2.966666666666667,3.0,3.0,0.5741673804677032,0.5741673804677032,0.5695555555555556,0.5695555555555556,HIGHER_COLLAPSE,0.0,0.0
MARKET_ODDS_LE_1.5,auto_history_carried_weight_rolling_3_mean,WEIGHT_BODY,205,25,180,201,98.04878048780488,56.31944444444445,55.83050847457627,56.16666666666667,55.666666666666664,0.35480029783715,0.35480029783715,0.5694444444444444,0.5694444444444444,HIGHER_COLLAPSE,4.0,1.6666666666666667
MARKET_ODDS_LE_1.5,auto_margin_gap_same_going_success_observations,HISTORY_FRAGILITY,205,25,180,205,100.0,2.96,1.9944444444444445,2.0,1.0,0.41979025837367945,0.41979025837367945,0.5692222222222222,0.5692222222222222,HIGHER_COLLAPSE,0.0,0.0
MARKET_ODDS_LE_1.5,auto_field_recent_win_rate_zscore,FIELD_OPPONENT,205,25,180,201,98.04878048780488,0.9164079928234371,0.6553417698068247,0.6140167665289761,0.0,0.2579764834680801,0.2579764834680801,0.5690913370998116,0.5690913370998116,HIGHER_COLLAPSE,4.0,1.6666666666666667
MARKET_ODDS_LE_1.5,opponent_recent_avg_top3_rate,FIELD_OPPONENT,205,25,180,201,98.04878048780488,0.26102229378758507,0.24522950195704368,0.26196014965445574,0.2373463573463573,0.19351685779289074,0.19351685779289074,0.5690913370998116,0.5690913370998116,HIGHER_COLLAPSE,4.0,1.6666666666666667
MARKET_ODDS_LE_1.5,auto_history_body_weight_max,WEIGHT_BODY,205,25,180,201,98.04878048780488,495.75,489.03954802259886,494.0,488.0,0.2370336022152585,0.2370336022152585,0.568620527306968,0.568620527306968,HIGHER_COLLAPSE,4.0,1.6666666666666667
MARKET_ODDS_LE_1.5,auto_margin_gap_same_going_mean,HISTORY_FRAGILITY,205,25,180,137,66.82926829268293,1.3773919753086419,1.760245764972656,1.3125,1.5,-0.3237981598797122,0.3237981598797122,0.4316059757236228,0.5683940242763772,LOWER_COLLAPSE,28.000000000000004,33.88888888888889
MARKET_ODDS_LE_1.5,auto_history_last_3f_gap_to_best,PACE_TIME,205,25,180,201,98.04878048780488,1.0208333333333333,0.7858757062146896,0.75,0.20000000000000284,0.20591461837110386,0.20591461837110386,0.5683851224105462,0.5683851224105462,HIGHER_COLLAPSE,4.0,1.6666666666666667
MARKET_ODDS_LE_1.5,prior_starts,HISTORY_FRAGILITY,205,25,180,205,100.0,6.16,4.366666666666666,5.0,4.0,0.4756900733064007,0.4756900733064007,0.5681111111111111,0.5681111111111111,HIGHER_COLLAPSE,0.0,0.0
MARKET_ODDS_LE_1.5,network_elo_starts,OTHER,205,25,180,205,100.0,6.16,4.366666666666666,5.0,4.0,0.4756900733064007,0.4756900733064007,0.5681111111111111,0.5681111111111111,HIGHER_COLLAPSE,0.0,0.0
MARKET_ODDS_LE_1.5,auto_history_last_3f_observation_count,PACE_TIME,205,25,180,205,100.0,5.96,4.361111111111111,5.0,4.0,0.43837441106542013,0.43837441106542013,0.5678888888888889,0.5678888888888889,HIGHER_COLLAPSE,0.0,0.0
MARKET_ODDS_LE_1.5,auto_history_speed_mps_observation_count,HISTORY_FRAGILITY,205,25,180,205,100.0,5.96,4.361111111111111,5.0,4.0,0.43837441106542013,0.43837441106542013,0.5678888888888889,0.5678888888888889,HIGHER_COLLAPSE,0.0,0.0
MARKET_ODDS_LE_1.5,auto_history_distance_m_observation_count,DISTANCE,205,25,180,205,100.0,5.96,4.361111111111111,5.0,4.0,0.43837441106542013,0.43837441106542013,0.5678888888888889,0.5678888888888889,HIGHER_COLLAPSE,0.0,0.0
MARKET_ODDS_LE_1.5,auto_history_body_weight_observation_count,WEIGHT_BODY,205,25,180,205,100.0,5.96,4.361111111111111,5.0,4.0,0.43837441106542013,0.43837441106542013,0.5678888888888889,0.5678888888888889,HIGHER_COLLAPSE,0.0,0.0
MARKET_ODDS_LE_1.5,auto_history_carried_weight_observation_count,WEIGHT_BODY,205,25,180,205,100.0,5.96,4.361111111111111,5.0,4.0,0.43837441106542013,0.43837441106542013,0.5678888888888889,0.5678888888888889,HIGHER_COLLAPSE,0.0,0.0
MARKET_ODDS_LE_1.5,auto_margin_gap_same_distance_observations,DISTANCE,205,25,180,205,100.0,0.68,1.0,0.0,1.0,-0.27775824687210127,0.27775824687210127,0.43277777777777776,0.5672222222222223,LOWER_COLLAPSE,0.0,0.0
MARKET_ODDS_LE_1.5,actor_trainer_venue_top3_rate,ACTOR,205,25,180,205,100.0,0.31708521148597746,0.2931083487785732,0.29770992366412213,0.2858983799705449,0.26349065576199016,0.26349065576199016,0.5671111111111111,0.5671111111111111,HIGHER_COLLAPSE,0.0,0.0
MARKET_ODDS_LE_1.5,auto_history_speed_mps_recency_weighted_mean,WEIGHT_BODY,205,25,180,201,98.04878048780488,16.258303070717393,16.372296660289347,16.26312137749549,16.423850575639612,-0.24346906122464088,0.24346906122464088,0.432909604519774,0.567090395480226,LOWER_COLLAPSE,4.0,1.6666666666666667
MARKET_ODDS_LE_1.5,auto_field_recent_avg_last_3f_zscore,PACE_TIME,205,25,180,201,98.04878048780488,-0.49766892421336856,-0.721912298013371,-0.49248643896695465,-0.7973211807239142,0.29284229840043197,0.29284229840043197,0.5666195856873822,0.5666195856873822,HIGHER_COLLAPSE,4.0,1.6666666666666667
MARKET_ODDS_LE_1.5,actor_horse_jockey_all_effective_win_rate,ACTOR,205,25,180,205,100.0,0.10470637701082769,0.08277478189793172,0.07291527685123415,0.072906765798219,0.7362209945062274,0.7362209945062274,0.5665555555555556,0.5665555555555556,HIGHER_COLLAPSE,0.0,0.0
MARKET_ODDS_LE_1.5,actor_horse_jockey_recent_effective_win_rate,ACTOR,205,25,180,205,100.0,0.10470637701082769,0.08277478189793172,0.07291527685123415,0.072906765798219,0.7362209945062274,0.7362209945062274,0.5665555555555556,0.5665555555555556,HIGHER_COLLAPSE,0.0,0.0
MARKET_ODDS_LE_1.5,auto_pair_body_weight_vs_recent_mean_diff,WEIGHT_BODY,205,25,180,201,98.04878048780488,3.1818956370426954,1.782520727859713,2.376470588235293,1.1999999999999886,0.20155567354298956,0.20155567354298956,0.5665018832391714,0.5665018832391714,HIGHER_COLLAPSE,4.0,1.6666666666666667
MARKET_ODDS_LE_1.5,timepace_fast_pace_starts,PACE_TIME,205,25,180,205,100.0,1.68,1.1555555555555554,1.0,1.0,0.32608658447629874,0.32608658447629874,0.5662222222222222,0.5662222222222222,HIGHER_COLLAPSE,0.0,0.0
MARKET_ODDS_LE_1.5,actor_trainer_distance_band_starts,DISTANCE,205,25,180,205,100.0,478.12,534.1111111111111,296.0,578.5,-0.183834861175004,0.183834861175004,0.43377777777777776,0.5662222222222222,LOWER_COLLAPSE,0.0,0.0
MARKET_ODDS_LE_1.5,actor_trainer_distance_band_win_observations,DISTANCE,205,25,180,205,100.0,478.12,534.1111111111111,296.0,578.5,-0.183834861175004,0.183834861175004,0.43377777777777776,0.5662222222222222,LOWER_COLLAPSE,0.0,0.0
MARKET_ODDS_LE_1.5,actor_trainer_distance_band_top3_observations,DISTANCE,205,25,180,205,100.0,478.12,534.1111111111111,296.0,578.5,-0.183834861175004,0.183834861175004,0.43377777777777776,0.5662222222222222,LOWER_COLLAPSE,0.0,0.0
MARKET_ODDS_LE_1.5,actor_trainer_distance_band_effective_starts,DISTANCE,205,25,180,205,100.0,478.12,534.1111111111111,296.0,578.5,-0.183834861175004,0.183834861175004,0.43377777777777776,0.5662222222222222,LOWER_COLLAPSE,0.0,0.0
MARKET_ODDS_LE_1.5,ped_sire_surface_avg_margin_lengths,RACE_CONDITION,205,25,180,205,100.0,2.0909232071719672,2.0063933013763795,2.0737534626038783,2.0,0.24556193700726645,0.24556193700726645,0.5661111111111111,0.5661111111111111,HIGHER_COLLAPSE,0.0,0.0
MARKET_ODDS_LE_1.5,actor_trainer_distance_band_effective_win_rate,DISTANCE,205,25,180,205,100.0,0.11171317113519626,0.10370357582794448,0.10487116662937049,0.09752400265962248,0.19974888947508193,0.19974888947508193,0.5657777777777778,0.5657777777777778,HIGHER_COLLAPSE,0.0,0.0
MARKET_ODDS_LE_1.5,ped_damsire_surface_effective_win_rate,RACE_CONDITION,205,25,180,205,100.0,0.08234769288513402,0.08695740427329177,0.07489678721544847,0.08132290686795325,-0.15059085885003898,0.15059085885003898,0.43422222222222223,0.5657777777777777,LOWER_COLLAPSE,0.0,0.0
MARKET_ODDS_LE_1.5,auto_pair_body_weight_vs_recent_mean_normalized_diff,WEIGHT_BODY,205,25,180,201,98.04878048780488,0.0031687569447652465,0.001789606953419771,0.002421995904394177,0.0011686793922867603,0.195382602034246,0.195382602034246,0.5652071563088512,0.5652071563088512,HIGHER_COLLAPSE,4.0,1.6666666666666667
MARKET_ODDS_LE_1.5,auto_pair_body_weight_vs_recent_mean_ratio,WEIGHT_BODY,205,25,180,201,98.04878048780488,1.006431623618485,1.0036886954146802,1.0048557605460129,1.0023400936037443,0.19283403276466027,0.19283403276466027,0.5652071563088512,0.5652071563088512,HIGHER_COLLAPSE,4.0,1.6666666666666667
MARKET_ODDS_LE_1.5,actor_trainer_recent_win_rate,ACTOR,205,25,180,205,100.0,0.128,0.11648148148148148,0.1,0.1,0.1379179456691565,0.1379179456691565,0.5646666666666667,0.5646666666666667,HIGHER_COLLAPSE,0.0,0.0
MARKET_ODDS_LE_1.5,auto_history_body_weight_rolling_3_mean,WEIGHT_BODY,205,25,180,201,98.04878048780488,490.8055555555555,485.02448210922785,491.66666666666663,484.0,0.21373300528916625,0.21373300528916625,0.5646186440677966,0.5646186440677966,HIGHER_COLLAPSE,4.0,1.6666666666666667
MARKET_ODDS_LE_1.5,ped_damsire_venue_top3_rate,RACE_CONDITION,205,25,180,203,99.02439024390245,0.2323282080716255,0.26680325676379096,0.23076923076923078,0.23834062941642825,-0.2736287389018578,0.2736287389018578,0.43550561797752807,0.5644943820224719,LOWER_COLLAPSE,0.0,1.1111111111111112
MARKET_ODDS_LE_1.5,ped_damsire_venue_avg_margin_lengths,RACE_CONDITION,205,25,180,203,99.02439024390245,2.02683587894615,2.0123766901747007,1.9455445544554455,1.9766994775842663,0.03161052122200221,0.03161052122200221,0.43550561797752807,0.5644943820224719,HIGHER_COLLAPSE,0.0,1.1111111111111112
MARKET_ODDS_LE_1.5,auto_history_carried_weight_ewma,WEIGHT_BODY,205,25,180,201,98.04878048780488,56.26660990715027,55.810424438304146,55.78125,55.75,0.3317339463276805,0.3317339463276805,0.5643832391713748,0.5643832391713748,HIGHER_COLLAPSE,4.0,1.6666666666666667
MARKET_ODDS_LE_1.5,ped_damsire_going_effective_win_rate,OTHER,205,25,180,205,100.0,0.08275483620669087,0.08302358028893014,0.07183927819296064,0.07884895316164461,-0.009809425572575355,0.009809425572575355,0.436,0.5640000000000001,LOWER_COLLAPSE,0.0,0.0
MARKET_ODDS_LE_1.5,auto_field_recent_avg_speed_mps_gap_to_best,FIELD_OPPONENT,205,25,180,201,98.04878048780488,-0.40865250975289275,-0.3703394849805997,-0.41761352993469103,-0.29398931516205806,-0.10909981364462543,0.10909981364462543,0.4360875706214689,0.5639124293785311,LOWER_COLLAPSE,4.0,1.6666666666666667
MARKET_ODDS_LE_1.5,auto_history_body_weight_ewma,WEIGHT_BODY,205,25,180,201,98.04878048780488,490.79885053634644,485.10694083520923,490.875,484.0,0.21108661967578382,0.21108661967578382,0.5637947269303202,0.5637947269303202,HIGHER_COLLAPSE,4.0,1.6666666666666667
MARKET_ODDS_LE_1.5,opponent_recent_races_measured,FIELD_OPPONENT,205,25,180,205,100.0,4.84,4.15,5.0,4.0,0.248562551838411,0.248562551838411,0.5631111111111111,0.5631111111111111,HIGHER_COLLAPSE,0.0,0.0
MARKET_ODDS_LE_1.5,opponent_relationship_races_measured,FIELD_OPPONENT,205,25,180,205,100.0,4.84,4.15,5.0,4.0,0.248562551838411,0.248562551838411,0.5631111111111111,0.5631111111111111,HIGHER_COLLAPSE,0.0,0.0
MARKET_ODDS_LE_1.5,timepace_recent_races,PACE_TIME,205,25,180,205,100.0,4.84,4.15,5.0,4.0,0.248562551838411,0.248562551838411,0.5631111111111111,0.5631111111111111,HIGHER_COLLAPSE,0.0,0.0
MARKET_ODDS_LE_1.5,timepace_normalized_time_observations,PACE_TIME,205,25,180,205,100.0,4.84,4.15,5.0,4.0,0.248562551838411,0.248562551838411,0.5631111111111111,0.5631111111111111,HIGHER_COLLAPSE,0.0,0.0
MARKET_ODDS_LE_1.5,timepace_normalized_last3f_observations,PACE_TIME,205,25,180,205,100.0,4.84,4.15,5.0,4.0,0.248562551838411,0.248562551838411,0.5631111111111111,0.5631111111111111,HIGHER_COLLAPSE,0.0,0.0
MARKET_ODDS_LE_1.5,style_recent_races_measured,STYLE_POSITION,205,25,180,205,100.0,4.84,4.15,5.0,4.0,0.248562551838411,0.248562551838411,0.5631111111111111,0.5631111111111111,HIGHER_COLLAPSE,0.0,0.0
MARKET_ODDS_LE_1.5,ped_sire_venue_win_rate,RACE_CONDITION,205,25,180,198,96.58536585365853,0.10246439293022158,0.10248372785276519,0.10031446540880504,0.09283173780082435,-0.00020876005288939358,0.00020876005288939358,0.5629789272030651,0.5629789272030651,LOWER_COLLAPSE,4.0,3.3333333333333335
MARKET_ODDS_LE_1.5,actor_trainer_venue_effective_top3_rate,ACTOR,205,25,180,205,100.0,0.2947409878560211,0.2838717707246907,0.28722180535833,0.2803381642771787,0.14706577371283994,0.14706577371283994,0.5626666666666666,0.5626666666666666,HIGHER_COLLAPSE,0.0,0.0
MARKET_ODDS_LE_1.5,auto_history_body_weight_rolling_5_mean,WEIGHT_BODY,205,25,180,201,98.04878048780488,490.33750000000003,484.8450094161959,490.75,484.0,0.2032382893852585,0.2032382893852585,0.562382297551789,0.562382297551789,HIGHER_COLLAPSE,4.0,1.6666666666666667
MARKET_ODDS_LE_1.5,auto_field_recent_win_rate_diff_mean,FIELD_OPPONENT,205,25,180,201,98.04878048780488,0.15037458683292018,0.1090214400842932,0.05977272727272728,0.0,0.2204286094553711,0.2204286094553711,0.5622645951035782,0.5622645951035782,HIGHER_COLLAPSE,4.0,1.6666666666666667
MARKET_ODDS_LE_1.5,horse_number,OTHER,205,25,180,205,100.0,5.48,6.305555555555555,5.0,6.0,-0.21352830053466415,0.21352830053466415,0.438,0.562,LOWER_COLLAPSE,0.0,0.0
MARKET_ODDS_LE_1.5,actor_trainer_recent_effective_top3_rate,ACTOR,205,25,180,205,100.0,0.2819016611513993,0.2704934204153217,0.26766115300413523,0.2674078930560956,0.16778943921140085,0.16778943921140085,0.562,0.562,HIGHER_COLLAPSE,0.0,0.0
MARKET_ODDS_LE_1.5,auto_history_body_weight_recency_weighted_mean,WEIGHT_BODY,205,25,180,201,98.04878048780488,489.9731771496477,484.6060440187559,491.5,483.14285714285717,0.19931696203934218,0.19931696203934218,0.5617937853107344,0.5617937853107344,HIGHER_COLLAPSE,4.0,1.6666666666666667
MARKET_ODDS_LE_1.5,ped_damsire_surface_top3_rate,RACE_CONDITION,205,25,180,205,100.0,0.2565755032772299,0.2700564011644112,0.2222222222222222,0.2358288770053476,-0.1340147494672462,0.1340147494672462,0.43822222222222224,0.5617777777777777,LOWER_COLLAPSE,0.0,0.0
MARKET_ODDS_LE_1.5,auto_history_body_weight_median,WEIGHT_BODY,205,25,180,201,98.04878048780488,489.4166666666667,484.07909604519773,492.0,482.0,0.19888153449646453,0.19888153449646453,0.5616760828625236,0.5616760828625236,HIGHER_COLLAPSE,4.0,1.6666666666666667
MARKET_ODDS_LE_1.5,style_previous_first_position,STYLE_POSITION,205,25,180,201,98.04878048780488,3.75,4.0508474576271185,3.0,3.0,-0.10253894178880002,0.10253894178880002,0.4384416195856874,0.5615583804143126,LOWER_COLLAPSE,4.0,1.6666666666666667
MARKET_ODDS_LE_1.5,auto_margin_gap_same_venue_median,RACE_CONDITION,205,25,180,103,50.24390243902439,1.625,1.6797752808988764,1.5625,1.25,-0.04063076317318155,0.04063076317318155,0.5613964686998395,0.5613964686998395,LOWER_COLLAPSE,44.0,50.55555555555556
MARKET_ODDS_LE_1.5,actor_horse_jockey_all_effective_starts,ACTOR,205,25,180,205,100.0,72774.76,140065.3388888889,3.0,4.0,-0.4443880912557828,0.4443880912557828,0.43877777777777777,0.5612222222222223,LOWER_COLLAPSE,0.0,0.0
MARKET_ODDS_LE_1.5,actor_horse_jockey_recent_effective_starts,ACTOR,205,25,180,205,100.0,72774.76,140065.3388888889,3.0,4.0,-0.4443880912557828,0.4443880912557828,0.43877777777777777,0.5612222222222223,LOWER_COLLAPSE,0.0,0.0
MARKET_ODDS_LE_1.5,auto_history_body_weight_rolling_2_mean,WEIGHT_BODY,205,25,180,201,98.04878048780488,490.7083333333333,485.14689265536725,489.0,484.0,0.20548966825210133,0.20548966825210133,0.561087570621469,0.561087570621469,HIGHER_COLLAPSE,4.0,1.6666666666666667
MARKET_ODDS_LE_1.5,auto_pair_carried_weight_vs_recent_mean_ratio,WEIGHT_BODY,205,25,180,201,98.04878048780488,1.012412174630119,1.0050426073252787,1.0130118443316414,1.0,0.2852194902851389,0.2852194902851389,0.560969868173258,0.560969868173258,HIGHER_COLLAPSE,4.0,1.6666666666666667
MARKET_ODDS_LE_1.5,auto_pair_carried_weight_vs_recent_mean_normalized_diff,WEIGHT_BODY,205,25,180,201,98.04878048780488,0.005922636957668243,0.0023621105091451654,0.006463843397943935,0.0,0.2769553631374388,0.2769553631374388,0.560969868173258,0.560969868173258,HIGHER_COLLAPSE,4.0,1.6666666666666667
MARKET_ODDS_LE_1.5,network_elo_rating,OTHER,205,25,180,205,100.0,1538.7024710459643,1529.6025253223665,1540.6989686018337,1526.1503722070738,0.43605281357302667,0.43605281357302667,0.5608888888888889,0.5608888888888889,HIGHER_COLLAPSE,0.0,0.0
MARKET_ODDS_LE_1.5,ped_damsire_race_class_top3_rate,OTHER,205,25,180,204,99.51219512195122,0.2541957549165234,0.2677250317756357,0.22489754098360656,0.23178807947019867,-0.10351333612145702,0.10351333612145702,0.4393296089385475,0.5606703910614526,LOWER_COLLAPSE,0.0,0.5555555555555556
MARKET_ODDS_LE_1.5,timepace_slow_pace_avg_performance_score,PACE_TIME,205,25,180,143,69.7560975609756,0.14412747409672833,0.26320554667134244,0.12787993721427465,0.29623739109940084,-0.215778901194769,0.215778901194769,0.43933333333333335,0.5606666666666666,LOWER_COLLAPSE,28.000000000000004,30.555555555555557
MARKET_ODDS_LE_1.5,auto_field_recent_avg_last_3f_gap_to_best,PACE_TIME,205,25,180,201,98.04878048780488,3.6029166666666668,1.7249623352165728,1.0700000000000038,0.7599999999999909,0.49582935646652404,0.49582935646652404,0.5602636534839924,0.5602636534839924,HIGHER_COLLAPSE,4.0,1.6666666666666667
MARKET_ODDS_LE_1.5,actor_trainer_venue_starts,ACTOR,205,25,180,205,100.0,259.72,288.9111111111111,203.0,281.5,-0.16459116088526846,0.16459116088526846,0.44,0.56,LOWER_COLLAPSE,0.0,0.0
MARKET_ODDS_LE_1.5,actor_trainer_venue_win_observations,ACTOR,205,25,180,205,100.0,259.72,288.9111111111111,203.0,281.5,-0.16459116088526846,0.16459116088526846,0.44,0.56,LOWER_COLLAPSE,0.0,0.0
MARKET_ODDS_LE_1.5,actor_trainer_venue_top3_observations,ACTOR,205,25,180,205,100.0,259.72,288.9111111111111,203.0,281.5,-0.16459116088526846,0.16459116088526846,0.44,0.56,LOWER_COLLAPSE,0.0,0.0
MARKET_ODDS_LE_1.5,actor_trainer_venue_effective_starts,ACTOR,205,25,180,205,100.0,259.72,288.9111111111111,203.0,281.5,-0.16459116088526846,0.16459116088526846,0.44,0.56,LOWER_COLLAPSE,0.0,0.0
MARKET_ODDS_LE_1.5,ped_sire_going_effective_top3_rate,OTHER,205,25,180,205,100.0,0.2652729242988883,0.25490567735966874,0.26712790395412367,0.2580061778374145,0.23261065136893547,0.23261065136893547,0.5593333333333333,0.5593333333333333,HIGHER_COLLAPSE,0.0,0.0
MARKET_ODDS_LE_1.5,auto_history_speed_mps_rolling_2_mean,HISTORY_FRAGILITY,205,25,180,201,98.04878048780488,16.246004088611887,16.37223859081197,16.22787518970766,16.42311788544793,-0.237153598451293,0.237153598451293,0.4406779661016949,0.5593220338983051,LOWER_COLLAPSE,4.0,1.6666666666666667
MARKET_ODDS_LE_1.5,auto_pair_carried_weight_vs_recent_mean_diff,WEIGHT_BODY,205,25,180,201,98.04878048780488,0.7006859562006623,0.27884062735757636,0.7321428571428577,0.0,0.2924622500852221,0.2924622500852221,0.5592043314500942,0.5592043314500942,HIGHER_COLLAPSE,4.0,1.6666666666666667
MARKET_ODDS_LE_1.5,auto_field_recent_top3_rate_gap_to_top2_mean,FIELD_OPPONENT,205,25,180,201,98.04878048780488,0.06423611111111112,0.10706214689265536,0.09999999999999998,0.09999999999999998,-0.26094033564382363,0.26094033564382363,0.4411487758945386,0.5588512241054614,LOWER_COLLAPSE,4.0,1.6666666666666667
MARKET_ODDS_LE_1.5,auto_history_body_weight_mean,WEIGHT_BODY,205,25,180,201,98.04878048780488,489.23477102962397,484.18358096705555,490.75,482.8,0.1886409262261593,0.1886409262261593,0.5587335216572504,0.5587335216572504,HIGHER_COLLAPSE,4.0,1.6666666666666667
MARKET_ODDS_LE_1.5,auto_history_speed_mps_last,HISTORY_FRAGILITY,205,25,180,201,98.04878048780488,16.252321288841785,16.406865584375076,16.35639467121645,16.483516483516482,-0.27009108160509604,0.27009108160509604,0.4419726930320151,0.5580273069679849,LOWER_COLLAPSE,4.0,1.6666666666666667
MARKET_ODDS_LE_1.5,auto_field_recent_avg_last_3f_gap_to_top2_mean,PACE_TIME,205,25,180,201,98.04878048780488,2.6753472222222228,1.1792984934086632,0.8450000000000024,0.5024999999999977,0.5379358529129732,0.5379358529129732,0.557909604519774,0.557909604519774,HIGHER_COLLAPSE,4.0,1.6666666666666667
MARKET_ODDS_LE_1.5,ped_sire_surface_effective_avg_margin_lengths,RACE_CONDITION,205,25,180,205,100.0,2.0564074295340897,2.0033014086957324,2.0733905414107987,2.0086356411318036,0.19703507332681558,0.19703507332681558,0.5577777777777778,0.5577777777777778,HIGHER_COLLAPSE,0.0,0.0
MARKET_ODDS_LE_1.5,ped_damsire_course_layout_avg_margin_lengths,RACE_CONDITION,205,25,180,205,100.0,2.0012882563249508,2.011945805311696,1.9801587301587302,2.0104103774941064,-0.042127665119441014,0.042127665119441014,0.44222222222222224,0.5577777777777777,LOWER_COLLAPSE,0.0,0.0
MARKET_ODDS_LE_1.5,auto_history_margin_lengths_ewma,HISTORY_FRAGILITY,205,25,180,181,88.29268292682927,1.9251589567764946,1.7305212865901898,1.875,1.46875,0.17294733633117534,0.17294733633117534,0.5576499724821133,0.5576499724821133,HIGHER_COLLAPSE,8.0,12.222222222222221
MARKET_ODDS_LE_1.5,auto_history_carried_weight_recency_weighted_mean,WEIGHT_BODY,205,25,180,201,98.04878048780488,55.94784929123165,55.70493632599813,55.95,55.7,0.22538005277170914,0.22538005277170914,0.5575564971751412,0.5575564971751412,HIGHER_COLLAPSE,4.0,1.6666666666666667
MARKET_ODDS_LE_1.5,auto_history_distance_m_linear_trend,DISTANCE,205,25,180,166,80.97560975609757,-3.78842676696603,5.770628948937773,1.3480392156862735,0.0,-0.08025498427035148,0.08025498427035148,0.5571338383838383,0.5571338383838383,LOWER_COLLAPSE,12.0,20.0
MARKET_ODDS_LE_1.5,actor_trainer_distance_band_top3_rate,DISTANCE,205,25,180,205,100.0,0.30411102501646675,0.28557990514835013,0.29591836734693877,0.2822900279610657,0.23324027754429705,0.23324027754429705,0.5571111111111111,0.5571111111111111,HIGHER_COLLAPSE,0.0,0.0
MARKET_ODDS_LE_1.5,auto_margin_gap_same_direction_success_observations,HISTORY_FRAGILITY,205,25,180,205,100.0,1.6,1.9777777777777779,1.0,1.0,-0.20433017443700768,0.20433017443700768,0.4434444444444444,0.5565555555555556,LOWER_COLLAPSE,0.0,0.0
MARKET_ODDS_LE_1.5,auto_history_distance_m_min,DISTANCE,205,25,180,201,98.04878048780488,1637.5,1581.3559322033898,1600.0,1600.0,0.22237701308848812,0.22237701308848812,0.556379472693032,0.556379472693032,HIGHER_COLLAPSE,4.0,1.6666666666666667
MARKET_ODDS_LE_1.5,opponent_strong_opponents_beaten,FIELD_OPPONENT,205,25,180,205,100.0,14.68,6.211111111111111,3.0,1.0,0.6538740479711064,0.6538740479711064,0.5561111111111111,0.5561111111111111,HIGHER_COLLAPSE,0.0,0.0
MARKET_ODDS_LE_1.5,backfill_special_designated,OTHER,205,25,180,205,100.0,0.24,0.12777777777777777,0.0,0.0,0.32223525904901557,0.32223525904901557,0.5561111111111111,0.5561111111111111,HIGHER_COLLAPSE,0.0,0.0
MARKET_ODDS_LE_1.5,style_previous_position_gain,STYLE_POSITION,205,25,180,201,98.04878048780488,1.0416666666666667,0.7401129943502824,0.0,0.0,0.187087342146275,0.187087342146275,0.5557909604519774,0.5557909604519774,HIGHER_COLLAPSE,4.0,1.6666666666666667
MARKET_ODDS_LE_1.5,distx_longer_starts,DISTANCE,205,25,180,205,100.0,0.92,1.3,0.0,0.5,-0.21274765584375432,0.21274765584375432,0.44433333333333336,0.5556666666666666,LOWER_COLLAPSE,0.0,0.0
MARKET_ODDS_LE_1.5,recent_window_starts,HISTORY_FRAGILITY,205,25,180,205,100.0,3.64,3.3944444444444444,5.0,4.0,0.15272837128998762,0.15272837128998762,0.5556666666666666,0.5556666666666666,HIGHER_COLLAPSE,0.0,0.0
MARKET_ODDS_LE_1.5,auto_history_last_3f_ewma,PACE_TIME,205,25,180,201,98.04878048780488,33.87118304570516,35.31950999114473,36.05,35.975,-0.3094834818975922,0.3094834818975922,0.4446798493408663,0.5553201506591336,LOWER_COLLAPSE,4.0,1.6666666666666667
MARKET_ODDS_LE_1.5,ped_sire_venue_top3_rate,RACE_CONDITION,205,25,180,198,96.58536585365853,0.2759480042148199,0.2804364650507277,0.2686593562079943,0.25862452301423977,-0.03278628755191391,0.03278628755191391,0.5551963601532567,0.5551963601532567,LOWER_COLLAPSE,4.0,3.3333333333333335
MARKET_ODDS_LE_1.5,ped_damsire_course_layout_effective_avg_margin_lengths,RACE_CONDITION,205,25,180,205,100.0,2.0085989673669618,2.009677864080212,1.980697405510362,2.0135060909845928,-0.005734030368170552,0.005734030368170552,0.4457777777777778,0.5542222222222222,LOWER_COLLAPSE,0.0,0.0
MARKET_ODDS_LE_1.5,ped_damsire_distance_band_avg_margin_lengths,DISTANCE,205,25,180,203,99.02439024390245,2.097298031017604,2.0302370165442247,2.061991821984856,2.006152125279642,0.16952087801721552,0.16952087801721552,0.5541201117318436,0.5541201117318436,HIGHER_COLLAPSE,4.0,0.5555555555555556
MARKET_ODDS_LE_1.5,ped_damsire_course_layout_effective_win_rate,RACE_CONDITION,205,25,180,205,100.0,0.08443607256858421,0.08396338379813782,0.07274689389019218,0.08039378850689628,0.017855842104507347,0.017855842104507347,0.446,0.554,HIGHER_COLLAPSE,0.0,0.0
MARKET_ODDS_LE_1.5,actor_horse_jockey_all_top3_rate,ACTOR,205,25,180,117,57.073170731707314,0.868421052631579,0.8917638483965016,1.0,1.0,-0.09418995820811277,0.09418995820811277,0.4460257787325457,0.5539742212674543,LOWER_COLLAPSE,24.0,45.55555555555556
MARKET_ODDS_LE_1.5,actor_horse_jockey_recent_top3_rate,ACTOR,205,25,180,117,57.073170731707314,0.868421052631579,0.8917638483965016,1.0,1.0,-0.09418995820811277,0.09418995820811277,0.4460257787325457,0.5539742212674543,LOWER_COLLAPSE,24.0,45.55555555555556
MARKET_ODDS_LE_1.5,timepace_recent_avg_performance_score,PACE_TIME,205,25,180,201,98.04878048780488,0.4165415297090293,0.48858998439370893,0.3815249162958384,0.5152207136018044,-0.17423804416401792,0.17423804416401792,0.4475047080979284,0.5524952919020716,LOWER_COLLAPSE,4.0,1.6666666666666667
MARKET_ODDS_LE_1.5,auto_history_carried_weight_rolling_2_mean,WEIGHT_BODY,205,25,180,201,98.04878048780488,56.354166666666664,55.855932203389834,56.0,56.0,0.3349485801996835,0.3349485801996835,0.5523775894538606,0.5523775894538606,HIGHER_COLLAPSE,4.0,1.6666666666666667
MARKET_ODDS_LE_1.5,ped_damsire_going_top3_rate,OTHER,205,25,180,202,98.53658536585365,0.25012566669556296,0.25111934722292234,0.22705771050141912,0.23376623376623376,-0.012901056488023763,0.012901056488023763,0.447683615819209,0.552316384180791,LOWER_COLLAPSE,0.0,1.6666666666666667
MARKET_ODDS_LE_1.5,actor_trainer_venue_win_rate,ACTOR,205,25,180,205,100.0,0.1154433814497375,0.11161093853145868,0.10948905109489052,0.10703820909517112,0.06935781566536928,0.06935781566536928,0.5521111111111111,0.5521111111111111,HIGHER_COLLAPSE,0.0,0.0
MARKET_ODDS_LE_1.5,style_recent_improve_rate,STYLE_POSITION,205,25,180,201,98.04878048780488,0.4476521164021164,0.39375168146354583,0.4642857142857143,0.3333333333333333,0.15693665013004798,0.15693665013004798,0.551906779661017,0.551906779661017,HIGHER_COLLAPSE,4.0,1.6666666666666667
MARKET_ODDS_LE_1.5,ped_sire_distance_band_effective_win_rate,DISTANCE,205,25,180,205,100.0,0.09897027955545981,0.0955955465949927,0.10037035503586242,0.09565006571750853,0.11928635520806792,0.11928635520806792,0.5515555555555556,0.5515555555555556,HIGHER_COLLAPSE,0.0,0.0
MARKET_ODDS_LE_1.5,actor_jockey_all_starts,ACTOR,205,25,180,205,100.0,3300.6,3590.2166666666667,3935.0,4145.5,-0.1877590381195197,0.1877590381195197,0.4488888888888889,0.5511111111111111,LOWER_COLLAPSE,0.0,0.0
MARKET_ODDS_LE_1.5,actor_jockey_all_win_observations,ACTOR,205,25,180,205,100.0,3300.6,3590.2166666666667,3935.0,4145.5,-0.1877590381195197,0.1877590381195197,0.4488888888888889,0.5511111111111111,LOWER_COLLAPSE,0.0,0.0
MARKET_ODDS_LE_1.5,actor_jockey_all_top3_observations,ACTOR,205,25,180,205,100.0,3300.6,3590.2166666666667,3935.0,4145.5,-0.1877590381195197,0.1877590381195197,0.4488888888888889,0.5511111111111111,LOWER_COLLAPSE,0.0,0.0
MARKET_ODDS_LE_1.5,actor_jockey_all_effective_starts,ACTOR,205,25,180,205,100.0,3300.6,3590.2166666666667,3935.0,4145.5,-0.1877590381195197,0.1877590381195197,0.4488888888888889,0.5511111111111111,LOWER_COLLAPSE,0.0,0.0
MARKET_ODDS_LE_1.5,actor_trainer_recent_top3_rate,ACTOR,205,25,180,205,100.0,0.324,0.30494949494949497,0.3,0.3,0.16792323837942125,0.16792323837942125,0.5507777777777778,0.5507777777777778,HIGHER_COLLAPSE,0.0,0.0
MARKET_ODDS_LE_1.5,ped_sire_course_layout_avg_margin_lengths,RACE_CONDITION,205,25,180,205,100.0,2.0392624071875054,2.004766963796346,1.9862258953168044,1.9572329379021118,0.12926042605873517,0.12926042605873517,0.5507777777777778,0.5507777777777778,HIGHER_COLLAPSE,0.0,0.0
MARKET_ODDS_LE_1.5,ped_damsire_surface_win_rate,RACE_CONDITION,205,25,180,205,100.0,0.08597048904334517,0.08992160376088806,0.07496012759170653,0.08303320299101324,-0.08608624667923356,0.08608624667923356,0.4493333333333333,0.5506666666666666,LOWER_COLLAPSE,0.0,0.0
MARKET_ODDS_LE_1.5,auto_history_speed_mps_previous_delta,HISTORY_FRAGILITY,205,25,180,166,80.97560975609757,0.013782982319767469,0.08512469250929777,0.0008181619021980779,0.1224961503918438,-0.17382893505915314,0.17382893505915314,0.4494949494949495,0.5505050505050505,LOWER_COLLAPSE,12.0,20.0
MARKET_ODDS_LE_1.5,ped_sire_course_layout_effective_win_rate,RACE_CONDITION,205,25,180,205,100.0,0.09480288806802734,0.09176309189098539,0.09719974293410058,0.09388469914178299,0.11207587393181276,0.11207587393181276,0.5502222222222222,0.5502222222222222,HIGHER_COLLAPSE,0.0,0.0
MARKET_ODDS_LE_1.5,network_field_elo_spread,FIELD_OPPONENT,205,25,180,205,100.0,71.61861886970033,60.84307948630732,61.249309562167355,56.56369610558954,0.2966757257122342,0.2966757257122342,0.5501111111111111,0.5501111111111111,HIGHER_COLLAPSE,0.0,0.0
MARKET_ODDS_LE_1.5,opponent_current_field_elo_spread,FIELD_OPPONENT,205,25,180,205,100.0,71.61861886970033,60.84307948630732,61.249309562167355,56.56369610558954,0.2966757257122342,0.2966757257122342,0.5501111111111111,0.5501111111111111,HIGHER_COLLAPSE,0.0,0.0
MARKET_ODDS_LE_1.5,ped_sire_all_starts,OTHER,205,25,180,205,100.0,3463.08,2822.3166666666666,2712.0,1927.5,0.22967055990330396,0.22967055990330396,0.5497777777777778,0.5497777777777778,HIGHER_COLLAPSE,0.0,0.0
MARKET_ODDS_LE_1.5,ped_sire_all_win_observations,OTHER,205,25,180,205,100.0,3463.08,2822.3166666666666,2712.0,1927.5,0.22967055990330396,0.22967055990330396,0.5497777777777778,0.5497777777777778,HIGHER_COLLAPSE,0.0,0.0
MARKET_ODDS_LE_1.5,ped_sire_all_top3_observations,OTHER,205,25,180,205,100.0,3463.08,2822.3166666666666,2712.0,1927.5,0.22967055990330396,0.22967055990330396,0.5497777777777778,0.5497777777777778,HIGHER_COLLAPSE,0.0,0.0
MARKET_ODDS_LE_1.5,ped_sire_all_effective_starts,OTHER,205,25,180,205,100.0,3463.08,2822.3166666666666,2712.0,1927.5,0.22967055990330396,0.22967055990330396,0.5497777777777778,0.5497777777777778,HIGHER_COLLAPSE,0.0,0.0
MARKET_ODDS_LE_1.5,ped_damsire_going_effective_top3_rate,OTHER,205,25,180,205,100.0,0.24250812966708024,0.24239677194184955,0.2269814810302092,0.23278242762801762,0.0022531140678314536,0.0022531140678314536,0.45022222222222225,0.5497777777777777,HIGHER_COLLAPSE,0.0,0.0
MARKET_ODDS_LE_1.5,same_distance_starts,DISTANCE,205,25,180,205,100.0,1.6,1.7055555555555555,1.0,1.0,-0.061224953110400285,0.061224953110400285,0.4504444444444444,0.5495555555555556,LOWER_COLLAPSE,0.0,0.0
MARKET_ODDS_LE_1.5,auto_margin_gap_same_distance_starts,DISTANCE,205,25,180,205,100.0,1.6,1.7055555555555555,1.0,1.0,-0.061224953110400285,0.061224953110400285,0.4504444444444444,0.5495555555555556,LOWER_COLLAPSE,0.0,0.0
MARKET_ODDS_LE_1.5,ped_damsire_course_layout_win_rate,RACE_CONDITION,205,25,180,205,100.0,0.08604701043238856,0.0845586993221444,0.07274590163934426,0.08072984166726412,0.04089946899900805,0.04089946899900805,0.4504444444444444,0.5495555555555556,HIGHER_COLLAPSE,0.0,0.0
MARKET_ODDS_LE_1.5,auto_margin_gap_same_weight_rule_success_rate,WEIGHT_BODY,205,25,180,155,75.60975609756098,0.3404761904761905,0.38815943043884227,0.25,0.3333333333333333,-0.12973309000760072,0.12973309000760072,0.4506578947368421,0.549342105263158,LOWER_COLLAPSE,24.0,24.444444444444443
MARKET_ODDS_LE_1.5,ped_sire_all_effective_win_rate,OTHER,205,25,180,205,100.0,0.09587577243981023,0.09177999339916079,0.09721513585138072,0.09196675630542792,0.15141075045145716,0.15141075045145716,0.5493333333333333,0.5493333333333333,HIGHER_COLLAPSE,0.0,0.0
MARKET_ODDS_LE_1.5,actor_trainer_distance_band_effective_top3_rate,DISTANCE,205,25,180,205,100.0,0.2898960835996302,0.28070672210317116,0.28281536508790667,0.27474724531514183,0.12885223069205884,0.12885223069205884,0.5486666666666666,0.5486666666666666,HIGHER_COLLAPSE,0.0,0.0
MARKET_ODDS_LE_1.5,ped_damsire_race_class_effective_margin_observations,HISTORY_FRAGILITY,205,25,180,205,100.0,501.48,664.5444444444445,288.0,284.0,-0.2155294035220001,0.2155294035220001,0.45155555555555554,0.5484444444444445,LOWER_COLLAPSE,0.0,0.0
MARKET_ODDS_LE_1.5,auto_margin_gap_within_400m_mean,HISTORY_FRAGILITY,205,25,180,179,87.3170731707317,2.053787878787879,1.7853288342938025,1.75,1.5,0.2336036502285295,0.2336036502285295,0.5482049797336421,0.5482049797336421,HIGHER_COLLAPSE,12.0,12.777777777777777
MARKET_ODDS_LE_1.5,ped_damsire_race_class_effective_starts,OTHER,205,25,180,205,100.0,800.16,1021.1888888888889,522.0,444.0,-0.19243411201016733,0.19243411201016733,0.4518888888888889,0.5481111111111111,LOWER_COLLAPSE,0.0,0.0
MARKET_ODDS_LE_1.5,ped_sire_surface_win_rate,RACE_CONDITION,205,25,180,205,100.0,0.11358139113391451,0.10049166903605446,0.1016949152542373,0.0932078026276201,0.20672982478330307,0.20672982478330307,0.548,0.548,HIGHER_COLLAPSE,0.0,0.0
MARKET_ODDS_LE_1.5,actor_jockey_venue_top3_rate,ACTOR,205,25,180,204,99.51219512195122,0.3809926605884796,0.41803428571631623,0.3734472049689441,0.3938223938223938,-0.2609044788983187,0.2609044788983187,0.4522905027932961,0.5477094972067039,LOWER_COLLAPSE,0.0,0.5555555555555556
MARKET_ODDS_LE_1.5,auto_margin_gap_same_course_layout_starts,RACE_CONDITION,205,25,180,205,100.0,5.16,4.188888888888889,4.0,4.0,0.2964111442108034,0.2964111442108034,0.5473333333333333,0.5473333333333333,HIGHER_COLLAPSE,0.0,0.0
MARKET_ODDS_LE_1.5,previous_last_3f,PACE_TIME,205,25,180,201,98.04878048780488,33.25,35.12655367231639,35.2,35.9,-0.3575285086022075,0.3575285086022075,0.45280131826742,0.54719868173258,LOWER_COLLAPSE,4.0,1.6666666666666667
MARKET_ODDS_LE_1.5,auto_history_last_3f_last,PACE_TIME,205,25,180,201,98.04878048780488,33.25,35.12655367231639,35.2,35.9,-0.3575285086022075,0.3575285086022075,0.45280131826742,0.54719868173258,LOWER_COLLAPSE,4.0,1.6666666666666667
MARKET_ODDS_LE_1.5,ped_sire_distance_band_effective_avg_margin_lengths,DISTANCE,205,25,180,205,100.0,2.0387834836199685,2.0136482882534956,2.061296235478869,2.016290220589438,0.11290996680598808,0.11290996680598808,0.5468888888888889,0.5468888888888889,HIGHER_COLLAPSE,0.0,0.0
MARKET_ODDS_LE_1.5,ped_damsire_race_class_win_rate,OTHER,205,25,180,204,99.51219512195122,0.07957128307318859,0.08996102651259794,0.07282051282051281,0.07495523151701203,-0.13367827498967694,0.13367827498967694,0.4535195530726257,0.5464804469273743,LOWER_COLLAPSE,0.0,0.5555555555555556
MARKET_ODDS_LE_1.5,ped_sire_all_win_rate,OTHER,205,25,180,205,100.0,0.1082709678455948,0.09822737910062851,0.09836065573770492,0.09218242103720088,0.1733278015263737,0.1733278015263737,0.5464444444444444,0.5464444444444444,HIGHER_COLLAPSE,0.0,0.0
MARKET_ODDS_LE_1.5,auto_margin_gap_same_class_success_observations,HISTORY_FRAGILITY,205,25,180,205,100.0,1.56,1.8833333333333333,1.0,1.0,-0.14665731634928242,0.14665731634928242,0.4537777777777778,0.5462222222222222,LOWER_COLLAPSE,0.0,0.0
MARKET_ODDS_LE_1.5,auto_history_last_3f_rolling_3_mean,PACE_TIME,205,25,180,201,98.04878048780488,33.92916666666667,35.33926553672317,35.78333333333333,36.06666666666666,-0.29369494065332563,0.29369494065332563,0.4539783427495292,0.5460216572504708,LOWER_COLLAPSE,4.0,1.6666666666666667
MARKET_ODDS_LE_1.5,ped_sire_surface_effective_win_rate,RACE_CONDITION,205,25,180,205,100.0,0.09868910114726649,0.09328398718826768,0.09690972962109035,0.09296039565481887,0.17049070346938652,0.17049070346938652,0.546,0.546,HIGHER_COLLAPSE,0.0,0.0
MARKET_ODDS_LE_1.5,auto_margin_gap_same_class_median,HISTORY_FRAGILITY,205,25,180,113,55.1219512195122,1.9375,1.6782178217821782,1.25,1.5,0.21244502374982396,0.21244502374982396,0.5457920792079208,0.5457920792079208,HIGHER_COLLAPSE,52.0,43.888888888888886
MARKET_ODDS_LE_1.5,ped_damsire_race_class_margin_observations,HISTORY_FRAGILITY,205,25,180,205,100.0,501.48,664.2611111111111,288.0,284.0,-0.215093216193286,0.215093216193286,0.45422222222222225,0.5457777777777777,LOWER_COLLAPSE,0.0,0.0
MARKET_ODDS_LE_1.5,ped_damsire_race_class_starts,OTHER,205,25,180,205,100.0,800.16,1020.7055555555555,522.0,444.0,-0.19195070926013766,0.19195070926013766,0.455,0.5449999999999999,LOWER_COLLAPSE,0.0,0.0
MARKET_ODDS_LE_1.5,ped_damsire_race_class_win_observations,OTHER,205,25,180,205,100.0,800.16,1020.7055555555555,522.0,444.0,-0.19195070926013766,0.19195070926013766,0.455,0.5449999999999999,LOWER_COLLAPSE,0.0,0.0
MARKET_ODDS_LE_1.5,ped_damsire_race_class_top3_observations,OTHER,205,25,180,205,100.0,800.16,1020.7055555555555,522.0,444.0,-0.19195070926013766,0.19195070926013766,0.455,0.5449999999999999,LOWER_COLLAPSE,0.0,0.0
MARKET_ODDS_LE_1.5,recent_avg_last_3f,PACE_TIME,205,25,180,201,98.04878048780488,34.58020833333333,35.443992467043316,35.94,36.06,-0.19562229488575075,0.19562229488575075,0.4552730696798493,0.5447269303201507,LOWER_COLLAPSE,4.0,1.6666666666666667
MARKET_ODDS_LE_1.5,auto_history_last_3f_rolling_5_mean,PACE_TIME,205,25,180,201,98.04878048780488,34.58020833333333,35.443992467043316,35.94,36.06,-0.19562229488575075,0.19562229488575075,0.4552730696798493,0.5447269303201507,LOWER_COLLAPSE,4.0,1.6666666666666667
MARKET_ODDS_LE_1.5,auto_margin_gap_same_venue_mean,RACE_CONDITION,205,25,180,103,50.24390243902439,1.6369047619047616,1.7345505617977528,1.5625,1.375,-0.07245252129739349,0.07245252129739349,0.5445425361155698,0.5445425361155698,LOWER_COLLAPSE,44.0,50.55555555555556
MARKET_ODDS_LE_1.5,ped_damsire_going_starts,OTHER,205,25,180,205,100.0,2544.08,2033.0,1424.0,831.0,0.20172575840398815,0.20172575840398815,0.5443333333333333,0.5443333333333333,HIGHER_COLLAPSE,0.0,0.0
MARKET_ODDS_LE_1.5,ped_damsire_going_win_observations,OTHER,205,25,180,205,100.0,2544.08,2033.0,1424.0,831.0,0.20172575840398815,0.20172575840398815,0.5443333333333333,0.5443333333333333,HIGHER_COLLAPSE,0.0,0.0
MARKET_ODDS_LE_1.5,ped_damsire_going_top3_observations,OTHER,205,25,180,205,100.0,2544.08,2033.0,1424.0,831.0,0.20172575840398815,0.20172575840398815,0.5443333333333333,0.5443333333333333,HIGHER_COLLAPSE,0.0,0.0
MARKET_ODDS_LE_1.5,ped_sire_course_layout_win_rate,RACE_CONDITION,205,25,180,205,100.0,0.10538171930941084,0.09818272545678597,0.09836065573770492,0.0955648182840015,0.12323024151973658,0.12323024151973658,0.5436666666666666,0.5436666666666666,HIGHER_COLLAPSE,0.0,0.0
MARKET_ODDS_LE_1.5,actor_trainer_all_top3_rate,ACTOR,205,25,180,205,100.0,0.28291466613871374,0.2775845242517011,0.2823093220338983,0.27726604435423186,0.07586139264140351,0.07586139264140351,0.5436666666666666,0.5436666666666666,HIGHER_COLLAPSE,0.0,0.0
MARKET_ODDS_LE_1.5,ped_damsire_going_effective_starts,OTHER,205,25,180,205,100.0,2544.08,2033.4055555555556,1424.0,831.0,0.20158830846449435,0.20158830846449435,0.5432222222222223,0.5432222222222223,HIGHER_COLLAPSE,0.0,0.0
MARKET_ODDS_LE_1.5,ped_sire_going_top3_rate,OTHER,205,25,180,202,98.53658536585365,0.2874076551371758,0.2721476486331822,0.26727895392278955,0.25806451612903225,0.14414757256114044,0.14414757256114044,0.5430508474576271,0.5430508474576271,HIGHER_COLLAPSE,0.0,1.6666666666666667
MARKET_ODDS_LE_1.5,timepace_recent_avg_normalized_early_pace,PACE_TIME,205,25,180,199,97.07317073170731,-0.26124297042083827,-0.20714249711159483,-0.019620119213958787,-0.11968043207319673,-0.07581384491735493,0.07581384491735493,0.5429841897233202,0.5429841897233202,LOWER_COLLAPSE,8.0,2.2222222222222223
MARKET_ODDS_LE_1.5,timepace_slow_pace_rate,PACE_TIME,205,25,180,201,98.04878048780488,0.3533730158730159,0.328954802259887,0.3666666666666667,0.25,0.07775538052018989,0.07775538052018989,0.542725988700565,0.542725988700565,HIGHER_COLLAPSE,4.0,1.6666666666666667
MARKET_ODDS_LE_1.5,auto_field_recent_top3_rate_gap_to_best,FIELD_OPPONENT,205,25,180,201,98.04878048780488,-0.059722222222222225,-0.027024482109227872,0.0,0.0,-0.37299091773919646,0.37299091773919646,0.457391713747646,0.542608286252354,LOWER_COLLAPSE,4.0,1.6666666666666667
MARKET_ODDS_LE_1.5,auto_margin_gap_within_200m_mean,HISTORY_FRAGILITY,205,25,180,165,80.48780487804879,2.039351851851852,1.7691994655004861,1.625,1.5,0.22237808889215188,0.22237808889215188,0.5425170068027211,0.5425170068027211,HIGHER_COLLAPSE,28.000000000000004,18.333333333333332
MARKET_ODDS_LE_1.5,auto_history_margin_lengths_recency_weighted_mean,WEIGHT_BODY,205,25,180,181,88.29268292682927,1.8650780379041247,1.7371591664313186,1.7333333333333334,1.5,0.1152618479424801,0.1152618479424801,0.5425151348376445,0.5425151348376445,HIGHER_COLLAPSE,8.0,12.222222222222221
MARKET_ODDS_LE_1.5,auto_margin_gap_same_age_condition_starts,HISTORY_FRAGILITY,205,25,180,205,100.0,2.2,1.45,1.0,1.0,0.48746113072675884,0.48746113072675884,0.5422222222222223,0.5422222222222223,HIGHER_COLLAPSE,0.0,0.0
MARKET_ODDS_LE_1.5,auto_history_speed_mps_gap_to_worst,HISTORY_FRAGILITY,205,25,180,201,98.04878048780488,0.3923313786463727,0.3436626965998669,0.3193413848378235,0.27800429979983754,0.13377517568623898,0.13377517568623898,0.5419020715630886,0.5419020715630886,HIGHER_COLLAPSE,4.0,1.6666666666666667
MARKET_ODDS_LE_1.5,same_distance_top3_rate,DISTANCE,205,25,180,155,75.60975609756098,0.9033613445378151,0.8439958592132506,1.0,1.0,0.22502334909456595,0.22502334909456595,0.5415601023017903,0.5415601023017903,HIGHER_COLLAPSE,32.0,23.333333333333332
MARKET_ODDS_LE_1.5,auto_history_body_weight_min,WEIGHT_BODY,205,25,180,201,98.04878048780488,482.4166666666667,479.35593220338984,481.0,478.0,0.1176443183859463,0.1176443183859463,0.5413135593220338,0.5413135593220338,HIGHER_COLLAPSE,4.0,1.6666666666666667
MARKET_ODDS_LE_1.5,auto_history_margin_lengths_rolling_2_mean,HISTORY_FRAGILITY,205,25,180,181,88.29268292682927,1.923913043478261,1.745253164556962,2.0,1.5,0.14560745239327055,0.14560745239327055,0.5412768299394607,0.5412768299394607,HIGHER_COLLAPSE,8.0,12.222222222222221
MARKET_ODDS_LE_1.5,auto_margin_gap_within_200m_median,HISTORY_FRAGILITY,205,25,180,165,80.48780487804879,1.9791666666666667,1.6700680272108843,1.625,1.5,0.2570325949162533,0.2570325949162533,0.5411942554799698,0.5411942554799698,HIGHER_COLLAPSE,28.000000000000004,18.333333333333332
MARKET_ODDS_LE_1.5,ped_sire_race_class_fallback_level,OTHER,205,25,180,205,100.0,0.16,0.07777777777777778,0.0,0.0,0.29042140616546275,0.29042140616546275,0.5411111111111111,0.5411111111111111,HIGHER_COLLAPSE,0.0,0.0
MARKET_ODDS_LE_1.5,ped_damsire_distance_band_effective_avg_margin_lengths,DISTANCE,205,25,180,205,100.0,2.106509963178815,2.033937085257615,2.058409762671787,2.0109103229595213,0.27440297706277356,0.27440297706277356,0.5411111111111111,0.5411111111111111,HIGHER_COLLAPSE,0.0,0.0
MARKET_ODDS_LE_1.5,actor_trainer_venue_effective_win_rate,ACTOR,205,25,180,205,100.0,0.10736692203199803,0.10616165931270756,0.10593405614673078,0.10181569663878606,0.02787377937459966,0.02787377937459966,0.5411111111111111,0.5411111111111111,HIGHER_COLLAPSE,0.0,0.0
MARKET_ODDS_LE_1.5,ped_sire_course_layout_effective_avg_margin_lengths,RACE_CONDITION,205,25,180,205,100.0,2.0137960261476375,1.9989226944103937,1.9866730922008637,1.9576128876948997,0.0776123244831547,0.0776123244831547,0.5408888888888889,0.5408888888888889,HIGHER_COLLAPSE,0.0,0.0
MARKET_ODDS_LE_1.5,backfill_international,OTHER,205,25,180,205,100.0,0.12,0.03888888888888889,0.0,0.0,0.377580954244426,0.377580954244426,0.5405555555555556,0.5405555555555556,HIGHER_COLLAPSE,0.0,0.0
MARKET_ODDS_LE_1.5,actor_trainer_all_effective_top3_rate,ACTOR,205,25,180,205,100.0,0.2805535784077618,0.2768733082898394,0.2816466404094163,0.2752580448072339,0.053826559883320135,0.053826559883320135,0.5401111111111111,0.5401111111111111,HIGHER_COLLAPSE,0.0,0.0
MARKET_ODDS_LE_1.5,network_field_known_count,FIELD_OPPONENT,205,25,180,205,100.0,9.72,10.255555555555556,10.0,10.0,-0.15906235086489118,0.15906235086489118,0.46,0.54,LOWER_COLLAPSE,0.0,0.0
MARKET_ODDS_LE_1.5,opponent_current_field_known_count,FIELD_OPPONENT,205,25,180,205,100.0,9.72,10.255555555555556,10.0,10.0,-0.15906235086489118,0.15906235086489118,0.46,0.54,LOWER_COLLAPSE,0.0,0.0
MARKET_ODDS_LE_1.5,ped_sire_all_margin_observations,HISTORY_FRAGILITY,205,25,180,205,100.0,1841.48,1611.8944444444444,1621.0,1180.5,0.15589084871064876,0.15589084871064876,0.54,0.54,HIGHER_COLLAPSE,0.0,0.0
MARKET_ODDS_LE_1.5,ped_sire_all_effective_margin_observations,HISTORY_FRAGILITY,205,25,180,205,100.0,1841.48,1611.8944444444444,1621.0,1180.5,0.15589084871064876,0.15589084871064876,0.54,0.54,HIGHER_COLLAPSE,0.0,0.0
MARKET_ODDS_LE_1.5,gate,DRAW,205,25,180,205,100.0,4.36,4.661111111111111,5.0,5.0,-0.13689880188582462,0.13689880188582462,0.4607777777777778,0.5392222222222223,LOWER_COLLAPSE,0.0,0.0
MARKET_ODDS_LE_1.5,ped_damsire_venue_effective_top3_rate,RACE_CONDITION,205,25,180,205,100.0,0.23229525417187397,0.23717259898256238,0.22803597235537368,0.23388843051932467,-0.09904114904644307,0.09904114904644307,0.4608888888888889,0.5391111111111111,LOWER_COLLAPSE,0.0,0.0
MARKET_ODDS_LE_1.5,ped_damsire_going_margin_observations,HISTORY_FRAGILITY,205,25,180,205,100.0,1324.16,1094.6888888888889,723.0,438.0,0.16954026159957347,0.16954026159957347,0.539,0.539,HIGHER_COLLAPSE,0.0,0.0
MARKET_ODDS_LE_1.5,actor_jockey_venue_effective_win_rate,ACTOR,205,25,180,205,100.0,0.1544900595633457,0.1728854727186203,0.1408580827053573,0.14481104720701635,-0.22244156824625538,0.22244156824625538,0.46144444444444443,0.5385555555555556,LOWER_COLLAPSE,0.0,0.0
MARKET_ODDS_LE_1.5,ped_damsire_distance_band_effective_margin_observations,DISTANCE,205,25,180,205,100.0,599.6,703.7277777777778,261.0,341.0,-0.1279774759437361,0.1279774759437361,0.46144444444444443,0.5385555555555556,LOWER_COLLAPSE,0.0,0.0
MARKET_ODDS_LE_1.5,ped_damsire_distance_band_margin_observations,DISTANCE,205,25,180,205,100.0,599.4,703.3555555555556,261.0,341.0,-0.12771903421256006,0.12771903421256006,0.46155555555555555,0.5384444444444445,LOWER_COLLAPSE,0.0,0.0
MARKET_ODDS_LE_1.5,auto_history_speed_mps_linear_trend,HISTORY_FRAGILITY,205,25,180,166,80.97560975609757,0.0833325281431287,0.06817358964644889,0.044504667804844966,0.06977267131028998,0.07277683093987954,0.07277683093987954,0.4618055555555556,0.5381944444444444,HIGHER_COLLAPSE,12.0,20.0
MARKET_ODDS_LE_1.5,auto_margin_gap_same_going_observations,HISTORY_FRAGILITY,205,25,180,205,100.0,2.28,1.4722222222222223,1.0,1.0,0.42717043775248903,0.42717043775248903,0.538,0.538,HIGHER_COLLAPSE,0.0,0.0
MARKET_ODDS_LE_1.5,ped_damsire_going_effective_margin_observations,HISTORY_FRAGILITY,205,25,180,205,100.0,1324.16,1094.9388888888889,723.0,438.0,0.16937770811876096,0.16937770811876096,0.5375555555555556,0.5375555555555556,HIGHER_COLLAPSE,0.0,0.0
MARKET_ODDS_LE_1.5,ped_sire_race_class_effective_win_rate,OTHER,205,25,180,205,100.0,0.09448581148501299,0.0920590707646584,0.09381902124545612,0.08979173786146433,0.07848390265743303,0.07848390265743303,0.5373333333333333,0.5373333333333333,HIGHER_COLLAPSE,0.0,0.0
MARKET_ODDS_LE_1.5,ped_sire_all_effective_top3_rate,OTHER,205,25,180,205,100.0,0.2619863116261209,0.2559493349996259,0.2628514646350906,0.2562317735604072,0.12830714307574148,0.12830714307574148,0.5366666666666666,0.5366666666666666,HIGHER_COLLAPSE,0.0,0.0
MARKET_ODDS_LE_1.5,auto_field_recent_top3_rate_rank,FIELD_OPPONENT,205,25,180,201,98.04878048780488,1.25,1.1807909604519775,1.0,1.0,0.1370952715470298,0.1370952715470298,0.536605461393597,0.536605461393597,HIGHER_COLLAPSE,4.0,1.6666666666666667
MARKET_ODDS_LE_1.5,timepace_normalized_late_pace_observations,PACE_TIME,205,25,180,205,100.0,4.28,3.938888888888889,4.0,4.0,0.13370019138695377,0.13370019138695377,0.5364444444444444,0.5364444444444444,HIGHER_COLLAPSE,0.0,0.0
MARKET_ODDS_LE_1.5,lap_recent_races_measured,PACE_TIME,205,25,180,205,100.0,4.28,3.938888888888889,4.0,4.0,0.13370019138695377,0.13370019138695377,0.5364444444444444,0.5364444444444444,HIGHER_COLLAPSE,0.0,0.0
MARKET_ODDS_LE_1.5,days_since_last_start,OTHER,205,25,180,201,98.04878048780488,51.791666666666664,48.112994350282484,38.0,36.0,0.09400454467673516,0.09400454467673516,0.5363700564971752,0.5363700564971752,HIGHER_COLLAPSE,4.0,1.6666666666666667
MARKET_ODDS_LE_1.5,actor_jockey_venue_win_rate,ACTOR,205,25,180,204,99.51219512195122,0.16638406726997362,0.17935208813920042,0.14276228419654716,0.14780600461893764,-0.1433077135553201,0.1433077135553201,0.46368715083798884,0.5363128491620112,LOWER_COLLAPSE,0.0,0.5555555555555556
MARKET_ODDS_LE_1.5,auto_history_carried_weight_last,WEIGHT_BODY,205,25,180,201,98.04878048780488,56.375,55.898305084745765,55.5,56.0,0.2927080261176594,0.2927080261176594,0.5362523540489642,0.5362523540489642,HIGHER_COLLAPSE,4.0,1.6666666666666667
MARKET_ODDS_LE_1.5,ped_damsire_distance_band_effective_top3_rate,DISTANCE,205,25,180,205,100.0,0.2538166199098667,0.2490213403017425,0.24574043601243292,0.23716382719585766,0.09398785846042591,0.09398785846042591,0.5362222222222223,0.5362222222222223,HIGHER_COLLAPSE,0.0,0.0
MARKET_ODDS_LE_1.5,auto_history_last_3f_recency_weighted_mean,PACE_TIME,205,25,180,201,98.04878048780488,35.126176452904396,35.65010205102678,35.730714285714285,35.96666666666667,-0.15924222555970646,0.15924222555970646,0.4638653483992467,0.5361346516007532,LOWER_COLLAPSE,4.0,1.6666666666666667
MARKET_ODDS_LE_1.5,auto_margin_gap_same_age_condition_mean,HISTORY_FRAGILITY,205,25,180,122,59.512195121951216,1.589732142857143,1.8123070987654322,1.5,1.5416666666666665,-0.19734867833880013,0.19734867833880013,0.46395502645502645,0.5360449735449735,LOWER_COLLAPSE,44.0,40.0
MARKET_ODDS_LE_1.5,auto_field_recent_top3_rate_percentile,FIELD_OPPONENT,205,25,180,201,98.04878048780488,0.979070004070004,0.981252959219061,1.0,1.0,-0.040651713369281424,0.040651713369281424,0.4645715630885122,0.5354284369114878,LOWER_COLLAPSE,4.0,1.6666666666666667
MARKET_ODDS_LE_1.5,ped_damsire_distance_band_effective_starts,DISTANCE,205,25,180,205,100.0,1102.52,1281.0055555555555,487.0,639.5,-0.11984940075000053,0.11984940075000053,0.4647777777777778,0.5352222222222223,LOWER_COLLAPSE,0.0,0.0
MARKET_ODDS_LE_1.5,ped_sire_distance_band_avg_margin_lengths,DISTANCE,205,25,180,204,99.51219512195122,2.0400921609251697,2.025965452767533,2.0538395777579543,2.0162721488490263,0.03582322529609145,0.03582322529609145,0.5351851851851852,0.5351851851851852,HIGHER_COLLAPSE,4.0,0.0
MARKET_ODDS_LE_1.5,opponent_strong_opponent_beat_rate,FIELD_OPPONENT,205,25,180,128,62.4390243902439,0.6648680095767346,0.7349215497910095,0.8214285714285714,0.8,-0.2549616250434845,0.2549616250434845,0.4648989898989899,0.5351010101010101,LOWER_COLLAPSE,28.000000000000004,38.88888888888889
MARKET_ODDS_LE_1.5,actor_horse_jockey_all_win_rate,ACTOR,205,25,180,117,57.073170731707314,0.36622807017543857,0.31540330417881435,0.3333333333333333,0.0,0.12411718359459298,0.12411718359459298,0.5349087003222341,0.5349087003222341,HIGHER_COLLAPSE,24.0,45.55555555555556
MARKET_ODDS_LE_1.5,actor_horse_jockey_recent_win_rate,ACTOR,205,25,180,117,57.073170731707314,0.36622807017543857,0.31540330417881435,0.3333333333333333,0.0,0.12411718359459298,0.12411718359459298,0.5349087003222341,0.5349087003222341,HIGHER_COLLAPSE,24.0,45.55555555555556
MARKET_ODDS_LE_1.5,ped_damsire_distance_band_starts,DISTANCE,205,25,180,205,100.0,1102.12,1280.3111111111111,487.0,639.5,-0.11960707191855904,0.11960707191855904,0.4651111111111111,0.534888888888889,LOWER_COLLAPSE,0.0,0.0
MARKET_ODDS_LE_1.5,ped_damsire_distance_band_win_observations,DISTANCE,205,25,180,205,100.0,1102.12,1280.3111111111111,487.0,639.5,-0.11960707191855904,0.11960707191855904,0.4651111111111111,0.534888888888889,LOWER_COLLAPSE,0.0,0.0
MARKET_ODDS_LE_1.5,ped_damsire_distance_band_top3_observations,DISTANCE,205,25,180,205,100.0,1102.12,1280.3111111111111,487.0,639.5,-0.11960707191855904,0.11960707191855904,0.4651111111111111,0.534888888888889,LOWER_COLLAPSE,0.0,0.0
MARKET_ODDS_LE_1.5,auto_margin_gap_within_200m_starts,HISTORY_FRAGILITY,205,25,180,205,100.0,2.92,3.188888888888889,2.0,3.0,-0.11052839114628624,0.11052839114628624,0.4651111111111111,0.534888888888889,LOWER_COLLAPSE,0.0,0.0
MARKET_ODDS_LE_1.5,distx_same_band_starts,DISTANCE,205,25,180,205,100.0,2.92,3.188888888888889,2.0,3.0,-0.11052839114628624,0.11052839114628624,0.4651111111111111,0.534888888888889,LOWER_COLLAPSE,0.0,0.0
MARKET_ODDS_LE_1.5,auto_margin_gap_same_age_condition_observations,HISTORY_FRAGILITY,205,25,180,205,100.0,1.08,0.9666666666666667,1.0,1.0,0.0987029585833803,0.0987029585833803,0.4653333333333333,0.5346666666666666,HIGHER_COLLAPSE,0.0,0.0
MARKET_ODDS_LE_1.5,auto_history_last_3f_mean,PACE_TIME,205,25,180,201,98.04878048780488,35.47084578275755,35.84791744978185,36.06,35.760000000000005,-0.14930156783043186,0.14930156783043186,0.4655131826741996,0.5344868173258004,LOWER_COLLAPSE,4.0,1.6666666666666667
MARKET_ODDS_LE_1.5,auto_margin_gap_same_class_starts,HISTORY_FRAGILITY,205,25,180,205,100.0,1.92,1.988888888888889,1.0,1.0,-0.028895391691432598,0.028895391691432598,0.4656666666666667,0.5343333333333333,LOWER_COLLAPSE,0.0,0.0
MARKET_ODDS_LE_1.5,ped_sire_race_class_top3_rate,OTHER,205,25,180,202,98.53658536585365,0.30071183961753944,0.2904871951970899,0.2543195396149282,0.2557695721640334,0.06206869228738641,0.06206869228738641,0.4660580524344569,0.5339419475655431,HIGHER_COLLAPSE,4.0,1.1111111111111112
MARKET_ODDS_LE_1.5,timepace_even_pace_top3_rate,PACE_TIME,205,25,180,162,79.02439024390245,0.7346153846153847,0.7413870246085011,0.8,1.0,-0.019317979173157775,0.019317979173157775,0.4664429530201342,0.5335570469798658,LOWER_COLLAPSE,48.0,17.22222222222222
MARKET_ODDS_LE_1.5,lap_recent_avg_last1,PACE_TIME,205,25,180,199,97.07317073170731,12.208681849551416,12.14622858044733,12.3,12.163333333333334,0.1019996404804332,0.1019996404804332,0.5334733201581028,0.5334733201581028,HIGHER_COLLAPSE,8.0,2.2222222222222223
MARKET_ODDS_LE_1.5,auto_field_recent_win_rate_gap_to_top2_mean,FIELD_OPPONENT,205,25,180,201,98.04878048780488,-0.002083333333333335,-0.00028248587570621367,0.0,0.0,-0.01752286315749892,0.01752286315749892,0.5333097928436912,0.5333097928436912,LOWER_COLLAPSE,4.0,1.6666666666666667
MARKET_ODDS_LE_1.5,ped_sire_all_avg_margin_lengths,HISTORY_FRAGILITY,205,25,180,205,100.0,2.024055946003179,1.9952347253255494,1.9778166958552248,1.966952276379252,0.12935681687128417,0.12935681687128417,0.533,0.533,HIGHER_COLLAPSE,0.0,0.0
MARKET_ODDS_LE_1.5,auto_margin_gap_same_direction_observations,HISTORY_FRAGILITY,205,25,180,205,100.0,1.24,1.4388888888888889,1.0,1.0,-0.13434864887051967,0.13434864887051967,0.467,0.5329999999999999,LOWER_COLLAPSE,0.0,0.0
MARKET_ODDS_LE_1.5,auto_margin_gap_same_weight_rule_success_observations,WEIGHT_BODY,205,25,180,205,100.0,2.04,2.25,1.0,1.5,-0.09703832303375157,0.09703832303375157,0.467,0.5329999999999999,LOWER_COLLAPSE,0.0,0.0
MARKET_ODDS_LE_1.5,auto_margin_gap_within_400m_median,HISTORY_FRAGILITY,205,25,180,179,87.3170731707317,1.8977272727272727,1.6743630573248407,1.5,1.5,0.19416814282801198,0.19416814282801198,0.5328604516502605,0.5328604516502605,HIGHER_COLLAPSE,12.0,12.777777777777777
MARKET_ODDS_LE_1.5,auto_margin_gap_same_direction_mean,HISTORY_FRAGILITY,205,25,180,142,69.26829268292683,1.8359374999999998,1.7750968442932729,1.5,1.5,0.05076793787114286,0.05076793787114286,0.5327380952380952,0.5327380952380952,HIGHER_COLLAPSE,36.0,30.0
MARKET_ODDS_LE_1.5,style_recent_avg_first_ratio,STYLE_POSITION,205,25,180,201,98.04878048780488,0.3952518969822454,0.3545078404816156,0.3125515853194425,0.3471153846153846,0.2080045446608569,0.2080045446608569,0.5324858757062146,0.5324858757062146,HIGHER_COLLAPSE,4.0,1.6666666666666667
MARKET_ODDS_LE_1.5,auto_history_carried_weight_mean,WEIGHT_BODY,205,25,180,201,98.04878048780488,55.75764737713266,55.60534016360288,55.78235294117647,55.5,0.16437777903311107,0.16437777903311107,0.5322504708097928,0.5322504708097928,HIGHER_COLLAPSE,4.0,1.6666666666666667
MARKET_ODDS_LE_1.5,auto_margin_gap_same_age_condition_median,HISTORY_FRAGILITY,205,25,180,122,59.512195121951216,1.5178571428571428,1.7337962962962963,1.5,1.5,-0.1935060301146876,0.1935060301146876,0.4679232804232804,0.5320767195767195,LOWER_COLLAPSE,44.0,40.0
MARKET_ODDS_LE_1.5,auto_margin_gap_same_class_observations,HISTORY_FRAGILITY,205,25,180,205,100.0,1.28,1.3833333333333333,0.0,1.0,-0.05858289581026454,0.05858289581026454,0.468,0.532,LOWER_COLLAPSE,0.0,0.0
MARKET_ODDS_LE_1.5,auto_history_margin_lengths_rolling_3_mean,HISTORY_FRAGILITY,205,25,180,181,88.29268292682927,1.8115942028985506,1.7716244725738397,1.6666666666666667,1.5,0.03544803569318907,0.03544803569318907,0.5309576224545954,0.5309576224545954,HIGHER_COLLAPSE,8.0,12.222222222222221
MARKET_ODDS_LE_1.5,auto_margin_gap_same_venue_observations,RACE_CONDITION,205,25,180,205,100.0,0.88,0.7833333333333333,1.0,0.0,0.095225728142472,0.095225728142472,0.5308888888888889,0.5308888888888889,HIGHER_COLLAPSE,0.0,0.0
MARKET_ODDS_LE_1.5,timepace_normalized_early_pace_observations,PACE_TIME,205,25,180,205,100.0,4.24,3.938888888888889,4.0,4.0,0.11804343522237219,0.11804343522237219,0.5303333333333333,0.5303333333333333,HIGHER_COLLAPSE,0.0,0.0
MARKET_ODDS_LE_1.5,auto_field_recent_win_rate_field_count,FIELD_OPPONENT,205,25,180,201,98.04878048780488,11.125,11.429378531073446,11.0,11.0,-0.09897639733811085,0.09897639733811085,0.4699858757062147,0.5300141242937852,LOWER_COLLAPSE,4.0,1.6666666666666667
MARKET_ODDS_LE_1.5,auto_field_recent_top3_rate_field_count,FIELD_OPPONENT,205,25,180,201,98.04878048780488,11.125,11.429378531073446,11.0,11.0,-0.09897639733811085,0.09897639733811085,0.4699858757062147,0.5300141242937852,LOWER_COLLAPSE,4.0,1.6666666666666667
MARKET_ODDS_LE_1.5,auto_field_recent_avg_last_3f_field_count,PACE_TIME,205,25,180,201,98.04878048780488,11.125,11.429378531073446,11.0,11.0,-0.09897639733811085,0.09897639733811085,0.4699858757062147,0.5300141242937852,LOWER_COLLAPSE,4.0,1.6666666666666667
MARKET_ODDS_LE_1.5,auto_field_recent_avg_speed_mps_field_count,FIELD_OPPONENT,205,25,180,201,98.04878048780488,11.125,11.429378531073446,11.0,11.0,-0.09897639733811085,0.09897639733811085,0.4699858757062147,0.5300141242937852,LOWER_COLLAPSE,4.0,1.6666666666666667
MARKET_ODDS_LE_1.5,ped_sire_race_class_margin_observations,HISTORY_FRAGILITY,205,25,180,205,100.0,463.0,463.8666666666667,216.0,365.0,-0.0019219976521222817,0.0019219976521222817,0.4702222222222222,0.5297777777777778,LOWER_COLLAPSE,0.0,0.0
MARKET_ODDS_LE_1.5,same_surface_starts,RACE_CONDITION,205,25,180,205,100.0,4.04,3.561111111111111,4.0,3.0,0.16630434444787526,0.16630434444787526,0.5296666666666666,0.5296666666666666,HIGHER_COLLAPSE,0.0,0.0
MARKET_ODDS_LE_1.5,auto_margin_gap_same_surface_starts,RACE_CONDITION,205,25,180,205,100.0,4.04,3.561111111111111,4.0,3.0,0.16630434444787526,0.16630434444787526,0.5296666666666666,0.5296666666666666,HIGHER_COLLAPSE,0.0,0.0
MARKET_ODDS_LE_1.5,auto_history_last_3f_gap_to_worst,PACE_TIME,205,25,180,201,98.04878048780488,-4.108333333333333,-2.1853107344632767,-0.7499999999999964,-0.9000000000000057,-0.34763342729766133,0.34763342729766133,0.4708097928436911,0.5291902071563088,LOWER_COLLAPSE,4.0,1.6666666666666667
MARKET_ODDS_LE_1.5,style_previous_last_ratio,STYLE_POSITION,205,25,180,201,98.04878048780488,0.2505446521071521,0.25538441009527746,0.18333333333333335,0.2,-0.026355656372256224,0.026355656372256224,0.4708097928436911,0.5291902071563088,LOWER_COLLAPSE,4.0,1.6666666666666667
MARKET_ODDS_LE_1.5,ped_damsire_venue_effective_starts,RACE_CONDITION,205,25,180,205,100.0,515.4,429.6166666666667,280.0,251.0,0.172288208955724,0.172288208955724,0.5286666666666666,0.5286666666666666,HIGHER_COLLAPSE,0.0,0.0
MARKET_ODDS_LE_1.5,opponent_strong_field_races,FIELD_OPPONENT,205,25,180,205,100.0,1.48,0.45555555555555555,0.0,0.0,0.6951428218719162,0.6951428218719162,0.5285555555555556,0.5285555555555556,HIGHER_COLLAPSE,0.0,0.0
MARKET_ODDS_LE_1.5,timepace_recent_avg_normalized_time,PACE_TIME,205,25,180,201,98.04878048780488,0.2641784610184678,0.400583755265488,0.30807287193052224,0.4035841971141545,-0.2534812746272208,0.2534812746272208,0.4715160075329567,0.5284839924670433,LOWER_COLLAPSE,4.0,1.6666666666666667
MARKET_ODDS_LE_1.5,backfill_field_size,FIELD_OPPONENT,205,25,180,205,100.0,11.48,11.766666666666667,11.0,12.0,-0.08659939689956125,0.08659939689956125,0.47155555555555556,0.5284444444444445,LOWER_COLLAPSE,0.0,0.0
MARKET_ODDS_LE_1.5,auto_field_network_elo_rating_field_count,FIELD_OPPONENT,205,25,180,205,100.0,11.48,11.766666666666667,11.0,12.0,-0.08659939689956125,0.08659939689956125,0.47155555555555556,0.5284444444444445,LOWER_COLLAPSE,0.0,0.0
MARKET_ODDS_LE_1.5,auto_history_margin_lengths_mean,HISTORY_FRAGILITY,205,25,180,181,88.29268292682927,1.7590179747788441,1.7618097224505453,1.6666666666666667,1.5,-0.0026237302651990883,0.0026237302651990883,0.5283434232250963,0.5283434232250963,LOWER_COLLAPSE,8.0,12.222222222222221
MARKET_ODDS_LE_1.5,actor_trainer_all_starts,ACTOR,205,25,180,205,100.0,1563.68,1519.5833333333333,1670.0,1646.0,0.07461391952957802,0.07461391952957802,0.5281111111111111,0.5281111111111111,HIGHER_COLLAPSE,0.0,0.0
MARKET_ODDS_LE_1.5,actor_trainer_all_win_observations,ACTOR,205,25,180,205,100.0,1563.68,1519.5833333333333,1670.0,1646.0,0.07461391952957802,0.07461391952957802,0.5281111111111111,0.5281111111111111,HIGHER_COLLAPSE,0.0,0.0
MARKET_ODDS_LE_1.5,actor_trainer_all_top3_observations,ACTOR,205,25,180,205,100.0,1563.68,1519.5833333333333,1670.0,1646.0,0.07461391952957802,0.07461391952957802,0.5281111111111111,0.5281111111111111,HIGHER_COLLAPSE,0.0,0.0
MARKET_ODDS_LE_1.5,actor_trainer_all_effective_starts,ACTOR,205,25,180,205,100.0,1563.68,1519.5833333333333,1670.0,1646.0,0.07461391952957802,0.07461391952957802,0.5281111111111111,0.5281111111111111,HIGHER_COLLAPSE,0.0,0.0
MARKET_ODDS_LE_1.5,auto_field_network_elo_rating_gap_to_top2_mean,FIELD_OPPONENT,205,25,180,205,100.0,-9.142329261942532,-8.408644934891461,-0.865794245654115,-1.5036334472276849,-0.03742315962194577,0.03742315962194577,0.4718888888888889,0.5281111111111111,LOWER_COLLAPSE,0.0,0.0
MARKET_ODDS_LE_1.5,ped_damsire_all_effective_win_rate,OTHER,205,25,180,205,100.0,0.0868347097062256,0.08464869149580373,0.07360685801358184,0.08025903903447179,0.08001166277398203,0.08001166277398203,0.472,0.528,HIGHER_COLLAPSE,0.0,0.0
MARKET_ODDS_LE_1.5,actor_trainer_surface_top3_rate,ACTOR,205,25,180,205,100.0,0.28881256025932545,0.2814614766285413,0.29233226837060705,0.27528709382748273,0.0994294885969644,0.0994294885969644,0.5277777777777778,0.5277777777777778,HIGHER_COLLAPSE,0.0,0.0
MARKET_ODDS_LE_1.5,auto_margin_gap_same_weight_rule_observations,WEIGHT_BODY,205,25,180,205,100.0,1.56,1.7055555555555555,1.0,1.0,-0.08358792983520523,0.08358792983520523,0.4723333333333333,0.5276666666666667,LOWER_COLLAPSE,0.0,0.0
MARKET_ODDS_LE_1.5,auto_margin_gap_same_surface_mean,RACE_CONDITION,205,25,180,173,84.39024390243902,1.772348484848485,1.7056889854075286,1.55,1.5,0.06562739367118733,0.06562739367118733,0.5272426249247442,0.5272426249247442,HIGHER_COLLAPSE,12.0,16.11111111111111
MARKET_ODDS_LE_1.5,ped_damsire_distance_band_top3_rate,DISTANCE,205,25,180,203,99.02439024390245,0.2722842114623632,0.2805461191591533,0.2473622529483817,0.24514200298953662,-0.06486770725420044,0.06486770725420044,0.5272346368715084,0.5272346368715084,LOWER_COLLAPSE,4.0,0.5555555555555556
MARKET_ODDS_LE_1.5,ped_sire_course_layout_effective_top3_rate,RACE_CONDITION,205,25,180,205,100.0,0.2602968709252685,0.2558575090505935,0.26082417025689447,0.25868340999895717,0.09452842835724153,0.09452842835724153,0.5271111111111111,0.5271111111111111,HIGHER_COLLAPSE,0.0,0.0
MARKET_ODDS_LE_1.5,auto_margin_gap_same_distance_mean,DISTANCE,205,25,180,117,57.073170731707314,1.4791666666666667,1.7923015873015873,1.375,1.5,-0.24156882742102959,0.24156882742102959,0.473015873015873,0.526984126984127,LOWER_COLLAPSE,52.0,41.66666666666667
MARKET_ODDS_LE_1.5,auto_margin_gap_same_distance_median,DISTANCE,205,25,180,117,57.073170731707314,1.4375,1.7416666666666667,1.25,1.25,-0.23428409457527716,0.23428409457527716,0.473015873015873,0.526984126984127,LOWER_COLLAPSE,52.0,41.66666666666667
MARKET_ODDS_LE_1.5,ped_damsire_distance_band_effective_win_rate,DISTANCE,205,25,180,205,100.0,0.08537014096055195,0.08422068622197602,0.08059659617056078,0.078195823684057,0.03943387664978825,0.03943387664978825,0.4731111111111111,0.526888888888889,HIGHER_COLLAPSE,0.0,0.0
MARKET_ODDS_LE_1.5,timepace_recent_avg_normalized_late_pace,PACE_TIME,205,25,180,199,97.07317073170731,0.05769727145864068,0.10979763424552903,-0.23058769942391644,0.09576995829043065,-0.07445104048916683,0.07445104048916683,0.4733201581027668,0.5266798418972332,LOWER_COLLAPSE,8.0,2.2222222222222223
MARKET_ODDS_LE_1.5,ped_damsire_surface_avg_margin_lengths,RACE_CONDITION,205,25,180,205,100.0,2.0274579777078525,2.0256353971792196,2.0625,1.9676067073170733,0.004642158589527942,0.004642158589527942,0.5266666666666666,0.5266666666666666,HIGHER_COLLAPSE,0.0,0.0
MARKET_ODDS_LE_1.5,auto_history_margin_lengths_rolling_5_mean,HISTORY_FRAGILITY,205,25,180,181,88.29268292682927,1.7896739130434782,1.7780854430379747,1.6666666666666667,1.5,0.010636635259346496,0.010636635259346496,0.5264171711612549,0.5264171711612549,HIGHER_COLLAPSE,8.0,12.222222222222221
MARKET_ODDS_LE_1.5,ped_sire_all_effective_avg_margin_lengths,HISTORY_FRAGILITY,205,25,180,205,100.0,2.0064295005102006,1.9951963205536871,1.9780506633350288,1.9672524461552108,0.06816683285082971,0.06816683285082971,0.5262222222222223,0.5262222222222223,HIGHER_COLLAPSE,0.0,0.0
MARKET_ODDS_LE_1.5,ped_damsire_all_win_rate,OTHER,205,25,180,205,100.0,0.08890869315501813,0.08525913228575821,0.07360813704496788,0.0805192264699307,0.09870439538466301,0.09870439538466301,0.4738888888888889,0.5261111111111111,HIGHER_COLLAPSE,0.0,0.0
MARKET_ODDS_LE_1.5,lap_previous_delta_last3_first3,PACE_TIME,205,25,180,199,97.07317073170731,0.3275362318840575,0.2066287878787879,0.033333333333333215,0.1999999999999993,0.1339206110357325,0.1339206110357325,0.5260622529644269,0.5260622529644269,HIGHER_COLLAPSE,8.0,2.2222222222222223
MARKET_ODDS_LE_1.5,style_recent_avg_position_gain,STYLE_POSITION,205,25,180,201,98.04878048780488,0.746494708994709,0.6695049771320958,0.35,0.3333333333333333,0.07093607222996882,0.07093607222996882,0.526012241054614,0.526012241054614,HIGHER_COLLAPSE,4.0,1.6666666666666667
MARKET_ODDS_LE_1.5,auto_history_margin_lengths_max,HISTORY_FRAGILITY,205,25,180,181,88.29268292682927,2.869565217391304,2.742088607594937,2.5,2.5,0.06482076465869413,0.06482076465869413,0.5258668134287287,0.5258668134287287,HIGHER_COLLAPSE,8.0,12.222222222222221
MARKET_ODDS_LE_1.5,ped_sire_course_layout_starts,RACE_CONDITION,205,25,180,205,100.0,2933.2,2588.75,1337.0,1829.0,0.13937743089488294,0.13937743089488294,0.5256666666666666,0.5256666666666666,HIGHER_COLLAPSE,0.0,0.0
MARKET_ODDS_LE_1.5,ped_sire_course_layout_win_observations,RACE_CONDITION,205,25,180,205,100.0,2933.2,2588.75,1337.0,1829.0,0.13937743089488294,0.13937743089488294,0.5256666666666666,0.5256666666666666,HIGHER_COLLAPSE,0.0,0.0
MARKET_ODDS_LE_1.5,ped_sire_course_layout_top3_observations,RACE_CONDITION,205,25,180,205,100.0,2933.2,2588.75,1337.0,1829.0,0.13937743089488294,0.13937743089488294,0.5256666666666666,0.5256666666666666,HIGHER_COLLAPSE,0.0,0.0
MARKET_ODDS_LE_1.5,timepace_fast_pace_top3_rate,PACE_TIME,205,25,180,113,55.1219512195122,0.7789215686274509,0.7289186507936508,1.0,1.0,0.14586682007678803,0.14586682007678803,0.5254289215686274,0.5254289215686274,HIGHER_COLLAPSE,32.0,46.666666666666664
MARKET_ODDS_LE_1.5,distance_change_m,DISTANCE,205,25,180,201,98.04878048780488,-12.916666666666666,-2.4293785310734464,0.0,0.0,-0.06818408033226901,0.06818408033226901,0.4745762711864407,0.5254237288135593,LOWER_COLLAPSE,4.0,1.6666666666666667
MARKET_ODDS_LE_1.5,auto_margin_gap_within_400m_success_rate,HISTORY_FRAGILITY,205,25,180,193,94.14634146341463,0.3734989648033126,0.39409027247262546,0.2857142857142857,0.3875,-0.0567019550083094,0.0567019550083094,0.4748081841432225,0.5251918158567774,LOWER_COLLAPSE,8.0,5.555555555555555
MARKET_ODDS_LE_1.5,ped_sire_race_class_starts,OTHER,205,25,180,205,100.0,753.92,740.8666666666667,310.0,555.5,0.01810748606996311,0.01810748606996311,0.4751111111111111,0.524888888888889,HIGHER_COLLAPSE,0.0,0.0
MARKET_ODDS_LE_1.5,ped_sire_race_class_win_observations,OTHER,205,25,180,205,100.0,753.92,740.8666666666667,310.0,555.5,0.01810748606996311,0.01810748606996311,0.4751111111111111,0.524888888888889,HIGHER_COLLAPSE,0.0,0.0
MARKET_ODDS_LE_1.5,ped_sire_race_class_top3_observations,OTHER,205,25,180,205,100.0,753.92,740.8666666666667,310.0,555.5,0.01810748606996311,0.01810748606996311,0.4751111111111111,0.524888888888889,HIGHER_COLLAPSE,0.0,0.0
MARKET_ODDS_LE_1.5,auto_margin_gap_same_course_layout_mean,RACE_CONDITION,205,25,180,180,87.8048780487805,1.760637731833384,1.7606744767970883,1.5,1.5,-3.442783306098584e-05,3.442783306098584e-05,0.5247853780116312,0.5247853780116312,LOWER_COLLAPSE,8.0,12.777777777777777
MARKET_ODDS_LE_1.5,ped_sire_course_layout_effective_starts,RACE_CONDITION,205,25,180,205,100.0,2933.2,2589.0944444444444,1337.0,1829.0,0.13925585559057393,0.13925585559057393,0.5247777777777778,0.5247777777777778,HIGHER_COLLAPSE,0.0,0.0
MARKET_ODDS_LE_1.5,auto_margin_gap_within_100m_starts,HISTORY_FRAGILITY,205,25,180,205,100.0,2.28,2.0388888888888888,1.0,1.0,0.11688714308210932,0.11688714308210932,0.5246666666666666,0.5246666666666666,HIGHER_COLLAPSE,0.0,0.0
MARKET_ODDS_LE_1.5,style_recent_avg_last_ratio,STYLE_POSITION,205,25,180,201,98.04878048780488,0.3360415644501779,0.3048904056242755,0.27608592796092796,0.29501633986928105,0.18789766888866993,0.18789766888866993,0.5245998116760828,0.5245998116760828,HIGHER_COLLAPSE,4.0,1.6666666666666667
MARKET_ODDS_LE_1.5,auto_margin_gap_within_400m_starts,HISTORY_FRAGILITY,205,25,180,205,100.0,3.64,3.811111111111111,2.0,3.0,-0.06507963703088686,0.06507963703088686,0.47588888888888886,0.5241111111111112,LOWER_COLLAPSE,0.0,0.0
MARKET_ODDS_LE_1.5,auto_margin_gap_within_100m_median,HISTORY_FRAGILITY,205,25,180,129,62.926829268292686,1.640625,1.6725663716814159,1.25,1.25,-0.026732175571554394,0.026732175571554394,0.476216814159292,0.523783185840708,LOWER_COLLAPSE,36.0,37.22222222222222
MARKET_ODDS_LE_1.5,auto_field_recent_win_rate_gap_to_top3_mean,FIELD_OPPONENT,205,25,180,201,98.04878048780488,0.020833333333333343,0.023289391086001258,0.0,0.0,-0.021093429628749286,0.021093429628749286,0.4762241054613936,0.5237758945386064,LOWER_COLLAPSE,4.0,1.6666666666666667
MARKET_ODDS_LE_1.5,auto_history_speed_mps_max,HISTORY_FRAGILITY,205,25,180,201,98.04878048780488,16.6384648786286,16.635776776699444,16.763121801090556,16.666666666666668,0.006350393656626126,0.006350393656626126,0.5237758945386064,0.5237758945386064,HIGHER_COLLAPSE,4.0,1.6666666666666667
MARKET_ODDS_LE_1.5,ped_damsire_all_starts,OTHER,205,25,180,205,100.0,4413.64,3871.233333333333,2559.0,2183.5,0.13618187022547218,0.13618187022547218,0.5234444444444445,0.5234444444444445,HIGHER_COLLAPSE,0.0,0.0
MARKET_ODDS_LE_1.5,ped_damsire_all_win_observations,OTHER,205,25,180,205,100.0,4413.64,3871.233333333333,2559.0,2183.5,0.13618187022547218,0.13618187022547218,0.5234444444444445,0.5234444444444445,HIGHER_COLLAPSE,0.0,0.0
MARKET_ODDS_LE_1.5,ped_damsire_all_top3_observations,OTHER,205,25,180,205,100.0,4413.64,3871.233333333333,2559.0,2183.5,0.13618187022547218,0.13618187022547218,0.5234444444444445,0.5234444444444445,HIGHER_COLLAPSE,0.0,0.0
MARKET_ODDS_LE_1.5,ped_damsire_all_effective_starts,OTHER,205,25,180,205,100.0,4413.64,3871.233333333333,2559.0,2183.5,0.13618187022547218,0.13618187022547218,0.5234444444444445,0.5234444444444445,HIGHER_COLLAPSE,0.0,0.0
MARKET_ODDS_LE_1.5,ped_sire_surface_effective_top3_rate,RACE_CONDITION,205,25,180,205,100.0,0.2651794639705072,0.2600050750026019,0.2614561881124977,0.2615969172086312,0.09872753161709917,0.09872753161709917,0.5231111111111111,0.5231111111111111,HIGHER_COLLAPSE,0.0,0.0
MARKET_ODDS_LE_1.5,ped_sire_course_layout_margin_observations,RACE_CONDITION,205,25,180,205,100.0,1755.64,1579.2222222222222,900.0,1167.0,0.12101142139701729,0.12101142139701729,0.5228888888888888,0.5228888888888888,HIGHER_COLLAPSE,0.0,0.0
MARKET_ODDS_LE_1.5,ped_sire_going_avg_margin_lengths,HISTORY_FRAGILITY,205,25,180,201,98.04878048780488,2.019113250822963,1.9882681988916053,1.9721283783783783,1.9304069914985407,0.11272059722421288,0.11272059722421288,0.5228409090909091,0.5228409090909091,HIGHER_COLLAPSE,0.0,2.2222222222222223
MARKET_ODDS_LE_1.5,ped_damsire_venue_effective_margin_observations,RACE_CONDITION,205,25,180,205,100.0,275.72,229.29444444444445,155.0,142.0,0.17257875666609454,0.17257875666609454,0.5225555555555556,0.5225555555555556,HIGHER_COLLAPSE,0.0,0.0
MARKET_ODDS_LE_1.5,auto_margin_gap_same_direction_starts,HISTORY_FRAGILITY,205,25,180,205,100.0,2.28,2.4166666666666665,2.0,2.0,-0.0661383985413422,0.0661383985413422,0.4776666666666667,0.5223333333333333,LOWER_COLLAPSE,0.0,0.0
MARKET_ODDS_LE_1.5,ped_sire_course_layout_effective_margin_observations,RACE_CONDITION,205,25,180,205,100.0,1755.64,1579.4555555555555,900.0,1167.0,0.12086968319441901,0.12086968319441901,0.5221111111111111,0.5221111111111111,HIGHER_COLLAPSE,0.0,0.0
MARKET_ODDS_LE_1.5,auto_margin_gap_within_300m_starts,HISTORY_FRAGILITY,205,25,180,205,100.0,3.24,3.316666666666667,2.0,3.0,-0.030442428509767628,0.030442428509767628,0.478,0.522,LOWER_COLLAPSE,0.0,0.0
MARKET_ODDS_LE_1.5,ped_sire_surface_starts,RACE_CONDITION,205,25,180,205,100.0,2140.56,1662.9,731.0,1061.5,0.26612518552292297,0.26612518552292297,0.5218888888888888,0.5218888888888888,HIGHER_COLLAPSE,0.0,0.0
MARKET_ODDS_LE_1.5,ped_sire_surface_win_observations,RACE_CONDITION,205,25,180,205,100.0,2140.56,1662.9,731.0,1061.5,0.26612518552292297,0.26612518552292297,0.5218888888888888,0.5218888888888888,HIGHER_COLLAPSE,0.0,0.0
MARKET_ODDS_LE_1.5,ped_sire_surface_top3_observations,RACE_CONDITION,205,25,180,205,100.0,2140.56,1662.9,731.0,1061.5,0.26612518552292297,0.26612518552292297,0.5218888888888888,0.5218888888888888,HIGHER_COLLAPSE,0.0,0.0
MARKET_ODDS_LE_1.5,ped_sire_surface_margin_observations,RACE_CONDITION,205,25,180,205,100.0,1097.68,940.0277777777778,484.0,693.5,0.17540944894678753,0.17540944894678753,0.5217777777777778,0.5217777777777778,HIGHER_COLLAPSE,0.0,0.0
MARKET_ODDS_LE_1.5,actor_jockey_venue_effective_starts,ACTOR,205,25,180,205,100.0,727.6,740.3222222222222,561.0,639.5,-0.022202241116319212,0.022202241116319212,0.4786666666666667,0.5213333333333333,LOWER_COLLAPSE,0.0,0.0
MARKET_ODDS_LE_1.5,actor_jockey_venue_starts,ACTOR,205,25,180,205,100.0,727.6,740.2888888888889,561.0,639.5,-0.02214259975477161,0.02214259975477161,0.4786666666666667,0.5213333333333333,LOWER_COLLAPSE,0.0,0.0
MARKET_ODDS_LE_1.5,actor_jockey_venue_win_observations,ACTOR,205,25,180,205,100.0,727.6,740.2888888888889,561.0,639.5,-0.02214259975477161,0.02214259975477161,0.4786666666666667,0.5213333333333333,LOWER_COLLAPSE,0.0,0.0
MARKET_ODDS_LE_1.5,actor_jockey_venue_top3_observations,ACTOR,205,25,180,205,100.0,727.6,740.2888888888889,561.0,639.5,-0.02214259975477161,0.02214259975477161,0.4786666666666667,0.5213333333333333,LOWER_COLLAPSE,0.0,0.0
MARKET_ODDS_LE_1.5,ped_sire_distance_band_effective_top3_rate,DISTANCE,205,25,180,205,100.0,0.2681292955490651,0.2643434716271188,0.26393124947001084,0.2615435473601905,0.07798411208096374,0.07798411208096374,0.5211111111111111,0.5211111111111111,HIGHER_COLLAPSE,0.0,0.0
MARKET_ODDS_LE_1.5,ped_damsire_all_margin_observations,HISTORY_FRAGILITY,205,25,180,205,100.0,2338.52,2103.027777777778,1464.0,1337.5,0.10959194910616316,0.10959194910616316,0.5208888888888888,0.5208888888888888,HIGHER_COLLAPSE,0.0,0.0
MARKET_ODDS_LE_1.5,ped_damsire_all_effective_margin_observations,HISTORY_FRAGILITY,205,25,180,205,100.0,2338.52,2103.027777777778,1464.0,1337.5,0.10959194910616316,0.10959194910616316,0.5208888888888888,0.5208888888888888,HIGHER_COLLAPSE,0.0,0.0
MARKET_ODDS_LE_1.5,timepace_slow_pace_starts,PACE_TIME,205,25,180,205,100.0,1.2,1.1611111111111112,1.0,1.0,0.03474374713570848,0.03474374713570848,0.5207777777777778,0.5207777777777778,HIGHER_COLLAPSE,0.0,0.0
MARKET_ODDS_LE_1.5,auto_field_network_elo_rating_percentile,FIELD_OPPONENT,205,25,180,205,100.0,0.8273112443112443,0.8318920585587253,0.9,0.9090909090909091,-0.020934890882685357,0.020934890882685357,0.47955555555555557,0.5204444444444445,LOWER_COLLAPSE,0.0,0.0
MARKET_ODDS_LE_1.5,auto_field_network_elo_rating_rank,FIELD_OPPONENT,205,25,180,205,100.0,2.76,2.7666666666666666,2.0,2.0,-0.0027297805029386497,0.0027297805029386497,0.5204444444444445,0.5204444444444445,LOWER_COLLAPSE,0.0,0.0
MARKET_ODDS_LE_1.5,actor_jockey_surface_effective_starts,ACTOR,205,25,180,205,100.0,1760.52,1845.7666666666667,1950.0,2065.5,-0.1019213969184883,0.1019213969184883,0.4796666666666667,0.5203333333333333,LOWER_COLLAPSE,0.0,0.0
MARKET_ODDS_LE_1.5,actor_jockey_surface_starts,ACTOR,205,25,180,205,100.0,1760.52,1845.75,1950.0,2065.5,-0.10189750672950744,0.10189750672950744,0.4796666666666667,0.5203333333333333,LOWER_COLLAPSE,0.0,0.0
MARKET_ODDS_LE_1.5,actor_jockey_surface_win_observations,ACTOR,205,25,180,205,100.0,1760.52,1845.75,1950.0,2065.5,-0.10189750672950744,0.10189750672950744,0.4796666666666667,0.5203333333333333,LOWER_COLLAPSE,0.0,0.0
MARKET_ODDS_LE_1.5,actor_jockey_surface_top3_observations,ACTOR,205,25,180,205,100.0,1760.52,1845.75,1950.0,2065.5,-0.10189750672950744,0.10189750672950744,0.4796666666666667,0.5203333333333333,LOWER_COLLAPSE,0.0,0.0
MARKET_ODDS_LE_1.5,auto_history_margin_tight_categorical_rate,HISTORY_FRAGILITY,205,25,180,196,95.60975609756098,0.2442577030812325,0.2461038961038961,0.2,0.17424242424242425,-0.006285008198862387,0.006285008198862387,0.5201065891472868,0.5201065891472868,LOWER_COLLAPSE,4.0,4.444444444444445
MARKET_ODDS_LE_1.5,ped_sire_all_top3_rate,OTHER,205,25,180,205,100.0,0.2830251140967872,0.2716742124812003,0.26295089335880434,0.2616804558065303,0.11459260832438424,0.11459260832438424,0.5197777777777778,0.5197777777777778,HIGHER_COLLAPSE,0.0,0.0
MARKET_ODDS_LE_1.5,ped_sire_surface_effective_starts,RACE_CONDITION,205,25,180,205,100.0,2140.56,1666.0722222222223,731.0,1061.5,0.2646764387576853,0.2646764387576853,0.5196666666666667,0.5196666666666667,HIGHER_COLLAPSE,0.0,0.0
MARKET_ODDS_LE_1.5,ped_sire_distance_band_win_rate,DISTANCE,205,25,180,204,99.51219512195122,0.10286468628233857,0.10366669481223494,0.10131506577396583,0.09638785487851188,-0.013721740120606037,0.013721740120606037,0.5194444444444445,0.5194444444444445,LOWER_COLLAPSE,4.0,0.0
MARKET_ODDS_LE_1.5,ped_damsire_race_class_fallback_level,OTHER,205,25,180,205,100.0,0.0,0.03888888888888889,0.0,0.0,-0.21361794598417916,0.21361794598417916,0.48055555555555557,0.5194444444444444,LOWER_COLLAPSE,0.0,0.0
MARKET_ODDS_LE_1.5,ped_sire_surface_effective_margin_observations,RACE_CONDITION,205,25,180,205,100.0,1097.68,942.1222222222223,484.0,693.5,0.17337893990420036,0.17337893990420036,0.5193333333333333,0.5193333333333333,HIGHER_COLLAPSE,0.0,0.0
MARKET_ODDS_LE_1.5,distx_same_band_top3_rate,DISTANCE,205,25,180,195,95.1219512195122,0.8320910973084886,0.808984474827498,1.0,1.0,0.09483792668820089,0.09483792668820089,0.5188321536905965,0.5188321536905965,HIGHER_COLLAPSE,8.0,4.444444444444445
MARKET_ODDS_LE_1.5,ped_sire_venue_effective_starts,RACE_CONDITION,205,25,180,205,100.0,342.28,338.6111111111111,125.0,209.0,0.010294970824646001,0.010294970824646001,0.5187777777777778,0.5187777777777778,HIGHER_COLLAPSE,0.0,0.0
MARKET_ODDS_LE_1.5,auto_history_margin_type_observation_count,HISTORY_FRAGILITY,205,25,180,205,100.0,4.36,3.6555555555555554,4.0,3.0,0.21653930888275438,0.21653930888275438,0.5181111111111111,0.5181111111111111,HIGHER_COLLAPSE,0.0,0.0
MARKET_ODDS_LE_1.5,timepace_recent_avg_standard_fallback_level,PACE_TIME,205,25,180,201,98.04878048780488,0.008333333333333333,0.0011299435028248588,0.0,0.0,0.363594679720222,0.363594679720222,0.5180084745762712,0.5180084745762712,HIGHER_COLLAPSE,4.0,1.6666666666666667
MARKET_ODDS_LE_1.5,lap_previous_first3_avg,PACE_TIME,205,25,180,199,97.07317073170731,11.7768115942029,11.854166666666668,11.933333333333335,11.933333333333332,-0.11960576091796073,0.11960576091796073,0.4820899209486166,0.5179100790513834,LOWER_COLLAPSE,8.0,2.2222222222222223
MARKET_ODDS_LE_1.5,auto_history_body_weight_linear_trend,WEIGHT_BODY,205,25,180,166,80.97560975609757,0.662558437903217,0.5331364481035534,0.43896103896103894,0.6,0.029884524297327207,0.029884524297327207,0.5178345959595959,0.5178345959595959,HIGHER_COLLAPSE,12.0,20.0
MARKET_ODDS_LE_1.5,ped_damsire_venue_fallback_level,RACE_CONDITION,205,25,180,205,100.0,0.08,0.044444444444444446,0.0,0.0,0.16449380224110802,0.16449380224110802,0.5177777777777778,0.5177777777777778,HIGHER_COLLAPSE,0.0,0.0
MARKET_ODDS_LE_1.5,backfill_age_max,OTHER,205,25,180,116,56.58536585365853,2.5454545454545454,2.580952380952381,3.0,3.0,-0.07125972432657951,0.07125972432657951,0.48225108225108226,0.5177489177489177,LOWER_COLLAPSE,56.00000000000001,41.66666666666667
MARKET_ODDS_LE_1.5,ped_damsire_surface_effective_avg_margin_lengths,RACE_CONDITION,205,25,180,205,100.0,2.038889786621452,2.0038216332387346,2.051563482313136,1.9802256836477612,0.13511071003955918,0.13511071003955918,0.5175555555555555,0.5175555555555555,HIGHER_COLLAPSE,0.0,0.0
MARKET_ODDS_LE_1.5,ped_sire_race_class_effective_top3_rate,OTHER,205,25,180,205,100.0,0.259287336081913,0.25923959286460785,0.2593658097207879,0.25445092484147014,0.000828858713115433,0.000828858713115433,0.5173333333333333,0.5173333333333333,HIGHER_COLLAPSE,0.0,0.0
MARKET_ODDS_LE_1.5,ped_damsire_venue_starts,RACE_CONDITION,205,25,180,205,100.0,512.04,428.5777777777778,280.0,251.0,0.1672426716155318,0.1672426716155318,0.5167777777777778,0.5167777777777778,HIGHER_COLLAPSE,0.0,0.0
MARKET_ODDS_LE_1.5,ped_damsire_venue_win_observations,RACE_CONDITION,205,25,180,205,100.0,512.04,428.5777777777778,280.0,251.0,0.1672426716155318,0.1672426716155318,0.5167777777777778,0.5167777777777778,HIGHER_COLLAPSE,0.0,0.0
MARKET_ODDS_LE_1.5,ped_damsire_venue_top3_observations,RACE_CONDITION,205,25,180,205,100.0,512.04,428.5777777777778,280.0,251.0,0.1672426716155318,0.1672426716155318,0.5167777777777778,0.5167777777777778,HIGHER_COLLAPSE,0.0,0.0
MARKET_ODDS_LE_1.5,actor_trainer_all_win_rate,ACTOR,205,25,180,205,100.0,0.1027988010064248,0.10344855173696037,0.10526315789473684,0.09927698548993255,-0.017029896294471762,0.017029896294471762,0.5167777777777778,0.5167777777777778,LOWER_COLLAPSE,0.0,0.0
MARKET_ODDS_LE_1.5,ped_sire_going_fallback_level,OTHER,205,25,180,205,100.0,0.0,0.03333333333333333,0.0,0.0,-0.19720265943665388,0.19720265943665388,0.48333333333333334,0.5166666666666666,LOWER_COLLAPSE,0.0,0.0
MARKET_ODDS_LE_1.5,ped_sire_distance_band_effective_margin_observations,DISTANCE,205,25,180,205,100.0,512.6,586.8333333333334,318.0,453.0,-0.13320249744629226,0.13320249744629226,0.48333333333333334,0.5166666666666666,LOWER_COLLAPSE,0.0,0.0
MARKET_ODDS_LE_1.5,lap_previous_last1,PACE_TIME,205,25,180,199,97.07317073170731,12.256521739130436,12.159090909090908,12.2,12.2,0.13846300104052975,0.13846300104052975,0.5165513833992095,0.5165513833992095,HIGHER_COLLAPSE,8.0,2.2222222222222223
MARKET_ODDS_LE_1.5,same_surface_top3_rate,RACE_CONDITION,205,25,180,198,96.58536585365853,0.8380246565029175,0.8381194995480711,1.0,1.0,-0.00043741235889652186,0.00043741235889652186,0.4834782608695652,0.5165217391304349,LOWER_COLLAPSE,8.0,2.7777777777777777
MARKET_ODDS_LE_1.5,auto_margin_gap_same_surface_success_rate,RACE_CONDITION,205,25,180,189,92.19512195121952,0.3855072463768116,0.4044685735950796,0.3333333333333333,0.4,-0.05034282954268307,0.05034282954268307,0.48349921424829756,0.5165007857517024,LOWER_COLLAPSE,8.0,7.777777777777778
MARKET_ODDS_LE_1.5,actor_trainer_surface_win_rate,ACTOR,205,25,180,205,100.0,0.11666846813777043,0.1037376567477494,0.10261194029850747,0.09873712943127635,0.27414708382274416,0.27414708382274416,0.5164444444444445,0.5164444444444445,HIGHER_COLLAPSE,0.0,0.0
MARKET_ODDS_LE_1.5,ped_sire_distance_band_margin_observations,DISTANCE,205,25,180,205,100.0,512.52,586.5777777777778,318.0,453.0,-0.13282970206829336,0.13282970206829336,0.48355555555555557,0.5164444444444445,LOWER_COLLAPSE,0.0,0.0
MARKET_ODDS_LE_1.5,auto_margin_gap_same_distance_success_rate,DISTANCE,205,25,180,137,66.82926829268293,0.37179487179487186,0.4036290322580645,0.3333333333333333,0.29166666666666663,-0.07420053980480873,0.07420053980480873,0.483560794044665,0.516439205955335,LOWER_COLLAPSE,48.0,31.11111111111111
MARKET_ODDS_LE_1.5,timepace_recent_avg_normalized_last3f,PACE_TIME,205,25,180,201,98.04878048780488,0.5689045983995907,0.5765962135219298,0.6022729828347778,0.5690856889947298,-0.015404555733824996,0.015404555733824996,0.5162429378531074,0.5162429378531074,LOWER_COLLAPSE,4.0,1.6666666666666667
MARKET_ODDS_LE_1.5,ped_sire_race_class_effective_starts,OTHER,205,25,180,205,100.0,805.12,748.9,673.0,565.5,0.07902398311021858,0.07902398311021858,0.5162222222222222,0.5162222222222222,HIGHER_COLLAPSE,0.0,0.0
MARKET_ODDS_LE_1.5,ped_damsire_course_layout_effective_top3_rate,RACE_CONDITION,205,25,180,205,100.0,0.24761357688600227,0.24293703856512955,0.23707338314975032,0.23689148573356827,0.09317468105276733,0.09317468105276733,0.484,0.516,HIGHER_COLLAPSE,0.0,0.0
MARKET_ODDS_LE_1.5,ped_damsire_all_effective_top3_rate,OTHER,205,25,180,205,100.0,0.24793833366710977,0.2440761708566503,0.23310812750214527,0.23722667930864377,0.0764311493857401,0.0764311493857401,0.4846666666666667,0.5153333333333333,HIGHER_COLLAPSE,0.0,0.0
MARKET_ODDS_LE_1.5,auto_margin_gap_within_100m_mean,HISTORY_FRAGILITY,205,25,180,129,62.926829268292686,1.7083333333333335,1.7448140539401602,1.375,1.5,-0.030332121587707272,0.030332121587707272,0.48478982300884954,0.5152101769911505,LOWER_COLLAPSE,36.0,37.22222222222222
MARKET_ODDS_LE_1.5,actor_trainer_race_class_effective_win_rate,ACTOR,205,25,180,205,100.0,0.10069798467397284,0.10601188979149845,0.10152617625027176,0.1014690060584725,-0.13954492143963806,0.13954492143963806,0.4851111111111111,0.514888888888889,LOWER_COLLAPSE,0.0,0.0
MARKET_ODDS_LE_1.5,auto_field_recent_win_rate_percentile,FIELD_OPPONENT,205,25,180,201,98.04878048780488,0.9547453703703704,0.9708272581153937,1.0,1.0,-0.1696368945537263,0.1696368945537263,0.4851694915254237,0.5148305084745763,LOWER_COLLAPSE,4.0,1.6666666666666667
MARKET_ODDS_LE_1.5,auto_history_margin_lengths_observation_count,HISTORY_FRAGILITY,205,25,180,205,100.0,3.32,2.6444444444444444,2.0,2.0,0.264256251559534,0.264256251559534,0.5147777777777778,0.5147777777777778,HIGHER_COLLAPSE,0.0,0.0
MARKET_ODDS_LE_1.5,opponent_history_avg_opponent_top3_rate,FIELD_OPPONENT,205,25,180,168,81.95121951219512,0.27527020387571977,0.28435394689464544,0.2595850145683474,0.23826269342235729,-0.054116542920141196,0.054116542920141196,0.5146326276463262,0.5146326276463262,LOWER_COLLAPSE,12.0,18.88888888888889
MARKET_ODDS_LE_1.5,auto_margin_gap_same_class_mean,HISTORY_FRAGILITY,205,25,180,113,55.1219512195122,1.910119047619048,1.8077115747289016,1.4607142857142859,1.5,0.08793146145668972,0.08793146145668972,0.5144389438943895,0.5144389438943895,HIGHER_COLLAPSE,52.0,43.888888888888886
MARKET_ODDS_LE_1.5,auto_history_carried_weight_linear_trend,WEIGHT_BODY,205,25,180,166,80.97560975609757,0.20908052216101758,0.147875773499806,0.12236842105263157,0.04090909090909091,0.14598689866171924,0.14598689866171924,0.5143623737373737,0.5143623737373737,HIGHER_COLLAPSE,12.0,20.0
MARKET_ODDS_LE_1.5,actor_trainer_all_effective_win_rate,ACTOR,205,25,180,205,100.0,0.10194274510517529,0.10308335711452785,0.10108975713012461,0.09869854764677433,-0.03063635889914511,0.03063635889914511,0.5143333333333333,0.5143333333333333,LOWER_COLLAPSE,0.0,0.0
MARKET_ODDS_LE_1.5,auto_field_recent_win_rate_rank,FIELD_OPPONENT,205,25,180,201,98.04878048780488,1.3333333333333333,1.2542372881355932,1.0,1.0,0.10148020809432703,0.10148020809432703,0.5141242937853108,0.5141242937853108,HIGHER_COLLAPSE,4.0,1.6666666666666667
MARKET_ODDS_LE_1.5,ped_damsire_course_layout_top3_rate,RACE_CONDITION,205,25,180,205,100.0,0.2582650875233271,0.2546333318142506,0.23731048121292023,0.23892530749673607,0.04022981729407255,0.04022981729407255,0.486,0.514,HIGHER_COLLAPSE,0.0,0.0
MARKET_ODDS_LE_1.5,ped_sire_surface_fallback_level,RACE_CONDITION,205,25,180,205,100.0,0.0,0.027777777777777776,0.0,0.0,-0.17950549357115012,0.17950549357115012,0.4861111111111111,0.5138888888888888,LOWER_COLLAPSE,0.0,0.0
MARKET_ODDS_LE_1.5,ped_sire_course_layout_fallback_level,RACE_CONDITION,205,25,180,205,100.0,0.0,0.027777777777777776,0.0,0.0,-0.17950549357115012,0.17950549357115012,0.4861111111111111,0.5138888888888888,LOWER_COLLAPSE,0.0,0.0
MARKET_ODDS_LE_1.5,ped_damsire_going_fallback_level,OTHER,205,25,180,205,100.0,0.0,0.027777777777777776,0.0,0.0,-0.17950549357115012,0.17950549357115012,0.4861111111111111,0.5138888888888888,LOWER_COLLAPSE,0.0,0.0
MARKET_ODDS_LE_1.5,actor_trainer_race_class_top3_rate,ACTOR,205,25,180,205,100.0,0.2867671860784095,0.287797878639316,0.2903225806451613,0.2820030846346636,-0.011562284715621941,0.011562284715621941,0.5137777777777778,0.5137777777777778,LOWER_COLLAPSE,0.0,0.0
MARKET_ODDS_LE_1.5,ped_sire_venue_starts,RACE_CONDITION,205,25,180,205,100.0,340.28,336.4555555555556,125.0,209.0,0.010674164433545859,0.010674164433545859,0.5137777777777778,0.5137777777777778,HIGHER_COLLAPSE,0.0,0.0
MARKET_ODDS_LE_1.5,ped_sire_venue_win_observations,RACE_CONDITION,205,25,180,205,100.0,340.28,336.4555555555556,125.0,209.0,0.010674164433545859,0.010674164433545859,0.5137777777777778,0.5137777777777778,HIGHER_COLLAPSE,0.0,0.0
MARKET_ODDS_LE_1.5,ped_sire_venue_top3_observations,RACE_CONDITION,205,25,180,205,100.0,340.28,336.4555555555556,125.0,209.0,0.010674164433545859,0.010674164433545859,0.5137777777777778,0.5137777777777778,HIGHER_COLLAPSE,0.0,0.0
MARKET_ODDS_LE_1.5,auto_margin_gap_same_surface_median,RACE_CONDITION,205,25,180,173,84.39024390243902,1.5227272727272727,1.6225165562913908,1.375,1.5,-0.10046995834351444,0.10046995834351444,0.4864539434075858,0.5135460565924141,LOWER_COLLAPSE,12.0,16.11111111111111
MARKET_ODDS_LE_1.5,auto_history_last_3f_max,PACE_TIME,205,25,180,201,98.04878048780488,37.35833333333333,37.31186440677966,37.900000000000006,37.5,0.021365601962090853,0.021365601962090853,0.5133003766478342,0.5133003766478342,HIGHER_COLLAPSE,4.0,1.6666666666666667
MARKET_ODDS_LE_1.5,auto_margin_gap_same_surface_success_observations,RACE_CONDITION,205,25,180,205,100.0,2.76,2.8833333333333333,2.0,2.0,-0.04841918385262974,0.04841918385262974,0.48677777777777775,0.5132222222222222,LOWER_COLLAPSE,0.0,0.0
MARKET_ODDS_LE_1.5,ped_sire_venue_effective_margin_observations,RACE_CONDITION,205,25,180,205,100.0,179.68,190.57777777777778,74.0,123.5,-0.05714913652453276,0.05714913652453276,0.5131111111111111,0.5131111111111111,LOWER_COLLAPSE,0.0,0.0
MARKET_ODDS_LE_1.5,actor_trainer_surface_starts,ACTOR,205,25,180,205,100.0,805.88,814.7388888888889,869.0,833.5,-0.02203620164492541,0.02203620164492541,0.5128888888888888,0.5128888888888888,LOWER_COLLAPSE,0.0,0.0
MARKET_ODDS_LE_1.5,actor_trainer_surface_win_observations,ACTOR,205,25,180,205,100.0,805.88,814.7388888888889,869.0,833.5,-0.02203620164492541,0.02203620164492541,0.5128888888888888,0.5128888888888888,LOWER_COLLAPSE,0.0,0.0
MARKET_ODDS_LE_1.5,actor_trainer_surface_top3_observations,ACTOR,205,25,180,205,100.0,805.88,814.7388888888889,869.0,833.5,-0.02203620164492541,0.02203620164492541,0.5128888888888888,0.5128888888888888,LOWER_COLLAPSE,0.0,0.0
MARKET_ODDS_LE_1.5,actor_trainer_surface_effective_top3_rate,ACTOR,205,25,180,205,100.0,0.27849317238713966,0.277587467959709,0.28907361801524617,0.27357003378999817,0.013137763663916422,0.013137763663916422,0.5128888888888888,0.5128888888888888,HIGHER_COLLAPSE,0.0,0.0
MARKET_ODDS_LE_1.5,auto_margin_gap_same_venue_success_observations,RACE_CONDITION,205,25,180,205,100.0,1.04,1.0444444444444445,1.0,1.0,-0.003793774217381135,0.003793774217381135,0.48733333333333334,0.5126666666666666,LOWER_COLLAPSE,0.0,0.0
MARKET_ODDS_LE_1.5,auto_field_recent_win_rate_gap_to_best,FIELD_OPPONENT,205,25,180,201,98.04878048780488,-0.04583333333333334,-0.030320150659133713,0.0,0.0,-0.1557777310753092,0.1557777310753092,0.4875235404896422,0.5124764595103578,LOWER_COLLAPSE,4.0,1.6666666666666667
MARKET_ODDS_LE_1.5,auto_margin_gap_same_direction_success_rate,HISTORY_FRAGILITY,205,25,180,163,79.51219512195122,0.45462962962962966,0.4371784345922277,0.45,0.4,0.04288133168112579,0.04288133168112579,0.5124521072796935,0.5124521072796935,HIGHER_COLLAPSE,28.000000000000004,19.444444444444446
MARKET_ODDS_LE_1.5,ped_damsire_all_top3_rate,OTHER,205,25,180,205,100.0,0.2573610146058279,0.25581503528807215,0.23327412670219064,0.24087844787102333,0.01721953890088633,0.01721953890088633,0.4875555555555556,0.5124444444444445,HIGHER_COLLAPSE,0.0,0.0
MARKET_ODDS_LE_1.5,auto_margin_gap_same_age_condition_success_observations,HISTORY_FRAGILITY,205,25,180,205,100.0,1.6,1.2944444444444445,1.0,1.0,0.208639609755313,0.208639609755313,0.48777777777777775,0.5122222222222222,HIGHER_COLLAPSE,0.0,0.0
MARKET_ODDS_LE_1.5,auto_margin_gap_within_100m_success_rate,HISTORY_FRAGILITY,205,25,180,148,72.1951219512195,0.41041666666666665,0.405016069788797,0.45,0.29166666666666663,0.01286286494298093,0.01286286494298093,0.5120738636363636,0.5120738636363636,HIGHER_COLLAPSE,36.0,26.666666666666668
MARKET_ODDS_LE_1.5,style_recent_avg_first_position,STYLE_POSITION,205,25,180,201,98.04878048780488,4.852149470899471,4.650161420500403,4.075,4.25,0.07808039494783889,0.07808039494783889,0.5120056497175142,0.5120056497175142,HIGHER_COLLAPSE,4.0,1.6666666666666667
MARKET_ODDS_LE_1.5,actor_trainer_surface_effective_starts,ACTOR,205,25,180,205,100.0,805.88,815.9833333333333,869.0,833.5,-0.02525293438914605,0.02525293438914605,0.512,0.512,LOWER_COLLAPSE,0.0,0.0
MARKET_ODDS_LE_1.5,ped_damsire_venue_margin_observations,RACE_CONDITION,205,25,180,205,100.0,274.04,228.68333333333334,155.0,142.0,0.16821249079564926,0.16821249079564926,0.5118888888888888,0.5118888888888888,HIGHER_COLLAPSE,0.0,0.0
MARKET_ODDS_LE_1.5,auto_history_carried_weight_previous_delta,WEIGHT_BODY,205,25,180,166,80.97560975609757,0.045454545454545456,0.10416666666666667,0.0,0.0,-0.052336324284120314,0.052336324284120314,0.4881628787878788,0.5118371212121212,LOWER_COLLAPSE,12.0,20.0
MARKET_ODDS_LE_1.5,actor_trainer_surface_effective_win_rate,ACTOR,205,25,180,205,100.0,0.10545962784797971,0.10302870175618926,0.1013300864038493,0.09735707611926953,0.06256308695329804,0.06256308695329804,0.5117777777777778,0.5117777777777778,HIGHER_COLLAPSE,0.0,0.0
MARKET_ODDS_LE_1.5,lap_previous_last3_avg,PACE_TIME,205,25,180,199,97.07317073170731,12.104347826086956,12.060795454545454,12.166666666666666,12.083333333333334,0.07565532765423527,0.07565532765423527,0.5116106719367589,0.5116106719367589,HIGHER_COLLAPSE,8.0,2.2222222222222223
MARKET_ODDS_LE_1.5,actor_trainer_race_class_effective_top3_rate,ACTOR,205,25,180,205,100.0,0.2775266144794126,0.28061970771708006,0.28327548526469476,0.27701941790668694,-0.044144785865258926,0.044144785865258926,0.5113333333333333,0.5113333333333333,LOWER_COLLAPSE,0.0,0.0
MARKET_ODDS_LE_1.5,lap_recent_avg_first3,PACE_TIME,205,25,180,199,97.07317073170731,11.981047849091327,11.924413029100528,12.016666666666667,11.944444444444445,0.1419866818486149,0.1419866818486149,0.5112401185770751,0.5112401185770751,HIGHER_COLLAPSE,8.0,2.2222222222222223
MARKET_ODDS_LE_1.5,auto_field_network_elo_rating_zscore,FIELD_OPPONENT,205,25,180,205,100.0,1.1079326218955483,1.1688382578435426,1.3952262818048986,1.2247710810670096,-0.06988951119525696,0.06988951119525696,0.48877777777777776,0.5112222222222222,LOWER_COLLAPSE,0.0,0.0
MARKET_ODDS_LE_1.5,ped_damsire_surface_fallback_level,RACE_CONDITION,205,25,180,205,100.0,0.0,0.022222222222222223,0.0,0.0,-0.16009782363078245,0.16009782363078245,0.4888888888888889,0.5111111111111111,LOWER_COLLAPSE,0.0,0.0
MARKET_ODDS_LE_1.5,ped_damsire_course_layout_fallback_level,RACE_CONDITION,205,25,180,205,100.0,0.0,0.022222222222222223,0.0,0.0,-0.16009782363078245,0.16009782363078245,0.4888888888888889,0.5111111111111111,LOWER_COLLAPSE,0.0,0.0
MARKET_ODDS_LE_1.5,body_weight_diff,WEIGHT_BODY,205,25,180,205,100.0,0.56,0.3888888888888889,0.0,0.0,0.03127402907278329,0.03127402907278329,0.5106666666666667,0.5106666666666667,HIGHER_COLLAPSE,0.0,0.0
MARKET_ODDS_LE_1.5,auto_history_margin_small_gap_rate,HISTORY_FRAGILITY,205,25,180,195,95.1219512195122,0.42561858076563963,0.40456465237166994,0.3550420168067227,0.4,0.06054026877830059,0.06054026877830059,0.5104775828460039,0.5104775828460039,HIGHER_COLLAPSE,4.0,5.0
MARKET_ODDS_LE_1.5,auto_margin_gap_same_weight_rule_mean,WEIGHT_BODY,205,25,180,143,69.7560975609756,1.9636574074074078,1.8178285714285713,1.625,1.55,0.129246582900582,0.129246582900582,0.4895555555555556,0.5104444444444445,HIGHER_COLLAPSE,28.000000000000004,30.555555555555557
MARKET_ODDS_LE_1.5,ped_sire_race_class_effective_margin_observations,HISTORY_FRAGILITY,205,25,180,205,100.0,494.08,469.14444444444445,420.0,366.5,0.056028707577039205,0.056028707577039205,0.5102222222222222,0.5102222222222222,HIGHER_COLLAPSE,0.0,0.0
MARKET_ODDS_LE_1.5,lap_recent_avg_delta_last3_first3,PACE_TIME,205,25,180,199,97.07317073170731,0.08484011962272824,0.13909136002886005,0.2666666666666657,0.18999999999999878,-0.07650648835846113,0.07650648835846113,0.5101284584980237,0.5101284584980237,LOWER_COLLAPSE,8.0,2.2222222222222223
MARKET_ODDS_LE_1.5,backfill_age_min,OTHER,205,25,180,205,100.0,2.92,2.9,3.0,3.0,0.032678112270564184,0.032678112270564184,0.5097777777777778,0.5097777777777778,HIGHER_COLLAPSE,0.0,0.0
MARKET_ODDS_LE_1.5,auto_history_margin_lengths_rate,HISTORY_FRAGILITY,205,25,180,196,95.60975609756098,0.7557422969187675,0.7453249270109735,0.8,0.8,0.034937984879237986,0.034937984879237986,0.4903100775193798,0.5096899224806202,HIGHER_COLLAPSE,4.0,4.444444444444445
MARKET_ODDS_LE_1.5,same_venue_starts,RACE_CONDITION,205,25,180,205,100.0,1.52,1.3166666666666667,1.0,1.0,0.15371853406223893,0.15371853406223893,0.5092222222222222,0.5092222222222222,HIGHER_COLLAPSE,0.0,0.0
MARKET_ODDS_LE_1.5,auto_margin_gap_same_venue_starts,RACE_CONDITION,205,25,180,205,100.0,1.52,1.3166666666666667,1.0,1.0,0.15371853406223893,0.15371853406223893,0.5092222222222222,0.5092222222222222,HIGHER_COLLAPSE,0.0,0.0
MARKET_ODDS_LE_1.5,style_previous_first_ratio,STYLE_POSITION,205,25,180,201,98.04878048780488,0.3378490144115143,0.3098161992728294,0.24285714285714285,0.25,0.1297837118915379,0.1297837118915379,0.509180790960452,0.509180790960452,HIGHER_COLLAPSE,4.0,1.6666666666666667
MARKET_ODDS_LE_1.5,auto_field_network_elo_rating_diff_median,FIELD_OPPONENT,205,25,180,205,100.0,21.474335485296134,18.981427304118515,11.673869542784814,18.060165276798784,0.13161237478964727,0.13161237478964727,0.5091111111111111,0.5091111111111111,HIGHER_COLLAPSE,0.0,0.0
MARKET_ODDS_LE_1.5,auto_margin_gap_same_weight_rule_starts,WEIGHT_BODY,205,25,180,205,100.0,2.6,2.4555555555555557,2.0,2.0,0.0666781347294118,0.0666781347294118,0.5086666666666667,0.5086666666666667,HIGHER_COLLAPSE,0.0,0.0
MARKET_ODDS_LE_1.5,actor_trainer_race_class_win_rate,ACTOR,205,25,180,205,100.0,0.10644951421372097,0.10818133225948626,0.10526315789473684,0.10297482837528604,-0.038966005990585556,0.038966005990585556,0.49133333333333334,0.5086666666666666,LOWER_COLLAPSE,0.0,0.0
MARKET_ODDS_LE_1.5,auto_margin_gap_within_300m_success_rate,HISTORY_FRAGILITY,205,25,180,181,88.29268292682927,0.3951127819548872,0.40081079757005683,0.3333333333333333,0.4,-0.015178505312269303,0.015178505312269303,0.49171539961013644,0.5082846003898636,LOWER_COLLAPSE,24.0,10.0
MARKET_ODDS_LE_1.5,auto_margin_gap_same_weight_rule_median,WEIGHT_BODY,205,25,180,143,69.7560975609756,1.8958333333333333,1.692,1.375,1.5,0.17685153994648609,0.17685153994648609,0.5082222222222222,0.5082222222222222,HIGHER_COLLAPSE,28.000000000000004,30.555555555555557
MARKET_ODDS_LE_1.5,auto_history_margin_lengths_variance,HISTORY_FRAGILITY,205,25,180,181,88.29268292682927,1.2180225806860654,1.030499485831215,0.215,0.171875,0.0983835027885963,0.0983835027885963,0.49201981287837093,0.5079801871216291,HIGHER_COLLAPSE,8.0,12.222222222222221
MARKET_ODDS_LE_1.5,auto_history_margin_lengths_stddev,HISTORY_FRAGILITY,205,25,180,181,88.29268292682927,0.7013636440019895,0.669648466419977,0.4636809247747852,0.414578098794425,0.04070459509891932,0.04070459509891932,0.49201981287837093,0.5079801871216291,HIGHER_COLLAPSE,8.0,12.222222222222221
MARKET_ODDS_LE_1.5,auto_history_margin_lengths_min,HISTORY_FRAGILITY,205,25,180,181,88.29268292682927,1.108695652173913,1.0727848101265822,0.75,0.75,0.037204720089745257,0.037204720089745257,0.507429829389103,0.507429829389103,HIGHER_COLLAPSE,8.0,12.222222222222221
MARKET_ODDS_LE_1.5,ped_damsire_distance_band_win_rate,DISTANCE,205,25,180,203,99.02439024390245,0.09288563085814645,0.08795286121344349,0.08153899240855764,0.07798573975044563,0.09268007556357533,0.09268007556357533,0.4926675977653631,0.5073324022346368,HIGHER_COLLAPSE,4.0,0.5555555555555556
MARKET_ODDS_LE_1.5,opponent_recent_avg_win_rate,FIELD_OPPONENT,205,25,180,201,98.04878048780488,0.09919147609376722,0.09403037789961434,0.0831439393939394,0.08190069190069191,0.09700088863392173,0.09700088863392173,0.5072975517890772,0.5072975517890772,HIGHER_COLLAPSE,4.0,1.6666666666666667
MARKET_ODDS_LE_1.5,ped_sire_venue_fallback_level,RACE_CONDITION,205,25,180,205,100.0,0.08,0.09444444444444444,0.0,0.0,-0.04957357253738713,0.04957357253738713,0.49277777777777776,0.5072222222222222,LOWER_COLLAPSE,0.0,0.0
MARKET_ODDS_LE_1.5,meeting_day,OTHER,205,25,180,205,100.0,4.4,4.322222222222222,4.0,4.0,0.030838135017526653,0.030838135017526653,0.5072222222222222,0.5072222222222222,HIGHER_COLLAPSE,0.0,0.0
MARKET_ODDS_LE_1.5,ped_sire_venue_avg_margin_lengths,RACE_CONDITION,205,25,180,195,95.1219512195122,1.9953373467997666,1.9969420678257457,1.9629186602870814,1.9503627890514394,-0.0035834963912142375,0.0035834963912142375,0.5069514661274014,0.5069514661274014,LOWER_COLLAPSE,8.0,4.444444444444445
MARKET_ODDS_LE_1.5,auto_margin_gap_same_direction_median,HISTORY_FRAGILITY,205,25,180,142,69.26829268292683,1.6328125,1.6636904761904763,1.5,1.25,-0.026065641495490562,0.026065641495490562,0.5069444444444444,0.5069444444444444,LOWER_COLLAPSE,36.0,30.0
MARKET_ODDS_LE_1.5,ped_sire_race_class_win_rate,OTHER,205,25,180,202,98.53658536585365,0.16218578790255692,0.1070993207100058,0.093520896133378,0.09036676977463544,0.42249274273638016,0.42249274273638016,0.5069054307116105,0.5069054307116105,HIGHER_COLLAPSE,4.0,1.1111111111111112
MARKET_ODDS_LE_1.5,ped_damsire_surface_margin_observations,RACE_CONDITION,205,25,180,205,100.0,1104.48,1084.1666666666667,838.0,769.5,0.01791044303634616,0.01791044303634616,0.49322222222222223,0.5067777777777778,HIGHER_COLLAPSE,0.0,0.0
MARKET_ODDS_LE_1.5,ped_damsire_surface_effective_margin_observations,RACE_CONDITION,205,25,180,205,100.0,1104.48,1084.1666666666667,838.0,769.5,0.01791044303634616,0.01791044303634616,0.49322222222222223,0.5067777777777778,HIGHER_COLLAPSE,0.0,0.0
MARKET_ODDS_LE_1.5,auto_history_last_3f_linear_trend,PACE_TIME,205,25,180,166,80.97560975609757,-0.03550455501904974,-0.16838290969579672,-0.08428571428571471,-0.08999999999999986,0.1321830560700501,0.1321830560700501,0.5066287878787878,0.5066287878787878,HIGHER_COLLAPSE,12.0,20.0
MARKET_ODDS_LE_1.5,timepace_even_pace_avg_performance_score,PACE_TIME,205,25,180,162,79.02439024390245,0.5518576180272388,0.4801098788004227,0.5285486910943644,0.5698715657128408,0.1298290905016603,0.1298290905016603,0.4935467217346412,0.5064532782653588,HIGHER_COLLAPSE,48.0,17.22222222222222
MARKET_ODDS_LE_1.5,ped_sire_venue_margin_observations,RACE_CONDITION,205,25,180,205,100.0,178.56,189.38333333333333,74.0,123.5,-0.056429731326426494,0.056429731326426494,0.5063333333333333,0.5063333333333333,LOWER_COLLAPSE,0.0,0.0
MARKET_ODDS_LE_1.5,auto_history_last_3f_median,PACE_TIME,205,25,180,201,98.04878048780488,35.31666666666667,35.81751412429379,35.900000000000006,35.9,-0.14990893534238683,0.14990893534238683,0.506238229755179,0.506238229755179,LOWER_COLLAPSE,4.0,1.6666666666666667
MARKET_ODDS_LE_1.5,auto_history_margin_lengths_coefficient_of_variation,HISTORY_FRAGILITY,205,25,180,181,88.29268292682927,0.34810339545288843,0.3379880432998484,0.32659863237109044,0.3333333333333333,0.03171447617270121,0.03171447617270121,0.5061915244909191,0.5061915244909191,HIGHER_COLLAPSE,8.0,12.222222222222221
MARKET_ODDS_LE_1.5,auto_field_network_elo_rating_diff_mean,FIELD_OPPONENT,205,25,180,205,100.0,21.197907945615306,18.947021749856408,12.052359652856694,18.10552019464194,0.12632066328864622,0.12632066328864622,0.5056666666666667,0.5056666666666667,HIGHER_COLLAPSE,0.0,0.0
MARKET_ODDS_LE_1.5,ped_sire_distance_band_top3_rate,DISTANCE,205,25,180,204,99.51219512195122,0.2715554177654254,0.2876594034651889,0.2631090146190234,0.26666666666666666,-0.14614320414889911,0.14614320414889911,0.49444444444444446,0.5055555555555555,LOWER_COLLAPSE,4.0,0.0
MARKET_ODDS_LE_1.5,actor_jockey_distance_band_fallback_level,DISTANCE,205,25,180,205,100.0,0.0,0.011111111111111112,0.0,0.0,-0.11256846993927479,0.11256846993927479,0.49444444444444446,0.5055555555555555,LOWER_COLLAPSE,0.0,0.0
MARKET_ODDS_LE_1.5,actor_jockey_race_class_fallback_level,ACTOR,205,25,180,205,100.0,0.0,0.011111111111111112,0.0,0.0,-0.11256846993927479,0.11256846993927479,0.49444444444444446,0.5055555555555555,LOWER_COLLAPSE,0.0,0.0
MARKET_ODDS_LE_1.5,actor_jockey_recent_starts,ACTOR,205,25,180,205,100.0,30.0,29.755555555555556,30.0,30.0,0.11210101245474861,0.11210101245474861,0.5055555555555555,0.5055555555555555,HIGHER_COLLAPSE,0.0,0.0
MARKET_ODDS_LE_1.5,actor_jockey_recent_win_observations,ACTOR,205,25,180,205,100.0,30.0,29.755555555555556,30.0,30.0,0.11210101245474861,0.11210101245474861,0.5055555555555555,0.5055555555555555,HIGHER_COLLAPSE,0.0,0.0
MARKET_ODDS_LE_1.5,actor_jockey_recent_top3_observations,ACTOR,205,25,180,205,100.0,30.0,29.755555555555556,30.0,30.0,0.11210101245474861,0.11210101245474861,0.5055555555555555,0.5055555555555555,HIGHER_COLLAPSE,0.0,0.0
MARKET_ODDS_LE_1.5,actor_jockey_recent_effective_starts,ACTOR,205,25,180,205,100.0,30.0,29.755555555555556,30.0,30.0,0.11210101245474861,0.11210101245474861,0.5055555555555555,0.5055555555555555,HIGHER_COLLAPSE,0.0,0.0
MARKET_ODDS_LE_1.5,auto_margin_gap_within_100m_success_observations,HISTORY_FRAGILITY,205,25,180,205,100.0,1.56,1.6277777777777778,1.0,1.0,-0.03798785517979679,0.03798785517979679,0.4948888888888889,0.5051111111111111,LOWER_COLLAPSE,0.0,0.0
MARKET_ODDS_LE_1.5,ped_sire_venue_effective_avg_margin_lengths,RACE_CONDITION,205,25,180,205,100.0,1.9811700564597485,1.9861223018811756,1.9642337941942207,1.9599367448067868,-0.021645112816228683,0.021645112816228683,0.5051111111111111,0.5051111111111111,LOWER_COLLAPSE,0.0,0.0
MARKET_ODDS_LE_1.5,ped_sire_going_effective_avg_margin_lengths,HISTORY_FRAGILITY,205,25,180,205,100.0,1.9917790140780973,1.9863270508336193,1.9736890994066818,1.9464983560026705,0.027701651982215716,0.027701651982215716,0.5048888888888889,0.5048888888888889,HIGHER_COLLAPSE,0.0,0.0
MARKET_ODDS_LE_1.5,ped_damsire_surface_starts,RACE_CONDITION,205,25,180,205,100.0,2081.16,1990.4555555555555,1716.0,1328.0,0.0431497027452,0.0431497027452,0.49544444444444447,0.5045555555555555,HIGHER_COLLAPSE,0.0,0.0
MARKET_ODDS_LE_1.5,ped_damsire_surface_win_observations,RACE_CONDITION,205,25,180,205,100.0,2081.16,1990.4555555555555,1716.0,1328.0,0.0431497027452,0.0431497027452,0.49544444444444447,0.5045555555555555,HIGHER_COLLAPSE,0.0,0.0
MARKET_ODDS_LE_1.5,ped_damsire_surface_top3_observations,RACE_CONDITION,205,25,180,205,100.0,2081.16,1990.4555555555555,1716.0,1328.0,0.0431497027452,0.0431497027452,0.49544444444444447,0.5045555555555555,HIGHER_COLLAPSE,0.0,0.0
MARKET_ODDS_LE_1.5,ped_damsire_surface_effective_starts,RACE_CONDITION,205,25,180,205,100.0,2081.16,1990.4611111111112,1716.0,1328.0,0.04314715549251579,0.04314715549251579,0.49544444444444447,0.5045555555555555,HIGHER_COLLAPSE,0.0,0.0
MARKET_ODDS_LE_1.5,style_recent_front_rate,STYLE_POSITION,205,25,180,201,98.04878048780488,0.4820436507936508,0.4777172450901264,0.5,0.5,0.011224146044113167,0.011224146044113167,0.504472693032015,0.504472693032015,HIGHER_COLLAPSE,4.0,1.6666666666666667
MARKET_ODDS_LE_1.5,auto_margin_gap_same_age_condition_success_rate,HISTORY_FRAGILITY,205,25,180,137,66.82926829268293,0.4030812324929972,0.40736111111111106,0.3333333333333333,0.41666666666666663,-0.010305779814922622,0.010305779814922622,0.49558823529411766,0.5044117647058823,LOWER_COLLAPSE,32.0,33.33333333333333
MARKET_ODDS_LE_1.5,auto_margin_gap_same_course_layout_median,RACE_CONDITION,205,25,180,180,87.8048780487805,1.559782608695652,1.644108280254777,1.5,1.25,-0.07863028202205777,0.07863028202205777,0.5042924397673775,0.5042924397673775,LOWER_COLLAPSE,8.0,12.777777777777777
MARKET_ODDS_LE_1.5,auto_margin_gap_within_200m_success_rate,HISTORY_FRAGILITY,205,25,180,181,88.29268292682927,0.4026315789473684,0.39564226925338036,0.3333333333333333,0.3875,0.018249784721779405,0.018249784721779405,0.5038986354775828,0.5038986354775828,HIGHER_COLLAPSE,24.0,10.0
MARKET_ODDS_LE_1.5,backfill_mixed,OTHER,205,25,180,205,100.0,0.48,0.4722222222222222,0.0,0.0,0.015502023035359743,0.015502023035359743,0.5038888888888889,0.5038888888888889,HIGHER_COLLAPSE,0.0,0.0
MARKET_ODDS_LE_1.5,meeting_no,OTHER,205,25,180,205,100.0,2.84,2.7555555555555555,3.0,3.0,0.05606025122972531,0.05606025122972531,0.49622222222222223,0.5037777777777778,HIGHER_COLLAPSE,0.0,0.0
MARKET_ODDS_LE_1.5,ped_damsire_course_layout_margin_observations,RACE_CONDITION,205,25,180,205,100.0,2217.6,2052.061111111111,1126.0,1208.0,0.0771525476579159,0.0771525476579159,0.5036666666666667,0.5036666666666667,HIGHER_COLLAPSE,0.0,0.0
MARKET_ODDS_LE_1.5,ped_damsire_course_layout_effective_margin_observations,RACE_CONDITION,205,25,180,205,100.0,2217.6,2052.061111111111,1126.0,1208.0,0.0771525476579159,0.0771525476579159,0.5036666666666667,0.5036666666666667,HIGHER_COLLAPSE,0.0,0.0
MARKET_ODDS_LE_1.5,ped_sire_distance_band_fallback_level,DISTANCE,205,25,180,205,100.0,0.04,0.03333333333333333,0.0,0.0,0.036532838073782076,0.036532838073782076,0.5033333333333333,0.5033333333333333,HIGHER_COLLAPSE,0.0,0.0
MARKET_ODDS_LE_1.5,network_elo_vs_field_avg,FIELD_OPPONENT,205,25,180,205,100.0,23.246576635552582,20.8065186631924,13.056722957261627,19.777265383254758,0.12505662674463866,0.12505662674463866,0.503,0.503,HIGHER_COLLAPSE,0.0,0.0
MARKET_ODDS_LE_1.5,network_expected_pairwise_score,OTHER,205,25,180,205,100.0,0.5329737607050813,0.5297225013686959,0.5187110534420393,0.5284103176185808,0.11732941310142202,0.11732941310142202,0.503,0.503,HIGHER_COLLAPSE,0.0,0.0
MARKET_ODDS_LE_1.5,actor_jockey_surface_fallback_level,ACTOR,205,25,180,205,100.0,0.0,0.005555555555555556,0.0,0.0,-0.07937527645762892,0.07937527645762892,0.49722222222222223,0.5027777777777778,LOWER_COLLAPSE,0.0,0.0
MARKET_ODDS_LE_1.5,actor_jockey_venue_fallback_level,ACTOR,205,25,180,205,100.0,0.0,0.005555555555555556,0.0,0.0,-0.07937527645762892,0.07937527645762892,0.49722222222222223,0.5027777777777778,LOWER_COLLAPSE,0.0,0.0
MARKET_ODDS_LE_1.5,actor_trainer_surface_fallback_level,ACTOR,205,25,180,205,100.0,0.0,0.005555555555555556,0.0,0.0,-0.07937527645762892,0.07937527645762892,0.49722222222222223,0.5027777777777778,LOWER_COLLAPSE,0.0,0.0
MARKET_ODDS_LE_1.5,actor_trainer_race_class_fallback_level,ACTOR,205,25,180,205,100.0,0.0,0.005555555555555556,0.0,0.0,-0.07937527645762892,0.07937527645762892,0.49722222222222223,0.5027777777777778,LOWER_COLLAPSE,0.0,0.0
MARKET_ODDS_LE_1.5,actor_trainer_recent_starts,ACTOR,205,25,180,205,100.0,30.0,29.955555555555556,30.0,30.0,0.0793752764576286,0.0793752764576286,0.5027777777777778,0.5027777777777778,HIGHER_COLLAPSE,0.0,0.0
MARKET_ODDS_LE_1.5,actor_trainer_recent_win_observations,ACTOR,205,25,180,205,100.0,30.0,29.955555555555556,30.0,30.0,0.0793752764576286,0.0793752764576286,0.5027777777777778,0.5027777777777778,HIGHER_COLLAPSE,0.0,0.0
MARKET_ODDS_LE_1.5,actor_trainer_recent_top3_observations,ACTOR,205,25,180,205,100.0,30.0,29.955555555555556,30.0,30.0,0.0793752764576286,0.0793752764576286,0.5027777777777778,0.5027777777777778,HIGHER_COLLAPSE,0.0,0.0
MARKET_ODDS_LE_1.5,actor_trainer_recent_effective_starts,ACTOR,205,25,180,205,100.0,30.0,29.955555555555556,30.0,30.0,0.0793752764576286,0.0793752764576286,0.5027777777777778,0.5027777777777778,HIGHER_COLLAPSE,0.0,0.0
MARKET_ODDS_LE_1.5,auto_margin_gap_same_surface_observations,RACE_CONDITION,205,25,180,205,100.0,2.12,2.077777777777778,1.0,1.0,0.020911813309052618,0.020911813309052618,0.5027777777777778,0.5027777777777778,HIGHER_COLLAPSE,0.0,0.0
MARKET_ODDS_LE_1.5,auto_field_network_elo_rating_gap_to_best,FIELD_OPPONENT,205,25,180,205,100.0,-11.895049897367707,-13.997719937338257,-1.7315884913080026,-3.0072668944554835,0.10017181040923794,0.10017181040923794,0.5026666666666667,0.5026666666666667,HIGHER_COLLAPSE,0.0,0.0
MARKET_ODDS_LE_1.5,auto_margin_gap_same_course_layout_success_observations,RACE_CONDITION,205,25,180,205,100.0,3.8,3.477777777777778,3.0,3.0,0.10965376816945506,0.10965376816945506,0.5025555555555555,0.5025555555555555,HIGHER_COLLAPSE,0.0,0.0
MARKET_ODDS_LE_1.5,auto_margin_gap_same_course_layout_observations,RACE_CONDITION,205,25,180,205,100.0,2.88,2.5277777777777777,2.0,2.0,0.15302392598397832,0.15302392598397832,0.5021111111111111,0.5021111111111111,HIGHER_COLLAPSE,0.0,0.0
MARKET_ODDS_LE_1.5,ped_sire_surface_top3_rate,RACE_CONDITION,205,25,180,205,100.0,0.29002671555976955,0.2777618707546543,0.2621283255086072,0.2657799839404336,0.11683137121465767,0.11683137121465767,0.498,0.502,HIGHER_COLLAPSE,0.0,0.0
MARKET_ODDS_LE_1.5,ped_damsire_course_layout_starts,RACE_CONDITION,205,25,180,205,100.0,3523.56,3276.45,1727.0,1920.0,0.07184746478431266,0.07184746478431266,0.502,0.502,HIGHER_COLLAPSE,0.0,0.0
MARKET_ODDS_LE_1.5,ped_damsire_course_layout_win_observations,RACE_CONDITION,205,25,180,205,100.0,3523.56,3276.45,1727.0,1920.0,0.07184746478431266,0.07184746478431266,0.502,0.502,HIGHER_COLLAPSE,0.0,0.0
MARKET_ODDS_LE_1.5,ped_damsire_course_layout_top3_observations,RACE_CONDITION,205,25,180,205,100.0,3523.56,3276.45,1727.0,1920.0,0.07184746478431266,0.07184746478431266,0.502,0.502,HIGHER_COLLAPSE,0.0,0.0
MARKET_ODDS_LE_1.5,ped_damsire_course_layout_effective_starts,RACE_CONDITION,205,25,180,205,100.0,3523.56,3276.45,1727.0,1920.0,0.07184746478431266,0.07184746478431266,0.502,0.502,HIGHER_COLLAPSE,0.0,0.0
MARKET_ODDS_LE_1.5,ped_sire_distance_band_starts,DISTANCE,205,25,180,205,100.0,950.2,1013.3,527.0,783.0,-0.06211489196122202,0.06211489196122202,0.498,0.502,LOWER_COLLAPSE,0.0,0.0
MARKET_ODDS_LE_1.5,ped_sire_distance_band_win_observations,DISTANCE,205,25,180,205,100.0,950.2,1013.3,527.0,783.0,-0.06211489196122202,0.06211489196122202,0.498,0.502,LOWER_COLLAPSE,0.0,0.0
MARKET_ODDS_LE_1.5,ped_sire_distance_band_top3_observations,DISTANCE,205,25,180,205,100.0,950.2,1013.3,527.0,783.0,-0.06211489196122202,0.06211489196122202,0.498,0.502,LOWER_COLLAPSE,0.0,0.0
MARKET_ODDS_LE_1.5,opponent_previous_avg_win_rate,FIELD_OPPONENT,205,25,180,201,98.04878048780488,0.09670564052789725,0.10082366372338772,0.07605868209022512,0.07611852085536297,-0.0466320080686663,0.0466320080686663,0.4981167608286252,0.5018832391713748,LOWER_COLLAPSE,4.0,1.6666666666666667
MARKET_ODDS_LE_1.5,ped_sire_distance_band_effective_starts,DISTANCE,205,25,180,205,100.0,950.4,1013.7444444444444,527.0,783.0,-0.06238055924545975,0.06238055924545975,0.49833333333333335,0.5016666666666667,LOWER_COLLAPSE,0.0,0.0
MARKET_ODDS_LE_1.5,opponent_history_avg_opponent_win_rate,FIELD_OPPONENT,205,25,180,168,81.95121951219512,0.08522836160226027,0.09927104901510966,0.04565227732507144,0.027282978960610542,-0.09735534199342681,0.09735534199342681,0.5015566625155666,0.5015566625155666,LOWER_COLLAPSE,12.0,18.88888888888889
MARKET_ODDS_LE_1.5,style_recent_avg_last_position,STYLE_POSITION,205,25,180,201,98.04878048780488,4.105654761904762,3.980656443368308,3.75,3.75,0.05774253882794348,0.05774253882794348,0.4985875706214689,0.5014124293785311,HIGHER_COLLAPSE,4.0,1.6666666666666667
MARKET_ODDS_LE_1.5,auto_margin_gap_within_100m_observations,HISTORY_FRAGILITY,205,25,180,205,100.0,1.12,1.1944444444444444,1.0,1.0,-0.052846595375126676,0.052846595375126676,0.49866666666666665,0.5013333333333334,LOWER_COLLAPSE,0.0,0.0
MARKET_ODDS_LE_1.5,lap_recent_avg_last3,PACE_TIME,205,25,180,199,97.07317073170731,12.065887968714057,12.063504389129388,12.273333333333333,12.006250000000001,0.004633858896642745,0.004633858896642745,0.49913537549407117,0.5008646245059288,HIGHER_COLLAPSE,8.0,2.2222222222222223
MARKET_ODDS_LE_1.5,auto_margin_gap_same_course_layout_success_rate,RACE_CONDITION,205,25,180,194,94.6341463414634,0.4123435592185592,0.4032854563736916,0.35416666666666663,0.4,0.025830622027323547,0.025830622027323547,0.4991421568627451,0.5008578431372549,HIGHER_COLLAPSE,4.0,5.555555555555555
MARKET_ODDS_LE_1.5,ped_damsire_distance_band_fallback_level,DISTANCE,205,25,180,205,100.0,0.04,0.03888888888888889,0.0,0.0,0.005709592311553448,0.005709592311553448,0.5005555555555555,0.5005555555555555,HIGHER_COLLAPSE,0.0,0.0
MARKET_ODDS_LE_1.5,ped_sire_course_layout_top3_rate,RACE_CONDITION,205,25,180,205,100.0,0.2800484369629844,0.2744245884334475,0.2609429978888107,0.2635627737734818,0.05613572923721547,0.05613572923721547,0.5003333333333333,0.5003333333333333,HIGHER_COLLAPSE,0.0,0.0
MARKET_ODDS_LE_1.5,auto_history_margin_lengths_median,HISTORY_FRAGILITY,205,25,180,181,88.29268292682927,1.5380434782608696,1.6431962025316456,1.5,1.3125,-0.09850460932875073,0.09850460932875073,0.49972482113373695,0.500275178866263,LOWER_COLLAPSE,8.0,12.222222222222221
MARKET_ODDS_LE_1.5,auto_history_carried_weight_median,WEIGHT_BODY,205,25,180,201,98.04878048780488,55.75,55.72316384180791,55.75,55.5,0.02707981409211781,0.02707981409211781,0.500117702448211,0.500117702448211,HIGHER_COLLAPSE,4.0,1.6666666666666667
MARKET_ODDS_LE_1.5,auto_field_network_elo_rating_gap_to_top3_mean,FIELD_OPPONENT,205,25,180,205,100.0,-4.272368785647168,-4.011248375213397,1.0384380145517298,0.5646141108265965,-0.01378713538301645,0.01378713538301645,0.5001111111111111,0.5001111111111111,LOWER_COLLAPSE,0.0,0.0
MARKET_ODDS_LE_1.5,ped_sire_known,OTHER,205,25,180,205,100.0,1.0,1.0,1.0,1.0,0.0,0.0,0.5,0.5,FLAT,0.0,0.0
MARKET_ODDS_LE_1.5,ped_sire_all_fallback_level,OTHER,205,25,180,205,100.0,0.0,0.0,0.0,0.0,0.0,0.0,0.5,0.5,FLAT,0.0,0.0
MARKET_ODDS_LE_1.5,ped_sire_surface_condition_known,RACE_CONDITION,205,25,180,205,100.0,1.0,1.0,1.0,1.0,0.0,0.0,0.5,0.5,FLAT,0.0,0.0
MARKET_ODDS_LE_1.5,ped_sire_venue_condition_known,RACE_CONDITION,205,25,180,205,100.0,1.0,1.0,1.0,1.0,0.0,0.0,0.5,0.5,FLAT,0.0,0.0
MARKET_ODDS_LE_1.5,ped_sire_course_layout_condition_known,RACE_CONDITION,205,25,180,205,100.0,1.0,1.0,1.0,1.0,0.0,0.0,0.5,0.5,FLAT,0.0,0.0
MARKET_ODDS_LE_1.5,ped_sire_going_condition_known,OTHER,205,25,180,205,100.0,1.0,1.0,1.0,1.0,0.0,0.0,0.5,0.5,FLAT,0.0,0.0
MARKET_ODDS_LE_1.5,ped_sire_distance_band_condition_known,DISTANCE,205,25,180,205,100.0,1.0,1.0,1.0,1.0,0.0,0.0,0.5,0.5,FLAT,0.0,0.0
MARKET_ODDS_LE_1.5,ped_sire_race_class_condition_known,OTHER,205,25,180,205,100.0,1.0,1.0,1.0,1.0,0.0,0.0,0.5,0.5,FLAT,0.0,0.0
MARKET_ODDS_LE_1.5,ped_damsire_known,OTHER,205,25,180,205,100.0,1.0,1.0,1.0,1.0,0.0,0.0,0.5,0.5,FLAT,0.0,0.0
MARKET_ODDS_LE_1.5,ped_damsire_all_fallback_level,OTHER,205,25,180,205,100.0,0.0,0.0,0.0,0.0,0.0,0.0,0.5,0.5,FLAT,0.0,0.0
MARKET_ODDS_LE_1.5,ped_damsire_surface_condition_known,RACE_CONDITION,205,25,180,205,100.0,1.0,1.0,1.0,1.0,0.0,0.0,0.5,0.5,FLAT,0.0,0.0
MARKET_ODDS_LE_1.5,ped_damsire_venue_condition_known,RACE_CONDITION,205,25,180,205,100.0,1.0,1.0,1.0,1.0,0.0,0.0,0.5,0.5,FLAT,0.0,0.0
MARKET_ODDS_LE_1.5,ped_damsire_course_layout_condition_known,RACE_CONDITION,205,25,180,205,100.0,1.0,1.0,1.0,1.0,0.0,0.0,0.5,0.5,FLAT,0.0,0.0
MARKET_ODDS_LE_1.5,ped_damsire_going_condition_known,OTHER,205,25,180,205,100.0,1.0,1.0,1.0,1.0,0.0,0.0,0.5,0.5,FLAT,0.0,0.0
MARKET_ODDS_LE_1.5,ped_damsire_distance_band_condition_known,DISTANCE,205,25,180,205,100.0,1.0,1.0,1.0,1.0,0.0,0.0,0.5,0.5,FLAT,0.0,0.0
MARKET_ODDS_LE_1.5,ped_damsire_race_class_condition_known,OTHER,205,25,180,205,100.0,1.0,1.0,1.0,1.0,0.0,0.0,0.5,0.5,FLAT,0.0,0.0
MARKET_ODDS_LE_1.5,actor_jockey_known,ACTOR,205,25,180,205,100.0,1.0,1.0,1.0,1.0,0.0,0.0,0.5,0.5,FLAT,0.0,0.0
MARKET_ODDS_LE_1.5,actor_jockey_all_fallback_level,ACTOR,205,25,180,205,100.0,0.0,0.0,0.0,0.0,0.0,0.0,0.5,0.5,FLAT,0.0,0.0
MARKET_ODDS_LE_1.5,actor_jockey_recent_fallback_level,ACTOR,205,25,180,205,100.0,0.0,0.0,0.0,0.0,0.0,0.0,0.5,0.5,FLAT,0.0,0.0
MARKET_ODDS_LE_1.5,actor_jockey_surface_condition_known,ACTOR,205,25,180,205,100.0,1.0,1.0,1.0,1.0,0.0,0.0,0.5,0.5,FLAT,0.0,0.0
MARKET_ODDS_LE_1.5,actor_jockey_venue_condition_known,ACTOR,205,25,180,205,100.0,1.0,1.0,1.0,1.0,0.0,0.0,0.5,0.5,FLAT,0.0,0.0
MARKET_ODDS_LE_1.5,actor_jockey_distance_band_condition_known,DISTANCE,205,25,180,205,100.0,1.0,1.0,1.0,1.0,0.0,0.0,0.5,0.5,FLAT,0.0,0.0
MARKET_ODDS_LE_1.5,actor_jockey_race_class_condition_known,ACTOR,205,25,180,205,100.0,1.0,1.0,1.0,1.0,0.0,0.0,0.5,0.5,FLAT,0.0,0.0
MARKET_ODDS_LE_1.5,actor_trainer_known,ACTOR,205,25,180,205,100.0,1.0,1.0,1.0,1.0,0.0,0.0,0.5,0.5,FLAT,0.0,0.0
MARKET_ODDS_LE_1.5,actor_trainer_all_fallback_level,ACTOR,205,25,180,205,100.0,0.0,0.0,0.0,0.0,0.0,0.0,0.5,0.5,FLAT,0.0,0.0
MARKET_ODDS_LE_1.5,actor_trainer_recent_fallback_level,ACTOR,205,25,180,205,100.0,0.0,0.0,0.0,0.0,0.0,0.0,0.5,0.5,FLAT,0.0,0.0
MARKET_ODDS_LE_1.5,actor_trainer_surface_condition_known,ACTOR,205,25,180,205,100.0,1.0,1.0,1.0,1.0,0.0,0.0,0.5,0.5,FLAT,0.0,0.0
MARKET_ODDS_LE_1.5,actor_trainer_venue_condition_known,ACTOR,205,25,180,205,100.0,1.0,1.0,1.0,1.0,0.0,0.0,0.5,0.5,FLAT,0.0,0.0
MARKET_ODDS_LE_1.5,actor_trainer_venue_fallback_level,ACTOR,205,25,180,205,100.0,0.0,0.0,0.0,0.0,0.0,0.0,0.5,0.5,FLAT,0.0,0.0
MARKET_ODDS_LE_1.5,actor_trainer_distance_band_condition_known,DISTANCE,205,25,180,205,100.0,1.0,1.0,1.0,1.0,0.0,0.0,0.5,0.5,FLAT,0.0,0.0
MARKET_ODDS_LE_1.5,actor_trainer_distance_band_fallback_level,DISTANCE,205,25,180,205,100.0,0.0,0.0,0.0,0.0,0.0,0.0,0.5,0.5,FLAT,0.0,0.0
MARKET_ODDS_LE_1.5,actor_trainer_race_class_condition_known,ACTOR,205,25,180,205,100.0,1.0,1.0,1.0,1.0,0.0,0.0,0.5,0.5,FLAT,0.0,0.0
MARKET_ODDS_LE_1.5,actor_horse_jockey_known,ACTOR,205,25,180,205,100.0,1.0,1.0,1.0,1.0,0.0,0.0,0.5,0.5,FLAT,0.0,0.0
MARKET_ODDS_LE_1.5,auto_history_last_3f_missing_count,PACE_TIME,205,25,180,205,100.0,0.0,0.0,0.0,0.0,0.0,0.0,0.5,0.5,FLAT,0.0,0.0
MARKET_ODDS_LE_1.5,auto_history_speed_mps_missing_count,HISTORY_FRAGILITY,205,25,180,205,100.0,0.0,0.0,0.0,0.0,0.0,0.0,0.5,0.5,FLAT,0.0,0.0
MARKET_ODDS_LE_1.5,auto_history_distance_m_missing_count,DISTANCE,205,25,180,205,100.0,0.0,0.0,0.0,0.0,0.0,0.0,0.5,0.5,FLAT,0.0,0.0
MARKET_ODDS_LE_1.5,auto_history_body_weight_missing_count,WEIGHT_BODY,205,25,180,205,100.0,0.0,0.0,0.0,0.0,0.0,0.0,0.5,0.5,FLAT,0.0,0.0
MARKET_ODDS_LE_1.5,auto_history_carried_weight_missing_count,WEIGHT_BODY,205,25,180,205,100.0,0.0,0.0,0.0,0.0,0.0,0.0,0.5,0.5,FLAT,0.0,0.0
MARKET_ODDS_LE_1.5,auto_history_margin_large_rate,HISTORY_FRAGILITY,205,25,180,196,95.60975609756098,0.0,0.0,0.0,0.0,0.0,0.0,0.5,0.5,FLAT,4.0,4.444444444444445
MARKET_ODDS_LE_2.0,ped_sire_race_class_top3_rate,OTHER,609,107,502,599,98.35796387520526,0.25434606567232193,0.2912561737693029,0.24550898203592814,0.2565429353404037,-0.25307963403409117,0.25307963403409117,0.40932138037401194,0.5906786196259881,LOWER_COLLAPSE,1.8691588785046727,1.593625498007968
MARKET_ODDS_LE_2.0,previous_distance_m,DISTANCE,609,107,502,592,97.20853858784893,1877.8640776699028,1750.7770961145195,1800.0,1800.0,0.28595033979903367,0.28595033979903367,0.5899199872932674,0.5899199872932674,HIGHER_COLLAPSE,3.7383177570093453,2.589641434262948
MARKET_ODDS_LE_2.0,auto_history_distance_m_last,DISTANCE,609,107,502,592,97.20853858784893,1877.8640776699028,1750.7770961145195,1800.0,1800.0,0.28595033979903367,0.28595033979903367,0.5899199872932674,0.5899199872932674,HIGHER_COLLAPSE,3.7383177570093453,2.589641434262948
MARKET_ODDS_LE_2.0,opponent_recent_max_win_rate,FIELD_OPPONENT,609,107,502,592,97.20853858784893,0.5527731580558537,0.6322024569856175,0.5,0.5714285714285714,-0.3306440563810086,0.3306440563810086,0.4119264597851768,0.5880735402148232,LOWER_COLLAPSE,3.7383177570093453,2.589641434262948
MARKET_ODDS_LE_2.0,auto_field_recent_avg_last_3f_diff_mean,PACE_TIME,609,107,502,592,97.20853858784893,-0.4706352021540127,-0.9349293045774835,-0.4000000000000057,-0.7657142857142745,0.23506983372882526,0.23506983372882526,0.5871304624059404,0.5871304624059404,HIGHER_COLLAPSE,3.7383177570093453,2.589641434262948
MARKET_ODDS_LE_2.0,auto_history_distance_m_rolling_2_mean,DISTANCE,609,107,502,592,97.20853858784893,1862.0388349514562,1748.885480572597,1800.0,1800.0,0.26938416254873604,0.26938416254873604,0.5842515933051403,0.5842515933051403,HIGHER_COLLAPSE,3.7383177570093453,2.589641434262948
MARKET_ODDS_LE_2.0,timepace_even_pace_rate,PACE_TIME,609,107,502,592,97.20853858784893,0.3178109107720758,0.3929439737721946,0.3,0.4,-0.26702634828979105,0.26702634828979105,0.4175253638294915,0.5824746361705084,LOWER_COLLAPSE,3.7383177570093453,2.589641434262948
MARKET_ODDS_LE_2.0,auto_history_distance_m_ewma,DISTANCE,609,107,502,592,97.20853858784893,1845.607110921619,1743.6663683401782,1800.0,1750.0,0.2575616276724736,0.2575616276724736,0.5822066035300891,0.5822066035300891,HIGHER_COLLAPSE,3.7383177570093453,2.589641434262948
MARKET_ODDS_LE_2.0,auto_history_margin_lengths_previous_delta,HISTORY_FRAGILITY,609,107,502,401,65.84564860426929,0.3142857142857143,-0.13972809667673716,0.5,0.0,0.23312639488865272,0.23312639488865272,0.5787872248597324,0.5787872248597324,HIGHER_COLLAPSE,34.57943925233645,34.06374501992032
MARKET_ODDS_LE_2.0,opponent_recent_avg_starts,FIELD_OPPONENT,609,107,502,592,97.20853858784893,8.910544436225491,7.322691095053002,7.360019841269842,5.53011063011063,0.28796759482806217,0.28796759482806217,0.5784839279687096,0.5784839279687096,HIGHER_COLLAPSE,3.7383177570093453,2.589641434262948
MARKET_ODDS_LE_2.0,auto_history_distance_m_rolling_3_mean,DISTANCE,609,107,502,592,97.20853858784893,1839.3851132686086,1744.5603271983641,1800.0,1733.3333333333333,0.23620081211848085,0.23620081211848085,0.5766573351599261,0.5766573351599261,HIGHER_COLLAPSE,3.7383177570093453,2.589641434262948
MARKET_ODDS_LE_2.0,race_no,OTHER,609,107,502,609,100.0,6.794392523364486,5.894422310756972,7.0,6.0,0.26327592269902805,0.26327592269902805,0.5765070558885952,0.5765070558885952,HIGHER_COLLAPSE,0.0,0.0
MARKET_ODDS_LE_2.0,actor_horse_jockey_all_effective_win_rate,ACTOR,609,107,502,609,100.0,0.09175275837740518,0.08308136907218723,0.07291527685123415,0.07290306911729398,0.29326597912168106,0.29326597912168106,0.5743847041739584,0.5743847041739584,HIGHER_COLLAPSE,0.0,0.0
MARKET_ODDS_LE_2.0,actor_horse_jockey_recent_effective_win_rate,ACTOR,609,107,502,609,100.0,0.09175275837740518,0.08308136907218723,0.07291527685123415,0.07290306911729398,0.29326597912168106,0.29326597912168106,0.5743847041739584,0.5743847041739584,HIGHER_COLLAPSE,0.0,0.0
MARKET_ODDS_LE_2.0,auto_history_distance_m_rolling_5_mean,DISTANCE,609,107,502,592,97.20853858784893,1816.5113268608416,1736.229720518064,1800.0,1760.0,0.22191153992452495,0.22191153992452495,0.574354239879286,0.574354239879286,HIGHER_COLLAPSE,3.7383177570093453,2.589641434262948
MARKET_ODDS_LE_2.0,auto_field_recent_top3_rate_zscore,FIELD_OPPONENT,609,107,502,592,97.20853858784893,1.7362201719105963,1.9337947097730968,1.6628446578141154,1.9500337378997745,-0.24236179136551209,0.24236179136551209,0.4272837373677209,0.572716262632279,LOWER_COLLAPSE,3.7383177570093453,2.589641434262948
MARKET_ODDS_LE_2.0,actor_trainer_venue_starts,ACTOR,609,107,502,609,100.0,238.98130841121494,278.003984063745,203.0,264.0,-0.23146971820228848,0.23146971820228848,0.42847302379267976,0.5715269762073203,LOWER_COLLAPSE,0.0,0.0
MARKET_ODDS_LE_2.0,actor_trainer_venue_win_observations,ACTOR,609,107,502,609,100.0,238.98130841121494,278.003984063745,203.0,264.0,-0.23146971820228848,0.23146971820228848,0.42847302379267976,0.5715269762073203,LOWER_COLLAPSE,0.0,0.0
MARKET_ODDS_LE_2.0,actor_trainer_venue_top3_observations,ACTOR,609,107,502,609,100.0,238.98130841121494,278.003984063745,203.0,264.0,-0.23146971820228848,0.23146971820228848,0.42847302379267976,0.5715269762073203,LOWER_COLLAPSE,0.0,0.0
MARKET_ODDS_LE_2.0,ped_sire_venue_avg_margin_lengths,RACE_CONDITION,609,107,502,590,96.88013136288998,2.043289633235832,1.9742462341504252,1.9797794117647058,1.944767441860465,0.17810195602044915,0.17810195602044915,0.5706524989533701,0.5706524989533701,HIGHER_COLLAPSE,3.7383177570093453,2.9880478087649402
MARKET_ODDS_LE_2.0,auto_history_distance_m_max,DISTANCE,609,107,502,592,97.20853858784893,2005.2427184466019,1892.597137014315,2000.0,1800.0,0.25528738256783295,0.25528738256783295,0.5699366648797825,0.5699366648797825,HIGHER_COLLAPSE,3.7383177570093453,2.589641434262948
MARKET_ODDS_LE_2.0,auto_field_recent_top3_rate_diff_median,FIELD_OPPONENT,609,107,502,592,97.20853858784893,0.520064724919094,0.5853442399454669,0.5,0.6,-0.23160242071773,0.23160242071773,0.4308972144459666,0.5691027855540334,LOWER_COLLAPSE,3.7383177570093453,2.589641434262948
MARKET_ODDS_LE_2.0,auto_history_distance_m_recency_weighted_mean,DISTANCE,609,107,502,592,97.20853858784893,1794.622507868758,1721.2252831723715,1800.0,1752.3809523809523,0.22618597490434073,0.22618597490434073,0.5677328409474457,0.5677328409474457,HIGHER_COLLAPSE,3.7383177570093453,2.589641434262948
MARKET_ODDS_LE_2.0,ped_sire_race_class_effective_top3_rate,OTHER,609,107,502,609,100.0,0.24225333511726097,0.25770852214445467,0.24398286836231034,0.25365674229914525,-0.28029439146245355,0.28029439146245355,0.43284804706408014,0.5671519529359199,LOWER_COLLAPSE,0.0,0.0
MARKET_ODDS_LE_2.0,distance_m,DISTANCE,609,107,502,609,100.0,1854.2990654205607,1748.2669322709164,1800.0,1800.0,0.22907444414082684,0.22907444414082684,0.5661187027590572,0.5661187027590572,HIGHER_COLLAPSE,0.0,0.0
MARKET_ODDS_LE_2.0,auto_margin_gap_within_300m_median,HISTORY_FRAGILITY,609,107,502,497,81.60919540229885,1.9,1.6947815533980584,1.75,1.5,0.1850563348060109,0.1850563348060109,0.5648772130211308,0.5648772130211308,HIGHER_COLLAPSE,20.5607476635514,17.928286852589643
MARKET_ODDS_LE_2.0,opponent_history_max_field_elo,FIELD_OPPONENT,609,107,502,592,97.20853858784893,1561.4860892496274,1552.6676768392074,1557.9020335069017,1542.2457952475872,0.21459474403314216,0.21459474403314216,0.5648241904421546,0.5648241904421546,HIGHER_COLLAPSE,3.7383177570093453,2.589641434262948
MARKET_ODDS_LE_2.0,actor_trainer_venue_effective_starts,ACTOR,609,107,502,609,100.0,242.6448598130841,278.0318725099602,216.0,264.0,-0.21015018179857345,0.21015018179857345,0.43564992366980676,0.5643500763301932,LOWER_COLLAPSE,0.0,0.0
MARKET_ODDS_LE_2.0,opponent_previous_avg_starts,FIELD_OPPONENT,609,107,502,592,97.20853858784893,10.31472382874439,8.823104554266589,8.625,5.615384615384615,0.2189777190832681,0.2189777190832681,0.5639208211725931,0.5639208211725931,HIGHER_COLLAPSE,3.7383177570093453,2.589641434262948
MARKET_ODDS_LE_2.0,timepace_fast_pace_rate,PACE_TIME,609,107,502,592,97.20853858784893,0.33170750500847584,0.2668338364657383,0.3,0.25,0.26315522363729554,0.26315522363729554,0.5638910397681022,0.5638910397681022,HIGHER_COLLAPSE,3.7383177570093453,2.589641434262948
MARKET_ODDS_LE_2.0,distx_recent_avg_distance_m,DISTANCE,609,107,502,592,97.20853858784893,1774.4664972878174,1710.4062881642822,1800.0,1750.0,0.2216313440492276,0.2216313440492276,0.5637719141501379,0.5637719141501379,HIGHER_COLLAPSE,3.7383177570093453,2.589641434262948
MARKET_ODDS_LE_2.0,auto_history_distance_m_mean,DISTANCE,609,107,502,592,97.20853858784893,1774.4664972878174,1710.7928693798415,1800.0,1750.0,0.2198242006553297,0.2198242006553297,0.5636130799928525,0.5636130799928525,HIGHER_COLLAPSE,3.7383177570093453,2.589641434262948
MARKET_ODDS_LE_2.0,actor_horse_jockey_all_win_rate,ACTOR,609,107,502,370,60.75533661740559,0.3300106609808102,0.25073078736445076,0.2,0.0,0.21173635270245103,0.21173635270245103,0.5635436677996157,0.5635436677996157,HIGHER_COLLAPSE,37.38317757009346,39.6414342629482
MARKET_ODDS_LE_2.0,actor_horse_jockey_recent_win_rate,ACTOR,609,107,502,370,60.75533661740559,0.3300106609808102,0.25073078736445076,0.2,0.0,0.21173635270245103,0.21173635270245103,0.5635436677996157,0.5635436677996157,HIGHER_COLLAPSE,37.38317757009346,39.6414342629482
MARKET_ODDS_LE_2.0,auto_field_recent_avg_last_3f_diff_median,PACE_TIME,609,107,502,592,97.20853858784893,-0.5006472491909378,-0.9335957736877979,-0.4100000000000037,-0.6000000000000014,0.20522022198860426,0.20522022198860426,0.5630869418468442,0.5630869418468442,HIGHER_COLLAPSE,3.7383177570093453,2.589641434262948
MARKET_ODDS_LE_2.0,auto_field_recent_avg_last_3f_zscore,PACE_TIME,609,107,502,592,97.20853858784893,-0.44175466283205594,-0.6163886970329995,-0.39373700318177557,-0.6258967788485471,0.22418527137580646,0.22418527137580646,0.5628486906109159,0.5628486906109159,HIGHER_COLLAPSE,3.7383177570093453,2.589641434262948
MARKET_ODDS_LE_2.0,ped_sire_course_layout_effective_avg_margin_lengths,RACE_CONDITION,609,107,502,609,100.0,2.0221957621756013,1.9912779567358951,1.9866730922008637,1.9500499515402543,0.17688605701912388,0.17688605701912388,0.5626373012622408,0.5626373012622408,HIGHER_COLLAPSE,0.0,0.0
MARKET_ODDS_LE_2.0,auto_history_distance_m_linear_trend,DISTANCE,609,107,502,518,85.0574712643678,18.933878965273546,10.629443537403223,0.5494505494505495,0.0,0.0820825793012888,0.0820825793012888,0.5625311018569445,0.5625311018569445,HIGHER_COLLAPSE,16.822429906542055,14.54183266932271
MARKET_ODDS_LE_2.0,auto_field_recent_top3_rate_gap_to_top3_mean,FIELD_OPPONENT,609,107,502,592,97.20853858784893,0.09989212513484362,0.14136559872756188,0.06666666666666665,0.13333333333333341,-0.21185966309045395,0.21185966309045395,0.437637738995771,0.5623622610042289,LOWER_COLLAPSE,3.7383177570093453,2.589641434262948
MARKET_ODDS_LE_2.0,auto_field_recent_top3_rate_diff_mean,FIELD_OPPONENT,609,107,502,592,97.20853858784893,0.4518140336037252,0.49864909233007393,0.4363636363636364,0.5047619047619047,-0.2097701720312661,0.2097701720312661,0.43805467865864556,0.5619453213413544,LOWER_COLLAPSE,3.7383177570093453,2.589641434262948
MARKET_ODDS_LE_2.0,auto_margin_gap_same_going_median,HISTORY_FRAGILITY,609,107,502,421,69.12972085385879,1.4367088607594938,1.6721491228070176,1.25,1.25,-0.21574307595503528,0.21574307595503528,0.43902213339255314,0.5609778666074469,LOWER_COLLAPSE,26.168224299065418,31.872509960159363
MARKET_ODDS_LE_2.0,age,OTHER,609,107,502,609,100.0,3.411214953271028,3.197211155378486,3.0,3.0,0.21464433048321832,0.21464433048321832,0.560961760434896,0.560961760434896,HIGHER_COLLAPSE,0.0,0.0
MARKET_ODDS_LE_2.0,opponent_previous_max_win_rate,FIELD_OPPONENT,609,107,502,592,97.20853858784893,0.3584778812710596,0.4062449878271379,0.2857142857142857,0.3333333333333333,-0.18582369212199432,0.18582369212199432,0.4392360077034566,0.5607639922965434,LOWER_COLLAPSE,3.7383177570093453,2.589641434262948
MARKET_ODDS_LE_2.0,ped_sire_course_layout_avg_margin_lengths,RACE_CONDITION,609,107,502,606,99.50738916256158,2.0418318661111536,1.9911159048803466,1.9860401993905037,1.9478101403485009,0.21811759305517736,0.21811759305517736,0.5606037735849057,0.5606037735849057,HIGHER_COLLAPSE,0.9345794392523363,0.398406374501992
MARKET_ODDS_LE_2.0,ped_sire_venue_effective_avg_margin_lengths,RACE_CONDITION,609,107,502,609,100.0,2.0205464948003,1.9813070955278898,1.9812069877598377,1.9557375940290869,0.18755709000821336,0.18755709000821336,0.5604311725062368,0.5604311725062368,HIGHER_COLLAPSE,0.0,0.0
MARKET_ODDS_LE_2.0,auto_margin_gap_same_going_success_rate,HISTORY_FRAGILITY,609,107,502,468,76.84729064039408,0.4842687674083023,0.4107965986892688,0.5,0.34523809523809523,0.19937051464412378,0.19937051464412378,0.5602855229514185,0.5602855229514185,HIGHER_COLLAPSE,19.626168224299064,23.904382470119522
MARKET_ODDS_LE_2.0,network_field_avg_elo,FIELD_OPPONENT,609,107,502,609,100.0,1516.9812828830316,1513.1569386640542,1508.6967482763096,1503.7495336615434,0.16930382611660746,0.16930382611660746,0.5593886137692222,0.5593886137692222,HIGHER_COLLAPSE,0.0,0.0
MARKET_ODDS_LE_2.0,opponent_current_field_avg_elo,FIELD_OPPONENT,609,107,502,609,100.0,1516.9812828830316,1513.1569386640542,1508.6967482763096,1503.7495336615434,0.16930382611660746,0.16930382611660746,0.5593886137692222,0.5593886137692222,HIGHER_COLLAPSE,0.0,0.0
MARKET_ODDS_LE_2.0,actor_jockey_distance_band_starts,DISTANCE,609,107,502,609,100.0,1060.8878504672898,1204.5637450199204,1034.0,1254.0,-0.20158840341960146,0.20158840341960146,0.44123505976095617,0.5587649402390438,LOWER_COLLAPSE,0.0,0.0
MARKET_ODDS_LE_2.0,actor_jockey_distance_band_win_observations,DISTANCE,609,107,502,609,100.0,1060.8878504672898,1204.5637450199204,1034.0,1254.0,-0.20158840341960146,0.20158840341960146,0.44123505976095617,0.5587649402390438,LOWER_COLLAPSE,0.0,0.0
MARKET_ODDS_LE_2.0,actor_jockey_distance_band_top3_observations,DISTANCE,609,107,502,609,100.0,1060.8878504672898,1204.5637450199204,1034.0,1254.0,-0.20158840341960146,0.20158840341960146,0.44123505976095617,0.5587649402390438,LOWER_COLLAPSE,0.0,0.0
MARKET_ODDS_LE_2.0,recent_win_rate,HISTORY_FRAGILITY,609,107,502,592,97.20853858784893,0.22880258899676376,0.17259713701431495,0.2,0.0,0.2195809349653266,0.2195809349653266,0.5586693668473405,0.5586693668473405,HIGHER_COLLAPSE,3.7383177570093453,2.589641434262948
MARKET_ODDS_LE_2.0,auto_field_recent_top3_rate_gap_to_top2_mean,FIELD_OPPONENT,609,107,502,592,97.20853858784893,0.018689320388349515,0.04969325153374233,0.0,0.0,-0.17612718984515624,0.17612718984515624,0.4414001230964719,0.5585998769035281,LOWER_COLLAPSE,3.7383177570093453,2.589641434262948
MARKET_ODDS_LE_2.0,auto_margin_gap_same_class_median,HISTORY_FRAGILITY,609,107,502,362,59.44170771756979,1.8258928571428572,1.6707516339869282,1.625,1.5,0.13979449764281704,0.13979449764281704,0.5583566760037348,0.5583566760037348,HIGHER_COLLAPSE,47.66355140186916,39.04382470119522
MARKET_ODDS_LE_2.0,actor_jockey_distance_band_effective_starts,DISTANCE,609,107,502,609,100.0,1061.9252336448599,1204.5916334661354,1034.0,1254.0,-0.20025522993825665,0.20025522993825665,0.4417284134490077,0.5582715865509923,LOWER_COLLAPSE,0.0,0.0
MARKET_ODDS_LE_2.0,ped_sire_surface_top3_rate,RACE_CONDITION,609,107,502,608,99.83579638752053,0.2653074889581535,0.27661768118534025,0.2558314522197141,0.2647058823529412,-0.11886675318827454,0.11886675318827454,0.4417706642789188,0.5582293357210812,LOWER_COLLAPSE,0.0,0.199203187250996
MARKET_ODDS_LE_2.0,auto_history_body_weight_stddev,WEIGHT_BODY,609,107,502,592,97.20853858784893,4.515307979504205,3.9964643607856454,4.32961454752932,3.4409301068170506,0.16619126525806607,0.16619126525806607,0.5570413167351639,0.5570413167351639,HIGHER_COLLAPSE,3.7383177570093453,2.589641434262948
MARKET_ODDS_LE_2.0,auto_history_body_weight_variance,WEIGHT_BODY,609,107,502,592,97.20853858784893,30.34613104464775,25.634002489182144,18.745562130177518,11.84,0.12404933249421297,0.12404933249421297,0.5569817539261819,0.5569817539261819,HIGHER_COLLAPSE,3.7383177570093453,2.589641434262948
MARKET_ODDS_LE_2.0,auto_margin_gap_same_going_mean,HISTORY_FRAGILITY,609,107,502,421,69.12972085385879,1.555997360585968,1.7639737759803547,1.3214285714285714,1.5,-0.19146855225101053,0.19146855225101053,0.4432415426752535,0.5567584573247465,LOWER_COLLAPSE,26.168224299065418,31.872509960159363
MARKET_ODDS_LE_2.0,auto_field_recent_top3_rate_gap_to_best,FIELD_OPPONENT,609,107,502,592,97.20853858784893,-0.09045307443365695,-0.06312201772324473,0.0,0.0,-0.1892929150273804,0.1892929150273804,0.44327635157940715,0.5567236484205929,LOWER_COLLAPSE,3.7383177570093453,2.589641434262948
MARKET_ODDS_LE_2.0,ped_sire_going_starts,OTHER,609,107,502,609,100.0,2097.644859813084,1704.0298804780878,1084.0,856.5,0.19244203791217454,0.19244203791217454,0.5566798227650147,0.5566798227650147,HIGHER_COLLAPSE,0.0,0.0
MARKET_ODDS_LE_2.0,ped_sire_going_win_observations,OTHER,609,107,502,609,100.0,2097.644859813084,1704.0298804780878,1084.0,856.5,0.19244203791217454,0.19244203791217454,0.5566798227650147,0.5566798227650147,HIGHER_COLLAPSE,0.0,0.0
MARKET_ODDS_LE_2.0,ped_sire_going_top3_observations,OTHER,609,107,502,609,100.0,2097.644859813084,1704.0298804780878,1084.0,856.5,0.19244203791217454,0.19244203791217454,0.5566798227650147,0.5566798227650147,HIGHER_COLLAPSE,0.0,0.0
MARKET_ODDS_LE_2.0,auto_history_distance_m_median,DISTANCE,609,107,502,592,97.20853858784893,1764.9514563106795,1700.5521472392638,1800.0,1800.0,0.21434494971287107,0.21434494971287107,0.5560585303869597,0.5560585303869597,HIGHER_COLLAPSE,3.7383177570093453,2.589641434262948
MARKET_ODDS_LE_2.0,auto_field_recent_win_rate_zscore,FIELD_OPPONENT,609,107,502,592,97.20853858784893,0.7954773258321648,0.589822862973933,0.21566554640687685,0.0,0.20412736677850635,0.20412736677850635,0.555979113308317,0.555979113308317,HIGHER_COLLAPSE,3.7383177570093453,2.589641434262948
MARKET_ODDS_LE_2.0,auto_history_margin_lengths_gap_to_best,HISTORY_FRAGILITY,609,107,502,535,87.84893267651888,0.8723404255319149,0.7125850340136054,0.5,0.0,0.1273055654003056,0.1273055654003056,0.5559415255463888,0.5559415255463888,HIGHER_COLLAPSE,12.149532710280374,12.151394422310757
MARKET_ODDS_LE_2.0,auto_field_recent_avg_last_3f_gap_to_top2_mean,PACE_TIME,609,107,502,592,97.20853858784893,2.2046278317152113,1.4305419222903888,0.9200000000000017,0.6999999999999957,0.2712655287861409,0.2712655287861409,0.5559096233645046,0.5559096233645046,HIGHER_COLLAPSE,3.7383177570093453,2.589641434262948
MARKET_ODDS_LE_2.0,auto_field_recent_avg_last_3f_gap_to_top3_mean,PACE_TIME,609,107,502,592,97.20853858784893,1.6913214670981667,1.0622335832765282,0.7199999999999989,0.5200000000000031,0.2565242866622084,0.2565242866622084,0.5558500605555224,0.5558500605555224,HIGHER_COLLAPSE,3.7383177570093453,2.589641434262948
MARKET_ODDS_LE_2.0,auto_margin_gap_same_going_starts,HISTORY_FRAGILITY,609,107,502,609,100.0,3.869158878504673,3.039840637450199,3.0,2.0,0.25593574738561414,0.25593574738561414,0.5557396581896712,0.5557396581896712,HIGHER_COLLAPSE,0.0,0.0
MARKET_ODDS_LE_2.0,body_weight,WEIGHT_BODY,609,107,502,609,100.0,491.10280373831773,485.49402390438246,488.0,484.0,0.21048512373963438,0.21048512373963438,0.5554510928249619,0.5554510928249619,HIGHER_COLLAPSE,0.0,0.0
MARKET_ODDS_LE_2.0,ped_sire_going_margin_observations,HISTORY_FRAGILITY,609,107,502,609,100.0,1115.1028037383178,943.5139442231076,673.0,485.5,0.1636331851022354,0.1636331851022354,0.5552928473023793,0.5552928473023793,HIGHER_COLLAPSE,0.0,0.0
MARKET_ODDS_LE_2.0,opponent_strong_opponent_beat_rate,FIELD_OPPONENT,609,107,502,434,71.26436781609196,0.6199541333166053,0.6818988904993335,0.6842105263157895,0.7333333333333333,-0.2208572441058673,0.2208572441058673,0.44477669359633476,0.5552233064036652,LOWER_COLLAPSE,24.299065420560748,29.681274900398407
MARKET_ODDS_LE_2.0,ped_sire_going_effective_starts,OTHER,609,107,502,609,100.0,2097.8130841121497,2307.2788844621514,1084.0,868.0,-0.016922033316365347,0.016922033316365347,0.5551625274602524,0.5551625274602524,LOWER_COLLAPSE,0.0,0.0
MARKET_ODDS_LE_2.0,ped_sire_race_class_win_rate,OTHER,609,107,502,599,98.35796387520526,0.10521618149176798,0.10394827027729421,0.08188882247459653,0.09111664591116646,0.012929366604264423,0.012929366604264423,0.44560439560439563,0.5543956043956044,HIGHER_COLLAPSE,1.8691588785046727,1.593625498007968
MARKET_ODDS_LE_2.0,ped_sire_going_effective_margin_observations,HISTORY_FRAGILITY,609,107,502,609,100.0,1115.214953271028,1255.4362549800796,673.0,490.5,-0.021923147987539957,0.021923147987539957,0.5537383177570093,0.5537383177570093,LOWER_COLLAPSE,0.0,0.0
MARKET_ODDS_LE_2.0,auto_history_body_weight_coefficient_of_variation,WEIGHT_BODY,609,107,502,592,97.20853858784893,0.009187564803824355,0.008247654930967654,0.008832787871630542,0.007234924530733916,0.14783617424933804,0.14783617424933804,0.5534377667917486,0.5534377667917486,HIGHER_COLLAPSE,3.7383177570093453,2.589641434262948
MARKET_ODDS_LE_2.0,ped_sire_all_effective_avg_margin_lengths,HISTORY_FRAGILITY,609,107,502,609,100.0,2.016478203709904,1.992569888581185,1.9797265593153428,1.9573953306376466,0.14667341329689448,0.14667341329689448,0.5533473582306289,0.5533473582306289,HIGHER_COLLAPSE,0.0,0.0
MARKET_ODDS_LE_2.0,auto_field_recent_top3_rate_rank,FIELD_OPPONENT,609,107,502,592,97.20853858784893,1.5048543689320388,1.343558282208589,1.0,1.0,0.210616842426918,0.210616842426918,0.5531796612861596,0.5531796612861596,HIGHER_COLLAPSE,3.7383177570093453,2.589641434262948
MARKET_ODDS_LE_2.0,ped_sire_all_avg_margin_lengths,HISTORY_FRAGILITY,609,107,502,608,99.83579638752053,2.0212441930807965,1.9905027313338415,1.9794997421351213,1.955213040671401,0.1518779106701825,0.1518779106701825,0.5531553714999907,0.5531553714999907,HIGHER_COLLAPSE,0.0,0.199203187250996
MARKET_ODDS_LE_2.0,auto_field_recent_win_rate_diff_mean,FIELD_OPPONENT,609,107,502,592,97.20853858784893,0.12936387531868684,0.09604173550485051,0.015000000000000013,0.0,0.1879891150233999,0.1879891150233999,0.5527627216232851,0.5527627216232851,HIGHER_COLLAPSE,3.7383177570093453,2.589641434262948
MARKET_ODDS_LE_2.0,auto_history_distance_m_min,DISTANCE,609,107,502,592,97.20853858784893,1612.621359223301,1564.3353783231084,1600.0,1600.0,0.180849184116742,0.180849184116742,0.5526535231401513,0.5526535231401513,HIGHER_COLLAPSE,3.7383177570093453,2.589641434262948
MARKET_ODDS_LE_2.0,ped_damsire_race_class_top3_rate,OTHER,609,107,502,598,98.19376026272579,0.24602093273639772,0.2754165074572161,0.2265183689386776,0.2338370358013364,-0.20594129515046486,0.20594129515046486,0.4480365086669735,0.5519634913330265,LOWER_COLLAPSE,0.9345794392523363,1.9920318725099602
MARKET_ODDS_LE_2.0,ped_sire_going_top3_rate,OTHER,609,107,502,605,99.3431855500821,0.253649404762339,0.26814694069199946,0.2476038338658147,0.2568209066187995,-0.15307701042435964,0.15307701042435964,0.44833539766542807,0.5516646023345719,LOWER_COLLAPSE,0.0,0.796812749003984
MARKET_ODDS_LE_2.0,auto_field_recent_avg_last_3f_gap_to_best,PACE_TIME,609,107,502,592,97.20853858784893,3.155501618122978,1.981680299931834,1.0800000000000125,0.9000000000000057,0.2927573038445142,0.2927573038445142,0.5515218297694919,0.5515218297694919,HIGHER_COLLAPSE,3.7383177570093453,2.589641434262948
MARKET_ODDS_LE_2.0,opponent_history_avg_field_elo,FIELD_OPPONENT,609,107,502,592,97.20853858784893,1510.4294329897805,1507.9763166467271,1505.0045392399013,1502.6101630462167,0.19494100427105523,0.19494100427105523,0.5504993348819663,0.5504993348819663,HIGHER_COLLAPSE,3.7383177570093453,2.589641434262948
MARKET_ODDS_LE_2.0,timepace_recent_avg_normalized_early_pace,PACE_TIME,609,107,502,588,96.55172413793103,-0.024915130096803073,-1830.8606793592637,0.049973263172282345,-0.030201129297409937,0.04986309212216982,0.04986309212216982,0.5500282417493747,0.5500282417493747,HIGHER_COLLAPSE,4.672897196261682,3.187250996015936
MARKET_ODDS_LE_2.0,ped_sire_all_top3_rate,OTHER,609,107,502,608,99.83579638752053,0.25694937956549435,0.26891362779405314,0.2528631157971278,0.25769805680119584,-0.13601608888637612,0.13601608888637612,0.4517133956386293,0.5482866043613708,LOWER_COLLAPSE,0.0,0.199203187250996
MARKET_ODDS_LE_2.0,opponent_strong_opponents_faced,FIELD_OPPONENT,609,107,502,609,100.0,19.14018691588785,14.119521912350598,6.0,4.0,0.21815437946318353,0.21815437946318353,0.548022861823733,0.548022861823733,HIGHER_COLLAPSE,0.0,0.0
MARKET_ODDS_LE_2.0,auto_field_recent_top3_rate_percentile,FIELD_OPPONENT,609,107,502,592,97.20853858784893,0.9572368086574254,0.967124349179564,1.0,1.0,-0.13702405524159,0.13702405524159,0.45214128298290546,0.5478587170170945,LOWER_COLLAPSE,3.7383177570093453,2.589641434262948
MARKET_ODDS_LE_2.0,carried_weight,WEIGHT_BODY,609,107,502,609,100.0,56.39719626168224,56.08764940239044,56.0,56.0,0.18230566387632452,0.18230566387632452,0.5477156793387199,0.5477156793387199,HIGHER_COLLAPSE,0.0,0.0
MARKET_ODDS_LE_2.0,actor_jockey_race_class_effective_starts,ACTOR,609,107,502,609,100.0,640.8878504672897,702.4940239043825,579.0,665.0,-0.15313944638584387,0.15313944638584387,0.4523215549018878,0.5476784450981123,LOWER_COLLAPSE,0.0,0.0
MARKET_ODDS_LE_2.0,actor_jockey_race_class_starts,ACTOR,609,107,502,609,100.0,640.8878504672897,702.4721115537849,579.0,665.0,-0.1530730323363133,0.1530730323363133,0.4523215549018878,0.5476784450981123,LOWER_COLLAPSE,0.0,0.0
MARKET_ODDS_LE_2.0,actor_jockey_race_class_win_observations,ACTOR,609,107,502,609,100.0,640.8878504672897,702.4721115537849,579.0,665.0,-0.1530730323363133,0.1530730323363133,0.4523215549018878,0.5476784450981123,LOWER_COLLAPSE,0.0,0.0
MARKET_ODDS_LE_2.0,actor_jockey_race_class_top3_observations,ACTOR,609,107,502,609,100.0,640.8878504672897,702.4721115537849,579.0,665.0,-0.1530730323363133,0.1530730323363133,0.4523215549018878,0.5476784450981123,LOWER_COLLAPSE,0.0,0.0
MARKET_ODDS_LE_2.0,auto_field_network_elo_rating_zscore,FIELD_OPPONENT,609,107,502,609,100.0,0.9400850258879347,1.090055576470143,0.9195755435339596,1.1628609391844795,-0.1696091865846934,0.1696091865846934,0.45235878914249544,0.5476412108575046,LOWER_COLLAPSE,0.0,0.0
MARKET_ODDS_LE_2.0,auto_margin_gap_within_200m_median,HISTORY_FRAGILITY,609,107,502,494,81.11658456486043,1.8541666666666667,1.713109756097561,1.6875,1.5,0.12317381630667269,0.12317381630667269,0.5473867595818815,0.5473867595818815,HIGHER_COLLAPSE,21.49532710280374,18.326693227091635
MARKET_ODDS_LE_2.0,timepace_even_pace_top3_rate,PACE_TIME,609,107,502,485,79.63875205254516,0.6462222222222221,0.7057317073170732,0.6666666666666666,0.9166666666666667,-0.168754509772975,0.168754509772975,0.4529268292682927,0.5470731707317074,LOWER_COLLAPSE,29.906542056074763,18.326693227091635
MARKET_ODDS_LE_2.0,auto_pair_carried_weight_vs_recent_mean_normalized_diff,WEIGHT_BODY,609,107,502,592,97.20853858784893,0.006478330617351472,0.004123524329173058,0.007067137809187254,0.004405286343612335,0.18492957163029955,0.18492957163029955,0.5470347648261759,0.5470347648261759,HIGHER_COLLAPSE,3.7383177570093453,2.589641434262948
MARKET_ODDS_LE_2.0,auto_pair_carried_weight_vs_recent_mean_ratio,WEIGHT_BODY,609,107,502,592,97.20853858784893,1.0133838834946338,1.0086042429957192,1.0142348754448398,1.008849557522124,0.1866042696489931,0.1866042696489931,0.5470248376913456,0.5470248376913456,HIGHER_COLLAPSE,3.7383177570093453,2.589641434262948
MARKET_ODDS_LE_2.0,ped_sire_surface_effective_top3_rate,RACE_CONDITION,609,107,502,609,100.0,0.2536461130415992,0.2611792196246425,0.2552780959479087,0.2615969172086312,-0.14377386084042393,0.14377386084042393,0.4530569311538891,0.5469430688461109,LOWER_COLLAPSE,0.0,0.0
MARKET_ODDS_LE_2.0,network_field_max_elo,FIELD_OPPONENT,609,107,502,609,100.0,1552.0256324351528,1546.9677982219323,1548.5738982291612,1536.5305812928236,0.1371021160988358,0.1371021160988358,0.5469058346055032,0.5469058346055032,HIGHER_COLLAPSE,0.0,0.0
MARKET_ODDS_LE_2.0,opponent_current_field_max_elo,FIELD_OPPONENT,609,107,502,609,100.0,1552.0256324351528,1546.9677982219323,1548.5738982291612,1536.5305812928236,0.1371021160988358,0.1371021160988358,0.5469058346055032,0.5469058346055032,HIGHER_COLLAPSE,0.0,0.0
MARKET_ODDS_LE_2.0,actor_trainer_distance_band_effective_starts,DISTANCE,609,107,502,609,100.0,472.803738317757,518.8705179282869,435.0,540.0,-0.15703332093875239,0.15703332093875239,0.453177942435864,0.546822057564136,LOWER_COLLAPSE,0.0,0.0
MARKET_ODDS_LE_2.0,actor_trainer_distance_band_starts,DISTANCE,609,107,502,609,100.0,472.803738317757,518.8426294820717,435.0,540.0,-0.15691672967257128,0.15691672967257128,0.45319655955616783,0.5468034404438322,LOWER_COLLAPSE,0.0,0.0
MARKET_ODDS_LE_2.0,actor_trainer_distance_band_win_observations,DISTANCE,609,107,502,609,100.0,472.803738317757,518.8426294820717,435.0,540.0,-0.15691672967257128,0.15691672967257128,0.45319655955616783,0.5468034404438322,LOWER_COLLAPSE,0.0,0.0
MARKET_ODDS_LE_2.0,actor_trainer_distance_band_top3_observations,DISTANCE,609,107,502,609,100.0,472.803738317757,518.8426294820717,435.0,540.0,-0.15691672967257128,0.15691672967257128,0.45319655955616783,0.5468034404438322,LOWER_COLLAPSE,0.0,0.0
MARKET_ODDS_LE_2.0,ped_sire_distance_band_effective_avg_margin_lengths,DISTANCE,609,107,502,609,100.0,2.0709154473451283,2.017692024199011,2.0246738848700425,2.0032058705259166,0.21433944481877254,0.21433944481877254,0.5466824291618573,0.5466824291618573,HIGHER_COLLAPSE,0.0,0.0
MARKET_ODDS_LE_2.0,auto_margin_gap_within_300m_mean,HISTORY_FRAGILITY,609,107,502,497,81.60919540229885,1.9779866946778715,1.813980499341543,1.75,1.5625,0.15094989681254348,0.15094989681254348,0.5466019417475728,0.5466019417475728,HIGHER_COLLAPSE,20.5607476635514,17.928286852589643
MARKET_ODDS_LE_2.0,auto_pair_carried_weight_vs_recent_mean_diff,WEIGHT_BODY,609,107,502,592,97.20853858784893,0.7457522324613312,0.47795743141737357,0.7999999999999972,0.5,0.1875259949161754,0.1875259949161754,0.5463795739273731,0.5463795739273731,HIGHER_COLLAPSE,3.7383177570093453,2.589641434262948
MARKET_ODDS_LE_2.0,ped_sire_course_layout_effective_top3_rate,RACE_CONDITION,609,107,502,609,100.0,0.24749925067475756,0.2556267619265529,0.25123541353645773,0.2557927410068718,-0.16999987689388626,0.16999987689388626,0.45372714748482706,0.546272852515173,LOWER_COLLAPSE,0.0,0.0
MARKET_ODDS_LE_2.0,ped_sire_venue_top3_rate,RACE_CONDITION,609,107,502,596,97.86535303776684,0.25206971406481826,0.2771445306185834,0.250643666323378,0.25975128436928097,-0.20168884442338583,0.20168884442338583,0.4538481081926204,0.5461518918073796,LOWER_COLLAPSE,2.803738317757009,1.9920318725099602
MARKET_ODDS_LE_2.0,network_field_elo_spread,FIELD_OPPONENT,609,107,502,609,100.0,73.4248899046659,67.89708192980537,70.86757639169991,62.35446841058467,0.1431017682260266,0.1431017682260266,0.545937744349704,0.545937744349704,HIGHER_COLLAPSE,0.0,0.0
MARKET_ODDS_LE_2.0,opponent_current_field_elo_spread,FIELD_OPPONENT,609,107,502,609,100.0,73.4248899046659,67.89708192980537,70.86757639169991,62.35446841058467,0.1431017682260266,0.1431017682260266,0.545937744349704,0.545937744349704,HIGHER_COLLAPSE,0.0,0.0
MARKET_ODDS_LE_2.0,timepace_fast_pace_starts,PACE_TIME,609,107,502,609,100.0,2.0186915887850465,1.5896414342629481,1.0,1.0,0.23476297675072297,0.23476297675072297,0.5456771046654504,0.5456771046654504,HIGHER_COLLAPSE,0.0,0.0
MARKET_ODDS_LE_2.0,auto_history_distance_m_previous_delta,DISTANCE,609,107,502,518,85.0574712643678,36.62921348314607,4.312354312354312,0.0,0.0,0.1401810477941869,0.1401810477941869,0.5454807364919725,0.5454807364919725,HIGHER_COLLAPSE,16.822429906542055,14.54183266932271
MARKET_ODDS_LE_2.0,auto_margin_gap_same_class_mean,HISTORY_FRAGILITY,609,107,502,362,59.44170771756979,1.9141014739229025,1.794326670061964,1.6625,1.5,0.10811034379031716,0.10811034379031716,0.5454014939309056,0.5454014939309056,HIGHER_COLLAPSE,47.66355140186916,39.04382470119522
MARKET_ODDS_LE_2.0,ped_sire_course_layout_top3_rate,RACE_CONDITION,609,107,502,607,99.67159277504105,0.2639908818894145,0.26937778003992036,0.2539954337899543,0.26163875542099446,-0.05725615711367204,0.05725615711367204,0.455411214953271,0.544588785046729,LOWER_COLLAPSE,0.0,0.398406374501992
MARKET_ODDS_LE_2.0,jockey_continues,ACTOR,609,107,502,592,97.20853858784893,0.5631067961165048,0.47443762781186094,1.0,0.0,0.17747659589656278,0.17747659589656278,0.5443345841523219,0.5443345841523219,HIGHER_COLLAPSE,3.7383177570093453,2.589641434262948
MARKET_ODDS_LE_2.0,ped_sire_going_win_rate,OTHER,609,107,502,605,99.3431855500821,0.09176151647139684,0.0976106963590169,0.08422939068100359,0.08957123266335668,-0.1068063348449727,0.1068063348449727,0.4562924595578576,0.5437075404421424,LOWER_COLLAPSE,0.0,0.796812749003984
MARKET_ODDS_LE_2.0,ped_damsire_race_class_effective_win_rate,OTHER,609,107,502,609,100.0,0.07834027404366525,0.08176279816069706,0.07350695087512983,0.07538605146451174,-0.1255177498196723,0.1255177498196723,0.45688274937632645,0.5431172506236736,LOWER_COLLAPSE,0.0,0.0
MARKET_ODDS_LE_2.0,ped_sire_distance_band_top3_rate,DISTANCE,609,107,502,607,99.67159277504105,0.2624580680376784,0.2820238844811141,0.25560850782423683,0.26506024096385544,-0.18375758816488474,0.18375758816488474,0.4568975257033104,0.5431024742966897,LOWER_COLLAPSE,0.9345794392523363,0.199203187250996
MARKET_ODDS_LE_2.0,auto_margin_gap_same_class_observations,HISTORY_FRAGILITY,609,107,502,609,100.0,1.485981308411215,1.6015936254980079,1.0,1.0,-0.05737012384284284,0.05737012384284284,0.45691067505678223,0.5430893249432178,LOWER_COLLAPSE,0.0,0.0
MARKET_ODDS_LE_2.0,auto_margin_gap_same_going_success_observations,HISTORY_FRAGILITY,609,107,502,609,100.0,3.1121495327102804,2.5358565737051793,2.0,2.0,0.20004594416639,0.20004594416639,0.5429962393416986,0.5429962393416986,HIGHER_COLLAPSE,0.0,0.0
MARKET_ODDS_LE_2.0,ped_damsire_venue_win_rate,RACE_CONDITION,609,107,502,594,97.53694581280789,0.08058293510716784,0.09085437281455343,0.07533234859675036,0.0794979079497908,-0.1339645134229204,0.1339645134229204,0.4571720712825007,0.5428279287174993,LOWER_COLLAPSE,1.8691588785046727,2.589641434262948
MARKET_ODDS_LE_2.0,auto_field_recent_avg_last_3f_rank,PACE_TIME,609,107,502,592,97.20853858784893,4.844660194174757,4.274028629856851,4.0,4.0,0.1755941628374359,0.1755941628374359,0.5427561697142971,0.5427561697142971,HIGHER_COLLAPSE,3.7383177570093453,2.589641434262948
MARKET_ODDS_LE_2.0,ped_sire_surface_effective_avg_margin_lengths,RACE_CONDITION,609,107,502,609,100.0,2.0244391066923746,1.9831804265968576,1.9725625399482862,1.9286321040479297,0.14762625675355798,0.14762625675355798,0.5423074058904569,0.5423074058904569,HIGHER_COLLAPSE,0.0,0.0
MARKET_ODDS_LE_2.0,auto_field_network_elo_rating_gap_to_top3_mean,FIELD_OPPONENT,609,107,502,609,100.0,-8.877430981890091,-5.964747539670034,-2.717091591968483,0.0,-0.13926136929770275,0.13926136929770275,0.4578973824328853,0.5421026175671146,LOWER_COLLAPSE,0.0,0.0
MARKET_ODDS_LE_2.0,auto_history_margin_lengths_last,HISTORY_FRAGILITY,609,107,502,535,87.84893267651888,1.8457446808510638,1.7295918367346939,1.75,1.25,0.08375064774754551,0.08375064774754551,0.5420827905630338,0.5420827905630338,HIGHER_COLLAPSE,12.149532710280374,12.151394422310757
MARKET_ODDS_LE_2.0,auto_history_carried_weight_variance,WEIGHT_BODY,609,107,502,592,97.20853858784893,0.8734333460100129,0.6942475183699558,0.46913580246913583,0.25,0.15927408245686855,0.15927408245686855,0.5418031647705839,0.5418031647705839,HIGHER_COLLAPSE,3.7383177570093453,2.589641434262948
MARKET_ODDS_LE_2.0,auto_history_carried_weight_stddev,WEIGHT_BODY,609,107,502,592,97.20853858784893,0.6989371119951902,0.6073529000912962,0.6849348892187752,0.5,0.15779385847205402,0.15779385847205402,0.5418031647705839,0.5418031647705839,HIGHER_COLLAPSE,3.7383177570093453,2.589641434262948
MARKET_ODDS_LE_2.0,auto_history_carried_weight_coefficient_of_variation,WEIGHT_BODY,609,107,502,592,97.20853858784893,0.01252804808161711,0.010891928553270753,0.012328828005937953,0.009009009009009009,0.1575610579689766,0.1575610579689766,0.541634403478468,0.541634403478468,HIGHER_COLLAPSE,3.7383177570093453,2.589641434262948
MARKET_ODDS_LE_2.0,opponent_strong_field_races,FIELD_OPPONENT,609,107,502,609,100.0,1.280373831775701,0.8685258964143426,0.0,0.0,0.21757572756245655,0.21757572756245655,0.5414975611572402,0.5414975611572402,HIGHER_COLLAPSE,0.0,0.0
MARKET_ODDS_LE_2.0,auto_history_body_weight_max,WEIGHT_BODY,609,107,502,592,97.20853858784893,493.2621359223301,488.3844580777096,490.0,488.0,0.17926602183232293,0.17926602183232293,0.5412770266245757,0.5412770266245757,HIGHER_COLLAPSE,3.7383177570093453,2.589641434262948
MARKET_ODDS_LE_2.0,ped_sire_going_effective_top3_rate,OTHER,609,107,502,609,100.0,0.24869270419990408,0.25380166373002694,0.24670214346269925,0.25493963687994636,-0.11402823281291037,0.11402823281291037,0.4589306326097479,0.541069367390252,LOWER_COLLAPSE,0.0,0.0
MARKET_ODDS_LE_2.0,backfill_age_max,OTHER,609,107,502,304,49.917898193760266,2.5681818181818183,2.65,3.0,3.0,-0.1700096398518473,0.1700096398518473,0.4590909090909091,0.5409090909090909,LOWER_COLLAPSE,58.87850467289719,48.20717131474104
MARKET_ODDS_LE_2.0,ped_sire_all_effective_top3_rate,OTHER,609,107,502,609,100.0,0.2493397185213097,0.25634996155384426,0.25204454963639794,0.25555560254096354,-0.14721453374369897,0.14721453374369897,0.4592750493353688,0.5407249506646312,LOWER_COLLAPSE,0.0,0.0
MARKET_ODDS_LE_2.0,ped_sire_surface_avg_margin_lengths,RACE_CONDITION,609,107,502,608,99.83579638752053,2.0344924205323456,1.986284310407787,1.972378277153558,1.9185823754789273,0.1433746251664803,0.1433746251664803,0.5406196951890612,0.5406196951890612,HIGHER_COLLAPSE,0.0,0.199203187250996
MARKET_ODDS_LE_2.0,auto_history_speed_mps_median,HISTORY_FRAGILITY,609,107,502,592,97.20853858784893,16.330155423971007,16.39515178023333,16.367232900798726,16.4496307570889,-0.14677150831338745,0.14677150831338745,0.45947743562253063,0.5405225643774694,LOWER_COLLAPSE,3.7383177570093453,2.589641434262948
MARKET_ODDS_LE_2.0,backfill_designated,OTHER,609,107,502,609,100.0,0.6542056074766355,0.7350597609561753,1.0,1.0,-0.18037350292818455,0.18037350292818455,0.4595729232602301,0.5404270767397699,LOWER_COLLAPSE,0.0,0.0
MARKET_ODDS_LE_2.0,auto_history_body_weight_last,WEIGHT_BODY,609,107,502,592,97.20853858784893,489.378640776699,484.81799591002044,486.0,484.0,0.16960444768359237,0.16960444768359237,0.5404034387595053,0.5404034387595053,HIGHER_COLLAPSE,3.7383177570093453,2.589641434262948
MARKET_ODDS_LE_2.0,ped_damsire_race_class_effective_top3_rate,OTHER,609,107,502,609,100.0,0.23731914795843337,0.24370934188787488,0.22581325628001697,0.23122641665650928,-0.12103644639184596,0.12103644639184596,0.45982425438433183,0.5401757456156682,LOWER_COLLAPSE,0.0,0.0
MARKET_ODDS_LE_2.0,auto_history_margin_lengths_missing_count,HISTORY_FRAGILITY,609,107,502,609,100.0,2.7009345794392523,2.308764940239044,2.0,2.0,0.1751364616221224,0.1751364616221224,0.540091968574301,0.540091968574301,HIGHER_COLLAPSE,0.0,0.0
MARKET_ODDS_LE_2.0,ped_damsire_surface_effective_top3_rate,RACE_CONDITION,609,107,502,609,100.0,0.2457945569829356,0.25305007676881636,0.23095475424123446,0.24178884486277472,-0.13259907256369713,0.13259907256369713,0.4599824999069144,0.5400175000930856,LOWER_COLLAPSE,0.0,0.0
MARKET_ODDS_LE_2.0,auto_history_body_weight_rolling_2_mean,WEIGHT_BODY,609,107,502,592,97.20853858784893,488.75728155339806,484.30470347648264,488.0,483.0,0.16743465264892346,0.16743465264892346,0.5397879564000239,0.5397879564000239,HIGHER_COLLAPSE,3.7383177570093453,2.589641434262948
MARKET_ODDS_LE_2.0,style_previous_last_position,STYLE_POSITION,609,107,502,592,97.20853858784893,3.495145631067961,3.591002044989775,3.0,3.0,-0.03679619994751254,0.03679619994751254,0.46022197073480653,0.5397780292651935,LOWER_COLLAPSE,3.7383177570093453,2.589641434262948
MARKET_ODDS_LE_2.0,auto_history_carried_weight_max,WEIGHT_BODY,609,107,502,592,97.20853858784893,56.61165048543689,56.395705521472394,57.0,57.0,0.14961225653127036,0.14961225653127036,0.5396291222427383,0.5396291222427383,HIGHER_COLLAPSE,3.7383177570093453,2.589641434262948
MARKET_ODDS_LE_2.0,ped_sire_race_class_effective_win_rate,OTHER,609,107,502,609,100.0,0.08721616357473451,0.09147366953907443,0.08206880217602065,0.08986607962409351,-0.14337086281605702,0.14337086281605702,0.46042000223405444,0.5395799977659456,LOWER_COLLAPSE,0.0,0.0
MARKET_ODDS_LE_2.0,auto_field_network_elo_rating_gap_to_top2_mean,FIELD_OPPONENT,609,107,502,609,100.0,-13.607668780415974,-10.629492407932306,-5.238782134260873,-2.658127357231592,-0.13707826896873637,0.13707826896873637,0.46054101351602933,0.5394589864839707,LOWER_COLLAPSE,0.0,0.0
MARKET_ODDS_LE_2.0,auto_history_body_weight_rolling_3_mean,WEIGHT_BODY,609,107,502,592,97.20853858784893,488.3851132686084,484.03135650988406,487.3333333333333,482.6666666666667,0.16497919907990152,0.16497919907990152,0.5390930569618997,0.5390930569618997,HIGHER_COLLAPSE,3.7383177570093453,2.589641434262948
MARKET_ODDS_LE_2.0,auto_history_body_weight_ewma,WEIGHT_BODY,609,107,502,592,97.20853858784893,488.4796682191127,484.0900472239239,487.5,483.125,0.1664094759143342,0.1664094759143342,0.5387356801080072,0.5387356801080072,HIGHER_COLLAPSE,3.7383177570093453,2.589641434262948
MARKET_ODDS_LE_2.0,auto_history_speed_mps_rolling_5_mean,HISTORY_FRAGILITY,609,107,502,592,97.20853858784893,16.303788859451057,16.3620632461995,16.333657445948614,16.41165913953529,-0.11927631998730905,0.11927631998730905,0.46150257112792104,0.538497428872079,LOWER_COLLAPSE,3.7383177570093453,2.589641434262948
MARKET_ODDS_LE_2.0,recent_avg_speed_mps,HISTORY_FRAGILITY,609,107,502,592,97.20853858784893,16.303788859451057,16.361334046959257,16.333657445948614,16.41165913953529,-0.11745521576788136,0.11745521576788136,0.46150257112792104,0.538497428872079,LOWER_COLLAPSE,3.7383177570093453,2.589641434262948
MARKET_ODDS_LE_2.0,distx_longer_top3_rate,DISTANCE,609,107,502,318,52.21674876847291,0.5423794826572604,0.5907072620140802,0.5857142857142856,0.625,-0.1294147717842614,0.1294147717842614,0.4617003367003367,0.5382996632996633,LOWER_COLLAPSE,49.532710280373834,47.410358565737056
MARKET_ODDS_LE_2.0,auto_history_speed_mps_min,HISTORY_FRAGILITY,609,107,502,592,97.20853858784893,15.923327342606987,15.994854006914963,15.931372549019608,16.05839416058394,-0.12493186468308641,0.12493186468308641,0.46175074949867967,0.5382492505013203,LOWER_COLLAPSE,3.7383177570093453,2.589641434262948
MARKET_ODDS_LE_2.0,auto_history_body_weight_rolling_5_mean,WEIGHT_BODY,609,107,502,592,97.20853858784893,487.8226537216829,483.50790729379685,487.0,482.5,0.16418979980374193,0.16418979980374193,0.5380804892092045,0.5380804892092045,HIGHER_COLLAPSE,3.7383177570093453,2.589641434262948
MARKET_ODDS_LE_2.0,auto_history_body_weight_median,WEIGHT_BODY,609,107,502,592,97.20853858784893,486.9514563106796,482.77709611451945,484.0,482.0,0.1591437438730629,0.1591437438730629,0.537981217860901,0.537981217860901,HIGHER_COLLAPSE,3.7383177570093453,2.589641434262948
MARKET_ODDS_LE_2.0,auto_history_body_weight_recency_weighted_mean,WEIGHT_BODY,609,107,502,592,97.20853858784893,487.6183616611162,483.38966632084924,485.8333333333333,482.55555555555554,0.16081569157611986,0.16081569157611986,0.5379315821867493,0.5379315821867493,HIGHER_COLLAPSE,3.7383177570093453,2.589641434262948
MARKET_ODDS_LE_2.0,ped_sire_distance_band_avg_margin_lengths,DISTANCE,609,107,502,607,99.67159277504105,2.0633886043791585,2.018006222536084,2.0221227908482664,2.0,0.1278482321945148,0.1278482321945148,0.5378488306406056,0.5378488306406056,HIGHER_COLLAPSE,0.9345794392523363,0.199203187250996
MARKET_ODDS_LE_2.0,opponent_recent_avg_win_rate,FIELD_OPPONENT,609,107,502,592,97.20853858784893,0.09095563772475183,0.0951124103291722,0.0787878787878788,0.08333333333333333,-0.08082823161703945,0.08082823161703945,0.4622371791053666,0.5377628208946335,LOWER_COLLAPSE,3.7383177570093453,2.589641434262948
MARKET_ODDS_LE_2.0,lap_recent_avg_last1,PACE_TIME,609,107,502,588,96.55172413793103,12.231800887021475,12.159653961721864,12.146428571428572,12.129166666666666,0.12922167400032156,0.12922167400032156,0.537682562737029,0.537682562737029,HIGHER_COLLAPSE,4.672897196261682,3.187250996015936
MARKET_ODDS_LE_2.0,ped_sire_distance_band_win_rate,DISTANCE,609,107,502,607,99.67159277504105,0.09432361952571204,0.1009028736827038,0.09035328446868379,0.09471919530595138,-0.12229031806488971,0.12229031806488971,0.46233005686739725,0.5376699431326027,LOWER_COLLAPSE,0.9345794392523363,0.199203187250996
MARKET_ODDS_LE_2.0,auto_margin_gap_same_surface_trend,RACE_CONDITION,609,107,502,341,55.993431855500816,0.08717665325556645,-0.09161231200850786,-0.009868421052631578,0.0,0.1628502098223203,0.1628502098223203,0.5375741399762752,0.5375741399762752,HIGHER_COLLAPSE,43.925233644859816,44.02390438247012
MARKET_ODDS_LE_2.0,auto_field_recent_win_rate_diff_median,FIELD_OPPONENT,609,107,502,592,97.20853858784893,0.14797734627831713,0.11632583503749148,0.0,0.0,0.15778604611850616,0.15778604611850616,0.5375543510631962,0.5375543510631962,HIGHER_COLLAPSE,3.7383177570093453,2.589641434262948
MARKET_ODDS_LE_2.0,auto_history_last_3f_observation_count,PACE_TIME,609,107,502,609,100.0,6.261682242990654,5.45816733067729,5.0,5.0,0.17978031644256834,0.17978031644256834,0.5373738690099416,0.5373738690099416,HIGHER_COLLAPSE,0.0,0.0
MARKET_ODDS_LE_2.0,auto_history_speed_mps_observation_count,HISTORY_FRAGILITY,609,107,502,609,100.0,6.261682242990654,5.45816733067729,5.0,5.0,0.17978031644256834,0.17978031644256834,0.5373738690099416,0.5373738690099416,HIGHER_COLLAPSE,0.0,0.0
MARKET_ODDS_LE_2.0,auto_history_distance_m_observation_count,DISTANCE,609,107,502,609,100.0,6.261682242990654,5.47410358565737,5.0,5.0,0.17488885981039026,0.17488885981039026,0.5369829094835611,0.5369829094835611,HIGHER_COLLAPSE,0.0,0.0
MARKET_ODDS_LE_2.0,auto_history_body_weight_observation_count,WEIGHT_BODY,609,107,502,609,100.0,6.261682242990654,5.47410358565737,5.0,5.0,0.17488885981039026,0.17488885981039026,0.5369829094835611,0.5369829094835611,HIGHER_COLLAPSE,0.0,0.0
MARKET_ODDS_LE_2.0,auto_history_carried_weight_observation_count,WEIGHT_BODY,609,107,502,609,100.0,6.261682242990654,5.47410358565737,5.0,5.0,0.17488885981039026,0.17488885981039026,0.5369829094835611,0.5369829094835611,HIGHER_COLLAPSE,0.0,0.0
MARKET_ODDS_LE_2.0,backfill_age_min,OTHER,609,107,502,609,100.0,3.1121495327102804,3.0219123505976095,3.0,3.0,0.14308674070979485,0.14308674070979485,0.5368991324421939,0.5368991324421939,HIGHER_COLLAPSE,0.0,0.0
MARKET_ODDS_LE_2.0,auto_history_carried_weight_last,WEIGHT_BODY,609,107,502,592,97.20853858784893,56.25242718446602,56.02862985685071,56.0,56.0,0.1351826786167377,0.1351826786167377,0.5368296702205809,0.5368296702205809,HIGHER_COLLAPSE,3.7383177570093453,2.589641434262948
MARKET_ODDS_LE_2.0,auto_field_network_elo_rating_diff_median,FIELD_OPPONENT,609,107,502,609,100.0,18.182184915572076,19.94601697352958,14.961496618013143,17.98304433131841,-0.08394234640461273,0.08394234640461273,0.46322187883978105,0.536778121160219,LOWER_COLLAPSE,0.0,0.0
MARKET_ODDS_LE_2.0,ped_sire_going_avg_margin_lengths,HISTORY_FRAGILITY,609,107,502,603,99.01477832512316,1.9913123884071358,1.9684781406421312,1.9588801692277098,1.9277912621359223,0.09000342299887645,0.09000342299887645,0.536777267377852,0.536777267377852,HIGHER_COLLAPSE,0.9345794392523363,0.9960159362549801
MARKET_ODDS_LE_2.0,network_elo_starts,OTHER,609,107,502,609,100.0,6.411214953271028,5.731075697211155,5.0,5.0,0.12380047766454876,0.12380047766454876,0.5367222697993075,0.5367222697993075,HIGHER_COLLAPSE,0.0,0.0
MARKET_ODDS_LE_2.0,style_previous_position_gain,STYLE_POSITION,609,107,502,592,97.20853858784893,0.9223300970873787,0.6993865030674846,0.0,0.0,0.13379475022381232,0.13379475022381232,0.5367204717374472,0.5367204717374472,HIGHER_COLLAPSE,3.7383177570093453,2.589641434262948
MARKET_ODDS_LE_2.0,prior_starts,HISTORY_FRAGILITY,609,107,502,609,100.0,6.411214953271028,5.747011952191235,5.0,5.0,0.11965810771036976,0.11965810771036976,0.5365640242767249,0.5365640242767249,HIGHER_COLLAPSE,0.0,0.0
MARKET_ODDS_LE_2.0,auto_field_network_elo_rating_rank,FIELD_OPPONENT,609,107,502,609,100.0,3.2710280373831777,2.99203187250996,2.0,2.0,0.10268330964217764,0.10268330964217764,0.5365174814759653,0.5365174814759653,HIGHER_COLLAPSE,0.0,0.0
MARKET_ODDS_LE_2.0,auto_history_body_weight_mean,WEIGHT_BODY,609,107,502,592,97.20853858784893,486.70002148568983,482.7502046615453,484.0,482.0,0.15140702320728602,0.15140702320728602,0.5361943335914389,0.5361943335914389,HIGHER_COLLAPSE,3.7383177570093453,2.589641434262948
MARKET_ODDS_LE_2.0,ped_sire_race_class_effective_avg_margin_lengths,HISTORY_FRAGILITY,609,107,502,609,100.0,1.968764534662566,1.997909481766472,2.0148932388922525,2.051272745121124,-0.12018627691577767,0.12018627691577767,0.46408757493390923,0.5359124250660907,LOWER_COLLAPSE,0.0,0.0
MARKET_ODDS_LE_2.0,auto_history_speed_mps_linear_trend,HISTORY_FRAGILITY,609,107,502,518,85.0574712643678,0.04428619075393108,0.05506770549381878,0.025737406498639665,0.041138516639232126,-0.05335391311013711,0.05335391311013711,0.4641313742437338,0.5358686257562661,LOWER_COLLAPSE,16.822429906542055,14.54183266932271
MARKET_ODDS_LE_2.0,auto_margin_gap_same_class_success_observations,HISTORY_FRAGILITY,609,107,502,609,100.0,2.130841121495327,2.249003984063745,1.0,1.0,-0.04643834279578645,0.04643834279578645,0.4641434262948207,0.5358565737051793,LOWER_COLLAPSE,0.0,0.0
MARKET_ODDS_LE_2.0,auto_history_speed_mps_rolling_3_mean,HISTORY_FRAGILITY,609,107,502,592,97.20853858784893,16.30483514146668,16.369180476164733,16.36445469601061,16.42897265332286,-0.12033626231925998,0.12033626231925998,0.4641828975321143,0.5358171024678857,LOWER_COLLAPSE,3.7383177570093453,2.589641434262948
MARKET_ODDS_LE_2.0,actor_horse_jockey_all_top3_rate,ACTOR,609,107,502,370,60.75533661740559,0.8418976545842216,0.8480250405992981,1.0,1.0,-0.02322254299712583,0.02322254299712583,0.46426284419486724,0.5357371558051327,LOWER_COLLAPSE,37.38317757009346,39.6414342629482
MARKET_ODDS_LE_2.0,actor_horse_jockey_recent_top3_rate,ACTOR,609,107,502,370,60.75533661740559,0.8418976545842216,0.8480250405992981,1.0,1.0,-0.02322254299712583,0.02322254299712583,0.46426284419486724,0.5357371558051327,LOWER_COLLAPSE,37.38317757009346,39.6414342629482
MARKET_ODDS_LE_2.0,auto_field_recent_avg_speed_mps_diff_mean,FIELD_OPPONENT,609,107,502,592,97.20853858784893,0.1367839846536911,0.16516613786165607,0.1119309996208031,0.16231939602432632,-0.10730651559897096,0.10730651559897096,0.46455020152083704,0.535449798479163,LOWER_COLLAPSE,3.7383177570093453,2.589641434262948
MARKET_ODDS_LE_2.0,auto_field_recent_avg_last_3f_percentile,PACE_TIME,609,107,502,592,97.20853858784893,0.6734332264600682,0.7134469772912574,0.7142857142857143,0.7692307692307693,-0.15435458686085787,0.15435458686085787,0.4646594000039709,0.5353405999960291,LOWER_COLLAPSE,3.7383177570093453,2.589641434262948
MARKET_ODDS_LE_2.0,opponent_relationship_races_measured,FIELD_OPPONENT,609,107,502,609,100.0,5.308411214953271,4.896414342629482,5.0,5.0,0.13504724193426687,0.13504724193426687,0.5352701344156086,0.5352701344156086,HIGHER_COLLAPSE,0.0,0.0
MARKET_ODDS_LE_2.0,timepace_recent_races,PACE_TIME,609,107,502,609,100.0,5.308411214953271,4.896414342629482,5.0,5.0,0.13504724193426687,0.13504724193426687,0.5352701344156086,0.5352701344156086,HIGHER_COLLAPSE,0.0,0.0
MARKET_ODDS_LE_2.0,timepace_normalized_time_observations,PACE_TIME,609,107,502,609,100.0,5.308411214953271,4.896414342629482,5.0,5.0,0.13504724193426687,0.13504724193426687,0.5352701344156086,0.5352701344156086,HIGHER_COLLAPSE,0.0,0.0
MARKET_ODDS_LE_2.0,timepace_normalized_last3f_observations,PACE_TIME,609,107,502,609,100.0,5.308411214953271,4.896414342629482,5.0,5.0,0.13504724193426687,0.13504724193426687,0.5352701344156086,0.5352701344156086,HIGHER_COLLAPSE,0.0,0.0
MARKET_ODDS_LE_2.0,style_recent_races_measured,STYLE_POSITION,609,107,502,609,100.0,5.308411214953271,4.896414342629482,5.0,5.0,0.13504724193426687,0.13504724193426687,0.5352701344156086,0.5352701344156086,HIGHER_COLLAPSE,0.0,0.0
MARKET_ODDS_LE_2.0,recent_top3_rate,HISTORY_FRAGILITY,609,107,502,592,97.20853858784893,0.7236245954692556,0.752897068847989,0.8,0.8,-0.12168011663596909,0.12168011663596909,0.4648579427005778,0.5351420572994222,LOWER_COLLAPSE,3.7383177570093453,2.589641434262948
MARKET_ODDS_LE_2.0,opponent_recent_races_measured,FIELD_OPPONENT,609,107,502,609,100.0,5.308411214953271,4.898406374501992,5.0,5.0,0.1343324094867287,0.1343324094867287,0.5351305060133299,0.5351305060133299,HIGHER_COLLAPSE,0.0,0.0
MARKET_ODDS_LE_2.0,network_expected_pairwise_score,OTHER,609,107,502,609,100.0,0.5282520921626107,0.5307147981560547,0.5236925810834776,0.5285027241589975,-0.08037683438620898,0.08037683438620898,0.464888111106974,0.535111888893026,LOWER_COLLAPSE,0.0,0.0
MARKET_ODDS_LE_2.0,network_elo_vs_field_avg,FIELD_OPPONENT,609,107,502,609,100.0,19.851175261645977,21.551009959167533,16.488228314757635,19.867915338894136,-0.07852747180758468,0.07852747180758468,0.46499981382879696,0.535000186171203,LOWER_COLLAPSE,0.0,0.0
MARKET_ODDS_LE_2.0,ped_damsire_race_class_win_rate,OTHER,609,107,502,598,98.19376026272579,0.07964744607028083,0.08632965196146165,0.07317496229260935,0.074977615758506,-0.1027386232986494,0.1027386232986494,0.4650828347906121,0.5349171652093879,LOWER_COLLAPSE,0.9345794392523363,1.9920318725099602
MARKET_ODDS_LE_2.0,auto_history_margin_lengths_min,HISTORY_FRAGILITY,609,107,502,535,87.84893267651888,0.973404255319149,1.0170068027210883,0.5,0.75,-0.0521530497734539,0.0521530497734539,0.4651782698895161,0.5348217301104838,LOWER_COLLAPSE,12.149532710280374,12.151394422310757
MARKET_ODDS_LE_2.0,ped_sire_distance_band_effective_top3_rate,DISTANCE,609,107,502,609,100.0,0.2551401762399963,0.2617821198677155,0.25633252476690344,0.2612763188261927,-0.12699223330840304,0.12699223330840304,0.4652511449528987,0.5347488550471013,LOWER_COLLAPSE,0.0,0.0
MARKET_ODDS_LE_2.0,auto_margin_gap_within_400m_median,HISTORY_FRAGILITY,609,107,502,530,87.02791461412151,1.789835164835165,1.6799544419134396,1.5,1.5,0.10348783187696362,0.10348783187696362,0.5346566872762772,0.5346566872762772,HIGHER_COLLAPSE,14.953271028037381,12.549800796812749
MARKET_ODDS_LE_2.0,auto_history_speed_mps_rolling_2_mean,HISTORY_FRAGILITY,609,107,502,592,97.20853858784893,16.31190725424714,16.377672331831477,16.386916110138657,16.441851484056052,-0.11674657029219913,0.11674657029219913,0.46569182202632675,0.5343081779736732,LOWER_COLLAPSE,3.7383177570093453,2.589641434262948
MARKET_ODDS_LE_2.0,ped_sire_going_effective_avg_margin_lengths,HISTORY_FRAGILITY,609,107,502,609,100.0,1.9938922272458417,1.9729081551088108,1.9600293910443993,1.9404152892381554,0.11246974937006196,0.11246974937006196,0.5342368842387459,0.5342368842387459,HIGHER_COLLAPSE,0.0,0.0
MARKET_ODDS_LE_2.0,lap_recent_races_measured,PACE_TIME,609,107,502,609,100.0,5.02803738317757,4.657370517928287,5.0,4.0,0.12810364301701946,0.12810364301701946,0.5341903414379864,0.5341903414379864,HIGHER_COLLAPSE,0.0,0.0
MARKET_ODDS_LE_2.0,actor_horse_jockey_all_effective_top3_rate,ACTOR,609,107,502,609,100.0,0.2559654075662864,0.2524646685699604,0.255698893523497,0.25565755305248183,0.08791565281998014,0.08791565281998014,0.5340879472763153,0.5340879472763153,HIGHER_COLLAPSE,0.0,0.0
MARKET_ODDS_LE_2.0,actor_horse_jockey_recent_effective_top3_rate,ACTOR,609,107,502,609,100.0,0.2559654075662864,0.2524646685699604,0.255698893523497,0.25565755305248183,0.08791565281998014,0.08791565281998014,0.5340879472763153,0.5340879472763153,HIGHER_COLLAPSE,0.0,0.0
MARKET_ODDS_LE_2.0,auto_margin_gap_same_going_observations,HISTORY_FRAGILITY,609,107,502,609,100.0,2.1869158878504673,1.8167330677290836,1.0,1.0,0.16873882054060596,0.16873882054060596,0.5340134787951,0.5340134787951,HIGHER_COLLAPSE,0.0,0.0
MARKET_ODDS_LE_2.0,ped_sire_all_starts,OTHER,609,107,502,609,100.0,3374.878504672897,3048.3446215139443,2403.0,1908.5,0.10816689443036133,0.10816689443036133,0.5340134787951,0.5340134787951,HIGHER_COLLAPSE,0.0,0.0
MARKET_ODDS_LE_2.0,ped_sire_all_win_observations,OTHER,609,107,502,609,100.0,3374.878504672897,3048.3446215139443,2403.0,1908.5,0.10816689443036133,0.10816689443036133,0.5340134787951,0.5340134787951,HIGHER_COLLAPSE,0.0,0.0
MARKET_ODDS_LE_2.0,ped_sire_all_top3_observations,OTHER,609,107,502,609,100.0,3374.878504672897,3048.3446215139443,2403.0,1908.5,0.10816689443036133,0.10816689443036133,0.5340134787951,0.5340134787951,HIGHER_COLLAPSE,0.0,0.0
MARKET_ODDS_LE_2.0,auto_field_network_elo_rating_diff_mean,FIELD_OPPONENT,609,107,502,609,100.0,18.198395511814923,19.691593266839917,15.043738961711824,18.29185755892445,-0.07534344514224232,0.07534344514224232,0.46617269240793835,0.5338273075920617,LOWER_COLLAPSE,0.0,0.0
MARKET_ODDS_LE_2.0,timepace_normalized_late_pace_observations,PACE_TIME,609,107,502,609,100.0,5.02803738317757,4.661354581673307,5.0,4.0,0.12706017132223005,0.12706017132223005,0.5336969877499348,0.5336969877499348,HIGHER_COLLAPSE,0.0,0.0
MARKET_ODDS_LE_2.0,opponent_strong_opponents_beaten,FIELD_OPPONENT,609,107,502,609,100.0,12.766355140186915,9.713147410358566,5.0,2.0,0.18833442803730813,0.18833442803730813,0.5335945935882638,0.5335945935882638,HIGHER_COLLAPSE,0.0,0.0
MARKET_ODDS_LE_2.0,auto_margin_gap_within_100m_success_rate,HISTORY_FRAGILITY,609,107,502,457,75.04105090311987,0.47278652278652283,0.4327249918633731,0.5,0.4,0.09996898878493632,0.09996898878493632,0.5335544421706302,0.5335544421706302,HIGHER_COLLAPSE,30.8411214953271,23.705179282868528
MARKET_ODDS_LE_2.0,ped_damsire_surface_effective_win_rate,RACE_CONDITION,609,107,502,609,100.0,0.08378541522442526,0.08656361609777133,0.07824354037456101,0.08026104564348974,-0.09348529242433216,0.09348529242433216,0.46672189745690135,0.5332781025430986,LOWER_COLLAPSE,0.0,0.0
MARKET_ODDS_LE_2.0,ped_damsire_surface_top3_rate,RACE_CONDITION,609,107,502,606,99.50738916256158,0.260546714086784,0.2821009100055155,0.23332289119896107,0.2472797161442933,-0.16441377756336187,0.16441377756336187,0.4667264150943396,0.5332735849056605,LOWER_COLLAPSE,0.9345794392523363,0.398406374501992
MARKET_ODDS_LE_2.0,auto_history_speed_mps_mean,HISTORY_FRAGILITY,609,107,502,592,97.20853858784893,16.328757334533147,16.378114855144798,16.335204060256824,16.41614516273917,-0.11838540716082818,0.11838540716082818,0.466962495284611,0.533037504715389,LOWER_COLLAPSE,3.7383177570093453,2.589641434262948
MARKET_ODDS_LE_2.0,ped_sire_going_effective_win_rate,OTHER,609,107,502,609,100.0,0.08905993386813753,0.09052461306265801,0.08389739688001734,0.08920486269135244,-0.053148875658901217,0.053148875658901217,0.4670849313028261,0.532915068697174,LOWER_COLLAPSE,0.0,0.0
MARKET_ODDS_LE_2.0,timepace_normalized_early_pace_observations,PACE_TIME,609,107,502,609,100.0,5.018691588785047,4.657370517928287,5.0,4.0,0.12520617571548903,0.12520617571548903,0.5328219830956548,0.5328219830956548,HIGHER_COLLAPSE,0.0,0.0
MARKET_ODDS_LE_2.0,auto_history_speed_mps_previous_delta,HISTORY_FRAGILITY,609,107,502,518,85.0574712643678,0.10308031280293528,0.047210523947649734,0.0822778021835937,0.07130147372224016,0.1438274038050211,0.1438274038050211,0.532804274377308,0.532804274377308,HIGHER_COLLAPSE,16.822429906542055,14.54183266932271
MARKET_ODDS_LE_2.0,style_previous_last_ratio,STYLE_POSITION,609,107,502,592,97.20853858784893,0.27029566822542267,0.2756762499499778,0.2,0.23076923076923078,-0.027478868369405073,0.027478868369405073,0.4672007465205392,0.5327992534794608,LOWER_COLLAPSE,3.7383177570093453,2.589641434262948
MARKET_ODDS_LE_2.0,ped_damsire_venue_effective_win_rate,RACE_CONDITION,609,107,502,609,100.0,0.08010439850642641,0.08228887027082252,0.07526299749161706,0.07864602371049721,-0.07621781736125958,0.07621781736125958,0.46735487954723165,0.5326451204527684,LOWER_COLLAPSE,0.0,0.0
MARKET_ODDS_LE_2.0,auto_margin_gap_same_direction_starts,HISTORY_FRAGILITY,609,107,502,609,100.0,3.289719626168224,2.860557768924303,3.0,2.0,0.16064171008313174,0.16064171008313174,0.5325706519715531,0.5325706519715531,HIGHER_COLLAPSE,0.0,0.0
MARKET_ODDS_LE_2.0,auto_history_speed_mps_recency_weighted_mean,WEIGHT_BODY,609,107,502,592,97.20853858784893,16.341035853282552,16.393559067864057,16.39861260785419,16.44162205834013,-0.11627651950978307,0.11627651950978307,0.46759783191375304,0.532402168086247,LOWER_COLLAPSE,3.7383177570093453,2.589641434262948
MARKET_ODDS_LE_2.0,auto_margin_gap_within_200m_mean,HISTORY_FRAGILITY,609,107,502,494,81.11658456486043,1.9264880952380954,1.817636579206701,1.7083333333333335,1.5669642857142856,0.09692433966828339,0.09692433966828339,0.5322299651567944,0.5322299651567944,HIGHER_COLLAPSE,21.49532710280374,18.326693227091635
MARKET_ODDS_LE_2.0,auto_margin_gap_same_distance_success_rate,DISTANCE,609,107,502,413,67.81609195402298,0.49330357142857145,0.4451110971168278,0.5,0.4,0.1159150179833133,0.1159150179833133,0.5321006446991404,0.5321006446991404,HIGHER_COLLAPSE,40.18691588785047,30.47808764940239
MARKET_ODDS_LE_2.0,lap_previous_first3_avg,PACE_TIME,609,107,502,588,96.55172413793103,11.716013071895425,11.809327846364885,11.816666666666668,11.866666666666665,-0.1464886732347119,0.1464886732347119,0.4679052691035262,0.5320947308964739,LOWER_COLLAPSE,4.672897196261682,3.187250996015936
MARKET_ODDS_LE_2.0,ped_sire_all_effective_starts,OTHER,609,107,502,609,100.0,3374.878504672897,3651.5099601593624,2403.0,1911.5,-0.022090902295249546,0.022090902295249546,0.53202144692259,0.53202144692259,LOWER_COLLAPSE,0.0,0.0
MARKET_ODDS_LE_2.0,ped_sire_all_margin_observations,HISTORY_FRAGILITY,609,107,502,609,100.0,1835.4299065420562,1706.430278884462,1485.0,1172.0,0.08247881196402058,0.08247881196402058,0.5319190527609189,0.5319190527609189,HIGHER_COLLAPSE,0.0,0.0
MARKET_ODDS_LE_2.0,auto_field_network_elo_rating_percentile,FIELD_OPPONENT,609,107,502,609,100.0,0.802692427754275,0.8212933485739321,0.8666666666666667,0.9,-0.08244492368532684,0.08244492368532684,0.46864876940834793,0.5313512305916521,LOWER_COLLAPSE,0.0,0.0
MARKET_ODDS_LE_2.0,auto_margin_gap_same_class_starts,HISTORY_FRAGILITY,609,107,502,609,100.0,2.2803738317757007,2.3426294820717133,1.0,2.0,-0.02327530493861586,0.02327530493861586,0.46879770637077856,0.5312022936292214,LOWER_COLLAPSE,0.0,0.0
MARKET_ODDS_LE_2.0,backfill_special_designated,OTHER,609,107,502,609,100.0,0.2336448598130841,0.17131474103585656,0.0,0.0,0.16149017096781035,0.16149017096781035,0.5311650593886138,0.5311650593886138,HIGHER_COLLAPSE,0.0,0.0
MARKET_ODDS_LE_2.0,auto_field_recent_avg_speed_mps_zscore,FIELD_OPPONENT,609,107,502,592,97.20853858784893,0.41862133352628217,0.512998049911886,0.46371677732362904,0.5557145763348724,-0.1227745617239604,0.1227745617239604,0.46889828657652827,0.5311017134234717,LOWER_COLLAPSE,3.7383177570093453,2.589641434262948
MARKET_ODDS_LE_2.0,ped_sire_course_layout_effective_win_rate,RACE_CONDITION,609,107,502,609,100.0,0.08906301084297645,0.09151825207965848,0.08953026410511522,0.08857946242441175,-0.09111542220317352,0.09111542220317352,0.46938414566034925,0.5306158543396507,LOWER_COLLAPSE,0.0,0.0
MARKET_ODDS_LE_2.0,auto_history_speed_mps_ewma,HISTORY_FRAGILITY,609,107,502,592,97.20853858784893,16.31660737615028,16.371153607799247,16.386468934350905,16.425886138474162,-0.1040727001366585,0.1040727001366585,0.4695832588798221,0.5304167411201779,LOWER_COLLAPSE,3.7383177570093453,2.589641434262948
MARKET_ODDS_LE_2.0,auto_pair_distance_vs_recent_mean_ratio,DISTANCE,609,107,502,592,97.20853858784893,1.046029756192114,1.0165638134385933,1.0,1.0,0.19547520190205034,0.19547520190205034,0.5303770325808566,0.5303770325808566,HIGHER_COLLAPSE,3.7383177570093453,2.589641434262948
MARKET_ODDS_LE_2.0,auto_pair_distance_vs_recent_mean_normalized_diff,DISTANCE,609,107,502,592,97.20853858784893,0.015031089066338599,0.0037946829783655355,0.0,0.0,0.16671937826553146,0.16671937826553146,0.5303571783111958,0.5303571783111958,HIGHER_COLLAPSE,3.7383177570093453,2.589641434262948
MARKET_ODDS_LE_2.0,actor_jockey_venue_effective_starts,ACTOR,609,107,502,609,100.0,620.1588785046729,700.5796812749004,622.0,603.5,-0.14661881475657648,0.14661881475657648,0.4697006367055144,0.5302993632944857,LOWER_COLLAPSE,0.0,0.0
MARKET_ODDS_LE_2.0,actor_jockey_venue_starts,ACTOR,609,107,502,609,100.0,620.1588785046729,700.4721115537849,622.0,603.5,-0.14639331591290536,0.14639331591290536,0.4697751051867297,0.5302248948132703,LOWER_COLLAPSE,0.0,0.0
MARKET_ODDS_LE_2.0,actor_jockey_venue_win_observations,ACTOR,609,107,502,609,100.0,620.1588785046729,700.4721115537849,622.0,603.5,-0.14639331591290536,0.14639331591290536,0.4697751051867297,0.5302248948132703,LOWER_COLLAPSE,0.0,0.0
MARKET_ODDS_LE_2.0,actor_jockey_venue_top3_observations,ACTOR,609,107,502,609,100.0,620.1588785046729,700.4721115537849,622.0,603.5,-0.14639331591290536,0.14639331591290536,0.4697751051867297,0.5302248948132703,LOWER_COLLAPSE,0.0,0.0
MARKET_ODDS_LE_2.0,actor_trainer_race_class_effective_starts,ACTOR,609,107,502,609,100.0,320.02803738317755,341.49203187251,317.0,328.5,-0.11730992758204263,0.11730992758204263,0.46997989351007186,0.5300201064899281,LOWER_COLLAPSE,0.0,0.0
MARKET_ODDS_LE_2.0,auto_field_network_elo_rating_gap_to_best,FIELD_OPPONENT,609,107,502,609,100.0,-18.845146285823027,-16.880393608379283,-6.808175953061664,-4.705172898095725,-0.08326974143441149,0.08326974143441149,0.46998920207022377,0.5300107979297762,LOWER_COLLAPSE,0.0,0.0
MARKET_ODDS_LE_2.0,ped_sire_all_effective_margin_observations,HISTORY_FRAGILITY,609,107,502,609,100.0,1835.4299065420562,2018.288844621514,1485.0,1173.0,-0.028262028960116873,0.028262028960116873,0.5299270208884089,0.5299270208884089,LOWER_COLLAPSE,0.0,0.0
MARKET_ODDS_LE_2.0,auto_field_recent_avg_speed_mps_diff_median,FIELD_OPPONENT,609,107,502,592,97.20853858784893,0.12546638203952618,0.14980809574115236,0.09914931113447167,0.11706290806583652,-0.09394492256668484,0.09394492256668484,0.4701292512954911,0.5298707487045089,LOWER_COLLAPSE,3.7383177570093453,2.589641434262948
MARKET_ODDS_LE_2.0,auto_field_recent_avg_speed_mps_rank,FIELD_OPPONENT,609,107,502,592,97.20853858784893,4.990291262135922,4.556237218813906,4.0,4.0,0.13999529015452863,0.13999529015452863,0.5298608215696785,0.5298608215696785,HIGHER_COLLAPSE,3.7383177570093453,2.589641434262948
MARKET_ODDS_LE_2.0,actor_trainer_race_class_starts,ACTOR,609,107,502,609,100.0,320.02803738317755,341.3426294820717,317.0,328.5,-0.11636055737158005,0.11636055737158005,0.4701753732732621,0.5298246267267379,LOWER_COLLAPSE,0.0,0.0
MARKET_ODDS_LE_2.0,actor_trainer_race_class_win_observations,ACTOR,609,107,502,609,100.0,320.02803738317755,341.3426294820717,317.0,328.5,-0.11636055737158005,0.11636055737158005,0.4701753732732621,0.5298246267267379,LOWER_COLLAPSE,0.0,0.0
MARKET_ODDS_LE_2.0,actor_trainer_race_class_top3_observations,ACTOR,609,107,502,609,100.0,320.02803738317755,341.3426294820717,317.0,328.5,-0.11636055737158005,0.11636055737158005,0.4701753732732621,0.5298246267267379,LOWER_COLLAPSE,0.0,0.0
MARKET_ODDS_LE_2.0,lap_recent_avg_last3,PACE_TIME,609,107,502,588,96.55172413793103,12.086108258118061,12.052488813769678,11.983333333333333,11.981666666666666,0.0713700387623413,0.0713700387623413,0.5296840958605664,0.5296840958605664,HIGHER_COLLAPSE,4.672897196261682,3.187250996015936
MARKET_ODDS_LE_2.0,days_since_last_start,OTHER,609,107,502,592,97.20853858784893,51.12621359223301,47.59100204498978,35.0,35.0,0.09429674316864661,0.09429674316864661,0.5296324974685807,0.5296324974685807,HIGHER_COLLAPSE,3.7383177570093453,2.589641434262948
MARKET_ODDS_LE_2.0,actor_trainer_race_class_top3_rate,ACTOR,609,107,502,609,100.0,0.28966329624581,0.2831187331140249,0.2903225806451613,0.27200608340012744,0.07360280729630084,0.07360280729630084,0.5296105298432439,0.5296105298432439,HIGHER_COLLAPSE,0.0,0.0
MARKET_ODDS_LE_2.0,auto_history_carried_weight_rolling_3_mean,WEIGHT_BODY,609,107,502,592,97.20853858784893,56.108414239482194,55.92740286298569,56.0,56.0,0.12906889140559755,0.12906889140559755,0.5290070879742689,0.5290070879742689,HIGHER_COLLAPSE,3.7383177570093453,2.589641434262948
MARKET_ODDS_LE_2.0,actor_trainer_race_class_effective_top3_rate,ACTOR,609,107,502,609,100.0,0.2807561591601012,0.27626814451237336,0.2874907760064416,0.2679937077305665,0.06224711853065898,0.06224711853065898,0.5289775477529136,0.5289775477529136,HIGHER_COLLAPSE,0.0,0.0
MARKET_ODDS_LE_2.0,actor_trainer_venue_top3_rate,ACTOR,609,107,502,608,99.83579638752053,0.29047005911629004,0.2837204314894747,0.287292817679558,0.27710843373493976,0.07752868293343765,0.07752868293343765,0.5289607700486877,0.5289607700486877,HIGHER_COLLAPSE,0.0,0.199203187250996
MARKET_ODDS_LE_2.0,actor_jockey_race_class_effective_top3_rate,ACTOR,609,107,502,609,100.0,0.37489205176579576,0.3901964101803606,0.35866881750061563,0.374913381421239,-0.11374793896726854,0.11374793896726854,0.47114346352906133,0.5288565364709387,LOWER_COLLAPSE,0.0,0.0
MARKET_ODDS_LE_2.0,ped_sire_surface_effective_win_rate,RACE_CONDITION,609,107,502,609,100.0,0.09234123547697423,0.09406173325409224,0.09013658224400578,0.09220470667158685,-0.05620771173708453,0.05620771173708453,0.4712086234501247,0.5287913765498753,LOWER_COLLAPSE,0.0,0.0
MARKET_ODDS_LE_2.0,auto_margin_gap_same_weight_rule_observations,WEIGHT_BODY,609,107,502,609,100.0,1.9532710280373833,1.8984063745019921,1.0,1.0,0.025506049272950887,0.025506049272950887,0.4712179320102767,0.5287820679897233,HIGHER_COLLAPSE,0.0,0.0
MARKET_ODDS_LE_2.0,lap_recent_avg_variance,PACE_TIME,609,107,502,588,96.55172413793103,0.5144182965244861,0.48306689757256943,0.35706687902453266,0.3577429177689596,0.08110479955703145,0.08110479955703145,0.5287662390058904,0.5287662390058904,HIGHER_COLLAPSE,4.672897196261682,3.187250996015936
MARKET_ODDS_LE_2.0,ped_sire_surface_win_rate,RACE_CONDITION,609,107,502,608,99.83579638752053,0.09903782744482338,0.09986834659673262,0.09057507987220448,0.09319526627218935,-0.01616249503815431,0.01616249503815431,0.4714309698360289,0.5285690301639712,LOWER_COLLAPSE,0.0,0.199203187250996
MARKET_ODDS_LE_2.0,auto_pair_distance_vs_recent_mean_diff,DISTANCE,609,107,502,592,97.20853858784893,93.59175513936702,42.23371548723408,0.0,0.0,0.18508829125302184,0.18508829125302184,0.5285603669069033,0.5285603669069033,HIGHER_COLLAPSE,3.7383177570093453,2.589641434262948
MARKET_ODDS_LE_2.0,ped_sire_race_class_avg_margin_lengths,HISTORY_FRAGILITY,609,107,502,586,96.2233169129721,2.0021915194981985,1.970711952595348,1.9726027397260273,2.0481030844831896,0.07256172528623828,0.07256172528623828,0.4714491168368174,0.5285508831631827,HIGHER_COLLAPSE,4.672897196261682,3.5856573705179287
MARKET_ODDS_LE_2.0,distx_current_minus_recent_avg_m,DISTANCE,609,107,502,592,97.20853858784893,93.59175513936702,42.62029670279352,0.0,0.0,0.1832198634640728,0.1832198634640728,0.5284809498282605,0.5284809498282605,HIGHER_COLLAPSE,3.7383177570093453,2.589641434262948
MARKET_ODDS_LE_2.0,auto_margin_gap_same_distance_observations,DISTANCE,609,107,502,609,100.0,0.9626168224299065,1.095617529880478,1.0,1.0,-0.09803271055624643,0.09803271055624643,0.47158096585620135,0.5284190341437986,LOWER_COLLAPSE,0.0,0.0
MARKET_ODDS_LE_2.0,actor_trainer_venue_effective_top3_rate,ACTOR,609,107,502,609,100.0,0.28072906652221963,0.2765867275874878,0.2810958108646707,0.26932628887305476,0.0560219361253525,0.0560219361253525,0.5284190341437986,0.5284190341437986,HIGHER_COLLAPSE,0.0,0.0
MARKET_ODDS_LE_2.0,actor_horse_jockey_all_starts,ACTOR,609,107,502,609,100.0,1.5420560747663552,1.3286852589641434,1.0,1.0,0.12782490687067197,0.12782490687067197,0.5283911084633429,0.5283911084633429,HIGHER_COLLAPSE,0.0,0.0
MARKET_ODDS_LE_2.0,actor_horse_jockey_all_win_observations,ACTOR,609,107,502,609,100.0,1.5420560747663552,1.3286852589641434,1.0,1.0,0.12782490687067197,0.12782490687067197,0.5283911084633429,0.5283911084633429,HIGHER_COLLAPSE,0.0,0.0
MARKET_ODDS_LE_2.0,actor_horse_jockey_all_top3_observations,ACTOR,609,107,502,609,100.0,1.5420560747663552,1.3286852589641434,1.0,1.0,0.12782490687067197,0.12782490687067197,0.5283911084633429,0.5283911084633429,HIGHER_COLLAPSE,0.0,0.0
MARKET_ODDS_LE_2.0,actor_horse_jockey_recent_starts,ACTOR,609,107,502,609,100.0,1.5420560747663552,1.3286852589641434,1.0,1.0,0.12782490687067197,0.12782490687067197,0.5283911084633429,0.5283911084633429,HIGHER_COLLAPSE,0.0,0.0
MARKET_ODDS_LE_2.0,actor_horse_jockey_recent_win_observations,ACTOR,609,107,502,609,100.0,1.5420560747663552,1.3286852589641434,1.0,1.0,0.12782490687067197,0.12782490687067197,0.5283911084633429,0.5283911084633429,HIGHER_COLLAPSE,0.0,0.0
MARKET_ODDS_LE_2.0,actor_horse_jockey_recent_top3_observations,ACTOR,609,107,502,609,100.0,1.5420560747663552,1.3286852589641434,1.0,1.0,0.12782490687067197,0.12782490687067197,0.5283911084633429,0.5283911084633429,HIGHER_COLLAPSE,0.0,0.0
MARKET_ODDS_LE_2.0,same_surface_top3_rate,RACE_CONDITION,609,107,502,578,94.90968801313629,0.7674103808730857,0.7824772665984858,0.8,0.8181818181818182,-0.06375237222848919,0.06375237222848919,0.4716119767666159,0.5283880232333841,LOWER_COLLAPSE,9.345794392523365,4.183266932270916
MARKET_ODDS_LE_2.0,ped_sire_venue_effective_top3_rate,RACE_CONDITION,609,107,502,609,100.0,0.24918512577549484,0.2534533740702651,0.24810199647005338,0.2545117083741575,-0.08569979570434001,0.08569979570434001,0.4718509141006069,0.5281490858993931,LOWER_COLLAPSE,0.0,0.0
MARKET_ODDS_LE_2.0,auto_field_recent_avg_speed_mps_percentile,FIELD_OPPONENT,609,107,502,592,97.20853858784893,0.6491362863293186,0.677378971690592,0.6923076923076923,0.7142857142857143,-0.10852512051328266,0.10852512051328266,0.47193598983461393,0.5280640101653861,LOWER_COLLAPSE,3.7383177570093453,2.589641434262948
MARKET_ODDS_LE_2.0,auto_history_body_weight_linear_trend,WEIGHT_BODY,609,107,502,518,85.0574712643678,1.1637991836203825,0.8152133027460486,0.7203302373581011,0.6853146853146853,0.09627422611531994,0.09627422611531994,0.527972027972028,0.527972027972028,HIGHER_COLLAPSE,16.822429906542055,14.54183266932271
MARKET_ODDS_LE_2.0,actor_trainer_surface_effective_starts,ACTOR,609,107,502,609,100.0,854.3177570093458,822.5776892430279,888.0,826.5,0.08368671841289842,0.08368671841289842,0.5277581263730127,0.5277581263730127,HIGHER_COLLAPSE,0.0,0.0
MARKET_ODDS_LE_2.0,ped_sire_course_layout_win_rate,RACE_CONDITION,609,107,502,607,99.67159277504105,0.09349011446487149,0.09604648047422687,0.09012699713232282,0.09041346599989689,-0.05567540110527582,0.05567540110527582,0.47242056074766353,0.5275794392523365,LOWER_COLLAPSE,0.0,0.398406374501992
MARKET_ODDS_LE_2.0,ped_damsire_distance_band_win_rate,DISTANCE,609,107,502,604,99.17898193760263,0.09636861888239606,0.09281537648147098,0.0834215366137447,0.08114173264297911,0.04762046621998108,0.04762046621998108,0.5274967795711146,0.5274967795711146,HIGHER_COLLAPSE,0.9345794392523363,0.796812749003984
MARKET_ODDS_LE_2.0,ped_sire_all_effective_win_rate,OTHER,609,107,502,609,100.0,0.08976032048879554,0.09182248212493513,0.08953026410511522,0.08754897426661382,-0.07673450506395836,0.07673450506395836,0.47258629035260824,0.5274137096473918,LOWER_COLLAPSE,0.0,0.0
MARKET_ODDS_LE_2.0,auto_history_carried_weight_rolling_5_mean,WEIGHT_BODY,609,107,502,592,97.20853858784893,55.97330097087379,55.82211997273347,56.0,56.0,0.12103983814025474,0.12103983814025474,0.5273492564576012,0.5273492564576012,HIGHER_COLLAPSE,3.7383177570093453,2.589641434262948
MARKET_ODDS_LE_2.0,auto_history_carried_weight_min,WEIGHT_BODY,609,107,502,592,97.20853858784893,54.61165048543689,54.73006134969325,55.0,55.0,-0.09249996599715482,0.09249996599715482,0.47327615303671056,0.5267238469632894,LOWER_COLLAPSE,3.7383177570093453,2.589641434262948
MARKET_ODDS_LE_2.0,ped_sire_all_win_rate,OTHER,609,107,502,608,99.83579638752053,0.0940545779762398,0.09627031725014722,0.08992805755395683,0.08869395711500974,-0.04894234814432957,0.04894234814432957,0.4734736135206223,0.5265263864793777,LOWER_COLLAPSE,0.0,0.199203187250996
MARKET_ODDS_LE_2.0,timepace_fast_pace_avg_performance_score,PACE_TIME,609,107,502,399,65.51724137931035,0.6181087079191662,0.5998839181783946,0.6957314198143344,0.6595802444174023,0.03058484966786069,0.03058484966786069,0.5264787355385367,0.5264787355385367,HIGHER_COLLAPSE,28.971962616822427,35.657370517928285
MARKET_ODDS_LE_2.0,auto_history_carried_weight_ewma,WEIGHT_BODY,609,107,502,592,97.20853858784893,56.10447316956751,55.92077583671835,55.9375,55.90625,0.13176815856916962,0.13176815856916962,0.5263763972442274,0.5263763972442274,HIGHER_COLLAPSE,3.7383177570093453,2.589641434262948
MARKET_ODDS_LE_2.0,ped_damsire_surface_win_rate,RACE_CONDITION,609,107,502,606,99.50738916256158,0.0865655170021551,0.09162496055007062,0.07942683746418877,0.08051319417656051,-0.081013168603174,0.081013168603174,0.47364150943396227,0.5263584905660377,LOWER_COLLAPSE,0.9345794392523363,0.398406374501992
MARKET_ODDS_LE_2.0,actor_trainer_distance_band_win_rate,DISTANCE,609,107,502,608,99.83579638752053,0.10728868750188317,0.10353041678012723,0.10412147505422993,0.09824561403508772,0.0884021517408176,0.0884021517408176,0.5263398436771317,0.5263398436771317,HIGHER_COLLAPSE,0.0,0.199203187250996
MARKET_ODDS_LE_2.0,auto_margin_gap_same_distance_success_observations,DISTANCE,609,107,502,609,100.0,1.5514018691588785,1.5577689243027888,1.0,1.0,-0.0035815877830294328,0.0035815877830294328,0.4736753918903824,0.5263246081096176,LOWER_COLLAPSE,0.0,0.0
MARKET_ODDS_LE_2.0,auto_history_body_weight_min,WEIGHT_BODY,609,107,502,592,97.20853858784893,479.9805825242718,476.97750511247443,478.0,476.0,0.11620365287597782,0.11620365287597782,0.5263168344352454,0.5263168344352454,HIGHER_COLLAPSE,3.7383177570093453,2.589641434262948
MARKET_ODDS_LE_2.0,auto_margin_gap_same_venue_success_observations,RACE_CONDITION,609,107,502,609,100.0,1.0186915887850467,1.093625498007968,1.0,1.0,-0.05539891870672743,0.05539891870672743,0.4738987973340284,0.5261012026659716,LOWER_COLLAPSE,0.0,0.0
MARKET_ODDS_LE_2.0,actor_jockey_race_class_effective_win_rate,ACTOR,609,107,502,609,100.0,0.15573998589742993,0.16390482495299272,0.13846519381668462,0.1439121829059669,-0.10139390757328742,0.10139390757328742,0.47395464869493986,0.5260453513050601,LOWER_COLLAPSE,0.0,0.0
MARKET_ODDS_LE_2.0,auto_history_carried_weight_rolling_2_mean,WEIGHT_BODY,609,107,502,592,97.20853858784893,56.179611650485434,55.97750511247444,56.0,56.0,0.13422403609973885,0.13422403609973885,0.5257212063454246,0.5257212063454246,HIGHER_COLLAPSE,3.7383177570093453,2.589641434262948
MARKET_ODDS_LE_2.0,distx_shorter_starts,DISTANCE,609,107,502,609,100.0,2.542056074766355,1.9362549800796813,1.0,0.0,0.1579024122085852,0.1579024122085852,0.5255799232974644,0.5255799232974644,HIGHER_COLLAPSE,0.0,0.0
MARKET_ODDS_LE_2.0,ped_sire_distance_band_effective_win_rate,DISTANCE,609,107,502,609,100.0,0.09106108303186526,0.0934438300915755,0.08967043837104013,0.09239191173912012,-0.08455425415275256,0.08455425415275256,0.4744293852626876,0.5255706147373125,LOWER_COLLAPSE,0.0,0.0
MARKET_ODDS_LE_2.0,ped_damsire_going_win_rate,OTHER,609,107,502,601,98.68637110016421,0.08252301030335547,0.08681755881860655,0.07666494579246257,0.07923802118887374,-0.0691155524130176,0.0691155524130176,0.4746490597449771,0.5253509402550229,LOWER_COLLAPSE,0.0,1.593625498007968
MARKET_ODDS_LE_2.0,auto_history_margin_lengths_coefficient_of_variation,HISTORY_FRAGILITY,609,107,502,535,87.84893267651888,0.4087079226512197,0.37410619150399493,0.43326792813065496,0.4032008041519871,0.11218476520902677,0.11218476520902677,0.5252327881507213,0.5252327881507213,HIGHER_COLLAPSE,12.149532710280374,12.151394422310757
MARKET_ODDS_LE_2.0,recent_window_starts,HISTORY_FRAGILITY,609,107,502,609,100.0,3.7570093457943927,3.685258964143426,5.0,5.0,0.044728523072290464,0.044728523072290464,0.5251889637710839,0.5251889637710839,HIGHER_COLLAPSE,0.0,0.0
MARKET_ODDS_LE_2.0,actor_jockey_all_starts,ACTOR,609,107,502,609,100.0,3327.308411214953,3455.4741035856573,3705.0,3900.5,-0.08096660987055618,0.08096660987055618,0.4752206128756004,0.5247793871243995,LOWER_COLLAPSE,0.0,0.0
MARKET_ODDS_LE_2.0,actor_jockey_all_win_observations,ACTOR,609,107,502,609,100.0,3327.308411214953,3455.4741035856573,3705.0,3900.5,-0.08096660987055618,0.08096660987055618,0.4752206128756004,0.5247793871243995,LOWER_COLLAPSE,0.0,0.0
MARKET_ODDS_LE_2.0,actor_jockey_all_top3_observations,ACTOR,609,107,502,609,100.0,3327.308411214953,3455.4741035856573,3705.0,3900.5,-0.08096660987055618,0.08096660987055618,0.4752206128756004,0.5247793871243995,LOWER_COLLAPSE,0.0,0.0
MARKET_ODDS_LE_2.0,actor_jockey_all_effective_starts,ACTOR,609,107,502,609,100.0,3327.308411214953,3455.4741035856573,3705.0,3900.5,-0.08096660987055618,0.08096660987055618,0.4752206128756004,0.5247793871243995,LOWER_COLLAPSE,0.0,0.0
MARKET_ODDS_LE_2.0,auto_margin_gap_within_200m_observations,HISTORY_FRAGILITY,609,107,502,609,100.0,2.177570093457944,2.229083665338645,1.0,2.0,-0.024755976793966305,0.024755976793966305,0.4753509327177272,0.5246490672822728,LOWER_COLLAPSE,0.0,0.0
MARKET_ODDS_LE_2.0,auto_margin_gap_within_400m_trend,HISTORY_FRAGILITY,609,107,502,375,61.57635467980296,-0.048158091503928545,-0.07530213691553908,-0.0423728813559322,-0.004331683168316831,0.0237896976404455,0.0237896976404455,0.5246489621489622,0.5246489621489622,HIGHER_COLLAPSE,41.1214953271028,37.84860557768924
MARKET_ODDS_LE_2.0,auto_margin_gap_same_weight_rule_success_rate,WEIGHT_BODY,609,107,502,470,77.17569786535303,0.45285912482487317,0.4197712737674374,0.4,0.4,0.09223854896540006,0.09223854896540006,0.5244747321052802,0.5244747321052802,HIGHER_COLLAPSE,26.168224299065418,22.111553784860558
MARKET_ODDS_LE_2.0,auto_history_margin_lengths_linear_trend,HISTORY_FRAGILITY,609,107,502,401,65.84564860426929,0.06025446137623608,-0.053245252566185855,-0.009868421052631578,0.0,0.11970986641427109,0.11970986641427109,0.5244281398359948,0.5244281398359948,HIGHER_COLLAPSE,34.57943925233645,34.06374501992032
MARKET_ODDS_LE_2.0,actor_jockey_race_class_top3_rate,ACTOR,609,107,502,609,100.0,0.386929405517163,0.40102961718834496,0.3782051282051282,0.3914524412791892,-0.0989617704811603,0.0989617704811603,0.4755836467215251,0.5244163532784749,LOWER_COLLAPSE,0.0,0.0
MARKET_ODDS_LE_2.0,ped_damsire_all_effective_avg_margin_lengths,HISTORY_FRAGILITY,609,107,502,609,100.0,1.9972997038716143,2.001142274275332,1.9940457529864735,2.0031363153142343,-0.025451153147482943,0.025451153147482943,0.47559295528167705,0.5244070447183229,LOWER_COLLAPSE,0.0,0.0
MARKET_ODDS_LE_2.0,auto_margin_gap_same_direction_success_rate,HISTORY_FRAGILITY,609,107,502,473,77.66830870279146,0.47649895408180015,0.4459578474246842,0.5,0.5,0.08131624820313875,0.08131624820313875,0.5243606701940036,0.5243606701940036,HIGHER_COLLAPSE,24.299065420560748,21.91235059760956
MARKET_ODDS_LE_2.0,timepace_even_pace_avg_performance_score,PACE_TIME,609,107,502,485,79.63875205254516,0.4949312495143338,0.4395630826375336,0.5045657008773166,0.4910209991996234,0.10898797067240917,0.10898797067240917,0.5239349593495934,0.5239349593495934,HIGHER_COLLAPSE,29.906542056074763,18.326693227091635
MARKET_ODDS_LE_2.0,auto_field_recent_win_rate_gap_to_top3_mean,FIELD_OPPONENT,609,107,502,592,97.20853858784893,0.007335490830636466,0.0010111338332197246,0.0,0.0,0.050821513095700745,0.050821513095700745,0.5238648321321501,0.5238648321321501,HIGHER_COLLAPSE,3.7383177570093453,2.589641434262948
MARKET_ODDS_LE_2.0,timepace_slow_pace_avg_performance_score,PACE_TIME,609,107,502,440,72.2495894909688,0.19082927915897305,0.22800491592801148,0.19906112454302555,0.2927002341184126,-0.06767496757088438,0.06767496757088438,0.4766568538647343,0.5233431461352658,LOWER_COLLAPSE,32.71028037383177,26.693227091633464
MARKET_ODDS_LE_2.0,actor_trainer_distance_band_effective_win_rate,DISTANCE,609,107,502,609,100.0,0.10443230701666384,0.10136854018592506,0.10167825688939355,0.09647169784063267,0.07841334461308909,0.07841334461308909,0.5232527832594854,0.5232527832594854,HIGHER_COLLAPSE,0.0,0.0
MARKET_ODDS_LE_2.0,style_recent_improve_rate,STYLE_POSITION,609,107,502,592,97.20853858784893,0.41594621667437215,0.3887655402992826,0.4,0.4,0.08759033647657105,0.08759033647657105,0.5232493497726686,0.5232493497726686,HIGHER_COLLAPSE,3.7383177570093453,2.589641434262948
MARKET_ODDS_LE_2.0,auto_margin_gap_same_age_condition_success_observations,HISTORY_FRAGILITY,609,107,502,609,100.0,1.644859813084112,1.591633466135458,1.0,1.0,0.028509183140636975,0.028509183140636975,0.4769613136240086,0.5230386863759914,HIGHER_COLLAPSE,0.0,0.0
MARKET_ODDS_LE_2.0,auto_margin_gap_same_age_condition_observations,HISTORY_FRAGILITY,609,107,502,609,100.0,1.1682242990654206,1.1354581673306774,1.0,1.0,0.022726418609145076,0.022726418609145076,0.4769799307443125,0.5230200692556874,HIGHER_COLLAPSE,0.0,0.0
MARKET_ODDS_LE_2.0,distance_change_m,DISTANCE,609,107,502,592,97.20853858784893,-9.805825242718447,2.2494887525562373,0.0,0.0,-0.0797650060922173,0.0797650060922173,0.47701868286775073,0.5229813171322493,LOWER_COLLAPSE,3.7383177570093453,2.589641434262948
MARKET_ODDS_LE_2.0,ped_damsire_distance_band_effective_margin_observations,DISTANCE,609,107,502,609,100.0,517.1588785046729,1269.8605577689243,237.0,226.0,-0.08010882838543826,0.08010882838543826,0.4772219533082623,0.5227780466917378,LOWER_COLLAPSE,0.0,0.0
MARKET_ODDS_LE_2.0,auto_history_distance_m_variance,DISTANCE,609,107,502,592,97.20853858784893,36510.31739950595,31071.33444849036,10000.0,9600.0,0.06485951268418265,0.06485951268418265,0.5226040860086961,0.5226040860086961,HIGHER_COLLAPSE,3.7383177570093453,2.589641434262948
MARKET_ODDS_LE_2.0,auto_history_distance_m_stddev,DISTANCE,609,107,502,592,97.20853858784893,134.12003436999262,122.0768607203813,100.0,97.97958971132712,0.09337685032789467,0.09337685032789467,0.5225842317390355,0.5225842317390355,HIGHER_COLLAPSE,3.7383177570093453,2.589641434262948
MARKET_ODDS_LE_2.0,auto_margin_gap_within_400m_mean,HISTORY_FRAGILITY,609,107,502,530,87.02791461412151,1.9001471742543172,1.807491477138402,1.5833333333333333,1.5625,0.08925888892111256,0.08925888892111256,0.5225537560389497,0.5225537560389497,HIGHER_COLLAPSE,14.953271028037381,12.549800796812749
MARKET_ODDS_LE_2.0,auto_field_recent_win_rate_field_count,FIELD_OPPONENT,609,107,502,592,97.20853858784893,12.262135922330097,11.977505112474438,12.0,12.0,0.09207026367178947,0.09207026367178947,0.5224551789862409,0.5224551789862409,HIGHER_COLLAPSE,3.7383177570093453,2.589641434262948
MARKET_ODDS_LE_2.0,auto_field_recent_top3_rate_field_count,FIELD_OPPONENT,609,107,502,592,97.20853858784893,12.262135922330097,11.977505112474438,12.0,12.0,0.09207026367178947,0.09207026367178947,0.5224551789862409,0.5224551789862409,HIGHER_COLLAPSE,3.7383177570093453,2.589641434262948
MARKET_ODDS_LE_2.0,auto_field_recent_avg_last_3f_field_count,PACE_TIME,609,107,502,592,97.20853858784893,12.262135922330097,11.977505112474438,12.0,12.0,0.09207026367178947,0.09207026367178947,0.5224551789862409,0.5224551789862409,HIGHER_COLLAPSE,3.7383177570093453,2.589641434262948
MARKET_ODDS_LE_2.0,auto_field_recent_avg_speed_mps_field_count,FIELD_OPPONENT,609,107,502,592,97.20853858784893,12.262135922330097,11.977505112474438,12.0,12.0,0.09207026367178947,0.09207026367178947,0.5224551789862409,0.5224551789862409,HIGHER_COLLAPSE,3.7383177570093453,2.589641434262948
MARKET_ODDS_LE_2.0,ped_damsire_going_margin_observations,HISTORY_FRAGILITY,609,107,502,609,100.0,1013.9906542056075,977.6772908366534,322.0,287.5,0.028228327154842442,0.028228327154842442,0.5224429385262688,0.5224429385262688,HIGHER_COLLAPSE,0.0,0.0
MARKET_ODDS_LE_2.0,auto_margin_gap_same_weight_rule_median,WEIGHT_BODY,609,107,502,425,69.78653530377669,1.7256944444444444,1.679886685552408,1.5,1.5,0.04305372873185337,0.04305372873185337,0.521797293043752,0.521797293043752,HIGHER_COLLAPSE,32.71028037383177,29.681274900398407
MARKET_ODDS_LE_2.0,lap_previous_delta_last3_first3,PACE_TIME,609,107,502,588,96.55172413793103,0.3673202614379085,0.2622085048010974,0.21666666666666767,0.2666666666666657,0.11969900354869213,0.11969900354869213,0.5217259743403534,0.5217259743403534,HIGHER_COLLAPSE,4.672897196261682,3.187250996015936
MARKET_ODDS_LE_2.0,ped_damsire_all_avg_margin_lengths,HISTORY_FRAGILITY,609,107,502,605,99.3431855500821,1.98964762187508,1.9967526477690198,1.994001246494235,2.0,-0.0317819097104395,0.0317819097104395,0.47830574634988554,0.5216942536501145,LOWER_COLLAPSE,0.0,0.796812749003984
MARKET_ODDS_LE_2.0,auto_margin_gap_same_course_layout_median,RACE_CONDITION,609,107,502,532,87.35632183908046,1.6868279569892473,1.6443621867881548,1.5,1.375,0.041102891027231005,0.041102891027231005,0.5215666103313984,0.5215666103313984,HIGHER_COLLAPSE,13.084112149532709,12.549800796812749
MARKET_ODDS_LE_2.0,auto_history_last_3f_median,PACE_TIME,609,107,502,592,97.20853858784893,35.7747572815534,35.8678936605317,35.849999999999994,35.7,-0.03287214410133299,0.03287214410133299,0.5215518097166796,0.5215518097166796,LOWER_COLLAPSE,3.7383177570093453,2.589641434262948
MARKET_ODDS_LE_2.0,ped_damsire_venue_top3_rate,RACE_CONDITION,609,107,502,594,97.53694581280789,0.26063065341411545,0.27280958847247055,0.23809523809523808,0.23689320388349513,-0.0853956109105236,0.0853956109105236,0.4784497029895803,0.5215502970104198,LOWER_COLLAPSE,1.8691588785046727,2.589641434262948
MARKET_ODDS_LE_2.0,style_recent_avg_position_gain,STYLE_POSITION,609,107,502,592,97.20853858784893,0.7268492834026814,0.6422639335216022,0.3333333333333333,0.3333333333333333,0.0736662163907232,0.0736662163907232,0.5213830484245637,0.5213830484245637,HIGHER_COLLAPSE,3.7383177570093453,2.589641434262948
MARKET_ODDS_LE_2.0,auto_history_carried_weight_previous_delta,WEIGHT_BODY,609,107,502,518,85.0574712643678,0.16853932584269662,0.11655011655011654,0.0,0.0,0.04474376100327724,0.04474376100327724,0.5213718865404259,0.5213718865404259,HIGHER_COLLAPSE,16.822429906542055,14.54183266932271
MARKET_ODDS_LE_2.0,actor_jockey_race_class_win_rate,ACTOR,609,107,502,609,100.0,0.16267475462030012,0.169985919973989,0.1445466491458607,0.14678275334002217,-0.08465186167973905,0.08465186167973905,0.4788230256543918,0.5211769743456083,LOWER_COLLAPSE,0.0,0.0
MARKET_ODDS_LE_2.0,ped_damsire_going_starts,OTHER,609,107,502,609,100.0,1922.6542056074766,1821.2749003984063,546.0,527.0,0.04198448966353326,0.04198448966353326,0.5211118144245448,0.5211118144245448,HIGHER_COLLAPSE,0.0,0.0
MARKET_ODDS_LE_2.0,ped_damsire_going_win_observations,OTHER,609,107,502,609,100.0,1922.6542056074766,1821.2749003984063,546.0,527.0,0.04198448966353326,0.04198448966353326,0.5211118144245448,0.5211118144245448,HIGHER_COLLAPSE,0.0,0.0
MARKET_ODDS_LE_2.0,ped_damsire_going_top3_observations,OTHER,609,107,502,609,100.0,1922.6542056074766,1821.2749003984063,546.0,527.0,0.04198448966353326,0.04198448966353326,0.5211118144245448,0.5211118144245448,HIGHER_COLLAPSE,0.0,0.0
MARKET_ODDS_LE_2.0,ped_sire_surface_starts,RACE_CONDITION,609,107,502,609,100.0,1962.8130841121495,1805.8585657370518,1054.0,1030.0,0.08154925945624057,0.08154925945624057,0.5207953233793797,0.5207953233793797,HIGHER_COLLAPSE,0.0,0.0
MARKET_ODDS_LE_2.0,ped_sire_surface_win_observations,RACE_CONDITION,609,107,502,609,100.0,1962.8130841121495,1805.8585657370518,1054.0,1030.0,0.08154925945624057,0.08154925945624057,0.5207953233793797,0.5207953233793797,HIGHER_COLLAPSE,0.0,0.0
MARKET_ODDS_LE_2.0,ped_sire_surface_top3_observations,RACE_CONDITION,609,107,502,609,100.0,1962.8130841121495,1805.8585657370518,1054.0,1030.0,0.08154925945624057,0.08154925945624057,0.5207953233793797,0.5207953233793797,HIGHER_COLLAPSE,0.0,0.0
MARKET_ODDS_LE_2.0,ped_sire_venue_win_rate,RACE_CONDITION,609,107,502,596,97.86535303776684,0.08990058607861154,0.09915029174563626,0.08703082855625228,0.08953110598597863,-0.11248845254438727,0.11248845254438727,0.4792350687929956,0.5207649312070044,LOWER_COLLAPSE,2.803738317757009,1.9920318725099602
MARKET_ODDS_LE_2.0,ped_damsire_venue_effective_top3_rate,RACE_CONDITION,609,107,502,609,100.0,0.2370047733423072,0.24184994068287372,0.23031065612078647,0.23368461373496674,-0.0944528555523809,0.0944528555523809,0.4793256879025952,0.5206743120974048,LOWER_COLLAPSE,0.0,0.0
MARKET_ODDS_LE_2.0,backfill_field_size,FIELD_OPPONENT,609,107,502,609,100.0,12.588785046728972,12.286852589641434,13.0,12.0,0.09355269464600312,0.09355269464600312,0.5206650035372529,0.5206650035372529,HIGHER_COLLAPSE,0.0,0.0
MARKET_ODDS_LE_2.0,auto_field_network_elo_rating_field_count,FIELD_OPPONENT,609,107,502,609,100.0,12.588785046728972,12.286852589641434,13.0,12.0,0.09355269464600312,0.09355269464600312,0.5206650035372529,0.5206650035372529,HIGHER_COLLAPSE,0.0,0.0
MARKET_ODDS_LE_2.0,lap_recent_avg_delta_last3_first3,PACE_TIME,609,107,502,588,96.55172413793103,0.18843435522357094,0.15249354954601865,0.16666666666666644,0.14166666666666705,0.05411140516721793,0.05411140516721793,0.5206467360606795,0.5206467360606795,HIGHER_COLLAPSE,4.672897196261682,3.187250996015936
MARKET_ODDS_LE_2.0,auto_margin_gap_within_200m_success_observations,HISTORY_FRAGILITY,609,107,502,609,100.0,3.196261682242991,3.137450199203187,2.0,2.0,0.021622914488775898,0.021622914488775898,0.4797724987898872,0.5202275012101127,HIGHER_COLLAPSE,0.0,0.0
MARKET_ODDS_LE_2.0,actor_trainer_all_top3_rate,ACTOR,609,107,502,609,100.0,0.2785819925603549,0.27531835330377524,0.2761437908496732,0.27180433286416894,0.047330483719585086,0.047330483719585086,0.520208884089809,0.520208884089809,HIGHER_COLLAPSE,0.0,0.0
MARKET_ODDS_LE_2.0,actor_trainer_all_effective_top3_rate,ACTOR,609,107,502,609,100.0,0.27733408034530377,0.2746246981761638,0.27552295013143263,0.2710053832860846,0.040548324411496514,0.040548324411496514,0.5199575529657072,0.5199575529657072,HIGHER_COLLAPSE,0.0,0.0
MARKET_ODDS_LE_2.0,ped_damsire_going_effective_margin_observations,HISTORY_FRAGILITY,609,107,502,609,100.0,1014.5607476635514,1630.9482071713148,322.0,298.0,-0.0653549581752643,0.0653549581752643,0.5198644673641881,0.5198644673641881,LOWER_COLLAPSE,0.0,0.0
MARKET_ODDS_LE_2.0,actor_trainer_race_class_win_rate,ACTOR,609,107,502,609,100.0,0.10868230910344635,0.10483562907606828,0.10526315789473684,0.09961743682673915,0.08449235601898358,0.08449235601898358,0.5198272331235805,0.5198272331235805,HIGHER_COLLAPSE,0.0,0.0
MARKET_ODDS_LE_2.0,distx_same_band_top3_rate,DISTANCE,609,107,502,575,94.41707717569786,0.7472096934968221,0.7662671775013548,0.75,0.8,-0.07645625378328422,0.07645625378328422,0.4801875757195973,0.5198124242804028,LOWER_COLLAPSE,5.607476635514018,5.577689243027888
MARKET_ODDS_LE_2.0,actor_trainer_surface_top3_rate,ACTOR,609,107,502,609,100.0,0.2856181431836196,0.2779511219534695,0.27531340405014465,0.2709478021978022,0.10041676419847297,0.10041676419847297,0.5196410619205422,0.5196410619205422,HIGHER_COLLAPSE,0.0,0.0
MARKET_ODDS_LE_2.0,style_recent_avg_first_ratio,STYLE_POSITION,609,107,502,592,97.20853858784893,0.3897997623997987,0.3710543821334937,0.35975135975135974,0.3682251082251082,0.10009113507960814,0.10009113507960814,0.5196160184247622,0.5196160184247622,HIGHER_COLLAPSE,3.7383177570093453,2.589641434262948
MARKET_ODDS_LE_2.0,ped_sire_race_class_effective_starts,OTHER,609,107,502,609,100.0,767.1401869158879,1354.8685258964144,540.0,500.0,-0.04790500901349261,0.04790500901349261,0.5195945191197826,0.5195945191197826,LOWER_COLLAPSE,0.0,0.0
MARKET_ODDS_LE_2.0,ped_damsire_distance_band_effective_starts,DISTANCE,609,107,502,609,100.0,945.8878504672897,2381.0856573705178,414.0,395.0,-0.0796450489618863,0.0796450489618863,0.48056372640280004,0.5194362735972,LOWER_COLLAPSE,0.0,0.0
MARKET_ODDS_LE_2.0,auto_margin_gap_within_200m_trend,HISTORY_FRAGILITY,609,107,502,329,54.02298850574713,-0.007435274007827299,-0.07904895775063485,-0.03457929782082324,-0.02415966386554623,0.05763660382411556,0.05763660382411556,0.5193001943904471,0.5193001943904471,HIGHER_COLLAPSE,51.4018691588785,44.820717131474105
MARKET_ODDS_LE_2.0,auto_margin_gap_same_surface_success_rate,RACE_CONDITION,609,107,502,551,90.47619047619048,0.4478239790899637,0.42766738188691283,0.5,0.4166666666666667,0.05829115124922385,0.05829115124922385,0.5192171071327082,0.5192171071327082,HIGHER_COLLAPSE,14.018691588785046,8.565737051792828
MARKET_ODDS_LE_2.0,ped_damsire_race_class_effective_avg_margin_lengths,HISTORY_FRAGILITY,609,107,502,609,100.0,1.9918712384492712,2.003279230767181,1.962517538726309,2.0155318945659055,-0.04696979193621113,0.04696979193621113,0.48086160032766134,0.5191383996723387,LOWER_COLLAPSE,0.0,0.0
MARKET_ODDS_LE_2.0,ped_sire_surface_margin_observations,RACE_CONDITION,609,107,502,609,100.0,1039.822429906542,992.6454183266932,662.0,652.0,0.04960478442050667,0.04960478442050667,0.518989462709908,0.518989462709908,HIGHER_COLLAPSE,0.0,0.0
MARKET_ODDS_LE_2.0,auto_history_margin_type_observation_count,HISTORY_FRAGILITY,609,107,502,609,100.0,5.05607476635514,4.539840637450199,4.0,4.0,0.1283706294883776,0.1283706294883776,0.5189615370294522,0.5189615370294522,HIGHER_COLLAPSE,0.0,0.0
MARKET_ODDS_LE_2.0,meeting_no,OTHER,609,107,502,609,100.0,2.7663551401869158,2.639442231075697,3.0,2.0,0.08475930152815768,0.08475930152815768,0.5189615370294522,0.5189615370294522,HIGHER_COLLAPSE,0.0,0.0
MARKET_ODDS_LE_2.0,actor_horse_jockey_recent_fallback_level,ACTOR,609,107,502,609,100.0,1.2990654205607477,1.348605577689243,1.0,1.0,-0.0862138298238512,0.0862138298238512,0.48111293145176304,0.518887068548237,LOWER_COLLAPSE,0.0,0.0
MARKET_ODDS_LE_2.0,auto_margin_gap_same_venue_observations,RACE_CONDITION,609,107,502,609,100.0,0.7383177570093458,0.7948207171314741,0.0,0.0,-0.05041205403519178,0.05041205403519178,0.48128048553449754,0.5187195144655025,LOWER_COLLAPSE,0.0,0.0
MARKET_ODDS_LE_2.0,actor_trainer_surface_starts,ACTOR,609,107,502,609,100.0,837.0280373831775,822.1314741035857,871.0,826.5,0.03927464898726268,0.03927464898726268,0.5186171203038314,0.5186171203038314,HIGHER_COLLAPSE,0.0,0.0
MARKET_ODDS_LE_2.0,actor_trainer_surface_win_observations,ACTOR,609,107,502,609,100.0,837.0280373831775,822.1314741035857,871.0,826.5,0.03927464898726268,0.03927464898726268,0.5186171203038314,0.5186171203038314,HIGHER_COLLAPSE,0.0,0.0
MARKET_ODDS_LE_2.0,actor_trainer_surface_top3_observations,ACTOR,609,107,502,609,100.0,837.0280373831775,822.1314741035857,871.0,826.5,0.03927464898726268,0.03927464898726268,0.5186171203038314,0.5186171203038314,HIGHER_COLLAPSE,0.0,0.0
MARKET_ODDS_LE_2.0,timepace_recent_avg_normalized_time,PACE_TIME,609,107,502,592,97.20853858784893,0.3895268848111981,0.3767654975450174,0.41881177857501867,0.3711874796173724,0.02453793175749389,0.02453793175749389,0.5185339607282546,0.5185339607282546,HIGHER_COLLAPSE,3.7383177570093453,2.589641434262948
MARKET_ODDS_LE_2.0,ped_damsire_going_effective_win_rate,OTHER,609,107,502,609,100.0,0.08275344547542218,0.08290533139859903,0.07664558287778787,0.07869824115213328,-0.005683031614659642,0.005683031614659642,0.48158766801951075,0.5184123319804892,LOWER_COLLAPSE,0.0,0.0
MARKET_ODDS_LE_2.0,ped_damsire_race_class_effective_starts,OTHER,609,107,502,609,100.0,731.7009345794393,2082.792828685259,258.0,272.0,-0.07500967445068202,0.07500967445068202,0.48159697657966266,0.5184030234203374,LOWER_COLLAPSE,0.0,0.0
MARKET_ODDS_LE_2.0,auto_history_speed_mps_last,HISTORY_FRAGILITY,609,107,502,592,97.20853858784893,16.35644195249695,16.39838124264287,16.442451420029894,16.46090534979424,-0.07018935608788952,0.07018935608788952,0.4816050191593702,0.5183949808406298,LOWER_COLLAPSE,3.7383177570093453,2.589641434262948
MARKET_ODDS_LE_2.0,ped_damsire_going_effective_starts,OTHER,609,107,502,609,100.0,1923.588785046729,3074.679282868526,546.0,530.0,-0.06364444484622381,0.06364444484622381,0.5183750977398816,0.5183750977398816,LOWER_COLLAPSE,0.0,0.0
MARKET_ODDS_LE_2.0,lap_previous_variance,PACE_TIME,609,107,502,588,96.55172413793103,0.5972136489504002,0.5048424322029472,0.3183183431952663,0.30000000000000027,0.1274930193570114,0.1274930193570114,0.5183571370935205,0.5183571370935205,HIGHER_COLLAPSE,4.672897196261682,3.187250996015936
MARKET_ODDS_LE_2.0,auto_history_margin_lengths_observation_count,HISTORY_FRAGILITY,609,107,502,609,100.0,3.560747663551402,3.1653386454183265,3.0,2.0,0.13074665270677396,0.13074665270677396,0.5180865323751722,0.5180865323751722,HIGHER_COLLAPSE,0.0,0.0
MARKET_ODDS_LE_2.0,ped_sire_surface_effective_starts,RACE_CONDITION,609,107,502,609,100.0,1962.8130841121495,2410.161354581673,1054.0,1036.5,-0.036208866684484614,0.036208866684484614,0.5180399895744127,0.5180399895744127,LOWER_COLLAPSE,0.0,0.0
MARKET_ODDS_LE_2.0,ped_damsire_race_class_effective_margin_observations,HISTORY_FRAGILITY,609,107,502,609,100.0,465.2056074766355,1189.4163346613545,160.0,183.5,-0.07709268176853178,0.07709268176853178,0.48200655322634695,0.5179934467736531,LOWER_COLLAPSE,0.0,0.0
MARKET_ODDS_LE_2.0,actor_trainer_distance_band_top3_rate,DISTANCE,609,107,502,608,99.83579638752053,0.2870428293458713,0.28156314592483944,0.2837370242214533,0.273542600896861,0.07288924265021175,0.07288924265021175,0.5179360904359506,0.5179360904359506,HIGHER_COLLAPSE,0.0,0.199203187250996
MARKET_ODDS_LE_2.0,ped_sire_course_layout_starts,RACE_CONDITION,609,107,502,609,100.0,2942.4018691588785,2785.3764940239043,1794.0,1829.0,0.05924448892934672,0.05924448892934672,0.5178817440518301,0.5178817440518301,HIGHER_COLLAPSE,0.0,0.0
MARKET_ODDS_LE_2.0,ped_sire_course_layout_win_observations,RACE_CONDITION,609,107,502,609,100.0,2942.4018691588785,2785.3764940239043,1794.0,1829.0,0.05924448892934672,0.05924448892934672,0.5178817440518301,0.5178817440518301,HIGHER_COLLAPSE,0.0,0.0
MARKET_ODDS_LE_2.0,ped_sire_course_layout_top3_observations,RACE_CONDITION,609,107,502,609,100.0,2942.4018691588785,2785.3764940239043,1794.0,1829.0,0.05924448892934672,0.05924448892934672,0.5178817440518301,0.5178817440518301,HIGHER_COLLAPSE,0.0,0.0
MARKET_ODDS_LE_2.0,ped_sire_course_layout_effective_starts,RACE_CONDITION,609,107,502,609,100.0,2948.532710280374,3390.675298804781,1794.0,1846.5,-0.03551728420054366,0.03551728420054366,0.5178445098112224,0.5178445098112224,LOWER_COLLAPSE,0.0,0.0
MARKET_ODDS_LE_2.0,actor_jockey_recent_effective_win_rate,ACTOR,609,107,502,609,100.0,0.14264467648449392,0.13936221285749278,0.1291668485285971,0.12917691091536798,0.050354172739951124,0.050354172739951124,0.5178352012510705,0.5178352012510705,HIGHER_COLLAPSE,0.0,0.0
MARKET_ODDS_LE_2.0,ped_sire_race_class_effective_margin_observations,HISTORY_FRAGILITY,609,107,502,609,100.0,474.21495327102804,777.7609561752988,357.0,314.5,-0.04783899456767541,0.04783899456767541,0.5178072755706148,0.5178072755706148,LOWER_COLLAPSE,0.0,0.0
MARKET_ODDS_LE_2.0,timepace_fast_pace_top3_rate,PACE_TIME,609,107,502,399,65.51724137931035,0.6579939431913115,0.6773023244385474,0.6666666666666666,0.75,-0.05454364974071274,0.05454364974071274,0.4822185106729672,0.5177814893270327,LOWER_COLLAPSE,28.971962616822427,35.657370517928285
MARKET_ODDS_LE_2.0,ped_sire_course_layout_margin_observations,RACE_CONDITION,609,107,502,609,100.0,1779.4766355140187,1688.0756972111553,1183.0,1150.5,0.058669592870013866,0.058669592870013866,0.5175280187660573,0.5175280187660573,HIGHER_COLLAPSE,0.0,0.0
MARKET_ODDS_LE_2.0,auto_history_margin_small_gap_rate,HISTORY_FRAGILITY,609,107,502,572,93.92446633825944,0.4535169939288525,0.4359807329696843,0.4,0.4,0.05483236991655706,0.05483236991655706,0.5175219424690883,0.5175219424690883,HIGHER_COLLAPSE,7.476635514018691,5.776892430278884
MARKET_ODDS_LE_2.0,auto_history_last_3f_gap_to_best,PACE_TIME,609,107,502,592,97.20853858784893,0.9320388349514558,0.9607361963190186,0.29999999999999716,0.4000000000000057,-0.02309159174977776,0.02309159174977776,0.4825083884289316,0.5174916115710684,LOWER_COLLAPSE,3.7383177570093453,2.589641434262948
MARKET_ODDS_LE_2.0,ped_sire_course_layout_effective_margin_observations,RACE_CONDITION,609,107,502,609,100.0,1782.3738317757009,2001.3027888446215,1183.0,1167.0,-0.03384302935820384,0.03384302935820384,0.5171463677998287,0.5171463677998287,LOWER_COLLAPSE,0.0,0.0
MARKET_ODDS_LE_2.0,actor_jockey_venue_effective_top3_rate,ACTOR,609,107,502,609,100.0,0.3781517992630471,0.3838826638609715,0.34913062725975014,0.36707981950049823,-0.04349392778006558,0.04349392778006558,0.48299326060245,0.5170067393975499,LOWER_COLLAPSE,0.0,0.0
MARKET_ODDS_LE_2.0,timepace_slow_pace_top3_rate,PACE_TIME,609,107,502,440,72.2495894909688,0.661111111111111,0.6870018115942028,1.0,1.0,-0.06595063583609975,0.06595063583609975,0.4830729166666667,0.5169270833333333,LOWER_COLLAPSE,32.71028037383177,26.693227091633464
MARKET_ODDS_LE_2.0,auto_history_last_3f_stddev,PACE_TIME,609,107,502,592,97.20853858784893,1.4681793815135007,1.288377585978723,0.9184967956592792,0.8578072821638524,0.08580650441551783,0.08580650441551783,0.5169158377509083,0.5169158377509083,HIGHER_COLLAPSE,3.7383177570093453,2.589641434262948
MARKET_ODDS_LE_2.0,auto_history_last_3f_variance,PACE_TIME,609,107,502,592,97.20853858784893,7.631216417583488,5.804297438849135,0.8436363636363637,0.735833333333335,0.07869137638963744,0.07869137638963744,0.5169158377509083,0.5169158377509083,HIGHER_COLLAPSE,3.7383177570093453,2.589641434262948
MARKET_ODDS_LE_2.0,ped_damsire_all_top3_rate,OTHER,609,107,502,607,99.67159277504105,0.25523306003236623,0.2692768220155056,0.23569309029249683,0.24263301214914118,-0.11837167936734481,0.11837167936734481,0.48311214953271026,0.5168878504672898,LOWER_COLLAPSE,0.0,0.398406374501992
MARKET_ODDS_LE_2.0,ped_damsire_course_layout_effective_starts,RACE_CONDITION,609,107,502,609,100.0,2720.7383177570096,4116.56374501992,1048.0,1238.0,-0.07687674327672302,0.07687674327672302,0.4831328890047287,0.5168671109952713,LOWER_COLLAPSE,0.0,0.0
MARKET_ODDS_LE_2.0,auto_pair_body_weight_vs_recent_mean_diff,WEIGHT_BODY,609,107,502,592,97.20853858784893,3.6689105531451265,2.7262779560415806,2.461538461538453,2.25,0.1348462968309076,0.1348462968309076,0.5168364206722655,0.5168364206722655,HIGHER_COLLAPSE,3.7383177570093453,2.589641434262948
MARKET_ODDS_LE_2.0,ped_damsire_venue_avg_margin_lengths,RACE_CONDITION,609,107,502,589,96.71592775041051,2.019705375046974,1.9947053616402393,1.9846117424242424,1.9764150943396226,0.05672814631160031,0.05672814631160031,0.5168021411578113,0.5168021411578113,HIGHER_COLLAPSE,2.803738317757009,3.386454183266932
MARKET_ODDS_LE_2.0,ped_damsire_distance_band_margin_observations,DISTANCE,609,107,502,609,100.0,517.0934579439253,616.5278884462151,237.0,222.0,-0.12855692163834448,0.12855692163834448,0.4832725174070075,0.5167274825929925,LOWER_COLLAPSE,0.0,0.0
MARKET_ODDS_LE_2.0,style_recent_avg_first_position,STYLE_POSITION,609,107,502,592,97.20853858784893,5.099356603482816,4.903505696757231,5.0,4.666666666666667,0.07865252012845662,0.07865252012845662,0.516647805110489,0.516647805110489,HIGHER_COLLAPSE,3.7383177570093453,2.589641434262948
MARKET_ODDS_LE_2.0,auto_margin_gap_same_direction_observations,HISTORY_FRAGILITY,609,107,502,609,100.0,1.8130841121495327,1.6035856573705178,1.0,1.0,0.11833877751168133,0.11833877751168133,0.5164389172282832,0.5164389172282832,HIGHER_COLLAPSE,0.0,0.0
MARKET_ODDS_LE_2.0,actor_trainer_distance_band_effective_top3_rate,DISTANCE,609,107,502,609,100.0,0.2803400155882796,0.2766051108411991,0.27469707761232093,0.2691442773124536,0.05423947925514028,0.05423947925514028,0.5164203001079793,0.5164203001079793,HIGHER_COLLAPSE,0.0,0.0
MARKET_ODDS_LE_2.0,ped_damsire_venue_effective_avg_margin_lengths,RACE_CONDITION,609,107,502,609,100.0,2.0193995248134504,2.0011847684414166,1.988505749201727,1.9864908745197773,0.09045797774867054,0.09045797774867054,0.5163737573072197,0.5163737573072197,HIGHER_COLLAPSE,0.0,0.0
MARKET_ODDS_LE_2.0,actor_trainer_surface_effective_top3_rate,ACTOR,609,107,502,609,100.0,0.27783144557490375,0.27522097781825255,0.27376162076469074,0.26819709836048583,0.037760546640113406,0.037760546640113406,0.5162806717057006,0.5162806717057006,HIGHER_COLLAPSE,0.0,0.0
MARKET_ODDS_LE_2.0,auto_margin_gap_same_venue_starts,RACE_CONDITION,609,107,502,609,100.0,1.355140186915888,1.3824701195219125,1.0,1.0,-0.017603551404784062,0.017603551404784062,0.4837193282942994,0.5162806717057006,LOWER_COLLAPSE,0.0,0.0
MARKET_ODDS_LE_2.0,ped_sire_surface_effective_margin_observations,RACE_CONDITION,609,107,502,609,100.0,1039.822429906542,1305.2549800796812,662.0,656.0,-0.041612402571576224,0.041612402571576224,0.5161968946643333,0.5161968946643333,LOWER_COLLAPSE,0.0,0.0
MARKET_ODDS_LE_2.0,auto_margin_gap_within_400m_success_rate,HISTORY_FRAGILITY,609,107,502,569,93.43185550082102,0.4317371497177441,0.4175545935999772,0.4117647058823529,0.4,0.0422953495810893,0.0422953495810893,0.5160864057312599,0.5160864057312599,HIGHER_COLLAPSE,9.345794392523365,5.9760956175298805
MARKET_ODDS_LE_2.0,auto_margin_gap_within_300m_observations,HISTORY_FRAGILITY,609,107,502,609,100.0,2.364485981308411,2.3426294820717133,2.0,2.0,0.010044832279345751,0.010044832279345751,0.48395204229809735,0.5160479577019026,HIGHER_COLLAPSE,0.0,0.0
MARKET_ODDS_LE_2.0,ped_damsire_course_layout_effective_margin_observations,RACE_CONDITION,609,107,502,609,100.0,1707.4485981308412,2446.8924302788846,671.0,770.0,-0.0777207892316273,0.0777207892316273,0.4841195963808318,0.5158804036191682,LOWER_COLLAPSE,0.0,0.0
MARKET_ODDS_LE_2.0,ped_damsire_distance_band_top3_rate,DISTANCE,609,107,502,604,99.17898193760263,0.27818985515228717,0.2882253237542478,0.24701841161552768,0.2456820636382805,-0.06797458853429696,0.06797458853429696,0.515799045237554,0.515799045237554,LOWER_COLLAPSE,0.9345794392523363,0.796812749003984
MARKET_ODDS_LE_2.0,actor_trainer_race_class_effective_win_rate,ACTOR,609,107,502,609,100.0,0.10398421175785251,0.1023385281356033,0.10152617625027176,0.0970097583102576,0.04160773621580058,0.04160773621580058,0.5157035409762818,0.5157035409762818,HIGHER_COLLAPSE,0.0,0.0
MARKET_ODDS_LE_2.0,auto_margin_gap_same_direction_success_observations,HISTORY_FRAGILITY,609,107,502,609,100.0,2.5794392523364484,2.312749003984064,2.0,2.0,0.11355610734460375,0.11355610734460375,0.5155918382544588,0.5155918382544588,HIGHER_COLLAPSE,0.0,0.0
MARKET_ODDS_LE_2.0,same_venue_starts,RACE_CONDITION,609,107,502,609,100.0,1.355140186915888,1.3784860557768925,1.0,1.0,-0.015091503717009428,0.015091503717009428,0.4844453959861489,0.5155546040138511,LOWER_COLLAPSE,0.0,0.0
MARKET_ODDS_LE_2.0,actor_jockey_recent_win_rate,ACTOR,609,107,502,609,100.0,0.18909657320872275,0.1836653386454183,0.16666666666666666,0.16666666666666666,0.04995727173240989,0.04995727173240989,0.5154801355326358,0.5154801355326358,HIGHER_COLLAPSE,0.0,0.0
MARKET_ODDS_LE_2.0,ped_damsire_distance_band_avg_margin_lengths,DISTANCE,609,107,502,599,98.35796387520526,2.0984405324315767,2.0544003730399254,1.9990414110429446,2.004854368932039,0.08526687265315246,0.08526687265315246,0.5154617474836388,0.5154617474836388,HIGHER_COLLAPSE,0.9345794392523363,1.7928286852589643
MARKET_ODDS_LE_2.0,network_field_known_count,FIELD_OPPONENT,609,107,502,609,100.0,10.841121495327103,10.693227091633466,11.0,11.0,0.041651307536091545,0.041651307536091545,0.5153125814499013,0.5153125814499013,HIGHER_COLLAPSE,0.0,0.0
MARKET_ODDS_LE_2.0,opponent_current_field_known_count,FIELD_OPPONENT,609,107,502,609,100.0,10.841121495327103,10.693227091633466,11.0,11.0,0.041651307536091545,0.041651307536091545,0.5153125814499013,0.5153125814499013,HIGHER_COLLAPSE,0.0,0.0
MARKET_ODDS_LE_2.0,auto_history_last_3f_linear_trend,PACE_TIME,609,107,502,518,85.0574712643678,-0.08760243791412273,-0.07480450480950351,-0.06842105263157908,-0.05952380952380961,-0.014044063339488476,0.014044063339488476,0.48480919829234437,0.5151908017076556,LOWER_COLLAPSE,16.822429906542055,14.54183266932271
MARKET_ODDS_LE_2.0,auto_margin_gap_same_distance_median,DISTANCE,609,107,502,342,56.15763546798029,1.6,1.7621951219512195,1.375,1.25,-0.12265942595670606,0.12265942595670606,0.48492239467849224,0.5150776053215078,LOWER_COLLAPSE,48.598130841121495,42.82868525896414
MARKET_ODDS_LE_2.0,network_elo_rating,OTHER,609,107,502,609,100.0,1536.8324581446775,1534.7079486232217,1532.8814963949515,1530.1447068816688,0.08832548402430687,0.08832548402430687,0.5150519417656477,0.5150519417656477,HIGHER_COLLAPSE,0.0,0.0
MARKET_ODDS_LE_2.0,auto_history_last_3f_coefficient_of_variation,PACE_TIME,609,107,502,592,97.20853858784893,0.044755818293563,0.03872160142461408,0.024556587484064012,0.023874508997361127,0.08035609999499067,0.08035609999499067,0.5149999007286516,0.5149999007286516,HIGHER_COLLAPSE,3.7383177570093453,2.589641434262948
MARKET_ODDS_LE_2.0,auto_pair_body_weight_vs_recent_mean_ratio,WEIGHT_BODY,609,107,502,592,97.20853858784893,1.0075980324310374,1.005691452394865,1.0050454086781029,1.0047846889952152,0.13146004305341472,0.13146004305341472,0.5148509937061965,0.5148509937061965,HIGHER_COLLAPSE,3.7383177570093453,2.589641434262948
MARKET_ODDS_LE_2.0,auto_pair_body_weight_vs_recent_mean_normalized_diff,WEIGHT_BODY,609,107,502,592,97.20853858784893,0.0037230093485319253,0.0027879224047502515,0.0025163563160543532,0.0023866348448687265,0.13006058109737317,0.13006058109737317,0.5148509937061965,0.5148509937061965,HIGHER_COLLAPSE,3.7383177570093453,2.589641434262948
MARKET_ODDS_LE_2.0,ped_damsire_all_effective_top3_rate,OTHER,609,107,502,609,100.0,0.24597712373762937,0.24727532279525968,0.23310812750214527,0.24184305777694265,-0.025017523727315007,0.025017523727315007,0.48521800647875785,0.5147819935212421,LOWER_COLLAPSE,0.0,0.0
MARKET_ODDS_LE_2.0,ped_damsire_distance_band_fallback_level,DISTANCE,609,107,502,609,100.0,0.018691588785046728,0.05179282868525897,0.0,0.0,-0.1473887580986081,0.1473887580986081,0.48540417768179617,0.5145958223182039,LOWER_COLLAPSE,0.0,0.0
MARKET_ODDS_LE_2.0,auto_history_margin_lengths_gap_to_worst,HISTORY_FRAGILITY,609,107,502,535,87.84893267651888,-1.196808510638298,-1.2086167800453516,0.0,-0.25,0.006517368004554004,0.006517368004554004,0.5144497515318184,0.5144497515318184,HIGHER_COLLAPSE,12.149532710280374,12.151394422310757
MARKET_ODDS_LE_2.0,auto_margin_gap_within_200m_success_rate,HISTORY_FRAGILITY,609,107,502,546,89.65517241379311,0.4373369242295074,0.42291704514925005,0.4,0.4,0.040300772698481035,0.040300772698481035,0.5143291515035434,0.5143291515035434,HIGHER_COLLAPSE,14.018691588785046,9.56175298804781
MARKET_ODDS_LE_2.0,ped_damsire_distance_band_effective_top3_rate,DISTANCE,609,107,502,609,100.0,0.252898875624683,0.25119643854629436,0.24514251392445385,0.24126006606711814,0.031869541366352894,0.031869541366352894,0.5141397028707599,0.5141397028707599,HIGHER_COLLAPSE,0.0,0.0
MARKET_ODDS_LE_2.0,ped_damsire_distance_band_starts,DISTANCE,609,107,502,609,100.0,945.7757009345794,1127.593625498008,414.0,387.5,-0.12866335365579484,0.12866335365579484,0.48627918233607625,0.5137208176639237,LOWER_COLLAPSE,0.0,0.0
MARKET_ODDS_LE_2.0,ped_damsire_distance_band_win_observations,DISTANCE,609,107,502,609,100.0,945.7757009345794,1127.593625498008,414.0,387.5,-0.12866335365579484,0.12866335365579484,0.48627918233607625,0.5137208176639237,LOWER_COLLAPSE,0.0,0.0
MARKET_ODDS_LE_2.0,ped_damsire_distance_band_top3_observations,DISTANCE,609,107,502,609,100.0,945.7757009345794,1127.593625498008,414.0,387.5,-0.12866335365579484,0.12866335365579484,0.48627918233607625,0.5137208176639237,LOWER_COLLAPSE,0.0,0.0
MARKET_ODDS_LE_2.0,auto_margin_gap_same_course_layout_mean,RACE_CONDITION,609,107,502,532,87.35632183908046,1.8195532215693506,1.7766521775491022,1.5833333333333333,1.55,0.042672944719597886,0.042672944719597886,0.5135449579934847,0.5135449579934847,HIGHER_COLLAPSE,13.084112149532709,12.549800796812749
MARKET_ODDS_LE_2.0,ped_damsire_distance_band_effective_avg_margin_lengths,DISTANCE,609,107,502,609,100.0,2.074148184148159,2.039601984713428,1.998424316612795,2.011206992106111,0.12058389114466196,0.12058389114466196,0.5135346464608854,0.5135346464608854,HIGHER_COLLAPSE,0.0,0.0
MARKET_ODDS_LE_2.0,same_distance_top3_rate,DISTANCE,609,107,502,453,74.38423645320196,0.8138732247284879,0.8123067545481338,1.0,1.0,0.005551762911980426,0.005551762911980426,0.4865803434315231,0.5134196565684769,HIGHER_COLLAPSE,28.971962616822427,24.900398406374503
MARKET_ODDS_LE_2.0,ped_damsire_surface_effective_avg_margin_lengths,RACE_CONDITION,609,107,502,609,100.0,1.9948286485829765,1.9809636685163075,1.984443525293267,1.9565464420398033,0.0573076767071201,0.0573076767071201,0.513357783817999,0.513357783817999,HIGHER_COLLAPSE,0.0,0.0
MARKET_ODDS_LE_2.0,ped_damsire_course_layout_effective_avg_margin_lengths,RACE_CONDITION,609,107,502,609,100.0,2.0257407622277244,1.9990940155346204,1.9916422698253715,2.0001775807864637,0.15077361680941434,0.15077361680941434,0.48685631306549504,0.513143686934505,HIGHER_COLLAPSE,0.0,0.0
MARKET_ODDS_LE_2.0,auto_history_speed_mps_gap_to_worst,HISTORY_FRAGILITY,609,107,502,592,97.20853858784893,0.4331146098899669,0.4035272357279065,0.3045998273523267,0.3332722620457904,0.0705130236424693,0.0705130236424693,0.5130343280322434,0.5130343280322434,HIGHER_COLLAPSE,3.7383177570093453,2.589641434262948
MARKET_ODDS_LE_2.0,same_venue_top3_rate,RACE_CONDITION,609,107,502,390,64.03940886699507,0.7770531400966183,0.7823888641645652,1.0,1.0,-0.01651932130777038,0.01651932130777038,0.5128899724592533,0.5128899724592533,LOWER_COLLAPSE,35.51401869158878,36.05577689243028
MARKET_ODDS_LE_2.0,auto_margin_gap_within_400m_observations,HISTORY_FRAGILITY,609,107,502,609,100.0,2.635514018691589,2.6693227091633465,2.0,2.0,-0.014660985211233981,0.014660985211233981,0.48717280411066016,0.5128271958893398,LOWER_COLLAPSE,0.0,0.0
MARKET_ODDS_LE_2.0,auto_margin_gap_same_weight_rule_success_observations,WEIGHT_BODY,609,107,502,609,100.0,2.7663551401869158,2.6195219123505975,2.0,2.0,0.05388295724088426,0.05388295724088426,0.4871821126708121,0.512817887329188,HIGHER_COLLAPSE,0.0,0.0
MARKET_ODDS_LE_2.0,auto_margin_gap_same_age_condition_success_rate,HISTORY_FRAGILITY,609,107,502,420,68.96551724137932,0.4122581926929752,0.42872698684664495,0.3333333333333333,0.4444444444444444,-0.04126932105073834,0.04126932105073834,0.4872414220240307,0.5127585779759694,LOWER_COLLAPSE,35.51401869158878,30.0796812749004
MARKET_ODDS_LE_2.0,ped_damsire_all_win_rate,OTHER,609,107,502,607,99.67159277504105,0.08685387579727628,0.08793958316732654,0.0773841001233915,0.08072332772795217,-0.01905347417309858,0.01905347417309858,0.48741121495327105,0.512588785046729,LOWER_COLLAPSE,0.0,0.398406374501992
MARKET_ODDS_LE_2.0,ped_damsire_all_effective_win_rate,OTHER,609,107,502,609,100.0,0.08446323619959283,0.08461446607159866,0.07736832947937924,0.08025903903447179,-0.005508591431990595,0.005508591431990595,0.48760099787764827,0.5123990021223517,LOWER_COLLAPSE,0.0,0.0
MARKET_ODDS_LE_2.0,auto_history_margin_lengths_stddev,HISTORY_FRAGILITY,609,107,502,535,87.84893267651888,0.7620475579128435,0.7388065643084861,0.5861754202366598,0.5137011669140814,0.029974368172249067,0.029974368172249067,0.5123751628310899,0.5123751628310899,HIGHER_COLLAPSE,12.149532710280374,12.151394422310757
MARKET_ODDS_LE_2.0,auto_history_margin_lengths_variance,HISTORY_FRAGILITY,609,107,502,535,87.84893267651888,1.1481343510638982,1.1514931655275302,0.3436111111111111,0.2638888888888889,-0.0016930788006202595,0.0016930788006202595,0.5123269165822357,0.5123269165822357,LOWER_COLLAPSE,12.149532710280374,12.151394422310757
MARKET_ODDS_LE_2.0,ped_damsire_course_layout_starts,RACE_CONDITION,609,107,502,609,100.0,2720.7383177570096,2863.0717131474103,1048.0,1217.0,-0.04383770996637209,0.04383770996637209,0.4876754663588636,0.5123245336411364,LOWER_COLLAPSE,0.0,0.0
MARKET_ODDS_LE_2.0,ped_damsire_course_layout_win_observations,RACE_CONDITION,609,107,502,609,100.0,2720.7383177570096,2863.0717131474103,1048.0,1217.0,-0.04383770996637209,0.04383770996637209,0.4876754663588636,0.5123245336411364,LOWER_COLLAPSE,0.0,0.0
MARKET_ODDS_LE_2.0,ped_damsire_course_layout_top3_observations,RACE_CONDITION,609,107,502,609,100.0,2720.7383177570096,2863.0717131474103,1048.0,1217.0,-0.04383770996637209,0.04383770996637209,0.4876754663588636,0.5123245336411364,LOWER_COLLAPSE,0.0,0.0
MARKET_ODDS_LE_2.0,actor_trainer_venue_effective_win_rate,ACTOR,609,107,502,609,100.0,0.1035762234850719,0.1029474138490038,0.09975515600531586,0.09798029524933935,0.014750603104080818,0.014750603104080818,0.512259373720073,0.512259373720073,HIGHER_COLLAPSE,0.0,0.0
MARKET_ODDS_LE_2.0,auto_margin_gap_same_course_layout_trend,RACE_CONDITION,609,107,502,396,65.02463054187191,0.01807122414492044,-0.05331300375279974,-0.0423728813559322,0.0,0.07398815644217901,0.07398815644217901,0.5121353717733521,0.5121353717733521,HIGHER_COLLAPSE,37.38317757009346,34.462151394422314
MARKET_ODDS_LE_2.0,timepace_even_pace_starts,PACE_TIME,609,107,502,609,100.0,1.7476635514018692,1.802788844621514,2.0,2.0,-0.03860504403214402,0.03860504403214402,0.48788956324235766,0.5121104367576423,LOWER_COLLAPSE,0.0,0.0
MARKET_ODDS_LE_2.0,opponent_recent_avg_top3_rate,FIELD_OPPONENT,609,107,502,592,97.20853858784893,0.24944927619800902,0.2530420175943198,0.24644777619904237,0.24507161122286808,-0.04520883758164751,0.04520883758164751,0.4878988226418091,0.5121011773581909,LOWER_COLLAPSE,3.7383177570093453,2.589641434262948
MARKET_ODDS_LE_2.0,auto_margin_gap_within_100m_observations,HISTORY_FRAGILITY,609,107,502,609,100.0,1.4018691588785046,1.3764940239043826,1.0,1.0,0.015449121784524296,0.015449121784524296,0.48789887180250957,0.5121011281974904,HIGHER_COLLAPSE,0.0,0.0
MARKET_ODDS_LE_2.0,auto_margin_gap_within_300m_success_observations,HISTORY_FRAGILITY,609,107,502,609,100.0,3.4485981308411215,3.2808764940239046,3.0,3.0,0.059569887359829224,0.059569887359829224,0.4879174889228134,0.5120825110771866,HIGHER_COLLAPSE,0.0,0.0
MARKET_ODDS_LE_2.0,ped_damsire_race_class_starts,OTHER,609,107,502,609,100.0,730.6355140186915,827.5537848605578,258.0,269.0,-0.09224799312275847,0.09224799312275847,0.48793610604311727,0.5120638939568827,LOWER_COLLAPSE,0.0,0.0
MARKET_ODDS_LE_2.0,ped_damsire_race_class_win_observations,OTHER,609,107,502,609,100.0,730.6355140186915,827.5537848605578,258.0,269.0,-0.09224799312275847,0.09224799312275847,0.48793610604311727,0.5120638939568827,LOWER_COLLAPSE,0.0,0.0
MARKET_ODDS_LE_2.0,ped_damsire_race_class_top3_observations,OTHER,609,107,502,609,100.0,730.6355140186915,827.5537848605578,258.0,269.0,-0.09224799312275847,0.09224799312275847,0.48793610604311727,0.5120638939568827,LOWER_COLLAPSE,0.0,0.0
MARKET_ODDS_LE_2.0,actor_jockey_distance_band_top3_rate,DISTANCE,609,107,502,609,100.0,0.38531820039952713,0.39248545618956293,0.3626373626373626,0.37746404855145455,-0.05001052757263329,0.05001052757263329,0.4879826488438768,0.5120173511561232,LOWER_COLLAPSE,0.0,0.0
MARKET_ODDS_LE_2.0,timepace_recent_avg_normalized_late_pace,PACE_TIME,609,107,502,588,96.55172413793103,0.008434820373651054,0.03459188311433761,-0.002002750600482939,0.01756774634463585,-0.040273114193500444,0.040273114193500444,0.4880174291938998,0.5119825708061002,LOWER_COLLAPSE,4.672897196261682,3.187250996015936
MARKET_ODDS_LE_2.0,style_recent_front_rate,STYLE_POSITION,609,107,502,592,97.20853858784893,0.4300585606410849,0.44618430876099585,0.4,0.4,-0.046245538939505414,0.046245538939505414,0.4881668552822284,0.5118331447177715,LOWER_COLLAPSE,3.7383177570093453,2.589641434262948
MARKET_ODDS_LE_2.0,ped_damsire_distance_band_effective_win_rate,DISTANCE,609,107,502,609,100.0,0.08770077732244771,0.08511967988565264,0.08147932795203298,0.08028683409748255,0.08864063602944891,0.08864063602944891,0.5118032542726291,0.5118032542726291,HIGHER_COLLAPSE,0.0,0.0
MARKET_ODDS_LE_2.0,actor_trainer_recent_effective_top3_rate,ACTOR,609,107,502,609,100.0,0.2695310839453339,0.2675956922043161,0.2674098521821565,0.2674036077671491,0.02811919224751621,0.02811919224751621,0.5117474029117176,0.5117474029117176,HIGHER_COLLAPSE,0.0,0.0
MARKET_ODDS_LE_2.0,previous_last_3f,PACE_TIME,609,107,502,592,97.20853858784893,34.28737864077671,34.84028629856851,35.5,35.6,-0.09931147294645105,0.09931147294645105,0.4883356165743443,0.5116643834256557,LOWER_COLLAPSE,3.7383177570093453,2.589641434262948
MARKET_ODDS_LE_2.0,auto_history_last_3f_last,PACE_TIME,609,107,502,592,97.20853858784893,34.28737864077671,34.84028629856851,35.5,35.6,-0.09931147294645105,0.09931147294645105,0.4883356165743443,0.5116643834256557,LOWER_COLLAPSE,3.7383177570093453,2.589641434262948
MARKET_ODDS_LE_2.0,auto_history_last_3f_mean,PACE_TIME,609,107,502,592,97.20853858784893,35.83804410805396,35.799529088293376,35.82000000000001,35.699999999999996,0.015744469825130433,0.015744469825130433,0.5116643834256557,0.5116643834256557,HIGHER_COLLAPSE,3.7383177570093453,2.589641434262948
MARKET_ODDS_LE_2.0,ped_damsire_going_top3_rate,OTHER,609,107,502,601,98.68637110016421,0.25523629503619977,0.26529887752561315,0.23318385650224216,0.23591549775064485,-0.08260177197311888,0.08260177197311888,0.4883461349275417,0.5116538650724582,LOWER_COLLAPSE,0.0,1.593625498007968
MARKET_ODDS_LE_2.0,auto_history_margin_lengths_median,HISTORY_FRAGILITY,609,107,502,535,87.84893267651888,1.601063829787234,1.6405895691609977,1.5,1.375,-0.039632368208082316,0.039632368208082316,0.5116032228494235,0.5116032228494235,LOWER_COLLAPSE,12.149532710280374,12.151394422310757
MARKET_ODDS_LE_2.0,auto_history_margin_lengths_max,HISTORY_FRAGILITY,609,107,502,535,87.84893267651888,3.0425531914893615,2.938208616780045,2.5,2.5,0.05048148039881507,0.05048148039881507,0.5115911612872099,0.5115911612872099,HIGHER_COLLAPSE,12.149532710280374,12.151394422310757
MARKET_ODDS_LE_2.0,actor_trainer_venue_win_rate,ACTOR,609,107,502,608,99.83579638752053,0.1076954807589122,0.10702694298098299,0.10429447852760736,0.1016949152542373,0.01302089271554346,0.01302089271554346,0.5115563265991382,0.5115563265991382,HIGHER_COLLAPSE,0.0,0.199203187250996
MARKET_ODDS_LE_2.0,ped_damsire_race_class_margin_observations,HISTORY_FRAGILITY,609,107,502,609,100.0,464.61682242990656,535.0776892430279,160.0,181.0,-0.10219736947103679,0.10219736947103679,0.48846669397177644,0.5115333060282236,LOWER_COLLAPSE,0.0,0.0
MARKET_ODDS_LE_2.0,auto_margin_gap_same_course_layout_starts,RACE_CONDITION,609,107,502,609,100.0,5.635514018691588,5.344621513944223,5.0,4.0,0.06868304160069902,0.06868304160069902,0.5114029861860967,0.5114029861860967,HIGHER_COLLAPSE,0.0,0.0
MARKET_ODDS_LE_2.0,auto_history_speed_mps_max,HISTORY_FRAGILITY,609,107,502,592,97.20853858784893,16.688380606640106,16.71240342211642,16.728624535315987,16.706443914081145,-0.05356243801382704,0.05356243801382704,0.48861357634959396,0.511386423650406,LOWER_COLLAPSE,3.7383177570093453,2.589641434262948
MARKET_ODDS_LE_2.0,ped_sire_venue_effective_starts,RACE_CONDITION,609,107,502,609,100.0,350.2429906542056,958.2270916334661,186.0,210.0,-0.04955508091313862,0.04955508091313862,0.511365751945489,0.511365751945489,LOWER_COLLAPSE,0.0,0.0
MARKET_ODDS_LE_2.0,ped_damsire_course_layout_margin_observations,RACE_CONDITION,609,107,502,609,100.0,1707.4485981308412,1793.5597609561753,671.0,743.5,-0.04250781486242613,0.04250781486242613,0.4886621737349667,0.5113378262650333,LOWER_COLLAPSE,0.0,0.0
MARKET_ODDS_LE_2.0,actor_horse_jockey_all_fallback_level,ACTOR,609,107,502,609,100.0,0.7476635514018691,0.7928286852589641,0.0,0.0,-0.046178918832716374,0.046178918832716374,0.48870871653572623,0.5112912834642738,LOWER_COLLAPSE,0.0,0.0
MARKET_ODDS_LE_2.0,auto_field_recent_win_rate_gap_to_top2_mean,FIELD_OPPONENT,609,107,502,592,97.20853858784893,-0.022977346278317153,-0.022989093387866394,0.0,0.0,9.720297952428995e-05,9.720297952428995e-05,0.5112871523021025,0.5112871523021025,HIGHER_COLLAPSE,3.7383177570093453,2.589641434262948
MARKET_ODDS_LE_2.0,auto_history_distance_m_coefficient_of_variation,DISTANCE,609,107,502,592,97.20853858784893,0.0729714125263563,0.06913965330331714,0.06620242548062644,0.058823529411764705,0.05860946868237379,0.05860946868237379,0.5111580995493081,0.5111580995493081,HIGHER_COLLAPSE,3.7383177570093453,2.589641434262948
MARKET_ODDS_LE_2.0,ped_sire_venue_starts,RACE_CONDITION,609,107,502,609,100.0,348.4859813084112,352.8406374501992,186.0,206.5,-0.011578194987313632,0.011578194987313632,0.5111144208213874,0.5111144208213874,LOWER_COLLAPSE,0.0,0.0
MARKET_ODDS_LE_2.0,ped_sire_venue_win_observations,RACE_CONDITION,609,107,502,609,100.0,348.4859813084112,352.8406374501992,186.0,206.5,-0.011578194987313632,0.011578194987313632,0.5111144208213874,0.5111144208213874,LOWER_COLLAPSE,0.0,0.0
MARKET_ODDS_LE_2.0,ped_sire_venue_top3_observations,RACE_CONDITION,609,107,502,609,100.0,348.4859813084112,352.8406374501992,186.0,206.5,-0.011578194987313632,0.011578194987313632,0.5111144208213874,0.5111144208213874,LOWER_COLLAPSE,0.0,0.0
MARKET_ODDS_LE_2.0,auto_margin_gap_same_direction_median,HISTORY_FRAGILITY,609,107,502,419,68.80131362889983,1.582191780821918,1.6770231213872833,1.375,1.375,-0.07976026749750247,0.07976026749750247,0.489132156148547,0.510867843851453,LOWER_COLLAPSE,31.775700934579437,31.07569721115538
MARKET_ODDS_LE_2.0,actor_jockey_venue_top3_rate,ACTOR,609,107,502,607,99.67159277504105,0.3907468988393319,0.39464909222668054,0.35789473684210527,0.3801440329218107,-0.027442786810411023,0.027442786810411023,0.48917757009345797,0.510822429906542,LOWER_COLLAPSE,0.0,0.398406374501992
MARKET_ODDS_LE_2.0,actor_jockey_distance_band_win_rate,DISTANCE,609,107,502,609,100.0,0.1598385392876554,0.1640130803324313,0.13422222222222221,0.13911825484661106,-0.047030558343663466,0.047030558343663466,0.4892579215846893,0.5107420784153107,LOWER_COLLAPSE,0.0,0.0
MARKET_ODDS_LE_2.0,timepace_recent_avg_normalized_last3f,PACE_TIME,609,107,502,592,97.20853858784893,0.49604769957608,0.5193331629280881,0.5251088019719437,0.5177370788627137,-0.048366477730914126,0.048366477730914126,0.48928862151805746,0.5107113784819426,LOWER_COLLAPSE,3.7383177570093453,2.589641434262948
MARKET_ODDS_LE_2.0,auto_history_carried_weight_recency_weighted_mean,WEIGHT_BODY,609,107,502,592,97.20853858784893,55.842736183631615,55.76373430429585,55.82142857142857,55.888888888888886,0.07133343409313092,0.07133343409313092,0.5107014513471122,0.5107014513471122,HIGHER_COLLAPSE,3.7383177570093453,2.589641434262948
MARKET_ODDS_LE_2.0,auto_margin_gap_same_class_success_rate,HISTORY_FRAGILITY,609,107,502,414,67.98029556650246,0.4482497970779221,0.46159386715058986,0.4642857142857143,0.5,-0.036020744790567404,0.036020744790567404,0.4893080357142857,0.5106919642857143,LOWER_COLLAPSE,40.18691588785047,30.278884462151396
MARKET_ODDS_LE_2.0,ped_damsire_all_margin_observations,HISTORY_FRAGILITY,609,107,502,609,100.0,1847.5046728971963,1818.5577689243028,806.0,772.5,0.014200311067531191,0.014200311067531191,0.5103511188889303,0.5103511188889303,HIGHER_COLLAPSE,0.0,0.0
MARKET_ODDS_LE_2.0,auto_margin_gap_same_course_layout_success_rate,RACE_CONDITION,609,107,502,570,93.59605911330048,0.4487312739728538,0.4365791573655745,0.4,0.4,0.037641774297677906,0.037641774297677906,0.5102404083295803,0.5102404083295803,HIGHER_COLLAPSE,7.476635514018691,6.175298804780876
MARKET_ODDS_LE_2.0,actor_horse_jockey_all_effective_starts,ACTOR,609,107,502,609,100.0,114933.84112149532,121410.45617529881,4.0,3.0,-0.043155775255819394,0.043155775255819394,0.5102207990468034,0.5102207990468034,LOWER_COLLAPSE,0.0,0.0
MARKET_ODDS_LE_2.0,actor_horse_jockey_recent_effective_starts,ACTOR,609,107,502,609,100.0,114933.84112149532,121410.45617529881,4.0,3.0,-0.043155775255819394,0.043155775255819394,0.5102207990468034,0.5102207990468034,LOWER_COLLAPSE,0.0,0.0
MARKET_ODDS_LE_2.0,actor_trainer_recent_effective_win_rate,ACTOR,609,107,502,609,100.0,0.09741103162468082,0.09687127914953396,0.08917996978005162,0.08916455909950963,0.011587128132596368,0.011587128132596368,0.5101649476858919,0.5101649476858919,HIGHER_COLLAPSE,0.0,0.0
MARKET_ODDS_LE_2.0,actor_jockey_all_effective_win_rate,ACTOR,609,107,502,609,100.0,0.15578827712100377,0.1593452455604886,0.13311814041262854,0.13465586396457235,-0.045607324386015155,0.045607324386015155,0.4899746807163868,0.5100253192836133,LOWER_COLLAPSE,0.0,0.0
MARKET_ODDS_LE_2.0,ped_damsire_going_effective_top3_rate,OTHER,609,107,502,609,100.0,0.2457695010735074,0.2455927389711469,0.23155970434928877,0.23550570674440421,0.0035271815403520334,0.0035271815403520334,0.4900398406374502,0.5099601593625498,HIGHER_COLLAPSE,0.0,0.0
MARKET_ODDS_LE_2.0,actor_jockey_all_win_rate,ACTOR,609,107,502,609,100.0,0.15672242185030075,0.16035044859971717,0.13677811550151975,0.1381423999033758,-0.04590304600608681,0.04590304600608681,0.4900491491976021,0.5099508508023979,LOWER_COLLAPSE,0.0,0.0
MARKET_ODDS_LE_2.0,ped_damsire_going_fallback_level,OTHER,609,107,502,609,100.0,0.028037383177570093,0.05179282868525897,0.0,0.0,-0.10416581729873675,0.10416581729873675,0.49005845775775403,0.509941542242246,LOWER_COLLAPSE,0.0,0.0
MARKET_ODDS_LE_2.0,auto_history_last_3f_rolling_2_mean,PACE_TIME,609,107,502,592,97.20853858784893,34.45631067961166,35.00838445807771,35.85,35.75,-0.10485332292876322,0.10485332292876322,0.49010264657414576,0.5098973534258542,LOWER_COLLAPSE,3.7383177570093453,2.589641434262948
MARKET_ODDS_LE_2.0,ped_sire_venue_fallback_level,RACE_CONDITION,609,107,502,609,100.0,0.056074766355140186,0.07768924302788845,0.0,0.0,-0.08061728990474139,0.08061728990474139,0.49013292623896937,0.5098670737610307,LOWER_COLLAPSE,0.0,0.0
MARKET_ODDS_LE_2.0,auto_history_last_3f_max,PACE_TIME,609,107,502,592,97.20853858784893,37.59902912621359,37.47832310838446,37.5,37.6,0.050160477876231784,0.050160477876231784,0.5098377906168722,0.5098377906168722,HIGHER_COLLAPSE,3.7383177570093453,2.589641434262948
MARKET_ODDS_LE_2.0,auto_history_margin_lengths_recency_weighted_mean,WEIGHT_BODY,609,107,502,535,87.84893267651888,1.7576380058545267,1.7641537695109122,1.646062271062271,1.5166666666666666,-0.006529868956989863,0.006529868956989863,0.5098181116418199,0.5098181116418199,LOWER_COLLAPSE,12.149532710280374,12.151394422310757
MARKET_ODDS_LE_2.0,timepace_slow_pace_starts,PACE_TIME,609,107,502,609,100.0,1.2523364485981308,1.2649402390438247,1.0,1.0,-0.011118909004045779,0.011118909004045779,0.4904401087239826,0.5095598912760174,LOWER_COLLAPSE,0.0,0.0
MARKET_ODDS_LE_2.0,ped_damsire_all_starts,OTHER,609,107,502,609,100.0,3443.411214953271,3346.860557768924,1383.0,1356.5,0.025619906103143016,0.025619906103143016,0.5094481885541945,0.5094481885541945,HIGHER_COLLAPSE,0.0,0.0
MARKET_ODDS_LE_2.0,ped_damsire_all_win_observations,OTHER,609,107,502,609,100.0,3443.411214953271,3346.860557768924,1383.0,1356.5,0.025619906103143016,0.025619906103143016,0.5094481885541945,0.5094481885541945,HIGHER_COLLAPSE,0.0,0.0
MARKET_ODDS_LE_2.0,ped_damsire_all_top3_observations,OTHER,609,107,502,609,100.0,3443.411214953271,3346.860557768924,1383.0,1356.5,0.025619906103143016,0.025619906103143016,0.5094481885541945,0.5094481885541945,HIGHER_COLLAPSE,0.0,0.0
MARKET_ODDS_LE_2.0,ped_sire_venue_effective_win_rate,RACE_CONDITION,609,107,502,609,100.0,0.08943205668305491,0.08920839949520731,0.08651100551860506,0.08843743554793593,0.007775517878021771,0.007775517878021771,0.490728674088692,0.509271325911308,HIGHER_COLLAPSE,0.0,0.0
MARKET_ODDS_LE_2.0,ped_damsire_course_layout_avg_margin_lengths,RACE_CONDITION,609,107,502,605,99.3431855500821,2.02995231227906,1.994258974399442,1.9911137440758293,1.9975151313232273,0.1384331230899264,0.1384331230899264,0.4909075554554667,0.5090924445445333,HIGHER_COLLAPSE,0.0,0.796812749003984
MARKET_ODDS_LE_2.0,opponent_previous_known_count,FIELD_OPPONENT,609,107,502,609,100.0,11.925233644859814,12.229083665338646,13.0,13.0,-0.0846542271742436,0.0846542271742436,0.4909148452917303,0.5090851547082698,LOWER_COLLAPSE,0.0,0.0
MARKET_ODDS_LE_2.0,auto_margin_gap_within_300m_success_rate,HISTORY_FRAGILITY,609,107,502,546,89.65517241379311,0.42965764698501274,0.42233841428427565,0.4,0.4,0.020871988205818582,0.020871988205818582,0.5090140777628807,0.5090140777628807,HIGHER_COLLAPSE,14.018691588785046,9.56175298804781
MARKET_ODDS_LE_2.0,ped_sire_surface_fallback_level,RACE_CONDITION,609,107,502,609,100.0,0.0,0.0199203187250996,0.0,0.0,-0.1428679989895307,0.1428679989895307,0.4910358565737052,0.5089641434262948,LOWER_COLLAPSE,0.0,0.0
MARKET_ODDS_LE_2.0,actor_trainer_recent_top3_rate,ACTOR,609,107,502,609,100.0,0.3034267912772585,0.30004829168175784,0.3,0.3,0.029375416006648884,0.029375416006648884,0.5089548348661429,0.5089548348661429,HIGHER_COLLAPSE,0.0,0.0
MARKET_ODDS_LE_2.0,auto_history_margin_lengths_rolling_3_mean,HISTORY_FRAGILITY,609,107,502,535,87.84893267651888,1.7335992907801419,1.8000755857898714,1.5,1.5,-0.062447817231703076,0.062447817231703076,0.49107444396198197,0.508925556038018,LOWER_COLLAPSE,12.149532710280374,12.151394422310757
MARKET_ODDS_LE_2.0,auto_history_speed_mps_gap_to_best,HISTORY_FRAGILITY,609,107,502,592,97.20853858784893,-0.3319386541431502,-0.31402217947355143,-0.09980039920159456,-0.09056945545114914,-0.03520206068578197,0.03520206068578197,0.4911350685965017,0.5088649314034983,LOWER_COLLAPSE,3.7383177570093453,2.589641434262948
MARKET_ODDS_LE_2.0,auto_field_recent_avg_speed_mps_gap_to_top2_mean,FIELD_OPPONENT,609,107,502,592,97.20853858784893,-0.28919733178387447,-0.2859182447034132,-0.2156962185753244,-0.2282717819417286,-0.010404977999018995,0.010404977999018995,0.4911350685965017,0.5088649314034983,LOWER_COLLAPSE,3.7383177570093453,2.589641434262948
MARKET_ODDS_LE_2.0,auto_margin_gap_same_surface_success_observations,RACE_CONDITION,609,107,502,609,100.0,3.616822429906542,3.689243027888446,3.0,3.0,-0.02132771357012325,0.02132771357012325,0.4911754849759839,0.508824515024016,LOWER_COLLAPSE,0.0,0.0
MARKET_ODDS_LE_2.0,actor_jockey_all_top3_rate,ACTOR,609,107,502,609,100.0,0.3809941364299862,0.3859599853992752,0.3508771929824561,0.3537427219441902,-0.036194230966189185,0.036194230966189185,0.4911847935361358,0.5088152064638642,LOWER_COLLAPSE,0.0,0.0
MARKET_ODDS_LE_2.0,auto_field_recent_avg_speed_mps_gap_to_top3_mean,FIELD_OPPONENT,609,107,502,592,97.20853858784893,-0.22769010145732907,-0.22100627917446672,-0.16156703214028845,-0.1704258236369931,-0.022418603778943225,0.022418603778943225,0.4914527369110727,0.5085472630889273,LOWER_COLLAPSE,3.7383177570093453,2.589641434262948
MARKET_ODDS_LE_2.0,actor_jockey_venue_effective_win_rate,ACTOR,609,107,502,609,100.0,0.15651342893644318,0.1589703645965307,0.1408580827053573,0.13930727881439267,-0.03105568989247194,0.03105568989247194,0.4914640503406933,0.5085359496593067,LOWER_COLLAPSE,0.0,0.0
MARKET_ODDS_LE_2.0,actor_trainer_all_win_rate,ACTOR,609,107,502,609,100.0,0.10266009740385139,0.10163008653022045,0.10136452241715399,0.09516817444703288,0.02736440560017318,0.02736440560017318,0.5084707897382433,0.5084707897382433,HIGHER_COLLAPSE,0.0,0.0
MARKET_ODDS_LE_2.0,auto_margin_gap_same_weight_rule_mean,WEIGHT_BODY,609,107,502,425,69.78653530377669,1.8154318482443483,1.8029225122532486,1.7272727272727273,1.5,0.011854457226652739,0.011854457226652739,0.5083412023921939,0.5083412023921939,HIGHER_COLLAPSE,32.71028037383177,29.681274900398407
MARKET_ODDS_LE_2.0,ped_damsire_course_layout_fallback_level,RACE_CONDITION,609,107,502,609,100.0,0.009345794392523364,0.029880478087649404,0.0,0.0,-0.11444396381443621,0.11444396381443621,0.49170607290464313,0.5082939270953568,LOWER_COLLAPSE,0.0,0.0
MARKET_ODDS_LE_2.0,same_surface_starts,RACE_CONDITION,609,107,502,609,100.0,4.691588785046729,4.53784860557769,4.0,4.0,0.04058658789865677,0.04058658789865677,0.508284618535205,0.508284618535205,HIGHER_COLLAPSE,0.0,0.0
MARKET_ODDS_LE_2.0,timepace_slow_pace_rate,PACE_TIME,609,107,502,592,97.20853858784893,0.31820003082139003,0.3152335508163729,0.25,0.25,0.01002242973807319,0.01002242973807319,0.4918200408997955,0.5081799591002045,HIGHER_COLLAPSE,3.7383177570093453,2.589641434262948
MARKET_ODDS_LE_2.0,auto_margin_gap_within_100m_success_observations,HISTORY_FRAGILITY,609,107,502,609,100.0,2.074766355140187,1.9302788844621515,1.0,1.0,0.06936171329769543,0.06936171329769543,0.49183639274676993,0.5081636072532301,HIGHER_COLLAPSE,0.0,0.0
MARKET_ODDS_LE_2.0,auto_margin_gap_same_surface_starts,RACE_CONDITION,609,107,502,609,100.0,4.691588785046729,4.543824701195219,4.0,4.0,0.03889354333438129,0.03889354333438129,0.5081636072532301,0.5081636072532301,HIGHER_COLLAPSE,0.0,0.0
MARKET_ODDS_LE_2.0,actor_jockey_all_effective_top3_rate,ACTOR,609,107,502,609,100.0,0.37905385859074814,0.3844892221672602,0.3336534907280765,0.34627687491460457,-0.04031880761490193,0.04031880761490193,0.4919480954685929,0.5080519045314071,LOWER_COLLAPSE,0.0,0.0
MARKET_ODDS_LE_2.0,actor_jockey_distance_band_effective_top3_rate,DISTANCE,609,107,502,609,100.0,0.38070309209127956,0.3850426492345406,0.3405660899381127,0.3728052818079814,-0.032547137928715386,0.032547137928715386,0.4919480954685929,0.5080519045314071,LOWER_COLLAPSE,0.0,0.0
MARKET_ODDS_LE_2.0,actor_jockey_distance_band_effective_win_rate,DISTANCE,609,107,502,609,100.0,0.15681289535151544,0.15908095606054007,0.13195395680770158,0.13679673348378008,-0.02927525512863035,0.02927525512863035,0.49196671258889674,0.5080332874111033,LOWER_COLLAPSE,0.0,0.0
MARKET_ODDS_LE_2.0,auto_history_speed_mps_coefficient_of_variation,HISTORY_FRAGILITY,609,107,502,592,97.20853858784893,0.015459231103857836,0.015319566386160279,0.014671387024992218,0.014582097433201945,0.011815577355990755,0.011815577355990755,0.5078920721901244,0.5078920721901244,HIGHER_COLLAPSE,3.7383177570093453,2.589641434262948
MARKET_ODDS_LE_2.0,auto_margin_gap_within_400m_success_observations,HISTORY_FRAGILITY,609,107,502,609,100.0,3.8411214953271027,3.760956175298805,3.0,3.0,0.026749664219785595,0.026749664219785595,0.49214357523178315,0.5078564247682169,HIGHER_COLLAPSE,0.0,0.0
MARKET_ODDS_LE_2.0,actor_trainer_all_effective_win_rate,ACTOR,609,107,502,609,100.0,0.10214510493013719,0.10130952071424175,0.10075514022773044,0.09491184123399993,0.022691522069072555,0.022691522069072555,0.5076516364448747,0.5076516364448747,HIGHER_COLLAPSE,0.0,0.0
MARKET_ODDS_LE_2.0,ped_damsire_race_class_avg_margin_lengths,HISTORY_FRAGILITY,609,107,502,592,97.20853858784893,1.9992268920280891,1.9790677961965675,1.943293060718711,2.0,0.046178133237387384,0.046178133237387384,0.49244364754098363,0.5075563524590163,HIGHER_COLLAPSE,2.803738317757009,2.788844621513944
MARKET_ODDS_LE_2.0,auto_margin_gap_within_100m_starts,HISTORY_FRAGILITY,609,107,502,609,100.0,2.7476635514018692,2.448207171314741,2.0,2.0,0.12361188062326911,0.12361188062326911,0.5075026994824441,0.5075026994824441,HIGHER_COLLAPSE,0.0,0.0
MARKET_ODDS_LE_2.0,timepace_recent_avg_performance_score,PACE_TIME,609,107,502,592,97.20853858784893,0.44278729219363905,0.4480493302365527,0.41060315587558477,0.46410950535667395,-0.012802483092635408,0.012802483092635408,0.4925844302817321,0.5074155697182678,LOWER_COLLAPSE,3.7383177570093453,2.589641434262948
MARKET_ODDS_LE_2.0,auto_history_margin_lengths_rolling_2_mean,HISTORY_FRAGILITY,609,107,502,535,87.84893267651888,1.7287234042553192,1.78202947845805,1.5,1.5,-0.046123536676100425,0.046123536676100425,0.4925942008008877,0.5074057991991123,LOWER_COLLAPSE,12.149532710280374,12.151394422310757
MARKET_ODDS_LE_2.0,timepace_recent_avg_standard_fallback_level,PACE_TIME,609,107,502,592,97.20853858784893,0.004299583911234396,0.0027948193592365373,0.0,0.0,0.05691181718863936,0.05691181718863936,0.5073758611789465,0.5073758611789465,HIGHER_COLLAPSE,3.7383177570093453,2.589641434262948
MARKET_ODDS_LE_2.0,ped_sire_race_class_starts,OTHER,609,107,502,609,100.0,747.7383177570093,745.894422310757,531.0,492.0,0.002511580643054708,0.002511580643054708,0.50728860259895,0.50728860259895,HIGHER_COLLAPSE,0.0,0.0
MARKET_ODDS_LE_2.0,ped_sire_race_class_win_observations,OTHER,609,107,502,609,100.0,747.7383177570093,745.894422310757,531.0,492.0,0.002511580643054708,0.002511580643054708,0.50728860259895,0.50728860259895,HIGHER_COLLAPSE,0.0,0.0
MARKET_ODDS_LE_2.0,ped_sire_race_class_top3_observations,OTHER,609,107,502,609,100.0,747.7383177570093,745.894422310757,531.0,492.0,0.002511580643054708,0.002511580643054708,0.50728860259895,0.50728860259895,HIGHER_COLLAPSE,0.0,0.0
MARKET_ODDS_LE_2.0,auto_margin_gap_same_surface_observations,RACE_CONDITION,609,107,502,609,100.0,2.457943925233645,2.5677290836653386,2.0,2.0,-0.044065274569065366,0.044065274569065366,0.4927765573221134,0.5072234426778865,LOWER_COLLAPSE,0.0,0.0
MARKET_ODDS_LE_2.0,actor_trainer_recent_win_rate,ACTOR,609,107,502,609,100.0,0.11370716510903424,0.11274900398406376,0.1,0.1,0.01233098380676779,0.01233098380676779,0.5070838142756079,0.5070838142756079,HIGHER_COLLAPSE,0.0,0.0
MARKET_ODDS_LE_2.0,lap_previous_last3_avg,PACE_TIME,609,107,502,588,96.55172413793103,12.08333333333333,12.07153635116598,12.0,12.033333333333333,0.021424254399144978,0.021424254399144978,0.5070604373436618,0.5070604373436618,HIGHER_COLLAPSE,4.672897196261682,3.187250996015936
MARKET_ODDS_LE_2.0,opponent_previous_avg_top3_rate,FIELD_OPPONENT,609,107,502,592,97.20853858784893,0.2670828272732452,0.26509506736875466,0.2626444091149973,0.25,0.015410458943108317,0.015410458943108317,0.5070581928643755,0.5070581928643755,HIGHER_COLLAPSE,3.7383177570093453,2.589641434262948
MARKET_ODDS_LE_2.0,backfill_international,OTHER,609,107,502,609,100.0,0.06542056074766354,0.05179282868525897,0.0,0.0,0.060113547291378314,0.060113547291378314,0.5068138660312023,0.5068138660312023,HIGHER_COLLAPSE,0.0,0.0
MARKET_ODDS_LE_2.0,auto_margin_gap_within_400m_starts,HISTORY_FRAGILITY,609,107,502,609,100.0,4.841121495327103,4.587649402390438,4.0,4.0,0.07574182290777134,0.07574182290777134,0.5064601407454294,0.5064601407454294,HIGHER_COLLAPSE,0.0,0.0
MARKET_ODDS_LE_2.0,auto_margin_gap_same_distance_mean,DISTANCE,609,107,502,342,56.15763546798029,1.6756493506493508,1.8244192799070849,1.5,1.5,-0.11394340216709438,0.11394340216709438,0.493569844789357,0.5064301552106429,LOWER_COLLAPSE,48.598130841121495,42.82868525896414
MARKET_ODDS_LE_2.0,ped_damsire_all_effective_margin_observations,HISTORY_FRAGILITY,609,107,502,609,100.0,1847.5046728971963,2471.6035856573703,806.0,790.5,-0.06558789975811889,0.06558789975811889,0.5063670551439103,0.5063670551439103,LOWER_COLLAPSE,0.0,0.0
MARKET_ODDS_LE_2.0,auto_history_margin_lengths_mean,HISTORY_FRAGILITY,609,107,502,535,87.84893267651888,1.7548282981793621,1.7784558223333735,1.6041666666666665,1.5625,-0.024153126493868506,0.024153126493868506,0.5063081970376804,0.5063081970376804,LOWER_COLLAPSE,12.149532710280374,12.151394422310757
MARKET_ODDS_LE_2.0,ped_sire_distance_band_effective_margin_observations,DISTANCE,609,107,502,609,100.0,561.8504672897196,912.3346613545817,342.0,400.5,-0.05516432960774249,0.05516432960774249,0.49375395613806455,0.5062460438619354,LOWER_COLLAPSE,0.0,0.0
MARKET_ODDS_LE_2.0,auto_margin_gap_same_age_condition_median,HISTORY_FRAGILITY,609,107,502,364,59.77011494252874,1.5995762711864407,1.7008196721311475,1.5,1.5,-0.0919459177013419,0.0919459177013419,0.506196165601556,0.506196165601556,LOWER_COLLAPSE,44.85981308411215,39.243027888446214
MARKET_ODDS_LE_2.0,auto_margin_gap_within_200m_starts,HISTORY_FRAGILITY,609,107,502,609,100.0,4.08411214953271,3.866533864541833,3.0,3.0,0.07128865845461534,0.07128865845461534,0.4938377331794318,0.5061622668205682,HIGHER_COLLAPSE,0.0,0.0
MARKET_ODDS_LE_2.0,opponent_recent_avg_known_count,FIELD_OPPONENT,609,107,502,592,97.20853858784893,12.455709662505779,12.597961502255982,13.0,12.75,-0.06839279183451391,0.06839279183451391,0.49385510354001627,0.5061448964599837,LOWER_COLLAPSE,3.7383177570093453,2.589641434262948
MARKET_ODDS_LE_2.0,auto_history_last_3f_missing_count,PACE_TIME,609,107,502,609,100.0,0.0,0.01593625498007968,0.0,0.0,-0.11394869193266588,0.11394869193266588,0.4940239043824701,0.5059760956175299,LOWER_COLLAPSE,0.0,0.0
MARKET_ODDS_LE_2.0,auto_history_speed_mps_missing_count,HISTORY_FRAGILITY,609,107,502,609,100.0,0.0,0.01593625498007968,0.0,0.0,-0.11394869193266588,0.11394869193266588,0.4940239043824701,0.5059760956175299,LOWER_COLLAPSE,0.0,0.0
MARKET_ODDS_LE_2.0,auto_history_carried_weight_linear_trend,WEIGHT_BODY,609,107,502,518,85.0574712643678,0.17588299966635096,0.1521063352489666,0.2,0.14285714285714285,0.05884211912907597,0.05884211912907597,0.5059453654959273,0.5059453654959273,HIGHER_COLLAPSE,16.822429906542055,14.54183266932271
MARKET_ODDS_LE_2.0,ped_damsire_race_class_fallback_level,OTHER,609,107,502,609,100.0,0.056074766355140186,0.07171314741035857,0.0,0.0,-0.058700097555459886,0.058700097555459886,0.49406113862307777,0.5059388613769222,LOWER_COLLAPSE,0.0,0.0
MARKET_ODDS_LE_2.0,ped_damsire_going_avg_margin_lengths,HISTORY_FRAGILITY,609,107,502,596,97.86535303776684,1.9737181454199797,1.9991589846844315,1.9796511627906976,1.9962416481069043,-0.07769799661500855,0.07769799661500855,0.4941517114844332,0.5058482885155668,LOWER_COLLAPSE,0.0,2.589641434262948
MARKET_ODDS_LE_2.0,auto_history_last_3f_previous_delta,PACE_TIME,609,107,502,518,85.0574712643678,-0.39101123595505693,-0.3832167832167831,-0.10000000000000142,-0.19999999999999574,-0.0028886349224659367,0.0028886349224659367,0.5058406013462193,0.5058406013462193,LOWER_COLLAPSE,16.822429906542055,14.54183266932271
MARKET_ODDS_LE_2.0,auto_history_last_3f_gap_to_worst,PACE_TIME,609,107,502,592,97.20853858784893,-3.3116504854368936,-2.638036809815951,-1.0,-1.1000000000000014,-0.11552972865854982,0.11552972865854982,0.4941826989894177,0.5058173010105823,LOWER_COLLAPSE,3.7383177570093453,2.589641434262948
MARKET_ODDS_LE_2.0,auto_history_speed_mps_stddev,HISTORY_FRAGILITY,609,107,502,592,97.20853858784893,0.2518702482713341,0.2499631175480883,0.23551330419881317,0.23818877824996368,0.009949682113095217,0.009949682113095217,0.505807373875752,0.505807373875752,HIGHER_COLLAPSE,3.7383177570093453,2.589641434262948
MARKET_ODDS_LE_2.0,auto_history_speed_mps_variance,HISTORY_FRAGILITY,609,107,502,592,97.20853858784893,0.09803205824299353,0.09952377664848878,0.055466516454642706,0.05673389408421037,-0.008862343632175763,0.008862343632175763,0.505807373875752,0.505807373875752,LOWER_COLLAPSE,3.7383177570093453,2.589641434262948
MARKET_ODDS_LE_2.0,distx_same_band_starts,DISTANCE,609,107,502,609,100.0,4.08411214953271,3.858565737051793,3.0,3.0,0.07405079892453598,0.07405079892453598,0.4942473098261161,0.5057526901738839,HIGHER_COLLAPSE,0.0,0.0
MARKET_ODDS_LE_2.0,ped_damsire_course_layout_effective_top3_rate,RACE_CONDITION,609,107,502,609,100.0,0.24737585549902372,0.24654389500553026,0.23740261555462439,0.23914990852953855,0.01589820575689352,0.01589820575689352,0.5056596045723647,0.5056596045723647,HIGHER_COLLAPSE,0.0,0.0
MARKET_ODDS_LE_2.0,actor_jockey_recent_top3_rate,ACTOR,609,107,502,609,100.0,0.4277258566978193,0.4287516600265604,0.4,0.43333333333333335,-0.006142791493545832,0.006142791493545832,0.49434970398778716,0.5056502960122129,LOWER_COLLAPSE,0.0,0.0
MARKET_ODDS_LE_2.0,opponent_history_avg_opponent_top3_rate,FIELD_OPPONENT,609,107,502,525,86.20689655172413,0.2896020598453406,0.29433853372361846,0.26671904476758856,0.25886039886039885,-0.03002152572871308,0.03002152572871308,0.4943894969374435,0.5056105030625565,LOWER_COLLAPSE,14.018691588785046,13.745019920318724
MARKET_ODDS_LE_2.0,opponent_previous_avg_win_rate,FIELD_OPPONENT,609,107,502,592,97.20853858784893,0.09783540767154919,0.09887165662253038,0.07777777777777778,0.07737649777123462,-0.012347303353253446,0.012347303353253446,0.49440109595568527,0.5055989040443147,LOWER_COLLAPSE,3.7383177570093453,2.589641434262948
MARKET_ODDS_LE_2.0,ped_sire_venue_effective_margin_observations,RACE_CONDITION,609,107,502,609,100.0,184.90654205607476,508.9203187250996,121.0,130.0,-0.051082253503968764,0.051082253503968764,0.5055944446513013,0.5055944446513013,LOWER_COLLAPSE,0.0,0.0
MARKET_ODDS_LE_2.0,ped_sire_race_class_margin_observations,HISTORY_FRAGILITY,609,107,502,609,100.0,462.05607476635515,462.10557768924303,338.0,307.5,-0.00010846629180661543,0.00010846629180661543,0.5055479018505418,0.5055479018505418,LOWER_COLLAPSE,0.0,0.0
MARKET_ODDS_LE_2.0,style_recent_avg_last_ratio,STYLE_POSITION,609,107,502,592,97.20853858784893,0.33249368005211605,0.32359593364325984,0.301031746031746,0.3125,0.05809335431475797,0.05809335431475797,0.5055095598308417,0.5055095598308417,HIGHER_COLLAPSE,3.7383177570093453,2.589641434262948
MARKET_ODDS_LE_2.0,ped_damsire_all_effective_starts,OTHER,609,107,502,609,100.0,3443.411214953271,4599.862549800797,1383.0,1406.0,-0.06343742710707903,0.06343742710707903,0.5054641248091745,0.5054641248091745,LOWER_COLLAPSE,0.0,0.0
MARKET_ODDS_LE_2.0,actor_trainer_surface_win_rate,ACTOR,609,107,502,609,100.0,0.10959280677127749,0.10282798402618937,0.09737417943107221,0.09702450805313197,0.14594704142521994,0.14594704142521994,0.5054268905685668,0.5054268905685668,HIGHER_COLLAPSE,0.0,0.0
MARKET_ODDS_LE_2.0,auto_margin_gap_same_venue_success_rate,RACE_CONDITION,609,107,502,348,57.14285714285714,0.4410919540229885,0.4317159277504105,0.41666666666666663,0.3333333333333333,0.021773717633099196,0.021773717633099196,0.5053210463733651,0.5053210463733651,HIGHER_COLLAPSE,45.794392523364486,42.23107569721115
MARKET_ODDS_LE_2.0,auto_history_body_weight_previous_delta,WEIGHT_BODY,609,107,502,518,85.0574712643678,1.4382022471910112,1.17016317016317,0.0,0.0,0.04394984254206753,0.04394984254206753,0.5053167805976795,0.5053167805976795,HIGHER_COLLAPSE,16.822429906542055,14.54183266932271
MARKET_ODDS_LE_2.0,ped_sire_course_layout_fallback_level,RACE_CONDITION,609,107,502,609,100.0,0.009345794392523364,0.021912350597609563,0.0,0.0,-0.08349592911746206,0.08349592911746206,0.49470342927356,0.5052965707264401,LOWER_COLLAPSE,0.0,0.0
MARKET_ODDS_LE_2.0,ped_sire_going_fallback_level,OTHER,609,107,502,609,100.0,0.009345794392523364,0.021912350597609563,0.0,0.0,-0.08349592911746206,0.08349592911746206,0.49470342927356,0.5052965707264401,LOWER_COLLAPSE,0.0,0.0
MARKET_ODDS_LE_2.0,ped_sire_distance_band_fallback_level,DISTANCE,609,107,502,609,100.0,0.009345794392523364,0.021912350597609563,0.0,0.0,-0.08349592911746206,0.08349592911746206,0.49470342927356,0.5052965707264401,LOWER_COLLAPSE,0.0,0.0
MARKET_ODDS_LE_2.0,auto_margin_gap_same_distance_starts,DISTANCE,609,107,502,609,100.0,2.1682242990654204,1.9940239043824701,1.0,1.0,0.08178339527995458,0.08178339527995458,0.4947127378337119,0.505287262166288,HIGHER_COLLAPSE,0.0,0.0
MARKET_ODDS_LE_2.0,actor_jockey_venue_win_rate,ACTOR,609,107,502,607,99.67159277504105,0.1635058787374928,0.16499961331828053,0.14285714285714285,0.14356435643564355,-0.017460042659808883,0.017460042659808883,0.49472897196261684,0.5052710280373831,LOWER_COLLAPSE,0.0,0.398406374501992
MARKET_ODDS_LE_2.0,actor_jockey_surface_effective_top3_rate,ACTOR,609,107,502,609,100.0,0.3816887278737884,0.38422430362289295,0.3534644951529474,0.354879015702506,-0.018905622539534123,0.018905622539534123,0.4948337491156868,0.5051662508843132,LOWER_COLLAPSE,0.0,0.0
MARKET_ODDS_LE_2.0,ped_sire_venue_margin_observations,RACE_CONDITION,609,107,502,609,100.0,183.8785046728972,195.78884462151393,121.0,128.0,-0.06036776597279301,0.06036776597279301,0.5051476337640094,0.5051476337640094,LOWER_COLLAPSE,0.0,0.0
MARKET_ODDS_LE_2.0,auto_history_margin_tight_categorical_rate,HISTORY_FRAGILITY,609,107,502,573,94.08866995073892,0.28735459031453026,0.28964416987058755,0.25,0.25,-0.008154340072396373,0.008154340072396373,0.5051250905681285,0.5051250905681285,LOWER_COLLAPSE,7.476635514018691,5.577689243027888
MARKET_ODDS_LE_2.0,style_previous_first_ratio,STYLE_POSITION,609,107,502,592,97.20853858784893,0.3408825928814508,0.3291161419544674,0.2857142857142857,0.26666666666666666,0.05103279766894875,0.05103279766894875,0.5051224015724581,0.5051224015724581,HIGHER_COLLAPSE,3.7383177570093453,2.589641434262948
MARKET_ODDS_LE_2.0,distx_longer_starts,DISTANCE,609,107,502,609,100.0,1.5514018691588785,1.5298804780876494,1.0,1.0,0.010148961788201578,0.010148961788201578,0.49498268607811746,0.5050173139218825,HIGHER_COLLAPSE,0.0,0.0
MARKET_ODDS_LE_2.0,actor_trainer_all_starts,ACTOR,609,107,502,609,100.0,1565.8878504672898,1556.699203187251,1633.0,1636.5,0.016952223370125235,0.016952223370125235,0.5049149197602115,0.5049149197602115,HIGHER_COLLAPSE,0.0,0.0
MARKET_ODDS_LE_2.0,actor_trainer_all_win_observations,ACTOR,609,107,502,609,100.0,1565.8878504672898,1556.699203187251,1633.0,1636.5,0.016952223370125235,0.016952223370125235,0.5049149197602115,0.5049149197602115,HIGHER_COLLAPSE,0.0,0.0
MARKET_ODDS_LE_2.0,actor_trainer_all_top3_observations,ACTOR,609,107,502,609,100.0,1565.8878504672898,1556.699203187251,1633.0,1636.5,0.016952223370125235,0.016952223370125235,0.5049149197602115,0.5049149197602115,HIGHER_COLLAPSE,0.0,0.0
MARKET_ODDS_LE_2.0,actor_trainer_all_effective_starts,ACTOR,609,107,502,609,100.0,1565.8878504672898,1556.699203187251,1633.0,1636.5,0.016952223370125235,0.016952223370125235,0.5049149197602115,0.5049149197602115,HIGHER_COLLAPSE,0.0,0.0
MARKET_ODDS_LE_2.0,ped_damsire_course_layout_effective_win_rate,RACE_CONDITION,609,107,502,609,100.0,0.08479328175023122,0.08408382623145362,0.07809277701362231,0.07965024367734871,0.0257462354409621,0.0257462354409621,0.5047287485571732,0.5047287485571732,HIGHER_COLLAPSE,0.0,0.0
MARKET_ODDS_LE_2.0,auto_history_last_3f_rolling_5_mean,PACE_TIME,609,107,502,592,97.20853858784893,35.14556634304207,35.304536468984324,35.92,35.760000000000005,-0.03738590479561917,0.03738590479561917,0.5047253161792443,0.5047253161792443,LOWER_COLLAPSE,3.7383177570093453,2.589641434262948
MARKET_ODDS_LE_2.0,ped_damsire_course_layout_win_rate,RACE_CONDITION,609,107,502,607,99.67159277504105,0.08769129622289501,0.08832808078534013,0.07815384615384616,0.08001416430594901,-0.010655034908848155,0.010655034908848155,0.5047196261682243,0.5047196261682243,LOWER_COLLAPSE,0.0,0.398406374501992
MARKET_ODDS_LE_2.0,same_distance_starts,DISTANCE,609,107,502,609,100.0,2.1682242990654204,1.9920318725099602,1.0,1.0,0.08267380343735484,0.08267380343735484,0.49528056000297876,0.5047194399970212,HIGHER_COLLAPSE,0.0,0.0
MARKET_ODDS_LE_2.0,horse_number,OTHER,609,107,502,609,100.0,7.009345794392523,6.952191235059761,7.0,6.0,0.014343505259525583,0.014343505259525583,0.5046077372751983,0.5046077372751983,HIGHER_COLLAPSE,0.0,0.0
MARKET_ODDS_LE_2.0,recent_avg_last_3f,PACE_TIME,609,107,502,592,97.20853858784893,35.14556634304207,35.29900477164281,35.92,35.760000000000005,-0.035948809111932045,0.035948809111932045,0.5046061905612802,0.5046061905612802,LOWER_COLLAPSE,3.7383177570093453,2.589641434262948
MARKET_ODDS_LE_2.0,auto_history_last_3f_recency_weighted_mean,PACE_TIME,609,107,502,592,97.20853858784893,35.593392635632256,35.61660340003642,35.800000000000004,35.81,-0.007542384990851328,0.007542384990851328,0.5045764091567891,0.5045764091567891,LOWER_COLLAPSE,3.7383177570093453,2.589641434262948
MARKET_ODDS_LE_2.0,ped_damsire_surface_avg_margin_lengths,RACE_CONDITION,609,107,502,603,99.01477832512316,1.9862825403548159,1.9856317085802202,1.956547433903577,1.944915254237288,0.001822166153659256,0.001822166153659256,0.5044512357161839,0.5044512357161839,HIGHER_COLLAPSE,0.9345794392523363,0.9960159362549801
MARKET_ODDS_LE_2.0,actor_jockey_recent_effective_top3_rate,ACTOR,609,107,502,609,100.0,0.34411052319767044,0.34488340093560904,0.32766115300413523,0.34740029914544857,-0.007742381179694945,0.007742381179694945,0.4955691253676881,0.5044308746323118,LOWER_COLLAPSE,0.0,0.0
MARKET_ODDS_LE_2.0,auto_field_recent_avg_speed_mps_gap_to_best,FIELD_OPPONENT,609,107,502,592,97.20853858784893,-0.365296380244361,-0.36971289898612564,-0.30365332974627535,-0.29618346450029875,0.012847918491917855,0.012847918491917855,0.49573133202295155,0.5042686679770485,HIGHER_COLLAPSE,3.7383177570093453,2.589641434262948
MARKET_ODDS_LE_2.0,auto_margin_gap_same_course_layout_success_observations,RACE_CONDITION,609,107,502,609,100.0,4.5233644859813085,4.404382470119522,4.0,4.0,0.03157051629567391,0.03157051629567391,0.4959693934542205,0.5040306065457796,HIGHER_COLLAPSE,0.0,0.0
MARKET_ODDS_LE_2.0,ped_sire_distance_band_margin_observations,DISTANCE,609,107,502,609,100.0,561.8317757009346,600.3844621513945,342.0,390.5,-0.06256734290651739,0.06256734290651739,0.496025244815132,0.503974755184868,LOWER_COLLAPSE,0.0,0.0
MARKET_ODDS_LE_2.0,ped_damsire_surface_fallback_level,RACE_CONDITION,609,107,502,609,100.0,0.028037383177570093,0.0398406374501992,0.0,0.0,-0.05690064789943189,0.05690064789943189,0.4960345533752839,0.5039654466247161,LOWER_COLLAPSE,0.0,0.0
MARKET_ODDS_LE_2.0,style_previous_first_position,STYLE_POSITION,609,107,502,592,97.20853858784893,4.41747572815534,4.29038854805726,3.0,3.0,0.041549476104413,0.041549476104413,0.4960589274723529,0.5039410725276471,HIGHER_COLLAPSE,3.7383177570093453,2.589641434262948
MARKET_ODDS_LE_2.0,auto_margin_gap_same_course_layout_observations,RACE_CONDITION,609,107,502,609,100.0,3.1588785046728973,3.0637450199203187,2.0,2.0,0.033964187909013,0.033964187909013,0.49607178761589155,0.5039282123841085,HIGHER_COLLAPSE,0.0,0.0
MARKET_ODDS_LE_2.0,gate,DRAW,609,107,502,609,100.0,4.97196261682243,4.942231075697211,5.0,5.0,0.013440516321145337,0.013440516321145337,0.5039189038239565,0.5039189038239565,HIGHER_COLLAPSE,0.0,0.0
MARKET_ODDS_LE_2.0,auto_history_last_3f_ewma,PACE_TIME,609,107,502,592,97.20853858784893,34.67951752005271,35.08101920106415,35.8603515625,35.8,-0.08310508029394088,0.08310508029394088,0.496118490281335,0.5038815097186651,LOWER_COLLAPSE,3.7383177570093453,2.589641434262948
MARKET_ODDS_LE_2.0,auto_margin_gap_same_age_condition_starts,HISTORY_FRAGILITY,609,107,502,609,100.0,1.9813084112149533,1.792828685258964,1.0,1.0,0.09407694251324349,0.09407694251324349,0.4962021074580184,0.5037978925419816,HIGHER_COLLAPSE,0.0,0.0
MARKET_ODDS_LE_2.0,ped_damsire_course_layout_top3_rate,RACE_CONDITION,609,107,502,607,99.67159277504105,0.25775158512814333,0.26932964895529266,0.2391304347826087,0.24010700420839723,-0.09655148400318159,0.09655148400318159,0.5037570093457944,0.5037570093457944,LOWER_COLLAPSE,0.0,0.398406374501992
MARKET_ODDS_LE_2.0,auto_field_recent_win_rate_rank,FIELD_OPPONENT,609,107,502,592,97.20853858784893,1.5922330097087378,1.5173824130879345,1.0,1.0,0.057408472820440024,0.057408472820440024,0.5037127484265491,0.5037127484265491,HIGHER_COLLAPSE,3.7383177570093453,2.589641434262948
MARKET_ODDS_LE_2.0,actor_trainer_venue_fallback_level,ACTOR,609,107,502,609,100.0,0.009345794392523364,0.00199203187250996,0.0,0.0,0.12847642393541311,0.12847642393541311,0.5036768812600066,0.5036768812600066,HIGHER_COLLAPSE,0.0,0.0
MARKET_ODDS_LE_2.0,actor_trainer_surface_fallback_level,ACTOR,609,107,502,609,100.0,0.009345794392523364,0.00199203187250996,0.0,0.0,0.1284764239354131,0.1284764239354131,0.5036768812600066,0.5036768812600066,HIGHER_COLLAPSE,0.0,0.0
MARKET_ODDS_LE_2.0,meeting_day,OTHER,609,107,502,609,100.0,4.607476635514018,4.673306772908367,4.0,5.0,-0.026071570749060538,0.026071570749060538,0.4964348214618163,0.5035651785381837,LOWER_COLLAPSE,0.0,0.0
MARKET_ODDS_LE_2.0,actor_jockey_surface_top3_rate,ACTOR,609,107,502,609,100.0,0.386016739422982,0.3872138098221305,0.3559556786703601,0.36564171122994654,-0.008654978201311279,0.008654978201311279,0.4966768440257661,0.5033231559742339,LOWER_COLLAPSE,0.0,0.0
MARKET_ODDS_LE_2.0,actor_trainer_surface_effective_win_rate,ACTOR,609,107,502,609,100.0,0.10287923506140664,0.10180460252000696,0.09685347443706878,0.09594395681403332,0.027636754494481677,0.027636754494481677,0.5031742190118033,0.5031742190118033,HIGHER_COLLAPSE,0.0,0.0
MARKET_ODDS_LE_2.0,actor_jockey_venue_fallback_level,ACTOR,609,107,502,609,100.0,0.0,0.00597609561752988,0.0,0.0,-0.08526147499261968,0.08526147499261968,0.49701195219123506,0.5029880478087649,LOWER_COLLAPSE,0.0,0.0
MARKET_ODDS_LE_2.0,actor_jockey_race_class_fallback_level,ACTOR,609,107,502,609,100.0,0.0,0.00597609561752988,0.0,0.0,-0.08526147499261968,0.08526147499261968,0.49701195219123506,0.5029880478087649,LOWER_COLLAPSE,0.0,0.0
MARKET_ODDS_LE_2.0,actor_jockey_recent_starts,ACTOR,609,107,502,609,100.0,30.0,29.860557768924302,30.0,30.0,0.08477552380121217,0.08477552380121217,0.5029880478087649,0.5029880478087649,HIGHER_COLLAPSE,0.0,0.0
MARKET_ODDS_LE_2.0,actor_jockey_recent_win_observations,ACTOR,609,107,502,609,100.0,30.0,29.860557768924302,30.0,30.0,0.08477552380121217,0.08477552380121217,0.5029880478087649,0.5029880478087649,HIGHER_COLLAPSE,0.0,0.0
MARKET_ODDS_LE_2.0,actor_jockey_recent_top3_observations,ACTOR,609,107,502,609,100.0,30.0,29.860557768924302,30.0,30.0,0.08477552380121217,0.08477552380121217,0.5029880478087649,0.5029880478087649,HIGHER_COLLAPSE,0.0,0.0
MARKET_ODDS_LE_2.0,actor_jockey_recent_effective_starts,ACTOR,609,107,502,609,100.0,30.0,29.860557768924302,30.0,30.0,0.08477552380121217,0.08477552380121217,0.5029880478087649,0.5029880478087649,HIGHER_COLLAPSE,0.0,0.0
MARKET_ODDS_LE_2.0,actor_jockey_surface_effective_win_rate,ACTOR,609,107,502,609,100.0,0.1565403315380099,0.1589922113480816,0.13488868600412,0.13559009961792795,-0.03162769629408304,0.03162769629408304,0.4972167405145772,0.5027832594854228,LOWER_COLLAPSE,0.0,0.0
MARKET_ODDS_LE_2.0,ped_sire_race_class_fallback_level,OTHER,609,107,502,609,100.0,0.07476635514018691,0.07171314741035857,0.0,0.0,0.011495460515805165,0.011495460515805165,0.5024481513199538,0.5024481513199538,HIGHER_COLLAPSE,0.0,0.0
MARKET_ODDS_LE_2.0,ped_damsire_venue_starts,RACE_CONDITION,609,107,502,609,100.0,378.3551401869159,379.1792828685259,133.0,134.0,-0.0017526797894843362,0.0017526797894843362,0.5024016085191942,0.5024016085191942,LOWER_COLLAPSE,0.0,0.0
MARKET_ODDS_LE_2.0,ped_damsire_venue_win_observations,RACE_CONDITION,609,107,502,609,100.0,378.3551401869159,379.1792828685259,133.0,134.0,-0.0017526797894843362,0.0017526797894843362,0.5024016085191942,0.5024016085191942,LOWER_COLLAPSE,0.0,0.0
MARKET_ODDS_LE_2.0,ped_damsire_venue_top3_observations,RACE_CONDITION,609,107,502,609,100.0,378.3551401869159,379.1792828685259,133.0,134.0,-0.0017526797894843362,0.0017526797894843362,0.5024016085191942,0.5024016085191942,LOWER_COLLAPSE,0.0,0.0
MARKET_ODDS_LE_2.0,auto_field_recent_win_rate_gap_to_best,FIELD_OPPONENT,609,107,502,592,97.20853858784893,-0.05938511326860842,-0.057770961145194276,0.0,0.0,-0.012173867023585075,0.012173867023585075,0.4976174876407171,0.5023825123592829,LOWER_COLLAPSE,3.7383177570093453,2.589641434262948
MARKET_ODDS_LE_2.0,lap_previous_last1,PACE_TIME,609,107,502,588,96.55172413793103,12.211764705882352,12.195061728395062,12.1,12.2,0.02528712147662976,0.02528712147662976,0.49770031469377873,0.5022996853062213,HIGHER_COLLAPSE,4.672897196261682,3.187250996015936
MARKET_ODDS_LE_2.0,ped_damsire_surface_margin_observations,RACE_CONDITION,609,107,502,609,100.0,909.1028037383178,943.0756972111553,383.0,358.0,-0.03155822380149383,0.03155822380149383,0.49771940276278065,0.5022805972372193,LOWER_COLLAPSE,0.0,0.0
MARKET_ODDS_LE_2.0,body_weight_diff,WEIGHT_BODY,609,107,502,608,99.83579638752053,0.9433962264150944,0.6414342629482072,0.0,0.0,0.054552705958248696,0.054552705958248696,0.5022363376681952,0.5022363376681952,HIGHER_COLLAPSE,0.9345794392523363,0.0
MARKET_ODDS_LE_2.0,ped_damsire_venue_effective_margin_observations,RACE_CONDITION,609,107,502,609,100.0,201.84112149532712,857.4402390438247,64.0,73.5,-0.06980883198553019,0.06980883198553019,0.497793871243996,0.502206128756004,LOWER_COLLAPSE,0.0,0.0
MARKET_ODDS_LE_2.0,ped_sire_distance_band_effective_starts,DISTANCE,609,107,502,609,100.0,1000.8411214953271,1661.796812749004,598.0,661.0,-0.0537840710048887,0.0537840710048887,0.4978217969244517,0.5021782030755483,LOWER_COLLAPSE,0.0,0.0
MARKET_ODDS_LE_2.0,actor_jockey_surface_effective_starts,ACTOR,609,107,502,609,100.0,1729.3551401869158,1763.6354581673306,1935.0,2008.0,-0.04065285603653272,0.04065285603653272,0.4979148825259709,0.5020851174740291,LOWER_COLLAPSE,0.0,0.0
MARKET_ODDS_LE_2.0,actor_jockey_surface_starts,ACTOR,609,107,502,609,100.0,1729.3551401869158,1763.6274900398407,1935.0,2008.0,-0.04064274399532443,0.04064274399532443,0.4979148825259709,0.5020851174740291,LOWER_COLLAPSE,0.0,0.0
MARKET_ODDS_LE_2.0,actor_jockey_surface_win_observations,ACTOR,609,107,502,609,100.0,1729.3551401869158,1763.6274900398407,1935.0,2008.0,-0.04064274399532443,0.04064274399532443,0.4979148825259709,0.5020851174740291,LOWER_COLLAPSE,0.0,0.0
MARKET_ODDS_LE_2.0,actor_jockey_surface_top3_observations,ACTOR,609,107,502,609,100.0,1729.3551401869158,1763.6274900398407,1935.0,2008.0,-0.04064274399532443,0.04064274399532443,0.4979148825259709,0.5020851174740291,LOWER_COLLAPSE,0.0,0.0
MARKET_ODDS_LE_2.0,ped_damsire_all_fallback_level,OTHER,609,107,502,609,100.0,0.0,0.00796812749003984,0.0,0.0,-0.06954605227080962,0.06954605227080962,0.49800796812749004,0.50199203187251,LOWER_COLLAPSE,0.0,0.0
MARKET_ODDS_LE_2.0,actor_trainer_race_class_fallback_level,ACTOR,609,107,502,609,100.0,0.0,0.00398406374501992,0.0,0.0,-0.06954605227080962,0.06954605227080962,0.49800796812749004,0.50199203187251,LOWER_COLLAPSE,0.0,0.0
MARKET_ODDS_LE_2.0,actor_jockey_surface_fallback_level,ACTOR,609,107,502,609,100.0,0.0,0.00398406374501992,0.0,0.0,-0.06954605227080961,0.06954605227080961,0.49800796812749004,0.50199203187251,LOWER_COLLAPSE,0.0,0.0
MARKET_ODDS_LE_2.0,actor_trainer_recent_starts,ACTOR,609,107,502,609,100.0,30.0,29.95219123505976,30.0,30.0,0.06596398675632972,0.06596398675632972,0.50199203187251,0.50199203187251,HIGHER_COLLAPSE,0.0,0.0
MARKET_ODDS_LE_2.0,actor_trainer_recent_win_observations,ACTOR,609,107,502,609,100.0,30.0,29.95219123505976,30.0,30.0,0.06596398675632972,0.06596398675632972,0.50199203187251,0.50199203187251,HIGHER_COLLAPSE,0.0,0.0
MARKET_ODDS_LE_2.0,actor_trainer_recent_top3_observations,ACTOR,609,107,502,609,100.0,30.0,29.95219123505976,30.0,30.0,0.06596398675632972,0.06596398675632972,0.50199203187251,0.50199203187251,HIGHER_COLLAPSE,0.0,0.0
MARKET_ODDS_LE_2.0,actor_trainer_recent_effective_starts,ACTOR,609,107,502,609,100.0,30.0,29.95219123505976,30.0,30.0,0.06596398675632972,0.06596398675632972,0.50199203187251,0.50199203187251,HIGHER_COLLAPSE,0.0,0.0
MARKET_ODDS_LE_2.0,auto_history_carried_weight_mean,WEIGHT_BODY,609,107,502,592,97.20853858784893,55.67657786462605,55.6324720164354,55.8,55.666666666666664,0.045599410661537096,0.045599410661537096,0.501955645561578,0.501955645561578,HIGHER_COLLAPSE,3.7383177570093453,2.589641434262948
MARKET_ODDS_LE_2.0,ped_damsire_surface_effective_margin_observations,RACE_CONDITION,609,107,502,609,100.0,912.607476635514,1596.3227091633466,383.0,359.5,-0.07268151442108325,0.07268151442108325,0.49815690508992067,0.5018430949100794,LOWER_COLLAPSE,0.0,0.0
MARKET_ODDS_LE_2.0,auto_margin_gap_within_300m_trend,HISTORY_FRAGILITY,609,107,502,340,55.82922824302135,-0.11559357009987606,-0.099406374954895,-0.0513011152416357,-0.02415966386554623,-0.013308931948023642,0.013308931948023642,0.501786283891547,0.501786283891547,LOWER_COLLAPSE,48.598130841121495,43.22709163346614
MARKET_ODDS_LE_2.0,style_recent_avg_last_position,STYLE_POSITION,609,107,502,592,97.20853858784893,4.3725073200801345,4.2612417632356285,4.0,4.0,0.05409188731121731,0.05409188731121731,0.5017769571346318,0.5017769571346318,HIGHER_COLLAPSE,3.7383177570093453,2.589641434262948
MARKET_ODDS_LE_2.0,auto_history_margin_lengths_rolling_5_mean,HISTORY_FRAGILITY,609,107,502,535,87.84893267651888,1.743173758865248,1.7896352985638702,1.55625,1.5,-0.045998587163919004,0.045998587163919004,0.4982631350412505,0.5017368649587495,LOWER_COLLAPSE,12.149532710280374,12.151394422310757
MARKET_ODDS_LE_2.0,backfill_mixed,OTHER,609,107,502,609,100.0,0.5233644859813084,0.5199203187250996,1.0,1.0,0.006882839831702215,0.006882839831702215,0.5017220836281044,0.5017220836281044,HIGHER_COLLAPSE,0.0,0.0
MARKET_ODDS_LE_2.0,actor_jockey_distance_band_fallback_level,DISTANCE,609,107,502,609,100.0,0.009345794392523364,0.00597609561752988,0.0,0.0,0.04165250485500967,0.04165250485500967,0.5016848493874967,0.5016848493874967,HIGHER_COLLAPSE,0.0,0.0
MARKET_ODDS_LE_2.0,actor_jockey_surface_win_rate,ACTOR,609,107,502,609,100.0,0.15862216685659947,0.16095378337605112,0.13802083333333334,0.13733058238337464,-0.029153229297892838,0.029153229297892838,0.498343076292959,0.501656923707041,LOWER_COLLAPSE,0.0,0.0
MARKET_ODDS_LE_2.0,auto_margin_gap_same_age_condition_mean,HISTORY_FRAGILITY,609,107,502,364,59.77011494252874,1.6495712267958031,1.7548776997137652,1.625,1.5,-0.09573448092991048,0.09573448092991048,0.49838844123367604,0.5016115587663239,LOWER_COLLAPSE,44.85981308411215,39.243027888446214
MARKET_ODDS_LE_2.0,ped_damsire_venue_fallback_level,RACE_CONDITION,609,107,502,609,100.0,0.07476635514018691,0.08167330677290836,0.0,0.0,-0.02429667289727214,0.02429667289727214,0.4983896190937186,0.5016103809062814,LOWER_COLLAPSE,0.0,0.0
MARKET_ODDS_LE_2.0,ped_damsire_surface_starts,RACE_CONDITION,609,107,502,609,100.0,1705.5981308411215,1742.2948207171314,746.0,674.5,-0.018351857878459204,0.018351857878459204,0.49844547045463006,0.5015545295453699,LOWER_COLLAPSE,0.0,0.0
MARKET_ODDS_LE_2.0,ped_damsire_surface_win_observations,RACE_CONDITION,609,107,502,609,100.0,1705.5981308411215,1742.2948207171314,746.0,674.5,-0.018351857878459204,0.018351857878459204,0.49844547045463006,0.5015545295453699,LOWER_COLLAPSE,0.0,0.0
MARKET_ODDS_LE_2.0,ped_damsire_surface_top3_observations,RACE_CONDITION,609,107,502,609,100.0,1705.5981308411215,1742.2948207171314,746.0,674.5,-0.018351857878459204,0.018351857878459204,0.49844547045463006,0.5015545295453699,LOWER_COLLAPSE,0.0,0.0
MARKET_ODDS_LE_2.0,lap_recent_avg_first3,PACE_TIME,609,107,502,588,96.55172413793103,11.897673902894493,11.899995264223659,11.922222222222222,11.904166666666667,-0.005982685503236599,0.005982685503236599,0.4984567901234568,0.5015432098765432,LOWER_COLLAPSE,4.672897196261682,3.187250996015936
MARKET_ODDS_LE_2.0,ped_damsire_surface_effective_starts,RACE_CONDITION,609,107,502,609,100.0,1710.7196261682243,2995.7011952191233,746.0,695.5,-0.07122946233776897,0.07122946233776897,0.49847339613508584,0.5015266038649142,LOWER_COLLAPSE,0.0,0.0
MARKET_ODDS_LE_2.0,auto_history_last_3f_rolling_3_mean,PACE_TIME,609,107,502,592,97.20853858784893,34.71569579288026,35.095569188820726,35.8,35.8,-0.07646757180905935,0.07646757180905935,0.5013500903369269,0.5013500903369269,LOWER_COLLAPSE,3.7383177570093453,2.589641434262948
MARKET_ODDS_LE_2.0,auto_margin_gap_within_300m_starts,HISTORY_FRAGILITY,609,107,502,609,100.0,4.345794392523365,4.03386454183267,4.0,3.0,0.09857083409520308,0.09857083409520308,0.4986502587779722,0.5013497412220278,HIGHER_COLLAPSE,0.0,0.0
MARKET_ODDS_LE_2.0,opponent_history_avg_opponent_win_rate,FIELD_OPPONENT,609,107,502,525,86.20689655172413,0.09831933112402977,0.10478079750352022,0.05510833400439946,0.04867420132625668,-0.047966503165345106,0.047966503165345106,0.5011923887940556,0.5011923887940556,LOWER_COLLAPSE,14.018691588785046,13.745019920318724
MARKET_ODDS_LE_2.0,auto_history_margin_lengths_ewma,HISTORY_FRAGILITY,609,107,502,535,87.84893267651888,1.7567505532122674,1.7813576765341552,1.5,1.5,-0.02318410028151726,0.02318410028151726,0.5011820330969267,0.5011820330969267,LOWER_COLLAPSE,12.149532710280374,12.151394422310757
MARKET_ODDS_LE_2.0,auto_margin_gap_same_surface_mean,RACE_CONDITION,609,107,502,510,83.74384236453201,1.7752941981390258,1.7823941867824848,1.5833333333333333,1.5714285714285714,-0.0068578440766084185,0.0068578440766084185,0.4988451400777153,0.5011548599222847,LOWER_COLLAPSE,18.69158878504673,15.737051792828685
MARKET_ODDS_LE_2.0,auto_history_last_3f_min,PACE_TIME,609,107,502,592,97.20853858784893,33.355339805825245,33.87955010224949,34.7,34.6,-0.09919534564281879,0.09919534564281879,0.4988980880338317,0.5011019119661684,LOWER_COLLAPSE,3.7383177570093453,2.589641434262948
MARKET_ODDS_LE_2.0,auto_margin_gap_within_100m_mean,HISTORY_FRAGILITY,609,107,502,388,63.71100164203612,1.7919462481962485,1.8435078379177758,1.5625,1.5,-0.041378937550381,0.041378937550381,0.4989648033126294,0.5010351966873706,LOWER_COLLAPSE,38.31775700934579,35.85657370517929
MARKET_ODDS_LE_2.0,ped_sire_all_fallback_level,OTHER,609,107,502,609,100.0,0.0,0.00398406374501992,0.0,0.0,-0.049127382322279416,0.049127382322279416,0.499003984063745,0.500996015936255,LOWER_COLLAPSE,0.0,0.0
MARKET_ODDS_LE_2.0,actor_jockey_recent_fallback_level,ACTOR,609,107,502,609,100.0,0.0,0.00199203187250996,0.0,0.0,-0.049127382322279416,0.049127382322279416,0.499003984063745,0.500996015936255,LOWER_COLLAPSE,0.0,0.0
MARKET_ODDS_LE_2.0,actor_trainer_distance_band_fallback_level,DISTANCE,609,107,502,609,100.0,0.0,0.00199203187250996,0.0,0.0,-0.049127382322279416,0.049127382322279416,0.499003984063745,0.500996015936255,LOWER_COLLAPSE,0.0,0.0
MARKET_ODDS_LE_2.0,ped_sire_known,OTHER,609,107,502,609,100.0,1.0,0.99800796812749,1.0,1.0,0.049127382322279374,0.049127382322279374,0.500996015936255,0.500996015936255,HIGHER_COLLAPSE,0.0,0.0
MARKET_ODDS_LE_2.0,ped_damsire_known,OTHER,609,107,502,609,100.0,1.0,0.99800796812749,1.0,1.0,0.049127382322279374,0.049127382322279374,0.500996015936255,0.500996015936255,HIGHER_COLLAPSE,0.0,0.0
MARKET_ODDS_LE_2.0,ped_damsire_going_effective_avg_margin_lengths,HISTORY_FRAGILITY,609,107,502,609,100.0,1.9945436587764651,1.9918006551380907,1.9879194678669418,1.997238610875443,0.015824010756336427,0.015824010756336427,0.5009494731354954,0.5009494731354954,HIGHER_COLLAPSE,0.0,0.0
MARKET_ODDS_LE_2.0,auto_history_carried_weight_median,WEIGHT_BODY,609,107,502,592,97.20853858784893,55.737864077669904,55.70756646216769,56.0,56.0,0.029880076228998093,0.029880076228998093,0.50086366073024,0.50086366073024,HIGHER_COLLAPSE,3.7383177570093453,2.589641434262948
MARKET_ODDS_LE_2.0,auto_margin_gap_within_100m_median,HISTORY_FRAGILITY,609,107,502,388,63.71100164203612,1.740530303030303,1.7713509316770186,1.5,1.375,-0.02421928600047274,0.02421928600047274,0.4992000752870318,0.5007999247129682,LOWER_COLLAPSE,38.31775700934579,35.85657370517929
MARKET_ODDS_LE_2.0,auto_field_recent_win_rate_percentile,FIELD_OPPONENT,609,107,502,592,97.20853858784893,0.9471006609356123,0.9476419456480807,1.0,1.0,-0.004334583173525171,0.004334583173525171,0.49920582921357237,0.5007941707864276,LOWER_COLLAPSE,3.7383177570093453,2.589641434262948
MARKET_ODDS_LE_2.0,auto_margin_gap_same_weight_rule_starts,WEIGHT_BODY,609,107,502,609,100.0,3.1588785046728973,2.8904382470119523,2.0,2.0,0.09562675102950176,0.09562675102950176,0.5007819190527609,0.5007819190527609,HIGHER_COLLAPSE,0.0,0.0
MARKET_ODDS_LE_2.0,auto_margin_gap_same_surface_median,RACE_CONDITION,609,107,502,510,83.74384236453201,1.6408045977011494,1.6586879432624113,1.375,1.5,-0.01725255337461772,0.01725255337461772,0.49942936333251814,0.5005706366674818,LOWER_COLLAPSE,18.69158878504673,15.737051792828685
MARKET_ODDS_LE_2.0,ped_damsire_venue_effective_starts,RACE_CONDITION,609,107,502,609,100.0,380.01869158878503,1633.683266932271,133.0,139.0,-0.06959534882049885,0.06959534882049885,0.5005119708083554,0.5005119708083554,LOWER_COLLAPSE,0.0,0.0
MARKET_ODDS_LE_2.0,auto_margin_gap_same_direction_mean,HISTORY_FRAGILITY,609,107,502,419,68.80131362889983,1.7091650358773647,1.7769247752087347,1.5,1.5,-0.05753644377570196,0.05753644377570196,0.5004553012906802,0.5004553012906802,LOWER_COLLAPSE,31.775700934579437,31.07569721115538
MARKET_ODDS_LE_2.0,ped_damsire_venue_margin_observations,RACE_CONDITION,609,107,502,609,100.0,200.90654205607476,203.5199203187251,64.0,72.0,-0.010201029818452324,0.010201029818452324,0.4995718062330119,0.5004281937669881,LOWER_COLLAPSE,0.0,0.0
MARKET_ODDS_LE_2.0,auto_history_margin_lengths_rate,HISTORY_FRAGILITY,609,107,502,573,94.08866995073892,0.7126454096854697,0.7058860266089759,0.75,0.75,0.02388283111849039,0.02388283111849039,0.4997975535950219,0.5002024464049781,HIGHER_COLLAPSE,7.476635514018691,5.577689243027888
MARKET_ODDS_LE_2.0,ped_sire_distance_band_starts,DISTANCE,609,107,502,609,100.0,1000.7943925233645,1058.4721115537848,598.0,651.0,-0.0498541074684392,0.0498541074684392,0.5000651599210634,0.5000651599210634,LOWER_COLLAPSE,0.0,0.0
MARKET_ODDS_LE_2.0,ped_sire_distance_band_win_observations,DISTANCE,609,107,502,609,100.0,1000.7943925233645,1058.4721115537848,598.0,651.0,-0.0498541074684392,0.0498541074684392,0.5000651599210634,0.5000651599210634,LOWER_COLLAPSE,0.0,0.0
MARKET_ODDS_LE_2.0,ped_sire_distance_band_top3_observations,DISTANCE,609,107,502,609,100.0,1000.7943925233645,1058.4721115537848,598.0,651.0,-0.0498541074684392,0.0498541074684392,0.5000651599210634,0.5000651599210634,LOWER_COLLAPSE,0.0,0.0
MARKET_ODDS_LE_2.0,ped_sire_surface_condition_known,RACE_CONDITION,609,107,502,609,100.0,1.0,1.0,1.0,1.0,0.0,0.0,0.5,0.5,FLAT,0.0,0.0
MARKET_ODDS_LE_2.0,ped_sire_venue_condition_known,RACE_CONDITION,609,107,502,609,100.0,1.0,1.0,1.0,1.0,0.0,0.0,0.5,0.5,FLAT,0.0,0.0
MARKET_ODDS_LE_2.0,ped_sire_course_layout_condition_known,RACE_CONDITION,609,107,502,609,100.0,1.0,1.0,1.0,1.0,0.0,0.0,0.5,0.5,FLAT,0.0,0.0
MARKET_ODDS_LE_2.0,ped_sire_going_condition_known,OTHER,609,107,502,609,100.0,1.0,1.0,1.0,1.0,0.0,0.0,0.5,0.5,FLAT,0.0,0.0
MARKET_ODDS_LE_2.0,ped_sire_distance_band_condition_known,DISTANCE,609,107,502,609,100.0,1.0,1.0,1.0,1.0,0.0,0.0,0.5,0.5,FLAT,0.0,0.0
MARKET_ODDS_LE_2.0,ped_sire_race_class_condition_known,OTHER,609,107,502,609,100.0,1.0,1.0,1.0,1.0,0.0,0.0,0.5,0.5,FLAT,0.0,0.0
MARKET_ODDS_LE_2.0,ped_damsire_surface_condition_known,RACE_CONDITION,609,107,502,609,100.0,1.0,1.0,1.0,1.0,0.0,0.0,0.5,0.5,FLAT,0.0,0.0
MARKET_ODDS_LE_2.0,ped_damsire_venue_condition_known,RACE_CONDITION,609,107,502,609,100.0,1.0,1.0,1.0,1.0,0.0,0.0,0.5,0.5,FLAT,0.0,0.0
MARKET_ODDS_LE_2.0,ped_damsire_course_layout_condition_known,RACE_CONDITION,609,107,502,609,100.0,1.0,1.0,1.0,1.0,0.0,0.0,0.5,0.5,FLAT,0.0,0.0
MARKET_ODDS_LE_2.0,ped_damsire_going_condition_known,OTHER,609,107,502,609,100.0,1.0,1.0,1.0,1.0,0.0,0.0,0.5,0.5,FLAT,0.0,0.0
MARKET_ODDS_LE_2.0,ped_damsire_distance_band_condition_known,DISTANCE,609,107,502,609,100.0,1.0,1.0,1.0,1.0,0.0,0.0,0.5,0.5,FLAT,0.0,0.0
MARKET_ODDS_LE_2.0,ped_damsire_race_class_condition_known,OTHER,609,107,502,609,100.0,1.0,1.0,1.0,1.0,0.0,0.0,0.5,0.5,FLAT,0.0,0.0
MARKET_ODDS_LE_2.0,actor_jockey_known,ACTOR,609,107,502,609,100.0,1.0,1.0,1.0,1.0,0.0,0.0,0.5,0.5,FLAT,0.0,0.0
MARKET_ODDS_LE_2.0,actor_jockey_all_fallback_level,ACTOR,609,107,502,609,100.0,0.0,0.0,0.0,0.0,0.0,0.0,0.5,0.5,FLAT,0.0,0.0
MARKET_ODDS_LE_2.0,actor_jockey_surface_condition_known,ACTOR,609,107,502,609,100.0,1.0,1.0,1.0,1.0,0.0,0.0,0.5,0.5,FLAT,0.0,0.0
MARKET_ODDS_LE_2.0,actor_jockey_venue_condition_known,ACTOR,609,107,502,609,100.0,1.0,1.0,1.0,1.0,0.0,0.0,0.5,0.5,FLAT,0.0,0.0
MARKET_ODDS_LE_2.0,actor_jockey_distance_band_condition_known,DISTANCE,609,107,502,609,100.0,1.0,1.0,1.0,1.0,0.0,0.0,0.5,0.5,FLAT,0.0,0.0
MARKET_ODDS_LE_2.0,actor_jockey_race_class_condition_known,ACTOR,609,107,502,609,100.0,1.0,1.0,1.0,1.0,0.0,0.0,0.5,0.5,FLAT,0.0,0.0
MARKET_ODDS_LE_2.0,actor_trainer_known,ACTOR,609,107,502,609,100.0,1.0,1.0,1.0,1.0,0.0,0.0,0.5,0.5,FLAT,0.0,0.0
MARKET_ODDS_LE_2.0,actor_trainer_all_fallback_level,ACTOR,609,107,502,609,100.0,0.0,0.0,0.0,0.0,0.0,0.0,0.5,0.5,FLAT,0.0,0.0
MARKET_ODDS_LE_2.0,actor_trainer_recent_fallback_level,ACTOR,609,107,502,609,100.0,0.0,0.0,0.0,0.0,0.0,0.0,0.5,0.5,FLAT,0.0,0.0
MARKET_ODDS_LE_2.0,actor_trainer_surface_condition_known,ACTOR,609,107,502,609,100.0,1.0,1.0,1.0,1.0,0.0,0.0,0.5,0.5,FLAT,0.0,0.0
MARKET_ODDS_LE_2.0,actor_trainer_venue_condition_known,ACTOR,609,107,502,609,100.0,1.0,1.0,1.0,1.0,0.0,0.0,0.5,0.5,FLAT,0.0,0.0
MARKET_ODDS_LE_2.0,actor_trainer_distance_band_condition_known,DISTANCE,609,107,502,609,100.0,1.0,1.0,1.0,1.0,0.0,0.0,0.5,0.5,FLAT,0.0,0.0
MARKET_ODDS_LE_2.0,actor_trainer_race_class_condition_known,ACTOR,609,107,502,609,100.0,1.0,1.0,1.0,1.0,0.0,0.0,0.5,0.5,FLAT,0.0,0.0
MARKET_ODDS_LE_2.0,actor_horse_jockey_known,ACTOR,609,107,502,609,100.0,1.0,1.0,1.0,1.0,0.0,0.0,0.5,0.5,FLAT,0.0,0.0
MARKET_ODDS_LE_2.0,auto_history_distance_m_missing_count,DISTANCE,609,107,502,609,100.0,0.0,0.0,0.0,0.0,0.0,0.0,0.5,0.5,FLAT,0.0,0.0
MARKET_ODDS_LE_2.0,auto_history_body_weight_missing_count,WEIGHT_BODY,609,107,502,609,100.0,0.0,0.0,0.0,0.0,0.0,0.0,0.5,0.5,FLAT,0.0,0.0
MARKET_ODDS_LE_2.0,auto_history_carried_weight_missing_count,WEIGHT_BODY,609,107,502,609,100.0,0.0,0.0,0.0,0.0,0.0,0.0,0.5,0.5,FLAT,0.0,0.0
MARKET_ODDS_LE_2.0,auto_history_margin_large_rate,HISTORY_FRAGILITY,609,107,502,573,94.08866995073892,0.0,0.0,0.0,0.0,0.0,0.0,0.5,0.5,FLAT,7.476635514018691,5.577689243027888
TRIPLE_ALL,auto_field_recent_top3_rate_gap_to_top3_mean,FIELD_OPPONENT,1217,337,880,1190,97.78142974527528,0.03924349881796692,0.09068266873144924,0.03333333333333344,0.08888888888888885,-0.2510796599820081,0.2510796599820081,0.42376151290822506,0.5762384870917749,LOWER_COLLAPSE,2.3738872403560833,2.159090909090909
TRIPLE_ALL,auto_field_recent_top3_rate_diff_median,FIELD_OPPONENT,1217,337,880,1190,97.78142974527528,0.4488601823708206,0.5201219512195122,0.4,0.5,-0.2490347120124544,0.2490347120124544,0.4266580529461395,0.5733419470538605,LOWER_COLLAPSE,2.3738872403560833,2.159090909090909
TRIPLE_ALL,auto_field_recent_avg_last_3f_diff_median,PACE_TIME,1217,337,880,1190,97.78142974527528,-0.341241134751773,-0.8039518002322878,-0.3399999999999963,-0.5000000000000071,0.23248777781463634,0.23248777781463634,0.5731583759606593,0.5731583759606593,HIGHER_COLLAPSE,2.3738872403560833,2.159090909090909
TRIPLE_ALL,auto_field_recent_avg_last_3f_diff_mean,PACE_TIME,1217,337,880,1190,97.78142974527528,-0.35457648098337347,-0.7976767712547714,-0.4299999999999997,-0.672812499999992,0.24455555727296313,0.24455555727296313,0.570944932202253,0.570944932202253,HIGHER_COLLAPSE,2.3738872403560833,2.159090909090909
TRIPLE_ALL,auto_field_recent_top3_rate_gap_to_top2_mean,FIELD_OPPONENT,1217,337,880,1190,97.78142974527528,-0.03406788247213779,0.008855981416957025,0.0,0.0,-0.22936472901332508,0.22936472901332508,0.4297911172772171,0.5702088827227829,LOWER_COLLAPSE,2.3738872403560833,2.159090909090909
TRIPLE_ALL,auto_field_recent_top3_rate_zscore,FIELD_OPPONENT,1217,337,880,1190,97.78142974527528,1.5560619803823326,1.7626009450353555,1.5931226422518932,1.799758437897322,-0.23643756089589466,0.23643756089589466,0.432484670048611,0.567515329951389,LOWER_COLLAPSE,2.3738872403560833,2.159090909090909
TRIPLE_ALL,auto_field_recent_top3_rate_diff_mean,FIELD_OPPONENT,1217,337,880,1190,97.78142974527528,0.38735536139433874,0.4422380328796858,0.3818181818181817,0.44375,-0.2316101685548949,0.2316101685548949,0.4324952606886034,0.5675047393113966,LOWER_COLLAPSE,2.3738872403560833,2.159090909090909
TRIPLE_ALL,auto_field_recent_avg_last_3f_zscore,PACE_TIME,1217,337,880,1190,97.78142974527528,-0.3785552716759619,-0.5382095662625226,-0.42913552117441295,-0.5620193973151867,0.1969211112520689,0.1969211112520689,0.5591646103174015,0.5591646103174015,HIGHER_COLLAPSE,2.3738872403560833,2.159090909090909
TRIPLE_ALL,actor_trainer_venue_starts,ACTOR,1217,337,880,1217,100.0,241.01186943620178,273.42386363636365,225.0,262.0,-0.1899889640932191,0.1899889640932191,0.44158686269220393,0.5584131373077961,LOWER_COLLAPSE,0.0,0.0
TRIPLE_ALL,actor_trainer_venue_win_observations,ACTOR,1217,337,880,1217,100.0,241.01186943620178,273.42386363636365,225.0,262.0,-0.1899889640932191,0.1899889640932191,0.44158686269220393,0.5584131373077961,LOWER_COLLAPSE,0.0,0.0
TRIPLE_ALL,actor_trainer_venue_top3_observations,ACTOR,1217,337,880,1217,100.0,241.01186943620178,273.42386363636365,225.0,262.0,-0.1899889640932191,0.1899889640932191,0.44158686269220393,0.5584131373077961,LOWER_COLLAPSE,0.0,0.0
TRIPLE_ALL,distx_same_band_top3_rate,DISTANCE,1217,337,880,1155,94.90550534100247,0.6716623296729252,0.728174879366068,0.6666666666666666,0.75,-0.21397189898386174,0.21397189898386174,0.44171519539492815,0.5582848046050719,LOWER_COLLAPSE,4.451038575667656,5.340909090909091
TRIPLE_ALL,auto_history_distance_m_previous_delta,DISTANCE,1217,337,880,1066,87.5924404272802,35.28428093645485,-2.0338983050847457,0.0,0.0,0.17498343806019492,0.17498343806019492,0.5571526993498537,0.5571526993498537,HIGHER_COLLAPSE,11.275964391691394,12.840909090909092
TRIPLE_ALL,actor_trainer_venue_effective_starts,ACTOR,1217,337,880,1217,100.0,242.17507418397625,273.5306818181818,226.0,262.0,-0.18400567060233045,0.18400567060233045,0.4436218640410035,0.5563781359589965,LOWER_COLLAPSE,0.0,0.0
TRIPLE_ALL,auto_field_recent_top3_rate_gap_to_best,FIELD_OPPONENT,1217,337,880,1190,97.78142974527528,-0.12203647416413375,-0.08602400309717383,0.0,0.0,-0.21025445158146108,0.21025445158146108,0.44492337671965515,0.5550766232803448,LOWER_COLLAPSE,2.3738872403560833,2.159090909090909
TRIPLE_ALL,auto_field_recent_top3_rate_rank,FIELD_OPPONENT,1217,337,880,1190,97.78142974527528,1.8328267477203648,1.576074332171893,1.0,1.0,0.2040964487732897,0.2040964487732897,0.5549513007071017,0.5549513007071017,HIGHER_COLLAPSE,2.3738872403560833,2.159090909090909
TRIPLE_ALL,actor_horse_jockey_all_effective_win_rate,ACTOR,1217,337,880,1217,100.0,0.08769714098671896,0.08374346014609531,0.07291752956496672,0.07290463269688545,0.13656458835304405,0.13656458835304405,0.5546870785001349,0.5546870785001349,HIGHER_COLLAPSE,0.0,0.0
TRIPLE_ALL,actor_horse_jockey_recent_effective_win_rate,ACTOR,1217,337,880,1217,100.0,0.08769714098671896,0.08374346014609531,0.07291752956496672,0.07290463269688545,0.13656458835304405,0.13656458835304405,0.5546870785001349,0.5546870785001349,HIGHER_COLLAPSE,0.0,0.0
TRIPLE_ALL,auto_field_recent_avg_last_3f_rank,PACE_TIME,1217,337,880,1190,97.78142974527528,5.358662613981763,4.753774680603949,4.0,4.0,0.1727392204241744,0.1727392204241744,0.5524801513755476,0.5524801513755476,HIGHER_COLLAPSE,2.3738872403560833,2.159090909090909
TRIPLE_ALL,actor_jockey_race_class_effective_top3_rate,ACTOR,1217,337,880,1217,100.0,0.346088429018853,0.3709720446664389,0.32351009772961903,0.34869645112884534,-0.18873220333268517,0.18873220333268517,0.44820778257350957,0.5517922174264904,LOWER_COLLAPSE,0.0,0.0
TRIPLE_ALL,auto_field_recent_top3_rate_percentile,FIELD_OPPONENT,1217,337,880,1190,97.78142974527528,0.9302665561091272,0.948843538685207,1.0,1.0,-0.1699377727940587,0.1699377727940587,0.4483670998238424,0.5516329001761576,LOWER_COLLAPSE,2.3738872403560833,2.159090909090909
TRIPLE_ALL,actor_jockey_race_class_effective_win_rate,ACTOR,1217,337,880,1217,100.0,0.13854328506912467,0.152975016610312,0.12263655065066927,0.13105584186174973,-0.18590833291799816,0.18590833291799816,0.4485045184785541,0.5514954815214459,LOWER_COLLAPSE,0.0,0.0
TRIPLE_ALL,actor_jockey_race_class_top3_rate,ACTOR,1217,337,880,1215,99.83566146261298,0.35560598884511624,0.3812884281574393,0.3333333333333333,0.36273634953886336,-0.1814213755509325,0.1814213755509325,0.44853592261884645,0.5514640773811536,LOWER_COLLAPSE,0.0,0.22727272727272727
TRIPLE_ALL,distx_longer_top3_rate,DISTANCE,1217,337,880,688,56.53245686113394,0.4794687476266423,0.544004372468228,0.5,0.5,-0.17478869892765328,0.17478869892765328,0.45012153878672584,0.5498784612132741,LOWER_COLLAPSE,43.62017804154303,43.40909090909091
TRIPLE_ALL,actor_jockey_race_class_win_rate,ACTOR,1217,337,880,1215,99.83566146261298,0.143193651241499,0.1584707800050971,0.12597402597402596,0.1388727255702586,-0.18141264857605388,0.18141264857605388,0.4503018054250624,0.5496981945749376,LOWER_COLLAPSE,0.0,0.22727272727272727
TRIPLE_ALL,same_surface_top3_rate,RACE_CONDITION,1217,337,880,1153,94.74116680361546,0.6980025715219683,0.7334937753625557,0.6666666666666666,0.75,-0.14240106601087366,0.14240106601087366,0.4524950555301993,0.5475049444698007,LOWER_COLLAPSE,7.121661721068249,4.545454545454546
TRIPLE_ALL,auto_margin_gap_same_surface_trend,RACE_CONDITION,1217,337,880,732,60.14790468364831,0.09640649668989056,-0.0766641555893095,0.017085242500216126,0.0,0.17994047559013887,0.17994047559013887,0.5474510159651669,0.5474510159651669,HIGHER_COLLAPSE,37.0919881305638,40.909090909090914
TRIPLE_ALL,ped_sire_going_avg_margin_lengths,HISTORY_FRAGILITY,1217,337,880,1208,99.26047658175843,2.009607548210358,1.9748029279804178,1.9851694915254237,1.940217391304348,0.13354784520117152,0.13354784520117152,0.5472619719273051,0.5472619719273051,HIGHER_COLLAPSE,0.5934718100890208,0.7954545454545454
TRIPLE_ALL,auto_field_recent_avg_last_3f_percentile,PACE_TIME,1217,337,880,1190,97.78142974527528,0.6383579866504951,0.6850775351928252,0.6923076923076923,0.7142857142857143,-0.17161755443974283,0.17161755443974283,0.45288577288725557,0.5471142271127445,LOWER_COLLAPSE,2.3738872403560833,2.159090909090909
TRIPLE_ALL,auto_history_margin_lengths_previous_delta,HISTORY_FRAGILITY,1217,337,880,858,70.5012325390304,0.16182572614107885,-0.10372771474878444,0.0,0.0,0.13822441958722728,0.13822441958722728,0.5443250368198417,0.5443250368198417,HIGHER_COLLAPSE,28.486646884272997,29.88636363636364
TRIPLE_ALL,ped_sire_all_effective_avg_margin_lengths,HISTORY_FRAGILITY,1217,337,880,1217,100.0,2.0176925610459553,1.9974348815948941,1.9880948734893673,1.962911727263781,0.1261182055095082,0.1261182055095082,0.5437331400053952,0.5437331400053952,HIGHER_COLLAPSE,0.0,0.0
TRIPLE_ALL,auto_field_recent_avg_last_3f_gap_to_top3_mean,PACE_TIME,1217,337,880,1190,97.78142974527528,1.5077727119216484,1.1660446509226998,0.7199999999999989,0.6227777777777774,0.1444825933189979,0.1444825933189979,0.5435469465419795,0.5435469465419795,HIGHER_COLLAPSE,2.3738872403560833,2.159090909090909
TRIPLE_ALL,auto_history_speed_mps_min,HISTORY_FRAGILITY,1217,337,880,1190,97.78142974527528,15.922478609604546,15.994941312370008,15.92039800995025,16.057091882247995,-0.12860932983953483,0.12860932983953483,0.4568643233110577,0.5431356766889424,LOWER_COLLAPSE,2.3738872403560833,2.159090909090909
TRIPLE_ALL,network_field_avg_elo,FIELD_OPPONENT,1217,337,880,1217,100.0,1519.7936773846443,1516.775253430332,1513.0160331514999,1507.933051751857,0.12553925564154586,0.12553925564154586,0.5431346101969248,0.5431346101969248,HIGHER_COLLAPSE,0.0,0.0
TRIPLE_ALL,opponent_current_field_avg_elo,FIELD_OPPONENT,1217,337,880,1217,100.0,1519.7936773846443,1516.775253430332,1513.0160331514999,1507.933051751857,0.12553925564154586,0.12553925564154586,0.5431346101969248,0.5431346101969248,HIGHER_COLLAPSE,0.0,0.0
TRIPLE_ALL,ped_sire_venue_effective_avg_margin_lengths,RACE_CONDITION,1217,337,880,1217,100.0,2.0158121407233365,1.986987093683357,1.9844960465904575,1.9625906914335238,0.139326137165148,0.139326137165148,0.5430941462098732,0.5430941462098732,HIGHER_COLLAPSE,0.0,0.0
TRIPLE_ALL,auto_field_recent_avg_speed_mps_rank,FIELD_OPPONENT,1217,337,880,1190,97.78142974527528,5.5683890577507595,5.049941927990709,5.0,5.0,0.15314219970701753,0.15314219970701753,0.5430933141289728,0.5430933141289728,HIGHER_COLLAPSE,2.3738872403560833,2.159090909090909
TRIPLE_ALL,ped_sire_all_avg_margin_lengths,HISTORY_FRAGILITY,1217,337,880,1216,99.9178307313065,2.020362485842745,1.9966048529934914,1.9878847413228553,1.961575255102041,0.11842877956874691,0.11842877956874691,0.5427583273412261,0.5427583273412261,HIGHER_COLLAPSE,0.0,0.11363636363636363
TRIPLE_ALL,actor_jockey_distance_band_win_rate,DISTANCE,1217,337,880,1216,99.9178307313065,0.14166283159209145,0.15468323957094512,0.12457337883959044,0.12931034482758622,-0.1527459926845575,0.1527459926845575,0.4572923101852321,0.5427076898147679,LOWER_COLLAPSE,0.0,0.11363636363636363
TRIPLE_ALL,same_distance_top3_rate,DISTANCE,1217,337,880,893,73.3771569433032,0.7422620514083929,0.78158545044171,0.8,1.0,-0.13134857364212382,0.13134857364212382,0.4575087018258127,0.5424912981741873,LOWER_COLLAPSE,27.002967359050444,26.477272727272727
TRIPLE_ALL,ped_sire_going_top3_rate,OTHER,1217,337,880,1211,99.50698438783895,0.25111076089934214,0.2615009758396353,0.25,0.2553017944535073,-0.12173574739614393,0.12173574739614393,0.4576547619047619,0.542345238095238,LOWER_COLLAPSE,0.2967359050445104,0.5681818181818182
TRIPLE_ALL,race_no,OTHER,1217,337,880,1217,100.0,6.905044510385757,6.404545454545454,7.0,7.0,0.14321546409001798,0.14321546409001798,0.5422798084704613,0.5422798084704613,HIGHER_COLLAPSE,0.0,0.0
TRIPLE_ALL,opponent_recent_max_win_rate,FIELD_OPPONENT,1217,337,880,1190,97.78142974527528,0.5806101651147619,0.619278390157438,0.5,0.5714285714285714,-0.16666110201034692,0.16666110201034692,0.457918091990299,0.542081908009701,LOWER_COLLAPSE,2.3738872403560833,2.159090909090909
TRIPLE_ALL,actor_jockey_distance_band_top3_rate,DISTANCE,1217,337,880,1216,99.9178307313065,0.35442166944398856,0.37696604300148157,0.32964601769911506,0.3336279275298277,-0.1592912380116512,0.1592912380116512,0.4579202155133126,0.5420797844866874,LOWER_COLLAPSE,0.0,0.11363636363636363
TRIPLE_ALL,ped_sire_venue_avg_margin_lengths,RACE_CONDITION,1217,337,880,1181,97.04190632703369,2.019871670558124,1.994130926461248,1.9805891106442577,1.9536784741144415,0.06446925473500192,0.06446925473500192,0.5420245398773006,0.5420245398773006,HIGHER_COLLAPSE,3.2640949554896146,2.840909090909091
TRIPLE_ALL,actor_jockey_venue_effective_top3_rate,ACTOR,1217,337,880,1217,100.0,0.3510387561337294,0.3708497219353912,0.3311199199924657,0.3426382016402114,-0.15292587852124526,0.15292587852124526,0.4581400053951983,0.5418599946048017,LOWER_COLLAPSE,0.0,0.0
TRIPLE_ALL,auto_margin_gap_same_class_success_rate,HISTORY_FRAGILITY,1217,337,880,852,70.00821692686935,0.406463391680783,0.45950234156802144,0.3875,0.5,-0.14726669156141314,0.14726669156141314,0.45824828743184676,0.5417517125681532,LOWER_COLLAPSE,31.750741839762615,29.318181818181817
TRIPLE_ALL,actor_jockey_all_win_rate,ACTOR,1217,337,880,1216,99.9178307313065,0.14043025778724977,0.15235806978548616,0.12280701754385964,0.12577903682719546,-0.15234386853777485,0.15234386853777485,0.45832025197233167,0.5416797480276683,LOWER_COLLAPSE,0.0,0.11363636363636363
TRIPLE_ALL,actor_jockey_all_top3_rate,ACTOR,1217,337,880,1216,99.9178307313065,0.3515936954426528,0.3718898912429843,0.319634703196347,0.33043032786885246,-0.1485003662244101,0.1485003662244101,0.4584451578709283,0.5415548421290717,LOWER_COLLAPSE,0.0,0.11363636363636363
TRIPLE_ALL,auto_field_network_elo_rating_rank,FIELD_OPPONENT,1217,337,880,1217,100.0,3.9050445103857565,3.4727272727272727,3.0,2.0,0.14210990411737137,0.14210990411737137,0.5411299568384138,0.5411299568384138,HIGHER_COLLAPSE,0.0,0.0
TRIPLE_ALL,ped_sire_going_effective_avg_margin_lengths,HISTORY_FRAGILITY,1217,337,880,1217,100.0,2.006948702046961,1.9810245483880728,1.9848982126503834,1.9493088001888317,0.13571102996137246,0.13571102996137246,0.5411181548421905,0.5411181548421905,HIGHER_COLLAPSE,0.0,0.0
TRIPLE_ALL,ped_sire_course_layout_effective_avg_margin_lengths,RACE_CONDITION,1217,337,880,1217,100.0,2.0166012933168878,1.999734603392222,1.9866730922008637,1.9546793655917034,0.09691765033766361,0.09691765033766361,0.540986646884273,0.540986646884273,HIGHER_COLLAPSE,0.0,0.0
TRIPLE_ALL,actor_jockey_all_effective_win_rate,ACTOR,1217,337,880,1217,100.0,0.13963373977733431,0.15123135671165466,0.12236052599784625,0.12525572570355586,-0.15046512178374868,0.15046512178374868,0.4590470731049366,0.5409529268950635,LOWER_COLLAPSE,0.0,0.0
TRIPLE_ALL,ped_sire_course_layout_avg_margin_lengths,RACE_CONDITION,1217,337,880,1213,99.67132292522597,2.023710133176595,2.000443124849805,1.9860401993905037,1.9530892448512587,0.10034458011331122,0.10034458011331122,0.5408827442037248,0.5408827442037248,HIGHER_COLLAPSE,0.2967359050445104,0.3409090909090909
TRIPLE_ALL,auto_field_recent_avg_last_3f_gap_to_top2_mean,PACE_TIME,1217,337,880,1190,97.78142974527528,1.9020187436676803,1.5342586140147116,0.8699999999999974,0.7899999999999991,0.1310814508202449,0.1310814508202449,0.5408180916372777,0.5408180916372777,HIGHER_COLLAPSE,2.3738872403560833,2.159090909090909
TRIPLE_ALL,actor_horse_jockey_all_top3_rate,ACTOR,1217,337,880,724,59.49055053410025,0.7727137216984933,0.8017544652269509,1.0,1.0,-0.09667520151500283,0.09667520151500283,0.45942939153719453,0.5405706084628055,LOWER_COLLAPSE,41.54302670623146,40.11363636363636
TRIPLE_ALL,actor_horse_jockey_recent_top3_rate,ACTOR,1217,337,880,724,59.49055053410025,0.7727137216984933,0.8017544652269509,1.0,1.0,-0.09667520151500283,0.09667520151500283,0.45942939153719453,0.5405706084628055,LOWER_COLLAPSE,41.54302670623146,40.11363636363636
TRIPLE_ALL,recent_top3_rate,HISTORY_FRAGILITY,1217,337,880,1190,97.78142974527528,0.6645896656534954,0.7009291521486644,0.6,0.75,-0.1422343506573221,0.1422343506573221,0.4597608633489722,0.5402391366510277,LOWER_COLLAPSE,2.3738872403560833,2.159090909090909
TRIPLE_ALL,opponent_recent_avg_starts,FIELD_OPPONENT,1217,337,880,1190,97.78142974527528,8.72173856796255,7.9757923129968775,7.419444444444444,6.30625,0.13492220556361353,0.13492220556361353,0.5401297000377733,0.5401297000377733,HIGHER_COLLAPSE,2.3738872403560833,2.159090909090909
TRIPLE_ALL,actor_jockey_all_effective_top3_rate,ACTOR,1217,337,880,1217,100.0,0.34995346963896407,0.3697495517904974,0.3191921659594576,0.3272673638766062,-0.1469989149753605,0.1469989149753605,0.46015646074993255,0.5398435392500675,LOWER_COLLAPSE,0.0,0.0
TRIPLE_ALL,timepace_even_pace_top3_rate,PACE_TIME,1217,337,880,989,81.26540673788003,0.6129302657392545,0.662175174779053,0.6666666666666666,0.75,-0.13527983894202258,0.13527983894202258,0.4603784742755766,0.5396215257244235,LOWER_COLLAPSE,20.77151335311573,17.954545454545453
TRIPLE_ALL,actor_jockey_distance_band_effective_win_rate,DISTANCE,1217,337,880,1217,100.0,0.13946733302419123,0.15047067413402546,0.12373074039768299,0.12728749635530298,-0.14297223314404606,0.14297223314404606,0.4605004046398705,0.5394995953601295,LOWER_COLLAPSE,0.0,0.0
TRIPLE_ALL,auto_field_network_elo_rating_gap_to_top2_mean,FIELD_OPPONENT,1217,337,880,1217,100.0,-16.423850709777884,-13.72220673257061,-9.84962982914567,-5.827523914886001,-0.11671745681867852,0.11671745681867852,0.4606386565956299,0.53936134340437,LOWER_COLLAPSE,0.0,0.0
TRIPLE_ALL,auto_margin_gap_same_direction_starts,HISTORY_FRAGILITY,1217,337,880,1217,100.0,3.5519287833827895,3.1625,3.0,3.0,0.13736552678964462,0.13736552678964462,0.5391944294577826,0.5391944294577826,HIGHER_COLLAPSE,0.0,0.0
TRIPLE_ALL,auto_field_recent_win_rate_field_count,FIELD_OPPONENT,1217,337,880,1190,97.78142974527528,13.0,12.54123112659698,13.0,13.0,0.15381906012220742,0.15381906012220742,0.5391094683851745,0.5391094683851745,HIGHER_COLLAPSE,2.3738872403560833,2.159090909090909
TRIPLE_ALL,auto_field_recent_top3_rate_field_count,FIELD_OPPONENT,1217,337,880,1190,97.78142974527528,13.0,12.54123112659698,13.0,13.0,0.15381906012220742,0.15381906012220742,0.5391094683851745,0.5391094683851745,HIGHER_COLLAPSE,2.3738872403560833,2.159090909090909
TRIPLE_ALL,auto_field_recent_avg_last_3f_field_count,PACE_TIME,1217,337,880,1190,97.78142974527528,13.0,12.54123112659698,13.0,13.0,0.15381906012220742,0.15381906012220742,0.5391094683851745,0.5391094683851745,HIGHER_COLLAPSE,2.3738872403560833,2.159090909090909
TRIPLE_ALL,auto_field_recent_avg_speed_mps_field_count,FIELD_OPPONENT,1217,337,880,1190,97.78142974527528,13.0,12.54123112659698,13.0,13.0,0.15381906012220742,0.15381906012220742,0.5391094683851745,0.5391094683851745,HIGHER_COLLAPSE,2.3738872403560833,2.159090909090909
TRIPLE_ALL,previous_distance_m,DISTANCE,1217,337,880,1190,97.78142974527528,1777.872340425532,1722.3577235772357,1800.0,1800.0,0.12757324715814425,0.12757324715814425,0.5389682598519429,0.5389682598519429,HIGHER_COLLAPSE,2.3738872403560833,2.159090909090909
TRIPLE_ALL,auto_history_distance_m_last,DISTANCE,1217,337,880,1190,97.78142974527528,1777.872340425532,1722.3577235772357,1800.0,1800.0,0.12757324715814425,0.12757324715814425,0.5389682598519429,0.5389682598519429,HIGHER_COLLAPSE,2.3738872403560833,2.159090909090909
TRIPLE_ALL,actor_jockey_venue_top3_rate,ACTOR,1217,337,880,1212,99.58915365653246,0.3608787497148561,0.3808694341119154,0.34814833476092105,0.35458640458640456,-0.14296127642846068,0.14296127642846068,0.46126875407697326,0.5387312459230267,LOWER_COLLAPSE,0.2967359050445104,0.45454545454545453
TRIPLE_ALL,actor_jockey_surface_top3_rate,ACTOR,1217,337,880,1216,99.9178307313065,0.35430847771430773,0.3724818894461282,0.3223958333333333,0.3387096774193548,-0.1307423548463277,0.1307423548463277,0.46171127832747627,0.5382887216725237,LOWER_COLLAPSE,0.0,0.11363636363636363
TRIPLE_ALL,network_field_max_elo,FIELD_OPPONENT,1217,337,880,1217,100.0,1557.386566572363,1552.6933622821655,1550.6619288782988,1544.087607665663,0.12288325284928636,0.12288325284928636,0.5382249797680064,0.5382249797680064,HIGHER_COLLAPSE,0.0,0.0
TRIPLE_ALL,opponent_current_field_max_elo,FIELD_OPPONENT,1217,337,880,1217,100.0,1557.386566572363,1552.6933622821655,1550.6619288782988,1544.087607665663,0.12288325284928636,0.12288325284928636,0.5382249797680064,0.5382249797680064,HIGHER_COLLAPSE,0.0,0.0
TRIPLE_ALL,actor_jockey_surface_effective_top3_rate,ACTOR,1217,337,880,1217,100.0,0.3506574171769616,0.36874664986353534,0.31972919424666063,0.33330134747116347,-0.13521176974190832,0.13521176974190832,0.4621004181278662,0.5378995818721338,LOWER_COLLAPSE,0.0,0.0
TRIPLE_ALL,opponent_previous_avg_top3_rate,FIELD_OPPONENT,1217,337,880,1190,97.78142974527528,0.2924075639309506,0.27346582315833273,0.28800856006738357,0.2552083333333333,0.1444813567051166,0.1444813567051166,0.5377997592394509,0.5377997592394509,HIGHER_COLLAPSE,2.3738872403560833,2.159090909090909
TRIPLE_ALL,auto_history_last_3f_mean,PACE_TIME,1217,337,880,1190,97.78142974527528,36.08752876625139,35.87554838050406,36.0,35.739999999999995,0.0926744577010628,0.0926744577010628,0.537737980506162,0.537737980506162,HIGHER_COLLAPSE,2.3738872403560833,2.159090909090909
TRIPLE_ALL,auto_field_network_elo_rating_gap_to_best,FIELD_OPPONENT,1217,337,880,1217,100.0,-22.851557287398695,-19.930650185289554,-13.547213003260822,-9.902423236262166,-0.1172107247864545,0.1172107247864545,0.4623398300512544,0.5376601699487455,LOWER_COLLAPSE,0.0,0.0
TRIPLE_ALL,actor_horse_jockey_all_win_rate,ACTOR,1217,337,880,724,59.49055053410025,0.28494883571025703,0.2536685641998735,0.0,0.0,0.08681340535920175,0.08681340535920175,0.5373679191670118,0.5373679191670118,HIGHER_COLLAPSE,41.54302670623146,40.11363636363636
TRIPLE_ALL,actor_horse_jockey_recent_win_rate,ACTOR,1217,337,880,724,59.49055053410025,0.28494883571025703,0.2536685641998735,0.0,0.0,0.08681340535920175,0.08681340535920175,0.5373679191670118,0.5373679191670118,HIGHER_COLLAPSE,41.54302670623146,40.11363636363636
TRIPLE_ALL,actor_jockey_venue_effective_win_rate,ACTOR,1217,337,880,1217,100.0,0.14037544207309596,0.15162094235542833,0.12230631221335708,0.1333254934981481,-0.14658192224684283,0.14658192224684283,0.4626888319395738,0.5373111680604262,LOWER_COLLAPSE,0.0,0.0
TRIPLE_ALL,auto_history_last_3f_max,PACE_TIME,1217,337,880,1190,97.78142974527528,37.89635258358662,37.60418118466899,38.1,37.7,0.12754902162513734,0.12754902162513734,0.5370584144399846,0.5370584144399846,HIGHER_COLLAPSE,2.3738872403560833,2.159090909090909
TRIPLE_ALL,ped_sire_going_win_rate,OTHER,1217,337,880,1211,99.50698438783895,0.08992336895416234,0.09512137328955074,0.08546082334018519,0.08942084942084942,-0.10352265386524596,0.10352265386524596,0.4631904761904762,0.5368095238095238,LOWER_COLLAPSE,0.2967359050445104,0.5681818181818182
TRIPLE_ALL,actor_jockey_distance_band_effective_top3_rate,DISTANCE,1217,337,880,1217,100.0,0.3501147373749216,0.36930994025789643,0.32512617341935357,0.3302486824631946,-0.14400541588010848,0.14400541588010848,0.4632485837604532,0.5367514162395468,LOWER_COLLAPSE,0.0,0.0
TRIPLE_ALL,auto_field_recent_avg_last_3f_gap_to_best,PACE_TIME,1217,337,880,1190,97.78142974527528,2.582178318135765,2.139382500967867,1.0999999999999943,1.0499999999999972,0.11053921301911886,0.11053921301911886,0.536484754773731,0.536484754773731,HIGHER_COLLAPSE,2.3738872403560833,2.159090909090909
TRIPLE_ALL,network_field_known_count,FIELD_OPPONENT,1217,337,880,1217,100.0,11.71513353115727,11.292045454545455,12.0,12.0,0.12389549047281684,0.12389549047281684,0.5362827083895333,0.5362827083895333,HIGHER_COLLAPSE,0.0,0.0
TRIPLE_ALL,opponent_current_field_known_count,FIELD_OPPONENT,1217,337,880,1217,100.0,11.71513353115727,11.292045454545455,12.0,12.0,0.12389549047281684,0.12389549047281684,0.5362827083895333,0.5362827083895333,HIGHER_COLLAPSE,0.0,0.0
TRIPLE_ALL,lap_recent_avg_last1,PACE_TIME,1217,337,880,1181,97.04190632703369,12.247292551892553,12.180905976487168,12.200000000000001,12.105,0.12263696559456086,0.12263696559456086,0.5353378864126528,0.5353378864126528,HIGHER_COLLAPSE,3.5608308605341246,2.727272727272727
TRIPLE_ALL,auto_field_network_elo_rating_gap_to_top3_mean,FIELD_OPPONENT,1217,337,880,1217,100.0,-11.436652642472986,-9.197953062950537,-6.017442980827582,-2.8516128182290004,-0.1000209448640481,0.1000209448640481,0.4646766253034799,0.53532337469652,LOWER_COLLAPSE,0.0,0.0
TRIPLE_ALL,actor_jockey_surface_effective_win_rate,ACTOR,1217,337,880,1217,100.0,0.13998768530042796,0.15039376669134244,0.11975483039472067,0.1269163944779684,-0.13585765071890316,0.13585765071890316,0.46469685729700566,0.5353031427029944,LOWER_COLLAPSE,0.0,0.0
TRIPLE_ALL,body_weight,WEIGHT_BODY,1217,337,880,1217,100.0,489.026706231454,485.3363636363636,488.0,485.0,0.13347041954378444,0.13347041954378444,0.5351530887510116,0.5351530887510116,HIGHER_COLLAPSE,0.0,0.0
TRIPLE_ALL,auto_margin_gap_within_200m_trend,HISTORY_FRAGILITY,1217,337,880,705,57.92933442892358,0.012648919806310254,-0.03670373526311816,0.0,-0.027140072896628537,0.04338750721300667,0.04338750721300667,0.5351162222176951,0.5351162222176951,HIGHER_COLLAPSE,43.32344213649852,41.590909090909086
TRIPLE_ALL,recent_avg_last_3f,PACE_TIME,1217,337,880,1190,97.78142974527528,35.67961499493415,35.434111498257835,35.94,35.8,0.06399656323359752,0.06399656323359752,0.5349649979348252,0.5349649979348252,HIGHER_COLLAPSE,2.3738872403560833,2.159090909090909
TRIPLE_ALL,auto_field_network_elo_rating_zscore,FIELD_OPPONENT,1217,337,880,1217,100.0,0.859483846221661,0.9694120110248081,0.8390538777822758,1.0028043709197965,-0.12306709560040326,0.12306709560040326,0.4652043431346102,0.5347956568653898,LOWER_COLLAPSE,0.0,0.0
TRIPLE_ALL,auto_history_last_3f_rolling_5_mean,PACE_TIME,1217,337,880,1190,97.78142974527528,35.67806484295846,35.437357723577236,35.94,35.8,0.06289713873493002,0.06289713873493002,0.5346631646950425,0.5346631646950425,HIGHER_COLLAPSE,2.3738872403560833,2.159090909090909
TRIPLE_ALL,actor_jockey_surface_win_rate,ACTOR,1217,337,880,1216,99.9178307313065,0.14186140276907527,0.15204550392118701,0.12060737527114967,0.13005780346820808,-0.1286813850253573,0.1286813850253573,0.46536224398510584,0.5346377560148942,LOWER_COLLAPSE,0.0,0.11363636363636363
TRIPLE_ALL,lap_recent_avg_last3,PACE_TIME,1217,337,880,1181,97.04190632703369,12.100718315018316,12.049569317732285,11.9875,11.974761904761905,0.11088000234951662,0.11088000234951662,0.5341750539180445,0.5341750539180445,HIGHER_COLLAPSE,3.5608308605341246,2.727272727272727
TRIPLE_ALL,carried_weight,WEIGHT_BODY,1217,337,880,1217,100.0,56.29376854599406,56.10625,56.0,56.0,0.11162605110273587,0.11162605110273587,0.5337688831939574,0.5337688831939574,HIGHER_COLLAPSE,0.0,0.0
TRIPLE_ALL,actor_jockey_recent_top3_rate,ACTOR,1217,337,880,1216,99.9178307313065,0.3908011869436202,0.4104494858239086,0.36666666666666664,0.4,-0.11728747689885315,0.11728747689885315,0.46626359195606015,0.5337364080439398,LOWER_COLLAPSE,0.0,0.11363636363636363
TRIPLE_ALL,actor_jockey_venue_win_rate,ACTOR,1217,337,880,1212,99.58915365653246,0.14617382593193234,0.1570903222997986,0.13160006758469206,0.13788443616029822,-0.13190496421287903,0.13190496421287903,0.46650426723200694,0.533495732767993,LOWER_COLLAPSE,0.2967359050445104,0.45454545454545453
TRIPLE_ALL,auto_pair_carried_weight_vs_recent_mean_ratio,WEIGHT_BODY,1217,337,880,1190,97.78142974527528,1.0120071386378606,1.0094264770638512,1.0126903553299493,1.008849557522124,0.10432164966202712,0.10432164966202712,0.5331275218961482,0.5331275218961482,HIGHER_COLLAPSE,2.3738872403560833,2.159090909090909
TRIPLE_ALL,auto_pair_carried_weight_vs_recent_mean_normalized_diff,WEIGHT_BODY,1217,337,880,1190,97.78142974527528,0.005811493287088166,0.004542089361582294,0.006305170239596479,0.004405286343612335,0.1032363965087795,0.1032363965087795,0.533122226576152,0.533122226576152,HIGHER_COLLAPSE,2.3738872403560833,2.159090909090909
TRIPLE_ALL,ped_sire_surface_effective_avg_margin_lengths,RACE_CONDITION,1217,337,880,1217,100.0,2.014517283357207,1.9813658132947232,1.9605283713481796,1.933841140573663,0.1225828148410172,0.1225828148410172,0.5331062854059887,0.5331062854059887,HIGHER_COLLAPSE,0.0,0.0
TRIPLE_ALL,auto_pair_carried_weight_vs_recent_mean_diff,WEIGHT_BODY,1217,337,880,1190,97.78142974527528,0.6677091216181431,0.5244807888265077,0.7142857142857153,0.5,0.10403452894217304,0.10403452894217304,0.5328927627096506,0.5328927627096506,HIGHER_COLLAPSE,2.3738872403560833,2.159090909090909
TRIPLE_ALL,network_expected_pairwise_score,OTHER,1217,337,880,1217,100.0,0.5259609977500872,0.5283821611900027,0.5219779655543197,0.5266154561047337,-0.07691662670756771,0.07691662670756771,0.46718033450229296,0.5328196654977071,LOWER_COLLAPSE,0.0,0.0
TRIPLE_ALL,network_elo_vs_field_avg,FIELD_OPPONENT,1217,337,880,1217,100.0,18.238810706977873,19.924732371525096,15.321312150928861,18.56292951444948,-0.07577530549004416,0.07577530549004416,0.4672207984893445,0.5327792015106555,LOWER_COLLAPSE,0.0,0.0
TRIPLE_ALL,auto_field_recent_avg_speed_mps_diff_mean,FIELD_OPPONENT,1217,337,880,1190,97.78142974527528,0.11686811980933236,0.13958774158318693,0.10953995337868605,0.13345104864348656,-0.08565761667736811,0.08565761667736811,0.46724491561025033,0.5327550843897497,LOWER_COLLAPSE,2.3738872403560833,2.159090909090909
TRIPLE_ALL,actor_jockey_venue_starts,ACTOR,1217,337,880,1217,100.0,629.3946587537092,704.4329545454545,561.0,610.0,-0.13816304047445802,0.13816304047445802,0.4673388184515781,0.5326611815484219,LOWER_COLLAPSE,0.0,0.0
TRIPLE_ALL,actor_jockey_venue_win_observations,ACTOR,1217,337,880,1217,100.0,629.3946587537092,704.4329545454545,561.0,610.0,-0.13816304047445802,0.13816304047445802,0.4673388184515781,0.5326611815484219,LOWER_COLLAPSE,0.0,0.0
TRIPLE_ALL,actor_jockey_venue_top3_observations,ACTOR,1217,337,880,1217,100.0,629.3946587537092,704.4329545454545,561.0,610.0,-0.13816304047445802,0.13816304047445802,0.4673388184515781,0.5326611815484219,LOWER_COLLAPSE,0.0,0.0
TRIPLE_ALL,auto_field_network_elo_rating_percentile,FIELD_OPPONENT,1217,337,880,1217,100.0,0.7665021902323351,0.7900577289614723,0.8571428571428571,0.8666666666666667,-0.09871258847608273,0.09871258847608273,0.4675428243862962,0.5324571756137038,LOWER_COLLAPSE,0.0,0.0
TRIPLE_ALL,ped_sire_going_effective_top3_rate,OTHER,1217,337,880,1217,100.0,0.2468151634663925,0.2506743075554827,0.24861817350669063,0.254516143805334,-0.08370531879241874,0.08370531879241874,0.46758160237388724,0.5324183976261128,LOWER_COLLAPSE,0.0,0.0
TRIPLE_ALL,recent_win_rate,HISTORY_FRAGILITY,1217,337,880,1190,97.78142974527528,0.20785207700101316,0.18190089043747582,0.2,0.0,0.10541104292057504,0.10541104292057504,0.5322873311234197,0.5322873311234197,HIGHER_COLLAPSE,2.3738872403560833,2.159090909090909
TRIPLE_ALL,auto_field_network_elo_rating_diff_median,FIELD_OPPONENT,1217,337,880,1217,100.0,16.891706492401948,18.369166465693088,12.550006799647235,16.204566324652887,-0.06844567186282155,0.06844567186282155,0.4678412462908012,0.5321587537091987,LOWER_COLLAPSE,0.0,0.0
TRIPLE_ALL,auto_field_recent_avg_speed_mps_zscore,FIELD_OPPONENT,1217,337,880,1190,97.78142974527528,0.35049203592036066,0.43961649379388446,0.3745590260580386,0.48089690069393976,-0.10823087263297568,0.10823087263297568,0.46807451574298636,0.5319254842570136,LOWER_COLLAPSE,2.3738872403560833,2.159090909090909
TRIPLE_ALL,auto_history_last_3f_recency_weighted_mean,PACE_TIME,1217,337,880,1190,97.78142974527528,35.926262954754726,35.72692801998788,36.0,35.83809523809524,0.07020443061887324,0.07020443061887324,0.5318407591370746,0.5318407591370746,HIGHER_COLLAPSE,2.3738872403560833,2.159090909090909
TRIPLE_ALL,actor_jockey_recent_effective_top3_rate,ACTOR,1217,337,880,1217,100.0,0.32185937855584373,0.33356052206566617,0.30748256780249245,0.3273989877636482,-0.11652359730989895,0.11652359730989895,0.4682694901537631,0.5317305098462368,LOWER_COLLAPSE,0.0,0.0
TRIPLE_ALL,auto_field_network_elo_rating_diff_mean,FIELD_OPPONENT,1217,337,880,1217,100.0,16.74323803178293,18.280862775142218,13.853497066736736,16.968380797916552,-0.07540710748879585,0.07540710748879585,0.4682728621526841,0.5317271378473158,LOWER_COLLAPSE,0.0,0.0
TRIPLE_ALL,opponent_previous_avg_starts,FIELD_OPPONENT,1217,337,880,1190,97.78142974527528,10.275196054715096,9.61594610450165,9.571428571428571,6.777777777777778,0.09723329799355322,0.09723329799355322,0.5316713088971966,0.5316713088971966,HIGHER_COLLAPSE,2.3738872403560833,2.159090909090909
TRIPLE_ALL,ped_sire_surface_top3_rate,RACE_CONDITION,1217,337,880,1216,99.9178307313065,0.2628710682484227,0.2697973510895042,0.2516778523489933,0.2624113475177305,-0.07863993275125149,0.07863993275125149,0.4684460693464046,0.5315539306535955,LOWER_COLLAPSE,0.0,0.11363636363636363
TRIPLE_ALL,actor_jockey_venue_effective_starts,ACTOR,1217,337,880,1217,100.0,634.1305637982196,1045.980681818182,563.0,610.0,-0.047838880230103235,0.047838880230103235,0.46858477205287297,0.531415227947127,LOWER_COLLAPSE,0.0,0.0
TRIPLE_ALL,auto_history_margin_lengths_last,HISTORY_FRAGILITY,1217,337,880,1085,89.15365653245686,1.8129139072847682,1.708492975734355,1.5,1.25,0.07445888191604406,0.07445888191604406,0.5313173986957956,0.5313173986957956,HIGHER_COLLAPSE,10.385756676557865,11.022727272727273
TRIPLE_ALL,actor_trainer_race_class_effective_starts,ACTOR,1217,337,880,1217,100.0,310.8694362017804,330.1340909090909,310.0,317.5,-0.1076635160545151,0.1076635160545151,0.46872808200701377,0.5312719179929862,LOWER_COLLAPSE,0.0,0.0
TRIPLE_ALL,auto_margin_gap_same_class_mean,HISTORY_FRAGILITY,1217,337,880,752,61.79129005751849,1.8228396569719385,1.7330680562823422,1.625,1.5,0.08609602024274593,0.08609602024274593,0.5312288843842242,0.5312288843842242,HIGHER_COLLAPSE,38.87240356083086,37.95454545454545
TRIPLE_ALL,ped_sire_race_class_top3_rate,OTHER,1217,337,880,1198,98.43878389482333,0.2593253288994798,0.2825931984316675,0.2547671646997267,0.2552746372295914,-0.1776019927054793,0.1776019927054793,0.46878752967462645,0.5312124703253736,LOWER_COLLAPSE,2.0771513353115725,1.3636363636363635
TRIPLE_ALL,age,OTHER,1217,337,880,1217,100.0,3.391691394658754,3.293181818181818,3.0,3.0,0.10001683034591193,0.10001683034591193,0.5311825600215808,0.5311825600215808,HIGHER_COLLAPSE,0.0,0.0
TRIPLE_ALL,auto_history_last_3f_median,PACE_TIME,1217,337,880,1190,97.78142974527528,35.97234042553191,35.92409988385598,35.849999999999994,35.7,0.018443546106588365,0.018443546106588365,0.5311258909375893,0.5311258909375893,HIGHER_COLLAPSE,2.3738872403560833,2.159090909090909
TRIPLE_ALL,actor_trainer_race_class_starts,ACTOR,1217,337,880,1217,100.0,310.8694362017804,329.95681818181816,310.0,317.5,-0.10654784834114946,0.10654784834114946,0.46890005395198275,0.5310999460480172,LOWER_COLLAPSE,0.0,0.0
TRIPLE_ALL,actor_trainer_race_class_win_observations,ACTOR,1217,337,880,1217,100.0,310.8694362017804,329.95681818181816,310.0,317.5,-0.10654784834114946,0.10654784834114946,0.46890005395198275,0.5310999460480172,LOWER_COLLAPSE,0.0,0.0
TRIPLE_ALL,actor_trainer_race_class_top3_observations,ACTOR,1217,337,880,1217,100.0,310.8694362017804,329.95681818181816,310.0,317.5,-0.10654784834114946,0.10654784834114946,0.46890005395198275,0.5310999460480172,LOWER_COLLAPSE,0.0,0.0
TRIPLE_ALL,actor_horse_jockey_all_effective_starts,ACTOR,1217,337,880,1217,100.0,127992.49851632047,122828.03181818181,4.0,4.0,0.03422417401046612,0.03422417401046612,0.5310763420555705,0.5310763420555705,HIGHER_COLLAPSE,0.0,0.0
TRIPLE_ALL,actor_horse_jockey_recent_effective_starts,ACTOR,1217,337,880,1217,100.0,127992.49851632047,122828.03181818181,4.0,4.0,0.03422417401046612,0.03422417401046612,0.5310763420555705,0.5310763420555705,HIGHER_COLLAPSE,0.0,0.0
TRIPLE_ALL,auto_history_body_weight_last,WEIGHT_BODY,1217,337,880,1190,97.78142974527528,487.8662613981763,484.534262485482,488.0,484.0,0.12042890460743483,0.12042890460743483,0.5310517564576427,0.5310517564576427,HIGHER_COLLAPSE,2.3738872403560833,2.159090909090909
TRIPLE_ALL,auto_field_recent_avg_speed_mps_percentile,FIELD_OPPONENT,1217,337,880,1190,97.78142974527528,0.620974373233894,0.6482110348450788,0.6666666666666666,0.6923076923076923,-0.10046153575250054,0.10046153575250054,0.46900296184898455,0.5309970381510154,LOWER_COLLAPSE,2.3738872403560833,2.159090909090909
TRIPLE_ALL,auto_field_recent_avg_speed_mps_diff_median,FIELD_OPPONENT,1217,337,880,1190,97.78142974527528,0.10282428303084798,0.1240458182248223,0.07735179784901902,0.09913015434520744,-0.07971542012821113,0.07971542012821113,0.46908768696892356,0.5309123130310764,LOWER_COLLAPSE,2.3738872403560833,2.159090909090909
TRIPLE_ALL,auto_margin_gap_same_class_median,HISTORY_FRAGILITY,1217,337,880,752,61.79129005751849,1.7141990291262137,1.623397435897436,1.5,1.375,0.08621822805581768,0.08621822805581768,0.5308643621750417,0.5308643621750417,HIGHER_COLLAPSE,38.87240356083086,37.95454545454545
TRIPLE_ALL,ped_sire_going_effective_win_rate,OTHER,1217,337,880,1217,100.0,0.0869999634222775,0.08931757789231423,0.0844997664733151,0.08877362667522698,-0.08626914634062813,0.08626914634062813,0.4691731858645805,0.5308268141354195,LOWER_COLLAPSE,0.0,0.0
TRIPLE_ALL,ped_sire_surface_avg_margin_lengths,RACE_CONDITION,1217,337,880,1215,99.83566146261298,2.0169913941577486,1.9831664062005563,1.9537037037037037,1.9234238679878408,0.10568593204363541,0.10568593204363541,0.530785505228365,0.530785505228365,HIGHER_COLLAPSE,0.0,0.22727272727272727
TRIPLE_ALL,timepace_fast_pace_rate,PACE_TIME,1217,337,880,1190,97.78142974527528,0.31959521397211366,0.2903429935659901,0.3,0.3,0.11648020846198531,0.11648020846198531,0.5307057955512252,0.5307057955512252,HIGHER_COLLAPSE,2.3738872403560833,2.159090909090909
TRIPLE_ALL,auto_history_speed_mps_mean,HISTORY_FRAGILITY,1217,337,880,1190,97.78142974527528,16.360671020247953,16.40685525179118,16.39344262295082,16.433853738701725,-0.10879963914224645,0.10879963914224645,0.46938069467537924,0.5306193053246208,LOWER_COLLAPSE,2.3738872403560833,2.159090909090909
TRIPLE_ALL,auto_history_speed_mps_gap_to_worst,HISTORY_FRAGILITY,1217,337,880,1190,97.78142974527528,0.49110650280363743,0.4468803110781868,0.3955754157204616,0.36006049061116485,0.09662572275209098,0.09662572275209098,0.5304480899780774,0.5304480899780774,HIGHER_COLLAPSE,2.3738872403560833,2.159090909090909
TRIPLE_ALL,auto_margin_gap_same_going_success_rate,HISTORY_FRAGILITY,1217,337,880,964,79.21117502054231,0.45077926566897153,0.41183567355893946,0.4365079365079365,0.4,0.10874844024681815,0.10874844024681815,0.5304344823189391,0.5304344823189391,HIGHER_COLLAPSE,19.287833827893174,21.363636363636363
TRIPLE_ALL,actor_jockey_race_class_effective_starts,ACTOR,1217,337,880,1217,100.0,643.1216617210682,1019.2965909090909,575.0,635.5,-0.0437308422880329,0.0437308422880329,0.47009711356892364,0.5299028864310764,LOWER_COLLAPSE,0.0,0.0
TRIPLE_ALL,auto_margin_gap_same_direction_success_observations,HISTORY_FRAGILITY,1217,337,880,1217,100.0,2.8130563798219583,2.5420454545454545,2.0,2.0,0.10938894858707021,0.10938894858707021,0.5298202724575128,0.5298202724575128,HIGHER_COLLAPSE,0.0,0.0
TRIPLE_ALL,ped_sire_distance_band_effective_avg_margin_lengths,DISTANCE,1217,337,880,1217,100.0,2.046255663391195,2.0112223796179607,2.013014918326835,1.9980568934151977,0.14353350314606272,0.14353350314606272,0.5293313326139736,0.5293313326139736,HIGHER_COLLAPSE,0.0,0.0
TRIPLE_ALL,distance_m,DISTANCE,1217,337,880,1217,100.0,1763.4718100890207,1721.2727272727273,1800.0,1800.0,0.09297178565683512,0.09297178565683512,0.5293009846236849,0.5293009846236849,HIGHER_COLLAPSE,0.0,0.0
TRIPLE_ALL,timepace_recent_avg_normalized_early_pace,PACE_TIME,1217,337,880,1182,97.1240755957272,-2737.6952033111374,-3114.7099354182724,0.05221257537423751,-0.002430628424398007,0.005949075985863665,0.005949075985863665,0.5291266493133471,0.5291266493133471,HIGHER_COLLAPSE,3.5608308605341246,2.6136363636363633
TRIPLE_ALL,auto_history_distance_m_ewma,DISTANCE,1217,337,880,1190,97.78142974527528,1756.3129564186722,1718.8618778933217,1770.3125,1715.625,0.0962858982476136,0.0962858982476136,0.5288877356858674,0.5288877356858674,HIGHER_COLLAPSE,2.3738872403560833,2.159090909090909
TRIPLE_ALL,auto_history_distance_m_rolling_2_mean,DISTANCE,1217,337,880,1190,97.78142974527528,1761.838905775076,1723.2636469221834,1800.0,1700.0,0.09353913447815401,0.09353913447815401,0.5287924199259362,0.5287924199259362,HIGHER_COLLAPSE,2.3738872403560833,2.159090909090909
TRIPLE_ALL,ped_sire_race_class_win_rate,OTHER,1217,337,880,1198,98.43878389482333,0.09481160997366206,0.10181270087296174,0.08605296759348163,0.08896499238964992,-0.0787152302857654,0.0787152302857654,0.4712906716938975,0.5287093283061025,LOWER_COLLAPSE,2.0771513353115725,1.3636363636363635
TRIPLE_ALL,actor_jockey_race_class_starts,ACTOR,1217,337,880,1217,100.0,643.1038575667656,677.8704545454545,575.0,632.0,-0.08677000278449329,0.08677000278449329,0.4713177771783113,0.5286822228216888,LOWER_COLLAPSE,0.0,0.0
TRIPLE_ALL,actor_jockey_race_class_win_observations,ACTOR,1217,337,880,1217,100.0,643.1038575667656,677.8704545454545,575.0,632.0,-0.08677000278449329,0.08677000278449329,0.4713177771783113,0.5286822228216888,LOWER_COLLAPSE,0.0,0.0
TRIPLE_ALL,actor_jockey_race_class_top3_observations,ACTOR,1217,337,880,1217,100.0,643.1038575667656,677.8704545454545,575.0,632.0,-0.08677000278449329,0.08677000278449329,0.4713177771783113,0.5286822228216888,LOWER_COLLAPSE,0.0,0.0
TRIPLE_ALL,auto_margin_gap_within_100m_starts,HISTORY_FRAGILITY,1217,337,880,1217,100.0,2.913946587537092,2.585227272727273,2.0,2.0,0.12871763398961716,0.12871763398961716,0.5285018208794173,0.5285018208794173,HIGHER_COLLAPSE,0.0,0.0
TRIPLE_ALL,auto_history_body_weight_recency_weighted_mean,WEIGHT_BODY,1217,337,880,1190,97.78142974527528,485.95857918225295,482.9469992623545,485.3333333333333,482.1904761904762,0.11142859579986635,0.11142859579986635,0.5282981900596253,0.5282981900596253,HIGHER_COLLAPSE,2.3738872403560833,2.159090909090909
TRIPLE_ALL,auto_history_body_weight_rolling_3_mean,WEIGHT_BODY,1217,337,880,1190,97.78142974527528,486.76494427558254,483.75648470770426,487.0,482.6666666666667,0.11084225804213095,0.11084225804213095,0.5282275857930094,0.5282275857930094,HIGHER_COLLAPSE,2.3738872403560833,2.159090909090909
TRIPLE_ALL,auto_history_distance_m_mean,DISTANCE,1217,337,880,1190,97.78142974527528,1721.4111011379496,1693.2645050277033,1762.5,1707.142857142857,0.09671869709844608,0.09671869709844608,0.5280810819397816,0.5280810819397816,HIGHER_COLLAPSE,2.3738872403560833,2.159090909090909
TRIPLE_ALL,auto_history_last_3f_rolling_3_mean,PACE_TIME,1217,337,880,1190,97.78142974527528,35.428368794326246,35.223886953155244,36.03333333333333,35.75,0.04541662127268988,0.04541662127268988,0.527895745739915,0.527895745739915,HIGHER_COLLAPSE,2.3738872403560833,2.159090909090909
TRIPLE_ALL,auto_history_body_weight_ewma,WEIGHT_BODY,1217,337,880,1190,97.78142974527528,486.8441736053189,483.80423509285424,486.78125,483.125,0.11193630437117018,0.11193630437117018,0.5278692691399341,0.5278692691399341,HIGHER_COLLAPSE,2.3738872403560833,2.159090909090909
TRIPLE_ALL,timepace_fast_pace_starts,PACE_TIME,1217,337,880,1217,100.0,2.065281899109792,1.8363636363636364,1.0,1.0,0.11794461483555624,0.11794461483555624,0.5277970731049366,0.5277970731049366,HIGHER_COLLAPSE,0.0,0.0
TRIPLE_ALL,distx_recent_avg_distance_m,DISTANCE,1217,337,880,1190,97.78142974527528,1721.0461195350058,1693.0310655029843,1762.5,1707.142857142857,0.09637216620120474,0.09637216620120474,0.5276927584733946,0.5276927584733946,HIGHER_COLLAPSE,2.3738872403560833,2.159090909090909
TRIPLE_ALL,ped_sire_distance_band_avg_margin_lengths,DISTANCE,1217,337,880,1213,99.67132292522597,2.0479193743173907,2.016151355941469,2.0104477611940297,1.9960181328105855,0.09113354147963036,0.09113354147963036,0.5276867371570394,0.5276867371570394,HIGHER_COLLAPSE,0.5934718100890208,0.22727272727272727
TRIPLE_ALL,auto_history_body_weight_max,WEIGHT_BODY,1217,337,880,1190,97.78142974527528,491.580547112462,488.3368176538908,490.0,488.0,0.11716849666895217,0.11716849666895217,0.5276839329400675,0.5276839329400675,HIGHER_COLLAPSE,2.3738872403560833,2.159090909090909
TRIPLE_ALL,auto_history_body_weight_rolling_2_mean,WEIGHT_BODY,1217,337,880,1190,97.78142974527528,487.08814589665656,484.0963995354239,487.0,484.0,0.10938394519183647,0.10938394519183647,0.5276804027267368,0.5276804027267368,HIGHER_COLLAPSE,2.3738872403560833,2.159090909090909
TRIPLE_ALL,auto_margin_gap_within_400m_trend,HISTORY_FRAGILITY,1217,337,880,808,66.39276910435498,0.002503584123527746,-0.04760283984338212,0.0,-0.00913937547600914,0.04960405389113126,0.04960405389113126,0.5276571673189824,0.5276571673189824,HIGHER_COLLAPSE,33.531157270029674,33.63636363636363
TRIPLE_ALL,recent_avg_speed_mps,HISTORY_FRAGILITY,1217,337,880,1190,97.78142974527528,16.362625283137977,16.40102463946163,16.388471285255637,16.43860226966494,-0.07773038482182325,0.07773038482182325,0.4723460738732442,0.5276539261267559,LOWER_COLLAPSE,2.3738872403560833,2.159090909090909
TRIPLE_ALL,auto_history_speed_mps_median,HISTORY_FRAGILITY,1217,337,880,1190,97.78142974527528,16.378604265465672,16.422720401781195,16.40096079101182,16.46090534979424,-0.09834310052112152,0.09834310052112152,0.4724996381531336,0.5275003618468663,LOWER_COLLAPSE,2.3738872403560833,2.159090909090909
TRIPLE_ALL,auto_history_margin_lengths_gap_to_best,HISTORY_FRAGILITY,1217,337,880,1085,89.15365653245686,0.8195364238410596,0.7231800766283525,0.25,0.0,0.07550288469484012,0.07550288469484012,0.5274119746602048,0.5274119746602048,HIGHER_COLLAPSE,10.385756676557865,11.022727272727273
TRIPLE_ALL,auto_history_distance_m_max,DISTANCE,1217,337,880,1190,97.78142974527528,1928.5106382978724,1886.2717770034844,1800.0,1800.0,0.09886140710151994,0.09886140710151994,0.5274050460869351,0.5274050460869351,HIGHER_COLLAPSE,2.3738872403560833,2.159090909090909
TRIPLE_ALL,auto_field_recent_win_rate_rank,FIELD_OPPONENT,1217,337,880,1190,97.78142974527528,1.8267477203647415,1.6968641114982579,1.0,1.0,0.0854458366051607,0.0854458366051607,0.5273626835269656,0.5273626835269656,HIGHER_COLLAPSE,2.3738872403560833,2.159090909090909
TRIPLE_ALL,ped_damsire_race_class_effective_avg_margin_lengths,HISTORY_FRAGILITY,1217,337,880,1217,100.0,1.9693156156034124,1.9898648680034559,1.9421220602800264,1.9797195709117914,-0.08331664739703536,0.08331664739703536,0.47263960075532774,0.5273603992446723,LOWER_COLLAPSE,0.0,0.0
TRIPLE_ALL,auto_history_speed_mps_rolling_5_mean,HISTORY_FRAGILITY,1217,337,880,1190,97.78142974527528,16.3631954686995,16.401412341170094,16.388471285255637,16.43860226966494,-0.07748707920698522,0.07748707920698522,0.4726567326463538,0.5273432673536462,LOWER_COLLAPSE,2.3738872403560833,2.159090909090909
TRIPLE_ALL,auto_history_body_weight_rolling_5_mean,WEIGHT_BODY,1217,337,880,1190,97.78142974527528,486.14407294832836,483.1263646922183,486.6666666666667,482.0,0.11160751236583871,0.11160751236583871,0.5272867839403536,0.5272867839403536,HIGHER_COLLAPSE,2.3738872403560833,2.159090909090909
TRIPLE_ALL,auto_history_distance_m_rolling_5_mean,DISTANCE,1217,337,880,1190,97.78142974527528,1742.207700101317,1713.9225706542782,1760.0,1720.0,0.07896397695654012,0.07896397695654012,0.5271279243404678,0.5271279243404678,HIGHER_COLLAPSE,2.3738872403560833,2.159090909090909
TRIPLE_ALL,auto_pair_body_weight_vs_recent_mean_diff,WEIGHT_BODY,1217,337,880,1190,97.78142974527528,3.8522944059912265,3.035868197632095,3.2000000000000455,2.5,0.11654272743337603,0.11654272743337603,0.527101447740487,0.527101447740487,HIGHER_COLLAPSE,2.3738872403560833,2.159090909090909
TRIPLE_ALL,ped_sire_venue_win_rate,RACE_CONDITION,1217,337,880,1198,98.43878389482333,0.09289405831524082,0.09943597493557131,0.08578057673185283,0.08990756313477008,-0.07482977428242876,0.07482977428242876,0.4733280697849133,0.5266719302150866,LOWER_COLLAPSE,1.483679525222552,1.5909090909090908
TRIPLE_ALL,auto_margin_gap_within_300m_median,HISTORY_FRAGILITY,1217,337,880,1012,83.15529991783073,1.758421985815603,1.648458904109589,1.5,1.375,0.10314576399754796,0.10314576399754796,0.5266588943942485,0.5266588943942485,HIGHER_COLLAPSE,16.320474777448073,17.045454545454543
TRIPLE_ALL,auto_history_body_weight_median,WEIGHT_BODY,1217,337,880,1190,97.78142974527528,485.14285714285717,482.2833914053426,484.0,482.0,0.10601629797797553,0.10601629797797553,0.526566620420872,0.526566620420872,HIGHER_COLLAPSE,2.3738872403560833,2.159090909090909
TRIPLE_ALL,auto_history_last_3f_min,PACE_TIME,1217,337,880,1190,97.78142974527528,34.13586626139818,33.96829268292683,34.7,34.6,0.03483252821766142,0.03483252821766142,0.5265366136075603,0.5265366136075603,HIGHER_COLLAPSE,2.3738872403560833,2.159090909090909
TRIPLE_ALL,opponent_history_max_field_elo,FIELD_OPPONENT,1217,337,880,1190,97.78142974527528,1560.8726245281916,1557.574589134625,1555.3346524202304,1548.1465174281036,0.0793833648094884,0.0793833648094884,0.5265083719009139,0.5265083719009139,HIGHER_COLLAPSE,2.3738872403560833,2.159090909090909
TRIPLE_ALL,auto_history_body_weight_mean,WEIGHT_BODY,1217,337,880,1190,97.78142974527528,485.10211288884153,482.2602990497547,483.6666666666667,482.0,0.1059013624244516,0.1059013624244516,0.5264501233809559,0.5264501233809559,HIGHER_COLLAPSE,2.3738872403560833,2.159090909090909
TRIPLE_ALL,timepace_recent_avg_normalized_last3f,PACE_TIME,1217,337,880,1190,97.78142974527528,0.4421650544500388,0.487428599080847,0.4338064441687068,0.49136539128846846,-0.09505167235365193,0.09505167235365193,0.473687554938945,0.526312445061055,LOWER_COLLAPSE,2.3738872403560833,2.159090909090909
TRIPLE_ALL,auto_history_distance_m_rolling_3_mean,DISTANCE,1217,337,880,1190,97.78142974527528,1751.823708206687,1720.6349206349205,1766.6666666666667,1733.3333333333333,0.07938927399511954,0.07938927399511954,0.5261818271678157,0.5261818271678157,HIGHER_COLLAPSE,2.3738872403560833,2.159090909090909
TRIPLE_ALL,auto_margin_gap_same_going_mean,HISTORY_FRAGILITY,1217,337,880,871,71.56943303204602,1.6174565853647485,1.6936098313294798,1.375,1.5,-0.0763448981319324,0.0763448981319324,0.47389971963226185,0.5261002803677381,LOWER_COLLAPSE,27.299703264094955,28.863636363636363
TRIPLE_ALL,auto_pair_body_weight_vs_recent_mean_normalized_diff,WEIGHT_BODY,1217,337,880,1190,97.78142974527528,0.0038899425427470153,0.003107791549108477,0.00331674958540629,0.002506265664160377,0.10888532477083014,0.10888532477083014,0.5259382424479911,0.5259382424479911,HIGHER_COLLAPSE,2.3738872403560833,2.159090909090909
TRIPLE_ALL,auto_pair_body_weight_vs_recent_mean_ratio,WEIGHT_BODY,1217,337,880,1190,97.78142974527528,1.007923523668043,1.0063359455415357,1.0066555740432612,1.0050251256281406,0.10943189975899925,0.10943189975899925,0.5259364773413258,0.5259364773413258,HIGHER_COLLAPSE,2.3738872403560833,2.159090909090909
TRIPLE_ALL,backfill_designated,OTHER,1217,337,880,1217,100.0,0.6676557863501483,0.7193181818181819,1.0,1.0,-0.11333807123669616,0.11333807123669616,0.4741688022659833,0.5258311977340167,LOWER_COLLAPSE,0.0,0.0
TRIPLE_ALL,auto_margin_gap_same_direction_observations,HISTORY_FRAGILITY,1217,337,880,1217,100.0,1.9792284866468843,1.7613636363636365,1.0,1.0,0.11505207016709039,0.11505207016709039,0.5258177097383329,0.5258177097383329,HIGHER_COLLAPSE,0.0,0.0
TRIPLE_ALL,ped_sire_going_starts,OTHER,1217,337,880,1217,100.0,1812.994065281899,1718.6909090909091,862.0,832.5,0.04691691354194834,0.04691691354194834,0.5258126517399514,0.5258126517399514,HIGHER_COLLAPSE,0.0,0.0
TRIPLE_ALL,ped_sire_going_win_observations,OTHER,1217,337,880,1217,100.0,1812.994065281899,1718.6909090909091,862.0,832.5,0.04691691354194834,0.04691691354194834,0.5258126517399514,0.5258126517399514,HIGHER_COLLAPSE,0.0,0.0
TRIPLE_ALL,ped_sire_going_top3_observations,OTHER,1217,337,880,1217,100.0,1812.994065281899,1718.6909090909091,862.0,832.5,0.04691691354194834,0.04691691354194834,0.5258126517399514,0.5258126517399514,HIGHER_COLLAPSE,0.0,0.0
TRIPLE_ALL,auto_history_last_3f_ewma,PACE_TIME,1217,337,880,1190,97.78142974527528,35.39131957868674,35.21176701212317,36.0078125,35.8,0.04072707254725909,0.04072707254725909,0.5257705573147785,0.5257705573147785,HIGHER_COLLAPSE,2.3738872403560833,2.159090909090909
TRIPLE_ALL,auto_field_recent_win_rate_gap_to_top3_mean,FIELD_OPPONENT,1217,337,880,1190,97.78142974527528,-0.020060790273556228,-0.011633759194734802,0.0,0.0,-0.06536167359452287,0.06536167359452287,0.47431946312515666,0.5256805368748434,LOWER_COLLAPSE,2.3738872403560833,2.159090909090909
TRIPLE_ALL,auto_field_recent_win_rate_gap_to_best,FIELD_OPPONENT,1217,337,880,1190,97.78142974527528,-0.08373860182370821,-0.07119628339140534,0.0,0.0,-0.08581036235743958,0.08581036235743958,0.47432122823182205,0.5256787717681779,LOWER_COLLAPSE,2.3738872403560833,2.159090909090909
TRIPLE_ALL,auto_history_distance_m_recency_weighted_mean,DISTANCE,1217,337,880,1190,97.78142974527528,1730.9450671980292,1701.3547039528717,1766.6666666666667,1727.2727272727273,0.09104413913212157,0.09104413913212157,0.5256187581415545,0.5256187581415545,HIGHER_COLLAPSE,2.3738872403560833,2.159090909090909
TRIPLE_ALL,auto_margin_gap_same_weight_rule_median,WEIGHT_BODY,1217,337,880,840,69.02218570254725,1.6789529914529915,1.6268564356435644,1.5,1.375,0.04911129562301258,0.04911129562301258,0.5256057657047756,0.5256057657047756,HIGHER_COLLAPSE,30.56379821958457,31.136363636363633
TRIPLE_ALL,auto_history_distance_m_min,DISTANCE,1217,337,880,1190,97.78142974527528,1565.9574468085107,1540.3135888501743,1600.0,1600.0,0.09465465131667052,0.09465465131667052,0.5255375632349463,0.5255375632349463,HIGHER_COLLAPSE,2.3738872403560833,2.159090909090909
TRIPLE_ALL,network_field_elo_spread,FIELD_OPPONENT,1217,337,880,1217,100.0,76.10328494081391,73.36853621693362,75.9221500167796,69.40617552260687,0.07090582660056584,0.07090582660056584,0.5254417318586458,0.5254417318586458,HIGHER_COLLAPSE,0.0,0.0
TRIPLE_ALL,opponent_current_field_elo_spread,FIELD_OPPONENT,1217,337,880,1217,100.0,76.10328494081391,73.36853621693362,75.9221500167796,69.40617552260687,0.07090582660056584,0.07090582660056584,0.5254417318586458,0.5254417318586458,HIGHER_COLLAPSE,0.0,0.0
TRIPLE_ALL,auto_margin_gap_within_300m_trend,HISTORY_FRAGILITY,1217,337,880,731,60.0657354149548,-0.01646312100369236,-0.05347430432860277,0.0,-0.03571428571428571,0.033586518095488856,0.033586518095488856,0.5252484605738457,0.5252484605738457,HIGHER_COLLAPSE,40.0593471810089,39.88636363636363
TRIPLE_ALL,auto_field_recent_win_rate_percentile,FIELD_OPPONENT,1217,337,880,1190,97.78142974527528,0.928410037327434,0.936103647307275,1.0,1.0,-0.05666651761080755,0.05666651761080755,0.47478192107149036,0.5252180789285097,LOWER_COLLAPSE,2.3738872403560833,2.159090909090909
TRIPLE_ALL,auto_history_margin_lengths_gap_to_worst,HISTORY_FRAGILITY,1217,337,880,1085,89.15365653245686,-1.1001655629139073,-1.2407407407407407,-0.25,-0.5,0.0808889217795509,0.0808889217795509,0.5252086980792164,0.5252086980792164,HIGHER_COLLAPSE,10.385756676557865,11.022727272727273
TRIPLE_ALL,opponent_strong_opponents_faced,FIELD_OPPONENT,1217,337,880,1217,100.0,19.673590504451038,17.222727272727273,8.0,6.0,0.09794483575165935,0.09794483575165935,0.5250691259778797,0.5250691259778797,HIGHER_COLLAPSE,0.0,0.0
TRIPLE_ALL,auto_history_carried_weight_stddev,WEIGHT_BODY,1217,337,880,1190,97.78142974527528,0.7144758614423279,0.666795409368715,0.7284313590846836,0.6959705453537527,0.0838860537070726,0.0838860537070726,0.5249197759020577,0.5249197759020577,HIGHER_COLLAPSE,2.3738872403560833,2.159090909090909
TRIPLE_ALL,backfill_field_size,FIELD_OPPONENT,1217,337,880,1217,100.0,13.228486646884273,12.864772727272728,14.0,13.0,0.11779121233268988,0.11779121233268988,0.5249190720258969,0.5249190720258969,HIGHER_COLLAPSE,0.0,0.0
TRIPLE_ALL,auto_field_network_elo_rating_field_count,FIELD_OPPONENT,1217,337,880,1217,100.0,13.228486646884273,12.864772727272728,14.0,13.0,0.11779121233268988,0.11779121233268988,0.5249190720258969,0.5249190720258969,HIGHER_COLLAPSE,0.0,0.0
TRIPLE_ALL,auto_history_carried_weight_variance,WEIGHT_BODY,1217,337,880,1190,97.78142974527528,0.8344666865360278,0.7665884545669548,0.5306122448979592,0.484375,0.061610508064241516,0.061610508064241516,0.5248421112087803,0.5248421112087803,HIGHER_COLLAPSE,2.3738872403560833,2.159090909090909
TRIPLE_ALL,opponent_strong_opponents_beaten,FIELD_OPPONENT,1217,337,880,1217,100.0,13.27299703264095,11.776136363636363,5.0,4.0,0.08563598543379607,0.08563598543379607,0.5247690180739142,0.5247690180739142,HIGHER_COLLAPSE,0.0,0.0
TRIPLE_ALL,style_previous_last_position,STYLE_POSITION,1217,337,880,1190,97.78142974527528,3.74468085106383,3.8850174216027873,3.0,3.0,-0.04998554559907696,0.04998554559907696,0.47525496965781644,0.5247450303421836,LOWER_COLLAPSE,2.3738872403560833,2.159090909090909
TRIPLE_ALL,auto_history_speed_mps_recency_weighted_mean,WEIGHT_BODY,1217,337,880,1190,97.78142974527528,16.386752437247623,16.425813693497574,16.410314118532682,16.45905734960553,-0.08493690122458646,0.08493690122458646,0.47529380200445515,0.5247061979955449,LOWER_COLLAPSE,2.3738872403560833,2.159090909090909
TRIPLE_ALL,auto_history_distance_m_median,DISTANCE,1217,337,880,1190,97.78142974527528,1709.437689969605,1681.2485481997678,1800.0,1700.0,0.09313856017531702,0.09313856017531702,0.52466207032891,0.52466207032891,HIGHER_COLLAPSE,2.3738872403560833,2.159090909090909
TRIPLE_ALL,ped_sire_going_effective_starts,OTHER,1217,337,880,1217,100.0,1813.0771513353116,2062.9625,862.0,836.5,-0.028193844977269514,0.028193844977269514,0.5245987321284057,0.5245987321284057,LOWER_COLLAPSE,0.0,0.0
TRIPLE_ALL,ped_sire_going_margin_observations,HISTORY_FRAGILITY,1217,337,880,1217,100.0,979.3738872403561,946.2829545454546,511.0,482.0,0.03234749014396876,0.03234749014396876,0.5245026301591583,0.5245026301591583,HIGHER_COLLAPSE,0.0,0.0
TRIPLE_ALL,auto_history_carried_weight_coefficient_of_variation,WEIGHT_BODY,1217,337,880,1190,97.78142974527528,0.01283204821248868,0.011974686491436362,0.012876311903012085,0.012405382126079782,0.08414997856366938,0.08414997856366938,0.5244784992357088,0.5244784992357088,HIGHER_COLLAPSE,2.3738872403560833,2.159090909090909
TRIPLE_ALL,auto_margin_gap_same_going_median,HISTORY_FRAGILITY,1217,337,880,871,71.56943303204602,1.5107142857142857,1.5858626198083068,1.25,1.25,-0.07568516686726375,0.07568516686726375,0.47572210993023406,0.524277890069766,LOWER_COLLAPSE,27.299703264094955,28.863636363636363
TRIPLE_ALL,actor_trainer_recent_effective_win_rate,ACTOR,1217,337,880,1217,100.0,0.09435073145059587,0.09367460881086233,0.08916611074049367,0.0891612173947332,0.015402090364378533,0.015402090364378533,0.5239951443215538,0.5239951443215538,HIGHER_COLLAPSE,0.0,0.0
TRIPLE_ALL,auto_history_carried_weight_previous_delta,WEIGHT_BODY,1217,337,880,1066,87.5924404272802,0.19732441471571907,0.0788787483702738,0.0,0.0,0.09926753196804065,0.09926753196804065,0.5239673313478653,0.5239673313478653,HIGHER_COLLAPSE,11.275964391691394,12.840909090909092
TRIPLE_ALL,auto_history_body_weight_previous_delta,WEIGHT_BODY,1217,337,880,1066,87.5924404272802,1.7123745819397993,0.9830508474576272,0.0,0.0,0.11708750870764449,0.11708750870764449,0.5236620983460731,0.5236620983460731,HIGHER_COLLAPSE,11.275964391691394,12.840909090909092
TRIPLE_ALL,ped_sire_race_class_effective_avg_margin_lengths,HISTORY_FRAGILITY,1217,337,880,1217,100.0,1.9556277684692955,1.977531900281159,1.945467833762091,2.009658846550437,-0.08844969777706993,0.08844969777706993,0.47636228756406795,0.523637712435932,LOWER_COLLAPSE,0.0,0.0
TRIPLE_ALL,ped_sire_surface_effective_top3_rate,RACE_CONDITION,1217,337,880,1217,100.0,0.2529466988731651,0.25707598215387983,0.2504277124389313,0.2598169967742854,-0.07940268078064668,0.07940268078064668,0.4763757755597518,0.5236242244402483,LOWER_COLLAPSE,0.0,0.0
TRIPLE_ALL,auto_field_recent_win_rate_gap_to_top2_mean,FIELD_OPPONENT,1217,337,880,1190,97.78142974527528,-0.04789766970618034,-0.03671118854045683,0.0,0.0,-0.0855123567384767,0.0855123567384767,0.47662292732349815,0.5233770726765019,LOWER_COLLAPSE,2.3738872403560833,2.159090909090909
TRIPLE_ALL,opponent_history_avg_opponent_win_rate,FIELD_OPPONENT,1217,337,880,1079,88.6606409202958,0.12850625769618268,0.11683663488230155,0.07458837411238824,0.07738560411051995,0.08282898857412632,0.08282898857412632,0.5233277193698751,0.5233277193698751,HIGHER_COLLAPSE,10.089020771513352,11.818181818181818
TRIPLE_ALL,ped_sire_going_effective_margin_observations,HISTORY_FRAGILITY,1217,337,880,1217,100.0,979.4243323442137,1124.2965909090908,511.0,484.0,-0.03165037028850111,0.03165037028850111,0.5233089425411384,0.5233089425411384,LOWER_COLLAPSE,0.0,0.0
TRIPLE_ALL,auto_history_body_weight_stddev,WEIGHT_BODY,1217,337,880,1190,97.78142974527528,4.416772661424381,4.193379318680003,4.10077145554495,4.0,0.07505100335005059,0.07505100335005059,0.523221743289947,0.523221743289947,HIGHER_COLLAPSE,2.3738872403560833,2.159090909090909
TRIPLE_ALL,opponent_history_avg_field_elo,FIELD_OPPONENT,1217,337,880,1190,97.78142974527528,1510.7693922641806,1509.4435866930821,1506.4570297501716,1505.048549098952,0.09895434796540827,0.09895434796540827,0.52321291775662,0.52321291775662,HIGHER_COLLAPSE,2.3738872403560833,2.159090909090909
TRIPLE_ALL,timepace_slow_pace_avg_performance_score,PACE_TIME,1217,337,880,909,74.69186524239934,0.19339510548233899,0.22550261432241175,0.20360845501149039,0.26553612576251484,-0.06038784152567577,0.06038784152567577,0.4767992250058247,0.5232007749941753,LOWER_COLLAPSE,27.002967359050444,24.659090909090907
TRIPLE_ALL,auto_history_body_weight_variance,WEIGHT_BODY,1217,337,880,1190,97.78142974527528,28.301506879951916,26.449035162508068,16.816326530612248,16.0,0.05270678788973239,0.05270678788973239,0.5231864411566391,0.5231864411566391,HIGHER_COLLAPSE,2.3738872403560833,2.159090909090909
TRIPLE_ALL,auto_history_speed_mps_coefficient_of_variation,HISTORY_FRAGILITY,1217,337,880,1190,97.78142974527528,0.016624175149080024,0.015977832277960315,0.015591589560554548,0.015564274855348566,0.05617031860415622,0.05617031860415622,0.5231140717833579,0.5231140717833579,HIGHER_COLLAPSE,2.3738872403560833,2.159090909090909
TRIPLE_ALL,auto_history_margin_lengths_linear_trend,HISTORY_FRAGILITY,1217,337,880,858,70.5012325390304,0.03888700385730219,-0.04054919646908392,0.0008561643835616408,0.0,0.09480998551562468,0.09480998551562468,0.5229258155847125,0.5229258155847125,HIGHER_COLLAPSE,28.486646884272997,29.88636363636364
TRIPLE_ALL,ped_sire_all_starts,OTHER,1217,337,880,1217,100.0,3140.492581602374,3033.2204545454547,1880.0,1787.0,0.036069761184954564,0.036069761184954564,0.5228318046938225,0.5228318046938225,HIGHER_COLLAPSE,0.0,0.0
TRIPLE_ALL,ped_sire_all_win_observations,OTHER,1217,337,880,1217,100.0,3140.492581602374,3033.2204545454547,1880.0,1787.0,0.036069761184954564,0.036069761184954564,0.5228318046938225,0.5228318046938225,HIGHER_COLLAPSE,0.0,0.0
TRIPLE_ALL,ped_sire_all_top3_observations,OTHER,1217,337,880,1217,100.0,3140.492581602374,3033.2204545454547,1880.0,1787.0,0.036069761184954564,0.036069761184954564,0.5228318046938225,0.5228318046938225,HIGHER_COLLAPSE,0.0,0.0
TRIPLE_ALL,timepace_fast_pace_avg_performance_score,PACE_TIME,1217,337,880,841,69.10435497124075,0.5300245595701921,0.583642324789527,0.6268009302582789,0.6464846212619394,-0.0956264406283851,0.0956264406283851,0.47718386023294507,0.522816139767055,LOWER_COLLAPSE,28.783382789317507,31.704545454545453
TRIPLE_ALL,ped_sire_all_top3_rate,OTHER,1217,337,880,1216,99.9178307313065,0.2577789495092223,0.2623017142572528,0.25150501672240805,0.2557651991614256,-0.056829907973876756,0.056829907973876756,0.47718779433062253,0.5228122056693775,LOWER_COLLAPSE,0.0,0.11363636363636363
TRIPLE_ALL,ped_damsire_surface_effective_avg_margin_lengths,RACE_CONDITION,1217,337,880,1217,100.0,2.001223465082353,1.9823914076296374,2.0042827368201457,1.9508465688347103,0.07748816441348276,0.07748816441348276,0.5226935527380632,0.5226935527380632,HIGHER_COLLAPSE,0.0,0.0
TRIPLE_ALL,auto_field_recent_avg_speed_mps_gap_to_top3_mean,FIELD_OPPONENT,1217,337,880,1190,97.78142974527528,-0.2521886772676323,-0.24213528443570168,-0.22703110763588796,-0.19653219577619296,-0.034926430907778847,0.034926430907778847,0.4773554465896374,0.5226445534103625,LOWER_COLLAPSE,2.3738872403560833,2.159090909090909
TRIPLE_ALL,auto_history_body_weight_min,WEIGHT_BODY,1217,337,880,1190,97.78142974527528,478.69908814589667,476.16957026713123,478.0,476.0,0.09455973625478542,0.09455973625478542,0.5226410231970318,0.5226410231970318,HIGHER_COLLAPSE,2.3738872403560833,2.159090909090909
TRIPLE_ALL,auto_margin_gap_within_200m_median,HISTORY_FRAGILITY,1217,337,880,1002,82.33360723089564,1.7553956834532374,1.6629834254143647,1.5,1.375,0.0835727214343763,0.0835727214343763,0.5226037402122501,0.5226037402122501,HIGHER_COLLAPSE,17.50741839762611,17.727272727272727
TRIPLE_ALL,auto_margin_gap_same_course_layout_trend,RACE_CONDITION,1217,337,880,844,69.35086277732128,0.026384582818082515,-0.04279321913650754,0.0,0.0,0.08136452488299684,0.08136452488299684,0.5222701549955397,0.5222701549955397,HIGHER_COLLAPSE,29.970326409495552,30.909090909090907
TRIPLE_ALL,auto_history_speed_mps_stddev,HISTORY_FRAGILITY,1217,337,880,1190,97.78142974527528,0.2718318914384754,0.26148397013298286,0.2567449390969124,0.2551746792200064,0.05525974602410602,0.05525974602410602,0.522213867384006,0.522213867384006,HIGHER_COLLAPSE,2.3738872403560833,2.159090909090909
TRIPLE_ALL,auto_history_speed_mps_variance,HISTORY_FRAGILITY,1217,337,880,1190,97.78142974527528,0.10675760408730386,0.10419968398528445,0.06591796375187724,0.06511411691503319,0.015860151256111576,0.015860151256111576,0.522213867384006,0.522213867384006,HIGHER_COLLAPSE,2.3738872403560833,2.159090909090909
TRIPLE_ALL,auto_margin_gap_within_300m_starts,HISTORY_FRAGILITY,1217,337,880,1217,100.0,4.771513353115727,4.382954545454545,4.0,4.0,0.11765620075297614,0.11765620075297614,0.5221371729161046,0.5221371729161046,HIGHER_COLLAPSE,0.0,0.0
TRIPLE_ALL,ped_sire_distance_band_win_rate,DISTANCE,1217,337,880,1214,99.75349219391948,0.09399517909437245,0.09742067849233822,0.09090909090909091,0.0925438596491228,-0.06592052772054845,0.06592052772054845,0.4782775542084798,0.5217224457915202,LOWER_COLLAPSE,0.5934718100890208,0.11363636363636363
TRIPLE_ALL,ped_sire_all_effective_starts,OTHER,1217,337,880,1217,100.0,3140.492581602374,3377.2988636363634,1880.0,1800.5,-0.026039184304228854,0.026039184304228854,0.5216954410574589,0.5216954410574589,LOWER_COLLAPSE,0.0,0.0
TRIPLE_ALL,ped_sire_course_layout_top3_rate,RACE_CONDITION,1217,337,880,1215,99.83566146261298,0.2600820128887856,0.2633698627567183,0.25245901639344265,0.25697486672270464,-0.03905268469655487,0.03905268469655487,0.4783582190438209,0.5216417809561791,LOWER_COLLAPSE,0.0,0.22727272727272727
TRIPLE_ALL,lap_recent_avg_delta_last3_first3,PACE_TIME,1217,337,880,1181,97.04190632703369,0.23278176638176637,0.18967791932453146,0.21666666666666634,0.19537037037036978,0.06509050300411695,0.06509050300411695,0.5216139468008627,0.5216139468008627,HIGHER_COLLAPSE,3.5608308605341246,2.727272727272727
TRIPLE_ALL,auto_field_recent_win_rate_zscore,FIELD_OPPONENT,1217,337,880,1190,97.78142974527528,0.6693483355418576,0.6081717214476424,0.1568125120467949,0.0,0.061504523539636216,0.061504523539636216,0.52151841535784,0.52151841535784,HIGHER_COLLAPSE,2.3738872403560833,2.159090909090909
TRIPLE_ALL,ped_sire_race_class_avg_margin_lengths,HISTORY_FRAGILITY,1217,337,880,1181,97.04190632703369,1.9409307630098098,1.9562829869732359,1.9342255125284737,2.0,-0.03505679561435046,0.03505679561435046,0.47853060610618137,0.5214693938938186,LOWER_COLLAPSE,2.967359050445104,2.9545454545454546
TRIPLE_ALL,ped_sire_surface_win_rate,RACE_CONDITION,1217,337,880,1216,99.9178307313065,0.095211342521143,0.09809350585044756,0.09018567639257294,0.09161793372319688,-0.058524754907898775,0.058524754907898775,0.4785465679572484,0.5214534320427515,LOWER_COLLAPSE,0.0,0.11363636363636363
TRIPLE_ALL,actor_jockey_distance_band_effective_starts,DISTANCE,1217,337,880,1217,100.0,1132.5578635014838,1524.394318181818,1241.0,1269.5,-0.0455244965866534,0.0455244965866534,0.4785540868626922,0.5214459131373078,LOWER_COLLAPSE,0.0,0.0
TRIPLE_ALL,auto_field_recent_avg_speed_mps_gap_to_top2_mean,FIELD_OPPONENT,1217,337,880,1190,97.78142974527528,-0.31134127157392677,-0.3031634026807318,-0.2757669919314196,-0.24661926898232522,-0.026967131219956374,0.026967131219956374,0.4785804306154221,0.5214195693845779,LOWER_COLLAPSE,2.3738872403560833,2.159090909090909
TRIPLE_ALL,auto_history_last_3f_last,PACE_TIME,1217,337,880,1190,97.78142974527528,35.17051671732522,35.00325203252033,35.9,35.7,0.03283262506184536,0.03283262506184536,0.5213807370379392,0.5213807370379392,HIGHER_COLLAPSE,2.3738872403560833,2.159090909090909
TRIPLE_ALL,timepace_fast_pace_top3_rate,PACE_TIME,1217,337,880,841,69.10435497124075,0.6000661375661376,0.6223985157013443,0.6,0.6666666666666666,-0.06251668726288084,0.06251668726288084,0.4786328341652801,0.5213671658347199,LOWER_COLLAPSE,28.783382789317507,31.704545454545453
TRIPLE_ALL,ped_damsire_race_class_avg_margin_lengths,HISTORY_FRAGILITY,1217,337,880,1181,97.04190632703369,1.983045271369502,1.962510120539967,1.9240958466214497,1.975765306122449,0.04104035438489231,0.04104035438489231,0.4787518386969469,0.5212481613030531,HIGHER_COLLAPSE,3.2640949554896146,2.840909090909091
TRIPLE_ALL,auto_history_body_weight_coefficient_of_variation,WEIGHT_BODY,1217,337,880,1190,97.78142974527528,0.00908831488671637,0.008678014126371918,0.008534468704616265,0.008158634199225152,0.06731536426584672,0.06731536426584672,0.5211812799847495,0.5211812799847495,HIGHER_COLLAPSE,2.3738872403560833,2.159090909090909
TRIPLE_ALL,auto_history_last_3f_stddev,PACE_TIME,1217,337,880,1190,97.78142974527528,1.2935632911216015,1.2670826645862512,0.9537295214053082,0.8785641695402778,0.014326697793607178,0.014326697793607178,0.5209235744116016,0.5209235744116016,HIGHER_COLLAPSE,2.3738872403560833,2.159090909090909
TRIPLE_ALL,auto_history_last_3f_variance,PACE_TIME,1217,337,880,1190,97.78142974527528,5.056363873377072,5.0266553096739335,0.9095999999999982,0.7718749999999981,0.0015086851321380115,0.0015086851321380115,0.5209218093049363,0.5209218093049363,HIGHER_COLLAPSE,2.3738872403560833,2.159090909090909
TRIPLE_ALL,auto_history_carried_weight_max,WEIGHT_BODY,1217,337,880,1190,97.78142974527528,56.55015197568389,56.437282229965156,57.0,57.0,0.08088995539945178,0.08088995539945178,0.5208723863183052,0.5208723863183052,HIGHER_COLLAPSE,2.3738872403560833,2.159090909090909
TRIPLE_ALL,auto_history_last_3f_previous_delta,PACE_TIME,1217,337,880,1066,87.5924404272802,-0.19063545150501685,-0.30182529335071695,-0.10000000000000142,-0.10000000000000142,0.04651744810569579,0.04651744810569579,0.5208604954367666,0.5208604954367666,HIGHER_COLLAPSE,11.275964391691394,12.840909090909092
TRIPLE_ALL,auto_history_distance_m_observation_count,DISTANCE,1217,337,880,1217,100.0,6.403560830860534,5.990909090909091,5.0,5.0,0.09019296348813331,0.09019296348813331,0.5205978554086863,0.5205978554086863,HIGHER_COLLAPSE,0.0,0.0
TRIPLE_ALL,auto_history_body_weight_observation_count,WEIGHT_BODY,1217,337,880,1217,100.0,6.403560830860534,5.990909090909091,5.0,5.0,0.09019296348813331,0.09019296348813331,0.5205978554086863,0.5205978554086863,HIGHER_COLLAPSE,0.0,0.0
TRIPLE_ALL,auto_history_carried_weight_observation_count,WEIGHT_BODY,1217,337,880,1217,100.0,6.403560830860534,5.990909090909091,5.0,5.0,0.09019296348813331,0.09019296348813331,0.5205978554086863,0.5205978554086863,HIGHER_COLLAPSE,0.0,0.0
TRIPLE_ALL,auto_history_speed_mps_ewma,HISTORY_FRAGILITY,1217,337,880,1190,97.78142974527528,16.38108215212401,16.412927809665067,16.433853738701725,16.455045687569722,-0.060010325904866435,0.060010325904866435,0.47943827245480447,0.5205617275451955,LOWER_COLLAPSE,2.3738872403560833,2.159090909090909
TRIPLE_ALL,actor_jockey_distance_band_starts,DISTANCE,1217,337,880,1217,100.0,1132.2106824925816,1183.0306818181818,1241.0,1264.0,-0.07199238383922488,0.07199238383922488,0.4795403965470731,0.520459603452927,LOWER_COLLAPSE,0.0,0.0
TRIPLE_ALL,actor_jockey_distance_band_win_observations,DISTANCE,1217,337,880,1217,100.0,1132.2106824925816,1183.0306818181818,1241.0,1264.0,-0.07199238383922488,0.07199238383922488,0.4795403965470731,0.520459603452927,LOWER_COLLAPSE,0.0,0.0
TRIPLE_ALL,actor_jockey_distance_band_top3_observations,DISTANCE,1217,337,880,1217,100.0,1132.2106824925816,1183.0306818181818,1241.0,1264.0,-0.07199238383922488,0.07199238383922488,0.4795403965470731,0.520459603452927,LOWER_COLLAPSE,0.0,0.0
TRIPLE_ALL,prior_starts,HISTORY_FRAGILITY,1217,337,880,1217,100.0,6.738872403560831,6.286363636363636,5.0,5.0,0.07830448493158593,0.07830448493158593,0.5204596034529269,0.5204596034529269,HIGHER_COLLAPSE,0.0,0.0
TRIPLE_ALL,ped_damsire_distance_band_effective_win_rate,DISTANCE,1217,337,880,1217,100.0,0.08691819206116679,0.08499060906330583,0.08171652135025274,0.07948701758334568,0.06677941188523213,0.06677941188523213,0.520452859455085,0.520452859455085,HIGHER_COLLAPSE,0.0,0.0
TRIPLE_ALL,ped_sire_surface_effective_win_rate,RACE_CONDITION,1217,337,880,1217,100.0,0.09019625504140488,0.09226211541706536,0.08968064655020257,0.09123964260170149,-0.07097655171726669,0.07097655171726669,0.47959603452926897,0.5204039654707311,LOWER_COLLAPSE,0.0,0.0
TRIPLE_ALL,actor_jockey_all_effective_starts,ACTOR,1217,337,880,1217,100.0,3349.261127596439,3780.681818181818,3726.0,3886.0,-0.049827711544108116,0.049827711544108116,0.4796466145130834,0.5203533854869167,LOWER_COLLAPSE,0.0,0.0
TRIPLE_ALL,ped_sire_all_margin_observations,HISTORY_FRAGILITY,1217,337,880,1217,100.0,1728.7507418397627,1690.4409090909091,1193.0,1103.5,0.025021090681384032,0.025021090681384032,0.5203483274885352,0.5203483274885352,HIGHER_COLLAPSE,0.0,0.0
TRIPLE_ALL,actor_trainer_distance_band_win_rate,DISTANCE,1217,337,880,1216,99.9178307313065,0.10408336349113448,0.10169655107006358,0.09937106918238994,0.0955223880597015,0.05780079248926004,0.05780079248926004,0.5203427822957705,0.5203427822957705,HIGHER_COLLAPSE,0.0,0.11363636363636363
TRIPLE_ALL,days_since_last_start,OTHER,1217,337,880,1190,97.78142974527528,57.60790273556231,50.57491289198606,35.0,36.0,0.15093131774181978,0.15093131774181978,0.5203075521853786,0.5203075521853786,HIGHER_COLLAPSE,2.3738872403560833,2.159090909090909
TRIPLE_ALL,previous_last_3f,PACE_TIME,1217,337,880,1189,97.69926047658176,35.16097560975609,35.00325203252033,35.9,35.7,0.030951685490668648,0.030951685490668648,0.5203021869068865,0.5203021869068865,HIGHER_COLLAPSE,2.6706231454005933,2.159090909090909
TRIPLE_ALL,auto_history_last_3f_observation_count,PACE_TIME,1217,337,880,1217,100.0,6.394658753709199,5.978409090909091,5.0,5.0,0.09147332835376006,0.09147332835376006,0.5201830995414082,0.5201830995414082,HIGHER_COLLAPSE,0.0,0.0
TRIPLE_ALL,auto_history_speed_mps_observation_count,HISTORY_FRAGILITY,1217,337,880,1217,100.0,6.394658753709199,5.978409090909091,5.0,5.0,0.09147332835376006,0.09147332835376006,0.5201830995414082,0.5201830995414082,HIGHER_COLLAPSE,0.0,0.0
TRIPLE_ALL,opponent_previous_avg_win_rate,FIELD_OPPONENT,1217,337,880,1190,97.78142974527528,0.11179804909960095,0.10318371852527536,0.08921813977296615,0.08333333333333333,0.09995159486358977,0.09995159486358977,0.5201416321588314,0.5201416321588314,HIGHER_COLLAPSE,2.3738872403560833,2.159090909090909
TRIPLE_ALL,auto_margin_gap_within_100m_success_observations,HISTORY_FRAGILITY,1217,337,880,1217,100.0,2.2403560830860534,2.014772727272727,2.0,1.0,0.10423801142708844,0.10423801142708844,0.5199976396007553,0.5199976396007553,HIGHER_COLLAPSE,0.0,0.0
TRIPLE_ALL,actor_trainer_distance_band_effective_win_rate,DISTANCE,1217,337,880,1217,100.0,0.10194158217384414,0.09969905557051607,0.09842184905397448,0.09399340575002908,0.05909450270689007,0.05909450270689007,0.5199774076072295,0.5199774076072295,HIGHER_COLLAPSE,0.0,0.0
TRIPLE_ALL,network_elo_starts,OTHER,1217,337,880,1217,100.0,6.72700296735905,6.2727272727272725,5.0,5.0,0.07928275377230935,0.07928275377230935,0.5199133396277313,0.5199133396277313,HIGHER_COLLAPSE,0.0,0.0
TRIPLE_ALL,ped_sire_venue_top3_rate,RACE_CONDITION,1217,337,880,1198,98.43878389482333,0.25952915418512434,0.27166185106208957,0.2522744189893309,0.2578176638707095,-0.100240515611012,0.100240515611012,0.4802895183505384,0.5197104816494615,LOWER_COLLAPSE,1.483679525222552,1.5909090909090908
TRIPLE_ALL,auto_history_speed_mps_rolling_3_mean,HISTORY_FRAGILITY,1217,337,880,1190,97.78142974527528,16.380147425534705,16.4087838377626,16.43901486972,16.46891314665401,-0.05305541105330212,0.05305541105330212,0.48029787940085217,0.5197021205991479,LOWER_COLLAPSE,2.3738872403560833,2.159090909090909
TRIPLE_ALL,ped_sire_course_layout_win_rate,RACE_CONDITION,1217,337,880,1215,99.83566146261298,0.0921042638732248,0.09391948032711228,0.08663594470046083,0.08795530246051358,-0.042594726945476044,0.042594726945476044,0.4803082944106852,0.5196917055893149,LOWER_COLLAPSE,0.0,0.22727272727272727
TRIPLE_ALL,auto_history_last_3f_coefficient_of_variation,PACE_TIME,1217,337,880,1190,97.78142974527528,0.03875980945007763,0.03759978874044105,0.02624944905617615,0.024838154267996997,0.017284670581088422,0.017284670581088422,0.5196615231458437,0.5196615231458437,HIGHER_COLLAPSE,2.3738872403560833,2.159090909090909
TRIPLE_ALL,ped_damsire_surface_effective_top3_rate,RACE_CONDITION,1217,337,880,1217,100.0,0.24610553558288506,0.25002226085827944,0.23253691258477194,0.23493119355488534,-0.07308102332932977,0.07308102332932977,0.4803783382789317,0.5196216617210683,LOWER_COLLAPSE,0.0,0.0
TRIPLE_ALL,style_previous_first_position,STYLE_POSITION,1217,337,880,1190,97.78142974527528,4.422492401215806,4.5737514518002325,3.0,4.0,-0.0472573438299767,0.0472573438299767,0.4804037858007759,0.5195962141992241,LOWER_COLLAPSE,2.3738872403560833,2.159090909090909
TRIPLE_ALL,auto_field_recent_win_rate_diff_mean,FIELD_OPPONENT,1217,337,880,1190,97.78142974527528,0.10514773476634286,0.09760344615006601,0.024999999999999967,0.0,0.04401167191794381,0.04401167191794381,0.5194973682259619,0.5194973682259619,HIGHER_COLLAPSE,2.3738872403560833,2.159090909090909
TRIPLE_ALL,timepace_recent_avg_normalized_late_pace,PACE_TIME,1217,337,880,1182,97.1240755957272,-0.027512949963253052,0.011121961398567524,-0.011196062703151427,0.027589745240680787,-0.060323312855361966,0.060323312855361966,0.4806929360021542,0.5193070639978459,LOWER_COLLAPSE,3.5608308605341246,2.6136363636363633
TRIPLE_ALL,actor_jockey_all_starts,ACTOR,1217,337,880,1217,100.0,3349.261127596439,3439.3579545454545,3726.0,3882.0,-0.057031019061159635,0.057031019061159635,0.480782978149447,0.519217021850553,LOWER_COLLAPSE,0.0,0.0
TRIPLE_ALL,actor_jockey_all_win_observations,ACTOR,1217,337,880,1217,100.0,3349.261127596439,3439.3579545454545,3726.0,3882.0,-0.057031019061159635,0.057031019061159635,0.480782978149447,0.519217021850553,LOWER_COLLAPSE,0.0,0.0
TRIPLE_ALL,actor_jockey_all_top3_observations,ACTOR,1217,337,880,1217,100.0,3349.261127596439,3439.3579545454545,3726.0,3882.0,-0.057031019061159635,0.057031019061159635,0.480782978149447,0.519217021850553,LOWER_COLLAPSE,0.0,0.0
TRIPLE_ALL,ped_sire_all_effective_margin_observations,HISTORY_FRAGILITY,1217,337,880,1217,100.0,1728.7507418397627,1868.3420454545455,1193.0,1104.5,-0.029722076693176683,0.029722076693176683,0.5192119638521716,0.5192119638521716,LOWER_COLLAPSE,0.0,0.0
TRIPLE_ALL,opponent_previous_known_count,FIELD_OPPONENT,1217,337,880,1217,100.0,12.204747774480712,12.503409090909091,13.0,13.0,-0.08691984116343246,0.08691984116343246,0.48092291610466686,0.5190770838953331,LOWER_COLLAPSE,0.0,0.0
TRIPLE_ALL,actor_trainer_recent_win_rate,ACTOR,1217,337,880,1217,100.0,0.10860534124629079,0.10744318181818183,0.1,0.1,0.015876932461852518,0.015876932461852518,0.5190585379012679,0.5190585379012679,HIGHER_COLLAPSE,0.0,0.0
TRIPLE_ALL,timepace_slow_pace_top3_rate,PACE_TIME,1217,337,880,909,74.69186524239934,0.6456639566395663,0.6757738993033111,0.75,1.0,-0.07630628794310663,0.07630628794310663,0.4809776943923285,0.5190223056076715,LOWER_COLLAPSE,27.002967359050444,24.659090909090907
TRIPLE_ALL,ped_sire_course_layout_effective_top3_rate,RACE_CONDITION,1217,337,880,1217,100.0,0.2496833824979882,0.2522494814196375,0.2500231323039277,0.2537612896037186,-0.054012403770204324,0.054012403770204324,0.4810527380631238,0.5189472619368762,LOWER_COLLAPSE,0.0,0.0
TRIPLE_ALL,lap_recent_races_measured,PACE_TIME,1217,337,880,1217,100.0,5.332344213649852,5.135227272727272,5.0,5.0,0.06586641204223105,0.06586641204223105,0.518921971944969,0.518921971944969,HIGHER_COLLAPSE,0.0,0.0
TRIPLE_ALL,ped_sire_all_win_rate,OTHER,1217,337,880,1216,99.9178307313065,0.09237390154178439,0.09386090528360565,0.08652148322542672,0.08719646799116998,-0.035673596775202376,0.035673596775202376,0.4810835080327996,0.5189164919672005,LOWER_COLLAPSE,0.0,0.11363636363636363
TRIPLE_ALL,style_recent_races_measured,STYLE_POSITION,1217,337,880,1217,100.0,5.540059347181009,5.336363636363636,5.0,5.0,0.06609435667671829,0.06609435667671829,0.5188393579714055,0.5188393579714055,HIGHER_COLLAPSE,0.0,0.0
TRIPLE_ALL,lap_previous_delta_last3_first3,PACE_TIME,1217,337,880,1181,97.04190632703369,0.3819487179487179,0.2807242990654206,0.2666666666666675,0.2666666666666657,0.11448720955738813,0.11448720955738813,0.518794033069734,0.518794033069734,HIGHER_COLLAPSE,3.5608308605341246,2.727272727272727
TRIPLE_ALL,opponent_recent_races_measured,FIELD_OPPONENT,1217,337,880,1217,100.0,5.540059347181009,5.338636363636364,5.0,5.0,0.06532111953550797,0.06532111953550797,0.5186117480442406,0.5186117480442406,HIGHER_COLLAPSE,0.0,0.0
TRIPLE_ALL,auto_history_margin_lengths_observation_count,HISTORY_FRAGILITY,1217,337,880,1217,100.0,3.6439169139465877,3.378409090909091,3.0,3.0,0.08735476617123153,0.08735476617123153,0.5183959401132991,0.5183959401132991,HIGHER_COLLAPSE,0.0,0.0
TRIPLE_ALL,auto_margin_gap_same_going_starts,HISTORY_FRAGILITY,1217,337,880,1217,100.0,3.7626112759643915,3.4829545454545454,3.0,3.0,0.0809279180749751,0.0809279180749751,0.5183487321284057,0.5183487321284057,HIGHER_COLLAPSE,0.0,0.0
TRIPLE_ALL,ped_sire_all_effective_top3_rate,OTHER,1217,337,880,1217,100.0,0.250445313597586,0.2527005379965596,0.2505331832032429,0.2529888230528442,-0.04762223900486577,0.04762223900486577,0.481678243862962,0.518321756137038,LOWER_COLLAPSE,0.0,0.0
TRIPLE_ALL,auto_margin_gap_within_300m_observations,HISTORY_FRAGILITY,1217,337,880,1217,100.0,2.6706231454005933,2.4488636363636362,2.0,2.0,0.09964128464327945,0.09964128464327945,0.5182964661451308,0.5182964661451308,HIGHER_COLLAPSE,0.0,0.0
TRIPLE_ALL,actor_trainer_surface_win_rate,ACTOR,1217,337,880,1217,100.0,0.10397916773367363,0.10072349859248696,0.09726775956284153,0.09378793350918786,0.07700504854019218,0.07700504854019218,0.5182779201510656,0.5182779201510656,HIGHER_COLLAPSE,0.0,0.0
TRIPLE_ALL,ped_sire_distance_band_top3_rate,DISTANCE,1217,337,880,1214,99.75349219391948,0.2624232135552495,0.27210242521995104,0.2569593147751606,0.26127912741695586,-0.10249645289200222,0.10249645289200222,0.48173127536379534,0.5182687246362047,LOWER_COLLAPSE,0.5934718100890208,0.11363636363636363
TRIPLE_ALL,ped_damsire_venue_win_rate,RACE_CONDITION,1217,337,880,1195,98.19227608874282,0.08802817282457008,0.09758078724931236,0.07800744109136007,0.08041237113402062,-0.09856880059395041,0.09856880059395041,0.48176192603554424,0.5182380739644558,LOWER_COLLAPSE,1.483679525222552,1.9318181818181817
TRIPLE_ALL,timepace_even_pace_rate,PACE_TIME,1217,337,880,1190,97.78142974527528,0.36369469773725094,0.38026427373117266,0.3333333333333333,0.375,-0.06081877082640545,0.06081877082640545,0.48190589157302777,0.5180941084269722,LOWER_COLLAPSE,2.3738872403560833,2.159090909090909
TRIPLE_ALL,timepace_normalized_late_pace_observations,PACE_TIME,1217,337,880,1217,100.0,5.326409495548962,5.1375,5.0,5.0,0.06321467406593834,0.06321467406593834,0.5180806582141894,0.5180806582141894,HIGHER_COLLAPSE,0.0,0.0
TRIPLE_ALL,opponent_relationship_races_measured,FIELD_OPPONENT,1217,337,880,1217,100.0,5.534124629080119,5.3375,5.0,5.0,0.06376550594133613,0.06376550594133613,0.5180519962233612,0.5180519962233612,HIGHER_COLLAPSE,0.0,0.0
TRIPLE_ALL,timepace_recent_races,PACE_TIME,1217,337,880,1217,100.0,5.534124629080119,5.3375,5.0,5.0,0.06376550594133613,0.06376550594133613,0.5180519962233612,0.5180519962233612,HIGHER_COLLAPSE,0.0,0.0
TRIPLE_ALL,timepace_normalized_time_observations,PACE_TIME,1217,337,880,1217,100.0,5.534124629080119,5.3375,5.0,5.0,0.06376550594133613,0.06376550594133613,0.5180519962233612,0.5180519962233612,HIGHER_COLLAPSE,0.0,0.0
TRIPLE_ALL,timepace_normalized_last3f_observations,PACE_TIME,1217,337,880,1217,100.0,5.534124629080119,5.3375,5.0,5.0,0.06376550594133613,0.06376550594133613,0.5180519962233612,0.5180519962233612,HIGHER_COLLAPSE,0.0,0.0
TRIPLE_ALL,timepace_normalized_early_pace_observations,PACE_TIME,1217,337,880,1217,100.0,5.326409495548962,5.136363636363637,5.0,5.0,0.06357362928400473,0.06357362928400473,0.5180064742379282,0.5180064742379282,HIGHER_COLLAPSE,0.0,0.0
TRIPLE_ALL,actor_trainer_surface_effective_win_rate,ACTOR,1217,337,880,1217,100.0,0.10120930585741081,0.09980345145330222,0.09661683775244559,0.09299873718490786,0.03746271179092602,0.03746271179092602,0.5180031022390073,0.5180031022390073,HIGHER_COLLAPSE,0.0,0.0
TRIPLE_ALL,ped_sire_course_layout_margin_observations,RACE_CONDITION,1217,337,880,1217,100.0,1694.0682492581602,1656.8272727272727,1110.0,1080.0,0.02443679377508654,0.02443679377508654,0.5179862422444025,0.5179862422444025,HIGHER_COLLAPSE,0.0,0.0
TRIPLE_ALL,auto_history_distance_m_linear_trend,DISTANCE,1217,337,880,1066,87.5924404272802,12.771308874123207,7.746276124621857,0.0,0.0,0.05555442128090969,0.05555442128090969,0.5179760435698307,0.5179760435698307,HIGHER_COLLAPSE,11.275964391691394,12.840909090909092
TRIPLE_ALL,ped_damsire_surface_avg_margin_lengths,RACE_CONDITION,1217,337,880,1205,99.0139687756779,1.9944264978434794,1.9874215480189057,1.9836065573770492,1.9437025281871003,0.019891992059570002,0.019891992059570002,0.5179636301252359,0.5179636301252359,HIGHER_COLLAPSE,0.5934718100890208,1.1363636363636365
TRIPLE_ALL,distance_change_m,DISTANCE,1217,337,880,1190,97.78142974527528,-10.425531914893616,3.2171893147502906,0.0,0.0,-0.07931393034279875,0.07931393034279875,0.48221478523947203,0.517785214760528,LOWER_COLLAPSE,2.3738872403560833,2.159090909090909
TRIPLE_ALL,auto_history_last_3f_rolling_2_mean,PACE_TIME,1217,337,880,1190,97.78142974527528,35.25714285714285,35.1376887340302,36.05,35.75,0.024701399083431132,0.024701399083431132,0.5176846036806004,0.5176846036806004,HIGHER_COLLAPSE,2.3738872403560833,2.159090909090909
TRIPLE_ALL,opponent_previous_max_win_rate,FIELD_OPPONENT,1217,337,880,1190,97.78142974527528,0.3711361797752758,0.3927109519987433,0.3333333333333333,0.3333333333333333,-0.08855920306237894,0.08855920306237894,0.48233304738605354,0.5176669526139465,LOWER_COLLAPSE,2.3738872403560833,2.159090909090909
TRIPLE_ALL,actor_trainer_surface_effective_starts,ACTOR,1217,337,880,1217,100.0,856.5074183976261,835.5431818181818,862.0,833.0,0.05502571035886721,0.05502571035886721,0.5176136363636363,0.5176136363636363,HIGHER_COLLAPSE,0.0,0.0
TRIPLE_ALL,ped_sire_course_layout_starts,RACE_CONDITION,1217,337,880,1217,100.0,2789.362017804154,2733.7136363636364,1757.0,1696.0,0.021408147675461772,0.021408147675461772,0.5175546263825196,0.5175546263825196,HIGHER_COLLAPSE,0.0,0.0
TRIPLE_ALL,ped_sire_course_layout_win_observations,RACE_CONDITION,1217,337,880,1217,100.0,2789.362017804154,2733.7136363636364,1757.0,1696.0,0.021408147675461772,0.021408147675461772,0.5175546263825196,0.5175546263825196,HIGHER_COLLAPSE,0.0,0.0
TRIPLE_ALL,ped_sire_course_layout_top3_observations,RACE_CONDITION,1217,337,880,1217,100.0,2789.362017804154,2733.7136363636364,1757.0,1696.0,0.021408147675461772,0.021408147675461772,0.5175546263825196,0.5175546263825196,HIGHER_COLLAPSE,0.0,0.0
TRIPLE_ALL,ped_sire_venue_effective_win_rate,RACE_CONDITION,1217,337,880,1217,100.0,0.08737940409508084,0.0884777181976429,0.08555329841682774,0.08834438892413665,-0.03827456641352143,0.03827456641352143,0.4824487456164014,0.5175512543835986,LOWER_COLLAPSE,0.0,0.0
TRIPLE_ALL,auto_history_speed_mps_max,HISTORY_FRAGILITY,1217,337,880,1190,97.78142974527528,16.727357954509603,16.763209189961557,16.736401673640167,16.766467065868262,-0.0760498685731454,0.0760498685731454,0.48245483974596587,0.5175451602540342,LOWER_COLLAPSE,2.3738872403560833,2.159090909090909
TRIPLE_ALL,ped_sire_course_layout_effective_win_rate,RACE_CONDITION,1217,337,880,1217,100.0,0.08855388041903821,0.09010494752101324,0.08571575395876926,0.08687640170079894,-0.05904796991091092,0.05904796991091092,0.48252967359050447,0.5174703264094955,LOWER_COLLAPSE,0.0,0.0
TRIPLE_ALL,ped_sire_all_effective_win_rate,OTHER,1217,337,880,1217,100.0,0.08881311480873952,0.09024161513491051,0.08592213305976458,0.08688870318834926,-0.05481302587130427,0.05481302587130427,0.48254484758564875,0.5174551524143512,LOWER_COLLAPSE,0.0,0.0
TRIPLE_ALL,actor_jockey_recent_win_rate,ACTOR,1217,337,880,1216,99.9178307313065,0.16610616551269372,0.1729248180121499,0.16666666666666666,0.16666666666666666,-0.06259516988737261,0.06259516988737261,0.48265327135300096,0.517346728646999,LOWER_COLLAPSE,0.0,0.11363636363636363
TRIPLE_ALL,auto_field_recent_avg_speed_mps_gap_to_best,FIELD_OPPONENT,1217,337,880,1190,97.78142974527528,-0.3886435330339402,-0.38499436304909457,-0.34709068946281363,-0.32588229597911145,-0.010880743825032204,0.010880743825032204,0.4828096261857104,0.5171903738142896,LOWER_COLLAPSE,2.3738872403560833,2.159090909090909
TRIPLE_ALL,ped_sire_distance_band_effective_win_rate,DISTANCE,1217,337,880,1217,100.0,0.09025964814877617,0.09170056701150077,0.08967043837104013,0.09185822706988865,-0.05236380237432088,0.05236380237432088,0.48287867547882385,0.5171213245211761,LOWER_COLLAPSE,0.0,0.0
TRIPLE_ALL,auto_margin_gap_same_surface_starts,RACE_CONDITION,1217,337,880,1217,100.0,5.1513353115727005,4.971590909090909,5.0,4.0,0.04534192202598211,0.04534192202598211,0.517001618559482,0.517001618559482,HIGHER_COLLAPSE,0.0,0.0
TRIPLE_ALL,ped_sire_race_class_effective_win_rate,OTHER,1217,337,880,1217,100.0,0.08760196649998567,0.08973158753808096,0.08607259068707059,0.08718359888320787,-0.07427480459188511,0.07427480459188511,0.48304896142433235,0.5169510385756677,LOWER_COLLAPSE,0.0,0.0
TRIPLE_ALL,lap_previous_first3_avg,PACE_TIME,1217,337,880,1181,97.04190632703369,11.713846153846154,11.781658878504674,11.800000000000002,11.833333333333334,-0.10566722533290662,0.10566722533290662,0.483098490294752,0.5169015097052481,LOWER_COLLAPSE,3.5608308605341246,2.727272727272727
TRIPLE_ALL,actor_trainer_surface_effective_top3_rate,ACTOR,1217,337,880,1217,100.0,0.2739350223413537,0.27123385696900165,0.271091615211185,0.26485352076499574,0.039696413218445,0.039696413218445,0.5168869705961694,0.5168869705961694,HIGHER_COLLAPSE,0.0,0.0
TRIPLE_ALL,timepace_recent_avg_performance_score,PACE_TIME,1217,337,880,1190,97.78142974527528,0.4103512816792699,0.4288882864578432,0.4100957422247368,0.4579302723889882,-0.044617964325581766,0.044617964325581766,0.4831520568787972,0.5168479431212027,LOWER_COLLAPSE,2.3738872403560833,2.159090909090909
TRIPLE_ALL,actor_jockey_surface_effective_starts,ACTOR,1217,337,880,1217,100.0,1707.6884272997033,2093.5977272727273,1895.0,2004.0,-0.0448616079939593,0.0448616079939593,0.48322599136768274,0.5167740086323173,LOWER_COLLAPSE,0.0,0.0
TRIPLE_ALL,auto_history_speed_mps_rolling_2_mean,HISTORY_FRAGILITY,1217,337,880,1190,97.78142974527528,16.38690946393974,16.418060553159147,16.450248989946445,16.47299676781321,-0.05471176120499602,0.05471176120499602,0.48335327903865233,0.5166467209613477,LOWER_COLLAPSE,2.3738872403560833,2.159090909090909
TRIPLE_ALL,ped_sire_course_layout_effective_margin_observations,RACE_CONDITION,1217,337,880,1217,100.0,1694.9881305637982,1836.525,1110.0,1084.0,-0.03014862072685487,0.03014862072685487,0.5165885486916644,0.5165885486916644,LOWER_COLLAPSE,0.0,0.0
TRIPLE_ALL,ped_damsire_distance_band_avg_margin_lengths,DISTANCE,1217,337,880,1201,98.68529170090386,2.0510660496421855,2.018932992302635,2.0,1.9708287216380742,0.06721254999203355,0.06721254999203355,0.5165333838888697,0.5165333838888697,HIGHER_COLLAPSE,0.5934718100890208,1.5909090909090908
TRIPLE_ALL,auto_margin_gap_within_100m_observations,HISTORY_FRAGILITY,1217,337,880,1217,100.0,1.5519287833827893,1.4113636363636364,1.0,1.0,0.0833638458885738,0.0833638458885738,0.5165227947127057,0.5165227947127057,HIGHER_COLLAPSE,0.0,0.0
TRIPLE_ALL,actor_trainer_distance_band_effective_starts,DISTANCE,1217,337,880,1217,100.0,512.0652818991098,530.2102272727273,513.0,573.0,-0.06200512413124958,0.06200512413124958,0.4834772052872943,0.5165227947127057,LOWER_COLLAPSE,0.0,0.0
TRIPLE_ALL,actor_trainer_distance_band_starts,DISTANCE,1217,337,880,1217,100.0,512.0652818991098,530.1943181818182,513.0,573.0,-0.06194639859752088,0.06194639859752088,0.4834805772862153,0.5165194227137847,LOWER_COLLAPSE,0.0,0.0
TRIPLE_ALL,actor_trainer_distance_band_win_observations,DISTANCE,1217,337,880,1217,100.0,512.0652818991098,530.1943181818182,513.0,573.0,-0.06194639859752088,0.06194639859752088,0.4834805772862153,0.5165194227137847,LOWER_COLLAPSE,0.0,0.0
TRIPLE_ALL,actor_trainer_distance_band_top3_observations,DISTANCE,1217,337,880,1217,100.0,512.0652818991098,530.1943181818182,513.0,573.0,-0.06194639859752088,0.06194639859752088,0.4834805772862153,0.5165194227137847,LOWER_COLLAPSE,0.0,0.0
TRIPLE_ALL,actor_trainer_surface_top3_rate,ACTOR,1217,337,880,1217,100.0,0.2779917688633977,0.27347662531306494,0.2727272727272727,0.2688783846872082,0.061256149446730516,0.061256149446730516,0.5165093067170219,0.5165093067170219,HIGHER_COLLAPSE,0.0,0.0
TRIPLE_ALL,ped_damsire_distance_band_win_rate,DISTANCE,1217,337,880,1211,99.50698438783895,0.09418503913823713,0.09641534619948991,0.08254653959205488,0.07980456026058631,-0.026509046402253628,0.026509046402253628,0.5164914965986395,0.5164914965986395,LOWER_COLLAPSE,0.2967359050445104,0.5681818181818182
TRIPLE_ALL,opponent_recent_avg_known_count,FIELD_OPPONENT,1217,337,880,1190,97.78142974527528,12.493890818738844,12.68665357742013,13.0,12.857142857142858,-0.09384717018946698,0.09384717018946698,0.4836321658917848,0.5163678341082152,LOWER_COLLAPSE,2.3738872403560833,2.159090909090909
TRIPLE_ALL,timepace_slow_pace_rate,PACE_TIME,1217,337,880,1190,97.78142974527528,0.29474960196844696,0.30858036981730363,0.25,0.25,-0.048620563928067156,0.048620563928067156,0.48363569610511564,0.5163643038948844,LOWER_COLLAPSE,2.3738872403560833,2.159090909090909
TRIPLE_ALL,lap_previous_last3_avg,PACE_TIME,1217,337,880,1181,97.04190632703369,12.09579487179487,12.062383177570096,12.066666666666668,12.0,0.0610945036505084,0.0610945036505084,0.5163551401869159,0.5163551401869159,HIGHER_COLLAPSE,3.5608308605341246,2.727272727272727
TRIPLE_ALL,same_surface_starts,RACE_CONDITION,1217,337,880,1217,100.0,5.142433234421365,4.967045454545454,5.0,4.0,0.04432234891746698,0.04432234891746698,0.5163407067709739,0.5163407067709739,HIGHER_COLLAPSE,0.0,0.0
TRIPLE_ALL,auto_margin_gap_same_course_layout_starts,RACE_CONDITION,1217,337,880,1217,100.0,6.0652818991097925,5.735227272727273,5.0,5.0,0.07757876586603724,0.07757876586603724,0.516285068788778,0.516285068788778,HIGHER_COLLAPSE,0.0,0.0
TRIPLE_ALL,ped_sire_course_layout_effective_starts,RACE_CONDITION,1217,337,880,1217,100.0,2791.308605341246,3080.7920454545456,1757.0,1721.0,-0.03221413705007473,0.03221413705007473,0.5162142568114378,0.5162142568114378,LOWER_COLLAPSE,0.0,0.0
TRIPLE_ALL,auto_margin_gap_within_300m_success_observations,HISTORY_FRAGILITY,1217,337,880,1217,100.0,3.7893175074183976,3.5022727272727274,3.0,3.0,0.09949894312795036,0.09949894312795036,0.5162075128135959,0.5162075128135959,HIGHER_COLLAPSE,0.0,0.0
TRIPLE_ALL,backfill_special_designated,OTHER,1217,337,880,1217,100.0,0.22551928783382788,0.19318181818181818,0.0,0.0,0.08050899328026058,0.08050899328026058,0.5161687348260049,0.5161687348260049,HIGHER_COLLAPSE,0.0,0.0
TRIPLE_ALL,auto_margin_gap_within_300m_mean,HISTORY_FRAGILITY,1217,337,880,1012,83.15529991783073,1.850905297913277,1.774502834494273,1.5590277777777777,1.5,0.07285350325379018,0.07285350325379018,0.5161031769163509,0.5161031769163509,HIGHER_COLLAPSE,16.320474777448073,17.045454545454543
TRIPLE_ALL,lap_recent_avg_variance,PACE_TIME,1217,337,880,1181,97.04190632703369,0.49520968910892993,0.4919653152155102,0.35850319444444434,0.35002066798941794,0.008189079588151755,0.008189079588151755,0.5160639827462258,0.5160639827462258,HIGHER_COLLAPSE,3.5608308605341246,2.727272727272727
TRIPLE_ALL,backfill_age_min,OTHER,1217,337,880,1217,100.0,3.1246290801186944,3.0863636363636364,3.0,3.0,0.06357244516283068,0.06357244516283068,0.5160608308605341,0.5160608308605341,HIGHER_COLLAPSE,0.0,0.0
TRIPLE_ALL,ped_damsire_surface_top3_rate,RACE_CONDITION,1217,337,880,1213,99.67132292522597,0.26176838977157846,0.27572444224516696,0.23324299909665763,0.23773426178370544,-0.11159162585761322,0.11159162585761322,0.4839696732737225,0.5160303267262776,LOWER_COLLAPSE,0.5934718100890208,0.22727272727272727
TRIPLE_ALL,opponent_history_avg_opponent_top3_rate,FIELD_OPPONENT,1217,337,880,1079,88.6606409202958,0.32143421306489334,0.30877808901040016,0.28787878787878785,0.2785831050757521,0.07782767089708113,0.07782767089708113,0.5159296213126467,0.5159296213126467,HIGHER_COLLAPSE,10.089020771513352,11.818181818181818
TRIPLE_ALL,auto_margin_gap_within_200m_starts,HISTORY_FRAGILITY,1217,337,880,1217,100.0,4.480712166172107,4.181818181818182,4.0,4.0,0.09331653073567654,0.09331653073567654,0.5158483949285136,0.5158483949285136,HIGHER_COLLAPSE,0.0,0.0
TRIPLE_ALL,auto_margin_gap_same_class_observations,HISTORY_FRAGILITY,1217,337,880,1217,100.0,1.599406528189911,1.65,1.0,1.0,-0.02494725333566506,0.02494725333566506,0.48425613703803616,0.5157438629619638,LOWER_COLLAPSE,0.0,0.0
TRIPLE_ALL,auto_margin_gap_same_weight_rule_mean,WEIGHT_BODY,1217,337,880,840,69.02218570254725,1.7730238511488512,1.7444530075718192,1.5208333333333335,1.5,0.027129211783735865,0.027129211783735865,0.5156695156695157,0.5156695156695157,HIGHER_COLLAPSE,30.56379821958457,31.136363636363633
TRIPLE_ALL,actor_jockey_surface_starts,ACTOR,1217,337,880,1217,100.0,1707.6884272997033,1752.2613636363637,1895.0,2000.0,-0.05348551568698723,0.05348551568698723,0.4843690990018883,0.5156309009981117,LOWER_COLLAPSE,0.0,0.0
TRIPLE_ALL,actor_jockey_surface_win_observations,ACTOR,1217,337,880,1217,100.0,1707.6884272997033,1752.2613636363637,1895.0,2000.0,-0.05348551568698723,0.05348551568698723,0.4843690990018883,0.5156309009981117,LOWER_COLLAPSE,0.0,0.0
TRIPLE_ALL,actor_jockey_surface_top3_observations,ACTOR,1217,337,880,1217,100.0,1707.6884272997033,1752.2613636363637,1895.0,2000.0,-0.05348551568698723,0.05348551568698723,0.4843690990018883,0.5156309009981117,LOWER_COLLAPSE,0.0,0.0
TRIPLE_ALL,ped_damsire_race_class_top3_rate,OTHER,1217,337,880,1192,97.94576828266229,0.2587692718354148,0.27332200679200047,0.23588516746411484,0.23444976076555024,-0.10548512018611164,0.10548512018611164,0.484411486050992,0.515588513949008,LOWER_COLLAPSE,2.3738872403560833,1.9318181818181817
TRIPLE_ALL,distx_same_band_starts,DISTANCE,1217,337,880,1217,100.0,4.474777448071217,4.176136363636363,4.0,4.0,0.09339993460746233,0.09339993460746233,0.5154875910439709,0.5154875910439709,HIGHER_COLLAPSE,0.0,0.0
TRIPLE_ALL,auto_history_body_weight_linear_trend,WEIGHT_BODY,1217,337,880,1066,87.5924404272802,1.150073714558012,0.756619328939615,0.6857142857142857,0.6428571428571429,0.11507045432775007,0.11507045432775007,0.5154142665905037,0.5154142665905037,HIGHER_COLLAPSE,11.275964391691394,12.840909090909092
TRIPLE_ALL,style_previous_last_ratio,STYLE_POSITION,1217,337,880,1190,97.78142974527528,0.28701017603887263,0.2912627288677708,0.2222222222222222,0.25,-0.020546364737348673,0.020546364737348673,0.48458708859776395,0.5154129114022361,LOWER_COLLAPSE,2.3738872403560833,2.159090909090909
TRIPLE_ALL,actor_trainer_venue_win_rate,ACTOR,1217,337,880,1215,99.83566146261298,0.10090959788764277,0.10456786750578635,0.0967741935483871,0.09693078609458189,-0.07563648537254566,0.07563648537254566,0.4846292153058948,0.5153707846941051,LOWER_COLLAPSE,0.0,0.22727272727272727
TRIPLE_ALL,auto_history_last_3f_gap_to_worst,PACE_TIME,1217,337,880,1190,97.78142974527528,-2.725835866261398,-2.6009291521486646,-1.3999999999999986,-1.2000000000000028,-0.023692530929282224,0.023692530929282224,0.4847071158510109,0.5152928841489891,LOWER_COLLAPSE,2.3738872403560833,2.159090909090909
TRIPLE_ALL,auto_margin_gap_same_course_layout_observations,RACE_CONDITION,1217,337,880,1217,100.0,3.4421364985163203,3.2125,3.0,3.0,0.08117880732837489,0.08117880732837489,0.5151554491502562,0.5151554491502562,HIGHER_COLLAPSE,0.0,0.0
TRIPLE_ALL,gate,DRAW,1217,337,880,1217,100.0,4.804154302670623,4.922727272727273,5.0,5.0,-0.05310258563040244,0.05310258563040244,0.48485466684650663,0.5151453331534934,LOWER_COLLAPSE,0.0,0.0
TRIPLE_ALL,auto_history_speed_mps_last,HISTORY_FRAGILITY,1217,337,880,1190,97.78142974527528,16.413585112408185,16.44182162344819,16.46090534979424,16.489988221436985,-0.04673312283688531,0.04673312283688531,0.48486950566422726,0.5151304943357727,LOWER_COLLAPSE,2.3738872403560833,2.159090909090909
TRIPLE_ALL,auto_margin_gap_within_400m_starts,HISTORY_FRAGILITY,1217,337,880,1217,100.0,5.29080118694362,5.0204545454545455,5.0,4.0,0.07729025028463858,0.07729025028463858,0.5149969652009712,0.5149969652009712,HIGHER_COLLAPSE,0.0,0.0
TRIPLE_ALL,actor_trainer_venue_effective_win_rate,ACTOR,1217,337,880,1217,100.0,0.09809767737528939,0.10111415582805289,0.09366918602380764,0.0933080067937735,-0.07342807582095202,0.07342807582095202,0.48505530078230374,0.5149446992176963,LOWER_COLLAPSE,0.0,0.0
TRIPLE_ALL,recent_window_starts,HISTORY_FRAGILITY,1217,337,880,1217,100.0,3.9258160237388724,3.8727272727272726,5.0,5.0,0.03459712433054217,0.03459712433054217,0.5148991772322633,0.5148991772322633,HIGHER_COLLAPSE,0.0,0.0
TRIPLE_ALL,ped_damsire_race_class_effective_margin_observations,HISTORY_FRAGILITY,1217,337,880,1217,100.0,454.73293768545994,873.4284090909091,154.0,179.0,-0.06285941194533011,0.06285941194533011,0.48516657674669544,0.5148334232533045,LOWER_COLLAPSE,0.0,0.0
TRIPLE_ALL,actor_jockey_recent_effective_win_rate,ACTOR,1217,337,880,1217,100.0,0.1288183897910858,0.13285854682715223,0.1291579432139976,0.12916072370772555,-0.06186860194496281,0.06186860194496281,0.48521884272997035,0.5147811572700296,LOWER_COLLAPSE,0.0,0.0
TRIPLE_ALL,actor_trainer_surface_starts,ACTOR,1217,337,880,1217,100.0,851.0178041543027,835.2886363636363,846.0,833.0,0.041279761342325264,0.041279761342325264,0.5147474372808201,0.5147474372808201,HIGHER_COLLAPSE,0.0,0.0
TRIPLE_ALL,actor_trainer_surface_win_observations,ACTOR,1217,337,880,1217,100.0,851.0178041543027,835.2886363636363,846.0,833.0,0.041279761342325264,0.041279761342325264,0.5147474372808201,0.5147474372808201,HIGHER_COLLAPSE,0.0,0.0
TRIPLE_ALL,actor_trainer_surface_top3_observations,ACTOR,1217,337,880,1217,100.0,851.0178041543027,835.2886363636363,846.0,833.0,0.041279761342325264,0.041279761342325264,0.5147474372808201,0.5147474372808201,HIGHER_COLLAPSE,0.0,0.0
TRIPLE_ALL,ped_damsire_distance_band_effective_avg_margin_lengths,DISTANCE,1217,337,880,1217,100.0,2.032410890613675,2.016609727857195,2.002560083075379,1.9870918062318892,0.05779999375906527,0.05779999375906527,0.5147272052872943,0.5147272052872943,HIGHER_COLLAPSE,0.0,0.0
TRIPLE_ALL,opponent_strong_field_races,FIELD_OPPONENT,1217,337,880,1217,100.0,1.2640949554896141,1.080681818181818,0.0,0.0,0.0876788325805976,0.0876788325805976,0.5146833693013219,0.5146833693013219,HIGHER_COLLAPSE,0.0,0.0
TRIPLE_ALL,lap_previous_variance,PACE_TIME,1217,337,880,1181,97.04190632703369,0.5695269287865947,0.4874136965424821,0.2925000000000001,0.2981944444444446,0.11432724853052355,0.11432724853052355,0.5146693026599569,0.5146693026599569,HIGHER_COLLAPSE,3.5608308605341246,2.727272727272727
TRIPLE_ALL,auto_margin_gap_same_class_success_observations,HISTORY_FRAGILITY,1217,337,880,1217,100.0,2.2908011869436202,2.352272727272727,1.0,2.0,-0.023445487730390385,0.023445487730390385,0.48562348260048555,0.5143765173995145,LOWER_COLLAPSE,0.0,0.0
TRIPLE_ALL,auto_history_margin_lengths_missing_count,HISTORY_FRAGILITY,1217,337,880,1217,100.0,2.7596439169139466,2.6125,2.0,2.0,0.06265854302147765,0.06265854302147765,0.5143309954140814,0.5143309954140814,HIGHER_COLLAPSE,0.0,0.0
TRIPLE_ALL,auto_history_carried_weight_last,WEIGHT_BODY,1217,337,880,1190,97.78142974527528,56.08510638297872,56.009291521486645,56.0,56.0,0.04592559741094528,0.04592559741094528,0.5142249946164247,0.5142249946164247,HIGHER_COLLAPSE,2.3738872403560833,2.159090909090909
TRIPLE_ALL,auto_margin_gap_same_weight_rule_success_observations,WEIGHT_BODY,1217,337,880,1217,100.0,2.691394658753709,2.6863636363636365,2.0,2.0,0.0017648683375458658,0.0017648683375458658,0.485800512543836,0.514199487456164,HIGHER_COLLAPSE,0.0,0.0
TRIPLE_ALL,actor_trainer_distance_band_effective_top3_rate,DISTANCE,1217,337,880,1217,100.0,0.2753123614361199,0.2733587180949052,0.27469707761232093,0.2671253613280244,0.028669287236052075,0.028669287236052075,0.5141404774750472,0.5141404774750472,HIGHER_COLLAPSE,0.0,0.0
TRIPLE_ALL,ped_sire_race_class_effective_top3_rate,OTHER,1217,337,880,1217,100.0,0.24854113131623914,0.25359068215732855,0.2534128661227192,0.2508506016941161,-0.09361393429913525,0.09361393429913525,0.48593202050175344,0.5140679794982466,LOWER_COLLAPSE,0.0,0.0
TRIPLE_ALL,ped_damsire_race_class_effective_starts,OTHER,1217,337,880,1217,100.0,715.1305637982196,1494.5102272727272,249.0,276.0,-0.061073568337764866,0.061073568337764866,0.4859455084974373,0.5140544915025627,LOWER_COLLAPSE,0.0,0.0
TRIPLE_ALL,actor_trainer_distance_band_top3_rate,DISTANCE,1217,337,880,1216,99.9178307313065,0.27986251194477113,0.27760406057411646,0.2802547770700637,0.2701252236135957,0.030513208852733918,0.030513208852733918,0.5140012760656667,0.5140012760656667,HIGHER_COLLAPSE,0.0,0.11363636363636363
TRIPLE_ALL,auto_margin_gap_same_weight_rule_success_rate,WEIGHT_BODY,1217,337,880,946,77.73212818405916,0.4163929828088515,0.43577130649313445,0.4,0.4,-0.05425573390332488,0.05425573390332488,0.48603411754101317,0.5139658824589868,LOWER_COLLAPSE,23.44213649851632,21.818181818181817
TRIPLE_ALL,ped_sire_distance_band_starts,DISTANCE,1217,337,880,1217,100.0,1060.6142433234422,1057.3204545454546,639.0,660.0,0.0028459882828099263,0.0028459882828099263,0.513943215538171,0.513943215538171,HIGHER_COLLAPSE,0.0,0.0
TRIPLE_ALL,ped_sire_distance_band_win_observations,DISTANCE,1217,337,880,1217,100.0,1060.6142433234422,1057.3204545454546,639.0,660.0,0.0028459882828099263,0.0028459882828099263,0.513943215538171,0.513943215538171,HIGHER_COLLAPSE,0.0,0.0
TRIPLE_ALL,ped_sire_distance_band_top3_observations,DISTANCE,1217,337,880,1217,100.0,1060.6142433234422,1057.3204545454546,639.0,660.0,0.0028459882828099263,0.0028459882828099263,0.513943215538171,0.513943215538171,HIGHER_COLLAPSE,0.0,0.0
TRIPLE_ALL,opponent_recent_avg_top3_rate,FIELD_OPPONENT,1217,337,880,1190,97.78142974527528,0.2631961969070219,0.2583191649542468,0.2585149997067917,0.25,0.059053520735604374,0.059053520735604374,0.5138631477500185,0.5138631477500185,HIGHER_COLLAPSE,2.3738872403560833,2.159090909090909
TRIPLE_ALL,ped_sire_distance_band_effective_starts,DISTANCE,1217,337,880,1217,100.0,1061.6023738872404,1402.0295454545455,639.0,665.0,-0.039002789881792135,0.039002789881792135,0.5137543835985973,0.5137543835985973,LOWER_COLLAPSE,0.0,0.0
TRIPLE_ALL,ped_damsire_course_layout_effective_win_rate,RACE_CONDITION,1217,337,880,1217,100.0,0.08540665449971054,0.08435584640239972,0.08089406344702901,0.07990442976837486,0.039437858155264294,0.039437858155264294,0.5137476396007553,0.5137476396007553,HIGHER_COLLAPSE,0.0,0.0
TRIPLE_ALL,auto_margin_gap_same_venue_success_rate,RACE_CONDITION,1217,337,880,689,56.61462612982745,0.40043859649122804,0.42438209752839007,0.3333333333333333,0.3333333333333333,-0.05635641639806294,0.05635641639806294,0.48635165066976055,0.5136483493302395,LOWER_COLLAPSE,43.62017804154303,43.29545454545455
TRIPLE_ALL,auto_history_margin_type_observation_count,HISTORY_FRAGILITY,1217,337,880,1217,100.0,5.204747774480712,4.923863636363636,4.0,4.0,0.06853749155519441,0.06853749155519441,0.513602643647154,0.513602643647154,HIGHER_COLLAPSE,0.0,0.0
TRIPLE_ALL,same_venue_top3_rate,RACE_CONDITION,1217,337,880,776,63.7633525061627,0.7072461404653185,0.72557350887692,1.0,1.0,-0.05074139670074283,0.05074139670074283,0.48660059188575455,0.5133994081142454,LOWER_COLLAPSE,35.01483679525222,36.70454545454545
TRIPLE_ALL,ped_damsire_course_layout_effective_top3_rate,RACE_CONDITION,1217,337,880,1217,100.0,0.2466743220600857,0.24522635701775033,0.24027048503731716,0.2389503855929699,0.028669764482150775,0.028669764482150775,0.5133969517129755,0.5133969517129755,HIGHER_COLLAPSE,0.0,0.0
TRIPLE_ALL,auto_margin_gap_same_surface_observations,RACE_CONDITION,1217,337,880,1217,100.0,2.801186943620178,2.7181818181818183,2.0,2.0,0.032348473647686636,0.032348473647686636,0.5132401537631508,0.5132401537631508,HIGHER_COLLAPSE,0.0,0.0
TRIPLE_ALL,ped_sire_venue_effective_top3_rate,RACE_CONDITION,1217,337,880,1217,100.0,0.24881001684403667,0.2510977867834567,0.25063892466067317,0.2544391736936008,-0.044822674850535794,0.044822674850535794,0.4868289722147289,0.5131710277852711,LOWER_COLLAPSE,0.0,0.0
TRIPLE_ALL,auto_margin_gap_same_going_success_observations,HISTORY_FRAGILITY,1217,337,880,1217,100.0,3.029673590504451,2.856818181818182,2.0,2.0,0.057272107091387726,0.057272107091387726,0.5131659697868897,0.5131659697868897,HIGHER_COLLAPSE,0.0,0.0
TRIPLE_ALL,ped_damsire_course_layout_win_rate,RACE_CONDITION,1217,337,880,1213,99.67132292522597,0.09054514549752761,0.09233619625869582,0.08118081180811808,0.08041885070860028,-0.02514585103332065,0.02514585103332065,0.5131075295042207,0.5131075295042207,LOWER_COLLAPSE,0.0,0.45454545454545453
TRIPLE_ALL,ped_damsire_venue_effective_starts,RACE_CONDITION,1217,337,880,1217,100.0,360.3916913946588,1096.975,133.0,150.0,-0.05778401903545936,0.05778401903545936,0.48690990018883196,0.513090099811168,LOWER_COLLAPSE,0.0,0.0
TRIPLE_ALL,auto_margin_gap_same_age_condition_success_rate,HISTORY_FRAGILITY,1217,337,880,844,69.35086277732128,0.42467676129180554,0.441423979652135,0.4,0.5,-0.04203692559090343,0.04203692559090343,0.4869655182289429,0.513034481771057,LOWER_COLLAPSE,32.93768545994065,29.772727272727273
TRIPLE_ALL,ped_sire_race_class_effective_starts,OTHER,1217,337,880,1217,100.0,705.4955489614243,1045.1284090909091,420.0,440.5,-0.03908196020366359,0.03908196020366359,0.5129518478554087,0.5129518478554087,LOWER_COLLAPSE,0.0,0.0
TRIPLE_ALL,ped_sire_surface_starts,RACE_CONDITION,1217,337,880,1217,100.0,1831.738872403561,1795.8125,1109.0,1010.0,0.019006032379207487,0.019006032379207487,0.5129349878608039,0.5129349878608039,HIGHER_COLLAPSE,0.0,0.0
TRIPLE_ALL,ped_sire_surface_win_observations,RACE_CONDITION,1217,337,880,1217,100.0,1831.738872403561,1795.8125,1109.0,1010.0,0.019006032379207487,0.019006032379207487,0.5129349878608039,0.5129349878608039,HIGHER_COLLAPSE,0.0,0.0
TRIPLE_ALL,ped_sire_surface_top3_observations,RACE_CONDITION,1217,337,880,1217,100.0,1831.738872403561,1795.8125,1109.0,1010.0,0.019006032379207487,0.019006032379207487,0.5129349878608039,0.5129349878608039,HIGHER_COLLAPSE,0.0,0.0
TRIPLE_ALL,ped_sire_distance_band_margin_observations,DISTANCE,1217,337,880,1217,100.0,592.5905044510386,594.8818181818182,397.0,400.5,-0.003776352273733739,0.003776352273733739,0.512931615861883,0.512931615861883,LOWER_COLLAPSE,0.0,0.0
TRIPLE_ALL,auto_history_carried_weight_median,WEIGHT_BODY,1217,337,880,1190,97.78142974527528,55.714285714285715,55.663763066202094,56.0,56.0,0.0502264693069311,0.0502264693069311,0.5128023186441156,0.5128023186441156,HIGHER_COLLAPSE,2.3738872403560833,2.159090909090909
TRIPLE_ALL,ped_sire_distance_band_effective_margin_observations,DISTANCE,1217,337,880,1217,100.0,593.2255192878338,773.1761363636364,397.0,404.0,-0.03987766945824643,0.03987766945824643,0.5127259239277043,0.5127259239277043,LOWER_COLLAPSE,0.0,0.0
TRIPLE_ALL,ped_damsire_race_class_margin_observations,HISTORY_FRAGILITY,1217,337,880,1217,100.0,453.37388724035605,499.5420454545455,151.0,178.0,-0.0710471702153834,0.0710471702153834,0.48736174804424065,0.5126382519557593,LOWER_COLLAPSE,0.0,0.0
TRIPLE_ALL,ped_damsire_going_win_rate,OTHER,1217,337,880,1208,99.26047658175843,0.08652363028590362,0.09201259640736109,0.07878939757205919,0.07953266725772352,-0.07008134083646234,0.07008134083646234,0.48741433213193536,0.5125856678680647,LOWER_COLLAPSE,0.2967359050445104,0.9090909090909091
TRIPLE_ALL,ped_sire_surface_margin_observations,RACE_CONDITION,1217,337,880,1217,100.0,992.9436201780416,983.5363636363636,662.0,627.0,0.010094891050962645,0.010094891050962645,0.5125590099811168,0.5125590099811168,HIGHER_COLLAPSE,0.0,0.0
TRIPLE_ALL,auto_margin_gap_same_weight_rule_observations,WEIGHT_BODY,1217,337,880,1217,100.0,1.9228486646884273,1.9102272727272727,1.0,1.0,0.0057461388426046835,0.0057461388426046835,0.48753034799028866,0.5124696520097114,HIGHER_COLLAPSE,0.0,0.0
TRIPLE_ALL,auto_margin_gap_same_distance_median,DISTANCE,1217,337,880,682,56.039441248972885,1.6875,1.676321138211382,1.375,1.25,0.009482118731807593,0.009482118731807593,0.5122165169020111,0.5122165169020111,HIGHER_COLLAPSE,43.62017804154303,44.09090909090909
TRIPLE_ALL,ped_damsire_venue_effective_margin_observations,RACE_CONDITION,1217,337,880,1217,100.0,192.40652818991097,578.5795454545455,73.0,80.0,-0.05810694555613919,0.05810694555613919,0.4878220258969517,0.5121779741030483,LOWER_COLLAPSE,0.0,0.0
TRIPLE_ALL,auto_margin_gap_same_age_condition_success_observations,HISTORY_FRAGILITY,1217,337,880,1217,100.0,1.688427299703264,1.6613636363636364,1.0,1.0,0.013642642203458516,0.013642642203458516,0.4878608038845428,0.5121391961154572,HIGHER_COLLAPSE,0.0,0.0
TRIPLE_ALL,auto_margin_gap_within_400m_observations,HISTORY_FRAGILITY,1217,337,880,1217,100.0,2.9673590504451037,2.8170454545454544,2.0,2.0,0.06396157476996027,0.06396157476996027,0.512032978149447,0.512032978149447,HIGHER_COLLAPSE,0.0,0.0
TRIPLE_ALL,ped_sire_race_class_effective_margin_observations,HISTORY_FRAGILITY,1217,337,880,1217,100.0,434.9050445103858,610.8852272727273,256.0,265.0,-0.03912672994935653,0.03912672994935653,0.5119992581602374,0.5119992581602374,LOWER_COLLAPSE,0.0,0.0
TRIPLE_ALL,distx_shorter_starts,DISTANCE,1217,337,880,1217,100.0,2.3857566765578637,2.081818181818182,1.0,0.0,0.07708294873031706,0.07708294873031706,0.5119672241704882,0.5119672241704882,HIGHER_COLLAPSE,0.0,0.0
TRIPLE_ALL,auto_margin_gap_same_distance_mean,DISTANCE,1217,337,880,682,56.039441248972885,1.7396021303258145,1.7414363950187122,1.5,1.5,-0.0015755736145081722,0.0015755736145081722,0.5119437312794181,0.5119437312794181,LOWER_COLLAPSE,43.62017804154303,44.09090909090909
TRIPLE_ALL,actor_horse_jockey_all_effective_top3_rate,ACTOR,1217,337,880,1217,100.0,0.2522548055896755,0.25131424730002067,0.24413270230830933,0.2443029412282451,0.023064414232436402,0.023064414232436402,0.5119301321823577,0.5119301321823577,HIGHER_COLLAPSE,0.0,0.0
TRIPLE_ALL,actor_horse_jockey_recent_effective_top3_rate,ACTOR,1217,337,880,1217,100.0,0.2522548055896755,0.25131424730002067,0.24413270230830933,0.2443029412282451,0.023064414232436402,0.023064414232436402,0.5119301321823577,0.5119301321823577,HIGHER_COLLAPSE,0.0,0.0
TRIPLE_ALL,auto_history_carried_weight_mean,WEIGHT_BODY,1217,337,880,1190,97.78142974527528,55.64232127351864,55.59805115077861,55.8,55.75,0.04597898089711498,0.04597898089711498,0.5118968189247676,0.5118968189247676,HIGHER_COLLAPSE,2.3738872403560833,2.159090909090909
TRIPLE_ALL,ped_damsire_venue_effective_top3_rate,RACE_CONDITION,1217,337,880,1217,100.0,0.24194021980130614,0.24237467316385067,0.2399344405887251,0.2340922915457145,-0.008278374232658387,0.008278374232658387,0.5118036822228217,0.5118036822228217,LOWER_COLLAPSE,0.0,0.0
TRIPLE_ALL,auto_field_recent_win_rate_diff_median,FIELD_OPPONENT,1217,337,880,1190,97.78142974527528,0.1274062816616008,0.11942508710801393,0.0,0.0,0.04114402364298463,0.04114402364298463,0.5116055763249773,0.5116055763249773,HIGHER_COLLAPSE,2.3738872403560833,2.159090909090909
TRIPLE_ALL,ped_damsire_race_class_starts,OTHER,1217,337,880,1217,100.0,712.759643916914,777.3761363636364,246.0,269.5,-0.06503125524278393,0.06503125524278393,0.48852677367143243,0.5114732263285675,LOWER_COLLAPSE,0.0,0.0
TRIPLE_ALL,ped_damsire_race_class_win_observations,OTHER,1217,337,880,1217,100.0,712.759643916914,777.3761363636364,246.0,269.5,-0.06503125524278393,0.06503125524278393,0.48852677367143243,0.5114732263285675,LOWER_COLLAPSE,0.0,0.0
TRIPLE_ALL,ped_damsire_race_class_top3_observations,OTHER,1217,337,880,1217,100.0,712.759643916914,777.3761363636364,246.0,269.5,-0.06503125524278393,0.06503125524278393,0.48852677367143243,0.5114732263285675,LOWER_COLLAPSE,0.0,0.0
TRIPLE_ALL,opponent_strong_opponent_beat_rate,FIELD_OPPONENT,1217,337,880,914,75.10271158586689,0.6695497315100605,0.6711179673496936,0.6969387755102041,0.7142857142857143,-0.006035946475655855,0.006035946475655855,0.488619866060975,0.5113801339390249,LOWER_COLLAPSE,22.255192878338278,25.90909090909091
TRIPLE_ALL,auto_margin_gap_within_200m_success_observations,HISTORY_FRAGILITY,1217,337,880,1217,100.0,3.5459940652818993,3.3363636363636364,3.0,3.0,0.07528658923139007,0.07528658923139007,0.5113602643647154,0.5113602643647154,HIGHER_COLLAPSE,0.0,0.0
TRIPLE_ALL,auto_history_distance_m_coefficient_of_variation,DISTANCE,1217,337,880,1190,97.78142974527528,0.07255100707442785,0.07323869262408113,0.06560306640131261,0.06827242275430656,-0.011039582044203416,0.011039582044203416,0.48882863991471004,0.51117136008529,LOWER_COLLAPSE,2.3738872403560833,2.159090909090909
TRIPLE_ALL,auto_margin_gap_within_200m_observations,HISTORY_FRAGILITY,1217,337,880,1217,100.0,2.4807121661721068,2.328409090909091,2.0,2.0,0.0712850542476047,0.0712850542476047,0.511098934448341,0.511098934448341,HIGHER_COLLAPSE,0.0,0.0
TRIPLE_ALL,ped_damsire_venue_effective_win_rate,RACE_CONDITION,1217,337,880,1217,100.0,0.08344242696939266,0.08410563551148274,0.08008525996120322,0.08035705549457428,-0.02181195059199287,0.02181195059199287,0.4891623954680335,0.5108376045319665,LOWER_COLLAPSE,0.0,0.0
TRIPLE_ALL,ped_sire_surface_effective_starts,RACE_CONDITION,1217,337,880,1217,100.0,1831.738872403561,2141.5761363636366,1109.0,1012.0,-0.035071877686885654,0.035071877686885654,0.5108274885352037,0.5108274885352037,LOWER_COLLAPSE,0.0,0.0
TRIPLE_ALL,auto_history_margin_lengths_rate,HISTORY_FRAGILITY,1217,337,880,1156,94.98767460969597,0.7078447414309614,0.6923005874746715,0.75,0.7142857142857143,0.05643861937014842,0.05643861937014842,0.5108167844973807,0.5108167844973807,HIGHER_COLLAPSE,5.637982195845697,4.772727272727273
TRIPLE_ALL,auto_margin_gap_same_course_layout_median,RACE_CONDITION,1217,337,880,1075,88.33196384552178,1.6358333333333333,1.6079032258064516,1.375,1.25,0.028286754110821818,0.028286754110821818,0.5107913978494624,0.5107913978494624,HIGHER_COLLAPSE,10.979228486646884,11.931818181818182
TRIPLE_ALL,jockey_continues,ACTOR,1217,337,880,1190,97.78142974527528,0.48936170212765956,0.46806039488966317,0.0,0.0,0.042632451353745736,0.042632451353745736,0.5106506536189982,0.5106506536189982,HIGHER_COLLAPSE,2.3738872403560833,2.159090909090909
TRIPLE_ALL,auto_history_carried_weight_rolling_5_mean,WEIGHT_BODY,1217,337,880,1190,97.78142974527528,55.85663627152989,55.80801393728223,56.0,56.0,0.0395801501870903,0.0395801501870903,0.5106294723390135,0.5106294723390135,HIGHER_COLLAPSE,2.3738872403560833,2.159090909090909
TRIPLE_ALL,auto_margin_gap_within_200m_mean,HISTORY_FRAGILITY,1217,337,880,1002,82.33360723089564,1.8360034699513115,1.7799076527754014,1.5,1.5,0.051715541250232665,0.051715541250232665,0.5106050518701061,0.5106050518701061,HIGHER_COLLAPSE,17.50741839762611,17.727272727272727
TRIPLE_ALL,network_elo_rating,OTHER,1217,337,880,1217,100.0,1538.032488091622,1536.699985801857,1532.1050664273857,1532.0891552974717,0.05396183503070799,0.05396183503070799,0.5105122066360939,0.5105122066360939,HIGHER_COLLAPSE,0.0,0.0
TRIPLE_ALL,auto_margin_gap_same_course_layout_success_observations,RACE_CONDITION,1217,337,880,1217,100.0,4.899109792284866,4.6693181818181815,4.0,4.0,0.06078979378139936,0.06078979378139936,0.5104953466414891,0.5104953466414891,HIGHER_COLLAPSE,0.0,0.0
TRIPLE_ALL,ped_sire_surface_effective_margin_observations,RACE_CONDITION,1217,337,880,1217,100.0,992.9436201780416,1162.5522727272728,662.0,633.5,-0.03722277200976871,0.03722277200976871,0.5104228486646885,0.5104228486646885,LOWER_COLLAPSE,0.0,0.0
TRIPLE_ALL,ped_damsire_venue_fallback_level,RACE_CONDITION,1217,337,880,1217,100.0,0.05934718100890208,0.08181818181818182,0.0,0.0,-0.08306261194687128,0.08306261194687128,0.48983342325330453,0.5101665767466954,LOWER_COLLAPSE,0.0,0.0
TRIPLE_ALL,ped_sire_distance_band_effective_top3_rate,DISTANCE,1217,337,880,1217,100.0,0.2551251572387771,0.25757505806293113,0.25402981614152237,0.25852362850078625,-0.04809307082556204,0.04809307082556204,0.4899548152144591,0.510045184785541,LOWER_COLLAPSE,0.0,0.0
TRIPLE_ALL,ped_damsire_all_effective_avg_margin_lengths,HISTORY_FRAGILITY,1217,337,880,1217,100.0,1.9903370086129886,1.9976281811704382,2.0014292739736668,2.0062364706094336,-0.049601944820802865,0.049601944820802865,0.48996830321014295,0.510031696789857,LOWER_COLLAPSE,0.0,0.0
TRIPLE_ALL,backfill_mixed,OTHER,1217,337,880,1217,100.0,0.49258160237388726,0.5125,0.0,1.0,-0.039814259615067994,0.039814259615067994,0.4900408011869436,0.5099591988130564,LOWER_COLLAPSE,0.0,0.0
TRIPLE_ALL,ped_sire_venue_fallback_level,RACE_CONDITION,1217,337,880,1217,100.0,0.04154302670623145,0.0625,0.0,0.0,-0.08925678040058281,0.08925678040058281,0.4900660911788508,0.5099339088211492,LOWER_COLLAPSE,0.0,0.0
TRIPLE_ALL,style_previous_first_ratio,STYLE_POSITION,1217,337,880,1190,97.78142974527528,0.33689042620966453,0.3433046342838309,0.2727272727272727,0.2777777777777778,-0.027150803854971695,0.027150803854971695,0.49022483928703814,0.5097751607129619,LOWER_COLLAPSE,2.3738872403560833,2.159090909090909
TRIPLE_ALL,actor_horse_jockey_all_starts,ACTOR,1217,337,880,1217,100.0,1.4955489614243322,1.375,1.0,1.0,0.0692437577025195,0.0692437577025195,0.5097484488804963,0.5097484488804963,HIGHER_COLLAPSE,0.0,0.0
TRIPLE_ALL,actor_horse_jockey_all_win_observations,ACTOR,1217,337,880,1217,100.0,1.4955489614243322,1.375,1.0,1.0,0.0692437577025195,0.0692437577025195,0.5097484488804963,0.5097484488804963,HIGHER_COLLAPSE,0.0,0.0
TRIPLE_ALL,actor_horse_jockey_all_top3_observations,ACTOR,1217,337,880,1217,100.0,1.4955489614243322,1.375,1.0,1.0,0.0692437577025195,0.0692437577025195,0.5097484488804963,0.5097484488804963,HIGHER_COLLAPSE,0.0,0.0
TRIPLE_ALL,actor_horse_jockey_recent_starts,ACTOR,1217,337,880,1217,100.0,1.4955489614243322,1.375,1.0,1.0,0.0692437577025195,0.0692437577025195,0.5097484488804963,0.5097484488804963,HIGHER_COLLAPSE,0.0,0.0
TRIPLE_ALL,actor_horse_jockey_recent_win_observations,ACTOR,1217,337,880,1217,100.0,1.4955489614243322,1.375,1.0,1.0,0.0692437577025195,0.0692437577025195,0.5097484488804963,0.5097484488804963,HIGHER_COLLAPSE,0.0,0.0
TRIPLE_ALL,actor_horse_jockey_recent_top3_observations,ACTOR,1217,337,880,1217,100.0,1.4955489614243322,1.375,1.0,1.0,0.0692437577025195,0.0692437577025195,0.5097484488804963,0.5097484488804963,HIGHER_COLLAPSE,0.0,0.0
TRIPLE_ALL,actor_trainer_all_win_rate,ACTOR,1217,337,880,1217,100.0,0.10035604555920186,0.10005951642392552,0.09422657952069717,0.09200296445451239,0.008164584491156222,0.008164584491156222,0.5095292689506339,0.5095292689506339,HIGHER_COLLAPSE,0.0,0.0
TRIPLE_ALL,actor_trainer_all_effective_win_rate,ACTOR,1217,337,880,1217,100.0,0.09995085129029864,0.09973106930385366,0.09399846181261974,0.09116611868170121,0.006166142502926472,0.006166142502926472,0.5095157809549501,0.5095157809549501,HIGHER_COLLAPSE,0.0,0.0
TRIPLE_ALL,auto_history_carried_weight_rolling_3_mean,WEIGHT_BODY,1217,337,880,1190,97.78142974527528,55.96251266464033,55.9196670538134,56.0,56.0,0.031113136768823726,0.031113136768823726,0.5092932865933089,0.5092932865933089,HIGHER_COLLAPSE,2.3738872403560833,2.159090909090909
TRIPLE_ALL,auto_margin_gap_same_surface_success_rate,RACE_CONDITION,1217,337,880,1105,90.79704190632704,0.4218468276209768,0.43545906245593763,0.4,0.42857142857142855,-0.04149880212652725,0.04149880212652725,0.4907217607077355,0.5092782392922646,LOWER_COLLAPSE,11.275964391691394,8.409090909090908
TRIPLE_ALL,auto_margin_gap_same_distance_starts,DISTANCE,1217,337,880,1217,100.0,2.2462908011869436,2.0920454545454548,1.0,1.0,0.06798572348127811,0.06798572348127811,0.5092426490423523,0.5092426490423523,HIGHER_COLLAPSE,0.0,0.0
TRIPLE_ALL,same_distance_starts,DISTANCE,1217,337,880,1217,100.0,2.2433234421364987,2.0897727272727273,1.0,1.0,0.06778882950144458,0.06778882950144458,0.509230847046129,0.509230847046129,HIGHER_COLLAPSE,0.0,0.0
TRIPLE_ALL,auto_margin_gap_within_400m_success_observations,HISTORY_FRAGILITY,1217,337,880,1217,100.0,4.234421364985163,4.053409090909091,4.0,3.0,0.058640639852659354,0.058640639852659354,0.5091785810628541,0.5091785810628541,HIGHER_COLLAPSE,0.0,0.0
TRIPLE_ALL,auto_margin_gap_same_going_observations,HISTORY_FRAGILITY,1217,337,880,1217,100.0,2.136498516320475,2.0045454545454544,1.0,1.0,0.058728139575805825,0.058728139575805825,0.509016725114648,0.509016725114648,HIGHER_COLLAPSE,0.0,0.0
TRIPLE_ALL,auto_margin_gap_same_surface_success_observations,RACE_CONDITION,1217,337,880,1217,100.0,4.017804154302671,3.9863636363636363,4.0,3.0,0.008992078194825098,0.008992078194825098,0.508925681143782,0.508925681143782,HIGHER_COLLAPSE,0.0,0.0
TRIPLE_ALL,ped_damsire_going_effective_top3_rate,OTHER,1217,337,880,1217,100.0,0.24503714235883753,0.24321741948126627,0.2339529986242105,0.23408799304596684,0.03641056333300227,0.03641056333300227,0.5089172511464797,0.5089172511464797,HIGHER_COLLAPSE,0.0,0.0
TRIPLE_ALL,ped_damsire_course_layout_effective_avg_margin_lengths,RACE_CONDITION,1217,337,880,1217,100.0,1.9963444156709165,1.9977027488339707,1.9958621935057725,2.003007609236967,-0.008156988722407388,0.008156988722407388,0.4911114108443485,0.5088885891556515,LOWER_COLLAPSE,0.0,0.0
TRIPLE_ALL,auto_history_margin_lengths_median,HISTORY_FRAGILITY,1217,337,880,1085,89.15365653245686,1.6096854304635762,1.5977011494252873,1.375,1.25,0.012541463935161885,0.012541463935161885,0.5088553957017077,0.5088553957017077,HIGHER_COLLAPSE,10.385756676557865,11.022727272727273
TRIPLE_ALL,auto_margin_gap_within_400m_median,HISTORY_FRAGILITY,1217,337,880,1074,88.24979457682826,1.7053872053872055,1.6594272844272844,1.375,1.375,0.04372890869032136,0.04372890869032136,0.5088551755218422,0.5088551755218422,HIGHER_COLLAPSE,11.869436201780417,11.704545454545455
TRIPLE_ALL,auto_history_carried_weight_min,WEIGHT_BODY,1217,337,880,1190,97.78142974527528,54.55015197568389,54.587688734030195,55.0,55.0,-0.028630674994404887,0.028630674994404887,0.49116917135302485,0.5088308286469752,LOWER_COLLAPSE,2.3738872403560833,2.159090909090909
TRIPLE_ALL,auto_margin_gap_same_surface_median,RACE_CONDITION,1217,337,880,1019,83.7304847986853,1.68125,1.6295669824086603,1.375,1.375,0.051563802592688494,0.051563802592688494,0.5088125845737483,0.5088125845737483,HIGHER_COLLAPSE,16.913946587537094,16.022727272727273
TRIPLE_ALL,timepace_even_pace_avg_performance_score,PACE_TIME,1217,337,880,989,81.26540673788003,0.46803325325878187,0.44243385025255705,0.49255884295161523,0.4962755413767237,0.04894962620955409,0.04894962620955409,0.5088108354861133,0.5088108354861133,HIGHER_COLLAPSE,20.77151335311573,17.954545454545453
TRIPLE_ALL,auto_history_carried_weight_recency_weighted_mean,WEIGHT_BODY,1217,337,880,1190,97.78142974527528,55.78653572633266,55.73803865720728,55.93333333333333,55.888888888888886,0.04398730130096529,0.04398730130096529,0.508807882260325,0.508807882260325,HIGHER_COLLAPSE,2.3738872403560833,2.159090909090909
TRIPLE_ALL,auto_history_speed_mps_linear_trend,HISTORY_FRAGILITY,1217,337,880,1066,87.5924404272802,0.05138897210700937,0.046488183154686585,0.043648008732853606,0.041138516639232126,0.025998958518486354,0.025998958518486354,0.5086359137149908,0.5086359137149908,HIGHER_COLLAPSE,11.275964391691394,12.840909090909092
TRIPLE_ALL,ped_damsire_all_win_rate,OTHER,1217,337,880,1215,99.83566146261298,0.08904412985300027,0.09064287730919574,0.08107067205854035,0.08100298013575066,-0.024967261126636765,0.024967261126636765,0.5084356813096936,0.5084356813096936,LOWER_COLLAPSE,0.0,0.22727272727272727
TRIPLE_ALL,auto_margin_gap_same_venue_observations,RACE_CONDITION,1217,337,880,1217,100.0,0.8189910979228486,0.7670454545454546,0.0,0.0,0.0471423695782567,0.0471423695782567,0.508423253304559,0.508423253304559,HIGHER_COLLAPSE,0.0,0.0
TRIPLE_ALL,backfill_international,OTHER,1217,337,880,1217,100.0,0.08605341246290801,0.06931818181818182,0.0,0.0,0.06392339073325203,0.06392339073325203,0.5083676153223631,0.5083676153223631,HIGHER_COLLAPSE,0.0,0.0
TRIPLE_ALL,ped_damsire_all_effective_win_rate,OTHER,1217,337,880,1217,100.0,0.0849449547041482,0.08446962062341799,0.0807655925070998,0.08044751409060627,0.018026868545375146,0.018026868545375146,0.5082748853520367,0.5082748853520367,HIGHER_COLLAPSE,0.0,0.0
TRIPLE_ALL,actor_trainer_race_class_win_rate,ACTOR,1217,337,880,1217,100.0,0.10354337837520664,0.10197291961660433,0.09848484848484848,0.09765266825600587,0.03589869449610072,0.03589869449610072,0.5082580253574319,0.5082580253574319,HIGHER_COLLAPSE,0.0,0.0
TRIPLE_ALL,actor_trainer_race_class_top3_rate,ACTOR,1217,337,880,1217,100.0,0.27940586287639574,0.2772822097912107,0.2736156351791531,0.2702039604651975,0.025385464265459644,0.025385464265459644,0.5082040733746965,0.5082040733746965,HIGHER_COLLAPSE,0.0,0.0
TRIPLE_ALL,ped_damsire_distance_band_effective_margin_observations,DISTANCE,1217,337,880,1217,100.0,562.8753709198813,990.6375,239.0,235.5,-0.06415726010401679,0.06415726010401679,0.49191563258699755,0.5080843674130024,LOWER_COLLAPSE,0.0,0.0
TRIPLE_ALL,auto_history_last_3f_linear_trend,PACE_TIME,1217,337,880,1066,87.5924404272802,-0.020271744858473644,-0.02367583745432693,-0.0543956043956047,-0.04571428571428596,0.004259409980187223,0.004259409980187223,0.49193966851696,0.50806033148304,HIGHER_COLLAPSE,11.275964391691394,12.840909090909092
TRIPLE_ALL,auto_margin_gap_same_class_starts,HISTORY_FRAGILITY,1217,337,880,1217,100.0,2.4480712166172105,2.4465909090909093,2.0,2.0,0.0005399890254046059,0.0005399890254046059,0.49194260857836525,0.5080573914216348,HIGHER_COLLAPSE,0.0,0.0
TRIPLE_ALL,style_recent_front_rate,STYLE_POSITION,1217,337,880,1190,97.78142974527528,0.43995754330100834,0.43415786368748044,0.4,0.4,0.01706140269069825,0.01706140269069825,0.5079571008476043,0.5079571008476043,HIGHER_COLLAPSE,2.3738872403560833,2.159090909090909
TRIPLE_ALL,auto_history_speed_mps_previous_delta,HISTORY_FRAGILITY,1217,337,880,1066,87.5924404272802,0.05870426987368985,0.053346236033564594,0.07769177729652199,0.061808437067774946,0.013864598480287909,0.013864598480287909,0.5079513196966856,0.5079513196966856,HIGHER_COLLAPSE,11.275964391691394,12.840909090909092
TRIPLE_ALL,auto_history_distance_m_variance,DISTANCE,1217,337,880,1190,97.78142974527528,32010.31379199141,30011.45234963685,10000.0,10000.0,0.025952302309392595,0.025952302309392595,0.49208879192569605,0.507911208074304,HIGHER_COLLAPSE,2.3738872403560833,2.159090909090909
TRIPLE_ALL,auto_history_distance_m_stddev,DISTANCE,1217,337,880,1190,97.78142974527528,127.54739845131785,126.60065773990436,100.0,100.0,0.0078638293127673,0.0078638293127673,0.49209232213902687,0.5079076778609731,HIGHER_COLLAPSE,2.3738872403560833,2.159090909090909
TRIPLE_ALL,ped_damsire_course_layout_top3_rate,RACE_CONDITION,1217,337,880,1213,99.67132292522597,0.2583879317302332,0.2668839138324395,0.24147727272727273,0.24021218030323027,-0.0741834916923205,0.0741834916923205,0.507906182675501,0.507906182675501,LOWER_COLLAPSE,0.0,0.45454545454545453
TRIPLE_ALL,timepace_slow_pace_starts,PACE_TIME,1217,337,880,1217,100.0,1.3204747774480712,1.3465909090909092,1.0,1.0,-0.022152538572631268,0.022152538572631268,0.49211120852441326,0.5078887914755867,LOWER_COLLAPSE,0.0,0.0
TRIPLE_ALL,auto_history_carried_weight_ewma,WEIGHT_BODY,1217,337,880,1190,97.78142974527528,55.95592977065808,55.91077698232405,55.9375,55.9375,0.032854236398093456,0.032854236398093456,0.5078353084876919,0.5078353084876919,HIGHER_COLLAPSE,2.3738872403560833,2.159090909090909
TRIPLE_ALL,auto_margin_gap_same_distance_success_rate,DISTANCE,1217,337,880,812,66.721446179129,0.42552788699577687,0.4391820160759555,0.5,0.4,-0.033901215625815266,0.033901215625815266,0.49227751521329505,0.507722484786705,LOWER_COLLAPSE,35.311572700296736,32.5
TRIPLE_ALL,auto_history_margin_tight_categorical_rate,HISTORY_FRAGILITY,1217,337,880,1156,94.98767460969597,0.28984809715211607,0.30250987323235673,0.25,0.2727272727272727,-0.04613715040130189,0.04613715040130189,0.4922790861740292,0.5077209138259708,LOWER_COLLAPSE,5.637982195845697,4.772727272727273
TRIPLE_ALL,auto_pair_distance_vs_recent_mean_ratio,DISTANCE,1217,337,880,1190,97.78142974527528,1.0198287081340593,1.011860272814611,1.0,1.0,0.05269248551200215,0.05269248551200215,0.5076782139944717,0.5076782139944717,HIGHER_COLLAPSE,2.3738872403560833,2.159090909090909
TRIPLE_ALL,auto_margin_gap_within_100m_median,HISTORY_FRAGILITY,1217,337,880,787,64.66721446179129,1.734865470852018,1.7588652482269505,1.375,1.375,-0.019388084847661392,0.019388084847661392,0.5076129822217982,0.5076129822217982,LOWER_COLLAPSE,33.82789317507419,35.90909090909091
TRIPLE_ALL,auto_pair_distance_vs_recent_mean_normalized_diff,DISTANCE,1217,337,880,1190,97.78142974527528,0.004307142146948904,0.0010433912851072337,0.0,0.0,0.04805594899693541,0.04805594899693541,0.5075793680212095,0.5075793680212095,HIGHER_COLLAPSE,2.3738872403560833,2.159090909090909
TRIPLE_ALL,ped_damsire_distance_band_effective_starts,DISTANCE,1217,337,880,1217,100.0,1033.5044510385758,1847.2818181818182,428.0,408.5,-0.06365879721519484,0.06365879721519484,0.49250741839762613,0.5074925816023739,LOWER_COLLAPSE,0.0,0.0
TRIPLE_ALL,ped_damsire_course_layout_fallback_level,RACE_CONDITION,1217,337,880,1217,100.0,0.008902077151335312,0.026136363636363635,0.0,0.0,-0.11084434041585836,0.11084434041585836,0.4925091043970866,0.5074908956029134,LOWER_COLLAPSE,0.0,0.0
TRIPLE_ALL,distx_current_minus_recent_avg_m,DISTANCE,1217,337,880,1190,97.78142974527528,46.400688975632285,32.54384738900143,0.0,0.0,0.050622873299108036,0.050622873299108036,0.5074310990613162,0.5074310990613162,HIGHER_COLLAPSE,2.3738872403560833,2.159090909090909
TRIPLE_ALL,ped_damsire_all_effective_top3_rate,OTHER,1217,337,880,1217,100.0,0.24616263301160837,0.24519868577377166,0.23900340810635712,0.24003689615236096,0.019244726873025086,0.019244726873025086,0.507394793633666,0.507394793633666,HIGHER_COLLAPSE,0.0,0.0
TRIPLE_ALL,auto_pair_distance_vs_recent_mean_diff,DISTANCE,1217,337,880,1190,97.78142974527528,46.03570737268875,32.31040786428269,0.0,0.0,0.050231822099222126,0.050231822099222126,0.5073657901146966,0.5073657901146966,HIGHER_COLLAPSE,2.3738872403560833,2.159090909090909
TRIPLE_ALL,ped_damsire_all_avg_margin_lengths,HISTORY_FRAGILITY,1217,337,880,1211,99.50698438783895,1.980178367428259,1.9888395188376056,2.00034435261708,2.0014040175242247,-0.03966620102422593,0.03966620102422593,0.49263931988402176,0.5073606801159782,LOWER_COLLAPSE,0.0,0.6818181818181818
TRIPLE_ALL,auto_history_margin_lengths_variance,HISTORY_FRAGILITY,1217,337,880,1085,89.15365653245686,1.0231657241036312,1.1220064321792484,0.2569444444444444,0.32421875,-0.05317684225303822,0.05317684225303822,0.49264587720856273,0.5073541227914373,LOWER_COLLAPSE,10.385756676557865,11.022727272727273
TRIPLE_ALL,auto_history_margin_lengths_stddev,HISTORY_FRAGILITY,1217,337,880,1085,89.15365653245686,0.725669507223591,0.7541417930313413,0.5068505834570407,0.5694020986965187,-0.03880032987084707,0.03880032987084707,0.49267547977299064,0.5073245202270094,LOWER_COLLAPSE,10.385756676557865,11.022727272727273
TRIPLE_ALL,actor_horse_jockey_all_fallback_level,ACTOR,1217,337,880,1217,100.0,0.8308605341246291,0.8022727272727272,0.0,0.0,0.029095672145478212,0.029095672145478212,0.5071469517129754,0.5071469517129754,HIGHER_COLLAPSE,0.0,0.0
TRIPLE_ALL,meeting_day,OTHER,1217,337,880,1217,100.0,4.691394658753709,4.65,5.0,5.0,0.016127834416058716,0.016127834416058716,0.5071368357162126,0.5071368357162126,HIGHER_COLLAPSE,0.0,0.0
TRIPLE_ALL,ped_sire_race_class_starts,OTHER,1217,337,880,1217,100.0,691.1305637982196,695.1125,396.0,428.0,-0.005599546882619717,0.005599546882619717,0.5070002697599136,0.5070002697599136,LOWER_COLLAPSE,0.0,0.0
TRIPLE_ALL,ped_sire_race_class_win_observations,OTHER,1217,337,880,1217,100.0,691.1305637982196,695.1125,396.0,428.0,-0.005599546882619717,0.005599546882619717,0.5070002697599136,0.5070002697599136,LOWER_COLLAPSE,0.0,0.0
TRIPLE_ALL,ped_sire_race_class_top3_observations,OTHER,1217,337,880,1217,100.0,691.1305637982196,695.1125,396.0,428.0,-0.005599546882619717,0.005599546882619717,0.5070002697599136,0.5070002697599136,LOWER_COLLAPSE,0.0,0.0
TRIPLE_ALL,ped_damsire_course_layout_effective_starts,RACE_CONDITION,1217,337,880,1217,100.0,2727.635014836795,3568.1375,1069.0,1265.5,-0.06448555749548687,0.06448555749548687,0.4930250202319935,0.5069749797680065,LOWER_COLLAPSE,0.0,0.0
TRIPLE_ALL,ped_damsire_surface_effective_starts,RACE_CONDITION,1217,337,880,1217,100.0,1673.1513353115727,2468.5931818181816,597.0,729.0,-0.061965010472320864,0.061965010472320864,0.4930604262206636,0.5069395737793364,LOWER_COLLAPSE,0.0,0.0
TRIPLE_ALL,auto_margin_gap_same_weight_rule_starts,WEIGHT_BODY,1217,337,880,1217,100.0,3.059347181008902,2.9886363636363638,2.0,2.0,0.024105615271054117,0.024105615271054117,0.49307560021580793,0.5069243997841921,HIGHER_COLLAPSE,0.0,0.0
TRIPLE_ALL,ped_damsire_venue_starts,RACE_CONDITION,1217,337,880,1217,100.0,359.25222551928783,380.35227272727275,133.0,145.0,-0.04574165168929162,0.04574165168929162,0.4930857162125708,0.5069142837874292,LOWER_COLLAPSE,0.0,0.0
TRIPLE_ALL,ped_damsire_venue_win_observations,RACE_CONDITION,1217,337,880,1217,100.0,359.25222551928783,380.35227272727275,133.0,145.0,-0.04574165168929162,0.04574165168929162,0.4930857162125708,0.5069142837874292,LOWER_COLLAPSE,0.0,0.0
TRIPLE_ALL,ped_damsire_venue_top3_observations,RACE_CONDITION,1217,337,880,1217,100.0,359.25222551928783,380.35227272727275,133.0,145.0,-0.04574165168929162,0.04574165168929162,0.4930857162125708,0.5069142837874292,LOWER_COLLAPSE,0.0,0.0
TRIPLE_ALL,auto_margin_gap_same_course_layout_success_rate,RACE_CONDITION,1217,337,880,1147,94.2481511914544,0.42783743011997943,0.4361978190378635,0.4,0.42857142857142855,-0.027352779677061595,0.027352779677061595,0.4932385694196344,0.5067614305803656,LOWER_COLLAPSE,5.934718100890208,5.681818181818182
TRIPLE_ALL,lap_previous_last1,PACE_TIME,1217,337,880,1181,97.04190632703369,12.231076923076925,12.214369158878505,12.2,12.2,0.025622037376710108,0.025622037376710108,0.5067541337167505,0.5067541337167505,HIGHER_COLLAPSE,3.5608308605341246,2.727272727272727
TRIPLE_ALL,actor_trainer_race_class_effective_top3_rate,ACTOR,1217,337,880,1217,100.0,0.2730763155474529,0.2718349893345324,0.27030743988713735,0.2663230025403764,0.01764810825300895,0.01764810825300895,0.5067490558403022,0.5067490558403022,HIGHER_COLLAPSE,0.0,0.0
TRIPLE_ALL,actor_trainer_recent_effective_top3_rate,ACTOR,1217,337,880,1217,100.0,0.26320436086178317,0.2618507764231279,0.2476702082656383,0.24766591452841502,0.020400584017935732,0.020400584017935732,0.5065534799028865,0.5065534799028865,HIGHER_COLLAPSE,0.0,0.0
TRIPLE_ALL,ped_sire_venue_starts,RACE_CONDITION,1217,337,880,1217,100.0,339.0,352.8715909090909,193.0,197.0,-0.036707570374528584,0.036707570374528584,0.5065079579174535,0.5065079579174535,LOWER_COLLAPSE,0.0,0.0
TRIPLE_ALL,ped_sire_venue_win_observations,RACE_CONDITION,1217,337,880,1217,100.0,339.0,352.8715909090909,193.0,197.0,-0.036707570374528584,0.036707570374528584,0.5065079579174535,0.5065079579174535,LOWER_COLLAPSE,0.0,0.0
TRIPLE_ALL,ped_sire_venue_top3_observations,RACE_CONDITION,1217,337,880,1217,100.0,339.0,352.8715909090909,193.0,197.0,-0.036707570374528584,0.036707570374528584,0.5065079579174535,0.5065079579174535,LOWER_COLLAPSE,0.0,0.0
TRIPLE_ALL,ped_damsire_venue_margin_observations,RACE_CONDITION,1217,337,880,1217,100.0,191.74183976261128,205.0193181818182,73.0,79.0,-0.052586220371989706,0.052586220371989706,0.49352407607229565,0.5064759239277044,LOWER_COLLAPSE,0.0,0.0
TRIPLE_ALL,auto_history_carried_weight_linear_trend,WEIGHT_BODY,1217,337,880,1066,87.5924404272802,0.16840176556206254,0.14633505720326231,0.14035087719298245,0.14335664335664336,0.05381142589149362,0.05381142589149362,0.5064273349234519,0.5064273349234519,HIGHER_COLLAPSE,11.275964391691394,12.840909090909092
TRIPLE_ALL,horse_number,OTHER,1217,337,880,1217,100.0,7.068249258160237,7.202272727272727,7.0,7.0,-0.032813176304798033,0.032813176304798033,0.4936538980307526,0.5063461019692475,LOWER_COLLAPSE,0.0,0.0
TRIPLE_ALL,ped_damsire_course_layout_effective_margin_observations,RACE_CONDITION,1217,337,880,1217,100.0,1709.353115727003,2159.5125,686.0,782.0,-0.06551921744981516,0.06551921744981516,0.4937095360129485,0.5062904639870516,LOWER_COLLAPSE,0.0,0.0
TRIPLE_ALL,ped_damsire_going_fallback_level,OTHER,1217,337,880,1217,100.0,0.02967359050445104,0.04431818181818182,0.0,0.0,-0.07149693027614663,0.07149693027614663,0.49378034799028864,0.5062196520097113,LOWER_COLLAPSE,0.0,0.0
TRIPLE_ALL,ped_sire_race_class_margin_observations,HISTORY_FRAGILITY,1217,337,880,1217,100.0,425.7626112759644,429.1579545454546,238.0,262.0,-0.007694055878868894,0.007694055878868894,0.5061994200161856,0.5061994200161856,LOWER_COLLAPSE,0.0,0.0
TRIPLE_ALL,ped_damsire_surface_effective_win_rate,RACE_CONDITION,1217,337,880,1217,100.0,0.08532948920565009,0.08637800374823626,0.08017769643616109,0.08016425864554635,-0.03660646267517412,0.03660646267517412,0.4938461019692474,0.5061538980307526,LOWER_COLLAPSE,0.0,0.0
TRIPLE_ALL,ped_damsire_surface_fallback_level,RACE_CONDITION,1217,337,880,1217,100.0,0.020771513353115726,0.035227272727272725,0.0,0.0,-0.07892204974842872,0.07892204974842872,0.49388487995683844,0.5061151200431615,LOWER_COLLAPSE,0.0,0.0
TRIPLE_ALL,style_recent_avg_last_position,STYLE_POSITION,1217,337,880,1190,97.78142974527528,4.403185458580595,4.438586545729403,4.0,4.2,-0.01702655092433586,0.01702655092433586,0.4939580398843502,0.5060419601156498,LOWER_COLLAPSE,2.3738872403560833,2.159090909090909
TRIPLE_ALL,ped_damsire_going_avg_margin_lengths,HISTORY_FRAGILITY,1217,337,880,1197,98.35661462612983,1.9558186263887682,1.9780242331997906,1.9804147465437787,1.9874426605504587,-0.07408824130253178,0.07408824130253178,0.4939588599923815,0.5060411400076186,LOWER_COLLAPSE,0.5934718100890208,2.0454545454545454
TRIPLE_ALL,ped_damsire_surface_effective_margin_observations,RACE_CONDITION,1217,337,880,1217,100.0,901.839762611276,1321.3375,336.0,372.5,-0.06264162992726141,0.06264162992726141,0.4939809819260858,0.5060190180739141,LOWER_COLLAPSE,0.0,0.0
TRIPLE_ALL,auto_history_margin_lengths_coefficient_of_variation,HISTORY_FRAGILITY,1217,337,880,1085,89.15365653245686,0.3953112065805815,0.39757608685749,0.40588235294117647,0.42857142857142855,-0.007598381232925449,0.007598381232925449,0.4941323488366192,0.5058676511633808,LOWER_COLLAPSE,10.385756676557865,11.022727272727273
TRIPLE_ALL,ped_damsire_distance_band_margin_observations,DISTANCE,1217,337,880,1217,100.0,562.4391691394659,617.4704545454546,239.0,233.0,-0.07272235104128962,0.07272235104128962,0.49445980577286214,0.5055401942271378,LOWER_COLLAPSE,0.0,0.0
TRIPLE_ALL,actor_trainer_all_effective_top3_rate,ACTOR,1217,337,880,1217,100.0,0.2719609221692802,0.2718895839604421,0.27059786002316333,0.26601449818776723,0.0010869460724184546,0.0010869460724184546,0.5054761262476396,0.5054761262476396,HIGHER_COLLAPSE,0.0,0.0
TRIPLE_ALL,auto_history_margin_lengths_recency_weighted_mean,WEIGHT_BODY,1217,337,880,1085,89.15365653245686,1.7561680394498373,1.7388527895134274,1.5,1.5,0.017831205106237282,0.017831205106237282,0.5054278416347382,0.5054278416347382,HIGHER_COLLAPSE,10.385756676557865,11.022727272727273
TRIPLE_ALL,auto_margin_gap_within_100m_mean,HISTORY_FRAGILITY,1217,337,880,787,64.66721446179129,1.7967208520179372,1.8355492935945064,1.5,1.5,-0.031947939355046494,0.031947939355046494,0.5052833699074516,0.5052833699074516,LOWER_COLLAPSE,33.82789317507419,35.90909090909091
TRIPLE_ALL,actor_trainer_all_top3_rate,ACTOR,1217,337,880,1217,100.0,0.27284060672929406,0.27252976236590715,0.27124183006535946,0.2668942294386273,0.004617483388031481,0.004617483388031481,0.5052468303210143,0.5052468303210143,HIGHER_COLLAPSE,0.0,0.0
TRIPLE_ALL,ped_damsire_surface_starts,RACE_CONDITION,1217,337,880,1217,100.0,1671.4688427299702,1753.221590909091,597.0,721.5,-0.0412320737005556,0.0412320737005556,0.4947700296735905,0.5052299703264095,LOWER_COLLAPSE,0.0,0.0
TRIPLE_ALL,ped_damsire_surface_win_observations,RACE_CONDITION,1217,337,880,1217,100.0,1671.4688427299702,1753.221590909091,597.0,721.5,-0.0412320737005556,0.0412320737005556,0.4947700296735905,0.5052299703264095,LOWER_COLLAPSE,0.0,0.0
TRIPLE_ALL,ped_damsire_surface_top3_observations,RACE_CONDITION,1217,337,880,1217,100.0,1671.4688427299702,1753.221590909091,597.0,721.5,-0.0412320737005556,0.0412320737005556,0.4947700296735905,0.5052299703264095,LOWER_COLLAPSE,0.0,0.0
TRIPLE_ALL,ped_damsire_race_class_fallback_level,OTHER,1217,337,880,1217,100.0,0.05341246290801187,0.0659090909090909,0.0,0.0,-0.050225735090810006,0.050225735090810006,0.4948273536552468,0.5051726463447532,LOWER_COLLAPSE,0.0,0.0
TRIPLE_ALL,style_recent_avg_first_ratio,STYLE_POSITION,1217,337,880,1190,97.78142974527528,0.38153891312427063,0.3794796753597723,0.3624747474747475,0.3682251082251082,0.011172034947956464,0.011172034947956464,0.5051717625296097,0.5051717625296097,HIGHER_COLLAPSE,2.3738872403560833,2.159090909090909
TRIPLE_ALL,ped_damsire_distance_band_starts,DISTANCE,1217,337,880,1217,100.0,1032.759643916914,1131.3727272727272,428.0,406.5,-0.07124326589861434,0.07124326589861434,0.49491165362827083,0.5050883463717292,LOWER_COLLAPSE,0.0,0.0
TRIPLE_ALL,ped_damsire_distance_band_win_observations,DISTANCE,1217,337,880,1217,100.0,1032.759643916914,1131.3727272727272,428.0,406.5,-0.07124326589861434,0.07124326589861434,0.49491165362827083,0.5050883463717292,LOWER_COLLAPSE,0.0,0.0
TRIPLE_ALL,ped_damsire_distance_band_top3_observations,DISTANCE,1217,337,880,1217,100.0,1032.759643916914,1131.3727272727272,428.0,406.5,-0.07124326589861434,0.07124326589861434,0.49491165362827083,0.5050883463717292,LOWER_COLLAPSE,0.0,0.0
TRIPLE_ALL,meeting_no,OTHER,1217,337,880,1217,100.0,2.712166172106825,2.625,2.0,2.0,0.05712080272606979,0.05712080272606979,0.5050293363906123,0.5050293363906123,HIGHER_COLLAPSE,0.0,0.0
TRIPLE_ALL,ped_damsire_distance_band_fallback_level,DISTANCE,1217,337,880,1217,100.0,0.03560830860534125,0.04772727272727273,0.0,0.0,-0.056668360840572404,0.056668360840572404,0.4950364175883464,0.5049635824116536,LOWER_COLLAPSE,0.0,0.0
TRIPLE_ALL,actor_trainer_race_class_effective_win_rate,ACTOR,1217,337,880,1217,100.0,0.1003534362625068,0.0997478927585302,0.09603540695447728,0.09568966373099691,0.015870707438770726,0.015870707438770726,0.5049231184246021,0.5049231184246021,HIGHER_COLLAPSE,0.0,0.0
TRIPLE_ALL,actor_trainer_venue_effective_top3_rate,ACTOR,1217,337,880,1217,100.0,0.27139023514565974,0.2744599397275295,0.2691560185305004,0.26718723446892,-0.04265933293535164,0.04265933293535164,0.4950836255732398,0.5049163744267602,LOWER_COLLAPSE,0.0,0.0
TRIPLE_ALL,ped_damsire_distance_band_effective_top3_rate,DISTANCE,1217,337,880,1217,100.0,0.24851336007133787,0.24797342341140768,0.23724544058344732,0.2382051616639667,0.010352098846163053,0.010352098846163053,0.5048860264364715,0.5048860264364715,HIGHER_COLLAPSE,0.0,0.0
TRIPLE_ALL,auto_margin_gap_within_300m_success_rate,HISTORY_FRAGILITY,1217,337,880,1110,91.20788824979458,0.41531899366036296,0.4221841979231937,0.4,0.4,-0.020409568038389118,0.020409568038389118,0.49520619081559925,0.5047938091844008,LOWER_COLLAPSE,9.495548961424333,8.522727272727272
TRIPLE_ALL,ped_sire_surface_fallback_level,RACE_CONDITION,1217,337,880,1217,100.0,0.002967359050445104,0.013636363636363636,0.0,0.0,-0.09655877361741888,0.09655877361741888,0.4952319935257621,0.5047680064742379,LOWER_COLLAPSE,0.0,0.0
TRIPLE_ALL,auto_margin_gap_same_direction_success_rate,HISTORY_FRAGILITY,1217,337,880,975,80.11503697617091,0.42915783047361994,0.4382579789631072,0.4,0.42857142857142855,-0.025216314639724898,0.025216314639724898,0.4952777516880081,0.504722248311992,LOWER_COLLAPSE,18.991097922848667,20.227272727272727
TRIPLE_ALL,ped_damsire_course_layout_avg_margin_lengths,RACE_CONDITION,1217,337,880,1208,99.26047658175843,1.9887731770594115,1.9909817923221484,1.9955089820359282,1.9997195213163799,-0.008709585145784682,0.008709585145784682,0.4954092809179394,0.5045907190820607,LOWER_COLLAPSE,0.0,1.0227272727272727
TRIPLE_ALL,ped_damsire_surface_margin_observations,RACE_CONDITION,1217,337,880,1217,100.0,900.6913946587537,948.5045454545455,334.0,370.0,-0.04470173799090539,0.04470173799090539,0.49544780145670353,0.5045521985432965,LOWER_COLLAPSE,0.0,0.0
TRIPLE_ALL,ped_sire_venue_margin_observations,RACE_CONDITION,1217,337,880,1217,100.0,183.7507418397626,195.02727272727273,119.0,120.5,-0.057434244785550946,0.057434244785550946,0.5044476665767467,0.5044476665767467,LOWER_COLLAPSE,0.0,0.0
TRIPLE_ALL,auto_margin_gap_same_direction_mean,HISTORY_FRAGILITY,1217,337,880,865,71.07641741988496,1.6714884265394467,1.7301425836708095,1.4583333333333333,1.5,-0.05539937442602976,0.05539937442602976,0.4956221198156682,0.5043778801843317,LOWER_COLLAPSE,27.299703264094955,29.545454545454547
TRIPLE_ALL,actor_trainer_venue_top3_rate,ACTOR,1217,337,880,1215,99.83566146261298,0.27868685509508073,0.28155069440831465,0.2748091603053435,0.27350427350427353,-0.03395649909412775,0.03395649909412775,0.49562669406460597,0.5043733059353941,LOWER_COLLAPSE,0.0,0.22727272727272727
TRIPLE_ALL,ped_damsire_going_effective_avg_margin_lengths,HISTORY_FRAGILITY,1217,337,880,1217,100.0,1.9806744616851342,1.9869955314797907,1.9819242076556276,1.9900900109420259,-0.03760472779001842,0.03760472779001842,0.49571924736984085,0.5042807526301591,LOWER_COLLAPSE,0.0,0.0
TRIPLE_ALL,ped_sire_venue_effective_starts,RACE_CONDITION,1217,337,880,1217,100.0,340.0326409495549,698.9193181818182,193.0,198.0,-0.04134790469746089,0.04134790469746089,0.5042335446452657,0.5042335446452657,LOWER_COLLAPSE,0.0,0.0
TRIPLE_ALL,ped_damsire_all_top3_rate,OTHER,1217,337,880,1215,99.83566146261298,0.2566197788796097,0.2646823061091495,0.24150485436893204,0.24194151192185911,-0.07261690190372415,0.07261690190372415,0.5042043219347992,0.5042043219347992,LOWER_COLLAPSE,0.0,0.22727272727272727
TRIPLE_ALL,style_recent_avg_position_gain,STYLE_POSITION,1217,337,880,1190,97.78142974527528,0.605696675833454,0.6134395221503236,0.3333333333333333,0.3333333333333333,-0.0071908096245986855,0.0071908096245986855,0.49586612018964304,0.504133879810357,LOWER_COLLAPSE,2.3738872403560833,2.159090909090909
TRIPLE_ALL,auto_history_margin_small_gap_rate,HISTORY_FRAGILITY,1217,337,880,1155,94.90550534100247,0.4302506934410813,0.4362110699903514,0.4083333333333333,0.42857142857142855,-0.019719956443613705,0.019719956443613705,0.4958841474869067,0.5041158525130933,LOWER_COLLAPSE,5.637982195845697,4.886363636363637
TRIPLE_ALL,ped_sire_going_fallback_level,OTHER,1217,337,880,1217,100.0,0.008902077151335312,0.01818181818181818,0.0,0.0,-0.07112523098162364,0.07112523098162364,0.49592325330455894,0.504076746695441,LOWER_COLLAPSE,0.0,0.0
TRIPLE_ALL,auto_history_margin_lengths_ewma,HISTORY_FRAGILITY,1217,337,880,1085,89.15365653245686,1.7577252924837024,1.7493753055655332,1.5,1.5,0.007992968890981497,0.007992968890981497,0.5039836593844358,0.5039836593844358,HIGHER_COLLAPSE,10.385756676557865,11.022727272727273
TRIPLE_ALL,ped_damsire_course_layout_starts,RACE_CONDITION,1217,337,880,1217,100.0,2727.635014836795,2852.753409090909,1069.0,1248.0,-0.03924090684499684,0.03924090684499684,0.49609353925006744,0.5039064607499326,LOWER_COLLAPSE,0.0,0.0
TRIPLE_ALL,ped_damsire_course_layout_win_observations,RACE_CONDITION,1217,337,880,1217,100.0,2727.635014836795,2852.753409090909,1069.0,1248.0,-0.03924090684499684,0.03924090684499684,0.49609353925006744,0.5039064607499326,LOWER_COLLAPSE,0.0,0.0
TRIPLE_ALL,ped_damsire_course_layout_top3_observations,RACE_CONDITION,1217,337,880,1217,100.0,2727.635014836795,2852.753409090909,1069.0,1248.0,-0.03924090684499684,0.03924090684499684,0.49609353925006744,0.5039064607499326,LOWER_COLLAPSE,0.0,0.0
TRIPLE_ALL,ped_sire_course_layout_fallback_level,RACE_CONDITION,1217,337,880,1217,100.0,0.005934718100890208,0.014772727272727272,0.0,0.0,-0.07516896207165295,0.07516896207165295,0.49614580523334234,0.5038541947666577,LOWER_COLLAPSE,0.0,0.0
TRIPLE_ALL,same_venue_starts,RACE_CONDITION,1217,337,880,1217,100.0,1.4391691394658754,1.384090909090909,1.0,1.0,0.03492848907072866,0.03492848907072866,0.5037631507957917,0.5037631507957917,HIGHER_COLLAPSE,0.0,0.0
TRIPLE_ALL,timepace_recent_avg_standard_fallback_level,PACE_TIME,1217,337,880,1190,97.78142974527528,0.0022579244463742944,0.00286488579171506,0.0,0.0,-0.02636886439666322,0.02636886439666322,0.4962544436560301,0.5037455563439699,LOWER_COLLAPSE,2.3738872403560833,2.159090909090909
TRIPLE_ALL,auto_margin_gap_within_100m_success_rate,HISTORY_FRAGILITY,1217,337,880,921,75.67789646672145,0.4282827627315816,0.4287992741890792,0.5,0.4,-0.0013374196946910454,0.0013374196946910454,0.5035828542421703,0.5035828542421703,LOWER_COLLAPSE,24.629080118694365,24.204545454545453
TRIPLE_ALL,ped_damsire_race_class_win_rate,OTHER,1217,337,880,1192,97.94576828266229,0.08803237185769616,0.08799459990004109,0.07627118644067797,0.07614213197969544,0.0005409952673246421,0.0005409952673246421,0.5034815287028004,0.5034815287028004,HIGHER_COLLAPSE,2.3738872403560833,1.9318181818181817
TRIPLE_ALL,ped_damsire_race_class_effective_win_rate,OTHER,1217,337,880,1217,100.0,0.08267505375511115,0.0823890746638168,0.07652644765559334,0.07682554458920016,0.010347710572602854,0.010347710572602854,0.4965571891016995,0.5034428108983005,HIGHER_COLLAPSE,0.0,0.0
TRIPLE_ALL,auto_history_margin_lengths_max,HISTORY_FRAGILITY,1217,337,880,1085,89.15365653245686,2.9130794701986753,2.9492337164750957,2.5,2.5,-0.01838950411078795,0.01838950411078795,0.4965661025263674,0.5034338974736325,LOWER_COLLAPSE,10.385756676557865,11.022727272727273
TRIPLE_ALL,auto_margin_gap_same_age_condition_median,HISTORY_FRAGILITY,1217,337,880,712,58.504519309778146,1.6262886597938144,1.7000482625482625,1.5,1.375,-0.06378112653379316,0.06378112653379316,0.5033883294192573,0.5033883294192573,LOWER_COLLAPSE,42.433234421364986,41.13636363636364
TRIPLE_ALL,auto_margin_gap_same_venue_starts,RACE_CONDITION,1217,337,880,1217,100.0,1.4391691394658754,1.3863636363636365,1.0,1.0,0.033429398111403004,0.033429398111403004,0.5033787429188022,0.5033787429188022,HIGHER_COLLAPSE,0.0,0.0
TRIPLE_ALL,auto_margin_gap_same_distance_observations,DISTANCE,1217,337,880,1217,100.0,1.1216617210682494,1.1045454545454545,1.0,1.0,0.01211701392773664,0.01211701392773664,0.503356824925816,0.503356824925816,HIGHER_COLLAPSE,0.0,0.0
TRIPLE_ALL,auto_margin_gap_same_age_condition_starts,HISTORY_FRAGILITY,1217,337,880,1217,100.0,2.0089020771513355,1.9113636363636364,1.0,1.0,0.04538400394418582,0.04538400394418582,0.4967257890477475,0.5032742109522526,HIGHER_COLLAPSE,0.0,0.0
TRIPLE_ALL,ped_damsire_course_layout_margin_observations,RACE_CONDITION,1217,337,880,1217,100.0,1709.353115727003,1786.634090909091,686.0,770.0,-0.03885878827015506,0.03885878827015506,0.49673927704343135,0.5032607229565687,LOWER_COLLAPSE,0.0,0.0
TRIPLE_ALL,ped_damsire_going_top3_rate,OTHER,1217,337,880,1208,99.26047658175843,0.2572188782134723,0.26177023958156254,0.23427539517965523,0.23445828891257997,-0.03771873187106197,0.03771873187106197,0.5031331913499345,0.5031331913499345,LOWER_COLLAPSE,0.2967359050445104,0.9090909090909091
TRIPLE_ALL,ped_damsire_venue_avg_margin_lengths,RACE_CONDITION,1217,337,880,1178,96.79539852095317,1.9752324319652208,1.9886200930251856,1.9807692307692308,1.9758440046565775,-0.0323804865274603,0.0323804865274603,0.4969092977881772,0.5030907022118227,LOWER_COLLAPSE,1.7804154302670623,3.75
TRIPLE_ALL,actor_jockey_race_class_fallback_level,ACTOR,1217,337,880,1217,100.0,0.002967359050445104,0.010227272727272727,0.0,0.0,-0.07334240206787498,0.07334240206787498,0.49693653898030754,0.5030634610196925,LOWER_COLLAPSE,0.0,0.0
TRIPLE_ALL,actor_jockey_recent_starts,ACTOR,1217,337,880,1217,100.0,29.937685459940653,29.811363636363637,30.0,30.0,0.06695834534971293,0.06695834534971293,0.5030634610196925,0.5030634610196925,HIGHER_COLLAPSE,0.0,0.0
TRIPLE_ALL,actor_jockey_recent_win_observations,ACTOR,1217,337,880,1217,100.0,29.937685459940653,29.811363636363637,30.0,30.0,0.06695834534971293,0.06695834534971293,0.5030634610196925,0.5030634610196925,HIGHER_COLLAPSE,0.0,0.0
TRIPLE_ALL,actor_jockey_recent_top3_observations,ACTOR,1217,337,880,1217,100.0,29.937685459940653,29.811363636363637,30.0,30.0,0.06695834534971293,0.06695834534971293,0.5030634610196925,0.5030634610196925,HIGHER_COLLAPSE,0.0,0.0
TRIPLE_ALL,actor_trainer_recent_top3_rate,ACTOR,1217,337,880,1217,100.0,0.2928783382789318,0.2905199724517906,0.26666666666666666,0.26666666666666666,0.021294186839684443,0.021294186839684443,0.5030010790396547,0.5030010790396547,HIGHER_COLLAPSE,0.0,0.0
TRIPLE_ALL,auto_history_margin_lengths_rolling_3_mean,HISTORY_FRAGILITY,1217,337,880,1085,89.15365653245686,1.742135761589404,1.7641017454235843,1.5,1.5,-0.021203844286915883,0.021203844286915883,0.49700168311723464,0.5029983168827654,LOWER_COLLAPSE,10.385756676557865,11.022727272727273
TRIPLE_ALL,ped_damsire_going_effective_win_rate,OTHER,1217,337,880,1217,100.0,0.08342808957102588,0.08323319486604638,0.07879364684768084,0.07909232160686425,0.0073515187011127196,0.0073515187011127196,0.4970747909360669,0.5029252090639331,HIGHER_COLLAPSE,0.0,0.0
TRIPLE_ALL,auto_margin_gap_same_age_condition_observations,HISTORY_FRAGILITY,1217,337,880,1217,100.0,1.2077151335311573,1.1636363636363636,1.0,1.0,0.029246319672433404,0.029246319672433404,0.49709670892905317,0.5029032910709468,HIGHER_COLLAPSE,0.0,0.0
TRIPLE_ALL,ped_damsire_all_margin_observations,HISTORY_FRAGILITY,1217,337,880,1217,100.0,1781.706231454006,1820.3136363636363,726.0,819.0,-0.01923979684602693,0.01923979684602693,0.5028965470731049,0.5028965470731049,LOWER_COLLAPSE,0.0,0.0
TRIPLE_ALL,actor_jockey_surface_fallback_level,ACTOR,1217,337,880,1217,100.0,0.0,0.006818181818181818,0.0,0.0,-0.08424128532964062,0.08424128532964062,0.4971590909090909,0.5028409090909092,LOWER_COLLAPSE,0.0,0.0
TRIPLE_ALL,lap_recent_avg_first3,PACE_TIME,1217,337,880,1181,97.04190632703369,11.86793654863655,11.859891398407754,11.888888888888891,11.866666666666667,0.020659442559197858,0.020659442559197858,0.5027983465132998,0.5027983465132998,HIGHER_COLLAPSE,3.5608308605341246,2.727272727272727
TRIPLE_ALL,timepace_even_pace_starts,PACE_TIME,1217,337,880,1217,100.0,1.9406528189910979,1.9534090909090909,2.0,2.0,-0.008343728559460063,0.008343728559460063,0.49724844888049635,0.5027515511195036,LOWER_COLLAPSE,0.0,0.0
TRIPLE_ALL,ped_damsire_venue_effective_avg_margin_lengths,RACE_CONDITION,1217,337,880,1217,100.0,2.003144379939538,1.9981783365370003,1.9863663472186068,1.9795299366621162,0.024393201597508858,0.024393201597508858,0.5027195171297545,0.5027195171297545,HIGHER_COLLAPSE,0.0,0.0
TRIPLE_ALL,auto_margin_gap_within_400m_mean,HISTORY_FRAGILITY,1217,337,880,1074,88.24979457682826,1.8092179612381631,1.796858219179648,1.53125,1.5,0.011977869843912808,0.011977869843912808,0.497319830653164,0.502680169346836,HIGHER_COLLAPSE,11.869436201780417,11.704545454545455
TRIPLE_ALL,auto_margin_gap_same_surface_mean,RACE_CONDITION,1217,337,880,1019,83.7304847986853,1.797834548883656,1.7645600424609218,1.5364583333333335,1.55,0.03312868473111999,0.03312868473111999,0.502600038662285,0.502600038662285,HIGHER_COLLAPSE,16.913946587537094,16.022727272727273
TRIPLE_ALL,auto_history_margin_lengths_min,HISTORY_FRAGILITY,1217,337,880,1085,89.15365653245686,0.9933774834437086,0.9853128991060025,0.75,0.75,0.00954988582126431,0.00954988582126431,0.4974013177370108,0.5025986822629892,HIGHER_COLLAPSE,10.385756676557865,11.022727272727273
TRIPLE_ALL,body_weight_diff,WEIGHT_BODY,1217,337,880,1214,99.75349219391948,0.8712574850299402,0.7318181818181818,0.0,0.0,0.025208221930116854,0.025208221930116854,0.5025976456178552,0.5025976456178552,HIGHER_COLLAPSE,0.8902077151335311,0.0
TRIPLE_ALL,ped_sire_venue_effective_margin_observations,RACE_CONDITION,1217,337,880,1217,100.0,184.36498516320475,374.07954545454544,119.0,121.5,-0.042277316970415924,0.042277316970415924,0.5025745211761532,0.5025745211761532,LOWER_COLLAPSE,0.0,0.0
TRIPLE_ALL,auto_history_margin_lengths_rolling_2_mean,HISTORY_FRAGILITY,1217,337,880,1085,89.15365653245686,1.7483443708609272,1.749361430395913,1.5,1.5,-0.000897171134685524,0.000897171134685524,0.5024760430675023,0.5024760430675023,LOWER_COLLAPSE,10.385756676557865,11.022727272727273
TRIPLE_ALL,distx_longer_starts,DISTANCE,1217,337,880,1217,100.0,1.7655786350148368,1.8068181818181819,1.0,1.0,-0.017630648344693207,0.017630648344693207,0.49755867278122473,0.5024413272187753,LOWER_COLLAPSE,0.0,0.0
TRIPLE_ALL,style_recent_avg_first_position,STYLE_POSITION,1217,337,880,1190,97.78142974527528,5.00888213441405,5.052026067879726,4.8,4.75,-0.01757182387750199,0.01757182387750199,0.4976100455750541,0.5023899544249459,LOWER_COLLAPSE,2.3738872403560833,2.159090909090909
TRIPLE_ALL,ped_damsire_all_starts,OTHER,1217,337,880,1217,100.0,3295.839762611276,3348.2193181818184,1315.0,1519.0,-0.014160187321617725,0.014160187321617725,0.502384003237119,0.502384003237119,LOWER_COLLAPSE,0.0,0.0
TRIPLE_ALL,ped_damsire_all_win_observations,OTHER,1217,337,880,1217,100.0,3295.839762611276,3348.2193181818184,1315.0,1519.0,-0.014160187321617725,0.014160187321617725,0.502384003237119,0.502384003237119,LOWER_COLLAPSE,0.0,0.0
TRIPLE_ALL,ped_damsire_all_top3_observations,OTHER,1217,337,880,1217,100.0,3295.839762611276,3348.2193181818184,1315.0,1519.0,-0.014160187321617725,0.014160187321617725,0.502384003237119,0.502384003237119,LOWER_COLLAPSE,0.0,0.0
TRIPLE_ALL,auto_history_speed_mps_gap_to_best,HISTORY_FRAGILITY,1217,337,880,1190,97.78142974527528,-0.31377284210141715,-0.32138756651336353,-0.10713119660445258,-0.12260374017088793,0.015624011013658318,0.015624011013658318,0.5023758335716227,0.5023758335716227,HIGHER_COLLAPSE,2.3738872403560833,2.159090909090909
TRIPLE_ALL,auto_margin_gap_same_course_layout_mean,RACE_CONDITION,1217,337,880,1075,88.33196384552178,1.7621607397232397,1.7518083171308978,1.5505050505050506,1.5,0.010671176717822344,0.010671176717822344,0.5023720430107527,0.5023720430107527,HIGHER_COLLAPSE,10.979228486646884,11.931818181818182
TRIPLE_ALL,ped_sire_race_class_fallback_level,OTHER,1217,337,880,1217,100.0,0.05341246290801187,0.05909090909090909,0.0,0.0,-0.024008901059810062,0.024008901059810062,0.49769861073644456,0.5023013892635555,LOWER_COLLAPSE,0.0,0.0
TRIPLE_ALL,ped_damsire_distance_band_top3_rate,DISTANCE,1217,337,880,1211,99.50698438783895,0.27004969407781676,0.28291748860257376,0.24107431134977145,0.24250681198910082,-0.09125933969034039,0.09125933969034039,0.49770578231292517,0.5022942176870748,LOWER_COLLAPSE,0.2967359050445104,0.5681818181818182
TRIPLE_ALL,auto_history_last_3f_gap_to_best,PACE_TIME,1217,337,880,1190,97.78142974527528,1.0346504559270515,1.0349593495934961,0.5999999999999943,0.6000000000000014,-0.00024567307086017555,0.00024567307086017555,0.5020369330918667,0.5020369330918667,LOWER_COLLAPSE,2.3738872403560833,2.159090909090909
TRIPLE_ALL,actor_jockey_recent_effective_starts,ACTOR,1217,337,880,1217,100.0,29.937685459940653,371.13522727272726,30.0,30.0,-0.039621850298406376,0.039621850298406376,0.5019270973833289,0.5019270973833289,LOWER_COLLAPSE,0.0,0.0
TRIPLE_ALL,actor_trainer_race_class_fallback_level,ACTOR,1217,337,880,1217,100.0,0.0,0.003409090909090909,0.0,0.0,-0.06872387410335368,0.06872387410335368,0.49829545454545454,0.5017045454545455,LOWER_COLLAPSE,0.0,0.0
TRIPLE_ALL,actor_trainer_recent_starts,ACTOR,1217,337,880,1217,100.0,30.0,29.961363636363636,30.0,30.0,0.0658172868515535,0.0658172868515535,0.5017045454545455,0.5017045454545455,HIGHER_COLLAPSE,0.0,0.0
TRIPLE_ALL,actor_trainer_recent_win_observations,ACTOR,1217,337,880,1217,100.0,30.0,29.961363636363636,30.0,30.0,0.0658172868515535,0.0658172868515535,0.5017045454545455,0.5017045454545455,HIGHER_COLLAPSE,0.0,0.0
TRIPLE_ALL,actor_trainer_recent_top3_observations,ACTOR,1217,337,880,1217,100.0,30.0,29.961363636363636,30.0,30.0,0.0658172868515535,0.0658172868515535,0.5017045454545455,0.5017045454545455,HIGHER_COLLAPSE,0.0,0.0
TRIPLE_ALL,actor_trainer_recent_effective_starts,ACTOR,1217,337,880,1217,100.0,30.0,29.961363636363636,30.0,30.0,0.0658172868515535,0.0658172868515535,0.5017045454545455,0.5017045454545455,HIGHER_COLLAPSE,0.0,0.0
TRIPLE_ALL,actor_jockey_recent_fallback_level,ACTOR,1217,337,880,1217,100.0,0.0,0.004545454545454545,0.0,0.0,-0.06478117991414911,0.06478117991414911,0.49829545454545454,0.5017045454545455,LOWER_COLLAPSE,0.0,0.0
TRIPLE_ALL,ped_damsire_race_class_effective_top3_rate,OTHER,1217,337,880,1217,100.0,0.2440082896150375,0.2435386540099073,0.2340145109392168,0.23164845358193534,0.008805876636463457,0.008805876636463457,0.4983915565147019,0.5016084434852981,HIGHER_COLLAPSE,0.0,0.0
TRIPLE_ALL,auto_history_carried_weight_rolling_2_mean,WEIGHT_BODY,1217,337,880,1190,97.78142974527528,55.995440729483285,55.97415795586527,56.0,56.0,0.014227877363563568,0.014227877363563568,0.5015885959988562,0.5015885959988562,HIGHER_COLLAPSE,2.3738872403560833,2.159090909090909
TRIPLE_ALL,style_recent_improve_rate,STYLE_POSITION,1217,337,880,1190,97.78142974527528,0.379541178173397,0.3808302453772837,0.3333333333333333,0.3333333333333333,-0.0043731618016499725,0.0043731618016499725,0.5014703338522747,0.5014703338522747,LOWER_COLLAPSE,2.3738872403560833,2.159090909090909
TRIPLE_ALL,ped_damsire_going_effective_starts,OTHER,1217,337,880,1217,100.0,1769.7240356083087,2579.3954545454544,554.0,621.0,-0.06275265333540986,0.06275265333540986,0.49854666846506607,0.5014533315349339,LOWER_COLLAPSE,0.0,0.0
TRIPLE_ALL,opponent_recent_avg_win_rate,FIELD_OPPONENT,1217,337,880,1190,97.78142974527528,0.09909754583483814,0.09768975122439746,0.08661418649951563,0.08676510989010988,0.026635635608061568,0.026635635608061568,0.49867440489428777,0.5013255951057123,HIGHER_COLLAPSE,2.3738872403560833,2.159090909090909
TRIPLE_ALL,auto_history_margin_lengths_rolling_5_mean,HISTORY_FRAGILITY,1217,337,880,1085,89.15365653245686,1.7567742825607064,1.75764687100894,1.5,1.5,-0.000889912992241113,0.000889912992241113,0.5012686813326229,0.5012686813326229,LOWER_COLLAPSE,10.385756676557865,11.022727272727273
TRIPLE_ALL,style_previous_position_gain,STYLE_POSITION,1217,337,880,1190,97.78142974527528,0.6778115501519757,0.6887340301974448,0.0,0.0,-0.006667163759109895,0.006667163759109895,0.5011861516791459,0.5011861516791459,LOWER_COLLAPSE,2.3738872403560833,2.159090909090909
TRIPLE_ALL,ped_damsire_all_fallback_level,OTHER,1217,337,880,1217,100.0,0.0,0.004545454545454545,0.0,0.0,-0.056080844227351226,0.056080844227351226,0.49886363636363634,0.5011363636363637,LOWER_COLLAPSE,0.0,0.0
TRIPLE_ALL,ped_damsire_going_effective_margin_observations,HISTORY_FRAGILITY,1217,337,880,1217,100.0,944.379821958457,1372.5306818181818,316.0,337.0,-0.06360828315483988,0.06360828315483988,0.49888218235770165,0.5011178176422983,LOWER_COLLAPSE,0.0,0.0
TRIPLE_ALL,actor_trainer_all_starts,ACTOR,1217,337,880,1217,100.0,1570.8842729970327,1577.825,1635.0,1640.0,-0.0129625996420031,0.0129625996420031,0.49892433234421363,0.5010756676557864,LOWER_COLLAPSE,0.0,0.0
TRIPLE_ALL,actor_trainer_all_win_observations,ACTOR,1217,337,880,1217,100.0,1570.8842729970327,1577.825,1635.0,1640.0,-0.0129625996420031,0.0129625996420031,0.49892433234421363,0.5010756676557864,LOWER_COLLAPSE,0.0,0.0
TRIPLE_ALL,actor_trainer_all_top3_observations,ACTOR,1217,337,880,1217,100.0,1570.8842729970327,1577.825,1635.0,1640.0,-0.0129625996420031,0.0129625996420031,0.49892433234421363,0.5010756676557864,LOWER_COLLAPSE,0.0,0.0
TRIPLE_ALL,actor_trainer_all_effective_starts,ACTOR,1217,337,880,1217,100.0,1570.8842729970327,1577.825,1635.0,1640.0,-0.0129625996420031,0.0129625996420031,0.49892433234421363,0.5010756676557864,LOWER_COLLAPSE,0.0,0.0
TRIPLE_ALL,auto_margin_gap_within_200m_success_rate,HISTORY_FRAGILITY,1217,337,880,1104,90.71487263763352,0.41803124260070856,0.4206871619307765,0.4,0.4,-0.007770363935875398,0.007770363935875398,0.49897203947368424,0.5010279605263157,LOWER_COLLAPSE,9.792284866468842,9.090909090909092
TRIPLE_ALL,actor_jockey_venue_fallback_level,ACTOR,1217,337,880,1217,100.0,0.005934718100890208,0.00909090909090909,0.0,0.0,-0.0318710991653337,0.0318710991653337,0.4989867143242514,0.5010132856757485,LOWER_COLLAPSE,0.0,0.0
TRIPLE_ALL,actor_jockey_distance_band_fallback_level,DISTANCE,1217,337,880,1217,100.0,0.005934718100890208,0.00909090909090909,0.0,0.0,-0.03187109916533369,0.03187109916533369,0.4989867143242514,0.5010132856757485,LOWER_COLLAPSE,0.0,0.0
TRIPLE_ALL,actor_trainer_surface_fallback_level,ACTOR,1217,337,880,1217,100.0,0.002967359050445104,0.0011363636363636363,0.0,0.0,0.045175858191661165,0.045175858191661165,0.5009154977070407,0.5009154977070407,HIGHER_COLLAPSE,0.0,0.0
TRIPLE_ALL,auto_margin_gap_same_age_condition_mean,HISTORY_FRAGILITY,1217,337,880,712,58.504519309778146,1.700566089837997,1.7612221915793345,1.5,1.5,-0.05327591272333765,0.05327591272333765,0.5007761811885523,0.5007761811885523,LOWER_COLLAPSE,42.433234421364986,41.13636363636364
TRIPLE_ALL,ped_damsire_all_effective_margin_observations,HISTORY_FRAGILITY,1217,337,880,1217,100.0,1781.706231454006,2192.846590909091,726.0,830.5,-0.05980573114042556,0.05980573114042556,0.5006238198003776,0.5006238198003776,LOWER_COLLAPSE,0.0,0.0
TRIPLE_ALL,ped_damsire_venue_top3_rate,RACE_CONDITION,1217,337,880,1195,98.19227608874282,0.2605462540757514,0.273068381684444,0.24185309948372452,0.23645320197044334,-0.0863059721156951,0.0863059721156951,0.5006142763405883,0.5006142763405883,LOWER_COLLAPSE,1.483679525222552,1.9318181818181817
TRIPLE_ALL,ped_sire_known,OTHER,1217,337,880,1217,100.0,1.0,0.9988636363636364,1.0,1.0,0.039632581863211745,0.039632581863211745,0.5005681818181819,0.5005681818181819,HIGHER_COLLAPSE,0.0,0.0
TRIPLE_ALL,ped_damsire_known,OTHER,1217,337,880,1217,100.0,1.0,0.9988636363636364,1.0,1.0,0.039632581863211745,0.039632581863211745,0.5005681818181819,0.5005681818181819,HIGHER_COLLAPSE,0.0,0.0
TRIPLE_ALL,ped_sire_all_fallback_level,OTHER,1217,337,880,1217,100.0,0.0,0.0022727272727272726,0.0,0.0,-0.03963258186321293,0.03963258186321293,0.4994318181818182,0.5005681818181817,LOWER_COLLAPSE,0.0,0.0
TRIPLE_ALL,actor_jockey_all_fallback_level,ACTOR,1217,337,880,1217,100.0,0.0,0.0022727272727272726,0.0,0.0,-0.03963258186321293,0.03963258186321293,0.4994318181818182,0.5005681818181817,LOWER_COLLAPSE,0.0,0.0
TRIPLE_ALL,actor_trainer_distance_band_fallback_level,DISTANCE,1217,337,880,1217,100.0,0.0,0.0011363636363636363,0.0,0.0,-0.03963258186321293,0.03963258186321293,0.4994318181818182,0.5005681818181817,LOWER_COLLAPSE,0.0,0.0
TRIPLE_ALL,timepace_recent_avg_normalized_time,PACE_TIME,1217,337,880,1190,97.78142974527528,0.3785375089085008,0.37034797383483953,0.38769434371232414,0.40431480328995983,0.01585058565904281,0.01585058565904281,0.5005118809329647,0.5005118809329647,HIGHER_COLLAPSE,2.3738872403560833,2.159090909090909
TRIPLE_ALL,ped_damsire_surface_win_rate,RACE_CONDITION,1217,337,880,1213,99.67132292522597,0.09119759460096281,0.09535466866848764,0.0807799442896936,0.08041349088449376,-0.056168857233384134,0.056168857233384134,0.4994985210621154,0.5005014789378845,LOWER_COLLAPSE,0.5934718100890208,0.22727272727272727
TRIPLE_ALL,auto_margin_gap_same_distance_success_observations,DISTANCE,1217,337,880,1217,100.0,1.6617210682492582,1.6,1.0,1.0,0.03301406820700766,0.03301406820700766,0.5004619638521716,0.5004619638521716,HIGHER_COLLAPSE,0.0,0.0
TRIPLE_ALL,auto_margin_gap_same_direction_median,HISTORY_FRAGILITY,1217,337,880,865,71.07641741988496,1.5801020408163264,1.6181451612903226,1.25,1.375,-0.03554324397705219,0.03554324397705219,0.4996741277156024,0.5003258722843976,LOWER_COLLAPSE,27.299703264094955,29.545454545454547
TRIPLE_ALL,auto_margin_gap_within_400m_success_rate,HISTORY_FRAGILITY,1217,337,880,1147,94.2481511914544,0.41596751100778817,0.41766109778966626,0.4,0.4,-0.005332576614878966,0.005332576614878966,0.49976105091718215,0.5002389490828179,LOWER_COLLAPSE,6.824925816023739,5.340909090909091
TRIPLE_ALL,ped_damsire_going_starts,OTHER,1217,337,880,1217,100.0,1768.9643916913947,1864.2125,554.0,603.5,-0.039775111364524836,0.039775111364524836,0.49976564607499324,0.5002343539250067,LOWER_COLLAPSE,0.0,0.0
TRIPLE_ALL,ped_damsire_going_win_observations,OTHER,1217,337,880,1217,100.0,1768.9643916913947,1864.2125,554.0,603.5,-0.039775111364524836,0.039775111364524836,0.49976564607499324,0.5002343539250067,LOWER_COLLAPSE,0.0,0.0
TRIPLE_ALL,ped_damsire_going_top3_observations,OTHER,1217,337,880,1217,100.0,1768.9643916913947,1864.2125,554.0,603.5,-0.039775111364524836,0.039775111364524836,0.49976564607499324,0.5002343539250067,LOWER_COLLAPSE,0.0,0.0
TRIPLE_ALL,ped_damsire_going_margin_observations,HISTORY_FRAGILITY,1217,337,880,1217,100.0,943.9525222551929,999.7727272727273,316.0,334.0,-0.04370175897674311,0.04370175897674311,0.5002309819260858,0.5002309819260858,LOWER_COLLAPSE,0.0,0.0
TRIPLE_ALL,actor_trainer_venue_fallback_level,ACTOR,1217,337,880,1217,100.0,0.002967359050445104,0.003409090909090909,0.0,0.0,-0.007711419768119297,0.007711419768119297,0.4997791340706771,0.5002208659293229,LOWER_COLLAPSE,0.0,0.0
TRIPLE_ALL,auto_history_margin_lengths_mean,HISTORY_FRAGILITY,1217,337,880,1085,89.15365653245686,1.7475741743539759,1.7534190173917188,1.5669642857142856,1.5,-0.006164253178657814,0.006164253178657814,0.4998223846134328,0.5001776153865671,LOWER_COLLAPSE,10.385756676557865,11.022727272727273
TRIPLE_ALL,ped_damsire_all_effective_starts,OTHER,1217,337,880,1217,100.0,3295.839762611276,4063.0,1315.0,1530.5,-0.05834448232840588,0.05834448232840588,0.5001112759643916,0.5001112759643916,LOWER_COLLAPSE,0.0,0.0
TRIPLE_ALL,auto_history_last_3f_missing_count,PACE_TIME,1217,337,880,1217,100.0,0.008902077151335312,0.0125,0.0,0.0,-0.02815886808040233,0.02815886808040233,0.4998904100350688,0.5001095899649313,LOWER_COLLAPSE,0.0,0.0
TRIPLE_ALL,auto_history_speed_mps_missing_count,HISTORY_FRAGILITY,1217,337,880,1217,100.0,0.008902077151335312,0.0125,0.0,0.0,-0.02815886808040233,0.02815886808040233,0.4998904100350688,0.5001095899649313,LOWER_COLLAPSE,0.0,0.0
TRIPLE_ALL,actor_horse_jockey_recent_fallback_level,ACTOR,1217,337,880,1217,100.0,1.3353115727002967,1.3431818181818183,1.0,1.0,-0.01323764000077898,0.01323764000077898,0.5000961019692474,0.5000961019692474,LOWER_COLLAPSE,0.0,0.0
TRIPLE_ALL,auto_margin_gap_same_venue_success_observations,RACE_CONDITION,1217,337,880,1217,100.0,1.1068249258160237,1.0795454545454546,1.0,1.0,0.020061460719916293,0.020061460719916293,0.5000303479902887,0.5000303479902887,HIGHER_COLLAPSE,0.0,0.0
TRIPLE_ALL,ped_sire_distance_band_fallback_level,DISTANCE,1217,337,880,1217,100.0,0.01483679525222552,0.015909090909090907,0.0,0.0,-0.00821457528113194,0.00821457528113194,0.5000236039924467,0.5000236039924467,LOWER_COLLAPSE,0.0,0.0
TRIPLE_ALL,style_recent_avg_last_ratio,STYLE_POSITION,1217,337,880,1190,97.78142974527528,0.3347622950400098,0.33397726560958935,0.3191432178932179,0.3222222222222222,0.0050812801320111985,0.0050812801320111985,0.49998234893334603,0.500017651066654,HIGHER_COLLAPSE,2.3738872403560833,2.159090909090909
TRIPLE_ALL,ped_sire_surface_condition_known,RACE_CONDITION,1217,337,880,1217,100.0,1.0,1.0,1.0,1.0,0.0,0.0,0.5,0.5,FLAT,0.0,0.0
TRIPLE_ALL,ped_sire_venue_condition_known,RACE_CONDITION,1217,337,880,1217,100.0,1.0,1.0,1.0,1.0,0.0,0.0,0.5,0.5,FLAT,0.0,0.0
TRIPLE_ALL,ped_sire_course_layout_condition_known,RACE_CONDITION,1217,337,880,1217,100.0,1.0,1.0,1.0,1.0,0.0,0.0,0.5,0.5,FLAT,0.0,0.0
TRIPLE_ALL,ped_sire_going_condition_known,OTHER,1217,337,880,1217,100.0,1.0,1.0,1.0,1.0,0.0,0.0,0.5,0.5,FLAT,0.0,0.0
TRIPLE_ALL,ped_sire_distance_band_condition_known,DISTANCE,1217,337,880,1217,100.0,1.0,1.0,1.0,1.0,0.0,0.0,0.5,0.5,FLAT,0.0,0.0
TRIPLE_ALL,ped_sire_race_class_condition_known,OTHER,1217,337,880,1217,100.0,1.0,1.0,1.0,1.0,0.0,0.0,0.5,0.5,FLAT,0.0,0.0
TRIPLE_ALL,ped_damsire_surface_condition_known,RACE_CONDITION,1217,337,880,1217,100.0,1.0,1.0,1.0,1.0,0.0,0.0,0.5,0.5,FLAT,0.0,0.0
TRIPLE_ALL,ped_damsire_venue_condition_known,RACE_CONDITION,1217,337,880,1217,100.0,1.0,1.0,1.0,1.0,0.0,0.0,0.5,0.5,FLAT,0.0,0.0
TRIPLE_ALL,ped_damsire_course_layout_condition_known,RACE_CONDITION,1217,337,880,1217,100.0,1.0,1.0,1.0,1.0,0.0,0.0,0.5,0.5,FLAT,0.0,0.0
TRIPLE_ALL,ped_damsire_going_condition_known,OTHER,1217,337,880,1217,100.0,1.0,1.0,1.0,1.0,0.0,0.0,0.5,0.5,FLAT,0.0,0.0
TRIPLE_ALL,ped_damsire_distance_band_condition_known,DISTANCE,1217,337,880,1217,100.0,1.0,1.0,1.0,1.0,0.0,0.0,0.5,0.5,FLAT,0.0,0.0
TRIPLE_ALL,ped_damsire_race_class_condition_known,OTHER,1217,337,880,1217,100.0,1.0,1.0,1.0,1.0,0.0,0.0,0.5,0.5,FLAT,0.0,0.0
TRIPLE_ALL,actor_jockey_known,ACTOR,1217,337,880,1217,100.0,1.0,1.0,1.0,1.0,0.0,0.0,0.5,0.5,FLAT,0.0,0.0
TRIPLE_ALL,actor_jockey_surface_condition_known,ACTOR,1217,337,880,1217,100.0,1.0,1.0,1.0,1.0,0.0,0.0,0.5,0.5,FLAT,0.0,0.0
TRIPLE_ALL,actor_jockey_venue_condition_known,ACTOR,1217,337,880,1217,100.0,1.0,1.0,1.0,1.0,0.0,0.0,0.5,0.5,FLAT,0.0,0.0
TRIPLE_ALL,actor_jockey_distance_band_condition_known,DISTANCE,1217,337,880,1217,100.0,1.0,1.0,1.0,1.0,0.0,0.0,0.5,0.5,FLAT,0.0,0.0
TRIPLE_ALL,actor_jockey_race_class_condition_known,ACTOR,1217,337,880,1217,100.0,1.0,1.0,1.0,1.0,0.0,0.0,0.5,0.5,FLAT,0.0,0.0
TRIPLE_ALL,actor_trainer_known,ACTOR,1217,337,880,1217,100.0,1.0,1.0,1.0,1.0,0.0,0.0,0.5,0.5,FLAT,0.0,0.0
TRIPLE_ALL,actor_trainer_all_fallback_level,ACTOR,1217,337,880,1217,100.0,0.0,0.0,0.0,0.0,0.0,0.0,0.5,0.5,FLAT,0.0,0.0
TRIPLE_ALL,actor_trainer_recent_fallback_level,ACTOR,1217,337,880,1217,100.0,0.0,0.0,0.0,0.0,0.0,0.0,0.5,0.5,FLAT,0.0,0.0
TRIPLE_ALL,actor_trainer_surface_condition_known,ACTOR,1217,337,880,1217,100.0,1.0,1.0,1.0,1.0,0.0,0.0,0.5,0.5,FLAT,0.0,0.0
TRIPLE_ALL,actor_trainer_venue_condition_known,ACTOR,1217,337,880,1217,100.0,1.0,1.0,1.0,1.0,0.0,0.0,0.5,0.5,FLAT,0.0,0.0
TRIPLE_ALL,actor_trainer_distance_band_condition_known,DISTANCE,1217,337,880,1217,100.0,1.0,1.0,1.0,1.0,0.0,0.0,0.5,0.5,FLAT,0.0,0.0
TRIPLE_ALL,actor_trainer_race_class_condition_known,ACTOR,1217,337,880,1217,100.0,1.0,1.0,1.0,1.0,0.0,0.0,0.5,0.5,FLAT,0.0,0.0
TRIPLE_ALL,actor_horse_jockey_known,ACTOR,1217,337,880,1217,100.0,1.0,1.0,1.0,1.0,0.0,0.0,0.5,0.5,FLAT,0.0,0.0
TRIPLE_ALL,auto_history_distance_m_missing_count,DISTANCE,1217,337,880,1217,100.0,0.0,0.0,0.0,0.0,0.0,0.0,0.5,0.5,FLAT,0.0,0.0
TRIPLE_ALL,auto_history_body_weight_missing_count,WEIGHT_BODY,1217,337,880,1217,100.0,0.0,0.0,0.0,0.0,0.0,0.0,0.5,0.5,FLAT,0.0,0.0
TRIPLE_ALL,auto_history_carried_weight_missing_count,WEIGHT_BODY,1217,337,880,1217,100.0,0.0,0.0,0.0,0.0,0.0,0.0,0.5,0.5,FLAT,0.0,0.0
TRIPLE_ALL,auto_history_margin_large_rate,HISTORY_FRAGILITY,1217,337,880,1156,94.98767460969597,0.0,0.0,0.0,0.0,0.0,0.0,0.5,0.5,FLAT,5.637982195845697,4.772727272727273
