year,race_id,candidate,label_ja,top6_horse_ids,top6_horse_numbers,top6_probabilities,top6_count
2024,202401010111,outsider_daytrend,当日傾向型,2019109094|2020102971|2019102041|2019105146|2019104525|2020100105,1|12|10|6|14|16,0.0886558789578|0.0676951501423|0.0656697565062|0.0640437964098|0.0639684129753|0.0638695556632,6
2024,202401010203,outsider_daytrend,当日傾向型,2021104037|2021102401|2021100016|2021107182|2021100698|2021103013,8|10|9|15|11|14,0.0867821833194|0.0749311220692|0.0729382920082|0.0723585403794|0.0691491954706|0.0618947514944,6
2024,202401010305,outsider_daytrend,当日傾向型,2022106723|2022104870|2022104887|2022110041|2022104594|2022103758,9|10|14|13|7|8,0.0748831524133|0.0748831524133|0.0738404809649|0.0738404809649|0.0722120137554|0.0722120137554,6
2024,202401010404,outsider_daytrend,当日傾向型,2021100165|2021107174|2021106454|2021104749|2021102785|2021103345,11|6|1|13|3|10,0.153692430695|0.0883375347076|0.0739016675274|0.071981881201|0.0707179528934|0.0705113080967,6
2024,202401010504,outsider_daytrend,当日傾向型,2021101305|2021110141|2021105722|2021102991|2021103607|2021100825,5|8|12|6|7|4,0.087209678734|0.0844702533746|0.083386250421|0.0824264963915|0.0794230589066|0.0771798933018,6
2024,202401010506,outsider_daytrend,当日傾向型,2021106152|2021106193|2021105534|2021106904|2021106937|2021101668,2|11|4|12|14|10,0.0844333230096|0.0810646988485|0.0716456294438|0.0689522196997|0.0680369800478|0.0654907332112,6
2024,202401010609,outsider_daytrend,当日傾向型,2020100809|2019101645|2020103668|2020105760|2021103125|2018104714,12|3|5|11|13|1,0.0919486796458|0.0878216944405|0.0752580718543|0.0730687550282|0.0720737046352|0.0714979906438,6
2024,202401010612,outsider_daytrend,当日傾向型,2021101677|2021103005|2021103289|2021105872|2020105897|2020102208,8|15|12|14|16|11,0.080335472918|0.0795756246979|0.0783864053589|0.0770955734042|0.075363826323|0.0742527031356,6
2024,202401020109,outsider_daytrend,当日傾向型,2021106203|2021110006|2021105897|2021105552|2020100233|2019100907,7|13|3|11|8|1,0.0979562634088|0.0878579154932|0.087452744716|0.0843455986476|0.0838578721409|0.0796335683473,6
2024,202401020204,outsider_daytrend,当日傾向型,2021104924|2021105033|2021100149|2021104918|2021101409|2021103030,3|5|9|6|12|2,0.105814215361|0.0764832185306|0.075374027337|0.0739569726867|0.0739143879408|0.0713958748289,6
2024,202401020209,outsider_daytrend,当日傾向型,2020110079|2018104208|2021102709|2020103198|2020100914|2021107281,9|7|5|11|8|4,0.106699222375|0.106356210169|0.0886378702862|0.0855214374822|0.0835301806997|0.0825213799748,6
2024,202401020410,outsider_daytrend,当日傾向型,2021104073|2021105619|2021102562|2019104738|2020103915|2019103897,16|13|6|3|12|11,0.102102867195|0.0745268136592|0.0711004211428|0.0692984389727|0.0692965110649|0.0676609645813,6
2024,202401020611,outsider_daytrend,当日傾向型,2018110035|2019101700|2020104243|2020103639|2018101343|2021105774,11|10|1|16|8|14,0.0867306853567|0.0691311493936|0.0664114972516|0.0657209767215|0.0654326034574|0.0640032601875,6
2024,202401020708,outsider_daytrend,当日傾向型,2021110016|2020100233|2021106785|2017105874|2021102256|2021106203,10|1|15|2|8|11,0.0886480538232|0.0745633324594|0.0727793341612|0.0715446842932|0.0699314538021|0.069457732148,6
2024,202401020804,outsider_daytrend,当日傾向型,2021105827|2021105714|2021102468|2021100415|2021103903|2021104033,8|9|4|12|14|15,0.0990103298019|0.0963237889237|0.0920324270283|0.0739620981687|0.0698360841127|0.0596105685661,6
2024,202401020811,outsider_daytrend,当日傾向型,2019102628|2018103507|2020103333|2016104319|2020106909|2018101348,10|9|4|7|5|1,0.106387756981|0.0995043779789|0.0811079968102|0.0752160089554|0.0710673306677|0.0680707007703,6
2024,202402010110,outsider_daytrend,当日傾向型,2020100495|2019102937|2020102874|2018101946|2018106314|2020106966,14|9|12|8|6|13,0.0862268180884|0.0776492969642|0.0699266078691|0.0655653159523|0.0654153561206|0.0641146257254,6
2024,202402010201,outsider_daytrend,当日傾向型,2021102675|2021106050|2021101064|2021110167|2021104989|2021110018,11|12|14|13|16|15,0.065784915525|0.0653019690839|0.0641908127288|0.0634525371451|0.0628943177032|0.0628943177032,6
2024,202402010304,outsider_daytrend,当日傾向型,2021102701|2021101430|2021104935|2021103193|2021105351|2021102760,6|15|9|12|11|16,0.136742296446|0.132395452928|0.0829700915104|0.0829586475223|0.0819091498055|0.0640867229721,6
2024,202402010703,outsider_daytrend,当日傾向型,2021105390|2021102151|2021107101|2021105395|2021110078|2021105216,1|2|3|15|9|16,0.122808751331|0.0889262128329|0.0731168242202|0.0679099434681|0.067635628657|0.0657735043985,6
2024,202402010804,outsider_daytrend,当日傾向型,2021100923|2021106626|2021110146|2021102153|2021104519|2021101041,7|6|12|11|5|8,0.0975465603413|0.0903531449594|0.088355179627|0.0868134914852|0.0866140505085|0.084871591458,6
2024,202403010110,outsider_daytrend,当日傾向型,2020105568|2020103634|2019100772|2020104088|2019103897|2020102391,2|6|7|4|10|3,0.0872013064589|0.0728164183545|0.0698452902318|0.0678814459486|0.0667374650844|0.065093714131,6
2024,202403010210,outsider_daytrend,当日傾向型,2019102041|2019103274|2019110103|2018103738|2019104260|2019105161,2|1|12|10|5|4,0.0903211054846|0.0853097074196|0.0716085707954|0.0707887622901|0.0665390814018|0.0639623857685,6
2024,202403010509,outsider_daytrend,当日傾向型,2017101448|2019102303|2020106963|2020106821|2019106179|2020103962,12|5|4|10|14|2,0.0913541628387|0.0895563157695|0.0827137866922|0.081628020908|0.0800259364729|0.076062214143,6
2024,202403010510,outsider_daytrend,当日傾向型,2018103828|2017106689|2018101956|2019102799|2019104861|2020106234,11|5|13|7|6|3,0.0900173223078|0.0825077685907|0.0790645597775|0.0783574008003|0.0753051161988|0.0747001582927,6
2024,202403010511,outsider_daytrend,当日傾向型,2020102502|2019100787|2020102873|2019100205|2020103089|2020106966,5|6|10|8|16|3,0.0900912406968|0.0803953206563|0.0664972542644|0.0664126124583|0.0661240467463|0.0651991574312,6
2024,202403020205,outsider_daytrend,当日傾向型,2022103416|2022100322|2022100103|2022101347|2022104761|2022105733,6|5|8|14|9|7,0.0730001232939|0.072669193356|0.0639511294206|0.0634643547861|0.0632762374505|0.0631460672886,6
2024,202403020412,outsider_daytrend,当日傾向型,2019103063|2020104597|2019104952|2018106569|2020102731|2020100914,9|16|4|14|8|13,0.0818732596843|0.0741592142746|0.07314082725|0.0728830919512|0.0728692355179|0.0715695886127,6
2024,202403030105,outsider_daytrend,当日傾向型,2022100865|2022101053|2022101380|2022101051|2022103591|2022105913,12|14|13|16|15|11,0.0695863283736|0.0669652129635|0.0661954175482|0.0649983469586|0.0649983469586|0.0632610503029,6
2024,202403030206,outsider_daytrend,当日傾向型,2022107210|2022110061|2022100413|2022105956|2022105204|2022103378,10|11|12|14|15|13,0.0722669778577|0.0717244528659|0.0696720326832|0.0696118009249|0.0696118009249|0.0686574293577,6
2024,202403030208,outsider_daytrend,当日傾向型,2021105068|2021103971|2021101102|2019105487|2019101765|2019103517,15|14|6|1|2|4,0.0866329340105|0.0795219043442|0.0719998098746|0.068621107854|0.0665492764129|0.064087024722,6
2024,202403030308,outsider_daytrend,当日傾向型,2021100360|2020100306|2021103267|2021100779|2019105807|2021103345,2|4|13|5|3|14,0.0888440145319|0.0818062900657|0.0777661594861|0.0771478682054|0.075280869818|0.0747729186548,6
2024,202403030310,outsider_daytrend,当日傾向型,2020106777|2020102718|2021103005|2021105054|2021100157|2020110068,5|12|15|10|9|6,0.0824584872608|0.0745912784611|0.0704788751069|0.069659306878|0.0687804758111|0.0679105027566,6
2024,202403030409,outsider_daytrend,当日傾向型,2022105244|2022104698|2022103066|2022101983|2022105689|2022106912,4|7|2|9|12|6,0.0931165475108|0.0759780901151|0.0735197424466|0.0715884212582|0.0690177657322|0.0646271172214,6
2024,202403030411,outsider_daytrend,当日傾向型,2017105109|2017104756|2018101615|2020103025|2018101943|2017103201,4|6|10|3|7|5,0.0811337799825|0.0764730050775|0.0743676826089|0.0699114731651|0.0672729773827|0.0636712764798,6
2024,202403030412,outsider_daytrend,当日傾向型,2020101833|2021102413|2020105525|2019100195|2020100558|2021101120,11|8|10|4|16|15,0.115318305203|0.0704044901057|0.0692119610583|0.0690452792915|0.0681463777274|0.062720848864,6
2024,202403030501,outsider_daytrend,当日傾向型,2021102639|2020102639|2021110104|2020105326|2019101644|2019100683,12|11|8|14|9|10,0.0656547349564|0.0656547349564|0.0647533066344|0.0647373668302|0.0646407233588|0.0640301389563,6
2024,202403030509,outsider_daytrend,当日傾向型,2021110012|2021110113|2021107173|2019105793|2021104658|2021104947,5|7|3|9|12|10,0.106069079309|0.0808215297982|0.0762460741557|0.0761306147547|0.0692714946474|0.0682437782514,6
2024,202403030511,outsider_daytrend,当日傾向型,2021110132|2020102299|2020110114|2019104386|2018102491|2019103594,14|5|11|3|6|1,0.0818463265602|0.0791273416129|0.0772952584658|0.0744187900251|0.0730639819699|0.0701787636715,6
2024,202403030611,outsider_daytrend,当日傾向型,2020104304|2017103165|2020103070|2019103419|2020100635|2019101324,3|9|4|15|5|2,0.0811890462263|0.0795721892913|0.0793809949716|0.07475031461|0.070455560037|0.0688397484318,6
2024,202403030612,outsider_daytrend,当日傾向型,2020101229|2020100084|2021106690|2020100956|2021102468|2021100019,9|3|10|6|2|15,0.0772657946768|0.0754557071168|0.0738873518673|0.0699746887255|0.0649206287126|0.0641758022927,6
2024,202404010210,outsider_daytrend,当日傾向型,2019101714|2020101897|2019104697|2018104559|2019102747|2020104825,13|16|11|14|12|4,0.0804528745918|0.0763263016335|0.0744300814254|0.0653426113313|0.0632912742507|0.0628481732657,6
2024,202404010211,outsider_daytrend,当日傾向型,2019106985|2017104172|2019105454|2019100628|2018105296|2020100909,12|15|7|13|8|10,0.106864088876|0.0800352741686|0.0760847884006|0.0743912901141|0.072871390713|0.0728244250856,6
2024,202404010309,outsider_daytrend,当日傾向型,2021101730|2021104404|2021104401|2021104140|2021100144|2021110153,6|2|10|13|12|14,0.0781783743965|0.077027188447|0.0750001756116|0.0734702320344|0.073307226498|0.0696023756131,6
2024,202404010311,outsider_daytrend,当日傾向型,2020103892|2018105998|2019103274|2018106074|2019101923|2018102969,4|14|5|10|3|11,0.0813282606867|0.076771832126|0.076218274752|0.0717130629743|0.0706351301217|0.0697466654908,6
2024,202404010312,outsider_daytrend,当日傾向型,2019106333|2018103766|2020103698|2020102208|2020100305|2018109046,12|3|7|8|10|9,0.103982408099|0.0773576993916|0.0707008956228|0.0640534028911|0.0634557576362|0.0624820231565,6
2024,202404010407,outsider_daytrend,当日傾向型,2020101597|2019105404|2020101217|2020104545|2020104753|2020100172,4|10|11|6|14|9,0.0748109560191|0.0678853379643|0.0671645097857|0.0652742553761|0.0649761780402|0.0649143228157,6
2024,202404010411,outsider_daytrend,当日傾向型,2020102078|2019100596|2020103275|2018104225|2019106670|2019100792,15|16|12|11|6|14,0.0845954078153|0.0737801379013|0.0657023046307|0.0654705519125|0.0652540053419|0.0641929484595,6
2024,202404010808,outsider_daytrend,当日傾向型,2020104676|2018100096|2020101872|2020103701|2020106963|2020102591,15|16|9|6|10|14,0.0818394137213|0.0729585578286|0.0671603209872|0.0668476150377|0.0660052515806|0.0647434382344,6
2024,202404010810,outsider_daytrend,当日傾向型,2019100132|2020104429|2018104208|2020102544|2019110013|2019101680,10|5|12|1|8|11,0.0866997260606|0.0844707171391|0.0746601653134|0.0745048317872|0.0716095990625|0.0713303574232,6
2024,202404020102,outsider_daytrend,当日傾向型,2022110077|2022107317|2022104676|2022106691|2022105781|2022105772,12|13|15|14|11|6,0.0730030298972|0.072268363532|0.0691482932917|0.0691482932917|0.0680671762509|0.0677254564718,6
2024,202404020211,outsider_daytrend,当日傾向型,2018103603|2021107220|2021105769|2021103665|2021101742|2019105078,7|13|14|15|2|8,0.109477772824|0.0760812656908|0.069724099955|0.0679611340614|0.0677844169612|0.0646213628742,6
2024,202404020307,outsider_daytrend,当日傾向型,2019105177|2019100768|2018105147|2021105557|2019100318|2020104572,2|14|5|10|12|11,0.0895761271711|0.0764367666246|0.071986146434|0.0701873929606|0.067730429308|0.0674758497931,6
2024,202404020406,outsider_daytrend,当日傾向型,2019105258|2020104363|2021110132|2019102321|2020105895|2019100938,12|18|16|17|15|10,0.0825753774222|0.0816535417781|0.0778403479018|0.076218794137|0.0719193268189|0.0597930756135,6
2024,202404020407,outsider_daytrend,当日傾向型,2021105477|2021106006|2021101444|2021104445|2021105615|2021105112,2|4|14|10|1|9,0.123345831168|0.0904764327654|0.0762648203248|0.0744753811042|0.0730537558023|0.0683339534292,6
2024,202404030105,outsider_daytrend,当日傾向型,2022107358|2022104774|2022105861|2022101618|2022104715|2022104538,11|12|16|5|6|14,0.0661464668048|0.0655468521916|0.0654224609228|0.0647335430145|0.064667404984|0.0641315379552,6
2024,202404030202,outsider_daytrend,当日傾向型,2021106128|2021105506|2021104128|2021100514|2021102894|2021100644,11|8|6|9|12|13,0.0953703436951|0.0940888860665|0.092278538687|0.0865942663052|0.0848255243583|0.0704697934851,6
2024,202404030210,outsider_daytrend,当日傾向型,2019104697|2020100815|2020110114|2018103641|2020103367|2020106706,8|6|14|12|16|13,0.0722066714969|0.0695398640658|0.0677567915357|0.0672616352481|0.0661125467557|0.0630583597511,6
2024,202404030305,outsider_daytrend,当日傾向型,2022103860|2022104068|2022106081|2022102361|2022103461|2022100074,9|10|8|7|12|14,0.0857128303647|0.0857128303647|0.06392869848|0.06392869848|0.0535551060712|0.0531822030662,6
2024,202404030306,outsider_daytrend,当日傾向型,2022106297|2022104149|2022105979|2022103751|2022104271|2022106861,5|4|7|6|8|9,0.0838522526854|0.0838522526854|0.0698123093585|0.0698123093585|0.0675824833412|0.0664573967436,6
2024,202404030312,outsider_daytrend,当日傾向型,2021105168|2019104528|2020100620|2021105742|2021100206|2021107253,12|7|11|8|17|18,0.075736327474|0.0703378459815|0.0646990186178|0.0643785575105|0.0639936807862|0.0624136975317,6
2024,202404030606,outsider_daytrend,当日傾向型,2022105797|2022104941|2022106214|2022105832|2022104923|2022100879,16|15|17|13|14|11,0.0667203455471|0.0667203455471|0.0652104443923|0.0618608597972|0.0615632809426|0.0611881102443,6
2024,202404030803,outsider_daytrend,当日傾向型,2021102067|2021105923|2021100870|2021106128|2021104794|2021100432,6|11|10|4|7|2,0.0850549945827|0.0847224749834|0.0796888407802|0.0793502168475|0.075069921076|0.0711951762946,6
2024,202404040105,outsider_daytrend,当日傾向型,2022101235|2022104128|2022103425|2022104787|2022100105|2022104929,16|18|17|12|11|13,0.0688961152033|0.0680185575168|0.0661137871181|0.0588435899627|0.056131364797|0.0556014183493,6
2024,202404040108,outsider_daytrend,当日傾向型,2021100641|2020101216|2019105429|2021102462|2021104058|2020105327,2|8|7|9|10|12,0.0904172340077|0.0868094507219|0.0830346742295|0.0732653974362|0.0709445067078|0.068988508446,6
2024,202404040402,outsider_daytrend,当日傾向型,2022105861|2022103860|2022101180|2022103189|2022102811|2022106741,15|14|16|18|5|17,0.0898862357287|0.0853934857784|0.0780428912406|0.07705637641|0.0702598186585|0.0619435991319,6
2024,202404040409,outsider_daytrend,当日傾向型,2021103552|2020104739|2021100243|2019104374|2021104407|2020102431,12|13|16|9|8|10,0.0745778487437|0.0728982028978|0.0710897346646|0.0686721454058|0.0635990736153|0.0628998052167,6
2024,202404040411,outsider_daytrend,当日傾向型,2020105154|2017105194|2019104522|2020110040|2020103063|2021104556,12|7|13|14|5|9,0.0749012593739|0.0636147546671|0.0636096819159|0.0629491263322|0.0620003537428|0.0600416622221,6
2024,202404040608,outsider_daytrend,当日傾向型,2021106994|2019104374|2018101951|2021104920|2020103614|2020102640,15|4|13|8|9|16,0.0784274190072|0.0769557123694|0.0721771504288|0.0623482987289|0.0582560551174|0.05782439538,6
2024,202404040609,outsider_daytrend,当日傾向型,2018100096|2021105537|2021101023|2020103410|2019101403|2021107097,14|8|16|10|5|17,0.0848362195854|0.0800441499015|0.0708287503851|0.0587221444459|0.0585169666232|0.0571637388852,6
2024,202404040702,outsider_daytrend,当日傾向型,2022102338|2022102576|2022104902|2022106975|2022107307|2022102540,9|7|5|11|10|8,0.194552453693|0.10999078881|0.108557652953|0.0751215452249|0.071681338314|0.0711155952517,6
2024,202404040809,outsider_daytrend,当日傾向型,2019101618|2021105680|2021102841|2021104646|2021104453|2021100225,5|9|8|13|12|1,0.0795943077054|0.0746081879049|0.0681506649091|0.0670829566725|0.0664239713821|0.0662472467126,6
2024,202404040810,outsider_daytrend,当日傾向型,2020102738|2019102436|2021104073|2020103632|2021100610|2017101991,10|6|5|16|14|9,0.0736875729145|0.0710058310318|0.0693767080918|0.0671803133641|0.0662084772794|0.0658055031996,6
2024,202404040811,outsider_daytrend,当日傾向型,2019105968|2021100356|2018104041|2017103005|2020106330|2020101678,11|2|1|8|15|9,0.0740954052985|0.0677578921072|0.0634451464056|0.0634140775032|0.061953858382|0.0615521410467,6
2024,202405010109,outsider_daytrend,当日傾向型,2020110105|2018103150|2019106575|2018102666|2020100418|2020106756,8|10|7|12|13|6,0.0977606436405|0.0950448997381|0.0883373524482|0.079308108085|0.063024653328|0.0588270517483,6
2024,202405010202,outsider_daytrend,当日傾向型,2021104283|2021104380|2021104456|2021104315|2021105294|2021106360,8|7|2|1|11|13,0.0702570928858|0.0702570928858|0.0642199164453|0.062515827791|0.0623066485898|0.0621882115234,6
2024,202405010205,outsider_daytrend,当日傾向型,2021101896|2021104935|2021105052|2021102241|2021105214|2021100066,11|12|6|5|13|14,0.0664186163497|0.0661595254317|0.0638195974557|0.0635500990479|0.0634862986054|0.0634862986054,6
2024,202405010403,outsider_daytrend,当日傾向型,2021103030|2021102359|2021100841|2021106579|2021100518|2021105034,16|5|4|11|6|3,0.0667077972024|0.0638150226402|0.0638150226402|0.0637988284677|0.0637494856601|0.0635731558158,6
2024,202405010404,outsider_daytrend,当日傾向型,2020105326|2019105064|2020102607|2020103221|2019102493|2020102668,3|5|7|8|6|2,0.100116548186|0.0951417223236|0.0840951954149|0.0840677736091|0.0795234235425|0.0787383110652,6
2024,202405010405,outsider_daytrend,当日傾向型,2021101015|2021105968|2021103542|2021101726|2021104861|2021106212,14|13|16|11|12|15,0.0693079378599|0.0693079378599|0.0678583785947|0.0669166193197|0.0651428893565|0.064597645649,6
2024,202405010408,outsider_daytrend,当日傾向型,2020105049|2020104648|2020105388|2018103430|2019105551|2020102952,12|16|10|4|15|11,0.0835411807372|0.0823209967398|0.068632559877|0.068326848603|0.0659434358231|0.065242968993,6
2024,202405010411,outsider_daytrend,当日傾向型,2020103368|2019104730|2017101429|2019104057|2019105546|2020103661,12|13|5|14|11|15,0.0892968785077|0.0760404973112|0.0737961170878|0.0722627837481|0.0716816180732|0.0711159949415,6
2024,202405010502,outsider_daytrend,当日傾向型,2021100385|2021101696|2021100669|2021100786|2021103906|2021103126,12|14|13|15|16|11,0.0667824886396|0.0651630981834|0.0651630981834|0.065003123684|0.065003123684|0.0648583264098,6
2024,202405010512,outsider_daytrend,当日傾向型,2018103278|2020107036|2018106144|2019106691|2019103543|2018105748,8|1|10|13|6|12,0.108527876862|0.0813011009396|0.0781727165305|0.0770338554323|0.0756868430602|0.0738830759395,6
2024,202405010704,outsider_daytrend,当日傾向型,2021102634|2021105079|2021100851|2021107071|2021103009|2021101486,12|13|14|11|16|15,0.0668970881928|0.0666012712166|0.0666012712166|0.0649712320656|0.0642623161666|0.0642623161666,6
2024,202405010803,outsider_daytrend,当日傾向型,2021103650|2021100958|2021106255|2021104990|2021107308|2021105181,2|7|8|1|13|16,0.0666892851166|0.0655859356127|0.0655859356127|0.0648440167184|0.064579104671|0.0643614034402,6
2024,202405020110,outsider_daytrend,当日傾向型,2019103858|2019105760|2018102009|2019105451|2020103450|2018105011,11|12|17|14|15|1,0.0954306323777|0.0758078210624|0.0664677231843|0.0652628779299|0.0623673015969|0.0570362467319,6
2024,202405020112,outsider_daytrend,当日傾向型,2019110112|2019103542|2019102938|2020103605|2019110123|2020105136,12|13|16|10|9|11,0.0855658476934|0.0767362894792|0.0759214956603|0.0731612056591|0.0727311221559|0.071556749192,6
2024,202405020311,outsider_daytrend,当日傾向型,2021104882|2021106782|2021100363|2021105195|2021105675|2021100947,11|14|8|15|13|3,0.10814254649|0.0926244943483|0.0732990110953|0.0643847511612|0.0603692603681|0.0601628050828,6
2024,202405020412,outsider_daytrend,当日傾向型,2018103430|2020101052|2019103600|2020102568|2019105112|2019106895,9|10|6|11|12|3,0.101132293253|0.0872695050385|0.0687092721497|0.0667945498238|0.0649235946908|0.0628503379928,6
2024,202405020605,outsider_daytrend,当日傾向型,2021105264|2021105805|2021110006|2021104961|2021102903|2021105501,8|5|3|7|6|4,0.120909125047|0.0735081252484|0.0681303420763|0.0675787011628|0.0645276255799|0.0633071160651,6
2024,202405020810,outsider_daytrend,当日傾向型,2019102820|2020103088|2019101325|2018102394|2020101943|2020100931,6|2|5|12|8|4,0.115176929668|0.100653387927|0.0983802764932|0.0932409934599|0.0931026786559|0.0853446815226,6
2024,202405020812,outsider_daytrend,当日傾向型,2020110137|2020110034|2019106575|2020106518|2020106015|2019110112,15|6|4|12|9|7,0.0846403690971|0.0686630304867|0.067594610867|0.0667165184239|0.0661520027808|0.0635991786659,6
2024,202405020911,outsider_daytrend,当日傾向型,2020102194|2020101813|2020105424|2020100909|2020103275|2019104756,10|13|9|15|14|11,0.0905422280786|0.0841534681337|0.080295431077|0.0736835982962|0.0713986706293|0.0702808620098,6
2024,202405021006,outsider_daytrend,当日傾向型,2020103728|2020102952|2019104606|2019103427|2020105245|2020105489,14|10|13|6|12|15,0.0889281783539|0.0783894893265|0.0747181295503|0.0738489834069|0.073693726982|0.0730391200941,6
2024,202405021011,outsider_daytrend,当日傾向型,2021104855|2021104427|2021107098|2021105541|2021105764|2021105643,8|18|9|15|10|12,0.0798173671991|0.0761136066542|0.0694748229946|0.0649262300377|0.0645630570252|0.0617156372662,6
2024,202405021109,outsider_daytrend,当日傾向型,2019106808|2020106557|2019105819|2020101134|2020100656|2020103044,14|12|7|10|13|2,0.0916283151403|0.0891278298319|0.0861565963286|0.0846663226443|0.0795854136819|0.0732940464387,6
2024,202405030112,outsider_daytrend,当日傾向型,2021106119|2021101241|2020103931|2019101814|2020101639|2021105250,9|12|8|15|16|13,0.0854237689737|0.0781774269095|0.0734042686933|0.0733382918097|0.0729299339926|0.0717263686986,6
2024,202405030212,outsider_daytrend,当日傾向型,2020102439|2019106932|2019100567|2019100657|2018102394|2020100297,10|13|4|9|15|8,0.085341830664|0.0773759574964|0.0751441859429|0.072535963938|0.0725346085582|0.0723072913228,6
2024,202405030308,outsider_daytrend,当日傾向型,2020101377|2020106549|2019101646|2020101457|2020104452|2021106797,11|5|4|14|8|1,0.0792464175197|0.078566136612|0.0718990610291|0.0680188683727|0.0634975378708|0.0633452533222,6
2024,202405030607,outsider_daytrend,当日傾向型,2020103670|2020101655|2020104291|2021105193|2020102207|2020106472,16|9|14|11|4|12,0.0947305655237|0.0818444888894|0.0765533681952|0.0743700022026|0.0645688407968|0.0633652790607,6
2024,202405030810,outsider_daytrend,当日傾向型,2020105306|2020100418|2018101989|2018104775|2020101275|2018104481,13|2|15|10|14|9,0.117025714102|0.0904513710724|0.071035200366|0.0646621957774|0.0623501982625|0.060682755122,6
2024,202405030812,outsider_daytrend,当日傾向型,2021100540|2021107259|2021104313|2019105409|2020102468|2021106421,15|1|4|9|10|14,0.083490538151|0.0727963219788|0.0721253653042|0.0665710671192|0.0660508705872|0.0655736655402,6
2024,202405040104,outsider_daytrend,当日傾向型,2022104988|2022100417|2022105414|2022104800|2022105234|2022105115,15|14|13|12|11|10,0.0758716150431|0.0758716150431|0.0735498778361|0.0708502840789|0.0682496249684|0.0682496249684,6
2024,202405040210,outsider_daytrend,当日傾向型,2020106884|2018105452|2020100116|2020101874|2020104861|2019105039,14|10|3|16|5|12,0.08633361913|0.0777675816988|0.0706216473713|0.0705325217261|0.0676264102038|0.0672380373735,6
2024,202405040310,outsider_daytrend,当日傾向型,2020110136|2019101759|2020101174|2020110083|2019100723|2020101373,11|9|2|12|10|3,0.074114113412|0.0707950074715|0.0705492069384|0.0695974290197|0.0679361474424|0.0676086412655,6
2024,202405040504,outsider_daytrend,当日傾向型,2022106617|2022101072|2022103848|2022106597|2022104571|2022100073,16|15|14|13|12|11,0.0788520736658|0.0788520736658|0.0731874593704|0.0731874593704|0.0721336411614|0.0685058511373,6
2024,202405040511,outsider_daytrend,当日傾向型,2020103276|2018100382|2019105252|2021102424|2019105118|2020101813,17|11|12|14|16|10,0.0697579640065|0.0667765442869|0.0650565273639|0.0639547416149|0.0639475366542|0.0629975489971,6
2024,202405040605,outsider_daytrend,当日傾向型,2022105043|2022105072|2022102081|2022106545|2022104589|2022106236,13|15|14|16|2|12,0.0631455729703|0.0621403935068|0.0621403935068|0.057548396467|0.0570260618935|0.05634477887,6
2024,202405040804,outsider_daytrend,当日傾向型,2022110064|2022106539|2022110152|2022110153|2022101986|2022101444,14|13|11|16|15|12,0.0720856581911|0.0720856581911|0.0700478439713|0.0673801703278|0.0673801703278|0.0656604134135,6
2024,202405040805,outsider_daytrend,当日傾向型,2022103543|2022102511|2022106911|2022103243|2022107091|2022105545,11|10|9|8|12|13,0.0747480176776|0.0747480176776|0.0736263307211|0.0712626033904|0.0687746586494|0.0681310981178,6
2024,202405050106,outsider_daytrend,当日傾向型,2022102378|2022107138|2022103183|2022102704|2022106718|2022103753,11|16|15|12|10|9,0.0699885675885|0.0697194383745|0.0674151724283|0.0657170209073|0.064087077107|0.064087077107,6
2024,202405050207,outsider_daytrend,当日傾向型,2019103122|2020106637|2020101121|2021107262|2020102962|2021105125,16|5|12|14|15|3,0.106672706836|0.0891059943017|0.0703813074279|0.0692214467214|0.065822321772|0.0652770845397,6
2024,202405050211,outsider_daytrend,当日傾向型,2017105214|2020103333|2018105308|2020102095|2020103713|2020100734,15|16|12|7|9|13,0.0807972870791|0.0756499385|0.0730024632505|0.0727430581036|0.0723588026565|0.0710861986518,6
2024,202405050309,outsider_daytrend,当日傾向型,2022105474|2022110140|2022104674|2022109164|2022106453|2022101543,12|9|8|11|16|6,0.0846294503149|0.079864909176|0.0768386486408|0.0741207832429|0.0662724289281|0.0645330410428,6
2024,202405050410,outsider_daytrend,当日傾向型,2020103009|2020105760|2020109027|2021100206|2019105293|2018103535,7|11|10|1|13|12,0.131874523223|0.106527841979|0.0956976681746|0.0877190243007|0.0771080172694|0.0760710844508,6
2024,202405050411,outsider_daytrend,当日傾向型,2021103323|2021105122|2019104586|2018110043|2020102853|2021105744,12|16|10|15|11|14,0.0933947109335|0.0670587372736|0.0644902915741|0.0610721273847|0.0594267169059|0.0587707925457,6
2024,202405050604,outsider_daytrend,当日傾向型,2022100195|2022106549|2022103467|2022100096|2022103162|2022106639,6|5|16|15|2|1,0.075414562091|0.0751009476744|0.0645774515235|0.0645119357909|0.06433984568|0.0625707082252,6
2024,202405050704,outsider_daytrend,当日傾向型,2022104862|2022106261|2022102505|2022103719|2022104704|2022104991,13|14|12|11|5|6,0.0728220271367|0.0728220271367|0.0715025287552|0.0691450681259|0.0679780866314|0.0676081963393,6
2024,202405050806,outsider_daytrend,当日傾向型,2022105022|2022100638|2022105129|2022104446|2022104813|2022104782,12|13|8|9|6|7,0.0852088412478|0.0844296068928|0.0829351188412|0.080239181068|0.0778129431225|0.0778129431225,6
2024,202405050807,outsider_daytrend,当日傾向型,2021105086|2020106899|2020101830|2021104631|2021101081|2021105432,10|13|6|15|11|12,0.076583416367|0.073656528825|0.0706494996367|0.0700307211082|0.0667728736784|0.0666205812258,6
2024,202406010104,outsider_daytrend,当日傾向型,2021100045|2021109071|2021104401|2021102857|2021102229|2021100843,14|16|15|13|12|11,0.0733551042764|0.0730313276322|0.0730313276322|0.0694733473566|0.0691639639253|0.0681746706414,6
2024,202406010202,outsider_daytrend,当日傾向型,2021102126|2021100005|2021102753|2021105264|2021102247|2021103512,13|5|15|14|4|9,0.11096833803|0.0948213856867|0.0738357056967|0.0704631466332|0.0684776594007|0.0678240700439,6
2024,202406010206,outsider_daytrend,当日傾向型,2021105981|2021103518|2021105545|2021100165|2021104499|2021101734,14|13|16|15|17|12,0.0707674482482|0.0676954945067|0.0659755581066|0.0659525015528|0.0644859628388|0.0585807522379,6
2024,202406010208,outsider_daytrend,当日傾向型,2019104467|2020106385|2020104945|2020110121|2020104354|2019102953,1|13|6|7|11|12,0.0788636252068|0.073163641342|0.0716241813831|0.0716211550442|0.067812239987|0.0661036177771,6
2024,202406010210,outsider_daytrend,当日傾向型,2019101324|2019103393|2018104462|2018100420|2020105939|2019101908,13|15|3|4|9|12,0.0903353771629|0.0833402698023|0.06567795607|0.0652656563733|0.0642108376963|0.0611834895337,6
2024,202406010304,outsider_daytrend,当日傾向型,2021104863|2021100271|2021102220|2021102879|2021102766|2021106759,6|5|15|16|14|8,0.0695328719311|0.0692409830884|0.0657200861525|0.0657200861525|0.0639891936334|0.0639649538402,6
2024,202406010311,outsider_daytrend,当日傾向型,2018100040|2019102273|2020104056|2020101678|2019105775|2019100450,4|12|16|11|5|8,0.0843027146684|0.0777294711673|0.0755390932749|0.0715813781773|0.0707261748907|0.0648584938242,6
2024,202406010312,outsider_daytrend,当日傾向型,2020100810|2018104837|2020103066|2016106395|2019104842|2019106335,8|5|2|15|4|10,0.0829434602588|0.0828514219331|0.0747361873164|0.0728265161636|0.0698257067671|0.069358282627,6
2024,202406010407,outsider_daytrend,当日傾向型,2020101465|2018100720|2019101753|2020101112|2020105282|2020103088,14|10|5|11|3|4,0.0877469135295|0.0765141811295|0.0754731847927|0.0715142929567|0.0713527270298|0.070749769022,6
2024,202406010411,outsider_daytrend,当日傾向型,2018102227|2018110043|2019105768|2019105169|2018105277|2019104998,14|7|12|13|9|11,0.08365298102|0.0783422619648|0.0757725514248|0.0713021615851|0.0697983559081|0.0662510540197,6
2024,202406010603,outsider_daytrend,当日傾向型,2021102025|2021102473|2021104464|2021102027|2021110143|2021102462,16|15|14|13|11|12,0.0777571012224|0.0777300966654|0.0755828414129|0.0754479676105|0.0725659717409|0.0703625406353,6
2024,202406010604,outsider_daytrend,当日傾向型,2021106623|2021104660|2021100329|2021106580|2021103302|2021104271,16|15|13|14|11|12,0.0781225467748|0.0780954837357|0.0771584020862|0.0771584020862|0.067488862274|0.067403378086,6
2024,202406010612,outsider_daytrend,当日傾向型,2020103728|2020103685|2017103353|2019101825|2020100233|2020102976,13|10|15|11|2|14,0.0837804690647|0.0785865608083|0.07694165293|0.0745233534048|0.0734142942993|0.0732413180037,6
2024,202406010706,outsider_daytrend,当日傾向型,2021101222|2021105066|2021105861|2021103038|2021105381|2021103025,16|17|15|13|14|12,0.069350630348|0.0677913581645|0.0660353477543|0.0624533646197|0.0618255526437|0.0611138525732,6
2024,202406010710,outsider_daytrend,当日傾向型,2019106414|2020100116|2020104497|2020103127|2019105416|2019105560,9|14|16|3|2|13,0.0882591089944|0.0789224643446|0.0716007845533|0.0663793153852|0.0659415104644|0.065373178915,6
2024,202406020112,outsider_daytrend,当日傾向型,2019100566|2019102481|2020101574|2020103643|2018105383|2019106704,11|14|9|12|16|10,0.0826068308111|0.0800574570708|0.0765507968384|0.0760460901732|0.0681955708487|0.0670980068501,6
2024,202406020210,outsider_daytrend,当日傾向型,2018105317|2018102181|2019102011|2017110173|2019103428|2019100614,11|14|13|10|12|15,0.0806140250844|0.0804880504411|0.0740483097003|0.0689132866957|0.0650256921207|0.0645119499974,6
2024,202406020211,outsider_daytrend,当日傾向型,2019104658|2018104662|2016104877|2020100680|2020105295|2019104896,12|2|5|9|14|7,0.0983938469536|0.0829896518402|0.0827373391841|0.079087319938|0.0656867027418|0.0652631205765,6
2024,202406020510,outsider_daytrend,当日傾向型,2019102240|2020104203|2020101792|2020100607|2019105044|2017102838,11|8|9|1|12|7,0.097259430025|0.0875814760012|0.0868595656628|0.0738438510261|0.0693859759785|0.067325324244,6
2024,202406020511,outsider_daytrend,当日傾向型,2020102942|2019105768|2019101629|2020105626|2018105008|2019105370,8|15|6|7|14|9,0.0717532508846|0.0701360881396|0.0695566040429|0.0644811039051|0.0640095074638|0.0634226876026,6
2024,202406030112,outsider_daytrend,当日傾向型,2020103246|2020103033|2019101875|2018101625|2018105316|2019100764,12|11|13|15|16|10,0.109246788418|0.0972606894142|0.0824554289257|0.0740043415964|0.0728004483323|0.0720803485111,6
2024,202406030206,outsider_daytrend,当日傾向型,2021103257|2021103529|2021102295|2021102049|2021105334|2021106994,15|14|11|2|8|3,0.101647191155|0.0945597086438|0.0908275173897|0.0896386631514|0.0868288566299|0.0744361695896,6
2024,202406030602,outsider_daytrend,当日傾向型,2021100644|2021101071|2021102012|2021103017|2021104590|2021100065,3|6|9|11|5|10,0.133068503206|0.101483987521|0.0930345675835|0.0901535918011|0.087233645049|0.0824028304058,6
2024,202406030611,outsider_daytrend,当日傾向型,2015110066|2020110126|2018103819|2018102362|2018105877|2018102360,2|10|8|5|3|7,0.104480900079|0.0920328300202|0.0844294048529|0.0731608949605|0.0711552393686|0.0703854927611,6
2024,202406030712,outsider_daytrend,当日傾向型,2019100566|2018101894|2019100553|2019101673|2018106597|2020101271,4|14|11|8|13|9,0.0849790586646|0.078431646242|0.0771365464346|0.0769563032946|0.0738043090577|0.072548300522,6
2024,202406030805,outsider_daytrend,当日傾向型,2021102413|2021105334|2021102049|2021104079|2021110062|2021104903,11|12|9|5|8|15,0.0876269064132|0.0852606502064|0.0718910514434|0.0710371019041|0.0673297131043|0.0661292415207,6
2024,202406030811,outsider_daytrend,当日傾向型,2021105856|2021106787|2021110048|2021103272|2021107171|2021104756,5|12|14|2|8|1,0.0735079723652|0.0691966862402|0.0680079193601|0.0676034861205|0.0664800551987|0.065986940006,6
2024,202406040104,outsider_daytrend,当日傾向型,2022105867|2022104860|2022107047|2022103454|2022101931|2022106235,14|13|12|15|16|11,0.0856395920897|0.0854888431105|0.070430097356|0.0688802636601|0.0688802636601|0.0676386857122,6
2024,202406040203,outsider_daytrend,当日傾向型,2022100526|2022103564|2022103317|2022104766|2022103763|2022105943,12|11|9|10|14|13,0.0863716397058|0.0741460912305|0.0699230648376|0.0692681799027|0.0666228594663|0.0666228594663,6
2024,202406040306,outsider_daytrend,当日傾向型,2020105327|2019101462|2018104014|2021105571|2019102439|2021102458,11|9|10|7|16|5,0.0785950303624|0.0736076523427|0.0711869511233|0.0678161521647|0.0677456974649|0.0670942243367,6
2024,202406040406,outsider_daytrend,当日傾向型,2021103480|2021105722|2021106583|2021101210|2020105510|2021105929,16|4|12|10|6|11,0.123529532064|0.0984489779443|0.0729418897556|0.0691116005197|0.0657683003597|0.062902303853,6
2024,202406040410,outsider_daytrend,当日傾向型,2018103407|2018106314|2016102362|2019105329|2019104805|2019105559,6|2|13|10|8|15,0.092087454321|0.0801792627141|0.0730502403607|0.0687051734652|0.0668774416187|0.0658738904951,6
2024,202406040603,outsider_daytrend,当日傾向型,2022102695|2022104699|2022103708|2022101462|2022102568|2022101341,12|13|14|16|15|11,0.0781354451191|0.0728825763007|0.0728825763007|0.0701116456438|0.0701116456438|0.0664307341528,6
2024,202406040612,outsider_daytrend,当日傾向型,2021100446|2020100761|2020106896|2020103246|2021101602|2020102680,9|16|4|13|5|12,0.0970275492882|0.0953849766585|0.0899085651598|0.088241479072|0.0847680048902|0.0812604073263,6
2024,202406040704,outsider_daytrend,当日傾向型,2022103867|2022106103|2022100508|2022102012|2022107290|2022102651,6|7|12|10|11|5,0.0736188839634|0.0736188839634|0.0720839046811|0.0715069969627|0.0709712253827|0.0674339593354,6
2024,202406040810,outsider_daytrend,当日傾向型,2019100755|2021104665|2019103806|2020105409|2019104356|2018100097,10|6|4|5|11|9,0.0816514601736|0.0812994212972|0.0788203701962|0.0776345678115|0.0775805664919|0.0756974778851,6
2024,202406040905,outsider_daytrend,当日傾向型,2022106831|2022105657|2022103503|2022105260|2022104799|2022101258,6|5|7|8|13|14,0.0734515205369|0.0731448056582|0.0682382172826|0.0682382172826|0.0598091258702|0.0595212381307,6
2024,202406040907,outsider_daytrend,当日傾向型,2020103160|2021105970|2021101176|2020103923|2021100588|2019105824,7|12|9|14|10|8,0.0799463773329|0.0790458175461|0.0699806944211|0.0695490190919|0.0681313533076|0.0680091697147,6
2024,202406040911,outsider_daytrend,当日傾向型,2019100213|2020106851|2021107058|2019103753|2019105394|2019106526,3|13|10|5|6|2,0.0789030763358|0.0757893767095|0.0734154357775|0.0706919305944|0.06976799431|0.0692690534042,6
2024,202406040912,outsider_daytrend,当日傾向型,2019100614|2021110055|2019100284|2017103575|2019101295|2021104461,9|8|2|6|15|10,0.0896896423371|0.0804135171593|0.0757354768204|0.0748810677154|0.0747115251872|0.0733935584091,6
2024,202406050105,outsider_daytrend,当日傾向型,2022110038|2022104072|2022100269|2022106599|2022102519|2022101171,12|14|15|16|13|4,0.0704686507862|0.0663790805121|0.0662899741912|0.0662899741912|0.0662599904692|0.0638146720698,6
2024,202406050106,outsider_daytrend,当日傾向型,2022102801|2022103142|2022102129|2022105901|2022102606|2022105459,12|13|2|6|7|8,0.0834163665541|0.0818299682753|0.0799354601292|0.0786863150376|0.0786863150376|0.0777815108067,6
2024,202406050112,outsider_daytrend,当日傾向型,2021104006|2021100610|2021105485|2021100522|2021104665|2020106795,2|5|1|12|13|4,0.0875049721982|0.073218675484|0.0722440980957|0.0713177567405|0.0695192231686|0.0694831156016,6
2024,202406050204,outsider_daytrend,当日傾向型,2022102352|2022103030|2022100028|2022107286|2022101212|2022102093,2|3|12|13|14|15,0.0710683391122|0.0710683391122|0.0698907268527|0.0696746869103|0.0667243368037|0.0667243368037,6
2024,202406050205,outsider_daytrend,当日傾向型,2022104695|2022101718|2022105852|2022101867|2022102682|2022105597,7|8|9|10|5|6,0.063974871159|0.0635580716494|0.062940178601|0.0623013687789|0.0588153019085|0.0584349395042,6
2024,202406050305,outsider_daytrend,当日傾向型,2022102393|2022104552|2022102980|2022106253|2022104844|2022103184,7|8|4|3|5|9,0.0684475329858|0.0683080632536|0.0653073929838|0.0644616548233|0.0640698938959|0.063760812865,6
2024,202406050409,outsider_daytrend,当日傾向型,2020100809|2021104994|2021101724|2019104674|2020103653|2018103377,2|16|9|14|6|4,0.0897687916348|0.0728528156906|0.0663339329664|0.066248610474|0.0649688390249|0.0648832960736,6
2024,202406050410,outsider_daytrend,当日傾向型,2018106571|2020102964|2020100116|2020101024|2020100142|2020104136,3|13|9|8|12|14,0.0928959067283|0.0857066892998|0.0826817070198|0.0746137632514|0.0744853379575|0.0702154995117,6
2024,202406050411,outsider_daytrend,当日傾向型,2021110164|2019105741|2019101975|2021103868|2019105968|2021104461,8|16|1|11|12|6,0.0854211651389|0.0811958922243|0.0782432153848|0.0745869595408|0.0734751262839|0.0726373687976,6
2024,202406050505,outsider_daytrend,当日傾向型,2022105394|2022105050|2022105003|2022105165|2022104958|2022106538,10|11|12|13|9|8,0.0771203612232|0.0765452767467|0.0704352499531|0.0701337437421|0.0685703525072|0.0680515756238,6
2024,202406050508,outsider_daytrend,当日傾向型,2021104868|2021101630|2020100078|2020104354|2021100761|2021101449,16|11|7|10|1|12,0.0831227046749|0.0741232457345|0.0713372224158|0.0692356169271|0.0689379821542|0.0670691251708,6
2024,202406050511,outsider_daytrend,当日傾向型,2020104572|2020102378|2021105801|2020102660|2020100148|2020103368,8|10|7|15|6|16,0.085321392275|0.0783043004063|0.071070533055|0.0697351288585|0.0684876716006|0.0662310334867,6
2024,202406050605,outsider_daytrend,当日傾向型,2022105843|2022105240|2022101066|2022104434|2022106615|2022101194,3|5|6|7|8|2,0.0770418699081|0.0703753037551|0.0687191643735|0.0686408978098|0.0685003599245|0.0682176509449,6
2024,202406050606,outsider_daytrend,当日傾向型,2022106669|2022100045|2022102603|2022106945|2022100250|2022107398,9|10|12|11|6|5,0.0676918407744|0.0670525032172|0.0656610046437|0.065568423154|0.0655405588796|0.0652979789614,6
2024,202406050611,outsider_daytrend,当日傾向型,2020105626|2018100420|2019101629|2019104998|2019101348|2018105131,9|3|6|16|4|12,0.0964826280045|0.0732123565575|0.0687682593958|0.068219322388|0.0675173393776|0.0647033638558,6
2024,202406050711,outsider_daytrend,当日傾向型,2018103507|2017105439|2020103792|2020103553|2021105625|2020102935,7|6|9|4|1|12,0.0751874033912|0.0740863641419|0.0728106996161|0.072470571437|0.069563266976|0.0680901929169,6
2024,202406050809,outsider_daytrend,当日傾向型,2016102550|2020103321|2019100212|2021105104|2020103205|2016102767,9|7|8|5|10|4,0.0824665372009|0.078033317089|0.0777559144054|0.0728804537013|0.0670685284405|0.0669047297348,6
2024,202406050911,outsider_daytrend,当日傾向型,2022105102|2022105033|2022101745|2022100161|2022106611|2022104615,6|13|15|10|7|17,0.109978580485|0.0711467709386|0.0680821497367|0.0630839780232|0.0594494116871|0.0594468160978,6
2024,202407010109,outsider_daytrend,当日傾向型,2019103556|2020106458|2020104198|2020101271|2020104671|2016102801,8|3|11|12|9|10,0.0824371436711|0.0740682233778|0.0717262413395|0.0680260956471|0.0673756011689|0.0640985038798,6
2024,202407010211,outsider_daytrend,当日傾向型,2020103275|2020103650|2018101660|2019106698|2020103472|2020102870,1|3|2|8|9|5,0.0941359331266|0.0913407887815|0.087998217746|0.0845495005398|0.0842558925283|0.0809893605583,6
2024,202407010402,outsider_daytrend,当日傾向型,2021102572|2021102970|2021110129|2021102754|2021110066|2021100424,5|9|13|12|6|11,0.0859023805656|0.0797634236637|0.0797469395923|0.06611450036|0.0641468610693|0.0632321912223,6
2024,202407010602,outsider_daytrend,当日傾向型,2021101551|2021103825|2021105395|2021104918|2021102231|2021106642,3|9|18|5|17|16,0.091779790076|0.0769765370415|0.0766069092875|0.0732379497055|0.0676235097568|0.0631635314679,6
2024,202407010612,outsider_daytrend,当日傾向型,2020105157|2020101574|2020100145|2020106458|2020103034|2019100569,4|12|6|16|10|8,0.0722935820339|0.0709326786686|0.0702231120717|0.0698968811661|0.0693435821769|0.0688755858673,6
2024,202407020206,outsider_daytrend,当日傾向型,2021105912|2021102995|2021104438|2021100090|2021105413|2021104744,8|3|4|11|2|5,0.0775492197617|0.0764897867771|0.0746642328292|0.0739879820897|0.0703536271236|0.0663108588664,6
2024,202407020305,outsider_daytrend,当日傾向型,2022100740|2022105765|2022104858|2022101854|2022105381|2022101104,16|13|15|14|6|17,0.0598735515554|0.0597832965061|0.059495264864|0.059495264864|0.0575243630304|0.057433498147,6
2024,202407020306,outsider_daytrend,当日傾向型,2022100061|2022104491|2022106628|2022106179|2022103264|2022102865,15|16|14|11|13|12,0.0703797846424|0.0703797846424|0.0666643670065|0.0656139715549|0.0631156857123|0.0630800355031,6
2024,202407020411,outsider_daytrend,当日傾向型,2019104057|2020101897|2018102281|2020101827|2019105139|2019105806,8|14|2|3|4|1,0.0784551460712|0.0635371129788|0.0632235883612|0.0612455753234|0.0603742426378|0.058894719747,6
2024,202407020505,outsider_daytrend,当日傾向型,2022106567|2022104719|2022104130|2022104944|2022104420|2022100420,15|16|12|11|13|14,0.0690189855454|0.0690189855454|0.0661678605499|0.065671097593|0.0653257225747|0.064111236279,6
2024,202407020511,outsider_daytrend,当日傾向型,2019104126|2020102818|2020101036|2020103199|2018106031|2019102665,14|7|6|5|4|9,0.0759410541131|0.0710087143022|0.0709140214647|0.0706332334435|0.0702444426703|0.0692074316433,6
2024,202407020606,outsider_daytrend,当日傾向型,2020103448|2021100248|2020101823|2021101634|2020100138|2021100703,5|12|11|7|10|9,0.0805670191453|0.0799478246773|0.0785716804384|0.0743017315049|0.0737223167153|0.0725352780362,6
2024,202407020706,outsider_daytrend,当日傾向型,2022103551|2022106323|2022104311|2022106604|2022104059|2022106453,9|10|12|16|15|13,0.0762041996672|0.0754956673911|0.0693722471137|0.0692204361197|0.0692204361197|0.0666859326075,6
2024,202407020806,outsider_daytrend,当日傾向型,2021105985|2021106622|2021101430|2021100280|2021100407|2021105247,2|12|9|7|10|8,0.0783898829307|0.0713549189086|0.0655299971813|0.0643883655155|0.0580769665176|0.0569123354351,6
2024,202407020810,outsider_daytrend,当日傾向型,2019105572|2021103725|2018106560|2014103963|2019100652|2019105709,7|9|12|6|8|14,0.0719905083646|0.0691016671434|0.0663346523324|0.0663181240239|0.0648777978022|0.0643921708248,6
2024,202407030108,outsider_daytrend,当日傾向型,2020101635|2020105897|2020102728|2021105435|2020105073|2018103200,2|13|14|1|4|5,0.119665318779|0.076241362604|0.0728045140137|0.0636892387826|0.0564898078237|0.0556119032002,6
2024,202407030303,outsider_daytrend,当日傾向型,2022102286|2022107012|2022106715|2022104130|2022103199|2022100632,2|5|9|10|6|4,0.106843992577|0.0843593031572|0.0817301669499|0.0810039938479|0.0809401448075|0.0754910953568,6
2024,202407030306,outsider_daytrend,当日傾向型,2020102081|2021101382|2021105746|2020106925|2020100678|2021104830,3|16|14|11|12|13,0.0853680198247|0.0737809951522|0.0690718295394|0.0680845819316|0.0659361354052|0.0651210800741,6
2024,202407030312,outsider_daytrend,当日傾向型,2020101216|2020101652|2021110158|2021110131|2021100680|2021103582,1|12|9|13|15|7,0.0839854617161|0.082784135768|0.0804480040217|0.0799886686936|0.0777981670087|0.0739952918093,6
2024,202407030410,outsider_daytrend,当日傾向型,2019105413|2021105548|2020103464|2020105354|2018106815|2021100350,1|8|16|4|14|9,0.0828963944331|0.0732239574476|0.0681085403997|0.0648715661875|0.0637027922406|0.0629996103873,6
2024,202407030605,outsider_daytrend,当日傾向型,2022104776|2022101598|2022106635|2022100791|2022105021|2022107342,13|5|14|6|8|4,0.0750468220132|0.0746716923403|0.0736688066982|0.0734745279424|0.0727763847055|0.0722541311304,6
2024,202407030607,outsider_daytrend,当日傾向型,2021105602|2021105238|2021110088|2020101841|2021101621|2021106826,7|10|12|5|16|11,0.0858836884832|0.0839397007361|0.0808908135266|0.0672405195904|0.0670267963867|0.066550964432,6
2024,202407030609,outsider_daytrend,当日傾向型,2021101470|2019104169|2021110122|2018105096|2019110026|2018100442,11|12|13|9|4|5,0.0932309513988|0.0898037389718|0.0872684183625|0.0799707550223|0.0793642840532|0.0788675774427,6
2024,202407030611,outsider_daytrend,当日傾向型,2019103920|2017106264|2021105489|2020102751|2021103725|2020100818,11|4|14|13|1|7,0.101259308384|0.089533597058|0.0841330019575|0.0818426879755|0.0770872991156|0.071324452886,6
2024,202407030612,outsider_daytrend,当日傾向型,2020105734|2018102956|2021104777|2020106393|2019100323|2019103824,16|12|8|11|15|10,0.0781806303276|0.0775913868704|0.0748794079928|0.0725706941492|0.0718587234742|0.0678345073158,6
2024,202407030711,outsider_daytrend,当日傾向型,2021102728|2021105048|2021106738|2021104791|2021104971|2021103272,2|3|7|6|5|15,0.0934114457127|0.0931396077123|0.083252536581|0.0793301167071|0.0786696855304|0.0770556201564,6
2024,202407030804,outsider_daytrend,当日傾向型,2022101684|2022105804|2022100180|2022106699|2022101827|2022106565,16|15|4|3|2|5,0.0649553902193|0.0649553902193|0.0645314810456|0.0642880744225|0.0642320352494|0.0632523187644,6
2024,202407030903,outsider_daytrend,当日傾向型,2022101178|2022103068|2022103747|2022102565|2022100591|2022101643,10|13|12|11|1|2,0.0710778092766|0.0685665199149|0.0685644447274|0.0684520398101|0.068230279403|0.0680804870162,6
2024,202407030907,outsider_daytrend,当日傾向型,2021104963|2021104669|2021101412|2021105528|2020102919|2021106544,7|5|15|3|9|6,0.0842977997393|0.0794678657052|0.072313533582|0.0715449932583|0.0702838535973|0.068667465357,6
2024,202407040109,outsider_daytrend,当日傾向型,2020103579|2019102794|2019105063|2019105073|2021103225|2019100182,7|6|15|13|11|12,0.0845508814891|0.0822522426896|0.0806952830027|0.0745045292469|0.0701468010542|0.0697633496154,6
2024,202407040202,outsider_daytrend,当日傾向型,2020106816|2020102542|2021105895|2021105706|2021103488|2020103710,12|3|8|11|2|9,0.106498426792|0.0797632452443|0.0762814427221|0.0733780368325|0.0677004454728|0.063504696159,6
2024,202407040210,outsider_daytrend,当日傾向型,2020100673|2021104649|2020101805|2020106687|2021102735|2020105415,11|6|8|10|16|12,0.0854505363628|0.0693701523176|0.0675783773751|0.0666177275611|0.0664576626514|0.0662479768075,6
2024,202407040212,outsider_daytrend,当日傾向型,2021105831|2020100606|2021102800|2020103370|2021105577|2021105056,7|10|4|12|14|3,0.0800924499572|0.0795403300519|0.0778239694078|0.0763850234299|0.0727163051427|0.0722130593086,6
2024,202407040305,outsider_daytrend,当日傾向型,2022105808|2022105174|2022106042|2022105172|2022106324|2022101613,7|8|6|9|13|14,0.0664213178707|0.0664213178707|0.0648762199692|0.0646116638075|0.0642813736944|0.0642813736944,6
2024,202407040307,outsider_daytrend,当日傾向型,2020103910|2021105247|2019100774|2021101440|2021103002|2021105434,13|4|9|14|15|5,0.0753865115658|0.0682461987691|0.067800159568|0.0667540043552|0.0596282934739|0.0593853765868,6
2024,202407040311,outsider_daytrend,当日傾向型,2020105400|2020103025|2019104828|2017105109|2018104558|2020103331,7|14|3|13|6|15,0.0728659039435|0.068999093304|0.0648907664854|0.0644471078134|0.0635460821089|0.0629241576347,6
2024,202407040504,outsider_daytrend,当日傾向型,2022103054|2022104440|2022104498|2022106510|2022105148|2022100075,9|3|10|1|5|11,0.0863271302464|0.0743098015137|0.0712424148876|0.0671034702028|0.0628914408694|0.0574967661746,6
2024,202407040507,outsider_daytrend,当日傾向型,2021110012|2021103545|2021105480|2021105923|2020102959|2021106294,13|8|10|6|5|4,0.0977052057802|0.073832721882|0.0700094766902|0.0671745435397|0.0630479056214|0.0615712073222,6
2024,202407040605,outsider_daytrend,当日傾向型,2022104732|2022102916|2022101415|2022104642|2022104819|2022103186,7|8|5|6|13|12,0.0725319273176|0.0690386453805|0.0590471508151|0.0589863908853|0.057202603552|0.0569540919254,6
2024,202407040607,outsider_daytrend,当日傾向型,2021103289|2019105745|2020105564|2018105096|2020104676|2021103711,8|15|4|5|16|3,0.083210220277|0.0750291237604|0.0726976968747|0.0678208286858|0.0674109892481|0.0667689632296,6
2024,202408010104,outsider_daytrend,当日傾向型,2021105073|2021100262|2021102083|2021106011|2021104211|2021102221,14|13|12|16|15|11,0.0691708622189|0.0691708622189|0.0688317682591|0.0687634788858|0.0687634788858|0.0638356391882,6
2024,202408010111,outsider_daytrend,当日傾向型,2020103277|2018104910|2019106670|2016103884|2020103639|2018103929,5|18|9|6|11|12,0.0648934756848|0.0639442177446|0.0631533108222|0.062624105976|0.0609622772437|0.0606720883915,6
2024,202408010303,outsider_daytrend,当日傾向型,2021106608|2021107301|2021104514|2021102810|2021100906|2021101490,12|16|14|13|15|11,0.0732851490102|0.0710284320695|0.0684058471865|0.0682829561944|0.0676189340249|0.0669792111203,6
2024,202408010305,outsider_daytrend,当日傾向型,2021105618|2021106163|2021105837|2021103684|2021100732|2021102781,12|13|15|14|11|16,0.0792582136515|0.0728165022942|0.0720944128436|0.0720944128436|0.0678160481276|0.059129508326,6
2024,202408010311,outsider_daytrend,当日傾向型,2021105601|2021110148|2021105565|2021103210|2021105596|2021103725,16|5|13|18|11|1,0.0648114400197|0.0634191457126|0.0622914556348|0.0612757820273|0.0607302233257|0.060585658727,6
2024,202408010404,outsider_daytrend,当日傾向型,2021103223|2021105247|2021104123|2021102903|2021101859|2021103993,10|9|12|13|14|16,0.0716685774549|0.0716685774549|0.0696881582467|0.06717760642|0.06717760642|0.0643199632355,6
2024,202408010411,outsider_daytrend,当日傾向型,2018102360|2019110001|2019103714|2019110031|2020100896|2019104841,13|15|11|14|7|16,0.0799034216169|0.0798455712777|0.0746231168214|0.0712721515619|0.0704030035022|0.0698452822795,6
2024,202408010412,outsider_daytrend,当日傾向型,2019104068|2020106737|2019105396|2020102655|2019101618|2019105777,12|14|10|1|18|8,0.0829575411146|0.0727430278349|0.0712001867381|0.0683806198116|0.0670130661284|0.0636337073971,6
2024,202408010503,outsider_daytrend,当日傾向型,2021106151|2021103264|2021103994|2021102906|2021110067|2021101548,11|12|16|15|13|14,0.0739813388193|0.0731672182803|0.0697141996624|0.0696435079446|0.0689640609819|0.0689640609819,6
2024,202408010505,outsider_daytrend,当日傾向型,2021100883|2021106669|2021101433|2021103861|2021104427|2021101714,16|18|17|13|15|14,0.0663396544604|0.0654891085431|0.0636434641501|0.0595462719157|0.059258361194|0.059258361194,6
2024,202408010506,outsider_daytrend,当日傾向型,2021101682|2021104928|2021103299|2021100717|2021100690|2021100479,13|18|15|12|9|6,0.0821859639963|0.0765056011456|0.0733956507049|0.0730976925542|0.0648717360471|0.0613569678137,6
2024,202408010603,outsider_daytrend,当日傾向型,2021103932|2021103300|2021102972|2021100655|2021105525|2021103943,12|11|5|6|16|7,0.0697770214264|0.0686589958697|0.0673692614614|0.0673006384024|0.0664579148877|0.0643454121835,6
2024,202408010605,outsider_daytrend,当日傾向型,2021103020|2021101565|2021102073|2021105967|2021105074|2021100651,13|12|8|6|7|9,0.0862340504966|0.0822795923981|0.0815260481684|0.080421497553|0.080421497553|0.0800640924278,6
2024,202408010702,outsider_daytrend,当日傾向型,2021103205|2021100546|2021103213|2021103895|2021105104|2021104661,16|15|14|13|4|3,0.0711275967721|0.0711275967721|0.0703510885013|0.0703510885013|0.0668038914811|0.0665517482829,6
2024,202408010705,outsider_daytrend,当日傾向型,2021105049|2021103488|2021100685|2021100885|2021105682|2021102959,13|14|15|16|17|12,0.073585910125|0.0732369400301|0.0697353667792|0.0697353667792|0.068165488902|0.0668124155713,6
2024,202408010711,outsider_daytrend,当日傾向型,2020106565|2018105431|2019105308|2018104059|2020102904|2018104948,13|1|11|15|10|3,0.0831917519347|0.0772797775466|0.0749000490202|0.0741615085448|0.0708592027009|0.0663956006948,6
2024,202408020104,outsider_daytrend,当日傾向型,2021102454|2021103287|2021106210|2021106453|2021106974|2021104037,2|16|15|12|1|13,0.0670270897786|0.0659738743226|0.0659738743226|0.0653310415909|0.0652540867002|0.0651983684117,6
2024,202408020112,outsider_daytrend,当日傾向型,2018103200|2019105350|2020104739|2020103495|2019100572|2020102329,17|14|18|10|1|13,0.0909180496394|0.0852324434165|0.0741501261646|0.0644766496132|0.0624794413926|0.0599448350033,6
2024,202408020205,outsider_daytrend,当日傾向型,2021102327|2021101260|2021107371|2021105558|2021105460|2021102835,8|13|12|10|11|6,0.0840196171093|0.0820145004449|0.0819281849272|0.081478237028|0.081478237028|0.0801004426258,6
2024,202408020210,outsider_daytrend,当日傾向型,2020106909|2020103101|2019105168|2020101025|2017105408|2020106535,2|6|4|5|12|10,0.116406230287|0.0938885907352|0.0924504866908|0.0893551817435|0.0889098782946|0.0876335047086,6
2024,202408020211,outsider_daytrend,当日傾向型,2019105658|2015104364|2019103422|2020101827|2019105126|2019110001,17|16|14|15|13|18,0.0865005843536|0.0824176787327|0.0813156159417|0.0607375512666|0.0596397466965|0.0586949515051,6
2024,202408020304,outsider_daytrend,当日傾向型,2021105692|2021102834|2021104163|2021103469|2021102729|2021105686,15|16|12|11|13|14,0.0776306088711|0.0776306088711|0.0732292541751|0.0719179015315|0.071471225506|0.071471225506,6
2024,202408020312,outsider_daytrend,当日傾向型,2020105929|2017100392|2020104780|2019103780|2019100786|2019101233,13|14|16|11|7|9,0.0862199594902|0.0847846770986|0.0783229697893|0.072711739217|0.0675415686868|0.0672153078662,6
2024,202408020504,outsider_daytrend,当日傾向型,2021101917|2021103844|2021100091|2021104942|2021100288|2021100497,2|1|16|15|13|14,0.0704783646967|0.0689928726727|0.0650109693874|0.0649446666134|0.0638645137279|0.0632592497076,6
2024,202408020508,outsider_daytrend,当日傾向型,2019101158|2020101517|2019102282|2019104000|2020100130|2020102599,16|12|14|2|10|13,0.0901022865348|0.0808342007411|0.0727819102482|0.0655501825347|0.0651337541226|0.0639601542731,6
2024,202408020704,outsider_daytrend,当日傾向型,2021100870|2021105296|2021106355|2021110152|2021105112|2021105164,12|13|14|11|7|8,0.0784936412684|0.075267527794|0.075267527794|0.0672745365577|0.0636729297397|0.0636729297397,6
2024,202408020708,outsider_daytrend,当日傾向型,2019102460|2020110100|2020103979|2020100688|2020103902|2020103339,16|1|4|11|14|8,0.0905044700169|0.0796807496517|0.0744425324283|0.0739197930387|0.0727682902814|0.0683825231774,6
2024,202408020804,outsider_daytrend,当日傾向型,2021104210|2021103606|2021103526|2021102509|2021100226|2021102585,11|12|8|7|16|15,0.0831687744685|0.0831154759539|0.0667709480626|0.0667709480626|0.0662489726968|0.0661815848905,6
2024,202408030204,outsider_daytrend,当日傾向型,2021101781|2021102986|2021104997|2021102648|2021101584|2021101484,10|9|11|12|18|2,0.0917645744273|0.077881944788|0.063616183978|0.063616183978|0.0588678632425|0.0582915332219,6
2024,202408030311,outsider_daytrend,当日傾向型,2021101733|2021106625|2021105477|2021106611|2021105430|2021105262,11|2|16|13|3|8,0.0920267171124|0.0747432727776|0.0722435020069|0.0712090514951|0.0686808645262|0.0681908664423,6
2024,202408030312,outsider_daytrend,当日傾向型,2020106795|2019102824|2020104363|2018102021|2019106076|2019101200,4|9|14|10|7|8,0.0857255085526|0.0706200640415|0.0683174276131|0.0681636886556|0.0655974846242|0.0649060739186,6
2024,202408030410,outsider_daytrend,当日傾向型,2019102786|2019100751|2018102585|2020102630|2018100141|2019100652,12|10|13|17|7|14,0.0923454091049|0.0676861669264|0.0665207194158|0.0652611882133|0.057464856918|0.0574536333637,6
2024,202408030411,outsider_daytrend,当日傾向型,2019100630|2016104946|2019105748|2018104609|2019102879|2019105312,18|9|5|16|11|4,0.0792093236548|0.0727764688202|0.0709673715981|0.0703096622752|0.0691109485809|0.0671116697664,6
2024,202408030510,outsider_daytrend,当日傾向型,2019103507|2018100026|2015104589|2020105621|2020106884|2018105503,12|10|14|3|7|8,0.0802273601317|0.0770602714634|0.0716957711214|0.0709203658051|0.070343237465|0.0693925501501,6
2024,202408030606,outsider_daytrend,当日傾向型,2021104581|2021106610|2021103209|2021101090|2021101193|2021105387,2|7|6|15|13|3,0.106505196024|0.0748051208792|0.0729282700609|0.0715183237503|0.0665324020124|0.0638585614279,6
2024,202408030810,outsider_daytrend,当日傾向型,2019103920|2020103354|2019105413|2020103413|2020103082|2018105264,14|3|1|11|8|6,0.10261399184|0.0941668412069|0.0861880247195|0.0848961455398|0.0742122241446|0.0737205895626,6
2024,202408030812,outsider_daytrend,当日傾向型,2019102514|2020100960|2020100665|2020102360|2019106671|2020102575,7|2|8|13|9|5,0.103964669091|0.077676186399|0.0759960807775|0.0753198711938|0.0752190022638|0.0736708015868,6
2024,202408030904,outsider_daytrend,当日傾向型,2021104806|2021110129|2021110089|2021105880|2021101455|2021103249,4|6|18|5|12|17,0.0702497347381|0.0680044901248|0.0678971926595|0.0665207975018|0.0648253519599|0.0646297742015,6
2024,202408030909,outsider_daytrend,当日傾向型,2021105528|2021104242|2021103519|2021105618|2021102952|2021105746,8|6|4|7|3|5,0.0998053076462|0.086154360186|0.0835758963261|0.0832742457521|0.0819058577338|0.077323776938,6
2024,202408031110,outsider_daytrend,当日傾向型,2019106475|2020105835|2020100850|2019100177|2019110053|2020101020,14|2|11|10|13|7,0.0920405354872|0.0808382788207|0.0772672999102|0.0671485938855|0.0655572402154|0.0653998600094,6
2024,202408031202,outsider_daytrend,当日傾向型,2021102569|2021105530|2021103591|2021102150|2021104039|2021102851,16|9|6|4|13|2,0.120400668364|0.0971031213835|0.0787497905735|0.0784232797069|0.0740497687797|0.0722028826658,6
2024,202408031210,outsider_daytrend,当日傾向型,2018102595|2018110043|2020102502|2018102227|2019100684|2018105454,15|12|11|6|3|14,0.0654948772002|0.0654674431461|0.0640001647174|0.0630709221312|0.0629388121796|0.062861191206,6
2024,202408031212,outsider_daytrend,当日傾向型,2019102137|2018103902|2019106184|2017104138|2017105574|2018105011,10|15|4|11|12|3,0.0926194405789|0.0719330739333|0.0690219315206|0.0644964997291|0.0644228782707|0.0634840555032,6
2024,202408040109,outsider_daytrend,当日傾向型,2021102573|2021110104|2018103388|2020105298|2021102953|2017103278,4|16|15|12|3|7,0.0781959101529|0.0755865355252|0.0737689595562|0.073111276525|0.0673032303514|0.0672218776274,6
2024,202408040212,outsider_daytrend,当日傾向型,2020105073|2020104477|2019103123|2020106737|2020105996|2020103699,13|9|16|15|6|11,0.0925017303457|0.0836247124482|0.0770434160575|0.0747121430365|0.0683770997253|0.0675021192301,6
2024,202408040303,outsider_daytrend,当日傾向型,2021105247|2021100981|2021100193|2021102973|2021105047|2021104518,10|15|4|14|16|7,0.108140935114|0.0988801193688|0.0885381644341|0.0727510501374|0.0696695772588|0.0677596963012,6
2024,202408040611,outsider_daytrend,当日傾向型,2019103430|2018101943|2020105655|2019100824|2019105062|2019105628,1|12|13|10|15|11,0.0781080433038|0.0676223631632|0.0663138806142|0.0656492539775|0.0650397314393|0.0649132767654,6
2024,202408040707,outsider_daytrend,当日傾向型,2021100711|2021105508|2021103283|2020101594|2021110159|2019101621,12|5|11|2|13|15,0.15780067444|0.0815383630406|0.0776850767493|0.0760949723379|0.0704270977229|0.0697654372825,6
2024,202408040710,outsider_daytrend,当日傾向型,2019103920|2021101737|2019101079|2020104702|2018100141|2018105011,3|15|11|7|1|2,0.073827887446|0.0736107970802|0.0676509846468|0.0675095284222|0.0658167704193|0.0652530066573,6
2024,202408050104,outsider_daytrend,当日傾向型,2022103446|2022110113|2022103619|2022101910|2022100188|2022105630,13|16|14|12|2|15,0.0654680670966|0.0653240462101|0.0647267450847|0.0643667533067|0.0638402929114|0.0635060847783,6
2024,202408050105,outsider_daytrend,当日傾向型,2022105868|2022104885|2022103875|2022101697|2022109038|2022103035,2|14|15|13|12|8,0.0727120140958|0.0697072127523|0.0697072127523|0.0694015712159|0.0693994569696|0.0690588301985,6
2024,202408050111,outsider_daytrend,当日傾向型,2019105968|2019104911|2020100896|2019103714|2016110119|2018102281,11|15|14|13|17|12,0.0804185077577|0.0753894794102|0.0742221358869|0.0738517283977|0.0629907966099|0.0594833948774,6
2024,202408050203,outsider_daytrend,当日傾向型,2022102828|2022101017|2022105362|2022105881|2022105567|2022106992,9|10|12|11|16|7,0.0780862320891|0.0780862320891|0.0706232660992|0.0697997552879|0.0638892518099|0.0612134339478,6
2024,202408050204,outsider_daytrend,当日傾向型,2022100384|2022105446|2022101025|2022106621|2022104738|2022102702,11|12|13|14|16|17,0.0880712512377|0.0837509151473|0.0693542687063|0.0686656628663|0.0615994974422|0.0602093250105,6
2024,202408050205,outsider_daytrend,当日傾向型,2022104706|2022100891|2022100080|2022105136|2022104256|2022103280,5|4|6|7|10|11,0.091717790865|0.091717790865|0.0784410347903|0.0784410347903|0.0754898710301|0.0754898710301,6
2024,202408050209,outsider_daytrend,当日傾向型,2018106552|2020103099|2021100494|2021104434|2020104332|2020105539,15|8|16|12|13|9,0.0869278873546|0.0781845551881|0.0756729346245|0.0719713436033|0.0688648617392|0.0686469972836,6
2024,202408050303,outsider_daytrend,当日傾向型,2022105316|2022106180|2022101103|2022106635|2022102931|2022105265,4|7|15|2|3|10,0.0805092028963|0.0767495455797|0.0727544785662|0.071053799541|0.0705796888453|0.0694931241987,6
2024,202408050304,outsider_daytrend,当日傾向型,2022104880|2022103634|2022100206|2022104249|2022100736|2022102008,12|11|6|5|8|7,0.0725745346094|0.0711234244102|0.0670898697106|0.0668073077179|0.0618266323386|0.0618266323386,6
2024,202408050305,outsider_daytrend,当日傾向型,2022104963|2022100219|2022107185|2022100619|2022105954|2022104556,7|6|3|8|9|4,0.0998447317756|0.0998447317756|0.0770044939169|0.076920893098|0.0744665464935|0.0736952995946,6
2024,202408050307,outsider_daytrend,当日傾向型,2021106394|2021106554|2017100426|2021101461|2019103953|2019110026,13|12|15|11|14|2,0.0788615855095|0.0746304975837|0.0742408466214|0.0719416498186|0.0629691248616|0.0624798754081,6
2024,202408050607,outsider_daytrend,当日傾向型,2019102794|2021106610|2021109027|2021103225|2020103246|2019106419,16|4|5|1|11|6,0.0937343462516|0.075684809202|0.0695205746007|0.0639771799238|0.0622992562144|0.0610951616023,6
2024,202408050711,outsider_daytrend,当日傾向型,2019105505|2019106670|2019105938|2021105774|2019105126|2021100139,1|16|3|17|14|4,0.0801673060236|0.0778639772804|0.0713209913644|0.0678999167997|0.0671888495159|0.0645427526849,6
2024,202408050804,outsider_daytrend,当日傾向型,2022102952|2022100537|2022110121|2022106694|2022103972|2022104105,15|16|14|13|11|12,0.0708751523613|0.0708751523613|0.068376560468|0.068376560468|0.0666712772894|0.0649465117715,6
2024,202408050808,outsider_daytrend,当日傾向型,2021103532|2021105886|2020104346|2020106813|2021103595|2021100086,11|15|14|13|8|10,0.103647623468|0.0875625629506|0.0825403729189|0.0777200485344|0.0741031753097|0.0704979998317,6
2024,202408060105,outsider_daytrend,当日傾向型,2022107306|2022100226|2022110124|2022106320|2022100295|2022103761,9|10|11|12|7|8,0.0733013858799|0.0733013858799|0.0721813976946|0.0717652858848|0.0612125114763|0.0612125114763,6
2024,202408060106,outsider_daytrend,当日傾向型,2022101068|2022102295|2022101596|2022104186|2022103047|2022101312,8|7|5|6|9|10,0.0762016029539|0.0762016029539|0.0742721930937|0.0736870858447|0.0736122233793|0.0736122233793,6
2024,202408060211,outsider_daytrend,当日傾向型,2020105621|2020104661|2020100273|2019106929|2020103626|2017101184,13|6|12|5|3|1,0.101837209771|0.0868007366024|0.0833196915025|0.0791593053171|0.0761562158603|0.0684192378162,6
2024,202408060406,outsider_daytrend,当日傾向型,2021105503|2020104734|2021105583|2021104923|2021104646|2021107138,1|6|8|9|15|10,0.09225569312|0.0881150343834|0.08513962261|0.0822587422343|0.0806371144115|0.0753060488261,6
2024,202408060410,outsider_daytrend,当日傾向型,2021100836|2020104793|2020101919|2020110130|2020105627|2020104675,10|9|3|7|5|4,0.0922050806021|0.0894926114585|0.0790536380413|0.0741281435082|0.0729544331438|0.0717814413332,6
2024,202408060506,outsider_daytrend,当日傾向型,2022103850|2022103614|2022105554|2022102600|2022106217|2022100770,12|11|10|9|14|13,0.0769820039939|0.0740509445458|0.0714497201612|0.0714497201612|0.0640749896039|0.0640749896039,6
2024,202408060507,outsider_daytrend,当日傾向型,2021100639|2021105933|2019100665|2021110131|2020102013|2020106182,14|9|4|8|16|6,0.0715117638309|0.0700286543078|0.0666167947511|0.0661446289445|0.0647747941954|0.0636129255065,6
2024,202408060606,outsider_daytrend,当日傾向型,2021105068|2021105895|2020103556|2021102155|2020103274|2021105253,7|10|8|15|12|3,0.0829512413449|0.0712110234336|0.0711521499828|0.0699349901816|0.068524431242|0.0662437332547,6
2024,202408060609,outsider_daytrend,当日傾向型,2018103507|2019104112|2019103885|2021106635|2021104971|2018104797,8|15|11|16|10|12,0.0762026606883|0.0760006361515|0.065890846704|0.0650902461649|0.0650334564179|0.0621575532515,6
2024,202408060807,outsider_daytrend,当日傾向型,2021105865|2021104978|2021110088|2021105819|2021103665|2021105960,14|2|1|15|13|11,0.0772305821972|0.0724866277348|0.0667225100844|0.0664345542375|0.0657055948925|0.0620451113044,6
2024,202408060810,outsider_daytrend,当日傾向型,2020105198|2020105354|2021102888|2020103393|2019105301|2020106660,1|5|10|9|7|4,0.0894942120563|0.0858947868645|0.0857647132877|0.0815320372851|0.0809994151752|0.0802149845692,6
2024,202408060812,outsider_daytrend,当日傾向型,2016106263|2020101543|2019105126|2018105366|2019105345|2020102764,18|10|6|9|8|14,0.0635699352031|0.0620295404909|0.0612584543431|0.0611713914302|0.0601342299319|0.0593145686903,6
2024,202408070208,outsider_daytrend,当日傾向型,2020101879|2019102654|2021105753|2019100566|2020103888|2020106409,11|14|12|13|16|8,0.0745102332497|0.0739336973764|0.0726453588255|0.0725834228547|0.0675798430583|0.0670828439457,6
2024,202408070411,outsider_daytrend,当日傾向型,2022104812|2022104994|2022105317|2022105291|2022100490|2022110069,2|10|18|14|6|5,0.0755454884811|0.0675947584325|0.0672339019481|0.0662023250492|0.0637848904692|0.0590590928082,6
2024,202408070506,outsider_daytrend,当日傾向型,2022101773|2022103012|2022101824|2022104216|2022104022|2022100873,9|10|11|7|8|5,0.0821444274723|0.0821444274723|0.0715070159636|0.0713840206648|0.0713840206648|0.0713541621518,6
2024,202408070509,outsider_daytrend,当日傾向型,2019103641|2020100702|2021103300|2020104287|2021102735|2021103061,7|8|14|9|13|10,0.0872078883102|0.0762800512247|0.0710488479831|0.0623954675538|0.0618272427343|0.0609147580835,6
2024,202408070512,outsider_daytrend,当日傾向型,2020101772|2021100363|2020103668|2019100572|2021105591|2021105283,7|3|13|1|5|14,0.0936228979776|0.0899023419187|0.084085590494|0.0836165810368|0.0758385815918|0.0701578447263,6
2024,202408070605,outsider_daytrend,当日傾向型,2022102130|2022100895|2022106905|2022103214|2022106212|2022101049,5|6|7|8|3|4,0.075645204681|0.075050066798|0.0727347353045|0.0727347353045|0.0724100006513|0.0722624609399,6
2024,202408070606,outsider_daytrend,当日傾向型,2022103255|2022103941|2022104038|2022103618|2022105885|2022104513,12|11|8|7|9|10,0.0693828185608|0.0679956347215|0.0673304009532|0.0673304009532|0.0646694830476|0.0646694830476,6
2024,202408070607,outsider_daytrend,当日傾向型,2021100677|2021104514|2018103125|2021105447|2021105752|2019102229,4|3|12|10|14|1,0.0825995768614|0.0783550229935|0.0666424662202|0.0666123645813|0.064476150978|0.0643458831094,6
2024,202408070608,outsider_daytrend,当日傾向型,2020101841|2020103048|2021105427|2020104491|2021101488|2019105051,10|9|1|3|6|12,0.0770597802232|0.0747271358676|0.0614546187513|0.060975920555|0.0598772694209|0.0581039426642,6
2024,202408070611,outsider_daytrend,当日傾向型,2022104971|2022105396|2022105081|2022104898|2022101562|2022104120,10|2|4|6|1|5,0.0805474230734|0.0736223919778|0.0733090131866|0.0685324489481|0.0676946228478|0.0676540378389,6
2024,202408070705,outsider_daytrend,当日傾向型,2022100725|2022105385|2022103127|2022106202|2022102372|2022105619,7|8|5|16|15|6,0.0763305142422|0.0763305142422|0.0583881465447|0.0581631531335|0.0581036688058|0.0580097399333,6
2024,202408070711,outsider_daytrend,当日傾向型,2020105154|2019100213|2019104462|2020103075|2019105394|2019103753,7|12|3|10|15|16,0.0771761484522|0.0693416596104|0.0685767840942|0.0682225097784|0.0644788010742|0.0622910669555,6
2024,202408070803,outsider_daytrend,当日傾向型,2022104886|2022105503|2022100632|2022100998|2022104297|2022101683,12|10|8|9|11|6,0.0890266431425|0.0808155290531|0.0776710598342|0.0737224319965|0.0676353290814|0.0647745679818,6
2024,202408070806,outsider_daytrend,当日傾向型,2022105543|2022104432|2022104968|2022109094|2022105401|2022100662,8|7|10|9|12|13,0.0803854397571|0.0803854397571|0.0736278104362|0.0736278104362|0.0734125223316|0.0721884749259,6
2024,202408070811,outsider_daytrend,当日傾向型,2019106293|2019105859|2020101633|2019110105|2020100168|2019102576,15|3|16|14|5|10,0.0725054965296|0.0697433300419|0.0694196831025|0.0693433318658|0.0684988200261|0.0679782693861,6
2024,202408070812,outsider_daytrend,当日傾向型,2019103659|2021106601|2019101679|2020104083|2021104242|2021105374,14|10|13|12|4|16,0.0742062356005|0.0714397019868|0.0699169625312|0.0661003759108|0.0659993186822|0.0658069457392,6
2024,202409010211,outsider_daytrend,当日傾向型,2020105154|2019105087|2018106388|2019101700|2017100091|2017104093,16|2|18|9|7|13,0.0765125242138|0.0690398587992|0.0648603520556|0.0643958767897|0.0635332956499|0.0633144824145,6
2024,202409010212,outsider_daytrend,当日傾向型,2020104523|2019103308|2020101182|2020100747|2019103556|2020103575,10|11|9|12|6|13,0.0940910983659|0.0807383046555|0.0797502355315|0.0782634870526|0.0772521278092|0.0754046808599,6
2024,202409020307,outsider_daytrend,当日傾向型,2020106409|2018100421|2020104893|2020100716|2020100948|2020100683,16|14|13|12|11|9,0.0900661092052|0.0881639891985|0.0880115486765|0.0703452511591|0.0663909581426|0.0649572288326,6
2024,202409020411,outsider_daytrend,当日傾向型,2020103458|2020102781|2020103532|2020102899|2019105552|2019105155,7|11|3|10|2|12,0.0772838622909|0.0749160035864|0.0679144224309|0.0678309010199|0.0676312866481|0.0648532609437,6
2024,202409020502,outsider_daytrend,当日傾向型,2021105322|2021110130|2021100726|2021106192|2021110122|2021106304,7|5|12|3|13|14,0.104571512343|0.0910751477574|0.0822578579389|0.0730527300587|0.0680505555757|0.0624316499678,6
2024,202409020611,outsider_daytrend,当日傾向型,2021110027|2021105757|2021103910|2021104955|2021106834|2021105743,15|13|14|3|8|12,0.0910608059893|0.0785297102024|0.071080938008|0.0556172078404|0.054491416559|0.0544168609641,6
2024,202409020706,outsider_daytrend,当日傾向型,2021102259|2021100768|2021100898|2021105677|2021100086|2021110099,4|5|6|2|8|11,0.0946506483527|0.0861833892995|0.0804889794286|0.0803619029319|0.0748141926072|0.0720829962924,6
2024,202409020809,outsider_daytrend,当日傾向型,2019100168|2020103482|2019105337|2020103499|2017105070|2019105141,11|8|7|15|6|10,0.0710393611786|0.0696708755707|0.0694232392984|0.0686679544511|0.0683315161707|0.067033254873,6
2024,202409020812,outsider_daytrend,当日傾向型,2017100447|2019103543|2019106076|2020106518|2020101035|2020101134,10|11|14|12|15|3,0.0930174671811|0.0914762867168|0.0894668454238|0.0759537395941|0.0727031818621|0.0719848257505,6
2024,202410010109,outsider_daytrend,当日傾向型,2018100185|2019101607|2019106419|2019109109|2020105872|2020104772,14|16|8|4|3|12,0.0755662182501|0.074785214525|0.0700403941148|0.0686844235029|0.0652663856646|0.0635164428608,6
2024,202410010210,outsider_daytrend,当日傾向型,2018101621|2019100167|2019100318|2019105297|2020106338|2019106739,10|11|8|5|13|3,0.107486396894|0.10142621738|0.0920613912048|0.086876966613|0.0865486801965|0.083797518773,6
2024,202410010312,outsider_daytrend,当日傾向型,2019105265|2019102775|2020102718|2020100347|2019101031|2020104545,14|1|17|12|13|15,0.0752872531827|0.0700518956774|0.0674596421655|0.0632407266809|0.0614197387628|0.0609567333382,6
2024,202410010405,outsider_daytrend,当日傾向型,2021103532|2021103075|2021105267|2021100948|2021102602|2021103167,12|16|14|15|18|17,0.0624106058061|0.0623127860512|0.0622700907185|0.0622700907185|0.0610994102071|0.0603079324583,6
2024,202410010407,outsider_daytrend,当日傾向型,2021103239|2021105231|2021101825|2021105033|2021104989|2021103933,16|13|9|3|6|18,0.106025314277|0.0888162908797|0.0729446356008|0.0641602749474|0.0631976970257|0.0618608494755,6
2024,202410010409,outsider_daytrend,当日傾向型,2020103422|2020102229|2020106821|2019104560|2020105492|2019101643,11|9|8|2|10|12,0.077780414986|0.0770574477752|0.0765130685012|0.0741577830659|0.0730706887513|0.0704100730528,6
2024,202410010508,outsider_daytrend,当日傾向型,2016110158|2018106474|2015104367|2015105583|2015104582|2017100728,4|9|13|11|14|2,0.0912770643566|0.0781349718766|0.0765073801267|0.074529797527|0.0739581976092|0.0733466604183,6
2024,202410010510,outsider_daytrend,当日傾向型,2020106579|2019103017|2020101209|2019109109|2019102794|2019106419,16|10|8|11|4|12,0.0953847398963|0.0827395721765|0.081449049042|0.0738699449734|0.0658666164632|0.0646827746101,6
2024,202410010512,outsider_daytrend,当日傾向型,2020101247|2019104356|2019102147|2020102971|2020102507|2020103588,10|14|13|15|12|9,0.0681065589253|0.0636369007562|0.0627807553736|0.0610375351708|0.0597627718364|0.0594565796635,6
2024,202410010602,outsider_daytrend,当日傾向型,2021101891|2021106809|2021106879|2021106617|2021104933|2021100460,6|11|15|5|13|3,0.0977519002867|0.0952921272925|0.077749950544|0.0770307262801|0.0617853438507|0.0614515664128,6
2024,202410010605,outsider_daytrend,当日傾向型,2021102787|2021103168|2021101477|2021102592|2021101284|2021104709,8|7|5|10|9|6,0.078102654293|0.078102654293|0.0733011300101|0.0732966044265|0.0732966044265|0.0721230105626,6
2024,202410010611,outsider_daytrend,当日傾向型,2020102132|2019102041|2020110040|2016104227|2018106345|2018102649,5|18|11|17|8|15,0.0880528511398|0.0762800764|0.0694673155813|0.0680664140924|0.060531802541|0.0597713338795,6
2024,202410010708,outsider_daytrend,当日傾向型,2020102093|2019106885|2018106715|2020106697|2020101850|2019110125,15|7|14|13|16|12,0.0735406443098|0.0701414165026|0.0690403447384|0.067649943591|0.0674614315081|0.0664255343965,6
2024,202410010810,outsider_daytrend,当日傾向型,2019106148|2019106690|2018100679|2019100546|2020103398|2018104517,9|3|11|10|6|15,0.0759071046133|0.0737014589008|0.0688066482268|0.0685507666488|0.0683394841935|0.0673619939272,6
2024,202410020102,outsider_daytrend,当日傾向型,2021104490|2021105395|2021106198|2021104952|2021105721|2021100717,7|9|10|4|11|8,0.120821844179|0.105765721559|0.0918967537548|0.0905452342381|0.0889316098862|0.0812262461739,6
2024,202410020112,outsider_daytrend,当日傾向型,2020102050|2019101446|2019104356|2019102672|2019100197|2020102229,15|13|3|11|5|16,0.081546286622|0.065815587705|0.065178182963|0.0639057723917|0.0633801867739|0.0601240953891,6
2024,202410020311,outsider_daytrend,当日傾向型,2019100539|2020106063|2019100410|2019104116|2018101075|2019105256,5|1|7|15|13|2,0.0758796075263|0.0700312968705|0.0699805907616|0.0693945357046|0.0678619880912|0.0675450294009,6
2024,202410020312,outsider_daytrend,当日傾向型,2020101195|2020103588|2019106333|2019102068|2020100795|2018110149,13|10|9|11|7|14,0.0685299585375|0.0662838324155|0.0659831617418|0.0648100239055|0.0638818846285|0.0627041856521,6
2024,202410020410,outsider_daytrend,当日傾向型,2019103897|2017101991|2020100121|2020102331|2019101270|2019104738,14|15|7|9|11|4,0.0754853101993|0.0688100200956|0.0677930530339|0.0647142072446|0.0596225607502|0.0573940307118,6
2024,202410020507,outsider_daytrend,当日傾向型,2020100072|2020100166|2020102317|2020102231|2019101920|2019102438,14|11|9|13|10|3,0.0833221084001|0.079158551494|0.0790536478099|0.0771812194359|0.0744613289706|0.0734411506249,6
2024,202410020607,outsider_daytrend,当日傾向型,2018102163|2020101056|2018105814|2020102785|2019100841|2019100221,9|3|8|5|13|6,0.103669679797|0.0889050542759|0.088809021553|0.0820082617586|0.0817732850252|0.0805458846725,6
2024,202410020707,outsider_daytrend,当日傾向型,2021104146|2021105392|2021102865|2021104474|2021102344|2021107356,12|15|1|3|7|8,0.0780496013709|0.0691841734353|0.0682001477946|0.0675832380965|0.0664442835041|0.0655503375675,6
2024,202410020711,outsider_daytrend,当日傾向型,2020104864|2019100083|2019106690|2019100182|2019103767|2019103401,10|13|12|9|5|1,0.0800650913197|0.0689289415453|0.0664714127367|0.0651798684974|0.0645987287957|0.0636359368524,6
2024,202410020810,outsider_daytrend,当日傾向型,2017102809|2020104613|2020105484|2018100378|2020106330|2017101991,16|13|15|18|17|14,0.0790131914072|0.0737147771366|0.072179915731|0.0710169628682|0.0695354929302|0.068996455827,6
2024,202410030809,outsider_daytrend,当日傾向型,2018103377|2019106821|2019102496|2019101190|2020101893|2020105733,9|14|10|16|8|12,0.069439848777|0.067996714041|0.0642790295263|0.0621503249992|0.0596809666556|0.0595925851759,6
2024,202410030811,outsider_daytrend,当日傾向型,2020103102|2018102227|2020100680|2019106670|2019105532|2018101943,12|11|7|3|6|8,0.0921204556196|0.0882052385782|0.0772247760109|0.0766636284075|0.0752786776579|0.0735020914427,6
2024,202401010111,outsider_raceshape,レース構造型,2019102041|2019100751|2020100105|2021105606|2019105146|2019104386,|||||,0.0933226967733|0.091822707252|0.0891155647161|0.0737453985415|0.0718637516092|0.0712155821422,6
2024,202401010203,outsider_raceshape,レース構造型,2021101398|2021103013|2021102401|2021107182|2021100476|2021105915,|||||,0.12442333381|0.119223930799|0.0939307090181|0.0898917295496|0.0876205381247|0.0726662261424,6
2024,202401010305,outsider_raceshape,レース構造型,2022104751|2022104594|2022106723|2022102970|2022104870|2022104887,|||||,0.0714285714286|0.0714285714286|0.0714285714286|0.0714285714286|0.0714285714286|0.0714285714286,6
2024,202401010404,outsider_raceshape,レース構造型,2021107174|2021100165|2021102901|2021106844|2021103031|2021103345,|||||,0.155228150368|0.116614548343|0.107285881751|0.0816247331338|0.0702436459774|0.0698981338757,6
2024,202401010504,outsider_raceshape,レース構造型,2021105722|2021110155|2021102991|2021110141|2021100825|2021101305,|||||,0.167138011408|0.132690342434|0.114809921569|0.101066246686|0.0900727777421|0.0791145008411,6
2024,202401010506,outsider_raceshape,レース構造型,2021106193|2021106937|2021106827|2021101896|2021103581|2021106881,|||||,0.146971133681|0.0902816737616|0.0865013378008|0.0850879439553|0.0737094430823|0.0667979250083,6
2024,202401010609,outsider_raceshape,レース構造型,2020100809|2020105760|2019101645|2020103668|2019105159|2020106966,|||||,0.108385800078|0.102067153369|0.0979211690717|0.089300789328|0.0787994207812|0.0725035650392,6
2024,202401010612,outsider_raceshape,レース構造型,2021105872|2021101677|2020103292|2021103005|2020104676|2020102050,|||||,0.122591453554|0.119354077962|0.117422964661|0.0885225244838|0.082060633685|0.0690210653322,6
2024,202401020109,outsider_raceshape,レース構造型,2020102934|2021106203|2020101337|2020100233|2021105897|2021110006,|||||,0.179750723507|0.140448758481|0.124269808579|0.103013747198|0.0806890666328|0.0563757234144,6
2024,202401020204,outsider_raceshape,レース構造型,2021103030|2021104924|2021104643|2021104918|2021100226|2021103861,|||||,0.113102487713|0.112159293551|0.0934649068959|0.0928889120566|0.089201708365|0.0887376840103,6
2024,202401020209,outsider_raceshape,レース構造型,2021102709|2021107281|2019101714|2020100914|2021100792|2020110079,|||||,0.117290456614|0.102287986479|0.100762284163|0.0962459868428|0.0927796341519|0.08813660238,6
2024,202401020410,outsider_raceshape,レース構造型,2021104073|2019102436|2021105485|2021105242|2021105619|2021102562,|||||,0.135090080553|0.0849706505451|0.0771311875715|0.0755389962247|0.0744934014891|0.0732827647529,6
2024,202401020611,outsider_raceshape,レース構造型,2019101700|2019105658|2021110027|2019102273|2017105661|2020100896,|||||,0.101586851148|0.0869569599691|0.0823382733119|0.074876107516|0.072949578184|0.0722894332557,6
2024,202401020708,outsider_raceshape,レース構造型,2021105438|2021106785|2020100233|2021106829|2021102256|2021110016,|||||,0.127771600815|0.0805209368571|0.0802222833791|0.0760893842906|0.074525839774|0.0704259845001,6
2024,202401020804,outsider_raceshape,レース構造型,2021105714|2021102468|2021101921|2021103903|2021100415|2021105827,|||||,0.122309976255|0.0988298851069|0.0729320918382|0.06875650015|0.0679346827367|0.0629935090584,6
2024,202401020811,outsider_raceshape,レース構造型,2018103507|2019102628|2019101507|2020103333|2018104261|2018101348,|||||,0.1101917417|0.109524319269|0.108267458914|0.0946073732338|0.0832158943695|0.0819641533124,6
2024,202402010110,outsider_raceshape,レース構造型,2020104708|2019101645|2020100495|2019107025|2018106314|2020106966,|||||,0.0986621142097|0.0885746476237|0.0856482025346|0.0795806649286|0.0787085760564|0.0736967990539,6
2024,202402010201,outsider_raceshape,レース構造型,2021105872|2021102675|2021110018|2021102686|2021104933|2021101136,|||||,0.110056583984|0.108855877141|0.103900043438|0.093929758935|0.07299398136|0.0680028132383,6
2024,202402010304,outsider_raceshape,レース構造型,2021105351|2021101430|2021102701|2021106812|2021103267|2021105385,|||||,0.113439242293|0.108955331859|0.0959389442801|0.093853066855|0.0817319613497|0.0773410720262,6
2024,202402010703,outsider_raceshape,レース構造型,2021107101|2021105395|2021101304|2021110078|2021105216|2021102151,|||||,0.115032395455|0.103926690421|0.0899857063979|0.0847128771944|0.0835842101536|0.0760287482303,6
2024,202402010804,outsider_raceshape,レース構造型,2021106626|2021100923|2021102245|2021103030|2021103320|2021101041,|||||,0.186836014289|0.131930507335|0.109094320544|0.091759790009|0.0879824316889|0.0795635122557,6
2024,202403010110,outsider_raceshape,レース構造型,2020105568|2019106700|2020104088|2020102391|2019102456|2019100772,|||||,0.133894632716|0.0935457035236|0.0783591297603|0.076643055693|0.0720062519261|0.0668637834491,6
2024,202403010210,outsider_raceshape,レース構造型,2020100105|2019110103|2017106295|2019102041|2018103738|2019103274,|||||,0.0866948506519|0.0866037430169|0.0783444474126|0.0735061313462|0.0729557665102|0.0711818472041,6
2024,202403010509,outsider_raceshape,レース構造型,2020103962|2017101448|2020106963|2019106179|2020105409|2019101416,|||||,0.141565074093|0.134799288168|0.0905023225795|0.0901499582307|0.0855765184888|0.0822683019401,6
2024,202403010510,outsider_raceshape,レース構造型,2020105649|2018101956|2018102394|2018103133|2020106234|2019105171,|||||,0.117319484839|0.104421649397|0.0969340773962|0.0951563309909|0.0946947409291|0.0943087898184,6
2024,202403010511,outsider_raceshape,レース構造型,2020103089|2020102873|2020102763|2020106966|2019104700|2020101608,|||||,0.101947411353|0.0958826807001|0.0872056933831|0.0829265418366|0.0741483074077|0.0693704894225,6
2024,202403020205,outsider_raceshape,レース構造型,2022110054|2022104761|2022103717|2022106817|2022100322|2022106769,|||||,0.0625|0.0625|0.0625|0.0625|0.0625|0.0625,6
2024,202403020412,outsider_raceshape,レース構造型,2020100914|2020106877|2020102702|2020102731|2020106249|2020106047,|||||,0.0892742869994|0.0873527788538|0.0831491713917|0.0788616903822|0.0751660456545|0.0706354454392,6
2024,202403030105,outsider_raceshape,レース構造型,2022104900|2022106470|2022101380|2022106330|2022105913|2022101005,|||||,0.0625|0.0625|0.0625|0.0625|0.0625|0.0625,6
2024,202403030206,outsider_raceshape,レース構造型,2022110145|2022102212|2022106494|2022110061|2022103587|2022101465,|||||,0.0666666666667|0.0666666666667|0.0666666666667|0.0666666666667|0.0666666666667|0.0666666666667,6
2024,202403030208,outsider_raceshape,レース構造型,2017101448|2021105068|2019105487|2021104074|2021103971|2021104490,|||||,0.112486772401|0.0839295041122|0.0834277015556|0.0813345912921|0.0742729793769|0.0739238879706,6
2024,202403030308,outsider_raceshape,レース構造型,2021100360|2020105211|2021103345|2021102412|2019110076|2021103267,|||||,0.118739062807|0.106693490309|0.0946850942947|0.0884629956266|0.085564989402|0.084580983734,6
2024,202403030310,outsider_raceshape,レース構造型,2020102718|2021100157|2020101872|2021105054|2021106440|2020106777,|||||,0.125651465219|0.118724359779|0.115627524456|0.0718631565871|0.0698150853243|0.0618025020824,6
2024,202403030409,outsider_raceshape,レース構造型,2022106912|2022104698|2022105244|2022110039|2022103066|2022104190,|||||,0.107879835132|0.0877379888616|0.0862446671045|0.0726438788651|0.0721785136679|0.071699475788,6
2024,202403030411,outsider_raceshape,レース構造型,2018101615|2017105109|2020102775|2021104094|2020105795|2019104998,|||||,0.101390099222|0.100405053561|0.0930172381511|0.0925834762203|0.0815157282379|0.0778453283061,6
2024,202403030412,outsider_raceshape,レース構造型,2020101833|2020101610|2021102413|2020105277|2019104486|2021101120,|||||,0.103408577121|0.0931312476284|0.0812833747597|0.080461730487|0.0768852188905|0.0721204467799,6
2024,202403030501,outsider_raceshape,レース構造型,2019101531|2021105907|2021102639|2019102469|2020105326|2020106930,|||||,0.0956928587636|0.0829118711578|0.0824001808473|0.0759349459229|0.0734826614929|0.0682743462762,6
2024,202403030509,outsider_raceshape,レース構造型,2021100165|2020102802|2021104947|2021110113|2021110012|2020104745,|||||,0.119077308558|0.106313861108|0.0892655872788|0.0882563957638|0.075355419924|0.0740643358153,6
2024,202403030511,outsider_raceshape,レース構造型,2018102491|2020102299|2021105242|2021110132|2019104260|2020104203,|||||,0.105839037075|0.0903801710165|0.0885604722541|0.0878684673673|0.0777650086404|0.0756623616398,6
2024,202403030611,outsider_raceshape,レース構造型,2021106171|2019103419|2019106575|2019101324|2020104304|2020100418,|||||,0.0988592456804|0.0979900141511|0.0907825060746|0.0884127153119|0.0846316189253|0.0827604061795,6
2024,202403030612,outsider_raceshape,レース構造型,2020101229|2021103312|2021102468|2021101605|2021104490|2020100956,|||||,0.107515162036|0.105073851373|0.0880613640504|0.0874207389259|0.0746328991913|0.0712706500954,6
2024,202404010210,outsider_raceshape,レース構造型,2018104559|2019100132|2020102940|2020104825|2019100038|2019101714,|||||,0.0874980580124|0.085999296429|0.0845151528974|0.0828896547884|0.0812936617538|0.0738534291112,6
2024,202404010211,outsider_raceshape,レース構造型,2019106410|2019106985|2017104172|2020100909|2019100628|2020103661,|||||,0.111622604031|0.105134159582|0.0911584803129|0.0886178037863|0.0851357345249|0.0837065883562,6
2024,202404010309,outsider_raceshape,レース構造型,2021104401|2021110153|2021104074|2021105068|2021101730|2021104140,|||||,0.110132743725|0.0927477503712|0.072992965581|0.0712743385512|0.0708780644306|0.0696381717158,6
2024,202404010311,outsider_raceshape,レース構造型,2019100242|2019101975|2019103274|2020103892|2018100389|2018105998,|||||,0.0903622406986|0.0855348806715|0.0832749610281|0.0829560728409|0.0800832255439|0.0783928895464,6
2024,202404010312,outsider_raceshape,レース構造型,2019106333|2018103766|2019104374|2018109046|2020102208|2020100347,|||||,0.134290577603|0.109788812096|0.0956016461758|0.0786203211772|0.0770044716776|0.073477995066,6
2024,202404010407,outsider_raceshape,レース構造型,2020103292|2020103073|2020102728|2020104545|2019101605|2020101217,|||||,0.123919945369|0.0928663477116|0.0808898327696|0.0796411580211|0.0734167689157|0.0702260134295,6
2024,202404010411,outsider_raceshape,レース構造型,2019106670|2018105192|2018105012|2019104828|2019104878|2020102078,|||||,0.0997370614435|0.0951527880204|0.0929554011306|0.080100053812|0.07916002935|0.0769637443377,6
2024,202404010808,outsider_raceshape,レース構造型,2020101535|2018100096|2020104676|2020101872|2020100052|2019101765,|||||,0.105985720644|0.0992070401386|0.0921641094209|0.080555131897|0.0764713427045|0.0737829986519,6
2024,202404010810,outsider_raceshape,レース構造型,2020102544|2019100132|2020104429|2020106946|2019110013|2018104208,|||||,0.118169829637|0.103611355745|0.0986520204733|0.0905999374191|0.0865439438159|0.0800868844543,6
2024,202404020102,outsider_raceshape,レース構造型,2022110112|2022105772|2022101906|2022107317|2022104676|2022101817,|||||,0.0666666666667|0.0666666666667|0.0666666666667|0.0666666666667|0.0666666666667|0.0666666666667,6
2024,202404020211,outsider_raceshape,レース構造型,2021104820|2018103603|2020103929|2021101742|2019105078|2021105441,|||||,0.0990518592866|0.094425415308|0.0864170580893|0.08218032026|0.0806524860086|0.07808925858,6
2024,202404020307,outsider_raceshape,レース構造型,2020109027|2019105177|2019105377|2020107030|2020104572|2019100768,|||||,0.11028725519|0.0870387536584|0.0776461887445|0.0755783556443|0.0748019937794|0.0733413215455,6
2024,202404020406,outsider_raceshape,レース構造型,2021110132|2020106795|2020104363|2019106870|2019102321|2019100938,|||||,0.104538292906|0.090089542199|0.0730837828943|0.0701214923831|0.0669567654836|0.0614158422353,6
2024,202404020407,outsider_raceshape,レース構造型,2021105360|2021105112|2021104445|2021107001|2021105615|2021106171,|||||,0.109103506022|0.09084185079|0.0866270946012|0.0781182589287|0.0765729130568|0.074864236661,6
2024,202404030105,outsider_raceshape,レース構造型,2022104715|2022104774|2022101618|2022106302|2022101227|2022106830,|||||,0.0625|0.0625|0.0625|0.0625|0.0625|0.0625,6
2024,202404030202,outsider_raceshape,レース構造型,2021106128|2021105506|2021102595|2021100644|2021102067|2021104128,|||||,0.114645585934|0.10103208148|0.0999561050494|0.0865920679376|0.0761472424597|0.0737515901025,6
2024,202404030210,outsider_raceshape,レース構造型,2019100132|2019105478|2019106184|2020106406|2019105044|2020103367,|||||,0.0861203526157|0.0814941012098|0.0766716163484|0.0762400906973|0.0745508822513|0.0723522390127,6
2024,202404030305,outsider_raceshape,レース構造型,2022110108|2022103860|2022104068|2022100402|2022100642|2022102734,|||||,0.0555555555556|0.0555555555556|0.0555555555556|0.0555555555556|0.0555555555556|0.0555555555556,6
2024,202404030306,outsider_raceshape,レース構造型,2022104888|2022105979|2022100994|2022103785|2022106785|2022106861,|||||,0.0666666666667|0.0666666666667|0.0666666666667|0.0666666666667|0.0666666666667|0.0666666666667,6
2024,202404030312,outsider_raceshape,レース構造型,2021100206|2021104189|2021105168|2021107253|2020100620|2021104820,|||||,0.0928849165609|0.0805172045767|0.0796022847778|0.07600989693|0.0713941625266|0.068589966247,6
2024,202404030606,outsider_raceshape,レース構造型,2022101197|2022106214|2022101169|2022107012|2022104923|2022105797,|||||,0.0588235294118|0.0588235294118|0.0588235294118|0.0588235294118|0.0588235294118|0.0588235294118,6
2024,202404030803,outsider_raceshape,レース構造型,2021106128|2021104762|2021100870|2021105923|2021101204|2021101110,|||||,0.104879267127|0.103194886498|0.102297171938|0.0813695554855|0.0807110091349|0.0718078193901,6
2024,202404040105,outsider_raceshape,レース構造型,2022104929|2022100105|2022104297|2022100614|2022107099|2022104787,|||||,0.0555555555556|0.0555555555556|0.0555555555556|0.0555555555556|0.0555555555556|0.0555555555556,6
2024,202404040108,outsider_raceshape,レース構造型,2021104058|2021100641|2019102469|2019105429|2020101216|2021102462,|||||,0.120182794513|0.114560055473|0.106803896607|0.0989656650225|0.0935249796116|0.0824996088636,6
2024,202404040402,outsider_raceshape,レース構造型,2022103189|2022101202|2022105861|2022101598|2022100318|2022101180,|||||,0.123136494466|0.0937235218258|0.0878443271843|0.0871260434442|0.0854358520673|0.0852998949895,6
2024,202404040409,outsider_raceshape,レース構造型,2020107103|2018103766|2021104407|2021102164|2020106788|2019101562,|||||,0.151995719422|0.114079868804|0.0907115014648|0.0712325101678|0.0700826579257|0.0659042281172,6
2024,202404040411,outsider_raceshape,レース構造型,2020105154|2021103323|2019104586|2019105237|2017105194|2020103063,|||||,0.117569765181|0.0869773744059|0.0796440088587|0.0772969809761|0.0752583294719|0.0624918311896,6
2024,202404040608,outsider_raceshape,レース構造型,2021107068|2021106994|2020103614|2021103338|2020100997|2020101660,|||||,0.0898632610968|0.0772635865514|0.0733680165997|0.0678016321756|0.0636907674601|0.06033326945,6
2024,202404040609,outsider_raceshape,レース構造型,2021107097|2019101403|2021102401|2020103073|2021105537|2021105880,|||||,0.0947457383596|0.0917122469941|0.0808170598392|0.0782651721724|0.072348804372|0.0702770638481,6
2024,202404040702,outsider_raceshape,レース構造型,2022102338|2022104902|2022102540|2022104538|2022106975|2022102576,|||||,0.317406906766|0.178657380001|0.0958354731812|0.0810077003388|0.0725391486693|0.061431308338,6
2024,202404040809,outsider_raceshape,レース構造型,2021104646|2019101618|2021105911|2021100225|2021105695|2021102841,|||||,0.10350380367|0.102659974692|0.0940115521141|0.082258445514|0.0789383393222|0.078674805564,6
2024,202404040810,outsider_raceshape,レース構造型,2021104073|2018110149|2020103898|2021105833|2019102436|2020103632,|||||,0.131159040782|0.125302287129|0.107570324064|0.0852221015643|0.0846770076098|0.0633559620205,6
2024,202404040811,outsider_raceshape,レース構造型,2018103515|2021100356|2018104041|2020101678|2019105968|2019106184,|||||,0.105385616864|0.0995007970424|0.0919803969512|0.0903106085267|0.0767961423487|0.0763679935865,6
2024,202405010109,outsider_raceshape,レース構造型,2020100418|2019102161|2020106386|2019103101|2020106015|2019104518,|||||,0.0813385354406|0.0808722270801|0.0786588816602|0.0780215397535|0.0761175048669|0.0757158884782,6
2024,202405010202,outsider_raceshape,レース構造型,2021104456|2021104283|2021103720|2021100734|2021104315|2021103737,|||||,0.0625|0.0625|0.0625|0.0625|0.0625|0.0625,6
2024,202405010205,outsider_raceshape,レース構造型,2021105225|2021105052|2021100416|2021104935|2021105787|2021105214,|||||,0.0625|0.0625|0.0625|0.0625|0.0625|0.0625,6
2024,202405010403,outsider_raceshape,レース構造型,2021104561|2021102359|2021103030|2021105034|2021106579|2021105854,|||||,0.0625|0.0625|0.0625|0.0625|0.0625|0.0625,6
2024,202405010404,outsider_raceshape,レース構造型,2020105326|2020102607|2020103221|2020102962|2020105813|2020104174,|||||,0.121655656576|0.1169522242|0.0869760520026|0.0810577036509|0.0784751954306|0.0764892334897,6
2024,202405010405,outsider_raceshape,レース構造型,2021101015|2021104176|2021105968|2021104154|2021102901|2021104976,|||||,0.0625|0.0625|0.0625|0.0625|0.0625|0.0625,6
2024,202405010408,outsider_raceshape,レース構造型,2020106946|2020101830|2018103430|2020105049|2020104132|2020102952,|||||,0.110705823378|0.10994546887|0.106861649191|0.100879387294|0.0730495554696|0.0689475388135,6
2024,202405010411,outsider_raceshape,レース構造型,2020103941|2017101429|2020103661|2019104730|2019105546|2019104057,|||||,0.108737195371|0.104431436271|0.0854180686861|0.0793164293505|0.0771768864746|0.0732912007958,6
2024,202405010502,outsider_raceshape,レース構造型,2021103288|2021104914|2021110107|2021100786|2021110151|2021100714,|||||,0.0625|0.0625|0.0625|0.0625|0.0625|0.0625,6
2024,202405010512,outsider_raceshape,レース構造型,2018103278|2019106691|2019103149|2018100595|2020100301|2018105748,|||||,0.132156091898|0.0899033386773|0.0895128841455|0.0786020291668|0.0775235640817|0.0754584172091,6
2024,202405010704,outsider_raceshape,レース構造型,2021101636|2021101219|2021102634|2021105079|2021102232|2021103009,|||||,0.0625|0.0625|0.0625|0.0625|0.0625|0.0625,6
2024,202405010803,outsider_raceshape,レース構造型,2021100958|2021101983|2021105181|2021104990|2021101120|2021102841,|||||,0.0625|0.0625|0.0625|0.0625|0.0625|0.0625,6
2024,202405020110,outsider_raceshape,レース構造型,2019103858|2020100497|2018104896|2018105011|2016105797|2020102853,|||||,0.0990892893836|0.0918885810916|0.0787226384152|0.072760247281|0.0721025932529|0.0698273139808,6
2024,202405020112,outsider_raceshape,レース構造型,2019106691|2019110112|2020105732|2019106808|2020103218|2019102938,|||||,0.10291738773|0.0847991825141|0.0818552075045|0.0797918457607|0.0791943197635|0.077044392728,6
2024,202405020311,outsider_raceshape,レース構造型,2021102224|2021106211|2021104646|2021103557|2021106782|2021100363,|||||,0.1016405699|0.0981519915635|0.0834533828704|0.07952047069|0.0725494224489|0.0716408335012,6
2024,202405020412,outsider_raceshape,レース構造型,2019103815|2018103430|2019103149|2019105112|2020103198|2020101052,|||||,0.108643259853|0.0938334838885|0.0912947863489|0.0909058725135|0.0877149066281|0.0826053902318,6
2024,202405020605,outsider_raceshape,レース構造型,2021101045|2021104961|2021105805|2021102903|2021105264|2021105501,|||||,0.119143866905|0.0951905692308|0.0829378429772|0.0739108293883|0.0730578257977|0.0726319051893,6
2024,202405020810,outsider_raceshape,レース構造型,2019102820|2020103088|2019103542|2018102394|2020101943|2019101325,|||||,0.127928074129|0.114526182113|0.112654381107|0.108818845424|0.101038817502|0.0933794334498,6
2024,202405020812,outsider_raceshape,レース構造型,2020106518|2019110112|2018102181|2018102666|2019106575|2020106015,|||||,0.085157877369|0.0786077321012|0.071127417386|0.0706223475915|0.0698321506477|0.0671133396063,6
2024,202405020911,outsider_raceshape,レース構造型,2020105424|2020102942|2019105226|2020102194|2020100909|2019104756,|||||,0.101075164887|0.0981863650806|0.0790356320955|0.0711417725583|0.0704974814651|0.0697142625987,6
2024,202405021006,outsider_raceshape,レース構造型,2020101655|2020105245|2020103728|2020101147|2020102952|2019104606,|||||,0.117490198637|0.108213275832|0.10380556057|0.0887489368641|0.0722695907416|0.0718016061572,6
2024,202405021011,outsider_raceshape,レース構造型,2021106550|2021105643|2021103910|2021104855|2021107098|2021104427,|||||,0.0781155607336|0.0705709016639|0.0677995913695|0.0667669941234|0.064125959532|0.0639678369128,6
2024,202405021109,outsider_raceshape,レース構造型,2020106782|2019105819|2019103815|2020101134|2019106808|2020106557,|||||,0.115018945631|0.091459905446|0.0847851676374|0.0798415601189|0.0794980275421|0.077638714028,6
2024,202405030112,outsider_raceshape,レース構造型,2021110112|2021106734|2020100655|2021101322|2019101814|2021106119,|||||,0.124981898145|0.114276647196|0.101224754137|0.100290388901|0.0795366334902|0.075821066038,6
2024,202405030212,outsider_raceshape,レース構造型,2020102439|2020103366|2020100297|2018102394|2019100657|2019106932,|||||,0.12508876054|0.123578482371|0.114478528498|0.113663193588|0.0918643311272|0.0665150915604,6
2024,202405030308,outsider_raceshape,レース構造型,2020101377|2020106549|2020103119|2021106209|2021103140|2019106954,|||||,0.150604490779|0.11331772216|0.0872896304571|0.0704235005558|0.0665210908186|0.0582378433428,6
2024,202405030607,outsider_raceshape,レース構造型,2020101655|2021105193|2020103670|2020104291|2021103288|2019101749,|||||,0.0909685562328|0.087776104815|0.0856160274181|0.0821412448076|0.0785441307636|0.0782345923737,6
2024,202405030810,outsider_raceshape,レース構造型,2020100418|2020105306|2020110083|2020101905|2020104550|2019100723,|||||,0.149443595388|0.124652549115|0.094098644704|0.0804411662234|0.0779348350208|0.0710369194321,6
2024,202405030812,outsider_raceshape,レース構造型,2021100540|2021103044|2021107259|2021100625|2021104313|2020105813,|||||,0.146626124855|0.130388381794|0.0984815450414|0.0884449757429|0.0794785130877|0.0659637177588,6
2024,202405040104,outsider_raceshape,レース構造型,2022104988|2022103781|2022102298|2022104800|2022100417|2022105101,|||||,0.0666666666667|0.0666666666667|0.0666666666667|0.0666666666667|0.0666666666667|0.0666666666667,6
2024,202405040210,outsider_raceshape,レース構造型,2019106575|2020106884|2020101874|2020100635|2020100116|2020103148,|||||,0.115310300588|0.114522127152|0.0871710121312|0.0836681557374|0.0713240039181|0.0708914332944,6
2024,202405040310,outsider_raceshape,レース構造型,2021106587|2020101174|2019101875|2019110112|2020106557|2021101703,|||||,0.141157631541|0.114644975524|0.107399897427|0.0840766067779|0.077947244434|0.0698298168439,6
2024,202405040504,outsider_raceshape,レース構造型,2022101438|2022104571|2022106617|2022107021|2022103592|2022103848,|||||,0.0625|0.0625|0.0625|0.0625|0.0625|0.0625,6
2024,202405040511,outsider_raceshape,レース構造型,2018106532|2019105252|2020101813|2020103276|2021102424|2019105065,|||||,0.0962232120549|0.0891417629965|0.0839747336004|0.0775182574461|0.07684962854|0.0726858979542,6
2024,202405040605,outsider_raceshape,レース構造型,2022104685|2022105072|2022103501|2022104589|2022105057|2022101818,|||||,0.0555555555556|0.0555555555556|0.0555555555556|0.0555555555556|0.0555555555556|0.0555555555556,6
2024,202405040804,outsider_raceshape,レース構造型,2022106553|2022110153|2022110064|2022110152|2022105516|2022101986,|||||,0.0625|0.0625|0.0625|0.0625|0.0625|0.0625,6
2024,202405040805,outsider_raceshape,レース構造型,2022104615|2022105063|2022104950|2022104930|2022106911|2022103031,|||||,0.0666666666667|0.0666666666667|0.0666666666667|0.0666666666667|0.0666666666667|0.0666666666667,6
2024,202405050106,outsider_raceshape,レース構造型,2022106718|2022103753|2022102378|2022104840|2022103183|2022102890,|||||,0.0625|0.0625|0.0625|0.0625|0.0625|0.0625,6
2024,202405050207,outsider_raceshape,レース構造型,2020106637|2019103122|2019105287|2021107262|2021101742|2021101219,|||||,0.119662112164|0.118719348022|0.0957068256161|0.0828188793896|0.0776196995042|0.0740197835115,6
2024,202405050211,outsider_raceshape,レース構造型,2020100734|2020103333|2018105308|2020102095|2017105214|2016104624,|||||,0.117126747917|0.101134251335|0.0976941933831|0.086721378643|0.0834145605717|0.0703092842404,6
2024,202405050309,outsider_raceshape,レース構造型,2022100574|2022106453|2022101703|2022104674|2022110140|2022105474,|||||,0.0998142650247|0.0989153693148|0.0989153693148|0.0775073536092|0.075562027129|0.073984267467,6
2024,202405050410,outsider_raceshape,レース構造型,2020109027|2020105760|2020103009|2021100206|2019105293|2020107030,|||||,0.132762112874|0.124045659258|0.120565006214|0.110824867733|0.106953659831|0.0990082301766,6
2024,202405050411,outsider_raceshape,レース構造型,2021103323|2021105122|2021105744|2019104586|2020110090|2018105610,|||||,0.07951096475|0.0792585216726|0.073217870595|0.072200451729|0.0713500515201|0.0710303366043,6
2024,202405050604,outsider_raceshape,レース構造型,2022105957|2022105775|2022106639|2022103846|2022103467|2022105905,|||||,0.0625|0.0625|0.0625|0.0625|0.0625|0.0625,6
2024,202405050704,outsider_raceshape,レース構造型,2022104865|2022104862|2022104996|2022104991|2022106261|2022104704,|||||,0.0666666666667|0.0666666666667|0.0666666666667|0.0666666666667|0.0666666666667|0.0666666666667,6
2024,202405050806,outsider_raceshape,レース構造型,2022104813|2022105365|2022105129|2022105022|2022104782|2022105005,|||||,0.0769230769231|0.0769230769231|0.0769230769231|0.0769230769231|0.0769230769231|0.0769230769231,6
2024,202405050807,outsider_raceshape,レース構造型,2020101830|2021105086|2019102371|2020105983|2021103711|2021101081,|||||,0.11705273702|0.106921187004|0.099145276621|0.0923609933732|0.0734680064198|0.0704636843732,6
2024,202406010104,outsider_raceshape,レース構造型,2021101356|2021103109|2021103169|2021100045|2021105308|2021109071,|||||,0.0625|0.0625|0.0625|0.0625|0.0625|0.0625,6
2024,202406010202,outsider_raceshape,レース構造型,2021102126|2021104523|2021105264|2021102753|2021100005|2021104777,|||||,0.143086667703|0.0960986867065|0.0959922198874|0.0906926994228|0.0893670949524|0.0677428049248,6
2024,202406010206,outsider_raceshape,レース構造型,2021105829|2021105738|2021105981|2021104160|2021100165|2021101988,|||||,0.0588235294118|0.0588235294118|0.0588235294118|0.0588235294118|0.0588235294118|0.0588235294118,6
2024,202406010208,outsider_raceshape,レース構造型,2020106385|2020110121|2019103488|2019104467|2019101896|2020100078,|||||,0.118201592464|0.0992463777854|0.0968213859051|0.0806229378034|0.0727302827064|0.0713271743022,6
2024,202406010210,outsider_raceshape,レース構造型,2019103393|2019101324|2016104926|2019105537|2018110064|2020105939,|||||,0.113446614262|0.0913364691086|0.0895619754178|0.0846508274522|0.0800135988732|0.0762746020765,6
2024,202406010304,outsider_raceshape,レース構造型,2021104574|2021100052|2021102766|2021106759|2021104863|2021102839,|||||,0.0625|0.0625|0.0625|0.0625|0.0625|0.0625,6
2024,202406010311,outsider_raceshape,レース構造型,2020101678|2019100791|2020104056|2018100040|2019102273|2019100765,|||||,0.110503235809|0.102779104887|0.0908364052477|0.0817454373574|0.0804815829446|0.0797525639982,6
2024,202406010312,outsider_raceshape,レース構造型,2019106335|2020100810|2018104837|2019105041|2018102148|2019105063,|||||,0.109347782869|0.103127432624|0.0952524997174|0.0825788967193|0.0785728830532|0.0749436510347,6
2024,202406010407,outsider_raceshape,レース構造型,2019102514|2020103088|2020101112|2020102185|2020101465|2019101753,|||||,0.123707029002|0.102713863555|0.0940736321782|0.0893479771611|0.0863754324562|0.0856099570986,6
2024,202406010411,outsider_raceshape,レース構造型,2018102227|2019105483|2019105225|2019104998|2017105460|2018106559,|||||,0.11476511358|0.0897912767017|0.0807136127351|0.0754956460358|0.0712534516847|0.0683071462906,6
2024,202406010603,outsider_raceshape,レース構造型,2021104464|2021110005|2021105250|2021102462|2021103383|2021110143,|||||,0.0625|0.0625|0.0625|0.0625|0.0625|0.0625,6
2024,202406010604,outsider_raceshape,レース構造型,2021106623|2021103285|2021100329|2021102676|2021104797|2021102307,|||||,0.0625|0.0625|0.0625|0.0625|0.0625|0.0625,6
2024,202406010612,outsider_raceshape,レース構造型,2020103728|2020100742|2019101825|2020105496|2020102976|2020100233,|||||,0.0964725030634|0.0956258553136|0.0933180440483|0.0881299297898|0.0871161637321|0.0824530229719,6
2024,202406010706,outsider_raceshape,レース構造型,2021105066|2021105381|2021103037|2021105861|2021101819|2021106519,|||||,0.0588235294118|0.0588235294118|0.0588235294118|0.0588235294118|0.0588235294118|0.0588235294118,6
2024,202406010710,outsider_raceshape,レース構造型,2019106027|2019105416|2020103127|2019101168|2020104497|2019106414,|||||,0.0897572680504|0.0870941282705|0.0836207760404|0.0806152410235|0.075955820868|0.0659659107321,6
2024,202406020112,outsider_raceshape,レース構造型,2019102481|2020103198|2020106547|2018104208|2019100566|2020106623,|||||,0.113694332321|0.0841046510247|0.0828848073776|0.0768658873284|0.0743166273527|0.0726103158496,6
2024,202406020210,outsider_raceshape,レース構造型,2018102181|2020110105|2018105317|2020107113|2019100135|2019100614,|||||,0.112815605924|0.106942833927|0.102875314578|0.07469039663|0.0732042636571|0.0697371841603,6
2024,202406020211,outsider_raceshape,レース構造型,2019104896|2018104662|2018106834|2020105295|2019100792|2019104658,|||||,0.100986250427|0.0945980063495|0.0941382113557|0.0883353600964|0.0837959456571|0.0752935697595,6
2024,202406020510,outsider_raceshape,レース構造型,2019102041|2018103926|2019102240|2020104203|2019105473|2020100607,|||||,0.0925336215316|0.0866240496768|0.0860879449497|0.0833459124873|0.0804402914465|0.0799885879571,6
2024,202406020511,outsider_raceshape,レース構造型,2019100693|2019101629|2020105626|2019105370|2019104968|2020101608,|||||,0.12785423709|0.0817349179627|0.0783223853793|0.0696610571479|0.0681405120337|0.0674832334246,6
2024,202406030112,outsider_raceshape,レース構造型,2019101875|2020102077|2020104134|2019102654|2020102120|2019100764,|||||,0.128671156125|0.118074185989|0.0900685049292|0.0746388059877|0.0726297597945|0.067289626389,6
2024,202406030206,outsider_raceshape,レース構造型,2021102295|2021102049|2021103257|2021106805|2021105334|2021103529,|||||,0.10803375772|0.102796312908|0.0952109477688|0.0857677656894|0.0853837293627|0.0832240350375,6
2024,202406030602,outsider_raceshape,レース構造型,2021100644|2021102012|2021101071|2021103591|2021101779|2021100065,|||||,0.17928888985|0.166430417877|0.103696724003|0.0879995660759|0.0870282696077|0.0753384252116,6
2024,202406030611,outsider_raceshape,レース構造型,2015110066|2019110009|2019105972|2020110126|2019106293|2019101894,|||||,0.130051335901|0.122164197123|0.0902705164306|0.0833465052453|0.0828591689079|0.0812293713286,6
2024,202406030712,outsider_raceshape,レース構造型,2018101894|2019100657|2019101185|2020109094|2020101271|2020105049,|||||,0.102404528208|0.100546298154|0.0886083870807|0.0864079409346|0.0862839139084|0.0856439078881,6
2024,202406030805,outsider_raceshape,レース構造型,2021104079|2021104362|2021102049|2021110164|2021105334|2021102413,|||||,0.107111324802|0.100095415295|0.0992442573515|0.098703121599|0.0882819143321|0.0881729532531,6
2024,202406030811,outsider_raceshape,レース構造型,2021105560|2021105625|2021105795|2021107171|2021110048|2021104094,|||||,0.0926702229372|0.0914493922299|0.0905763086715|0.0825786365791|0.0762038951593|0.0735296398593,6
2024,202406040104,outsider_raceshape,レース構造型,2022107047|2022100497|2022106926|2022107294|2022105867|2022101262,|||||,0.0625|0.0625|0.0625|0.0625|0.0625|0.0625,6
2024,202406040203,outsider_raceshape,レース構造型,2022105610|2022103763|2022104766|2022105100|2022100124|2022102982,|||||,0.0625|0.0625|0.0625|0.0625|0.0625|0.0625,6
2024,202406040306,outsider_raceshape,レース構造型,2020100714|2019102439|2018104014|2021106983|2021102458|2017100141,|||||,0.109423803578|0.0967007728814|0.0816207010397|0.0786896527134|0.0771440548758|0.0736781325603,6
2024,202406040406,outsider_raceshape,レース構造型,2021105722|2020101258|2020102607|2021103480|2021105929|2021102067,|||||,0.11292506584|0.104437065163|0.086654891298|0.0771564022316|0.0761291274618|0.0728752100272,6
2024,202406040410,outsider_raceshape,レース構造型,2018103407|2018106314|2019105628|2016102362|2020105760|2020103049,|||||,0.105769475006|0.0977961371623|0.0916636406747|0.0880908210733|0.0868290029383|0.0807165528156,6
2024,202406040603,outsider_raceshape,レース構造型,2022104065|2022104601|2022104699|2022100480|2022101462|2022103708,|||||,0.0625|0.0625|0.0625|0.0625|0.0625|0.0625,6
2024,202406040612,outsider_raceshape,レース構造型,2020100761|2020106024|2018100595|2020103246|2021101602|2020106579,|||||,0.0997195976872|0.0985387276595|0.0942541385148|0.0938929410676|0.0863499979947|0.0830319061355,6
2024,202406040704,outsider_raceshape,レース構造型,2022102995|2022104744|2022100508|2022101636|2022103319|2022102651,|||||,0.0666666666667|0.0666666666667|0.0666666666667|0.0666666666667|0.0666666666667|0.0666666666667,6
2024,202406040810,outsider_raceshape,レース構造型,2021102670|2019105175|2019106870|2021100338|2019101266|2019103806,|||||,0.121625453218|0.11730555619|0.115152154555|0.100489917551|0.0875612751461|0.0772787487432,6
2024,202406040905,outsider_raceshape,レース構造型,2022100090|2022104799|2022105806|2022103277|2022103503|2022106831,|||||,0.0588235294118|0.0588235294118|0.0588235294118|0.0588235294118|0.0588235294118|0.0588235294118,6
2024,202406040907,outsider_raceshape,レース構造型,2021105970|2020100606|2021101701|2021101176|2019105824|2020103537,|||||,0.0857043443672|0.0839782785405|0.0736325324194|0.0733137856369|0.0688709433506|0.0678090915259,6
2024,202406040911,outsider_raceshape,レース構造型,2021107058|2019105394|2020102764|2019101700|2018190001|2017101423,|||||,0.0935747834401|0.0899034885772|0.0803015452166|0.0802442991491|0.0779946097712|0.0771904769237,6
2024,202406040912,outsider_raceshape,レース構造型,2017103575|2019100284|2021104461|2021110055|2019103605|2019102011,|||||,0.113072377291|0.0937847313495|0.0855719469996|0.0843989450501|0.0832186951871|0.0780632081267,6
2024,202406050105,outsider_raceshape,レース構造型,2022102749|2022100675|2022100627|2022100269|2022110038|2022100209,|||||,0.0625|0.0625|0.0625|0.0625|0.0625|0.0625,6
2024,202406050106,outsider_raceshape,レース構造型,2022105694|2022107156|2022105925|2022105940|2022105901|2022103142,|||||,0.0769230769231|0.0769230769231|0.0769230769231|0.0769230769231|0.0769230769231|0.0769230769231,6
2024,202406050112,outsider_raceshape,レース構造型,2020106795|2021104006|2019105175|2021100522|2021100356|2020103962,|||||,0.0952820296961|0.0952425715789|0.0846249787277|0.081470164703|0.0798887667039|0.0798772247518,6
2024,202406050204,outsider_raceshape,レース構造型,2022104490|2022102352|2022102527|2022100028|2022101212|2022102031,|||||,0.0666666666667|0.0666666666667|0.0666666666667|0.0666666666667|0.0666666666667|0.0666666666667,6
2024,202406050205,outsider_raceshape,レース構造型,2022104592|2022102907|2022110027|2022106761|2022106811|2022101718,|||||,0.0555555555556|0.0555555555556|0.0555555555556|0.0555555555556|0.0555555555556|0.0555555555556,6
2024,202406050305,outsider_raceshape,レース構造型,2022102920|2022105338|2022102393|2022104552|2022102980|2022104844,|||||,0.0625|0.0625|0.0625|0.0625|0.0625|0.0625,6
2024,202406050409,outsider_raceshape,レース構造型,2020103653|2020100809|2020105789|2020103682|2019104674|2021101485,|||||,0.134048144646|0.112837562226|0.0762914457865|0.0739086180559|0.0721651453147|0.0701256252689,6
2024,202406050410,outsider_raceshape,レース構造型,2018106571|2020102964|2020100116|2020102345|2020100142|2020105939,|||||,0.139021667186|0.100545695405|0.0978585449301|0.0832514818856|0.0745479157262|0.061643821199,6
2024,202406050411,outsider_raceshape,レース構造型,2021110164|2019101975|2018103105|2019101633|2021104461|2021103868,|||||,0.0973129751952|0.0934587012896|0.0920227734285|0.0912255789334|0.0846922152201|0.0799988406456,6
2024,202406050505,outsider_raceshape,レース構造型,2022104925|2022105394|2022106626|2022105003|2022104882|2022100650,|||||,0.0666666666667|0.0666666666667|0.0666666666667|0.0666666666667|0.0666666666667|0.0666666666667,6
2024,202406050508,outsider_raceshape,レース構造型,2021100761|2020106549|2021101449|2021105212|2021100730|2021100389,|||||,0.103932140092|0.0970812923087|0.0967226641286|0.081699707646|0.0747720198816|0.0738433196431,6
2024,202406050511,outsider_raceshape,レース構造型,2020103099|2020104572|2020100148|2020102378|2019102240|2020103368,|||||,0.103312044063|0.0850975647668|0.0818943491706|0.0794065043324|0.0706475215063|0.0668359199222,6
2024,202406050605,outsider_raceshape,レース構造型,2022104616|2022105843|2022104953|2022106536|2022105240|2022110092,|||||,0.0666666666667|0.0666666666667|0.0666666666667|0.0666666666667|0.0666666666667|0.0666666666667,6
2024,202406050606,outsider_raceshape,レース構造型,2022106243|2022105247|2022106669|2022103555|2022101692|2022100571,|||||,0.0625|0.0625|0.0625|0.0625|0.0625|0.0625,6
2024,202406050611,outsider_raceshape,レース構造型,2020105626|2018105131|2019104998|2020102740|2020100909|2019101348,|||||,0.116981133857|0.0854135241265|0.0800644861891|0.0734304256881|0.0722810032851|0.0675805879848,6
2024,202406050711,outsider_raceshape,レース構造型,2020106667|2020102935|2017105439|2018103507|2019104767|2020103553,|||||,0.105670969671|0.0967328252814|0.0856176009366|0.0817846429111|0.0796207850347|0.0788230450661,6
2024,202406050809,outsider_raceshape,レース構造型,2021103033|2020103205|2021105499|2021105104|2020101548|2020106677,|||||,0.0935399585169|0.0864423328058|0.0764847998413|0.075101972274|0.0704244239088|0.0701697624087,6
2024,202406050911,outsider_raceshape,レース構造型,2022105033|2022104813|2022104615|2022100161|2022105102|2022105773,|||||,0.0850734669749|0.0797437651869|0.0749458219714|0.0731502485965|0.0697772603426|0.0666205883531,6
2024,202407010109,outsider_raceshape,レース構造型,2020105517|2020104429|2020101271|2020106458|2020104198|2019106608,|||||,0.0960130469604|0.0914612664381|0.0787993024356|0.0750067728866|0.0716153025496|0.0700638162072,6
2024,202407010211,outsider_raceshape,レース構造型,2018110137|2020103650|2019106698|2020102870|2019100596|2018105012,|||||,0.14788621228|0.122881195489|0.120301908778|0.102629808023|0.102514993397|0.097029842865,6
2024,202407010402,outsider_raceshape,レース構造型,2021102970|2021110083|2021110129|2021110066|2021102754|2021105582,|||||,0.147035499066|0.124640744957|0.0855613983313|0.0834641900982|0.0812232667114|0.0754406507217,6
2024,202407010602,outsider_raceshape,レース構造型,2021101551|2021105395|2021103825|2021102231|2021102494|2021105701,|||||,0.116698782589|0.103673114595|0.0916989719351|0.0887052910894|0.0857759935406|0.0812335632999,6
2024,202407010612,outsider_raceshape,レース構造型,2019104536|2020106458|2020100145|2020105157|2018102040|2019104646,|||||,0.159744521001|0.0961384040737|0.0951528364191|0.0862342407553|0.0844258570947|0.0832927071927,6
2024,202407020206,outsider_raceshape,レース構造型,2021102995|2021101401|2021105055|2021105413|2021104063|2021106705,|||||,0.111836039487|0.101012007161|0.100079727921|0.0830256192148|0.0823684706023|0.0674760430379,6
2024,202407020305,outsider_raceshape,レース構造型,2022106637|2022100632|2022104501|2022105506|2022105345|2022105381,|||||,0.0555555555556|0.0555555555556|0.0555555555556|0.0555555555556|0.0555555555556|0.0555555555556,6
2024,202407020306,outsider_raceshape,レース構造型,2022106395|2022103264|2022106179|2022106628|2022103119|2022102865,|||||,0.0625|0.0625|0.0625|0.0625|0.0625|0.0625,6
2024,202407020411,outsider_raceshape,レース構造型,2018102281|2020101543|2020101897|2019105126|2019103714|2017106137,|||||,0.0814748136235|0.074807884455|0.0704716688609|0.0691500246421|0.0663980595917|0.0631190764472,6
2024,202407020505,outsider_raceshape,レース構造型,2022101048|2022104130|2022105081|2022107200|2022104420|2022100993,|||||,0.0625|0.0625|0.0625|0.0625|0.0625|0.0625,6
2024,202407020511,outsider_raceshape,レース構造型,2019104126|2020103199|2017103293|2020101036|2020102818|2020101020,|||||,0.112201376519|0.0953326713803|0.0889855401821|0.0866812315575|0.0857913847863|0.0638354882898,6
2024,202407020606,outsider_raceshape,レース構造型,2021100248|2020103448|2021102755|2020100138|2019105271|2020105124,|||||,0.125605882664|0.0992433268294|0.0944571684869|0.093751274194|0.0933647542479|0.0812939018444,6
2024,202407020706,outsider_raceshape,レース構造型,2022106453|2022104009|2022106604|2022103551|2022100333|2022105791,|||||,0.0625|0.0625|0.0625|0.0625|0.0625|0.0625,6
2024,202407020806,outsider_raceshape,レース構造型,2021101430|2021105819|2021100407|2021100280|2021101416|2021105290,|||||,0.0884845638239|0.0883663309823|0.0698983208758|0.0683129747389|0.0670079193707|0.0655301706474,6
2024,202407020810,outsider_raceshape,レース構造型,2021103725|2018106560|2019100652|2019101005|2019101222|2019100284,|||||,0.0969287843266|0.0876279760566|0.0840144349481|0.0831510529053|0.0830044525755|0.0769939436324,6
2024,202407030108,outsider_raceshape,レース構造型,2021105604|2021102013|2020102728|2019105487|2019110127|2020105073,|||||,0.104961905217|0.104360091485|0.0893297424869|0.086158819421|0.0773253427776|0.0767699891401,6
2024,202407030303,outsider_raceshape,レース構造型,2022104130|2022107012|2022100632|2022103199|2022102286|2022106814,|||||,0.121000632374|0.119909104557|0.1171881966|0.0969328183479|0.0811095498977|0.0720930918359,6
2024,202407030306,outsider_raceshape,レース構造型,2021101382|2021105141|2021105289|2021101825|2020100678|2021105831,|||||,0.11067032416|0.0869138495272|0.0791241458583|0.0765689996375|0.0731516441939|0.0730878268388,6
2024,202407030312,outsider_raceshape,レース構造型,2021100680|2021110158|2020100747|2021110087|2019105434|2021110075,|||||,0.138019658139|0.104275276514|0.102466048003|0.089336468591|0.0878207759089|0.0856736124258,6
2024,202407030410,outsider_raceshape,レース構造型,2020104572|2020103464|2018106815|2020103354|2021105548|2020103393,|||||,0.115403477987|0.114230661498|0.0826829344034|0.0716011536941|0.0702861750105|0.0620588479954,6
2024,202407030605,outsider_raceshape,レース構造型,2022107342|2022101598|2022100791|2022106635|2022103208|2022105988,|||||,0.0714285714286|0.0714285714286|0.0714285714286|0.0714285714286|0.0714285714286|0.0714285714286,6
2024,202407030607,outsider_raceshape,レース構造型,2021110088|2021105910|2021102973|2021105238|2021110012|2021106826,|||||,0.11039580458|0.100121178518|0.0999349678357|0.0940766608476|0.0940458017155|0.0879373286382,6
2024,202407030609,outsider_raceshape,レース構造型,2017103155|2021110153|2021110122|2021106542|2019104169|2018105096,|||||,0.139039776371|0.138462694337|0.117018850098|0.112217824992|0.10134042785|0.0808031058457,6
2024,202407030611,outsider_raceshape,レース構造型,2021103725|2019103920|2021105608|2017106264|2019104853|2018104481,|||||,0.125470877039|0.111144426484|0.108780520963|0.0688640860807|0.0668838767013|0.0630819622625,6
2024,202407030612,outsider_raceshape,レース構造型,2021104777|2020103636|2020105734|2020103519|2021101671|2020102750,|||||,0.101330624037|0.0953537933124|0.0810066578136|0.0798341149605|0.0783539505581|0.069698630677,6
2024,202407030711,outsider_raceshape,レース構造型,2021105048|2021102728|2021104791|2021103272|2021107044|2021100913,|||||,0.150007622549|0.127256337424|0.111982966648|0.0977203797718|0.0806637481347|0.0746626379341,6
2024,202407030804,outsider_raceshape,レース構造型,2022101827|2022110090|2022110129|2022101659|2022101403|2022102756,|||||,0.0625|0.0625|0.0625|0.0625|0.0625|0.0625,6
2024,202407030903,outsider_raceshape,レース構造型,2022101643|2022103630|2022101583|2022106850|2022103728|2022105795,|||||,0.0666666666667|0.0666666666667|0.0666666666667|0.0666666666667|0.0666666666667|0.0666666666667,6
2024,202407030907,outsider_raceshape,レース構造型,2021101412|2021104669|2020102919|2021104963|2021106544|2021105528,|||||,0.108178380802|0.101751540215|0.0953666814337|0.0936510342597|0.0824340585776|0.0729915092537,6
2024,202407040109,outsider_raceshape,レース構造型,2020103579|2020106579|2021105058|2020106896|2020104636|2020100934,|||||,0.120535206324|0.11537145393|0.102224978541|0.0752889247734|0.0715543942363|0.0703573048268,6
2024,202407040202,outsider_raceshape,レース構造型,2020102542|2020106816|2021105706|2021100652|2021104911|2020103710,|||||,0.125235328654|0.115052611593|0.0971847317874|0.0830554994257|0.0791446127234|0.0787013374825,6
2024,202407040210,outsider_raceshape,レース構造型,2020101805|2021104649|2019101479|2020105415|2020107082|2020103435,|||||,0.0941168508234|0.0819323482115|0.0814550826583|0.0767366897444|0.0755166868256|0.0747259613729,6
2024,202407040212,outsider_raceshape,レース構造型,2021102800|2021105577|2021105056|2020100606|2020103370|2021105831,|||||,0.0938957328226|0.0918715316072|0.0893639993262|0.0874895787728|0.0788174580928|0.0736753835785,6
2024,202407040305,outsider_raceshape,レース構造型,2022105808|2022103684|2022103150|2022110110|2022100220|2022106324,|||||,0.0625|0.0625|0.0625|0.0625|0.0625|0.0625,6
2024,202407040307,outsider_raceshape,レース構造型,2019105824|2021105580|2021100629|2021105247|2020103910|2020102452,|||||,0.0773201150488|0.0767929532793|0.0762656216126|0.0752767745297|0.0741620195117|0.0712094811889,6
2024,202407040311,outsider_raceshape,レース構造型,2021106787|2019103430|2019105039|2017100464|2020100157|2020101813,|||||,0.0771520039647|0.0716352193664|0.0712073834037|0.0692335845151|0.0692296632015|0.0675807999905,6
2024,202407040504,outsider_raceshape,レース構造型,2022100614|2022107200|2022104440|2022107260|2022100791|2022104656,|||||,0.135524642018|0.0967316201476|0.0854392519325|0.0821182344157|0.0706931932847|0.0673244671852,6
2024,202407040507,outsider_raceshape,レース構造型,2021110162|2021110106|2021105923|2021106294|2021104321|2021101415,|||||,0.0930741706525|0.0900354925339|0.0821064001133|0.0787253046366|0.0743556395372|0.0733267594673,6
2024,202407040605,outsider_raceshape,レース構造型,2022103060|2022104732|2022100542|2022103354|2022100672|2022103907,|||||,0.0555555555556|0.0555555555556|0.0555555555556|0.0555555555556|0.0555555555556|0.0555555555556,6
2024,202407040607,outsider_raceshape,レース構造型,2020104676|2021104678|2019103092|2020105167|2018105096|2021105125,|||||,0.165506785057|0.107394836793|0.0987281229122|0.0925883219793|0.079316972985|0.0731636185201,6
2024,202408010104,outsider_raceshape,レース構造型,2021102236|2021102083|2021101422|2021106054|2021105073|2021105931,|||||,0.0625|0.0625|0.0625|0.0625|0.0625|0.0625,6
2024,202408010111,outsider_raceshape,レース構造型,2019104730|2019104896|2019106670|2020103661|2016103884|2019105252,|||||,0.0995479771189|0.0924286832546|0.0818865876227|0.080314427974|0.0741442057761|0.069608485326,6
2024,202408010303,outsider_raceshape,レース構造型,2021104197|2021105917|2021101490|2021104744|2021110019|2021101585,|||||,0.0625|0.0625|0.0625|0.0625|0.0625|0.0625,6
2024,202408010305,outsider_raceshape,レース構造型,2021105056|2021105618|2021110082|2021105837|2021102503|2021103684,|||||,0.0555555555556|0.0555555555556|0.0555555555556|0.0555555555556|0.0555555555556|0.0555555555556,6
2024,202408010311,outsider_raceshape,レース構造型,2021100953|2021103210|2021101603|2021105596|2021105646|2021110148,|||||,0.106117351431|0.0703466519898|0.0657064747429|0.0650048482989|0.0616148077818|0.0616124522841,6
2024,202408010404,outsider_raceshape,レース構造型,2021103223|2021103154|2021102903|2021103804|2021100711|2021102618,|||||,0.0625|0.0625|0.0625|0.0625|0.0625|0.0625,6
2024,202408010411,outsider_raceshape,レース構造型,2020100896|2019104841|2019103714|2018102360|2019110001|2018105366,|||||,0.119002166032|0.109038587115|0.0981333064569|0.0786919935095|0.0732627895544|0.070838900226,6
2024,202408010412,outsider_raceshape,レース構造型,2020110039|2019101618|2020106660|2020102326|2020102655|2019105396,|||||,0.0940028132411|0.085063877323|0.0804705916275|0.0795108418473|0.0732015025844|0.0643111172038,6
2024,202408010503,outsider_raceshape,レース構造型,2021110067|2021101548|2021103994|2021109088|2021103197|2021106151,|||||,0.0625|0.0625|0.0625|0.0625|0.0625|0.0625,6
2024,202408010505,outsider_raceshape,レース構造型,2021105800|2021107173|2021104427|2021105245|2021110169|2021105880,|||||,0.0555555555556|0.0555555555556|0.0555555555556|0.0555555555556|0.0555555555556|0.0555555555556,6
2024,202408010506,outsider_raceshape,レース構造型,2021104928|2021106729|2021101680|2021100690|2021101682|2021110059,|||||,0.113748979666|0.0906999314023|0.0888634979499|0.0840424519099|0.0815326523261|0.0747269978498,6
2024,202408010603,outsider_raceshape,レース構造型,2021103214|2021103585|2021103932|2021103300|2021103943|2021100565,|||||,0.0625|0.0625|0.0625|0.0625|0.0625|0.0625,6
2024,202408010605,outsider_raceshape,レース構造型,2021104122|2021103069|2021102231|2021105970|2021105577|2021105013,|||||,0.0769230769231|0.0769230769231|0.0769230769231|0.0769230769231|0.0769230769231|0.0769230769231,6
2024,202408010702,outsider_raceshape,レース構造型,2021105104|2021110102|2021103213|2021110105|2021103928|2021103895,|||||,0.0625|0.0625|0.0625|0.0625|0.0625|0.0625,6
2024,202408010705,outsider_raceshape,レース構造型,2021103488|2021100739|2021105682|2021106752|2021106940|2021105049,|||||,0.0588235294118|0.0588235294118|0.0588235294118|0.0588235294118|0.0588235294118|0.0588235294118,6
2024,202408010711,outsider_raceshape,レース構造型,2020102904|2018100829|2017103000|2018104059|2018105431|2020106565,|||||,0.111256155798|0.09918639022|0.0932425265849|0.0733622612817|0.0731954070549|0.0695949245345,6
2024,202408020104,outsider_raceshape,レース構造型,2021104678|2021103287|2021101425|2021106720|2021102454|2021104209,|||||,0.0625|0.0625|0.0625|0.0625|0.0625|0.0625,6
2024,202408020112,outsider_raceshape,レース構造型,2020104739|2019100572|2020103632|2020103495|2020102329|2019105350,|||||,0.0946804277579|0.0909706679888|0.0901269403453|0.0784430757836|0.0742276258811|0.0711836895344,6
2024,202408020205,outsider_raceshape,レース構造型,2021102904|2021102622|2021102327|2021105002|2021102835|2021105721,|||||,0.0769230769231|0.0769230769231|0.0769230769231|0.0769230769231|0.0769230769231|0.0769230769231,6
2024,202408020210,outsider_raceshape,レース構造型,2019105354|2020103101|2020106909|2017105408|2020101025|2020106535,|||||,0.183024948938|0.138492068402|0.125896256668|0.109556049477|0.0949599646185|0.0628397083041,6
2024,202408020211,outsider_raceshape,レース構造型,2020101678|2020100909|2020106851|2019103714|2019105658|2019105439,|||||,0.0914482666984|0.0803107683705|0.0799825387256|0.0747157440465|0.0718120705618|0.070266889269,6
2024,202408020304,outsider_raceshape,レース構造型,2021102729|2021110159|2021105692|2021105345|2021105146|2021110163,|||||,0.0625|0.0625|0.0625|0.0625|0.0625|0.0625,6
2024,202408020312,outsider_raceshape,レース構造型,2020103898|2019101233|2017100392|2020101764|2019104632|2020105929,|||||,0.120551923176|0.100587427266|0.0839850366033|0.0810352864233|0.0768310665274|0.0742320761169,6
2024,202408020504,outsider_raceshape,レース構造型,2021101535|2021100650|2021107351|2021101443|2021103844|2021102813,|||||,0.0625|0.0625|0.0625|0.0625|0.0625|0.0625,6
2024,202408020508,outsider_raceshape,レース構造型,2020101517|2019105798|2020101182|2020102599|2020100130|2019101158,|||||,0.139745261055|0.0947590215092|0.0941670268695|0.0821310171112|0.0760806479012|0.0647612200205,6
2024,202408020704,outsider_raceshape,レース構造型,2021105112|2021110127|2021100870|2021110152|2021105009|2021102593,|||||,0.0625|0.0625|0.0625|0.0625|0.0625|0.0625,6
2024,202408020708,outsider_raceshape,レース構造型,2020103339|2020101805|2020110076|2019102460|2020103979|2020101113,|||||,0.13155788303|0.125333661172|0.0969546509027|0.0923290994259|0.0849596436521|0.071661583537,6
2024,202408020804,outsider_raceshape,レース構造型,2021104878|2021104549|2021100226|2021105413|2021104063|2021102585,|||||,0.0666666666667|0.0666666666667|0.0666666666667|0.0666666666667|0.0666666666667|0.0666666666667,6
2024,202408030204,outsider_raceshape,レース構造型,2021102235|2021101760|2021101584|2021101781|2021103291|2021105398,|||||,0.133958969981|0.0849873836342|0.0670935410053|0.0529559212564|0.0525866793179|0.0483931125738,6
2024,202408030311,outsider_raceshape,レース構造型,2021107001|2021101733|2021103987|2021103020|2021105262|2021105430,|||||,0.0942956702748|0.0911452183102|0.0841195477461|0.0813418293114|0.0797225224282|0.07912434259,6
2024,202408030312,outsider_raceshape,レース構造型,2020106795|2020104363|2020104845|2019106076|2018102021|2019103543,|||||,0.137697868079|0.0899960519642|0.0861627509509|0.0818617859217|0.0780497247751|0.0724834574417,6
2024,202408030410,outsider_raceshape,レース構造型,2018103926|2019100751|2020104194|2019102786|2018100141|2018100693,|||||,0.082198506883|0.0789824862897|0.0757777462219|0.0727212370023|0.0722417277989|0.0711862989117,6
2024,202408030411,outsider_raceshape,レース構造型,2017102170|2018106545|2020103532|2020103650|2019105312|2016104946,|||||,0.09483519758|0.0911291605872|0.0828838120664|0.070636372761|0.0666667947654|0.0660680072384,6
2024,202408030510,outsider_raceshape,レース構造型,2019103507|2020106884|2015104589|2018100026|2019101198|2018105503,|||||,0.0893773296515|0.0880837584868|0.0765513480183|0.0744271041832|0.0742543827159|0.0674206232017,6
2024,202408030606,outsider_raceshape,レース構造型,2021105387|2021103236|2021106610|2021103776|2021105386|2021101090,|||||,0.113641730443|0.107445893542|0.102856038944|0.0886107904238|0.0847043963877|0.0769172181481,6
2024,202408030810,outsider_raceshape,レース構造型,2020106338|2020103354|2019105413|2017105574|2019103920|2018104688,|||||,0.113089301943|0.110810824369|0.107575322977|0.100030027797|0.091852903655|0.0902232822829,6
2024,202408030812,outsider_raceshape,レース構造型,2020102360|2019103584|2019102514|2020100665|2020102575|2019106868,|||||,0.113533228774|0.110893205166|0.110576570758|0.0918724471763|0.0797858323633|0.0761525996731,6
2024,202408030904,outsider_raceshape,レース構造型,2021102507|2021100365|2021105537|2021105567|2021101455|2021103903,|||||,0.083406650478|0.0808402219165|0.0767348968633|0.0720436817188|0.0708980287514|0.0695700640885,6
2024,202408030909,outsider_raceshape,レース構造型,2021110072|2021100683|2021105528|2021104242|2021103519|2021105618,|||||,0.148669207651|0.120717258559|0.115956664221|0.0972702277953|0.0884595778877|0.0777327750547,6
2024,202408031110,outsider_raceshape,レース構造型,2019100539|2020105835|2019110053|2019106475|2020105627|2020110075,|||||,0.109646607381|0.0880763180561|0.0869388949761|0.0837168196243|0.0786969353014|0.0745349913563,6
2024,202408031202,outsider_raceshape,レース構造型,2021102569|2021102150|2021103591|2021102851|2021107295|2021104039,|||||,0.137790942675|0.103197066846|0.0858875317691|0.0851007168043|0.0822391396129|0.0786788400006,6
2024,202408031210,outsider_raceshape,レース構造型,2018102227|2019101348|2019105806|2018110043|2020102660|2020102502,|||||,0.10398469797|0.101215158381|0.0920451498362|0.085697600436|0.0722926627484|0.0653740553844,6
2024,202408031212,outsider_raceshape,レース構造型,2019106184|2019102137|2019105412|2018105011|2018104633|2020100815,|||||,0.106414514737|0.0884294496866|0.0804209265997|0.0771367856072|0.0767580163619|0.069868063891,6
2024,202408040109,outsider_raceshape,レース構造型,2020105298|2019103978|2018103388|2021101406|2021110069|2021102953,|||||,0.0986219308838|0.0890487414605|0.083232952754|0.083047321352|0.0815776630917|0.0784238895282,6
2024,202408040212,outsider_raceshape,レース構造型,2020101872|2020103699|2020105073|2020104477|2020105299|2020102542,|||||,0.135911913325|0.122140919475|0.0938094407809|0.08043668828|0.0785109941297|0.069143248242,6
2024,202408040303,outsider_raceshape,レース構造型,2021100193|2021105247|2021102973|2021100981|2021102835|2021101585,|||||,0.140726867143|0.131702229172|0.10606754457|0.090995838563|0.0868255676881|0.0674253242934,6
2024,202408040611,outsider_raceshape,レース構造型,2019103430|2020105655|2019100824|2019105062|2019105628|2020110060,|||||,0.100996745312|0.0996973486123|0.0879487054009|0.0798034301094|0.0677846626737|0.0657453277689,6
2024,202408040707,outsider_raceshape,レース構造型,2021102993|2020102664|2020105957|2021100711|2021105508|2021102436,|||||,0.140651804794|0.09543927212|0.0922489143764|0.085562230072|0.0848921944841|0.0787152639399,6
2024,202408040710,outsider_raceshape,レース構造型,2019103920|2020110147|2020104702|2020101632|2021101737|2018105011,|||||,0.110445734407|0.0845662775886|0.0837040296009|0.0746872869269|0.0734455976461|0.0722805116391,6
2024,202408050104,outsider_raceshape,レース構造型,2022110137|2022110012|2022102228|2022110113|2022103485|2022105630,|||||,0.0625|0.0625|0.0625|0.0625|0.0625|0.0625,6
2024,202408050105,outsider_raceshape,レース構造型,2022104885|2022103875|2022101697|2022105396|2022105868|2022103188,|||||,0.0666666666667|0.0666666666667|0.0666666666667|0.0666666666667|0.0666666666667|0.0666666666667,6
2024,202408050111,outsider_raceshape,レース構造型,2019105968|2021102320|2019103714|2018102281|2020100896|2021102392,|||||,0.095083014777|0.0831104423437|0.0767846727988|0.0752393479672|0.0657185865888|0.0644437810664,6
2024,202408050203,outsider_raceshape,レース構造型,2022105848|2022105567|2022102828|2022104636|2022106992|2022101190,|||||,0.0625|0.0625|0.0625|0.0625|0.0625|0.0625,6
2024,202408050204,outsider_raceshape,レース構造型,2022102729|2022104393|2022105778|2022105212|2022105446|2022106562,|||||,0.0588235294118|0.0588235294118|0.0588235294118|0.0588235294118|0.0588235294118|0.0588235294118,6
2024,202408050205,outsider_raceshape,レース構造型,2022105037|2022104706|2022105633|2022100080|2022105200|2022103714,|||||,0.0769230769231|0.0769230769231|0.0769230769231|0.0769230769231|0.0769230769231|0.0769230769231,6
2024,202408050209,outsider_raceshape,レース構造型,2016105797|2020105539|2020105354|2020103099|2021104434|2018103406,|||||,0.131535353618|0.128355976433|0.0832312936888|0.0825387677849|0.0778268153478|0.0689069886137,6
2024,202408050303,outsider_raceshape,レース構造型,2022101429|2022105316|2022104858|2022106180|2022106635|2022105265,|||||,0.146744857082|0.12378737931|0.109908828864|0.0881333284037|0.0874459322831|0.073457106534,6
2024,202408050304,outsider_raceshape,レース構造型,2022106942|2022105343|2022102236|2022104880|2022110109|2022105878,|||||,0.0625|0.0625|0.0625|0.0625|0.0625|0.0625,6
2024,202408050305,outsider_raceshape,レース構造型,2022105552|2022100619|2022104963|2022104556|2022107185|2022103651,|||||,0.0769230769231|0.0769230769231|0.0769230769231|0.0769230769231|0.0769230769231|0.0769230769231,6
2024,202408050307,outsider_raceshape,レース構造型,2021110067|2021106554|2020110116|2019110026|2021106310|2021104101,|||||,0.119370419169|0.0965392261381|0.089100466043|0.0839509181566|0.070335476363|0.0652724187732,6
2024,202408050607,outsider_raceshape,レース構造型,2021106610|2019102794|2021109027|2020105533|2021103225|2019106419,|||||,0.143190585771|0.102358268322|0.0951423267049|0.0830716670955|0.0707130911745|0.0672536192968,6
2024,202408050711,outsider_raceshape,レース構造型,2019105938|2019105505|2019106670|2019105126|2017101429|2021110148,|||||,0.0987424390225|0.0820190981646|0.08079054595|0.0806491215773|0.079295759779|0.0676079500434,6
2024,202408050804,outsider_raceshape,レース構造型,2022110121|2022103242|2022104877|2022102952|2022100537|2022100187,|||||,0.0625|0.0625|0.0625|0.0625|0.0625|0.0625,6
2024,202408050808,outsider_raceshape,レース構造型,2021105333|2021103595|2018103388|2019102886|2021101057|2021100086,|||||,0.0996152455639|0.0927942338059|0.0883862747613|0.0837568378021|0.082371737954|0.0810596611728,6
2024,202408060105,outsider_raceshape,レース構造型,2022107306|2022102133|2022105158|2022102739|2022100226|2022110124,|||||,0.0625|0.0625|0.0625|0.0625|0.0625|0.0625,6
2024,202408060106,outsider_raceshape,レース構造型,2022105060|2022104180|2022101068|2022105547|2022104186|2022101490,|||||,0.0714285714286|0.0714285714286|0.0714285714286|0.0714285714286|0.0714285714286|0.0714285714286,6
2024,202408060211,outsider_raceshape,レース構造型,2020105621|2020102904|2019106929|2017101184|2020100273|2019100630,|||||,0.101463626815|0.0994626789853|0.0951504506004|0.0902256207576|0.088393037752|0.08602619472,6
2024,202408060406,outsider_raceshape,レース構造型,2021104646|2021105434|2021101454|2021106194|2020104734|2021105729,|||||,0.121521429142|0.09138545496|0.0884586543595|0.0827163215119|0.0819406788957|0.0780409843799,6
2024,202408060410,outsider_raceshape,レース構造型,2020110130|2020110104|2021105508|2020104793|2020104675|2020100979,|||||,0.110773798118|0.0985922473636|0.0966744745981|0.0869878775511|0.077799464516|0.0758385642386,6
2024,202408060506,outsider_raceshape,レース構造型,2022103614|2022105554|2022101821|2022100154|2022103850|2022106518,|||||,0.0625|0.0625|0.0625|0.0625|0.0625|0.0625,6
2024,202408060507,outsider_raceshape,レース構造型,2021105711|2021100639|2020100472|2021106105|2021105736|2019100665,|||||,0.111599233875|0.105509891231|0.0837894041698|0.074389883838|0.070566563701|0.0655177556425,6
2024,202408060606,outsider_raceshape,レース構造型,2021105253|2021102503|2021105068|2021105939|2020100683|2021105895,|||||,0.133562981465|0.130046552143|0.119972914217|0.11448756038|0.0885965602058|0.0651545980875,6
2024,202408060609,outsider_raceshape,レース構造型,2018103507|2019104112|2021106635|2020102935|2019104092|2019100011,|||||,0.0773062909299|0.0712596928887|0.0711394389656|0.069913549037|0.0687188166614|0.06853561711,6
2024,202408060807,outsider_raceshape,レース構造型,2021105865|2021101454|2021105960|2020102539|2021101557|2021110088,|||||,0.0935014876207|0.0915328897145|0.0870686443728|0.084166428624|0.0758293236252|0.0741887691502,6
2024,202408060810,outsider_raceshape,レース構造型,2020103099|2020106660|2020105354|2021102888|2020104678|2020105198,|||||,0.113539839554|0.109763957105|0.104349128669|0.103276767847|0.0945784473591|0.0902779625313,6
2024,202408060812,outsider_raceshape,レース構造型,2019105968|2017101429|2017106137|2016106263|2019105126|2019105806,|||||,0.0837900709024|0.0834431344146|0.077663785916|0.076428076187|0.0743423920064|0.071530855739,6
2024,202408070208,outsider_raceshape,レース構造型,2021102658|2020101575|2020106409|2021100639|2019100566|2021105753,|||||,0.117362374129|0.116999901245|0.0945950467159|0.0839287281576|0.0688567923774|0.0676872444376,6
2024,202408070411,outsider_raceshape,レース構造型,2022104994|2022103304|2022105718|2022105110|2022105317|2022104812,|||||,0.0715412381751|0.0691661363366|0.0687142419461|0.0670251272843|0.0665331319541|0.0639254786956,6
2024,202408070506,outsider_raceshape,レース構造型,2022104216|2022101722|2022104022|2022109028|2022102127|2022101773,|||||,0.0714285714286|0.0714285714286|0.0714285714286|0.0714285714286|0.0714285714286|0.0714285714286,6
2024,202408070509,outsider_raceshape,レース構造型,2020103876|2019103641|2021105328|2021102953|2021104649|2020100702,|||||,0.0932048685102|0.0873191184542|0.0824897272539|0.0789797423555|0.0760959045065|0.0714285106093,6
2024,202408070512,outsider_raceshape,レース構造型,2019100572|2020101772|2021105283|2020105803|2020103668|2019106925,|||||,0.125146427258|0.120444305064|0.118299571846|0.118013047854|0.0775292641379|0.0761370694535,6
2024,202408070605,outsider_raceshape,レース構造型,2022105550|2022106212|2022101740|2022106905|2022103214|2022104940,|||||,0.0714285714286|0.0714285714286|0.0714285714286|0.0714285714286|0.0714285714286|0.0714285714286,6
2024,202408070606,outsider_raceshape,レース構造型,2022105885|2022106925|2022103941|2022103255|2022103306|2022105193,|||||,0.0625|0.0625|0.0625|0.0625|0.0625|0.0625,6
2024,202408070607,outsider_raceshape,レース構造型,2021105447|2018103125|2021103291|2021105752|2021100677|2021104105,|||||,0.12957767878|0.0972200985071|0.0838964958941|0.0807734590209|0.077886778165|0.075997095604,6
2024,202408070608,outsider_raceshape,レース構造型,2021101488|2021105503|2021106642|2021101116|2020103048|2021106544,|||||,0.129882096248|0.0760132053186|0.0741154543481|0.0671920333809|0.0596853606779|0.058284484262,6
2024,202408070611,outsider_raceshape,レース構造型,2022104678|2022105891|2022102849|2022106647|2022105396|2022101732,|||||,0.105661605388|0.0880387586448|0.082734322607|0.073815565885|0.0689624523675|0.0682530049157,6
2024,202408070705,outsider_raceshape,レース構造型,2022104648|2022100725|2022101896|2022105216|2022105385|2022105330,|||||,0.0588235294118|0.0588235294118|0.0588235294118|0.0588235294118|0.0588235294118|0.0588235294118,6
2024,202408070711,outsider_raceshape,レース構造型,2020105154|2021110027|2019105394|2017101423|2019100213|2019110020,|||||,0.100417251835|0.096309359977|0.087281699077|0.0866085812404|0.0753618119613|0.0680961793495,6
2024,202408070803,outsider_raceshape,レース構造型,2022104886|2022105503|2022101683|2022105316|2022100632|2022101598,|||||,0.100019039031|0.0949158129978|0.0907068113308|0.090275538313|0.0780943031665|0.0692684807313,6
2024,202408070806,outsider_raceshape,レース構造型,2022102500|2022103251|2022104641|2022104968|2022100662|2022100008,|||||,0.0714285714286|0.0714285714286|0.0714285714286|0.0714285714286|0.0714285714286|0.0714285714286,6
2024,202408070811,outsider_raceshape,レース構造型,2020101292|2019104841|2020104429|2020103892|2021104991|2019110105,|||||,0.0832886037903|0.0821452847348|0.0798228580078|0.0757519697604|0.0735922158169|0.0711504598419,6
2024,202408070812,outsider_raceshape,レース構造型,2020106727|2021104242|2020103688|2021105374|2020104083|2021103478,|||||,0.116222582537|0.0897500217792|0.0785747522305|0.0715398578687|0.066277312526|0.0649447965529,6
2024,202409010211,outsider_raceshape,レース構造型,2020105400|2020105154|2018106388|2019101700|2019100213|2017100091,|||||,0.105545245545|0.0887141513163|0.0857000998046|0.0794924988449|0.0726996121486|0.0692022632485,6
2024,202409010212,outsider_raceshape,レース構造型,2019103308|2020104523|2020100897|2020103575|2019102292|2019103013,|||||,0.121519578506|0.104486395592|0.0921015890241|0.090451418469|0.0846880884359|0.0827552520002,6
2024,202409020307,outsider_raceshape,レース構造型,2020100683|2020106409|2020102559|2020104893|2020100716|2018105258,|||||,0.15326996741|0.0920283148936|0.0766194226938|0.0726325374571|0.0706251657552|0.0670042326088,6
2024,202409020411,outsider_raceshape,レース構造型,2020103458|2019105565|2019105552|2019105532|2018104980|2019103823,|||||,0.0865997374701|0.0807502706292|0.079881002519|0.078715662626|0.0765770566773|0.0725960856839,6
2024,202409020502,outsider_raceshape,レース構造型,2021110130|2021106192|2021110019|2021110122|2021105322|2021104422,|||||,0.116993324266|0.111593634934|0.0892150989399|0.0879919765173|0.0837478515665|0.0723426149083,6
2024,202409020611,outsider_raceshape,レース構造型,2021110027|2021105643|2021105757|2021105242|2021101685|2021106834,|||||,0.0829052109523|0.0745387452978|0.0739642445377|0.0717597145891|0.0628848126853|0.0621454595877,6
2024,202409020706,outsider_raceshape,レース構造型,2021105677|2021102259|2021100898|2021110099|2021104197|2021110067,|||||,0.0875780355039|0.0838659270129|0.0797501691866|0.0769550910844|0.0747288320406|0.0736160208655,6
2024,202409020809,outsider_raceshape,レース構造型,2020103499|2019105337|2020105539|2020101797|2020100725|2020100958,|||||,0.0952990405339|0.088498246157|0.0817323670765|0.0741628359062|0.070028188166|0.0692043427696,6
2024,202409020812,outsider_raceshape,レース構造型,2020106518|2020105950|2020101134|2020103367|2019106076|2019103543,|||||,0.143987114567|0.109370581161|0.0904453507331|0.0802203230219|0.0768543593595|0.0736319688019,6
2024,202410010109,outsider_raceshape,レース構造型,2020102187|2019102794|2020106896|2019106419|2019104688|2018100185,|||||,0.138368539727|0.124967090246|0.112881599699|0.0823371973644|0.0692531436515|0.0615239296293,6
2024,202410010210,outsider_raceshape,レース構造型,2019100318|2019105297|2020106338|2020101918|2019106739|2019105498,|||||,0.13056422438|0.1118740344|0.108620402131|0.100256158069|0.0976513851405|0.0804871834309,6
2024,202410010312,outsider_raceshape,レース構造型,2020102050|2020102718|2020104545|2020100347|2020100305|2020104415,|||||,0.135797567049|0.0977646220003|0.077299193194|0.0731469534916|0.0722436107705|0.0671551449858,6
2024,202410010405,outsider_raceshape,レース構造型,2021103075|2021110119|2021105165|2021100233|2021105096|2021106333,|||||,0.0555555555556|0.0555555555556|0.0555555555556|0.0555555555556|0.0555555555556|0.0555555555556,6
2024,202410010407,outsider_raceshape,レース構造型,2021105033|2021104989|2021105178|2021101686|2021103933|2021103239,|||||,0.11439450503|0.100717844332|0.0932496167258|0.0914768727436|0.0906649084718|0.0728277278172,6
2024,202410010409,outsider_raceshape,レース構造型,2020100295|2019101276|2019104560|2020101265|2019110127|2020102488,|||||,0.0973494351895|0.0923090246459|0.0891972817959|0.088220419325|0.0872813193774|0.0777766765285,6
2024,202410010508,outsider_raceshape,レース構造型,2015104367|2017100436|2019103152|2018105050|2017105181|2017104315,|||||,0.128492540741|0.115196725635|0.0965888295167|0.0945462969811|0.0940967579636|0.0823321962231,6
2024,202410010510,outsider_raceshape,レース構造型,2020106579|2020106209|2020105649|2019103149|2019105358|2019104688,|||||,0.10057474145|0.0924887566389|0.087668785322|0.0790832090961|0.0722136292214|0.0710575526299,6
2024,202410010512,outsider_raceshape,レース構造型,2019104356|2020102294|2020100347|2020104415|2019102147|2020102971,|||||,0.111080891703|0.0840415150507|0.0766725369927|0.0706777798097|0.0690914432895|0.0641959213039,6
2024,202410010602,outsider_raceshape,レース構造型,2021103897|2021106879|2021104933|2021106809|2021101891|2021106617,|||||,0.119367522563|0.106893549886|0.102500979903|0.0950679470493|0.0922243586858|0.091502137407,6
2024,202410010605,outsider_raceshape,レース構造型,2021102787|2021102592|2021110018|2021101284|2021103168|2021107214,|||||,0.0714285714286|0.0714285714286|0.0714285714286|0.0714285714286|0.0714285714286|0.0714285714286,6
2024,202410010611,outsider_raceshape,レース構造型,2019102041|2020110114|2020102132|2019105044|2019101626|2019100652,|||||,0.0865860107674|0.0783790790052|0.0706744657835|0.0691162537293|0.066884389886|0.0660811696186,6
2024,202410010708,outsider_raceshape,レース構造型,2020104750|2019110125|2020102360|2020102093|2020101850|2019104475,|||||,0.116676334038|0.0950699049891|0.0905789391737|0.0884361661721|0.0857221761909|0.0696874479494,6
2024,202410010810,outsider_raceshape,レース構造型,2020110120|2019104079|2018105137|2020104793|2020100189|2019100663,|||||,0.152747102681|0.109726371346|0.0838251320065|0.0777743875487|0.0706615159002|0.0656679316745,6
2024,202410020102,outsider_raceshape,レース構造型,2021104490|2021101280|2021105173|2021105721|2021105395|2021105768,|||||,0.126086567503|0.121401587702|0.11756539472|0.0893761725421|0.0854554729758|0.0799749756965,6
2024,202410020112,outsider_raceshape,レース構造型,2019104356|2020103418|2019102672|2020103962|2020102050|2019101833,|||||,0.103713311779|0.0954700738252|0.0944734874269|0.0937204293166|0.0920118685544|0.0759856146207,6
2024,202410020311,outsider_raceshape,レース構造型,2020104793|2019100410|2018104982|2019100539|2019104729|2019106684,|||||,0.0955327675016|0.0908697823244|0.0810448108321|0.080770304629|0.0766280294082|0.0759890838743,6
2024,202410020312,outsider_raceshape,レース構造型,2018110149|2019106333|2019110127|2019101643|2020106336|2019102303,|||||,0.114553110473|0.0820609972277|0.0796131406192|0.0707039285375|0.0666952383102|0.0645130200777,6
2024,202410020410,outsider_raceshape,レース構造型,2018104559|2020101492|2020102331|2020100121|2018100636|2019101270,|||||,0.0899076129122|0.0861348420103|0.0807512472076|0.0767306315037|0.0760765666248|0.064609972629,6
2024,202410020507,outsider_raceshape,レース構造型,2020102961|2020102680|2020100166|2020102225|2020101288|2019101920,|||||,0.111592497662|0.0958729182548|0.0953875582219|0.0895963486524|0.089400526347|0.0858150686867,6
2024,202410020607,outsider_raceshape,レース構造型,2019100841|2017104727|2020102785|2019100221|2020105189|2020102570,|||||,0.120482767512|0.116841240138|0.107114856115|0.103611670912|0.102409043488|0.0934006544077,6
2024,202410020707,outsider_raceshape,レース構造型,2021102865|2021103869|2021103728|2021105392|2021102245|2021104474,|||||,0.117299170011|0.115378199363|0.112017481809|0.08395379601|0.0833576871958|0.0794013271652,6
2024,202410020711,outsider_raceshape,レース構造型,2019102514|2019103401|2020100604|2020102840|2019105095|2019106690,|||||,0.0990062179417|0.0959439502339|0.0938938029039|0.081438124574|0.0788480686837|0.0720242965559,6
2024,202410020810,outsider_raceshape,レース構造型,2020106330|2018106552|2017102809|2020105484|2019103193|2018104534,|||||,0.0791027649899|0.078018628163|0.0765686345506|0.0755685297366|0.0697774771341|0.0652607117321,6
2024,202410030809,outsider_raceshape,レース構造型,2020105614|2019106821|2020106654|2018103377|2020110085|2020105733,|||||,0.107560212813|0.0781043380181|0.0770447743572|0.0769395097876|0.0742168691487|0.0731181637845,6
2024,202410030811,outsider_raceshape,レース構造型,2019106670|2020103102|2018102227|2019105252|2020106338|2020100680,|||||,0.108363550573|0.0944780092177|0.0939039277232|0.0859042267707|0.0817100989627|0.0738739555236,6
2024,202401010111,outsider_gatecourse,枠・コース型,2019105446|2019104525|2019100751|2017100403|2019104386|2019105347,13|14|15|2|3|4,0.0696951158136|0.0695555056301|0.066467341682|0.0651203651085|0.064427501963|0.0630707402357,6
2024,202401010203,outsider_gatecourse,枠・コース型,2021100476|2021105275|2021106806|2021100698|2021110081|2021110110,2|1|12|11|4|3,0.0718730745221|0.0702784443769|0.0660694330321|0.0651992713558|0.0648189022267|0.0635826103446,6
2024,202401010305,outsider_gatecourse,枠・コース型,2022104751|2022103530|2022105518|2022110002|2022101345|2022101439,12|4|6|5|1|3,0.0774805420318|0.0761646709838|0.0753783471727|0.0745086355784|0.0739087913522|0.0718335271794,6
2024,202401010404,outsider_gatecourse,枠・コース型,2021105654|2021102785|2021103345|2021106571|2021100165|2021103925,9|3|10|2|11|8,0.0706007279913|0.0687841216879|0.0686825894609|0.0684473754884|0.0681527404151|0.067855169029,6
2024,202401010504,outsider_gatecourse,枠・コース型,2021105722|2021103607|2021110141|2021102991|2021102035|2021105920,12|7|8|6|10|9,0.0856466440293|0.0758297217682|0.0755044544771|0.0741224974638|0.0737816748903|0.0737816748903,6
2024,202401010506,outsider_gatecourse,枠・コース型,2021106938|2021101668|2021106904|2021106193|2021105385|2021106152,9|10|12|11|3|2,0.0676163709954|0.0676163709954|0.066070633465|0.0651995172128|0.0649450050967|0.0643422673328,6
2024,202401010609,outsider_gatecourse,枠・コース型,2018104714|2020100809|2020102323|2020103668|2019101645|2019100664,1|12|6|5|3|2,0.0884671579136|0.0844592331358|0.0744222234546|0.0733470556298|0.073128963847|0.0724844064494,6
2024,202401010612,outsider_gatecourse,枠・コース型,2021103005|2020105897|2021103289|2021105872|2018100094|2020102208,15|16|12|14|3|11,0.074617680114|0.0707921941527|0.0696857670583|0.0690259119247|0.0676928143178|0.0673912308294,6
2024,202401020109,outsider_gatecourse,枠・コース型,2019100907|2021105897|2020104477|2021106203|2020100233|2021103238,1|3|2|7|8|9,0.0839906581636|0.0833972262022|0.0800935689875|0.0787535746812|0.0769312797647|0.0758523012436,6
2024,202401020204,outsider_gatecourse,枠・コース型,2021105787|2021101409|2021104924|2021103030|2021110020|2021104918,1|12|3|2|4|6,0.0833668493795|0.0762824181797|0.075006762118|0.0740646170667|0.0722645725518|0.0721451685996,6
2024,202401020209,outsider_gatecourse,枠・コース型,2020104129|2018104208|2020103198|2019101714|2020100914|2019103042,1|7|11|10|8|12,0.105993103438|0.0888791786505|0.0865423675189|0.0849678243995|0.0843867220307|0.084124907434,6
2024,202401020410,outsider_gatecourse,枠・コース型,2020103915|2021105619|2021103278|2019104738|2019102436|2019103897,12|13|14|3|2|11,0.0678038037527|0.0672363987102|0.0671012318302|0.0649383701724|0.0646969207886|0.0645658347645,6
2024,202401020611,outsider_gatecourse,枠・コース型,2017105661|2021105774|2018110035|2020100896|2019105658|2019100791,13|14|11|12|15|5,0.067635634651|0.0674995401041|0.066517310598|0.0663732347158|0.0648683160414|0.0634249455324,6
2024,202401020708,outsider_gatecourse,枠・コース型,2017105874|2020100233|2019100702|2020103405|2021105155|2021110016,2|1|3|4|12|10,0.0736127744482|0.0685533474034|0.0680809939159|0.0636576741499|0.0635333101806|0.062893986219,6
2024,202401020804,outsider_gatecourse,枠・コース型,2021100415|2021103004|2021101402|2021105659|2021100226|2021102598,12|11|2|13|5|6,0.0704257765507|0.0695010293098|0.0672900218367|0.0658304828629|0.0640341968377|0.0640338346673,6
2024,202401020811,outsider_gatecourse,枠・コース型,2018101348|2019101507|2015100744|2020103333|2018105293|2020106909,1|2|3|4|12|5,0.0896342853118|0.0856827059912|0.0838973733162|0.0748734824002|0.0702874698707|0.0685832904837,6
2024,202402010110,outsider_gatecourse,枠・コース型,2019105844|2019104538|2018101946|2020103794|2020102874|2020104708,2|1|8|11|12|3,0.0682918633647|0.0668829143241|0.0668503666891|0.0664725130384|0.0659269306891|0.0631011018709,6
2024,202402010201,outsider_gatecourse,枠・コース型,2021100747|2021104933|2021102401|2021110098|2021103025|2021102686,2|1|4|3|5|6,0.0760350636696|0.0729457215582|0.0658584633856|0.0647871701571|0.0645507604005|0.0645503952509,6
2024,202402010304,outsider_gatecourse,枠・コース型,2021104132|2021103267|2021105351|2021103193|2021106812|2021106822,2|1|11|12|4|3,0.0721205343797|0.067678152003|0.0649288805173|0.0643948615588|0.064250283642|0.0641304411968,6
2024,202402010703,outsider_gatecourse,枠・コース型,2021105822|2021101790|2021102151|2021110166|2021107101|2021106790,11|12|2|4|3|5,0.0688393824785|0.068530839399|0.0675435927331|0.0652103571035|0.0650887427542|0.0639143584532,6
2024,202402010804,outsider_gatecourse,枠・コース型,2021100923|2021101041|2021106626|2021104519|2021102153|2021103030,7|8|6|5|11|10,0.0920863341793|0.090105747355|0.0884183547618|0.0855569734273|0.0852804652394|0.0850773976393,6
2024,202403010110,outsider_gatecourse,枠・コース型,2020102229|2020103634|2019106700|2019100772|2020104088|2020102391,5|6|8|7|4|3,0.0692074866202|0.0692070968607|0.0692006381869|0.0682435744214|0.0677261825335|0.0672108787668,6
2024,202403010210,outsider_gatecourse,枠・コース型,2017106295|2020100105|2019104260|2017100452|2019105161|2019103946,16|6|5|8|4|11,0.0661930178932|0.0660638450762|0.0658226026578|0.0655643437941|0.065346713278|0.0646171443099,6
2024,202403010509,outsider_gatecourse,枠・コース型,2020105409|2019102303|2020103962|2019101416|2019105765|2020106963,6|5|2|7|3|4,0.0773416802744|0.0756890382475|0.0754679404349|0.0754463723375|0.0750777105714|0.0750312876713,6
2024,202403010510,outsider_gatecourse,枠・コース型,2019106716|2018103133|2020106234|2020100934|2018103473|2017101159,2|8|3|4|10|9,0.0798852193907|0.0749940326127|0.0725383783245|0.0690358922455|0.0690023828566|0.0685651101912,6
2024,202403010511,outsider_gatecourse,枠・コース型,2019100205|2020102502|2019100787|2018104011|2020104572|2020106966,8|5|6|7|4|3,0.0725638962767|0.0697818899197|0.0697814972556|0.0688107831071|0.0673185214836|0.0672615179462,6
2024,202403020205,outsider_gatecourse,枠・コース型,2022100485|2022103416|2022100322|2022105733|2022100103|2022110054,12|6|5|7|8|4,0.0684932403601|0.0684046305532|0.0675663807736|0.0652280450899|0.0650099844761|0.0642861587031,6
2024,202403020412,outsider_gatecourse,枠・コース型,2020104597|2019105476|2020102702|2020106877|2020106047|2020106249,16|11|12|15|6|5,0.0738879116459|0.0673048736619|0.0670033863501|0.0637537080077|0.0631901550665|0.0629593134013,6
2024,202403030105,outsider_gatecourse,枠・コース型,2022101005|2022104540|2022104900|2022106330|2022102229|2022100865,5|6|8|4|3|12,0.0683716009076|0.067361671701|0.0653283208061|0.0650581961938|0.0637717839202|0.0637423988704,6
2024,202403030206,outsider_gatecourse,枠・コース型,2022102212|2022107210|2022110061|2022103196|2022106494|2022104967,2|10|11|4|5|3,0.0761487274106|0.072709244343|0.0721509705862|0.069902981363|0.0694489482511|0.0691167923148,6
2024,202403030208,outsider_gatecourse,枠・コース型,2019103517|2021100697|2021101102|2021107063|2021102561|2020106344,4|5|6|8|3|7,0.0695391216178|0.0694978462617|0.0694974551617|0.0668317728375|0.0661007843786|0.0655411834383,6
2024,202403030308,outsider_gatecourse,枠・コース型,2021100360|2021106085|2020105211|2021100779|2019105807|2020100306,2|10|11|5|3|4,0.0808223519532|0.070420494532|0.0698785079474|0.0694233681301|0.0691951003647|0.0681725577146,6
2024,202403030310,outsider_gatecourse,枠・コース型,2020106777|2020110068|2018103485|2020101872|2019101643|2019103193,5|6|4|3|7|8,0.0705380762748|0.0705376794291|0.0672379480986|0.0667259063522|0.0665232234217|0.0646547271966,6
2024,202403030409,outsider_gatecourse,枠・コース型,2022103192|2022106912|2022103066|2022105244|2022107258|2022104698,5|6|2|4|3|7,0.0690271638568|0.068007190943|0.0675554194612|0.0669063426572|0.065592735208|0.0655643449199,6
2024,202403030411,outsider_gatecourse,枠・コース型,2019105571|2017104756|2018101943|2020103025|2017105109|2017103201,2|6|7|3|4|5,0.0708247149502|0.0685248108598|0.066623852574|0.0664995050632|0.0657971227129|0.0648893532771,6
2024,202403030412,outsider_gatecourse,枠・コース型,2020100558|2020101833|2020104340|2021101120|2020104346|2020105277,16|11|12|15|6|5,0.0741867704705|0.0675886269668|0.0662432190405|0.066080367893|0.0628205119729|0.0625906182958,6
2024,202403030501,outsider_gatecourse,枠・コース型,2021110104|2021104404|2019101531|2021102639|2021105907|2020102639,8|7|16|12|6|11,0.0667017827265|0.0653385934368|0.0652052282293|0.0647837203196|0.0646743934387|0.0646362216749,6
2024,202403030509,outsider_gatecourse,枠・コース型,2021102615|2021110012|2021101738|2021110113|2020110042|2021107173,4|5|6|7|11|3,0.0684492489519|0.0675952308002|0.0675948498513|0.0651640323442|0.0646885682994|0.0644571588526,6
2024,202403030511,outsider_gatecourse,枠・コース型,2018102491|2019103897|2020102299|2018106389|2019104386|2020104203,6|7|5|4|3|16,0.0705504014566|0.0680175421658|0.0668062116695|0.0662159127984|0.0654052348227|0.0652114170766,6
2024,202403030611,outsider_gatecourse,枠・コース型,2019101324|2020103070|2020100635|2020100418|2021100150|2020104136,2|4|5|7|6|10,0.0750332985461|0.0692936814885|0.0690636232101|0.0684399433143|0.0684399433143|0.0683993133792,6
2024,202403030612,outsider_gatecourse,枠・コース型,2021104490|2020100956|2020100084|2021104903|2020100500|2021102468,5|6|3|4|7|2,0.069388271712|0.069387881335|0.0690520388218|0.0683645514248|0.065438862891|0.0638010352807,6
2024,202404010210,outsider_gatecourse,枠・コース型,2020101897|2019100938|2018104559|2019101714|2019104697|2019102747,16|15|14|13|11|12,0.0854566774486|0.0778515496791|0.0742218570383|0.0742218570383|0.0700876718561|0.0695149115819,6
2024,202404010211,outsider_gatecourse,枠・コース型,2020100909|2019104522|2019100628|2019106985|2019105775|2018105296,10|11|13|12|14|8,0.0722091101347|0.0713683680062|0.0710802437963|0.0710050376421|0.0707951143494|0.0680009937087,6
2024,202404010309,outsider_gatecourse,枠・コース型,2021104140|2021105068|2021110153|2021104481|2021101386|2021100144,13|15|14|16|11|12,0.0761616849188|0.0725813350012|0.0723132526909|0.0719197633991|0.0686537541246|0.0680915822939,6
2024,202404010311,outsider_gatecourse,枠・コース型,2018105998|2019105741|2019101975|2018101984|2018106074|2018102969,14|15|13|12|10|11,0.0761434186312|0.0753224013499|0.0732288415461|0.0730657537427|0.0720318696039|0.0717251068345,6
2024,202404010312,outsider_gatecourse,枠・コース型,2019100677|2019104374|2020100084|2018106612|2019106707|2019106333,16|14|13|15|11|12,0.0809835854435|0.0793636233364|0.0793636233364|0.0773014607385|0.0718933721892|0.0713066312354,6
2024,202404010407,outsider_gatecourse,枠・コース型,2020101217|2020103073|2019105404|2020101597|2019101605|2020100295,11|12|10|4|15|16,0.0675959268638|0.0672928002122|0.0672305509084|0.0652239030734|0.0647668950258|0.0640693602662,6
2024,202404010411,outsider_gatecourse,枠・コース型,2019100596|2020102078|2018105192|2019104828|2018104011|2019100792,16|15|2|13|10|14,0.0706121718561|0.0695175531754|0.0677366150974|0.0657583242111|0.0649260405272|0.0640375440921,6
2024,202404010808,outsider_gatecourse,枠・コース型,2020104676|2019101765|2020102767|2018100096|2020106963|2020101535,15|11|12|16|10|13,0.0682560442976|0.0681733079491|0.067867843037|0.0675238112019|0.0675160287434|0.0663461904486,6
2024,202404010810,outsider_gatecourse,枠・コース型,2020100673|2019103887|2019100898|2019100132|2019101680|2018104208,14|15|13|10|11|12,0.0786569867125|0.0783971305163|0.0762070906371|0.0750752136197|0.0747571041252|0.0730374936113,6
2024,202404020102,outsider_gatecourse,枠・コース型,2022107317|2022106691|2022102701|2022105781|2022110077|2022101906,13|14|10|11|12|4,0.0725540209926|0.0719693738258|0.0709220071147|0.0706202151646|0.0699943399278|0.0695774043621,6
2024,202404020211,outsider_gatecourse,枠・コース型,2021103665|2020103305|2021105769|2021107220|2020103929|2021103303,15|16|14|13|4|11,0.0699659485967|0.0684076543314|0.0669058743594|0.0666618322382|0.0649913390361|0.0649876728185,6
2024,202404020307,outsider_gatecourse,枠・コース型,2019105654|2019103586|2019100768|2018103535|2020104572|2019100318,15|16|14|13|11|12,0.0706163981612|0.0676487108964|0.066297373336|0.0662883494672|0.0647740015463|0.0642408790482,6
2024,202404020406,outsider_gatecourse,枠・コース型,2019103600|2020105895|2021110132|2019102321|2020104363|2019100593,14|15|16|17|18|13,0.0827510774516|0.0732086573282|0.0706935664459|0.0653324030794|0.061649894197|0.06092530177,6
2024,202404020407,outsider_gatecourse,枠・コース型,2021107192|2021101444|2021104445|2021105104|2021106171|2021105360,15|14|10|12|11|13,0.077411811415|0.0729631691801|0.0711379313373|0.0708379715929|0.0705906846596|0.0694699193049,6
2024,202404030105,outsider_gatecourse,枠・コース型,2022104774|2022107358|2022105861|2022101227|2022104538|2022101777,12|11|16|15|14|13,0.0685551837065|0.0675525657723|0.0669983136637|0.066775885541|0.0656253138305|0.064308515873,6
2024,202404030202,outsider_gatecourse,枠・コース型,2021101779|2021100644|2021106099|2021102894|2021102595|2021106128,14|13|15|12|10|11,0.0773764646087|0.0760707569491|0.0726610062098|0.071989507931|0.0717405534697|0.0706851311016,6
2024,202404030210,outsider_gatecourse,枠・コース型,2020110114|2020103367|2018106612|2018103205|2020106706|2018101145,14|16|15|17|13|11,0.0855625527332|0.0739438964595|0.0729707770453|0.0698986962786|0.0669559280284|0.0579784018647,6
2024,202404030305,outsider_gatecourse,枠・コース型,2022100402|2022100074|2022102097|2022107319|2022100267|2022100642,13|14|16|15|5|17,0.0674665123806|0.0646077732147|0.0643607571617|0.0630623895484|0.0593939155443|0.0574653208698,6
2024,202404030306,outsider_gatecourse,枠・コース型,2022104690|2022104888|2022106785|2022106928|2022103785|2022101116,14|13|12|10|11|15,0.0729487121847|0.0726913629327|0.0720141912075|0.0719509692125|0.0713977165348|0.0695948536051,6
2024,202404030312,outsider_gatecourse,枠・コース型,2019103742|2020100620|2021105168|2021105769|2021105622|2021104189,13|11|12|10|9|14,0.0609203409359|0.0596629853385|0.0591656810783|0.0585990855379|0.0585990855379|0.058396682939,6
2024,202404030606,outsider_gatecourse,枠・コース型,2022106214|2022105797|2022104941|2022104923|2022101532|2022105832,17|16|15|14|12|13,0.0747330363955|0.0687094826568|0.0682492817339|0.0614578209938|0.0593513077882|0.05877430334,6
2024,202404030803,outsider_gatecourse,枠・コース型,2021100714|2021100870|2021102342|2021105923|2021104762|2021102357,15|10|13|11|14|12,0.0785596638042|0.0723146789677|0.07215917324|0.0716111880619|0.0708734830503|0.0688599651794,6
2024,202404040105,outsider_gatecourse,枠・コース型,2022100614|2022106336|2022101667|2022103425|2022104929|2022103827,5|15|14|17|13|6,0.0643004624798|0.0609772098716|0.0594810809016|0.0587157159131|0.0578702921181|0.0572008150832,6
2024,202404040108,outsider_gatecourse,枠・コース型,2021104058|2020102086|2020104663|2019102736|2020105327|2021101194,10|11|15|14|12|13,0.0752071817854|0.074887733929|0.0745678327942|0.0745015794047|0.0711638121986|0.069670487028,6
2024,202404040402,outsider_gatecourse,枠・コース型,2022102811|2022105861|2022103860|2022100766|2022101180|2022106782,5|15|14|4|16|11,0.0619079384996|0.061044300483|0.0595453757154|0.0589959692192|0.0565582801828|0.0565033153317,6
2024,202404040409,outsider_gatecourse,枠・コース型,2021104920|2019101562|2021100243|2020104739|2021110014|2020105298,14|15|16|13|17|11,0.0833774210837|0.0764110773339|0.0726524700271|0.0645986245107|0.0633341761036|0.060024973144,6
2024,202404040411,outsider_gatecourse,枠・コース型,2020110040|2019105482|2019104522|2019105483|2020103063|2020105154,14|4|13|3|5|12,0.0600473873999|0.0594412252318|0.0579167535518|0.0572774037644|0.0572431720398|0.0569573442964,6
2024,202404040608,outsider_gatecourse,枠・コース型,2020100997|2020102640|2021106994|2020101660|2018101951|2019100677,14|16|15|17|13|18,0.0782259614862|0.0727453381877|0.0714163879779|0.0663571580208|0.0617938757455|0.0616223730691,6
2024,202404040609,outsider_gatecourse,枠・コース型,2018100096|2021100564|2021101023|2018105515|2021107097|2019101403,14|15|16|13|17|5,0.0721645325318|0.0658447058422|0.0624461232435|0.0580858346467|0.0578892961875|0.057128916849,6
2024,202404040702,outsider_gatecourse,枠・コース型,2022102576|2022104538|2022102540|2022101578|2022104902|2022107307,7|6|8|12|5|10,0.0918183738965|0.0895763308694|0.0886820438493|0.0886786749425|0.0878843317663|0.0875951401943,6
2024,202404040809,outsider_gatecourse,枠・コース型,2021101801|2021104453|2019105807|2021103031|2021105680|2021101068,11|12|16|4|9|10,0.0684349158511|0.0681276404617|0.0662911609754|0.0641030219169|0.0640762810889|0.0636324607894,6
2024,202404040810,outsider_gatecourse,枠・コース型,2020103632|2021105833|2021100610|2018110149|2019100210|2020105409,16|15|14|13|11|12,0.0738147687198|0.0710911661307|0.0709760892352|0.0709760892352|0.068575406328|0.0682683500566,6
2024,202404040811,outsider_gatecourse,枠・コース型,2018100652|2020106330|2018101728|2020110040|2019106184|2017100367,14|15|16|13|17|12,0.0714265255486|0.069985039284|0.0678446036567|0.0672985767844|0.0655691322253|0.0624443923032,6
2024,202405010109,outsider_gatecourse,枠・コース型,2020106015|2018105423|2018102666|2018103147|2019103101|2018103150,16|11|12|15|9|10,0.0739521028127|0.0669261131051|0.0658826919145|0.0643091932144|0.0633904958717|0.0633904958717,6
2024,202405010202,outsider_gatecourse,枠・コース型,2021103384|2021106360|2021107291|2021106036|2021100221|2021105294,16|13|14|12|15|11,0.079435569128|0.0656600247758|0.0656600247758|0.0655215698938|0.0653260716292|0.0646449100131,6
2024,202405010205,outsider_gatecourse,枠・コース型,2021104935|2021101896|2021100066|2021102104|2021105838|2021102287,12|11|14|3|4|10,0.0676623494491|0.0667574323615|0.0639566977558|0.0635468838356|0.0628789159746|0.0627325841515,6
2024,202405010403,outsider_gatecourse,枠・コース型,2021103030|2021100425|2021103513|2021109031|2021102703|2021106579,16|13|14|12|15|11,0.0757967654881|0.0659788839729|0.0659788839729|0.0658397071822|0.0656431899393|0.064958481227,6
2024,202405010404,outsider_gatecourse,枠・コース型,2020104174|2020103046|2020104570|2020105813|2020102962|2020102778,15|14|10|11|12|13,0.0723147927597|0.0712155123865|0.0707314488147|0.0699067320161|0.0697406715881|0.068760018647,6
2024,202405010405,outsider_gatecourse,枠・コース型,2021104861|2021101726|2021101068|2021105707|2021104976|2021104881,12|11|3|4|10|9,0.0663604370283|0.065471440185|0.063822728004|0.0631518606296|0.0630048936097|0.0630048936097,6
2024,202405010408,outsider_gatecourse,枠・コース型,2020104648|2020105049|2019105551|2020102952|2019109138|2020106457,16|12|15|11|14|13,0.0742195583114|0.0670217641813|0.0667392601605|0.0656884964416|0.0640358850053|0.0629154266464,6
2024,202405010411,outsider_gatecourse,枠・コース型,2018104910|2019105546|2020103368|2019104642|2019103973|2020103661,16|11|12|2|4|15,0.0686641381787|0.0647629940784|0.0637507356814|0.0632760578605|0.0631069168407|0.0623418105108,6
2024,202405010502,outsider_gatecourse,枠・コース型,2021103906|2021103126|2021100385|2021101696|2021100669|2021100786,16|11|12|14|13|15,0.0795959596036|0.065976732989|0.0655227355373|0.0653864203497|0.0653864203497|0.0650538587812,6
2024,202405010512,outsider_gatecourse,枠・コース型,2018100719|2018106144|2018105748|2014100566|2018103278|2019103149,15|10|12|11|8|9,0.0742568988793|0.0724469082567|0.0722298487455|0.0716040604353|0.0676926375762|0.0676926375762,6
2024,202405010704,outsider_gatecourse,枠・コース型,2021103009|2021105079|2021100851|2021102634|2021101486|2021107071,16|13|14|12|15|11,0.0752178188803|0.066179734961|0.066179734961|0.0660401344924|0.065832728849|0.0651562259348,6
2024,202405010803,outsider_gatecourse,枠・コース型,2021105181|2021106588|2021101120|2021107308|2021102255|2021103261,16|12|11|13|14|15,0.0773368778632|0.0690884717623|0.0664988679277|0.0658482455586|0.0641778809491|0.0638408575917,6
2024,202405020110,outsider_gatecourse,枠・コース型,2019105451|2017105321|2020103450|2020102378|2019104586|2018102009,14|13|15|18|16|17,0.063087821925|0.0628297358341|0.0611451119745|0.0608745891231|0.0598868452316|0.0566836481735,6
2024,202405020112,outsider_gatecourse,枠・コース型,2019110112|2020105136|2020110026|2019103542|2020103605|2019110123,12|11|14|13|10|9,0.0766632952388|0.073026813534|0.0669544884616|0.0669544884616|0.0662177304505|0.0662177304505,6
2024,202405020311,outsider_gatecourse,枠・コース型,2021105557|2021104882|2021105499|2021105675|2021104887|2021105195,17|11|12|13|16|15,0.0653507713934|0.0633863137452|0.062777849547|0.0617415827982|0.0611541806371|0.0596511817737,6
2024,202405020412,outsider_gatecourse,枠・コース型,2019105112|2019100567|2019102282|2020102568|2020103198|2018101214,12|15|14|11|16|13,0.0698138620648|0.0680238778834|0.066986885473|0.0664807495792|0.0664744099588|0.0658175375909,6
2024,202405020605,outsider_gatecourse,枠・コース型,2021100361|2021105329|2021106063|2021106628|2021102221|2021103017,15|16|14|13|2|1,0.068286907304|0.0670083210146|0.0656609793461|0.0656609793461|0.064282041563|0.0642222169505,6
2024,202405020810,outsider_gatecourse,枠・コース型,2018102394|2017102043|2019103776|2019102820|2020101943|2020102896,12|11|7|6|8|10,0.102724670819|0.0889206472425|0.0885453787709|0.0878296268483|0.0873056893128|0.0841890496164,6
2024,202405020812,outsider_gatecourse,枠・コース型,2020110137|2019105555|2020106408|2018102666|2018104332|2020106518,15|16|13|14|11|12,0.0687552495003|0.0685572423885|0.0680271154059|0.0680271154059|0.0654488687004|0.0653068562922,6
2024,202405020911,outsider_gatecourse,枠・コース型,2018104261|2019106698|2020101813|2019104756|2019102888|2020100909,2|3|13|11|12|15,0.0738888331495|0.0661281573649|0.0630932631868|0.0630615955593|0.0629246164568|0.0626935512554,6
2024,202405021006,outsider_gatecourse,枠・コース型,2020105245|2020105489|2016102333|2020103728|2020101803|2019104606,12|15|16|14|11|13,0.0684450432501|0.066851941493|0.066597671438|0.0665483303399|0.0661810540906|0.0653861757924,6
2024,202405021011,outsider_gatecourse,枠・コース型,2021104427|2021103959|2021105713|2021105764|2021107098|2021105643,18|13|11|10|9|12,0.0606925605696|0.0606677655342|0.0575154290262|0.0571027913244|0.0571027913244|0.0569593311076,6
2024,202405021109,outsider_gatecourse,枠・コース型,2020103985|2020106557|2019101200|2020100892|2019106808|2020100656,16|12|15|11|14|13,0.0709552304208|0.068456947893|0.0653062699561|0.0651866263564|0.0650094003529|0.0650094003529,6
2024,202405030112,outsider_gatecourse,枠・コース型,2020101639|2019101814|2021101241|2021105250|2020100655|2019102950,16|15|12|13|14|11,0.0821072064228|0.0666903286732|0.0657539997547|0.0656739921357|0.0656739921357|0.0648870902566,6
2024,202405030212,outsider_gatecourse,枠・コース型,2019103767|2021100170|2018102394|2020102814|2019106932|2019106701,16|12|15|14|13|11,0.0812986510384|0.0689938199964|0.0660335918691|0.0650272637635|0.0650272637635|0.064380111993,6
2024,202405030308,outsider_gatecourse,枠・コース型,2021106910|2020102805|2020103520|2020101377|2020103119|2020101457,15|16|12|11|13|14,0.0669912022472|0.0663233365614|0.065820943968|0.064952758196|0.0646508469375|0.0646508469375,6
2024,202405030607,outsider_gatecourse,枠・コース型,2020106817|2020103670|2020106472|2020104291|2021105193|2021105571,15|16|12|14|11|1,0.0665261745612|0.0659390677705|0.0658854495676|0.0655116712689|0.0650165157318|0.0648591650955,6
2024,202405030810,outsider_gatecourse,枠・コース型,2020102703|2018101989|2020105306|2020101275|2019100723|2020106396,16|15|13|14|12|11,0.0796101493677|0.0670457663542|0.0667418061536|0.0667418061536|0.0659782049307|0.0647873415178,6
2024,202405030812,outsider_gatecourse,枠・コース型,2021103044|2021101535|2021100540|2020103931|2021106421|2020105813,16|12|15|13|14|11,0.0790179543342|0.0682578087003|0.0669682847247|0.0666643659588|0.0666643659588|0.0660009217362,6
2024,202405040104,outsider_gatecourse,枠・コース型,2022103781|2022102119|2022105115|2022105234|2022104800|2022105414,4|5|10|11|12|13,0.0709003257705|0.0703193207217|0.0701437430605|0.0696038007462|0.0689391158811|0.0678434844355,6
2024,202405040210,outsider_gatecourse,枠・コース型,2020101874|2020106015|2020106884|2019106575|2019100167|2019105039,16|15|14|13|11|12,0.0754702218928|0.0684817467982|0.0670291888441|0.0658604473426|0.0639687233788|0.0638298679118,6
2024,202405040310,outsider_gatecourse,枠・コース型,2020106557|2021101703|2019110112|2019100135|2020110136|2020110083,16|15|13|14|11|12,0.0755370534668|0.0694352683757|0.0679652147065|0.0679652147065|0.0631929586859|0.0630557778208,6
2024,202405040504,outsider_gatecourse,枠・コース型,2022106617|2022101072|2022103848|2022104571|2022106597|2022100073,16|15|14|12|13|11,0.0833410121498|0.0686629766351|0.067618517973|0.066538741275|0.0662084984894|0.0656619934534,6
2024,202405040511,outsider_gatecourse,枠・コース型,2021102424|2019105065|2019105118|2020103276|2018100184|2018100382,14|15|16|17|13|11,0.0656731537843|0.0654444753281|0.0650530463967|0.0607659590823|0.0602416702994|0.059819659146,6
2024,202405040605,outsider_gatecourse,枠・コース型,2022103895|2022105072|2022103501|2022106545|2022102081|2022105043,18|15|17|16|14|13,0.067686545381|0.0630162356356|0.0626972148073|0.0624163348015|0.0603472145051|0.0566548708219,6
2024,202405040804,outsider_gatecourse,枠・コース型,2022110153|2022101444|2022101986|2022110152|2022110064|2022106539,16|12|15|11|14|13,0.0756237760111|0.0669575671464|0.0662628829146|0.0660753006651|0.0659620431076|0.0659620431076,6
2024,202405040805,outsider_gatecourse,枠・コース型,2022102511|2022107091|2022103543|2022106911|2022103243|2022105063,10|12|11|9|8|6,0.0716672907933|0.071493372001|0.0711148856661|0.0677811250242|0.0677811250242|0.0675336236057,6
2024,202405050106,outsider_gatecourse,枠・コース型,2022107138|2022103183|2022104840|2022101801|2022102704|2022102378,16|15|14|13|12|11,0.0731267597345|0.0667618771382|0.0657434901411|0.0657434901411|0.0656082071424|0.0647422144564,6
2024,202405050207,outsider_gatecourse,枠・コース型,2020101121|2020102962|2019105287|2019103122|2021107262|2018100895,12|15|11|16|14|13,0.0682607138166|0.0674734680675|0.0673612764213|0.0671165831848|0.0664439001002|0.0652829601946,6
2024,202405050211,outsider_gatecourse,枠・コース型,2019104091|2020103333|2018104895|2018105308|2019101847|2020103713,2|16|11|12|1|9,0.0729057647341|0.0661962846459|0.0647823884783|0.0646418321233|0.0635890363937|0.0623143101708,6
2024,202405050309,outsider_gatecourse,枠・コース型,2022101703|2022106453|2022100574|2022102039|2022105028|2022101863,2|16|1|15|14|13,0.0737668408949|0.0693446999903|0.0672621004943|0.0656958740024|0.064302192913|0.064302192913,6
2024,202405050410,outsider_gatecourse,枠・コース型,2019105659|2020103562|2020104912|2020109027|2020103009|2020105760,4|6|5|10|7|11,0.07949155045|0.0793139881082|0.0791707424096|0.0790209741585|0.0788296458555|0.0784178749251,6
2024,202405050411,outsider_gatecourse,枠・コース型,2019105482|2020101503|2020102853|2020103063|2019104586|2021103323,2|1|11|9|10|12,0.0678950741804|0.0640813220091|0.058842480372|0.0587556171059|0.0587556171059|0.0566242125278,6
2024,202405050604,outsider_gatecourse,枠・コース型,2022103467|2022100096|2022105508|2022101552|2022105957|2022103846,16|15|14|12|13|11,0.0771625617861|0.06839000773|0.067349125412|0.0667729575798|0.06594396223|0.0658931236068,6
2024,202405050704,outsider_gatecourse,枠・コース型,2022102108|2022100455|2022104862|2022106261|2022104865|2022102505,2|15|13|14|16|12,0.0780475321253|0.0705574593334|0.0702504750052|0.0684762964194|0.0683269710359|0.0683253030543,6
2024,202405050806,outsider_gatecourse,枠・コース型,2022104813|2022103401|2022104782|2022103985|2022100684|2022105129,6|4|7|5|10|8,0.0819914403687|0.0812823006157|0.0810966787572|0.0792728814057|0.0777462969916|0.0777359816529,6
2024,202405050807,outsider_gatecourse,枠・コース型,2020104105|2021100540|2021105432|2021104631|2020105983|2020106899,1|2|12|15|16|13,0.0732016345294|0.0714339518733|0.0637162995934|0.0634498871437|0.063336577551|0.0631615172527,6
2024,202406010104,outsider_gatecourse,枠・コース型,2021109071|2021104401|2021100843|2021102229|2021103169|2021104358,16|15|11|12|2|1,0.0686364798974|0.0648892934107|0.0648587159281|0.0644122466628|0.0643974445579|0.0640854949141,6
2024,202406010202,outsider_gatecourse,枠・コース型,2021104969|2021105058|2021106221|2021102753|2021103512|2021105264,12|11|2|15|9|14,0.068221081985|0.0673101423179|0.0647414457853|0.063978142948|0.063421205657|0.0625640969789,6
2024,202406010206,outsider_gatecourse,枠・コース型,2021104499|2021101404|2021105545|2021105829|2021104160|2021100165,17|2|16|3|1|15,0.0681492292915|0.0642961779752|0.0618885184514|0.0605871512565|0.0600383092869|0.0598100357464,6
2024,202406010208,outsider_gatecourse,枠・コース型,2019102953|2020101008|2020104354|2020104479|2020104452|2020110121,12|16|11|9|15|7,0.0716582647554|0.0698311155314|0.0696464757605|0.0648860448754|0.063199593695|0.0628764790494,6
2024,202406010210,outsider_gatecourse,枠・コース型,2019101908|2019105537|2020105939|2019103393|2015103217|2019102437,12|11|9|15|16|14,0.0706475672289|0.0697253524425|0.065366531278|0.0652362615987|0.0646639267217|0.0643420431072,6
2024,202406010304,outsider_gatecourse,枠・コース型,2021104621|2021101317|2021100372|2021102839|2021102766|2021102220,11|12|2|1|14|15,0.0657464494835|0.0652938693085|0.0652788646044|0.0649626452466|0.063965629782|0.0638279590161,6
2024,202406010311,outsider_gatecourse,枠・コース型,2018100652|2018100040|2019100791|2015104699|2019100450|2019105775,3|4|2|7|8|5,0.0708633543335|0.0679502460285|0.0675893460453|0.0675136272004|0.0670607582303|0.0662425067843,6
2024,202406010312,outsider_gatecourse,枠・コース型,2020103066|2020100810|2019105976|2020104083|2018104837|2019104842,2|8|9|12|5|4,0.0733779812733|0.0703893604473|0.0703893604473|0.0698296076905|0.0692218383059|0.0688026423278,6
2024,202406010407,outsider_gatecourse,枠・コース型,2020102468|2020101400|2019105148|2020101112|2019102514|2020101465,12|16|15|11|9|14,0.0717761897539|0.0711470764808|0.0704450908226|0.0683552220885|0.0640791442863|0.0637029343256,6
2024,202406010411,outsider_gatecourse,枠・コース型,2017105460|2019101889|2018110043|2019105225|2019105065|2019105483,5|6|7|4|8|3,0.0676649725535|0.0676645910424|0.0673521853911|0.0671185437127|0.0668998936695|0.066408171076,6
2024,202406010603,outsider_gatecourse,枠・コース型,2021102025|2021102473|2021104464|2021102027|2021102462|2021110143,16|15|14|13|12|11,0.0731769364614|0.0721025192574|0.0675796712923|0.0675796712923|0.0649617286457|0.064091356135,6
2024,202406010604,outsider_gatecourse,枠・コース型,2021104660|2021106623|2021106580|2021100329|2021104271|2021103302,15|16|14|13|12|11,0.0714205349808|0.0698905282227|0.0690074222623|0.0658806806441|0.0654286592847|0.064551854121,6
2024,202406010612,outsider_gatecourse,枠・コース型,2020103118|2017103353|2019105570|2020102976|2019106416|2020100742,17|15|16|14|7|8,0.0713766831331|0.0665768852851|0.0648408715002|0.0623637159513|0.0596161372765|0.0595906129167,6
2024,202406010706,outsider_gatecourse,枠・コース型,2021105066|2021101222|2021105381|2021105861|2021101164|2021102611,17|16|14|15|7|8,0.0689158774668|0.0649122179401|0.06304196532|0.0596546439331|0.0591587396217|0.0591334273663,6
2024,202406010710,outsider_gatecourse,枠・コース型,2020104497|2019105604|2019106387|2018101742|2020100116|2019105560,16|12|11|15|14|13,0.0769287454911|0.068531918616|0.0676365926293|0.0675292488273|0.0659803294893|0.0659803294893,6
2024,202406020112,outsider_gatecourse,枠・コース型,2020103643|2019100566|2018105383|2020103198|2019102481|2020101560,12|11|16|15|14|7,0.0774638663905|0.0713977583259|0.0692055616146|0.066154266961|0.0639712295278|0.0632807083231,6
2024,202406020210,outsider_gatecourse,枠・コース型,2020110105|2019103428|2019100614|2018105317|2019105761|2019105847,16|12|15|11|7|8,0.0724524507694|0.0699038113002|0.067781573509|0.0664035276149|0.0648191069406|0.064781329567,6
2024,202406020211,outsider_gatecourse,枠・コース型,2016104877|2018105402|2019104896|2019105546|2019105056|2020102899,5|6|7|8|4|3,0.0694616704184|0.0694612797796|0.0675781041164|0.0673707485066|0.0669552168086|0.0654940224474,6
2024,202406020510,outsider_gatecourse,枠・コース型,2019105452|2018106345|2017102838|2020104203|2020101792|2018103926,6|5|7|8|9|10,0.0737769083783|0.0726991223865|0.0702317247101|0.0700169513023|0.067249899316|0.0660805399856,6
2024,202406020511,outsider_gatecourse,枠・コース型,2019101629|2020101608|2020105626|2020102942|2017103201|2020106967,6|5|7|8|3|4,0.0697675569156|0.0687429109613|0.0678757543148|0.0676674498986|0.0676560207853|0.0650065624982,6
2024,202406030112,outsider_gatecourse,枠・コース型,2020103246|2020103033|2018101625|2020104134|2018105316|2019101875,12|11|15|14|16|13,0.0731208285546|0.0687422273557|0.0687282717918|0.0664247767007|0.0658181001154|0.0652637986767,6
2024,202406030206,outsider_gatecourse,枠・コース型,2021106805|2021102295|2021102458|2021105334|2021103257|2021100247,10|11|12|8|15|13,0.073397476681|0.0730856123997|0.0714772180335|0.0707990836786|0.0702190256919|0.0680430666659,6
2024,202406030602,outsider_gatecourse,枠・コース型,2021101893|2021101071|2021102282|2021100065|2021102012|2021104590,12|6|7|10|9|5,0.0793465936333|0.0780278674267|0.0766456759219|0.0754050422184|0.0754050422184|0.0752261988194,6
2024,202406030611,outsider_gatecourse,枠・コース型,2019105967|2019106293|2018102360|2020110126|2016103690|2018103819,6|12|7|10|9|8,0.0789740193124|0.0779141191764|0.0765504701508|0.075870114327|0.075870114327|0.0758684117872,6
2024,202406030712,outsider_gatecourse,枠・コース型,2019101185|2020105049|2017104560|2019100553|2019101673|2020101271,15|12|10|11|8|9,0.0747444393906|0.0728926446719|0.0716908213153|0.0713858384386|0.0710552066899|0.0710552066899,6
2024,202406030805,outsider_gatecourse,枠・コース型,2021105334|2021102413|2021100410|2021102362|2021102049|2021104903,12|11|13|16|9|15,0.0671838665294|0.0667906477564|0.0660241842826|0.0649740061863|0.063474706294|0.0627008494334,6
2024,202406030811,outsider_gatecourse,枠・コース型,2021105040|2021107171|2021101436|2021110048|2021105856|2021105625,7|8|3|14|5|6,0.0623234362646|0.0622967961675|0.0610344636661|0.0609391103294|0.0608627714357|0.0608624261267,6
2024,202406040104,outsider_gatecourse,枠・コース型,2022107047|2022106235|2022103454|2022105867|2022101931|2022107294,12|11|15|14|16|10,0.0692888153132|0.0673211430636|0.0656828629908|0.0655924296258|0.0647620842163|0.0642247313019,6
2024,202406040203,outsider_gatecourse,枠・コース型,2022100526|2022103564|2022103763|2022104766|2022102042|2022105610,12|11|14|10|15|16,0.0703841156638|0.0683889988885|0.0665959959979|0.0647663773871|0.0643751712872|0.0641448753926,6
2024,202406040306,outsider_gatecourse,枠・コース型,2020106429|2020105327|2019100097|2018104014|2021102516|2019101462,12|11|15|10|14|9,0.0662516402629|0.0658628176219|0.0656700740652|0.0655436794875|0.0649223051493|0.064442899691,6
2024,202406040406,outsider_gatecourse,枠・コース型,2021106583|2021101210|2021105929|2020101258|2020100307|2021100516,12|10|11|9|15|14,0.066644836303|0.0665000960964|0.0662538324804|0.0653842655058|0.0648895193121|0.0639892510528,6
2024,202406040410,outsider_gatecourse,枠・コース型,2018106314|2019100215|2020103049|2019103850|2019104805|2020103794,2|3|5|4|8|9,0.0797773037008|0.0742792368023|0.0723664592285|0.0711421559817|0.0709300149698|0.0709300149698,6
2024,202406040603,outsider_gatecourse,枠・コース型,2022103708|2022102695|2022104699|2022101341|2022102568|2022101462,14|12|13|11|15|16,0.0709346851962|0.0705669264544|0.0677294623633|0.0671867317596|0.0660284126337|0.0657926249252,6
2024,202406040612,outsider_gatecourse,枠・コース型,2020101143|2020102680|2020100761|2020106024|2021100446|2020103246,15|12|16|14|9|13,0.0830033521216|0.08190053877|0.0817453563374|0.0769066420655|0.0764548485676|0.0755753282181,6
2024,202406040704,outsider_gatecourse,枠・コース型,2022100508|2022102012|2022107290|2022103319|2022102995|2022104744,12|10|11|13|15|14,0.0773845627607|0.0747855529415|0.0744685750599|0.0729531401526|0.0713561361185|0.0693332897187,6
2024,202406040810,outsider_gatecourse,枠・コース型,2021106939|2020105409|2021104665|2019103897|2019103806|2019101266,12|5|6|2|4|3,0.077381086333|0.0759536995797|0.0758705573996|0.0755635587332|0.0749876928149|0.0748864242654,6
2024,202406040905,outsider_gatecourse,枠・コース型,2022104737|2022104264|2022103503|2022105260|2022106831|2022105806,17|16|7|8|6|4,0.0640117897762|0.063436534628|0.0611537729546|0.0611276643669|0.0611243885923|0.0605311768835,6
2024,202406040907,outsider_gatecourse,枠・コース型,2021103518|2021101701|2020103923|2020103160|2019105824|2020102895,17|16|14|7|8|5,0.0660608273742|0.0645061664673|0.0619591470827|0.060900039187|0.0608740002968|0.0600304874677,6
2024,202406040911,outsider_gatecourse,枠・コース型,2019106526|2019103753|2019105394|2019110020|2020102764|2020104243,2|5|6|7|8|1,0.0744534544833|0.0688301517356|0.068829765503|0.0658845422912|0.0654428934317|0.063401116572,6
2024,202406040912,outsider_gatecourse,枠・コース型,2019105587|2018104332|2019100723|2019101295|2019107016|2019102011,16|14|13|15|11|12,0.0785196064339|0.0693939471823|0.0693939471823|0.0693842179722|0.0680386419586|0.0673927251999,6
2024,202406050105,outsider_gatecourse,枠・コース型,2022102749|2022101848|2022110038|2022103486|2022102519|2022101171,5|6|12|1|13|4,0.0680595866544|0.0680595866544|0.0674650237164|0.0673292529847|0.065611864682|0.0635451852138,6
2024,202406050106,outsider_gatecourse,枠・コース型,2022103142|2022105925|2022102801|2022105940|2022103003|2022102606,13|4|12|5|10|7,0.0881360371201|0.0798034283517|0.0783765309265|0.0778302571192|0.0774307835009|0.0770285176685,6
2024,202406050112,outsider_gatecourse,枠・コース型,2021104006|2021100610|2020106795|2019105175|2019101270|2020106384,2|5|4|3|7|10,0.0777633751836|0.076848977444|0.0738548527976|0.0723924935972|0.0682393144118|0.0678561830553,6
2024,202406050204,outsider_gatecourse,枠・コース型,2022103572|2022102527|2022102031|2022100028|2022101212|2022103980,10|11|6|12|14|4,0.0732577418176|0.0729465571048|0.07177622642|0.0701101523559|0.0664222456099|0.0660636159,6
2024,202406050205,outsider_gatecourse,枠・コース型,2022105597|2022104695|2022101718|2022102682|2022106811|2022105852,6|7|8|5|2|9,0.0634569203368|0.0627016531077|0.0626748672328|0.0624439779286|0.0575223314512|0.0572661823704,6
2024,202406050305,outsider_gatecourse,枠・コース型,2022104844|2022105395|2022106783|2022105233|2022102980|2022104552,5|6|2|12|4|8,0.0684076788037|0.0684076788037|0.0675648977651|0.0669419937045|0.0652166899745|0.0644737613784,6
2024,202406050409,outsider_gatecourse,枠・コース型,2020100809|2019106527|2020103653|2020105642|2018100190|2020105789,2|5|6|7|8|11,0.0705228564436|0.0678163383927|0.0678163383927|0.0654337907183|0.0649937882654|0.0649127569374,6
2024,202406050410,outsider_gatecourse,枠・コース型,2021100150|2018104462|2020101275|2020102345|2020100116|2020101024,2|16|15|11|9|8,0.0673958895266|0.0654856705271|0.0651068318128|0.0647006019533|0.0644377584335|0.0637162368833,6
2024,202406050411,outsider_gatecourse,枠・コース型,2018103105|2019105741|2021103868|2019105968|2019101633|2019105967,15|16|11|12|14|13,0.0743114505484|0.0732001272687|0.0720867690086|0.0703028822847|0.0695583850038|0.0683478329277,6
2024,202406050505,outsider_gatecourse,枠・コース型,2022106806|2022106544|2022106626|2022103526|2022100650|2022105394,4|2|6|5|3|10,0.0716929624886|0.070909480931|0.0702513796721|0.070043276131|0.069733912583|0.0679514100955,6
2024,202406050508,outsider_gatecourse,枠・コース型,2021100304|2021101630|2021101449|2020106549|2021100389|2021100730,15|11|12|3|9|14,0.06574886719|0.0655799508288|0.0649427497966|0.064727544615|0.064718745458|0.0637041765457,6
2024,202406050511,outsider_gatecourse,枠・コース型,2020100148|2019105768|2021105801|2020104572|2020106967|2021104955,6|5|7|8|3|4,0.0734534329133|0.0723784154062|0.0688830514631|0.0684212736529|0.0666669561906|0.0661862115266,6
2024,202406050605,outsider_gatecourse,枠・コース型,2022105240|2022101066|2022105843|2022103038|2022104616|2022106615,5|6|3|12|9|8,0.075437050995|0.0750794667249|0.0725704032489|0.0724183947105|0.0683391835341|0.0680216826949,6
2024,202406050606,outsider_gatecourse,枠・コース型,2022107192|2022102603|2022106945|2022100571|2022101692|2022105247,1|12|11|4|3|14,0.0716790240016|0.0677223647589|0.0657980463382|0.0643026929055|0.0631683629738|0.0630309096667,6
2024,202406050611,outsider_gatecourse,枠・コース型,2019106698|2019101629|2018100420|2020100909|2019101348|2020102740,5|6|3|7|4|8,0.0714114409848|0.0714114409848|0.0671105939945|0.0669590336642|0.066814128859|0.0665092427796,6
2024,202406050711,outsider_gatecourse,枠・コース型,2017105439|2018103507|2016104998|2019105370|2020103792|2019105048,6|7|8|5|9|11,0.0683638555193|0.068046083459|0.0675890657514|0.0673569376314|0.0656958379571|0.0656873200812,6
2024,202406050809,outsider_gatecourse,枠・コース型,2016102550|2020103205|2020106677|2020103321|2019100212|2021105104,9|10|6|7|8|5,0.0695950087767|0.0683863618279|0.0673312425258|0.0670181554347|0.0665678775008|0.0663391734922,6
2024,202406050911,outsider_gatecourse,枠・コース型,2022104218|2022100161|2022104772|2022103478|2022106709|2022105102,11|10|12|9|5|6,0.068340208863|0.0664865288914|0.0657864692017|0.0636444292682|0.0630625648755|0.0604957016747,6
2024,202407010109,outsider_gatecourse,枠・コース型,2020104198|2020101271|2019103556|2019105058|2019106608|2019103600,11|12|8|16|15|7,0.0660628901448|0.0655195536643|0.0654532325668|0.06492234923|0.064660930759|0.0643429153524,6
2024,202407010211,outsider_gatecourse,枠・コース型,2020103275|2020103650|2018101660|2019100596|2020102870|2018105012,1|3|2|7|5|6,0.091226999361|0.0911483531772|0.0903162131963|0.0770500854735|0.076358721408|0.0761632339555,6
2024,202407010402,outsider_gatecourse,枠・コース型,2021102451|2021100424|2021102754|2021101640|2021110004|2021102970,16|11|12|8|4|9,0.0711468252165|0.0656979739124|0.0654025480354|0.0650916839428|0.0642809641595|0.0639203409149,6
2024,202407010602,outsider_gatecourse,枠・コース型,2021105000|2021106642|2021102494|2021101176|2021105701|2021104510,14|16|8|7|6|15,0.0642830955544|0.061598626518|0.0608693685445|0.0608236494029|0.0607957701521|0.0599342794018,6
2024,202407010612,outsider_gatecourse,枠・コース型,2020106458|2019104646|2020101574|2018102040|2019104536|2020103985,16|11|12|13|14|15,0.078850614693|0.0695528495664|0.0692421868152|0.0681784946421|0.0681784946421|0.0671565462491,6
2024,202407020206,outsider_gatecourse,枠・コース型,2021104438|2021104549|2021101401|2021102995|2021100090|2021100223,4|16|7|3|11|10,0.0653365053114|0.0646976819248|0.0645168836086|0.0644487469357|0.0641917068596|0.0638444370981,6
2024,202407020305,outsider_gatecourse,枠・コース型,2022105381|2022100632|2022103101|2022101400|2022104858|2022104165,6|5|7|8|15|2,0.0637987269681|0.0637278162905|0.0625168769779|0.0611232241099|0.0571988176785|0.0567854825158,6
2024,202407020306,outsider_gatecourse,枠・コース型,2022102865|2022106179|2022106318|2022101957|2022100729|2022103119,12|11|10|4|9|3,0.0679651951051|0.0669721367162|0.0656128136355|0.0654536946042|0.0648238640599|0.0643899797989,6
2024,202407020411,outsider_gatecourse,枠・コース型,2018102281|2019105806|2020101897|2020105018|2020101543|2019105512,2|1|14|6|5|7,0.063355061322|0.0605869175986|0.0589115557589|0.0578201395245|0.0575701996058|0.0574661863048,6
2024,202407020505,outsider_gatecourse,枠・コース型,2022104910|2022101695|2022104130|2022103229|2022103087|2022100993,5|6|12|4|7|3,0.0699438893134|0.068911707457|0.0667113354729|0.06618248084|0.0644873154064|0.0643322427054,6
2024,202407020511,outsider_gatecourse,枠・コース型,2020106370|2019102665|2017103293|2018100474|2020106770|2020101036,2|9|10|8|11|6,0.0731835325118|0.0709151962793|0.0691729580522|0.0688631380251|0.0686398054039|0.0679214791995,6
2024,202407020606,outsider_gatecourse,枠・コース型,2020101823|2021100248|2021101634|2020100138|2021102755|2021100703,11|12|7|10|2|9,0.0698953833011|0.0695822971634|0.0688186206446|0.0687985362748|0.0681281575346|0.0679725232342,6
2024,202407020706,outsider_gatecourse,枠・コース型,2022104311|2022101123|2022104009|2022106453|2022100451|2022100333,12|11|4|13|14|7,0.0689954805117|0.0662391289373|0.0647598540388|0.0638276969468|0.0638276969468|0.0628411813066,6
2024,202407020806,outsider_gatecourse,枠・コース型,2021105819|2021100280|2021105247|2021103251|2021101416|2021103220,6|7|8|16|15|11,0.0620337382321|0.0613476218958|0.0603547011472|0.0589525427117|0.058490130264|0.0583194349717,6
2024,202407020810,outsider_gatecourse,枠・コース型,2020102045|2020110106|2019105709|2019105587|2018106560|2019101222,16|13|14|15|12|11,0.0726326960939|0.0663491264449|0.0663491264449|0.064938882424|0.0643780112028|0.0632353708892,6
2024,202407030108,outsider_gatecourse,枠・コース型,2020102728|2020102537|2021105604|2020101597|2019102062|2021102013,14|15|16|8|6|17,0.070826123792|0.063415354913|0.0619576810086|0.060283713804|0.0596476687717|0.0594917354858,6
2024,202407030303,outsider_gatecourse,枠・コース型,2022100632|2022107012|2022102286|2022104498|2022103199|2022107317,4|5|2|3|6|7,0.0755440717287|0.0753602566575|0.0744515447619|0.0717929154587|0.0688932010661|0.0681038902443,6
2024,202407030306,outsider_gatecourse,枠・コース型,2018104162|2021105926|2020102649|2020102081|2021101825|2019105542,5|6|2|3|4|7,0.0697364591171|0.0697360673261|0.0677183639383|0.0668689933845|0.0653739585873|0.0652614287921,6
2024,202407030312,outsider_gatecourse,枠・コース型,2020103901|2021104101|2020102790|2020101216|2020100747|2021110158,10|11|2|1|8|9,0.0723053731188|0.0719981798055|0.0696985579164|0.068183997829|0.0677679790595|0.0669472854507,6
2024,202407030410,outsider_gatecourse,枠・コース型,2020103061|2020103393|2020105354|2020103471|2020103354|2020104572,5|6|4|3|7|2,0.0694155018685|0.0694151117724|0.0652142530965|0.0650906584908|0.0649599096984|0.0641951191145,6
2024,202407030605,outsider_gatecourse,枠・コース型,2022107342|2022100128|2022101327|2022101598|2022104218|2022100791,4|2|3|5|10|6,0.0789528443113|0.0769458377512|0.0765489846859|0.0735059467205|0.073226176524|0.0729011707055,6
2024,202407030607,outsider_gatecourse,枠・コース型,2020101841|2021105910|2021101003|2021110145|2021105602|2021101216,5|6|3|2|7|9,0.0697658807409|0.0697654885639|0.066803820971|0.0654442404586|0.0652866021708|0.0650682693818,6
2024,202407030609,outsider_gatecourse,枠・コース型,2021110122|2020104559|2021110153|2019104169|2018105096|2017103155,13|14|1|12|9|8,0.0819840668549|0.0819840668549|0.079170377078|0.0778450195742|0.0774748576708|0.0771988535407,6
2024,202407030611,outsider_gatecourse,枠・コース型,2021105608|2020100818|2020106196|2020102061|2019103920|2019104853,2|7|6|10|11|8,0.0724789927014|0.0696281223269|0.0696281223269|0.0686832861044|0.0683902647169|0.0679409256163,6
2024,202407030612,outsider_gatecourse,枠・コース型,2020105734|2018102956|2020106393|2020100934|2020103636|2020102750,16|12|11|13|14|9,0.072952305078|0.0678062332718|0.0677924803829|0.0671681228737|0.0671681228737|0.0648677948846,6
2024,202407030711,outsider_gatecourse,枠・コース型,2021102728|2021105048|2021104971|2021100913|2021104791|2021105856,2|3|5|1|6|10,0.0820402145784|0.0820402145784|0.0784078851203|0.0781485951212|0.0758707857198|0.072720494349,6
2024,202407030804,outsider_gatecourse,枠・コース型,2022101403|2022100180|2022102756|2022110129|2022101684|2022102548,12|4|11|9|16|7,0.0676813756402|0.0676201253839|0.0664432607478|0.0647029072694|0.0641459951301|0.0633959431039,6
2024,202407030903,outsider_gatecourse,枠・コース型,2022101178|2022103747|2022102565|2022101643|2022103630|2022101583,10|12|11|2|15|8,0.0704020893637|0.0701671582591|0.0701024803655|0.0673364049128|0.0670160605582|0.0667791613061,6
2024,202407030907,outsider_gatecourse,枠・コース型,2019106615|2021104669|2021106544|2021105528|2021104963|2021104948,2|5|6|3|7|4,0.0738617897311|0.069878451685|0.0698780589873|0.0685670847736|0.065393144026|0.0648202158536,6
2024,202407040109,outsider_gatecourse,枠・コース型,2020106896|2020106174|2020106579|2020103579|2021103225|2020103444,3|16|2|7|11|4,0.0679554232749|0.0651772370995|0.0646046879916|0.064198166725|0.0637317303759|0.0636319241809,6
2024,202407040202,outsider_gatecourse,枠・コース型,2020102876|2021103488|2020104791|2020102542|2021105895|2021103454,1|2|4|3|8|7,0.0887394950066|0.0690167543389|0.0685947031777|0.0636592856773|0.0621469979704|0.0614179706409,6
2024,202407040210,outsider_gatecourse,枠・コース型,2019101479|2019103996|2021102735|2021105775|2020100673|2020101805,2|7|16|3|11|8,0.0681586047966|0.0640098443188|0.0638816180028|0.0635410507121|0.0635225532672|0.0625098262308,6
2024,202407040212,outsider_gatecourse,枠・コース型,2020102452|2021103237|2019100740|2021105056|2021105783|2021102800,2|5|6|3|1|4,0.0704184658759|0.0675930081846|0.0675930081846|0.0667058546162|0.0649934383008|0.0642305506253,6
2024,202407040305,outsider_gatecourse,枠・コース型,2022103684|2022107096|2022103150|2022103946|2022100220|2022106308,1|2|4|3|12|11,0.103935178762|0.0849864793149|0.0640178049701|0.0637274191014|0.0616401373822|0.0607385519372,6
2024,202407040307,outsider_gatecourse,枠・コース型,2021105784|2021105361|2021100629|2018105021|2021105434|2021100148,8|7|2|6|5|1,0.0664246828196|0.0655509165462|0.0648552549529|0.0642303829561|0.059108597778|0.0571402875264,6
2024,202407040311,outsider_gatecourse,枠・コース型,2019102879|2019103430|2018104558|2020105400|2019104937|2019104828,2|1|6|7|4|3,0.0734884964631|0.0681083162898|0.0654696240739|0.065132183333|0.0624459777177|0.0609747166623,6
2024,202407040504,outsider_gatecourse,枠・コース型,2022106510|2022103269|2022105381|2022107200|2022105148|2022109031,1|8|7|6|5|2,0.0730755249367|0.0665657348391|0.0656911666218|0.0620167754984|0.0610285642615|0.0610233293327,6
2024,202407040507,outsider_gatecourse,枠・コース型,2021104776|2020102658|2021104321|2021106294|2021103545|2021110106,1|2|3|4|8|7,0.0692420996544|0.0681588067964|0.067330223041|0.066344755676|0.0630860757766|0.0623460292053,6
2024,202407040605,outsider_gatecourse,枠・コース型,2022100542|2022102916|2022101415|2022104642|2022104732|2022105460,1|8|5|6|7|2,0.0719704668801|0.0638937917047|0.0632899782933|0.063220931629|0.0630532559635|0.0601078211681,6
2024,202407040607,outsider_gatecourse,枠・コース型,2020106593|2021106982|2021103711|2020105564|2021103289|2021104678,1|2|3|4|8|7,0.105638470424|0.0786347876107|0.0652886861813|0.0634751417783|0.0594199792198|0.058722941709,6
2024,202408010104,outsider_gatecourse,枠・コース型,2021105073|2021100262|2021103237|2021106011|2021104211|2021102221,14|13|2|16|15|11,0.0674959492442|0.0674959492442|0.0664815302789|0.0664148798751|0.0652510561937|0.0642946403848,6
2024,202408010111,outsider_gatecourse,枠・コース型,2019105252|2019104896|2020103639|2018103929|2018105020|2019106670,14|15|11|12|10|9,0.0609594595412|0.0601148758713|0.058891137078|0.0584010305959|0.0577887634426|0.0577887634426,6
2024,202408010303,outsider_gatecourse,枠・コース型,2021107301|2021100906|2021104514|2021102810|2021104227|2021101490,16|15|14|13|2|11,0.0760900350509|0.0680902232463|0.0676239384884|0.0676239384884|0.0637493013458|0.063478630734,6
2024,202408010305,outsider_gatecourse,枠・コース型,2021104408|2021105837|2021105628|2021103684|2021102781|2021102619,1|15|2|14|16|3,0.0613513438285|0.0612702234626|0.0600216802081|0.0589651428773|0.0584484785371|0.0580832797744,6
2024,202408010311,outsider_gatecourse,枠・コース型,2021105862|2021100953|2021105565|2021105596|2021105601|2021103725,15|14|13|11|16|1,0.0618544705329|0.0609498374296|0.0597544078306|0.0572198757754|0.0572140301431|0.0568299022895,6
2024,202408010404,outsider_gatecourse,枠・コース型,2021103993|2021101859|2021107087|2021102903|2021103841|2021104123,16|14|11|13|15|12,0.0710526109012|0.0695196032693|0.06700677462|0.0663719460111|0.066327604244|0.065858391702,6
2024,202408010411,outsider_gatecourse,枠・コース型,2019105139|2019104841|2019110001|2019110031|2018102360|2019105775,17|16|15|14|13|12,0.0733122348478|0.0678805359017|0.0664914724492|0.0650602911915|0.0638470893326|0.0601258833935,6
2024,202408010412,outsider_gatecourse,枠・コース型,2019106615|2020106737|2017103255|2018100772|2020103655|2020110039,15|14|16|17|7|11,0.0649384339241|0.064494487567|0.0616681027906|0.0570606949136|0.0563947472236|0.0563715907548,6
2024,202408010503,outsider_gatecourse,枠・コース型,2021103994|2021102906|2021110067|2021101548|2021106151|2021103264,16|15|13|14|11|12,0.0798683221836|0.0693027092531|0.0689923409448|0.0689923409448|0.0647635583622|0.0636519358769,6
2024,202408010505,outsider_gatecourse,枠・コース型,2021101714|2021104427|2021100883|2021101433|2021103861|2021105800,14|15|16|17|13|7,0.0722667158517|0.069339803887|0.0637855369472|0.058715019273|0.0585406187514|0.055177224716,6
2024,202408010506,outsider_gatecourse,枠・コース型,2021102469|2021103299|2021105289|2021105706|2021103116|2021103903,14|15|16|17|7|11,0.0693360633144|0.067226737251|0.0647261293739|0.0586703563501|0.0561949281511|0.0561619879628,6
2024,202408010603,outsider_gatecourse,枠・コース型,2021105525|2021103214|2021106936|2021101941|2021103300|2021103932,16|15|14|13|11|12,0.080752987004|0.0736699722054|0.0697429016497|0.066589190716|0.0662468647862|0.065111755799,6
2024,202408010605,outsider_gatecourse,枠・コース型,2021105970|2021105967|2021105074|2021105013|2021102231|2021102073,4|6|7|2|1|8,0.0805741682301|0.0800679962628|0.0800679962628|0.0797423027397|0.078105329535|0.0774583697294,6
2024,202408010702,outsider_gatecourse,枠・コース型,2021103205|2021103213|2021103895|2021100546|2021104406|2021100299,16|14|13|15|11|12,0.0761184522283|0.0692560539229|0.0692560539229|0.0665321484608|0.0659730031278|0.0648417919782,6
2024,202408010705,outsider_gatecourse,枠・コース型,2021105682|2021100885|2021103488|2021100685|2021105049|2021101699,17|16|14|15|13|11,0.0780001787403|0.0710837742366|0.0670043834974|0.0633699098639|0.0587594995632|0.0574716054499,6
2024,202408010711,outsider_gatecourse,枠・コース型,2020103308|2017103000|2019105308|2018104059|2018100829|2020106565,16|12|11|15|14|13,0.0718124806817|0.0686277827204|0.0670726778011|0.0656498572878|0.0642374988204|0.0631128252796,6
2024,202408020104,outsider_gatecourse,枠・コース型,2021103287|2021106210|2021106453|2021104678|2021104037|2021106681,16|15|12|14|13|11,0.0774882280751|0.0689198656681|0.0669382073236|0.0668664740783|0.0668664740783|0.0648055836916,6
2024,202408020112,outsider_gatecourse,枠・コース型,2020105354|2017103255|2019105350|2018104938|2018103200|2020106131,16|15|14|6|17|7,0.0615471732072|0.0615328838635|0.0611107299767|0.0600661346666|0.0575241254962|0.0575171891951,6
2024,202408020205,outsider_gatecourse,枠・コース型,2021101409|2021102622|2021105558|2021102835|2021105460|2021102327,7|2|10|6|11|8,0.0797633089698|0.0794166426885|0.0793860481814|0.0788466293085|0.0784684666026|0.0775276898655,6
2024,202408020210,outsider_gatecourse,枠・コース型,2020103439|2019105354|2020102762|2019105168|2017105408|2020103101,7|8|11|4|12|6,0.090623278129|0.0886947714479|0.088656979631|0.0884415821841|0.0874679897575|0.0871851428716,6
2024,202408020211,outsider_gatecourse,枠・コース型,2019103422|2020101827|2015104364|2019105126|2017106720|2019103714,14|15|16|13|11|12,0.0661208816495|0.0652088799372|0.063494559224|0.0632591806369|0.0592577375508|0.0587642966942,6
2024,202408020304,outsider_gatecourse,枠・コース型,2021102834|2021104163|2021105692|2021103469|2021102729|2021105686,16|12|15|11|13|14,0.0697816855822|0.0676444713193|0.0666936417038|0.0654887785791|0.06535857524|0.06535857524,6
2024,202408020312,outsider_gatecourse,枠・コース型,2020104780|2020104126|2020103625|2019103780|2020105929|2017100392,16|12|15|11|13|14,0.0734712551468|0.0688354394367|0.0686941551184|0.0666437189447|0.0642494239933|0.0642494239933,6
2024,202408020504,outsider_gatecourse,枠・コース型,2021100091|2021103696|2021100288|2021104942|2021101443|2021100497,16|12|13|15|11|14,0.0763790148498|0.0716709155338|0.070287193305|0.0697865254407|0.0691428099883|0.0667181556285,6
2024,202408020508,outsider_gatecourse,枠・コース型,2019101158|2019103013|2020101517|2020104960|2019102282|2020102599,16|15|12|11|14|13,0.0780907431825|0.0748382265412|0.0705483289136|0.0680544359714|0.0661488989749|0.0649947229185,6
2024,202408020704,outsider_gatecourse,枠・コース型,2021104775|2021100870|2021105296|2021106355|2021110152|2021102593,16|12|13|14|11|15,0.070037517661|0.0690067986662|0.0666828951498|0.0666828951498|0.0665615487418|0.0650090679562,6
2024,202408020708,outsider_gatecourse,枠・コース型,2019102460|2020101113|2020105608|2020100688|2020103902|2018105530,16|12|15|11|14|13,0.0747540306885|0.0690939159392|0.0667969514718|0.0666458716584|0.0642527847144|0.0642527847144,6
2024,202408020804,outsider_gatecourse,枠・コース型,2021100226|2021103606|2021104210|2021102585|2021104912|2021104549,16|12|11|15|13|14,0.0781225082661|0.0733090098133|0.070721840849|0.067803474916|0.0669699457421|0.0669449337522,6
2024,202408030204,outsider_gatecourse,枠・コース型,2021100959|2021103291|2021100612|2021102235|2021100910|2021101020,15|14|6|1|16|7,0.0622089760931|0.0606833101936|0.0594096800967|0.0589351508119|0.058865393379|0.0577697739695,6
2024,202408030311,outsider_gatecourse,枠・コース型,2021107192|2021105477|2021101733|2021103020|2021107001|2021106611,15|16|11|12|14|13,0.0686483158124|0.0683096846787|0.0674843733505|0.0669299346427|0.0654835779591|0.0643376275953,6
2024,202408030312,outsider_gatecourse,枠・コース型,2019109159|2018103611|2020101641|2020104650|2020104363|2019104853,16|15|11|13|14|12,0.0716026740904|0.0700438234506|0.0668727182351|0.0665018459851|0.0665018459851|0.0663233140421,6
2024,202408030410,outsider_gatecourse,枠・コース型,2019100652|2016102801|2020101543|2018102585|2020102630|2019102786,14|15|16|13|17|12,0.0762534003837|0.0707057431537|0.066811407519|0.0605453600926|0.0573444359203|0.0567629097277,6
2024,202408030411,outsider_gatecourse,枠・コース型,2020104302|2019100630|2019104091|2018104609|2018106545|2018103499,17|18|15|16|14|3,0.0658632775766|0.0646732594437|0.0642560471592|0.0616391349098|0.0607938678506|0.0578798450756,6
2024,202408030510,outsider_gatecourse,枠・コース型,2019104768|2020104760|2015104589|2019102490|2019103507|2019101198,16|15|14|13|12|11,0.0786991324774|0.0746533818598|0.0670057641703|0.0658380918216|0.0635287153217|0.0635157676913,6
2024,202408030606,outsider_gatecourse,枠・コース型,2021101090|2021103318|2021105569|2021102380|2021103776|2021101193,15|14|16|11|12|13,0.0693632342102|0.0671105877747|0.0664075657085|0.0663103173102|0.0660125898961|0.0659401160238,6
2024,202408030810,outsider_gatecourse,枠・コース型,2016105060|2020103082|2020103450|2020103413|2018104688|2018103590,7|8|12|11|2|9,0.0774748795344|0.0774109661648|0.0735086717552|0.0723084283132|0.0722520689241|0.0720891354072,6
2024,202408030812,outsider_gatecourse,枠・コース型,2019104761|2019103584|2020102360|2018103195|2019106671|2019102514,14|12|13|10|9|7,0.0790774956237|0.0789406597841|0.0777163990694|0.0737741809131|0.0737741809131|0.0736544093508,6
2024,202408030904,outsider_gatecourse,枠・コース型,2021102507|2021105537|2021101528|2021106333|2021101455|2021101284,14|15|16|11|12|7,0.0675991390781|0.0648444980748|0.0614026377197|0.0569615351796|0.0567005833313|0.0559688674513,6
2024,202408030909,outsider_gatecourse,枠・コース型,2021105926|2021105160|2021102952|2021105528|2021103520|2021105618,12|2|3|8|10|7,0.0829381283511|0.0792451682227|0.0788217712378|0.078699912793|0.0778192717462|0.0776456790473,6
2024,202408031110,outsider_gatecourse,枠・コース型,2018104778|2020100850|2020105627|2019106475|2019110053|2017102952,16|11|12|14|13|15,0.077035515604|0.0667335097619|0.0664341140758|0.0645771283499|0.0645771283499|0.0641323719973,6
2024,202408031202,outsider_gatecourse,枠・コース型,2021105140|2021104097|2021102569|2021101260|2021104431|2021104039,11|12|16|15|14|13,0.0693034589047|0.0689933297787|0.0670906360473|0.0659861993232|0.0638218857852|0.0631323442622,6
2024,202408031210,outsider_gatecourse,枠・コース型,2018105454|2018102595|2019105806|2019105482|2019105775|2018110043,14|15|1|16|13|12,0.0711519418988|0.0659529526625|0.0608888652788|0.0599044748859|0.0573476992523|0.0560779757246,6
2024,202408031212,outsider_gatecourse,枠・コース型,2018103021|2018103902|2020100815|2019102106|2017105574|2018104633,16|15|13|14|12|1,0.0781943188633|0.0686306212069|0.0671233587289|0.0653727079175|0.0640745693131|0.0629778740413,6
2024,202408040109,outsider_gatecourse,枠・コース型,2021110104|2018103388|2021110069|2021101406|2017100426|2020105298,16|15|14|13|11|12,0.0830393160302|0.07094923536|0.0681407199504|0.0681407199504|0.0676669258386|0.0671129128751,6
2024,202408040212,outsider_gatecourse,枠・コース型,2019103123|2020106737|2020102542|2020103699|2020106593|2020101121,16|15|2|11|14|12,0.0783859899565|0.0664753249679|0.0656753469024|0.0645718239759|0.0642346730516|0.0640420429118,6
2024,202408040303,outsider_gatecourse,枠・コース型,2021102973|2021104960|2021100981|2021105047|2021104101|2021104474,14|13|15|16|11|12,0.0685286986088|0.0677922547038|0.0667412116932|0.0666928977253|0.0657845654181|0.0652442454621,6
2024,202408040611,outsider_gatecourse,枠・コース型,2018104011|2019105062|2019103430|2018101943|2019105628|2020100909,16|15|1|12|11|2,0.0783963590875|0.067642751163|0.0676060077491|0.0630149621829|0.0630021101155|0.0619500131718,6
2024,202408040707,outsider_gatecourse,枠・コース型,2019101621|2020101056|2021110159|2020105914|2021103283|2021100711,15|16|13|14|11|12,0.0735879233288|0.0722494570921|0.0678605639554|0.0678605639554|0.0670148730858|0.0667140241559,6
2024,202408040710,outsider_gatecourse,枠・コース型,2020103450|2019105545|2021101737|2019107075|2017105574|2019101079,14|16|15|17|13|11,0.0729326503157|0.0663179789996|0.0648627146214|0.0629759869031|0.0606726863722|0.059163650162,6
2024,202408050104,outsider_gatecourse,枠・コース型,2022110113|2022101910|2022110012|2022103619|2022103446|2022105630,16|12|11|14|13|15,0.0702110974554|0.0672365405003|0.0662519563598|0.0662251244933|0.0662251244933|0.0656654297818,6
2024,202408050105,outsider_gatecourse,枠・コース型,2022102561|2022102549|2022103188|2022101697|2022103962|2022104885,4|10|11|13|5|14,0.0711411622635|0.0710645567219|0.0705180078955|0.070454546527|0.0698561182758|0.0696396956823,6
2024,202408050111,outsider_gatecourse,枠・コース型,2020100896|2019104911|2019102273|2019103714|2019105968|2018102281,14|15|16|13|11|12,0.0666897837284|0.0627412121977|0.0623641088417|0.0598352793253|0.0587442592409|0.058255281701,6
2024,202408050203,outsider_gatecourse,枠・コース型,2022105567|2022105848|2022106248|2022104086|2022105362|2022105881,16|14|13|15|12|11,0.07170074222|0.0712416293888|0.0680209322029|0.0678121514084|0.067491268458|0.0665038265813,6
2024,202408050204,outsider_gatecourse,枠・コース型,2022100070|2022104738|2022102702|2022106621|2022100384|2022101025,15|16|17|14|11|13,0.0657779452907|0.0655613116664|0.0648611704874|0.0628323938998|0.0607610608529|0.0602947511601,6
2024,202408050205,outsider_gatecourse,枠・コース型,2022100080|2022105136|2022100891|2022102052|2022106224|2022104706,6|7|4|8|2|5,0.0812717595896|0.0812717595896|0.0807135054256|0.0789876210692|0.0781068499278|0.0779413175244,6
2024,202408050209,outsider_gatecourse,枠・コース型,2018106552|2021100494|2020103482|2020104332|2018103406|2021104434,15|16|14|13|11|12,0.069674835968|0.0689755198743|0.0673158830157|0.0673158830157|0.0654880602643|0.0649500994185,6
2024,202408050303,outsider_gatecourse,枠・コース型,2022102958|2022109162|2022101429|2022105096|2022106705|2022101103,14|13|16|11|12|15,0.0682760085452|0.0682760085452|0.0679160106603|0.0654146583133|0.0648770002778|0.0647818407837,6
2024,202408050304,outsider_gatecourse,枠・コース型,2022106755|2022104880|2022106942|2022106572|2022103634|2022110109,16|12|14|13|11|15,0.0698371971961|0.0674173986119|0.0667729880873|0.0667729880873|0.06643018597|0.0660394829529,6
2024,202408050305,outsider_gatecourse,枠・コース型,2022104963|2022100219|2022104556|2022100619|2022103651|2022105954,7|6|4|8|1|9,0.0801963798151|0.0801963798151|0.0785794898152|0.0779394029106|0.077021674405|0.0768470810017,6
2024,202408050307,outsider_gatecourse,枠・コース型,2021106310|2017100426|2021101461|2021106394|2019103953|2021106554,16|15|11|13|14|12,0.0714310412222|0.0712025244316|0.0676434486357|0.067608369177|0.067608369177|0.0670884977801,6
2024,202408050607,outsider_gatecourse,枠・コース型,2019102794|2021102219|2020105533|2020103246|2019105063|2020103323,16|15|14|11|12|13,0.0757463256858|0.0732825630046|0.0663580749756|0.0663210841438|0.0660233498309|0.0651999472223,6
2024,202408050711,outsider_gatecourse,枠・コース型,2019105126|2019103034|2017101429|2019102772|2019105938|2020102660,14|12|9|10|3|11,0.0635910002956|0.0616057880004|0.0614310576848|0.0614310576848|0.0611424298416|0.0605090955077,6
2024,202408050804,outsider_gatecourse,枠・コース型,2022100537|2022104105|2022110121|2022106694|2022103972|2022102952,16|12|14|13|11|15,0.0690746163277|0.0683442311886|0.0676964096657|0.0676964096657|0.0670934538874|0.0669430862895,6
2024,202408050808,outsider_gatecourse,枠・コース型,2021100086|2021103532|2021105886|2020104346|2021100653|2020106813,10|11|15|14|12|13,0.0736542891655|0.0733414460541|0.0730952327507|0.0726666749439|0.0713454984209|0.0706072280279,6
2024,202408060105,outsider_gatecourse,枠・コース型,2022102133|2022106320|2022103285|2022110124|2022105201|2022107347,16|12|15|11|14|13,0.0716681558759|0.0667482950484|0.0665123345901|0.0657720962704|0.0657454924081|0.0657454924081,6
2024,202408060106,outsider_gatecourse,枠・コース型,2022101490|2022105547|2022101596|2022102295|2022101068|2022105046,4|12|5|7|8|3,0.0791386201769|0.0767488901634|0.0749588280925|0.073539352585|0.0734784201158|0.073379919376,6
2024,202408060211,outsider_gatecourse,枠・コース型,2021104756|2018103238|2019104589|2018105503|2020103626|2016101745,15|14|10|11|3|2,0.0726905232436|0.072382037108|0.0690963900447|0.0685647103742|0.0675141800407|0.0670544935914,6
2024,202408060406,outsider_gatecourse,枠・コース型,2021105503|2021107138|2020103060|2021106194|2021101155|2021101454,1|10|11|3|2|5,0.0824101538733|0.0700801442724|0.0695404427189|0.0687779053452|0.0683093822076|0.0661932887178,6
2024,202408060410,outsider_gatecourse,枠・コース型,2020110130|2020100979|2020104793|2021100836|2020110104|2020105627,7|8|9|10|6|5,0.0737671496166|0.0737060208626|0.0731634692819|0.0731634692819|0.0726726005789|0.0725812743529,6
2024,202408060506,outsider_gatecourse,枠・コース型,2022100154|2022105493|2022106217|2022103850|2022103614|2022100770,16|15|14|12|11|13,0.073782378706|0.0716838997055|0.0679696297287|0.0665207642399|0.065301874875|0.06488810239,6
2024,202408060507,outsider_gatecourse,枠・コース型,2020110152|2020102013|2020104913|2021100639|2021105711|2021106105,15|16|11|14|13|12,0.0701449788188|0.0693293270319|0.0666355262971|0.0666009376398|0.0666009376398|0.0653076175502,6
2024,202408060606,outsider_gatecourse,枠・コース型,2021102155|2017104086|2020102961|2021100652|2020103474|2020103274,15|11|14|16|13|12,0.0691650183919|0.0668569387391|0.0667856820914|0.0665525255192|0.0656190582202|0.0655236872559,6
2024,202408060609,outsider_gatecourse,枠・コース型,2021105399|2021106635|2020105786|2021104971|2019103885|2020104843,14|16|9|10|11|7,0.067060836747|0.0615431510686|0.0604294151587|0.0604294151587|0.0602661068111|0.0602617124857,6
2024,202408060807,outsider_gatecourse,枠・コース型,2021105865|2021105819|2021101557|2020101587|2020103060|2021105960,14|15|17|16|18|11,0.0628788885012|0.061007954824|0.0607274618059|0.0594705414237|0.0593079046755|0.0585390078893,6
2024,202408060810,outsider_gatecourse,枠・コース型,2020106660|2021102888|2018106663|2017105574|2020105198|2020105354,4|10|11|13|1|5,0.0810772552178|0.0797668110007|0.079160077716|0.0788069905295|0.0786887383797|0.0786028331557,6
2024,202408060812,outsider_gatecourse,枠・コース型,2020102764|2019105968|2019103422|2019102240|2017100434|2019104911,14|15|13|16|2|4,0.0647569919907|0.0609185957454|0.0604893851778|0.0582328687634|0.0577965780594|0.0577005707687,6
2024,202408070208,outsider_gatecourse,枠・コース型,2020105949|2020101879|2019102654|2019100566|2020103888|2020104126,15|11|14|13|16|1,0.069058107126|0.0656010234744|0.0655669520107|0.0655669520107|0.0647057720424|0.0645024819091,6
2024,202408070411,outsider_gatecourse,枠・コース型,2022103754|2022106169|2022103304|2022104812|2022100490|2022110069,7|8|3|2|6|5,0.0622560952231|0.0618559002813|0.0610281316051|0.0605237032506|0.0599169403021|0.0594320148395,6
2024,202408070506,outsider_gatecourse,枠・コース型,2022102127|2022101824|2022101773|2022103012|2022101722|2022106943,12|11|9|10|13|14,0.0786502899438|0.0754079306255|0.0734553654709|0.0734553654709|0.0725880466853|0.0725880466853,6
2024,202408070509,outsider_gatecourse,枠・コース型,2021106936|2019105379|2021103300|2019103825|2021102735|2020103876,16|15|14|11|13|12,0.0711539261695|0.0699937249759|0.0667912767124|0.066240947873|0.0656270551715|0.0649219257508,6
2024,202408070512,outsider_gatecourse,枠・コース型,2021100363|2019100572|2019106925|2020102329|2021110020|2020105803,3|1|9|10|11|8,0.0768727841823|0.0760400715017|0.0755204771748|0.0755204771748|0.072479882691|0.0719462227274,6
2024,202408070605,outsider_gatecourse,枠・コース型,2022102130|2022106212|2022100895|2022103238|2022101049|2022106905,5|3|6|12|4|7,0.0759480389167|0.0748063483566|0.0746407338116|0.0746215924002|0.0717419119618|0.0716458446754,6
2024,202408070606,outsider_gatecourse,枠・コース型,2022102914|2022104125|2022103255|2022102573|2022103941|2022107133,16|15|12|14|11|13,0.0706316120109|0.0683995970694|0.0665889360743|0.0656762361131|0.0653684655958|0.0626906171156,6
2024,202408070607,outsider_gatecourse,枠・コース型,2019102229|2019101233|2021105752|2021103291|2020106722|2021104514,1|15|14|11|13|3,0.0878537300836|0.0662230177558|0.0635636526072|0.0630387514341|0.0624532462543|0.0621841103143,6
2024,202408070608,outsider_gatecourse,枠・コース型,2021106642|2021104976|2021102420|2020102570|2021103078|2021101488,14|7|8|11|15|6,0.06315254875|0.0607306526963|0.0603392570303|0.0583782617249|0.0579450155733|0.0577579174179,6
2024,202408070611,outsider_gatecourse,枠・コース型,2022104401|2022104588|2022101562|2022103220|2022105891|2022105396,3|16|1|11|15|2,0.0690750131534|0.0667852665916|0.0646217294393|0.064377024983|0.06409998355|0.0639687018742,6
2024,202408070705,outsider_gatecourse,枠・コース型,2022106202|2022105969|2022100725|2022105385|2022105216|2022105619,16|17|7|8|11|6,0.0642533921907|0.0634869251372|0.0620255659723|0.0616261652457|0.0603263557796|0.0594001578772,6
2024,202408070711,outsider_gatecourse,枠・コース型,2021110031|2019103034|2020105154|2019104462|2019100965|2019110020,14|2|7|3|8|11,0.0600067810214|0.058863029897|0.0577195713372|0.0575614169023|0.0573467075603|0.0572570738293,6
2024,202408070803,outsider_gatecourse,枠・コース型,2022101598|2022100632|2022104297|2022103714|2022101683|2022104886,7|8|11|5|6|12,0.061265163443|0.0608704862213|0.0586258930041|0.0573859775691|0.05732262078|0.0567016068992,6
2024,202408070806,outsider_gatecourse,枠・コース型,2022105401|2022102500|2022103251|2022105470|2022103690|2022105543,12|5|11|3|6|8,0.0756622058497|0.0741180907268|0.0725290042564|0.0725060744985|0.0723440920405|0.0723236426391,6
2024,202408070811,outsider_gatecourse,枠・コース型,2020101633|2019106293|2019110105|2019104841|2020104429|2020106006,16|15|14|13|12|11,0.076461175842|0.073365520928|0.0688419081055|0.0676461299458|0.0664879802145|0.0663373551337,6
2024,202408070812,outsider_gatecourse,枠・コース型,2019103659|2020103688|2019106076|2021104167|2021104242|2018103368,14|7|8|11|4|2,0.0636170898722|0.0624542666171|0.0620520617248|0.0607462050267|0.0598373935319|0.0597412574958,6
2024,202409010211,outsider_gatecourse,枠・コース型,2017104172|2020105400|2017100091|2020103434|2019101700|2019100684,5|6|7|8|9|11,0.0645908893017|0.0627403045757|0.0616075981648|0.0611528002676|0.0576151330723|0.0566683066332,6
2024,202409010212,outsider_gatecourse,枠・コース型,2020104623|2020104523|2019103308|2020100747|2020107199|2019103013,15|10|11|12|14|2,0.0759528793392|0.0742313150093|0.0739167887109|0.0737499439642|0.0688466789058|0.0668633173163,6
2024,202409020307,outsider_gatecourse,枠・コース型,2018105530|2020106409|2019104918|2020106473|2019100786|2019100110,4|16|8|7|6|5,0.0671129278632|0.0656380809774|0.0656264422329|0.065211339309|0.0646275374397|0.0643912492481,6
2024,202409020411,outsider_gatecourse,枠・コース型,2019100109|2019105565|2019105056|2020103458|2016104624|2020103532,8|5|6|7|4|3,0.0719952715465|0.0686527183314|0.0686523314309|0.0682682230329|0.0667864263693|0.0667298237323,6
2024,202409020502,outsider_gatecourse,枠・コース型,2021103248|2021110130|2021102570|2021105322|2021102292|2021102999,6|5|8|7|4|16,0.0660834866314|0.0658424273938|0.0657063606608|0.0644872497662|0.0642366673514|0.0641939044263,6
2024,202409020611,outsider_gatecourse,枠・コース型,2021105242|2021103959|2021106834|2021105255|2021101685|2021104955,5|7|8|6|4|3,0.0623719338408|0.0622279162785|0.0614419148009|0.0602788686324|0.0588279347918|0.058430397894,6
2024,202409020706,outsider_gatecourse,枠・コース型,2021100898|2021110063|2021100086|2021102259|2021101891|2021100768,6|7|8|4|10|5,0.069824733432|0.069824733432|0.0692914152869|0.0690410596332|0.068642722637|0.0684734472841,6
2024,202409020809,outsider_gatecourse,枠・コース型,2019100210|2017105070|2019105337|2020103482|2020100958|2020105539,5|6|7|8|14|4,0.0654937149328|0.0642519906835|0.0642510904776|0.064132176758|0.0634718697467|0.0624944086425,6
2024,202409020812,outsider_gatecourse,枠・コース型,2019103984|2019104448|2020101373|2020104126|2017100447|2019103543,8|9|7|6|10|11,0.0779400317532|0.0712771039485|0.0711626878149|0.0711626878149|0.0698156663736|0.0695180405468,6
2024,202410010109,outsider_gatecourse,枠・コース型,2019101607|2020104772|2019103401|2019105073|2019102794|2018100185,16|12|15|11|13|14,0.0753077789743|0.0706886100007|0.0678947126024|0.0662959186287|0.0637383724767|0.0637383724767,6
2024,202410010210,outsider_gatecourse,枠・コース型,2019105197|2019100167|2018101621|2020102800|2020101918|2019100318,12|11|10|9|7|8,0.0815134142926|0.0807593410716|0.0748838528252|0.0748838528252|0.0745276205014|0.0742073403482,6
2024,202410010312,outsider_gatecourse,枠・コース型,2020102718|2019104874|2020104545|2019105265|2019101031|2020103969,17|16|15|14|13|4,0.0740847353788|0.0735347218431|0.0706438493508|0.0684645701783|0.0619880370014|0.0593447083009,6
2024,202410010405,outsider_gatecourse,枠・コース型,2021103075|2021105267|2021100948|2021102837|2021103167|2021102602,16|14|15|13|17|18,0.0726979757506|0.0724030244933|0.0689734805692|0.0680060962043|0.0658083452353|0.0563778201269,6
2024,202410010407,outsider_gatecourse,枠・コース型,2021103239|2021105676|2021101686|2021101793|2021105231|2021103933,16|15|14|17|13|18,0.0773504929093|0.0721640707218|0.0714047596842|0.0673100989865|0.0608521549008|0.0564251921445,6
2024,202410010409,outsider_gatecourse,枠・コース型,2020102488|2020103721|2019102306|2019101643|2020105492|2020103422,15|14|13|12|10|11,0.0803728874234|0.0767998355804|0.0764614882437|0.0735783992109|0.0725936017318|0.0722853159915,6
2024,202410010508,outsider_gatecourse,枠・コース型,2018106474|2015105573|2018104463|2017100436|2017100728|2018105050,9|10|7|8|2|12,0.0775002632283|0.0775002632283|0.0760106388369|0.0756847008399|0.0720837014659|0.071563429405,6
2024,202410010510,outsider_gatecourse,枠・コース型,2020106579|2019106419|2020105649|2019109109|2020106209|2019103017,16|12|15|11|9|10,0.0857156380998|0.0697591390873|0.0685119444337|0.0654207683972|0.0622154430528|0.0622154430528,6
2024,202410010512,outsider_gatecourse,枠・コース型,2020102971|2019104356|2020101195|2019102147|2019103123|2019102068,15|14|16|13|17|18,0.0681841507031|0.0674622994946|0.065927420515|0.0613732209189|0.0595871124197|0.0560840104773,6
2024,202410010602,outsider_gatecourse,枠・コース型,2021100228|2021104933|2021106436|2021106879|2021106809|2021101769,16|13|14|15|11|12,0.0743294730396|0.0724150607379|0.0724150607379|0.0690278963941|0.0662840653254|0.0658279811797,6
2024,202410010605,outsider_gatecourse,枠・コース型,2021106019|2021101077|2021101489|2021103168|2021102787|2021102592,12|13|14|7|8|10,0.0792157524235|0.0768324430606|0.0768324430606|0.0732548423995|0.0729407425839|0.0728180721435,6
2024,202410010611,outsider_gatecourse,枠・コース型,2018102649|2020110133|2018100025|2019102041|2019100652|2016104227,15|14|16|18|13|17,0.0707050516701|0.0699588551069|0.0659340603704|0.0635224974111|0.0615398232489|0.0593314393415,6
2024,202410010708,outsider_gatecourse,枠・コース型,2020101850|2019110125|2020102093|2019101675|2018104857|2020102360,16|12|15|11|4|10,0.0782652309624|0.0681057276764|0.0677237579234|0.066185490393|0.0637334525033|0.0629426970877,6
2024,202410010810,outsider_gatecourse,枠・コース型,2019102635|2020100189|2019100083|2018104985|2018100679|2018104517,16|12|13|14|11|15,0.0773789586885|0.0706167172234|0.0670836523691|0.0670836523691|0.0655893790919|0.0638338943653,6
2024,202410020102,outsider_gatecourse,枠・コース型,2021101280|2021105768|2021104490|2021100717|2021105395|2021106198,12|3|7|8|9|10,0.0802457818542|0.0773233524975|0.0747194312399|0.0743983694247|0.0736181438432|0.0736181438432,6
2024,202410020112,outsider_gatecourse,枠・コース型,2020102050|2020103418|2020102229|2019101446|2018100618|2020100500,15|14|16|13|17|12,0.0675360881677|0.0668195391752|0.0657649624753|0.0592975564599|0.0570142491215|0.0567402054686,6
2024,202410020311,outsider_gatecourse,枠・コース型,2019101778|2018104982|2018102060|2019104116|2019106684|2019103055,16|12|11|15|10|9,0.0752939962801|0.0680733594329|0.0659901645242|0.0642226635232|0.0634415308641|0.0634415308641,6
2024,202410020312,outsider_gatecourse,枠・コース型,2018104938|2019103876|2018110149|2020101195|2020102507|2019102068,16|15|14|13|12|11,0.0649319316932|0.0640376899527|0.0633551839827|0.0604273771079|0.0595210011331|0.0591723655088,6
2024,202410020410,outsider_gatecourse,枠・コース型,2019103897|2017101991|2019105412|2019100604|2020100686|2020101492,14|15|16|17|12|13,0.0690211469087|0.0662467673987|0.0654910040506|0.0594863723614|0.0588669669724|0.0580899142933,6
2024,202410020507,outsider_gatecourse,枠・コース型,2020105124|2020102225|2020105495|2019101920|2020102317|2020100166,12|7|8|10|9|11,0.0859331819456|0.0764404163945|0.0761124038996|0.0752049457483|0.0752049457483|0.0751857425323,6
2024,202410020607,outsider_gatecourse,枠・コース型,2018102163|2020102589|2020102570|2018105814|2020102941|2019100221,9|12|7|8|10|6,0.082561452138|0.0823387150793|0.0804802991774|0.0800021202461|0.0800015276817|0.0795558329892,6
2024,202410020707,outsider_gatecourse,枠・コース型,2021103869|2021104146|2021105392|2021107297|2021109052|2021103728,16|12|15|11|4|10,0.0763754979757|0.0689599826045|0.0674966027659|0.0658296813442|0.0644158023269|0.0626043210925,6
2024,202410020711,outsider_gatecourse,枠・コース型,2019106690|2019102514|2020100604|2020104864|2019100182|2019105073,12|16|11|10|9|14,0.0727640601895|0.0716768491917|0.0670343960318|0.0643366322098|0.0643366322098|0.0628959253308,6
2024,202410020810,outsider_gatecourse,枠・コース型,2017101991|2020105484|2017102809|2018100378|2020106330|2020104613,14|15|16|18|17|13,0.0741748741674|0.0712146656057|0.0664125018226|0.063985005395|0.0597659738734|0.0583951848725,6
2024,202410030809,outsider_gatecourse,枠・コース型,2019106821|2017106722|2019100606|2019101190|2018105085|2019100643,14|18|15|16|17|11,0.0680631260102|0.0654908907563|0.0624731302422|0.0614214710522|0.060353929589|0.0562887817647,6
2024,202410030811,outsider_gatecourse,枠・コース型,2020103102|2019105252|2019106670|2018102227|2018105264|2020106338,12|2|3|11|9|10,0.0782309295842|0.0760906219912|0.0751056124419|0.0727402423959|0.0721690395831|0.0721690395831,6
2024,202401010111,outsider_jockey,騎手型,2019104525|2020105365|2019105446|2021105606|2017100403|2021100210,|||||,0.101741793797|0.0852458330481|0.0758061034717|0.0745039786105|0.0744063086564|0.0691305995909,6
2024,202401010203,outsider_jockey,騎手型,2021105275|2021101398|2021110081|2021103013|2021105915|2021106806,|||||,0.133126614744|0.119838072561|0.0928318670255|0.0712452296891|0.068963312486|0.0632330447503,6
2024,202401010305,outsider_jockey,騎手型,2022106723|2022104751|2022110002|2022102970|2022104887|2022104870,|||||,0.12029674529|0.118138146793|0.0947054524078|0.0934133400722|0.0912846878036|0.0838539414851,6
2024,202401010404,outsider_jockey,騎手型,2021101521|2021105654|2021107174|2021103031|2021102901|2021105822,|||||,0.228831244214|0.107129719725|0.0862625854936|0.0670451195826|0.0655436635119|0.0613704175619,6
2024,202401010504,outsider_jockey,騎手型,2021101305|2021102991|2021110141|2021110073|2021103607|2021105722,|||||,0.156058145941|0.147706917284|0.0871471874164|0.0836640988474|0.0747249941347|0.070072041715,6
2024,202401010506,outsider_jockey,騎手型,2021106193|2021106881|2021106904|2021105534|2021105385|2021106827,|||||,0.133315420189|0.105723137292|0.0816923635171|0.0709390947097|0.0706353549948|0.0666293361056,6
2024,202401010609,outsider_jockey,騎手型,2020103668|2020105760|2017104985|2020103642|2018104714|2019104538,|||||,0.129666656318|0.113093230334|0.101660958483|0.0924598761842|0.0875713627227|0.0798161027286,6
2024,202401010612,outsider_jockey,騎手型,2020103292|2021103005|2020103655|2021103289|2020105897|2020104739,|||||,0.107456261022|0.106974951112|0.0897214119248|0.0878463738513|0.075335128112|0.074033872393,6
2024,202401020109,outsider_jockey,騎手型,2021103238|2021105897|2020103503|2021106203|2020100233|2020101337,|||||,0.152724644569|0.129982659009|0.110304954743|0.0946700940819|0.0874938733828|0.0752064704265,6
2024,202401020204,outsider_jockey,騎手型,2021103030|2021104918|2021105787|2021105902|2021104924|2021100226,|||||,0.164738658541|0.146993331082|0.103444515569|0.1017357478|0.0765495627907|0.0740251837826,6
2024,202401020209,outsider_jockey,騎手型,2021104461|2020103198|2020102331|2021100792|2020100914|2021107281,|||||,0.16291151853|0.13836018171|0.127588320753|0.115294162169|0.0776323737809|0.071711193284,6
2024,202401020410,outsider_jockey,騎手型,2021105242|2021105619|2021105485|2021103005|2020104087|2019104738,|||||,0.199076905704|0.093656960196|0.0845532139997|0.0809246565483|0.0712280077743|0.066146151189,6
2024,202401020611,outsider_jockey,騎手型,2018101343|2019102979|2019102273|2020104243|2019101700|2019100965,|||||,0.133197461737|0.121860045779|0.110251887758|0.0667783574168|0.0647113891827|0.0533172414862,6
2024,202401020708,outsider_jockey,騎手型,2021106829|2021105155|2021105438|2021100151|2020100233|2021102256,|||||,0.122779006005|0.122511198161|0.0937985624567|0.090130064969|0.0683769271335|0.0625021056533,6
2024,202401020804,outsider_jockey,騎手型,2021105830|2021105659|2021105714|2021105902|2021101402|2021103903,|||||,0.140707702653|0.133514966858|0.0906431728348|0.0865423678225|0.081423420102|0.0710466908772,6
2024,202401020811,outsider_jockey,騎手型,2018101348|2018105293|2018105088|2016104319|2016104624|2019101507,|||||,0.131575201313|0.104356878493|0.0937122606481|0.0839514112522|0.0817978937148|0.0780179660009,6
2024,202402010110,outsider_jockey,騎手型,2020103794|2020100495|2020104708|2019107025|2020102874|2021100363,|||||,0.118112978804|0.108298761401|0.0941217417799|0.0856475984336|0.0807654516621|0.0769361689992,6
2024,202402010201,outsider_jockey,騎手型,2021100747|2021105303|2021110167|2021101136|2021101064|2021104933,|||||,0.135724102394|0.0987168240184|0.0916009288818|0.0825526888061|0.0746262409305|0.0723280591033,6
2024,202402010304,outsider_jockey,騎手型,2021105351|2021102760|2021104935|2021106938|2021103267|2021103193,|||||,0.128223953266|0.118522805734|0.100951839441|0.0838313401776|0.0792875909564|0.0682398702857,6
2024,202402010703,outsider_jockey,騎手型,2021101304|2021110078|2021105390|2021105822|2021103836|2021106938,|||||,0.122848696023|0.0929761862494|0.0805229659021|0.077362203907|0.0750479237738|0.0725686702278,6
2024,202402010804,outsider_jockey,騎手型,2021106626|2021102153|2021102245|2021103320|2021100923|2021110110,|||||,0.162880708485|0.140835543693|0.139154351864|0.0978856373107|0.0838902587261|0.0780122883699,6
2024,202403010110,outsider_jockey,騎手型,2020102229|2020103238|2020103634|2017100728|2020105484|2020104088,|||||,0.0947050509468|0.0877466171113|0.0815617558726|0.081264046132|0.0714174642293|0.0696727297466,6
2024,202403010210,outsider_jockey,騎手型,2017100452|2019104260|2019105161|2017106295|2019106119|2020100105,|||||,0.0911092389788|0.0843639091851|0.0834532461714|0.0779719538042|0.0763997279141|0.073186046866,6
2024,202403010509,outsider_jockey,騎手型,2019101416|2020101992|2020106963|2020106407|2019106179|2017101448,|||||,0.118365040733|0.111374820445|0.105958640783|0.0967933596904|0.0961622417854|0.0950779543206,6
2024,202403010510,outsider_jockey,騎手型,2020106234|2019102799|2019105171|2018103828|2018101956|2018102394,|||||,0.114687550024|0.0956763547755|0.0952240365374|0.0855302953978|0.0837325705536|0.0818210123227,6
2024,202403010511,outsider_jockey,騎手型,2019100205|2020105631|2020102873|2019104968|2019104700|2020103089,|||||,0.0868911912313|0.0832009474432|0.0792439219544|0.0766007440263|0.0761922684655|0.0739497188777,6
2024,202403020205,outsider_jockey,騎手型,2022104761|2022110054|2022106769|2022105556|2022100322|2022101573,|||||,0.145590668594|0.0970682703001|0.0847751375947|0.0822788027376|0.0778546290936|0.0761642825055,6
2024,202403020412,outsider_jockey,騎手型,2020106877|2020102702|2020102731|2020100914|2020106249|2019105476,|||||,0.168426182542|0.148193813389|0.104048642978|0.0781872491274|0.0683770127815|0.065173195489,6
2024,202403030105,outsider_jockey,騎手型,2022103591|2022100865|2022104900|2022105615|2022105913|2022101005,|||||,0.0939370702258|0.091999096778|0.0882145595199|0.0783726030614|0.0756182674089|0.0743228416,6
2024,202403030206,outsider_jockey,騎手型,2022105956|2022103196|2022103587|2022100430|2022110061|2022104967,|||||,0.134790654854|0.0988923605433|0.080405122923|0.0791283156502|0.0789028939344|0.0771746885251,6
2024,202403030208,outsider_jockey,騎手型,2017101448|2019101765|2021107063|2021101102|2021100697|2021105092,|||||,0.101070214997|0.0909771313254|0.0791506887811|0.0787307536629|0.0782376023203|0.0739995160179,6
2024,202403030308,outsider_jockey,騎手型,2021103033|2021105160|2019105807|2021103267|2021100360|2021102412,|||||,0.119648094655|0.117248874698|0.108983886809|0.0910369782342|0.0874826106669|0.0781523715071,6
2024,202403030310,outsider_jockey,騎手型,2020101872|2021100157|2021106440|2020102718|2020106777|2019101643,|||||,0.101419964671|0.0834617711398|0.0803000628722|0.0776611086989|0.0746497303682|0.0703116098375,6
2024,202403030409,outsider_jockey,騎手型,2022104698|2022103192|2022110039|2022105244|2022106912|2022103549,|||||,0.0948996508268|0.0943754471458|0.090982268063|0.0765362586656|0.0744820894889|0.0723406757201,6
2024,202403030411,outsider_jockey,騎手型,2017105109|2020103025|2021104094|2016104319|2016102175|2018101943,|||||,0.0929426506548|0.088354164338|0.0835263027423|0.0730063643161|0.0724045232914|0.0704205260568,6
2024,202403030412,outsider_jockey,騎手型,2020104346|2021101624|2021101120|2019106520|2020104340|2020105277,|||||,0.116348690404|0.100408665829|0.0974359244026|0.0796643321728|0.0714995042247|0.070158149623,6
2024,202403030501,outsider_jockey,騎手型,2019100683|2020106586|2020101481|2021110104|2020105326|2020106930,|||||,0.126673335757|0.106423626631|0.0941540567689|0.0796216746637|0.0773616842367|0.0766813881927,6
2024,202403030509,outsider_jockey,騎手型,2021110113|2020103655|2020104745|2020103772|2019105793|2021100165,|||||,0.0967750407254|0.0868826252737|0.086790434391|0.0828025452889|0.073902996071|0.0734086567687,6
2024,202403030511,outsider_jockey,騎手型,2020102630|2019104386|2021105242|2019103594|2018102585|2018102491,|||||,0.0906621959413|0.0896919260089|0.084816156542|0.0813692469124|0.0772447875195|0.0752250045432,6
2024,202403030611,outsider_jockey,騎手型,2020104136|2019103419|2019103971|2020100635|2019101324|2020105939,|||||,0.0959697233111|0.0836721309901|0.0829385706614|0.0822552171908|0.0683465474916|0.0678801456396,6
2024,202403030612,outsider_jockey,騎手型,2021100019|2021106690|2021104490|2020101229|2020105298|2021103289,|||||,0.103777224904|0.0934602722019|0.0865811656242|0.0818413747369|0.0813309276177|0.0762731659782,6
2024,202404010210,outsider_jockey,騎手型,2019102747|2019104697|2019100038|2018104559|2020101897|2020102940,|||||,0.123854095479|0.096294318983|0.0937433972806|0.0809736129464|0.0696597439552|0.0661839465217,6
2024,202404010211,outsider_jockey,騎手型,2018105277|2019106985|2018105296|2019105482|2017104172|2019104522,|||||,0.120205826391|0.0867105486307|0.0815082906988|0.0801864705595|0.0739232110529|0.0685705900058,6
2024,202404010309,outsider_jockey,騎手型,2021102670|2021104401|2021101730|2021110153|2021100152|2021110049,|||||,0.0907334708591|0.0851761689147|0.0848629140198|0.0815759122449|0.0784282057862|0.0745395604435,6
2024,202404010311,outsider_jockey,騎手型,2019100242|2020103892|2019105741|2019106293|2018105998|2019101975,|||||,0.100904012903|0.0944773802644|0.0940682367321|0.0878183145613|0.0803028649434|0.0792278791551,6
2024,202404010312,outsider_jockey,騎手型,2020103698|2019100677|2018109046|2020102208|2020103527|2020100084,|||||,0.0944197271866|0.0923436503991|0.0922987127431|0.0729072113501|0.0708859033127|0.0651433985278,6
2024,202404010407,outsider_jockey,騎手型,2020100295|2020106101|2020103073|2020100172|2018104561|2019106194,|||||,0.106892116819|0.100280311187|0.0969838093079|0.0761741431033|0.0682682583437|0.0640134560568,6
2024,202404010411,outsider_jockey,騎手型,2019104878|2018105192|2020102078|2019100792|2019106670|2020103275,|||||,0.126683463363|0.107522187505|0.0923193659416|0.0874765992351|0.0617491405838|0.0612698929952,6
2024,202404010808,outsider_jockey,騎手型,2019103876|2020100052|2019106503|2020103670|2020104676|2020104753,|||||,0.100127529929|0.0971721599022|0.0913891035403|0.0897910378221|0.0752274829435|0.0687982687982,6
2024,202404010810,outsider_jockey,騎手型,2020105246|2018105151|2019100898|2020103575|2020106946|2019109138,|||||,0.110698465823|0.10361672713|0.101753779793|0.088583348227|0.0869667066895|0.0782495651069,6
2024,202404020102,outsider_jockey,騎手型,2022105781|2022107317|2022105772|2022102701|2022110077|2022104676,|||||,0.179620751521|0.167557751548|0.0956832400855|0.0845882291865|0.0751378933046|0.0692068135099,6
2024,202404020211,outsider_jockey,騎手型,2021104820|2019105078|2020104797|2020100052|2021105441|2021103303,|||||,0.149273796305|0.111788465516|0.107553076676|0.0925717281844|0.0664268458339|0.0606908633097,6
2024,202404020307,outsider_jockey,騎手型,2019104711|2021105557|2018103535|2019100318|2020105198|2018105147,|||||,0.172926565769|0.160331507642|0.0837465931489|0.0717679910492|0.0637653617992|0.0628472393567,6
2024,202404020406,outsider_jockey,騎手型,2017101991|2020100258|2021110132|2019103692|2019106707|2019106870,|||||,0.114580871942|0.0920949993603|0.0880068069261|0.0816047307035|0.0757044572982|0.0722948564594,6
2024,202404020407,outsider_jockey,騎手型,2021110060|2021105104|2021105112|2021105615|2021105276|2021100561,|||||,0.186499046911|0.161396535562|0.0780059054586|0.0757265611217|0.068329113591|0.067880775974,6
2024,202404030105,outsider_jockey,騎手型,2022104774|2022104715|2022104612|2022100162|2022105861|2022101777,|||||,0.229790265355|0.126666291681|0.0798715724555|0.0793526975969|0.0781347160592|0.060261380385,6
2024,202404030202,outsider_jockey,騎手型,2021100730|2021106128|2021100644|2021101632|2021102067|2021105923,|||||,0.135414788341|0.124007711008|0.109606114086|0.0989042238012|0.0910925786735|0.0768098799312,6
2024,202404030210,outsider_jockey,騎手型,2020110114|2019105044|2020101262|2020100815|2017102838|2020106406,|||||,0.104376555013|0.0975005089569|0.0823374431731|0.0777360884708|0.0770846309437|0.0752186080514,6
2024,202404030305,outsider_jockey,騎手型,2022110108|2022100642|2022100267|2022102097|2022106043|2022101386,|||||,0.176750011993|0.127452370264|0.0848246888083|0.0759176791483|0.0710658746463|0.0674988125754,6
2024,202404030306,outsider_jockey,騎手型,2022104888|2022105127|2022104149|2022100994|2022106297|2022101116,|||||,0.20397184373|0.1060888404|0.097163536793|0.0757488534823|0.0718403434423|0.0623063000046,6
2024,202404030312,outsider_jockey,騎手型,2021105742|2020102862|2021105486|2021105622|2021104189|2021100189,|||||,0.143119920455|0.0948962098402|0.086015762509|0.0792863254251|0.0765443691708|0.0737651982527,6
2024,202404030606,outsider_jockey,騎手型,2022105190|2022101197|2022104941|2022105760|2022106214|2022105832,|||||,0.106586042881|0.0990990009435|0.0962945017868|0.0782064976283|0.0762133126009|0.066207246744,6
2024,202404030803,outsider_jockey,騎手型,2021104762|2021102067|2021106128|2021102825|2021101110|2021105923,|||||,0.210214641169|0.120365165272|0.113220184373|0.0905057108064|0.0855554811722|0.0749395896994,6
2024,202404040105,outsider_jockey,騎手型,2022102669|2022106594|2022101667|2022100405|2022107099|2022104929,|||||,0.140089819496|0.0863142806856|0.0769491745885|0.0749371218122|0.067411730519|0.0633309409318,6
2024,202404040108,outsider_jockey,騎手型,2019102736|2020105327|2021101194|2019101624|2020102086|2021100641,|||||,0.168569107397|0.0869897747634|0.0774234479274|0.0724411300375|0.0684210040762|0.0619003302344,6
2024,202404040402,outsider_jockey,騎手型,2022106296|2022106782|2022106619|2022101598|2022106405|2022105733,|||||,0.0952465566588|0.088314876075|0.0872374039436|0.0765279884117|0.0739662486254|0.0676606832118,6
2024,202404040409,outsider_jockey,騎手型,2020105298|2019104374|2021110014|2021104407|2019103517|2019101562,|||||,0.0957011763765|0.0895982781518|0.0826100934448|0.0808968385188|0.0765509547088|0.0713994254854,6
2024,202404040411,outsider_jockey,騎手型,2017105661|2019104586|2019105237|2020105154|2019104522|2019105482,|||||,0.101095998538|0.0781113430982|0.0722470171447|0.0678344308841|0.0672183550271|0.0605885402633,6
2024,202404040608,outsider_jockey,騎手型,2018101951|2019100677|2020103614|2019102510|2020102208|2021104896,|||||,0.107895014827|0.107141196997|0.105247758229|0.104286272999|0.0631091028693|0.0605026370556,6
2024,202404040609,outsider_jockey,騎手型,2021100564|2021105880|2018105515|2021100019|2021102401|2021107097,|||||,0.0935158302592|0.093485161894|0.0915404859198|0.0840347766865|0.0705993918407|0.0574381102327,6
2024,202404040702,outsider_jockey,騎手型,2022104902|2022102540|2022106975|2022106751|2022104538|2022101578,|||||,0.1210456029|0.110594238912|0.10260023924|0.0940754022994|0.0937027477539|0.0936513921717,6
2024,202404040809,outsider_jockey,騎手型,2020106677|2019105807|2019105076|2021105680|2021102841|2021101801,|||||,0.0970542135419|0.0963984422804|0.0963503923282|0.0857525931291|0.0704961075977|0.0694313333584,6
2024,202404040810,outsider_jockey,騎手型,2021100610|2021104073|2019104361|2018110149|2020105409|2020103898,|||||,0.0938344710074|0.0896304511181|0.0875276893794|0.0836811922121|0.07635499744|0.0737857745228,6
2024,202404040811,outsider_jockey,騎手型,2020110040|2018100040|2018100652|2018103515|2018101728|2019105968,|||||,0.0997481522069|0.0903635517237|0.0835034410782|0.0794106190864|0.0716911799259|0.0706905391798,6
2024,202405010109,outsider_jockey,騎手型,2019100631|2019101222|2019103101|2019106575|2019102161|2020106386,|||||,0.147245542099|0.11556298331|0.105809726573|0.0844252391704|0.0787364440903|0.0731098895171,6
2024,202405010202,outsider_jockey,騎手型,2021104315|2021106350|2021103737|2021106360|2021101956|2021100221,|||||,0.150934252029|0.138809506949|0.108806438291|0.102826359177|0.0739229130325|0.0737126276613,6
2024,202405010205,outsider_jockey,騎手型,2021104935|2021105787|2021105052|2021105214|2021101053|2021100066,|||||,0.261310046594|0.118542593964|0.0963207651232|0.074368891167|0.0655782957161|0.0597780109981,6
2024,202405010403,outsider_jockey,騎手型,2021104561|2021103030|2021103513|2021106398|2021100841|2021100518,|||||,0.262016843486|0.117412807377|0.11178202009|0.0762659530285|0.052687355895|0.0506874472639,6
2024,202405010404,outsider_jockey,騎手型,2020104570|2020102607|2020105326|2019105469|2020102962|2020103240,|||||,0.168604525491|0.114141416527|0.0995961484289|0.0780612408703|0.0761111912238|0.0737720840691,6
2024,202405010405,outsider_jockey,騎手型,2021105707|2021105968|2021104976|2021105526|2021104176|2021103542,|||||,0.220326473789|0.110682910194|0.0937502901536|0.0932116109997|0.0848280846958|0.0568373012083,6
2024,202405010408,outsider_jockey,騎手型,2020101830|2018105515|2019105551|2020100462|2020104648|2020102952,|||||,0.135679070608|0.115801825915|0.0908344461377|0.0769135420604|0.0652558645192|0.0636950803624,6
2024,202405010411,outsider_jockey,騎手型,2020103674|2020103368|2018104576|2020103054|2019103973|2020103277,|||||,0.1544213366|0.0799911567139|0.0631136487261|0.0598974036791|0.0596399305427|0.0596321797653,6
2024,202405010502,outsider_jockey,騎手型,2021110107|2021104914|2021101001|2021104177|2021110151|2021100786,|||||,0.194495897555|0.126075639564|0.11572674948|0.108578979271|0.0900063681174|0.0834757740977,6
2024,202405010512,outsider_jockey,騎手型,2018103278|2018105748|2019106691|2019103149|2018100595|2019104635,|||||,0.197490158781|0.11745443369|0.108714616533|0.0775367034721|0.0771448156997|0.0668316747033,6
2024,202405010704,outsider_jockey,騎手型,2021110111|2021102012|2021104809|2021103009|2021101486|2021100759,|||||,0.190121858186|0.15726116639|0.120323998587|0.0749651689057|0.0691173028191|0.0675255623861,6
2024,202405010803,outsider_jockey,騎手型,2021105181|2021100958|2021103261|2021101983|2021104990|2021102841,|||||,0.151630220096|0.118324404911|0.106588756773|0.105590810684|0.0888314422267|0.0790261304652,6
2024,202405020110,outsider_jockey,騎手型,2020103960|2017105321|2019103858|2020103328|2018105011|2019104586,|||||,0.0938313477619|0.0836613463193|0.0804610284361|0.0749431235086|0.0677099687074|0.0618428379597,6
2024,202405020112,outsider_jockey,騎手型,2020102814|2020110026|2020103605|2020105625|2020103218|2019110112,|||||,0.130785811689|0.129690785602|0.106032059715|0.0862919688174|0.0779727504493|0.0567691641806,6
2024,202405020311,outsider_jockey,騎手型,2021104887|2021102224|2021105557|2021104810|2021100363|2021105195,|||||,0.183412227273|0.0778891282916|0.0719157839373|0.069856995688|0.0688527553954|0.0620127571375,6
2024,202405020412,outsider_jockey,騎手型,2019104688|2020103198|2020101052|2019106895|2019105510|2019100567,|||||,0.121168838594|0.116150344115|0.10505410459|0.089319558819|0.0703793769037|0.0682779962414,6
2024,202405020605,outsider_jockey,騎手型,2021105805|2021105104|2021101045|2021110006|2021104961|2021105264,|||||,0.173171581373|0.12055364839|0.0897447588763|0.0819760495005|0.0766169815847|0.076603943255,6
2024,202405020810,outsider_jockey,騎手型,2018102394|2020101943|2020100931|2019102820|2020102896|2019103776,|||||,0.171152975059|0.132432218096|0.123338503|0.120155654819|0.0838006922006|0.0660358895855,6
2024,202405020812,outsider_jockey,騎手型,2020106408|2020106015|2020110034|2019106575|2018104332|2020110083,|||||,0.149536103931|0.139252288563|0.126460457426|0.0717965174034|0.0613550380528|0.060772823483,6
2024,202405020911,outsider_jockey,騎手型,2019105226|2020102942|2018104261|2018101071|2020102194|2018105573,|||||,0.177833685074|0.10026736557|0.0874040168286|0.0786373610028|0.0723538974853|0.0617275220753,6
2024,202405021006,outsider_jockey,騎手型,2018104598|2020102952|2019103427|2020101341|2020101465|2018105544,|||||,0.126282556091|0.119964719925|0.115236137892|0.0866704952403|0.0835005954953|0.083017368973,6
2024,202405021011,outsider_jockey,騎手型,2021105643|2021105414|2021106550|2021105743|2021103959|2021105764,|||||,0.181642725371|0.126489215736|0.0610744357145|0.0606760461854|0.05743932829|0.0573182004419,6
2024,202405021109,outsider_jockey,騎手型,2019101200|2020101134|2018105762|2020100656|2020103044|2020103985,|||||,0.155695431768|0.118883917006|0.0890804934772|0.0879681326599|0.0788814922476|0.0586525514234,6
2024,202405030112,outsider_jockey,騎手型,2020102468|2021110112|2021106734|2020100655|2018104014|2021106119,|||||,0.223649086095|0.125918481785|0.0965588356448|0.0816688937348|0.0583655472947|0.0563768980122,6
2024,202405030212,outsider_jockey,騎手型,2020110026|2020103605|2019106932|2020102439|2020100363|2020100297,|||||,0.107415114746|0.0929618899119|0.0916963942217|0.0801689562536|0.0770707618018|0.070618647274,6
2024,202405030308,outsider_jockey,騎手型,2020102805|2020106549|2021106797|2020103120|2020101457|2020104452,|||||,0.108815586467|0.102419609897|0.0971654371624|0.0965979390239|0.0949319708439|0.0903400658062,6
2024,202405030607,outsider_jockey,騎手型,2021105193|2020104291|2020103670|2021103288|2019104776|2019101749,|||||,0.14791743558|0.108684078979|0.0965252529709|0.0918252754643|0.0782956128616|0.0683089024166,6
2024,202405030810,outsider_jockey,騎手型,2018101989|2020100418|2020101905|2020106396|2018103391|2020110083,|||||,0.122668741774|0.115001811473|0.109027371143|0.0793043575065|0.0641098942269|0.0616392035061,6
2024,202405030812,outsider_jockey,騎手型,2021101535|2020104623|2021106421|2021105974|2020100617|2021104313,|||||,0.142105551685|0.0924550521191|0.0794181565118|0.0744055777248|0.0733875195381|0.0721089447756,6
2024,202405040104,outsider_jockey,騎手型,2022104800|2022102119|2022104988|2022103781|2022102298|2022100417,|||||,0.187060421798|0.104105688382|0.101122369925|0.0895023927896|0.0804381866077|0.0640224816304,6
2024,202405040210,outsider_jockey,騎手型,2020100635|2019106575|2019105039|2020101533|2019100629|2020106015,|||||,0.209936223438|0.0969511598419|0.0713671516055|0.0703368175113|0.069421599836|0.0627124303756,6
2024,202405040310,outsider_jockey,騎手型,2019100135|2020101174|2020100145|2021101703|2019107016|2019101759,|||||,0.105974633659|0.0824591916829|0.0792583375718|0.0762533686915|0.0751755329737|0.075151000911,6
2024,202405040504,outsider_jockey,騎手型,2022101438|2022106552|2022103741|2022101042|2022107021|2022102858,|||||,0.217117597768|0.110169920071|0.109932229137|0.0899181836266|0.058224111743|0.0557084269606,6
2024,202405040511,outsider_jockey,騎手型,2019105065|2019105118|2021104825|2019104462|2020101813|2018106318,|||||,0.181964377426|0.0728043229098|0.0718341618545|0.0644234527177|0.064012353863|0.0635038888649,6
2024,202405040605,outsider_jockey,騎手型,2022105072|2022104589|2022100486|2022105252|2022103895|2022100360,|||||,0.143195468709|0.105064368516|0.091530823704|0.082891195564|0.0750251665613|0.0738295095442,6
2024,202405040804,outsider_jockey,騎手型,2022110064|2022105788|2022105516|2022106553|2022101444|2022110152,|||||,0.21689675995|0.12343702663|0.114518283166|0.0907806404257|0.089181376872|0.0828411144528,6
2024,202405040805,outsider_jockey,騎手型,2022104930|2022105063|2022103243|2022104615|2022103543|2022102263,|||||,0.204198804889|0.14051553638|0.0795003672862|0.0790549611593|0.0709341745757|0.0696564975714,6
2024,202405050106,outsider_jockey,騎手型,2022103183|2022106718|2022103755|2022103753|2022101389|2022102378,|||||,0.141519786254|0.135800955016|0.112712924562|0.10593430669|0.101307032851|0.055282845276,6
2024,202405050207,outsider_jockey,騎手型,2021104426|2021100886|2020101121|2021107262|2021106639|2020103046,|||||,0.137240420381|0.132416848417|0.131854105924|0.111043067782|0.0758166912172|0.0505041657107,6
2024,202405050211,outsider_jockey,騎手型,2017105074|2020105750|2020100734|2018104895|2020103713|2019101847,|||||,0.107955125118|0.105426697736|0.0953617762841|0.0858883910095|0.0678269337705|0.0672909533652,6
2024,202405050309,outsider_jockey,騎手型,2022110118|2022101543|2022105474|2022105028|2022100918|2022101703,|||||,0.13185294014|0.0995620591494|0.0980644227733|0.0899290121202|0.0823317076306|0.0699381606672,6
2024,202405050410,outsider_jockey,騎手型,2021105384|2020105760|2020103009|2019105659|2020107030|2019105293,|||||,0.148748618793|0.126937129283|0.113224219035|0.111576625783|0.0933493761992|0.0898319302986,6
2024,202405050411,outsider_jockey,騎手型,2020101503|2020110090|2020102853|2019104586|2018105610|2018110035,|||||,0.109216154966|0.0887276918745|0.0877191830214|0.0849739944165|0.080394211376|0.0754855530609,6
2024,202405050604,outsider_jockey,騎手型,2022101552|2022105957|2022100096|2022106639|2022105775|2022106549,|||||,0.147170467465|0.143841018533|0.114914855887|0.0968064306157|0.0705053013625|0.0667623107522,6
2024,202405050704,outsider_jockey,騎手型,2022106261|2022104865|2022104991|2022104002|2022104862|2022104704,|||||,0.14521246285|0.139881369669|0.106019587165|0.105898598927|0.103566839057|0.0686464818027,6
2024,202405050806,outsider_jockey,騎手型,2022104782|2022105365|2022105129|2022105022|2022100638|2022105005,|||||,0.148811196341|0.140692816079|0.10938732733|0.10766164247|0.106628082533|0.101270708763,6
2024,202405050807,outsider_jockey,騎手型,2021105086|2020105813|2021104631|2021103145|2021100540|2020103559,|||||,0.172531853961|0.156678276452|0.113926241598|0.113298801605|0.0732651890414|0.0521112508733,6
2024,202406010104,outsider_jockey,騎手型,2021103713|2021106120|2021110094|2021100045|2021104401|2021101356,|||||,0.192336141803|0.0869952849366|0.0863217474175|0.0738826156459|0.0617357532797|0.0606523961368,6
2024,202406010202,outsider_jockey,騎手型,2021100886|2021105058|2021103512|2021102126|2021104969|2021104777,|||||,0.191650310075|0.115141726768|0.0792718632849|0.0660242968752|0.0651157919932|0.0612824465371,6
2024,202406010206,outsider_jockey,騎手型,2021105829|2021110090|2021104160|2021105981|2021100165|2021105123,|||||,0.21102902372|0.125805798861|0.0903460950594|0.0748224944339|0.0742492365943|0.0680112014891,6
2024,202406010208,outsider_jockey,騎手型,2020100078|2020101008|2020101803|2020106385|2019102953|2020105471,|||||,0.207391850575|0.115151133658|0.0871851133668|0.0725538993791|0.0647195619349|0.0608796776223,6
2024,202406010210,outsider_jockey,騎手型,2018110064|2016104926|2019105537|2020105939|2018100420|2018100763,|||||,0.173834526194|0.0851101918394|0.0822140761453|0.078565716902|0.0732953302554|0.0725372999953,6
2024,202406010304,outsider_jockey,騎手型,2021100845|2021106759|2021102220|2021101317|2021102839|2021100606,|||||,0.169044125991|0.114217276406|0.113992058128|0.0736875405093|0.0699907974807|0.0695424611151,6
2024,202406010311,outsider_jockey,騎手型,2018100040|2019102273|2017106137|2020101588|2020101678|2017106720,|||||,0.117135383542|0.10151500102|0.0794301027609|0.0793029669734|0.0771802422584|0.076462779426,6
2024,202406010312,outsider_jockey,騎手型,2019106335|2018104837|2020103328|2020104083|2019105063|2018105085,|||||,0.165214473769|0.0953537257178|0.0798716054179|0.0722879968219|0.0722277109341|0.0718341555105,6
2024,202406010407,outsider_jockey,騎手型,2020100060|2018100720|2020101465|2020102185|2020105137|2019104005,|||||,0.189855204378|0.0985065465026|0.089743599561|0.0714194373386|0.0698170269259|0.0688282033064,6
2024,202406010411,outsider_jockey,騎手型,2019105065|2019104998|2019101889|2018102227|2019105482|2018105277,|||||,0.153228227982|0.0952245504245|0.0871475530415|0.0838165757588|0.0711458856673|0.0688153064176,6
2024,202406010603,outsider_jockey,騎手型,2021110005|2021104464|2021102132|2021102322|2021103383|2021102462,|||||,0.285660378714|0.111286945574|0.0668320615376|0.0583872006614|0.0561217819222|0.0538736067213,6
2024,202406010604,outsider_jockey,騎手型,2021104797|2021106623|2021107172|2021103285|2021103302|2021100329,|||||,0.172356340906|0.117317021881|0.101194073752|0.0868404499193|0.0772618500577|0.0736193284988,6
2024,202406010612,outsider_jockey,騎手型,2020103463|2019105076|2020103685|2020100233|2020102976|2020105496,|||||,0.189513924093|0.120010009628|0.0910525081029|0.0901650556287|0.063593644119|0.0624334404623,6
2024,202406010706,outsider_jockey,騎手型,2021106519|2021102692|2021105066|2021105381|2021103038|2021101819,|||||,0.148618188147|0.0940778904067|0.0897197106855|0.082979912163|0.0719741937585|0.0642937992649,6
2024,202406010710,outsider_jockey,騎手型,2019101168|2020104497|2020100116|2019105604|2019106027|2018101075,|||||,0.148932964918|0.0971501000798|0.0949234519607|0.0819842789444|0.0746260739943|0.0616035718146,6
2024,202406020112,outsider_jockey,騎手型,2020106547|2019106704|2020101560|2019100566|2020103643|2019104385,|||||,0.148214227728|0.0927077181998|0.0751938419039|0.0748804779776|0.0704405689078|0.064528371117,6
2024,202406020210,outsider_jockey,騎手型,2020110105|2019102011|2016100952|2019105761|2017100452|2019100614,|||||,0.107521170277|0.10749588673|0.0950247594941|0.0842018733068|0.0810288521864|0.0770568198443,6
2024,202406020211,outsider_jockey,騎手型,2018104662|2019105056|2020105295|2016104877|2019105546|2019105496,|||||,0.0877137632687|0.0874731252716|0.084548163327|0.0785621616687|0.0756037962591|0.0731074310658,6
2024,202406020510,outsider_jockey,騎手型,2020101792|2019105044|2018110037|2019102041|2019105473|2018103926,|||||,0.184936566226|0.109915088104|0.0972305701117|0.0821824485659|0.0787590622602|0.0599487985379,6
2024,202406020511,outsider_jockey,騎手型,2018100671|2018105008|2020103390|2020105626|2019104968|2019105454,|||||,0.200543664427|0.113563630367|0.0979659165665|0.08189317707|0.0737604142008|0.0521553555578,6
2024,202406030112,outsider_jockey,騎手型,2020103247|2020102120|2018105316|2020103246|2019102654|2020103033,|||||,0.135425774701|0.121798970942|0.106711974426|0.0856903904645|0.0809050341304|0.0580479990403,6
2024,202406030206,outsider_jockey,騎手型,2021103529|2021102295|2021101394|2021106722|2021103342|2021101930,|||||,0.182378124016|0.13392086|0.0894651929508|0.066181311754|0.0637300102249|0.0615114219204,6
2024,202406030602,outsider_jockey,騎手型,2021101210|2021100180|2021104590|2021101779|2021101071|2021100065,|||||,0.181663609212|0.176259253867|0.105394662788|0.0746585231724|0.0705244488558|0.0664417742888,6
2024,202406030611,outsider_jockey,騎手型,2019101894|2018103819|2020110126|2019106293|2019105967|2020100829,|||||,0.133877303236|0.109499603167|0.0990461151615|0.090967734495|0.0819048281313|0.069739552855,6
2024,202406030712,outsider_jockey,騎手型,2019101673|2020109094|2019101185|2017104560|2019100553|2019100657,|||||,0.137593267012|0.132537561273|0.111704277609|0.0907086258118|0.0869013799902|0.0741903579544,6
2024,202406030805,outsider_jockey,騎手型,2021110164|2021110062|2021101535|2021104903|2021101394|2021104362,|||||,0.168691475122|0.14310299335|0.0882862435421|0.0827674358438|0.0786093960862|0.0649626469806,6
2024,202406030811,outsider_jockey,騎手型,2021107171|2021106787|2021101436|2021105795|2021105436|2021105856,|||||,0.213899870057|0.119971300648|0.0595865682669|0.0570969148717|0.0541096010034|0.0535549270156,6
2024,202406040104,outsider_jockey,騎手型,2022104860|2022105867|2022107294|2022107047|2022107097|2022100497,|||||,0.232394820104|0.123538714718|0.0916998609554|0.0724440056855|0.0653580337279|0.0645938476742,6
2024,202406040203,outsider_jockey,騎手型,2022105100|2022105943|2022102982|2022105767|2022105776|2022100124,|||||,0.217607505862|0.103384388073|0.0911537610043|0.0903056618764|0.075501732873|0.053516318694,6
2024,202406040306,outsider_jockey,騎手型,2020105327|2021106983|2019102439|2021102458|2018104014|2021103454,|||||,0.160405058871|0.0855205179285|0.0758169861163|0.0690951543403|0.0685378743334|0.0658933082145,6
2024,202406040406,outsider_jockey,騎手型,2020102607|2021105478|2021105929|2020100307|2021105722|2021102498,|||||,0.113284534375|0.110807090127|0.101206309907|0.0785250110408|0.0728619272719|0.0725339449756,6
2024,202406040410,outsider_jockey,騎手型,2020103794|2019105628|2020105760|2019104805|2019104159|2019100777,|||||,0.122460733061|0.107671810424|0.0872244967665|0.0802707762707|0.0735199332321|0.0700666427307,6
2024,202406040603,outsider_jockey,騎手型,2022104699|2022104065|2022100480|2022101341|2022105883|2022101462,|||||,0.234031630903|0.111862518711|0.0883973628778|0.0652688966147|0.0644125812893|0.0588489763192,6
2024,202406040612,outsider_jockey,騎手型,2020106579|2021100845|2020101143|2020100761|2018100595|2020106896,|||||,0.16266191804|0.125654527563|0.118657362437|0.0745810351695|0.0682529351195|0.0624488703415,6
2024,202406040704,outsider_jockey,騎手型,2022104744|2022101863|2022102995|2022106103|2022107290|2022101636,|||||,0.200689089329|0.0991746011149|0.0913499980989|0.0716744580299|0.0694614364774|0.0688526963707,6
2024,202406040810,outsider_jockey,騎手型,2019105175|2019104356|2021100338|2020105409|2021106939|2019103897,|||||,0.172885872649|0.106592736809|0.0919943649411|0.0894298425957|0.0845841499031|0.0693079295008,6
2024,202406040905,outsider_jockey,騎手型,2022104737|2022103132|2022100090|2022103277|2022104264|2022110030,|||||,0.235431349511|0.0934484008459|0.0895698922749|0.0674370598674|0.0628339020294|0.0537931188166,6
2024,202406040907,outsider_jockey,騎手型,2021105389|2021101701|2021100588|2019105824|2021105970|2020102895,|||||,0.226288294735|0.19797399297|0.0868551603105|0.0623209676885|0.0599653626799|0.0538798684748,6
2024,202406040911,outsider_jockey,騎手型,2018190001|2019105394|2017100434|2019101700|2020104243|2019103034,|||||,0.175036350047|0.114987024722|0.114642484534|0.0847442362059|0.0616129243973|0.055360211432,6
2024,202406040912,outsider_jockey,騎手型,2021104461|2019100723|2021110055|2019103605|2019100614|2018104332,|||||,0.155334105832|0.0922209956569|0.0895778859136|0.069260230167|0.0654646542239|0.0648839882717,6
2024,202406050105,outsider_jockey,騎手型,2022105231|2022110038|2022105593|2022102749|2022100627|2022100269,|||||,0.13646596593|0.1289846889|0.0918201020289|0.083137126601|0.0750298395413|0.0693759380678,6
2024,202406050106,outsider_jockey,騎手型,2022105088|2022105459|2022103003|2022105694|2022102606|2022102801,|||||,0.152255411873|0.136507760929|0.133907323496|0.110283402027|0.104558458904|0.0986926390751,6
2024,202406050112,outsider_jockey,騎手型,2019105175|2020103962|2021104665|2021105485|2021100522|2021100356,|||||,0.158704430441|0.121900369384|0.121743835361|0.103426030073|0.0859530133867|0.0749573086887,6
2024,202406050204,outsider_jockey,騎手型,2022103980|2022102527|2022104490|2022107286|2022100028|2022103030,|||||,0.114345107065|0.111155918312|0.101633413609|0.0877762657034|0.086592600285|0.0776874623117,6
2024,202406050205,outsider_jockey,騎手型,2022104695|2022104592|2022105255|2022101867|2022102907|2022106761,|||||,0.13640041827|0.133072863732|0.0682793952647|0.0643254071257|0.0634062162026|0.0597773038233,6
2024,202406050305,outsider_jockey,騎手型,2022105338|2022104844|2022102920|2022102393|2022105233|2022105489,|||||,0.105163324784|0.0896809503672|0.0868366328159|0.0858841918328|0.0854840711463|0.0787149116938,6
2024,202406050409,outsider_jockey,騎手型,2020103228|2020103653|2020105642|2021104994|2020103682|2019104674,|||||,0.0987281128355|0.0914559008491|0.0880707430872|0.0746225376324|0.0697619936799|0.0695065003742,6
2024,202406050410,outsider_jockey,騎手型,2020104136|2020100142|2020102345|2019100286|2020102964|2016105885,|||||,0.0954611780913|0.0831755978428|0.081088820013|0.0804096148512|0.0762319534174|0.0716805443981,6
2024,202406050411,outsider_jockey,騎手型,2021103868|2019102238|2019105967|2021110126|2021110164|2018103105,|||||,0.103852576152|0.0990994441255|0.0865360897831|0.0791028477451|0.0780442586885|0.0748119962324,6
2024,202406050505,outsider_jockey,騎手型,2022104925|2022105165|2022104958|2022105050|2022106544|2022105003,|||||,0.154401105977|0.129682849695|0.102710058645|0.0900428209898|0.0889011328268|0.0884683800991,6
2024,202406050508,outsider_jockey,騎手型,2021100304|2021101928|2021105767|2021100730|2021100761|2021105212,|||||,0.133205662965|0.117625870614|0.106726542063|0.106023439023|0.0753260037341|0.0647920439315,6
2024,202406050511,outsider_jockey,騎手型,2021105801|2020103732|2021104955|2021105764|2021104434|2020100148,|||||,0.132063611041|0.0932058950734|0.0912523767332|0.0846010876492|0.0735361837062|0.0699316477598,6
2024,202406050605,outsider_jockey,騎手型,2022104616|2022104953|2022105843|2022101066|2022106615|2022105240,|||||,0.163880953311|0.16137998733|0.0989297963713|0.097919443622|0.0673508986503|0.0613120478614,6
2024,202406050606,outsider_jockey,騎手型,2022101692|2022106669|2022100045|2022100571|2022105247|2022103555,|||||,0.194160903346|0.112600137723|0.0899733991527|0.0756683002502|0.068548490719|0.0684696363952,6
2024,202406050611,outsider_jockey,騎手型,2021101436|2018105043|2020100909|2020102740|2019101629|2018104261,|||||,0.118833226241|0.0940729778275|0.0920097492478|0.0846550059633|0.074599249548|0.0667584187437,6
2024,202406050711,outsider_jockey,騎手型,2020106667|2020102935|2021105625|2019105048|2020105656|2019104767,|||||,0.0989384868491|0.0944496166385|0.0906235870019|0.0806197432809|0.0688683656805|0.0670689145379,6
2024,202406050809,outsider_jockey,騎手型,2021105829|2020101548|2020103205|2020106677|2021104751|2020103321,|||||,0.16214099684|0.154994268182|0.0748695748778|0.0738851780245|0.0709112291764|0.0678542639702,6
2024,202406050911,outsider_jockey,騎手型,2022101745|2022104615|2022106611|2022100161|2022105519|2022105033,|||||,0.168998866155|0.126340895321|0.0683777651281|0.0600465089354|0.0594450224482|0.0580359337233,6
2024,202407010109,outsider_jockey,騎手型,2020106458|2020104429|2019103600|2020101271|2020105517|2019102282,|||||,0.114071255758|0.103185685293|0.0824248222444|0.0677741883105|0.0647834751634|0.0591611517997,6
2024,202407010211,outsider_jockey,騎手型,2018104541|2020103650|2020103472|2017104756|2020103275|2019100596,|||||,0.259452479042|0.176192157305|0.0766641625767|0.0729492849001|0.0587615685576|0.0564510841308,6
2024,202407010402,outsider_jockey,騎手型,2021110004|2021102754|2021101646|2021110083|2021102572|2021110129,|||||,0.124044017727|0.109466075059|0.103489448851|0.0753766071548|0.0741566929625|0.0702949542058,6
2024,202407010602,outsider_jockey,騎手型,2021105395|2021101551|2021105701|2021105000|2021106642|2021103825,|||||,0.201366110024|0.142807951455|0.0714899983444|0.0691806037123|0.0653867051303|0.0630751225427,6
2024,202407010612,outsider_jockey,騎手型,2020100145|2020101574|2018102040|2020104091|2020105157|2020106458,|||||,0.178847046529|0.120829297271|0.0863539151138|0.0839623811703|0.0749956731371|0.0744825083126,6
2024,202407020206,outsider_jockey,騎手型,2021102995|2021104438|2021105912|2021104063|2021105055|2021100090,|||||,0.125594956435|0.116060853981|0.086973313489|0.0798607054437|0.068468794081|0.0661700317926,6
2024,202407020305,outsider_jockey,騎手型,2022106637|2022105506|2022102286|2022104858|2022100632|2022104165,|||||,0.269617351338|0.085861450051|0.073020885874|0.0705246205674|0.0540754350734|0.0540657797035,6
2024,202407020306,outsider_jockey,騎手型,2022106395|2022106318|2022102865|2022106628|2022103264|2022107357,|||||,0.129068820253|0.112841207752|0.0865153688356|0.0801766445845|0.0715383734574|0.068385604767,6
2024,202407020411,outsider_jockey,騎手型,2020101827|2020101543|2019105512|2019105126|2017106137|2020105018,|||||,0.0910010043839|0.0840288464439|0.0826450916016|0.0794524873253|0.0687105036236|0.0649899997503,6
2024,202407020505,outsider_jockey,騎手型,2022104420|2022104944|2022104910|2022102639|2022100993|2022103229,|||||,0.127988195691|0.120087300121|0.0899929684107|0.0777250532466|0.0675310318945|0.0655992401063,6
2024,202407020511,outsider_jockey,騎手型,2020103199|2020106770|2018104778|2019101668|2018106031|2020102818,|||||,0.11784309314|0.107921519133|0.0937127699219|0.0911954084795|0.0740366494355|0.0726542389924,6
2024,202407020606,outsider_jockey,騎手型,2019105271|2020101823|2021103943|2021102755|2019105541|2021101634,|||||,0.152496643841|0.108369285643|0.101402301843|0.0932205148446|0.0715822662063|0.0676855379331,6
2024,202407020706,outsider_jockey,騎手型,2022110118|2022100333|2022104009|2022106201|2022106604|2022104059,|||||,0.231454732189|0.12219427462|0.101378989198|0.065328874162|0.0626132578266|0.0622425608886,6
2024,202407020806,outsider_jockey,騎手型,2021100651|2021105819|2021101430|2021102988|2021105290|2021105247,|||||,0.130693902181|0.117408630406|0.107476699604|0.102255811109|0.0831348852622|0.0667777949987,6
2024,202407020810,outsider_jockey,騎手型,2020110106|2020102061|2019100652|2019100284|2021103725|2019101005,|||||,0.110718119294|0.109302148309|0.0974995919097|0.0790330166252|0.0694803973596|0.0666953544392,6
2024,202407030108,outsider_jockey,騎手型,2019105487|2021105604|2020105073|2020103588|2021105862|2019105265,|||||,0.122752863505|0.117843963769|0.0976774681706|0.0910111314916|0.0848579929037|0.0787905747515,6
2024,202407030303,outsider_jockey,騎手型,2022100632|2022107317|2022106682|2022100636|2022105148|2022104498,|||||,0.162635011875|0.135542302048|0.0949686037273|0.0917252838489|0.0886408899439|0.0777490832125,6
2024,202407030306,outsider_jockey,騎手型,2021105141|2021105289|2020106925|2019104068|2021105746|2021105831,|||||,0.18675619442|0.132794357109|0.0998297659387|0.0842138042596|0.0792922910286|0.0681907668712,6
2024,202407030312,outsider_jockey,騎手型,2021104101|2021110131|2021110158|2021105646|2019105434|2020100747,|||||,0.13029180483|0.120765996613|0.119794770896|0.105350029649|0.072091444855|0.0669516272599,6
2024,202407030410,outsider_jockey,騎手型,2020103464|2021105548|2020103354|2020104332|2020103393|2020103061,|||||,0.156619977423|0.109426398111|0.0787975735594|0.077549278112|0.0733239782888|0.0688885454635,6
2024,202407030605,outsider_jockey,騎手型,2022103208|2022104776|2022102529|2022100791|2022105988|2022105300,|||||,0.214932533539|0.101233767783|0.0960104748917|0.0930559363262|0.0865556565205|0.0793509410123,6
2024,202407030607,outsider_jockey,騎手型,2021105602|2021110088|2021105238|2021110012|2020104980|2021106752,|||||,0.137179073973|0.11880930172|0.103999771384|0.0864182835271|0.0759883882132|0.0598337722012,6
2024,202407030609,outsider_jockey,騎手型,2019110026|2021110122|2021110153|2020104559|2021101470|2019104169,|||||,0.150506827569|0.147012489199|0.127308119802|0.0911710547093|0.0718919329497|0.0635490994589,6
2024,202407030611,outsider_jockey,騎手型,2019104660|2020100818|2019103920|2019104853|2020106408|2018104481,|||||,0.128487843463|0.108869527843|0.106139274301|0.0938123837079|0.088802235867|0.0709904017199,6
2024,202407030612,outsider_jockey,騎手型,2020104772|2020105734|2021104777|2019102705|2020100934|2020103519,|||||,0.130056132138|0.126763821588|0.108644039532|0.0994869761193|0.0783699062823|0.0615185469016,6
2024,202407030711,outsider_jockey,騎手型,2021104791|2021106603|2021104971|2021102728|2021100913|2021103272,|||||,0.246228820238|0.0743822467878|0.0692482027049|0.0691618155215|0.0685953176002|0.0683446291893,6
2024,202407030804,outsider_jockey,騎手型,2022110129|2022106699|2022110090|2022110052|2022100180|2022101827,|||||,0.217608430538|0.108032455679|0.101256232815|0.0935905598792|0.0601383700623|0.059341222164,6
2024,202407030903,outsider_jockey,騎手型,2022102565|2022105793|2022103068|2022103630|2022103728|2022101178,|||||,0.130667702436|0.12962239097|0.0987327211217|0.0839166070479|0.0781402864961|0.0773156475606,6
2024,202407030907,outsider_jockey,騎手型,2020103969|2021101412|2021105245|2021103520|2020103538|2021105528,|||||,0.134031301482|0.132643512263|0.105701545909|0.0749602365472|0.0654967006951|0.0586493735241,6
2024,202407040109,outsider_jockey,騎手型,2020103444|2019104478|2020100934|2020106896|2019105063|2020106579,|||||,0.103419090249|0.101604221424|0.0828768225223|0.0807794515471|0.0729423373213|0.0720922015417,6
2024,202407040202,outsider_jockey,騎手型,2020101869|2021105706|2021100652|2019105794|2021105895|2020102542,|||||,0.148563851435|0.11881666569|0.105595080332|0.0926655940114|0.0890347213015|0.0702018621469,6
2024,202407040210,outsider_jockey,騎手型,2021110156|2018105129|2021104649|2020101805|2020107082|2021105775,|||||,0.138515931391|0.107337462461|0.104333435535|0.102714859267|0.0837053001356|0.0823013856099,6
2024,202407040212,outsider_jockey,騎手型,2021105577|2021102420|2021101280|2021105831|2021105002|2019105051,|||||,0.120675770529|0.112730952818|0.0948710203195|0.0905358691802|0.0823625295924|0.0822818133148,6
2024,202407040305,outsider_jockey,騎手型,2022106042|2022107096|2022106324|2022105172|2022110110|2022105808,|||||,0.126176458263|0.123872227079|0.122588268334|0.0838272208734|0.0717319218542|0.0705110578602,6
2024,202407040307,outsider_jockey,騎手型,2018105021|2019105824|2020103910|2021105580|2021105434|2019104558,|||||,0.115944109754|0.0946479169582|0.0830660314567|0.0670545721567|0.0669210745268|0.0633684104605,6
2024,202407040311,outsider_jockey,騎手型,2020106678|2020103025|2019104828|2019102879|2017100464|2020100157,|||||,0.0792746831873|0.0781518480005|0.0763909190643|0.07633246706|0.0705225318888|0.0688266511322,6
2024,202407040504,outsider_jockey,騎手型,2022105148|2022106619|2022107317|2022106510|2022104656|2022107260,|||||,0.108182152766|0.102234825024|0.0784243439308|0.0760950259927|0.0755142825794|0.059546575688,6
2024,202407040507,outsider_jockey,騎手型,2021110106|2021104321|2021105871|2021101415|2021110012|2021105480,|||||,0.095578815555|0.0818548512197|0.0810531114569|0.079200185792|0.0790570436781|0.0678145175446,6
2024,202407040605,outsider_jockey,騎手型,2022105460|2022104642|2022100459|2022104732|2022103908|2022103907,|||||,0.102455547195|0.099462820208|0.0907124874615|0.0899599135672|0.0728807988708|0.069577182496,6
2024,202407040607,outsider_jockey,騎手型,2021104678|2019105745|2020102952|2021103711|2020104676|2020105564,|||||,0.112391637478|0.10593356235|0.0952738090309|0.0776900718819|0.0686179415677|0.063755142487,6
2024,202408010104,outsider_jockey,騎手型,2021103237|2021102236|2021101422|2021105931|2021102221|2021102083,|||||,0.146281894305|0.107190634206|0.0958946595821|0.0907534498094|0.0714784894753|0.0567255744863,6
2024,202408010111,outsider_jockey,騎手型,2020103661|2018105020|2019106670|2020103043|2020103277|2019104730,|||||,0.180963966029|0.0770426279112|0.0667265009525|0.0643799741583|0.0626948448281|0.0602008711831,6
2024,202408010303,outsider_jockey,騎手型,2021105917|2021101490|2021100906|2021110019|2021106608|2021104744,|||||,0.140212190468|0.123411566103|0.119439839591|0.100102004105|0.0730982564314|0.0710331876594,6
2024,202408010305,outsider_jockey,騎手型,2021105056|2021105618|2021105218|2021105837|2021103041|2021106977,|||||,0.141608745714|0.109496327899|0.0907501287505|0.0894330580365|0.0717815004428|0.0700894215072,6
2024,202408010311,outsider_jockey,騎手型,2021110148|2021105565|2021105646|2021105601|2021105862|2021103080,|||||,0.132223380132|0.0993797101412|0.0670559585299|0.0622422520068|0.0617586109447|0.0597521712932,6
2024,202408010404,outsider_jockey,騎手型,2021104123|2021103804|2021103223|2021105247|2021102785|2021100711,|||||,0.169992715169|0.153063412694|0.118081065223|0.10791305233|0.067668462239|0.0590804925849,6
2024,202408010411,outsider_jockey,騎手型,2018101343|2017104852|2020100896|2019105775|2017101121|2018105366,|||||,0.103631412168|0.0905115593349|0.0841756961799|0.0839987865537|0.083320287433|0.0813085124374,6
2024,202408010412,outsider_jockey,騎手型,2020110039|2019101618|2020106660|2019103008|2020106737|2020105089,|||||,0.118622499991|0.110846752009|0.0912573972781|0.0859022983303|0.0773963015482|0.0730191597655,6
2024,202408010503,outsider_jockey,騎手型,2021110067|2021103994|2021109088|2021106631|2021102906|2021100992,|||||,0.181757087616|0.134766569704|0.0960653762641|0.0813641111341|0.0722111154238|0.0698763370257,6
2024,202408010505,outsider_jockey,騎手型,2021105880|2021105245|2021106601|2021110169|2021105800|2021107173,|||||,0.118100465405|0.116595654668|0.106052999446|0.089123592387|0.0853114368096|0.0794038109342,6
2024,202408010506,outsider_jockey,騎手型,2021105289|2021100479|2021103821|2021110059|2021101680|2021104928,|||||,0.194498629668|0.104526451654|0.0847218533467|0.0778773260432|0.0720701505917|0.0628379111255,6
2024,202408010603,outsider_jockey,騎手型,2021104414|2021103214|2021103943|2021100565|2021103300|2021105525,|||||,0.140748800833|0.114289096457|0.109770911658|0.105155661008|0.0617771876479|0.0573476504457,6
2024,202408010605,outsider_jockey,騎手型,2021104743|2021105967|2021104122|2021105074|2021105970|2021103020,|||||,0.227884319068|0.107257153695|0.0923029151216|0.0859294878064|0.0845163218723|0.079921610212,6
2024,202408010702,outsider_jockey,騎手型,2021105104|2021110105|2021110102|2021110073|2021103895|2021100299,|||||,0.201988226977|0.110684090201|0.103459470976|0.0863143065415|0.0775658122811|0.0616964055703,6
2024,202408010705,outsider_jockey,騎手型,2021105049|2021106940|2021103488|2021100716|2021105682|2021100685,|||||,0.14065494502|0.116605347306|0.106731399974|0.105846112599|0.0852416189442|0.075514629898,6
2024,202408010711,outsider_jockey,騎手型,2016100617|2018105431|2020102904|2018104948|2018100829|2018106084,|||||,0.105556308772|0.0855886130296|0.0797577176107|0.079486110106|0.0744496267081|0.0730950734469,6
2024,202408020104,outsider_jockey,騎手型,2021103287|2021105768|2021106974|2021102742|2021103157|2021106681,|||||,0.145057874775|0.109048487663|0.10058820887|0.0742271503375|0.0721904199846|0.0646824034931,6
2024,202408020112,outsider_jockey,騎手型,2019100572|2020103340|2018104938|2020106557|2019104682|2020103495,|||||,0.1268812903|0.117536533493|0.0992981487137|0.0873813039547|0.0823519572758|0.0544176134623,6
2024,202408020205,outsider_jockey,騎手型,2021102622|2021101409|2021105721|2021110166|2021105002|2021105460,|||||,0.238887391573|0.120839420956|0.109587272734|0.0960631376123|0.0836641035862|0.0747607198283,6
2024,202408020210,outsider_jockey,騎手型,2020103439|2020105786|2020106909|2019105354|2020105834|2019105168,|||||,0.252144426473|0.108767293592|0.10002962898|0.0899608015118|0.0874319575618|0.0865878106269,6
2024,202408020211,outsider_jockey,騎手型,2019105439|2018100394|2019105658|2019105126|2019110001|2020106851,|||||,0.115521068614|0.0845058928956|0.0805996211648|0.0702718212558|0.0701896783222|0.0691344002745,6
2024,202408020304,outsider_jockey,騎手型,2021110163|2021105686|2021103719|2021110159|2021105692|2021105146,|||||,0.138132090807|0.131695148473|0.108314972525|0.107151175227|0.0919664654838|0.0562958713995,6
2024,202408020312,outsider_jockey,騎手型,2018101592|2020103625|2019104632|2020105124|2020104780|2020104126,|||||,0.138051984658|0.112283251609|0.110562365023|0.0697573049632|0.065925386571|0.0621137495871,6
2024,202408020504,outsider_jockey,騎手型,2021100650|2021101535|2021103696|2021101443|2021100288|2021103142,|||||,0.134765925766|0.105962920344|0.0963890353257|0.0778973118956|0.0749362589469|0.0619453263155,6
2024,202408020508,outsider_jockey,騎手型,2020101182|2019105798|2020103340|2019101158|2020100103|2020101319,|||||,0.134989811963|0.10514596812|0.104963864381|0.0847732814791|0.0779998365316|0.0673900172091,6
2024,202408020704,outsider_jockey,騎手型,2021100870|2021110152|2021103497|2021105009|2021105112|2021104841,|||||,0.123757121437|0.111872191165|0.105366501064|0.0947581656702|0.0879091460216|0.0670198773402,6
2024,202408020708,outsider_jockey,騎手型,2020103339|2020110100|2020110076|2020101113|2020103902|2020100688,|||||,0.12561574594|0.105418923186|0.104575712602|0.0888640264198|0.0813761150588|0.0763895536864,6
2024,202408020804,outsider_jockey,騎手型,2021104549|2021100337|2021104878|2021104063|2021104325|2021104912,|||||,0.138061656553|0.137248510632|0.127409755249|0.0922618440606|0.0789444863792|0.0651435695805,6
2024,202408030204,outsider_jockey,騎手型,2021103291|2021104750|2021104780|2021105398|2021101760|2021100959,|||||,0.114223359639|0.110179020912|0.0888549548223|0.0791759440044|0.0779906965667|0.0777683221603,6
2024,202408030311,outsider_jockey,騎手型,2021103020|2021105094|2021106611|2021105615|2021101733|2021105271,|||||,0.255477129734|0.0718886922514|0.0690244427731|0.0666302872835|0.064158574655|0.0637700405947,6
2024,202408030312,outsider_jockey,騎手型,2019102824|2019103543|2019104853|2018103611|2020101641|2020104363,|||||,0.110350286376|0.108458052989|0.10502212783|0.0762891298131|0.0724323818191|0.0689094991602,6
2024,202408030410,outsider_jockey,騎手型,2020102630|2019105044|2020110114|2019100751|2020101543|2018103926,|||||,0.165644120153|0.0882838675174|0.0721805424819|0.0678333809785|0.0651911629302|0.0648349974342,6
2024,202408030411,outsider_jockey,騎手型,2020103532|2019105207|2016104946|2019102879|2020103650|2019105748,|||||,0.176107792796|0.0875495671726|0.0717416129404|0.0696658570406|0.0669555059561|0.0650862363058,6
2024,202408030510,outsider_jockey,騎手型,2019103507|2019104768|2018100026|2020104760|2018102657|2020106884,|||||,0.116161102578|0.0849464543192|0.0801546250469|0.0796608633959|0.0782446858963|0.0756070930744,6
2024,202408030606,outsider_jockey,騎手型,2021102380|2021105251|2021105149|2021103236|2021103318|2021103293,|||||,0.143731203178|0.123883602473|0.0788078790644|0.0671945925782|0.0627356837634|0.0593868817352,6
2024,202408030810,outsider_jockey,騎手型,2020103413|2020106338|2017105574|2019103920|2018105264|2020103354,|||||,0.122753294145|0.121838103495|0.114214243999|0.105537619854|0.0814173590544|0.0723412045965,6
2024,202408030812,outsider_jockey,騎手型,2019104761|2019105171|2020102360|2019102514|2020100665|2020102575,|||||,0.159933887078|0.146824313515|0.0786568166224|0.0785531343452|0.0686398879959|0.0661402448413,6
2024,202408030904,outsider_jockey,騎手型,2021105880|2021100415|2021105567|2021100365|2021105537|2021101455,|||||,0.208397609691|0.0851266293485|0.0835130393871|0.075661071552|0.0755701665916|0.0622953383472,6
2024,202408030909,outsider_jockey,騎手型,2021104752|2021105618|2021105528|2021105746|2021103520|2021100683,|||||,0.131117657322|0.129185724886|0.120550398442|0.105268369545|0.0934939324029|0.0898593131187,6
2024,202408031110,outsider_jockey,騎手型,2019100539|2019100177|2017102952|2020110075|2019110053|2020106642,|||||,0.107838556721|0.100789978715|0.0998765068546|0.0785158036385|0.0780641296068|0.069829694421,6
2024,202408031202,outsider_jockey,騎手型,2021105530|2021101655|2021104039|2021107295|2021104097|2021102593,|||||,0.109720389571|0.10949679696|0.0957023275842|0.0843166776808|0.0787950136737|0.0672224069733,6
2024,202408031210,outsider_jockey,騎手型,2016105223|2018105454|2019105345|2019101348|2018102595|2020102502,|||||,0.089337388439|0.0810013178673|0.0701540095247|0.0686125497752|0.0657310542519|0.0636722923185,6
2024,202408031212,outsider_jockey,騎手型,2017105574|2019102106|2019102137|2018103021|2020104613|2017104138,|||||,0.105191360713|0.091511734994|0.0843056210594|0.0802241955497|0.0779448039666|0.0664408140412,6
2024,202408040109,outsider_jockey,騎手型,2021101406|2020103340|2019104169|2021110104|2021101470|2017103278,|||||,0.150197493418|0.14307736765|0.07563907602|0.072466388432|0.0714432737943|0.0577733017529,6
2024,202408040212,outsider_jockey,騎手型,2020103699|2020101121|2020105073|2019103123|2020104477|2020101872,|||||,0.112079346867|0.102917049761|0.0970369897712|0.0928781782888|0.0829321867646|0.0725317679776,6
2024,202408040303,outsider_jockey,騎手型,2021102835|2021105247|2021104518|2021100981|2021106420|2021104101,|||||,0.153174537879|0.140233418054|0.10946016949|0.0962753567837|0.0578536491191|0.056652756163,6
2024,202408040611,outsider_jockey,騎手型,2019105062|2018101943|2020103390|2019104968|2019102772|2020103640,|||||,0.29334330416|0.084424204809|0.0804389373891|0.076855318699|0.0732113655908|0.0611105338603,6
2024,202408040707,outsider_jockey,騎手型,2021100711|2021110159|2019106069|2021102993|2021103866|2021105508,|||||,0.128666884715|0.124204577861|0.123889438724|0.0894852594191|0.0834750939641|0.0646826536607,6
2024,202408040710,outsider_jockey,騎手型,2020103099|2020103393|2019105545|2019101079|2020101632|2018105011,|||||,0.108328170178|0.102595629851|0.0918357132829|0.0849079334531|0.0805697571334|0.071877289569,6
2024,202408050104,outsider_jockey,騎手型,2022110113|2022110012|2022100377|2022110137|2022102228|2022103485,|||||,0.219405680331|0.10111359652|0.098073615826|0.094116081585|0.0645256741522|0.063247404089,6
2024,202408050105,outsider_jockey,騎手型,2022105396|2022104885|2022106134|2022105868|2022107273|2022100210,|||||,0.239198363684|0.114777246834|0.0849726389482|0.0842049799631|0.0624593326189|0.0569464015739,6
2024,202408050111,outsider_jockey,騎手型,2019104911|2017105097|2021102320|2020101543|2021102392|2020101503,|||||,0.138598952902|0.0905061647192|0.0765840959404|0.0739822504523|0.0712911961762|0.0652293610931,6
2024,202408050203,outsider_jockey,騎手型,2022105848|2022104086|2022106992|2022102828|2022105887|2022102554,|||||,0.124224349478|0.116316112061|0.109725203003|0.105300747904|0.0619654435656|0.0562141131893,6
2024,202408050204,outsider_jockey,騎手型,2022105212|2022106621|2022102702|2022105778|2022102729|2022103729,|||||,0.187390574633|0.0994323336096|0.0884266241593|0.0863294369866|0.0791600387027|0.0677438036159,6
2024,202408050205,outsider_jockey,騎手型,2022105037|2022105633|2022104706|2022103714|2022103210|2022105136,|||||,0.191253595895|0.116878883243|0.112224840558|0.0972564226065|0.0970476293392|0.0858965459584,6
2024,202408050209,outsider_jockey,騎手型,2020103099|2020104332|2020105354|2021104434|2020105539|2020103482,|||||,0.106335200988|0.0943859616799|0.0940828870152|0.0915529813732|0.0909083677308|0.0849775743085,6
2024,202408050303,outsider_jockey,騎手型,2022105316|2022105265|2022101429|2022104858|2022102931|2022101103,|||||,0.139356110813|0.137019645127|0.10976989052|0.0976088497694|0.0887029244406|0.0872755291527,6
2024,202408050304,outsider_jockey,騎手型,2022110109|2022106755|2022106942|2022100570|2022105343|2022103634,|||||,0.176312535806|0.108316917438|0.106873608962|0.0901568427563|0.084816453608|0.0778358305244,6
2024,202408050305,outsider_jockey,騎手型,2022104654|2022105552|2022105954|2022104556|2022104963|2022106684,|||||,0.198388908178|0.169189020434|0.0899713519638|0.0862230249791|0.0799715716619|0.0787601875943,6
2024,202408050307,outsider_jockey,騎手型,2021105706|2021106554|2021102845|2019110026|2021110153|2017100426,|||||,0.157628203112|0.102314711516|0.0967193711803|0.0944897414759|0.0831948566043|0.0699643057774,6
2024,202408050607,outsider_jockey,騎手型,2021102389|2020104772|2021103225|2020103246|2020103248|2019106419,|||||,0.152738283449|0.103661067882|0.0982442479163|0.0900972928189|0.0834094248591|0.0786552247809,6
2024,202408050711,outsider_jockey,騎手型,2021110031|2019105126|2019103034|2021105774|2015104364|2019105938,|||||,0.0942106303597|0.0876754300622|0.0875924202766|0.0758009823259|0.0696493565519|0.0694421786733,6
2024,202408050804,outsider_jockey,騎手型,2022100537|2022106161|2022103242|2022100187|2022106646|2022110121,|||||,0.125051869737|0.123942697785|0.103020263515|0.101721342501|0.064301255445|0.0627936398118,6
2024,202408050808,outsider_jockey,騎手型,2021105333|2021104407|2017100426|2018103388|2020104346|2021100086,|||||,0.139751606554|0.116004912236|0.10060438852|0.0813364953487|0.0806213955114|0.072556905731,6
2024,202408060105,outsider_jockey,騎手型,2022105201|2022110124|2022100226|2022106320|2022105158|2022102739,|||||,0.146210596673|0.139662253098|0.0912128523381|0.0909283810298|0.0760373204128|0.0664255237103,6
2024,202408060106,outsider_jockey,騎手型,2022105562|2022102295|2022105046|2022105060|2022104180|2022105547,|||||,0.129297464157|0.125985719656|0.124074849871|0.114675783201|0.0965640148505|0.0791977259516,6
2024,202408060211,outsider_jockey,騎手型,2020100273|2020103626|2020100142|2020102904|2019106929|2018105431,|||||,0.0953798532583|0.085854556621|0.0851074703315|0.0850619169855|0.0846878680223|0.0844550053797,6
2024,202408060406,outsider_jockey,騎手型,2021104646|2021105503|2021105427|2021106194|2021105583|2021105729,|||||,0.158850053415|0.142317807609|0.0979934775362|0.081046080159|0.0795278958634|0.0777943341481,6
2024,202408060410,outsider_jockey,騎手型,2020110104|2020110130|2021105508|2020104497|2020104793|2020104675,|||||,0.167296857708|0.129201236908|0.101671614842|0.0865671364897|0.0778541786205|0.0709655158998,6
2024,202408060506,outsider_jockey,騎手型,2022105261|2022106650|2022103614|2022103202|2022105554|2022101086,|||||,0.21369587901|0.114705077465|0.0966070093539|0.0896061336975|0.0792026632498|0.0762816378815,6
2024,202408060507,outsider_jockey,騎手型,2021110131|2021105736|2021100639|2020110152|2021104362|2021105711,|||||,0.203101184093|0.120423779824|0.0957672949418|0.0857379779225|0.080840033156|0.0656077224197,6
2024,202408060606,outsider_jockey,騎手型,2020103556|2021105895|2020103474|2020100683|2021102503|2021105253,|||||,0.122747693584|0.107697865417|0.103910382487|0.100921480245|0.0902824331527|0.0802541465222,6
2024,202408060609,outsider_jockey,騎手型,2018104797|2021106635|2020106936|2021105399|2019104112|2020102935,|||||,0.151924046467|0.149961652642|0.0840012411503|0.0777836738152|0.066331834105|0.0645643604552,6
2024,202408060807,outsider_jockey,騎手型,2020102637|2020102539|2021101304|2021110088|2020103060|2021101557,|||||,0.107371412672|0.0842362558436|0.0794584518538|0.0769990873153|0.0725373168867|0.0703073963909,6
2024,202408060810,outsider_jockey,騎手型,2020103393|2021102888|2020104678|2020105198|2021100350|2020105354,|||||,0.118263978939|0.107984550429|0.105961163931|0.0995483214382|0.0962907807274|0.0870646583206,6
2024,202408060812,outsider_jockey,騎手型,2019104911|2017100434|2020101543|2017106137|2019105968|2020100896,|||||,0.0834008125138|0.0766475736032|0.0748957691044|0.0748646357524|0.071759825336|0.0711153944173,6
2024,202408070208,outsider_jockey,騎手型,2020103902|2019102654|2018104030|2020102993|2021100639|2020101879,|||||,0.142685571631|0.114712684186|0.0941160972228|0.0706978959267|0.0689027145819|0.0673671634904,6
2024,202408070411,outsider_jockey,騎手型,2022104994|2022105718|2022105291|2022110069|2022190001|2022103754,|||||,0.102762762063|0.0732228806886|0.0707210233717|0.0692885304927|0.0687183760709|0.0673215414198,6
2024,202408070506,outsider_jockey,騎手型,2022102881|2022101773|2022101722|2022104022|2022102127|2022103012,|||||,0.153209267158|0.134780070884|0.108501650385|0.103252852075|0.081340974369|0.0639358205202,6
2024,202408070509,outsider_jockey,騎手型,2021105328|2021104649|2020104287|2021106936|2020103876|2020102186,|||||,0.195669015504|0.109904660037|0.0868325875606|0.0855310464806|0.0764635821179|0.07053960617,6
2024,202408070512,outsider_jockey,騎手型,2019106925|2021101106|2021105591|2021105127|2021105283|2020101772,|||||,0.201874526491|0.110783921887|0.0981111477584|0.0973482964215|0.0799152667157|0.0689133718536,6
2024,202408070605,outsider_jockey,騎手型,2022103238|2022104669|2022106212|2022102130|2022105550|2022103214,|||||,0.121206491952|0.113595488754|0.102180111347|0.100633936418|0.0971472910096|0.0907423266339,6
2024,202408070606,outsider_jockey,騎手型,2022104125|2022106925|2022101862|2022102573|2022105193|2022103255,|||||,0.121846003423|0.107233442272|0.100021293165|0.0995898276727|0.0968572549919|0.0924105460208,6
2024,202408070607,outsider_jockey,騎手型,2021102755|2021105447|2021105752|2021103291|2021104514|2021104105,|||||,0.125448127138|0.119940231836|0.100225435813|0.0867286299901|0.0825893265016|0.081386863709,6
2024,202408070608,outsider_jockey,騎手型,2021105865|2021105503|2021105427|2021104976|2021102420|2021110016,|||||,0.187273442365|0.123806112491|0.0740900089875|0.0733485665234|0.0699490604962|0.0693098062645,6
2024,202408070611,outsider_jockey,騎手型,2022105396|2022104898|2022105081|2022104751|2022101732|2022103220,|||||,0.172571531836|0.10000082303|0.0815761045441|0.0699780046435|0.0661109023057|0.0652374219384,6
2024,202408070705,outsider_jockey,騎手型,2022110040|2022104648|2022104790|2022101896|2022105216|2022105969,|||||,0.117046554858|0.104102984837|0.100679473325|0.0897481305649|0.086683928366|0.0780915584862,6
2024,202408070711,outsider_jockey,騎手型,2019105394|2019103753|2021105774|2019104462|2019100213|2020102764,|||||,0.144496995944|0.0830460253123|0.0707216929825|0.0619621568307|0.060711120538|0.0583860408676,6
2024,202408070803,outsider_jockey,騎手型,2022104611|2022104886|2022106733|2022101103|2022105503|2022105004,|||||,0.123026798138|0.0943978112949|0.0864129194855|0.0857901128921|0.0819061777935|0.0740980650663,6
2024,202408070806,outsider_jockey,騎手型,2022102500|2022104432|2022105543|2022105401|2022100662|2022104641,|||||,0.126299108843|0.120019386032|0.115587498798|0.106735654147|0.0988081381336|0.0966516658292,6
2024,202408070811,outsider_jockey,騎手型,2020105622|2021100768|2019105859|2019101894|2020101292|2019110105,|||||,0.102335297271|0.100978391247|0.087642317049|0.0857993834783|0.0838884567329|0.0777588514532,6
2024,202408070812,outsider_jockey,騎手型,2021106601|2019103659|2021103203|2020106727|2021103478|2018106701,|||||,0.110426042626|0.0894094111604|0.0849239219702|0.0812359336169|0.0726824611336|0.0680608917945,6
2024,202409010211,outsider_jockey,騎手型,2019100684|2019100213|2017100091|2018106559|2016105223|2017104172,|||||,0.110516203411|0.0934733370557|0.0913747803003|0.0849519103958|0.0821933311576|0.0714200352718,6
2024,202409010212,outsider_jockey,騎手型,2020103575|2020101182|2020100747|2020107199|2019103013|2019100786,|||||,0.151896751987|0.117107023976|0.10354031928|0.0836203735628|0.0786484632811|0.0602062664904,6
2024,202409020307,outsider_jockey,騎手型,2020100683|2020106409|2020102559|2020106473|2018105258|2020100716,|||||,0.149958700852|0.108358428523|0.0868070730545|0.0722613215042|0.0677609597257|0.0673272535257,6
2024,202409020411,outsider_jockey,騎手型,2019105552|2020103640|2020103458|2020103532|2019104831|2019105155,|||||,0.0960574134579|0.0882603459932|0.0878273555217|0.0827072180337|0.0737731205118|0.0737712194087,6
2024,202409020502,outsider_jockey,騎手型,2021110130|2021110122|2021110019|2021106192|2021102292|2021100726,|||||,0.114421069045|0.104650478542|0.102398303375|0.101293660553|0.100889203975|0.0621742478973,6
2024,202409020611,outsider_jockey,騎手型,2021105414|2021105743|2021103959|2021105643|2021105953|2021105757,|||||,0.173877371439|0.0921624909402|0.0635703888901|0.0570136602714|0.0562338294643|0.0531165571384,6
2024,202409020706,outsider_jockey,騎手型,2021104991|2021110067|2021100898|2021110099|2021105677|2021100086,|||||,0.130348649366|0.109653708225|0.105262821376|0.0959217915363|0.0943940396733|0.0911654430582,6
2024,202409020809,outsider_jockey,騎手型,2020103482|2019100168|2020103499|2020104083|2020101763|2020100725,|||||,0.131002475893|0.102969268249|0.0910203948349|0.0780139981252|0.0762044590416|0.0751708655978,6
2024,202409020812,outsider_jockey,騎手型,2018102040|2020101134|2020101035|2020105950|2019103543|2019106076,|||||,0.151790248118|0.112107488855|0.08786114947|0.0866440643548|0.0730124620893|0.0719188672344,6
2024,202410010109,outsider_jockey,騎手型,2020105872|2019104688|2020102187|2019102794|2019100635|2018100185,|||||,0.149849244109|0.0859386304381|0.0852723085329|0.0739945555164|0.066036555615|0.0622350099387,6
2024,202410010210,outsider_jockey,騎手型,2017103992|2020101918|2020102800|2019105197|2019106739|2018101621,|||||,0.142337493001|0.111234863568|0.0979921604645|0.0903180443339|0.0728788832524|0.066381250276,6
2024,202410010312,outsider_jockey,騎手型,2020103238|2018105523|2018105386|2019104874|2018100618|2020102718,|||||,0.120208190392|0.0999787747103|0.0869155103501|0.0754898941642|0.0749905731449|0.0724550606635,6
2024,202410010405,outsider_jockey,騎手型,2021105205|2021105096|2021110119|2021100233|2021103532|2021105267,|||||,0.108795445531|0.0924344680368|0.0910763820055|0.0746614950805|0.0741411524173|0.0642620621944,6
2024,202410010407,outsider_jockey,騎手型,2021101528|2021104989|2021103239|2021105231|2021105676|2021103893,|||||,0.103048507538|0.0988729209644|0.0904288138144|0.0870917564467|0.0840616182822|0.0829754263942,6
2024,202410010409,outsider_jockey,騎手型,2019110127|2020102488|2020106821|2020104796|2020100295|2019101643,|||||,0.107795146922|0.103918305202|0.103633230479|0.0935080674203|0.0930574912886|0.0902345943207,6
2024,202410010508,outsider_jockey,騎手型,2017100436|2015104367|2015105573|2019103152|2016110158|2019105262,|||||,0.10614454147|0.0923304907454|0.0917610727491|0.0884793458547|0.0879295390763|0.077866596962,6
2024,202410010510,outsider_jockey,騎手型,2019105358|2020106579|2020101209|2020103255|2019103149|2017102145,|||||,0.127115709897|0.0862647952797|0.0848713738196|0.082950896395|0.0779929786313|0.0676524734923,6
2024,202410010512,outsider_jockey,騎手型,2020102971|2020102881|2019103123|2019102068|2020100295|2019103008,|||||,0.0991196622818|0.0951152597892|0.0817305769698|0.0761748132803|0.0720949266288|0.0698967403996,6
2024,202410010602,outsider_jockey,騎手型,2021101223|2021106617|2021101769|2021106436|2021104933|2021100460,|||||,0.12482169084|0.106317938633|0.105006770842|0.0921572817675|0.0881599749131|0.0650369893919,6
2024,202410010605,outsider_jockey,騎手型,2021102787|2021101284|2021101077|2021101489|2021101477|2021103168,|||||,0.139441094664|0.113716287695|0.101395339545|0.0924302009252|0.0902084074678|0.075855199981,6
2024,202410010611,outsider_jockey,騎手型,2020110133|2019101626|2019105044|2018102669|2017103020|2018102585,|||||,0.0994962152685|0.0925766108968|0.0836663620136|0.07526707279|0.0721489672211|0.0637361314854,6
2024,202410010708,outsider_jockey,騎手型,2019104475|2020102093|2020104750|2019106885|2020110112|2019106923,|||||,0.125843138876|0.118804737143|0.0940535706267|0.0745205144172|0.064564989714|0.0599538663026,6
2024,202410010810,outsider_jockey,騎手型,2019100546|2018104985|2019100663|2019100251|2020110120|2019100083,|||||,0.09836538558|0.0973698332138|0.0900560201493|0.0795985023353|0.0685981446678|0.0640267624866,6
2024,202410020102,outsider_jockey,騎手型,2021100717|2021106938|2021105721|2021101280|2021105395|2021104490,|||||,0.126176148071|0.114476263153|0.0914982550174|0.0879458722653|0.0875482413456|0.0866559957136,6
2024,202410020112,outsider_jockey,騎手型,2019102672|2020106882|2019104356|2020102229|2020106131|2020103885,|||||,0.0836318600159|0.0813896209433|0.0762218357597|0.0724664539845|0.069528622432|0.0689519774571,6
2024,202410020311,outsider_jockey,騎手型,2019105256|2019103004|2019106027|2019104116|2019101778|2018105503,|||||,0.109866668324|0.102913885615|0.0886547043379|0.0859075215132|0.0857542633188|0.0737913994818,6
2024,202410020312,outsider_jockey,騎手型,2019102068|2019101643|2019110127|2018110149|2019106333|2020102507,|||||,0.121496518357|0.0969944071363|0.0868522214041|0.0850918291559|0.0655654888533|0.065495297159,6
2024,202410020410,outsider_jockey,騎手型,2020106330|2018101964|2019100604|2020104942|2020102630|2018106455,|||||,0.104274335063|0.0843100575593|0.0780922169992|0.0774628779441|0.0710872261535|0.0666659114823,6
2024,202410020507,outsider_jockey,騎手型,2020103556|2020105124|2020100166|2020102680|2020102961|2019102438,|||||,0.169047536757|0.1091497059|0.0855017959194|0.0797123462524|0.0748793784819|0.0748068339964,6
2024,202410020607,outsider_jockey,騎手型,2017104727|2018105814|2020102570|2019100221|2018102163|2019100841,|||||,0.164220617015|0.114929481977|0.107608986986|0.106633905813|0.0864422639685|0.0856352225357,6
2024,202410020707,outsider_jockey,騎手型,2021104152|2021104474|2021104999|2021102344|2021105392|2021104437,|||||,0.119964321566|0.098922831182|0.0873360791509|0.0658513442032|0.0640969962107|0.0629118764695,6
2024,202410020711,outsider_jockey,騎手型,2019105095|2019103767|2019106690|2019102514|2020101766|2019103401,|||||,0.0959073868792|0.0889556126966|0.0790528581664|0.0757159189932|0.0629289368863|0.0620930138527,6
2024,202410020810,outsider_jockey,騎手型,2017101991|2020106330|2019101679|2018103902|2020104613|2019104675,|||||,0.115707657891|0.101683011044|0.0896472201851|0.0785879581208|0.0761905710363|0.0611488139056,6
2024,202410030809,outsider_jockey,騎手型,2020110085|2019106821|2020105642|2020105614|2020103279|2019100606,|||||,0.108252062806|0.106618743581|0.073440655001|0.0686218459017|0.0684832080231|0.066246065786,6
2024,202410030811,outsider_jockey,騎手型,2018104708|2019105252|2020100680|2020106338|2018101943|2020103102,|||||,0.114444986001|0.0926524054424|0.0925028681486|0.0866992127306|0.0862989941612|0.0828950117072,6
2024,202401010111,outsider_field,メンバー構成型,2021100210|2021105606|2020102971|2020100105|2020105365|2019104386,|||||,0.184301512577|0.110273839497|0.08396060221|0.0825936767609|0.0825613992644|0.0512519483528,6
2024,202401010203,outsider_field,メンバー構成型,2021107182|2021100476|2021110020|2021100698|2021110081|2021101956,|||||,0.0900551909564|0.0895476948684|0.0874919894495|0.0774832513417|0.0763028570232|0.0687032573682,6
2024,202401010305,outsider_field,メンバー構成型,2022103758|2022110002|2022103530|2022106723|2022102970|2022100412,|||||,0.0985657010592|0.0930754327502|0.0930754327502|0.0906235464181|0.0818841425605|0.0749727253106,6
2024,202401010404,outsider_field,メンバー構成型,2021107174|2021105654|2021102785|2021101521|2021105969|2021102901,|||||,0.100912065775|0.09648792646|0.0879632954905|0.0842894586279|0.083288072822|0.0721057121395,6
2024,202401010504,outsider_field,メンバー構成型,2021105722|2021102991|2021106419|2021101305|2021103607|2021110141,|||||,0.114692445516|0.0905455290646|0.0873277799078|0.0808044958062|0.0758945861763|0.071724715471,6
2024,202401010506,outsider_field,メンバー構成型,2021106152|2021100698|2021101896|2021106193|2021105385|2021106881,|||||,0.0845409091694|0.0791154031155|0.077120643569|0.0766845825547|0.0739116787137|0.0718706016481,6
2024,202401010609,outsider_field,メンバー構成型,2021103125|2020103642|2020105760|2020103668|2020100809|2020106966,|||||,0.23648921514|0.0871388118143|0.0830990028463|0.0819962332033|0.0779385992752|0.0732835196355,6
2024,202401010612,outsider_field,メンバー構成型,2021105872|2021103289|2021103005|2021104481|2021101677|2020104676,|||||,0.125143460392|0.11911424266|0.110029560883|0.108205660161|0.0985676060485|0.0660893256364,6
2024,202401020109,outsider_field,メンバー構成型,2021110006|2021105897|2021105552|2021106816|2021106203|2020100233,|||||,0.146556480125|0.140377743684|0.137360162205|0.0963247038225|0.0923223261767|0.0652985097037,6
2024,202401020204,outsider_field,メンバー構成型,2021110020|2021106963|2021104924|2021101409|2021105902|2021102151,|||||,0.130883453286|0.108603291434|0.103162833651|0.0974474443898|0.083323795991|0.075043233439,6
2024,202401020209,outsider_field,メンバー構成型,2021100792|2021104461|2021107281|2021102709|2020110079|2020104129,|||||,0.157640692247|0.145112701536|0.143481929857|0.123728256296|0.0737887282742|0.0732755362212,6
2024,202401020410,outsider_field,メンバー構成型,2021103278|2021103005|2021100610|2021105242|2021104073|2021105619,|||||,0.101638616502|0.0981634422441|0.0938980958676|0.0923434703084|0.0914361309442|0.0859875839407,6
2024,202401020611,outsider_field,メンバー構成型,2021105774|2020103639|2020100896|2021110027|2020104243|2019102979,|||||,0.134284676066|0.124156661944|0.120020469032|0.112130872268|0.0758526428952|0.0530984508263,6
2024,202401020708,outsider_field,メンバー構成型,2021110016|2021106829|2021106785|2021100151|2021105438|2021102256,|||||,0.101501598701|0.0945677813989|0.0919619430353|0.0897206372404|0.0889044399113|0.0867586530254,6
2024,202401020804,outsider_field,メンバー構成型,2021103004|2021101402|2021104033|2021101921|2021105659|2021105902,|||||,0.0985192991085|0.0920573215907|0.0888343146344|0.0736745387526|0.0718248434948|0.0650467040194,6
2024,202401020811,outsider_field,メンバー構成型,2020103333|2020102870|2020106909|2019101507|2019102628|2018105088,|||||,0.186374134088|0.165405871375|0.106898661916|0.087118705827|0.08026564715|0.0608520196489,6
2024,202402010110,outsider_field,メンバー構成型,2021100363|2020102874|2020104708|2020103672|2020100495|2020103794,|||||,0.211349970735|0.0887136372916|0.0860297777275|0.0829886734882|0.0775478431568|0.0737487637287,6
2024,202402010201,outsider_field,メンバー構成型,2021105872|2021100747|2021104989|2021103025|2021110098|2021101064,|||||,0.0906465263053|0.0886028287089|0.0803679262747|0.0803679262747|0.0703967158515|0.0690388913481,6
2024,202402010304,outsider_field,メンバー構成型,2021104132|2021101430|2021106938|2021105351|2021105385|2021106812,|||||,0.0827976284533|0.0786180415119|0.0768614578645|0.0753313314663|0.0746369379766|0.0701228318591,6
2024,202402010703,outsider_field,メンバー構成型,2021101304|2021106938|2021102151|2021103870|2021107101|2021110078,|||||,0.0912793516276|0.0843368043736|0.0740636415419|0.0727910807414|0.0720716666439|0.0718922598028,6
2024,202402010804,outsider_field,メンバー構成型,2021106626|2021104519|2021103320|2021110146|2021102153|2021110018,|||||,0.131381457945|0.131381457945|0.129449058479|0.117253470915|0.0969747427983|0.0907616169596,6
2024,202403010110,outsider_field,メンバー構成型,2020102229|2020105568|2020105484|2020103284|2020103634|2020104983,|||||,0.113866021645|0.108553959068|0.108553959068|0.107011924703|0.0777036357949|0.0624110288474,6
2024,202403010210,outsider_field,メンバー構成型,2020100105|2019103605|2019104621|2019102041|2019101005|2019110103,|||||,0.118301791286|0.108143704629|0.0995495232702|0.0757269939167|0.0696845927387|0.0676002989332,6
2024,202403010509,outsider_field,メンバー構成型,2020103962|2020101992|2020105409|2020106976|2020106407|2020104824,|||||,0.130502341734|0.130177533962|0.115539555551|0.106133466407|0.100176150195|0.0677937317197,6
2024,202403010510,outsider_field,メンバー構成型,2020100934|2020106779|2020106234|2019105171|2020105649|2019106716,|||||,0.158354649293|0.144054260949|0.136394093582|0.0817614017875|0.0812701297442|0.0669428397753,6
2024,202403010511,outsider_field,メンバー構成型,2020103089|2020102873|2020104572|2020101608|2020102502|2020105631,|||||,0.113148769221|0.109885936854|0.0949892352228|0.0919515442667|0.0752092395959|0.0722274071394,6
2024,202403020205,outsider_field,メンバー構成型,2022101573|2022105556|2022100485|2022105145|2022110054|2022100322,|||||,0.0867557966587|0.0864702632434|0.0864702632434|0.0782785908018|0.0726392761504|0.0658422241752,6
2024,202403020412,outsider_field,メンバー構成型,2020102731|2020106249|2020106877|2020106534|2020102702|2020104597,|||||,0.108079517416|0.0982082380671|0.0979930559179|0.0909888992113|0.0892164829688|0.0850946465104,6
2024,202403030105,outsider_field,メンバー構成型,2022101380|2022101053|2022106470|2022105749|2022107257|2022104540,|||||,0.101366471029|0.0978089294282|0.0925101547386|0.0915076904497|0.0767925346277|0.070474580641,6
2024,202403030206,outsider_field,メンバー構成型,2022102212|2022106494|2022100430|2022110145|2022105204|2022103321,|||||,0.0953447539272|0.0858522812947|0.0843168985044|0.0725141385696|0.0717686472564|0.0707606911204,6
2024,202403030208,outsider_field,メンバー構成型,2021105068|2021104490|2021105092|2021107063|2021104074|2021103971,|||||,0.115938076965|0.113635754658|0.101579001273|0.0958578662693|0.0833619722525|0.0759507902321,6
2024,202403030308,outsider_field,メンバー構成型,2021105160|2021100360|2021100779|2021101003|2021102412|2021103267,|||||,0.0945786960302|0.093501486621|0.0877490964818|0.0861488329833|0.0852831745162|0.0824248585946,6
2024,202403030310,outsider_field,メンバー構成型,2021103005|2021105054|2021100157|2021106440|2021100243|2020101872,|||||,0.123505230868|0.119482895927|0.111753466609|0.0977613579546|0.0972094380798|0.0696067767453,6
2024,202403030409,outsider_field,メンバー構成型,2022103066|2022105244|2022110112|2022104533|2022106912|2022110039,|||||,0.0963398756784|0.0878911958098|0.0838722028328|0.0806425634086|0.0702427562524|0.0671621793697,6
2024,202403030411,outsider_field,メンバー構成型,2021104094|2020103275|2020103025|2019104998|2019103586|2020102775,|||||,0.15572935738|0.129725235545|0.114489727169|0.0926945234529|0.0809784004404|0.0794330546572,6
2024,202403030412,outsider_field,メンバー構成型,2021101120|2021101624|2021102413|2020100558|2020104340|2020101833,|||||,0.15478937449|0.14777040018|0.0748360882975|0.065904998052|0.0598734703659|0.058828488485,6
2024,202403030501,outsider_field,メンバー構成型,2021110104|2021102639|2021105907|2021102371|2021104404|2020101319,|||||,0.128254932522|0.124432636537|0.116464042607|0.111546153003|0.0644651879787|0.0543804076585,6
2024,202403030509,outsider_field,メンバー構成型,2021104658|2021105763|2021110012|2021100165|2021102615|2021107173,|||||,0.0979280880071|0.0970080164668|0.0944343935283|0.0865402411693|0.0797153721835|0.0776943539386,6
2024,202403030511,outsider_field,メンバー構成型,2021110132|2021105242|2019103594|2020104613|2020103915|2020110114,|||||,0.165044915381|0.128823206201|0.116974705124|0.0691750482456|0.0650575702354|0.06408864752,6
2024,202403030611,outsider_field,メンバー構成型,2021106171|2021100150|2020100635|2019101324|2020100418|2020104136,|||||,0.139152202578|0.136267422604|0.0806466954358|0.0712216195212|0.0688993882282|0.0672035366407,6
2024,202403030612,outsider_field,メンバー構成型,2021104490|2021106690|2021103312|2021104903|2021103289|2021102468,|||||,0.0981731507187|0.0937271371287|0.0918230091278|0.0903996457565|0.0903056491998|0.0834956905677,6
2024,202404010210,outsider_field,メンバー構成型,2020104825|2020101897|2020100258|2020102940|2019102613|2019104697,|||||,0.107478120785|0.0973417540177|0.0959739288327|0.0911217746529|0.0760214593639|0.0702502469623,6
2024,202404010211,outsider_field,メンバー構成型,2020103661|2020106967|2020100909|2019106985|2019105775|2019105482,|||||,0.185237108458|0.0953312426944|0.0921806087627|0.077587766415|0.0706731407301|0.0691992914236,6
2024,202404010309,outsider_field,メンバー構成型,2021110049|2021110153|2021104401|2021100144|2021102670|2021101905,|||||,0.104138704561|0.0953889709197|0.091056813272|0.0890598332195|0.0872169918011|0.0786783038867,6
2024,202404010311,outsider_field,メンバー構成型,2020100829|2020103892|2019101975|2019103976|2019101923|2019106293,|||||,0.181438981363|0.151411926207|0.0792762932221|0.0689007068487|0.0658811169819|0.063382741384,6
2024,202404010312,outsider_field,メンバー構成型,2020100347|2020101265|2020103527|2020100305|2019106333|2020102208,|||||,0.139378937055|0.102071960506|0.0815125418363|0.0756155341987|0.0721112312066|0.0684460873235,6
2024,202404010407,outsider_field,メンバー構成型,2020104753|2020101217|2020100295|2020102728|2020103073|2020100172,|||||,0.110411859756|0.110214154613|0.0940445398601|0.0886858426332|0.0869645455149|0.0771322634731,6
2024,202404010411,outsider_field,メンバー構成型,2020103472|2018105012|2020102078|2020103275|2019100596|2016106606,|||||,0.117623765594|0.115192612687|0.114714771666|0.105818231187|0.0977332001645|0.0877626393953,6
2024,202404010808,outsider_field,メンバー構成型,2020101535|2020103670|2020104753|2020101872|2020102591|2020104676,|||||,0.130965597159|0.124440420997|0.120067992967|0.0992228477874|0.0766578050252|0.0697531307324,6
2024,202404010810,outsider_field,メンバー構成型,2020106946|2020105246|2020104429|2020103575|2020102544|2020100673,|||||,0.190062637927|0.107422206449|0.0873298698582|0.0821233410978|0.0785991906266|0.075140357607,6
2024,202404020102,outsider_field,メンバー構成型,2022105772|2022110112|2022102701|2022106691|2022100145|2022104676,|||||,0.0972187695063|0.0819498744598|0.0818762131455|0.0815440185401|0.0730319916174|0.0718421372993,6
2024,202404020211,outsider_field,メンバー構成型,2021101383|2021101742|2021105237|2021105441|2021104820|2021107220,|||||,0.0939376268565|0.0919176120049|0.0917348911063|0.0909073712746|0.087301656237|0.087301656237,6
2024,202404020307,outsider_field,メンバー構成型,2021105557|2020107030|2020104572|2020109027|2020105198|2020106535,|||||,0.13617214281|0.100050383859|0.0923252570057|0.0876016253771|0.0833815102256|0.0724637759242,6
2024,202404020406,outsider_field,メンバー構成型,2021110132|2021100610|2020101378|2020100258|2019106870|2019100938,|||||,0.11609402203|0.0942014989845|0.0724643196478|0.0720064533059|0.0693863555906|0.0683366748677,6
2024,202404020407,outsider_field,メンバー構成型,2021110060|2021105276|2021105615|2021101444|2021106171|2021105104,|||||,0.0781033840665|0.076591654333|0.0758860062553|0.0699453707824|0.0688495830132|0.0677872798156,6
2024,202404030105,outsider_field,メンバー構成型,2022104612|2022104715|2022100162|2022104538|2022104774|2022101227,|||||,0.0887731065676|0.0881733055736|0.0851108378206|0.0851108378206|0.0805703412408|0.0747323622644,6
2024,202404030202,outsider_field,メンバー構成型,2021101632|2021102067|2021106128|2021101779|2021105506|2021105923,|||||,0.0933676061258|0.0921777986081|0.0916996151803|0.0889436301204|0.0745726250922|0.0710820153706,6
2024,202404030210,outsider_field,メンバー構成型,2021103556|2020100815|2020106406|2020106706|2020110114|2020101262,|||||,0.108121249972|0.0945062212362|0.0841567693417|0.0831100395685|0.0730263575446|0.0730214301443,6
2024,202404030305,outsider_field,メンバー構成型,2022110108|2022102734|2022102097|2022104068|2022106081|2022100642,|||||,0.0787688694339|0.0787688694339|0.0762365666987|0.070651024031|0.0678841923228|0.0655419495495,6
2024,202404030306,outsider_field,メンバー構成型,2022105127|2022101116|2022104690|2022104888|2022106928|2022106086,|||||,0.0883659755353|0.0855717019821|0.083412099113|0.0813369436093|0.0813369436093|0.0813369436093,6
2024,202404030312,outsider_field,メンバー構成型,2021104189|2021100206|2021105486|2021105742|2021107253|2021101801,|||||,0.104443686956|0.0871604811243|0.0807104862835|0.0778696391324|0.0767871145075|0.0747723576366,6
2024,202404030606,outsider_field,メンバー構成型,2022101197|2022101532|2022105797|2022101169|2022104923|2022104941,|||||,0.0802706721137|0.0779035663827|0.0713257922782|0.0712008985687|0.067844060083|0.0611870705032,6
2024,202404030803,outsider_field,メンバー構成型,2021100179|2021106128|2021102067|2021101195|2021100870|2021101110,|||||,0.0951688866946|0.0897862917046|0.0861485487344|0.0769112857895|0.075082333177|0.0749903843058,6
2024,202404040105,outsider_field,メンバー構成型,2022104929|2022100105|2022100425|2022100405|2022103425|2022105595,|||||,0.0807335628201|0.0788282451187|0.0769062108261|0.0692829052729|0.0690243513451|0.0652604823497,6
2024,202404040108,outsider_field,メンバー構成型,2021104058|2021102462|2021101194|2021102516|2021100641|2020105327,|||||,0.13155513448|0.12691405609|0.125515034678|0.114956767639|0.0979134344373|0.0602478232922,6
2024,202404040402,outsider_field,メンバー構成型,2022103189|2022101180|2022106782|2022101202|2022103860|2022100318,|||||,0.0977514132381|0.0828224150838|0.0785208329904|0.0780215785869|0.0715634281467|0.0699418464276,6
2024,202404040409,outsider_field,メンバー構成型,2021110014|2021104920|2021104407|2021102164|2021103552|2021100243,|||||,0.130249574436|0.10656133235|0.0991421122568|0.0892538017838|0.0785854032569|0.076389123098,6
2024,202404040411,outsider_field,メンバー構成型,2021103323|2021100210|2020105154|2021104556|2020103063|2019104586,|||||,0.100515079707|0.0904900001948|0.0871258003097|0.067344159429|0.064530674166|0.0622270999315,6
2024,202404040608,outsider_field,メンバー構成型,2021103338|2021104896|2021103289|2021106994|2021104920|2021107068,|||||,0.104675965052|0.0959054606674|0.0899241640434|0.0880591082428|0.0776173648803|0.0772740506299,6
2024,202404040609,outsider_field,メンバー構成型,2021101399|2021105537|2021105880|2021107097|2021100564|2021100594,|||||,0.0858261913391|0.0823778556736|0.0795846618598|0.0775034566283|0.0763711997927|0.0743031000286,6
2024,202404040702,outsider_field,メンバー構成型,2022106565|2022106975|2022104538|2022100749|2022102338|2022106751,|||||,0.119121573684|0.118241121554|0.118241121554|0.107652118293|0.0889326992336|0.0842925578106,6
2024,202404040809,outsider_field,メンバー構成型,2021100225|2021104646|2021105155|2021102841|2021105680|2021101068,|||||,0.0913477665649|0.08880677067|0.086378119894|0.0808613214509|0.0807794458911|0.0718834267848,6
2024,202404040810,outsider_field,メンバー構成型,2021104073|2021105619|2021100610|2021105833|2020101195|2020105409,|||||,0.183749392767|0.155885409888|0.136699080858|0.133930976748|0.0581762935314|0.0506077207506,6
2024,202404040811,outsider_field,メンバー構成型,2018103515|2021100356|2020100815|2018103205|2020110040|2019105968,|||||,0.109700002624|0.106439941943|0.0986601868188|0.09644592528|0.0735824942048|0.073037522974,6
2024,202405010109,outsider_field,メンバー構成型,2020106015|2020110105|2020106756|2020106386|2020100418|2019106575,|||||,0.141764807389|0.132908049918|0.124706324778|0.110285656646|0.0969876043313|0.0804805217395,6
2024,202405010202,outsider_field,メンバー構成型,2021100734|2021104380|2021104456|2021104283|2021101956|2021103384,|||||,0.0954323569368|0.0925098705957|0.0832451441031|0.0832319073753|0.0823136452889|0.0810632797892,6
2024,202405010205,outsider_field,メンバー構成型,2021101896|2021100066|2021105838|2021107175|2021101053|2021105214,|||||,0.113864742669|0.106675632967|0.0911306700003|0.087232379378|0.0841947462485|0.0747967339486,6
2024,202405010403,outsider_field,メンバー構成型,2021107206|2021102359|2021105854|2021104561|2021100841|2021100425,|||||,0.108643227145|0.0925557612126|0.0924306824232|0.0912934631678|0.0912934631678|0.080326695621,6
2024,202405010404,outsider_field,メンバー構成型,2020102668|2020105326|2020103240|2020105813|2020103046|2020102607,|||||,0.112595469877|0.0905284844796|0.0861535735608|0.0756339483057|0.0747123248344|0.0740621559022,6
2024,202405010405,outsider_field,メンバー構成型,2021104861|2021104976|2021105526|2021104176|2021106212|2021103017,|||||,0.100352332046|0.0961019036914|0.0934137016179|0.082909063982|0.0809888433994|0.0808186907454,6
2024,202405010408,outsider_field,メンバー構成型,2020106457|2020106946|2020100462|2020102952|2020105388|2020107095,|||||,0.165122214362|0.114240487974|0.0984946326227|0.0935581947325|0.0919681487707|0.0619775127052,6
2024,202405010411,outsider_field,メンバー構成型,2020103661|2020103277|2020103941|2020101533|2020103054|2020103674,|||||,0.141436773137|0.134633233218|0.114741696869|0.0943101705856|0.0611963973627|0.0592465025868,6
2024,202405010502,outsider_field,メンバー構成型,2021100786|2021110151|2021101001|2021106764|2021110107|2021100385,|||||,0.0990256193269|0.09443380093|0.0935493766687|0.0856491961769|0.085066804804|0.0817315715722,6
2024,202405010512,outsider_field,メンバー構成型,2020100301|2020107036|2019103543|2020106954|2019106691|2019104635,|||||,0.166971144538|0.141602742699|0.0914846193838|0.0832059265505|0.0768916739966|0.0655592734846,6
2024,202405010704,outsider_field,メンバー構成型,2021102634|2021104809|2021101636|2021107069|2021100759|2021100408,|||||,0.113707702589|0.0937693689065|0.084157388091|0.0826609695962|0.07403305554|0.07403305554,6
2024,202405010803,outsider_field,メンバー構成型,2021100958|2021104336|2021104990|2021101120|2021101757|2021101983,|||||,0.116789890926|0.116789890926|0.105877244329|0.0741988925828|0.0741988925828|0.0647216392847,6
2024,202405020110,outsider_field,メンバー構成型,2020102853|2020103960|2020109067|2020103328|2020104332|2018105011,|||||,0.113101409022|0.107880949734|0.0947336872423|0.0889099476016|0.0794161060893|0.0641957118849,6
2024,202405020112,outsider_field,メンバー構成型,2020110026|2020102814|2020105732|2020103605|2020105136|2020103218,|||||,0.160167576021|0.143672748405|0.142397661843|0.111940696764|0.0667291632178|0.0584106451171,6
2024,202405020311,outsider_field,メンバー構成型,2021104810|2021104887|2021105195|2021105174|2021105557|2021105552,|||||,0.0776412977599|0.0769137881869|0.0699442683791|0.0672879735655|0.0640322698746|0.0625170194955,6
2024,202405020412,outsider_field,メンバー構成型,2020101052|2020103985|2020102568|2020103198|2019105510|2019106895,|||||,0.129121258293|0.104678355502|0.104381306566|0.0827692294356|0.0682797280257|0.0673550159244,6
2024,202405020605,outsider_field,メンバー構成型,2021106628|2021101045|2021110006|2021105501|2021105104|2021105805,|||||,0.0881103139032|0.0849456880503|0.0819632970128|0.0815040994255|0.0770924817337|0.0736191777811,6
2024,202405020810,outsider_field,メンバー構成型,2020103088|2020101943|2020102896|2020100931|2019102820|2019103542,|||||,0.187724053026|0.160239261835|0.1569480405|0.102615982688|0.0705576376292|0.0695980669747,6
2024,202405020812,outsider_field,メンバー構成型,2020110034|2020106518|2020102751|2020100145|2020106015|2020106408,|||||,0.129641413245|0.124946036808|0.10978352007|0.107988978047|0.097688770966|0.0756390376176,6
2024,202405020911,outsider_field,メンバー構成型,2020103275|2020102194|2020101813|2020105424|2020102942|2019106698,|||||,0.137817026777|0.121957680866|0.110501037552|0.107359446645|0.0994232683578|0.087501416991,6
2024,202405021006,outsider_field,メンバー構成型,2020101147|2020101655|2020102952|2020101803|2020103728|2020105489,|||||,0.106794754295|0.106373253209|0.100078746971|0.0974889971762|0.0944047771018|0.0811131155448,6
2024,202405021011,outsider_field,メンバー構成型,2021105643|2021105414|2021105764|2021105953|2021105801|2021105138,|||||,0.0801643540854|0.0726663301427|0.0643809922376|0.0628599734668|0.0628599734668|0.0595701379939,6
2024,202405021109,outsider_field,メンバー構成型,2020106557|2020101983|2020103044|2020106782|2020101134|2020100892,|||||,0.112622722083|0.108408142516|0.103233788525|0.103215480276|0.0971703396971|0.0969294473275,6
2024,202405030112,outsider_field,メンバー構成型,2021105250|2021110112|2021104191|2021101322|2021101241|2021106119,|||||,0.117809898893|0.117761339467|0.10122836961|0.0978684940921|0.0847634888072|0.0651142743944,6
2024,202405030212,outsider_field,メンバー構成型,2021100170|2020110026|2020102814|2020103366|2020100363|2020103605,|||||,0.183477938992|0.102959344361|0.100094029461|0.0948639216108|0.090404086814|0.0850205219199,6
2024,202405030308,outsider_field,メンバー構成型,2021106797|2021103140|2021106209|2021106910|2020102805|2020104452,|||||,0.139475700389|0.13830906135|0.119156403623|0.0718547078108|0.0597356652045|0.0574167838344,6
2024,202405030607,outsider_field,メンバー構成型,2021105193|2021105571|2021103288|2021101299|2020101655|2020100307,|||||,0.138198979503|0.135414880945|0.103908221567|0.0971356693061|0.0624335287976|0.0596864263108,6
2024,202405030810,outsider_field,メンバー構成型,2020105306|2020101905|2020106396|2020101275|2020104550|2020110083,|||||,0.123423460481|0.105117391134|0.100538415439|0.099482741294|0.0928180330342|0.0895804280427,6
2024,202405030812,outsider_field,メンバー構成型,2021100625|2021107259|2021104313|2021103044|2021100540|2021106421,|||||,0.0991980517815|0.0946980061909|0.093117872784|0.0920458022447|0.0888760641513|0.0875911193775,6
2024,202405040104,outsider_field,メンバー構成型,2022100417|2022101172|2022103781|2022105101|2022104988|2022102298,|||||,0.0994604500907|0.0952879847965|0.0729529413048|0.0678557050797|0.0668334407136|0.0668334407136,6
2024,202405040210,outsider_field,メンバー構成型,2020101533|2020104861|2020100116|2020106884|2020103148|2020100635,|||||,0.110395736787|0.0863222321785|0.0855471227246|0.0836487484338|0.0836431055746|0.0776295384229,6
2024,202405040310,outsider_field,メンバー構成型,2021106587|2021101703|2020101373|2020102814|2020101174|2020100145,|||||,0.189084785534|0.145857591591|0.0803913096831|0.0757779394914|0.0709479566018|0.0654402944269,6
2024,202405040504,outsider_field,メンバー構成型,2022107021|2022101072|2022104571|2022106617|2022103592|2022101438,|||||,0.0937673272642|0.0908224908188|0.0815232544681|0.0791649187727|0.0768943793156|0.0690145841179,6
2024,202405040511,outsider_field,メンバー構成型,2021102424|2021104825|2020103276|2020101813|2020103331|2019104462,|||||,0.144463320777|0.13223087921|0.0932269035344|0.0844943586603|0.0831748040737|0.0716810409429,6
2024,202405040605,outsider_field,メンバー構成型,2022100360|2022105043|2022102081|2022101818|2022106545|2022105252,|||||,0.0806546103639|0.0785702244059|0.0778002858164|0.0684174144777|0.0677806457488|0.061994425351,6
2024,202405040804,outsider_field,メンバー構成型,2022110152|2022103076|2022105640|2022106553|2022110153|2022101996,|||||,0.0866893495104|0.0855913042917|0.0823037731513|0.0799696849274|0.0709407280687|0.0705003831736,6
2024,202405040805,outsider_field,メンバー構成型,2022101467|2022105545|2022100843|2022104950|2022103031|2022104615,|||||,0.0920998148957|0.0875778303997|0.0852328633119|0.0819962841858|0.0779237038129|0.0774437520831,6
2024,202405050106,outsider_field,メンバー構成型,2022105606|2022103183|2022103755|2022101389|2022100814|2022102378,|||||,0.0920628138575|0.0818728972388|0.0818728972388|0.0818728972388|0.0788032827886|0.0766771237847,6
2024,202405050207,outsider_field,メンバー構成型,2021101385|2021100886|2021101053|2021101742|2021104426|2021106639,|||||,0.0929005418152|0.092365552638|0.0914407732326|0.0903061947431|0.0884289990079|0.0846857932721,6
2024,202405050211,outsider_field,メンバー構成型,2020100734|2020103333|2020102095|2019101782|2020105750|2020103713,|||||,0.169330283245|0.122706701466|0.105462536772|0.0840746236515|0.0835945150564|0.0829971953054,6
2024,202405050309,outsider_field,メンバー構成型,2022102039|2022101703|2022100918|2022110118|2022106453|2022101543,|||||,0.104104782072|0.0852637565005|0.0850073748222|0.0797444453736|0.0790776353682|0.069815720616,6
2024,202405050410,outsider_field,メンバー構成型,2021100206|2021105384|2020109027|2020105760|2020107030|2020102762,|||||,0.231567857786|0.167184138977|0.0899621342325|0.08378557096|0.0612576106114|0.0612576106114,6
2024,202405050411,outsider_field,メンバー構成型,2021105744|2021103323|2021105122|2020102853|2020110090|2020104702,|||||,0.14896747804|0.139828278264|0.129127234311|0.0615368358408|0.060582089357|0.0558868677843,6
2024,202405050604,outsider_field,メンバー構成型,2022102611|2022103846|2022100096|2022101552|2022100195|2022102728,|||||,0.0857406063949|0.0781331695153|0.0708228325532|0.0708228325532|0.0692640312798|0.0686203074753,6
2024,202405050704,outsider_field,メンバー構成型,2022104865|2022104991|2022104704|2022104002|2022103719|2022101057,|||||,0.0863585149847|0.0853361169779|0.0853361169779|0.0834150465813|0.0749512259433|0.0749512259433,6
2024,202405050806,outsider_field,メンバー構成型,2022105022|2022104813|2022105005|2022105129|2022105365|2022102174,|||||,0.107312360281|0.103576789023|0.103576789023|0.0897871904036|0.0882546579832|0.0865795169345,6
2024,202405050807,outsider_field,メンバー構成型,2021105086|2021103711|2021100540|2021104631|2021103145|2021101081,|||||,0.164675205008|0.103781347413|0.0999275879806|0.0936909128043|0.0857198195005|0.080552477981,6
2024,202406010104,outsider_field,メンバー構成型,2021100045|2021101356|2021105656|2021106120|2021106522|2021102229,|||||,0.0915344123366|0.0913686700324|0.0903831406039|0.0816613608962|0.0816613608962|0.0816613608962,6
2024,202406010202,outsider_field,メンバー構成型,2021106221|2021101204|2021103512|2021105058|2021102753|2021100886,|||||,0.0983055544792|0.0932519053896|0.0871916811023|0.0853634817783|0.0726447194937|0.0709167263884,6
2024,202406010206,outsider_field,メンバー構成型,2021110090|2021105829|2021101404|2021105738|2021104160|2021103518,|||||,0.0995610838922|0.0875534017785|0.0875534017785|0.0717358572659|0.07047586639|0.0694219486092,6
2024,202406010208,outsider_field,メンバー構成型,2020106385|2020105471|2020101803|2020100078|2020104479|2020104354,|||||,0.0970256066307|0.0928000438024|0.0865088658389|0.0835556987598|0.079243971827|0.0792278424198,6
2024,202406010210,outsider_field,メンバー構成型,2019104245|2019105537|2019102437|2020105939|2019101324|2018104059,|||||,0.201918184768|0.0962975715625|0.0758532480451|0.074395009847|0.0716685870236|0.0660255437605,6
2024,202406010304,outsider_field,メンバー構成型,2021104574|2021100606|2021102839|2021102879|2021104863|2021102766,|||||,0.0885149518662|0.0885149518662|0.0775125532894|0.077044127973|0.0722561940414|0.0714568165504,6
2024,202406010311,outsider_field,メンバー構成型,2020104056|2020101588|2019100791|2019105775|2018110035|2020101678,|||||,0.15323941993|0.149583868757|0.0852186802272|0.0844494039667|0.0744918343709|0.0714842477213,6
2024,202406010312,outsider_field,メンバー構成型,2020103328|2020103066|2020100810|2020104083|2019105041|2018102148,|||||,0.149302171325|0.130995930568|0.125824797675|0.121302772419|0.0721338883404|0.0515610726104,6
2024,202406010407,outsider_field,メンバー構成型,2020103088|2020100060|2020105137|2020105282|2020102468|2020102185,|||||,0.119300005233|0.0971920148248|0.0786054493878|0.0744131142058|0.0742032398529|0.0707675840589,6
2024,202406010411,outsider_field,メンバー構成型,2019101889|2019104998|2019104911|2019105482|2019105065|2019105169,|||||,0.125675014078|0.124057737046|0.112010626825|0.0879993339185|0.0799441778401|0.0774023421766,6
2024,202406010603,outsider_field,メンバー構成型,2021102462|2021106384|2021104464|2021102473|2021110005|2021101358,|||||,0.132588786304|0.127400887598|0.127167789766|0.0789815628075|0.0644987098361|0.0632860228768,6
2024,202406010604,outsider_field,メンバー構成型,2021102676|2021106580|2021101710|2021104797|2021104271|2021103530,|||||,0.0896281160257|0.0870016712883|0.0850216706012|0.0809206435979|0.0782010349735|0.0774835112415,6
2024,202406010612,outsider_field,メンバー構成型,2020102976|2020103463|2020103728|2020103118|2020100233|2020105496,|||||,0.131976207284|0.116965288481|0.111677002048|0.0969340226848|0.0861624799382|0.0609587231629,6
2024,202406010706,outsider_field,メンバー構成型,2021101819|2021103038|2021105381|2021100957|2021103037|2021105066,|||||,0.082257114334|0.082257114334|0.0775703750845|0.0762668058809|0.0698742372775|0.0692258966226,6
2024,202406010710,outsider_field,メンバー構成型,2020104497|2020100116|2019105560|2019106387|2019105416|2019101168,|||||,0.129710078012|0.11408782119|0.0862855688392|0.0781035117546|0.0780407541739|0.0774401761925,6
2024,202406020112,outsider_field,メンバー構成型,2020101560|2020105246|2020106547|2020106623|2020103198|2020104207,|||||,0.174465949979|0.119491842186|0.113283479208|0.104930801568|0.0782763697211|0.0611147296885,6
2024,202406020210,outsider_field,メンバー構成型,2020110105|2019100135|2019105761|2020107113|2019102011|2018105317,|||||,0.198083654638|0.116308032753|0.100953622902|0.0921998739501|0.0690447738243|0.0682919902107,6
2024,202406020211,outsider_field,メンバー構成型,2020100680|2020102899|2020105295|2019105056|2019105496|2019101782,|||||,0.154919093063|0.141659946083|0.118045936072|0.107286315915|0.0985919778822|0.0557557408041,6
2024,202406020510,outsider_field,メンバー構成型,2020105365|2018110037|2020100607|2020101792|2019103010|2020104203,|||||,0.206022908949|0.107871711998|0.100772309946|0.0692364270388|0.064728048007|0.0635322146553,6
2024,202406020511,outsider_field,メンバー構成型,2020102942|2020105626|2020101608|2020103390|2018100671|2020106967,|||||,0.138266529366|0.114641708962|0.109516112981|0.0967746258345|0.0923768782543|0.0809877614336,6
2024,202406030112,outsider_field,メンバー構成型,2020102077|2020102120|2020103246|2020103033|2019101875|2020104134,|||||,0.13715135724|0.119714668257|0.100710662196|0.100702117018|0.0720110325741|0.0658729289486,6
2024,202406030206,outsider_field,メンバー構成型,2021106805|2021106722|2021101930|2021103342|2021103257|2021102049,|||||,0.112598095314|0.103700600903|0.0848594373522|0.0848594373522|0.0836582748642|0.0804161687912,6
2024,202406030602,outsider_field,メンバー構成型,2021101779|2021101071|2021100180|2021101210|2021103017|2021103591,|||||,0.119983082914|0.104918186845|0.0932494019451|0.0909929926666|0.0853178539036|0.0734554487362,6
2024,202406030611,outsider_field,メンバー構成型,2020100829|2020110126|2019105967|2019110009|2019101894|2019105972,|||||,0.16489238153|0.128663346495|0.116714432293|0.108150897072|0.0873066065018|0.0705660850095,6
2024,202406030712,outsider_field,メンバー構成型,2020109094|2020100363|2020101983|2020101271|2019100553|2020105049,|||||,0.146165608628|0.132795024354|0.130874125411|0.0867072135402|0.0725034966775|0.0678381759063,6
2024,202406030805,outsider_field,メンバー構成型,2021102362|2021104362|2021110062|2021104079|2021102049|2021110164,|||||,0.0950659367635|0.0896527447663|0.087671780628|0.0857334136494|0.0732300449324|0.0624777343088,6
2024,202406030811,outsider_field,メンバー構成型,2021105436|2021104756|2021103272|2021106787|2021110048|2021107171,|||||,0.0778963679914|0.0778963679914|0.0690462656138|0.0674449760828|0.0672194293912|0.0657508051018,6
2024,202406040104,outsider_field,メンバー構成型,2022101931|2022107097|2022107047|2022104860|2022100497|2022101262,|||||,0.0932914125859|0.0898928649864|0.0879882531113|0.0784998829218|0.0765519734931|0.0765519734931,6
2024,202406040203,outsider_field,メンバー構成型,2022102982|2022104766|2022105100|2022100124|2022105943|2022105776,|||||,0.0925085794564|0.0882478273506|0.0822423529656|0.079633046686|0.0688028994255|0.0663151346288,6
2024,202406040306,outsider_field,メンバー構成型,2021105571|2021102458|2021103454|2021102516|2021106983|2020100714,|||||,0.128822582854|0.121350138002|0.105025907258|0.102789892477|0.0833098896535|0.0634543494744,6
2024,202406040406,outsider_field,メンバー構成型,2021102498|2021100516|2021106583|2021105929|2021100825|2021102067,|||||,0.104290122258|0.0892966178856|0.083925313312|0.0801136330666|0.0720014513386|0.0714401102223,6
2024,202406040410,outsider_field,メンバー構成型,2020103794|2020105760|2020103049|2019104805|2019105559|2019103850,|||||,0.162587954293|0.121585914348|0.104679745184|0.0913688482907|0.0734817797481|0.0642862188649,6
2024,202406040603,outsider_field,メンバー構成型,2022102695|2022104601|2022105883|2022100316|2022104065|2022102337,|||||,0.0846322754083|0.0796484599711|0.0796484599711|0.0795939334143|0.0743072001854|0.0743072001854,6
2024,202406040612,outsider_field,メンバー構成型,2021100300|2021100845|2021101602|2021100446|2020101228|2020106579,|||||,0.147080047917|0.138869272334|0.0999183036264|0.0824881237899|0.0677490007699|0.0637896327022,6
2024,202406040704,outsider_field,メンバー構成型,2022103867|2022106103|2022101636|2022102995|2022100508|2022104259,|||||,0.116324835811|0.0908143509128|0.0722910045307|0.0711367519552|0.0689518658957|0.0664828334171,6
2024,202406040810,outsider_field,メンバー構成型,2021104665|2021102670|2021106939|2021100338|2020105409|2019101266,|||||,0.182282772187|0.162389209167|0.119839245189|0.11862540864|0.0751134107585|0.0593977120993,6
2024,202406040905,outsider_field,メンバー構成型,2022110030|2022105806|2022102598|2022103277|2022104737|2022106775,|||||,0.0805593915995|0.0793781166153|0.0747153211519|0.074096384049|0.0698740610548|0.0617511579661,6
2024,202406040907,outsider_field,メンバー構成型,2021105389|2021103518|2021105970|2021100588|2021101701|2021105066,|||||,0.120282700135|0.106550366471|0.105514560257|0.104497294044|0.0932750778544|0.09163454509,6
2024,202406040911,outsider_field,メンバー構成型,2020106851|2021107058|2020104243|2020102764|2019101700|2019110020,|||||,0.150475716016|0.113625436613|0.0971753570509|0.0907213265144|0.0735285349709|0.0620445514383,6
2024,202406040912,outsider_field,メンバー構成型,2021110055|2021104461|2020101303|2020105049|2020101632|2019103605,|||||,0.192004598247|0.17450594038|0.0893874822713|0.0811957918482|0.0597980221742|0.0500397776963,6
2024,202406050105,outsider_field,メンバー構成型,2022100269|2022110038|2022104072|2022100209|2022100627|2022103512,|||||,0.104695938507|0.104695938507|0.0880878749116|0.086692985312|0.0808142029479|0.0710663484685,6
2024,202406050106,outsider_field,メンバー構成型,2022105694|2022105088|2022102801|2022105459|2022102129|2022102606,|||||,0.111842163335|0.105901809733|0.10515189996|0.0990745086971|0.0890345670233|0.0764411192156,6
2024,202406050112,outsider_field,メンバー構成型,2021100522|2021104006|2021100356|2021100610|2021104665|2021105485,|||||,0.140126615716|0.119404449828|0.118380612612|0.117975517008|0.102719805265|0.094293640992,6
2024,202406050204,outsider_field,メンバー構成型,2022104490|2022102223|2022102093|2022103572|2022101287|2022103030,|||||,0.102251215328|0.10117003227|0.0913408752554|0.0891949869323|0.086253615546|0.0758212988385,6
2024,202406050205,outsider_field,メンバー構成型,2022103576|2022110027|2022104695|2022102907|2022105255|2022101867,|||||,0.0821521316913|0.0790348979744|0.0790348979744|0.0779626911933|0.0676235810025|0.0658777465068,6
2024,202406050305,outsider_field,メンバー構成型,2022105927|2022102920|2022102393|2022106345|2022104552|2022105233,|||||,0.0890341174028|0.0864394635027|0.0864394635027|0.0864394635027|0.082921874852|0.065703941237,6
2024,202406050409,outsider_field,メンバー構成型,2021101485|2021104994|2021101724|2020103228|2020105789|2020103682,|||||,0.160697220077|0.158370731815|0.153221127766|0.0614795825627|0.0607539047547|0.0598971055627,6
2024,202406050410,outsider_field,メンバー構成型,2021100150|2020100116|2020100142|2020104136|2018106571|2020105939,|||||,0.102820854953|0.0916404670801|0.0864761619602|0.0781688074775|0.0767874720349|0.0762701646105,6
2024,202406050411,outsider_field,メンバー構成型,2021103868|2021110164|2021110126|2021104461|2020102226|2019105761,|||||,0.198830735659|0.180214820342|0.151985828504|0.0829493924766|0.0653378784497|0.0408704139894,6
2024,202406050505,outsider_field,メンバー構成型,2022100650|2022105165|2022106538|2022106626|2022106544|2022103526,|||||,0.0962936631362|0.0958958496534|0.0956894005173|0.0852491613548|0.0841898406404|0.0841898406404,6
2024,202406050508,outsider_field,メンバー構成型,2021105767|2021105212|2021101449|2021104868|2021100761|2021101928,|||||,0.115574030525|0.0944256434572|0.0943780573085|0.0803708168334|0.0783998935913|0.0710733669516,6
2024,202406050511,outsider_field,メンバー構成型,2021105801|2021105764|2021104955|2021104434|2020103732|2020103368,|||||,0.136651672054|0.129426641164|0.126011666568|0.0975954862416|0.0723160318191|0.064168519707,6
2024,202406050605,outsider_field,メンバー構成型,2022101194|2022101066|2022104953|2022110092|2022106536|2022103839,|||||,0.111955787233|0.0935545990007|0.0929300398534|0.0724856483964|0.0710359249209|0.0710359249209,6
2024,202406050606,outsider_field,メンバー構成型,2022107384|2022102266|2022102603|2022100045|2022106243|2022103555,|||||,0.0909343081892|0.0890796918841|0.0890796918841|0.0864885596832|0.0699741633641|0.0699741633641,6
2024,202406050611,outsider_field,メンバー構成型,2020102740|2021101436|2018104708|2019101348|2020100909|2020105626,|||||,0.115819584837|0.112989926497|0.111463635095|0.0908253800633|0.086805049502|0.0861373202044,6
2024,202406050711,outsider_field,メンバー構成型,2021105625|2020105656|2019103888|2020102935|2020106667|2020103553,|||||,0.140999217641|0.100721598977|0.0952301207749|0.0915256154641|0.0845484483993|0.0803037320063,6
2024,202406050809,outsider_field,メンバー構成型,2021104751|2021103557|2021105104|2021105829|2021105499|2021103033,|||||,0.138649079892|0.128348099841|0.119217922071|0.10613054589|0.0876119622148|0.0863573836273,6
2024,202406050911,outsider_field,メンバー構成型,2022104813|2022100161|2022106611|2022104772|2022110054|2022105773,|||||,0.0753641436907|0.0696730223384|0.0683336035306|0.0674763817113|0.0656015997213|0.0627703981083,6
2024,202407010109,outsider_field,メンバー構成型,2020106458|2020104198|2020101271|2019105058|2020105517|2020104429,|||||,0.10896011812|0.107325045915|0.105147514232|0.103395933351|0.101073216522|0.0692540319134,6
2024,202407010211,outsider_field,メンバー構成型,2020103650|2020103472|2020102870|2020103275|2019100596|2018104541,|||||,0.198558011863|0.151542082653|0.125645527722|0.0893516569285|0.075636091113|0.0677927602423,6
2024,202407010402,outsider_field,メンバー構成型,2021110004|2021110129|2021110066|2021100424|2021102754|2021101646,|||||,0.095727944979|0.094015427651|0.0929324302317|0.0928806444624|0.0745028641303|0.0636823068821,6
2024,202407010602,outsider_field,メンバー構成型,2021101116|2021101551|2021105000|2021104510|2021102231|2021105214,|||||,0.119298551928|0.0825651168702|0.0800279959571|0.0724481636451|0.064153221601|0.063464131709,6
2024,202407010612,outsider_field,メンバー構成型,2020104091|2020106458|2020105157|2020100145|2020103034|2020102738,|||||,0.132238503097|0.12973553488|0.109890315793|0.105707240933|0.0603403952785|0.059025816601,6
2024,202407020206,outsider_field,メンバー構成型,2021105055|2021106705|2021102995|2021104063|2021106849|2021100090,|||||,0.111197123511|0.0932919964972|0.0865729614315|0.0765777416132|0.0727877735296|0.0670365254848,6
2024,202407020305,outsider_field,メンバー構成型,2022105506|2022100740|2022100632|2022104501|2022103101|2022105907,|||||,0.0816260169432|0.0680230592838|0.0677813204715|0.0677813204715|0.0645297917252|0.0596812280096,6
2024,202407020306,outsider_field,メンバー構成型,2022106395|2022103264|2022100729|2022106628|2022101147|2022106318,|||||,0.0881817703102|0.0881817703102|0.0881817703102|0.0876266683538|0.0733090985895|0.0662132983963,6
2024,202407020411,outsider_field,メンバー構成型,2019105126|2020101827|2020101503|2020105018|2020101419|2020110040,|||||,0.110662043034|0.0864316011628|0.0854874517102|0.0725913948754|0.0666432560438|0.0650906523998,6
2024,202407020505,outsider_field,メンバー構成型,2022105081|2022101695|2022104944|2022104910|2022100420|2022103229,|||||,0.0971114828675|0.095731184444|0.0773333337336|0.0769512320899|0.0717851120006|0.0711068906363,6
2024,202407020511,outsider_field,メンバー構成型,2020101036|2020102818|2020106770|2020103199|2020106370|2020101020,|||||,0.12638316412|0.114295096769|0.114233887827|0.108963050497|0.108133457561|0.108133457561,6
2024,202407020606,outsider_field,メンバー構成型,2021100248|2021103943|2021100703|2021106554|2021101634|2021102755,|||||,0.113778971137|0.106300107021|0.0970248728167|0.091888904534|0.0831461530261|0.0805252431612,6
2024,202407020706,outsider_field,メンバー構成型,2022106453|2022100333|2022105791|2022110118|2022104009|2022106323,|||||,0.0803834430005|0.0769520399092|0.07671377308|0.0718456277885|0.0681210648929|0.0681210648929,6
2024,202407020806,outsider_field,メンバー構成型,2021104580|2021105247|2021100407|2021100651|2021106622|2021105290,|||||,0.0803525975955|0.0765345467679|0.0750770815793|0.0639102297545|0.0636760388666|0.0615905579777,6
2024,202407020810,outsider_field,メンバー構成型,2021103725|2020102045|2020102061|2020110106|2019100652|2019106632,|||||,0.131414392741|0.109430935742|0.108079100852|0.106342639797|0.0588623037278|0.0588300747555,6
2024,202407030108,outsider_field,メンバー構成型,2021105435|2021105862|2021102013|2021105604|2019105487|2020105073,|||||,0.135671617558|0.133715356003|0.110756234479|0.0979129566887|0.0844634620116|0.0576223765423,6
2024,202407030303,outsider_field,メンバー構成型,2022104498|2022104923|2022100636|2022105381|2022106715|2022100632,|||||,0.106016918905|0.0971032270979|0.0872704203988|0.0776168886154|0.0763124651449|0.073840597622,6
2024,202407030306,outsider_field,メンバー構成型,2021105926|2021105289|2021105141|2021101382|2021101825|2021105746,|||||,0.109815073045|0.101175530218|0.0900437321881|0.0869006703406|0.083630614311|0.0787047141036,6
2024,202407030312,outsider_field,メンバー構成型,2021100680|2021105646|2021110131|2021110087|2021103582|2021110075,|||||,0.110045973752|0.100321206903|0.0918772169888|0.0812795807231|0.0808086761174|0.0806859686571,6
2024,202407030410,outsider_field,メンバー構成型,2021100350|2021105548|2020103354|2020110081|2020110039|2020104572,|||||,0.162782420615|0.159382719896|0.0717091081871|0.0699183322894|0.0665174838783|0.0603489762047,6
2024,202407030605,outsider_field,メンバー構成型,2022101327|2022105021|2022105300|2022103208|2022104776|2022106635,|||||,0.0963974382436|0.0947318029518|0.0931916584202|0.080085307089|0.0789748402678|0.0740052204262,6
2024,202407030607,outsider_field,メンバー構成型,2021110145|2021105739|2021105563|2021102973|2021105602|2021101003,|||||,0.110858810072|0.0790943613016|0.0769991146457|0.0759895526436|0.0750537171706|0.0743040751644,6
2024,202407030609,outsider_field,メンバー構成型,2021101470|2021102254|2021110122|2021110153|2021106542|2020101635,|||||,0.177854975028|0.12555450075|0.122510806152|0.118999758726|0.11700478811|0.066586430562,6
2024,202407030611,outsider_field,メンバー構成型,2021105489|2021105608|2021103725|2020101373|2020106408|2020106196,|||||,0.188625635312|0.180119227009|0.174067987393|0.0635078436438|0.0592778816606|0.0519623352173,6
2024,202407030612,outsider_field,メンバー構成型,2021101671|2020100934|2020102120|2021104777|2020103636|2020106393,|||||,0.208341366838|0.0794452963746|0.0787225677998|0.0767304512149|0.0684873875851|0.0666377694058,6
2024,202407030711,outsider_field,メンバー構成型,2021105048|2021107044|2021106738|2021103272|2021104791|2021102728,|||||,0.089946781488|0.0896096590046|0.087067251881|0.0782685419268|0.0772796237859|0.0740410750732,6
2024,202407030804,outsider_field,メンバー構成型,2022106565|2022110052|2022104140|2022101827|2022110090|2022103602,|||||,0.0918353565284|0.0769488120425|0.0726515673856|0.0696640794611|0.0696640794611|0.0696640794611,6
2024,202407030903,outsider_field,メンバー構成型,2022103728|2022101178|2022106167|2022101643|2022100215|2022102565,|||||,0.101161283313|0.0947683981647|0.0824543511963|0.0819245736044|0.0814593716024|0.0806677390107,6
2024,202407030907,outsider_field,メンバー構成型,2021106544|2021105245|2021101412|2021104963|2021104669|2021103520,|||||,0.112937907863|0.109473755415|0.107616346262|0.0995987510029|0.0911377217506|0.0840447812896,6
2024,202407040109,outsider_field,メンバー構成型,2021103225|2021105058|2020106896|2020106579|2020105540|2020103444,|||||,0.2434409992|0.14064492005|0.0641707155759|0.0610992302253|0.0602161248167|0.0592825098138,6
2024,202407040202,outsider_field,メンバー構成型,2021105706|2021105614|2021105895|2021103454|2021100652|2021103488,|||||,0.104476019878|0.101958404191|0.100039104871|0.0997606601337|0.0928828811572|0.0895012400544,6
2024,202407040210,outsider_field,メンバー構成型,2021104649|2021110156|2021102735|2021105775|2020107082|2020105149,|||||,0.138887697965|0.13277791671|0.12077087355|0.113207100151|0.0615435826911|0.0587762679831,6
2024,202407040212,outsider_field,メンバー構成型,2021103237|2021105056|2021102420|2021102800|2021105783|2021105577,|||||,0.135282093361|0.128534477923|0.0893256152444|0.0876561501039|0.0847312425128|0.075898610033,6
2024,202407040305,outsider_field,メンバー構成型,2022105174|2022106388|2022110087|2022105808|2022103946|2022106042,|||||,0.0913456178733|0.0904269795029|0.0762335312676|0.0720834050827|0.0708662612878|0.06786496746,6
2024,202407040307,outsider_field,メンバー構成型,2021105434|2021105247|2021105580|2021100629|2021100651|2021100148,|||||,0.0977522372104|0.0966241145972|0.0818709995441|0.0808605620094|0.0797656979732|0.0777507789455,6
2024,202407040311,outsider_field,メンバー構成型,2019102879|2021106787|2020105400|2020101813|2020100157|2020103025,|||||,0.123829848358|0.109849004306|0.0847234468125|0.0729072248717|0.0712635360187|0.0674634345163,6
2024,202407040504,outsider_field,メンバー構成型,2022104656|2022104498|2022103054|2022105381|2022103269|2022106619,|||||,0.118422050394|0.0918916798447|0.0866013676296|0.076333645509|0.0673392310456|0.0658058392788,6
2024,202407040507,outsider_field,メンバー構成型,2021104362|2021105480|2021105871|2020102959|2021105923|2021110106,|||||,0.0999067068457|0.0794325533875|0.0794325533875|0.071231431262|0.0693108526095|0.0674917599171,6
2024,202407040605,outsider_field,メンバー構成型,2022102916|2022104732|2022103060|2022103186|2022100672|2022102578,|||||,0.0863672029853|0.0786195404927|0.0771547526808|0.0711804317388|0.0709825734372|0.0701423556271,6
2024,202407040607,outsider_field,メンバー構成型,2021104561|2021104678|2021107089|2021103289|2021103711|2021106982,|||||,0.119657993765|0.107792675109|0.106556658622|0.0906562173524|0.0899332658999|0.0898567816169,6
2024,202408010104,outsider_field,メンバー構成型,2021100262|2021103237|2021104305|2021106011|2021101422|2021102221,|||||,0.0877824466882|0.0835323959125|0.0805579086129|0.0805579086129|0.076960743963|0.0763279113147,6
2024,202408010111,outsider_field,メンバー構成型,2020103661|2020103277|2019100965|2020101533|2019104896|2020103639,|||||,0.112222694463|0.112054853408|0.101129112283|0.094985952282|0.0949208829671|0.0784118623167,6
2024,202408010303,outsider_field,メンバー構成型,2021105917|2021104744|2021104374|2021104514|2021110019|2021101490,|||||,0.10956778704|0.10956778704|0.0993706363021|0.0917996067201|0.0863958384051|0.0739846127786,6
2024,202408010305,outsider_field,メンバー構成型,2021105628|2021102630|2021102781|2021104408|2021105056|2021105837,|||||,0.0821528356896|0.0816997945424|0.0798792888064|0.0762324919225|0.0758753928651|0.0700004906738,6
2024,202408010311,outsider_field,メンバー構成型,2021110148|2021105601|2021103171|2021105862|2021103210|2021103080,|||||,0.07621653371|0.0722025960729|0.0709956846199|0.0709956846199|0.0708896303251|0.063492541675,6
2024,202408010404,outsider_field,メンバー構成型,2021100711|2021103001|2021104872|2021105247|2021102903|2021101859,|||||,0.0907270559122|0.089286233139|0.0886069361831|0.086321465572|0.0676088243253|0.0676088243253,6
2024,202408010411,outsider_field,メンバー構成型,2020100896|2019105775|2018105366|2019110001|2019102576|2019110031,|||||,0.176591649076|0.0817244185206|0.0802195774128|0.0801489518179|0.0668111863246|0.0645762559104,6
2024,202408010412,outsider_field,メンバー構成型,2020102655|2020106660|2020105089|2020102326|2020110039|2020100997,|||||,0.107824712285|0.0980222173399|0.0940366137582|0.0901508353791|0.0866030987684|0.0587731847821,6
2024,202408010503,outsider_field,メンバー構成型,2021102362|2021103994|2021110067|2021101548|2021109088|2021100924,|||||,0.105116734219|0.0962353119103|0.0927892437387|0.0886600472642|0.0819005549743|0.079639164095,6
2024,202408010505,outsider_field,メンバー構成型,2021103531|2021110169|2021105880|2021107173|2021106669|2021106601,|||||,0.0995800292671|0.0920464090074|0.0849908343087|0.071129358787|0.071129358787|0.0682968071032,6
2024,202408010506,outsider_field,メンバー構成型,2021101641|2021104928|2021101680|2021100690|2021103821|2021103116,|||||,0.0967655075582|0.0959764012207|0.0917820536217|0.0917776175884|0.0872735157828|0.0667241246172,6
2024,202408010603,outsider_field,メンバー構成型,2021107153|2021103214|2021105513|2021105949|2021105525|2021103943,|||||,0.0927383861171|0.0901430136454|0.0891590342738|0.0891590342738|0.085515032673|0.080895451194,6
2024,202408010605,outsider_field,メンバー構成型,2021103020|2021105970|2021104122|2021105013|2021104743|2021105967,|||||,0.103661182094|0.103181535795|0.0987140731884|0.0921063718799|0.0914921911852|0.0913266521482,6
2024,202408010702,outsider_field,メンバー構成型,2021105310|2021100546|2021105104|2021104406|2021104661|2021103895,|||||,0.094002629327|0.094002629327|0.0915399131712|0.0914308392035|0.0863631679497|0.0808845034393,6
2024,202408010705,outsider_field,メンバー構成型,2021106201|2021103321|2021100885|2021100739|2021100716|2021105049,|||||,0.0966872176227|0.0935625304853|0.0920198437565|0.0871767569662|0.0726556600486|0.0722059369862,6
2024,202408010711,outsider_field,メンバー構成型,2020103308|2019101613|2020106565|2019104983|2019105308|2020104239,|||||,0.103242059134|0.0960198209122|0.0947584152515|0.085723290007|0.0791241614099|0.0782315214132,6
2024,202408020104,outsider_field,メンバー構成型,2021100984|2021101425|2021106974|2021102454|2021105768|2021103287,|||||,0.09341797327|0.0930473542162|0.0926377415796|0.0895395148497|0.0842606004027|0.0832380587214,6
2024,202408020112,outsider_field,メンバー構成型,2020101367|2020103340|2020106557|2020106131|2019105777|2020104739,|||||,0.128049039354|0.12389253082|0.10656323592|0.0932212555249|0.0618824494972|0.0608598049636,6
2024,202408020205,outsider_field,メンバー構成型,2021102622|2021102835|2021102327|2021105460|2021102904|2021101409,|||||,0.118595640897|0.11200255728|0.0924565271987|0.0899051553261|0.0883020578565|0.0878861064018,6
2024,202408020210,outsider_field,メンバー構成型,2020106535|2020101025|2020103439|2020105786|2020103101|2019105354,|||||,0.138554656244|0.119641981566|0.11215724914|0.10567732638|0.092907983724|0.0860301630244,6
2024,202408020211,outsider_field,メンバー構成型,2020106851|2019105126|2019105658|2020101827|2019103422|2020101678,|||||,0.15706279896|0.106241129915|0.0979474115624|0.085581809823|0.0653319150315|0.0602452800857,6
2024,202408020304,outsider_field,メンバー構成型,2021105692|2021103065|2021103719|2021110159|2021105686|2021105345,|||||,0.110942890601|0.0931756313595|0.0899753402|0.0843486130844|0.0842858152956|0.0714504548856,6
2024,202408020312,outsider_field,メンバー構成型,2020103625|2020100237|2020105124|2020101764|2020104780|2019104632,|||||,0.134849834351|0.0805324872914|0.0790413226886|0.0783777574888|0.0768402050767|0.0696874834667,6
2024,202408020504,outsider_field,メンバー構成型,2021101633|2021101917|2021100091|2021104942|2021100497|2021107351,|||||,0.0923116924785|0.0910019161324|0.0821589729668|0.0807500216215|0.0791866248306|0.0710502402096,6
2024,202408020508,outsider_field,メンバー構成型,2020104960|2020102599|2020101367|2020109094|2020101182|2020100103,|||||,0.108728274728|0.0981276244118|0.0939798825972|0.092124551935|0.0849821498462|0.0776524532869,6
2024,202408020704,outsider_field,メンバー構成型,2021105112|2021105296|2021110127|2021100870|2021110152|2021106355,|||||,0.104557906367|0.0882187262195|0.0842516668692|0.082561492471|0.082561492471|0.0787238893059,6
2024,202408020708,outsider_field,メンバー構成型,2020110106|2020103339|2020105608|2020103902|2020106021|2020107142,|||||,0.100535585249|0.0955800624647|0.094938740732|0.0888356313619|0.0883616902338|0.0875247388248,6
2024,202408020804,outsider_field,メンバー構成型,2021100337|2021104063|2021104912|2021104878|2021103526|2021103606,|||||,0.100350455961|0.100045960992|0.0967360233018|0.095434026267|0.0865721237241|0.0702503588779,6
2024,202408030204,outsider_field,メンバー構成型,2021103291|2021102235|2021104780|2021102986|2021100612|2021100910,|||||,0.0857532465883|0.0795012127337|0.0791525444626|0.0788792532213|0.0732738264594|0.0693434313445,6
2024,202408030311,outsider_field,メンバー構成型,2021105271|2021105477|2021101733|2021106611|2021105615|2021107001,|||||,0.0811799200547|0.080428502711|0.0745168522525|0.0732608205183|0.0706608937702|0.0682138677948,6
2024,202408030312,outsider_field,メンバー構成型,2020104650|2020101641|2020104091|2020101373|2020104845|2019102824,|||||,0.144634323082|0.129096241979|0.129096241979|0.10257213691|0.0693077137868|0.0540979962407,6
2024,202408030410,outsider_field,メンバー構成型,2020100815|2020104613|2020104194|2020110114|2019102522|2019100751,|||||,0.138800200852|0.105889015717|0.0765780489646|0.0729572444549|0.0662019192809|0.0653260689713,6
2024,202408030411,outsider_field,メンバー構成型,2020100734|2020103532|2020104302|2020103650|2020105834|2019105312,|||||,0.137768015731|0.126182775211|0.09971605177|0.0826035559724|0.0712579820003|0.0705980519635,6
2024,202408030510,outsider_field,メンバー構成型,2020104136|2020104760|2020106884|2020105621|2019105656|2019103507,|||||,0.153147408685|0.109745194403|0.107227873609|0.0912014588354|0.0846234693937|0.0656241024298,6
2024,202408030606,outsider_field,メンバー構成型,2021104581|2021103776|2021101193|2021103318|2021105251|2021106610,|||||,0.102738752696|0.0930297785926|0.0919330590106|0.0827529550574|0.0818769995475|0.0716220697272,6
2024,202408030810,outsider_field,メンバー構成型,2020103354|2020102740|2020103413|2020103082|2020106338|2019105413,|||||,0.191059717811|0.159747912163|0.121045884176|0.0904261235953|0.0853235999827|0.0841969914141,6
2024,202408030812,outsider_field,メンバー構成型,2020102843|2020100665|2020102575|2020100960|2020102360|2019106148,|||||,0.140995866103|0.13630699831|0.130643322819|0.115021478303|0.085712422308|0.0640480098621,6
2024,202408030904,outsider_field,メンバー構成型,2021110129|2021105880|2021105537|2021110145|2021100365|2021101284,|||||,0.0951296772505|0.0891759329549|0.0858564718441|0.073201031121|0.0709739201533|0.0702941853997,6
2024,202408030909,outsider_field,メンバー構成型,2021105160|2021105618|2021104752|2021105926|2021110072|2021102952,|||||,0.123911674446|0.121730322541|0.120867132052|0.112500903627|0.08687471007|0.0855782586915,6
2024,202408031110,outsider_field,メンバー構成型,2020110075|2019100539|2020100850|2020102798|2020101020|2020105627,|||||,0.132077589986|0.122844171207|0.110892927012|0.0837148475787|0.0826738467573|0.0770050448006,6
2024,202408031202,outsider_field,メンバー構成型,2021102593|2021102109|2021105530|2021102150|2021104431|2021104097,|||||,0.105767632369|0.105144774034|0.0841445645414|0.0831025213842|0.0754527053142|0.0712421390522,6
2024,202408031210,outsider_field,メンバー構成型,2020110040|2019102979|2019100684|2019101348|2020102660|2018105454,|||||,0.126118747263|0.103980500233|0.0877582806903|0.0801633524524|0.0658211536868|0.0609976709458,6
2024,202408031212,outsider_field,メンバー構成型,2020100815|2020104613|2019102106|2019105347|2019102137|2019100653,|||||,0.174396044775|0.14815242709|0.104389097826|0.068686627634|0.0647807562618|0.0553369399386,6
2024,202408040109,outsider_field,メンバー構成型,2021101470|2021104514|2021102573|2021101406|2021110104|2021102953,|||||,0.204152814359|0.107238043542|0.102582888813|0.0991458776032|0.0944906483663|0.0824188793903,6
2024,202408040212,outsider_field,メンバー構成型,2021103520|2020101872|2020105299|2020103699|2020102542|2020105073,|||||,0.173849867558|0.0938742118638|0.0884939648368|0.0862523840883|0.0719810515453|0.0715847280659,6
2024,202408040303,outsider_field,メンバー構成型,2021104518|2021104474|2021104960|2021101585|2021103161|2021100928,|||||,0.0845946929811|0.0783777678817|0.0727532158722|0.0704730895029|0.0685629480813|0.0677840631902,6
2024,202408040611,outsider_field,メンバー構成型,2020110060|2020100909|2020105655|2020103390|2020103640|2019104968,|||||,0.123462124999|0.107743679392|0.107410082595|0.105506547178|0.100473965076|0.0873719133024,6
2024,202408040707,outsider_field,メンバー構成型,2021110159|2021100711|2021105508|2021102993|2021103283|2021102436,|||||,0.134363984054|0.125799708214|0.0986289697608|0.0942071236072|0.0856293348464|0.0716696677006,6
2024,202408040710,outsider_field,メンバー構成型,2021101737|2020104702|2020101632|2020110147|2020103099|2020103393,|||||,0.175195176202|0.0948073973056|0.0901126889578|0.0866684481173|0.0840965592291|0.0773137430218,6
2024,202408050104,outsider_field,メンバー構成型,2022102228|2022106563|2022103619|2022101910|2022110012|2022104842,|||||,0.0880552267393|0.087784223383|0.0788414724404|0.0771445756108|0.0738609133698|0.0640367048903,6
2024,202408050105,outsider_field,メンバー構成型,2022100210|2022105868|2022107273|2022105396|2022103188|2022109038,|||||,0.0996155738447|0.0957963423139|0.0951050001046|0.07779734834|0.0712021637062|0.0712021637062,6
2024,202408050111,outsider_field,メンバー構成型,2021104405|2020100896|2021102320|2019104911|2021102392|2020101503,|||||,0.131849542832|0.125077830312|0.121483689363|0.0841961397856|0.0815181196774|0.0696342403211,6
2024,202408050203,outsider_field,メンバー構成型,2022101190|2022106248|2022102006|2022105848|2022107069|2022104086,|||||,0.0799584543546|0.0799584543546|0.0772770252226|0.076614039592|0.076614039592|0.0688642062948,6
2024,202408050204,outsider_field,メンバー構成型,2022105446|2022102702|2022106562|2022105778|2022104393|2022102729,|||||,0.0890790545875|0.087763456268|0.0720276677072|0.0718860699679|0.0651624045466|0.064899647887,6
2024,202408050205,outsider_field,メンバー構成型,2022103714|2022105136|2022103210|2022106224|2022103280|2022102052,|||||,0.104578837178|0.100184923904|0.0966210295335|0.087826902312|0.0841024868145|0.0841024868145,6
2024,202408050209,outsider_field,メンバー構成型,2021100494|2021104434|2020110039|2020103450|2020105354|2020104332,|||||,0.15248438899|0.140025903781|0.081114052647|0.0764358426417|0.075094119643|0.073454235142,6
2024,202408050303,outsider_field,メンバー構成型,2022105316|2022106180|2022105265|2022104491|2022109162|2022101429,|||||,0.0961311186481|0.0851829476822|0.0842146574941|0.0825419203475|0.0726528846365|0.0717805458936,6
2024,202408050304,outsider_field,メンバー構成型,2022106755|2022104880|2022106942|2022110109|2022103634|2022102236,|||||,0.0953676382492|0.0948197394596|0.0771917403195|0.0745086587663|0.0702831698791|0.0699372766064,6
2024,202408050305,outsider_field,メンバー構成型,2022104654|2022105552|2022104556|2022107185|2022103651|2022104206,|||||,0.0976829855153|0.0970034107395|0.0958191367858|0.0952516583939|0.0941318754999|0.0941318754999,6
2024,202408050307,outsider_field,メンバー構成型,2021110067|2021104101|2021106310|2021101461|2021102845|2021110153,|||||,0.0930783855891|0.0928388658276|0.092696806587|0.0875204810617|0.0869894321262|0.0811547845611,6
2024,202408050607,outsider_field,メンバー構成型,2021102389|2021106610|2021103225|2021109027|2021102219|2020103246,|||||,0.134035594465|0.133268631634|0.127216685102|0.101603035974|0.0929450785592|0.0536293245468,6
2024,202408050711,outsider_field,メンバー構成型,2021110148|2021105774|2021110031|2021100139|2020104702|2020105018,|||||,0.157782969812|0.116936368027|0.10573212867|0.102287297067|0.065419309103|0.0575001481533,6
2024,202408050804,outsider_field,メンバー構成型,2022110121|2022100537|2022106161|2022106694|2022103242|2022103972,|||||,0.100187135868|0.0882972718343|0.0879675066018|0.0761654651643|0.0759618935619|0.0735458745191,6
2024,202408050808,outsider_field,メンバー構成型,2021105886|2021100086|2021105333|2021104407|2021103595|2021103532,|||||,0.137420736753|0.115691449232|0.105490795082|0.084261410024|0.0785483056709|0.0771766139465,6
2024,202408060105,outsider_field,メンバー構成型,2022101223|2022103175|2022103285|2022105158|2022100226|2022104183,|||||,0.093079062465|0.0867614685667|0.0845584711765|0.0773363225694|0.0709799975943|0.0701573344991,6
2024,202408060106,outsider_field,メンバー構成型,2022101490|2022103047|2022104186|2022104180|2022101596|2022105547,|||||,0.101344092784|0.0927472046471|0.0871957073817|0.0781588307748|0.0776437392787|0.0773442364122,6
2024,202408060211,outsider_field,メンバー構成型,2021104756|2020104661|2020103626|2020102904|2020100142|2020105621,|||||,0.141016768614|0.105389169065|0.0983319147923|0.0887393399856|0.0874435066255|0.0861596262203,6
2024,202408060406,outsider_field,メンバー構成型,2021104646|2021105729|2021105434|2021105583|2021105503|2021105427,|||||,0.0970300373641|0.0869738018459|0.0857668522337|0.0857668522337|0.0818665775115|0.0783063467901,6
2024,202408060410,outsider_field,メンバー構成型,2021105508|2021100836|2020101919|2020110104|2020110130|2020100960,|||||,0.233630702476|0.15083841187|0.061008011876|0.0603358450501|0.0592834333676|0.0592834333676,6
2024,202408060506,outsider_field,メンバー構成型,2022101821|2022105493|2022103202|2022105261|2022100154|2022103850,|||||,0.0827827111721|0.0827827111721|0.0796638264129|0.0766429608959|0.0719959628558|0.0719959628558,6
2024,202408060507,outsider_field,メンバー構成型,2021105933|2021104362|2021110134|2021105711|2021100639|2021109016,|||||,0.103041028872|0.10302139146|0.0895490957071|0.0779571888776|0.0779313733289|0.0758498506766,6
2024,202408060606,outsider_field,メンバー構成型,2021105068|2021105895|2021105253|2021100652|2021102503|2021105939,|||||,0.0983253980847|0.0932466770757|0.0909431111344|0.0901002820093|0.0883047134136|0.0867343016096,6
2024,202408060609,outsider_field,メンバー構成型,2021106635|2021104971|2021105399|2020105633|2020105786|2020106936,|||||,0.165020199526|0.153553310632|0.148295897986|0.0750397267077|0.069408657663|0.062390763778,6
2024,202408060807,outsider_field,メンバー構成型,2020102539|2020103060|2020102637|2021105819|2021101304|2021103665,|||||,0.0819146963245|0.0819146963245|0.0701836585924|0.0671417599456|0.0612162095337|0.0594326549525,6
2024,202408060810,outsider_field,メンバー構成型,2021100350|2021102888|2020105198|2020106660|2020103099|2020103393,|||||,0.235027630897|0.189093643656|0.0980314451891|0.0869916902452|0.072114779172|0.0646715033858,6
2024,202408060812,outsider_field,メンバー構成型,2020100896|2020101503|2020102764|2020101543|2019104911|2020101897,|||||,0.134597179293|0.111095648482|0.0856443764585|0.072721864405|0.0670126645605|0.0657973941838,6
2024,202408070208,outsider_field,メンバー構成型,2021100639|2021105753|2021102658|2020103902|2020102993|2020106409,|||||,0.16626705559|0.159535807665|0.143876290873|0.0602214688627|0.0590155246786|0.0586086732779,6
2024,202408070411,outsider_field,メンバー構成型,2022103304|2022105110|2022103754|2022190001|2022110069|2022104812,|||||,0.0751514687185|0.0714678076228|0.0673864269293|0.0670192744604|0.0611262706199|0.0590755176996,6
2024,202408070506,outsider_field,メンバー構成型,2022103012|2022106943|2022105906|2022101722|2022104022|2022102881,|||||,0.110475222964|0.106022743233|0.0994042392252|0.0896795375116|0.0836371402017|0.0794897600699,6
2024,202408070509,outsider_field,メンバー構成型,2021102953|2021104649|2021102735|2021103300|2021103061|2021105328,|||||,0.110921605859|0.108203660323|0.101752329247|0.0989328057282|0.092960549131|0.088170317251,6
2024,202408070512,outsider_field,メンバー構成型,2021100363|2021101106|2021105591|2021110020|2021105127|2021105283,|||||,0.157553887486|0.143053784035|0.118331132655|0.111835097719|0.101831944638|0.082619856915,6
2024,202408070605,outsider_field,メンバー構成型,2022103238|2022104669|2022103260|2022103988|2022105550|2022106905,|||||,0.108405471977|0.0968689091093|0.0815750642959|0.0749170500483|0.0743812220527|0.0743812220527,6
2024,202408070606,outsider_field,メンバー構成型,2022103941|2022106925|2022103255|2022107133|2022102914|2022103306,|||||,0.0889406122797|0.0869066561701|0.0755817530674|0.0755817530674|0.0739307520436|0.0657697594639,6
2024,202408070607,outsider_field,メンバー構成型,2021105933|2021103291|2021101240|2021105447|2021104514|2021100680,|||||,0.122773109659|0.0971593141196|0.0884643923727|0.0859919999703|0.0854679695903|0.0758591492742,6
2024,202408070608,outsider_field,メンバー構成型,2021104976|2021105503|2021106544|2021102115|2021105427|2021102420,|||||,0.0930926225071|0.0854220235062|0.0806042170964|0.0726169885131|0.0704501008164|0.0703144098438,6
2024,202408070611,outsider_field,メンバー構成型,2022101562|2022104401|2022106394|2022104120|2022104898|2022103220,|||||,0.0728610099927|0.0699026676594|0.0696849034915|0.0691116470472|0.0669796360392|0.0659478969668,6
2024,202408070705,outsider_field,メンバー構成型,2022105619|2022110040|2022105385|2022103127|2022101435|2022101896,|||||,0.0917069023391|0.0890780309821|0.0758431062562|0.0706594814274|0.0614436777621|0.060251858752,6
2024,202408070711,outsider_field,メンバー構成型,2021105774|2021110031|2020103075|2020105154|2020102764|2020102928,|||||,0.138881531592|0.104411755585|0.0842253951587|0.0786827708542|0.0631969495428|0.0607367287717,6
2024,202408070803,outsider_field,メンバー構成型,2022105004|2022100785|2022105316|2022100998|2022105302|2022105503,|||||,0.0865940715764|0.0858759987723|0.0821055884263|0.0746152628885|0.0743895347581|0.0707335816618,6
2024,202408070806,outsider_field,メンバー構成型,2022105401|2022104432|2022104968|2022105543|2022105470|2022100662,|||||,0.11910624778|0.0919494565381|0.0888406585524|0.0872162543835|0.0872162543835|0.0811139210384,6
2024,202408070811,outsider_field,メンバー構成型,2021100768|2019110105|2021104991|2020106756|2020101292|2020106006,|||||,0.125268848698|0.119158612232|0.109909073597|0.0777310463757|0.0749703651743|0.0699102824775,6
2024,202408070812,outsider_field,メンバー構成型,2021103478|2021105374|2021104167|2021106601|2021103203|2021100610,|||||,0.136436996677|0.0989093623897|0.0912751443177|0.0895447870971|0.0879229611812|0.0781208990429,6
2024,202409010211,outsider_field,メンバー構成型,2020105154|2020105400|2019101700|2019100213|2020103434|2019110102,|||||,0.135967348918|0.113910852322|0.10333964353|0.0871241728309|0.0788511800469|0.0746382445064,6
2024,202409010212,outsider_field,メンバー構成型,2020100897|2020103575|2020104523|2020100747|2020101182|2020107199,|||||,0.139779986572|0.106904643157|0.10687799583|0.0986929652518|0.0885717513858|0.0799380443782,6
2024,202409020307,outsider_field,メンバー構成型,2020104893|2020106409|2020102559|2019103679|2020100683|2020100716,|||||,0.166040766614|0.116697118459|0.101947720021|0.0853431459266|0.0770984775652|0.0675231677824,6
2024,202409020411,outsider_field,メンバー構成型,2020103532|2020102781|2020102899|2019105552|2019105155|2019105056,|||||,0.142818386057|0.132095826223|0.0816976659867|0.0741293942016|0.0692948291523|0.0668135902055,6
2024,202409020502,outsider_field,メンバー構成型,2021100726|2021110019|2021110130|2021103248|2021105322|2021102999,|||||,0.104337974697|0.0931781534466|0.0861722953835|0.0769987522958|0.0746673664998|0.07424767329,6
2024,202409020611,outsider_field,メンバー構成型,2021105643|2021105354|2021105122|2021105414|2021103910|2021104955,|||||,0.0741028571137|0.0720499677188|0.0680919973338|0.0678695773084|0.0646746569769|0.0643172454977,6
2024,202409020706,outsider_field,メンバー構成型,2021110067|2021104991|2021100898|2021105677|2021100086|2021100768,|||||,0.112348873322|0.0995047351311|0.0983660460282|0.0972129895542|0.0718424983254|0.06912919987,6
2024,202409020809,outsider_field,メンバー構成型,2020104083|2020103499|2020100958|2019100210|2020105539|2020100725,|||||,0.125772252936|0.116248294276|0.104330946836|0.100137241301|0.0714033766162|0.0707075277108,6
2024,202409020812,outsider_field,メンバー構成型,2020101134|2020101035|2020101373|2020106518|2020101641|2020103367,|||||,0.12163360135|0.11472653176|0.113425739389|0.112763900207|0.0855837328185|0.0649553140648,6
2024,202410010109,outsider_field,メンバー構成型,2020106896|2020105643|2020105872|2020102187|2020101893|2019101607,|||||,0.123564242299|0.0977574435569|0.0909949961001|0.08402755686|0.0720765828974|0.0700243781744,6
2024,202410010210,outsider_field,メンバー構成型,2020101918|2020102800|2020106338|2019105498|2019106739|2019100167,|||||,0.153984493884|0.109952238151|0.106618039334|0.0920418150503|0.0853112381935|0.0853112381935,6
2024,202410010312,outsider_field,メンバー構成型,2020104415|2020103238|2020102718|2020100347|2020100305|2020103969,|||||,0.137808355633|0.106793497319|0.0842167465482|0.0797419595725|0.0757263837222|0.0754355964442,6
2024,202410010405,outsider_field,メンバー構成型,2021102837|2021104116|2021100744|2021103532|2021105165|2021103075,|||||,0.0938065506112|0.0877155542067|0.0861960070836|0.0709841311947|0.0644442557795|0.0623555070604,6
2024,202410010407,outsider_field,メンバー構成型,2021104989|2021103239|2021104175|2021101528|2021107168|2021105676,|||||,0.0980584575835|0.0968957025455|0.0705445906674|0.0704568863604|0.0626855164729|0.0624924418196,6
2024,202410010409,outsider_field,メンバー構成型,2020102229|2020100295|2020105492|2020103721|2020102488|2020110068,|||||,0.121059024382|0.103069539346|0.0948403157191|0.0933362373898|0.0859488951267|0.0718867762731,6
2024,202410010508,outsider_field,メンバー構成型,2017105181|2018106474|2017100436|2019103152|2019105262|2016110158,|||||,0.14020931423|0.105285379664|0.0911239567756|0.090103710098|0.0872412189737|0.0774284929743,6
2024,202410010510,outsider_field,メンバー構成型,2020101209|2020106209|2020106579|2020104496|2020103255|2020104240,|||||,0.0958189241164|0.0950339358981|0.0917119911131|0.0857053346705|0.0850773109801|0.0837562465633,6
2024,202410010512,outsider_field,メンバー構成型,2020101195|2020102971|2020100295|2020102881|2020103885|2020103588,|||||,0.100447971353|0.0960652685901|0.0851173855487|0.0833113829001|0.0828105041473|0.0828105041473,6
2024,202410010602,outsider_field,メンバー構成型,2021104057|2021107133|2021101769|2021106436|2021100460|2021104933,|||||,0.128618631738|0.126086058724|0.101059147533|0.0902601685682|0.0780372722901|0.0634660926182,6
2024,202410010605,outsider_field,メンバー構成型,2021103168|2021102592|2021101489|2021107214|2021101077|2021104709,|||||,0.132042065244|0.118524676461|0.102312137785|0.0964185791279|0.0814399136599|0.0778071537195,6
2024,202410010611,outsider_field,メンバー構成型,2020110040|2020110133|2020110114|2020102132|2018102585|2019100652,|||||,0.164746542132|0.128003036397|0.107774473353|0.0953253651363|0.0768161883411|0.0644231023336,6
2024,202410010708,outsider_field,メンバー構成型,2020110112|2020104750|2020102093|2020102360|2019102676|2019104475,|||||,0.141697519684|0.109467997069|0.10188496275|0.0729736560388|0.065756905651|0.065756905651,6
2024,202410010810,outsider_field,メンバー構成型,2020103398|2020104793|2020110120|2020100189|2019104079|2019100663,|||||,0.166896838432|0.142753919083|0.138076053766|0.1164615898|0.0829818739366|0.0532436611188,6
2024,202410020102,outsider_field,メンバー構成型,2021104952|2021105768|2021104490|2021100717|2021101098|2021101280,|||||,0.115876462839|0.100189543268|0.0865468022945|0.084313691158|0.0838426947807|0.082565371045,6
2024,202410020112,outsider_field,メンバー構成型,2020106817|2020102229|2020103885|2020100500|2020100236|2020103418,|||||,0.115787511324|0.110266148648|0.0910259746175|0.0780918840331|0.0762115900551|0.0681082089877,6
2024,202410020311,outsider_field,メンバー構成型,2020104793|2019100410|2020106063|2019106684|2019100539|2019104116,|||||,0.185311595775|0.086310173313|0.0856021422542|0.0837775855303|0.0816596431848|0.0697222141045,6
2024,202410020312,outsider_field,メンバー構成型,2020103588|2020101195|2020102591|2020100795|2020110030|2018110149,|||||,0.155733110731|0.115901471583|0.100434249557|0.0748107384167|0.061701189636|0.0558753588283,6
2024,202410020410,outsider_field,メンバー構成型,2020102630|2020104942|2019100604|2020100686|2020101763|2020101492,|||||,0.0923017318445|0.0890677542611|0.0790440226471|0.077563724742|0.0761882887652|0.0701915602161,6
2024,202410020507,outsider_field,メンバー構成型,2020102961|2020101288|2020102225|2020105495|2020100072|2020105124,|||||,0.103091491004|0.0884093967146|0.0871046686494|0.0871046686494|0.08517781993|0.0840185536332,6
2024,202410020607,outsider_field,メンバー構成型,2020102570|2020102941|2020102785|2019100841|2020105189|2020102589,|||||,0.15957525356|0.141352284317|0.104956529378|0.0889737935086|0.084736389715|0.0782560146551,6
2024,202410020707,outsider_field,メンバー構成型,2021100255|2021104474|2021102344|2021103728|2021104152|2021109052,|||||,0.112977373043|0.0985804475283|0.0942864165606|0.0839624038589|0.0825431601627|0.0785580210233,6
2024,202410020711,outsider_field,メンバー構成型,2020101766|2020100604|2020101275|2019105095|2020104864|2019102514,|||||,0.171809858568|0.121210176653|0.114501825494|0.0911347774207|0.0765049117431|0.0648536021174,6
2024,202410020810,outsider_field,メンバー構成型,2020105484|2020104613|2020106330|2020100736|2019102456|2019104675,|||||,0.145179642092|0.141885367826|0.105464105187|0.0857047692157|0.0774278326527|0.0562846947607,6
2024,202410030809,outsider_field,メンバー構成型,2020106654|2020105733|2020101893|2020104245|2020105614|2020110085,|||||,0.097436150957|0.0935522305496|0.0787947776656|0.0766435881313|0.0766235756319|0.0705412472776,6
2024,202410030811,outsider_field,メンバー構成型,2020100680|2020104564|2020106338|2020103102|2019105532|2019106670,|||||,0.202768257284|0.131091447281|0.122197148941|0.118703001577|0.0895221020174|0.0558135599403,6
