test_year,architecture,head,importance_rank,feature,gain
2021,BASELINE_DIRECT,RANK_GRADED,1,auto_history_finish_position_ewma,26916.43131828308
2021,BASELINE_DIRECT,RANK_GRADED,2,auto_field_recent_avg_finish_gap_to_top3_mean,22753.750529766083
2021,BASELINE_DIRECT,RANK_GRADED,3,auto_field_recent_avg_finish_zscore,5886.442744255066
2021,BASELINE_DIRECT,RANK_GRADED,4,auto_history_finish_position_last,5430.096467018127
2021,BASELINE_DIRECT,RANK_GRADED,5,previous_finish_position,3992.93706035614
2021,BASELINE_DIRECT,RANK_GRADED,6,auto_finish_same_class_success_rate,3871.772569179535
2021,BASELINE_DIRECT,RANK_GRADED,7,auto_field_recent_top3_rate_zscore,3783.311896800995
2021,BASELINE_DIRECT,RANK_GRADED,8,auto_field_network_elo_rating_zscore,3578.385241985321
2021,BASELINE_DIRECT,RANK_GRADED,9,auto_finish_same_class_median,2837.2057733535767
2021,BASELINE_DIRECT,RANK_GRADED,10,auto_finish_same_surface_mean,2800.6593766212463
2021,BASELINE_DIRECT,RANK_GRADED,11,auto_finish_same_class_mean,2599.454538822174
2021,BASELINE_DIRECT,RANK_GRADED,12,days_since_last_start,2432.828027009964
2021,BASELINE_DIRECT,RANK_GRADED,13,actor_jockey_venue_effective_top3_rate,2390.455924510956
2021,BASELINE_DIRECT,RANK_GRADED,14,opponent_recent_avg_top3_rate,2300.609082221985
2021,BASELINE_DIRECT,RANK_GRADED,15,auto_finish_same_surface_median,2255.078266620636
2021,BASELINE_DIRECT,RANK_GRADED,16,auto_field_recent_avg_finish_diff_mean,1954.8361930847168
2021,BASELINE_DIRECT,RANK_GRADED,17,auto_field_network_elo_rating_percentile,1930.8852443695068
2021,BASELINE_DIRECT,RANK_GRADED,18,actor_trainer_race_class_avg_finish,1823.1529846191406
2021,BASELINE_DIRECT,RANK_GRADED,19,auto_field_recent_top3_rate_percentile,1805.4440989494324
2021,BASELINE_DIRECT,RANK_GRADED,20,actor_jockey_all_effective_win_rate,1771.474135875702
2021,BASELINE_DIRECT,RANK_GRADED,21,actor_jockey_venue_effective_avg_finish,1616.3932285308838
2021,BASELINE_DIRECT,RANK_GRADED,22,opponent_current_field_avg_elo,1458.8041095733643
2021,BASELINE_DIRECT,RANK_GRADED,23,actor_jockey_surface_win_rate,1410.8059525489807
2021,BASELINE_DIRECT,RANK_GRADED,24,actor_jockey_race_class_avg_finish,1403.684502363205
2021,BASELINE_DIRECT,RANK_GRADED,25,auto_field_recent_avg_last_3f_diff_median,1378.5936102867126
2021,BASELINE_DIRECT,RANK_GRADED,26,auto_field_recent_top3_rate_gap_to_top3_mean,1374.3802618980408
2021,BASELINE_DIRECT,RANK_GRADED,27,actor_jockey_venue_avg_finish,1367.4850573539734
2021,BASELINE_DIRECT,RANK_GRADED,28,auto_field_network_elo_rating_diff_mean,1362.366816997528
2021,BASELINE_DIRECT,RANK_GRADED,29,auto_finish_same_class_trend,1353.653133392334
2021,BASELINE_DIRECT,RANK_GRADED,30,auto_field_recent_avg_finish_gap_to_top2_mean,1337.3700556755066
2021,BASELINE_DIRECT,RANK_GRADED,31,timepace_recent_avg_performance_score,1261.241187095642
2021,BASELINE_DIRECT,RANK_GRADED,32,actor_jockey_all_win_rate,1229.7715907096863
2021,BASELINE_DIRECT,RANK_GRADED,33,actor_jockey_surface_effective_top3_rate,1189.6974272727966
2021,BASELINE_DIRECT,RANK_GRADED,34,actor_jockey_recent_effective_avg_finish,1168.0604419708252
2021,BASELINE_DIRECT,RANK_GRADED,35,opponent_recent_avg_win_rate,1106.6845316886902
2021,BASELINE_DIRECT,RANK_GRADED,36,opponent_history_avg_opponent_top3_rate,1042.4815447330475
2021,BASELINE_DIRECT,RANK_GRADED,37,timepace_recent_avg_normalized_time,1030.4720587730408
2021,BASELINE_DIRECT,RANK_GRADED,38,actor_jockey_distance_band_effective_top3_rate,980.3693399429321
2021,BASELINE_DIRECT,RANK_GRADED,39,actor_jockey_recent_avg_finish,976.128662109375
2021,BASELINE_DIRECT,RANK_GRADED,40,actor_trainer_surface_avg_finish,962.6909832954407
2021,BASELINE_DIRECT,RANK_GRADED,41,actor_jockey_distance_band_top3_rate,960.2383675575256
2021,BASELINE_DIRECT,RANK_GRADED,42,actor_jockey_race_class_effective_avg_finish,952.9886665344238
2021,BASELINE_DIRECT,RANK_GRADED,43,actor_horse_jockey_all_avg_finish,952.6775989532471
2021,BASELINE_DIRECT,RANK_GRADED,44,actor_jockey_surface_avg_finish,926.531991481781
2021,BASELINE_DIRECT,RANK_GRADED,45,auto_finish_within_100m_mean,916.744731426239
2021,BASELINE_DIRECT,RANK_GRADED,46,timepace_recent_avg_normalized_last3f,916.1130712032318
2021,BASELINE_DIRECT,RANK_GRADED,47,actor_jockey_race_class_top3_rate,914.2975063323975
2021,BASELINE_DIRECT,RANK_GRADED,48,opponent_history_avg_opponent_win_rate,908.472448348999
2021,BASELINE_DIRECT,RANK_GRADED,49,distance_change_m,901.4324195384979
2021,BASELINE_DIRECT,RANK_GRADED,50,auto_finish_same_surface_success_rate,887.5014886856079
2021,RESIDUAL_REGIME_DIRECT,RANK_GRADED,1,auto_history_finish_position_ewma,27669.47825050354
2021,RESIDUAL_REGIME_DIRECT,RANK_GRADED,2,auto_field_recent_avg_finish_gap_to_top3_mean,16656.311180591583
2021,RESIDUAL_REGIME_DIRECT,RANK_GRADED,3,auto_field_recent_avg_finish_zscore,9103.046463489532
2021,RESIDUAL_REGIME_DIRECT,RANK_GRADED,4,regime_speed_resid_lag1,5979.715953826904
2021,RESIDUAL_REGIME_DIRECT,RANK_GRADED,5,auto_field_recent_top3_rate_zscore,4914.677156925201
2021,RESIDUAL_REGIME_DIRECT,RANK_GRADED,6,auto_finish_same_class_success_rate,4002.536024570465
2021,RESIDUAL_REGIME_DIRECT,RANK_GRADED,7,auto_field_network_elo_rating_zscore,3872.92689037323
2021,RESIDUAL_REGIME_DIRECT,RANK_GRADED,8,auto_finish_same_surface_mean,3410.7663230895996
2021,RESIDUAL_REGIME_DIRECT,RANK_GRADED,9,auto_finish_same_class_median,3301.6810965538025
2021,RESIDUAL_REGIME_DIRECT,RANK_GRADED,10,previous_finish_position,2946.159399986267
2021,RESIDUAL_REGIME_DIRECT,RANK_GRADED,11,regime_speed_resid_strength3,2707.9210085868835
2021,RESIDUAL_REGIME_DIRECT,RANK_GRADED,12,auto_finish_same_class_mean,2428.24373960495
2021,RESIDUAL_REGIME_DIRECT,RANK_GRADED,13,opponent_recent_avg_top3_rate,2344.56485080719
2021,RESIDUAL_REGIME_DIRECT,RANK_GRADED,14,auto_history_finish_position_last,2098.849376678467
2021,RESIDUAL_REGIME_DIRECT,RANK_GRADED,15,regime_speed_resid_mean5,2001.858479976654
2021,RESIDUAL_REGIME_DIRECT,RANK_GRADED,16,days_since_last_start,1954.410563468933
2021,RESIDUAL_REGIME_DIRECT,RANK_GRADED,17,auto_finish_same_surface_success_rate,1928.3348469734192
2021,RESIDUAL_REGIME_DIRECT,RANK_GRADED,18,actor_jockey_venue_effective_top3_rate,1867.7705698013306
2021,RESIDUAL_REGIME_DIRECT,RANK_GRADED,19,actor_jockey_surface_top3_rate,1851.847604751587
2021,RESIDUAL_REGIME_DIRECT,RANK_GRADED,20,actor_jockey_all_top3_rate,1825.5370297431946
2021,RESIDUAL_REGIME_DIRECT,RANK_GRADED,21,actor_trainer_race_class_avg_finish,1780.0226321220398
2021,RESIDUAL_REGIME_DIRECT,RANK_GRADED,22,actor_jockey_race_class_avg_finish,1734.6971583366394
2021,RESIDUAL_REGIME_DIRECT,RANK_GRADED,23,actor_jockey_venue_effective_avg_finish,1714.8793559074402
2021,RESIDUAL_REGIME_DIRECT,RANK_GRADED,24,auto_field_network_elo_rating_percentile,1631.5522322654724
2021,RESIDUAL_REGIME_DIRECT,RANK_GRADED,25,auto_field_recent_avg_last_3f_diff_median,1553.5376405715942
2021,RESIDUAL_REGIME_DIRECT,RANK_GRADED,26,regime_speed_resid_mean3,1539.0317993164062
2021,RESIDUAL_REGIME_DIRECT,RANK_GRADED,27,actor_jockey_all_win_rate,1530.1356091499329
2021,RESIDUAL_REGIME_DIRECT,RANK_GRADED,28,actor_jockey_surface_effective_win_rate,1437.688639640808
2021,RESIDUAL_REGIME_DIRECT,RANK_GRADED,29,opponent_recent_avg_win_rate,1381.7551317214966
2021,RESIDUAL_REGIME_DIRECT,RANK_GRADED,30,auto_field_network_elo_rating_diff_mean,1322.1381545066833
2021,RESIDUAL_REGIME_DIRECT,RANK_GRADED,31,auto_field_recent_avg_finish_diff_mean,1299.941267490387
2021,RESIDUAL_REGIME_DIRECT,RANK_GRADED,32,actor_trainer_surface_avg_finish,1268.397041797638
2021,RESIDUAL_REGIME_DIRECT,RANK_GRADED,33,auto_field_recent_avg_finish_gap_to_top2_mean,1201.3184356689453
2021,RESIDUAL_REGIME_DIRECT,RANK_GRADED,34,auto_finish_same_class_trend,1187.9971523284912
2021,RESIDUAL_REGIME_DIRECT,RANK_GRADED,35,auto_finish_same_surface_median,1147.049189567566
2021,RESIDUAL_REGIME_DIRECT,RANK_GRADED,36,distance_change_m,1057.9308407306671
2021,RESIDUAL_REGIME_DIRECT,RANK_GRADED,37,regime_perf_resid_strength3,1050.095025062561
2021,RESIDUAL_REGIME_DIRECT,RANK_GRADED,38,actor_horse_jockey_all_avg_finish,1036.2670373916626
2021,RESIDUAL_REGIME_DIRECT,RANK_GRADED,39,regime_perf_resid_lag1,1011.2631874084473
2021,RESIDUAL_REGIME_DIRECT,RANK_GRADED,40,actor_trainer_venue_win_rate,1003.7546319961548
2021,RESIDUAL_REGIME_DIRECT,RANK_GRADED,41,actor_jockey_recent_effective_top3_rate,983.0963163375854
2021,RESIDUAL_REGIME_DIRECT,RANK_GRADED,42,actor_jockey_distance_band_top3_rate,948.4432044029236
2021,RESIDUAL_REGIME_DIRECT,RANK_GRADED,43,actor_jockey_race_class_effective_avg_finish,930.1476230621338
2021,RESIDUAL_REGIME_DIRECT,RANK_GRADED,44,actor_jockey_surface_effective_top3_rate,929.2803583145142
2021,RESIDUAL_REGIME_DIRECT,RANK_GRADED,45,opponent_current_field_avg_elo,927.5907106399536
2021,RESIDUAL_REGIME_DIRECT,RANK_GRADED,46,body_weight,912.3126606941223
2021,RESIDUAL_REGIME_DIRECT,RANK_GRADED,47,timepace_recent_avg_performance_score,891.2821490764618
2021,RESIDUAL_REGIME_DIRECT,RANK_GRADED,48,actor_jockey_recent_avg_finish,873.3784976005554
2021,RESIDUAL_REGIME_DIRECT,RANK_GRADED,49,actor_jockey_venue_top3_rate,860.4389481544495
2021,RESIDUAL_REGIME_DIRECT,RANK_GRADED,50,opponent_history_avg_opponent_top3_rate,858.5621190071106
2021,FULL_PAIRWISE_BASE,PAIR_FINISH,1,actor_horse_jockey_all_effective_avg_finish,305373.5738978386
2021,FULL_PAIRWISE_BASE,PAIR_FINISH,2,actor_jockey_surface_effective_avg_finish,229332.09811115265
2021,FULL_PAIRWISE_BASE,PAIR_FINISH,3,actor_jockey_all_effective_avg_finish,148654.85437393188
2021,FULL_PAIRWISE_BASE,PAIR_FINISH,4,actor_horse_jockey_recent_effective_avg_finish,71969.92506361008
2021,FULL_PAIRWISE_BASE,PAIR_FINISH,5,actor_jockey_race_class_effective_avg_finish,66511.51624965668
2021,FULL_PAIRWISE_BASE,PAIR_FINISH,6,actor_trainer_race_class_effective_avg_finish,65629.62864494324
2021,FULL_PAIRWISE_BASE,PAIR_FINISH,7,actor_jockey_recent_effective_avg_finish,46772.67492437363
2021,FULL_PAIRWISE_BASE,PAIR_FINISH,8,actor_horse_jockey_all_effective_win_rate,43391.03635597229
2021,FULL_PAIRWISE_BASE,PAIR_FINISH,9,actor_jockey_distance_band_effective_avg_finish,36031.32009410858
2021,FULL_PAIRWISE_BASE,PAIR_FINISH,10,actor_trainer_all_effective_avg_finish,34602.10483646393
2021,FULL_PAIRWISE_BASE,PAIR_FINISH,11,actor_trainer_distance_band_effective_avg_finish,21967.93598985672
2021,FULL_PAIRWISE_BASE,PAIR_FINISH,12,actor_jockey_surface_effective_top3_rate,21830.844457626343
2021,FULL_PAIRWISE_BASE,PAIR_FINISH,13,actor_horse_jockey_all_effective_starts,16202.08011007309
2021,FULL_PAIRWISE_BASE,PAIR_FINISH,14,actor_jockey_all_effective_top3_rate,15351.024722576141
2021,FULL_PAIRWISE_BASE,PAIR_FINISH,15,actor_horse_jockey_all_effective_top3_rate,12910.626963615417
2021,FULL_PAIRWISE_BASE,PAIR_FINISH,16,actor_jockey_all_effective_win_rate,12223.86867237091
2021,FULL_PAIRWISE_BASE,PAIR_FINISH,17,actor_jockey_venue_effective_avg_finish,10365.026446819305
2021,FULL_PAIRWISE_BASE,PAIR_FINISH,18,actor_horse_jockey_recent_effective_win_rate,8051.151554107666
2021,FULL_PAIRWISE_BASE,PAIR_FINISH,19,actor_horse_jockey_all_finish_observations,4183.765690803528
2021,FULL_PAIRWISE_BASE,PAIR_FINISH,20,actor_jockey_venue_effective_top3_rate,4054.9488563537598
2021,FULL_PAIRWISE_BASE,PAIR_FINISH,21,actor_horse_jockey_recent_effective_starts,3889.652883529663
2021,FULL_PAIRWISE_BASE,PAIR_FINISH,22,actor_jockey_surface_effective_win_rate,3718.646708011627
2021,FULL_PAIRWISE_BASE,PAIR_FINISH,23,actor_jockey_venue_effective_win_rate,3405.6944937705994
2021,FULL_PAIRWISE_BASE,PAIR_FINISH,24,actor_jockey_race_class_effective_top3_rate,3059.9807691574097
2021,FULL_PAIRWISE_BASE,PAIR_FINISH,25,actor_trainer_race_class_effective_win_rate,2700.9974727630615
2021,FULL_PAIRWISE_BASE,PAIR_FINISH,26,actor_jockey_distance_band_effective_top3_rate,2356.2654452323914
2021,FULL_PAIRWISE_BASE,PAIR_FINISH,27,actor_trainer_all_effective_win_rate,2276.5966787338257
2021,FULL_PAIRWISE_BASE,PAIR_FINISH,28,actor_trainer_race_class_effective_starts,2165.4861669540405
2021,FULL_PAIRWISE_BASE,PAIR_FINISH,29,actor_jockey_recent_effective_win_rate,1837.8317193984985
2021,FULL_PAIRWISE_BASE,PAIR_FINISH,30,actor_horse_jockey_recent_effective_top3_rate,1723.2860021591187
2021,FULL_PAIRWISE_BASE,PAIR_FINISH,31,actor_trainer_all_effective_top3_rate,1490.4432497024536
2021,FULL_PAIRWISE_BASE,PAIR_FINISH,32,actor_trainer_distance_band_fallback_level,1220.0061774253845
2021,FULL_PAIRWISE_BASE,PAIR_FINISH,33,actor_jockey_recent_effective_top3_rate,1177.5082168579102
2021,FULL_PAIRWISE_BASE,PAIR_FINISH,34,actor_trainer_distance_band_effective_top3_rate,1157.217927455902
2021,FULL_PAIRWISE_BASE,PAIR_FINISH,35,actor_trainer_distance_band_finish_observations,1153.4010605812073
2021,FULL_PAIRWISE_BASE,PAIR_FINISH,36,actor_trainer_all_finish_observations,1151.2682447433472
2021,FULL_PAIRWISE_BASE,PAIR_FINISH,37,actor_jockey_race_class_finish_observations,1023.120578289032
2021,FULL_PAIRWISE_BASE,PAIR_FINISH,38,actor_horse_jockey_all_starts,1020.897675037384
2021,FULL_PAIRWISE_BASE,PAIR_FINISH,39,actor_jockey_venue_finish_observations,916.1044492721558
2021,FULL_PAIRWISE_BASE,PAIR_FINISH,40,actor_jockey_race_class_effective_win_rate,845.4579768180847
2021,FULL_PAIRWISE_BASE,PAIR_FINISH,41,actor_jockey_distance_band_effective_starts,842.1531057357788
2021,FULL_PAIRWISE_BASE,PAIR_FINISH,42,actor_horse_jockey_all_fallback_level,832.0487976074219
2021,FULL_PAIRWISE_BASE,PAIR_FINISH,43,actor_jockey_distance_band_finish_observations,805.5006771087646
2021,FULL_PAIRWISE_BASE,PAIR_FINISH,44,actor_jockey_surface_effective_starts,805.3175582885742
2021,FULL_PAIRWISE_BASE,PAIR_FINISH,45,actor_jockey_recent_effective_starts,791.2455401420593
2021,FULL_PAIRWISE_BASE,PAIR_FINISH,46,actor_trainer_distance_band_effective_win_rate,780.2107529640198
2021,FULL_PAIRWISE_BASE,PAIR_FINISH,47,actor_jockey_distance_band_effective_win_rate,779.5568170547485
2021,FULL_PAIRWISE_BASE,PAIR_FINISH,48,actor_jockey_venue_effective_starts,749.9220495223999
2021,FULL_PAIRWISE_BASE,PAIR_FINISH,49,actor_jockey_race_class_effective_starts,722.8625860214233
2021,FULL_PAIRWISE_BASE,PAIR_FINISH,50,actor_jockey_all_finish_observations,623.5747404098511
2021,FULL_PAIRWISE_BASE,PAIR_TOP3,1,actor_horse_jockey_all_effective_avg_finish,194809.31042146683
2021,FULL_PAIRWISE_BASE,PAIR_TOP3,2,actor_jockey_surface_effective_top3_rate,128668.0520401001
2021,FULL_PAIRWISE_BASE,PAIR_TOP3,3,actor_jockey_all_effective_top3_rate,110052.01767778397
2021,FULL_PAIRWISE_BASE,PAIR_TOP3,4,actor_jockey_surface_effective_avg_finish,78177.2520647049
2021,FULL_PAIRWISE_BASE,PAIR_TOP3,5,actor_jockey_all_effective_avg_finish,65685.38275671005
2021,FULL_PAIRWISE_BASE,PAIR_TOP3,6,actor_horse_jockey_recent_effective_avg_finish,42041.69336271286
2021,FULL_PAIRWISE_BASE,PAIR_TOP3,7,actor_jockey_race_class_effective_avg_finish,37314.55108880997
2021,FULL_PAIRWISE_BASE,PAIR_TOP3,8,actor_jockey_all_effective_win_rate,32906.324038505554
2021,FULL_PAIRWISE_BASE,PAIR_TOP3,9,actor_trainer_race_class_effective_avg_finish,31713.183995723724
2021,FULL_PAIRWISE_BASE,PAIR_TOP3,10,actor_horse_jockey_all_effective_top3_rate,30965.468789100647
2021,FULL_PAIRWISE_BASE,PAIR_TOP3,11,actor_trainer_all_effective_avg_finish,29267.326954841614
2021,FULL_PAIRWISE_BASE,PAIR_TOP3,12,actor_jockey_recent_effective_avg_finish,20223.949875354767
2021,FULL_PAIRWISE_BASE,PAIR_TOP3,13,actor_horse_jockey_all_effective_win_rate,19030.616225719452
2021,FULL_PAIRWISE_BASE,PAIR_TOP3,14,actor_jockey_distance_band_effective_top3_rate,14993.41895866394
2021,FULL_PAIRWISE_BASE,PAIR_TOP3,15,actor_trainer_distance_band_effective_avg_finish,12170.09830904007
2021,FULL_PAIRWISE_BASE,PAIR_TOP3,16,actor_jockey_venue_effective_avg_finish,10656.740971565247
2021,FULL_PAIRWISE_BASE,PAIR_TOP3,17,actor_horse_jockey_all_finish_observations,6855.813777446747
2021,FULL_PAIRWISE_BASE,PAIR_TOP3,18,actor_trainer_all_effective_win_rate,6169.6134696006775
2021,FULL_PAIRWISE_BASE,PAIR_TOP3,19,actor_jockey_surface_effective_win_rate,5946.6584758758545
2021,FULL_PAIRWISE_BASE,PAIR_TOP3,20,actor_horse_jockey_all_effective_starts,5689.5099177360535
2021,FULL_PAIRWISE_BASE,PAIR_TOP3,21,actor_horse_jockey_recent_effective_top3_rate,5407.472153186798
2021,FULL_PAIRWISE_BASE,PAIR_TOP3,22,actor_horse_jockey_recent_effective_win_rate,4059.663733482361
2021,FULL_PAIRWISE_BASE,PAIR_TOP3,23,actor_jockey_venue_effective_win_rate,3634.1171317100525
2021,FULL_PAIRWISE_BASE,PAIR_TOP3,24,actor_jockey_distance_band_effective_avg_finish,2975.8956141471863
2021,FULL_PAIRWISE_BASE,PAIR_TOP3,25,actor_jockey_recent_effective_top3_rate,2901.12385225296
2021,FULL_PAIRWISE_BASE,PAIR_TOP3,26,actor_trainer_race_class_effective_top3_rate,2675.8796076774597
2021,FULL_PAIRWISE_BASE,PAIR_TOP3,27,actor_trainer_all_finish_observations,2271.7297344207764
2021,FULL_PAIRWISE_BASE,PAIR_TOP3,28,actor_trainer_all_effective_top3_rate,2261.5738282203674
2021,FULL_PAIRWISE_BASE,PAIR_TOP3,29,actor_trainer_distance_band_effective_top3_rate,1947.4931712150574
2021,FULL_PAIRWISE_BASE,PAIR_TOP3,30,actor_jockey_venue_effective_top3_rate,1896.512391090393
2021,FULL_PAIRWISE_BASE,PAIR_TOP3,31,actor_horse_jockey_recent_effective_starts,1637.3327102661133
2021,FULL_PAIRWISE_BASE,PAIR_TOP3,32,actor_jockey_recent_effective_win_rate,1545.3620586395264
2021,FULL_PAIRWISE_BASE,PAIR_TOP3,33,actor_jockey_distance_band_effective_win_rate,1535.7556519508362
2021,FULL_PAIRWISE_BASE,PAIR_TOP3,34,actor_jockey_race_class_effective_top3_rate,1304.0127472877502
2021,FULL_PAIRWISE_BASE,PAIR_TOP3,35,actor_horse_jockey_all_starts,1254.5944180488586
2021,FULL_PAIRWISE_BASE,PAIR_TOP3,36,actor_jockey_distance_band_finish_observations,1234.0833439826965
2021,FULL_PAIRWISE_BASE,PAIR_TOP3,37,actor_trainer_race_class_effective_starts,1184.4314785003662
2021,FULL_PAIRWISE_BASE,PAIR_TOP3,38,actor_jockey_venue_effective_starts,1063.352388381958
2021,FULL_PAIRWISE_BASE,PAIR_TOP3,39,actor_jockey_venue_finish_observations,1043.631468296051
2021,FULL_PAIRWISE_BASE,PAIR_TOP3,40,actor_trainer_race_class_effective_win_rate,938.2587637901306
2021,FULL_PAIRWISE_BASE,PAIR_TOP3,41,actor_trainer_distance_band_fallback_level,890.7998199462891
2021,FULL_PAIRWISE_BASE,PAIR_TOP3,42,actor_jockey_race_class_finish_observations,820.2249002456665
2021,FULL_PAIRWISE_BASE,PAIR_TOP3,43,actor_jockey_recent_finish_observations,796.7394843101501
2021,FULL_PAIRWISE_BASE,PAIR_TOP3,44,actor_trainer_distance_band_effective_win_rate,789.1378984451294
2021,FULL_PAIRWISE_BASE,PAIR_TOP3,45,actor_trainer_all_effective_starts,681.9322681427002
2021,FULL_PAIRWISE_BASE,PAIR_TOP3,46,actor_trainer_distance_band_finish_observations,561.335720539093
2021,FULL_PAIRWISE_BASE,PAIR_TOP3,47,actor_trainer_distance_band_effective_starts,557.5634503364563
2021,FULL_PAIRWISE_BASE,PAIR_TOP3,48,actor_jockey_race_class_effective_starts,536.8512315750122
2021,FULL_PAIRWISE_BASE,PAIR_TOP3,49,actor_jockey_race_class_effective_win_rate,520.544141292572
2021,FULL_PAIRWISE_BASE,PAIR_TOP3,50,actor_jockey_surface_effective_starts,511.6344003677368
2021,FULL_PAIRWISE_REGIME,PAIR_FINISH,1,regime_perf_resid_mean5,392876.8270330429
2021,FULL_PAIRWISE_REGIME,PAIR_FINISH,2,regime_speed_resid_lag1,255683.1726398468
2021,FULL_PAIRWISE_REGIME,PAIR_FINISH,3,regime_speed_resid_mean3,239554.461060524
2021,FULL_PAIRWISE_REGIME,PAIR_FINISH,4,actor_jockey_surface_effective_avg_finish,120538.03187561035
2021,FULL_PAIRWISE_REGIME,PAIR_FINISH,5,regime_speed_resid_mean5,113352.66083431244
2021,FULL_PAIRWISE_REGIME,PAIR_FINISH,6,actor_horse_jockey_all_effective_avg_finish,85893.00284957886
2021,FULL_PAIRWISE_REGIME,PAIR_FINISH,7,actor_jockey_all_effective_avg_finish,58846.362095832825
2021,FULL_PAIRWISE_REGIME,PAIR_FINISH,8,actor_trainer_race_class_effective_avg_finish,48886.66963291168
2021,FULL_PAIRWISE_REGIME,PAIR_FINISH,9,actor_jockey_race_class_effective_avg_finish,40245.44597911835
2021,FULL_PAIRWISE_REGIME,PAIR_FINISH,10,regime_last3f_resid_mean5,36551.75329494476
2021,FULL_PAIRWISE_REGIME,PAIR_FINISH,11,actor_trainer_all_effective_avg_finish,35310.326170921326
2021,FULL_PAIRWISE_REGIME,PAIR_FINISH,12,regime_perf_resid_lag1,32812.59262943268
2021,FULL_PAIRWISE_REGIME,PAIR_FINISH,13,regime_speed_resid_strength3,31185.49412059784
2021,FULL_PAIRWISE_REGIME,PAIR_FINISH,14,actor_jockey_recent_effective_avg_finish,23841.67660331726
2021,FULL_PAIRWISE_REGIME,PAIR_FINISH,15,actor_horse_jockey_all_effective_win_rate,23427.718836784363
2021,FULL_PAIRWISE_REGIME,PAIR_FINISH,16,actor_horse_jockey_recent_effective_avg_finish,20291.180265426636
2021,FULL_PAIRWISE_REGIME,PAIR_FINISH,17,actor_trainer_distance_band_effective_avg_finish,13192.591188430786
2021,FULL_PAIRWISE_REGIME,PAIR_FINISH,18,regime_perf_resid_mean3,11387.491286277771
2021,FULL_PAIRWISE_REGIME,PAIR_FINISH,19,regime_perf_resid_std5,11163.241435050964
2021,FULL_PAIRWISE_REGIME,PAIR_FINISH,20,actor_jockey_all_effective_top3_rate,11084.432249069214
2021,FULL_PAIRWISE_REGIME,PAIR_FINISH,21,actor_horse_jockey_all_effective_starts,9793.33581161499
2021,FULL_PAIRWISE_REGIME,PAIR_FINISH,22,actor_jockey_surface_effective_top3_rate,8941.517502784729
2021,FULL_PAIRWISE_REGIME,PAIR_FINISH,23,regime_last3f_resid_std5,8583.510787010193
2021,FULL_PAIRWISE_REGIME,PAIR_FINISH,24,actor_jockey_distance_band_effective_avg_finish,8385.67698097229
2021,FULL_PAIRWISE_REGIME,PAIR_FINISH,25,actor_horse_jockey_all_effective_top3_rate,7908.156485557556
2021,FULL_PAIRWISE_REGIME,PAIR_FINISH,26,actor_jockey_venue_effective_avg_finish,6287.487751960754
2021,FULL_PAIRWISE_REGIME,PAIR_FINISH,27,regime_speed_resid_lag2,5158.274884223938
2021,FULL_PAIRWISE_REGIME,PAIR_FINISH,28,regime_perf_resid_lag2,4091.0713109970093
2021,FULL_PAIRWISE_REGIME,PAIR_FINISH,29,actor_horse_jockey_recent_effective_win_rate,3843.1958208084106
2021,FULL_PAIRWISE_REGIME,PAIR_FINISH,30,actor_jockey_all_effective_win_rate,3829.6792974472046
2021,FULL_PAIRWISE_REGIME,PAIR_FINISH,31,regime_last3f_resid_lag1,3485.435489654541
2021,FULL_PAIRWISE_REGIME,PAIR_FINISH,32,actor_jockey_distance_band_effective_top3_rate,3374.239375114441
2021,FULL_PAIRWISE_REGIME,PAIR_FINISH,33,regime_perf_resid_strength3,3050.4409036636353
2021,FULL_PAIRWISE_REGIME,PAIR_FINISH,34,regime_last3f_resid_std3,3015.5370082855225
2021,FULL_PAIRWISE_REGIME,PAIR_FINISH,35,actor_jockey_surface_effective_win_rate,2566.367199897766
2021,FULL_PAIRWISE_REGIME,PAIR_FINISH,36,regime_last3f_resid_lag2,2323.029010772705
2021,FULL_PAIRWISE_REGIME,PAIR_FINISH,37,actor_jockey_race_class_effective_top3_rate,2280.389588356018
2021,FULL_PAIRWISE_REGIME,PAIR_FINISH,38,regime_last3f_resid_mean3,2235.745018005371
2021,FULL_PAIRWISE_REGIME,PAIR_FINISH,39,actor_jockey_venue_effective_top3_rate,2047.8447923660278
2021,FULL_PAIRWISE_REGIME,PAIR_FINISH,40,actor_trainer_all_effective_win_rate,2046.9460954666138
2021,FULL_PAIRWISE_REGIME,PAIR_FINISH,41,regime_speed_resid_std3,1979.2396984100342
2021,FULL_PAIRWISE_REGIME,PAIR_FINISH,42,actor_horse_jockey_recent_effective_starts,1782.1828994750977
2021,FULL_PAIRWISE_REGIME,PAIR_FINISH,43,regime_speed_resid_std5,1665.65469455719
2021,FULL_PAIRWISE_REGIME,PAIR_FINISH,44,regime_perf_resid_std3,1614.349596977234
2021,FULL_PAIRWISE_REGIME,PAIR_FINISH,45,actor_trainer_race_class_effective_starts,1532.2179517745972
2021,FULL_PAIRWISE_REGIME,PAIR_FINISH,46,regime_last3f_resid_lag4,1529.9360036849976
2021,FULL_PAIRWISE_REGIME,PAIR_FINISH,47,regime_speed_resid_slope3,1525.5579023361206
2021,FULL_PAIRWISE_REGIME,PAIR_FINISH,48,regime_last3f_resid_strength3,1522.049087524414
2021,FULL_PAIRWISE_REGIME,PAIR_FINISH,49,regime_perf_resid_slope3,1388.2641983032227
2021,FULL_PAIRWISE_REGIME,PAIR_FINISH,50,regime_last3f_resid_positive_count3,1318.0471878051758
2021,FULL_PAIRWISE_REGIME,PAIR_TOP3,1,regime_perf_resid_mean5,362302.2979631424
2021,FULL_PAIRWISE_REGIME,PAIR_TOP3,2,regime_speed_resid_lag1,118974.29616165161
2021,FULL_PAIRWISE_REGIME,PAIR_TOP3,3,actor_jockey_surface_effective_top3_rate,84097.31261730194
2021,FULL_PAIRWISE_REGIME,PAIR_TOP3,4,regime_speed_resid_mean5,73364.98945856094
2021,FULL_PAIRWISE_REGIME,PAIR_TOP3,5,actor_jockey_all_effective_top3_rate,71067.43802881241
2021,FULL_PAIRWISE_REGIME,PAIR_TOP3,6,regime_speed_resid_mean3,59699.06787586212
2021,FULL_PAIRWISE_REGIME,PAIR_TOP3,7,regime_perf_resid_mean3,58564.90179157257
2021,FULL_PAIRWISE_REGIME,PAIR_TOP3,8,actor_jockey_surface_effective_avg_finish,48755.47881126404
2021,FULL_PAIRWISE_REGIME,PAIR_TOP3,9,actor_horse_jockey_all_effective_avg_finish,46314.9791226387
2021,FULL_PAIRWISE_REGIME,PAIR_TOP3,10,actor_trainer_all_effective_avg_finish,28745.611520767212
2021,FULL_PAIRWISE_REGIME,PAIR_TOP3,11,actor_jockey_race_class_effective_avg_finish,23988.118921279907
2021,FULL_PAIRWISE_REGIME,PAIR_TOP3,12,actor_trainer_race_class_effective_avg_finish,22688.268265724182
2021,FULL_PAIRWISE_REGIME,PAIR_TOP3,13,actor_jockey_all_effective_avg_finish,19729.0307264328
2021,FULL_PAIRWISE_REGIME,PAIR_TOP3,14,actor_horse_jockey_all_effective_top3_rate,18004.924735546112
2021,FULL_PAIRWISE_REGIME,PAIR_TOP3,15,regime_perf_resid_lag1,17004.772642612457
2021,FULL_PAIRWISE_REGIME,PAIR_TOP3,16,actor_jockey_distance_band_effective_top3_rate,15195.051295280457
2021,FULL_PAIRWISE_REGIME,PAIR_TOP3,17,actor_horse_jockey_recent_effective_avg_finish,11131.919846534729
2021,FULL_PAIRWISE_REGIME,PAIR_TOP3,18,actor_horse_jockey_all_effective_win_rate,9970.560210227966
2021,FULL_PAIRWISE_REGIME,PAIR_TOP3,19,actor_jockey_all_effective_win_rate,9132.897533416748
2021,FULL_PAIRWISE_REGIME,PAIR_TOP3,20,actor_jockey_recent_effective_avg_finish,8051.897880554199
2021,FULL_PAIRWISE_REGIME,PAIR_TOP3,21,actor_jockey_distance_band_effective_avg_finish,7695.035505771637
2021,FULL_PAIRWISE_REGIME,PAIR_TOP3,22,actor_jockey_venue_effective_avg_finish,7005.752511978149
2021,FULL_PAIRWISE_REGIME,PAIR_TOP3,23,actor_trainer_all_effective_win_rate,5582.352100372314
2021,FULL_PAIRWISE_REGIME,PAIR_TOP3,24,regime_speed_resid_std5,5296.0728940963745
2021,FULL_PAIRWISE_REGIME,PAIR_TOP3,25,regime_perf_resid_std5,5245.025716781616
2021,FULL_PAIRWISE_REGIME,PAIR_TOP3,26,actor_trainer_distance_band_effective_avg_finish,4748.939856529236
2021,FULL_PAIRWISE_REGIME,PAIR_TOP3,27,regime_speed_resid_lag2,4536.002955913544
2021,FULL_PAIRWISE_REGIME,PAIR_TOP3,28,actor_jockey_surface_effective_win_rate,3960.8884296417236
2021,FULL_PAIRWISE_REGIME,PAIR_TOP3,29,regime_last3f_resid_std3,3026.9310941696167
2021,FULL_PAIRWISE_REGIME,PAIR_TOP3,30,regime_speed_resid_positive_count3,2940.803252220154
2021,FULL_PAIRWISE_REGIME,PAIR_TOP3,31,actor_horse_jockey_recent_effective_top3_rate,2854.791784286499
2021,FULL_PAIRWISE_REGIME,PAIR_TOP3,32,regime_perf_resid_lag2,2719.551187515259
2021,FULL_PAIRWISE_REGIME,PAIR_TOP3,33,regime_perf_resid_strength3,2604.279767513275
2021,FULL_PAIRWISE_REGIME,PAIR_TOP3,34,actor_trainer_all_effective_top3_rate,2568.7856121063232
2021,FULL_PAIRWISE_REGIME,PAIR_TOP3,35,actor_trainer_race_class_effective_top3_rate,2360.799792289734
2021,FULL_PAIRWISE_REGIME,PAIR_TOP3,36,regime_last3f_resid_std5,2359.103579044342
2021,FULL_PAIRWISE_REGIME,PAIR_TOP3,37,actor_trainer_all_finish_observations,2349.58642911911
2021,FULL_PAIRWISE_REGIME,PAIR_TOP3,38,regime_speed_resid_strength3,1979.3571014404297
2021,FULL_PAIRWISE_REGIME,PAIR_TOP3,39,actor_jockey_venue_effective_win_rate,1968.5674781799316
2021,FULL_PAIRWISE_REGIME,PAIR_TOP3,40,actor_horse_jockey_recent_effective_win_rate,1896.096272468567
2021,FULL_PAIRWISE_REGIME,PAIR_TOP3,41,actor_horse_jockey_all_effective_starts,1416.4220781326294
2021,FULL_PAIRWISE_REGIME,PAIR_TOP3,42,actor_jockey_venue_effective_top3_rate,1244.6832876205444
2021,FULL_PAIRWISE_REGIME,PAIR_TOP3,43,actor_jockey_recent_effective_top3_rate,1236.4705047607422
2021,FULL_PAIRWISE_REGIME,PAIR_TOP3,44,regime_perf_resid_slope3,1111.7010974884033
2021,FULL_PAIRWISE_REGIME,PAIR_TOP3,45,actor_jockey_race_class_effective_top3_rate,1101.775902748108
2021,FULL_PAIRWISE_REGIME,PAIR_TOP3,46,regime_perf_resid_std3,1065.3715329170227
2021,FULL_PAIRWISE_REGIME,PAIR_TOP3,47,regime_speed_resid_std3,975.5716867446899
2021,FULL_PAIRWISE_REGIME,PAIR_TOP3,48,regime_last3f_resid_strength3,954.192304611206
2021,FULL_PAIRWISE_REGIME,PAIR_TOP3,49,actor_jockey_distance_band_finish_observations,825.0089635848999
2021,FULL_PAIRWISE_REGIME,PAIR_TOP3,50,regime_speed_resid_slope3,824.1788063049316
2022,BASELINE_DIRECT,RANK_GRADED,1,auto_history_finish_position_ewma,32125.83426976204
2022,BASELINE_DIRECT,RANK_GRADED,2,auto_field_recent_avg_finish_zscore,9861.585276126862
2022,BASELINE_DIRECT,RANK_GRADED,3,auto_history_finish_position_last,6477.6059012413025
2022,BASELINE_DIRECT,RANK_GRADED,4,previous_finish_position,6308.320160865784
2022,BASELINE_DIRECT,RANK_GRADED,5,auto_field_recent_avg_finish_gap_to_top3_mean,4874.51427936554
2022,BASELINE_DIRECT,RANK_GRADED,6,auto_field_recent_avg_finish_diff_mean,3953.4639840126038
2022,BASELINE_DIRECT,RANK_GRADED,7,auto_field_recent_top3_rate_zscore,3608.5876836776733
2022,BASELINE_DIRECT,RANK_GRADED,8,auto_finish_same_class_mean,3439.9456872940063
2022,BASELINE_DIRECT,RANK_GRADED,9,auto_finish_same_surface_mean,2987.727002620697
2022,BASELINE_DIRECT,RANK_GRADED,10,auto_field_network_elo_rating_zscore,2642.676102876663
2022,BASELINE_DIRECT,RANK_GRADED,11,actor_jockey_venue_effective_top3_rate,2625.733375787735
2022,BASELINE_DIRECT,RANK_GRADED,12,auto_field_recent_top3_rate_diff_median,2557.2168765068054
2022,BASELINE_DIRECT,RANK_GRADED,13,auto_finish_same_class_success_rate,2546.9270462989807
2022,BASELINE_DIRECT,RANK_GRADED,14,days_since_last_start,2390.3864438533783
2022,BASELINE_DIRECT,RANK_GRADED,15,auto_finish_same_surface_success_rate,2334.645040988922
2022,BASELINE_DIRECT,RANK_GRADED,16,auto_finish_same_surface_median,2026.8915419578552
2022,BASELINE_DIRECT,RANK_GRADED,17,opponent_recent_avg_top3_rate,1962.884171962738
2022,BASELINE_DIRECT,RANK_GRADED,18,actor_jockey_race_class_effective_top3_rate,1822.7683181762695
2022,BASELINE_DIRECT,RANK_GRADED,19,timepace_recent_avg_performance_score,1647.3937611579895
2022,BASELINE_DIRECT,RANK_GRADED,20,opponent_recent_avg_win_rate,1577.3875102996826
2022,BASELINE_DIRECT,RANK_GRADED,21,auto_field_network_elo_rating_percentile,1519.0115168094635
2022,BASELINE_DIRECT,RANK_GRADED,22,actor_jockey_all_top3_rate,1413.9469013214111
2022,BASELINE_DIRECT,RANK_GRADED,23,actor_jockey_surface_win_rate,1287.1137132644653
2022,BASELINE_DIRECT,RANK_GRADED,24,actor_trainer_race_class_effective_avg_finish,1268.1418118476868
2022,BASELINE_DIRECT,RANK_GRADED,25,actor_jockey_surface_effective_top3_rate,1266.685438156128
2022,BASELINE_DIRECT,RANK_GRADED,26,actor_jockey_venue_top3_rate,1253.9906678199768
2022,BASELINE_DIRECT,RANK_GRADED,27,auto_finish_same_class_median,1239.2829976081848
2022,BASELINE_DIRECT,RANK_GRADED,28,actor_jockey_surface_avg_finish,1226.7145929336548
2022,BASELINE_DIRECT,RANK_GRADED,29,actor_jockey_surface_top3_rate,1191.0253324508667
2022,BASELINE_DIRECT,RANK_GRADED,30,actor_horse_jockey_all_avg_finish,1190.8552074432373
2022,BASELINE_DIRECT,RANK_GRADED,31,timepace_recent_avg_normalized_time,1174.6872584819794
2022,BASELINE_DIRECT,RANK_GRADED,32,opponent_recent_avg_known_count,1104.5027270317078
2022,BASELINE_DIRECT,RANK_GRADED,33,auto_history_finish_position_rolling_2_mean,1078.3597736358643
2022,BASELINE_DIRECT,RANK_GRADED,34,actor_jockey_all_win_rate,1071.7924575805664
2022,BASELINE_DIRECT,RANK_GRADED,35,auto_finish_same_class_trend,1057.6369194984436
2022,BASELINE_DIRECT,RANK_GRADED,36,auto_field_recent_avg_finish_diff_median,1052.9610257148743
2022,BASELINE_DIRECT,RANK_GRADED,37,opponent_current_field_avg_elo,1046.5509419441223
2022,BASELINE_DIRECT,RANK_GRADED,38,opponent_history_avg_opponent_top3_rate,1041.8666400909424
2022,BASELINE_DIRECT,RANK_GRADED,39,actor_jockey_surface_effective_win_rate,984.9750924110413
2022,BASELINE_DIRECT,RANK_GRADED,40,timepace_recent_avg_normalized_last3f,982.9772434234619
2022,BASELINE_DIRECT,RANK_GRADED,41,actor_jockey_race_class_avg_finish,971.8771486282349
2022,BASELINE_DIRECT,RANK_GRADED,42,actor_trainer_race_class_avg_finish,968.0722513198853
2022,BASELINE_DIRECT,RANK_GRADED,43,actor_jockey_recent_effective_top3_rate,944.9848623275757
2022,BASELINE_DIRECT,RANK_GRADED,44,actor_jockey_all_effective_top3_rate,930.3659420013428
2022,BASELINE_DIRECT,RANK_GRADED,45,body_weight,922.5208795070648
2022,BASELINE_DIRECT,RANK_GRADED,46,auto_field_network_elo_rating_diff_mean,907.3310832977295
2022,BASELINE_DIRECT,RANK_GRADED,47,auto_field_recent_avg_last_3f_diff_median,902.5426678657532
2022,BASELINE_DIRECT,RANK_GRADED,48,auto_history_finish_position_coefficient_of_variation,887.5138659477234
2022,BASELINE_DIRECT,RANK_GRADED,49,actor_trainer_venue_effective_avg_finish,860.1364855766296
2022,BASELINE_DIRECT,RANK_GRADED,50,actor_jockey_surface_effective_avg_finish,836.8040981292725
2022,RESIDUAL_REGIME_DIRECT,RANK_GRADED,1,auto_history_finish_position_ewma,25344.966410160065
2022,RESIDUAL_REGIME_DIRECT,RANK_GRADED,2,auto_field_recent_avg_finish_zscore,10987.343761444092
2022,RESIDUAL_REGIME_DIRECT,RANK_GRADED,3,regime_speed_resid_lag1,10776.877242088318
2022,RESIDUAL_REGIME_DIRECT,RANK_GRADED,4,regime_speed_resid_mean3,5998.6979813575745
2022,RESIDUAL_REGIME_DIRECT,RANK_GRADED,5,regime_perf_resid_lag1,4093.610888004303
2022,RESIDUAL_REGIME_DIRECT,RANK_GRADED,6,regime_speed_resid_strength3,3731.1802368164062
2022,RESIDUAL_REGIME_DIRECT,RANK_GRADED,7,auto_finish_same_class_mean,3728.414005279541
2022,RESIDUAL_REGIME_DIRECT,RANK_GRADED,8,auto_field_recent_top3_rate_zscore,3548.1689505577087
2022,RESIDUAL_REGIME_DIRECT,RANK_GRADED,9,auto_field_recent_avg_finish_gap_to_top3_mean,3432.75874710083
2022,RESIDUAL_REGIME_DIRECT,RANK_GRADED,10,regime_perf_resid_strength3,3320.066155433655
2022,RESIDUAL_REGIME_DIRECT,RANK_GRADED,11,regime_speed_resid_mean5,3196.02290391922
2022,RESIDUAL_REGIME_DIRECT,RANK_GRADED,12,auto_finish_same_surface_median,3147.1633462905884
2022,RESIDUAL_REGIME_DIRECT,RANK_GRADED,13,auto_finish_same_class_success_rate,2825.2111291885376
2022,RESIDUAL_REGIME_DIRECT,RANK_GRADED,14,auto_finish_same_surface_success_rate,2608.2279014587402
2022,RESIDUAL_REGIME_DIRECT,RANK_GRADED,15,actor_jockey_venue_effective_top3_rate,2426.126033306122
2022,RESIDUAL_REGIME_DIRECT,RANK_GRADED,16,auto_field_recent_top3_rate_diff_median,2323.7617797851562
2022,RESIDUAL_REGIME_DIRECT,RANK_GRADED,17,actor_jockey_all_top3_rate,2272.7367238998413
2022,RESIDUAL_REGIME_DIRECT,RANK_GRADED,18,opponent_recent_avg_top3_rate,2259.0437331199646
2022,RESIDUAL_REGIME_DIRECT,RANK_GRADED,19,days_since_last_start,2103.3985283374786
2022,RESIDUAL_REGIME_DIRECT,RANK_GRADED,20,auto_field_network_elo_rating_zscore,1940.0840578079224
2022,RESIDUAL_REGIME_DIRECT,RANK_GRADED,21,actor_jockey_surface_win_rate,1686.3612384796143
2022,RESIDUAL_REGIME_DIRECT,RANK_GRADED,22,opponent_recent_avg_win_rate,1673.7901792526245
2022,RESIDUAL_REGIME_DIRECT,RANK_GRADED,23,actor_jockey_surface_effective_top3_rate,1518.4276585578918
2022,RESIDUAL_REGIME_DIRECT,RANK_GRADED,24,actor_jockey_surface_avg_finish,1416.7988495826721
2022,RESIDUAL_REGIME_DIRECT,RANK_GRADED,25,actor_jockey_venue_top3_rate,1294.2246856689453
2022,RESIDUAL_REGIME_DIRECT,RANK_GRADED,26,previous_finish_position,1265.4667825698853
2022,RESIDUAL_REGIME_DIRECT,RANK_GRADED,27,auto_field_network_elo_rating_percentile,1224.2531385421753
2022,RESIDUAL_REGIME_DIRECT,RANK_GRADED,28,auto_finish_same_class_median,1208.0692391395569
2022,RESIDUAL_REGIME_DIRECT,RANK_GRADED,29,timepace_recent_avg_performance_score,1187.044774055481
2022,RESIDUAL_REGIME_DIRECT,RANK_GRADED,30,actor_horse_jockey_all_avg_finish,1089.3523631095886
2022,RESIDUAL_REGIME_DIRECT,RANK_GRADED,31,auto_field_recent_avg_last_3f_diff_median,1086.3191123008728
2022,RESIDUAL_REGIME_DIRECT,RANK_GRADED,32,actor_trainer_race_class_avg_finish,1080.4322996139526
2022,RESIDUAL_REGIME_DIRECT,RANK_GRADED,33,body_weight,1075.2782835960388
2022,RESIDUAL_REGIME_DIRECT,RANK_GRADED,34,actor_jockey_race_class_top3_rate,1044.8394801616669
2022,RESIDUAL_REGIME_DIRECT,RANK_GRADED,35,actor_trainer_race_class_effective_avg_finish,1030.7845788002014
2022,RESIDUAL_REGIME_DIRECT,RANK_GRADED,36,actor_jockey_all_effective_top3_rate,1018.8445873260498
2022,RESIDUAL_REGIME_DIRECT,RANK_GRADED,37,auto_finish_within_300m_success_rate,1013.1779704093933
2022,RESIDUAL_REGIME_DIRECT,RANK_GRADED,38,timepace_recent_avg_normalized_time,1000.5772902965546
2022,RESIDUAL_REGIME_DIRECT,RANK_GRADED,39,auto_finish_same_surface_mean,991.1687703132629
2022,RESIDUAL_REGIME_DIRECT,RANK_GRADED,40,auto_finish_same_class_trend,956.4111840724945
2022,RESIDUAL_REGIME_DIRECT,RANK_GRADED,41,actor_trainer_surface_avg_finish,956.060263633728
2022,RESIDUAL_REGIME_DIRECT,RANK_GRADED,42,actor_jockey_race_class_avg_finish,939.584068775177
2022,RESIDUAL_REGIME_DIRECT,RANK_GRADED,43,opponent_current_field_avg_elo,923.862108707428
2022,RESIDUAL_REGIME_DIRECT,RANK_GRADED,44,actor_jockey_race_class_win_rate,914.7444515228271
2022,RESIDUAL_REGIME_DIRECT,RANK_GRADED,45,auto_finish_within_300m_mean,907.8736429214478
2022,RESIDUAL_REGIME_DIRECT,RANK_GRADED,46,actor_jockey_recent_effective_top3_rate,868.7669696807861
2022,RESIDUAL_REGIME_DIRECT,RANK_GRADED,47,actor_jockey_surface_effective_win_rate,850.1356434822083
2022,RESIDUAL_REGIME_DIRECT,RANK_GRADED,48,auto_field_network_elo_rating_diff_mean,842.0277233123779
2022,RESIDUAL_REGIME_DIRECT,RANK_GRADED,49,actor_jockey_surface_top3_rate,832.5810604095459
2022,RESIDUAL_REGIME_DIRECT,RANK_GRADED,50,timepace_recent_avg_normalized_last3f,831.303279876709
2022,FULL_PAIRWISE_BASE,PAIR_FINISH,1,actor_horse_jockey_all_effective_avg_finish,268416.90297079086
2022,FULL_PAIRWISE_BASE,PAIR_FINISH,2,actor_jockey_surface_effective_avg_finish,157929.10936880112
2022,FULL_PAIRWISE_BASE,PAIR_FINISH,3,actor_jockey_all_effective_avg_finish,142779.18768548965
2022,FULL_PAIRWISE_BASE,PAIR_FINISH,4,actor_horse_jockey_recent_effective_avg_finish,94330.79239559174
2022,FULL_PAIRWISE_BASE,PAIR_FINISH,5,actor_jockey_distance_band_effective_avg_finish,90337.15878105164
2022,FULL_PAIRWISE_BASE,PAIR_FINISH,6,actor_jockey_race_class_effective_avg_finish,56181.82648849487
2022,FULL_PAIRWISE_BASE,PAIR_FINISH,7,actor_trainer_race_class_effective_avg_finish,49659.19541168213
2022,FULL_PAIRWISE_BASE,PAIR_FINISH,8,actor_horse_jockey_all_effective_win_rate,42907.61552667618
2022,FULL_PAIRWISE_BASE,PAIR_FINISH,9,actor_jockey_recent_effective_avg_finish,38049.92488908768
2022,FULL_PAIRWISE_BASE,PAIR_FINISH,10,actor_trainer_distance_band_effective_avg_finish,23806.883376598358
2022,FULL_PAIRWISE_BASE,PAIR_FINISH,11,actor_horse_jockey_all_effective_starts,21750.794210910797
2022,FULL_PAIRWISE_BASE,PAIR_FINISH,12,actor_jockey_surface_effective_top3_rate,19734.653005599976
2022,FULL_PAIRWISE_BASE,PAIR_FINISH,13,actor_jockey_venue_effective_avg_finish,15993.03387928009
2022,FULL_PAIRWISE_BASE,PAIR_FINISH,14,actor_trainer_all_effective_avg_finish,15620.81947517395
2022,FULL_PAIRWISE_BASE,PAIR_FINISH,15,actor_jockey_all_effective_win_rate,13718.12093925476
2022,FULL_PAIRWISE_BASE,PAIR_FINISH,16,actor_horse_jockey_all_effective_top3_rate,11193.881675720215
2022,FULL_PAIRWISE_BASE,PAIR_FINISH,17,actor_jockey_surface_effective_win_rate,7955.545851230621
2022,FULL_PAIRWISE_BASE,PAIR_FINISH,18,actor_horse_jockey_recent_effective_win_rate,7099.312606334686
2022,FULL_PAIRWISE_BASE,PAIR_FINISH,19,actor_horse_jockey_all_finish_observations,6372.498201370239
2022,FULL_PAIRWISE_BASE,PAIR_FINISH,20,actor_jockey_venue_effective_top3_rate,6179.82137966156
2022,FULL_PAIRWISE_BASE,PAIR_FINISH,21,actor_jockey_all_effective_top3_rate,6012.224423408508
2022,FULL_PAIRWISE_BASE,PAIR_FINISH,22,actor_horse_jockey_recent_effective_starts,5461.976142883301
2022,FULL_PAIRWISE_BASE,PAIR_FINISH,23,actor_jockey_recent_effective_top3_rate,5101.180637359619
2022,FULL_PAIRWISE_BASE,PAIR_FINISH,24,actor_horse_jockey_recent_effective_top3_rate,4726.397973060608
2022,FULL_PAIRWISE_BASE,PAIR_FINISH,25,actor_trainer_all_effective_win_rate,4371.923324108124
2022,FULL_PAIRWISE_BASE,PAIR_FINISH,26,actor_jockey_venue_effective_win_rate,3463.1386580467224
2022,FULL_PAIRWISE_BASE,PAIR_FINISH,27,actor_trainer_all_effective_top3_rate,2723.9107823371887
2022,FULL_PAIRWISE_BASE,PAIR_FINISH,28,actor_jockey_race_class_effective_starts,2281.9174547195435
2022,FULL_PAIRWISE_BASE,PAIR_FINISH,29,actor_jockey_race_class_finish_observations,2024.3868045806885
2022,FULL_PAIRWISE_BASE,PAIR_FINISH,30,actor_horse_jockey_all_starts,2019.2892775535583
2022,FULL_PAIRWISE_BASE,PAIR_FINISH,31,actor_jockey_distance_band_effective_win_rate,1851.039628982544
2022,FULL_PAIRWISE_BASE,PAIR_FINISH,32,actor_jockey_race_class_effective_win_rate,1787.2257056236267
2022,FULL_PAIRWISE_BASE,PAIR_FINISH,33,actor_jockey_recent_effective_win_rate,1674.568353176117
2022,FULL_PAIRWISE_BASE,PAIR_FINISH,34,actor_trainer_distance_band_effective_top3_rate,1629.261390209198
2022,FULL_PAIRWISE_BASE,PAIR_FINISH,35,actor_jockey_surface_finish_observations,1543.8384771347046
2022,FULL_PAIRWISE_BASE,PAIR_FINISH,36,actor_trainer_race_class_effective_win_rate,1500.3207116127014
2022,FULL_PAIRWISE_BASE,PAIR_FINISH,37,actor_jockey_race_class_effective_top3_rate,1435.9870018959045
2022,FULL_PAIRWISE_BASE,PAIR_FINISH,38,actor_jockey_venue_effective_starts,1315.5503826141357
2022,FULL_PAIRWISE_BASE,PAIR_FINISH,39,actor_trainer_race_class_effective_starts,1277.8323483467102
2022,FULL_PAIRWISE_BASE,PAIR_FINISH,40,actor_trainer_race_class_effective_top3_rate,1237.6857194900513
2022,FULL_PAIRWISE_BASE,PAIR_FINISH,41,actor_trainer_race_class_finish_observations,1180.9281601905823
2022,FULL_PAIRWISE_BASE,PAIR_FINISH,42,actor_trainer_all_finish_observations,1176.4277458190918
2022,FULL_PAIRWISE_BASE,PAIR_FINISH,43,actor_jockey_distance_band_effective_top3_rate,951.0894155502319
2022,FULL_PAIRWISE_BASE,PAIR_FINISH,44,actor_jockey_recent_effective_starts,761.328640460968
2022,FULL_PAIRWISE_BASE,PAIR_FINISH,45,actor_trainer_distance_band_effective_starts,750.1413426399231
2022,FULL_PAIRWISE_BASE,PAIR_FINISH,46,actor_jockey_distance_band_finish_observations,714.3147287368774
2022,FULL_PAIRWISE_BASE,PAIR_FINISH,47,actor_trainer_distance_band_effective_win_rate,700.2851309776306
2022,FULL_PAIRWISE_BASE,PAIR_FINISH,48,actor_jockey_venue_finish_observations,678.6247911453247
2022,FULL_PAIRWISE_BASE,PAIR_FINISH,49,actor_jockey_distance_band_effective_starts,667.2199792861938
2022,FULL_PAIRWISE_BASE,PAIR_FINISH,50,actor_trainer_all_effective_starts,652.0543928146362
2022,FULL_PAIRWISE_BASE,PAIR_TOP3,1,actor_horse_jockey_all_effective_avg_finish,202323.03847122192
2022,FULL_PAIRWISE_BASE,PAIR_TOP3,2,actor_jockey_surface_effective_avg_finish,137447.87911605835
2022,FULL_PAIRWISE_BASE,PAIR_TOP3,3,actor_jockey_surface_effective_top3_rate,68238.49322128296
2022,FULL_PAIRWISE_BASE,PAIR_TOP3,4,actor_horse_jockey_recent_effective_avg_finish,54859.16474151611
2022,FULL_PAIRWISE_BASE,PAIR_TOP3,5,actor_jockey_all_effective_top3_rate,54815.60867977142
2022,FULL_PAIRWISE_BASE,PAIR_TOP3,6,actor_jockey_all_effective_win_rate,54064.35543632507
2022,FULL_PAIRWISE_BASE,PAIR_TOP3,7,actor_jockey_all_effective_avg_finish,46566.46784543991
2022,FULL_PAIRWISE_BASE,PAIR_TOP3,8,actor_jockey_race_class_effective_avg_finish,31064.970068454742
2022,FULL_PAIRWISE_BASE,PAIR_TOP3,9,actor_jockey_recent_effective_avg_finish,25646.89287853241
2022,FULL_PAIRWISE_BASE,PAIR_TOP3,10,actor_trainer_race_class_effective_avg_finish,24725.51266336441
2022,FULL_PAIRWISE_BASE,PAIR_TOP3,11,actor_trainer_all_effective_avg_finish,24373.43534898758
2022,FULL_PAIRWISE_BASE,PAIR_TOP3,12,actor_horse_jockey_all_effective_top3_rate,23252.496836662292
2022,FULL_PAIRWISE_BASE,PAIR_TOP3,13,actor_horse_jockey_all_effective_win_rate,20505.9772605896
2022,FULL_PAIRWISE_BASE,PAIR_TOP3,14,actor_jockey_surface_effective_win_rate,18140.16679573059
2022,FULL_PAIRWISE_BASE,PAIR_TOP3,15,actor_jockey_distance_band_effective_avg_finish,17450.734303474426
2022,FULL_PAIRWISE_BASE,PAIR_TOP3,16,actor_trainer_distance_band_effective_avg_finish,11430.628717422485
2022,FULL_PAIRWISE_BASE,PAIR_TOP3,17,actor_horse_jockey_all_finish_observations,10401.532053947449
2022,FULL_PAIRWISE_BASE,PAIR_TOP3,18,actor_horse_jockey_all_effective_starts,7764.020580291748
2022,FULL_PAIRWISE_BASE,PAIR_TOP3,19,actor_trainer_all_effective_win_rate,7323.715054988861
2022,FULL_PAIRWISE_BASE,PAIR_TOP3,20,actor_trainer_all_effective_top3_rate,6079.345014572144
2022,FULL_PAIRWISE_BASE,PAIR_TOP3,21,actor_jockey_recent_effective_top3_rate,5302.580862045288
2022,FULL_PAIRWISE_BASE,PAIR_TOP3,22,actor_trainer_race_class_effective_top3_rate,5235.895844936371
2022,FULL_PAIRWISE_BASE,PAIR_TOP3,23,actor_jockey_race_class_effective_win_rate,4464.307794570923
2022,FULL_PAIRWISE_BASE,PAIR_TOP3,24,actor_horse_jockey_recent_effective_top3_rate,4354.365000247955
2022,FULL_PAIRWISE_BASE,PAIR_TOP3,25,actor_jockey_venue_effective_top3_rate,4138.890674114227
2022,FULL_PAIRWISE_BASE,PAIR_TOP3,26,actor_horse_jockey_recent_effective_win_rate,3047.8299584388733
2022,FULL_PAIRWISE_BASE,PAIR_TOP3,27,actor_jockey_venue_effective_avg_finish,2916.310022830963
2022,FULL_PAIRWISE_BASE,PAIR_TOP3,28,actor_jockey_venue_effective_win_rate,2286.815429210663
2022,FULL_PAIRWISE_BASE,PAIR_TOP3,29,actor_jockey_recent_effective_win_rate,2270.565243244171
2022,FULL_PAIRWISE_BASE,PAIR_TOP3,30,actor_trainer_distance_band_effective_top3_rate,2192.469289302826
2022,FULL_PAIRWISE_BASE,PAIR_TOP3,31,actor_jockey_distance_band_effective_win_rate,1980.170395374298
2022,FULL_PAIRWISE_BASE,PAIR_TOP3,32,actor_jockey_race_class_finish_observations,1838.9974465370178
2022,FULL_PAIRWISE_BASE,PAIR_TOP3,33,actor_jockey_venue_effective_starts,1612.7849802970886
2022,FULL_PAIRWISE_BASE,PAIR_TOP3,34,actor_horse_jockey_all_starts,1525.746563911438
2022,FULL_PAIRWISE_BASE,PAIR_TOP3,35,actor_horse_jockey_recent_effective_starts,1518.1854877471924
2022,FULL_PAIRWISE_BASE,PAIR_TOP3,36,actor_trainer_all_finish_observations,1491.0802416801453
2022,FULL_PAIRWISE_BASE,PAIR_TOP3,37,actor_jockey_distance_band_effective_top3_rate,1307.3897037506104
2022,FULL_PAIRWISE_BASE,PAIR_TOP3,38,actor_trainer_race_class_effective_win_rate,1261.4990844726562
2022,FULL_PAIRWISE_BASE,PAIR_TOP3,39,actor_jockey_race_class_effective_top3_rate,1219.9890203475952
2022,FULL_PAIRWISE_BASE,PAIR_TOP3,40,actor_jockey_surface_finish_observations,1199.4765996932983
2022,FULL_PAIRWISE_BASE,PAIR_TOP3,41,actor_jockey_race_class_effective_starts,1180.7477884292603
2022,FULL_PAIRWISE_BASE,PAIR_TOP3,42,actor_trainer_distance_band_effective_win_rate,1052.7622079849243
2022,FULL_PAIRWISE_BASE,PAIR_TOP3,43,actor_trainer_race_class_finish_observations,1049.901439189911
2022,FULL_PAIRWISE_BASE,PAIR_TOP3,44,actor_trainer_race_class_effective_starts,889.5746078491211
2022,FULL_PAIRWISE_BASE,PAIR_TOP3,45,actor_jockey_surface_effective_starts,733.7033972740173
2022,FULL_PAIRWISE_BASE,PAIR_TOP3,46,actor_jockey_venue_finish_observations,720.903338432312
2022,FULL_PAIRWISE_BASE,PAIR_TOP3,47,actor_jockey_distance_band_finish_observations,638.886082649231
2022,FULL_PAIRWISE_BASE,PAIR_TOP3,48,actor_horse_jockey_recent_fallback_level,613.892391204834
2022,FULL_PAIRWISE_BASE,PAIR_TOP3,49,actor_jockey_race_class_starts,553.2196111679077
2022,FULL_PAIRWISE_BASE,PAIR_TOP3,50,actor_trainer_distance_band_effective_starts,544.4543776512146
2022,FULL_PAIRWISE_REGIME,PAIR_FINISH,1,regime_perf_resid_mean5,450212.5847787857
2022,FULL_PAIRWISE_REGIME,PAIR_FINISH,2,regime_speed_resid_lag1,264931.76151943207
2022,FULL_PAIRWISE_REGIME,PAIR_FINISH,3,regime_speed_resid_strength3,155575.6132030487
2022,FULL_PAIRWISE_REGIME,PAIR_FINISH,4,regime_speed_resid_mean5,138536.23825263977
2022,FULL_PAIRWISE_REGIME,PAIR_FINISH,5,regime_speed_resid_mean3,129260.90560817719
2022,FULL_PAIRWISE_REGIME,PAIR_FINISH,6,actor_jockey_surface_effective_avg_finish,65550.76374435425
2022,FULL_PAIRWISE_REGIME,PAIR_FINISH,7,actor_jockey_distance_band_effective_avg_finish,48602.18439865112
2022,FULL_PAIRWISE_REGIME,PAIR_FINISH,8,actor_horse_jockey_all_effective_avg_finish,47653.33159160614
2022,FULL_PAIRWISE_REGIME,PAIR_FINISH,9,regime_perf_resid_lag1,46912.506925582886
2022,FULL_PAIRWISE_REGIME,PAIR_FINISH,10,actor_jockey_race_class_effective_avg_finish,39013.58695316315
2022,FULL_PAIRWISE_REGIME,PAIR_FINISH,11,actor_trainer_race_class_effective_avg_finish,35830.100898742676
2022,FULL_PAIRWISE_REGIME,PAIR_FINISH,12,regime_last3f_resid_mean5,35032.15841293335
2022,FULL_PAIRWISE_REGIME,PAIR_FINISH,13,regime_perf_resid_mean3,34600.1954498291
2022,FULL_PAIRWISE_REGIME,PAIR_FINISH,14,actor_jockey_all_effective_avg_finish,26242.0360994339
2022,FULL_PAIRWISE_REGIME,PAIR_FINISH,15,regime_last3f_resid_std5,16552.68498134613
2022,FULL_PAIRWISE_REGIME,PAIR_FINISH,16,actor_trainer_all_effective_avg_finish,16071.237648963928
2022,FULL_PAIRWISE_REGIME,PAIR_FINISH,17,actor_horse_jockey_all_effective_win_rate,16042.142998695374
2022,FULL_PAIRWISE_REGIME,PAIR_FINISH,18,regime_perf_resid_std5,15742.336421012878
2022,FULL_PAIRWISE_REGIME,PAIR_FINISH,19,actor_jockey_recent_effective_avg_finish,15639.157943725586
2022,FULL_PAIRWISE_REGIME,PAIR_FINISH,20,actor_horse_jockey_recent_effective_avg_finish,14732.008376121521
2022,FULL_PAIRWISE_REGIME,PAIR_FINISH,21,actor_trainer_distance_band_effective_avg_finish,12039.615173339844
2022,FULL_PAIRWISE_REGIME,PAIR_FINISH,22,actor_horse_jockey_all_effective_starts,11494.108595848083
2022,FULL_PAIRWISE_REGIME,PAIR_FINISH,23,actor_jockey_surface_effective_top3_rate,10046.231788635254
2022,FULL_PAIRWISE_REGIME,PAIR_FINISH,24,actor_jockey_venue_effective_avg_finish,8587.520360946655
2022,FULL_PAIRWISE_REGIME,PAIR_FINISH,25,regime_speed_resid_lag2,5725.937203407288
2022,FULL_PAIRWISE_REGIME,PAIR_FINISH,26,regime_last3f_resid_lag1,4795.760847091675
2022,FULL_PAIRWISE_REGIME,PAIR_FINISH,27,regime_perf_resid_strength3,4765.908310890198
2022,FULL_PAIRWISE_REGIME,PAIR_FINISH,28,regime_perf_resid_lag2,4742.529315948486
2022,FULL_PAIRWISE_REGIME,PAIR_FINISH,29,actor_trainer_all_effective_win_rate,4642.5263929367065
2022,FULL_PAIRWISE_REGIME,PAIR_FINISH,30,actor_horse_jockey_all_effective_top3_rate,4397.163903236389
2022,FULL_PAIRWISE_REGIME,PAIR_FINISH,31,actor_jockey_surface_effective_win_rate,4142.809572219849
2022,FULL_PAIRWISE_REGIME,PAIR_FINISH,32,regime_last3f_resid_mean3,3896.1583290100098
2022,FULL_PAIRWISE_REGIME,PAIR_FINISH,33,regime_last3f_resid_lag2,3856.5990285873413
2022,FULL_PAIRWISE_REGIME,PAIR_FINISH,34,actor_horse_jockey_all_finish_observations,3824.962287902832
2022,FULL_PAIRWISE_REGIME,PAIR_FINISH,35,actor_jockey_all_effective_top3_rate,3330.724033355713
2022,FULL_PAIRWISE_REGIME,PAIR_FINISH,36,regime_speed_resid_std3,3053.4857902526855
2022,FULL_PAIRWISE_REGIME,PAIR_FINISH,37,actor_trainer_all_effective_top3_rate,3033.295002937317
2022,FULL_PAIRWISE_REGIME,PAIR_FINISH,38,regime_speed_resid_positive_count3,2691.75759601593
2022,FULL_PAIRWISE_REGIME,PAIR_FINISH,39,actor_horse_jockey_recent_effective_win_rate,2633.1185817718506
2022,FULL_PAIRWISE_REGIME,PAIR_FINISH,40,regime_last3f_resid_std3,2592.613007545471
2022,FULL_PAIRWISE_REGIME,PAIR_FINISH,41,actor_jockey_recent_effective_top3_rate,2577.225399017334
2022,FULL_PAIRWISE_REGIME,PAIR_FINISH,42,regime_speed_resid_std5,2454.913709640503
2022,FULL_PAIRWISE_REGIME,PAIR_FINISH,43,regime_perf_resid_lag3,2385.300287246704
2022,FULL_PAIRWISE_REGIME,PAIR_FINISH,44,regime_speed_resid_slope3,2374.3028888702393
2022,FULL_PAIRWISE_REGIME,PAIR_FINISH,45,actor_jockey_all_effective_win_rate,2347.692808151245
2022,FULL_PAIRWISE_REGIME,PAIR_FINISH,46,actor_horse_jockey_recent_effective_starts,2244.4069080352783
2022,FULL_PAIRWISE_REGIME,PAIR_FINISH,47,actor_trainer_race_class_effective_top3_rate,2041.049409866333
2022,FULL_PAIRWISE_REGIME,PAIR_FINISH,48,regime_perf_resid_std3,1813.801609992981
2022,FULL_PAIRWISE_REGIME,PAIR_FINISH,49,regime_perf_resid_slope3,1794.0297946929932
2022,FULL_PAIRWISE_REGIME,PAIR_FINISH,50,regime_last3f_resid_lag5,1683.6716890335083
2022,FULL_PAIRWISE_REGIME,PAIR_TOP3,1,regime_perf_resid_mean5,473991.1597032547
2022,FULL_PAIRWISE_REGIME,PAIR_TOP3,2,regime_speed_resid_lag1,116853.71320819855
2022,FULL_PAIRWISE_REGIME,PAIR_TOP3,3,regime_speed_resid_mean5,95582.54676437378
2022,FULL_PAIRWISE_REGIME,PAIR_TOP3,4,regime_perf_resid_mean3,70347.4088010788
2022,FULL_PAIRWISE_REGIME,PAIR_TOP3,5,regime_speed_resid_mean3,55200.063183784485
2022,FULL_PAIRWISE_REGIME,PAIR_TOP3,6,actor_jockey_surface_effective_avg_finish,47831.28520774841
2022,FULL_PAIRWISE_REGIME,PAIR_TOP3,7,actor_horse_jockey_all_effective_avg_finish,37198.970047950745
2022,FULL_PAIRWISE_REGIME,PAIR_TOP3,8,regime_perf_resid_lag1,32578.502239227295
2022,FULL_PAIRWISE_REGIME,PAIR_TOP3,9,actor_jockey_surface_effective_top3_rate,31251.179080963135
2022,FULL_PAIRWISE_REGIME,PAIR_TOP3,10,actor_jockey_all_effective_top3_rate,28124.531823158264
2022,FULL_PAIRWISE_REGIME,PAIR_TOP3,11,actor_trainer_all_effective_avg_finish,26366.66507434845
2022,FULL_PAIRWISE_REGIME,PAIR_TOP3,12,actor_jockey_race_class_effective_avg_finish,20659.097081184387
2022,FULL_PAIRWISE_REGIME,PAIR_TOP3,13,actor_trainer_race_class_effective_avg_finish,16364.291425704956
2022,FULL_PAIRWISE_REGIME,PAIR_TOP3,14,actor_jockey_all_effective_avg_finish,12981.526449203491
2022,FULL_PAIRWISE_REGIME,PAIR_TOP3,15,actor_jockey_surface_effective_win_rate,12467.930193901062
2022,FULL_PAIRWISE_REGIME,PAIR_TOP3,16,regime_perf_resid_std5,12372.894588470459
2022,FULL_PAIRWISE_REGIME,PAIR_TOP3,17,actor_jockey_distance_band_effective_avg_finish,10389.71982383728
2022,FULL_PAIRWISE_REGIME,PAIR_TOP3,18,actor_jockey_all_effective_win_rate,10104.783127784729
2022,FULL_PAIRWISE_REGIME,PAIR_TOP3,19,actor_horse_jockey_all_effective_top3_rate,9801.162153244019
2022,FULL_PAIRWISE_REGIME,PAIR_TOP3,20,actor_jockey_recent_effective_avg_finish,9320.898458480835
2022,FULL_PAIRWISE_REGIME,PAIR_TOP3,21,regime_speed_resid_std5,6079.245337486267
2022,FULL_PAIRWISE_REGIME,PAIR_TOP3,22,actor_horse_jockey_recent_effective_avg_finish,6025.9894762039185
2022,FULL_PAIRWISE_REGIME,PAIR_TOP3,23,regime_last3f_resid_std5,5898.1982345581055
2022,FULL_PAIRWISE_REGIME,PAIR_TOP3,24,regime_speed_resid_lag2,5819.123103141785
2022,FULL_PAIRWISE_REGIME,PAIR_TOP3,25,actor_trainer_race_class_effective_top3_rate,5718.902272224426
2022,FULL_PAIRWISE_REGIME,PAIR_TOP3,26,actor_horse_jockey_all_effective_win_rate,5280.181345939636
2022,FULL_PAIRWISE_REGIME,PAIR_TOP3,27,actor_trainer_all_effective_win_rate,5107.059633255005
2022,FULL_PAIRWISE_REGIME,PAIR_TOP3,28,actor_jockey_distance_band_effective_top3_rate,4519.675006866455
2022,FULL_PAIRWISE_REGIME,PAIR_TOP3,29,actor_trainer_all_effective_top3_rate,3760.957181930542
2022,FULL_PAIRWISE_REGIME,PAIR_TOP3,30,actor_trainer_distance_band_effective_avg_finish,3656.2134857177734
2022,FULL_PAIRWISE_REGIME,PAIR_TOP3,31,regime_last3f_resid_std3,3240.3901042938232
2022,FULL_PAIRWISE_REGIME,PAIR_TOP3,32,regime_speed_resid_strength3,3175.297622680664
2022,FULL_PAIRWISE_REGIME,PAIR_TOP3,33,regime_speed_resid_positive_count3,2982.4753999710083
2022,FULL_PAIRWISE_REGIME,PAIR_TOP3,34,actor_jockey_race_class_effective_top3_rate,2669.631993293762
2022,FULL_PAIRWISE_REGIME,PAIR_TOP3,35,actor_jockey_recent_effective_top3_rate,2668.7480278015137
2022,FULL_PAIRWISE_REGIME,PAIR_TOP3,36,actor_jockey_venue_effective_avg_finish,2637.89373588562
2022,FULL_PAIRWISE_REGIME,PAIR_TOP3,37,regime_perf_resid_strength3,2595.109697341919
2022,FULL_PAIRWISE_REGIME,PAIR_TOP3,38,actor_horse_jockey_all_effective_starts,2572.261857032776
2022,FULL_PAIRWISE_REGIME,PAIR_TOP3,39,regime_perf_resid_lag2,2545.2407150268555
2022,FULL_PAIRWISE_REGIME,PAIR_TOP3,40,actor_horse_jockey_recent_effective_top3_rate,1728.2674646377563
2022,FULL_PAIRWISE_REGIME,PAIR_TOP3,41,regime_last3f_resid_lag2,1584.0218782424927
2022,FULL_PAIRWISE_REGIME,PAIR_TOP3,42,regime_speed_resid_std3,1579.9653043746948
2022,FULL_PAIRWISE_REGIME,PAIR_TOP3,43,actor_jockey_venue_effective_win_rate,1472.4753694534302
2022,FULL_PAIRWISE_REGIME,PAIR_TOP3,44,regime_last3f_resid_lag3,1422.2548065185547
2022,FULL_PAIRWISE_REGIME,PAIR_TOP3,45,actor_jockey_race_class_effective_win_rate,1381.3140602111816
2022,FULL_PAIRWISE_REGIME,PAIR_TOP3,46,actor_horse_jockey_recent_effective_win_rate,1294.531735420227
2022,FULL_PAIRWISE_REGIME,PAIR_TOP3,47,actor_trainer_all_finish_observations,1246.3907890319824
2022,FULL_PAIRWISE_REGIME,PAIR_TOP3,48,actor_jockey_recent_effective_win_rate,1128.9488048553467
2022,FULL_PAIRWISE_REGIME,PAIR_TOP3,49,regime_speed_resid_lag5,1116.3590116500854
2022,FULL_PAIRWISE_REGIME,PAIR_TOP3,50,regime_last3f_resid_mean5,966.9952974319458
2023,BASELINE_DIRECT,RANK_GRADED,1,auto_history_finish_position_ewma,37851.716163396835
2023,BASELINE_DIRECT,RANK_GRADED,2,previous_finish_position,9093.16867017746
2023,BASELINE_DIRECT,RANK_GRADED,3,auto_field_recent_avg_finish_zscore,8821.700146198273
2023,BASELINE_DIRECT,RANK_GRADED,4,auto_field_recent_avg_finish_diff_mean,8301.84138250351
2023,BASELINE_DIRECT,RANK_GRADED,5,auto_field_recent_top3_rate_zscore,7078.301187992096
2023,BASELINE_DIRECT,RANK_GRADED,6,auto_field_network_elo_rating_zscore,2689.8167431354523
2023,BASELINE_DIRECT,RANK_GRADED,7,auto_finish_same_class_median,2665.4114084243774
2023,BASELINE_DIRECT,RANK_GRADED,8,actor_jockey_venue_effective_top3_rate,2415.6549968719482
2023,BASELINE_DIRECT,RANK_GRADED,9,auto_history_finish_position_last,2339.9104771614075
2023,BASELINE_DIRECT,RANK_GRADED,10,auto_finish_same_class_mean,2328.417444229126
2023,BASELINE_DIRECT,RANK_GRADED,11,auto_finish_same_surface_success_rate,2305.7984285354614
2023,BASELINE_DIRECT,RANK_GRADED,12,auto_finish_same_class_success_rate,2217.114354133606
2023,BASELINE_DIRECT,RANK_GRADED,13,auto_field_recent_avg_finish_gap_to_top3_mean,2075.861623287201
2023,BASELINE_DIRECT,RANK_GRADED,14,auto_field_recent_top3_rate_diff_median,1944.7812161445618
2023,BASELINE_DIRECT,RANK_GRADED,15,timepace_recent_avg_performance_score,1937.755431175232
2023,BASELINE_DIRECT,RANK_GRADED,16,actor_jockey_surface_top3_rate,1896.1242032051086
2023,BASELINE_DIRECT,RANK_GRADED,17,opponent_recent_avg_top3_rate,1810.194652557373
2023,BASELINE_DIRECT,RANK_GRADED,18,auto_finish_same_surface_median,1791.2289605140686
2023,BASELINE_DIRECT,RANK_GRADED,19,actor_jockey_venue_top3_rate,1779.378990650177
2023,BASELINE_DIRECT,RANK_GRADED,20,opponent_recent_avg_win_rate,1661.3674495220184
2023,BASELINE_DIRECT,RANK_GRADED,21,timepace_recent_avg_normalized_time,1635.1346440315247
2023,BASELINE_DIRECT,RANK_GRADED,22,auto_history_finish_position_coefficient_of_variation,1587.6704111099243
2023,BASELINE_DIRECT,RANK_GRADED,23,actor_jockey_venue_win_rate,1584.3944244384766
2023,BASELINE_DIRECT,RANK_GRADED,24,opponent_recent_avg_starts,1556.9637145996094
2023,BASELINE_DIRECT,RANK_GRADED,25,days_since_last_start,1514.071016073227
2023,BASELINE_DIRECT,RANK_GRADED,26,auto_field_recent_avg_last_3f_diff_median,1480.2442417144775
2023,BASELINE_DIRECT,RANK_GRADED,27,auto_field_recent_top3_rate_gap_to_top3_mean,1416.8646149635315
2023,BASELINE_DIRECT,RANK_GRADED,28,actor_trainer_race_class_effective_avg_finish,1316.9120526313782
2023,BASELINE_DIRECT,RANK_GRADED,29,auto_finish_same_class_trend,1242.6225683689117
2023,BASELINE_DIRECT,RANK_GRADED,30,auto_field_recent_avg_finish_diff_median,1169.7474963665009
2023,BASELINE_DIRECT,RANK_GRADED,31,body_weight,1107.9415698051453
2023,BASELINE_DIRECT,RANK_GRADED,32,auto_finish_same_surface_mean,968.5280704498291
2023,BASELINE_DIRECT,RANK_GRADED,33,actor_jockey_distance_band_top3_rate,962.2646441459656
2023,BASELINE_DIRECT,RANK_GRADED,34,actor_jockey_distance_band_win_rate,955.6785140037537
2023,BASELINE_DIRECT,RANK_GRADED,35,auto_field_network_elo_rating_gap_to_top3_mean,933.6409115791321
2023,BASELINE_DIRECT,RANK_GRADED,36,actor_jockey_all_top3_rate,925.2307844161987
2023,BASELINE_DIRECT,RANK_GRADED,37,auto_finish_same_venue_mean,921.2052116394043
2023,BASELINE_DIRECT,RANK_GRADED,38,opponent_current_field_avg_elo,880.4971919059753
2023,BASELINE_DIRECT,RANK_GRADED,39,actor_jockey_all_win_rate,869.2926163673401
2023,BASELINE_DIRECT,RANK_GRADED,40,auto_field_network_elo_rating_diff_mean,866.2155137062073
2023,BASELINE_DIRECT,RANK_GRADED,41,opponent_recent_max_win_rate,864.0313510894775
2023,BASELINE_DIRECT,RANK_GRADED,42,actor_jockey_recent_avg_finish,860.6143136024475
2023,BASELINE_DIRECT,RANK_GRADED,43,actor_jockey_race_class_avg_finish,860.2914295196533
2023,BASELINE_DIRECT,RANK_GRADED,44,actor_jockey_recent_effective_avg_finish,834.0850386619568
2023,BASELINE_DIRECT,RANK_GRADED,45,opponent_recent_avg_known_count,827.4812817573547
2023,BASELINE_DIRECT,RANK_GRADED,46,actor_jockey_surface_win_rate,812.7646069526672
2023,BASELINE_DIRECT,RANK_GRADED,47,auto_field_network_elo_rating_percentile,802.6895689964294
2023,BASELINE_DIRECT,RANK_GRADED,48,auto_field_recent_avg_speed_mps_diff_median,796.9045748710632
2023,BASELINE_DIRECT,RANK_GRADED,49,timepace_recent_avg_normalized_last3f,785.2049031257629
2023,BASELINE_DIRECT,RANK_GRADED,50,actor_jockey_all_effective_win_rate,776.7940034866333
2023,RESIDUAL_REGIME_DIRECT,RANK_GRADED,1,auto_history_finish_position_ewma,36066.8104467392
2023,RESIDUAL_REGIME_DIRECT,RANK_GRADED,2,regime_speed_resid_lag1,12359.671534061432
2023,RESIDUAL_REGIME_DIRECT,RANK_GRADED,3,auto_field_recent_avg_finish_zscore,8948.182554006577
2023,RESIDUAL_REGIME_DIRECT,RANK_GRADED,4,auto_field_recent_top3_rate_zscore,6765.982125759125
2023,RESIDUAL_REGIME_DIRECT,RANK_GRADED,5,regime_speed_resid_mean3,4816.503840923309
2023,RESIDUAL_REGIME_DIRECT,RANK_GRADED,6,regime_speed_resid_mean5,3405.7498512268066
2023,RESIDUAL_REGIME_DIRECT,RANK_GRADED,7,regime_perf_resid_lag1,3107.857485771179
2023,RESIDUAL_REGIME_DIRECT,RANK_GRADED,8,auto_field_recent_avg_finish_diff_mean,2989.266282081604
2023,RESIDUAL_REGIME_DIRECT,RANK_GRADED,9,auto_finish_same_surface_success_rate,2629.7478852272034
2023,RESIDUAL_REGIME_DIRECT,RANK_GRADED,10,regime_perf_resid_strength3,2595.305594444275
2023,RESIDUAL_REGIME_DIRECT,RANK_GRADED,11,opponent_recent_avg_top3_rate,2443.5445692539215
2023,RESIDUAL_REGIME_DIRECT,RANK_GRADED,12,auto_finish_same_class_success_rate,2408.257152080536
2023,RESIDUAL_REGIME_DIRECT,RANK_GRADED,13,opponent_recent_avg_win_rate,2326.2920701503754
2023,RESIDUAL_REGIME_DIRECT,RANK_GRADED,14,auto_finish_same_class_median,2317.66587638855
2023,RESIDUAL_REGIME_DIRECT,RANK_GRADED,15,auto_finish_same_class_mean,2291.5230560302734
2023,RESIDUAL_REGIME_DIRECT,RANK_GRADED,16,actor_jockey_venue_effective_top3_rate,2197.903127670288
2023,RESIDUAL_REGIME_DIRECT,RANK_GRADED,17,actor_jockey_venue_top3_rate,2063.926983356476
2023,RESIDUAL_REGIME_DIRECT,RANK_GRADED,18,regime_speed_resid_strength3,1984.8164167404175
2023,RESIDUAL_REGIME_DIRECT,RANK_GRADED,19,auto_field_recent_avg_last_3f_diff_median,1948.4186539649963
2023,RESIDUAL_REGIME_DIRECT,RANK_GRADED,20,auto_field_recent_avg_finish_gap_to_top3_mean,1825.4458289146423
2023,RESIDUAL_REGIME_DIRECT,RANK_GRADED,21,actor_jockey_surface_top3_rate,1543.4013257026672
2023,RESIDUAL_REGIME_DIRECT,RANK_GRADED,22,days_since_last_start,1527.38818025589
2023,RESIDUAL_REGIME_DIRECT,RANK_GRADED,23,auto_field_network_elo_rating_zscore,1442.7553420066833
2023,RESIDUAL_REGIME_DIRECT,RANK_GRADED,24,auto_finish_same_surface_median,1432.975167274475
2023,RESIDUAL_REGIME_DIRECT,RANK_GRADED,25,actor_jockey_venue_win_rate,1384.5343737602234
2023,RESIDUAL_REGIME_DIRECT,RANK_GRADED,26,timepace_recent_avg_performance_score,1353.1118245124817
2023,RESIDUAL_REGIME_DIRECT,RANK_GRADED,27,opponent_recent_avg_starts,1343.100480556488
2023,RESIDUAL_REGIME_DIRECT,RANK_GRADED,28,auto_field_recent_top3_rate_diff_median,1327.4216599464417
2023,RESIDUAL_REGIME_DIRECT,RANK_GRADED,29,actor_jockey_all_top3_rate,1313.532063961029
2023,RESIDUAL_REGIME_DIRECT,RANK_GRADED,30,actor_jockey_distance_band_win_rate,1247.0222010612488
2023,RESIDUAL_REGIME_DIRECT,RANK_GRADED,31,auto_history_finish_position_coefficient_of_variation,1207.3709874153137
2023,RESIDUAL_REGIME_DIRECT,RANK_GRADED,32,actor_trainer_venue_top3_rate,1152.9413976669312
2023,RESIDUAL_REGIME_DIRECT,RANK_GRADED,33,actor_trainer_race_class_effective_avg_finish,1130.4746098518372
2023,RESIDUAL_REGIME_DIRECT,RANK_GRADED,34,actor_jockey_recent_effective_avg_finish,1127.3578872680664
2023,RESIDUAL_REGIME_DIRECT,RANK_GRADED,35,auto_field_recent_top3_rate_diff_mean,1126.7113428115845
2023,RESIDUAL_REGIME_DIRECT,RANK_GRADED,36,actor_jockey_surface_win_rate,1087.135778427124
2023,RESIDUAL_REGIME_DIRECT,RANK_GRADED,37,distance_change_m,1056.1510524749756
2023,RESIDUAL_REGIME_DIRECT,RANK_GRADED,38,auto_field_network_elo_rating_percentile,1042.7292280197144
2023,RESIDUAL_REGIME_DIRECT,RANK_GRADED,39,auto_finish_same_direction_mean,1033.369309425354
2023,RESIDUAL_REGIME_DIRECT,RANK_GRADED,40,body_weight,979.8129301071167
2023,RESIDUAL_REGIME_DIRECT,RANK_GRADED,41,actor_jockey_race_class_avg_finish,970.6593556404114
2023,RESIDUAL_REGIME_DIRECT,RANK_GRADED,42,auto_finish_same_class_trend,957.9039406776428
2023,RESIDUAL_REGIME_DIRECT,RANK_GRADED,43,actor_jockey_all_win_rate,887.7388272285461
2023,RESIDUAL_REGIME_DIRECT,RANK_GRADED,44,actor_jockey_distance_band_top3_rate,859.623544216156
2023,RESIDUAL_REGIME_DIRECT,RANK_GRADED,45,opponent_current_field_avg_elo,845.9233241081238
2023,RESIDUAL_REGIME_DIRECT,RANK_GRADED,46,regime_perf_resid_mean5,839.1867527961731
2023,RESIDUAL_REGIME_DIRECT,RANK_GRADED,47,auto_field_recent_top3_rate_gap_to_top3_mean,819.850546836853
2023,RESIDUAL_REGIME_DIRECT,RANK_GRADED,48,actor_jockey_race_class_effective_win_rate,816.7815885543823
2023,RESIDUAL_REGIME_DIRECT,RANK_GRADED,49,actor_jockey_recent_avg_finish,808.6717104911804
2023,RESIDUAL_REGIME_DIRECT,RANK_GRADED,50,auto_finish_same_surface_mean,778.9336910247803
2023,FULL_PAIRWISE_BASE,PAIR_FINISH,1,actor_horse_jockey_all_effective_avg_finish,305597.00727415085
2023,FULL_PAIRWISE_BASE,PAIR_FINISH,2,actor_jockey_all_effective_avg_finish,176696.28353118896
2023,FULL_PAIRWISE_BASE,PAIR_FINISH,3,actor_jockey_surface_effective_avg_finish,90438.32959651947
2023,FULL_PAIRWISE_BASE,PAIR_FINISH,4,actor_jockey_recent_effective_avg_finish,69178.25286102295
2023,FULL_PAIRWISE_BASE,PAIR_FINISH,5,actor_jockey_distance_band_effective_avg_finish,54410.10151720047
2023,FULL_PAIRWISE_BASE,PAIR_FINISH,6,actor_horse_jockey_recent_effective_avg_finish,51080.440004348755
2023,FULL_PAIRWISE_BASE,PAIR_FINISH,7,actor_jockey_race_class_effective_avg_finish,43375.95048952103
2023,FULL_PAIRWISE_BASE,PAIR_FINISH,8,actor_trainer_race_class_effective_avg_finish,40216.93555164337
2023,FULL_PAIRWISE_BASE,PAIR_FINISH,9,actor_jockey_venue_effective_avg_finish,38146.47558784485
2023,FULL_PAIRWISE_BASE,PAIR_FINISH,10,actor_horse_jockey_all_effective_win_rate,38092.75406360626
2023,FULL_PAIRWISE_BASE,PAIR_FINISH,11,actor_jockey_surface_effective_top3_rate,26212.086718559265
2023,FULL_PAIRWISE_BASE,PAIR_FINISH,12,actor_horse_jockey_all_effective_starts,23048.12608575821
2023,FULL_PAIRWISE_BASE,PAIR_FINISH,13,actor_trainer_distance_band_effective_avg_finish,22917.80214738846
2023,FULL_PAIRWISE_BASE,PAIR_FINISH,14,actor_horse_jockey_all_effective_top3_rate,21320.908485412598
2023,FULL_PAIRWISE_BASE,PAIR_FINISH,15,actor_jockey_all_effective_win_rate,15988.270182132721
2023,FULL_PAIRWISE_BASE,PAIR_FINISH,16,actor_trainer_all_effective_avg_finish,12875.621043205261
2023,FULL_PAIRWISE_BASE,PAIR_FINISH,17,actor_jockey_surface_effective_win_rate,10478.45753288269
2023,FULL_PAIRWISE_BASE,PAIR_FINISH,18,actor_trainer_race_class_effective_top3_rate,8987.985131263733
2023,FULL_PAIRWISE_BASE,PAIR_FINISH,19,actor_horse_jockey_all_finish_observations,8369.045474529266
2023,FULL_PAIRWISE_BASE,PAIR_FINISH,20,actor_trainer_all_effective_win_rate,7890.557158470154
2023,FULL_PAIRWISE_BASE,PAIR_FINISH,21,actor_horse_jockey_recent_effective_win_rate,7889.4415102005005
2023,FULL_PAIRWISE_BASE,PAIR_FINISH,22,actor_trainer_all_effective_top3_rate,6358.6954164505005
2023,FULL_PAIRWISE_BASE,PAIR_FINISH,23,actor_jockey_distance_band_effective_win_rate,6194.8586168289185
2023,FULL_PAIRWISE_BASE,PAIR_FINISH,24,actor_jockey_recent_effective_top3_rate,5502.230386257172
2023,FULL_PAIRWISE_BASE,PAIR_FINISH,25,actor_jockey_venue_effective_top3_rate,4885.483517169952
2023,FULL_PAIRWISE_BASE,PAIR_FINISH,26,actor_trainer_distance_band_effective_top3_rate,3867.880398273468
2023,FULL_PAIRWISE_BASE,PAIR_FINISH,27,actor_jockey_all_effective_top3_rate,3781.927831172943
2023,FULL_PAIRWISE_BASE,PAIR_FINISH,28,actor_jockey_venue_effective_win_rate,3665.7598094940186
2023,FULL_PAIRWISE_BASE,PAIR_FINISH,29,actor_horse_jockey_recent_effective_starts,3191.038996696472
2023,FULL_PAIRWISE_BASE,PAIR_FINISH,30,actor_jockey_race_class_finish_observations,2564.3983206748962
2023,FULL_PAIRWISE_BASE,PAIR_FINISH,31,actor_horse_jockey_all_starts,2196.2410860061646
2023,FULL_PAIRWISE_BASE,PAIR_FINISH,32,actor_jockey_race_class_effective_win_rate,2176.964000225067
2023,FULL_PAIRWISE_BASE,PAIR_FINISH,33,actor_horse_jockey_recent_effective_top3_rate,2079.3049545288086
2023,FULL_PAIRWISE_BASE,PAIR_FINISH,34,actor_trainer_race_class_effective_starts,1924.2817816734314
2023,FULL_PAIRWISE_BASE,PAIR_FINISH,35,actor_jockey_surface_finish_observations,1763.9254460334778
2023,FULL_PAIRWISE_BASE,PAIR_FINISH,36,actor_trainer_distance_band_effective_win_rate,1685.2841153144836
2023,FULL_PAIRWISE_BASE,PAIR_FINISH,37,actor_jockey_distance_band_effective_top3_rate,1615.0590744018555
2023,FULL_PAIRWISE_BASE,PAIR_FINISH,38,actor_jockey_recent_effective_win_rate,1457.218134880066
2023,FULL_PAIRWISE_BASE,PAIR_FINISH,39,actor_jockey_race_class_effective_starts,1406.6983089447021
2023,FULL_PAIRWISE_BASE,PAIR_FINISH,40,actor_trainer_race_class_effective_win_rate,1318.343933582306
2023,FULL_PAIRWISE_BASE,PAIR_FINISH,41,actor_jockey_venue_finish_observations,1005.9696321487427
2023,FULL_PAIRWISE_BASE,PAIR_FINISH,42,actor_trainer_all_finish_observations,943.6386322975159
2023,FULL_PAIRWISE_BASE,PAIR_FINISH,43,actor_trainer_race_class_finish_observations,902.2350740432739
2023,FULL_PAIRWISE_BASE,PAIR_FINISH,44,actor_jockey_surface_effective_starts,821.5167617797852
2023,FULL_PAIRWISE_BASE,PAIR_FINISH,45,actor_trainer_distance_band_finish_observations,797.1602096557617
2023,FULL_PAIRWISE_BASE,PAIR_FINISH,46,actor_jockey_race_class_effective_top3_rate,755.6900444030762
2023,FULL_PAIRWISE_BASE,PAIR_FINISH,47,actor_jockey_venue_effective_starts,592.5160303115845
2023,FULL_PAIRWISE_BASE,PAIR_FINISH,48,actor_jockey_race_class_fallback_level,549.9244995117188
2023,FULL_PAIRWISE_BASE,PAIR_FINISH,49,actor_trainer_race_class_fallback_level,549.8322882652283
2023,FULL_PAIRWISE_BASE,PAIR_FINISH,50,actor_jockey_all_finish_observations,517.0447182655334
2023,FULL_PAIRWISE_BASE,PAIR_TOP3,1,actor_horse_jockey_all_effective_avg_finish,182033.60332632065
2023,FULL_PAIRWISE_BASE,PAIR_TOP3,2,actor_jockey_surface_effective_avg_finish,90477.11110687256
2023,FULL_PAIRWISE_BASE,PAIR_TOP3,3,actor_jockey_recent_effective_avg_finish,71227.75042581558
2023,FULL_PAIRWISE_BASE,PAIR_TOP3,4,actor_horse_jockey_recent_effective_avg_finish,62810.48481941223
2023,FULL_PAIRWISE_BASE,PAIR_TOP3,5,actor_jockey_surface_effective_top3_rate,58540.88286495209
2023,FULL_PAIRWISE_BASE,PAIR_TOP3,6,actor_jockey_all_effective_avg_finish,55544.498584747314
2023,FULL_PAIRWISE_BASE,PAIR_TOP3,7,actor_jockey_all_effective_top3_rate,40158.13093185425
2023,FULL_PAIRWISE_BASE,PAIR_TOP3,8,actor_jockey_surface_effective_win_rate,31217.644289016724
2023,FULL_PAIRWISE_BASE,PAIR_TOP3,9,actor_horse_jockey_all_effective_top3_rate,30429.240824699402
2023,FULL_PAIRWISE_BASE,PAIR_TOP3,10,actor_jockey_all_effective_win_rate,29970.603498458862
2023,FULL_PAIRWISE_BASE,PAIR_TOP3,11,actor_jockey_venue_effective_avg_finish,29924.12242794037
2023,FULL_PAIRWISE_BASE,PAIR_TOP3,12,actor_trainer_race_class_effective_avg_finish,24938.6389837265
2023,FULL_PAIRWISE_BASE,PAIR_TOP3,13,actor_jockey_race_class_effective_avg_finish,20385.478916168213
2023,FULL_PAIRWISE_BASE,PAIR_TOP3,14,actor_horse_jockey_all_effective_win_rate,18269.35452413559
2023,FULL_PAIRWISE_BASE,PAIR_TOP3,15,actor_trainer_all_effective_avg_finish,14047.68139410019
2023,FULL_PAIRWISE_BASE,PAIR_TOP3,16,actor_trainer_all_effective_top3_rate,13942.767122268677
2023,FULL_PAIRWISE_BASE,PAIR_TOP3,17,actor_horse_jockey_all_finish_observations,10795.403089046478
2023,FULL_PAIRWISE_BASE,PAIR_TOP3,18,actor_horse_jockey_all_effective_starts,10782.173753738403
2023,FULL_PAIRWISE_BASE,PAIR_TOP3,19,actor_jockey_distance_band_effective_avg_finish,10753.18794965744
2023,FULL_PAIRWISE_BASE,PAIR_TOP3,20,actor_trainer_race_class_effective_top3_rate,10041.579485416412
2023,FULL_PAIRWISE_BASE,PAIR_TOP3,21,actor_jockey_venue_effective_top3_rate,7314.473844051361
2023,FULL_PAIRWISE_BASE,PAIR_TOP3,22,actor_trainer_distance_band_effective_avg_finish,7127.134485721588
2023,FULL_PAIRWISE_BASE,PAIR_TOP3,23,actor_trainer_all_effective_win_rate,7115.739523887634
2023,FULL_PAIRWISE_BASE,PAIR_TOP3,24,actor_horse_jockey_recent_effective_top3_rate,5781.984291553497
2023,FULL_PAIRWISE_BASE,PAIR_TOP3,25,actor_trainer_distance_band_effective_win_rate,5230.917350769043
2023,FULL_PAIRWISE_BASE,PAIR_TOP3,26,actor_jockey_venue_effective_win_rate,4562.66304063797
2023,FULL_PAIRWISE_BASE,PAIR_TOP3,27,actor_trainer_distance_band_effective_top3_rate,4482.5702958106995
2023,FULL_PAIRWISE_BASE,PAIR_TOP3,28,actor_horse_jockey_recent_effective_win_rate,4040.8060097694397
2023,FULL_PAIRWISE_BASE,PAIR_TOP3,29,actor_jockey_race_class_effective_win_rate,4028.9652185440063
2023,FULL_PAIRWISE_BASE,PAIR_TOP3,30,actor_jockey_recent_effective_top3_rate,3853.0220732688904
2023,FULL_PAIRWISE_BASE,PAIR_TOP3,31,actor_jockey_distance_band_effective_win_rate,3344.0308051109314
2023,FULL_PAIRWISE_BASE,PAIR_TOP3,32,actor_jockey_recent_effective_win_rate,2983.9464259147644
2023,FULL_PAIRWISE_BASE,PAIR_TOP3,33,actor_jockey_distance_band_effective_top3_rate,2487.2967648506165
2023,FULL_PAIRWISE_BASE,PAIR_TOP3,34,actor_trainer_race_class_effective_win_rate,2119.12557220459
2023,FULL_PAIRWISE_BASE,PAIR_TOP3,35,actor_trainer_race_class_effective_starts,1863.818937778473
2023,FULL_PAIRWISE_BASE,PAIR_TOP3,36,actor_jockey_race_class_effective_starts,1497.3226599693298
2023,FULL_PAIRWISE_BASE,PAIR_TOP3,37,actor_jockey_venue_finish_observations,1432.4034609794617
2023,FULL_PAIRWISE_BASE,PAIR_TOP3,38,actor_horse_jockey_all_starts,1284.3585543632507
2023,FULL_PAIRWISE_BASE,PAIR_TOP3,39,actor_jockey_race_class_finish_observations,1240.5059156417847
2023,FULL_PAIRWISE_BASE,PAIR_TOP3,40,actor_horse_jockey_recent_effective_starts,1139.6654052734375
2023,FULL_PAIRWISE_BASE,PAIR_TOP3,41,actor_jockey_surface_effective_starts,1054.4520149230957
2023,FULL_PAIRWISE_BASE,PAIR_TOP3,42,actor_jockey_surface_finish_observations,949.9652938842773
2023,FULL_PAIRWISE_BASE,PAIR_TOP3,43,actor_jockey_venue_effective_starts,938.1658205986023
2023,FULL_PAIRWISE_BASE,PAIR_TOP3,44,actor_trainer_all_finish_observations,870.2597522735596
2023,FULL_PAIRWISE_BASE,PAIR_TOP3,45,actor_trainer_distance_band_finish_observations,663.4784278869629
2023,FULL_PAIRWISE_BASE,PAIR_TOP3,46,actor_horse_jockey_recent_fallback_level,612.2072105407715
2023,FULL_PAIRWISE_BASE,PAIR_TOP3,47,actor_jockey_distance_band_finish_observations,567.4806199073792
2023,FULL_PAIRWISE_BASE,PAIR_TOP3,48,actor_trainer_race_class_finish_observations,540.2337694168091
2023,FULL_PAIRWISE_BASE,PAIR_TOP3,49,actor_trainer_all_effective_starts,531.8827042579651
2023,FULL_PAIRWISE_BASE,PAIR_TOP3,50,actor_jockey_race_class_effective_top3_rate,483.10652589797974
2023,FULL_PAIRWISE_REGIME,PAIR_FINISH,1,regime_perf_resid_mean5,483791.99878025055
2023,FULL_PAIRWISE_REGIME,PAIR_FINISH,2,regime_speed_resid_lag1,234502.17533779144
2023,FULL_PAIRWISE_REGIME,PAIR_FINISH,3,regime_speed_resid_mean5,210857.50791454315
2023,FULL_PAIRWISE_REGIME,PAIR_FINISH,4,regime_speed_resid_strength3,156702.54711532593
2023,FULL_PAIRWISE_REGIME,PAIR_FINISH,5,regime_speed_resid_mean3,103435.28304576874
2023,FULL_PAIRWISE_REGIME,PAIR_FINISH,6,actor_jockey_surface_effective_avg_finish,53322.386748313904
2023,FULL_PAIRWISE_REGIME,PAIR_FINISH,7,actor_horse_jockey_all_effective_avg_finish,42798.034737586975
2023,FULL_PAIRWISE_REGIME,PAIR_FINISH,8,regime_perf_resid_mean3,42626.356125831604
2023,FULL_PAIRWISE_REGIME,PAIR_FINISH,9,regime_perf_resid_lag1,39035.15024662018
2023,FULL_PAIRWISE_REGIME,PAIR_FINISH,10,actor_jockey_distance_band_effective_avg_finish,37462.79646205902
2023,FULL_PAIRWISE_REGIME,PAIR_FINISH,11,actor_jockey_all_effective_avg_finish,31248.285771369934
2023,FULL_PAIRWISE_REGIME,PAIR_FINISH,12,actor_jockey_race_class_effective_avg_finish,29056.455849647522
2023,FULL_PAIRWISE_REGIME,PAIR_FINISH,13,actor_jockey_recent_effective_avg_finish,27327.772295951843
2023,FULL_PAIRWISE_REGIME,PAIR_FINISH,14,actor_trainer_race_class_effective_avg_finish,27073.18906402588
2023,FULL_PAIRWISE_REGIME,PAIR_FINISH,15,regime_last3f_resid_mean5,26690.276566505432
2023,FULL_PAIRWISE_REGIME,PAIR_FINISH,16,regime_perf_resid_std5,23173.070247650146
2023,FULL_PAIRWISE_REGIME,PAIR_FINISH,17,regime_last3f_resid_std5,16075.007963180542
2023,FULL_PAIRWISE_REGIME,PAIR_FINISH,18,actor_jockey_venue_effective_avg_finish,14454.58935546875
2023,FULL_PAIRWISE_REGIME,PAIR_FINISH,19,actor_horse_jockey_all_effective_starts,12272.271576881409
2023,FULL_PAIRWISE_REGIME,PAIR_FINISH,20,actor_horse_jockey_all_effective_win_rate,11814.16195678711
2023,FULL_PAIRWISE_REGIME,PAIR_FINISH,21,actor_horse_jockey_recent_effective_avg_finish,11567.770444869995
2023,FULL_PAIRWISE_REGIME,PAIR_FINISH,22,actor_trainer_all_effective_avg_finish,10405.068433761597
2023,FULL_PAIRWISE_REGIME,PAIR_FINISH,23,actor_trainer_distance_band_effective_avg_finish,9629.477414131165
2023,FULL_PAIRWISE_REGIME,PAIR_FINISH,24,regime_last3f_resid_lag1,9571.490762710571
2023,FULL_PAIRWISE_REGIME,PAIR_FINISH,25,actor_trainer_all_effective_top3_rate,9546.943655014038
2023,FULL_PAIRWISE_REGIME,PAIR_FINISH,26,regime_speed_resid_lag2,8304.604597091675
2023,FULL_PAIRWISE_REGIME,PAIR_FINISH,27,actor_trainer_race_class_effective_top3_rate,8264.90312576294
2023,FULL_PAIRWISE_REGIME,PAIR_FINISH,28,regime_last3f_resid_lag2,5857.928124427795
2023,FULL_PAIRWISE_REGIME,PAIR_FINISH,29,actor_trainer_all_effective_win_rate,5586.575675010681
2023,FULL_PAIRWISE_REGIME,PAIR_FINISH,30,regime_perf_resid_strength3,4897.203100204468
2023,FULL_PAIRWISE_REGIME,PAIR_FINISH,31,actor_horse_jockey_all_effective_top3_rate,4859.064903259277
2023,FULL_PAIRWISE_REGIME,PAIR_FINISH,32,actor_jockey_surface_effective_top3_rate,4255.35728263855
2023,FULL_PAIRWISE_REGIME,PAIR_FINISH,33,regime_last3f_resid_mean3,3856.566514968872
2023,FULL_PAIRWISE_REGIME,PAIR_FINISH,34,actor_horse_jockey_recent_effective_win_rate,3788.9859132766724
2023,FULL_PAIRWISE_REGIME,PAIR_FINISH,35,regime_speed_resid_positive_count3,3292.279582977295
2023,FULL_PAIRWISE_REGIME,PAIR_FINISH,36,actor_jockey_surface_effective_win_rate,3267.0640182495117
2023,FULL_PAIRWISE_REGIME,PAIR_FINISH,37,actor_jockey_recent_effective_top3_rate,2892.596495628357
2023,FULL_PAIRWISE_REGIME,PAIR_FINISH,38,actor_jockey_all_effective_top3_rate,2849.5870876312256
2023,FULL_PAIRWISE_REGIME,PAIR_FINISH,39,actor_horse_jockey_all_finish_observations,2839.880111694336
2023,FULL_PAIRWISE_REGIME,PAIR_FINISH,40,regime_perf_resid_lag2,2715.258101463318
2023,FULL_PAIRWISE_REGIME,PAIR_FINISH,41,regime_speed_resid_std3,2676.903694152832
2023,FULL_PAIRWISE_REGIME,PAIR_FINISH,42,actor_trainer_distance_band_effective_top3_rate,2610.6204023361206
2023,FULL_PAIRWISE_REGIME,PAIR_FINISH,43,regime_last3f_resid_std3,2477.021194458008
2023,FULL_PAIRWISE_REGIME,PAIR_FINISH,44,actor_horse_jockey_recent_effective_starts,2341.5386056900024
2023,FULL_PAIRWISE_REGIME,PAIR_FINISH,45,regime_speed_resid_slope3,2334.0854864120483
2023,FULL_PAIRWISE_REGIME,PAIR_FINISH,46,regime_perf_resid_slope3,2273.8078060150146
2023,FULL_PAIRWISE_REGIME,PAIR_FINISH,47,regime_speed_resid_positive_count5,2161.4474601745605
2023,FULL_PAIRWISE_REGIME,PAIR_FINISH,48,actor_jockey_venue_effective_top3_rate,2152.5140924453735
2023,FULL_PAIRWISE_REGIME,PAIR_FINISH,49,regime_perf_resid_lag3,2056.1346950531006
2023,FULL_PAIRWISE_REGIME,PAIR_FINISH,50,regime_speed_resid_std5,2024.117696762085
2023,FULL_PAIRWISE_REGIME,PAIR_TOP3,1,regime_perf_resid_mean5,449835.3711910248
2023,FULL_PAIRWISE_REGIME,PAIR_TOP3,2,regime_speed_resid_mean5,147070.97032165527
2023,FULL_PAIRWISE_REGIME,PAIR_TOP3,3,regime_speed_resid_lag1,106632.5391998291
2023,FULL_PAIRWISE_REGIME,PAIR_TOP3,4,regime_speed_resid_mean3,79846.71622467041
2023,FULL_PAIRWISE_REGIME,PAIR_TOP3,5,regime_perf_resid_mean3,71851.74708175659
2023,FULL_PAIRWISE_REGIME,PAIR_TOP3,6,actor_jockey_surface_effective_avg_finish,36723.14345741272
2023,FULL_PAIRWISE_REGIME,PAIR_TOP3,7,actor_horse_jockey_all_effective_avg_finish,29744.9525308609
2023,FULL_PAIRWISE_REGIME,PAIR_TOP3,8,actor_jockey_recent_effective_avg_finish,29710.167488098145
2023,FULL_PAIRWISE_REGIME,PAIR_TOP3,9,regime_perf_resid_lag1,28023.352891921997
2023,FULL_PAIRWISE_REGIME,PAIR_TOP3,10,actor_jockey_race_class_effective_avg_finish,20155.547620773315
2023,FULL_PAIRWISE_REGIME,PAIR_TOP3,11,actor_trainer_race_class_effective_avg_finish,19074.89340877533
2023,FULL_PAIRWISE_REGIME,PAIR_TOP3,12,actor_jockey_distance_band_effective_avg_finish,17606.54838180542
2023,FULL_PAIRWISE_REGIME,PAIR_TOP3,13,regime_perf_resid_std5,16553.28069782257
2023,FULL_PAIRWISE_REGIME,PAIR_TOP3,14,actor_jockey_surface_effective_top3_rate,15854.04791355133
2023,FULL_PAIRWISE_REGIME,PAIR_TOP3,15,actor_trainer_all_effective_avg_finish,12336.87250328064
2023,FULL_PAIRWISE_REGIME,PAIR_TOP3,16,actor_horse_jockey_all_effective_top3_rate,12284.386086463928
2023,FULL_PAIRWISE_REGIME,PAIR_TOP3,17,actor_trainer_all_effective_top3_rate,10984.10482788086
2023,FULL_PAIRWISE_REGIME,PAIR_TOP3,18,regime_last3f_resid_std5,9475.627017974854
2023,FULL_PAIRWISE_REGIME,PAIR_TOP3,19,actor_jockey_distance_band_effective_top3_rate,8551.085989952087
2023,FULL_PAIRWISE_REGIME,PAIR_TOP3,20,actor_jockey_venue_effective_avg_finish,8310.166131973267
2023,FULL_PAIRWISE_REGIME,PAIR_TOP3,21,actor_jockey_venue_effective_top3_rate,8288.544385910034
2023,FULL_PAIRWISE_REGIME,PAIR_TOP3,22,regime_speed_resid_strength3,7884.067495346069
2023,FULL_PAIRWISE_REGIME,PAIR_TOP3,23,actor_trainer_race_class_effective_top3_rate,7853.138249397278
2023,FULL_PAIRWISE_REGIME,PAIR_TOP3,24,actor_jockey_surface_effective_win_rate,7461.459972381592
2023,FULL_PAIRWISE_REGIME,PAIR_TOP3,25,actor_jockey_all_effective_top3_rate,7279.696541786194
2023,FULL_PAIRWISE_REGIME,PAIR_TOP3,26,actor_jockey_all_effective_avg_finish,7270.7392835617065
2023,FULL_PAIRWISE_REGIME,PAIR_TOP3,27,actor_jockey_all_effective_win_rate,5804.360516548157
2023,FULL_PAIRWISE_REGIME,PAIR_TOP3,28,actor_trainer_all_effective_win_rate,4934.968614578247
2023,FULL_PAIRWISE_REGIME,PAIR_TOP3,29,regime_speed_resid_std5,4667.686407089233
2023,FULL_PAIRWISE_REGIME,PAIR_TOP3,30,regime_speed_resid_lag2,4319.002140045166
2023,FULL_PAIRWISE_REGIME,PAIR_TOP3,31,actor_horse_jockey_all_effective_starts,4090.7986001968384
2023,FULL_PAIRWISE_REGIME,PAIR_TOP3,32,regime_speed_resid_positive_count3,3910.7470903396606
2023,FULL_PAIRWISE_REGIME,PAIR_TOP3,33,actor_horse_jockey_recent_effective_avg_finish,3768.1784982681274
2023,FULL_PAIRWISE_REGIME,PAIR_TOP3,34,actor_trainer_distance_band_effective_avg_finish,3715.2027950286865
2023,FULL_PAIRWISE_REGIME,PAIR_TOP3,35,actor_horse_jockey_all_effective_win_rate,3317.6899700164795
2023,FULL_PAIRWISE_REGIME,PAIR_TOP3,36,actor_trainer_distance_band_effective_win_rate,3118.1635999679565
2023,FULL_PAIRWISE_REGIME,PAIR_TOP3,37,regime_perf_resid_strength3,2729.401339530945
2023,FULL_PAIRWISE_REGIME,PAIR_TOP3,38,actor_jockey_race_class_effective_win_rate,2562.0036087036133
2023,FULL_PAIRWISE_REGIME,PAIR_TOP3,39,actor_jockey_race_class_effective_top3_rate,2176.1172246932983
2023,FULL_PAIRWISE_REGIME,PAIR_TOP3,40,actor_trainer_distance_band_effective_top3_rate,2050.710988998413
2023,FULL_PAIRWISE_REGIME,PAIR_TOP3,41,actor_jockey_recent_effective_win_rate,1922.2061853408813
2023,FULL_PAIRWISE_REGIME,PAIR_TOP3,42,regime_perf_resid_lag2,1856.54319190979
2023,FULL_PAIRWISE_REGIME,PAIR_TOP3,43,actor_jockey_recent_effective_top3_rate,1849.226125717163
2023,FULL_PAIRWISE_REGIME,PAIR_TOP3,44,actor_horse_jockey_recent_effective_top3_rate,1748.9320974349976
2023,FULL_PAIRWISE_REGIME,PAIR_TOP3,45,regime_speed_resid_std3,1668.871171951294
2023,FULL_PAIRWISE_REGIME,PAIR_TOP3,46,regime_speed_resid_persistent_negative3,1656.8499908447266
2023,FULL_PAIRWISE_REGIME,PAIR_TOP3,47,regime_perf_resid_std3,1432.664361000061
2023,FULL_PAIRWISE_REGIME,PAIR_TOP3,48,regime_last3f_resid_std3,1402.566403388977
2023,FULL_PAIRWISE_REGIME,PAIR_TOP3,49,actor_trainer_race_class_effective_starts,1308.8359050750732
2023,FULL_PAIRWISE_REGIME,PAIR_TOP3,50,regime_last3f_resid_lag2,1304.9194030761719
2024,BASELINE_DIRECT,RANK_GRADED,1,auto_history_finish_position_ewma,43718.71922874451
2024,BASELINE_DIRECT,RANK_GRADED,2,auto_field_recent_avg_finish_gap_to_top3_mean,9294.691672801971
2024,BASELINE_DIRECT,RANK_GRADED,3,auto_field_recent_top3_rate_zscore,8270.057374477386
2024,BASELINE_DIRECT,RANK_GRADED,4,previous_finish_position,8149.54797077179
2024,BASELINE_DIRECT,RANK_GRADED,5,auto_field_recent_avg_finish_diff_mean,4250.663932323456
2024,BASELINE_DIRECT,RANK_GRADED,6,auto_field_recent_avg_finish_zscore,4068.321080684662
2024,BASELINE_DIRECT,RANK_GRADED,7,auto_finish_same_surface_success_rate,3627.6613159179688
2024,BASELINE_DIRECT,RANK_GRADED,8,actor_jockey_venue_effective_win_rate,3445.316292285919
2024,BASELINE_DIRECT,RANK_GRADED,9,auto_finish_same_class_median,2942.2190732955933
2024,BASELINE_DIRECT,RANK_GRADED,10,auto_field_recent_top3_rate_diff_mean,2591.6579751968384
2024,BASELINE_DIRECT,RANK_GRADED,11,timepace_recent_avg_performance_score,2562.9975533485413
2024,BASELINE_DIRECT,RANK_GRADED,12,auto_field_network_elo_rating_percentile,2212.033404827118
2024,BASELINE_DIRECT,RANK_GRADED,13,auto_finish_same_class_success_rate,2097.015365123749
2024,BASELINE_DIRECT,RANK_GRADED,14,actor_jockey_venue_top3_rate,1885.9586372375488
2024,BASELINE_DIRECT,RANK_GRADED,15,auto_field_recent_avg_last_3f_diff_median,1880.1620688438416
2024,BASELINE_DIRECT,RANK_GRADED,16,actor_jockey_venue_effective_top3_rate,1809.5302567481995
2024,BASELINE_DIRECT,RANK_GRADED,17,auto_finish_same_surface_median,1796.7125101089478
2024,BASELINE_DIRECT,RANK_GRADED,18,actor_jockey_venue_win_rate,1763.7129364013672
2024,BASELINE_DIRECT,RANK_GRADED,19,opponent_recent_avg_top3_rate,1725.9862651824951
2024,BASELINE_DIRECT,RANK_GRADED,20,days_since_last_start,1706.9034450054169
2024,BASELINE_DIRECT,RANK_GRADED,21,auto_field_network_elo_rating_zscore,1612.1899197101593
2024,BASELINE_DIRECT,RANK_GRADED,22,actor_jockey_recent_effective_avg_finish,1519.3529238700867
2024,BASELINE_DIRECT,RANK_GRADED,23,actor_jockey_recent_avg_finish,1423.573471069336
2024,BASELINE_DIRECT,RANK_GRADED,24,timepace_recent_avg_normalized_time,1356.6463506221771
2024,BASELINE_DIRECT,RANK_GRADED,25,auto_field_network_elo_rating_gap_to_top3_mean,1322.1620683670044
2024,BASELINE_DIRECT,RANK_GRADED,26,auto_finish_same_class_mean,1303.0748620033264
2024,BASELINE_DIRECT,RANK_GRADED,27,opponent_recent_avg_starts,1302.5148601531982
2024,BASELINE_DIRECT,RANK_GRADED,28,auto_finish_same_class_trend,1301.763792514801
2024,BASELINE_DIRECT,RANK_GRADED,29,actor_jockey_distance_band_top3_rate,1263.7371187210083
2024,BASELINE_DIRECT,RANK_GRADED,30,opponent_recent_avg_win_rate,1142.860652923584
2024,BASELINE_DIRECT,RANK_GRADED,31,auto_history_finish_position_coefficient_of_variation,1111.4364004135132
2024,BASELINE_DIRECT,RANK_GRADED,32,auto_history_finish_position_last,1045.0456466674805
2024,BASELINE_DIRECT,RANK_GRADED,33,auto_finish_same_surface_mean,1044.1818928718567
2024,BASELINE_DIRECT,RANK_GRADED,34,actor_jockey_surface_top3_rate,1022.8847332000732
2024,BASELINE_DIRECT,RANK_GRADED,35,timepace_recent_avg_normalized_last3f,996.2704391479492
2024,BASELINE_DIRECT,RANK_GRADED,36,actor_trainer_venue_top3_rate,947.9315700531006
2024,BASELINE_DIRECT,RANK_GRADED,37,opponent_recent_max_win_rate,932.8605208396912
2024,BASELINE_DIRECT,RANK_GRADED,38,opponent_previous_avg_starts,925.0240526199341
2024,BASELINE_DIRECT,RANK_GRADED,39,auto_field_recent_avg_finish_gap_to_top2_mean,900.301664352417
2024,BASELINE_DIRECT,RANK_GRADED,40,body_weight,891.5803685188293
2024,BASELINE_DIRECT,RANK_GRADED,41,actor_jockey_distance_band_effective_win_rate,871.0174241065979
2024,BASELINE_DIRECT,RANK_GRADED,42,actor_trainer_race_class_effective_top3_rate,839.0242991447449
2024,BASELINE_DIRECT,RANK_GRADED,43,auto_history_body_weight_min,801.8486609458923
2024,BASELINE_DIRECT,RANK_GRADED,44,opponent_current_field_avg_elo,778.5391082763672
2024,BASELINE_DIRECT,RANK_GRADED,45,actor_jockey_race_class_avg_finish,776.90021276474
2024,BASELINE_DIRECT,RANK_GRADED,46,actor_jockey_distance_band_effective_top3_rate,772.5521373748779
2024,BASELINE_DIRECT,RANK_GRADED,47,opponent_strong_opponent_beat_rate,771.2915596961975
2024,BASELINE_DIRECT,RANK_GRADED,48,auto_pair_distance_vs_recent_mean_normalized_diff,756.9196887016296
2024,BASELINE_DIRECT,RANK_GRADED,49,auto_field_recent_top3_rate_gap_to_top3_mean,755.401180267334
2024,BASELINE_DIRECT,RANK_GRADED,50,distance_change_m,736.8353409767151
2024,RESIDUAL_REGIME_DIRECT,RANK_GRADED,1,auto_history_finish_position_ewma,33263.03831243515
2024,RESIDUAL_REGIME_DIRECT,RANK_GRADED,2,regime_speed_resid_lag1,9317.696825027466
2024,RESIDUAL_REGIME_DIRECT,RANK_GRADED,3,auto_field_recent_top3_rate_zscore,7682.992317676544
2024,RESIDUAL_REGIME_DIRECT,RANK_GRADED,4,regime_speed_resid_mean3,6562.494156360626
2024,RESIDUAL_REGIME_DIRECT,RANK_GRADED,5,auto_field_recent_avg_finish_gap_to_top3_mean,5799.869765281677
2024,RESIDUAL_REGIME_DIRECT,RANK_GRADED,6,auto_field_recent_avg_finish_zscore,4614.16796875
2024,RESIDUAL_REGIME_DIRECT,RANK_GRADED,7,auto_field_recent_avg_finish_diff_mean,3747.5937147140503
2024,RESIDUAL_REGIME_DIRECT,RANK_GRADED,8,regime_perf_resid_mean3,3423.5474219322205
2024,RESIDUAL_REGIME_DIRECT,RANK_GRADED,9,actor_jockey_venue_effective_win_rate,3202.9884877204895
2024,RESIDUAL_REGIME_DIRECT,RANK_GRADED,10,auto_finish_same_surface_success_rate,3064.2082109451294
2024,RESIDUAL_REGIME_DIRECT,RANK_GRADED,11,auto_finish_same_class_success_rate,2645.398825645447
2024,RESIDUAL_REGIME_DIRECT,RANK_GRADED,12,regime_perf_resid_lag1,2627.472951889038
2024,RESIDUAL_REGIME_DIRECT,RANK_GRADED,13,auto_field_recent_avg_finish_gap_to_top2_mean,2561.2504477500916
2024,RESIDUAL_REGIME_DIRECT,RANK_GRADED,14,auto_finish_same_surface_median,2509.2077355384827
2024,RESIDUAL_REGIME_DIRECT,RANK_GRADED,15,auto_field_recent_top3_rate_diff_mean,2395.5651693344116
2024,RESIDUAL_REGIME_DIRECT,RANK_GRADED,16,auto_finish_same_class_median,2323.5747361183167
2024,RESIDUAL_REGIME_DIRECT,RANK_GRADED,17,opponent_recent_avg_top3_rate,2276.488977909088
2024,RESIDUAL_REGIME_DIRECT,RANK_GRADED,18,regime_perf_resid_strength3,2238.3095746040344
2024,RESIDUAL_REGIME_DIRECT,RANK_GRADED,19,timepace_recent_avg_performance_score,2054.7639679908752
2024,RESIDUAL_REGIME_DIRECT,RANK_GRADED,20,auto_finish_same_class_mean,2041.3539638519287
2024,RESIDUAL_REGIME_DIRECT,RANK_GRADED,21,actor_jockey_venue_effective_top3_rate,2026.064591884613
2024,RESIDUAL_REGIME_DIRECT,RANK_GRADED,22,auto_field_network_elo_rating_zscore,1907.8273785114288
2024,RESIDUAL_REGIME_DIRECT,RANK_GRADED,23,actor_jockey_recent_effective_avg_finish,1812.4553351402283
2024,RESIDUAL_REGIME_DIRECT,RANK_GRADED,24,actor_jockey_venue_top3_rate,1724.4406876564026
2024,RESIDUAL_REGIME_DIRECT,RANK_GRADED,25,days_since_last_start,1701.2017381191254
2024,RESIDUAL_REGIME_DIRECT,RANK_GRADED,26,auto_field_network_elo_rating_percentile,1665.7303948402405
2024,RESIDUAL_REGIME_DIRECT,RANK_GRADED,27,regime_speed_resid_mean5,1638.809331893921
2024,RESIDUAL_REGIME_DIRECT,RANK_GRADED,28,actor_jockey_distance_band_top3_rate,1624.285276889801
2024,RESIDUAL_REGIME_DIRECT,RANK_GRADED,29,auto_field_recent_avg_last_3f_diff_median,1586.9566717147827
2024,RESIDUAL_REGIME_DIRECT,RANK_GRADED,30,opponent_recent_avg_win_rate,1384.0535764694214
2024,RESIDUAL_REGIME_DIRECT,RANK_GRADED,31,auto_finish_same_class_trend,1331.4200310707092
2024,RESIDUAL_REGIME_DIRECT,RANK_GRADED,32,actor_jockey_venue_win_rate,1206.5582427978516
2024,RESIDUAL_REGIME_DIRECT,RANK_GRADED,33,auto_history_finish_position_coefficient_of_variation,1125.714078426361
2024,RESIDUAL_REGIME_DIRECT,RANK_GRADED,34,previous_finish_position,1120.8679542541504
2024,RESIDUAL_REGIME_DIRECT,RANK_GRADED,35,auto_finish_same_surface_mean,1109.6022624969482
2024,RESIDUAL_REGIME_DIRECT,RANK_GRADED,36,actor_jockey_recent_avg_finish,1107.2579264640808
2024,RESIDUAL_REGIME_DIRECT,RANK_GRADED,37,actor_jockey_surface_top3_rate,1075.235758304596
2024,RESIDUAL_REGIME_DIRECT,RANK_GRADED,38,regime_speed_resid_std5,1025.4744243621826
2024,RESIDUAL_REGIME_DIRECT,RANK_GRADED,39,auto_field_network_elo_rating_gap_to_top3_mean,1022.9986548423767
2024,RESIDUAL_REGIME_DIRECT,RANK_GRADED,40,regime_last3f_resid_std5,1020.6313986778259
2024,RESIDUAL_REGIME_DIRECT,RANK_GRADED,41,actor_trainer_venue_top3_rate,1003.0515308380127
2024,RESIDUAL_REGIME_DIRECT,RANK_GRADED,42,opponent_recent_max_win_rate,912.4710297584534
2024,RESIDUAL_REGIME_DIRECT,RANK_GRADED,43,actor_trainer_race_class_effective_top3_rate,895.4201822280884
2024,RESIDUAL_REGIME_DIRECT,RANK_GRADED,44,actor_jockey_surface_avg_finish,877.1513900756836
2024,RESIDUAL_REGIME_DIRECT,RANK_GRADED,45,auto_field_recent_avg_finish_diff_median,861.4213418960571
2024,RESIDUAL_REGIME_DIRECT,RANK_GRADED,46,auto_finish_within_400m_mean,850.8114595413208
2024,RESIDUAL_REGIME_DIRECT,RANK_GRADED,47,actor_trainer_race_class_effective_avg_finish,828.4223389625549
2024,RESIDUAL_REGIME_DIRECT,RANK_GRADED,48,actor_jockey_recent_effective_top3_rate,828.4150652885437
2024,RESIDUAL_REGIME_DIRECT,RANK_GRADED,49,opponent_recent_avg_starts,810.0578508377075
2024,RESIDUAL_REGIME_DIRECT,RANK_GRADED,50,timepace_recent_avg_normalized_last3f,809.5495014190674
2024,FULL_PAIRWISE_BASE,PAIR_FINISH,1,actor_horse_jockey_all_effective_avg_finish,231803.37763500214
2024,FULL_PAIRWISE_BASE,PAIR_FINISH,2,actor_horse_jockey_recent_effective_avg_finish,130290.7612361908
2024,FULL_PAIRWISE_BASE,PAIR_FINISH,3,actor_jockey_recent_effective_avg_finish,119345.20700979233
2024,FULL_PAIRWISE_BASE,PAIR_FINISH,4,actor_jockey_all_effective_top3_rate,117216.932056427
2024,FULL_PAIRWISE_BASE,PAIR_FINISH,5,actor_jockey_all_effective_avg_finish,109432.96377038956
2024,FULL_PAIRWISE_BASE,PAIR_FINISH,6,actor_jockey_surface_effective_avg_finish,68080.1352982521
2024,FULL_PAIRWISE_BASE,PAIR_FINISH,7,actor_jockey_venue_effective_avg_finish,41892.778802871704
2024,FULL_PAIRWISE_BASE,PAIR_FINISH,8,actor_trainer_race_class_effective_avg_finish,41815.5645365715
2024,FULL_PAIRWISE_BASE,PAIR_FINISH,9,actor_horse_jockey_all_effective_win_rate,30287.439294338226
2024,FULL_PAIRWISE_BASE,PAIR_FINISH,10,actor_jockey_race_class_effective_avg_finish,27586.757668972015
2024,FULL_PAIRWISE_BASE,PAIR_FINISH,11,actor_jockey_all_effective_win_rate,21085.12170934677
2024,FULL_PAIRWISE_BASE,PAIR_FINISH,12,actor_horse_jockey_all_effective_starts,20318.37580728531
2024,FULL_PAIRWISE_BASE,PAIR_FINISH,13,actor_trainer_all_effective_avg_finish,15941.790583133698
2024,FULL_PAIRWISE_BASE,PAIR_FINISH,14,actor_trainer_distance_band_effective_avg_finish,15781.088490009308
2024,FULL_PAIRWISE_BASE,PAIR_FINISH,15,actor_trainer_race_class_effective_top3_rate,15739.252820968628
2024,FULL_PAIRWISE_BASE,PAIR_FINISH,16,actor_horse_jockey_recent_effective_win_rate,13364.773175239563
2024,FULL_PAIRWISE_BASE,PAIR_FINISH,17,actor_jockey_distance_band_effective_avg_finish,11666.841247081757
2024,FULL_PAIRWISE_BASE,PAIR_FINISH,18,actor_jockey_surface_effective_win_rate,11256.130229473114
2024,FULL_PAIRWISE_BASE,PAIR_FINISH,19,actor_jockey_surface_effective_top3_rate,8937.515139102936
2024,FULL_PAIRWISE_BASE,PAIR_FINISH,20,actor_horse_jockey_all_finish_observations,8425.736465454102
2024,FULL_PAIRWISE_BASE,PAIR_FINISH,21,actor_horse_jockey_all_effective_top3_rate,7615.285839557648
2024,FULL_PAIRWISE_BASE,PAIR_FINISH,22,actor_jockey_venue_effective_win_rate,6902.331607341766
2024,FULL_PAIRWISE_BASE,PAIR_FINISH,23,actor_trainer_all_effective_top3_rate,6293.657710552216
2024,FULL_PAIRWISE_BASE,PAIR_FINISH,24,actor_jockey_venue_effective_top3_rate,6102.608953475952
2024,FULL_PAIRWISE_BASE,PAIR_FINISH,25,actor_jockey_recent_effective_top3_rate,5552.995742321014
2024,FULL_PAIRWISE_BASE,PAIR_FINISH,26,actor_trainer_all_effective_win_rate,5503.744212627411
2024,FULL_PAIRWISE_BASE,PAIR_FINISH,27,actor_jockey_distance_band_effective_win_rate,4723.812779903412
2024,FULL_PAIRWISE_BASE,PAIR_FINISH,28,actor_trainer_distance_band_effective_top3_rate,4105.82853603363
2024,FULL_PAIRWISE_BASE,PAIR_FINISH,29,actor_trainer_distance_band_effective_win_rate,3664.958065509796
2024,FULL_PAIRWISE_BASE,PAIR_FINISH,30,actor_horse_jockey_recent_effective_top3_rate,3390.2786440849304
2024,FULL_PAIRWISE_BASE,PAIR_FINISH,31,actor_trainer_race_class_effective_starts,3333.7837800979614
2024,FULL_PAIRWISE_BASE,PAIR_FINISH,32,actor_jockey_race_class_finish_observations,2793.861310005188
2024,FULL_PAIRWISE_BASE,PAIR_FINISH,33,actor_horse_jockey_recent_effective_starts,2604.7863998413086
2024,FULL_PAIRWISE_BASE,PAIR_FINISH,34,actor_jockey_race_class_effective_win_rate,2030.5682654380798
2024,FULL_PAIRWISE_BASE,PAIR_FINISH,35,actor_trainer_race_class_finish_observations,1662.1323680877686
2024,FULL_PAIRWISE_BASE,PAIR_FINISH,36,actor_horse_jockey_all_starts,1606.5817847251892
2024,FULL_PAIRWISE_BASE,PAIR_FINISH,37,actor_jockey_surface_finish_observations,1410.6653861999512
2024,FULL_PAIRWISE_BASE,PAIR_FINISH,38,actor_jockey_distance_band_effective_top3_rate,1256.1678400039673
2024,FULL_PAIRWISE_BASE,PAIR_FINISH,39,actor_jockey_race_class_effective_starts,1255.3018765449524
2024,FULL_PAIRWISE_BASE,PAIR_FINISH,40,actor_jockey_recent_effective_win_rate,1177.0009589195251
2024,FULL_PAIRWISE_BASE,PAIR_FINISH,41,actor_horse_jockey_recent_fallback_level,1056.4226026535034
2024,FULL_PAIRWISE_BASE,PAIR_FINISH,42,actor_trainer_race_class_fallback_level,966.0980553627014
2024,FULL_PAIRWISE_BASE,PAIR_FINISH,43,actor_jockey_all_finish_observations,935.1264629364014
2024,FULL_PAIRWISE_BASE,PAIR_FINISH,44,actor_jockey_venue_finish_observations,903.3857822418213
2024,FULL_PAIRWISE_BASE,PAIR_FINISH,45,actor_jockey_race_class_effective_top3_rate,726.2919521331787
2024,FULL_PAIRWISE_BASE,PAIR_FINISH,46,actor_horse_jockey_all_top3_observations,702.846697807312
2024,FULL_PAIRWISE_BASE,PAIR_FINISH,47,actor_trainer_all_effective_starts,641.6364398002625
2024,FULL_PAIRWISE_BASE,PAIR_FINISH,48,actor_jockey_venue_effective_starts,623.4372730255127
2024,FULL_PAIRWISE_BASE,PAIR_FINISH,49,actor_jockey_surface_effective_starts,606.1246528625488
2024,FULL_PAIRWISE_BASE,PAIR_FINISH,50,actor_jockey_all_effective_starts,600.6647410392761
2024,FULL_PAIRWISE_BASE,PAIR_TOP3,1,actor_jockey_all_effective_top3_rate,170510.00432825089
2024,FULL_PAIRWISE_BASE,PAIR_TOP3,2,actor_horse_jockey_all_effective_avg_finish,154089.75357580185
2024,FULL_PAIRWISE_BASE,PAIR_TOP3,3,actor_jockey_recent_effective_avg_finish,90077.83446836472
2024,FULL_PAIRWISE_BASE,PAIR_TOP3,4,actor_horse_jockey_recent_effective_avg_finish,58331.62639141083
2024,FULL_PAIRWISE_BASE,PAIR_TOP3,5,actor_jockey_surface_effective_avg_finish,41493.711825847626
2024,FULL_PAIRWISE_BASE,PAIR_TOP3,6,actor_horse_jockey_all_effective_top3_rate,40850.966796875
2024,FULL_PAIRWISE_BASE,PAIR_TOP3,7,actor_jockey_all_effective_win_rate,34748.63805055618
2024,FULL_PAIRWISE_BASE,PAIR_TOP3,8,actor_jockey_surface_effective_win_rate,33329.96091604233
2024,FULL_PAIRWISE_BASE,PAIR_TOP3,9,actor_jockey_venue_effective_top3_rate,26361.70286464691
2024,FULL_PAIRWISE_BASE,PAIR_TOP3,10,actor_jockey_surface_effective_top3_rate,23864.18719768524
2024,FULL_PAIRWISE_BASE,PAIR_TOP3,11,actor_jockey_venue_effective_avg_finish,21879.672781467438
2024,FULL_PAIRWISE_BASE,PAIR_TOP3,12,actor_jockey_all_effective_avg_finish,20812.554303646088
2024,FULL_PAIRWISE_BASE,PAIR_TOP3,13,actor_trainer_race_class_effective_top3_rate,20113.409043312073
2024,FULL_PAIRWISE_BASE,PAIR_TOP3,14,actor_horse_jockey_all_effective_win_rate,15369.057229042053
2024,FULL_PAIRWISE_BASE,PAIR_TOP3,15,actor_trainer_race_class_effective_avg_finish,12951.53726196289
2024,FULL_PAIRWISE_BASE,PAIR_TOP3,16,actor_horse_jockey_all_finish_observations,12745.168583869934
2024,FULL_PAIRWISE_BASE,PAIR_TOP3,17,actor_trainer_all_effective_top3_rate,10598.48016500473
2024,FULL_PAIRWISE_BASE,PAIR_TOP3,18,actor_jockey_race_class_effective_avg_finish,10106.104232788086
2024,FULL_PAIRWISE_BASE,PAIR_TOP3,19,actor_jockey_venue_effective_win_rate,10092.87985944748
2024,FULL_PAIRWISE_BASE,PAIR_TOP3,20,actor_trainer_all_effective_win_rate,9813.094504356384
2024,FULL_PAIRWISE_BASE,PAIR_TOP3,21,actor_horse_jockey_all_effective_starts,8412.470048904419
2024,FULL_PAIRWISE_BASE,PAIR_TOP3,22,actor_trainer_all_effective_avg_finish,8165.0196533203125
2024,FULL_PAIRWISE_BASE,PAIR_TOP3,23,actor_trainer_distance_band_effective_avg_finish,7462.593799114227
2024,FULL_PAIRWISE_BASE,PAIR_TOP3,24,actor_trainer_distance_band_effective_win_rate,6672.943013191223
2024,FULL_PAIRWISE_BASE,PAIR_TOP3,25,actor_jockey_distance_band_effective_avg_finish,5808.743896007538
2024,FULL_PAIRWISE_BASE,PAIR_TOP3,26,actor_trainer_distance_band_effective_top3_rate,5705.683452606201
2024,FULL_PAIRWISE_BASE,PAIR_TOP3,27,actor_horse_jockey_recent_effective_top3_rate,5340.059996604919
2024,FULL_PAIRWISE_BASE,PAIR_TOP3,28,actor_horse_jockey_recent_effective_win_rate,5338.683940410614
2024,FULL_PAIRWISE_BASE,PAIR_TOP3,29,actor_jockey_distance_band_effective_win_rate,4832.344952583313
2024,FULL_PAIRWISE_BASE,PAIR_TOP3,30,actor_jockey_recent_effective_top3_rate,3988.9011273384094
2024,FULL_PAIRWISE_BASE,PAIR_TOP3,31,actor_horse_jockey_all_starts,3134.848542690277
2024,FULL_PAIRWISE_BASE,PAIR_TOP3,32,actor_trainer_race_class_effective_starts,2682.174695968628
2024,FULL_PAIRWISE_BASE,PAIR_TOP3,33,actor_trainer_race_class_effective_win_rate,2364.9463171958923
2024,FULL_PAIRWISE_BASE,PAIR_TOP3,34,actor_horse_jockey_recent_effective_starts,2322.901550769806
2024,FULL_PAIRWISE_BASE,PAIR_TOP3,35,actor_jockey_race_class_finish_observations,1255.3735942840576
2024,FULL_PAIRWISE_BASE,PAIR_TOP3,36,actor_trainer_race_class_fallback_level,1185.5450081825256
2024,FULL_PAIRWISE_BASE,PAIR_TOP3,37,actor_jockey_race_class_effective_win_rate,1160.9474158287048
2024,FULL_PAIRWISE_BASE,PAIR_TOP3,38,actor_trainer_race_class_finish_observations,1139.4356875419617
2024,FULL_PAIRWISE_BASE,PAIR_TOP3,39,actor_jockey_venue_finish_observations,978.3155126571655
2024,FULL_PAIRWISE_BASE,PAIR_TOP3,40,actor_jockey_distance_band_effective_top3_rate,895.4165740013123
2024,FULL_PAIRWISE_BASE,PAIR_TOP3,41,actor_jockey_race_class_effective_starts,765.0636882781982
2024,FULL_PAIRWISE_BASE,PAIR_TOP3,42,actor_jockey_surface_finish_observations,762.6229538917542
2024,FULL_PAIRWISE_BASE,PAIR_TOP3,43,actor_jockey_recent_effective_win_rate,753.816159248352
2024,FULL_PAIRWISE_BASE,PAIR_TOP3,44,actor_jockey_venue_effective_starts,556.1657009124756
2024,FULL_PAIRWISE_BASE,PAIR_TOP3,45,actor_jockey_all_finish_observations,544.817461013794
2024,FULL_PAIRWISE_BASE,PAIR_TOP3,46,actor_trainer_all_finish_observations,512.3055906295776
2024,FULL_PAIRWISE_BASE,PAIR_TOP3,47,actor_trainer_all_effective_starts,512.1525187492371
2024,FULL_PAIRWISE_BASE,PAIR_TOP3,48,actor_jockey_distance_band_effective_starts,462.9494676589966
2024,FULL_PAIRWISE_BASE,PAIR_TOP3,49,actor_jockey_distance_band_fallback_level,457.21370029449463
2024,FULL_PAIRWISE_BASE,PAIR_TOP3,50,actor_jockey_distance_band_finish_observations,405.66730213165283
2024,FULL_PAIRWISE_REGIME,PAIR_FINISH,1,regime_perf_resid_mean5,528895.2052679062
2024,FULL_PAIRWISE_REGIME,PAIR_FINISH,2,regime_speed_resid_mean3,273388.0699262619
2024,FULL_PAIRWISE_REGIME,PAIR_FINISH,3,regime_speed_resid_lag1,248830.60998916626
2024,FULL_PAIRWISE_REGIME,PAIR_FINISH,4,regime_speed_resid_mean5,98902.19309139252
2024,FULL_PAIRWISE_REGIME,PAIR_FINISH,5,regime_speed_resid_strength3,84305.31786346436
2024,FULL_PAIRWISE_REGIME,PAIR_FINISH,6,actor_jockey_surface_effective_avg_finish,58719.0395488739
2024,FULL_PAIRWISE_REGIME,PAIR_FINISH,7,regime_perf_resid_mean3,44287.80702495575
2024,FULL_PAIRWISE_REGIME,PAIR_FINISH,8,regime_last3f_resid_mean5,41512.34171295166
2024,FULL_PAIRWISE_REGIME,PAIR_FINISH,9,actor_jockey_recent_effective_avg_finish,41070.007179260254
2024,FULL_PAIRWISE_REGIME,PAIR_FINISH,10,actor_jockey_all_effective_avg_finish,38470.63483810425
2024,FULL_PAIRWISE_REGIME,PAIR_FINISH,11,regime_perf_resid_lag1,37691.112093925476
2024,FULL_PAIRWISE_REGIME,PAIR_FINISH,12,actor_horse_jockey_all_effective_avg_finish,30725.91759967804
2024,FULL_PAIRWISE_REGIME,PAIR_FINISH,13,actor_trainer_race_class_effective_avg_finish,27951.003247261047
2024,FULL_PAIRWISE_REGIME,PAIR_FINISH,14,regime_perf_resid_std5,20870.174266815186
2024,FULL_PAIRWISE_REGIME,PAIR_FINISH,15,actor_jockey_venue_effective_avg_finish,19861.215348243713
2024,FULL_PAIRWISE_REGIME,PAIR_FINISH,16,actor_jockey_distance_band_effective_avg_finish,14447.126672744751
2024,FULL_PAIRWISE_REGIME,PAIR_FINISH,17,regime_last3f_resid_std5,14381.821024894714
2024,FULL_PAIRWISE_REGIME,PAIR_FINISH,18,actor_jockey_race_class_effective_avg_finish,13914.237548828125
2024,FULL_PAIRWISE_REGIME,PAIR_FINISH,19,actor_trainer_all_effective_avg_finish,13240.389808654785
2024,FULL_PAIRWISE_REGIME,PAIR_FINISH,20,actor_horse_jockey_recent_effective_avg_finish,13106.607489585876
2024,FULL_PAIRWISE_REGIME,PAIR_FINISH,21,actor_horse_jockey_all_effective_starts,12253.9181432724
2024,FULL_PAIRWISE_REGIME,PAIR_FINISH,22,regime_speed_resid_lag2,10797.649090766907
2024,FULL_PAIRWISE_REGIME,PAIR_FINISH,23,actor_horse_jockey_all_effective_win_rate,9965.23209285736
2024,FULL_PAIRWISE_REGIME,PAIR_FINISH,24,actor_jockey_all_effective_top3_rate,9815.963594436646
2024,FULL_PAIRWISE_REGIME,PAIR_FINISH,25,actor_trainer_race_class_effective_top3_rate,8943.397451400757
2024,FULL_PAIRWISE_REGIME,PAIR_FINISH,26,actor_trainer_distance_band_effective_avg_finish,6309.238307952881
2024,FULL_PAIRWISE_REGIME,PAIR_FINISH,27,actor_trainer_all_effective_top3_rate,6232.051345825195
2024,FULL_PAIRWISE_REGIME,PAIR_FINISH,28,actor_trainer_all_effective_win_rate,6198.553398132324
2024,FULL_PAIRWISE_REGIME,PAIR_FINISH,29,regime_last3f_resid_lag1,5858.470321655273
2024,FULL_PAIRWISE_REGIME,PAIR_FINISH,30,regime_last3f_resid_mean3,5737.618947029114
2024,FULL_PAIRWISE_REGIME,PAIR_FINISH,31,regime_last3f_resid_lag2,5267.529815673828
2024,FULL_PAIRWISE_REGIME,PAIR_FINISH,32,regime_perf_resid_strength3,4941.774485588074
2024,FULL_PAIRWISE_REGIME,PAIR_FINISH,33,regime_speed_resid_std3,4451.859295845032
2024,FULL_PAIRWISE_REGIME,PAIR_FINISH,34,actor_horse_jockey_recent_effective_win_rate,4286.1785135269165
2024,FULL_PAIRWISE_REGIME,PAIR_FINISH,35,actor_horse_jockey_all_effective_top3_rate,4243.3207931518555
2024,FULL_PAIRWISE_REGIME,PAIR_FINISH,36,actor_trainer_distance_band_effective_win_rate,4129.804046630859
2024,FULL_PAIRWISE_REGIME,PAIR_FINISH,37,regime_last3f_resid_strength3,3643.0111207962036
2024,FULL_PAIRWISE_REGIME,PAIR_FINISH,38,regime_last3f_resid_std3,3576.3623123168945
2024,FULL_PAIRWISE_REGIME,PAIR_FINISH,39,actor_trainer_distance_band_effective_top3_rate,3288.9920015335083
2024,FULL_PAIRWISE_REGIME,PAIR_FINISH,40,actor_jockey_recent_effective_top3_rate,2713.7498960494995
2024,FULL_PAIRWISE_REGIME,PAIR_FINISH,41,regime_speed_resid_persistent_negative3,2695.6279878616333
2024,FULL_PAIRWISE_REGIME,PAIR_FINISH,42,actor_horse_jockey_all_finish_observations,2635.1475791931152
2024,FULL_PAIRWISE_REGIME,PAIR_FINISH,43,regime_perf_resid_lag2,2515.433695793152
2024,FULL_PAIRWISE_REGIME,PAIR_FINISH,44,regime_speed_resid_std5,2506.1197872161865
2024,FULL_PAIRWISE_REGIME,PAIR_FINISH,45,actor_horse_jockey_recent_fallback_level,2239.2551012039185
2024,FULL_PAIRWISE_REGIME,PAIR_FINISH,46,actor_jockey_venue_effective_top3_rate,1856.9522714614868
2024,FULL_PAIRWISE_REGIME,PAIR_FINISH,47,actor_jockey_surface_effective_top3_rate,1833.3932065963745
2024,FULL_PAIRWISE_REGIME,PAIR_FINISH,48,actor_horse_jockey_recent_effective_starts,1786.6425075531006
2024,FULL_PAIRWISE_REGIME,PAIR_FINISH,49,actor_jockey_surface_effective_win_rate,1669.7190990447998
2024,FULL_PAIRWISE_REGIME,PAIR_FINISH,50,regime_last3f_resid_lag5,1651.8908014297485
2024,FULL_PAIRWISE_REGIME,PAIR_TOP3,1,regime_perf_resid_mean5,472059.62612628937
2024,FULL_PAIRWISE_REGIME,PAIR_TOP3,2,regime_perf_resid_mean3,130529.18772697449
2024,FULL_PAIRWISE_REGIME,PAIR_TOP3,3,regime_speed_resid_mean3,121625.28234291077
2024,FULL_PAIRWISE_REGIME,PAIR_TOP3,4,regime_speed_resid_lag1,104660.92508506775
2024,FULL_PAIRWISE_REGIME,PAIR_TOP3,5,regime_speed_resid_mean5,62607.121733665466
2024,FULL_PAIRWISE_REGIME,PAIR_TOP3,6,actor_jockey_recent_effective_avg_finish,41039.358651161194
2024,FULL_PAIRWISE_REGIME,PAIR_TOP3,7,actor_jockey_surface_effective_avg_finish,30041.62198829651
2024,FULL_PAIRWISE_REGIME,PAIR_TOP3,8,actor_jockey_all_effective_top3_rate,25557.96761894226
2024,FULL_PAIRWISE_REGIME,PAIR_TOP3,9,actor_jockey_surface_effective_top3_rate,20477.797612190247
2024,FULL_PAIRWISE_REGIME,PAIR_TOP3,10,actor_jockey_all_effective_win_rate,17524.045753479004
2024,FULL_PAIRWISE_REGIME,PAIR_TOP3,11,actor_horse_jockey_all_effective_avg_finish,17445.20067214966
2024,FULL_PAIRWISE_REGIME,PAIR_TOP3,12,regime_perf_resid_lag1,15578.062336921692
2024,FULL_PAIRWISE_REGIME,PAIR_TOP3,13,actor_horse_jockey_all_effective_top3_rate,14556.416547775269
2024,FULL_PAIRWISE_REGIME,PAIR_TOP3,14,actor_jockey_venue_effective_avg_finish,14487.438091278076
2024,FULL_PAIRWISE_REGIME,PAIR_TOP3,15,regime_perf_resid_std5,12332.427453041077
2024,FULL_PAIRWISE_REGIME,PAIR_TOP3,16,actor_trainer_race_class_effective_top3_rate,11411.969471931458
2024,FULL_PAIRWISE_REGIME,PAIR_TOP3,17,actor_trainer_race_class_effective_avg_finish,10978.944336414337
2024,FULL_PAIRWISE_REGIME,PAIR_TOP3,18,regime_last3f_resid_std5,10297.648406028748
2024,FULL_PAIRWISE_REGIME,PAIR_TOP3,19,actor_jockey_venue_effective_top3_rate,9675.615562438965
2024,FULL_PAIRWISE_REGIME,PAIR_TOP3,20,actor_trainer_all_effective_top3_rate,8302.34749507904
2024,FULL_PAIRWISE_REGIME,PAIR_TOP3,21,actor_jockey_all_effective_avg_finish,7767.755302429199
2024,FULL_PAIRWISE_REGIME,PAIR_TOP3,22,actor_jockey_distance_band_effective_avg_finish,7324.998833656311
2024,FULL_PAIRWISE_REGIME,PAIR_TOP3,23,actor_trainer_all_effective_win_rate,6877.176401138306
2024,FULL_PAIRWISE_REGIME,PAIR_TOP3,24,actor_jockey_race_class_effective_avg_finish,6723.392384529114
2024,FULL_PAIRWISE_REGIME,PAIR_TOP3,25,regime_speed_resid_lag2,5805.579988479614
2024,FULL_PAIRWISE_REGIME,PAIR_TOP3,26,actor_trainer_all_effective_avg_finish,5567.438776016235
2024,FULL_PAIRWISE_REGIME,PAIR_TOP3,27,actor_trainer_distance_band_effective_win_rate,4819.160611152649
2024,FULL_PAIRWISE_REGIME,PAIR_TOP3,28,actor_jockey_surface_effective_win_rate,4688.375034332275
2024,FULL_PAIRWISE_REGIME,PAIR_TOP3,29,regime_speed_resid_std5,4364.995765686035
2024,FULL_PAIRWISE_REGIME,PAIR_TOP3,30,actor_jockey_venue_effective_win_rate,4321.178195953369
2024,FULL_PAIRWISE_REGIME,PAIR_TOP3,31,actor_horse_jockey_all_effective_starts,4268.694490432739
2024,FULL_PAIRWISE_REGIME,PAIR_TOP3,32,actor_horse_jockey_recent_effective_avg_finish,4173.813049316406
2024,FULL_PAIRWISE_REGIME,PAIR_TOP3,33,actor_trainer_distance_band_effective_avg_finish,4054.207695007324
2024,FULL_PAIRWISE_REGIME,PAIR_TOP3,34,actor_trainer_distance_band_effective_top3_rate,3485.7674083709717
2024,FULL_PAIRWISE_REGIME,PAIR_TOP3,35,actor_horse_jockey_recent_effective_top3_rate,3248.8808946609497
2024,FULL_PAIRWISE_REGIME,PAIR_TOP3,36,actor_horse_jockey_all_effective_win_rate,3218.570806503296
2024,FULL_PAIRWISE_REGIME,PAIR_TOP3,37,regime_perf_resid_strength3,2934.5743322372437
2024,FULL_PAIRWISE_REGIME,PAIR_TOP3,38,actor_jockey_distance_band_effective_top3_rate,2471.129421234131
2024,FULL_PAIRWISE_REGIME,PAIR_TOP3,39,regime_speed_resid_std3,2435.684597015381
2024,FULL_PAIRWISE_REGIME,PAIR_TOP3,40,regime_speed_resid_strength3,2273.8263998031616
2024,FULL_PAIRWISE_REGIME,PAIR_TOP3,41,actor_trainer_race_class_effective_win_rate,1936.4715013504028
2024,FULL_PAIRWISE_REGIME,PAIR_TOP3,42,actor_jockey_distance_band_effective_win_rate,1705.9139337539673
2024,FULL_PAIRWISE_REGIME,PAIR_TOP3,43,actor_horse_jockey_recent_effective_win_rate,1648.1490516662598
2024,FULL_PAIRWISE_REGIME,PAIR_TOP3,44,regime_perf_resid_lag2,1604.971908569336
2024,FULL_PAIRWISE_REGIME,PAIR_TOP3,45,regime_last3f_resid_std3,1546.5066003799438
2024,FULL_PAIRWISE_REGIME,PAIR_TOP3,46,regime_perf_resid_std3,1379.5153970718384
2024,FULL_PAIRWISE_REGIME,PAIR_TOP3,47,actor_jockey_recent_effective_top3_rate,1300.0834317207336
2024,FULL_PAIRWISE_REGIME,PAIR_TOP3,48,regime_last3f_resid_strength3,1160.1465044021606
2024,FULL_PAIRWISE_REGIME,PAIR_TOP3,49,actor_trainer_race_class_effective_starts,1146.5679984092712
2024,FULL_PAIRWISE_REGIME,PAIR_TOP3,50,regime_last3f_resid_lag2,1145.5339012145996
2025,BASELINE_DIRECT,RANK_GRADED,1,auto_history_finish_position_ewma,30661.409954071045
2025,BASELINE_DIRECT,RANK_GRADED,2,auto_field_recent_avg_finish_gap_to_top3_mean,15982.296210289001
2025,BASELINE_DIRECT,RANK_GRADED,3,previous_finish_position,7725.73831319809
2025,BASELINE_DIRECT,RANK_GRADED,4,auto_field_recent_top3_rate_zscore,6829.566020011902
2025,BASELINE_DIRECT,RANK_GRADED,5,auto_field_recent_avg_finish_zscore,5080.970388174057
2025,BASELINE_DIRECT,RANK_GRADED,6,auto_finish_same_surface_median,4121.136490345001
2025,BASELINE_DIRECT,RANK_GRADED,7,auto_field_recent_avg_finish_diff_mean,4062.1767864227295
2025,BASELINE_DIRECT,RANK_GRADED,8,actor_jockey_venue_effective_top3_rate,3790.7381777763367
2025,BASELINE_DIRECT,RANK_GRADED,9,auto_history_finish_position_last,3760.6593141555786
2025,BASELINE_DIRECT,RANK_GRADED,10,auto_finish_same_surface_mean,3366.073598384857
2025,BASELINE_DIRECT,RANK_GRADED,11,auto_field_network_elo_rating_zscore,3125.344468832016
2025,BASELINE_DIRECT,RANK_GRADED,12,actor_jockey_venue_top3_rate,2762.793891429901
2025,BASELINE_DIRECT,RANK_GRADED,13,auto_finish_same_class_success_rate,2742.3873977661133
2025,BASELINE_DIRECT,RANK_GRADED,14,days_since_last_start,2562.39696598053
2025,BASELINE_DIRECT,RANK_GRADED,15,auto_field_recent_top3_rate_diff_mean,2555.0767669677734
2025,BASELINE_DIRECT,RANK_GRADED,16,timepace_recent_avg_performance_score,2472.741862297058
2025,BASELINE_DIRECT,RANK_GRADED,17,auto_finish_same_class_mean,2218.350965499878
2025,BASELINE_DIRECT,RANK_GRADED,18,auto_finish_same_class_median,2053.7983722686768
2025,BASELINE_DIRECT,RANK_GRADED,19,auto_field_recent_top3_rate_gap_to_top3_mean,1954.6349873542786
2025,BASELINE_DIRECT,RANK_GRADED,20,auto_finish_same_surface_success_rate,1616.820237159729
2025,BASELINE_DIRECT,RANK_GRADED,21,opponent_recent_avg_top3_rate,1570.3458766937256
2025,BASELINE_DIRECT,RANK_GRADED,22,auto_field_network_elo_rating_diff_mean,1381.3409099578857
2025,BASELINE_DIRECT,RANK_GRADED,23,actor_jockey_surface_effective_top3_rate,1347.7568001747131
2025,BASELINE_DIRECT,RANK_GRADED,24,timepace_recent_avg_normalized_time,1337.655098438263
2025,BASELINE_DIRECT,RANK_GRADED,25,actor_jockey_all_win_rate,1278.7528157234192
2025,BASELINE_DIRECT,RANK_GRADED,26,auto_field_recent_avg_last_3f_diff_median,1240.3402380943298
2025,BASELINE_DIRECT,RANK_GRADED,27,actor_jockey_all_effective_win_rate,1190.6616945266724
2025,BASELINE_DIRECT,RANK_GRADED,28,actor_jockey_recent_avg_finish,1152.1659002304077
2025,BASELINE_DIRECT,RANK_GRADED,29,auto_finish_within_400m_success_rate,1143.3944444656372
2025,BASELINE_DIRECT,RANK_GRADED,30,opponent_current_field_avg_elo,1112.927888393402
2025,BASELINE_DIRECT,RANK_GRADED,31,actor_jockey_venue_effective_win_rate,1082.8269844055176
2025,BASELINE_DIRECT,RANK_GRADED,32,opponent_recent_avg_win_rate,1020.4233584403992
2025,BASELINE_DIRECT,RANK_GRADED,33,actor_jockey_distance_band_effective_win_rate,1004.8333640098572
2025,BASELINE_DIRECT,RANK_GRADED,34,actor_jockey_recent_effective_avg_finish,995.1211643218994
2025,BASELINE_DIRECT,RANK_GRADED,35,actor_jockey_surface_avg_finish,994.7770929336548
2025,BASELINE_DIRECT,RANK_GRADED,36,actor_trainer_race_class_effective_avg_finish,973.3418316841125
2025,BASELINE_DIRECT,RANK_GRADED,37,actor_trainer_venue_top3_rate,965.58247423172
2025,BASELINE_DIRECT,RANK_GRADED,38,auto_field_network_elo_rating_percentile,946.3510937690735
2025,BASELINE_DIRECT,RANK_GRADED,39,actor_jockey_venue_avg_finish,931.3297863006592
2025,BASELINE_DIRECT,RANK_GRADED,40,actor_trainer_surface_top3_rate,919.0078911781311
2025,BASELINE_DIRECT,RANK_GRADED,41,actor_jockey_venue_effective_avg_finish,897.6723856925964
2025,BASELINE_DIRECT,RANK_GRADED,42,actor_jockey_venue_win_rate,895.8454713821411
2025,BASELINE_DIRECT,RANK_GRADED,43,auto_finish_same_class_trend,892.9576981067657
2025,BASELINE_DIRECT,RANK_GRADED,44,distance_change_m,877.6170120239258
2025,BASELINE_DIRECT,RANK_GRADED,45,actor_trainer_venue_effective_win_rate,849.6275424957275
2025,BASELINE_DIRECT,RANK_GRADED,46,auto_history_body_weight_min,834.5600409507751
2025,BASELINE_DIRECT,RANK_GRADED,47,body_weight,829.2437877655029
2025,BASELINE_DIRECT,RANK_GRADED,48,auto_pair_distance_vs_recent_mean_normalized_diff,822.9955172538757
2025,BASELINE_DIRECT,RANK_GRADED,49,auto_finish_within_200m_mean,821.5186171531677
2025,BASELINE_DIRECT,RANK_GRADED,50,opponent_history_avg_opponent_win_rate,804.9389352798462
2025,RESIDUAL_REGIME_DIRECT,RANK_GRADED,1,auto_history_finish_position_ewma,32875.57364320755
2025,RESIDUAL_REGIME_DIRECT,RANK_GRADED,2,auto_field_recent_avg_finish_gap_to_top3_mean,9719.013738632202
2025,RESIDUAL_REGIME_DIRECT,RANK_GRADED,3,auto_field_recent_top3_rate_zscore,8159.892744064331
2025,RESIDUAL_REGIME_DIRECT,RANK_GRADED,4,regime_perf_resid_lag1,7081.406479358673
2025,RESIDUAL_REGIME_DIRECT,RANK_GRADED,5,regime_speed_resid_mean3,5500.668878555298
2025,RESIDUAL_REGIME_DIRECT,RANK_GRADED,6,regime_speed_resid_lag1,5372.157861709595
2025,RESIDUAL_REGIME_DIRECT,RANK_GRADED,7,auto_finish_same_surface_median,5081.050905227661
2025,RESIDUAL_REGIME_DIRECT,RANK_GRADED,8,auto_field_recent_avg_finish_zscore,4025.3859667778015
2025,RESIDUAL_REGIME_DIRECT,RANK_GRADED,9,auto_field_recent_avg_finish_diff_mean,3502.367602825165
2025,RESIDUAL_REGIME_DIRECT,RANK_GRADED,10,actor_jockey_venue_top3_rate,3185.8229899406433
2025,RESIDUAL_REGIME_DIRECT,RANK_GRADED,11,actor_jockey_venue_effective_top3_rate,2821.8469820022583
2025,RESIDUAL_REGIME_DIRECT,RANK_GRADED,12,days_since_last_start,2697.612274646759
2025,RESIDUAL_REGIME_DIRECT,RANK_GRADED,13,auto_finish_same_surface_success_rate,2645.0408339500427
2025,RESIDUAL_REGIME_DIRECT,RANK_GRADED,14,auto_field_recent_avg_finish_gap_to_top2_mean,2597.510190963745
2025,RESIDUAL_REGIME_DIRECT,RANK_GRADED,15,auto_finish_same_class_mean,2531.2524094581604
2025,RESIDUAL_REGIME_DIRECT,RANK_GRADED,16,auto_field_network_elo_rating_zscore,2415.7762525081635
2025,RESIDUAL_REGIME_DIRECT,RANK_GRADED,17,opponent_recent_avg_top3_rate,2230.4596738815308
2025,RESIDUAL_REGIME_DIRECT,RANK_GRADED,18,timepace_recent_avg_performance_score,2198.987684249878
2025,RESIDUAL_REGIME_DIRECT,RANK_GRADED,19,auto_finish_same_class_success_rate,1932.0955629348755
2025,RESIDUAL_REGIME_DIRECT,RANK_GRADED,20,auto_finish_same_class_median,1863.6661458015442
2025,RESIDUAL_REGIME_DIRECT,RANK_GRADED,21,previous_finish_position,1838.8552746772766
2025,RESIDUAL_REGIME_DIRECT,RANK_GRADED,22,auto_field_recent_top3_rate_diff_mean,1756.3021235466003
2025,RESIDUAL_REGIME_DIRECT,RANK_GRADED,23,regime_perf_resid_strength3,1673.216670513153
2025,RESIDUAL_REGIME_DIRECT,RANK_GRADED,24,actor_jockey_surface_effective_top3_rate,1610.509431362152
2025,RESIDUAL_REGIME_DIRECT,RANK_GRADED,25,auto_finish_same_surface_mean,1427.9611902236938
2025,RESIDUAL_REGIME_DIRECT,RANK_GRADED,26,actor_jockey_all_effective_win_rate,1391.4117398262024
2025,RESIDUAL_REGIME_DIRECT,RANK_GRADED,27,actor_jockey_venue_effective_win_rate,1371.8129858970642
2025,RESIDUAL_REGIME_DIRECT,RANK_GRADED,28,auto_finish_within_400m_success_rate,1366.782298564911
2025,RESIDUAL_REGIME_DIRECT,RANK_GRADED,29,actor_jockey_surface_avg_finish,1348.268903017044
2025,RESIDUAL_REGIME_DIRECT,RANK_GRADED,30,auto_field_network_elo_rating_diff_mean,1330.580693244934
2025,RESIDUAL_REGIME_DIRECT,RANK_GRADED,31,actor_jockey_venue_effective_avg_finish,1226.4102041721344
2025,RESIDUAL_REGIME_DIRECT,RANK_GRADED,32,regime_speed_resid_mean5,1212.8087821006775
2025,RESIDUAL_REGIME_DIRECT,RANK_GRADED,33,actor_trainer_venue_top3_rate,1152.7217264175415
2025,RESIDUAL_REGIME_DIRECT,RANK_GRADED,34,opponent_recent_avg_win_rate,1104.478265285492
2025,RESIDUAL_REGIME_DIRECT,RANK_GRADED,35,actor_jockey_recent_avg_finish,1054.863392829895
2025,RESIDUAL_REGIME_DIRECT,RANK_GRADED,36,auto_field_recent_avg_last_3f_diff_median,1003.1064791679382
2025,RESIDUAL_REGIME_DIRECT,RANK_GRADED,37,auto_finish_same_class_trend,954.7473299503326
2025,RESIDUAL_REGIME_DIRECT,RANK_GRADED,38,body_weight,919.3932907581329
2025,RESIDUAL_REGIME_DIRECT,RANK_GRADED,39,actor_trainer_venue_effective_win_rate,914.4220213890076
2025,RESIDUAL_REGIME_DIRECT,RANK_GRADED,40,regime_last3f_resid_std5,894.3094482421875
2025,RESIDUAL_REGIME_DIRECT,RANK_GRADED,41,actor_trainer_venue_effective_top3_rate,886.6821136474609
2025,RESIDUAL_REGIME_DIRECT,RANK_GRADED,42,actor_jockey_race_class_win_rate,885.98530626297
2025,RESIDUAL_REGIME_DIRECT,RANK_GRADED,43,actor_jockey_race_class_top3_rate,883.4747157096863
2025,RESIDUAL_REGIME_DIRECT,RANK_GRADED,44,regime_speed_resid_std5,870.7376012802124
2025,RESIDUAL_REGIME_DIRECT,RANK_GRADED,45,auto_field_network_elo_rating_percentile,858.5464625358582
2025,RESIDUAL_REGIME_DIRECT,RANK_GRADED,46,actor_jockey_venue_win_rate,849.2346248626709
2025,RESIDUAL_REGIME_DIRECT,RANK_GRADED,47,auto_pair_distance_vs_recent_mean_normalized_diff,826.9316778182983
2025,RESIDUAL_REGIME_DIRECT,RANK_GRADED,48,distance_change_m,806.2242357730865
2025,RESIDUAL_REGIME_DIRECT,RANK_GRADED,49,auto_field_recent_top3_rate_percentile,792.2560267448425
2025,RESIDUAL_REGIME_DIRECT,RANK_GRADED,50,auto_field_network_elo_rating_gap_to_top3_mean,787.525797367096
2025,FULL_PAIRWISE_BASE,PAIR_FINISH,1,actor_horse_jockey_all_effective_avg_finish,200529.58352565765
2025,FULL_PAIRWISE_BASE,PAIR_FINISH,2,actor_horse_jockey_recent_effective_avg_finish,147459.04526615143
2025,FULL_PAIRWISE_BASE,PAIR_FINISH,3,actor_jockey_all_effective_avg_finish,137218.10816812515
2025,FULL_PAIRWISE_BASE,PAIR_FINISH,4,actor_jockey_recent_effective_avg_finish,109535.03060340881
2025,FULL_PAIRWISE_BASE,PAIR_FINISH,5,actor_jockey_surface_effective_avg_finish,89402.34093570709
2025,FULL_PAIRWISE_BASE,PAIR_FINISH,6,actor_jockey_venue_effective_avg_finish,79992.63984680176
2025,FULL_PAIRWISE_BASE,PAIR_FINISH,7,actor_jockey_all_effective_top3_rate,77138.14755773544
2025,FULL_PAIRWISE_BASE,PAIR_FINISH,8,actor_trainer_race_class_effective_avg_finish,42087.28983211517
2025,FULL_PAIRWISE_BASE,PAIR_FINISH,9,actor_horse_jockey_all_effective_win_rate,26164.784686088562
2025,FULL_PAIRWISE_BASE,PAIR_FINISH,10,actor_trainer_all_effective_avg_finish,23386.55136346817
2025,FULL_PAIRWISE_BASE,PAIR_FINISH,11,actor_jockey_race_class_effective_avg_finish,20158.268896102905
2025,FULL_PAIRWISE_BASE,PAIR_FINISH,12,actor_jockey_all_effective_win_rate,16785.369156360626
2025,FULL_PAIRWISE_BASE,PAIR_FINISH,13,actor_horse_jockey_all_effective_starts,16199.141647338867
2025,FULL_PAIRWISE_BASE,PAIR_FINISH,14,actor_jockey_surface_effective_top3_rate,15786.197939395905
2025,FULL_PAIRWISE_BASE,PAIR_FINISH,15,actor_horse_jockey_all_effective_top3_rate,14601.611375331879
2025,FULL_PAIRWISE_BASE,PAIR_FINISH,16,actor_horse_jockey_recent_effective_win_rate,13947.879532814026
2025,FULL_PAIRWISE_BASE,PAIR_FINISH,17,actor_trainer_distance_band_effective_avg_finish,13763.76986694336
2025,FULL_PAIRWISE_BASE,PAIR_FINISH,18,actor_horse_jockey_all_finish_observations,10723.089943408966
2025,FULL_PAIRWISE_BASE,PAIR_FINISH,19,actor_trainer_race_class_effective_top3_rate,10421.16259098053
2025,FULL_PAIRWISE_BASE,PAIR_FINISH,20,actor_jockey_surface_effective_win_rate,7950.357277393341
2025,FULL_PAIRWISE_BASE,PAIR_FINISH,21,actor_trainer_all_effective_win_rate,7541.519197463989
2025,FULL_PAIRWISE_BASE,PAIR_FINISH,22,actor_trainer_all_effective_top3_rate,7157.403829097748
2025,FULL_PAIRWISE_BASE,PAIR_FINISH,23,actor_jockey_venue_effective_win_rate,4870.775307178497
2025,FULL_PAIRWISE_BASE,PAIR_FINISH,24,actor_jockey_distance_band_effective_top3_rate,4852.680966377258
2025,FULL_PAIRWISE_BASE,PAIR_FINISH,25,actor_jockey_distance_band_effective_win_rate,4471.075759410858
2025,FULL_PAIRWISE_BASE,PAIR_FINISH,26,actor_trainer_race_class_effective_starts,4281.495999336243
2025,FULL_PAIRWISE_BASE,PAIR_FINISH,27,actor_trainer_distance_band_effective_win_rate,4243.126537322998
2025,FULL_PAIRWISE_BASE,PAIR_FINISH,28,actor_jockey_venue_effective_top3_rate,4068.4699397087097
2025,FULL_PAIRWISE_BASE,PAIR_FINISH,29,actor_jockey_distance_band_effective_avg_finish,3464.291974544525
2025,FULL_PAIRWISE_BASE,PAIR_FINISH,30,actor_horse_jockey_recent_effective_top3_rate,3106.474055290222
2025,FULL_PAIRWISE_BASE,PAIR_FINISH,31,actor_jockey_race_class_finish_observations,3065.7440576553345
2025,FULL_PAIRWISE_BASE,PAIR_FINISH,32,actor_horse_jockey_recent_effective_starts,2998.2487449645996
2025,FULL_PAIRWISE_BASE,PAIR_FINISH,33,actor_jockey_recent_effective_top3_rate,2617.57368516922
2025,FULL_PAIRWISE_BASE,PAIR_FINISH,34,actor_trainer_distance_band_effective_top3_rate,1768.7746257781982
2025,FULL_PAIRWISE_BASE,PAIR_FINISH,35,actor_jockey_race_class_effective_top3_rate,1739.7392139434814
2025,FULL_PAIRWISE_BASE,PAIR_FINISH,36,actor_trainer_all_finish_observations,1620.8587346076965
2025,FULL_PAIRWISE_BASE,PAIR_FINISH,37,actor_horse_jockey_recent_fallback_level,1610.9421195983887
2025,FULL_PAIRWISE_BASE,PAIR_FINISH,38,actor_jockey_race_class_effective_starts,1386.256136417389
2025,FULL_PAIRWISE_BASE,PAIR_FINISH,39,actor_jockey_race_class_effective_win_rate,1368.5283179283142
2025,FULL_PAIRWISE_BASE,PAIR_FINISH,40,actor_horse_jockey_all_starts,1345.3430714607239
2025,FULL_PAIRWISE_BASE,PAIR_FINISH,41,actor_jockey_surface_finish_observations,1097.4691362380981
2025,FULL_PAIRWISE_BASE,PAIR_FINISH,42,actor_jockey_venue_finish_observations,1058.52134847641
2025,FULL_PAIRWISE_BASE,PAIR_FINISH,43,actor_trainer_all_effective_starts,941.3542385101318
2025,FULL_PAIRWISE_BASE,PAIR_FINISH,44,actor_jockey_venue_effective_starts,877.1147675514221
2025,FULL_PAIRWISE_BASE,PAIR_FINISH,45,actor_jockey_recent_finish_observations,789.1241159439087
2025,FULL_PAIRWISE_BASE,PAIR_FINISH,46,actor_trainer_race_class_effective_win_rate,769.5878992080688
2025,FULL_PAIRWISE_BASE,PAIR_FINISH,47,actor_jockey_recent_effective_win_rate,758.2536673545837
2025,FULL_PAIRWISE_BASE,PAIR_FINISH,48,actor_jockey_all_finish_observations,717.2777614593506
2025,FULL_PAIRWISE_BASE,PAIR_FINISH,49,actor_jockey_distance_band_fallback_level,624.2228565216064
2025,FULL_PAIRWISE_BASE,PAIR_FINISH,50,actor_horse_jockey_all_top3_observations,597.9837789535522
2025,FULL_PAIRWISE_BASE,PAIR_TOP3,1,actor_jockey_all_effective_top3_rate,158274.80092430115
2025,FULL_PAIRWISE_BASE,PAIR_TOP3,2,actor_horse_jockey_all_effective_avg_finish,137666.6106467247
2025,FULL_PAIRWISE_BASE,PAIR_TOP3,3,actor_jockey_recent_effective_avg_finish,88072.91666078568
2025,FULL_PAIRWISE_BASE,PAIR_TOP3,4,actor_horse_jockey_recent_effective_avg_finish,75879.80942344666
2025,FULL_PAIRWISE_BASE,PAIR_TOP3,5,actor_jockey_surface_effective_top3_rate,75519.54668331146
2025,FULL_PAIRWISE_BASE,PAIR_TOP3,6,actor_jockey_all_effective_win_rate,35057.48122835159
2025,FULL_PAIRWISE_BASE,PAIR_TOP3,7,actor_jockey_surface_effective_avg_finish,33381.24061012268
2025,FULL_PAIRWISE_BASE,PAIR_TOP3,8,actor_horse_jockey_all_effective_top3_rate,32297.84715795517
2025,FULL_PAIRWISE_BASE,PAIR_TOP3,9,actor_jockey_venue_effective_avg_finish,30279.708708763123
2025,FULL_PAIRWISE_BASE,PAIR_TOP3,10,actor_jockey_venue_effective_top3_rate,24421.915527820587
2025,FULL_PAIRWISE_BASE,PAIR_TOP3,11,actor_trainer_all_effective_top3_rate,22432.862669944763
2025,FULL_PAIRWISE_BASE,PAIR_TOP3,12,actor_trainer_race_class_effective_top3_rate,20681.261105537415
2025,FULL_PAIRWISE_BASE,PAIR_TOP3,13,actor_jockey_all_effective_avg_finish,19792.41147708893
2025,FULL_PAIRWISE_BASE,PAIR_TOP3,14,actor_jockey_surface_effective_win_rate,15011.451243400574
2025,FULL_PAIRWISE_BASE,PAIR_TOP3,15,actor_horse_jockey_all_finish_observations,14133.531301498413
2025,FULL_PAIRWISE_BASE,PAIR_TOP3,16,actor_trainer_race_class_effective_avg_finish,13351.51120853424
2025,FULL_PAIRWISE_BASE,PAIR_TOP3,17,actor_horse_jockey_recent_effective_top3_rate,9468.473479270935
2025,FULL_PAIRWISE_BASE,PAIR_TOP3,18,actor_horse_jockey_all_effective_win_rate,9383.789429187775
2025,FULL_PAIRWISE_BASE,PAIR_TOP3,19,actor_trainer_distance_band_effective_avg_finish,9277.543382167816
2025,FULL_PAIRWISE_BASE,PAIR_TOP3,20,actor_trainer_all_effective_win_rate,8837.757672786713
2025,FULL_PAIRWISE_BASE,PAIR_TOP3,21,actor_horse_jockey_recent_effective_win_rate,7390.064775466919
2025,FULL_PAIRWISE_BASE,PAIR_TOP3,22,actor_jockey_distance_band_effective_avg_finish,7380.907281398773
2025,FULL_PAIRWISE_BASE,PAIR_TOP3,23,actor_trainer_all_effective_avg_finish,5437.613586425781
2025,FULL_PAIRWISE_BASE,PAIR_TOP3,24,actor_jockey_venue_effective_win_rate,5328.242098808289
2025,FULL_PAIRWISE_BASE,PAIR_TOP3,25,actor_horse_jockey_all_effective_starts,5109.895143032074
2025,FULL_PAIRWISE_BASE,PAIR_TOP3,26,actor_trainer_distance_band_effective_top3_rate,4731.758060455322
2025,FULL_PAIRWISE_BASE,PAIR_TOP3,27,actor_jockey_race_class_effective_avg_finish,4438.212191581726
2025,FULL_PAIRWISE_BASE,PAIR_TOP3,28,actor_trainer_distance_band_effective_win_rate,4017.0422143936157
2025,FULL_PAIRWISE_BASE,PAIR_TOP3,29,actor_horse_jockey_all_starts,3191.857295036316
2025,FULL_PAIRWISE_BASE,PAIR_TOP3,30,actor_trainer_race_class_effective_starts,2930.9265460968018
2025,FULL_PAIRWISE_BASE,PAIR_TOP3,31,actor_jockey_race_class_effective_top3_rate,2515.4346809387207
2025,FULL_PAIRWISE_BASE,PAIR_TOP3,32,actor_jockey_recent_effective_top3_rate,1964.2737374305725
2025,FULL_PAIRWISE_BASE,PAIR_TOP3,33,actor_jockey_distance_band_effective_win_rate,1925.0297136306763
2025,FULL_PAIRWISE_BASE,PAIR_TOP3,34,actor_trainer_race_class_effective_win_rate,1699.2089219093323
2025,FULL_PAIRWISE_BASE,PAIR_TOP3,35,actor_jockey_race_class_finish_observations,1576.2701539993286
2025,FULL_PAIRWISE_BASE,PAIR_TOP3,36,actor_jockey_race_class_effective_win_rate,1223.110873222351
2025,FULL_PAIRWISE_BASE,PAIR_TOP3,37,actor_jockey_venue_finish_observations,1205.8094172477722
2025,FULL_PAIRWISE_BASE,PAIR_TOP3,38,actor_trainer_all_finish_observations,1175.5105166435242
2025,FULL_PAIRWISE_BASE,PAIR_TOP3,39,actor_jockey_recent_effective_win_rate,1086.6682481765747
2025,FULL_PAIRWISE_BASE,PAIR_TOP3,40,actor_jockey_race_class_effective_starts,973.808940410614
2025,FULL_PAIRWISE_BASE,PAIR_TOP3,41,actor_horse_jockey_all_top3_observations,909.0658903121948
2025,FULL_PAIRWISE_BASE,PAIR_TOP3,42,actor_horse_jockey_recent_effective_starts,889.2000584602356
2025,FULL_PAIRWISE_BASE,PAIR_TOP3,43,actor_horse_jockey_recent_fallback_level,852.025360584259
2025,FULL_PAIRWISE_BASE,PAIR_TOP3,44,actor_jockey_distance_band_finish_observations,812.2164516448975
2025,FULL_PAIRWISE_BASE,PAIR_TOP3,45,actor_jockey_distance_band_effective_top3_rate,596.0329570770264
2025,FULL_PAIRWISE_BASE,PAIR_TOP3,46,actor_jockey_venue_effective_starts,582.5111417770386
2025,FULL_PAIRWISE_BASE,PAIR_TOP3,47,actor_jockey_distance_band_effective_starts,505.11045837402344
2025,FULL_PAIRWISE_BASE,PAIR_TOP3,48,actor_trainer_all_effective_starts,501.89706087112427
2025,FULL_PAIRWISE_BASE,PAIR_TOP3,49,actor_jockey_all_finish_observations,487.988347530365
2025,FULL_PAIRWISE_BASE,PAIR_TOP3,50,actor_jockey_distance_band_fallback_level,473.0479221343994
2025,FULL_PAIRWISE_REGIME,PAIR_FINISH,1,regime_perf_resid_mean5,531437.597615242
2025,FULL_PAIRWISE_REGIME,PAIR_FINISH,2,regime_speed_resid_mean3,283301.27175331116
2025,FULL_PAIRWISE_REGIME,PAIR_FINISH,3,regime_speed_resid_lag1,236091.8803167343
2025,FULL_PAIRWISE_REGIME,PAIR_FINISH,4,regime_speed_resid_mean5,90136.95052051544
2025,FULL_PAIRWISE_REGIME,PAIR_FINISH,5,actor_jockey_surface_effective_avg_finish,68180.02879714966
2025,FULL_PAIRWISE_REGIME,PAIR_FINISH,6,regime_perf_resid_mean3,63029.21787452698
2025,FULL_PAIRWISE_REGIME,PAIR_FINISH,7,regime_speed_resid_strength3,55518.8878326416
2025,FULL_PAIRWISE_REGIME,PAIR_FINISH,8,regime_last3f_resid_mean5,51525.67360305786
2025,FULL_PAIRWISE_REGIME,PAIR_FINISH,9,regime_perf_resid_lag1,41616.362672805786
2025,FULL_PAIRWISE_REGIME,PAIR_FINISH,10,actor_jockey_recent_effective_avg_finish,39607.17260932922
2025,FULL_PAIRWISE_REGIME,PAIR_FINISH,11,actor_jockey_venue_effective_avg_finish,39363.58439064026
2025,FULL_PAIRWISE_REGIME,PAIR_FINISH,12,actor_jockey_all_effective_avg_finish,35276.468254089355
2025,FULL_PAIRWISE_REGIME,PAIR_FINISH,13,actor_horse_jockey_all_effective_avg_finish,27690.396684646606
2025,FULL_PAIRWISE_REGIME,PAIR_FINISH,14,actor_trainer_race_class_effective_avg_finish,23615.79716014862
2025,FULL_PAIRWISE_REGIME,PAIR_FINISH,15,actor_horse_jockey_recent_effective_avg_finish,15951.387962341309
2025,FULL_PAIRWISE_REGIME,PAIR_FINISH,16,regime_perf_resid_std5,15631.231680870056
2025,FULL_PAIRWISE_REGIME,PAIR_FINISH,17,actor_trainer_all_effective_avg_finish,15047.732600212097
2025,FULL_PAIRWISE_REGIME,PAIR_FINISH,18,actor_jockey_race_class_effective_avg_finish,14214.304608345032
2025,FULL_PAIRWISE_REGIME,PAIR_FINISH,19,regime_last3f_resid_std5,11175.760213851929
2025,FULL_PAIRWISE_REGIME,PAIR_FINISH,20,actor_horse_jockey_all_effective_starts,10783.647598266602
2025,FULL_PAIRWISE_REGIME,PAIR_FINISH,21,actor_trainer_all_effective_top3_rate,10530.462136268616
2025,FULL_PAIRWISE_REGIME,PAIR_FINISH,22,actor_horse_jockey_all_effective_win_rate,9967.11996269226
2025,FULL_PAIRWISE_REGIME,PAIR_FINISH,23,regime_speed_resid_lag2,8601.921908378601
2025,FULL_PAIRWISE_REGIME,PAIR_FINISH,24,actor_trainer_all_effective_win_rate,8590.73954963684
2025,FULL_PAIRWISE_REGIME,PAIR_FINISH,25,actor_trainer_race_class_effective_top3_rate,7847.155368804932
2025,FULL_PAIRWISE_REGIME,PAIR_FINISH,26,regime_perf_resid_strength3,7611.439528465271
2025,FULL_PAIRWISE_REGIME,PAIR_FINISH,27,actor_jockey_distance_band_effective_avg_finish,6767.913981437683
2025,FULL_PAIRWISE_REGIME,PAIR_FINISH,28,actor_jockey_all_effective_top3_rate,6663.147657394409
2025,FULL_PAIRWISE_REGIME,PAIR_FINISH,29,actor_trainer_distance_band_effective_avg_finish,6275.334621429443
2025,FULL_PAIRWISE_REGIME,PAIR_FINISH,30,regime_last3f_resid_lag1,5254.259572029114
2025,FULL_PAIRWISE_REGIME,PAIR_FINISH,31,regime_last3f_resid_std3,4968.817215919495
2025,FULL_PAIRWISE_REGIME,PAIR_FINISH,32,regime_speed_resid_std3,4585.3908014297485
2025,FULL_PAIRWISE_REGIME,PAIR_FINISH,33,actor_horse_jockey_recent_effective_win_rate,4455.089631080627
2025,FULL_PAIRWISE_REGIME,PAIR_FINISH,34,actor_horse_jockey_all_effective_top3_rate,4387.314120292664
2025,FULL_PAIRWISE_REGIME,PAIR_FINISH,35,regime_last3f_resid_lag2,4369.735724449158
2025,FULL_PAIRWISE_REGIME,PAIR_FINISH,36,actor_horse_jockey_recent_effective_starts,3205.0592679977417
2025,FULL_PAIRWISE_REGIME,PAIR_FINISH,37,actor_horse_jockey_all_finish_observations,2974.614001274109
2025,FULL_PAIRWISE_REGIME,PAIR_FINISH,38,regime_last3f_resid_lag5,2605.941608428955
2025,FULL_PAIRWISE_REGIME,PAIR_FINISH,39,regime_perf_resid_lag2,2515.0755014419556
2025,FULL_PAIRWISE_REGIME,PAIR_FINISH,40,regime_perf_resid_std3,2422.009283065796
2025,FULL_PAIRWISE_REGIME,PAIR_FINISH,41,actor_horse_jockey_recent_effective_top3_rate,2344.963900566101
2025,FULL_PAIRWISE_REGIME,PAIR_FINISH,42,regime_speed_resid_persistent_negative3,2252.0498991012573
2025,FULL_PAIRWISE_REGIME,PAIR_FINISH,43,actor_jockey_surface_effective_win_rate,2247.3223209381104
2025,FULL_PAIRWISE_REGIME,PAIR_FINISH,44,regime_last3f_resid_mean3,2189.2378034591675
2025,FULL_PAIRWISE_REGIME,PAIR_FINISH,45,actor_jockey_surface_effective_top3_rate,2185.929786682129
2025,FULL_PAIRWISE_REGIME,PAIR_FINISH,46,actor_trainer_distance_band_effective_win_rate,1868.8749132156372
2025,FULL_PAIRWISE_REGIME,PAIR_FINISH,47,regime_speed_resid_std5,1856.576602935791
2025,FULL_PAIRWISE_REGIME,PAIR_FINISH,48,regime_perf_resid_uptrend3,1688.871301651001
2025,FULL_PAIRWISE_REGIME,PAIR_FINISH,49,actor_horse_jockey_recent_fallback_level,1663.0040893554688
2025,FULL_PAIRWISE_REGIME,PAIR_FINISH,50,actor_jockey_distance_band_effective_win_rate,1635.705904006958
2025,FULL_PAIRWISE_REGIME,PAIR_TOP3,1,regime_perf_resid_mean5,592748.9216179848
2025,FULL_PAIRWISE_REGIME,PAIR_TOP3,2,regime_speed_resid_lag1,95123.69194221497
2025,FULL_PAIRWISE_REGIME,PAIR_TOP3,3,regime_speed_resid_mean3,84475.34257698059
2025,FULL_PAIRWISE_REGIME,PAIR_TOP3,4,regime_perf_resid_mean3,81831.68521213531
2025,FULL_PAIRWISE_REGIME,PAIR_TOP3,5,actor_jockey_surface_effective_top3_rate,43212.491000175476
2025,FULL_PAIRWISE_REGIME,PAIR_TOP3,6,actor_jockey_recent_effective_avg_finish,34153.65850734711
2025,FULL_PAIRWISE_REGIME,PAIR_TOP3,7,regime_speed_resid_mean5,29488.48973751068
2025,FULL_PAIRWISE_REGIME,PAIR_TOP3,8,actor_jockey_surface_effective_avg_finish,29079.5518989563
2025,FULL_PAIRWISE_REGIME,PAIR_TOP3,9,regime_perf_resid_lag1,28554.349042892456
2025,FULL_PAIRWISE_REGIME,PAIR_TOP3,10,actor_jockey_all_effective_top3_rate,24769.583691596985
2025,FULL_PAIRWISE_REGIME,PAIR_TOP3,11,actor_trainer_all_effective_top3_rate,18409.741342544556
2025,FULL_PAIRWISE_REGIME,PAIR_TOP3,12,actor_horse_jockey_all_effective_top3_rate,14424.027772903442
2025,FULL_PAIRWISE_REGIME,PAIR_TOP3,13,actor_jockey_venue_effective_avg_finish,13021.439133644104
2025,FULL_PAIRWISE_REGIME,PAIR_TOP3,14,actor_horse_jockey_all_effective_avg_finish,12525.177505493164
2025,FULL_PAIRWISE_REGIME,PAIR_TOP3,15,actor_trainer_race_class_effective_top3_rate,11601.431421279907
2025,FULL_PAIRWISE_REGIME,PAIR_TOP3,16,regime_perf_resid_std5,10443.524547576904
2025,FULL_PAIRWISE_REGIME,PAIR_TOP3,17,actor_jockey_venue_effective_top3_rate,9526.665563583374
2025,FULL_PAIRWISE_REGIME,PAIR_TOP3,18,regime_last3f_resid_std5,9065.633588790894
2025,FULL_PAIRWISE_REGIME,PAIR_TOP3,19,actor_trainer_race_class_effective_avg_finish,8765.65705871582
2025,FULL_PAIRWISE_REGIME,PAIR_TOP3,20,actor_trainer_all_effective_win_rate,8367.868306159973
2025,FULL_PAIRWISE_REGIME,PAIR_TOP3,21,actor_jockey_distance_band_effective_avg_finish,7731.796610832214
2025,FULL_PAIRWISE_REGIME,PAIR_TOP3,22,actor_jockey_race_class_effective_avg_finish,7274.146101951599
2025,FULL_PAIRWISE_REGIME,PAIR_TOP3,23,actor_horse_jockey_recent_effective_avg_finish,7084.163969039917
2025,FULL_PAIRWISE_REGIME,PAIR_TOP3,24,regime_speed_resid_lag2,6883.2573890686035
2025,FULL_PAIRWISE_REGIME,PAIR_TOP3,25,actor_jockey_all_effective_win_rate,6827.249706268311
2025,FULL_PAIRWISE_REGIME,PAIR_TOP3,26,actor_trainer_all_effective_avg_finish,6536.352373123169
2025,FULL_PAIRWISE_REGIME,PAIR_TOP3,27,actor_jockey_race_class_effective_top3_rate,5763.122643470764
2025,FULL_PAIRWISE_REGIME,PAIR_TOP3,28,actor_horse_jockey_recent_effective_top3_rate,5409.443023681641
2025,FULL_PAIRWISE_REGIME,PAIR_TOP3,29,actor_jockey_all_effective_avg_finish,4406.927763938904
2025,FULL_PAIRWISE_REGIME,PAIR_TOP3,30,actor_horse_jockey_all_effective_starts,4016.62286233902
2025,FULL_PAIRWISE_REGIME,PAIR_TOP3,31,regime_perf_resid_strength3,3851.1734313964844
2025,FULL_PAIRWISE_REGIME,PAIR_TOP3,32,regime_last3f_resid_std3,3849.586627960205
2025,FULL_PAIRWISE_REGIME,PAIR_TOP3,33,regime_speed_resid_std5,3700.850745201111
2025,FULL_PAIRWISE_REGIME,PAIR_TOP3,34,actor_jockey_surface_effective_win_rate,3297.4839038848877
2025,FULL_PAIRWISE_REGIME,PAIR_TOP3,35,actor_trainer_distance_band_effective_top3_rate,3068.746890068054
2025,FULL_PAIRWISE_REGIME,PAIR_TOP3,36,actor_trainer_distance_band_effective_avg_finish,3033.3859539031982
2025,FULL_PAIRWISE_REGIME,PAIR_TOP3,37,actor_horse_jockey_all_effective_win_rate,2470.221611022949
2025,FULL_PAIRWISE_REGIME,PAIR_TOP3,38,regime_perf_resid_lag2,2113.3601722717285
2025,FULL_PAIRWISE_REGIME,PAIR_TOP3,39,regime_perf_resid_std3,2067.9729738235474
2025,FULL_PAIRWISE_REGIME,PAIR_TOP3,40,regime_speed_resid_std3,1808.1776447296143
2025,FULL_PAIRWISE_REGIME,PAIR_TOP3,41,actor_trainer_distance_band_effective_win_rate,1671.5385308265686
2025,FULL_PAIRWISE_REGIME,PAIR_TOP3,42,actor_jockey_distance_band_effective_win_rate,1475.6674995422363
2025,FULL_PAIRWISE_REGIME,PAIR_TOP3,43,regime_last3f_resid_strength3,1380.1934938430786
2025,FULL_PAIRWISE_REGIME,PAIR_TOP3,44,actor_horse_jockey_recent_effective_win_rate,1335.2605323791504
2025,FULL_PAIRWISE_REGIME,PAIR_TOP3,45,regime_speed_resid_positive_count3,1224.2700901031494
2025,FULL_PAIRWISE_REGIME,PAIR_TOP3,46,actor_trainer_race_class_effective_starts,1214.498285293579
2025,FULL_PAIRWISE_REGIME,PAIR_TOP3,47,actor_jockey_venue_effective_win_rate,1049.1097631454468
2025,FULL_PAIRWISE_REGIME,PAIR_TOP3,48,regime_perf_resid_uptrend3,993.868782043457
2025,FULL_PAIRWISE_REGIME,PAIR_TOP3,49,regime_perf_resid_slope3,946.649715423584
2025,FULL_PAIRWISE_REGIME,PAIR_TOP3,50,regime_speed_resid_positive_count5,932.1233949661255
