bet_type,year,race_date,race_id,ticket,odds,model_probability,model_edge,return_per100,payout_rank
WIN,2022,2022-04-02,202209020310,4,172.6,0.004556686537646388,-0.21351590360223338,17260.0,1
WIN,2025,2025-11-29,202505050703,1,97.9,0.008083385803686637,-0.2086365298190782,9790.0,2
WIN,2023,2023-06-03,202309030104,8,72.2,0.01101881640826916,-0.20444145532296654,7220.0,3
WIN,2023,2023-09-17,202306040407,2,62.4,0.012698730694916617,-0.20759920463720305,6240.0,4
WIN,2024,2024-04-13,202403010307,5,58.5,0.013505769302160932,-0.2099124958235854,5850.0,5
WIN,2024,2024-12-01,202407040203,5,51.2,0.015212435768447717,-0.2211232886554768,5120.0,6
WIN,2022,2022-07-17,202202011205,5,46.3,0.017975047034693954,-0.16775532229366996,4630.0,7
WIN,2025,2025-10-13,202508030503,13,45.5,0.01753340593651943,-0.20223002988836591,4550.0,8
WIN,2023,2023-10-28,202304040507,10,44.4,0.017890303017634463,-0.20567054601702983,4440.0,9
WIN,2024,2024-06-29,202402010706,4,44.0,0.01805866768585808,-0.20541862182224446,4400.0,10
WIN,2024,2024-05-11,202405020703,2,42.4,0.01834420229132623,-0.2222058228477678,4240.0,11
WIN,2024,2024-08-11,202407020204,5,37.5,0.02104886322941665,-0.21066762889687562,3750.0,12
WIN,2025,2025-01-11,202506010307,7,35.3,0.022522041083717987,-0.20497194974475508,3530.0,13
WIN,2024,2024-06-22,202408040708,14,35.3,0.022520040844616073,-0.20504255818505268,3530.0,14
WIN,2023,2023-09-23,202306040602,7,33.3,0.024740973240367305,-0.17612559109576875,3330.0,15
WIN,2022,2022-05-22,202204010605,1,32.5,0.024150406181032227,-0.21511179911645262,3250.0,16
WIN,2025,2025-09-27,202506040804,12,30.6,0.025942475354203583,-0.2061602541613703,3060.0,17
WIN,2025,2025-07-27,202504020211,3,30.6,0.025759525507747395,-0.21175851946292967,3060.0,18
WIN,2022,2022-12-03,202209060106,5,30.6,0.026977467468387015,-0.17448949546735726,3060.0,19
WIN,2022,2022-06-04,202205030101,3,28.2,0.028088876406821218,-0.20789368532764163,2820.0,20
WIN,2023,2023-08-13,202304030209,1,27.9,0.028385699510801592,-0.2080389836486356,2790.0,21
WIN,2025,2025-06-15,202505030406,6,27.3,0.028896797480437917,-0.21111742878404482,2730.0,22
WIN,2025,2025-11-16,202503030407,13,27.3,0.02921132684832662,-0.20253077704068323,2730.0,23
WIN,2024,2024-12-08,202407040408,2,26.3,0.030046689515525415,-0.2097720657416815,2630.0,24
WIN,2023,2023-08-13,202310030210,9,26.0,0.030267142536787858,-0.21305429404351572,2600.0,25
WIN,2025,2025-11-08,202505050106,6,25.6,0.030924860150826294,-0.20832358013884678,2560.0,26
WIN,2024,2024-07-14,202402011202,5,25.6,0.031010992117163693,-0.20611860180060937,2560.0,27
WIN,2025,2025-10-12,202508030407,5,23.9,0.033030926342012705,-0.2105608604258964,2390.0,28
WIN,2023,2023-03-25,202306030107,1,23.9,0.03314091246853718,-0.20793219200196134,2390.0,29
WIN,2024,2024-04-13,202406030703,11,23.6,0.033378203424671606,-0.21227439917775004,2360.0,30
WIN,2024,2024-06-08,202402010110,6,23.6,0.03365287394479155,-0.20579217490291934,2360.0,31
WIN,2022,2022-10-22,202204040308,15,23.3,0.033886167047312815,-0.21045230779761137,2330.0,32
WIN,2023,2023-02-18,202310020311,10,22.9,0.03475164161624535,-0.20418740698798143,2290.0,33
WIN,2024,2024-10-13,202408050406,8,22.2,0.0353726062556955,-0.21472814112355987,2220.0,34
WIN,2024,2024-12-07,202406050311,3,22.2,0.03561251508782216,-0.20940216505034814,2220.0,35
WIN,2023,2023-05-07,202305020611,11,22.2,0.03578859960602075,-0.20549308874633931,2220.0,36
WIN,2022,2022-10-15,202209040401,4,22.2,0.037846579536579904,-0.1598059342879261,2220.0,37
WIN,2023,2023-10-22,202308020707,1,22.1,0.035899895965514926,-0.2066122991621201,2210.0,38
WIN,2025,2025-07-19,202502011103,3,22.0,0.035591224486480146,-0.21699306129743678,2200.0,39
WIN,2024,2024-01-08,202408010310,4,21.9,0.03587236491061244,-0.21439520845758753,2190.0,40
WIN,2022,2022-11-12,202209050304,2,21.4,0.03878870937914867,-0.16992161928621852,2140.0,41
WIN,2023,2023-04-08,202309020512,9,21.2,0.03734109795149058,-0.20836872342839974,2120.0,42
WIN,2023,2023-06-17,202302010301,11,21.2,0.03750602694471711,-0.2048722287719973,2120.0,43
WIN,2025,2025-05-10,202508020506,6,20.6,0.03832880727911356,-0.21042657005026066,2060.0,44
WIN,2024,2024-01-20,202408010606,1,20.6,0.03808085706948606,-0.2155343443685871,2060.0,45
WIN,2025,2025-10-26,202505040908,1,20.5,0.038842006820891464,-0.20373886017172493,2050.0,46
WIN,2022,2022-04-02,202206030301,6,20.5,0.03851556212158226,-0.2104309765075636,2050.0,47
WIN,2022,2022-05-29,202205021205,13,20.5,0.03871302101266666,-0.20638306924033345,2050.0,48
WIN,2023,2023-04-02,202306030406,13,20.4,0.038821469850218074,-0.2080420150555513,2040.0,49
WIN,2022,2022-10-22,202205040602,11,20.4,0.040929179508051104,-0.16504473803575748,2040.0,50
WIN,2022,2022-05-14,202207030301,4,20.0,0.03888279987105555,-0.22234400257888898,2000.0,51
WIN,2024,2024-06-30,202403020209,1,19.8,0.039828577475431136,-0.21139416598646343,1980.0,52
WIN,2025,2025-11-15,202503030308,1,19.5,0.0403489627515443,-0.21319522634488608,1950.0,53
WIN,2022,2022-06-25,202209030301,1,19.4,0.0421861995189306,-0.18158772933274636,1940.0,54
WIN,2022,2022-08-28,202204030607,2,18.5,0.04280259709455896,-0.2081519537506592,1850.0,55
WIN,2022,2022-02-26,202209010503,12,18.3,0.04279623583023248,-0.21682888430674552,1830.0,56
WIN,2023,2023-03-12,202306020607,2,18.1,0.04366729326345742,-0.20962199193142061,1810.0,57
WIN,2023,2023-08-12,202301020111,4,18.1,0.04380464885640575,-0.2071358556990558,1810.0,58
WIN,2022,2022-12-28,202209060905,5,17.6,0.04781010004491681,-0.1585422392094641,1760.0,59
WIN,2022,2022-07-09,202203020311,3,17.6,0.04514017635870132,-0.20553289608685665,1760.0,60
WIN,2025,2025-01-06,202507010210,1,16.6,0.04787591146454975,-0.20525986968847398,1660.0,61
WIN,2025,2025-08-30,202507040309,14,16.5,0.048086227133492074,-0.20657725229738078,1650.0,62
WIN,2025,2025-03-15,202509010507,1,16.3,0.04839153503564839,-0.21121797891893113,1630.0,63
WIN,2024,2024-03-09,202407010109,10,16.3,0.048842957467546855,-0.20385979327898618,1630.0,64
WIN,2024,2024-10-26,202405040705,8,16.3,0.047395431212313856,-0.22745447123928408,1630.0,65
WIN,2025,2025-05-24,202504010710,15,15.6,0.05095474487007535,-0.20510598002682456,1560.0,66
WIN,2024,2024-03-09,202407010112,14,15.6,0.05104180807459783,-0.20374779403627385,1560.0,67
WIN,2022,2022-06-18,202205030510,8,15.6,0.050739784811849195,-0.2084593569351526,1560.0,68
WIN,2025,2025-03-02,202510011210,5,15.3,0.051986439897862856,-0.20460746956269826,1530.0,69
WIN,2025,2025-11-23,202505050512,8,15.3,0.051838486775005695,-0.20687115234241282,1530.0,70
WIN,2022,2022-06-11,202205030306,6,15.3,0.05159904037943097,-0.21053468219470606,1530.0,71
WIN,2022,2022-01-05,202206010102,1,15.1,0.05277953338603904,-0.2030290458708105,1510.0,72
WIN,2022,2022-06-11,202207040312,1,15.0,0.0526102199627893,-0.21084670055816046,1500.0,73
WIN,2022,2022-01-22,202206010711,11,14.7,0.05337405113410556,-0.21540144832864827,1470.0,74
WIN,2022,2022-06-25,202202010503,3,14.2,0.05590331902079058,-0.2061728699047738,1420.0,75
WIN,2022,2022-12-17,202207060503,10,14.1,0.056227335934565935,-0.20719456332262032,1410.0,76
WIN,2024,2024-05-05,202404010401,3,13.8,0.05732088404923456,-0.20897180012056293,1380.0,77
WIN,2023,2023-04-08,202309020511,9,13.8,0.057689499161318075,-0.2038849115738105,1380.0,78
WIN,2023,2023-09-30,202306040805,5,13.8,0.0608310567060157,-0.1605314174569833,1380.0,79
WIN,2023,2023-11-19,202305050611,6,13.8,0.0576589484104262,-0.20430651193611837,1380.0,80
WIN,2024,2024-06-15,202408040509,10,13.7,0.05766382569220439,-0.2100055880167998,1370.0,81
WIN,2024,2024-05-18,202408030903,2,13.7,0.057547026693479345,-0.21160573429933305,1370.0,82
WIN,2024,2024-11-03,202405050212,2,13.7,0.05806593005915914,-0.20449675818951984,1370.0,83
WIN,2023,2023-12-28,202306050902,13,13.3,0.0626971720710518,-0.16612761145501098,1330.0,84
WIN,2022,2022-09-04,202201020806,10,13.1,0.05997840385905815,-0.2142829094463382,1310.0,85
WIN,2025,2025-06-21,202509030512,5,13.0,0.060954878917480665,-0.20758657407275138,1300.0,86
WIN,2024,2024-12-08,202407040410,7,12.9,0.06119643259399461,-0.21056601953746945,1290.0,87
WIN,2025,2025-12-21,202507050608,2,12.8,0.06210937843228121,-0.20499995606680044,1280.0,88
WIN,2025,2025-11-01,202505041004,13,12.8,0.061877185555685284,-0.20797202488722832,1280.0,89
WIN,2022,2022-07-16,202202011105,11,12.8,0.06201134612996389,-0.20625476953646216,1280.0,90
WIN,2022,2022-08-21,202201020404,2,12.8,0.0618941630576207,-0.20775471286245495,1280.0,91
WIN,2022,2022-12-25,202209060809,8,12.5,0.06362815157171102,-0.20464810535361222,1250.0,92
WIN,2025,2025-11-30,202508040803,1,12.4,0.06384549016657459,-0.208315921934475,1240.0,93
WIN,2024,2024-11-23,202408060706,8,12.4,0.06415426306415434,-0.20448713800448615,1240.0,94
WIN,2024,2024-02-24,202406020106,5,12.4,0.06429157326090193,-0.20278449156481604,1240.0,95
WIN,2023,2023-11-11,202308030305,7,12.4,0.06791539246197756,-0.15784913347147822,1240.0,96
WIN,2025,2025-07-13,202510020610,3,12.3,0.06459752608525393,-0.20545042915137657,1230.0,97
WIN,2024,2024-11-09,202408060305,8,12.3,0.06367996419467546,-0.21673644040549178,1230.0,98
WIN,2024,2024-06-08,202402010107,6,12.3,0.063978582639775,-0.2130634335307674,1230.0,99
WIN,2023,2023-08-06,202301010611,6,12.3,0.0643072993618033,-0.2090202178498194,1230.0,100
WIN,2022,2022-08-21,202210040405,7,12.3,0.06662540933366123,-0.18050746519596672,1230.0,101
WIN,2025,2025-04-26,202508020102,3,12.2,0.06526846590649396,-0.20372471594077368,1220.0,102
WIN,2024,2024-04-13,202406030711,8,12.2,0.06544807501906635,-0.20153348476739052,1220.0,103
WIN,2024,2024-10-06,202405040207,13,12.2,0.0640623616170278,-0.21843918827226083,1220.0,104
WIN,2023,2023-07-16,202302020605,3,12.2,0.06775365328679621,-0.17340542990108632,1220.0,105
WIN,2022,2022-11-27,202209050806,5,12.2,0.06785924371882984,-0.17211722663027595,1220.0,106
WIN,2025,2025-07-12,202503020506,6,12.1,0.06537215357065441,-0.20899694179508155,1210.0,107
WIN,2023,2023-01-05,202307010103,9,12.0,0.06571116072004991,-0.211466071359401,1200.0,108
WIN,2024,2024-12-01,202408070204,13,11.8,0.06719429137699194,-0.20710736175149502,1180.0,109
WIN,2022,2022-06-11,202202010104,11,11.8,0.06615166304170295,-0.21941037610790515,1180.0,110
WIN,2025,2025-01-06,202506010208,6,11.6,0.06851196241770943,-0.20526123595457058,1160.0,111
WIN,2022,2022-06-25,202209030305,3,11.6,0.06963300613863521,-0.19225712879183154,1160.0,112
WIN,2022,2022-03-21,202207020406,4,11.6,0.0672100345389011,-0.22036359934874716,1160.0,113
WIN,2024,2024-05-12,202408030804,11,11.5,0.06785983150720785,-0.21961193766710962,1150.0,114
WIN,2025,2025-03-23,202507020406,4,11.3,0.07011750331613797,-0.2076722125276408,1130.0,115
WIN,2024,2024-03-23,202406030104,5,11.3,0.07044316923878237,-0.2039921876017592,1130.0,116
WIN,2024,2024-06-09,202405030402,7,11.3,0.06918355805797409,-0.21822579394489272,1130.0,117
WIN,2023,2023-01-08,202306010302,1,11.3,0.07003947293219107,-0.20855395586624093,1130.0,118
WIN,2023,2023-04-08,202303010102,14,11.3,0.06988762686125993,-0.21026981646776266,1130.0,119
WIN,2023,2023-06-10,202302010107,6,11.3,0.06894528243028525,-0.2209183085377766,1130.0,120
WIN,2023,2023-09-16,202306040303,2,11.2,0.07120150014418758,-0.20254319838509915,1120.0,121
WIN,2022,2022-10-09,202205040202,1,11.2,0.07451792123770769,-0.16539928213767396,1120.0,122
WIN,2025,2025-09-15,202509040511,4,11.1,0.07150457923046503,-0.2062991705418381,1110.0,123
WIN,2025,2025-03-02,202509010202,2,11.1,0.07110405330342251,-0.21074500833201015,1110.0,124
WIN,2023,2023-02-19,202310020408,6,11.1,0.07143205178545574,-0.20710422518144134,1110.0,125
WIN,2023,2023-05-14,202304010611,9,11.1,0.07080123777902773,-0.21410626065279215,1110.0,126
WIN,2024,2024-07-14,202410030606,6,11.0,0.07141476753626247,-0.21443755710111279,1100.0,127
WIN,2024,2024-09-16,202406040504,3,11.0,0.07335346811174677,-0.19311185077078552,1100.0,128
WIN,2024,2024-04-14,202403010401,6,10.9,0.07206792238400259,-0.21445964601437173,1090.0,129
WIN,2025,2025-02-01,202505010103,1,10.8,0.07310218425140799,-0.21049641008479358,1080.0,130
WIN,2024,2024-02-03,202410010704,12,10.8,0.07354753055364659,-0.2056866700206168,1080.0,131
WIN,2024,2024-06-29,202402010711,9,10.8,0.0735759809368021,-0.20537940588253734,1080.0,132
WIN,2022,2022-10-16,202204040205,12,10.8,0.07773671406999053,-0.16044348804410224,1080.0,133
WIN,2023,2023-07-22,202307030711,16,10.7,0.07440207246652536,-0.20389782460817873,1070.0,134
WIN,2023,2023-05-13,202305020704,11,10.7,0.07231180233383852,-0.22626371502792786,1070.0,135
WIN,2023,2023-04-30,202305020404,4,10.7,0.07378520335562289,-0.21049832409483515,1070.0,136
WIN,2023,2023-11-19,202303030606,8,10.7,0.07831980123198135,-0.16197812681779966,1070.0,137
WIN,2025,2025-08-17,202507030809,3,10.6,0.07516321845741114,-0.2032698843514419,1060.0,138
WIN,2024,2024-11-10,202405050412,12,10.6,0.0747766040342028,-0.20736799723745025,1060.0,139
WIN,2022,2022-04-23,202209020911,5,10.3,0.07704458371487595,-0.20644078773677765,1030.0,140
WIN,2025,2025-10-13,202508030512,13,10.2,0.07771558599424194,-0.2073010228587322,1020.0,141
WIN,2025,2025-11-30,202505050801,1,10.2,0.07773495829050399,-0.20710342543685933,1020.0,142
WIN,2024,2024-10-12,202408050312,12,10.2,0.07787558986109425,-0.2056689834168387,1020.0,143
WIN,2024,2024-07-13,202403020503,15,10.2,0.07806513239634974,-0.20373564955723267,1020.0,144
WIN,2023,2023-01-28,202310010503,13,10.2,0.07775553190228325,-0.20689357459671087,1020.0,145
WIN,2023,2023-05-14,202308010811,10,10.2,0.07779951678073382,-0.206444928836515,1020.0,146
WIN,2022,2022-04-23,202209020909,7,10.2,0.07666281204284617,-0.2180393171629691,1020.0,147
WIN,2022,2022-12-18,202207060602,7,10.2,0.07716260687697127,-0.21294140985489307,1020.0,148
WIN,2023,2023-11-12,202303030404,8,10.1,0.07767202149105401,-0.21551258294035447,1010.0,149
WIN,2025,2025-07-06,202510020412,8,10.0,0.07823050655146621,-0.21769493448533783,1000.0,150
WIN,2023,2023-12-02,202307040107,14,10.0,0.07976056687164176,-0.2023943312835823,1000.0,151
WIN,2023,2023-06-11,202305030407,4,10.0,0.0788450332667143,-0.21154966733285696,1000.0,152
WIN,2023,2023-06-24,202302010502,5,10.0,0.07671803824071029,-0.23281961759289715,1000.0,153
WIN,2022,2022-06-26,202202010609,10,10.0,0.07945883697344684,-0.20541163026553155,1000.0,154
WIN,2023,2023-05-14,202304010603,14,9.9,0.08049615731837703,-0.20308804254806734,990.0,155
WIN,2025,2025-08-24,202501020212,1,9.7,0.08201672663073081,-0.20443775168191114,970.0,156
WIN,2025,2025-10-19,202504040207,16,9.6,0.08246933174454721,-0.20829441525234682,960.0,157
WIN,2025,2025-11-16,202503030411,10,9.6,0.08230614467936784,-0.20986101107806876,960.0,158
WIN,2024,2024-01-21,202406010706,17,9.6,0.08268004510735782,-0.20627156696936488,960.0,159
WIN,2025,2025-07-06,202510020409,7,9.4,0.08378362692118893,-0.21243390694082398,940.0,160
WIN,2025,2025-04-13,202509020605,6,9.4,0.08447602882232534,-0.20592532907014172,940.0,161
WIN,2022,2022-12-03,202207060102,12,9.4,0.0881621263056848,-0.1712760127265628,940.0,162
WIN,2022,2022-04-16,202203010108,8,9.4,0.08454979855142529,-0.2052318936166022,940.0,163
WIN,2025,2025-03-01,202510011111,10,9.3,0.08469437387513994,-0.21234232296119848,930.0,164
WIN,2024,2024-05-18,202404010701,4,9.2,0.08637617264659878,-0.20533921165129132,920.0,165
WIN,2025,2025-12-06,202509050103,8,8.9,0.08837084174433268,-0.21349950847543908,890.0,166
WIN,2025,2025-09-27,202506040809,7,8.9,0.08854621540663551,-0.21193868288094386,890.0,167
WIN,2023,2023-12-03,202307040208,6,8.9,0.0899136475106914,-0.19976853715484644,890.0,168
WIN,2022,2022-10-08,202209040110,9,8.9,0.08930742828607796,-0.20516388825390608,890.0,169
WIN,2025,2025-02-02,202510010410,17,8.8,0.09008129676551764,-0.20728458846344466,880.0,170
WIN,2024,2024-05-18,202408030911,2,8.8,0.09041010931747127,-0.2043910380062527,880.0,171
WIN,2024,2024-04-07,202406030609,1,8.7,0.09163703801793166,-0.20275776924399458,870.0,172
WIN,2024,2024-03-23,202406030101,13,8.7,0.09174066042100679,-0.20185625433724097,870.0,173
WIN,2023,2023-05-20,202304010704,8,8.2,0.09653726251382236,-0.2083944473866567,820.0,174
WIN,2025,2025-11-30,202508040810,2,8.0,0.09899610931099387,-0.20803112551204905,800.0,175
WIN,2025,2025-06-21,202505030502,16,8.0,0.0990765243695416,-0.20738780504366716,800.0,176
WIN,2024,2024-02-25,202410020612,5,8.0,0.09887543862207769,-0.20899649102337847,800.0,177
WIN,2025,2025-11-15,202508040309,13,7.8,0.10072536394490296,-0.2143421612297569,780.0,178
WIN,2025,2025-09-15,202506040508,9,7.8,0.10171782003485849,-0.20660100372810375,780.0,179
WIN,2025,2025-09-07,202501020609,4,7.8,0.10201411774143204,-0.20428988161683004,780.0,180
WIN,2024,2024-03-10,202409010603,6,7.8,0.1013960707510345,-0.20911064814193092,780.0,181
WIN,2024,2024-11-10,202408060404,3,7.8,0.10024273643123577,-0.21810665583636102,780.0,182
WIN,2024,2024-10-26,202408050712,10,7.8,0.1001954301826637,-0.21847564457522306,780.0,183
WIN,2024,2024-09-29,202407030912,9,7.8,0.10150671310259818,-0.2082476377997342,780.0,184
WIN,2024,2024-10-27,202405040812,3,7.8,0.10175443909424664,-0.20631537506487618,780.0,185
WIN,2024,2024-10-27,202405040803,11,7.8,0.10069969618575929,-0.21454236975107754,780.0,186
WIN,2024,2024-05-18,202405020902,4,7.8,0.10192899203963952,-0.20495386209081168,780.0,187
WIN,2023,2023-01-15,202310010205,2,7.8,0.10187314243314033,-0.20538948902150544,780.0,188
WIN,2023,2023-06-10,202309030301,1,7.8,0.10069350225121583,-0.2145906824405165,780.0,189
WIN,2023,2023-06-03,202309030106,6,7.8,0.1003929389696595,-0.21693507603665585,780.0,190
WIN,2023,2023-05-28,202305021212,10,7.8,0.10178173087303193,-0.20610249919035095,780.0,191
WIN,2023,2023-06-10,202302010110,4,7.8,0.1009637662416291,-0.212482623315293,780.0,192
WIN,2022,2022-09-11,202206040203,10,7.8,0.10713007011513224,-0.1643854531019685,780.0,193
WIN,2022,2022-06-26,202205030808,5,7.8,0.10178320532815378,-0.20609099844040046,780.0,194
WIN,2022,2022-07-09,202203020305,5,7.8,0.10662355815806328,-0.16833624636710642,780.0,195
WIN,2022,2022-07-02,202203020110,3,7.8,0.10170922926793409,-0.20666801171011406,780.0,196
WIN,2022,2022-08-13,202201020101,8,7.8,0.1066572011990895,-0.1680738306471019,780.0,197
WIN,2025,2025-03-23,202507020402,13,7.5,0.10621295775306866,-0.20340281685198502,750.0,198
WIN,2025,2025-11-09,202505050203,10,7.5,0.10603383063581827,-0.20474627023136294,750.0,199
WIN,2025,2025-06-15,202502010208,3,7.5,0.10580613334561094,-0.2064539999079179,750.0,200
WIN,2022,2022-08-27,202204030505,10,7.5,0.11001648464483003,-0.1748763651637747,750.0,201
WIN,2025,2025-02-22,202510010909,16,7.2,0.11034401436598056,-0.20552309656493994,720.0,202
WIN,2025,2025-09-13,202509040304,13,7.2,0.10995902488672876,-0.20829502081555284,720.0,203
WIN,2025,2025-03-22,202509010710,12,7.2,0.10839297923684116,-0.21957054949474364,720.0,204
WIN,2024,2024-10-13,202408050412,1,7.2,0.10796039337501365,-0.22268516769990176,720.0,205
WIN,2024,2024-10-12,202408050306,12,7.2,0.10952139623339095,-0.2114459471195851,720.0,206
WIN,2024,2024-09-29,202407030902,4,7.2,0.10941035741348502,-0.2122454266229078,720.0,207
WIN,2024,2024-10-06,202404040209,2,7.2,0.11069327119896313,-0.20300844736746537,720.0,208
WIN,2024,2024-07-14,202402011211,12,7.2,0.11057294073581517,-0.20387482670213075,720.0,209
WIN,2024,2024-08-04,202401010602,9,7.2,0.10911807712105641,-0.2143498447283938,720.0,210
WIN,2023,2023-02-26,202309010606,10,7.2,0.10902057570415973,-0.21505185493004997,720.0,211
WIN,2023,2023-11-26,202308030812,17,7.2,0.11005601686557195,-0.2075966785678819,720.0,212
WIN,2023,2023-04-23,202305020203,15,7.2,0.10878199616107925,-0.21676962764022933,720.0,213
WIN,2023,2023-11-18,202303030508,4,7.2,0.11010212016366065,-0.20726473482164331,720.0,214
WIN,2023,2023-11-12,202303030410,7,7.2,0.11004303989297434,-0.2076901127705847,720.0,215
WIN,2023,2023-06-17,202302010305,7,7.2,0.11498112280372609,-0.1721359158131721,720.0,216
WIN,2022,2022-05-15,202207030403,7,7.2,0.11083087923910695,-0.20201766947842992,720.0,217
WIN,2022,2022-01-09,202206010306,11,7.2,0.10957482906106134,-0.21106123076035832,720.0,218
WIN,2025,2025-03-02,202510011209,14,7.1,0.11125579201677573,-0.21008387668089235,710.0,219
WIN,2025,2025-03-02,202510011206,7,7.1,0.11139787448540334,-0.20907509115363632,710.0,220
WIN,2024,2024-10-05,202404040108,9,7.1,0.11209876164741389,-0.20409879230336136,710.0,221
WIN,2023,2023-05-13,202305020706,10,7.1,0.11177126165865982,-0.2064240422235153,710.0,222
WIN,2023,2023-03-05,202306020412,7,7.0,0.11241364986709451,-0.21310445093033836,700.0,223
WIN,2025,2025-10-12,202508030410,4,6.9,0.1144217426428257,-0.21048997576450257,690.0,224
WIN,2025,2025-02-02,202508010203,4,6.9,0.11485164140213396,-0.20752367432527563,690.0,225
WIN,2025,2025-01-11,202507010305,9,6.9,0.11503847746689148,-0.20623450547844868,690.0,226
WIN,2025,2025-01-06,202507010203,16,6.9,0.11468917948108778,-0.20864466158049422,690.0,227
WIN,2025,2025-12-06,202506050109,9,6.9,0.11488058151174824,-0.2073239875689371,690.0,228
WIN,2025,2025-02-22,202505010708,10,6.9,0.11506809966740256,-0.2060301122949223,690.0,229
WIN,2025,2025-07-27,202504020212,12,6.9,0.11472913233756414,-0.2083689868708074,690.0,230
WIN,2024,2024-08-10,202407020102,10,6.9,0.11391636199292174,-0.21397710224883992,690.0,231
WIN,2024,2024-04-06,202403010108,16,6.9,0.1153217479558374,-0.20427993910472186,690.0,232
WIN,2023,2023-08-26,202310030503,8,6.9,0.11529313545532616,-0.20447736535824945,690.0,233
WIN,2023,2023-12-09,202307040305,4,6.9,0.1159665171199059,-0.19983103187264928,690.0,234
WIN,2023,2023-07-09,202307030406,7,6.9,0.12136463771412952,-0.16258399977250626,690.0,235
WIN,2023,2023-03-25,202307020509,2,6.9,0.11403638167847731,-0.21314896641850656,690.0,236
WIN,2023,2023-01-09,202306010412,17,6.9,0.11466863202317576,-0.2087864390400872,690.0,237
WIN,2023,2023-01-05,202306010105,1,6.9,0.11458471805567387,-0.20936544541585023,690.0,238
WIN,2023,2023-05-20,202305020908,9,6.9,0.11430750277968724,-0.21127823082015806,690.0,239
WIN,2023,2023-04-30,202305020410,9,6.9,0.11505641862593777,-0.20611071148102933,690.0,240
WIN,2023,2023-11-11,202303030307,8,6.9,0.11492780437997765,-0.20699814977815412,690.0,241
WIN,2023,2023-07-23,202301010201,4,6.9,0.11345583419954815,-0.21715474402311774,690.0,242
WIN,2022,2022-04-30,202209021108,8,6.9,0.11470533588318658,-0.20853318240601249,690.0,243
WIN,2022,2022-03-19,202209011110,9,6.9,0.1136740614733175,-0.21564897583410914,690.0,244
WIN,2022,2022-02-19,202209010311,7,6.9,0.11485314913409402,-0.20751327097475125,690.0,245
WIN,2022,2022-09-03,202204030711,14,6.9,0.11519582674012539,-0.2051487954931347,690.0,246
WIN,2022,2022-04-23,202203010311,4,6.9,0.11530400019534583,-0.20440239865211374,690.0,247
WIN,2022,2022-08-21,202201020407,6,6.9,0.11437092869202094,-0.21084059202505545,690.0,248
WIN,2024,2024-05-11,202408030711,6,6.8,0.1159402816753017,-0.2116060846079485,680.0,249
WIN,2024,2024-05-04,202404010303,10,6.8,0.11405319713543835,-0.2244382594790192,680.0,250
WIN,2023,2023-10-14,202308020409,9,6.8,0.1161758635450124,-0.21000412789391565,680.0,251
WIN,2023,2023-03-11,202307020111,8,6.8,0.11617752843540535,-0.20999280663924358,680.0,252
WIN,2022,2022-11-06,202209050202,5,6.8,0.12061131924498991,-0.17984302913406858,680.0,253
WIN,2022,2022-12-18,202206050603,2,6.8,0.12252680569267992,-0.16681772128977657,680.0,254
WIN,2022,2022-01-05,202206010101,15,6.8,0.11703458274649528,-0.20416483732383206,680.0,255
WIN,2024,2024-08-11,202404030211,15,6.6,0.12028791289957114,-0.2060997748628305,660.0,256
WIN,2024,2024-11-17,202403030612,15,6.6,0.12013368965376175,-0.20711764828517243,660.0,257
WIN,2022,2022-01-22,202207010705,4,6.6,0.12012098269893055,-0.20720151418705834,660.0,258
WIN,2025,2025-04-13,202506030611,8,6.5,0.12196450692058962,-0.20723070501616747,650.0,259
WIN,2025,2025-10-11,202505040309,8,6.5,0.12102135836121686,-0.21336117065209037,650.0,260
WIN,2024,2024-03-10,202409010609,9,6.5,0.12038832985791628,-0.21747585592354413,650.0,261
WIN,2024,2024-01-06,202408010108,4,6.5,0.12165854088037477,-0.20921948427756398,650.0,262
WIN,2024,2024-04-20,202405020109,9,6.5,0.12249010115200501,-0.2038143425119674,650.0,263
WIN,2024,2024-08-18,202401020406,12,6.5,0.12200940224527722,-0.20693888540569805,650.0,264
WIN,2023,2023-02-11,202310020112,8,6.5,0.12219588626956648,-0.2057267392478178,650.0,265
WIN,2023,2023-02-11,202310020102,6,6.5,0.12174287247648635,-0.20867132890283868,650.0,266
WIN,2023,2023-05-06,202304010301,9,6.5,0.12202649695704312,-0.20682776977921968,650.0,267
WIN,2022,2022-01-23,202210010411,7,6.5,0.12210941329125014,-0.20628881360687412,650.0,268
WIN,2022,2022-01-08,202207010212,11,6.5,0.12281206121710571,-0.20172160208881285,650.0,269
WIN,2022,2022-12-17,202206050509,8,6.5,0.12641201356296586,-0.17832191184072188,650.0,270
WIN,2022,2022-11-19,202205050510,10,6.5,0.12173501549194726,-0.20872239930234282,650.0,271
WIN,2022,2022-10-29,202205040806,12,6.5,0.12221203431303465,-0.20562177696527473,650.0,272
WIN,2022,2022-05-28,202205021110,1,6.5,0.1213455492205181,-0.2112539300666323,650.0,273
WIN,2022,2022-05-22,202205021011,18,6.5,0.12178513636623124,-0.2083966136194969,650.0,274
WIN,2022,2022-10-23,202204040405,9,6.5,0.12848641986314657,-0.16483827088954728,650.0,275
WIN,2025,2025-06-15,202509030402,1,6.4,0.12372308354974607,-0.20817226528162514,640.0,276
WIN,2024,2024-12-01,202407040210,5,6.4,0.12988141178322124,-0.16875896458738404,640.0,277
WIN,2024,2024-05-18,202405020907,14,6.4,0.12331572828087915,-0.21077933900237333,640.0,278
WIN,2023,2023-04-15,202309020710,8,6.4,0.12316844616290655,-0.211721944557398,640.0,279
WIN,2023,2023-09-16,202306040306,12,6.4,0.12385985777961993,-0.2072969102104324,640.0,280
WIN,2023,2023-02-26,202306020206,3,6.4,0.12309516981753128,-0.2121909131677997,640.0,281
WIN,2023,2023-02-12,202305010610,5,6.4,0.12382924151359469,-0.2074928543129939,640.0,282
WIN,2023,2023-10-29,202304040605,2,6.4,0.1312377891160421,-0.16007814965733058,640.0,283
WIN,2022,2022-08-27,202210040505,2,6.4,0.1299505249666537,-0.1683166402134162,640.0,284
WIN,2022,2022-01-22,202210010311,10,6.4,0.12392038586681411,-0.20690953045238958,640.0,285
WIN,2022,2022-06-05,202205030205,5,6.4,0.12923150791185894,-0.17291834936410266,640.0,286
WIN,2022,2022-02-13,202205010609,15,6.4,0.12418650367592798,-0.20520637647406081,640.0,287
WIN,2022,2022-10-23,202204040406,1,6.4,0.12393178170114647,-0.20683659711266256,640.0,288
WIN,2025,2025-02-22,202508010704,15,6.3,0.12621827506571862,-0.2048248670859727,630.0,289
WIN,2025,2025-06-07,202509030106,7,6.2,0.12770865762405761,-0.20820632273084272,620.0,290
WIN,2025,2025-07-20,202503020806,10,6.2,0.12826568814535788,-0.2047527334987811,620.0,291
WIN,2024,2024-01-27,202410010507,7,6.2,0.12840568684129022,-0.2038847415840006,620.0,292
WIN,2024,2024-09-21,202407030604,10,6.2,0.1280480028183294,-0.2061023825263577,620.0,293
WIN,2024,2024-10-05,202404040112,4,6.2,0.12795192451481582,-0.20669806800814183,620.0,294
WIN,2024,2024-08-03,202401010509,1,6.2,0.12854831944674977,-0.20300041943015135,620.0,295
WIN,2023,2023-01-14,202310010105,8,6.2,0.12667408117331905,-0.21462069672542183,620.0,296
WIN,2023,2023-01-15,202307010603,4,6.2,0.12776002099124467,-0.20788786985428298,620.0,297
WIN,2023,2023-08-19,202301020310,2,6.2,0.12861573587682587,-0.20258243756367955,620.0,298
WIN,2022,2022-11-20,202209050605,3,6.2,0.13349282683092806,-0.172344473648246,620.0,299
WIN,2022,2022-07-16,202202011106,13,6.2,0.12797779518700886,-0.206537669840545,620.0,300
WIN,2025,2025-03-23,202509010804,13,6.1,0.1299653953175241,-0.207211088563103,610.0,301
WIN,2025,2025-04-26,202508020104,3,6.1,0.12955346375684984,-0.209723871083216,610.0,302
WIN,2025,2025-08-24,202507040202,3,6.1,0.12910791732452587,-0.21244170432039222,610.0,303
WIN,2025,2025-07-26,202507030111,9,6.1,0.1302530753641506,-0.20545624027868137,610.0,304
WIN,2025,2025-11-15,202503030310,15,6.1,0.12986176450554313,-0.20784323651618697,610.0,305
WIN,2024,2024-07-20,202410030709,8,6.1,0.12972257498753526,-0.20869229257603494,610.0,306
WIN,2024,2024-11-30,202408070108,3,6.1,0.12900649773213407,-0.2130603638339822,610.0,307
WIN,2024,2024-02-17,202408020709,5,6.1,0.13037985738733743,-0.20468286993724172,610.0,308
WIN,2024,2024-06-09,202402010204,4,6.1,0.13023293527965168,-0.20557909479412473,610.0,309
WIN,2023,2023-12-23,202309050701,8,6.1,0.13019254657578605,-0.20582546588770512,610.0,310
WIN,2023,2023-01-08,202307010308,12,6.1,0.1300083227517771,-0.20694923121415976,610.0,311
WIN,2023,2023-09-16,202306040304,10,6.1,0.13602275221934465,-0.17026121146199769,610.0,312
WIN,2023,2023-08-13,202301020202,10,6.1,0.1303195488541009,-0.20505075198998446,610.0,313
WIN,2022,2022-01-22,202210010303,14,6.1,0.12760171048952887,-0.22162956601387396,610.0,314
WIN,2022,2022-11-13,202209050401,5,6.1,0.1367525260416083,-0.16580959114618932,610.0,315
WIN,2025,2025-11-09,202508040211,12,6.0,0.1325941268333051,-0.20443523900016936,600.0,316
WIN,2023,2023-04-30,202308010410,4,6.0,0.1319972285891821,-0.20801662846490743,600.0,317
WIN,2022,2022-04-23,202203010309,9,6.0,0.13137948197818153,-0.21172310813091078,600.0,318
WIN,2025,2025-03-01,202510011110,8,5.9,0.13417937811523797,-0.20834166912009588,590.0,319
WIN,2025,2025-09-27,202509040806,4,5.9,0.1335300354612383,-0.212172790778694,590.0,320
WIN,2025,2025-02-10,202508010312,16,5.9,0.1349034998527965,-0.20406935086850053,590.0,321
WIN,2024,2024-12-14,202408070511,12,5.9,0.13510527634319913,-0.20287886957512502,590.0,322
WIN,2024,2024-11-09,202408060302,9,5.9,0.13466757205824578,-0.20546132485634983,590.0,323
WIN,2024,2024-08-25,202407020609,15,5.9,0.133960488945276,-0.20963311522287142,590.0,324
WIN,2024,2024-05-04,202404010312,11,5.9,0.13488834331553595,-0.20415877443833785,590.0,325
WIN,2023,2023-01-29,202310010609,1,5.9,0.13449283626808403,-0.20649226601830417,590.0,326
WIN,2023,2023-03-05,202309010807,16,5.9,0.13459714197891173,-0.2058768623244207,590.0,327
WIN,2023,2023-05-28,202305021201,10,5.9,0.1342410422315583,-0.20797785083380593,590.0,328
WIN,2023,2023-04-08,202303010103,7,5.9,0.13352619867609686,-0.21219542781102851,590.0,329
WIN,2022,2022-02-05,202210010708,2,5.9,0.1352041939832486,-0.2022952554988332,590.0,330
WIN,2022,2022-11-12,202209050311,10,5.9,0.1427692911423965,-0.1576611822598606,590.0,331
WIN,2022,2022-03-19,202209011102,11,5.9,0.1350763192965368,-0.20304971615043288,590.0,332
WIN,2022,2022-04-30,202205020310,14,5.9,0.1340870688040143,-0.20888629405631554,590.0,333
WIN,2022,2022-07-16,202203020505,7,5.9,0.14031891452537718,-0.17211840430027459,590.0,334
WIN,2025,2025-05-17,202508020709,4,5.8,0.1364285031729877,-0.2087146815966714,580.0,335
WIN,2025,2025-02-02,202508010208,1,5.8,0.13662347682199477,-0.20758383443243034,580.0,336
WIN,2025,2025-07-19,202503020704,12,5.8,0.13671899730185874,-0.2070298156492193,580.0,337
WIN,2025,2025-07-19,202502011111,3,5.8,0.13616466388601192,-0.21024494946113093,580.0,338
WIN,2024,2024-12-08,202408070405,10,5.8,0.13656598259341218,-0.20791730095820937,580.0,339
WIN,2024,2024-05-05,202408030607,6,5.8,0.13648063185425954,-0.20841233524529468,580.0,340
WIN,2024,2024-12-14,202406050501,12,5.8,0.13683032929276512,-0.20638409010196235,580.0,341
WIN,2024,2024-01-14,202406010502,16,5.8,0.13693874156744654,-0.20575529890881006,580.0,342
WIN,2024,2024-10-26,202405040703,15,5.8,0.13632963776138657,-0.2092881009839579,580.0,343
WIN,2024,2024-05-19,202405021006,13,5.8,0.13411915310020375,-0.22210891201881822,580.0,344
WIN,2024,2024-06-08,202402010108,3,5.8,0.13565394346235274,-0.21320712791835417,580.0,345
WIN,2023,2023-09-23,202306040604,6,5.8,0.13616032948489798,-0.2102700889875917,580.0,346
WIN,2023,2023-11-18,202305050511,7,5.8,0.14446117314114007,-0.16212519578138762,580.0,347
WIN,2023,2023-06-25,202305030811,2,5.8,0.13698968564636468,-0.2054598232510848,580.0,348
WIN,2023,2023-06-11,202305030412,12,5.8,0.13671410160168762,-0.2070582107102118,580.0,349
WIN,2023,2023-11-05,202303030207,3,5.8,0.1368701299122182,-0.20615324650913447,580.0,350
WIN,2022,2022-09-04,202210040806,9,5.8,0.13548640792022917,-0.2141788340626708,580.0,351
WIN,2022,2022-10-01,202207050801,11,5.8,0.14095472734473177,-0.1824625814005557,580.0,352
WIN,2022,2022-06-25,202202010506,7,5.8,0.13669803662871166,-0.2071513875534724,580.0,353
WIN,2022,2022-08-20,202201020309,5,5.8,0.13672148919316504,-0.20701536267964282,580.0,354
WIN,2025,2025-07-06,202510020411,9,5.7,0.13965045486291486,-0.20399240728138524,570.0,355
WIN,2025,2025-05-10,202505020510,7,5.7,0.1365280750550037,-0.2217899721864789,570.0,356
WIN,2025,2025-11-22,202503030510,6,5.7,0.1377513415874487,-0.21481735295154236,570.0,357
WIN,2024,2024-11-30,202407040108,16,5.7,0.13844962503438452,-0.21083713730400822,570.0,358
WIN,2023,2023-02-25,202310020512,11,5.7,0.13927526206332846,-0.2061310062390277,570.0,359
WIN,2023,2023-12-09,202309050301,6,5.7,0.14710731238880118,-0.16148831938383323,570.0,360
WIN,2023,2023-04-01,202309020305,8,5.7,0.13893509296230216,-0.2080699701148776,570.0,361
WIN,2025,2025-04-27,202508020203,13,5.6,0.1424115959072994,-0.20249506291912334,560.0,362
WIN,2025,2025-05-11,202504010407,14,5.6,0.14190486830851667,-0.20533273747230663,560.0,363
WIN,2025,2025-07-20,202502011209,2,5.6,0.14173143320069095,-0.20630397407613066,560.0,364
WIN,2023,2023-09-30,202309040806,10,5.6,0.14121240426382078,-0.20921053612260365,560.0,365
WIN,2023,2023-09-03,202301020804,2,5.6,0.1418112006251361,-0.2058572764992378,560.0,366
WIN,2025,2025-12-07,202507050206,2,5.5,0.14426016120911556,-0.20656911334986439,550.0,367
WIN,2025,2025-02-09,202505010406,4,5.5,0.14270131756251106,-0.21514275340618916,550.0,368
WIN,2024,2024-10-19,202408050502,9,5.5,0.1436340573127962,-0.21001268477962098,550.0,369
WIN,2024,2024-10-13,202405040310,7,5.5,0.14449922456768188,-0.20525426487774967,550.0,370
WIN,2023,2023-02-19,202310020401,16,5.5,0.1445963672215382,-0.20471998028153982,550.0,371
WIN,2023,2023-11-12,202308030406,3,5.5,0.14196270277709547,-0.21920513472597491,550.0,372
WIN,2023,2023-10-07,202308020110,4,5.5,0.14445740397734583,-0.2054842781245979,550.0,373
WIN,2023,2023-04-01,202306030310,8,5.5,0.1446844031092216,-0.20423578289928124,550.0,374
WIN,2023,2023-07-22,202303020708,5,5.5,0.14178981601382384,-0.22015601192396883,550.0,375
WIN,2022,2022-01-16,202210010209,8,5.5,0.14430171737327654,-0.20634055444697896,550.0,376
WIN,2022,2022-01-15,202210010104,2,5.5,0.14289202404540907,-0.21409386775025008,550.0,377
WIN,2022,2022-12-11,202207060407,3,5.5,0.14417850644061858,-0.20701821457659775,550.0,378
WIN,2022,2022-05-01,202203010612,2,5.5,0.14372195665774196,-0.20952923838241921,550.0,379
WIN,2025,2025-06-29,202510020201,5,5.4,0.14655841951804938,-0.20858453460253334,540.0,380
WIN,2025,2025-12-21,202509050607,15,5.4,0.14702437845545913,-0.20606835634052068,540.0,381
WIN,2025,2025-10-25,202505040802,8,5.4,0.1408557549798644,-0.2393789231087321,540.0,382
WIN,2025,2025-05-25,202504010812,12,5.4,0.14627403059072655,-0.21012023481007658,540.0,383
WIN,2024,2024-03-23,202409020112,3,5.4,0.1466818629591685,-0.20791794002049013,540.0,384
WIN,2024,2024-03-09,202407010102,13,5.4,0.14505310671452373,-0.21671322374157176,540.0,385
WIN,2024,2024-11-24,202405050803,16,5.4,0.14679729844986739,-0.20729458837071602,540.0,386
WIN,2024,2024-07-13,202403020504,7,5.4,0.14518066079899322,-0.2160244316854365,540.0,387
WIN,2024,2024-06-08,202402010103,1,5.4,0.14445584638871975,-0.21993842950091325,540.0,388
WIN,2023,2023-03-05,202306020410,13,5.4,0.14593419121650988,-0.21195536743084653,540.0,389
WIN,2023,2023-10-29,202304040608,4,5.4,0.14691118006593842,-0.20667962764393244,540.0,390
WIN,2023,2023-11-18,202303030507,12,5.4,0.15456562240077276,-0.165345639035827,540.0,391
WIN,2022,2022-02-26,202209010501,14,5.4,0.14578227075405398,-0.21277573792810844,540.0,392
WIN,2022,2022-05-21,202207030510,2,5.4,0.14542728036666588,-0.21469268602000413,540.0,393
WIN,2022,2022-03-12,202207020104,10,5.4,0.1473650490589704,-0.2042287350815597,540.0,394
WIN,2022,2022-12-25,202206050810,13,5.4,0.1470610205312763,-0.20587048913110795,540.0,395
WIN,2022,2022-04-16,202203010107,3,5.4,0.14699679197201745,-0.20621732335110565,540.0,396
WIN,2025,2025-02-09,202510010605,4,5.3,0.14945945498915966,-0.20786488855745378,530.0,397
WIN,2025,2025-12-21,202509050601,6,5.3,0.1447013095133352,-0.2330830595793234,530.0,398
WIN,2025,2025-06-21,202509030503,16,5.3,0.14752858715557254,-0.2180984880754655,530.0,399
WIN,2025,2025-02-15,202508010511,16,5.3,0.14976258864954992,-0.20625828015738545,530.0,400
WIN,2025,2025-08-24,202507040201,1,5.3,0.1482154508365745,-0.21445811056615516,530.0,401
WIN,2025,2025-08-09,202507030506,4,5.3,0.1499109946011738,-0.20547172861377894,530.0,402
WIN,2025,2025-09-13,202506040303,4,5.3,0.1500990655324869,-0.20447495267781945,530.0,403
WIN,2025,2025-04-06,202506030410,1,5.3,0.14992095282539664,-0.2054189500253979,530.0,404
WIN,2025,2025-01-06,202506010205,9,5.3,0.14841593682943358,-0.21339553480400208,530.0,405
WIN,2025,2025-08-24,202504030204,9,5.3,0.14879921379954564,-0.2113641668624081,530.0,406
WIN,2025,2025-07-13,202503020607,2,5.3,0.14983546054777533,-0.20587205909679074,530.0,407
WIN,2024,2024-10-26,202408050707,8,5.3,0.14982401864089478,-0.20593270120325768,530.0,408
WIN,2024,2024-12-14,202406050511,6,5.3,0.14951840778412198,-0.20755243874415352,530.0,409
WIN,2024,2024-12-14,202406050507,5,5.3,0.14964233550165731,-0.20689562184121624,530.0,410
WIN,2024,2024-06-23,202405030804,3,5.3,0.1499085730319002,-0.20548456293092898,530.0,411
WIN,2024,2024-05-04,202404010307,7,5.3,0.14980467709376455,-0.20603521140304792,530.0,412
WIN,2024,2024-08-24,202401020510,14,5.3,0.14942712535999814,-0.2080362355920099,530.0,413
WIN,2023,2023-02-26,202310020605,10,5.3,0.15015614980755887,-0.20417240601993802,530.0,414
WIN,2023,2023-03-11,202307020108,7,5.3,0.1492608798140315,-0.20891733698563308,530.0,415
WIN,2023,2023-01-28,202307010908,15,5.3,0.148295939350998,-0.2140315214397106,530.0,416
WIN,2023,2023-01-08,202306010312,4,5.3,0.15037600985560648,-0.20300714776528572,530.0,417
WIN,2023,2023-01-08,202306010307,6,5.3,0.14993832783938885,-0.2053268624512391,530.0,418
WIN,2023,2023-06-04,202305030202,13,5.3,0.15038426188094878,-0.20296341203097146,530.0,419
WIN,2023,2023-11-05,202303030209,10,5.3,0.14959275617976045,-0.20715839224726962,530.0,420
WIN,2023,2023-06-10,202302010103,8,5.3,0.14894715498140415,-0.21058007859855798,530.0,421
WIN,2022,2022-02-19,202210020311,1,5.3,0.1496634565168582,-0.20678368046065154,530.0,422
WIN,2022,2022-04-17,202209020804,15,5.3,0.14940205670813145,-0.20816909944690332,530.0,423
WIN,2022,2022-04-16,202209020704,4,5.3,0.14933194125386262,-0.20854071135452812,530.0,424
WIN,2022,2022-06-11,202207040302,1,5.3,0.14933729684458444,-0.20851232672370246,530.0,425
WIN,2022,2022-06-05,202205030207,12,5.3,0.1493681691626067,-0.20834870343818446,530.0,426
WIN,2022,2022-08-13,202204030103,13,5.3,0.14975134375605126,-0.20631787809292834,530.0,427
WIN,2022,2022-07-17,202203020606,10,5.3,0.15928758154855932,-0.1557758177926356,530.0,428
WIN,2022,2022-04-24,202203010411,8,5.3,0.14971906573113372,-0.20648895162499126,530.0,429
WIN,2022,2022-08-27,202201020505,6,5.3,0.1556060224427741,-0.1752880810532973,530.0,430
WIN,2025,2025-06-21,202505030506,8,5.2,0.15199362661559038,-0.20963314159892998,520.0,431
WIN,2024,2024-01-13,202410010102,4,5.2,0.15012569812469823,-0.21934636975156918,520.0,432
WIN,2022,2022-04-23,202205020111,6,5.2,0.15278540342455074,-0.20551590219233606,520.0,433
WIN,2022,2022-07-09,202203020307,9,5.2,0.15267366211376784,-0.20609695700840713,520.0,434
WIN,2025,2025-06-29,202510020207,4,5.1,0.15560136008038924,-0.2064330635900149,510.0,435
WIN,2025,2025-06-08,202509030203,3,5.1,0.1559487382145397,-0.20466143510584756,510.0,436
WIN,2025,2025-04-06,202509020411,5,5.1,0.15592058743871626,-0.2048050040625471,510.0,437
WIN,2025,2025-08-09,202507030501,9,5.1,0.1547588054621278,-0.2107300921431482,510.0,438
WIN,2025,2025-01-19,202507010705,7,5.1,0.15594222925451057,-0.20469463080199612,510.0,439
WIN,2025,2025-01-06,202507010208,15,5.1,0.1560674479996017,-0.20405601520203132,510.0,440
WIN,2025,2025-09-06,202506040109,6,5.1,0.15280544979426852,-0.22069220604923057,510.0,441
WIN,2025,2025-10-19,202505040708,1,5.1,0.15455474305492034,-0.2117708104199063,510.0,442
WIN,2025,2025-10-12,202505040403,3,5.1,0.1540164365568258,-0.2145161735601886,510.0,443
WIN,2025,2025-08-17,202504020809,12,5.1,0.15433211792228307,-0.2129061985963564,510.0,444
WIN,2025,2025-05-10,202504010312,3,5.1,0.15553736035457824,-0.20675946219165098,510.0,445
WIN,2025,2025-11-08,202503030103,15,5.1,0.1563222783137861,-0.20275638059969103,510.0,446
WIN,2025,2025-07-13,202503020612,9,5.1,0.15417347903385015,-0.21371525692736426,510.0,447
WIN,2024,2024-03-10,202409010606,4,5.1,0.1550248260102077,-0.20937338734794075,510.0,448
WIN,2024,2024-08-25,202407020602,2,5.1,0.1548331901587666,-0.21035073019029038,510.0,449
WIN,2024,2024-03-23,202407010505,8,5.1,0.1559405151285175,-0.20470337284456075,510.0,450
WIN,2024,2024-03-10,202407010210,6,5.1,0.15441317200052113,-0.21249282279734227,510.0,451
WIN,2024,2024-03-02,202406020304,13,5.1,0.154296856952188,-0.21308602954384126,510.0,452
WIN,2024,2024-10-27,202405040807,6,5.1,0.1543733706344514,-0.21269580976429792,510.0,453
WIN,2024,2024-10-19,202404040506,7,5.1,0.15448994810495473,-0.2121012646647309,510.0,454
WIN,2024,2024-06-30,202403020212,13,5.1,0.15588589627972838,-0.2049819289733853,510.0,455
WIN,2023,2023-06-11,202309030407,12,5.1,0.15259298341326366,-0.22177578459235536,510.0,456
WIN,2023,2023-11-19,202308030612,11,5.1,0.15515382787879736,-0.2087154778181335,510.0,457
WIN,2023,2023-01-22,202307010811,10,5.1,0.15555004118495674,-0.20669478995672064,510.0,458
WIN,2023,2023-01-22,202307010806,16,5.1,0.1555211508960948,-0.2068421304299165,510.0,459
WIN,2023,2023-09-16,202306040301,13,5.1,0.16344679827669814,-0.16642132878883953,510.0,460
WIN,2023,2023-06-18,202302010401,14,5.1,0.15582597572575801,-0.20528752379863413,510.0,461
WIN,2023,2023-08-06,202301010601,5,5.1,0.16415496851545966,-0.16280966057115576,510.0,462
WIN,2023,2023-07-30,202301010412,12,5.1,0.15551474000958754,-0.20687482595110362,510.0,463
WIN,2022,2022-07-09,202210030304,5,5.1,0.15381284833252085,-0.2155544735041437,510.0,464
WIN,2022,2022-11-06,202209050205,1,5.1,0.16461750617582308,-0.1604507185033024,510.0,465
WIN,2022,2022-02-19,202209010310,6,5.1,0.1546513256233262,-0.2112782393210364,510.0,466
WIN,2022,2022-03-19,202207020308,5,5.1,0.15368099024790507,-0.21622694973568413,510.0,467
WIN,2022,2022-09-17,202206040309,10,5.1,0.15587114056814574,-0.2050571831024568,510.0,468
WIN,2022,2022-04-09,202206030510,6,5.1,0.15417198237918847,-0.21372288986613885,510.0,469
WIN,2022,2022-03-27,202206030212,7,5.1,0.15606940268636924,-0.20404604629951695,510.0,470
WIN,2022,2022-10-08,202205040106,18,5.1,0.16318448199732355,-0.16775914181364993,510.0,471
WIN,2022,2022-06-11,202205030309,9,5.1,0.15544353033152022,-0.20723799530924691,510.0,472
WIN,2022,2022-08-13,202201020102,4,5.1,0.15455854037559488,-0.2117514440844661,510.0,473
WIN,2025,2025-07-06,202510020406,4,5.0,0.15463187341862372,-0.2268406329068814,500.0,474
WIN,2025,2025-12-14,202509050411,9,5.0,0.15923245302370098,-0.20383773488149504,500.0,475
WIN,2025,2025-06-08,202509030212,16,5.0,0.1588402178319234,-0.20579891084038304,500.0,476
WIN,2025,2025-04-13,202509020611,7,5.0,0.15875829060873603,-0.20620854695631985,500.0,477
WIN,2025,2025-03-09,202509010405,5,5.0,0.15840996546898467,-0.20795017265507665,500.0,478
WIN,2025,2025-02-15,202508010505,5,5.0,0.15641447681381948,-0.2179276159309026,500.0,479
WIN,2025,2025-12-14,202507050408,16,5.0,0.15926518013308333,-0.20367409933458336,500.0,480
WIN,2025,2025-01-19,202507010703,10,5.0,0.15862138838055906,-0.2068930580972047,500.0,481
WIN,2025,2025-12-21,202506050606,2,5.0,0.15896833634815108,-0.20515831825924458,500.0,482
WIN,2025,2025-03-16,202506020606,3,5.0,0.157898705511751,-0.21050647244124499,500.0,483
WIN,2025,2025-06-28,202502010505,5,5.0,0.15929964164285637,-0.20350179178571814,500.0,484
WIN,2024,2024-07-14,202410030612,2,5.0,0.15870095969506137,-0.20649520152469314,500.0,485
WIN,2024,2024-10-26,202408050705,9,5.0,0.15846385948437564,-0.20768070257812177,500.0,486
WIN,2024,2024-10-05,202408050109,8,5.0,0.15827822364732924,-0.2086088817633538,500.0,487
WIN,2024,2024-10-14,202405040406,7,5.0,0.15804985957703196,-0.20975070211484015,500.0,488
WIN,2024,2024-01-28,202405010209,7,5.0,0.1587057977886389,-0.20647101105680543,500.0,489
WIN,2024,2024-10-19,202404040510,13,5.0,0.1582129859930943,-0.2089350700345285,500.0,490
WIN,2024,2024-08-10,202404030109,1,5.0,0.1588649106960314,-0.20567544651984304,500.0,491
WIN,2023,2023-04-01,202309020311,12,5.0,0.1587408239601817,-0.2062958801990915,500.0,492
WIN,2023,2023-05-14,202308010804,4,5.0,0.15770466340928532,-0.21147668295357336,500.0,493
WIN,2023,2023-01-14,202307010504,13,5.0,0.15853991539161202,-0.20730042304193985,500.0,494
WIN,2023,2023-02-25,202306020110,5,5.0,0.15750920245612948,-0.21245398771935253,500.0,495
WIN,2023,2023-11-05,202305050208,8,5.0,0.15920740068169542,-0.20396299659152284,500.0,496
WIN,2023,2023-05-13,202304010503,10,5.0,0.15960379140402078,-0.20198104297989605,500.0,497
WIN,2023,2023-08-13,202301020212,13,5.0,0.15718495383156522,-0.21407523084217384,500.0,498
WIN,2022,2022-07-16,202210030503,6,5.0,0.15695102758993582,-0.2152448620503209,500.0,499
WIN,2022,2022-05-08,202205020607,6,5.0,0.15906582503799058,-0.2046708748100471,500.0,500
WIN,2022,2022-10-22,202204040312,5,5.0,0.15678712729132846,-0.21606436354335767,500.0,501
WIN,2022,2022-08-21,202204030403,12,5.0,0.15886398962669007,-0.20568005186654958,500.0,502
WIN,2022,2022-07-31,202201010406,1,5.0,0.15874173936219257,-0.2062913031890371,500.0,503
WIN,2025,2025-01-18,202507010603,5,4.9,0.15990819312515056,-0.21644985368676217,490.0,504
WIN,2025,2025-02-23,202505010804,5,4.9,0.15989095801008432,-0.21653430575058674,490.0,505
WIN,2023,2023-02-26,202310020611,11,4.9,0.1620966545782094,-0.20572639256677383,490.0,506
WIN,2023,2023-11-12,202303030409,14,4.9,0.17103488691517837,-0.16192905411562586,490.0,507
WIN,2022,2022-11-26,202205050702,1,4.9,0.17044406759413044,-0.16482406878876077,490.0,508
WIN,2022,2022-04-23,202205020112,7,4.9,0.16188362794287992,-0.20677022307988835,490.0,509
WIN,2025,2025-07-20,202510020810,4,4.8,0.1650161158054786,-0.20792264413370276,480.0,510
WIN,2025,2025-07-06,202510020403,16,4.8,0.165456254376032,-0.20580997899504638,480.0,511
WIN,2025,2025-03-01,202509010112,7,4.8,0.16601224174231471,-0.20314123963688935,480.0,512
WIN,2025,2025-03-29,202506030105,3,4.8,0.16295520492378118,-0.21781501636585032,480.0,513
WIN,2025,2025-05-11,202505020609,1,4.8,0.1651567917520866,-0.20724739958998428,480.0,514
WIN,2025,2025-07-20,202503020802,3,4.8,0.16506992163702838,-0.20766437614226374,480.0,515
WIN,2025,2025-07-13,202503020604,8,4.8,0.16563094793801175,-0.20497144989754357,480.0,516
WIN,2025,2025-06-21,202502010310,5,4.8,0.16596396194913238,-0.2033729826441646,480.0,517
WIN,2024,2024-11-24,202408060810,6,4.8,0.16536741605036195,-0.20623640295826262,480.0,518
WIN,2024,2024-10-20,202408050607,4,4.8,0.16523691477367497,-0.20686280908636012,480.0,519
WIN,2024,2024-05-12,202408030806,7,4.8,0.1652593230401454,-0.20675524940730206,480.0,520
WIN,2024,2024-08-25,202407020607,13,4.8,0.16398299489040033,-0.2128816245260784,480.0,521
WIN,2024,2024-04-06,202406030503,4,4.8,0.16353300110628577,-0.2150415946898283,480.0,522
WIN,2024,2024-03-03,202406020408,3,4.8,0.1662518011448767,-0.20199135450459182,480.0,523
WIN,2024,2024-01-21,202406010702,15,4.8,0.16550114858023904,-0.2055944868148526,480.0,524
WIN,2024,2024-11-02,202403030104,12,4.8,0.16573121526310533,-0.20449016673709441,480.0,525
WIN,2023,2023-10-07,202308020107,15,4.8,0.16549022206573866,-0.20564693408445445,480.0,526
WIN,2023,2023-07-09,202307030411,7,4.8,0.16515073980806427,-0.2072764489212915,480.0,527
WIN,2023,2023-07-01,202303020102,14,4.8,0.16472482036840178,-0.20932086223167146,480.0,528
WIN,2022,2022-07-02,202210030105,3,4.8,0.1734736966705792,-0.16732625598121975,480.0,529
WIN,2022,2022-09-19,202206040506,2,4.8,0.17547223381341112,-0.15773327769562662,480.0,530
WIN,2022,2022-09-18,202206040406,4,4.8,0.16433867424577683,-0.2111743636202712,480.0,531
WIN,2022,2022-01-15,202206010506,2,4.8,0.16491934735865324,-0.20838713267846443,480.0,532
WIN,2022,2022-06-19,202205030612,3,4.8,0.1656234413282527,-0.20500748162438698,480.0,533
WIN,2022,2022-05-15,202204010402,9,4.8,0.16580803028541763,-0.20412145462999542,480.0,534
WIN,2025,2025-07-20,202510020805,8,4.7,0.16800465909376153,-0.21037810225932074,470.0,535
WIN,2025,2025-03-01,202509010103,3,4.7,0.16876639332449106,-0.206797951374892,470.0,536
WIN,2025,2025-11-15,202508040312,10,4.7,0.1687838407936146,-0.20671594827001127,470.0,537
WIN,2025,2025-12-14,202506050402,14,4.7,0.1678702634542076,-0.21100976176522424,470.0,538
WIN,2025,2025-03-23,202506020812,7,4.7,0.16909396400969373,-0.2052583691544394,470.0,539
WIN,2025,2025-03-16,202506020601,11,4.7,0.16904083652175733,-0.2055080683477405,470.0,540
WIN,2025,2025-06-14,202505030302,10,4.7,0.16781604598871958,-0.21126458385301794,470.0,541
WIN,2025,2025-05-31,202505021104,8,4.7,0.16829743670580027,-0.20900204748273865,470.0,542
WIN,2025,2025-02-23,202505010801,11,4.7,0.16759310718989753,-0.21231239620748155,470.0,543
WIN,2025,2025-05-25,202504010811,15,4.7,0.16858289942370636,-0.20766037270858007,470.0,544
WIN,2025,2025-07-06,202503020411,13,4.7,0.1688643847683889,-0.20633739158857223,470.0,545
WIN,2024,2024-04-14,202406030809,12,4.7,0.16882354416879156,-0.20652934240667964,470.0,546
WIN,2024,2024-02-24,202406020104,14,4.7,0.16812614707503715,-0.20980710874732533,470.0,547
WIN,2024,2024-06-02,202405030208,7,4.7,0.16890325760896613,-0.20615468923785918,470.0,548
WIN,2024,2024-07-28,202404020211,5,4.7,0.16827900948505484,-0.20908865542024224,470.0,549
WIN,2024,2024-04-21,202403010612,4,4.7,0.16773469736631733,-0.2116469223783085,470.0,550
WIN,2023,2023-07-16,202307030604,3,4.7,0.16953001208788385,-0.20320894318694593,470.0,551
WIN,2023,2023-03-04,202306020309,10,4.7,0.1679707644416586,-0.21053740712420455,470.0,552
WIN,2023,2023-01-14,202306010511,11,4.7,0.16922151184748394,-0.2046588943168255,470.0,553
WIN,2023,2023-10-08,202305040206,9,4.7,0.1687038244935149,-0.20709202488047995,470.0,554
WIN,2023,2023-06-25,202305030802,6,4.7,0.1690086175268334,-0.20565949762388291,470.0,555
WIN,2023,2023-05-27,202305021110,14,4.7,0.1679420433510598,-0.21067239625001888,470.0,556
WIN,2023,2023-08-27,202304030604,15,4.7,0.16948171359710093,-0.20343594609362559,470.0,557
WIN,2023,2023-08-26,202304030506,17,4.7,0.17680661949036547,-0.16900888839528228,470.0,558
WIN,2023,2023-07-01,202303020104,12,4.7,0.16912085013875064,-0.20513200434787193,470.0,559
WIN,2023,2023-07-02,202302020201,1,4.7,0.17020414922608257,-0.2000404986374119,470.0,560
WIN,2022,2022-01-29,202210010505,4,4.7,0.1674432675404297,-0.21301664255998032,470.0,561
WIN,2022,2022-10-29,202209040805,8,4.7,0.17288148720501148,-0.187457010136446,470.0,562
WIN,2022,2022-06-26,202209030403,13,4.7,0.16794898243664244,-0.21063978254778049,470.0,563
WIN,2022,2022-09-10,202207050106,5,4.7,0.16858450079029677,-0.2076528462856051,470.0,564
WIN,2022,2022-01-05,202207010102,8,4.7,0.16876363438271447,-0.206810918401242,470.0,565
WIN,2022,2022-12-25,202206050803,2,4.7,0.16942479462347207,-0.2037034652696812,470.0,566
WIN,2022,2022-11-20,202205050612,7,4.7,0.16910576327847146,-0.20520291259118406,470.0,567
WIN,2022,2022-06-26,202205030811,11,4.7,0.16857398489428269,-0.20770227099687133,470.0,568
WIN,2022,2022-10-16,202204040203,11,4.7,0.16836488493786297,-0.20868504079204397,470.0,569
WIN,2022,2022-08-28,202204030603,3,4.7,0.17700117380130226,-0.1680944831338793,470.0,570
WIN,2025,2025-12-07,202509050209,4,4.6,0.17169483447247694,-0.21020376142660613,460.0,571
WIN,2025,2025-04-12,202509020501,10,4.6,0.17168115016491314,-0.21026670924139956,460.0,572
WIN,2025,2025-06-01,202508021212,8,4.6,0.17291442261412418,-0.20459365597502888,460.0,573
WIN,2025,2025-12-13,202507050310,16,4.6,0.17226143475761077,-0.2075974001149905,460.0,574
WIN,2025,2025-01-05,202507010105,4,4.6,0.17180806119455533,-0.2096829185050455,460.0,575
WIN,2024,2024-02-10,202410020112,16,4.6,0.1723162624943829,-0.20734519252583872,460.0,576
WIN,2024,2024-01-27,202410010509,13,4.6,0.17150471281042362,-0.21107832107205138,460.0,577
WIN,2024,2024-10-12,202408050310,4,4.6,0.17256081670826046,-0.20622024314200194,460.0,578
WIN,2024,2024-04-27,202408030309,4,4.6,0.17280059435123685,-0.20511726598431057,460.0,579
WIN,2024,2024-03-23,202407010501,2,4.6,0.17255547751689565,-0.20624480342228002,460.0,580
WIN,2024,2024-05-11,202405020710,9,4.6,0.17265003508719354,-0.20580983859890978,460.0,581
WIN,2024,2024-06-09,202402010206,10,4.6,0.17039769299923388,-0.21617061220352418,460.0,582
WIN,2023,2023-12-23,202306050711,10,4.6,0.1720530446459766,-0.2085559946285077,460.0,583
WIN,2023,2023-12-03,202306050210,16,4.6,0.17281638333405594,-0.20504463666334272,460.0,584
WIN,2023,2023-07-01,202302020110,8,4.6,0.17351924788939946,-0.20181145970876258,460.0,585
WIN,2023,2023-08-05,202301010501,11,4.6,0.18203766255758239,-0.16262675223512113,460.0,586
WIN,2022,2022-07-16,202210030506,1,4.6,0.17908680891987278,-0.17620067896858527,460.0,587
WIN,2022,2022-11-06,202209050208,6,4.6,0.17281061921108568,-0.2050711516290059,460.0,588
WIN,2022,2022-03-19,202207020311,1,4.6,0.17222729595809785,-0.2077544385927499,460.0,589
WIN,2022,2022-03-26,202206030106,4,4.6,0.17243177229934303,-0.2068138474230221,460.0,590
WIN,2022,2022-06-12,202205030412,10,4.6,0.1722373920089416,-0.20770799675886875,460.0,591
WIN,2022,2022-05-01,202205020410,16,4.6,0.17286369511562155,-0.2048270024681409,460.0,592
WIN,2022,2022-09-03,202204030703,12,4.6,0.17210888777625225,-0.2082991162292397,460.0,593
WIN,2025,2025-10-13,202505040504,7,4.5,0.1739747006154714,-0.21711384723037863,450.0,594
WIN,2024,2024-11-30,202407040105,7,4.5,0.1750410931949921,-0.21231508062253557,450.0,595
WIN,2023,2023-12-23,202306050712,2,4.5,0.1767255333625632,-0.2047350998684656,450.0,596
WIN,2022,2022-04-30,202203010505,1,4.5,0.17680439609650947,-0.20438021756570734,450.0,597
WIN,2025,2025-07-20,202510020802,1,4.4,0.18072736997617608,-0.20479957210482513,440.0,598
WIN,2025,2025-03-01,202510011102,14,4.4,0.18049128998017086,-0.20583832408724811,440.0,599
WIN,2025,2025-02-02,202510010402,16,4.4,0.1803026008232773,-0.20666855637757986,440.0,600
WIN,2025,2025-01-25,202510010107,13,4.4,0.18009561530061116,-0.2075792926773108,440.0,601
WIN,2025,2025-12-07,202509050205,9,4.4,0.1792511314132442,-0.21129502178172543,440.0,602
WIN,2025,2025-09-06,202509040112,11,4.4,0.17813314528290553,-0.2162141607552156,440.0,603
WIN,2025,2025-06-01,202508021209,3,4.4,0.18077987425472994,-0.20456855327918821,440.0,604
WIN,2025,2025-08-09,202507030505,16,4.4,0.18021154131248066,-0.20706921822508506,440.0,605
WIN,2025,2025-12-06,202506050111,3,4.4,0.18027452511495326,-0.20679208949420558,440.0,606
WIN,2025,2025-03-23,202506020809,1,4.4,0.1804850711826722,-0.20586568679624218,440.0,607
WIN,2025,2025-05-17,202505020701,4,4.4,0.17870010556400143,-0.21371953551839362,440.0,608
WIN,2024,2024-12-22,202408070803,6,4.4,0.1803184767269564,-0.20659870240139178,440.0,609
WIN,2024,2024-12-08,202408070404,12,4.4,0.18070847813502117,-0.20488269620590682,440.0,610
WIN,2024,2024-10-05,202408050106,13,4.4,0.1788979359797377,-0.21284908168915406,440.0,611
WIN,2024,2024-04-27,202408030301,4,4.4,0.1796067319017481,-0.20973037963230823,440.0,612
WIN,2024,2024-02-03,202408020307,8,4.4,0.17904770647331716,-0.21219009151740442,440.0,613
WIN,2024,2024-09-14,202407030308,1,4.4,0.18024467135480216,-0.20692344603887047,440.0,614
WIN,2024,2024-12-08,202406050409,9,4.4,0.1803413812580668,-0.20649792246450593,440.0,615
WIN,2024,2024-10-27,202405040804,5,4.4,0.1785545881645834,-0.214359812075833,440.0,616
WIN,2024,2024-04-28,202405020404,4,4.4,0.1809906673451279,-0.2036410636814372,440.0,617
WIN,2024,2024-07-27,202404020106,10,4.4,0.17965301111717236,-0.20952675108444152,440.0,618
WIN,2024,2024-04-27,202404010109,7,4.4,0.17974747777870062,-0.20911109777371717,440.0,619
WIN,2023,2023-09-03,202310030801,3,4.4,0.1805507095627045,-0.20557687792410018,440.0,620
WIN,2023,2023-12-23,202309050703,7,4.4,0.1782271384920162,-0.21580059063512858,440.0,621
WIN,2023,2023-10-01,202309040903,1,4.4,0.19029095226975515,-0.16271981001307723,440.0,622
WIN,2023,2023-09-24,202309040712,2,4.4,0.17903036706917533,-0.21226638489562855,440.0,623
WIN,2023,2023-04-30,202308010412,12,4.4,0.18045463987753774,-0.20599958453883394,440.0,624
WIN,2023,2023-12-03,202306050205,12,4.4,0.19091769557984417,-0.15996213944868554,440.0,625
WIN,2023,2023-03-19,202306020803,16,4.4,0.1802182342120243,-0.20703976946709302,440.0,626
WIN,2023,2023-08-06,202304020407,9,4.4,0.17931100220314689,-0.2110315903061536,440.0,627
WIN,2023,2023-07-09,202303020412,7,4.4,0.1802283500039785,-0.20699525998249457,440.0,628
WIN,2023,2023-07-01,202303020106,10,4.4,0.1894195341975372,-0.1665540495308362,440.0,629
WIN,2022,2022-07-23,202210030708,13,4.4,0.18079208795125154,-0.20451481301449315,440.0,630
WIN,2022,2022-07-10,202210030409,8,4.4,0.1802964983969563,-0.20669540705339218,440.0,631
WIN,2022,2022-02-20,202210020411,16,4.4,0.18072451100974848,-0.20481215155710664,440.0,632
WIN,2022,2022-10-09,202209040206,12,4.4,0.17866343992911957,-0.2138808643118738,440.0,633
WIN,2022,2022-02-20,202209010404,2,4.4,0.17975940002272595,-0.20905863990000573,440.0,634
WIN,2022,2022-05-29,202207030803,2,4.4,0.17939336772365191,-0.21066918201593154,440.0,635
WIN,2022,2022-01-29,202207010906,7,4.4,0.1801159027133159,-0.20749002806140993,440.0,636
WIN,2022,2022-09-11,202206040205,3,4.4,0.19084865998268646,-0.16026589607617947,440.0,637
WIN,2022,2022-03-21,202206020811,1,4.4,0.17942944219535248,-0.21051045434044902,440.0,638
WIN,2022,2022-11-26,202205050705,17,4.4,0.19033594040080928,-0.16252186223643905,440.0,639
WIN,2022,2022-10-30,202204040611,17,4.4,0.18134026304917228,-0.20210284258364186,440.0,640
WIN,2022,2022-11-20,202203030603,4,4.4,0.18018325666402918,-0.20719367067827155,440.0,641
WIN,2022,2022-07-10,202203020412,6,4.4,0.17896328030709932,-0.2125615666487629,440.0,642
WIN,2025,2025-06-29,202510020203,7,4.3,0.18358861504660995,-0.2105689552995772,430.0,643
WIN,2024,2024-04-20,202408030103,1,4.3,0.18472015560608135,-0.20570333089385018,430.0,644
WIN,2023,2023-04-09,202309020609,4,4.3,0.18457380193530634,-0.2063326516781827,430.0,645
WIN,2023,2023-03-04,202306020305,5,4.3,0.183896629948587,-0.2092444912210759,430.0,646
WIN,2023,2023-08-06,202304020412,10,4.3,0.18478256431374795,-0.2054349734508838,430.0,647
WIN,2022,2022-06-05,202205030210,15,4.3,0.18436128552663072,-0.20724647223548787,430.0,648
WIN,2025,2025-10-13,202508030502,9,4.2,0.18747912950499007,-0.21258765607904162,420.0,649
WIN,2025,2025-10-12,202508030402,2,4.2,0.18835820809228884,-0.2088955260123868,420.0,650
WIN,2025,2025-05-25,202508021007,6,4.2,0.1881316931377093,-0.20984688882162084,420.0,651
WIN,2025,2025-01-11,202507010304,14,4.2,0.1892975836607315,-0.20495014862492766,420.0,652
WIN,2025,2025-03-08,202506020301,5,4.2,0.18673214214614345,-0.21572500298619746,420.0,653
WIN,2025,2025-01-19,202506010709,1,4.2,0.1896278930020198,-0.2035628493915168,420.0,654
WIN,2025,2025-01-05,202506010108,11,4.2,0.1885379418171569,-0.20814064436794089,420.0,655
WIN,2024,2024-05-25,202408031101,1,4.2,0.18855676130895335,-0.20806160250239591,420.0,656
WIN,2024,2024-09-07,202406040107,4,4.2,0.18795185429720765,-0.2106022119517278,420.0,657
WIN,2024,2024-04-21,202405020208,9,4.2,0.18530048045153305,-0.2217379821035611,420.0,658
WIN,2023,2023-02-19,202310020403,2,4.2,0.18838969721180007,-0.20876327171043962,420.0,659
WIN,2023,2023-05-27,202308011112,10,4.2,0.1890919713554498,-0.20581372030711076,420.0,660
WIN,2023,2023-11-25,202305050712,1,4.2,0.1873123723576916,-0.2132880360976952,420.0,661
WIN,2023,2023-11-11,202305050311,3,4.2,0.1885360181171621,-0.20814872390791905,420.0,662
WIN,2023,2023-06-03,202305030104,2,4.2,0.1886572399294641,-0.20763959229625073,420.0,663
WIN,2022,2022-07-03,202210030206,6,4.2,0.197784877798031,-0.16930351324826975,420.0,664
WIN,2022,2022-01-29,202210010511,15,4.2,0.18995414136195873,-0.2021926062797733,420.0,665
WIN,2022,2022-10-16,202209040501,7,4.2,0.1994067760696797,-0.16249154050734527,420.0,666
WIN,2022,2022-12-17,202207060501,10,4.2,0.1982323471139937,-0.16742414212122636,420.0,667
WIN,2022,2022-05-14,202204010312,2,4.2,0.1893220795574632,-0.20484726585865454,420.0,668
WIN,2022,2022-09-03,202201020711,12,4.2,0.19823343117138706,-0.1674195890801743,420.0,669
WIN,2025,2025-06-29,202510020209,6,4.1,0.1923711603751502,-0.2112782424618842,410.0,670
WIN,2025,2025-03-15,202509010501,8,4.1,0.1935117226526319,-0.20660193712420927,410.0,671
WIN,2025,2025-01-06,202506010210,9,4.1,0.1937537835440798,-0.20560948746927288,410.0,672
WIN,2024,2024-02-18,202410020410,3,4.1,0.19411170806738756,-0.20414199692371104,410.0,673
WIN,2024,2024-06-22,202408040705,6,4.1,0.19041614364438764,-0.2192938110580107,410.0,674
WIN,2024,2024-12-22,202406050803,16,4.1,0.1935416915730145,-0.20647906455064058,410.0,675
WIN,2024,2024-10-05,202405040102,11,4.1,0.18998994524818372,-0.22104122448244679,410.0,676
WIN,2024,2024-01-27,202405010104,14,4.1,0.1925148551735592,-0.21068909378840728,410.0,677
WIN,2024,2024-08-25,202404030604,12,4.1,0.19292024715950204,-0.2090269866460417,410.0,678
WIN,2024,2024-08-18,202404030412,2,4.1,0.19381622934016837,-0.20535345970530972,410.0,679
WIN,2024,2024-04-27,202404010112,10,4.1,0.1936940038938419,-0.20585458403524826,410.0,680
WIN,2024,2024-11-17,202403030611,2,4.1,0.1934838143608971,-0.206716361120322,410.0,681
WIN,2024,2024-11-17,202403030605,13,4.1,0.19351482181609245,-0.206589230554021,410.0,682
WIN,2024,2024-09-01,202401020811,4,4.1,0.1929519321771574,-0.20889707807365476,410.0,683
WIN,2023,2023-08-26,202310030510,6,4.1,0.19141681899581495,-0.21519104211715878,410.0,684
WIN,2023,2023-04-16,202303010411,7,4.1,0.19367593814710757,-0.20592865359685908,410.0,685
WIN,2023,2023-07-16,202302020611,9,4.1,0.19332113885134586,-0.207383330709482,410.0,686
WIN,2022,2022-08-21,202210040403,16,4.1,0.19276815340421535,-0.20965057104271712,410.0,687
WIN,2022,2022-02-06,202210010811,3,4.1,0.19292570975861292,-0.20900458998968707,410.0,688
WIN,2022,2022-11-26,202209050712,3,4.1,0.19402015451884289,-0.2045173664727442,410.0,689
WIN,2022,2022-03-26,202206030112,13,4.1,0.193521549863846,-0.20656164555823142,410.0,690
WIN,2022,2022-05-14,202204010310,4,4.1,0.19391428124918308,-0.20495144687834943,410.0,691
WIN,2025,2025-09-21,202509040710,9,4.0,0.19762082231523984,-0.20951671073904066,400.0,692
WIN,2025,2025-09-15,202506040506,11,4.0,0.195351813333803,-0.218592746664788,400.0,693
WIN,2025,2025-07-26,202501010104,8,4.0,0.19906559037630683,-0.20373763849477267,400.0,694
WIN,2024,2024-11-17,202408060606,6,4.0,0.1979709056197871,-0.20811637752085155,400.0,695
WIN,2024,2024-08-25,202407020608,14,4.0,0.19805314836272128,-0.20778740654911487,400.0,696
WIN,2024,2024-03-23,202406030112,13,4.0,0.19776069920425532,-0.20895720318297872,400.0,697
WIN,2024,2024-11-03,202405050207,10,4.0,0.19788673333274154,-0.20845306666903385,400.0,698
WIN,2024,2024-05-12,202405020806,9,4.0,0.19860217543154676,-0.20559129827381295,400.0,699
WIN,2024,2024-04-13,202403010312,5,4.0,0.19818205775598813,-0.2072717689760475,400.0,700
WIN,2024,2024-07-13,202402011101,3,4.0,0.1982585138352259,-0.20696594465909635,400.0,701
WIN,2023,2023-01-15,202310010204,5,4.0,0.19866491091314165,-0.20534035634743342,400.0,702
WIN,2023,2023-05-21,202308011008,7,4.0,0.1992409021000163,-0.2030363915999348,400.0,703
WIN,2023,2023-09-10,202306040208,3,4.0,0.19795104984928302,-0.2081958006028679,400.0,704
WIN,2023,2023-04-23,202303010610,5,4.0,0.1984408357306323,-0.20623665707747085,400.0,705
WIN,2022,2022-04-24,202209021008,2,4.0,0.19847699778885491,-0.20609200884458034,400.0,706
WIN,2022,2022-12-17,202207060512,1,4.0,0.19911964584040345,-0.2035214166383862,400.0,707
WIN,2022,2022-02-19,202205010711,9,4.0,0.19854712653419923,-0.20581149386320308,400.0,708
WIN,2022,2022-02-19,202205010704,11,4.0,0.1988256843166745,-0.20469726273330202,400.0,709
WIN,2022,2022-08-13,202204030109,4,4.0,0.19799214396029244,-0.20803142415883025,400.0,710
WIN,2022,2022-04-17,202203010207,3,4.0,0.19880832920130145,-0.20476668319479419,400.0,711
WIN,2025,2025-07-06,202510020402,4,3.9,0.20342642650830434,-0.20663693661761307,390.0,712
WIN,2025,2025-02-02,202510010404,5,3.9,0.20367575434351914,-0.2056645580602754,390.0,713
WIN,2025,2025-12-06,202509050105,7,3.9,0.2000421392559641,-0.21983565690174012,390.0,714
WIN,2025,2025-09-27,202509040801,11,3.9,0.20343385331646394,-0.20660797206579062,390.0,715
WIN,2025,2025-06-08,202509030202,13,3.9,0.2022958481263021,-0.21104619230742183,390.0,716
WIN,2025,2025-03-09,202509010408,9,3.9,0.2034947310942529,-0.20637054873241367,390.0,717
WIN,2025,2025-10-25,202508030804,3,3.9,0.2031244965208944,-0.20781446356851185,390.0,718
WIN,2025,2025-05-18,202508020810,7,3.9,0.2033173068443226,-0.20706250330714193,390.0,719
WIN,2025,2025-08-23,202507040110,7,3.9,0.2023398462085397,-0.2108745997866952,390.0,720
WIN,2025,2025-08-10,202507030609,13,3.9,0.2029908725861357,-0.20833559691407078,390.0,721
WIN,2025,2025-03-29,202507020511,9,3.9,0.20300384061472307,-0.20828502160258,390.0,722
WIN,2025,2025-03-23,202507020408,14,3.9,0.20241116507775847,-0.21059645619674194,390.0,723
WIN,2025,2025-01-13,202507010508,14,3.9,0.20306818447854127,-0.208034080533689,390.0,724
WIN,2025,2025-09-20,202506040608,14,3.9,0.203514549442755,-0.20629325717325553,390.0,725
WIN,2025,2025-04-05,202506030310,7,3.9,0.2034049317633595,-0.20672076612289803,390.0,726
WIN,2025,2025-01-11,202506010301,16,3.9,0.2031635222267877,-0.20766226331552795,390.0,727
WIN,2025,2025-11-09,202505050208,5,3.9,0.20299650323099452,-0.20831363739912134,390.0,728
WIN,2025,2025-10-25,202505040811,5,3.9,0.20397831826289542,-0.20448455877470784,390.0,729
WIN,2025,2025-10-11,202505040303,1,3.9,0.198725946116769,-0.2249688101446009,390.0,730
WIN,2025,2025-05-24,202505020903,9,3.9,0.20316896164824724,-0.20764104957183582,390.0,731
WIN,2025,2025-02-22,202505010710,9,3.9,0.20222485206785532,-0.21132307693536434,390.0,732
WIN,2025,2025-02-16,202505010605,2,3.9,0.203814824915057,-0.2051221828312777,390.0,733
WIN,2025,2025-10-25,202504040307,3,3.9,0.20311098823365098,-0.2078671458887612,390.0,734
WIN,2025,2025-08-31,202504030412,7,3.9,0.20335395463578873,-0.20691957692042395,390.0,735
WIN,2025,2025-07-27,202504020209,2,3.9,0.20280372763108057,-0.20906546223878586,390.0,736
WIN,2025,2025-05-11,202504010408,1,3.9,0.20318208686477587,-0.2075898612273741,390.0,737
WIN,2025,2025-11-22,202503030511,10,3.9,0.20307949485506394,-0.20798997006525066,390.0,738
WIN,2025,2025-07-05,202502010712,9,3.9,0.20425420987524096,-0.20340858148656027,390.0,739
WIN,2025,2025-08-03,202501010410,11,3.9,0.2030556107094539,-0.20808311823312975,390.0,740
WIN,2025,2025-08-03,202501010401,8,3.9,0.20267102641174947,-0.20958299699417704,390.0,741
WIN,2024,2024-07-06,202410030307,12,3.9,0.20315305718254645,-0.2077030769880689,390.0,742
WIN,2024,2024-01-27,202410010510,8,3.9,0.20247035476429723,-0.2103656164192408,390.0,743
WIN,2024,2024-01-21,202410010408,1,3.9,0.2038945237353854,-0.20481135743199685,390.0,744
WIN,2024,2024-01-14,202410010203,10,3.9,0.20381978367518486,-0.2051028436667791,390.0,745
WIN,2024,2024-03-31,202409020402,9,3.9,0.20307810088135617,-0.20799540656271098,390.0,746
WIN,2024,2024-03-10,202409010607,2,3.9,0.2026842586479829,-0.20953139127286668,390.0,747
WIN,2024,2024-12-28,202408070903,1,3.9,0.20327848581666935,-0.2072139053149895,390.0,748
WIN,2024,2024-12-01,202408070201,12,3.9,0.20322188571292116,-0.20743464571960746,390.0,749
WIN,2024,2024-11-23,202408060709,1,3.9,0.20347288286527795,-0.20645575682541595,390.0,750
WIN,2024,2024-11-02,202408060103,3,3.9,0.20220329992346367,-0.21140713029849167,390.0,751
WIN,2024,2024-10-05,202408050107,2,3.9,0.203403478834769,-0.20672643254440093,390.0,752
WIN,2024,2024-01-13,202408010410,9,3.9,0.20306127473643049,-0.20806102852792108,390.0,753
WIN,2024,2024-12-01,202407040208,10,3.9,0.20431381904225684,-0.2031761057351983,390.0,754
WIN,2024,2024-09-28,202407030810,8,3.9,0.20337284519869833,-0.2068459037250765,390.0,755
WIN,2024,2024-09-21,202407030601,7,3.9,0.20266624289683796,-0.209601652702332,390.0,756
WIN,2024,2024-12-21,202406050707,8,3.9,0.20066825475257072,-0.2173938064649742,390.0,757
WIN,2024,2024-12-07,202406050306,12,3.9,0.20197915660327015,-0.21228128924724643,390.0,758
WIN,2024,2024-03-30,202406030308,13,3.9,0.2024465576868793,-0.21045842502117074,390.0,759
WIN,2024,2024-11-02,202405050108,1,3.9,0.1997495504932937,-0.2209767530761545,390.0,760
WIN,2024,2024-01-27,202405010107,2,3.9,0.20346056920114447,-0.2065037801155366,390.0,761
WIN,2024,2024-10-14,202404040408,6,3.9,0.20362690941704395,-0.2058550532735286,390.0,762
WIN,2024,2024-04-27,202404010111,6,3.9,0.2032908391128257,-0.20716572745997985,390.0,763
WIN,2024,2024-06-29,202403020111,3,3.9,0.20350353178518937,-0.20633622603776147,390.0,764
WIN,2024,2024-06-29,202403020105,1,3.9,0.2031822126204282,-0.20758937078033002,390.0,765
WIN,2024,2024-06-15,202402010309,6,3.9,0.19941926281730044,-0.22226487501252834,390.0,766
WIN,2024,2024-08-04,202401010605,7,3.9,0.2036266099098185,-0.20585622135170778,390.0,767
WIN,2024,2024-07-20,202401010102,2,3.9,0.20360225046263622,-0.2059512231957188,390.0,768
WIN,2023,2023-02-18,202310020303,3,3.9,0.20306137801293625,-0.20806062574954864,390.0,769
WIN,2023,2023-01-29,202310010603,7,3.9,0.20430931122847873,-0.20319368620893297,390.0,770
WIN,2023,2023-01-14,202310010102,1,3.9,0.20432131441815188,-0.2031468737692077,390.0,771
WIN,2023,2023-12-24,202309050809,15,3.9,0.20390771213759648,-0.20475992266337373,390.0,772
WIN,2023,2023-12-02,202309050102,5,3.9,0.21458760561152157,-0.16310833811506587,390.0,773
WIN,2023,2023-09-18,202309040509,5,3.9,0.20327431306205243,-0.20723017905799557,390.0,774
WIN,2023,2023-09-16,202309040310,13,3.9,0.2033123454669615,-0.20708185267885015,390.0,775
WIN,2023,2023-02-19,202309010402,15,3.9,0.20109569349892534,-0.21572679535419115,390.0,776
WIN,2023,2023-02-18,202309010302,14,3.9,0.2041241023489186,-0.20391600083921757,390.0,777
WIN,2023,2023-11-18,202308030506,4,3.9,0.20372534686315097,-0.2054711472337113,390.0,778
WIN,2023,2023-11-11,202308030311,2,3.9,0.21429483235558705,-0.1642501538132105,390.0,779
WIN,2023,2023-11-05,202308030212,11,3.9,0.2041793468418617,-0.20370054731673937,390.0,780
WIN,2023,2023-10-22,202308020708,1,3.9,0.2143273687693528,-0.16412326179952408,390.0,781
WIN,2023,2023-10-08,202308020206,10,3.9,0.20250601863066334,-0.21022652734041303,390.0,782
WIN,2023,2023-05-13,202308010706,5,3.9,0.20307711915497298,-0.20799923529560538,390.0,783
WIN,2023,2023-04-23,202308010210,7,3.9,0.20345151194997674,-0.20653910339509074,390.0,784
WIN,2023,2023-12-17,202307040609,10,3.9,0.21270229533095453,-0.17046104820927732,390.0,785
WIN,2023,2023-12-16,202307040507,2,3.9,0.2027416424398504,-0.20930759448458347,390.0,786
WIN,2023,2023-12-02,202307040104,9,3.9,0.21357336882386382,-0.1670638615869311,390.0,787
WIN,2023,2023-03-19,202307020410,10,3.9,0.20242257720300005,-0.21055194890829976,390.0,788
WIN,2023,2023-01-14,202307010511,3,3.9,0.20368509995101217,-0.20562811019105254,390.0,789
WIN,2023,2023-12-17,202306050607,8,3.9,0.21536022773073518,-0.1600951118501328,390.0,790
WIN,2023,2023-02-26,202306020212,1,3.9,0.20101860219697193,-0.21602745143180946,390.0,791
WIN,2023,2023-10-15,202305040504,5,3.9,0.2130629311932833,-0.16905456834619514,390.0,792
WIN,2023,2023-10-08,202305040208,6,3.9,0.2041901903675613,-0.2036582575665109,390.0,793
WIN,2023,2023-06-04,202305030204,14,3.9,0.20316938055320308,-0.207639415842508,390.0,794
WIN,2023,2023-04-29,202305020308,1,3.9,0.20331007200210505,-0.20709071919179034,390.0,795
WIN,2023,2023-10-22,202304040411,2,3.9,0.20310850369518005,-0.20787683558879788,390.0,796
WIN,2023,2023-10-14,202304040102,5,3.9,0.21310102979982712,-0.16890598378067423,390.0,797
WIN,2023,2023-09-02,202304030707,8,3.9,0.2033092541982641,-0.20709390862677002,390.0,798
WIN,2023,2023-07-09,202302020406,1,3.9,0.20294131672804547,-0.2085288647606227,390.0,799
WIN,2023,2023-06-18,202302010402,11,3.9,0.20314272029494523,-0.2077433908497136,390.0,800
WIN,2023,2023-08-26,202301020512,10,3.9,0.2025692621290969,-0.20997987769652215,390.0,801
WIN,2023,2023-08-20,202301020402,7,3.9,0.20358879186374945,-0.2060037117313771,390.0,802
WIN,2023,2023-08-05,202301010509,3,3.9,0.20294410149580194,-0.20851800416637245,390.0,803
WIN,2023,2023-08-05,202301010507,6,3.9,0.20378484916013698,-0.20523908827546578,390.0,804
WIN,2022,2022-08-28,202210040611,11,3.9,0.20367721267315744,-0.20565887057468601,390.0,805
WIN,2022,2022-07-03,202210030205,6,3.9,0.21290238951015145,-0.16968068091040933,390.0,806
WIN,2022,2022-02-27,202210020608,18,3.9,0.20358919609826814,-0.20600213521675426,390.0,807
WIN,2022,2022-02-20,202210020407,15,3.9,0.2041439429373459,-0.20383862254435103,390.0,808
WIN,2022,2022-12-10,202209060310,11,3.9,0.2030932126774219,-0.20793647055805464,390.0,809
WIN,2022,2022-04-03,202209020402,8,3.9,0.20367749779095357,-0.20565775861528113,390.0,810
WIN,2022,2022-03-06,202209010807,8,3.9,0.20312872012179553,-0.20779799152499745,390.0,811
WIN,2022,2022-02-27,202209010604,4,3.9,0.20193572911965674,-0.2124506564333387,390.0,812
WIN,2022,2022-02-20,202209010410,3,3.9,0.20365306146452228,-0.20575306028836315,390.0,813
WIN,2022,2022-09-10,202207050110,9,3.9,0.20303576537583284,-0.20816051503425193,390.0,814
WIN,2022,2022-06-05,202207040210,10,3.9,0.20351572138431068,-0.20628868660118838,390.0,815
WIN,2022,2022-05-07,202207030108,2,3.9,0.2036049962939585,-0.20594051445356187,390.0,816
WIN,2022,2022-03-12,202207020105,9,3.9,0.2037478951704662,-0.2053832088351818,390.0,817
WIN,2022,2022-02-05,202207011103,10,3.9,0.2027621902067024,-0.20922745819386068,390.0,818
WIN,2022,2022-12-24,202206050709,7,3.9,0.20387354311699682,-0.2048931818437124,390.0,819
WIN,2022,2022-12-17,202206050502,11,3.9,0.21576920354137166,-0.1585001061886505,390.0,820
WIN,2022,2022-12-11,202206050409,11,3.9,0.2017118012437836,-0.21332397514924395,390.0,821
WIN,2022,2022-09-10,202206040102,2,3.9,0.21513530877354925,-0.16097229578315797,390.0,822
WIN,2022,2022-11-26,202205050709,9,3.9,0.21298371140627886,-0.16936352551551248,390.0,823
WIN,2022,2022-11-20,202205050605,7,3.9,0.21304402729302155,-0.16912829355721593,390.0,824
WIN,2022,2022-11-13,202205050402,8,3.9,0.21391298810441028,-0.16573934639279986,390.0,825
WIN,2022,2022-06-26,202205030807,12,3.9,0.20401423910575187,-0.20434446748756774,390.0,826
WIN,2022,2022-04-30,202205020306,7,3.9,0.20305455142390916,-0.20808724944675427,390.0,827
WIN,2022,2022-05-21,202204010512,2,3.9,0.20380074294268857,-0.20517710252351462,390.0,828
WIN,2022,2022-05-15,202204010409,13,3.9,0.20388877667415892,-0.20483377097078026,390.0,829
WIN,2022,2022-05-07,202204010101,3,3.9,0.20340445401208296,-0.20672262935287644,390.0,830
WIN,2022,2022-11-06,202203030206,7,3.9,0.21262222295752625,-0.1707733304656477,390.0,831
WIN,2022,2022-07-17,202203020603,12,3.9,0.20325782991631766,-0.20729446332636114,390.0,832
WIN,2022,2022-08-28,202201020604,13,3.9,0.20344271544519363,-0.20657340976374483,390.0,833
WIN,2022,2022-08-20,202201020305,6,3.9,0.2146493944891141,-0.16286736149245506,390.0,834
WIN,2022,2022-07-31,202201010409,10,3.9,0.20402826302749252,-0.20428977419277916,390.0,835
WIN,2023,2023-08-20,202310030410,7,3.8,0.2094918834431775,-0.20393084291592545,380.0,836
WIN,2022,2022-07-03,202202010804,12,3.8,0.20921210011394084,-0.2049940195670248,380.0,837
WIN,2022,2022-08-14,202201020204,6,3.7,0.21320282028903192,-0.2111495649305818,370.0,838
WIN,2025,2025-06-28,202510020108,16,3.6,0.22055506931252936,-0.20600175047489433,360.0,839
WIN,2025,2025-02-23,202510011005,6,3.6,0.2197748126522225,-0.20881067445199897,360.0,840
WIN,2025,2025-12-20,202509050512,9,3.6,0.22086233155190027,-0.20489560641315896,360.0,841
WIN,2025,2025-09-28,202509040910,16,3.6,0.22002635904112097,-0.20790510745196444,360.0,842
WIN,2025,2025-03-29,202509020104,11,3.6,0.22135940145194838,-0.20310615477298577,360.0,843
WIN,2025,2025-05-31,202508021101,9,3.6,0.2193117777007754,-0.21047760027720852,360.0,844
WIN,2025,2025-05-24,202508020912,10,3.6,0.2184613591480393,-0.21353910706705848,360.0,845
WIN,2025,2025-02-23,202508010804,5,3.6,0.21984302837451686,-0.20856509785173927,360.0,846
WIN,2025,2025-12-07,202507050203,4,3.6,0.21977729643658991,-0.2088017328282763,360.0,847
WIN,2025,2025-12-06,202507050111,6,3.6,0.22081299153883807,-0.2050732304601829,360.0,848
WIN,2025,2025-08-10,202507030604,6,3.6,0.21948762834482466,-0.20984453795863123,360.0,849
WIN,2025,2025-08-02,202507030305,11,3.6,0.2170785401879564,-0.21851725532335697,360.0,850
WIN,2025,2025-03-16,202506020612,13,3.6,0.21968166230834013,-0.20914601568997548,360.0,851
WIN,2025,2025-03-08,202506020304,2,3.6,0.21683804149536207,-0.2193830506166965,360.0,852
WIN,2025,2025-11-30,202505050806,4,3.6,0.22004592981332988,-0.2078346526720124,360.0,853
WIN,2025,2025-10-11,202505040311,6,3.6,0.2193484922446885,-0.21034542791912136,360.0,854
WIN,2025,2025-10-05,202505040201,7,3.6,0.2199334474330665,-0.20823958924096053,360.0,855
WIN,2025,2025-06-21,202505030509,3,3.6,0.2196835862172434,-0.2091390896179237,360.0,856
WIN,2025,2025-02-16,202505010601,14,3.6,0.2202376548852735,-0.20714444241301544,360.0,857
WIN,2025,2025-08-30,202504030307,15,3.6,0.2201733313999805,-0.2073760069600702,360.0,858
WIN,2025,2025-06-28,202503020103,12,3.6,0.21813797276554003,-0.21470329804405586,360.0,859
WIN,2025,2025-08-17,202501010802,11,3.6,0.21825837018973718,-0.2142698673169462,360.0,860
WIN,2024,2024-10-19,202408050501,4,3.6,0.2198582575750925,-0.20851027272966693,360.0,861
WIN,2024,2024-10-13,202408050402,6,3.6,0.21841785207937706,-0.21369573251424256,360.0,862
WIN,2024,2024-10-06,202408050204,2,3.6,0.22076642785420383,-0.20524085972486616,360.0,863
WIN,2024,2024-06-23,202408040807,3,3.6,0.21936276723236203,-0.21029403796349666,360.0,864
WIN,2024,2024-05-05,202408030605,5,3.6,0.2196681351171524,-0.20919471357825126,360.0,865
WIN,2024,2024-01-21,202408010708,16,3.6,0.2203563269154921,-0.20671722310422846,360.0,866
WIN,2024,2024-01-06,202408010104,6,3.6,0.22035436894167829,-0.20672427180995812,360.0,867
WIN,2024,2024-09-22,202407030705,6,3.6,0.22133501912845732,-0.20319393113755357,360.0,868
WIN,2024,2024-09-21,202407030612,1,3.6,0.22060149868684875,-0.2058346047273445,360.0,869
WIN,2024,2024-03-10,202407010212,5,3.6,0.21991507080319034,-0.20830574510851474,360.0,870
WIN,2024,2024-03-10,202407010209,3,3.6,0.22031373759976405,-0.20687054464084942,360.0,871
WIN,2024,2024-03-23,202406030103,11,3.6,0.22035363640975242,-0.20672690892489132,360.0,872
WIN,2024,2024-01-07,202406010208,8,3.6,0.22081297357962815,-0.2050732951133386,360.0,873
WIN,2024,2024-11-23,202405050709,12,3.6,0.21916599448811486,-0.21100241984278645,360.0,874
WIN,2024,2024-11-23,202405050703,14,3.6,0.2177486392027046,-0.2161048988702634,360.0,875
WIN,2024,2024-11-03,202405050203,2,3.6,0.21643260746089,-0.220842613140796,360.0,876
WIN,2024,2024-11-02,202405050102,8,3.6,0.21954944268314278,-0.20962200634068595,360.0,877
WIN,2024,2024-06-09,202405030411,6,3.6,0.22033874553203228,-0.20678051608468373,360.0,878
WIN,2024,2024-06-02,202405030211,7,3.6,0.22007783758075222,-0.20771978470929198,360.0,879
WIN,2024,2024-06-01,202405030102,3,3.6,0.2197444807514926,-0.20891986929462658,360.0,880
WIN,2024,2024-05-19,202405021012,13,3.6,0.2205723502526273,-0.20593953909054163,360.0,881
WIN,2024,2024-05-05,202405020603,11,3.6,0.22062308136059472,-0.205756907101859,360.0,882
WIN,2024,2024-02-10,202405010508,3,3.6,0.2196109593121732,-0.20940054647617645,360.0,883
WIN,2024,2024-10-12,202404040310,12,3.6,0.21953930029112154,-0.2096585189519624,360.0,884
WIN,2024,2024-08-11,202404030202,5,3.6,0.2205985813859946,-0.20584510701041936,360.0,885
WIN,2024,2024-06-29,202403020110,6,3.6,0.2207318219511316,-0.20536544097592613,360.0,886
WIN,2024,2024-07-14,202402011204,3,3.6,0.21893803058827443,-0.211823089882212,360.0,887
WIN,2024,2024-08-11,202401020205,9,3.6,0.21853817767289108,-0.21326256037759206,360.0,888
WIN,2024,2024-07-21,202401010206,8,3.6,0.22105487654129968,-0.20420244445132107,360.0,889
WIN,2023,2023-02-12,202310020205,9,3.6,0.21865522419479896,-0.21284119289872372,360.0,890
WIN,2023,2023-09-18,202309040502,2,3.6,0.23094430811712263,-0.16860049077835848,360.0,891
WIN,2023,2023-03-11,202309010909,10,3.6,0.22014610176888538,-0.20747403363201256,360.0,892
WIN,2023,2023-11-19,202308030601,1,3.6,0.22946965609520822,-0.17390923805725034,360.0,893
WIN,2023,2023-12-10,202307040402,3,3.6,0.2200430281859904,-0.20784509853043454,360.0,894
WIN,2023,2023-12-23,202306050707,13,3.6,0.220765898738457,-0.20524276454155477,360.0,895
WIN,2023,2023-12-16,202306050509,13,3.6,0.22016180348831663,-0.2074175074420601,360.0,896
WIN,2023,2023-03-05,202306020408,5,3.6,0.22061209270749713,-0.2057964662530103,360.0,897
WIN,2023,2023-02-25,202306020103,16,3.6,0.2206839728208863,-0.20553769784480924,360.0,898
WIN,2023,2023-10-14,202305040407,6,3.6,0.22006854905097822,-0.2077532234164784,360.0,899
WIN,2023,2023-10-07,202305040102,4,3.6,0.22792393300711855,-0.17947384117437315,360.0,900
WIN,2023,2023-04-30,202305020401,14,3.6,0.2205773173032982,-0.20592165770812654,360.0,901
WIN,2023,2023-02-18,202305010707,2,3.6,0.21917519786300038,-0.21096928769319856,360.0,902
WIN,2023,2023-10-15,202304040204,8,3.6,0.2210499685287464,-0.20422011329651302,360.0,903
WIN,2023,2023-05-14,202304010609,11,3.6,0.21886898922142506,-0.21207163880286972,360.0,904
WIN,2023,2023-11-05,202303030206,2,3.6,0.23315714237993657,-0.1606342874322283,360.0,905
WIN,2023,2023-04-09,202303010207,11,3.6,0.2196984733926129,-0.20908549578659352,360.0,906
WIN,2023,2023-08-27,202301020608,8,3.6,0.2197114011067786,-0.20903895601559708,360.0,907
WIN,2023,2023-07-23,202301010212,2,3.6,0.2209428482182593,-0.20460574641426654,360.0,908
WIN,2022,2022-02-05,202210010710,3,3.6,0.21946602235648877,-0.20992231951664042,360.0,909
WIN,2022,2022-12-03,202209060109,1,3.6,0.21928624632905583,-0.21056951321539896,360.0,910
WIN,2022,2022-10-23,202209040709,12,3.6,0.22011353651485996,-0.20759126854650412,360.0,911
WIN,2022,2022-10-09,202209040203,1,3.6,0.2334246875329774,-0.15967112488128132,360.0,912
WIN,2022,2022-03-12,202209010909,5,3.6,0.2178212203578021,-0.21584360671191238,360.0,913
WIN,2022,2022-09-18,202207050408,6,3.6,0.21956905998226184,-0.20955138406385732,360.0,914
WIN,2022,2022-05-08,202207030201,12,3.6,0.21974973269429826,-0.20890096230052624,360.0,915
WIN,2022,2022-03-19,202207020309,4,3.6,0.22092678595870568,-0.20466357054865947,360.0,916
WIN,2022,2022-01-23,202207010803,13,3.6,0.2202462199210388,-0.2071136082842603,360.0,917
WIN,2022,2022-12-18,202206050612,3,3.6,0.22103780780447574,-0.20426389190388727,360.0,918
WIN,2022,2022-04-10,202206030605,14,3.6,0.21958243488748738,-0.20950323440504537,360.0,919
WIN,2022,2022-04-10,202206030604,9,3.6,0.21972580213166149,-0.20898711232601863,360.0,920
WIN,2022,2022-01-10,202206010407,15,3.6,0.22096971573966134,-0.2045090233372191,360.0,921
WIN,2022,2022-01-09,202206010310,1,3.6,0.22005370300016808,-0.20780666919939494,360.0,922
WIN,2022,2022-11-12,202205050301,3,3.6,0.23126851050049652,-0.16743336219821248,360.0,923
WIN,2022,2022-10-22,202205040604,6,3.6,0.23264600861565277,-0.16247436898364997,360.0,924
WIN,2022,2022-10-10,202205040311,15,3.6,0.22030849539276964,-0.20688941658602922,360.0,925
WIN,2022,2022-10-09,202205040206,12,3.6,0.22016280530591914,-0.20741390089869105,360.0,926
WIN,2022,2022-05-08,202205020604,15,3.6,0.21907906709793729,-0.21131535844742577,360.0,927
WIN,2022,2022-04-24,202205020212,14,3.6,0.22053448100687226,-0.20607586837525982,360.0,928
WIN,2022,2022-02-20,202205010809,3,3.6,0.21976850232741715,-0.20883339162129821,360.0,929
WIN,2022,2022-11-13,202203030406,11,3.6,0.21948035337731026,-0.20987072784168304,360.0,930
WIN,2022,2022-11-05,202203030110,10,3.6,0.22048075427479596,-0.20626928461073446,360.0,931
WIN,2022,2022-04-24,202203010409,5,3.6,0.22115787051819416,-0.203831666134501,360.0,932
WIN,2022,2022-04-16,202203010105,11,3.6,0.21849928145158998,-0.21340258677427604,360.0,933
WIN,2022,2022-07-10,202202011001,7,3.6,0.23161467335239652,-0.16618717593137255,360.0,934
WIN,2022,2022-08-28,202201020609,13,3.6,0.21940261239666284,-0.21015059537201375,360.0,935
WIN,2022,2022-08-06,202201010503,9,3.6,0.22081185675436033,-0.20507731568430276,360.0,936
WIN,2025,2025-04-13,202506030610,3,3.5,0.22711174439148815,-0.20510889462979143,350.0,937
WIN,2024,2024-02-11,202410020207,8,3.5,0.22725119048437178,-0.2046208333046987,350.0,938
WIN,2024,2024-04-27,202405020303,12,3.5,0.22664152533513493,-0.2067546613270277,350.0,939
WIN,2024,2024-10-27,202404040802,8,3.5,0.226012943018539,-0.20895469943511347,350.0,940
WIN,2024,2024-07-27,202404020103,3,3.5,0.22745289180000103,-0.20391487869999636,350.0,941
WIN,2024,2024-07-13,202402011110,6,3.5,0.22653934594052522,-0.20711228920816172,350.0,942
WIN,2023,2023-10-15,202308020509,8,3.5,0.22523059038603926,-0.21169293364886255,350.0,943
WIN,2022,2022-10-22,202209040608,2,3.5,0.22675603464027846,-0.20635387875902533,350.0,944
WIN,2022,2022-10-08,202209040107,2,3.5,0.22639250392774618,-0.20762623625288834,350.0,945
WIN,2022,2022-09-18,202206040404,14,3.5,0.23865056012764818,-0.1647230395532313,350.0,946
WIN,2022,2022-07-30,202204020107,5,3.5,0.2269202627035588,-0.20577908053754412,350.0,947
WIN,2025,2025-12-07,202509050211,8,3.4,0.2341575973862233,-0.20386416888684078,340.0,948
WIN,2025,2025-10-19,202508030703,4,3.4,0.23334119219720353,-0.206639946529508,340.0,949
WIN,2025,2025-02-01,202508010105,9,3.4,0.234245927874676,-0.2035638452261016,340.0,950
WIN,2025,2025-08-30,202507040311,4,3.4,0.23413458792835817,-0.2039424010435822,340.0,951
WIN,2025,2025-01-25,202507010807,3,3.4,0.23127226490135677,-0.21367429933538695,340.0,952
WIN,2025,2025-03-23,202506020806,12,3.4,0.2292690573853238,-0.2204852048898991,340.0,953
WIN,2025,2025-10-25,202504040301,5,3.4,0.23307803346866388,-0.2075346862065428,340.0,954
WIN,2025,2025-08-30,202504030310,10,3.4,0.23344362948735195,-0.20629165974300334,340.0,955
WIN,2025,2025-04-19,202503010312,4,3.4,0.23360351575534552,-0.2057480464318252,340.0,956
WIN,2025,2025-09-07,202501020603,10,3.4,0.23366972572357983,-0.20552293253982856,340.0,957
WIN,2025,2025-09-06,202501020511,4,3.4,0.23229393309140242,-0.21020062748923174,340.0,958
WIN,2024,2024-12-21,202406050712,2,3.4,0.23260851660324325,-0.20913104354897294,340.0,959
WIN,2024,2024-12-07,202406050312,8,3.4,0.23296518215702652,-0.2079183806661098,340.0,960
WIN,2024,2024-03-31,202406030402,14,3.4,0.2282892574576338,-0.2238165246440451,340.0,961
WIN,2024,2024-03-30,202406030303,12,3.4,0.23164960161547102,-0.21239135450739854,340.0,962
WIN,2024,2024-11-02,202405050110,1,3.4,0.23407458390462543,-0.20414641472427353,340.0,963
WIN,2024,2024-08-31,202404030708,11,3.4,0.23137321795040988,-0.21333105896860638,340.0,964
WIN,2024,2024-05-18,202404010706,15,3.4,0.23341159587753296,-0.2064005740163879,340.0,965
WIN,2024,2024-04-27,202404010103,6,3.4,0.23242540687549035,-0.2097536166233328,340.0,966
WIN,2024,2024-11-17,202403030601,5,3.4,0.23273182693563838,-0.20871178841882954,340.0,967
WIN,2024,2024-08-18,202401020404,3,3.4,0.2329973775257592,-0.20780891641241872,340.0,968
WIN,2023,2023-02-25,202309010503,11,3.4,0.23311543762322956,-0.20740751208101948,340.0,969
WIN,2023,2023-10-14,202308020407,2,3.4,0.23340887495274776,-0.20640982516065765,340.0,970
WIN,2023,2023-05-21,202308011009,8,3.4,0.23191005896581227,-0.21150579951623827,340.0,971
WIN,2023,2023-07-15,202307030505,8,3.4,0.24632881778798188,-0.1624820195208616,340.0,972
WIN,2023,2023-01-14,202306010504,14,3.4,0.23294835279698128,-0.20797560049026365,340.0,973
WIN,2023,2023-01-08,202306010310,10,3.4,0.23388708828486746,-0.20478389983145062,340.0,974
WIN,2023,2023-10-22,202305040705,13,3.4,0.24690122428228822,-0.16053583744022004,340.0,975
WIN,2023,2023-02-05,202305010412,10,3.4,0.23172782893107557,-0.21212538163434302,340.0,976
WIN,2023,2023-10-14,202304040105,11,3.4,0.2472217299821914,-0.1594461180605492,340.0,977
WIN,2022,2022-03-19,202209011106,6,3.4,0.23278929990574537,-0.2085163803204657,340.0,978
WIN,2022,2022-01-05,202207010108,6,3.4,0.2338031279660204,-0.20506936491553063,340.0,979
WIN,2022,2022-12-18,202206050610,5,3.4,0.23189667990788732,-0.21155128831318315,340.0,980
WIN,2022,2022-10-08,202205040107,8,3.4,0.2334315785768839,-0.2063326328385947,340.0,981
WIN,2022,2022-11-19,202203030505,7,3.4,0.24657571283886598,-0.16164257634785573,340.0,982
WIN,2022,2022-07-10,202203020409,11,3.4,0.23312093820726928,-0.20738881009528443,340.0,983
WIN,2025,2025-11-15,202508040301,6,3.3,0.23929318211975778,-0.21033249900479933,330.0,984
WIN,2024,2024-10-19,202408050511,11,3.3,0.2404243203124596,-0.20659974296888328,330.0,985
WIN,2024,2024-10-12,202408050305,11,3.3,0.24011106759960624,-0.2076334769212994,330.0,986
WIN,2024,2024-08-24,202407020507,4,3.3,0.2388255535015008,-0.21187567344504732,330.0,987
WIN,2024,2024-11-30,202406050112,14,3.3,0.2405844660041174,-0.20607126218641258,330.0,988
WIN,2024,2024-01-21,202406010704,11,3.3,0.24081628865253066,-0.20530624744664883,330.0,989
WIN,2024,2024-06-30,202403020206,2,3.3,0.23877239491087807,-0.2120510967941024,330.0,990
WIN,2023,2023-11-18,202308030507,5,3.3,0.239486481862288,-0.20969460985444965,330.0,991
WIN,2023,2023-03-19,202306020808,10,3.3,0.2401769896566998,-0.2074159341328906,330.0,992
WIN,2023,2023-08-05,202301010510,12,3.3,0.23987877502097057,-0.20840004243079713,330.0,993
WIN,2022,2022-06-11,202202010109,3,3.3,0.2404313453933545,-0.20657656020193016,330.0,994
WIN,2022,2022-08-06,202201010511,2,3.3,0.24059124492177025,-0.20604889175815821,330.0,995
WIN,2025,2025-02-23,202510011012,10,3.2,0.24776566877753312,-0.20714985991189394,320.0,996
WIN,2025,2025-02-09,202510010610,15,3.2,0.2480678533432043,-0.20618286930174623,320.0,997
WIN,2025,2025-09-21,202509040712,15,3.2,0.24890355556548102,-0.20350862219046073,320.0,998
WIN,2025,2025-04-12,202509020508,13,3.2,0.2466234061817812,-0.21080510021830012,320.0,999
WIN,2025,2025-03-30,202509020202,15,3.2,0.2489099865712579,-0.20348804297197465,320.0,1000
WIN,2025,2025-11-23,202508040604,6,3.2,0.24804062120655887,-0.20627001213901153,320.0,1001
WIN,2025,2025-10-18,202508030611,5,3.2,0.24746488306009545,-0.20811237420769446,320.0,1002
WIN,2025,2025-10-11,202508030311,14,3.2,0.2468523701609124,-0.21007241548508027,320.0,1003
WIN,2025,2025-10-05,202508030204,6,3.2,0.24697780129092803,-0.20967103586903024,320.0,1004
WIN,2025,2025-06-01,202508021206,6,3.2,0.2474085395061054,-0.20829267358046266,320.0,1005
WIN,2025,2025-05-25,202508021010,13,3.2,0.24753538081478646,-0.20788678139268324,320.0,1006
WIN,2025,2025-04-27,202508020208,6,3.2,0.24679673385263293,-0.21025045167157463,320.0,1007
WIN,2025,2025-02-01,202508010112,8,3.2,0.24720626460151574,-0.20893995327514958,320.0,1008
WIN,2025,2025-01-05,202507010109,5,3.2,0.24738175068228394,-0.20837839781669132,320.0,1009
WIN,2025,2025-12-14,202506050411,4,3.2,0.2472747781353966,-0.20872070996673076,320.0,1010
WIN,2025,2025-09-13,202506040309,11,3.2,0.2461564971339019,-0.2122992091715139,320.0,1011
WIN,2025,2025-03-02,202506020207,1,3.2,0.24840991771225573,-0.20508826332078156,320.0,1012
WIN,2025,2025-03-02,202506020205,17,3.2,0.24898517176212184,-0.20324745036121006,320.0,1013
WIN,2025,2025-11-30,202505050811,15,3.2,0.24820415244320115,-0.20574671218175622,320.0,1014
WIN,2025,2025-02-02,202505010212,3,3.2,0.2465743891420607,-0.2109619547454057,320.0,1015
WIN,2025,2025-07-27,202504020206,5,3.2,0.24299554400947465,-0.22241425916968105,320.0,1016
WIN,2025,2025-07-13,202503020608,2,3.2,0.24641969554252138,-0.2114569742639315,320.0,1017
WIN,2025,2025-07-06,202502010802,7,3.2,0.24539408079072766,-0.21473894146967143,320.0,1018
WIN,2025,2025-06-15,202502010201,10,3.2,0.24789037258291616,-0.20675080773466825,320.0,1019
WIN,2024,2024-07-14,202410030607,10,3.2,0.24637316451130192,-0.21160587356383376,320.0,1020
WIN,2024,2024-02-24,202410020511,7,3.2,0.24862319234046953,-0.2044057845104974,320.0,1021
WIN,2024,2024-01-20,202410010311,13,3.2,0.24700067521930938,-0.20959783929820996,320.0,1022
WIN,2024,2024-03-24,202409020208,7,3.2,0.24793313966580305,-0.2066139530694302,320.0,1023
WIN,2024,2024-11-17,202408060610,5,3.2,0.26180909410436215,-0.16221089886604112,320.0,1024
WIN,2024,2024-11-03,202408060202,14,3.2,0.2473074076973263,-0.20861629536855586,320.0,1025
WIN,2024,2024-10-20,202408050602,7,3.2,0.24726273078899016,-0.20875926147523138,320.0,1026
WIN,2024,2024-06-22,202408040711,9,3.2,0.2482042991455707,-0.20574624273417363,320.0,1027
WIN,2024,2024-06-15,202408040507,3,3.2,0.24498516825670416,-0.2160474615785466,320.0,1028
WIN,2024,2024-05-11,202408030701,13,3.2,0.2479116536804631,-0.206682708222518,320.0,1029
WIN,2024,2024-01-21,202408010703,4,3.2,0.24990342586214478,-0.2003090372411367,320.0,1030
WIN,2024,2024-01-13,202408010411,7,3.2,0.24918119627790458,-0.20262017191070525,320.0,1031
WIN,2024,2024-01-08,202408010312,8,3.2,0.2477142151920856,-0.20731451138532597,320.0,1032
WIN,2024,2024-01-07,202408010209,1,3.2,0.24707582412774554,-0.2093573627912142,320.0,1033
WIN,2024,2024-08-24,202407020512,14,3.2,0.24922678150271435,-0.202474299191314,320.0,1034
WIN,2024,2024-12-08,202406050403,10,3.2,0.24680333248082895,-0.2102293360613473,320.0,1035
WIN,2024,2024-12-01,202406050202,10,3.2,0.24585293742118344,-0.2132706002522129,320.0,1036
WIN,2024,2024-03-24,202406030201,12,3.2,0.24601498601008046,-0.21275204476774245,320.0,1037
WIN,2024,2024-11-16,202405050507,16,3.2,0.24782382161311264,-0.20696377083803952,320.0,1038
WIN,2024,2024-04-20,202405020112,12,3.2,0.2473172607489908,-0.20858476560322936,320.0,1039
WIN,2024,2024-10-06,202404040203,2,3.2,0.24677617851887487,-0.21031622873960032,320.0,1040
WIN,2024,2024-05-12,202404010610,11,3.2,0.2467608979923854,-0.21036512642436667,320.0,1041
WIN,2024,2024-05-12,202404010604,8,3.2,0.24783249258833562,-0.206936023717326,320.0,1042
WIN,2024,2024-06-15,202402010305,2,3.2,0.24864976524906526,-0.2043207512029911,320.0,1043
WIN,2024,2024-06-09,202402010207,6,3.2,0.24684326541728205,-0.21010155066469738,320.0,1044
WIN,2024,2024-08-25,202401020606,5,3.2,0.24616104392621277,-0.21228465943611907,320.0,1045
WIN,2024,2024-08-17,202401020301,6,3.2,0.24697885370741252,-0.2096676681362799,320.0,1046
WIN,2024,2024-08-10,202401020105,1,3.2,0.24672775411992023,-0.2104711868162552,320.0,1047
WIN,2023,2023-08-12,202310030104,8,3.2,0.24831564944621046,-0.20538992177212645,320.0,1048
WIN,2023,2023-06-17,202309030504,1,3.2,0.2474576380346367,-0.20813555828916253,320.0,1049
WIN,2023,2023-11-05,202308030207,3,3.2,0.24441360696083766,-0.21787645772531938,320.0,1050
WIN,2023,2023-10-14,202308020412,10,3.2,0.247811068836539,-0.20700457972307518,320.0,1051
WIN,2023,2023-10-07,202308020102,15,3.2,0.26091313767405444,-0.16507795944302572,320.0,1052
WIN,2023,2023-12-16,202307040501,6,3.2,0.25979891194672877,-0.16864348177046784,320.0,1053
WIN,2023,2023-12-09,202307040308,6,3.2,0.24744212692752782,-0.20818519383191092,320.0,1054
WIN,2023,2023-12-09,202307040301,8,3.2,0.2581817898763291,-0.17381827239574676,320.0,1055
WIN,2023,2023-07-09,202307030407,3,3.2,0.2466322241336736,-0.21077688277224438,320.0,1056
WIN,2023,2023-03-11,202307020110,4,3.2,0.24931655675942715,-0.2021870183698331,320.0,1057
WIN,2023,2023-09-24,202306040704,13,3.2,0.2605857612889576,-0.1661255638753356,320.0,1058
WIN,2023,2023-09-23,202306040610,3,3.2,0.24662712784225246,-0.2107931909047921,320.0,1059
WIN,2023,2023-11-04,202305050111,7,3.2,0.2605132157150118,-0.16635770971196218,320.0,1060
WIN,2023,2023-10-14,202305040403,7,3.2,0.2597787907200101,-0.16870786969596763,320.0,1061
WIN,2023,2023-05-06,202305020511,3,3.2,0.24389877767750112,-0.21952391143199634,320.0,1062
WIN,2023,2023-04-30,202305020407,5,3.2,0.24482296657542393,-0.21656650695864332,320.0,1063
WIN,2023,2023-02-19,202305010806,4,3.2,0.248423785291071,-0.20504388706857268,320.0,1064
WIN,2023,2023-10-21,202304040309,9,3.2,0.24847321507438772,-0.20488571176195924,320.0,1065
WIN,2023,2023-08-20,202304030410,7,3.2,0.24607247953927278,-0.21256806547432705,320.0,1066
WIN,2023,2023-11-19,202303030601,9,3.2,0.2605551079962529,-0.1662236544119906,320.0,1067
WIN,2023,2023-07-23,202303020808,12,3.2,0.24639375537335995,-0.2115399828052481,320.0,1068
WIN,2023,2023-07-23,202303020802,10,3.2,0.24766498780500656,-0.20747203902397893,320.0,1069
WIN,2023,2023-04-16,202303010406,12,3.2,0.2474802929993258,-0.20806306240215733,320.0,1070
WIN,2023,2023-08-12,202301020107,1,3.2,0.24634309947528488,-0.21170208167908833,320.0,1071
WIN,2023,2023-08-05,202301010508,10,3.2,0.24885148254605483,-0.20367525585262447,320.0,1072
WIN,2022,2022-07-03,202210030208,4,3.2,0.24789138804847813,-0.2067475582448699,320.0,1073
WIN,2022,2022-01-23,202210010404,9,3.2,0.2462296811290182,-0.2120650203871417,320.0,1074
WIN,2022,2022-12-18,202209060603,14,3.2,0.25869732375602206,-0.17216856398072933,320.0,1075
WIN,2022,2022-10-15,202209040408,5,3.2,0.24824490208659059,-0.20561631332291008,320.0,1076
WIN,2022,2022-04-16,202209020710,3,3.2,0.24717358268469947,-0.20904453540896162,320.0,1077
WIN,2022,2022-02-19,202209010307,3,3.2,0.24805685668798558,-0.2062180585984461,320.0,1078
WIN,2022,2022-02-06,202207011206,8,3.2,0.24727891120051096,-0.20870748415836493,320.0,1079
WIN,2022,2022-01-05,202207010103,6,3.2,0.24784927955580707,-0.20688230542141728,320.0,1080
WIN,2022,2022-12-04,202206050209,6,3.2,0.24504702182155955,-0.21584953017100938,320.0,1081
WIN,2022,2022-09-10,202206040103,8,3.2,0.258209058490373,-0.17373101283080628,320.0,1082
WIN,2022,2022-01-10,202206010412,11,3.2,0.24832519561106564,-0.20535937404458993,320.0,1083
WIN,2022,2022-11-27,202205050810,14,3.2,0.24816313850556848,-0.2058779567821808,320.0,1084
WIN,2022,2022-11-26,202205050703,5,3.2,0.25819037602398714,-0.17379079672324105,320.0,1085
WIN,2022,2022-10-29,202205040805,8,3.2,0.2578100977697736,-0.17500768713672443,320.0,1086
WIN,2022,2022-06-04,202205030103,12,3.2,0.2461677721836011,-0.21226312901247635,320.0,1087
WIN,2022,2022-05-21,202205020911,2,3.2,0.24874273879856143,-0.20402323584460336,320.0,1088
WIN,2022,2022-02-12,202205010509,2,3.2,0.24573406613054236,-0.21365098838226437,320.0,1089
WIN,2022,2022-01-29,202205010105,5,3.2,0.2435426899679486,-0.22066339210256447,320.0,1090
WIN,2022,2022-04-23,202203010307,16,3.2,0.24654163777878735,-0.21106675910788042,320.0,1091
WIN,2022,2022-08-21,202201020401,3,3.2,0.2569457511508006,-0.17777359631743805,320.0,1092
WIN,2025,2025-10-11,202508030306,6,3.1,0.25544161983338687,-0.20813097851650064,310.0,1093
WIN,2025,2025-02-23,202508010806,8,3.1,0.2550625531233765,-0.2093060853175328,310.0,1094
WIN,2025,2025-01-18,202507010601,1,3.1,0.2547403958774706,-0.21030477277984105,310.0,1095
WIN,2025,2025-01-13,202507010504,4,3.1,0.2551612844253984,-0.2090000182812648,310.0,1096
WIN,2025,2025-04-12,202506030503,2,3.1,0.2542186927048982,-0.21192205261481545,310.0,1097
WIN,2025,2025-01-25,202506010804,15,3.1,0.2552399857909554,-0.20875604404803816,310.0,1098
WIN,2025,2025-11-23,202505050503,2,3.1,0.25608098869168905,-0.20614893505576393,310.0,1099
WIN,2024,2024-07-13,202410030510,15,3.1,0.2567477981716935,-0.20408182566775002,310.0,1100
WIN,2024,2024-07-07,202410030404,1,3.1,0.25189511111282564,-0.21912515555024048,310.0,1101
WIN,2024,2024-04-13,202409020712,9,3.1,0.2562858865153331,-0.20551375180246745,310.0,1102
WIN,2024,2024-03-30,202409020307,13,3.1,0.25592365984059834,-0.20663665449414514,310.0,1103
WIN,2024,2024-11-30,202408070110,12,3.1,0.25599608035640364,-0.20641215089514864,310.0,1104
WIN,2024,2024-10-26,202408050702,1,3.1,0.25486658519825833,-0.2099135858853991,310.0,1105
WIN,2024,2024-06-01,202408040101,8,3.1,0.2563845292226057,-0.2052079594099223,310.0,1106
WIN,2024,2024-01-28,202408020206,3,3.1,0.2538398581962249,-0.21309643959170277,310.0,1107
WIN,2024,2024-01-21,202408010706,1,3.1,0.25357760527258894,-0.21390942365497423,310.0,1108
WIN,2024,2024-09-08,202406040208,15,3.1,0.2552035277125917,-0.20886906409096573,310.0,1109
WIN,2024,2024-02-10,202405010512,7,3.1,0.2554022426998929,-0.20825304763033192,310.0,1110
WIN,2024,2024-02-10,202405010511,13,3.1,0.2550180440596815,-0.20944406341498734,310.0,1111
WIN,2024,2024-05-11,202404010501,4,3.1,0.25416185173196515,-0.212098259630908,310.0,1112
WIN,2024,2024-06-08,202402010104,6,3.1,0.2564896206196261,-0.20488217607915904,310.0,1113
WIN,2024,2024-08-17,202401020309,12,3.1,0.255712661108762,-0.20729075056283774,310.0,1114
WIN,2023,2023-09-02,202310030704,16,3.1,0.25613914107096564,-0.20596866268000646,310.0,1115
WIN,2023,2023-12-10,202309050403,1,3.1,0.2679824671568183,-0.16925435181386328,310.0,1116
WIN,2023,2023-09-30,202309040811,14,3.1,0.2560840873204815,-0.20613932930650736,310.0,1117
WIN,2023,2023-06-11,202309030404,16,3.1,0.25635444907630156,-0.20530120786346517,310.0,1118
WIN,2023,2023-06-03,202309030105,1,3.1,0.26596324690620116,-0.17551393459077635,310.0,1119
WIN,2023,2023-10-21,202308020602,8,3.1,0.26480640090651064,-0.17910015718981698,310.0,1120
WIN,2023,2023-05-28,202308011210,12,3.1,0.2558003311291027,-0.2070189734997815,310.0,1121
WIN,2023,2023-05-20,202308010912,13,3.1,0.25660654338175604,-0.20451971551655623,310.0,1122
WIN,2023,2023-05-14,202308010808,2,3.1,0.2546089560139674,-0.2107122363567011,310.0,1123
WIN,2023,2023-01-29,202307011008,1,3.1,0.2546366269922813,-0.21062645632392796,310.0,1124
WIN,2023,2023-09-17,202306040403,7,3.1,0.2651189769247299,-0.17813117153333724,310.0,1125
WIN,2023,2023-09-09,202306040101,5,3.1,0.2558361413756345,-0.20690796173553305,310.0,1126
WIN,2023,2023-11-05,202305050202,8,3.1,0.2676786022450637,-0.17019633304030257,310.0,1127
WIN,2023,2023-10-28,202305040807,5,3.1,0.25552427580372833,-0.20787474500844216,310.0,1128
WIN,2023,2023-10-29,202304040601,12,3.1,0.2680066283046416,-0.16917945225561093,310.0,1129
WIN,2023,2023-04-15,202303010307,1,3.1,0.257130312405174,-0.20289603154396063,310.0,1130
WIN,2023,2023-04-08,202303010104,11,3.1,0.25692371080369186,-0.2035364965085552,310.0,1131
WIN,2023,2023-07-08,202302020311,10,3.1,0.25586180337435654,-0.20682840953949466,310.0,1132
WIN,2022,2022-08-28,202210040610,12,3.1,0.2562937076755649,-0.20548950620574868,310.0,1133
WIN,2022,2022-07-10,202210030405,10,3.1,0.2672619502012899,-0.17148795437600128,310.0,1134
WIN,2022,2022-12-24,202209060704,11,3.1,0.25529626319215104,-0.2085815841043317,310.0,1135
WIN,2022,2022-12-18,202209060611,2,3.1,0.2686662136923656,-0.1671347375536666,310.0,1136
WIN,2022,2022-12-10,202209060303,7,3.1,0.2666620967899213,-0.17334749995124388,310.0,1137
WIN,2022,2022-11-27,202209050803,6,3.1,0.2649888152261587,-0.178534672798908,310.0,1138
WIN,2022,2022-11-26,202209050710,2,3.1,0.2573213050638371,-0.2023039543021049,310.0,1139
WIN,2022,2022-03-27,202209020204,9,3.1,0.2554311040448757,-0.20816357746088532,310.0,1140
WIN,2022,2022-10-02,202207050907,2,3.1,0.2556614513562107,-0.20744950079574676,310.0,1141
WIN,2022,2022-09-11,202207050206,12,3.1,0.25660511123634716,-0.2045241551673238,310.0,1142
WIN,2022,2022-06-26,202202010604,11,3.1,0.2551168872219671,-0.20913764961190184,310.0,1143
WIN,2022,2022-08-06,202201010507,8,3.1,0.25453307191555996,-0.2109474770617641,310.0,1144
WIN,2025,2025-06-21,202509030508,15,3.0,0.26491117127126024,-0.20526648618621923,300.0,1145
WIN,2025,2025-11-02,202508031106,8,3.0,0.26520730246140345,-0.20437809261578965,300.0,1146
WIN,2025,2025-02-16,202508010606,13,3.0,0.2651435412482895,-0.2045693762551315,300.0,1147
WIN,2025,2025-08-02,202507030304,1,3.0,0.26358902400450496,-0.20923292798648507,300.0,1148
WIN,2025,2025-11-02,202505041104,8,3.0,0.2635841953057621,-0.20924741408271363,300.0,1149
WIN,2025,2025-02-09,202505010401,3,3.0,0.2646082090274969,-0.20617537291750931,300.0,1150
WIN,2025,2025-06-28,202503020104,2,3.0,0.26533010393455486,-0.20400968819633536,300.0,1151
WIN,2025,2025-07-12,202502010910,5,3.0,0.26422948642128263,-0.2073115407361521,300.0,1152
WIN,2025,2025-06-15,202502010212,9,3.0,0.26298974805088077,-0.21103075584735764,300.0,1153
WIN,2024,2024-01-28,202410010604,8,3.0,0.263384521103202,-0.20984643669039404,300.0,1154
WIN,2024,2024-01-14,202410010207,11,3.0,0.26508506959299033,-0.20474479122102895,300.0,1155
WIN,2024,2024-08-24,202407020508,5,3.0,0.2635150614283422,-0.20945481571497337,300.0,1156
WIN,2024,2024-01-13,202406010401,3,3.0,0.2645786527508785,-0.20626404174736446,300.0,1157
WIN,2024,2024-05-04,202404010305,16,3.0,0.26345744249860387,-0.20962767250418834,300.0,1158
WIN,2023,2023-11-18,202308030511,16,3.0,0.26345254984790667,-0.20964235045628,300.0,1159
WIN,2023,2023-01-08,202307010311,2,3.0,0.263386495776669,-0.20984051266999293,300.0,1160
WIN,2023,2023-10-29,202305040902,1,3.0,0.2755086830352183,-0.17347395089434503,300.0,1161
WIN,2023,2023-10-21,202305040604,9,3.0,0.27934033435773836,-0.16197899692678486,300.0,1162
WIN,2023,2023-06-03,202305030110,3,3.0,0.2634626713984954,-0.2096119858045138,300.0,1163
WIN,2023,2023-10-21,202304040312,13,3.0,0.2626037602572118,-0.21218871922836446,300.0,1164
WIN,2023,2023-05-21,202304010810,14,5.8,0.13561562151742712,-0.21342939519892268,300.0,1165
WIN,2023,2023-09-03,202301020810,3,3.0,0.26372187708717615,-0.2088343687384715,300.0,1166
WIN,2023,2023-08-27,202301020603,6,3.0,0.2656763965941907,-0.2029708102174279,300.0,1167
WIN,2022,2022-11-19,202209050509,6,3.0,0.26466215104046503,-0.20601354687860485,300.0,1168
WIN,2022,2022-10-23,202209040706,2,3.0,0.26556166460362635,-0.2033150061891209,300.0,1169
WIN,2022,2022-10-22,202209040605,9,3.0,0.27817336261411524,-0.16547991215765423,300.0,1170
WIN,2022,2022-12-28,202206050910,16,3.0,0.2747508848104839,-0.17574734556854832,300.0,1171
WIN,2022,2022-04-17,202206030812,1,3.0,0.2643263140940309,-0.20702105771790724,300.0,1172
WIN,2022,2022-03-26,202206030104,10,3.0,0.2632578285825029,-0.21022651425249128,300.0,1173
WIN,2022,2022-10-09,202205040211,3,3.0,0.26532070692061965,-0.20403787923814098,300.0,1174
WIN,2022,2022-05-29,202205021208,8,3.0,0.26493627748997156,-0.20519116753008526,300.0,1175
WIN,2022,2022-09-03,202204030705,1,3.0,0.2760171971597787,-0.17194840852066395,300.0,1176
WIN,2022,2022-08-20,202204030301,6,3.0,0.26313146119136804,-0.21060561642589581,300.0,1177
WIN,2022,2022-05-07,202204010111,7,3.0,0.26513178444092583,-0.20460464667722245,300.0,1178
WIN,2022,2022-07-23,202203020705,10,3.0,0.2766389635119791,-0.1700831094640627,300.0,1179
WIN,2022,2022-07-10,202202011006,11,3.0,0.26253569770364804,-0.21239290688905588,300.0,1180
WIN,2022,2022-07-23,202201010109,7,3.0,0.26489830740170245,-0.2053050777948926,300.0,1181
WIN,2025,2025-07-13,202510020608,3,2.9,0.27339319531565565,-0.2071597335845986,290.0,1182
WIN,2025,2025-03-01,202510011109,15,2.9,0.27155394312244635,-0.21249356494490557,290.0,1183
WIN,2025,2025-02-15,202510010706,12,2.9,0.27256757692880007,-0.20955402690647984,290.0,1184
WIN,2025,2025-12-07,202509050207,4,2.9,0.2742479994631085,-0.20468080155698531,290.0,1185
WIN,2025,2025-09-15,202509040503,1,2.9,0.2695232669176833,-0.21838252593871843,290.0,1186
WIN,2025,2025-03-09,202509010409,3,2.9,0.2731384254105495,-0.2078985663094065,290.0,1187
WIN,2025,2025-11-29,202508040701,7,2.9,0.2722230341999389,-0.21055320082017726,290.0,1188
WIN,2025,2025-10-05,202508030209,1,2.9,0.27320311357403426,-0.20771097063530064,290.0,1189
WIN,2025,2025-04-27,202508020209,4,2.9,0.27135594836558424,-0.2130677497398057,290.0,1190
WIN,2025,2025-08-03,202507030410,15,2.9,0.272320988509277,-0.2102691333230967,290.0,1191
WIN,2025,2025-07-27,202507030208,6,2.9,0.2743531691770134,-0.2043758093866611,290.0,1192
WIN,2025,2025-03-29,202507020510,3,2.9,0.27191666367663075,-0.2114416753377708,290.0,1193
WIN,2025,2025-03-15,202507020108,9,2.9,0.27227058535506,-0.21041530247032603,290.0,1194
WIN,2025,2025-09-27,202506040803,6,2.9,0.27095588373196317,-0.21422793717730682,290.0,1195
WIN,2025,2025-09-15,202506040504,13,2.9,0.2740130132303009,-0.20536226163212734,290.0,1196
WIN,2025,2025-01-25,202506010802,16,2.9,0.2735734237686391,-0.20663707107094664,290.0,1197
WIN,2025,2025-10-26,202505040910,6,2.9,0.27260099020640916,-0.2094571284014135,290.0,1198
WIN,2025,2025-05-24,202505020905,3,2.9,0.2708823342384216,-0.21444123070857735,290.0,1199
WIN,2025,2025-05-10,202505020506,3,2.9,0.26845470343143163,-0.22148136004884833,290.0,1200
WIN,2025,2025-08-24,202504030207,14,2.9,0.27289322532801374,-0.20860964654876013,290.0,1201
WIN,2025,2025-05-17,202504010502,15,2.9,0.27403176125571294,-0.2053078923584325,290.0,1202
WIN,2025,2025-11-08,202503030104,12,2.9,0.27364963286833044,-0.2064160646818417,290.0,1203
WIN,2025,2025-08-03,202501010412,6,2.9,0.2735977324313687,-0.20656657594903083,290.0,1204
WIN,2025,2025-08-03,202501010411,10,2.9,0.27497456129563785,-0.20257377224265027,290.0,1205
WIN,2024,2024-02-11,202410020201,10,2.9,0.2738502647576201,-0.20583423220290176,290.0,1206
WIN,2024,2024-01-14,202410010201,12,2.9,0.2746473238338045,-0.20352276088196686,290.0,1207
WIN,2024,2024-12-21,202408070704,11,2.9,0.2728400221780564,-0.20876393568363638,290.0,1208
WIN,2024,2024-11-24,202408060808,12,2.9,0.2740761241530372,-0.20517923995619203,290.0,1209
WIN,2024,2024-11-16,202408060503,13,2.9,0.2726923876749785,-0.20919207574256238,290.0,1210
WIN,2024,2024-11-02,202408060109,1,2.9,0.2741241581859575,-0.20503994126072334,290.0,1211
WIN,2024,2024-10-27,202408050804,14,2.9,0.2727977083868478,-0.2088866456781414,290.0,1212
WIN,2024,2024-10-19,202408050509,2,2.9,0.27281010921360394,-0.20885068328054857,290.0,1213
WIN,2024,2024-04-28,202408030412,15,2.9,0.27331785839232975,-0.2073782106622437,290.0,1214
WIN,2024,2024-12-07,202407040310,5,2.9,0.27410920187167426,-0.20508331457214468,290.0,1215
WIN,2024,2024-09-21,202407030602,6,2.9,0.27472761848403676,-0.2032899063962934,290.0,1216
WIN,2024,2024-12-15,202406050602,5,2.9,0.27349936187211044,-0.20685185057087974,290.0,1217
WIN,2024,2024-09-29,202406040912,10,2.9,0.2726719959994311,-0.20925121160164983,290.0,1218
WIN,2024,2024-09-08,202406040209,1,2.9,0.2740777037564117,-0.2051746591064061,290.0,1219
WIN,2024,2024-03-17,202406020806,12,2.9,0.2739014634478583,-0.20568575600121086,290.0,1220
WIN,2024,2024-03-17,202406020805,12,2.9,0.27055119021075924,-0.21540154838879821,290.0,1221
WIN,2024,2024-03-03,202406020404,12,2.9,0.2719384274398862,-0.21137856042433,290.0,1222
WIN,2024,2024-11-23,202405050708,8,2.9,0.2727334459230931,-0.20907300682302998,290.0,1223
WIN,2024,2024-10-06,202405040209,5,2.9,0.2730696359068465,-0.20809805587014507,290.0,1224
WIN,2024,2024-05-18,202405020903,11,2.9,0.2712788189858409,-0.21329142494106146,290.0,1225
WIN,2024,2024-08-04,202404020412,8,2.9,0.2716476521251839,-0.21222180883696673,290.0,1226
WIN,2024,2024-05-11,202404010506,7,2.9,0.2729683697379274,-0.2083917277600107,290.0,1227
WIN,2024,2024-04-28,202404010205,14,2.9,0.27262149442664274,-0.20939766616273603,290.0,1228
WIN,2024,2024-11-17,202403030609,10,2.9,0.2736938300276733,-0.20628789291974747,290.0,1229
WIN,2024,2024-11-16,202403030505,11,2.9,0.27233293868483166,-0.21023447781398819,290.0,1230
WIN,2023,2023-08-19,202310030309,9,2.9,0.27229503977467945,-0.21034438465342964,290.0,1231
WIN,2023,2023-12-02,202309050108,4,2.9,0.27110572924841614,-0.21379338517959323,290.0,1232
WIN,2023,2023-09-18,202309040506,10,2.9,0.2724127374026829,-0.2100030615322196,290.0,1233
WIN,2023,2023-06-10,202309030306,5,2.9,0.2729342816817885,-0.20849058312281332,290.0,1234
WIN,2023,2023-06-04,202309030203,4,2.9,0.27398756405266367,-0.20543606424727534,290.0,1235
WIN,2023,2023-02-11,202309010111,2,2.9,0.2733157228703303,-0.20738440367604216,290.0,1236
WIN,2023,2023-11-26,202308030805,3,2.9,0.27435389263779764,-0.20437371135038684,290.0,1237
WIN,2023,2023-05-13,202308010711,8,2.9,0.2723163181056418,-0.21028267749363883,290.0,1238
WIN,2023,2023-05-13,202308010703,12,2.9,0.2745124013857759,-0.20391403598125002,290.0,1239
WIN,2023,2023-05-06,202308010508,2,2.9,0.2736485514436291,-0.20641920081347565,290.0,1240
WIN,2023,2023-07-22,202307030707,11,2.9,0.2740595856100608,-0.20522720173082376,290.0,1241
WIN,2023,2023-02-05,202307011210,3,2.9,0.2732867838202871,-0.20746832692116746,290.0,1242
WIN,2023,2023-01-29,202307011012,6,2.9,0.2718525887953212,-0.2116274924935685,290.0,1243
WIN,2023,2023-12-23,202306050703,15,2.9,0.2734700410135023,-0.2069368810608433,290.0,1244
WIN,2023,2023-12-02,202306050104,2,2.9,0.2858635407507205,-0.1709957318229105,290.0,1245
WIN,2023,2023-10-01,202306040910,13,2.9,0.2715087407776585,-0.21262465174479028,290.0,1246
WIN,2023,2023-03-04,202306020303,10,2.9,0.2708095230730964,-0.21465238308802037,290.0,1247
WIN,2023,2023-01-14,202306010505,14,2.9,0.273843651233277,-0.20585341142349678,290.0,1248
WIN,2023,2023-01-29,202305010209,4,2.9,0.27150274535909164,-0.21264203845863427,290.0,1249
WIN,2023,2023-10-21,202304040306,6,2.9,0.2719876294933174,-0.21123587446937953,290.0,1250
WIN,2023,2023-10-15,202304040211,13,2.9,0.2740527592695236,-0.20524699811838154,290.0,1251
WIN,2023,2023-08-26,202304030509,7,2.9,0.27325416888922816,-0.2075629102212384,290.0,1252
WIN,2023,2023-08-19,202304030307,10,2.9,0.2743539140384399,-0.2043736492885243,290.0,1253
WIN,2023,2023-08-05,202304020307,13,2.9,0.27195250221999895,-0.21133774356200308,290.0,1254
WIN,2023,2023-07-30,202304020201,4,2.9,0.2846983081991334,-0.17437490622251317,290.0,1255
WIN,2023,2023-11-11,202303030308,7,2.9,0.27267270118194337,-0.20924916657236425,290.0,1256
WIN,2023,2023-04-22,202303010505,10,2.9,0.2707946902007889,-0.21469539841771224,290.0,1257
WIN,2023,2023-04-15,202303010305,3,2.9,0.2744321311619331,-0.20414681963039405,290.0,1258
WIN,2022,2022-08-27,202210040508,9,2.9,0.27376241518091665,-0.2060889959753417,290.0,1259
WIN,2022,2022-12-28,202209060908,10,2.9,0.2877502405416895,-0.16552430242910043,290.0,1260
WIN,2022,2022-12-24,202209060710,9,2.9,0.2733996058972338,-0.2071411428980221,290.0,1261
WIN,2022,2022-12-10,202209060302,2,2.9,0.2848995970616733,-0.1737911685211475,290.0,1262
WIN,2022,2022-10-16,202209040505,1,2.9,0.2875476905023011,-0.16611169754332678,290.0,1263
WIN,2022,2022-10-09,202209040204,3,2.9,0.268148723920745,-0.2223687006298395,290.0,1264
WIN,2022,2022-03-20,202209011205,14,2.9,0.27251248262496414,-0.209713800387604,290.0,1265
WIN,2022,2022-02-20,202209010403,6,2.9,0.272982769296149,-0.20834996904116787,290.0,1266
WIN,2022,2022-02-13,202209010207,7,2.9,0.27070690078337756,-0.21494998772820506,290.0,1267
WIN,2022,2022-12-10,202207060302,6,2.9,0.2733795996871296,-0.20719916090732415,290.0,1268
WIN,2022,2022-09-24,202207050612,12,2.9,0.2719757311861965,-0.21127037956003014,290.0,1269
WIN,2022,2022-09-19,202207050507,12,2.9,0.27374989758984086,-0.20612529698946147,290.0,1270
WIN,2022,2022-05-15,202207030412,1,2.9,0.2722258706909884,-0.21054497499613367,290.0,1271
WIN,2022,2022-05-14,202207030310,4,2.9,0.2746416757665722,-0.20353914027694053,290.0,1272
WIN,2022,2022-03-21,202207020408,10,2.9,0.27255878870015937,-0.2095795127695379,290.0,1273
WIN,2022,2022-12-24,202206050704,9,2.9,0.27070688929685716,-0.21495002103911431,290.0,1274
WIN,2022,2022-04-10,202206030608,15,2.9,0.27398715255561673,-0.20543725758871145,290.0,1275
WIN,2022,2022-04-03,202206030402,16,2.9,0.27118095591433544,-0.2135752278484272,290.0,1276
WIN,2022,2022-01-23,202206010808,12,2.9,0.27290262111728447,-0.20858239875987505,290.0,1277
WIN,2022,2022-01-08,202206010208,11,2.9,0.2726476171395352,-0.20932191029534786,290.0,1278
WIN,2022,2022-11-12,202205050305,11,2.9,0.2845174990408671,-0.17489925278148544,290.0,1279
WIN,2022,2022-10-29,202205040809,14,2.9,0.2730758548338124,-0.208080020981944,290.0,1280
WIN,2022,2022-10-16,202205040504,13,2.9,0.2872677736883282,-0.1669234563038483,290.0,1281
WIN,2022,2022-10-10,202205040304,3,2.9,0.2731902199019053,-0.20774836228447469,290.0,1282
WIN,2022,2022-02-06,202205010403,8,2.9,0.27230250321352917,-0.2103227406807654,290.0,1283
WIN,2022,2022-10-29,202204040511,12,2.9,0.2728859687449656,-0.20863069063959971,290.0,1284
WIN,2022,2022-10-15,202204040110,4,2.9,0.2748662661546239,-0.20288782815159068,290.0,1285
WIN,2022,2022-04-24,202203010402,8,2.9,0.27275071906940684,-0.20902291469872014,290.0,1286
WIN,2022,2022-08-14,202201020208,5,2.9,0.2722784698756665,-0.21039243736056712,290.0,1287
WIN,2022,2022-07-23,202201010112,8,2.9,0.27377445813849355,-0.20605407139836873,290.0,1288
WIN,2025,2025-02-08,202510010504,4,2.8,0.2842817806205003,-0.20401101426259916,280.0,1289
WIN,2025,2025-12-13,202506050303,4,2.8,0.27955997009756983,-0.21723208372680447,280.0,1290
WIN,2025,2025-10-25,202505040807,14,2.8,0.28291415097205164,-0.20784037727825544,280.0,1291
WIN,2025,2025-10-12,202505040408,4,2.8,0.2824094648696986,-0.20925349836484397,280.0,1292
WIN,2025,2025-06-15,202502010205,3,2.8,0.2833984727409149,-0.2064842763254383,280.0,1293
WIN,2025,2025-09-07,202501020602,4,2.8,0.280593442206348,-0.21433836182222554,280.0,1294
WIN,2025,2025-09-06,202501020507,14,2.8,0.2825159606036212,-0.2089553103098606,280.0,1295
WIN,2024,2024-03-16,202409010711,3,2.8,0.2809581234616293,-0.21331725430743798,280.0,1296
WIN,2024,2024-04-20,202408030109,4,2.8,0.2802221797921653,-0.21537789658193718,280.0,1297
WIN,2024,2024-01-27,202408020111,6,2.8,0.2799053309585115,-0.21626507331616784,280.0,1298
WIN,2024,2024-12-14,202407040512,6,2.8,0.2814869972809289,-0.21183640761339906,280.0,1299
WIN,2024,2024-11-24,202405050801,11,2.8,0.2814972072441495,-0.2118078197163814,280.0,1300
WIN,2024,2024-11-23,202405050707,11,2.8,0.2827875010338482,-0.20819499710522504,280.0,1301
WIN,2024,2024-04-20,202405020105,11,2.8,0.2837740285112141,-0.2054327201686006,280.0,1302
WIN,2024,2024-02-11,202405010607,15,2.8,0.28232405227184065,-0.20949265363884617,280.0,1303
WIN,2024,2024-10-14,202404040403,8,2.8,0.28225363987748375,-0.20968980834304551,280.0,1304
WIN,2024,2024-04-14,202403010406,15,2.8,0.2814279705413406,-0.21200168248424633,280.0,1305
WIN,2024,2024-07-13,202402011105,5,2.8,0.2809910994803344,-0.21322492145506367,280.0,1306
WIN,2024,2024-06-22,202402010501,6,2.8,0.2834540213355995,-0.20632874026032144,280.0,1307
WIN,2023,2023-02-12,202310020212,16,2.8,0.2845980251798,-0.20312552949656004,280.0,1308
WIN,2023,2023-02-11,202310020101,13,2.8,0.28251345408330064,-0.20896232856675823,280.0,1309
WIN,2023,2023-03-26,202309020212,12,2.8,0.2844504687391701,-0.20353868753032367,280.0,1310
WIN,2023,2023-11-11,202308030302,8,2.8,0.2951295011654881,-0.17363739673663336,280.0,1311
WIN,2023,2023-10-21,202308020611,13,2.8,0.2832364462059272,-0.20693795062340392,280.0,1312
WIN,2023,2023-05-06,202308010511,6,2.8,0.282117945107363,-0.21006975369938363,280.0,1313
WIN,2023,2023-04-23,202308010201,18,2.8,0.2827701717180392,-0.20824351918949024,280.0,1314
WIN,2023,2023-01-22,202307010805,11,2.8,0.28358185539215996,-0.2059708049019522,280.0,1315
WIN,2023,2023-05-20,202304010701,3,2.8,0.28448583827063784,-0.2034396528422141,280.0,1316
WIN,2023,2023-05-13,202304010509,13,2.8,0.28253987394556856,-0.20888835295240804,280.0,1317
WIN,2023,2023-05-06,202304010312,16,2.8,0.28447631209615526,-0.20346632613076532,280.0,1318
WIN,2022,2022-09-04,202210040808,8,2.8,0.28196945666859763,-0.21048552132792664,280.0,1319
WIN,2022,2022-07-24,202210030804,12,2.8,0.2823074006093404,-0.2095392782938469,280.0,1320
WIN,2022,2022-10-29,202209040810,4,2.8,0.28223801851158997,-0.20973354816754808,280.0,1321
WIN,2022,2022-03-06,202209010812,11,2.8,0.2811291089342796,-0.21283849498401708,280.0,1322
WIN,2022,2022-03-06,202209010805,8,2.8,0.2820568760430535,-0.21024074707945017,280.0,1323
WIN,2022,2022-02-26,202209010502,2,2.8,0.283026527353015,-0.20752572341155806,280.0,1324
WIN,2022,2022-06-04,202207040110,7,2.8,0.28243920500291453,-0.20917022599183932,280.0,1325
WIN,2022,2022-12-28,202206050908,11,2.8,0.29541711157427003,-0.17283208759204394,280.0,1326
WIN,2022,2022-04-17,202206030806,16,2.8,0.2820127443421951,-0.21036431584185378,280.0,1327
WIN,2022,2022-11-05,202203030112,4,2.8,0.28373700024786286,-0.205536399305984,280.0,1328
WIN,2025,2025-02-23,202510011002,5,2.7,0.2951606390072911,-0.2030662746803139,270.0,1329
WIN,2025,2025-09-28,202509040901,10,2.7,0.29373128191820114,-0.20692553882085685,270.0,1330
WIN,2025,2025-09-20,202509040604,6,2.7,0.2948918581621711,-0.20379198296213796,270.0,1331
WIN,2025,2025-03-22,202509010708,2,2.7,0.29131140858957666,-0.21345919680814296,270.0,1332
WIN,2025,2025-11-02,202508031104,9,2.7,0.2950373090741404,-0.2033992654998209,270.0,1333
WIN,2025,2025-05-18,202508020808,6,2.7,0.29350796762404185,-0.2075284874150869,270.0,1334
WIN,2025,2025-08-24,202507040211,1,2.7,0.29258967961544546,-0.21000786503829716,270.0,1335
WIN,2025,2025-08-10,202507030608,4,2.7,0.2922614041471712,-0.21089420880263765,270.0,1336
WIN,2025,2025-03-01,202506020111,11,2.7,0.29357316344168416,-0.20735245870745267,270.0,1337
WIN,2025,2025-01-18,202506010604,1,2.7,0.29244421067847126,-0.21040063116812757,270.0,1338
WIN,2025,2025-11-02,202505041111,7,2.7,0.29274664276307816,-0.20958406453968892,270.0,1339
WIN,2025,2025-11-02,202505041106,7,2.7,0.29290375165905863,-0.20915987052054164,270.0,1340
WIN,2025,2025-11-02,202505041101,10,2.7,0.2934261544068198,-0.20774938310158653,270.0,1341
WIN,2025,2025-10-25,202505040812,1,2.7,0.2930986218572239,-0.20863372098549537,270.0,1342
WIN,2025,2025-10-18,202505040604,8,2.7,0.2946827575154296,-0.20435655470834002,270.0,1343
WIN,2025,2025-04-26,202505020105,8,2.7,0.2904097718989263,-0.2158936158728989,270.0,1344
WIN,2025,2025-02-02,202505010205,13,2.7,0.29412089174230455,-0.20587359229577762,270.0,1345
WIN,2025,2025-08-23,202504030108,11,2.7,0.29125481415532384,-0.21361200178062556,270.0,1346
WIN,2025,2025-11-16,202503030409,8,2.7,0.2925520895279891,-0.21010935827442934,270.0,1347
WIN,2025,2025-08-02,202501010303,2,2.7,0.2933064549459034,-0.20807257164606074,270.0,1348
WIN,2024,2024-06-30,202410030205,12,2.7,0.2915835241761579,-0.21272448472437355,270.0,1349
WIN,2024,2024-03-03,202410020802,14,2.7,0.2923780226452734,-0.2105793388577617,270.0,1350
WIN,2024,2024-01-20,202410010310,6,2.7,0.29242387036318274,-0.21045555001940652,270.0,1351
WIN,2024,2024-11-16,202408060512,11,2.7,0.29458413074110285,-0.20462284699902222,270.0,1352
WIN,2024,2024-05-11,202408030702,4,2.7,0.2946894483796898,-0.20433848937483745,270.0,1353
WIN,2024,2024-04-21,202408030210,6,2.7,0.292422470721331,-0.21045932905240627,270.0,1354
WIN,2024,2024-03-10,202407010211,4,2.7,0.2885009450161483,-0.22104744845639945,270.0,1355
WIN,2024,2024-01-08,202406010308,9,2.7,0.2894768524910144,-0.218412498274261,270.0,1356
WIN,2024,2024-06-22,202405030709,10,2.7,0.29341438791385643,-0.20778115263258756,270.0,1357
WIN,2024,2024-02-10,202405010504,3,2.7,0.2944592830347984,-0.2049599358060442,270.0,1358
WIN,2024,2024-04-13,202403010304,12,2.7,0.2908055090181575,-0.21482512565097467,270.0,1359
WIN,2024,2024-06-23,202402010612,8,2.7,0.2927574442128224,-0.2095549006253794,270.0,1360
WIN,2024,2024-06-22,202402010502,2,2.7,0.29146652855446825,-0.21304037290293565,270.0,1361
WIN,2023,2023-12-28,202309050902,2,2.7,0.31023749540960727,-0.16235876239406033,270.0,1362
WIN,2023,2023-12-17,202309050611,3,2.7,0.3089955935696367,-0.1657118973619809,270.0,1363
WIN,2023,2023-12-09,202309050309,3,2.7,0.3097388367464651,-0.16370514078454423,270.0,1364
WIN,2023,2023-09-23,202309040610,6,2.7,0.290547402704447,-0.21552201269799298,270.0,1365
WIN,2023,2023-09-10,202309040202,3,2.7,0.30300148595197135,-0.18189598792967732,270.0,1366
WIN,2023,2023-11-18,202308030509,9,2.7,0.2934215412707266,-0.20776183856903807,270.0,1367
WIN,2023,2023-11-11,202308030309,9,2.7,0.29410790750893084,-0.20590864972588663,270.0,1368
WIN,2023,2023-10-09,202308020312,5,2.7,0.2940786067721383,-0.20598776171522648,270.0,1369
WIN,2023,2023-01-15,202306010611,4,2.7,0.29033428124369887,-0.21609744064201297,270.0,1370
WIN,2023,2023-05-21,202305021003,16,2.7,0.29251148000318083,-0.2102190039914117,270.0,1371
WIN,2023,2023-08-20,202304030401,7,2.7,0.3048882728675797,-0.17680166325753477,270.0,1372
WIN,2023,2023-07-23,202303020804,5,2.7,0.29434834920633485,-0.20525945714289584,270.0,1373
WIN,2023,2023-04-23,202303010601,16,2.7,0.2923697641583879,-0.21060163677235266,270.0,1374
WIN,2023,2023-08-19,202301020306,14,2.7,0.2901909532426747,-0.21648442624477826,270.0,1375
WIN,2022,2022-02-13,202210020206,12,2.7,0.295089575219588,-0.2032581469071123,270.0,1376
WIN,2022,2022-11-26,202209050708,5,2.7,0.2937953879556968,-0.2067524525196185,270.0,1377
WIN,2022,2022-10-30,202209040912,10,2.7,0.29311673764396207,-0.20858480836130233,270.0,1378
WIN,2022,2022-04-24,202209021006,11,2.7,0.2944688121864438,-0.2049342070966017,270.0,1379
WIN,2022,2022-03-26,202207020511,1,2.7,0.29314779345560377,-0.20850095766986976,270.0,1380
WIN,2022,2022-03-21,202207020409,9,2.7,0.29296441738214285,-0.20899607306821422,270.0,1381
WIN,2022,2022-01-05,202207010105,12,2.7,0.29240873211339613,-0.21049642329383045,270.0,1382
WIN,2022,2022-11-05,202205050107,3,2.7,0.29253334703694667,-0.21015996300024398,270.0,1383
WIN,2022,2022-10-15,202205040401,9,2.7,0.2901271340975614,-0.21665673793658413,270.0,1384
WIN,2022,2022-10-09,202205040212,9,2.7,0.2928568163799134,-0.2092865957742338,270.0,1385
WIN,2022,2022-08-27,202204030512,4,2.7,0.2941841223099131,-0.2057028697632346,270.0,1386
WIN,2022,2022-08-21,202204030407,2,2.7,0.2921405323075344,-0.21122056276965706,270.0,1387
WIN,2022,2022-07-24,202203020801,3,2.7,0.29032825373928994,-0.21611371490391706,270.0,1388
WIN,2022,2022-07-03,202202010808,5,2.7,0.29357045995492304,-0.2073597581217077,270.0,1389
WIN,2022,2022-07-02,202202010706,4,2.7,0.30295242106694525,-0.1820284631192478,270.0,1390
WIN,2022,2022-07-30,202201010304,6,2.7,0.2936661762498525,-0.20710132412539828,270.0,1391
WIN,2025,2025-11-15,202508040311,6,2.6,0.3009332960093898,-0.21757343037558652,260.0,1392
WIN,2025,2025-10-18,202508030602,2,2.6,0.3040112237573142,-0.209570818230983,260.0,1393
WIN,2025,2025-09-07,202506040202,11,2.6,0.3050422773516891,-0.2068900788856083,260.0,1394
WIN,2025,2025-01-26,202506010911,8,2.6,0.30404803932057417,-0.20947509776650708,260.0,1395
WIN,2025,2025-01-26,202506010907,10,2.6,0.3045942801720951,-0.20805487155255264,260.0,1396
WIN,2024,2024-01-14,202410010208,12,2.6,0.30327673108719927,-0.21148049917328182,260.0,1397
WIN,2024,2024-11-17,202408060609,14,2.6,0.3063098413265594,-0.20359441255094546,260.0,1398
WIN,2024,2024-06-22,202408040712,6,2.6,0.30394950685471717,-0.2097312821777353,260.0,1399
WIN,2024,2024-01-06,202408010101,15,2.6,0.30480769115615863,-0.20750000299398752,260.0,1400
WIN,2024,2024-04-21,202405020205,10,2.6,0.3042962957059309,-0.20882963116457953,260.0,1401
WIN,2023,2023-12-10,202309050402,5,2.6,0.3183693690826188,-0.17223964038519102,260.0,1402
WIN,2023,2023-05-06,202308010507,6,2.6,0.30248704953219324,-0.21353367121629752,260.0,1403
WIN,2023,2023-12-03,202307040203,10,2.6,0.3028584946041249,-0.21256791402927522,260.0,1404
WIN,2023,2023-01-29,202307011010,5,2.6,0.30423283977851256,-0.20899461657586726,260.0,1405
WIN,2023,2023-01-14,202307010508,12,2.6,0.30529666585774334,-0.20622866876986723,260.0,1406
WIN,2023,2023-01-07,202307010212,14,2.6,0.30384692399980767,-0.20999799760049997,260.0,1407
WIN,2023,2023-09-18,202306040512,9,2.6,0.30504869874437723,-0.20687338326461913,260.0,1408
WIN,2023,2023-04-16,202306030808,6,2.6,0.30269749962661063,-0.2129865009708123,260.0,1409
WIN,2023,2023-06-25,202305030810,16,2.6,0.30455164756701464,-0.20816571632576186,260.0,1410
WIN,2023,2023-08-12,202301020105,1,2.6,0.31994771383162735,-0.16813594403776888,260.0,1411
WIN,2022,2022-02-13,202210020204,3,2.6,0.3039152547507066,-0.20982033764816288,260.0,1412
WIN,2022,2022-12-18,202209060601,3,2.6,0.3153595990338584,-0.1800650425119681,260.0,1413
WIN,2022,2022-04-17,202209020803,8,2.6,0.3066619948460015,-0.20267881340039606,260.0,1414
WIN,2022,2022-09-25,202207050704,3,2.6,0.3192587995090757,-0.16992712127640308,260.0,1415
WIN,2022,2022-01-29,202207010908,9,2.6,0.3027576909699839,-0.21283000347804182,260.0,1416
WIN,2022,2022-01-15,202207010503,1,2.6,0.3059547633101631,-0.20451761539357594,260.0,1417
WIN,2022,2022-10-30,202205040911,7,2.6,0.30459917685319793,-0.20804214018168532,260.0,1418
WIN,2022,2022-05-22,202205021002,9,2.6,0.30410955680460766,-0.20931515230802,260.0,1419
WIN,2022,2022-10-16,202204040212,7,2.6,0.3031532812467729,-0.21180146875839045,260.0,1420
WIN,2022,2022-04-30,202203010512,6,2.6,0.3054470850501174,-0.20583757886969467,260.0,1421
WIN,2025,2025-07-05,202510020305,1,2.5,0.31325129354680187,-0.2168717661329953,250.0,1422
WIN,2025,2025-02-22,202510010902,6,2.5,0.31770061310490794,-0.2057484672377301,250.0,1423
WIN,2025,2025-12-28,202509050803,1,2.5,0.31685428886242484,-0.2078642778439379,250.0,1424
WIN,2025,2025-12-07,202509050202,8,2.5,0.3181747964807443,-0.20456300879813916,250.0,1425
WIN,2025,2025-09-21,202509040704,11,2.5,0.3161809134666855,-0.20954771633328628,250.0,1426
WIN,2025,2025-09-13,202509040308,3,2.5,0.30894439989689715,-0.22763900025775707,250.0,1427
WIN,2025,2025-03-29,202509020112,8,2.5,0.312476713803774,-0.21880821549056495,250.0,1428
WIN,2025,2025-03-29,202509020107,15,2.5,0.3177270882679648,-0.20568227933008798,250.0,1429
WIN,2025,2025-03-15,202509010512,4,2.5,0.31696310162372654,-0.2075922459406836,250.0,1430
WIN,2025,2025-11-01,202508031009,10,2.5,0.3185320175076274,-0.20366995623093154,250.0,1431
WIN,2025,2025-10-26,202508030912,13,2.5,0.3182171524404464,-0.20445711889888396,250.0,1432
WIN,2025,2025-06-01,202508021207,11,2.5,0.31649837111794865,-0.20875407220512843,250.0,1433
WIN,2025,2025-05-25,202508021005,3,2.5,0.3171388017652896,-0.20715299558677602,250.0,1434
WIN,2025,2025-05-17,202508020705,11,2.5,0.31598571668759906,-0.21003570828100238,250.0,1435
WIN,2025,2025-12-07,202507050204,13,2.5,0.31539879160479994,-0.2115030209880001,250.0,1436
WIN,2025,2025-01-25,202507010803,6,2.5,0.31885160019476716,-0.20287099951308207,250.0,1437
WIN,2025,2025-12-07,202506050210,5,2.5,0.3173854300134544,-0.20653642496636404,250.0,1438
WIN,2025,2025-12-07,202506050206,2,2.5,0.31649450454897454,-0.2087637386275636,250.0,1439
WIN,2025,2025-03-23,202506020807,10,2.5,0.31722028319490875,-0.20694929201272816,250.0,1440
WIN,2025,2025-01-11,202506010303,15,2.5,0.3164395678677225,-0.20890108033069377,250.0,1441
WIN,2025,2025-01-06,202506010211,12,2.5,0.31665684767347135,-0.20835788081632156,250.0,1442
WIN,2025,2025-01-05,202506010101,11,2.5,0.3162659695969365,-0.20933507600765877,250.0,1443
WIN,2025,2025-11-15,202505050310,8,2.5,0.31625332020805996,-0.2093666994798501,250.0,1444
WIN,2025,2025-11-08,202505050105,10,2.5,0.314665370552161,-0.21333657361959757,250.0,1445
WIN,2025,2025-10-13,202505040501,4,2.5,0.3143188860074443,-0.21420278498138923,250.0,1446
WIN,2025,2025-10-11,202505040308,15,2.5,0.3187509343872267,-0.20312266403193324,250.0,1447
WIN,2025,2025-05-24,202505020910,2,2.5,0.31404335986491355,-0.21489160033771615,250.0,1448
WIN,2025,2025-05-18,202505020811,17,2.5,0.3177895359852107,-0.20552616003697322,250.0,1449
WIN,2025,2025-05-18,202505020809,8,2.5,0.3167062127797615,-0.2082344680505962,250.0,1450
WIN,2025,2025-05-17,202505020707,2,2.5,0.31637257124015067,-0.20906857189962336,250.0,1451
WIN,2025,2025-02-23,202505010802,8,2.5,0.3177289577660768,-0.20567760558480797,250.0,1452
WIN,2025,2025-08-17,202504020810,9,2.5,0.31219002221050585,-0.21952494447373538,250.0,1453
WIN,2025,2025-07-27,202504020208,9,2.5,0.31440723377434815,-0.2139819155641296,250.0,1454
WIN,2025,2025-05-03,202504010108,8,2.5,0.3175564553108282,-0.20610886172292942,250.0,1455
WIN,2025,2025-06-21,202502010309,4,2.5,0.3156025689220589,-0.21099357769485272,250.0,1456
WIN,2024,2024-02-11,202410020210,3,2.5,0.317567853790512,-0.20608036552372,250.0,1457
WIN,2024,2024-02-03,202410010712,2,2.5,0.3156450841490832,-0.21088728962729197,250.0,1458
WIN,2024,2024-01-28,202410010603,14,2.5,0.31735201339879465,-0.2066199665030134,250.0,1459
WIN,2024,2024-01-14,202410010206,6,2.5,0.31435622165800947,-0.21410944585497638,250.0,1460
WIN,2024,2024-03-30,202409020304,15,2.5,0.3173796399805817,-0.2065509000485457,250.0,1461
WIN,2024,2024-03-24,202409020210,4,2.5,0.3180934178944579,-0.20476645526385528,250.0,1462
WIN,2024,2024-06-23,202408040810,11,2.5,0.33472022175627614,-0.16319944560930966,250.0,1463
WIN,2024,2024-06-09,202408040404,6,2.5,0.31578282440037597,-0.21054293899906007,250.0,1464
WIN,2024,2024-05-19,202408031009,16,2.5,0.31753806066136936,-0.2061548483465766,250.0,1465
WIN,2024,2024-05-05,202408030606,3,2.5,0.3179322110645441,-0.2051694723386397,250.0,1466
WIN,2024,2024-04-21,202408030205,14,2.5,0.3180057136625875,-0.2049857158435312,250.0,1467
WIN,2024,2024-02-11,202408020612,6,2.5,0.3148868058564491,-0.21278298535887719,250.0,1468
WIN,2024,2024-02-03,202408020302,4,2.5,0.3136454128967213,-0.21588646775819664,250.0,1469
WIN,2024,2024-01-27,202408020102,3,2.5,0.3143599706270548,-0.21410007343236304,250.0,1470
WIN,2024,2024-01-20,202408010603,15,2.5,0.3156127734116707,-0.21096806647082322,250.0,1471
WIN,2024,2024-12-14,202407040501,8,2.5,0.31684096911135773,-0.20789757722160562,250.0,1472
WIN,2024,2024-08-31,202407020712,3,2.5,0.3169340961981739,-0.2076647595045652,250.0,1473
WIN,2024,2024-12-22,202406050809,16,2.5,0.31658620295166906,-0.20853449262082735,250.0,1474
WIN,2024,2024-12-15,202406050610,2,2.5,0.3152387563750222,-0.21190310906244458,250.0,1475
WIN,2024,2024-09-14,202406040307,6,2.5,0.314627631006052,-0.21343092248486994,250.0,1476
WIN,2024,2024-01-21,202406010703,3,2.5,0.3147121616649721,-0.21321959583756966,250.0,1477
WIN,2024,2024-11-24,202405050807,10,2.5,0.3160043226858402,-0.20998919328539944,250.0,1478
WIN,2024,2024-11-24,202405050804,6,2.5,0.3143423930297909,-0.2141440174255228,250.0,1479
WIN,2024,2024-10-26,202405040712,13,2.5,0.315702043483357,-0.21074489129160745,250.0,1480
WIN,2024,2024-10-14,202405040412,8,2.5,0.31561404752485245,-0.21096488118786882,250.0,1481
WIN,2024,2024-06-23,202405030805,7,2.5,0.3152603672219025,-0.21184908194524377,250.0,1482
WIN,2024,2024-06-02,202405030203,14,2.5,0.3173344087460559,-0.20666397813486026,250.0,1483
WIN,2024,2024-10-05,202404040109,8,2.5,0.31919582978357014,-0.20201042554107462,250.0,1484
WIN,2024,2024-08-11,202404030209,1,2.5,0.3176038120503191,-0.20599046987420222,250.0,1485
WIN,2024,2024-11-10,202403030406,14,2.5,0.3181007447342562,-0.20474813816435944,250.0,1486
WIN,2024,2024-06-30,202402010805,2,2.5,0.3182389858966222,-0.20440253525844454,250.0,1487
WIN,2024,2024-09-01,202401020812,5,2.5,0.31861642074717106,-0.20345894813207233,250.0,1488
WIN,2023,2023-02-05,202310010802,3,2.5,0.31717919255058874,-0.20705201862352818,250.0,1489
WIN,2023,2023-12-03,202309050205,1,2.5,0.3309406618064937,-0.17264834548376584,250.0,1490
WIN,2023,2023-09-24,202309040703,1,2.5,0.3327380789588699,-0.16815480260282523,250.0,1491
WIN,2023,2023-09-16,202309040307,7,2.5,0.31588290014654463,-0.21029274963363842,250.0,1492
WIN,2023,2023-03-12,202309011010,4,2.5,0.3144459060743968,-0.2138852348140079,250.0,1493
WIN,2023,2023-05-20,202308010902,13,2.5,0.3178040365175874,-0.20548990870603157,250.0,1494
WIN,2023,2023-04-29,202308010312,1,2.5,0.317206137034883,-0.20698465741279248,250.0,1495
WIN,2023,2023-04-23,202308010211,10,2.5,0.3161212166869209,-0.20969695828269774,250.0,1496
WIN,2023,2023-04-23,202308010208,12,2.5,0.3172233208281851,-0.2069416979295372,250.0,1497
WIN,2023,2023-07-15,202307030506,4,2.5,0.3272787332915689,-0.18180316677107766,250.0,1498
WIN,2023,2023-03-12,202307020211,12,2.5,0.31879337053616513,-0.20301657365958714,250.0,1499
WIN,2023,2023-03-25,202306030110,7,2.5,0.3168749937259826,-0.20781251568504344,250.0,1500
WIN,2023,2023-02-26,202306020210,4,2.5,0.31565516663018695,-0.2108620834245326,250.0,1501
WIN,2023,2023-01-22,202306010807,10,2.5,0.31491240229217765,-0.21271899426955587,250.0,1502
WIN,2023,2023-01-14,202306010503,16,2.5,0.31681553992634437,-0.20796115018413908,250.0,1503
WIN,2023,2023-11-25,202305050702,6,2.5,0.3276408747912764,-0.18089781302180896,250.0,1504
WIN,2023,2023-10-09,202305040304,5,2.5,0.3145842182858879,-0.2135394542852802,250.0,1505
WIN,2023,2023-06-24,202305030703,13,2.5,0.31777607866754604,-0.20555980333113488,250.0,1506
WIN,2023,2023-06-17,202305030502,10,2.5,0.3128754760499683,-0.21781130987507924,250.0,1507
WIN,2023,2023-05-13,202305020707,4,2.5,0.3157150243393304,-0.21071243915167392,250.0,1508
WIN,2023,2023-01-29,202305010208,12,2.5,0.31394023336449944,-0.21514941658875142,250.0,1509
WIN,2023,2023-10-28,202304040502,11,2.5,0.32999801363833514,-0.17500496590416215,250.0,1510
WIN,2023,2023-10-21,202304040310,4,2.5,0.315203131484989,-0.21199217128752745,250.0,1511
WIN,2023,2023-08-06,202304020403,1,2.5,0.31626169172242646,-0.2093457706939339,250.0,1512
WIN,2023,2023-05-13,202304010511,6,2.5,0.3174718908966828,-0.2063202727582929,250.0,1513
WIN,2023,2023-05-07,202304010407,2,2.5,0.31390258074683625,-0.21524354813290936,250.0,1514
WIN,2023,2023-11-11,202303030305,5,2.5,0.3334962209055874,-0.16625944773603152,250.0,1515
WIN,2023,2023-04-16,202303010403,5,2.5,0.3167186558361849,-0.20820336040953769,250.0,1516
WIN,2023,2023-08-05,202301010506,15,2.5,0.317644764476154,-0.20588808880961507,250.0,1517
WIN,2023,2023-07-29,202301010308,6,2.5,0.3163392114656965,-0.2091519713357588,250.0,1518
WIN,2022,2022-08-20,202210040309,4,2.5,0.31777334756435993,-0.20556663108910023,250.0,1519
WIN,2022,2022-02-26,202210020504,12,2.5,0.3149145880453022,-0.21271352988674452,250.0,1520
WIN,2022,2022-01-23,202210010402,10,2.5,0.31626950787524516,-0.20932623031188713,250.0,1521
WIN,2022,2022-12-17,202209060504,3,2.5,0.3187134780657387,-0.20321630483565323,250.0,1522
WIN,2022,2022-12-11,202209060403,11,2.5,0.33002102450978066,-0.1749474387255483,250.0,1523
WIN,2022,2022-10-23,202209040703,1,2.5,0.3327452172436217,-0.16813695689094565,250.0,1524
WIN,2022,2022-10-08,202209040104,2,2.5,0.31493039076564316,-0.21267402308589212,250.0,1525
WIN,2022,2022-06-18,202209030106,10,2.5,0.3155790210189175,-0.21105244745270624,250.0,1526
WIN,2022,2022-05-01,202209021203,9,2.5,0.3154047954279918,-0.21148801143002038,250.0,1527
WIN,2022,2022-04-17,202209020812,12,2.5,0.3154898118518237,-0.2112754703704408,250.0,1528
WIN,2022,2022-03-13,202209011005,5,2.5,0.31551894690458576,-0.21120263273853557,250.0,1529
WIN,2022,2022-02-19,202209010309,2,2.5,0.3154886205093456,-0.21127844872663593,250.0,1530
WIN,2022,2022-12-10,202207060301,3,2.5,0.333659990293511,-0.16585002426622242,250.0,1531
WIN,2022,2022-12-03,202207060110,10,2.5,0.3178127222097875,-0.20546819447553122,250.0,1532
WIN,2022,2022-09-18,202207050406,1,2.5,0.316699207910974,-0.20825198022256497,250.0,1533
WIN,2022,2022-09-10,202207050108,1,2.5,0.318391279035674,-0.20402180241081502,250.0,1534
WIN,2022,2022-06-04,202207040109,7,2.5,0.31466283006216034,-0.21334292484459916,250.0,1535
WIN,2022,2022-06-04,202207040107,6,2.5,0.31355451977695065,-0.21611370055762336,250.0,1536
WIN,2022,2022-03-19,202207020304,4,2.5,0.31567350829137947,-0.2108162292715513,250.0,1537
WIN,2022,2022-04-09,202206030505,13,2.5,0.31348188899585705,-0.21629527751035738,250.0,1538
WIN,2022,2022-10-10,202205040307,5,2.5,0.3189878293586435,-0.20253042660339127,250.0,1539
WIN,2022,2022-04-24,202205020203,18,2.5,0.31689351804684524,-0.20776620488288688,250.0,1540
WIN,2022,2022-04-23,202205020105,10,2.5,0.31357419149229454,-0.21606452126926368,250.0,1541
WIN,2022,2022-02-19,202205010703,3,2.5,0.31776116009270355,-0.20559709976824114,250.0,1542
WIN,2022,2022-05-14,202204010306,10,2.5,0.31646322212563693,-0.20884194468590767,250.0,1543
WIN,2022,2022-05-08,202204010208,9,2.5,0.3165123829836662,-0.2087190425408345,250.0,1544
WIN,2022,2022-05-07,202204010102,6,2.5,0.31611545933789337,-0.20971135165526655,250.0,1545
WIN,2022,2022-07-17,202203020609,10,2.5,0.31638085286236933,-0.2090478678440767,250.0,1546
WIN,2022,2022-07-16,202202011107,7,2.5,0.31466370097238916,-0.2133407475690271,250.0,1547
WIN,2022,2022-07-09,202202010908,10,2.5,0.31703259849602666,-0.20741850375993331,250.0,1548
WIN,2022,2022-09-04,202201020805,10,2.5,0.3188400271870323,-0.20289993203241918,250.0,1549
WIN,2025,2025-09-13,202509040303,2,2.4,0.3303257374509819,-0.2072182301176434,240.0,1550
WIN,2025,2025-04-06,202509020412,4,2.4,0.32778965333838167,-0.21330483198788397,240.0,1551
WIN,2025,2025-03-01,202509010110,5,2.4,0.3284287889442666,-0.21177090653376018,240.0,1552
WIN,2025,2025-11-15,202508040303,5,2.4,0.32785554069096423,-0.21314670234168587,240.0,1553
WIN,2025,2025-10-18,202508030603,4,2.4,0.32405380194187366,-0.22227087533950318,240.0,1554
WIN,2025,2025-05-17,202508020703,7,2.4,0.33035110157579683,-0.20715735621808762,240.0,1555
WIN,2025,2025-05-03,202508020304,11,2.4,0.3302748325066416,-0.20734040198406023,240.0,1556
WIN,2025,2025-12-21,202507050601,11,2.4,0.3307602008840179,-0.20617551787835697,240.0,1557
WIN,2025,2025-05-04,202505020409,1,2.4,0.3435947763317162,-0.1753725368038811,240.0,1558
WIN,2025,2025-02-08,202505010306,10,2.4,0.33141721469493063,-0.20459868473216647,240.0,1559
WIN,2025,2025-10-25,202504040302,4,2.4,0.32838885993357547,-0.21186673615941887,240.0,1560
WIN,2025,2025-07-27,202504020210,14,2.4,0.32957660984530107,-0.20901613637127747,240.0,1561
WIN,2025,2025-11-22,202503030506,7,2.4,0.3286791763958521,-0.21116997664995496,240.0,1562
WIN,2025,2025-06-29,202503020210,13,2.4,0.3296066250086358,-0.2089440999792741,240.0,1563
WIN,2025,2025-08-30,202501020310,7,2.4,0.3289197621362885,-0.21059257087290761,240.0,1564
WIN,2025,2025-08-02,202501010304,14,2.4,0.32953506431537644,-0.2091158456430966,240.0,1565
WIN,2024,2024-02-24,202409010104,12,2.4,0.3293214421535128,-0.2096285388315694,240.0,1566
WIN,2024,2024-12-07,202408070312,5,2.4,0.3262166183135023,-0.21708011604759447,240.0,1567
WIN,2024,2024-06-22,202408040703,16,2.4,0.3297247367093007,-0.20866063189767836,240.0,1568
WIN,2024,2024-06-01,202408040104,11,2.4,0.3280519980917902,-0.21267520457970357,240.0,1569
WIN,2024,2024-02-10,202408020501,3,2.4,0.32813831800059,-0.21246803679858395,240.0,1570
WIN,2024,2024-09-16,202407030507,9,2.4,0.345961453139546,-0.16969251246508954,240.0,1571
WIN,2024,2024-09-07,202407030101,4,2.4,0.3306576183422925,-0.206421715978498,240.0,1572
WIN,2024,2024-09-01,202407020812,16,2.4,0.331261383784279,-0.2049726789177304,240.0,1573
WIN,2024,2024-03-16,202407010304,4,2.4,0.3306717167132325,-0.20638787988824203,240.0,1574
WIN,2024,2024-12-22,202406050804,18,2.4,0.32717328111071803,-0.2147841253342767,240.0,1575
WIN,2024,2024-12-07,202406050302,7,2.4,0.33021638587701513,-0.20748067389516367,240.0,1576
WIN,2024,2024-09-16,202406040507,5,2.4,0.3427558574538012,-0.1773859421108771,240.0,1577
WIN,2024,2024-01-14,202406010501,11,2.4,0.32708904990454085,-0.21498628022910193,240.0,1578
WIN,2024,2024-01-08,202406010310,3,2.4,0.32836061669355926,-0.21193451993545775,240.0,1579
WIN,2024,2024-11-09,202405050304,2,2.4,0.32901117116460765,-0.21037318920494164,240.0,1580
WIN,2024,2024-10-27,202405040805,4,2.4,0.3294449262879541,-0.20933217690891026,240.0,1581
WIN,2024,2024-10-05,202405040108,8,2.4,0.32764509700504096,-0.2136517671879017,240.0,1582
WIN,2024,2024-06-08,202405030308,7,2.4,0.3262030206963384,-0.21711275032878785,240.0,1583
WIN,2024,2024-05-05,202405020602,15,2.4,0.3253341064614699,-0.21919814449247232,240.0,1584
WIN,2024,2024-07-20,202403020701,12,2.4,0.32684304199510844,-0.21557669921173972,240.0,1585
WIN,2024,2024-04-14,202403010409,10,2.4,0.3281933861868138,-0.21233587315164681,240.0,1586
WIN,2024,2024-08-24,202401020511,3,2.4,0.3282538303226038,-0.2121908072257509,240.0,1587
WIN,2024,2024-08-04,202401010608,4,2.4,0.3311197105630725,-0.205312694648626,240.0,1588
WIN,2024,2024-07-28,202401010401,9,2.4,0.3289206218247681,-0.21059050762055653,240.0,1589
WIN,2023,2023-08-27,202310030602,8,2.4,0.34411783310538596,-0.1741172005470737,240.0,1590
WIN,2023,2023-08-13,202310030203,8,2.4,0.32934745168826546,-0.20956611594816288,240.0,1591
WIN,2023,2023-02-05,202310010806,8,2.4,0.3312157208489093,-0.2050822699626177,240.0,1592
WIN,2023,2023-12-24,202309050805,11,2.4,0.32801185325210425,-0.2127715521949498,240.0,1593
WIN,2023,2023-06-18,202309030609,8,2.4,0.3311266762277419,-0.2052959770534195,240.0,1594
WIN,2023,2023-03-11,202309010912,10,2.4,0.33006036563932,-0.20785512246563198,240.0,1595
WIN,2023,2023-02-12,202309010208,4,2.4,0.3289721053570929,-0.21046694714297698,240.0,1596
WIN,2023,2023-10-08,202308020208,17,2.4,0.3281637167616463,-0.21240707977204887,240.0,1597
WIN,2023,2023-10-07,202308020108,2,2.4,0.33013511772740756,-0.20767571745422186,240.0,1598
WIN,2023,2023-05-14,202308010803,14,2.4,0.33142910804580905,-0.2045701406900583,240.0,1599
WIN,2023,2023-07-09,202307030401,2,2.4,0.3389183195761981,-0.18659603301712457,240.0,1600
WIN,2023,2023-03-26,202307020602,13,2.4,0.32852622179233265,-0.21153706769840164,240.0,1601
WIN,2023,2023-01-15,202307010602,9,2.4,0.32851049998674287,-0.21157480003181717,240.0,1602
WIN,2023,2023-01-14,202307010505,6,2.4,0.32816823613261903,-0.2123962332817143,240.0,1603
WIN,2023,2023-01-09,202307010406,14,2.4,0.330490531716992,-0.20682272387921918,240.0,1604
WIN,2023,2023-12-09,202306050305,6,2.4,0.3461423015080361,-0.16925847638071334,240.0,1605
WIN,2023,2023-09-24,202306040701,5,2.4,0.34639628649797466,-0.1686489124048608,240.0,1606
WIN,2023,2023-09-16,202306040309,15,2.4,0.33206290827464036,-0.20304902014086312,240.0,1607
WIN,2023,2023-03-12,202306020606,11,2.4,0.3287652227248091,-0.21096346546045808,240.0,1608
WIN,2023,2023-03-12,202306020602,1,2.4,0.3272387411229028,-0.2146270213050333,240.0,1609
WIN,2023,2023-10-15,202305040508,12,2.4,0.3263824212457558,-0.2166821890101861,240.0,1610
WIN,2023,2023-06-18,202305030610,1,2.4,0.328661438276012,-0.21121254813757118,240.0,1611
WIN,2023,2023-06-03,202305030101,9,2.4,0.33036366421278235,-0.20712720588932243,240.0,1612
WIN,2023,2023-05-14,202305020806,1,2.4,0.32904258528241215,-0.21029779532221082,240.0,1613
WIN,2023,2023-02-12,202305010605,3,2.4,0.3297946174568133,-0.208492918103648,240.0,1614
WIN,2023,2023-09-03,202304030809,9,2.4,0.33143802325487165,-0.20454874418830804,240.0,1615
WIN,2023,2023-05-21,202304010802,15,2.4,0.3306851989815909,-0.20635552244418187,240.0,1616
WIN,2023,2023-11-05,202303030204,1,2.4,0.32794213171482706,-0.21293888388441506,240.0,1617
WIN,2023,2023-04-16,202303010408,14,2.4,0.3276734972755904,-0.213583606538583,240.0,1618
WIN,2023,2023-04-15,202303010304,9,2.4,0.329679578863731,-0.20876901072704557,240.0,1619
WIN,2023,2023-06-18,202302010405,7,2.4,0.3437713889937555,-0.17494866641498685,240.0,1620
WIN,2023,2023-08-27,202301020611,14,2.4,0.3273803882513434,-0.2142870681967758,240.0,1621
WIN,2023,2023-07-29,202301010307,6,2.4,0.32790277503035337,-0.2130333399271519,240.0,1622
WIN,2022,2022-07-17,202210030601,6,2.4,0.3207759259403847,-0.23013777774307675,240.0,1623
WIN,2022,2022-11-12,202209050312,8,2.4,0.32845012558322456,-0.21171969860026107,240.0,1624
WIN,2022,2022-10-22,202209040612,5,2.4,0.3303719640875525,-0.20710728618987406,240.0,1625
WIN,2022,2022-04-16,202209020701,8,2.4,0.3275161955471831,-0.2139611306867606,240.0,1626
WIN,2022,2022-03-13,202209011002,7,2.4,0.33173323371800223,-0.20384023907679472,240.0,1627
WIN,2022,2022-02-20,202209010412,7,2.4,0.3286854749299515,-0.21115486016811646,240.0,1628
WIN,2022,2022-06-11,202207040309,1,2.4,0.3274660008716479,-0.21408159790804504,240.0,1629
WIN,2022,2022-12-17,202206050508,9,2.4,0.3306641053451528,-0.2064061471716333,240.0,1630
WIN,2022,2022-12-03,202206050112,9,2.4,0.32754539740454974,-0.21389104622908062,240.0,1631
WIN,2022,2022-09-17,202206040305,13,2.4,0.34322591605812497,-0.17625780146050007,240.0,1632
WIN,2022,2022-03-26,202206030101,14,2.4,0.3267439147253349,-0.21581460465919622,240.0,1633
WIN,2022,2022-03-06,202206020406,10,2.4,0.3318615118334143,-0.20353237159980575,240.0,1634
WIN,2022,2022-02-05,202205010301,6,2.4,0.3302347221579772,-0.2074366668208547,240.0,1635
WIN,2022,2022-07-31,202204020204,10,2.4,0.328379761277998,-0.21188857293280483,240.0,1636
WIN,2022,2022-05-28,202204010711,11,2.4,0.330401059675103,-0.20703745677975272,240.0,1637
WIN,2022,2022-05-07,202204010110,10,2.4,0.33224302828442487,-0.2026167321173803,240.0,1638
WIN,2022,2022-11-13,202203030402,12,2.4,0.3426013295865269,-0.17775680899233548,240.0,1639
WIN,2022,2022-06-11,202202010107,9,2.4,0.3304783525635814,-0.20685195384740473,240.0,1640
WIN,2025,2025-12-13,202509050311,10,2.3,0.3438508998325071,-0.20914293038523368,230.0,1641
WIN,2025,2025-05-24,202508020904,17,2.3,0.3463980893908778,-0.20328439440098112,230.0,1642
WIN,2025,2025-04-27,202508020206,4,2.3,0.34610378684696697,-0.20396129025197607,230.0,1643
WIN,2025,2025-02-16,202508010609,4,2.3,0.34292278440286195,-0.21127759587341755,230.0,1644
WIN,2025,2025-12-20,202507050511,6,2.3,0.3462828301096256,-0.20354949074786122,230.0,1645
WIN,2025,2025-08-31,202507040409,2,2.3,0.3417534339516993,-0.21396710191109158,230.0,1646
WIN,2025,2025-08-16,202507030702,10,2.3,0.34251857081279774,-0.21220728713056525,230.0,1647
WIN,2025,2025-01-25,202507010809,9,2.3,0.34239018995527953,-0.2125025631028571,230.0,1648
WIN,2025,2025-01-18,202507010607,1,2.3,0.3432305871659512,-0.21056964951831236,230.0,1649
WIN,2025,2025-12-20,202506050505,17,2.3,0.3444303857028726,-0.20781011288339313,230.0,1650
WIN,2025,2025-03-09,202506020408,11,2.3,0.345136217021194,-0.2061867008512538,230.0,1651
WIN,2025,2025-10-18,202505040609,5,2.3,0.34012171115354456,-0.21772006434684754,230.0,1652
WIN,2025,2025-04-26,202505020110,15,2.3,0.3434404644300105,-0.21008693181097593,230.0,1653
WIN,2025,2025-10-19,202504040212,10,2.3,0.3450159185682882,-0.20646338729293712,230.0,1654
WIN,2025,2025-05-24,202504010703,12,2.3,0.3415135191968825,-0.21451890584717026,230.0,1655
WIN,2025,2025-05-04,202504010208,7,2.3,0.3639490605703404,-0.16291716068821716,230.0,1656
WIN,2025,2025-07-13,202503020605,12,2.3,0.3448780156966946,-0.20678056389760258,230.0,1657
WIN,2025,2025-07-06,202503020410,2,2.3,0.3415380863100274,-0.21446240148693696,230.0,1658
WIN,2025,2025-06-15,202502010207,5,2.3,0.3433154384459947,-0.21037449157421217,230.0,1659
WIN,2025,2025-06-14,202502010108,5,2.3,0.34231239862433616,-0.2126814831640269,230.0,1660
WIN,2025,2025-08-30,202501020311,10,2.3,0.34468265059519787,-0.207229903631045,230.0,1661
WIN,2025,2025-08-16,202501010701,6,2.3,0.3434619095718114,-0.21003760798483384,230.0,1662
WIN,2024,2024-07-07,202410030406,3,2.3,0.34208534177225935,-0.21320371392380355,230.0,1663
WIN,2024,2024-01-14,202410010202,15,2.3,0.34332641249351076,-0.21034925126492532,230.0,1664
WIN,2024,2024-03-17,202409010812,11,2.3,0.34286846441803587,-0.21140253183851754,230.0,1665
WIN,2024,2024-11-10,202408060405,10,2.3,0.34592649651421375,-0.20436905801730842,230.0,1666
WIN,2024,2024-11-03,202408060201,11,2.3,0.3443466119992936,-0.20800279240162478,230.0,1667
WIN,2024,2024-10-20,202408050603,5,2.3,0.3453210941294723,-0.20576148350221368,230.0,1668
WIN,2024,2024-06-02,202408040209,12,2.3,0.34456937983610275,-0.2074904263769637,230.0,1669
WIN,2024,2024-06-02,202408040204,13,2.3,0.3436566945612844,-0.2095896025090459,230.0,1670
WIN,2024,2024-05-26,202408031202,13,2.3,0.3457802931855344,-0.20470532567327093,230.0,1671
WIN,2024,2024-02-17,202408020704,7,2.3,0.341588653937074,-0.21434609594472986,230.0,1672
WIN,2024,2024-09-22,202407030706,3,2.3,0.34541631086387237,-0.20554248501309358,230.0,1673
WIN,2024,2024-03-17,202407010403,10,2.3,0.3434327763266445,-0.21010461444871775,230.0,1674
WIN,2024,2024-09-07,202406040106,14,2.3,0.3424496466413711,-0.21236581272484645,230.0,1675
WIN,2024,2024-11-24,202405050812,3,2.3,0.34246344634848147,-0.21233407339849264,230.0,1676
WIN,2024,2024-11-23,202405050712,12,2.3,0.34323004982617517,-0.21057088539979718,230.0,1677
WIN,2024,2024-10-20,202405040603,10,2.3,0.3436546449543578,-0.20959431660497707,230.0,1678
WIN,2024,2024-05-04,202405020509,7,2.3,0.3424302043614305,-0.2124105299687099,230.0,1679
WIN,2024,2024-05-04,202405020508,3,2.3,0.3419610292603542,-0.21348963270118537,230.0,1680
WIN,2024,2024-08-31,202404030703,8,2.3,0.34661834157024884,-0.20277781438842768,230.0,1681
WIN,2024,2024-08-11,202404030203,2,2.3,0.3465853189689543,-0.20285376637140518,230.0,1682
WIN,2024,2024-07-14,202403020609,11,2.3,0.3451292790710544,-0.2062026581365749,230.0,1683
WIN,2024,2024-07-06,202403020307,12,2.3,0.34523842687943623,-0.20595161817729668,230.0,1684
WIN,2024,2024-07-07,202402011004,2,2.3,0.34318807671994656,-0.21066742354412293,230.0,1685
WIN,2024,2024-07-06,202402010910,1,2.3,0.3445586662820996,-0.207515067551171,230.0,1686
WIN,2024,2024-08-25,202401020609,13,2.3,0.34291402270473725,-0.21129774777910437,230.0,1687
WIN,2024,2024-08-18,202401020405,8,2.3,0.34423510726915946,-0.2082592532809333,230.0,1688
WIN,2024,2024-07-21,202401010209,3,2.3,0.3442982827169983,-0.20811394975090391,230.0,1689
WIN,2024,2024-07-20,202401010106,12,2.3,0.3451406342650423,-0.20617654119040274,230.0,1690
WIN,2023,2023-12-28,202309050905,5,2.3,0.35818369681744283,-0.17617749731988153,230.0,1691
WIN,2023,2023-06-10,202309030308,6,2.3,0.3437104903713795,-0.20946587214582713,230.0,1692
WIN,2023,2023-04-16,202309020802,5,2.3,0.3429982965892852,-0.2111039178446441,230.0,1693
WIN,2023,2023-04-02,202309020407,11,2.3,0.3421336069904114,-0.21309270392205382,230.0,1694
WIN,2023,2023-02-12,202309010204,11,2.3,0.3452406775248025,-0.2059464416929544,230.0,1695
WIN,2023,2023-11-26,202308030802,13,2.3,0.36187660793278636,-0.1676838017545914,230.0,1696
WIN,2023,2023-04-23,202308010205,11,2.3,0.34478655390664015,-0.20699092601472768,230.0,1697
WIN,2023,2023-04-08,202306030510,10,2.3,0.34705746828432976,-0.20176782294604156,230.0,1698
WIN,2023,2023-03-19,202306020801,4,2.3,0.3451323766738817,-0.20619553365007215,230.0,1699
WIN,2023,2023-03-05,202306020406,6,2.3,0.3445635370053555,-0.20750386488768235,230.0,1700
WIN,2023,2023-10-29,202305040901,4,2.3,0.36103577979764884,-0.16961770646540775,230.0,1701
WIN,2023,2023-11-05,202303030212,7,2.3,0.34502650233464244,-0.20643904463032248,230.0,1702
WIN,2023,2023-11-05,202303030208,5,2.3,0.34265400116811773,-0.2118957973133293,230.0,1703
WIN,2023,2023-07-01,202303020112,15,2.3,0.3457141654145789,-0.20485741954646863,230.0,1704
WIN,2023,2023-06-17,202302010309,10,2.3,0.3435604621383556,-0.2098109370817821,230.0,1705
WIN,2022,2022-07-10,202210030408,14,2.3,0.3453408092937283,-0.20571613862442495,230.0,1706
WIN,2022,2022-02-19,202210020308,5,2.3,0.3433499488058518,-0.21029511774654097,230.0,1707
WIN,2022,2022-01-29,202210010508,1,2.3,0.343408037542667,-0.21016151365186586,230.0,1708
WIN,2022,2022-10-16,202209040508,10,2.3,0.34437196604075815,-0.20794447810625627,230.0,1709
WIN,2022,2022-03-27,202209020205,8,2.3,0.34507832465384647,-0.2063198532961532,230.0,1710
WIN,2022,2022-03-13,202209011007,7,2.3,0.34603004548052124,-0.20413089539480123,230.0,1711
WIN,2022,2022-02-27,202209010612,12,2.3,0.34461706587645846,-0.20738074848414556,230.0,1712
WIN,2022,2022-02-12,202209010105,3,2.3,0.3439203998565781,-0.20898308032987045,230.0,1713
WIN,2022,2022-10-01,202207050805,13,2.3,0.36348427366039154,-0.16398617058109954,230.0,1714
WIN,2022,2022-09-24,202207050606,8,2.3,0.34524015446680373,-0.20594764472635152,230.0,1715
WIN,2022,2022-09-11,202207050208,2,2.3,0.3430967572857229,-0.21087745824283732,230.0,1716
WIN,2022,2022-06-12,202207040410,10,2.3,0.3430913636457241,-0.21088986361483453,230.0,1717
WIN,2022,2022-03-13,202207020209,1,2.3,0.3409719592867998,-0.21576449364036054,230.0,1718
WIN,2022,2022-02-06,202207011210,8,2.3,0.341750801867266,-0.2139731557052883,230.0,1719
WIN,2022,2022-02-05,202207011105,2,2.3,0.34364721604139065,-0.20961140310480153,230.0,1720
WIN,2022,2022-01-30,202207011006,8,2.3,0.34185786848123695,-0.21372690249315507,230.0,1721
WIN,2022,2022-01-22,202207010708,1,2.3,0.3435710410362678,-0.20978660561658413,230.0,1722
WIN,2022,2022-04-02,202206030309,12,2.3,0.34123980735117393,-0.21514844309229997,230.0,1723
WIN,2022,2022-11-06,202205050205,7,2.3,0.35979605022527217,-0.17246908448187404,230.0,1724
WIN,2022,2022-10-16,202205040506,6,2.3,0.3432301512743197,-0.21057065206906467,230.0,1725
WIN,2022,2022-02-20,202205010808,4,2.3,0.3420751665518856,-0.2132271169306632,230.0,1726
WIN,2022,2022-02-20,202205010801,14,2.3,0.3463580059636837,-0.2033765862835275,230.0,1727
WIN,2022,2022-02-05,202205010310,16,2.3,0.34421345006538395,-0.20830906484961698,230.0,1728
WIN,2022,2022-10-15,202204040103,5,2.3,0.3589768036014901,-0.17435335171657285,230.0,1729
WIN,2022,2022-08-21,202204030404,11,2.3,0.3439327998651019,-0.2089545603102657,230.0,1730
WIN,2022,2022-05-28,202204010705,12,2.3,0.3454099668292194,-0.20555707629279552,230.0,1731
WIN,2022,2022-09-04,202201020804,12,2.3,0.3416750506706246,-0.21414738345756346,230.0,1732
WIN,2022,2022-08-20,202201020310,8,2.3,0.3437578471033095,-0.2093569516623882,230.0,1733
WIN,2025,2025-09-14,202509040401,10,2.2,0.35813294469865986,-0.21210752166294822,220.0,1734
WIN,2025,2025-06-08,202509030205,3,2.2,0.3620920650121888,-0.20339745697318456,220.0,1735
WIN,2025,2025-03-01,202509010102,14,2.2,0.3561693283232775,-0.21642747768878934,220.0,1736
WIN,2025,2025-11-29,202508040704,6,2.2,0.3593381041317097,-0.2094561709102386,220.0,1737
WIN,2025,2025-11-22,202508040505,12,2.2,0.35750142492743137,-0.21349686515965094,220.0,1738
WIN,2025,2025-11-09,202508040202,3,2.2,0.3573430204391055,-0.21384535503396784,220.0,1739
WIN,2025,2025-10-12,202508030404,1,2.2,0.36190683830997084,-0.20380495571806412,220.0,1740
WIN,2025,2025-07-26,202507030104,8,2.2,0.3581874875184559,-0.21198752745939697,220.0,1741
WIN,2025,2025-03-29,202507020504,2,2.2,0.3599025901778405,-0.20821430160875087,220.0,1742
WIN,2025,2025-03-22,202507020301,3,2.2,0.3620305701530857,-0.20353274566321133,220.0,1743
WIN,2025,2025-03-15,202507020109,3,2.2,0.3573748243110004,-0.21377538651579897,220.0,1744
WIN,2025,2025-01-11,202507010308,7,2.2,0.35862349476550115,-0.2110283115158974,220.0,1745
WIN,2025,2025-12-21,202506050601,3,2.2,0.3604244872280005,-0.20706612809839875,220.0,1746
WIN,2025,2025-09-21,202506040701,5,2.2,0.35637241759924126,-0.21598068128166914,220.0,1747
WIN,2025,2025-03-29,202506030104,13,2.2,0.3544211804320894,-0.22027340304940324,220.0,1748
WIN,2025,2025-11-15,202505050307,6,2.2,0.35974969605399865,-0.20855066868120287,220.0,1749
WIN,2025,2025-10-18,202505040602,5,2.2,0.35529639018993703,-0.21834794158213844,220.0,1750
WIN,2025,2025-06-21,202505030508,8,2.2,0.36144942639074973,-0.2048112619403505,220.0,1751
WIN,2025,2025-05-24,202505020908,1,2.2,0.36105836715914297,-0.2056715922498854,220.0,1752
WIN,2025,2025-05-03,202505020308,2,2.2,0.3549361462129877,-0.21914047833142702,220.0,1753
WIN,2025,2025-08-17,202504020806,9,2.2,0.3589734026217207,-0.2102585142322143,220.0,1754
WIN,2025,2025-08-16,202504020706,7,2.2,0.3594798179205746,-0.20914440057473582,220.0,1755
WIN,2025,2025-11-16,202503030401,5,2.2,0.3600498781210687,-0.20789026813364875,220.0,1756
WIN,2025,2025-07-20,202503020810,7,2.2,0.35916512939914946,-0.2098367153218711,220.0,1757
WIN,2025,2025-07-12,202503020508,15,2.2,0.3598633536456993,-0.20830062197946142,220.0,1758
WIN,2025,2025-06-29,202503020205,9,2.2,0.3568994675828193,-0.21482117131779743,220.0,1759
WIN,2025,2025-04-19,202503010302,7,2.2,0.35702344603628444,-0.21454841872017416,220.0,1760
WIN,2025,2025-07-05,202502010702,12,2.2,0.3532089611668934,-0.2229402854328345,220.0,1761
WIN,2025,2025-06-15,202502010202,14,2.2,0.3622214201302988,-0.20311287571334258,220.0,1762
WIN,2025,2025-08-23,202501020107,4,2.2,0.3561538901618208,-0.21646144164399417,220.0,1763
WIN,2025,2025-08-17,202501010805,1,2.2,0.3558389700204093,-0.21715426595509946,220.0,1764
WIN,2025,2025-08-03,202501010408,6,2.2,0.3581390736256802,-0.21209403802350346,220.0,1765
WIN,2025,2025-07-27,202501010203,3,2.2,0.3569862144271426,-0.21463032826028616,220.0,1766
WIN,2024,2024-01-21,202410010401,1,2.2,0.35836368659764184,-0.21159988948518793,220.0,1767
WIN,2024,2024-03-03,202409010408,7,2.2,0.3556942772417932,-0.21747259006805486,220.0,1768
WIN,2024,2024-05-26,202408031204,9,2.2,0.3583688115500562,-0.21158861458987632,220.0,1769
WIN,2024,2024-02-03,202408020303,12,2.2,0.35653730236473014,-0.2156179347975936,220.0,1770
WIN,2024,2024-12-14,202407040509,3,2.2,0.3567553825870541,-0.21513815830848093,220.0,1771
WIN,2024,2024-12-14,202407040504,12,2.2,0.36182557778293106,-0.20398372887755156,220.0,1772
WIN,2024,2024-12-01,202407040211,2,2.2,0.35901660365493154,-0.21016347195915053,220.0,1773
WIN,2024,2024-12-01,202407040207,10,2.2,0.3570692204008445,-0.2144477151181421,220.0,1774
WIN,2024,2024-12-01,202407040205,7,2.2,0.3547781210501685,-0.21948813368962927,220.0,1775
WIN,2024,2024-09-08,202407030205,3,2.2,0.35600646555999843,-0.2167857757680034,220.0,1776
WIN,2024,2024-08-18,202407020409,8,2.2,0.3621611559477778,-0.2032454569148887,220.0,1777
WIN,2024,2024-08-17,202407020311,11,2.2,0.36080327853551764,-0.2062327872218611,220.0,1778
WIN,2024,2024-08-10,202407020111,6,2.2,0.3552436367925352,-0.21846399905642255,220.0,1779
WIN,2024,2024-12-07,202406050301,5,2.2,0.35807847647445035,-0.21222735175620921,220.0,1780
WIN,2024,2024-04-07,202406030601,9,2.2,0.35713755615832415,-0.21429737645168678,220.0,1781
WIN,2024,2024-04-06,202406030507,5,2.2,0.35915312401356186,-0.20986312717016387,220.0,1782
WIN,2024,2024-03-24,202406030203,14,2.2,0.3588714290990289,-0.21048285598213634,220.0,1783
WIN,2024,2024-01-21,202406010712,4,2.2,0.3587034280096399,-0.21085245837879218,220.0,1784
WIN,2024,2024-01-13,202406010408,3,2.2,0.3623238318483682,-0.20288756993358992,220.0,1785
WIN,2024,2024-11-10,202405050402,2,2.2,0.35781441475420744,-0.21280828754074355,220.0,1786
WIN,2024,2024-06-02,202405030206,3,2.2,0.35417139919635454,-0.22082292176802,220.0,1787
WIN,2024,2024-05-05,202405020608,1,2.2,0.36117915881705326,-0.20540585060248273,220.0,1788
WIN,2024,2024-10-20,202404040602,8,2.2,0.36110897579384815,-0.205560253253534,220.0,1789
WIN,2024,2024-08-24,202404030502,8,2.2,0.3613383800121779,-0.20505556397320857,220.0,1790
WIN,2024,2024-08-10,202404030104,13,2.2,0.3570883939534616,-0.21440553330238443,220.0,1791
WIN,2024,2024-08-04,202404020406,16,2.2,0.3595188707168448,-0.2090584844229414,220.0,1792
WIN,2024,2024-06-22,202402010508,3,2.2,0.361520488134078,-0.20465492610502833,220.0,1793
WIN,2024,2024-09-01,202401020807,11,2.2,0.36251432825278657,-0.20246847784386945,220.0,1794
WIN,2024,2024-08-17,202401020308,10,2.2,0.3602708554928732,-0.20740411791567892,220.0,1795
WIN,2024,2024-08-17,202401020305,2,2.2,0.35770831961766303,-0.21304169684114127,220.0,1796
WIN,2024,2024-08-03,202401010501,6,2.2,0.35830548229791953,-0.21172793894457698,220.0,1797
WIN,2023,2023-08-26,202310030504,8,2.2,0.35845738969520147,-0.21139374267055666,220.0,1798
WIN,2023,2023-09-17,202309040407,13,2.2,0.3575994678919973,-0.21328117063760588,220.0,1799
WIN,2023,2023-04-15,202309020702,10,2.2,0.3559847704131721,-0.21683350509102128,220.0,1800
WIN,2023,2023-04-08,202309020502,1,2.2,0.35527414528676604,-0.21839688036911464,220.0,1801
WIN,2023,2023-03-11,202309010904,2,2.2,0.355651504876491,-0.21756668927171974,220.0,1802
WIN,2023,2023-10-14,202308020410,5,2.2,0.3588070952985835,-0.2106243903431162,220.0,1803
WIN,2023,2023-10-07,202308020103,2,2.2,0.3742886062810903,-0.17656506618160128,220.0,1804
WIN,2023,2023-04-29,202308010311,12,2.2,0.35813160041984654,-0.2121104790763375,220.0,1805
WIN,2023,2023-12-16,202307040502,14,2.2,0.35888762432405036,-0.21044722648708913,220.0,1806
WIN,2023,2023-07-23,202307030802,13,2.2,0.3804479571354343,-0.1630144943020445,220.0,1807
WIN,2023,2023-03-19,202307020404,13,2.2,0.360494271807363,-0.20691260202380135,220.0,1808
WIN,2023,2023-01-28,202307010905,3,2.2,0.3548442869793162,-0.21934256864550428,220.0,1809
WIN,2023,2023-04-15,202306030705,7,2.2,0.35692945159254985,-0.21475520649639024,220.0,1810
WIN,2023,2023-11-26,202305050810,10,2.2,0.3607681933996023,-0.20630997452087485,220.0,1811
WIN,2023,2023-11-19,202305050603,9,2.2,0.37750750130102856,-0.16948349713773714,220.0,1812
WIN,2023,2023-11-05,202305050210,13,2.2,0.3575917329766644,-0.21329818745133822,220.0,1813
WIN,2023,2023-11-04,202305050107,11,2.2,0.3575902978581571,-0.2133013447120543,220.0,1814
WIN,2023,2023-10-08,202305040209,8,2.2,0.36026937478108817,-0.20740737548160593,220.0,1815
WIN,2023,2023-02-05,202305010406,2,2.2,0.35999841694269785,-0.20800348272606461,220.0,1816
WIN,2023,2023-07-16,202303020609,2,2.2,0.35897686027894865,-0.2102509073863129,220.0,1817
WIN,2023,2023-07-09,202303020407,10,2.2,0.3581152568379908,-0.21214643495642027,220.0,1818
WIN,2023,2023-07-16,202302020606,9,2.2,0.3592961265126225,-0.20954852167223048,220.0,1819
WIN,2023,2023-07-08,202302020302,4,2.2,0.359402348259002,-0.20931483383019545,220.0,1820
WIN,2023,2023-08-13,202301020208,1,2.2,0.3741118412536504,-0.17695394924196906,220.0,1821
WIN,2023,2023-07-29,202301010310,3,2.2,0.35912849032552274,-0.20991732128384988,220.0,1822
WIN,2023,2023-07-22,202301010106,3,2.2,0.36248347027418376,-0.20253636539679565,220.0,1823
WIN,2022,2022-07-02,202210030110,1,2.2,0.35656897202770876,-0.2155482615390406,220.0,1824
WIN,2022,2022-02-13,202210020203,8,2.2,0.3577245417474323,-0.21300600815564885,220.0,1825
WIN,2022,2022-12-04,202209060207,9,2.2,0.35684634466238885,-0.21493804174274445,220.0,1826
WIN,2022,2022-12-03,202209060102,4,2.2,0.3702820345392285,-0.18537952401369728,220.0,1827
WIN,2022,2022-11-05,202209050108,10,2.2,0.3584815505464618,-0.21134058879778395,220.0,1828
WIN,2022,2022-04-03,202209020407,10,2.2,0.3595980778299889,-0.20888422877402435,220.0,1829
WIN,2022,2022-03-05,202209010711,6,2.2,0.3597204118001873,-0.20861509403958778,220.0,1830
WIN,2022,2022-02-26,202209010507,16,2.2,0.3584221636630788,-0.21147123994122663,220.0,1831
WIN,2022,2022-02-13,202209010210,5,2.2,0.35700588744657946,-0.21458704761752512,220.0,1832
WIN,2022,2022-09-17,202207050303,14,2.2,0.37891546905792123,-0.16638596807257322,220.0,1833
WIN,2022,2022-06-11,202207040304,5,2.2,0.3599613974258756,-0.20808492566307368,220.0,1834
WIN,2022,2022-06-04,202207040105,6,2.2,0.3756850955336994,-0.17349278982586125,220.0,1835
WIN,2022,2022-05-08,202207030202,16,2.2,0.36236073866187773,-0.20280637494386888,220.0,1836
WIN,2022,2022-01-09,202207010312,7,4.6,0.17250516379057657,-0.20647624656334784,220.0,1837
WIN,2022,2022-09-25,202206040701,6,2.2,0.37784435324485466,-0.16874242286131969,220.0,1838
WIN,2022,2022-02-27,202206020201,7,2.2,0.3579585382420703,-0.21249121586744524,220.0,1839
WIN,2022,2022-11-13,202205050407,15,2.2,0.35669032119239663,-0.2152812933767273,220.0,1840
WIN,2022,2022-11-12,202205050312,3,2.2,0.3598832792661571,-0.20825678561445438,220.0,1841
WIN,2022,2022-11-05,202205050104,6,2.2,0.3769421620956664,-0.17072724338953382,220.0,1842
WIN,2022,2022-01-29,202205010111,4,2.2,0.36044234078214815,-0.20702685027927403,220.0,1843
WIN,2022,2022-04-17,202203010202,9,2.2,0.35794114828520907,-0.21252947377253995,220.0,1844
WIN,2022,2022-04-16,202203010102,5,2.2,0.3608426621806147,-0.20614614320264757,220.0,1845
WIN,2025,2025-07-12,202510020510,9,2.1,0.3767798098048684,-0.20876239940977626,210.0,1846
WIN,2025,2025-12-06,202509050109,3,2.1,0.37470650520799964,-0.2131163390632007,210.0,1847
WIN,2025,2025-01-25,202507010811,4,2.1,0.3777038149916581,-0.20682198851751787,210.0,1848
WIN,2025,2025-11-30,202505050808,5,2.1,0.37460602528765874,-0.2133273468959166,210.0,1849
WIN,2025,2025-02-08,202505010308,4,2.1,0.3720223406001793,-0.2187530847396234,210.0,1850
WIN,2025,2025-11-24,202503030601,16,2.1,0.3791579025988751,-0.20376840454236222,210.0,1851
WIN,2025,2025-07-06,202502010812,9,2.1,0.3751330613008523,-0.21222057126821015,210.0,1852
WIN,2025,2025-06-28,202502010504,4,2.1,0.3774021690178602,-0.20745544506249347,210.0,1853
WIN,2024,2024-07-06,202410030304,1,2.1,0.3711153800100618,-0.22065770197887025,210.0,1854
WIN,2024,2024-03-30,202409020309,6,2.1,0.3740981267436202,-0.21439393383839755,210.0,1855
WIN,2024,2024-12-15,202408070612,1,2.1,0.37690105903290394,-0.20850777603090165,210.0,1856
WIN,2024,2024-12-14,202408070505,3,2.1,0.37699929113451053,-0.20830148861752784,210.0,1857
WIN,2024,2024-10-06,202408050203,14,2.1,0.380213066436759,-0.201552560482806,210.0,1858
WIN,2024,2024-05-25,202408031110,4,2.1,0.374424570661375,-0.21370840161111238,210.0,1859
WIN,2024,2024-01-27,202408020106,4,2.1,0.37320844943315606,-0.2162622561903722,210.0,1860
WIN,2024,2024-12-22,202406050806,5,2.1,0.3731546615428867,-0.21637521075993793,210.0,1861
WIN,2024,2024-01-27,202405010103,1,2.1,0.37580523156432083,-0.21080901371492622,210.0,1862
WIN,2024,2024-04-20,202403010506,6,2.1,0.37451467476925676,-0.21351918298456074,210.0,1863
WIN,2024,2024-08-10,202401020106,1,2.1,0.3772953503700243,-0.20767976422294887,210.0,1864
WIN,2023,2023-06-11,202309030411,1,2.1,0.37924638178103814,-0.20358259825981984,210.0,1865
WIN,2023,2023-04-02,202309020412,12,2.1,0.3775787917817991,-0.20708453725822185,210.0,1866
WIN,2023,2023-03-04,202309010709,4,2.1,0.37680184025658925,-0.20871613546116252,210.0,1867
WIN,2023,2023-11-04,202308030106,4,2.1,0.39752184177172994,-0.16520413227936703,210.0,1868
WIN,2023,2023-10-21,202308020607,7,2.1,0.37171105183126746,-0.21940679115433825,210.0,1869
WIN,2023,2023-10-09,202308020302,8,2.1,0.3978667896306025,-0.16447974177573466,210.0,1870
WIN,2023,2023-07-22,202307030701,1,2.1,0.37579134249580476,-0.21083818075881,210.0,1871
WIN,2023,2023-03-25,202307020510,8,2.1,0.37721009989157867,-0.20785879022768472,210.0,1872
WIN,2023,2023-12-16,202306050501,3,2.1,0.3954725756989992,-0.16950759103210167,210.0,1873
WIN,2023,2023-12-09,202306050310,8,2.1,0.3800505477436982,-0.20189384973823377,210.0,1874
WIN,2023,2023-09-09,202306040108,7,2.1,0.3757009141736363,-0.21102808023536368,210.0,1875
WIN,2023,2023-03-11,202306020509,7,2.1,0.3722103629560873,-0.21835823779221664,210.0,1876
WIN,2023,2023-01-21,202306010710,10,2.1,0.3718455517464385,-0.21912434133247904,210.0,1877
WIN,2023,2023-11-19,202305050607,7,2.1,0.37482729874290166,-0.21286267263990644,210.0,1878
WIN,2023,2023-05-07,202305020604,2,2.1,0.3737980402379182,-0.21502411550037182,210.0,1879
WIN,2023,2023-05-06,202305020508,13,2.1,0.37540165363895206,-0.21165652735820062,210.0,1880
WIN,2023,2023-02-19,202305010809,3,2.1,0.37288326690065476,-0.21694513950862493,210.0,1881
WIN,2023,2023-04-30,202304010209,9,2.1,0.37553558844657875,-0.21137526426218456,210.0,1882
WIN,2023,2023-04-22,202303010503,7,2.1,0.37394948004805006,-0.21470609189909484,210.0,1883
WIN,2022,2022-08-28,202210040606,1,2.1,0.393270790765683,-0.1741313393920657,210.0,1884
WIN,2022,2022-01-22,202210010302,10,2.1,0.3766721698328818,-0.20898844335094813,210.0,1885
WIN,2022,2022-10-30,202209040905,2,2.1,0.3935013712593901,-0.17364712035528074,210.0,1886
WIN,2022,2022-03-05,202209010707,8,2.1,0.3772758775888271,-0.2077206570634631,210.0,1887
WIN,2022,2022-01-10,202207010405,8,2.1,0.37865090794920003,-0.20483309330667987,210.0,1888
WIN,2022,2022-01-05,202207010110,9,2.1,0.37727071374515164,-0.20773150113518146,210.0,1889
WIN,2022,2022-12-10,202206050303,13,2.1,0.3950741181859669,-0.1703443518094695,210.0,1890
WIN,2022,2022-11-20,202205050611,14,2.1,0.3758580503686495,-0.21069809422583596,210.0,1891
WIN,2022,2022-11-19,202205050505,3,2.1,0.3972911492180811,-0.16568858664202957,210.0,1892
WIN,2022,2022-11-19,202205050504,8,2.1,0.39342527836508734,-0.1738069154333165,210.0,1893
WIN,2022,2022-06-18,202205030505,15,2.1,0.39418698892072424,-0.17220732326647903,210.0,1894
WIN,2022,2022-06-18,202205030503,1,2.1,0.37905671857122036,-0.20398089100043715,210.0,1895
WIN,2022,2022-06-18,202205030501,5,2.1,0.3921423705188159,-0.17650102191048656,210.0,1896
WIN,2022,2022-06-12,202205030406,1,2.1,0.3749087832033722,-0.2126915552729184,210.0,1897
WIN,2022,2022-05-08,202205020603,1,2.1,0.3780036093226711,-0.20619242042239072,210.0,1898
WIN,2022,2022-11-06,202203030201,5,2.1,0.39194473345415426,-0.176916059746276,210.0,1899
WIN,2022,2022-04-16,202203010110,6,2.1,0.37874583688887015,-0.20463374253337263,210.0,1900
WIN,2022,2022-08-28,202201020608,9,2.1,0.3768389211402306,-0.20863826560551568,210.0,1901
WIN,2025,2025-02-01,202510010307,6,2.0,0.3952956914056588,-0.20940861718868242,200.0,1902
WIN,2025,2025-04-19,202509020704,5,2.0,0.398343898602392,-0.203312202795216,200.0,1903
WIN,2025,2025-03-08,202509010306,1,2.0,0.3953074896537242,-0.2093850206925516,200.0,1904
WIN,2025,2025-11-16,202508040405,6,2.0,0.38990685115465895,-0.2201862976906821,200.0,1905
WIN,2025,2025-11-02,202508031105,12,2.0,0.39126103274311147,-0.21747793451377706,200.0,1906
WIN,2025,2025-10-18,202508030606,10,2.0,0.3947461439631529,-0.21050771207369423,200.0,1907
WIN,2025,2025-05-25,202508021002,11,2.0,0.3975808470994915,-0.20483830580101703,200.0,1908
WIN,2025,2025-05-03,202508020307,7,2.0,0.3908852624665498,-0.21822947506690038,200.0,1909
WIN,2025,2025-02-01,202508010107,1,2.0,0.3956621618154603,-0.20867567636907935,200.0,1910
WIN,2025,2025-09-20,202506040604,9,2.0,0.3913599029405181,-0.21728019411896382,200.0,1911
WIN,2025,2025-09-06,202506040101,5,2.0,0.39570691808428116,-0.2085861638314377,200.0,1912
WIN,2025,2025-04-05,202506030312,16,2.0,0.39276264477537565,-0.2144747104492487,200.0,1913
WIN,2025,2025-01-12,202506010401,8,2.0,0.39119102605191985,-0.2176179478961603,200.0,1914
WIN,2025,2025-01-05,202506010106,4,2.0,0.3973029465929159,-0.20539410681416825,200.0,1915
WIN,2025,2025-08-16,202504020709,12,2.0,0.3920271606778894,-0.2159456786442212,200.0,1916
WIN,2025,2025-08-03,202504020406,1,2.0,0.3908730423875055,-0.21825391522498905,200.0,1917
WIN,2025,2025-08-02,202504020310,6,2.0,0.3933170256424339,-0.21336594871513215,200.0,1918
WIN,2025,2025-07-26,202501010103,12,2.0,0.395151040413463,-0.209697919173074,200.0,1919
WIN,2024,2024-02-10,202410020102,12,2.0,0.3917993113387698,-0.21640137732246045,200.0,1920
WIN,2024,2024-11-03,202408060209,3,2.0,0.39065049165792776,-0.2186990166841445,200.0,1921
WIN,2024,2024-10-27,202408050803,9,2.0,0.3924729768578042,-0.21505404628439162,200.0,1922
WIN,2024,2024-01-21,202408010707,9,2.0,0.395717202197442,-0.208565595605116,200.0,1923
WIN,2024,2024-12-08,202407040401,7,2.0,0.3916352390087681,-0.21672952198246376,200.0,1924
WIN,2024,2024-11-30,202406050103,10,2.0,0.39017265159749376,-0.21965469680501248,200.0,1925
WIN,2024,2024-09-16,202406040510,5,2.0,0.41242156387037304,-0.17515687225925392,200.0,1926
WIN,2024,2024-03-23,202406030107,15,2.0,0.3958271221877723,-0.20834575562445545,200.0,1927
WIN,2024,2024-03-16,202406020708,2,2.0,0.3962821561282192,-0.20743568774356158,200.0,1928
WIN,2024,2024-01-20,202406010610,5,2.0,0.3922127911506418,-0.21557441769871644,200.0,1929
WIN,2024,2024-11-24,202405050802,13,2.0,0.39235280362878144,-0.2152943927424371,200.0,1930
WIN,2024,2024-06-23,202405030807,2,2.0,0.39598213117379705,-0.2080357376524059,200.0,1931
WIN,2024,2024-05-05,202405020607,15,2.0,0.3943084319520496,-0.21138313609590076,200.0,1932
WIN,2024,2024-02-17,202405010709,9,2.0,0.39634399147173066,-0.20731201705653868,200.0,1933
WIN,2024,2024-09-01,202404030802,8,2.0,0.39463145854467097,-0.21073708291065807,200.0,1934
WIN,2024,2024-05-18,202404010712,2,2.0,0.3921514193818856,-0.21569716123622884,200.0,1935
WIN,2024,2024-07-14,202403020606,4,2.0,0.39575003194033775,-0.2084999361193245,200.0,1936
WIN,2023,2023-02-19,202310020407,1,2.0,0.39797535387803573,-0.20404929224392854,200.0,1937
WIN,2023,2023-02-11,202310020107,8,2.0,0.3959465821261631,-0.20810683574767375,200.0,1938
WIN,2023,2023-12-09,202309050307,10,2.0,0.41468326550430573,-0.17063346899138854,200.0,1939
WIN,2023,2023-12-02,202309050101,9,2.0,0.40984340443201017,-0.18031319113597966,200.0,1940
WIN,2023,2023-09-09,202309040110,9,2.0,0.39391317303805085,-0.2121736539238983,200.0,1941
WIN,2023,2023-03-19,202309011208,10,2.0,0.39710694290818743,-0.20578611418362514,200.0,1942
WIN,2023,2023-03-12,202309011009,2,2.0,0.39820203324229936,-0.20359593351540128,200.0,1943
WIN,2023,2023-03-11,202309010906,10,2.0,0.39771878531078364,-0.20456242937843272,200.0,1944
WIN,2023,2023-04-22,202308010112,4,2.0,0.3971877820663025,-0.20562443586739498,200.0,1945
WIN,2023,2023-07-23,202307030805,4,2.0,0.41708629725230023,-0.16582740549539954,200.0,1946
WIN,2023,2023-07-01,202307030105,7,2.0,0.4110704191768431,-0.17785916164631377,200.0,1947
WIN,2023,2023-01-07,202306010204,9,2.0,0.3927017866783333,-0.21459642664333345,200.0,1948
WIN,2023,2023-04-30,202305020406,10,2.0,0.3962106384282618,-0.20757872314347636,200.0,1949
WIN,2023,2023-04-29,202305020304,5,2.0,0.391954965702882,-0.21609006859423596,200.0,1950
WIN,2023,2023-04-22,202305020111,11,2.0,0.3933163325249738,-0.21336733495005245,200.0,1951
WIN,2023,2023-01-29,202305010210,4,2.0,0.393775150482919,-0.212449699034162,200.0,1952
WIN,2023,2023-07-22,202303020705,4,2.0,0.41886897260360856,-0.16226205479278288,200.0,1953
WIN,2022,2022-12-18,202209060604,4,2.0,0.4127271508547239,-0.17454569829055222,200.0,1954
WIN,2022,2022-10-22,202209040601,3,2.0,0.41390813002647536,-0.17218373994704927,200.0,1955
WIN,2022,2022-10-08,202209040106,11,2.0,0.41433921436481486,-0.1713215712703703,200.0,1956
WIN,2022,2022-06-25,202209030312,8,2.0,0.3913220131727996,-0.21735597365440085,200.0,1957
WIN,2022,2022-04-30,202209021103,3,2.0,0.3921305378365938,-0.2157389243268124,200.0,1958
WIN,2022,2022-02-19,202209010308,12,2.0,0.39489009530646546,-0.21021980938706908,200.0,1959
WIN,2022,2022-02-13,202209010206,6,2.0,0.38975982905154843,-0.22048034189690313,200.0,1960
WIN,2022,2022-03-13,202207020204,6,2.0,0.3948846639532723,-0.21023067209345536,200.0,1961
WIN,2022,2022-01-23,202207010808,12,2.0,0.39777245472959927,-0.20445509054080147,200.0,1962
WIN,2022,2022-09-10,202206040112,10,2.0,0.39838513993749003,-0.20322972012501994,200.0,1963
WIN,2022,2022-04-10,202206030603,8,2.0,0.39383561848816906,-0.21232876302366188,200.0,1964
WIN,2022,2022-06-25,202205030706,6,2.0,0.3987690378261492,-0.2024619243477016,200.0,1965
WIN,2022,2022-08-20,202204030303,11,2.0,0.4144149202679754,-0.17117015946404923,200.0,1966
WIN,2022,2022-05-15,202204010404,8,2.0,0.3931277793801609,-0.21374444123967817,200.0,1967
WIN,2022,2022-11-19,202203030504,6,2.0,0.41961316435520307,-0.16077367128959386,200.0,1968
WIN,2022,2022-04-17,202203010201,8,2.0,0.39327836181658465,-0.2134432763668307,200.0,1969
WIN,2022,2022-06-11,202202010112,3,2.0,0.3939160910695639,-0.21216781786087224,200.0,1970
WIN,2022,2022-08-06,202201010506,6,3.6,0.2209443550082816,-0.20460032197018618,200.0,1971
WIN,2022,2022-07-23,202201010108,1,2.0,0.3948585428067722,-0.21028291438645563,200.0,1972
WIN,2025,2025-10-19,202505040709,6,1.9,0.4178449119203264,-0.20609466735137982,190.0,1973
WIN,2025,2025-07-06,202503020405,7,1.9,0.4083916006961717,-0.2240559586772738,190.0,1974
WIN,2024,2024-02-25,202410020604,9,1.9,0.4159132953756972,-0.2097647387861753,190.0,1975
WIN,2024,2024-09-16,202407030503,5,1.9,0.4344374231033656,-0.17456889610360538,190.0,1976
WIN,2024,2024-03-17,202406020808,6,1.9,0.41342072001056307,-0.2145006319799302,190.0,1977
WIN,2025,2025-12-27,202509050712,1,1.8,0.43521170904243855,-0.21661892372361058,180.0,1978
WIN,2025,2025-12-27,202509050703,13,1.8,0.4401897067142699,-0.20765852791431416,180.0,1979
WIN,2025,2025-09-20,202509040608,4,1.8,0.43397099767179975,-0.21885220419076046,180.0,1980
WIN,2025,2025-09-14,202509040412,16,1.8,0.44134504823288134,-0.20557891318081356,180.0,1981
WIN,2025,2025-06-21,202509030502,12,1.8,0.4400092395241225,-0.20798336885657942,180.0,1982
WIN,2025,2025-06-14,202509030311,12,1.8,0.44038626610920134,-0.20730472100343755,180.0,1983
WIN,2025,2025-06-08,202509030209,8,1.8,0.4415497940745441,-0.2052103706658206,180.0,1984
WIN,2025,2025-04-19,202509020711,8,1.8,0.44203175445751597,-0.20434284197647123,180.0,1985
WIN,2025,2025-11-29,202508040706,7,1.8,0.43707198301319944,-0.21327043057624095,180.0,1986
WIN,2025,2025-11-23,202508040611,15,1.8,0.44209507020591715,-0.20422887362934916,180.0,1987
WIN,2025,2025-11-16,202508040407,4,1.8,0.43352775246928166,-0.219650045555293,180.0,1988
WIN,2025,2025-11-08,202508040104,11,1.8,0.4423463990717696,-0.20377648167081475,180.0,1989
WIN,2025,2025-05-24,202508020906,4,1.8,0.44127788537732854,-0.20569980632080864,180.0,1990
WIN,2025,2025-02-09,202508010407,7,1.8,0.43235471638694567,-0.2217615105034978,180.0,1991
WIN,2025,2025-08-10,202507030606,8,1.8,0.4380650341126549,-0.21148293859722112,180.0,1992
WIN,2025,2025-08-02,202507030308,13,1.8,0.43544836779723983,-0.2161929379649683,180.0,1993
WIN,2025,2025-07-26,202507030108,1,1.8,0.4339485400788866,-0.21889262785800412,180.0,1994
WIN,2025,2025-01-12,202507010411,2,1.8,0.4359018847732582,-0.21537660740813525,180.0,1995
WIN,2025,2025-09-13,202506040307,15,1.8,0.43459256460476353,-0.2177333837114256,180.0,1996
WIN,2025,2025-09-06,202506040103,1,1.8,0.43749301796530904,-0.21251256766244375,180.0,1997
WIN,2025,2025-04-19,202506030704,13,1.8,0.43485696791296496,-0.21725745775666305,180.0,1998
WIN,2025,2025-01-25,202506010808,14,1.8,0.44023787933937114,-0.20757181718913198,180.0,1999
WIN,2025,2025-01-05,202506010110,9,1.8,0.43656707005910533,-0.21417927389361036,180.0,2000
WIN,2025,2025-11-01,202505041009,5,1.8,0.43241194145779277,-0.22165850537597298,180.0,2001
WIN,2025,2025-11-01,202505041003,2,1.8,0.4339071555285414,-0.2189671200486254,180.0,2002
WIN,2025,2025-10-26,202505040902,9,1.8,0.4418744063695931,-0.20462606853473242,180.0,2003
WIN,2025,2025-10-11,202505040310,16,1.8,0.43953390050348345,-0.20883897909372973,180.0,2004
WIN,2025,2025-10-05,202505040212,14,1.8,0.4378232158827064,-0.21191821141112843,180.0,2005
WIN,2025,2025-05-10,202505020508,7,1.8,0.4423742927764792,-0.20372627300233737,180.0,2006
WIN,2025,2025-02-23,202505010809,9,1.8,0.437381633340257,-0.21271305998753742,180.0,2007
WIN,2025,2025-02-22,202505010705,10,1.8,0.4358159624735269,-0.21553126754765162,180.0,2008
WIN,2025,2025-02-22,202505010704,16,1.8,0.4406749617782754,-0.2067850687991042,180.0,2009
WIN,2025,2025-02-16,202505010602,14,1.8,0.43568798297821737,-0.21576163063920872,180.0,2010
WIN,2025,2025-02-15,202505010503,12,1.8,0.43524318692611913,-0.21656226353298558,180.0,2011
WIN,2025,2025-02-08,202505010301,9,1.8,0.43247047940391176,-0.22155313707295887,180.0,2012
WIN,2025,2025-07-26,202504020104,1,1.8,0.43844792718701725,-0.21079373106336896,180.0,2013
WIN,2025,2025-11-22,202503030504,5,1.8,0.43459134835522906,-0.21773557296058765,180.0,2014
WIN,2025,2025-06-29,202503020209,1,1.8,0.4381168557651635,-0.21138965962270562,180.0,2015
WIN,2025,2025-06-28,202503020107,6,1.8,0.43885837391823806,-0.21005492694717143,180.0,2016
WIN,2025,2025-07-19,202502011110,3,1.8,0.4419575492213475,-0.20447641140157446,180.0,2017
WIN,2025,2025-07-13,202502011009,3,1.8,0.44253784580007915,-0.20343187755985748,180.0,2018
WIN,2025,2025-08-31,202501020406,8,1.8,0.43873611131841084,-0.21027499962686047,180.0,2019
WIN,2025,2025-08-02,202501010307,7,1.8,0.43865989990388005,-0.21041218017301588,180.0,2020
WIN,2025,2025-07-27,202501010205,6,1.8,0.44145343594897746,-0.20538381529184058,180.0,2021
WIN,2024,2024-07-14,202410030608,7,1.8,0.4361631365436231,-0.2149063542214784,180.0,2022
WIN,2024,2024-03-02,202410020704,2,1.8,0.43388182801945174,-0.21901270956498686,180.0,2023
WIN,2024,2024-02-10,202410020111,3,1.8,0.44214901088439523,-0.20413178040808855,180.0,2024
WIN,2024,2024-01-20,202410010304,2,1.8,0.4375146089814742,-0.2124737038333464,180.0,2025
WIN,2024,2024-01-13,202410010104,12,1.8,0.4383619432619605,-0.21094850212847116,180.0,2026
WIN,2024,2024-04-06,202409020505,3,1.8,0.4412849088679009,-0.20568716403777842,180.0,2027
WIN,2024,2024-03-24,202409020206,12,1.8,0.43865535436321423,-0.2104203621462144,180.0,2028
WIN,2024,2024-03-02,202409010312,11,1.8,0.4319920840794416,-0.2224142486570051,180.0,2029
WIN,2024,2024-03-02,202409010306,5,1.8,0.4394937068955109,-0.2089113275880803,180.0,2030
WIN,2024,2024-12-01,202408070206,6,1.8,0.43663116254140266,-0.2140639074254752,180.0,2031
WIN,2024,2024-11-17,202408060612,4,1.8,0.44144674764600295,-0.20539585423719464,180.0,2032
WIN,2024,2024-10-26,202408050703,7,1.8,0.4389765472105019,-0.20984221502109657,180.0,2033
WIN,2024,2024-06-15,202408040504,1,1.8,0.44076646573885814,-0.20662036167005537,180.0,2034
WIN,2024,2024-06-09,202408040411,1,1.8,0.43895780078131846,-0.20987595859362673,180.0,2035
WIN,2024,2024-06-08,202408040311,7,1.8,0.43409033471111313,-0.21863739751999633,180.0,2036
WIN,2024,2024-04-20,202408030101,12,1.8,0.438694651188091,-0.21034962786143618,180.0,2037
WIN,2024,2024-12-15,202407040609,6,1.8,0.4317924649025067,-0.2227735631754879,180.0,2038
WIN,2024,2024-11-30,202407040104,6,1.8,0.43623246792042564,-0.21478155774323382,180.0,2039
WIN,2024,2024-09-16,202407030512,8,1.8,0.4593373654185955,-0.17319274224652814,180.0,2040
WIN,2024,2024-09-15,202407030408,4,1.8,0.43244926483591745,-0.22159132329534859,180.0,2041
WIN,2024,2024-08-24,202407020504,5,1.8,0.43461959576872167,-0.21768472761630098,180.0,2042
WIN,2024,2024-03-16,202407010312,14,1.8,0.4348294624085075,-0.2173069676646865,180.0,2043
WIN,2024,2024-12-28,202406050911,6,1.8,0.4420133798319074,-0.20437591630256668,180.0,2044
WIN,2024,2024-12-28,202406050902,9,1.8,0.43950167500514475,-0.2088969849907394,180.0,2045
WIN,2024,2024-12-22,202406050801,15,1.8,0.43590303401589614,-0.2153745387713869,180.0,2046
WIN,2024,2024-09-16,202406040509,14,1.8,0.46044325846160883,-0.17120213476910406,180.0,2047
WIN,2024,2024-09-14,202406040304,15,1.8,0.4378741496683416,-0.21182653059698509,180.0,2048
WIN,2024,2024-03-17,202406020807,1,1.8,0.4387166268343271,-0.21031007169821114,180.0,2049
WIN,2024,2024-03-10,202406020607,2,1.8,0.4343204853662027,-0.21822312634083507,180.0,2050
WIN,2024,2024-03-02,202406020308,8,1.8,0.44013965943176786,-0.20774861302281789,180.0,2051
WIN,2024,2024-02-24,202406020101,10,1.8,0.440797110189757,-0.2065652016584374,180.0,2052
WIN,2024,2024-01-20,202406010602,16,1.8,0.43634881638245815,-0.2145721305115753,180.0,2053
WIN,2024,2024-01-07,202406010212,13,1.8,0.4360308652364325,-0.21514444257442156,180.0,2054
WIN,2024,2024-11-23,202405050704,16,1.8,0.439843006712274,-0.20828258791790677,180.0,2055
WIN,2024,2024-11-16,202405050503,3,1.8,0.43889810691730163,-0.20998340754885703,180.0,2056
WIN,2024,2024-10-27,202405040802,4,1.8,0.44122172678059657,-0.2058008917949261,180.0,2057
WIN,2024,2024-10-13,202405040303,7,1.8,0.43861126203782824,-0.2104997283319091,180.0,2058
WIN,2024,2024-10-06,202405040212,10,1.8,0.43594178095968766,-0.21530479427256222,180.0,2059
WIN,2024,2024-10-06,202405040206,15,1.8,0.43456179892888225,-0.2177887619280119,180.0,2060
WIN,2024,2024-06-08,202405030306,7,1.8,0.4427566988906725,-0.20303794199678948,180.0,2061
WIN,2024,2024-05-04,202405020505,1,1.8,0.4364088251369142,-0.21446411475355442,180.0,2062
WIN,2024,2024-02-18,202405010808,1,1.8,0.44073839739180115,-0.20667088469475792,180.0,2063
WIN,2024,2024-02-11,202405010602,6,1.8,0.432451819096218,-0.2215867256268076,180.0,2064
WIN,2024,2024-05-11,202404010507,5,1.8,0.4347341972765219,-0.21747844490226054,180.0,2065
WIN,2024,2024-05-05,202404010408,11,1.8,0.43487919604262715,-0.21721744712327107,180.0,2066
WIN,2024,2024-04-28,202404010202,1,1.8,0.43944346516706995,-0.20900176269927406,180.0,2067
WIN,2024,2024-11-10,202403030412,8,1.8,0.43866167011667034,-0.21040899378999334,180.0,2068
WIN,2024,2024-07-06,202402010908,3,1.8,0.43902358407481057,-0.2097575486653409,180.0,2069
WIN,2024,2024-08-18,202401020401,7,1.8,0.44078611959591146,-0.2065849847273593,180.0,2070
WIN,2023,2023-02-18,202310020304,3,1.8,0.4414900356302289,-0.20531793586558789,180.0,2071
WIN,2023,2023-12-02,202309050112,8,1.8,0.43607077204691275,-0.21507261031555702,180.0,2072
WIN,2023,2023-09-10,202309040212,3,1.8,0.4387113547560005,-0.21031956143919917,180.0,2073
WIN,2023,2023-06-24,202309030707,15,1.8,0.4358368491167287,-0.2154936715898883,180.0,2074
WIN,2023,2023-03-19,202309011205,9,1.8,0.43917557519891154,-0.20948396464195917,180.0,2075
WIN,2023,2023-11-25,202308030709,11,1.8,0.4422350941495014,-0.20397683053089743,180.0,2076
WIN,2023,2023-11-19,202308030609,3,1.8,0.46607579800514376,-0.16106356359074125,180.0,2077
WIN,2023,2023-11-11,202308030303,3,1.8,0.45664956469539825,-0.17803078354828317,180.0,2078
WIN,2023,2023-10-15,202308020501,6,1.8,0.46101305316527774,-0.1701765043025001,180.0,2079
WIN,2023,2023-05-20,202308010907,4,1.8,0.4331555118378124,-0.2203200786919376,180.0,2080
WIN,2023,2023-05-13,202308010702,3,1.8,0.43874987157233214,-0.21025023116980213,180.0,2081
WIN,2023,2023-12-03,202307040204,4,1.8,0.4584407072128889,-0.1748067270168,180.0,2082
WIN,2023,2023-07-02,202307030209,4,1.8,0.43687146337779054,-0.213631365919977,180.0,2083
WIN,2023,2023-03-25,202307020508,3,1.8,0.434019444205039,-0.21876500043092972,180.0,2084
WIN,2023,2023-03-12,202307020205,9,1.8,0.4412490371069835,-0.20575173320742968,180.0,2085
WIN,2023,2023-02-05,202307011209,12,1.8,0.442454053717424,-0.2035827033086367,180.0,2086
WIN,2023,2023-02-05,202307011204,7,1.8,0.4394965663941006,-0.20890618049061882,180.0,2087
WIN,2023,2023-01-21,202307010705,8,1.8,0.43524834698376985,-0.21655297542921426,180.0,2088
WIN,2023,2023-01-14,202307010510,14,1.8,0.4412600103902218,-0.20573198129760073,180.0,2089
WIN,2023,2023-01-09,202307010409,8,1.8,0.4403944024327767,-0.20729007562100188,180.0,2090
WIN,2023,2023-12-02,202306050109,1,1.8,0.4582728506650664,-0.17510886880288046,180.0,2091
WIN,2023,2023-04-09,202306030607,1,1.8,0.43335471021241434,-0.21996152161765414,180.0,2092
WIN,2023,2023-01-14,202306010507,8,1.8,0.4393600143303871,-0.20915197420530318,180.0,2093
WIN,2023,2023-01-07,202306010201,6,1.8,0.441080721215276,-0.20605470181250318,180.0,2094
WIN,2023,2023-01-05,202306010101,14,1.8,0.44178733657968067,-0.20478279415657474,180.0,2095
WIN,2023,2023-11-11,202305050303,10,1.8,0.45687555821376236,-0.17762399521522776,180.0,2096
WIN,2023,2023-11-04,202305050106,15,1.8,0.43412945657169316,-0.21856697817095228,180.0,2097
WIN,2023,2023-11-04,202305050102,5,1.8,0.4637584150143604,-0.1652348529741513,180.0,2098
WIN,2023,2023-10-21,202305040608,12,1.8,0.4424196640271438,-0.2036446047511412,180.0,2099
WIN,2023,2023-02-19,202305010810,10,1.8,0.43969481640022196,-0.20854933047960045,180.0,2100
WIN,2023,2023-02-18,202305010703,4,1.8,0.4351454472543595,-0.21673819494215285,180.0,2101
WIN,2023,2023-01-28,202305010111,7,1.8,0.4418154892022446,-0.2047321194359597,180.0,2102
WIN,2023,2023-08-06,202304020404,2,1.8,0.43366442749918094,-0.21940403050147428,180.0,2103
WIN,2023,2023-05-14,202304010610,13,1.8,0.43632798893811225,-0.21460961991139793,180.0,2104
WIN,2023,2023-05-13,202304010507,2,1.8,0.4356980109023114,-0.2157435803758394,180.0,2105
WIN,2023,2023-07-15,202303020507,16,1.8,0.4365283013354134,-0.2142490575962558,180.0,2106
WIN,2023,2023-08-19,202301020312,6,1.8,0.43171419098613506,-0.22291445622495687,180.0,2107
WIN,2023,2023-07-30,202301010409,4,1.8,0.4404526975607921,-0.20718514439057423,180.0,2108
WIN,2022,2022-08-14,202210040201,10,1.8,0.45606055787612426,-0.17909099582297627,180.0,2109
WIN,2022,2022-07-23,202210030710,1,1.8,0.4413596306955944,-0.20555266474793,180.0,2110
WIN,2022,2022-02-26,202210020503,12,1.8,0.43930228087630274,-0.20925589442265502,180.0,2111
WIN,2022,2022-01-16,202210010202,10,1.8,0.4365360161861475,-0.2142351708649345,180.0,2112
WIN,2022,2022-11-12,202209050301,6,1.8,0.4616472016091382,-0.16903503710355128,180.0,2113
WIN,2022,2022-10-16,202209040510,8,1.8,0.43929330363014696,-0.2092720534657354,180.0,2114
WIN,2022,2022-10-09,202209040209,14,1.8,0.43956811596750445,-0.20877739125849193,180.0,2115
WIN,2022,2022-06-26,202209030408,4,1.8,0.4436351745221512,-0.20145668586012788,180.0,2116
WIN,2022,2022-05-01,202209021207,2,1.8,0.4408048825169724,-0.20655121146944966,180.0,2117
WIN,2022,2022-05-01,202209021206,1,1.8,0.440519599794892,-0.20706472036919432,180.0,2118
WIN,2022,2022-04-09,202209020504,6,1.8,0.4325453054838081,-0.2214184501291454,180.0,2119
WIN,2022,2022-03-27,202209020209,8,1.8,0.434485227210302,-0.21792659102145628,180.0,2120
WIN,2022,2022-03-20,202209011204,2,1.8,0.43863234741750107,-0.21046177464849802,180.0,2121
WIN,2022,2022-03-20,202209011203,9,1.8,0.4426540136467574,-0.20322277543583667,180.0,2122
WIN,2022,2022-02-13,202209010205,2,1.8,0.4358177591747478,-0.2155280334854539,180.0,2123
WIN,2022,2022-05-29,202207030805,5,1.8,0.4354130066875136,-0.2162565879624755,180.0,2124
WIN,2022,2022-05-21,202207030511,4,1.8,0.44334439578892293,-0.20198008757993868,180.0,2125
WIN,2022,2022-03-12,202207020109,11,1.8,0.44150674784759225,-0.2052878538743339,180.0,2126
WIN,2022,2022-02-05,202207011107,5,1.8,0.4312764053894677,-0.22370247029895807,180.0,2127
WIN,2022,2022-01-05,202207010106,2,1.8,0.43810643068850597,-0.21140842476068922,180.0,2128
WIN,2022,2022-10-01,202206040809,4,1.8,0.4612365252685508,-0.16977425451660855,180.0,2129
WIN,2022,2022-04-03,202206030404,11,1.8,0.4380697038641737,-0.21147453304448727,180.0,2130
WIN,2022,2022-02-27,202206020207,7,1.8,0.4341518236983224,-0.21852671734301965,180.0,2131
WIN,2022,2022-11-27,202205050811,16,1.8,0.434528631933069,-0.21784846252047574,180.0,2132
WIN,2022,2022-11-20,202205050601,7,1.8,0.46570490788727514,-0.1617311658029047,180.0,2133
WIN,2022,2022-11-13,202205050410,7,1.8,0.4421418843245728,-0.20414460821576896,180.0,2134
WIN,2022,2022-10-29,202205040803,2,1.8,0.46392045206231336,-0.16494318628783589,180.0,2135
WIN,2022,2022-10-22,202205040609,2,1.8,0.45655165081534355,-0.17820702853238157,180.0,2136
WIN,2022,2022-10-15,202205040409,8,1.8,0.46541982381736946,-0.162244317128735,180.0,2137
WIN,2022,2022-10-10,202205040302,4,1.8,0.4612292560514658,-0.16978733910736155,180.0,2138
WIN,2022,2022-06-12,202205030404,1,1.8,0.441162318422218,-0.20590782684000764,180.0,2139
WIN,2022,2022-01-30,202205010212,6,1.8,0.44040110430486945,-0.207278012251235,180.0,2140
WIN,2022,2022-08-20,202204030302,10,1.8,0.43514255125211543,-0.21674340774619216,180.0,2141
WIN,2022,2022-07-10,202203020407,11,1.8,0.4347922996101963,-0.21737386070164666,180.0,2142
WIN,2022,2022-06-19,202202010412,7,1.8,0.4400864863861503,-0.2078443245049295,180.0,2143
WIN,2022,2022-06-11,202202010102,3,1.8,0.4341570983608353,-0.21851722295049636,180.0,2144
WIN,2025,2025-06-28,202510020112,9,1.7,0.46556189375914253,-0.2085447806094577,170.0,2145
WIN,2025,2025-09-14,202509040406,8,1.7,0.4602563201825722,-0.21756425568962734,170.0,2146
WIN,2025,2025-09-06,202509040111,14,1.7,0.46534360568321287,-0.2089158703385381,170.0,2147
WIN,2025,2025-04-05,202509020309,1,1.7,0.45798578621989844,-0.22142416342617266,170.0,2148
WIN,2025,2025-11-29,202508040712,1,1.7,0.4605523354312969,-0.2170610297667952,170.0,2149
WIN,2025,2025-06-01,202508021204,9,1.7,0.45824411824635713,-0.22098499898119284,170.0,2150
WIN,2025,2025-08-09,202507030509,9,1.7,0.4575395608191242,-0.22218274660748882,170.0,2151
WIN,2025,2025-03-16,202507020206,3,1.7,0.4620085761296981,-0.21458542057951324,170.0,2152
WIN,2025,2025-01-25,202507010812,1,1.7,0.45937377258958256,-0.21906458659770967,170.0,2153
WIN,2025,2025-09-21,202506040706,14,1.7,0.46658502497813636,-0.20680545753716817,170.0,2154
WIN,2025,2025-09-07,202506040203,13,1.7,0.45785806830102177,-0.22164128388826299,170.0,2155
WIN,2025,2025-04-06,202506030412,10,1.7,0.46372019680647253,-0.21167566542899674,170.0,2156
WIN,2025,2025-04-05,202506030306,12,1.7,0.46512666223414106,-0.20928467420196017,170.0,2157
WIN,2025,2025-11-09,202505050209,14,1.7,0.46636666077692984,-0.20717667667921924,170.0,2158
WIN,2025,2025-11-08,202505050109,4,1.7,0.4648305513837829,-0.2097880626475691,170.0,2159
WIN,2025,2025-10-26,202505040903,1,1.7,0.46577515455727564,-0.2081822372526314,170.0,2160
WIN,2025,2025-06-15,202505030402,3,1.7,0.45697245817120435,-0.22314682110895256,170.0,2161
WIN,2025,2025-06-01,202505021201,6,1.7,0.4620639659302565,-0.21449125791856394,170.0,2162
WIN,2025,2025-05-10,202505020507,8,1.7,0.46319524750727065,-0.21256807923763987,170.0,2163
WIN,2025,2025-04-27,202505020204,11,1.7,0.4569359692586035,-0.223208852260374,170.0,2164
WIN,2025,2025-02-15,202505010510,16,1.7,0.4587021465237559,-0.22020635090961493,170.0,2165
WIN,2025,2025-04-20,202503010404,7,1.7,0.46436296863919074,-0.21058295331337573,170.0,2166
WIN,2024,2024-03-03,202410020807,14,1.7,0.4604815964899866,-0.2171812859670228,170.0,2167
WIN,2024,2024-02-18,202410020406,4,1.7,0.4597271124632929,-0.21846390881240207,170.0,2168
WIN,2024,2024-03-17,202409010804,1,1.7,0.46738052237039196,-0.20545311197033367,170.0,2169
WIN,2024,2024-12-07,202408070306,9,1.7,0.4579856032646389,-0.22142447445011393,170.0,2170
WIN,2024,2024-06-09,202408040401,2,1.7,0.46243929732073874,-0.21385319455474416,170.0,2171
WIN,2024,2024-02-04,202408020408,8,1.7,0.4576754576508166,-0.2219517219936118,170.0,2172
WIN,2024,2024-02-04,202408020407,10,1.7,0.466226587611112,-0.20741480106110954,170.0,2173
WIN,2024,2024-09-15,202407030405,5,1.7,0.4641909111456545,-0.21087545105238736,170.0,2174
WIN,2024,2024-09-08,202407030201,6,1.7,0.45768135165017576,-0.22194170219470122,170.0,2175
WIN,2024,2024-08-31,202407020708,6,1.7,0.45894485140890035,-0.21979375260486944,170.0,2176
WIN,2024,2024-03-10,202407010208,4,1.7,0.457551816293295,-0.22216191230139848,170.0,2177
WIN,2024,2024-03-09,202407010104,7,1.7,0.462860123957755,-0.21313778927181648,170.0,2178
WIN,2024,2024-09-28,202406040804,8,1.7,0.4668483591880576,-0.20635778938030203,170.0,2179
WIN,2024,2024-09-07,202406040103,6,1.7,0.46308675253365456,-0.21275252069278727,170.0,2180
WIN,2024,2024-03-02,202406020312,11,1.7,0.4571774939860689,-0.22279826022368288,170.0,2181
WIN,2024,2024-03-02,202406020310,13,1.7,0.4637447264345115,-0.21163396506133048,170.0,2182
WIN,2024,2024-11-09,202405050311,10,1.7,0.46349823886944724,-0.21205299392193966,170.0,2183
WIN,2024,2024-11-03,202405050205,11,1.7,0.46093774013902433,-0.21640584176365862,170.0,2184
WIN,2024,2024-11-02,202405050104,8,1.7,0.4581749777704396,-0.22110253779025268,170.0,2185
WIN,2024,2024-10-13,202405040309,7,1.7,0.4614425401111729,-0.21554768181100603,170.0,2186
WIN,2024,2024-05-25,202405021107,10,1.7,0.46630576942318747,-0.20728019198058134,170.0,2187
WIN,2024,2024-05-12,202405020809,1,1.7,0.467014677727725,-0.20607504786286757,170.0,2188
WIN,2024,2024-05-11,202405020701,16,1.7,0.46678762386288,-0.206461039433104,170.0,2189
WIN,2024,2024-02-10,202405010507,4,1.7,0.4657816490976218,-0.20817119653404292,170.0,2190
WIN,2024,2024-08-04,202404020408,4,1.7,0.4582493336750826,-0.2209761327523596,170.0,2191
WIN,2024,2024-07-14,202403020601,1,1.7,0.4597967215230228,-0.21834557341086125,170.0,2192
WIN,2024,2024-04-07,202403010202,5,1.7,0.46225639355394893,-0.2141641309582868,170.0,2193
WIN,2024,2024-06-08,202402010101,5,1.7,0.46551141302990845,-0.2086305978491556,170.0,2194
WIN,2024,2024-08-25,202401020601,3,1.7,0.4622650956537226,-0.2141493373886716,170.0,2195
WIN,2024,2024-07-21,202401010210,8,1.7,0.4574577964168503,-0.22232174609135447,170.0,2196
WIN,2023,2023-08-12,202310030102,7,1.7,0.48580168793456957,-0.1741371305112317,170.0,2197
WIN,2023,2023-12-28,202309050903,9,1.7,0.49535808629985484,-0.15789125329024678,170.0,2198
WIN,2023,2023-09-30,202309040807,7,1.7,0.4574797943308687,-0.2222843496375232,170.0,2199
WIN,2023,2023-05-07,202308010604,10,1.7,0.46678654511669854,-0.2064628733016125,170.0,2200
WIN,2023,2023-05-06,202308010505,5,1.7,0.4673593380941921,-0.2054891252398734,170.0,2201
WIN,2023,2023-07-15,202307030510,5,1.7,0.45940547938578497,-0.21901068504416554,170.0,2202
WIN,2023,2023-07-08,202307030310,8,1.7,0.4602165450770265,-0.21763187336905498,170.0,2203
WIN,2023,2023-12-28,202306050905,7,1.7,0.4942019897528919,-0.15985661742008372,170.0,2204
WIN,2023,2023-12-24,202306050802,4,1.7,0.45952296163189604,-0.2188109652257767,170.0,2205
WIN,2023,2023-12-10,202306050403,11,1.7,0.48417886027457835,-0.17689593753321686,170.0,2206
WIN,2023,2023-09-18,202306040510,9,1.7,0.462651431169557,-0.21349256701175312,170.0,2207
WIN,2023,2023-04-02,202306030408,5,1.7,0.453188437437904,-0.2295796563555632,170.0,2208
WIN,2023,2023-03-26,202306030208,7,1.7,0.46430985562893606,-0.21067324543080868,170.0,2209
WIN,2023,2023-06-25,202305030801,2,1.7,0.4941154207506471,-0.16000378472389987,170.0,2210
WIN,2023,2023-06-24,202305030706,5,1.7,0.49351700124426623,-0.1610210978847474,170.0,2211
WIN,2023,2023-06-04,202305030207,8,1.7,0.46797132443457995,-0.20444874846121408,170.0,2212
WIN,2023,2023-05-20,202305020904,10,1.7,0.46459832457030403,-0.21018284823048317,170.0,2213
WIN,2023,2023-05-06,202305020503,10,1.7,0.46423763438629395,-0.21079602154330035,170.0,2214
WIN,2023,2023-08-27,202304030607,5,1.7,0.4601939065501438,-0.2176703588647555,170.0,2215
WIN,2023,2023-08-13,202301020210,5,1.7,0.4661096635309145,-0.20761357199744535,170.0,2216
WIN,2022,2022-08-27,202210040503,15,1.7,0.4634141528578177,-0.21219594014170995,170.0,2217
WIN,2022,2022-07-24,202210030806,2,1.7,0.4617163685511136,-0.21508217346310687,170.0,2218
WIN,2022,2022-01-22,202210010306,6,1.7,0.4631101242788409,-0.21271278872597044,170.0,2219
WIN,2022,2022-11-26,202209050701,5,1.7,0.4836438609355486,-0.17780543640956736,170.0,2220
WIN,2022,2022-11-12,202209050308,8,1.7,0.46852440905176607,-0.20350850461199765,170.0,2221
WIN,2022,2022-11-05,202209050104,8,1.7,0.48552201021875113,-0.17461258262812307,170.0,2222
WIN,2022,2022-10-08,202209040101,2,1.7,0.4925667196213394,-0.162636576643723,170.0,2223
WIN,2022,2022-04-23,202209020910,8,1.7,0.4576622964787455,-0.2219740959861326,170.0,2224
WIN,2022,2022-04-17,202209020806,2,1.7,0.4575021332656504,-0.22224637344839426,170.0,2225
WIN,2022,2022-03-20,202209011209,3,1.7,0.45691904298629904,-0.22323762692329163,170.0,2226
WIN,2022,2022-03-06,202209010802,8,1.7,0.46914008430779,-0.2024618566767571,170.0,2227
WIN,2022,2022-09-11,202207050211,5,1.7,0.4648810719214168,-0.20970217773359145,170.0,2228
WIN,2022,2022-06-11,202207040305,2,1.7,0.49467071604729007,-0.15905978271960686,170.0,2229
WIN,2022,2022-03-27,202207020606,11,1.7,0.4616567910863666,-0.21518345515317683,170.0,2230
WIN,2022,2022-03-26,202207020509,4,1.7,0.4615066589470467,-0.21543867979002063,170.0,2231
WIN,2022,2022-02-05,202207011109,5,1.7,0.4632195103110422,-0.21252683247122828,170.0,2232
WIN,2022,2022-01-23,202207010804,6,1.7,0.4579776673502389,-0.22143796550459383,170.0,2233
WIN,2022,2022-01-09,202207010301,10,1.7,0.4655240897568799,-0.2086090474133041,170.0,2234
WIN,2022,2022-10-02,202206040910,2,1.7,0.45724090738906487,-0.22269045743858973,170.0,2235
WIN,2022,2022-10-02,202206040909,4,1.7,0.4901847918383738,-0.16668585387476453,170.0,2236
WIN,2022,2022-04-17,202206030801,14,1.7,0.4692497419649414,-0.20227543865959963,170.0,2237
WIN,2022,2022-04-03,202206030405,16,1.7,0.4597905199558715,-0.21835611607501848,170.0,2238
WIN,2022,2022-01-22,202206010704,2,1.7,0.4687159047803255,-0.20318296187344664,170.0,2239
WIN,2022,2022-10-30,202205040907,4,1.7,0.46802497139432897,-0.20435754862964073,170.0,2240
WIN,2022,2022-10-22,202205040608,7,1.7,0.46528031245295337,-0.20902346882997924,170.0,2241
WIN,2022,2022-04-24,202205020201,9,1.7,0.46518020726456827,-0.20919364765023396,170.0,2242
WIN,2022,2022-10-22,202204040303,13,1.7,0.4883337773621589,-0.16983257848432987,170.0,2243
WIN,2022,2022-07-16,202202011109,5,1.7,0.4590617144473597,-0.21959508543948847,170.0,2244
WIN,2022,2022-06-19,202202010405,6,1.7,0.4840814010061757,-0.1770616182895013,170.0,2245
WIN,2025,2025-03-02,202510011204,3,1.6,0.48598130248538807,-0.22242991602337903,160.0,2246
WIN,2025,2025-02-16,202510010808,8,1.6,0.4901915747618367,-0.21569348038106118,160.0,2247
WIN,2025,2025-02-15,202510010708,8,1.6,0.49311726945314205,-0.21101236887497266,160.0,2248
WIN,2025,2025-06-15,202509030407,3,1.6,0.4845153802350729,-0.22477539162388327,160.0,2249
WIN,2025,2025-04-19,202509020701,11,1.6,0.4878168872835838,-0.21949298034626585,160.0,2250
WIN,2025,2025-04-05,202509020305,8,1.6,0.4981040655791535,-0.20303349507335433,160.0,2251
WIN,2025,2025-03-16,202509010601,16,1.6,0.48539530394819796,-0.2233675136828832,160.0,2252
WIN,2025,2025-10-19,202508030702,1,1.6,0.48498190015109005,-0.22402895975825587,160.0,2253
WIN,2025,2025-10-13,202508030510,2,1.6,0.4938195996649958,-0.20988864053600675,160.0,2254
WIN,2025,2025-10-04,202508030112,2,1.6,0.49801387087520466,-0.20317780659967255,160.0,2255
WIN,2025,2025-05-24,202508020907,5,1.6,0.4913904982786185,-0.21377520275421036,160.0,2256
WIN,2025,2025-02-02,202508010204,4,1.6,0.49113917383121974,-0.21417732187004834,160.0,2257
WIN,2025,2025-02-01,202508010111,6,1.6,0.48724236096159484,-0.2204122224614482,160.0,2258
WIN,2025,2025-12-07,202506050212,1,1.6,0.4926567500339895,-0.2117491999456167,160.0,2259
WIN,2025,2025-09-28,202506040907,5,1.6,0.49112531146542393,-0.21419950165532164,160.0,2260
WIN,2025,2025-04-13,202506030601,6,1.6,0.4947777908215682,-0.20835553468549084,160.0,2261
WIN,2025,2025-04-05,202506030309,6,1.6,0.4931968490010936,-0.21088504159825017,160.0,2262
WIN,2025,2025-03-16,202506020602,15,1.6,0.4941521084305596,-0.20935662651110454,160.0,2263
WIN,2025,2025-01-26,202506010905,14,1.6,0.48394920398966845,-0.22568127361653045,160.0,2264
WIN,2025,2025-01-18,202506010601,12,1.6,0.49613734148801136,-0.2061802536191818,160.0,2265
WIN,2025,2025-11-29,202505050707,15,1.6,0.485313352157996,-0.22349863654720636,160.0,2266
WIN,2025,2025-10-25,202505040804,13,1.6,0.4898967933494578,-0.2161651306408675,160.0,2267
WIN,2025,2025-10-19,202505040706,6,1.6,0.49631229852813175,-0.20590032235498912,160.0,2268
WIN,2025,2025-10-18,202505040603,5,1.6,0.4820695945871021,-0.22868864866063665,160.0,2269
WIN,2025,2025-06-21,202505030505,3,1.6,0.48938768344513295,-0.2169797064877872,160.0,2270
WIN,2025,2025-05-25,202505021009,6,1.6,0.49425070206570804,-0.20919887669486714,160.0,2271
WIN,2025,2025-10-26,202504040408,8,1.6,0.4978042425645942,-0.20351321189664917,160.0,2272
WIN,2025,2025-08-16,202504020708,7,1.6,0.4843168273125511,-0.22509307629991815,160.0,2273
WIN,2025,2025-07-13,202502011004,5,1.6,0.4885008070195888,-0.21839870876865786,160.0,2274
WIN,2025,2025-07-06,202502010806,4,1.6,0.48412656674437804,-0.22539749320899505,160.0,2275
WIN,2025,2025-07-05,202502010708,4,1.6,0.48865365938063693,-0.21815414499098085,160.0,2276
WIN,2025,2025-08-16,202501010709,8,1.6,0.4940115636412625,-0.20958149817397997,160.0,2277
WIN,2025,2025-08-10,202501010612,4,1.6,0.4853390041266097,-0.22345759339742444,160.0,2278
WIN,2025,2025-08-09,202501010512,1,1.6,0.48814722149485673,-0.21896444560822914,160.0,2279
WIN,2025,2025-08-09,202501010502,5,1.6,0.4869848337943632,-0.22082426592901883,160.0,2280
WIN,2025,2025-07-26,202501010102,9,1.6,0.49291186902486817,-0.21134100956021085,160.0,2281
WIN,2024,2024-07-06,202410030301,5,1.6,0.48640322464034746,-0.22175484057544403,160.0,2282
WIN,2024,2024-06-30,202410030201,8,1.6,0.4958938065758713,-0.20656990947860587,160.0,2283
WIN,2024,2024-02-03,202410010706,6,1.6,0.4859538686315921,-0.22247381018945256,160.0,2284
WIN,2024,2024-01-28,202410010607,6,1.6,0.48722033341422577,-0.22044746653723868,160.0,2285
WIN,2024,2024-01-27,202410010505,7,1.6,0.48774750775507975,-0.21960398759187238,160.0,2286
WIN,2024,2024-03-09,202409010502,6,1.6,0.4898265357089278,-0.21627754286571543,160.0,2287
WIN,2024,2024-11-17,202408060604,3,1.6,0.49399608092026914,-0.2096062705275693,160.0,2288
WIN,2024,2024-11-02,202408060101,1,1.6,0.4951781187935466,-0.20771500993032532,160.0,2289
WIN,2024,2024-10-26,202408050704,4,1.6,0.48406544591875617,-0.22549528652999007,160.0,2290
WIN,2024,2024-10-05,202408050112,6,1.6,0.49720218540216204,-0.20447650335654066,160.0,2291
WIN,2024,2024-10-05,202408050101,1,1.6,0.49324158702446314,-0.21081346076085894,160.0,2292
WIN,2024,2024-06-09,202408040405,7,1.6,0.4926507234277251,-0.2117588425156398,160.0,2293
WIN,2024,2024-05-12,202408030809,4,1.6,0.48743680245015797,-0.22010111607974725,160.0,2294
WIN,2024,2024-05-12,202408030803,9,1.6,0.49285083475516683,-0.21143866439173298,160.0,2295
WIN,2024,2024-02-18,202408020808,7,1.6,0.48816862562912766,-0.21893019899339572,160.0,2296
WIN,2024,2024-11-30,202407040106,10,1.6,0.484260660810811,-0.22518294270270234,160.0,2297
WIN,2024,2024-09-28,202407030807,12,1.6,0.4914543642212456,-0.21367301724600696,160.0,2298
WIN,2024,2024-09-07,202407030112,6,1.6,0.49063917806200524,-0.21497731510079154,160.0,2299
WIN,2024,2024-08-11,202407020209,10,1.6,0.49154710310279404,-0.21352463503552954,160.0,2300
WIN,2024,2024-09-28,202406040807,11,1.6,0.48633101172488136,-0.22187038124018976,160.0,2301
WIN,2024,2024-04-06,202406030506,7,1.6,0.4903447371278058,-0.21544842059551073,160.0,2302
WIN,2024,2024-03-30,202406030301,10,1.6,0.48722018391388866,-0.22044770573777805,160.0,2303
WIN,2024,2024-03-24,202406030204,12,1.6,0.4864283362948006,-0.221714661928319,160.0,2304
WIN,2024,2024-03-16,202406020705,5,1.6,0.49731699383073663,-0.20429280987082132,160.0,2305
WIN,2024,2024-01-20,202406010601,14,1.6,0.49114173301738756,-0.2141732271721799,160.0,2306
WIN,2024,2024-06-16,202405030605,9,1.6,0.4956141076614829,-0.20701742774162735,160.0,2307
WIN,2024,2024-05-26,202405021203,8,1.6,0.49357001615154533,-0.21028797415752742,160.0,2308
WIN,2024,2024-05-18,202405020909,5,1.6,0.4922259759093419,-0.21243843854505284,160.0,2309
WIN,2024,2024-05-04,202405020510,6,1.6,0.48437431550432447,-0.22500109519308076,160.0,2310
WIN,2024,2024-02-03,202405010306,3,1.6,0.49622712914739536,-0.20603659336416735,160.0,2311
WIN,2024,2024-10-12,202404040304,10,1.6,0.4945671874302511,-0.20869250011159823,160.0,2312
WIN,2024,2024-09-01,202404030806,8,1.6,0.4974154389840742,-0.20413529762548122,160.0,2313
WIN,2024,2024-08-17,202404030302,2,1.6,0.49275560317816397,-0.21159103491493758,160.0,2314
WIN,2024,2024-08-11,202404030205,7,1.6,0.4925521713083308,-0.21191652590667065,160.0,2315
WIN,2024,2024-04-27,202404010107,8,1.6,0.4897957872725738,-0.2163267403638819,160.0,2316
WIN,2024,2024-07-07,202403020410,7,1.6,0.4954600149724756,-0.207263976044039,160.0,2317
WIN,2024,2024-07-06,202403020301,2,1.6,0.4949358402030606,-0.208102655675103,160.0,2318
WIN,2024,2024-06-29,202403020101,4,1.6,0.4865741263061656,-0.221481397910135,160.0,2319
WIN,2024,2024-04-06,202403010104,13,1.6,0.49549349239724444,-0.20721041216440883,160.0,2320
WIN,2024,2024-06-23,202402010607,2,1.6,0.4980147558795449,-0.20317639059272807,160.0,2321
WIN,2024,2024-06-08,202402010102,11,1.6,0.4936992262729403,-0.21008123796329548,160.0,2322
WIN,2023,2023-08-20,202310030412,5,1.6,0.4949612688024665,-0.20806196991605352,160.0,2323
WIN,2023,2023-12-23,202309050707,2,1.6,0.49192757964633443,-0.21291587256586486,160.0,2324
WIN,2023,2023-12-17,202309050610,14,1.6,0.49669816589839033,-0.2052829345625754,160.0,2325
WIN,2023,2023-09-23,202309040609,9,1.6,0.49741930642717597,-0.20412910971651843,160.0,2326
WIN,2023,2023-04-09,202309020611,3,1.6,0.4962928151540756,-0.20593149575347902,160.0,2327
WIN,2023,2023-03-18,202309011109,4,1.6,0.4865486028697066,-0.22152223540846938,160.0,2328
WIN,2023,2023-03-11,202309010901,8,1.6,0.48502109432863283,-0.22396624907418738,160.0,2329
WIN,2023,2023-03-05,202309010801,8,1.6,0.48518215270654025,-0.2237085556695355,160.0,2330
WIN,2023,2023-02-19,202309010401,10,1.6,0.4980789005478382,-0.20307375912345882,160.0,2331
WIN,2023,2023-10-15,202308020510,7,1.6,0.49252605921373327,-0.21195830525802672,160.0,2332
WIN,2023,2023-05-06,202308010509,4,1.6,0.49043179849057894,-0.2153091224150736,160.0,2333
WIN,2023,2023-04-29,202308010307,1,1.6,0.4953154930564189,-0.20749521110972968,160.0,2334
WIN,2023,2023-12-16,202307040503,8,1.6,0.4928238258763645,-0.21148187859781675,160.0,2335
WIN,2023,2023-07-08,202307030306,15,1.6,0.48719546769642097,-0.22048725168572636,160.0,2336
WIN,2023,2023-01-29,202307011003,6,1.6,0.4920122606395068,-0.21278038297678903,160.0,2337
WIN,2023,2023-01-15,202307010609,10,1.6,0.4844345794863804,-0.22490467282179127,160.0,2338
WIN,2023,2023-09-17,202306040408,5,1.6,0.4858252242178216,-0.22267964125148543,160.0,2339
WIN,2023,2023-02-25,202306020101,7,1.6,0.4890513505897452,-0.21751783905640765,160.0,2340
WIN,2023,2023-01-21,202306010709,8,1.6,0.4932074529868319,-0.21086807522106898,160.0,2341
WIN,2023,2023-05-13,202305020705,10,1.6,0.4902944351815326,-0.2155289037095478,160.0,2342
WIN,2023,2023-01-29,202305010211,13,1.6,0.49148730672996255,-0.21362030923205988,160.0,2343
WIN,2023,2023-01-28,202305010101,14,1.6,0.4876566643611742,-0.21974933702212118,160.0,2344
WIN,2023,2023-08-20,202304030403,9,1.6,0.49231977482781153,-0.21228836027550146,160.0,2345
WIN,2023,2023-04-29,202304010101,13,1.6,0.48784010921425996,-0.219455825257184,160.0,2346
WIN,2023,2023-11-11,202303030304,15,1.6,0.4953058642646786,-0.2075106171765142,160.0,2347
WIN,2023,2023-08-20,202301020406,4,1.6,0.4849318589951278,-0.22410902560779544,160.0,2348
WIN,2022,2022-08-27,202210040502,4,1.6,0.49728315702265924,-0.20434694876374515,160.0,2349
WIN,2022,2022-08-21,202210040412,1,1.6,0.487051069630453,-0.22071828859127507,160.0,2350
WIN,2022,2022-08-14,202210040212,15,1.6,0.49005709630558636,-0.21590864591106174,160.0,2351
WIN,2022,2022-01-29,202210010501,2,1.6,0.4917766493133754,-0.21315736109859929,160.0,2352
WIN,2022,2022-11-05,202209050112,11,1.6,0.4854732579409948,-0.22324278729440827,160.0,2353
WIN,2022,2022-03-19,202209011104,7,1.6,0.49133075713438795,-0.2138707885849792,160.0,2354
WIN,2022,2022-10-01,202207050808,1,1.6,0.4863612025316732,-0.2218220759493228,160.0,2355
WIN,2022,2022-03-21,202207020410,1,1.6,0.4894641823552287,-0.21685730823163407,160.0,2356
WIN,2022,2022-03-19,202207020301,8,1.6,0.48650593157735644,-0.2215905094762296,160.0,2357
WIN,2022,2022-02-06,202207011205,1,1.6,0.48871846210167263,-0.2180504606373237,160.0,2358
WIN,2022,2022-01-30,202207011002,10,1.6,0.49717066636414786,-0.20452693381736342,160.0,2359
WIN,2022,2022-01-10,202207010407,9,1.6,0.49296491708922163,-0.2112561326572453,160.0,2360
WIN,2022,2022-09-19,202206040510,6,1.6,0.4963103360301976,-0.20590346235168377,160.0,2361
WIN,2022,2022-09-19,202206040501,5,1.6,0.49221329191820434,-0.21245873293087303,160.0,2362
WIN,2022,2022-04-02,202206030307,4,1.6,0.4942622012135687,-0.2091804780582901,160.0,2363
WIN,2022,2022-03-26,202206030111,11,1.6,0.49518316352198327,-0.20770693836482668,160.0,2364
WIN,2022,2022-03-26,202206030102,9,1.6,0.484726420712556,-0.22443772685991037,160.0,2365
WIN,2022,2022-03-12,202206020501,7,1.6,0.48938650141561973,-0.21698159773500836,160.0,2366
WIN,2022,2022-03-06,202206020410,3,1.6,0.491494514404474,-0.21360877695284153,160.0,2367
WIN,2022,2022-03-05,202206020312,14,1.6,0.497193823089256,-0.2044898830571903,160.0,2368
WIN,2022,2022-01-10,202206010408,6,1.6,0.49144971921060043,-0.2136804492630393,160.0,2369
WIN,2022,2022-10-23,202205040710,3,1.6,0.48752452974322574,-0.2199607524108388,160.0,2370
WIN,2022,2022-10-08,202205040110,16,1.6,0.49641084867098045,-0.20574264212643123,160.0,2371
WIN,2022,2022-06-18,202205030508,5,1.6,0.48507446162543105,-0.2238808613993103,160.0,2372
WIN,2022,2022-05-29,202205021201,11,1.6,0.4855264212867411,-0.2231577259412142,160.0,2373
WIN,2022,2022-05-28,202205021107,1,1.6,0.4901706877193257,-0.21572689964907887,160.0,2374
WIN,2022,2022-05-15,202205020805,4,1.6,0.4920236719652325,-0.21276212485562795,160.0,2375
WIN,2022,2022-05-08,202205020602,6,1.6,0.48553070612026944,-0.22315087020756885,160.0,2376
WIN,2022,2022-07-17,202202011209,7,1.6,0.48191355338886843,-0.22893831457781044,160.0,2377
WIN,2022,2022-07-09,202202010902,6,1.6,0.48381216808723154,-0.2259005310604295,160.0,2378
WIN,2025,2025-06-14,202509030308,4,1.5,0.5135787993135753,-0.22963180102963698,150.0,2379
WIN,2025,2025-04-05,202509020302,11,1.5,0.5152094779342528,-0.2271857830986208,150.0,2380
WIN,2025,2025-11-02,202508031102,3,1.5,0.5315680013788505,-0.20264799793172417,150.0,2381
WIN,2025,2025-04-26,202508020110,8,1.5,0.5233951414793317,-0.21490728778100232,150.0,2382
WIN,2025,2025-03-16,202507020208,9,1.5,0.5191204291742438,-0.2213193562386342,150.0,2383
WIN,2025,2025-12-27,202506050710,4,1.5,0.5146875875619858,-0.22796861865702123,150.0,2384
WIN,2025,2025-11-08,202505050108,6,1.5,0.515791270204427,-0.22631309469335936,150.0,2385
WIN,2025,2025-06-14,202505030305,3,1.5,0.5191827788709331,-0.22122583169360033,150.0,2386
WIN,2025,2025-08-23,202504030101,4,1.5,0.5258134482444214,-0.21127982763336783,150.0,2387
WIN,2024,2024-11-10,202408060402,1,1.5,0.5213705069660146,-0.21794423955097808,150.0,2388
WIN,2024,2024-02-18,202408020812,8,1.5,0.5263156255959933,-0.21052656160601002,150.0,2389
WIN,2024,2024-02-04,202408020406,5,1.5,0.5208859901953479,-0.21867101470697814,150.0,2390
WIN,2024,2024-01-14,202408010503,13,1.5,0.522103161421767,-0.21684525786734943,150.0,2391
WIN,2024,2024-03-16,202407010306,1,1.5,0.5145119160377452,-0.22823212594338227,150.0,2392
WIN,2024,2024-04-06,202403010109,8,1.5,0.5175990724682416,-0.22360139129763767,150.0,2393
WIN,2023,2023-10-14,202308020408,3,1.5,0.5414828685942249,-0.1877756971086626,150.0,2394
WIN,2023,2023-03-26,202307020603,7,1.5,0.5277593717673171,-0.20836094234902425,150.0,2395
WIN,2023,2023-02-04,202307011108,1,1.5,0.5171323704944198,-0.22430144425837018,150.0,2396
WIN,2023,2023-12-09,202306050309,9,1.5,0.5358005107801569,-0.19629923382976466,150.0,2397
WIN,2023,2023-09-16,202306040308,6,2.5,0.31810137946782974,-0.20474655133042563,150.0,2398
WIN,2023,2023-09-10,202306040205,6,1.5,0.5451186437327317,-0.18232203440090244,150.0,2399
WIN,2023,2023-04-16,202306030810,10,1.5,0.5158293716737311,-0.22625594248940328,150.0,2400
WIN,2023,2023-01-05,202306010109,9,1.5,0.5165656528080393,-0.22515152078794098,150.0,2401
WIN,2023,2023-11-18,202305050501,12,1.5,0.5304176689390501,-0.2043734965914249,150.0,2402
WIN,2023,2023-01-28,202305010109,3,1.5,0.5279496929121282,-0.2080754606318076,150.0,2403
WIN,2023,2023-09-02,202304030710,5,1.5,0.5315735976311362,-0.2026396035532957,150.0,2404
WIN,2023,2023-04-29,202304010107,5,1.5,0.5316151727938775,-0.2025772408091837,150.0,2405
WIN,2022,2022-02-05,202210010705,6,1.5,0.528398657039034,-0.207402014441449,150.0,2406
WIN,2022,2022-04-23,202209020905,1,1.5,0.529491693470468,-0.20576245979429797,150.0,2407
WIN,2022,2022-04-17,202209020809,9,1.5,0.5261800381244458,-0.21072994281333135,150.0,2408
WIN,2022,2022-09-10,202207050105,5,1.5,0.5293519515780863,-0.20597207263287043,150.0,2409
WIN,2022,2022-09-10,202207050103,7,1.5,0.5312448486975134,-0.20313272695372986,150.0,2410
WIN,2022,2022-12-17,202206050510,16,1.5,0.5156281984230696,-0.22655770236539552,150.0,2411
WIN,2022,2022-04-03,202206030401,8,1.5,0.5171499409173542,-0.2242750886239686,150.0,2412
WIN,2022,2022-10-23,202205040709,4,1.5,0.514168110600879,-0.2287478340986815,150.0,2413
WIN,2022,2022-02-20,202205010805,7,1.5,0.5275918852022025,-0.20861217219669625,150.0,2414
WIN,2022,2022-10-29,202204040512,10,1.5,0.5180622346909494,-0.22290664796357595,150.0,2415
WIN,2022,2022-09-03,202201020703,4,1.5,0.524324986547265,-0.2135125201791025,150.0,2416
WIN,2022,2022-08-28,202201020610,6,1.5,0.528079029588719,-0.2078814556169215,150.0,2417
WIN,2022,2022-08-14,202201020210,1,1.5,0.5189469658380067,-0.2215795512429899,150.0,2418
WIN,2025,2025-03-02,202510011201,9,1.4,0.561720874521527,-0.2135907756698623,140.0,2419
WIN,2025,2025-12-06,202509050104,3,1.4,0.5580063085507289,-0.2187911680289797,140.0,2420
WIN,2025,2025-09-20,202509040610,1,1.4,0.5629251141624392,-0.21190484017258515,140.0,2421
WIN,2025,2025-03-30,202509020203,9,1.4,0.5512236336882949,-0.22828691283638725,140.0,2422
WIN,2025,2025-05-10,202508020512,5,1.4,0.5574413914355192,-0.21958205199027314,140.0,2423
WIN,2025,2025-04-26,202508020101,11,1.4,0.5613457885741996,-0.21411589599612058,140.0,2424
WIN,2025,2025-01-13,202507010502,4,1.4,0.5521627789139103,-0.2269721095205256,140.0,2425
WIN,2025,2025-05-04,202505020408,1,1.4,0.5593471494433295,-0.2169139907793387,140.0,2426
WIN,2025,2025-04-26,202505020103,12,1.4,0.5619767826087503,-0.21323250434774965,140.0,2427
WIN,2025,2025-08-30,202504030311,4,1.4,0.5583517767538019,-0.2183075125446774,140.0,2428
WIN,2024,2024-06-29,202410030101,6,1.4,0.5538836268105357,-0.22456292246525,140.0,2429
WIN,2024,2024-10-20,202408050609,7,1.4,0.5700176262099511,-0.2019753233060685,140.0,2430
WIN,2024,2024-05-04,202408030507,6,1.4,0.5615276835586661,-0.21386124301786746,140.0,2431
WIN,2024,2024-04-21,202408030201,11,1.4,0.5563448226376697,-0.22111724830726243,140.0,2432
WIN,2024,2024-09-22,202407030704,8,1.4,0.5661811796947609,-0.2073463484273348,140.0,2433
WIN,2024,2024-09-21,202407030608,1,1.4,0.5557090659222744,-0.22200730770881583,140.0,2434
WIN,2024,2024-08-31,202407020702,5,1.4,0.5676549114949662,-0.2052831239070474,140.0,2435
WIN,2024,2024-01-14,202406010508,8,1.4,0.5530021030609307,-0.2257970557146971,140.0,2436
WIN,2024,2024-01-27,202405010111,1,1.4,0.5577321248878334,-0.21917502515703324,140.0,2437
WIN,2024,2024-01-27,202405010101,7,1.4,0.5558460631721712,-0.2218155115589603,140.0,2438
WIN,2024,2024-09-01,202404030803,14,1.4,0.5623464330464162,-0.21271499373501734,140.0,2439
WIN,2023,2023-06-17,202309030501,8,1.4,0.5692391029942295,-0.20306525580807866,140.0,2440
WIN,2023,2023-04-08,202309020507,10,1.4,0.5620496522959885,-0.2131304867856162,140.0,2441
WIN,2023,2023-05-14,202308010806,5,1.4,0.5557459157583631,-0.22195571793829172,140.0,2442
WIN,2023,2023-11-26,202305050803,14,1.4,0.575806742130918,-0.19387056101671485,140.0,2443
WIN,2023,2023-06-11,202305030409,16,1.4,0.5694480654598304,-0.2027727083562375,140.0,2444
WIN,2023,2023-06-10,202305030303,4,1.4,0.5602161703920439,-0.2156973614511386,140.0,2445
WIN,2023,2023-02-12,202305010608,12,1.4,0.5535088683700815,-0.2250875842818859,140.0,2446
WIN,2023,2023-10-22,202304040402,9,1.4,0.5650250839243826,-0.20896488250586442,140.0,2447
WIN,2023,2023-08-12,202304030105,2,1.4,0.5682722382449782,-0.20441886645703056,140.0,2448
WIN,2023,2023-08-12,202304030101,9,1.4,0.5686332967977445,-0.20391338448315766,140.0,2449
WIN,2023,2023-06-10,202302010102,8,1.4,0.5685046419198664,-0.20409350131218706,140.0,2450
WIN,2023,2023-08-27,202301020602,7,1.4,0.5575135238950307,-0.21948106654695698,140.0,2451
WIN,2023,2023-08-19,202301020305,8,1.4,0.5760243478048983,-0.19356591307314241,140.0,2452
WIN,2022,2022-02-12,202210020101,8,1.4,0.5627095610005067,-0.21220661459929058,140.0,2453
WIN,2022,2022-03-20,202209011207,4,1.4,0.551929134799306,-0.22729921128097152,140.0,2454
WIN,2022,2022-10-01,202207050812,1,1.4,0.556139932315421,-0.2214040947584106,140.0,2455
WIN,2022,2022-06-12,202207040405,1,1.4,0.5651292126379818,-0.20881910230682554,140.0,2456
WIN,2022,2022-01-05,202207010104,2,1.4,0.5583379786122428,-0.21832682994286012,140.0,2457
WIN,2022,2022-04-24,202205020210,8,1.4,0.550747999850757,-0.22895280020894027,140.0,2458
WIN,2022,2022-02-13,202205010605,3,1.4,0.5505271442395294,-0.22926199806465886,140.0,2459
WIN,2025,2025-09-07,202509040210,5,1.3,0.5958916328086393,-0.22534087734876884,130.0,2460
WIN,2025,2025-01-19,202506010707,12,1.3,0.5968361650853976,-0.22411298538898305,130.0,2461
WIN,2025,2025-01-19,202506010702,14,1.3,0.5891894024956251,-0.23405377675568728,130.0,2462
WIN,2025,2025-07-06,202502010805,1,1.3,0.5874316261597002,-0.2363388859923896,130.0,2463
WIN,2024,2024-01-14,202408010510,6,1.3,0.6032253996658008,-0.2158069804344589,130.0,2464
WIN,2024,2024-09-08,202406040204,15,1.3,0.5931705789511956,-0.22887824736344564,130.0,2465
WIN,2024,2024-02-25,202406020205,8,1.3,0.5980999043182856,-0.2224701243862286,130.0,2466
WIN,2024,2024-11-23,202405050701,15,1.3,0.590592047334906,-0.23223033846462215,130.0,2467
WIN,2024,2024-06-16,202405030601,2,1.3,0.5926386296559066,-0.22956978144732132,130.0,2468
WIN,2024,2024-02-04,202405010407,6,1.3,0.5908172883886585,-0.23193752509474386,130.0,2469
WIN,2024,2024-11-03,202403030204,1,1.3,0.5939440157780016,-0.22787277948859785,130.0,2470
WIN,2023,2023-02-26,202309010610,4,1.3,0.600979311764347,-0.21872689470634876,130.0,2471
WIN,2023,2023-11-05,202305050204,2,1.3,0.6117403383425173,-0.20473756015472755,130.0,2472
WIN,2023,2023-05-27,202305021103,1,1.3,0.5989758785848829,-0.2213313578396522,130.0,2473
WIN,2023,2023-08-05,202304020305,5,1.3,0.6059732845741844,-0.2122347300535602,130.0,2474
WIN,2023,2023-07-08,202303020301,8,1.3,0.6114365397654972,-0.2051324983048537,130.0,2475
WIN,2022,2022-10-15,202209040402,9,1.3,0.6261243712937076,-0.1860383173181801,130.0,2476
WIN,2022,2022-06-19,202209030208,12,1.3,0.5923304840564526,-0.22997037072661153,130.0,2477
WIN,2022,2022-02-19,202209010302,10,1.3,0.594920105597869,-0.22660386272277022,130.0,2478
WIN,2022,2022-02-13,202209010203,13,1.3,0.6129554365634213,-0.2031579324675522,130.0,2479
WIN,2022,2022-09-19,202207050508,6,1.3,0.5904233771963331,-0.2324496096447669,130.0,2480
WIN,2022,2022-09-11,202207050205,1,1.3,0.605345853468744,-0.21305039049063268,130.0,2481
WIN,2022,2022-01-09,202207010303,6,1.3,0.6013807369811162,-0.21820504192454893,130.0,2482
WIN,2022,2022-10-01,202206040807,1,1.3,0.6077176498630519,-0.2099670551780325,130.0,2483
WIN,2022,2022-03-27,202206030203,1,1.3,0.6064123446638893,-0.21166395193694387,130.0,2484
WIN,2022,2022-01-23,202206010807,10,1.3,0.6124420698844847,-0.20382530915016983,130.0,2485
WIN,2022,2022-07-10,202202011005,4,1.3,0.614627341599925,-0.2009844559200974,130.0,2486
WIN,2025,2025-06-22,202509030601,15,1.2,0.6393069527983174,-0.2328316566420191,120.0,2487
WIN,2025,2025-03-09,202509010406,11,1.2,0.6362353309849261,-0.23651760281808865,120.0,2488
WIN,2025,2025-05-18,202508020801,3,1.2,0.6372787281846702,-0.2352655261783957,120.0,2489
WIN,2025,2025-01-25,202507010801,1,1.2,0.6432978287276726,-0.2280426055267929,120.0,2490
WIN,2025,2025-04-06,202506030403,11,1.2,0.6540287793091771,-0.21516546482898746,120.0,2491
WIN,2025,2025-05-11,202505020607,1,1.2,0.6359884496366098,-0.23681386043606822,120.0,2492
WIN,2025,2025-05-10,202505020501,5,1.2,0.6647032833675109,-0.20235605995898687,120.0,2493
WIN,2025,2025-08-17,202504020803,2,1.2,0.636456238470604,-0.23625251383527524,120.0,2494
WIN,2025,2025-08-16,202504020704,1,1.2,0.6588274481136263,-0.20940706226364847,120.0,2495
WIN,2025,2025-06-28,202503020110,13,1.2,0.6340105002898021,-0.23918739965223745,120.0,2496
WIN,2025,2025-06-21,202502010312,2,1.2,0.6415007521968781,-0.23019909736374633,120.0,2497
WIN,2025,2025-08-23,202501020105,4,1.2,0.6383955215206834,-0.23392537417518,120.0,2498
WIN,2024,2024-09-07,202407030111,2,1.2,0.6460404886541872,-0.22475141361497541,120.0,2499
WIN,2024,2024-09-29,202406040902,4,1.2,0.6460429936627159,-0.2247484076047409,120.0,2500
WIN,2024,2024-09-16,202406040506,8,1.2,0.6621733529569855,-0.20539197645161733,120.0,2501
WIN,2024,2024-03-17,202406020804,16,1.2,0.6478766903494583,-0.2225479715806501,120.0,2502
WIN,2024,2024-05-25,202405021102,8,1.2,0.6635933517758751,-0.20368797786894988,120.0,2503
WIN,2023,2023-12-10,202307040403,9,1.2,0.6438862167043609,-0.227336539954767,120.0,2504
WIN,2023,2023-01-22,202307010801,9,1.2,0.6482311404399749,-0.22212263147203015,120.0,2505
WIN,2023,2023-06-18,202305030601,4,1.2,0.658247699612113,-0.2101027604654644,120.0,2506
WIN,2023,2023-04-22,202305020109,2,1.2,0.6401428687538636,-0.23182855749536369,120.0,2507
WIN,2023,2023-07-29,202304020105,1,1.2,0.6699418928747549,-0.19606972855029414,120.0,2508
WIN,2022,2022-12-04,202209060201,10,1.2,0.6783070504706878,-0.1860315394351746,120.0,2509
WIN,2022,2022-11-06,202209050203,1,1.2,0.6731989299711626,-0.19216128403460486,120.0,2510
WIN,2022,2022-03-20,202209011211,11,1.2,0.648648906831021,-0.22162131180277478,120.0,2511
WIN,2022,2022-09-10,202207050102,8,1.2,0.6711921083046289,-0.19456947003444525,120.0,2512
WIN,2022,2022-11-27,202205050804,2,1.2,0.6564045586331275,-0.212314529640247,120.0,2513
WIN,2022,2022-08-13,202204030102,16,1.2,0.6747540266701639,-0.19029516799580326,120.0,2514
WIN,2022,2022-08-27,202201020501,5,1.2,0.64959958702212,-0.22048049557345606,120.0,2515
WIN,2025,2025-07-05,202510020301,3,1.1,0.8575848511828797,-0.056656663698832155,110.0,2516
WIN,2025,2025-09-06,202509040106,10,1.1,0.69773506364794,-0.2324914299872659,110.0,2517
WIN,2025,2025-08-17,202507030808,6,1.1,0.7089322600302299,-0.22017451396674703,110.0,2518
WIN,2025,2025-08-17,202507030801,1,1.1,0.784200483654809,-0.13737946797971,110.0,2519
WIN,2025,2025-09-21,202506040703,3,1.1,0.7041522531178573,-0.22543252157035687,110.0,2520
WIN,2025,2025-03-29,202506030101,8,1.1,0.7068934041084465,-0.2224172554807088,110.0,2521
WIN,2025,2025-06-08,202505030209,5,1.1,0.6865440612059517,-0.24480153267345306,110.0,2522
WIN,2025,2025-07-27,202504020201,2,1.1,0.8386407027662793,-0.07749522695709266,110.0,2523
WIN,2025,2025-07-12,202502010905,3,1.1,0.7141104543815086,-0.21447850018034054,110.0,2524
WIN,2025,2025-08-23,202501020101,8,1.1,0.826280199156767,-0.09109178092755621,110.0,2525
WIN,2024,2024-02-24,202409010103,6,1.1,0.7038211131932819,-0.22579677548738986,110.0,2526
WIN,2024,2024-12-08,202408070403,6,1.1,0.7685707509616194,-0.15457217394221856,110.0,2527
WIN,2024,2024-10-05,202408050108,2,1.1,0.7013847095835037,-0.2284768194581458,110.0,2528
WIN,2024,2024-06-22,202408040701,4,1.1,0.8791293133052435,-0.032957755364232066,110.0,2529
WIN,2024,2024-09-08,202407030206,2,1.1,0.758593577291593,-0.16554706497924754,110.0,2530
WIN,2024,2024-09-07,202407030102,8,1.1,0.721325584305253,-0.2065418572642217,110.0,2531
WIN,2024,2024-08-18,202407020403,1,1.1,0.7112401154180719,-0.2176358730401209,110.0,2532
WIN,2024,2024-09-21,202406040601,9,1.1,0.795823992920713,-0.12459360778721562,110.0,2533
WIN,2024,2024-06-22,202405030701,14,1.1,0.715130573624364,-0.21335636901319943,110.0,2534
WIN,2024,2024-06-09,202405030403,10,1.1,0.7053915404696167,-0.22406930548342152,110.0,2535
WIN,2024,2024-04-27,202405020302,9,1.1,0.6849390431790958,-0.2465670525029945,110.0,2536
WIN,2024,2024-02-03,202405010307,7,1.1,0.7201866569409996,-0.20779467736490043,110.0,2537
WIN,2024,2024-08-10,202404030101,2,1.1,0.7578473933850773,-0.16636786727641484,110.0,2538
WIN,2024,2024-08-03,202404020302,4,1.1,0.8093128958906272,-0.10975581452031002,110.0,2539
WIN,2024,2024-07-27,202404020101,3,1.1,0.838616510661051,-0.07752183827284376,110.0,2540
WIN,2023,2023-09-02,202310030701,2,1.1,0.7623295094344409,-0.16143753962211493,110.0,2541
WIN,2023,2023-08-13,202310030208,9,1.1,0.6992763223128255,-0.23079604545589183,110.0,2542
WIN,2023,2023-03-19,202309011209,4,1.1,0.7886271659125345,-0.132510117496212,110.0,2543
WIN,2023,2023-12-03,202306050201,10,1.1,0.7029785475469941,-0.2267235976983064,110.0,2544
WIN,2023,2023-04-02,202306030403,5,1.1,0.7793898598930614,-0.14267115411763232,110.0,2545
WIN,2023,2023-02-26,202306020202,4,1.1,0.7050029772951203,-0.22449672497536766,110.0,2546
WIN,2023,2023-10-22,202305040706,4,1.1,0.7978609695330597,-0.12235293351363419,110.0,2547
WIN,2023,2023-08-12,202304030102,6,1.1,0.8465049100770029,-0.0688445989152967,110.0,2548
WIN,2022,2022-01-15,202210010105,3,1.1,0.6879526638026312,-0.24325206981710557,110.0,2549
WIN,2022,2022-12-24,202209060701,14,1.1,0.6946369332885565,-0.23589937338258782,110.0,2550
WIN,2022,2022-12-03,202209060101,1,1.1,0.7191215866834666,-0.20896625464818663,110.0,2551
WIN,2022,2022-04-30,202209021101,2,1.1,0.7006837001059922,-0.22924792988340847,110.0,2552
WIN,2022,2022-12-17,202206050503,14,1.1,0.7192786204561696,-0.2087935174982133,110.0,2553
WIN,2022,2022-09-24,202206040601,11,1.1,0.6981438703032185,-0.2320417426664596,110.0,2554
WIN,2022,2022-07-09,202202010901,2,1.1,0.7127446823247041,-0.21598084944282536,110.0,2555
QUINELLA,2022,2022-01-29,202205010104,2-12,2676.1,0.0007400331785861412,0.9804027892143723,267610.0,1
QUINELLA,2023,2023-12-02,202306050107,4-11,1674.1,0.0012931517092841874,1.164865276512658,167410.0,2
QUINELLA,2025,2025-03-01,202510011101,4-14,768.2,0.002413932231100656,0.8543827399315242,76820.0,3
QUINELLA,2022,2022-06-12,202207040407,6-16,656.8,0.002608973139594955,0.7135735580859663,65680.0,4
QUINELLA,2024,2024-08-04,202401010610,8-10,530.7,0.0037305946716967684,0.9798265922694751,53070.0,5
QUINELLA,2023,2023-08-12,202304030104,1-10,526.4,0.0037142163548019684,0.9551634891677561,52640.0,6
QUINELLA,2024,2024-05-19,202404010808,1-7,514.4,0.004316696077572024,1.2205084623030493,51440.0,7
QUINELLA,2025,2025-11-09,202503030210,6-8,356.6,0.005422856625312255,0.9337906725863503,35660.0,8
QUINELLA,2023,2023-09-03,202304030801,14-15,349.2,0.004587308261688788,0.6018880449817248,34920.0,9
QUINELLA,2024,2024-09-15,202407030404,1-6,223.9,0.006482768790134033,0.45149193211101,22390.0,10
QUINELLA,2024,2024-04-20,202408030105,3-4,221.1,0.009388771045853023,1.0758572782381033,22110.0,11
QUINELLA,2023,2023-01-14,202307010503,2-11,205.1,0.008071552363979696,0.6554753898522356,20510.0,12
QUINELLA,2022,2022-02-12,202209010102,5-7,184.4,0.0071750825981731214,0.3230852311031236,18440.0,13
QUINELLA,2023,2023-06-11,202309030410,3-6,175.2,0.010877422929819632,0.9057244973043994,17520.0,14
QUINELLA,2025,2025-10-19,202508030706,1-9,160.4,0.008752735781488847,0.4039388193508111,16040.0,15
QUINELLA,2023,2023-10-21,202304040311,1-6,156.7,0.009343266366573327,0.4640898396420401,15670.0,16
QUINELLA,2024,2024-08-18,202404030401,3-9,149.3,0.009866866612931912,0.4731231853107345,14930.0,17
QUINELLA,2022,2022-01-29,202207010912,12-13,147.2,0.010664811051254998,0.5698601867447357,14720.0,18
QUINELLA,2023,2023-03-26,202307020610,1-8,137.1,0.012847031759539735,0.7613280542328975,13710.0,19
QUINELLA,2024,2024-03-24,202407010612,6-15,132.9,0.018564701396418633,1.4672488155840364,13290.0,20
QUINELLA,2025,2025-02-10,202508010303,5-12,99.2,0.016395131291355454,0.626397024102461,9920.0,21
QUINELLA,2022,2022-01-15,202206010510,5-7,77.1,0.019992899305030107,0.5414525364178211,7710.0,22
QUINELLA,2022,2022-01-15,202207010502,5-13,69.6,0.024983198477045408,0.7388306140023602,6960.0,23
QUINELLA,2022,2022-12-10,202207060302,4-6,66.4,0.02945975445547266,0.9561276958433849,6640.0,24
QUINELLA,2022,2022-07-23,202203020701,10-13,65.3,0.028604743652357767,0.8678897604989622,6530.0,25
QUINELLA,2025,2025-03-01,202506020109,4-13,63.5,0.025137746683559968,0.596246914406058,6350.0,26
QUINELLA,2023,2023-10-21,202308020607,5-7,58.4,0.02285898089862868,0.3349644844799149,5840.0,27
QUINELLA,2025,2025-07-05,202502010712,5-9,55.5,0.02820717952568268,0.5654984636753888,5550.0,28
QUINELLA,2023,2023-12-03,202309050205,1-9,42.9,0.036165389514695945,0.551495210180456,4290.0,29
QUINELLA,2022,2022-06-12,202202010205,7-8,42.8,0.03718030927257382,0.5913172368661594,4280.0,30
QUINELLA,2024,2024-09-16,202406040508,1-5,41.5,0.04702046170344745,0.9513491606930693,4150.0,31
QUINELLA,2024,2024-11-02,202405050104,3-8,41.4,0.03378025499875168,0.3985025569483196,4140.0,32
QUINELLA,2023,2023-01-22,202310010409,2-11,39.9,0.038030893147176614,0.517432636572347,3990.0,33
QUINELLA,2025,2025-10-13,202505040508,1-2,39.0,0.03282612005648136,0.280218682202773,3900.0,34
QUINELLA,2023,2023-12-17,202309050607,3-4,38.1,0.037798828415388716,0.44013536262631003,3810.0,35
QUINELLA,2022,2022-02-05,202210010705,2-6,36.4,0.041333014822833476,0.5045217395511385,3640.0,36
QUINELLA,2022,2022-10-30,202209040902,4-8,35.5,0.04262201945775607,0.5130816907503406,3550.0,37
QUINELLA,2025,2025-11-30,202505050808,3-5,20.4,0.0666826003649773,0.36032504744553706,2040.0,38
QUINELLA,2025,2025-07-06,202510020409,2-7,20.1,0.06337389591620894,0.2738153079157999,2010.0,39
QUINELLA,2024,2024-03-02,202409010306,5-6,18.4,0.07502563156665337,0.38047162082642205,1840.0,40
QUINELLA,2022,2022-07-24,202201010201,5-7,15.7,0.08713241898837287,0.36797897811745406,1570.0,41
QUINELLA,2024,2024-04-27,202408030306,1-9,14.8,0.09031086302353822,0.33660077274836575,1480.0,42
QUINELLA,2022,2022-07-02,202210030108,6-7,14.2,0.11991420887507478,0.7027817660260618,1420.0,43
QUINELLA,2024,2024-06-16,202405030609,5-6,11.7,0.11570617914639797,0.35376229601285614,1170.0,44
QUINELLA,2022,2022-12-17,202209060509,7-11,10.8,0.12846648333084948,0.3874380199731744,1080.0,45
QUINELLA,2023,2023-07-01,202307030101,1-6,9.4,0.13791113339903166,0.2963646539508977,940.0,46
QUINELLA,2023,2023-09-09,202309040109,2-7,9.1,0.15503719376932587,0.41083846330086526,910.0,47
QUINELLA,2023,2023-09-10,202309040203,4-6,8.6,0.1491210666003452,0.28244117276296854,860.0,48
QUINELLA,2024,2024-07-06,202402010910,1-5,8.0,0.17240985651688254,0.3792788521350603,800.0,49
QUINELLA,2025,2025-10-13,202508030502,7-9,7.0,0.18695366084287607,0.3086756259001324,700.0,50
EXACTA,2023,2023-12-02,202306050107,11-4,4095.5,0.0007839297508759744,2.2105842947125534,409550.0,1
EXACTA,2025,2025-03-01,202510011101,4-14,2471.8,0.001245669097179178,2.0790448744074923,247180.0,2
EXACTA,2023,2023-10-28,202304040510,5-7,2386.2,0.0015216566551547138,2.630977110530178,238620.0,3
EXACTA,2023,2023-04-09,202309020612,6-9,1915.9,0.0013768508617759737,1.6379085660765882,191590.0,4
EXACTA,2022,2022-06-12,202207040407,16-6,1863.8,0.0012805036083363953,1.3866026252173733,186380.0,5
EXACTA,2023,2023-08-12,202304030104,10-1,1566.2,0.001979538612793566,2.1003533753572836,156620.0,6
EXACTA,2022,2022-12-10,202209060309,2-12,1316.7,0.0028152452258119417,2.706833388826584,131670.0,7
EXACTA,2022,2022-09-19,202207050512,10-15,1103.3,0.00193257478282983,1.1322097578961516,110330.0,8
EXACTA,2024,2024-09-15,202407030404,1-6,636.3,0.004218154286801186,1.6840115726915945,63630.0,9
EXACTA,2025,2025-02-01,202510010305,11-9,408.2,0.00515909554205027,1.1059428002649203,40820.0,10
EXACTA,2022,2022-04-30,202203010508,7-4,274.8,0.0058442744479690854,0.6060066183019048,27480.0,11
EXACTA,2023,2023-04-16,202309020809,11-7,184.8,0.01016238916471837,0.8780095176399549,18480.0,12
EXACTA,2023,2023-01-22,202307010804,4-2,148.7,0.011064936779606498,0.6453560991274863,14870.0,13
EXACTA,2022,2022-10-15,202209040409,1-2,110.9,0.01575427913762612,0.7471495563627366,11090.0,14
EXACTA,2025,2025-10-19,202505040711,2-3,195.0,0.010848047997662638,1.1153693595442142,9750.0,15
EXACTA,2023,2023-01-22,202310010409,2-11,94.0,0.01806010789506904,0.6976501421364896,9400.0,16
TRIO,2023,2023-12-02,202306050107,4-11-12,10137.2,0.0007307642919040113,6.407903779889344,1013720.0,1
TRIO,2024,2024-10-26,202404040706,8-12-13,3947.7,0.001115579998306022,3.403975159312683,394770.0,2
TRIO,2023,2023-12-03,202306050209,1-5-15,2672.0,0.0027906446491596294,6.45660250255453,267200.0,3
TRIO,2023,2023-10-28,202304040511,4-5-9,1509.7,0.002310705975880243,2.4884728117864032,150970.0,4
TRIO,2025,2025-03-01,202506020109,3-4-13,1056.2,0.008207395564962767,7.668651195713675,105620.0,5
TRIO,2024,2024-08-17,202407020311,4-6-11,710.1,0.0027301589929465083,0.9386859008913155,71010.0,6
TRIO,2023,2023-04-16,202309020809,6-7-11,356.0,0.011827423601016976,3.210562801962044,35600.0,7
TRIO,2025,2025-06-14,202505030306,5-8-9,355.4,0.0225713474258077,7.021856875132055,35540.0,8
TRIO,2023,2023-08-20,202310030410,3-7-9,261.3,0.008817141067995356,1.3039189610671866,26130.0,9
TRIO,2022,2022-05-07,202207030106,5-7-8,252.8,0.011437708607491048,1.8914527359737372,25280.0,10
TRIO,2024,2024-06-01,202405030105,2-3-8,151.1,0.017794636312758072,1.6887695468577446,15110.0,11
TRIO,2022,2022-05-14,202207030305,4-6-7,124.1,0.03015675657313799,2.742453490726424,12410.0,12
TRIO,2025,2025-04-12,202509020507,5-6-9,103.9,0.02238128116046033,1.3254151125718283,10390.0,13
TRIO,2024,2024-10-12,202404040304,5-9-10,82.4,0.06665223868747856,4.492144467848234,8240.0,14
TRIO,2023,2023-07-01,202307030109,1-6-7,59.1,0.06891086657351086,3.072632214494492,5910.0,15
TRIO,2022,2022-10-10,202209040302,2-4-11,50.1,0.03814648599352391,0.9111389482755479,5010.0,16
TRIO,2023,2023-03-19,202309011209,4-6-8,42.5,0.04535432265992034,0.9275587130466145,4250.0,17
TRIO,2025,2025-03-22,202509010702,5-8-9,29.2,0.07908737046640087,1.309351217618905,2920.0,18
TRIO,2023,2023-10-09,202305040304,1-5-9,26.3,0.08156137988171967,1.1450642908892275,2630.0,19
TRIO,2023,2023-06-03,202305030101,2-3-9,25.3,0.0750642144095251,0.899124624560985,2530.0,20
TRIO,2025,2025-07-06,202510020409,2-5-7,22.5,0.10748645487424287,1.4184452346704646,2250.0,21
TRIO,2025,2025-08-16,202504020710,5-12-15,18.2,0.08950729596856896,0.629032786627955,1820.0,22
TRIO,2022,2022-10-01,202206040809,1-3-4,16.5,0.09727187172328974,0.6049858834342807,1650.0,23
TRIO,2024,2024-07-13,202410030501,1-2-6,15.9,0.09939094288116032,0.5803159918104492,1590.0,24
TRIO,2023,2023-10-28,202308020808,2-4-5,14.7,0.11355436331750676,0.6692491407673493,1470.0,25
TRIO,2023,2023-09-09,202309040103,5-6-7,12.4,0.15987525695189,0.982453186203436,1240.0,26
TRIO,2025,2025-07-26,202507030103,3-4-6,11.9,0.13401104004816597,0.594731376573175,1190.0,27
TRIO,2022,2022-05-29,202207030811,3-4-7,11.9,0.13266186951626793,0.5786762472435885,1190.0,28
TRIO,2025,2025-11-01,202505041009,4-5-8,10.8,0.16492373410955602,0.7811763283832052,1080.0,29
TRIO,2025,2025-07-27,202504020202,1-5-6,10.3,0.15523547749432867,0.5989254181915855,1030.0,30
TRIO,2024,2024-10-12,202408050308,2-5-6,7.8,0.19573696640803484,0.5267483379826716,780.0,31
TRIO,2025,2025-12-07,202506050206,2-3-5,7.6,0.20344052486682468,0.5461479889878675,760.0,32
TRIO,2025,2025-07-26,202504020101,3-4-8,6.7,0.23362670689198325,0.5652989361762879,670.0,33
TRIO,2024,2024-07-20,202401010101,2-3-5,6.2,0.2966646111619681,0.8393205892042022,620.0,34
