year,race_id,gate_score,blind,actual_rescuers,COMPACT__INDIVIDUAL_TOP1,COMPACT__INDIVIDUAL_TOP1__hit,COMPACT__INDIVIDUAL_TOP2,COMPACT__INDIVIDUAL_TOP2__hit,COMPACT__INDIVIDUAL_TOP3,COMPACT__INDIVIDUAL_TOP3__hit,COMPACT__COMBO_K1,COMPACT__COMBO_K1__score,COMPACT__COMBO_K1__hit,COMPACT__COMBO_K2,COMPACT__COMBO_K2__score,COMPACT__COMBO_K2__hit,COMPACT__COMBO_K3,COMPACT__COMBO_K3__score,COMPACT__COMBO_K3__hit,COMPACT__COMBO_K4,COMPACT__COMBO_K4__score,COMPACT__COMBO_K4__hit,COMPACT__COMBO_K5,COMPACT__COMBO_K5__score,COMPACT__COMBO_K5__hit,FULL__INDIVIDUAL_TOP1,FULL__INDIVIDUAL_TOP1__hit,FULL__INDIVIDUAL_TOP2,FULL__INDIVIDUAL_TOP2__hit,FULL__INDIVIDUAL_TOP3,FULL__INDIVIDUAL_TOP3__hit,FULL__COMBO_K1,FULL__COMBO_K1__score,FULL__COMBO_K1__hit,FULL__COMBO_K2,FULL__COMBO_K2__score,FULL__COMBO_K2__hit,FULL__COMBO_K3,FULL__COMBO_K3__score,FULL__COMBO_K3__hit,FULL__COMBO_K4,FULL__COMBO_K4__score,FULL__COMBO_K4__hit,FULL__COMBO_K5,FULL__COMBO_K5__score,FULL__COMBO_K5__hit
2022,202204010709,0.8597387135833136,False,,枠・コース型,False,枠・コース型|レース構造型,False,枠・コース型|レース構造型|メンバー構成型,False,枠・コース型,0.6593413815996836,False,レース構造型|枠・コース型,0.9100554236718906,False,レース構造型|枠・コース型|メンバー構成型,0.951749640330626,False,当日傾向型|レース構造型|枠・コース型|騎手型,0.9656652799921996,False,当日傾向型|レース構造型|枠・コース型|メンバー構成型|騎手型,0.980575548807186,False,当日傾向型,False,当日傾向型|枠・コース型,False,当日傾向型|枠・コース型|メンバー構成型,False,当日傾向型,0.7105535722429241,False,当日傾向型|メンバー構成型,0.8086945770440347,False,当日傾向型|レース構造型|メンバー構成型,0.9656479868529926,False,当日傾向型|レース構造型|枠・コース型|騎手型,0.9667257899912892,False,当日傾向型|レース構造型|枠・コース型|メンバー構成型|騎手型,0.9823638657631464,False
2022,202209040511,0.8499506339161857,False,,枠・コース型,False,枠・コース型|レース構造型,False,枠・コース型|レース構造型|メンバー構成型,False,枠・コース型,0.6557775702444054,False,レース構造型|枠・コース型,0.8603741381001747,False,当日傾向型|レース構造型|枠・コース型,0.9156251358198849,False,レース構造型|枠・コース型|メンバー構成型|騎手型,0.9477641708934167,False,当日傾向型|レース構造型|枠・コース型|メンバー構成型|騎手型,0.9528285975981993,False,レース構造型,False,レース構造型|当日傾向型,False,レース構造型|当日傾向型|枠・コース型,False,レース構造型,0.6968881238854736,False,当日傾向型|枠・コース型,0.8872583221936785,False,レース構造型|枠・コース型|メンバー構成型,0.95334809374779,False,当日傾向型|レース構造型|枠・コース型|メンバー構成型,0.9709043510338677,False,当日傾向型|レース構造型|枠・コース型|メンバー構成型|騎手型,0.9746821938816529,False
2022,202209030309,0.8255300125635824,False,,枠・コース型,False,枠・コース型|メンバー構成型,False,枠・コース型|メンバー構成型|レース構造型,False,枠・コース型,0.5801699471535297,False,枠・コース型|騎手型,0.7177349185189452,False,枠・コース型|メンバー構成型|騎手型,0.7959795485176937,False,レース構造型|枠・コース型|メンバー構成型|騎手型,0.7956751501231376,False,当日傾向型|レース構造型|枠・コース型|メンバー構成型|騎手型,0.7365341894295065,False,レース構造型,False,レース構造型|枠・コース型,False,レース構造型|枠・コース型|当日傾向型,False,レース構造型,0.6753609578224197,False,当日傾向型|レース構造型,0.8491081270358517,False,当日傾向型|レース構造型|枠・コース型,0.9177095445067227,False,当日傾向型|レース構造型|枠・コース型|メンバー構成型,0.9616252215265639,False,当日傾向型|レース構造型|枠・コース型|メンバー構成型|騎手型,0.9070226059348704,False
2022,202209040604,0.8202987041624205,False,,レース構造型,False,レース構造型|枠・コース型,False,レース構造型|枠・コース型|メンバー構成型,False,レース構造型,0.9439374321075373,False,当日傾向型|レース構造型,0.9599032059563392,False,当日傾向型|レース構造型|枠・コース型,0.9688257558782694,False,当日傾向型|レース構造型|枠・コース型|騎手型,0.9787881255414077,False,当日傾向型|レース構造型|枠・コース型|メンバー構成型|騎手型,0.9767560484598253,False,レース構造型,False,レース構造型|枠・コース型,False,レース構造型|枠・コース型|当日傾向型,False,レース構造型,0.8801957710664129,False,レース構造型|メンバー構成型,0.9502658091212549,False,レース構造型|枠・コース型|メンバー構成型,0.967085726537951,False,レース構造型|枠・コース型|メンバー構成型|騎手型,0.9556469349943026,False,当日傾向型|レース構造型|枠・コース型|メンバー構成型|騎手型,0.9347884898722658,False
2022,202209040111,0.8176002229405515,False,,当日傾向型,False,当日傾向型|枠・コース型,False,当日傾向型|枠・コース型|騎手型,False,当日傾向型,0.5227181577817426,False,当日傾向型|メンバー構成型,0.7775105346750676,False,レース構造型|枠・コース型|メンバー構成型,0.9039272799004181,False,当日傾向型|レース構造型|メンバー構成型|騎手型,0.9430042025086933,False,当日傾向型|レース構造型|枠・コース型|メンバー構成型|騎手型,0.9572219309697596,False,メンバー構成型,False,メンバー構成型|枠・コース型,False,メンバー構成型|枠・コース型|当日傾向型,False,メンバー構成型,0.444506318239382,False,枠・コース型|メンバー構成型,0.9015838070665397,False,レース構造型|枠・コース型|メンバー構成型,0.9439078821066486,False,当日傾向型|レース構造型|枠・コース型|メンバー構成型,0.9592660710775249,False,当日傾向型|レース構造型|枠・コース型|メンバー構成型|騎手型,0.9643358084639188,False
2022,202210040108,0.8101461365660724,False,,メンバー構成型,False,メンバー構成型|枠・コース型,False,メンバー構成型|枠・コース型|当日傾向型,False,メンバー構成型,0.5459049116295139,False,当日傾向型|レース構造型,0.6620823856538983,False,当日傾向型|レース構造型|枠・コース型,0.6774959273020518,False,当日傾向型|レース構造型|メンバー構成型|騎手型,0.654041506946772,False,当日傾向型|レース構造型|枠・コース型|メンバー構成型|騎手型,0.6581282035904079,False,レース構造型,False,レース構造型|メンバー構成型,False,レース構造型|メンバー構成型|枠・コース型,False,レース構造型,0.6279820937833297,False,レース構造型|メンバー構成型,0.7795520347661371,False,レース構造型|枠・コース型|メンバー構成型,0.9391268338839489,False,当日傾向型|レース構造型|枠・コース型|メンバー構成型,0.9091201998848899,False,当日傾向型|レース構造型|枠・コース型|メンバー構成型|騎手型,0.7912886315600189,False
2022,202209011010,0.8049778239744779,False,,枠・コース型,False,枠・コース型|当日傾向型,False,枠・コース型|当日傾向型|騎手型,False,枠・コース型,0.7142280454883089,False,枠・コース型|騎手型,0.7642190128649337,False,当日傾向型|枠・コース型|騎手型,0.8368340724652318,False,当日傾向型|枠・コース型|メンバー構成型|騎手型,0.8079457018681628,False,当日傾向型|レース構造型|枠・コース型|メンバー構成型|騎手型,0.8291559174143259,False,枠・コース型,False,枠・コース型|当日傾向型,False,枠・コース型|当日傾向型|レース構造型,False,枠・コース型,0.6797518272183465,False,枠・コース型|メンバー構成型,0.9122165868915485,False,レース構造型|枠・コース型|メンバー構成型,0.9650201892972851,False,当日傾向型|レース構造型|枠・コース型|メンバー構成型,0.9794031097160707,False,当日傾向型|レース構造型|枠・コース型|メンバー構成型|騎手型,0.9680404299628399,False
2022,202209030111,0.8045439831899974,False,,枠・コース型,False,枠・コース型|メンバー構成型,False,枠・コース型|メンバー構成型|騎手型,False,枠・コース型,0.40648371955082147,False,枠・コース型|騎手型,0.6811878320141264,False,レース構造型|枠・コース型|騎手型,0.8646346188228343,False,レース構造型|枠・コース型|メンバー構成型|騎手型,0.9302501760729767,False,当日傾向型|レース構造型|枠・コース型|メンバー構成型|騎手型,0.6689413659354823,False,枠・コース型,False,枠・コース型|当日傾向型,False,枠・コース型|当日傾向型|メンバー構成型,False,枠・コース型,0.5950533341481213,False,レース構造型|枠・コース型,0.9028677945101826,False,当日傾向型|レース構造型|枠・コース型,0.9391656896574198,False,当日傾向型|レース構造型|枠・コース型|メンバー構成型,0.983804785434986,False,当日傾向型|レース構造型|枠・コース型|メンバー構成型|騎手型,0.959160416670461,False
2022,202210040408,0.8040022421403445,False,,枠・コース型,False,枠・コース型|当日傾向型,False,枠・コース型|当日傾向型|メンバー構成型,False,枠・コース型,0.4491156977752686,False,当日傾向型|枠・コース型,0.8184280875751896,False,当日傾向型|枠・コース型|騎手型,0.90431992459104,False,当日傾向型|レース構造型|枠・コース型|メンバー構成型,0.9086177839194429,False,当日傾向型|レース構造型|枠・コース型|メンバー構成型|騎手型,0.7779692679890129,False,枠・コース型,False,枠・コース型|当日傾向型,False,枠・コース型|当日傾向型|メンバー構成型,False,枠・コース型,0.6539757158164714,False,当日傾向型|レース構造型,0.8389313347586621,False,レース構造型|枠・コース型|騎手型,0.9031735687548641,False,レース構造型|枠・コース型|メンバー構成型|騎手型,0.9078961958916324,False,当日傾向型|レース構造型|枠・コース型|メンバー構成型|騎手型,0.8862567346852237,False
2022,202209040212,0.803589988682008,False,,当日傾向型,False,当日傾向型|メンバー構成型,False,当日傾向型|メンバー構成型|枠・コース型,False,当日傾向型,0.5326371758856373,False,当日傾向型|メンバー構成型,0.8733863456969799,False,当日傾向型|レース構造型|メンバー構成型,0.9145183238029682,False,当日傾向型|レース構造型|メンバー構成型|騎手型,0.9521780806622939,False,当日傾向型|レース構造型|枠・コース型|メンバー構成型|騎手型,0.9580149673473491,False,レース構造型,False,レース構造型|メンバー構成型,False,レース構造型|メンバー構成型|枠・コース型,False,レース構造型,0.74781384660044,False,レース構造型|騎手型,0.8834457982321807,False,当日傾向型|レース構造型|騎手型,0.9305720255772592,False,当日傾向型|レース構造型|枠・コース型|メンバー構成型,0.9370039906108418,False,当日傾向型|レース構造型|枠・コース型|メンバー構成型|騎手型,0.9340463422483024,False
2022,202204020405,0.8032038641227867,False,,レース構造型,False,レース構造型|枠・コース型,False,レース構造型|枠・コース型|メンバー構成型,False,レース構造型,0.9502222245862613,False,レース構造型|メンバー構成型,0.9590508551835915,False,当日傾向型|レース構造型|枠・コース型,0.9692486718587922,False,当日傾向型|レース構造型|枠・コース型|メンバー構成型,0.9760965968934855,False,当日傾向型|レース構造型|枠・コース型|メンバー構成型|騎手型,0.9590587101610073,False,レース構造型,False,レース構造型|当日傾向型,False,レース構造型|当日傾向型|枠・コース型,False,レース構造型,0.8527756786627659,False,当日傾向型|レース構造型,0.9061959033518934,False,当日傾向型|レース構造型|メンバー構成型,0.965750477459661,False,当日傾向型|レース構造型|枠・コース型|メンバー構成型,0.9673342861024872,False,当日傾向型|レース構造型|枠・コース型|メンバー構成型|騎手型,0.9377467013141115,False
2022,202205010610,0.8003127940492558,False,,当日傾向型,False,当日傾向型|枠・コース型,False,当日傾向型|枠・コース型|メンバー構成型,False,当日傾向型,0.5881829770344041,False,枠・コース型|メンバー構成型,0.7610840330510251,False,レース構造型|枠・コース型|メンバー構成型,0.9004735405961999,False,レース構造型|枠・コース型|メンバー構成型|騎手型,0.8476266987308806,False,当日傾向型|レース構造型|枠・コース型|メンバー構成型|騎手型,0.654559873141811,False,メンバー構成型,False,メンバー構成型|レース構造型,False,メンバー構成型|レース構造型|枠・コース型,False,メンバー構成型,0.6429191679916518,False,レース構造型|枠・コース型,0.8936335463891503,False,レース構造型|枠・コース型|騎手型,0.9728868017104244,False,レース構造型|枠・コース型|メンバー構成型|騎手型,0.9803681040699775,False,当日傾向型|レース構造型|枠・コース型|メンバー構成型|騎手型,0.9792985497738903,False
2022,202206010111,0.7983562702186145,False,,レース構造型,False,レース構造型|騎手型,False,レース構造型|騎手型|メンバー構成型,False,レース構造型,0.4087506959787315,False,レース構造型|メンバー構成型,0.7633353395765278,False,レース構造型|枠・コース型|メンバー構成型,0.87623923542523,False,レース構造型|枠・コース型|メンバー構成型|騎手型,0.922415373782937,False,当日傾向型|レース構造型|枠・コース型|メンバー構成型|騎手型,0.9158221262934577,False,メンバー構成型,False,メンバー構成型|騎手型,False,メンバー構成型|騎手型|レース構造型,False,メンバー構成型,0.6313774628282971,False,メンバー構成型|騎手型,0.825664476444706,False,当日傾向型|枠・コース型|メンバー構成型,0.924934485651232,False,当日傾向型|枠・コース型|メンバー構成型|騎手型,0.9319756017134089,False,当日傾向型|レース構造型|枠・コース型|メンバー構成型|騎手型,0.9401852786679398,False
2022,202205040911,0.7982515453989394,False,,枠・コース型,False,枠・コース型|メンバー構成型,False,枠・コース型|メンバー構成型|当日傾向型,False,枠・コース型,0.5879449034420927,False,レース構造型|枠・コース型,0.8240001762623376,False,レース構造型|枠・コース型|メンバー構成型,0.8463374825874418,False,レース構造型|枠・コース型|メンバー構成型|騎手型,0.8732220003611019,False,当日傾向型|レース構造型|枠・コース型|メンバー構成型|騎手型,0.8200467874633098,False,メンバー構成型,False,メンバー構成型|レース構造型,False,メンバー構成型|レース構造型|枠・コース型,False,メンバー構成型,0.47348591734531065,False,レース構造型|メンバー構成型,0.7780923960502811,False,レース構造型|枠・コース型|メンバー構成型,0.8558235095124366,False,当日傾向型|レース構造型|枠・コース型|メンバー構成型,0.9096448429598413,False,当日傾向型|レース構造型|枠・コース型|メンバー構成型|騎手型,0.8993187307010005,False
2022,202205050810,0.791231512242777,False,,枠・コース型,False,枠・コース型|レース構造型,False,枠・コース型|レース構造型|当日傾向型,False,枠・コース型,0.6568843649851628,False,当日傾向型|枠・コース型,0.7591437247468018,False,当日傾向型|枠・コース型|騎手型,0.7613046561853518,False,当日傾向型|枠・コース型|メンバー構成型|騎手型,0.6914556135777594,False,当日傾向型|レース構造型|枠・コース型|メンバー構成型|騎手型,0.6684159488796916,False,当日傾向型,False,当日傾向型|レース構造型,False,当日傾向型|レース構造型|枠・コース型,False,当日傾向型,0.25450964788856345,False,当日傾向型|枠・コース型,0.7601669120038543,False,当日傾向型|枠・コース型|騎手型,0.7719077474079087,False,当日傾向型|枠・コース型|メンバー構成型|騎手型,0.818194164149961,False,当日傾向型|レース構造型|枠・コース型|メンバー構成型|騎手型,0.6296266386070302,False
2022,202201020707,0.7898627713316559,True,レース構造型|枠・コース型,枠・コース型,True,枠・コース型|レース構造型,True,枠・コース型|レース構造型|当日傾向型,True,枠・コース型,0.5510959037761481,True,枠・コース型|メンバー構成型,0.8286279222088654,True,枠・コース型|メンバー構成型|騎手型,0.8964490647882505,True,当日傾向型|レース構造型|枠・コース型|メンバー構成型,0.8542193431822136,True,当日傾向型|レース構造型|枠・コース型|メンバー構成型|騎手型,0.8895533818327889,True,枠・コース型,True,枠・コース型|メンバー構成型,True,枠・コース型|メンバー構成型|レース構造型,True,枠・コース型,0.49915477314872747,True,レース構造型|枠・コース型,0.7578875143030268,True,レース構造型|枠・コース型|メンバー構成型,0.919240187080485,True,当日傾向型|レース構造型|枠・コース型|メンバー構成型,0.961254437844772,True,当日傾向型|レース構造型|枠・コース型|メンバー構成型|騎手型,0.8842010676856235,True
2022,202205010206,0.7861355448432721,False,,レース構造型,False,レース構造型|当日傾向型,False,レース構造型|当日傾向型|枠・コース型,False,レース構造型,0.9447874637267889,False,レース構造型|騎手型,0.960234079366217,False,当日傾向型|レース構造型|枠・コース型,0.9690579319785442,False,当日傾向型|レース構造型|枠・コース型|メンバー構成型,0.9764813687864222,False,当日傾向型|レース構造型|枠・コース型|メンバー構成型|騎手型,0.9764005509905631,False,レース構造型,False,レース構造型|枠・コース型,False,レース構造型|枠・コース型|当日傾向型,False,レース構造型,0.882535726290685,False,レース構造型|メンバー構成型,0.9516763019585636,False,レース構造型|枠・コース型|メンバー構成型,0.9635082598283868,False,当日傾向型|レース構造型|枠・コース型|メンバー構成型,0.9814568005872809,False,当日傾向型|レース構造型|枠・コース型|メンバー構成型|騎手型,0.9611149935924277,False
2022,202210010811,0.7845886256843481,False,,当日傾向型,False,当日傾向型|騎手型,False,当日傾向型|騎手型|メンバー構成型,False,当日傾向型,0.5114829419403588,False,枠・コース型|騎手型,0.8024890858679853,False,レース構造型|枠・コース型|騎手型,0.9606036722796019,False,レース構造型|枠・コース型|メンバー構成型|騎手型,0.9515143829173741,False,当日傾向型|レース構造型|枠・コース型|メンバー構成型|騎手型,0.9255716850214835,False,レース構造型,False,レース構造型|メンバー構成型,False,レース構造型|メンバー構成型|枠・コース型,False,レース構造型,0.49201778259625095,False,メンバー構成型|騎手型,0.7929703886333774,False,枠・コース型|メンバー構成型|騎手型,0.8631410896617426,False,レース構造型|枠・コース型|メンバー構成型|騎手型,0.9465498394182281,False,当日傾向型|レース構造型|枠・コース型|メンバー構成型|騎手型,0.8912431535654711,False
2022,202205010407,0.7820430852967721,False,,メンバー構成型,False,メンバー構成型|当日傾向型,False,メンバー構成型|当日傾向型|枠・コース型,False,メンバー構成型,0.5567946035700602,False,当日傾向型|枠・コース型,0.7300406983006732,False,枠・コース型|メンバー構成型|騎手型,0.7881600111877607,False,当日傾向型|レース構造型|枠・コース型|メンバー構成型,0.8211896188659076,False,当日傾向型|レース構造型|枠・コース型|メンバー構成型|騎手型,0.7898304679088516,False,当日傾向型,False,当日傾向型|枠・コース型,False,当日傾向型|枠・コース型|メンバー構成型,False,当日傾向型,0.44566574844563595,False,枠・コース型|騎手型,0.7788422172955992,False,レース構造型|枠・コース型|メンバー構成型,0.8954001825672938,False,当日傾向型|レース構造型|枠・コース型|メンバー構成型,0.9329433052264817,False,当日傾向型|レース構造型|枠・コース型|メンバー構成型|騎手型,0.9235553841561469,False
2022,202206050208,0.7801227559098763,True,,枠・コース型,False,枠・コース型|当日傾向型,False,枠・コース型|当日傾向型|騎手型,False,枠・コース型,0.6964589727275629,False,枠・コース型|メンバー構成型,0.8309896317428609,False,当日傾向型|枠・コース型|騎手型,0.8691534990648325,False,当日傾向型|レース構造型|メンバー構成型|騎手型,0.7579804546618857,False,当日傾向型|レース構造型|枠・コース型|メンバー構成型|騎手型,0.5711141089573273,False,枠・コース型,False,枠・コース型|メンバー構成型,False,枠・コース型|メンバー構成型|レース構造型,False,枠・コース型,0.39815115129395307,False,枠・コース型|メンバー構成型,0.8518530652780961,False,レース構造型|枠・コース型|メンバー構成型,0.8970700039855005,False,当日傾向型|枠・コース型|メンバー構成型|騎手型,0.9112111548571875,False,当日傾向型|レース構造型|枠・コース型|メンバー構成型|騎手型,0.6116149649755339,False
2022,202202010610,0.7780703708753416,False,,レース構造型,False,レース構造型|当日傾向型,False,レース構造型|当日傾向型|メンバー構成型,False,レース構造型,0.6863244967008411,False,レース構造型|メンバー構成型,0.7148388877522586,False,当日傾向型|メンバー構成型|騎手型,0.840688744892343,False,当日傾向型|枠・コース型|メンバー構成型|騎手型,0.925854249761237,False,当日傾向型|レース構造型|枠・コース型|メンバー構成型|騎手型,0.9639454079854551,False,枠・コース型,False,枠・コース型|レース構造型,False,枠・コース型|レース構造型|当日傾向型,False,枠・コース型,0.3491112303514492,False,レース構造型|枠・コース型,0.7383176851480879,False,当日傾向型|レース構造型|枠・コース型,0.8738190809094923,False,当日傾向型|レース構造型|枠・コース型|騎手型,0.9643197607170702,False,当日傾向型|レース構造型|枠・コース型|メンバー構成型|騎手型,0.9534614771917126,False
2022,202203030306,0.7765338021042847,False,,メンバー構成型,False,メンバー構成型|当日傾向型,False,メンバー構成型|当日傾向型|枠・コース型,False,メンバー構成型,0.5624844978923716,False,レース構造型|枠・コース型,0.7890499431136913,False,当日傾向型|メンバー構成型|騎手型,0.9059820650337466,False,当日傾向型|レース構造型|枠・コース型|メンバー構成型,0.9537962286494869,False,当日傾向型|レース構造型|枠・コース型|メンバー構成型|騎手型,0.9718048129094305,False,レース構造型,False,レース構造型|当日傾向型,False,レース構造型|当日傾向型|枠・コース型,False,レース構造型,0.5845102440720072,False,当日傾向型|騎手型,0.8264760708373923,False,当日傾向型|レース構造型|騎手型,0.9621077598686975,False,当日傾向型|レース構造型|枠・コース型|騎手型,0.9664931569932802,False,当日傾向型|レース構造型|枠・コース型|メンバー構成型|騎手型,0.9778668094564351,False
2022,202205010807,0.7711484136998178,False,,レース構造型,False,レース構造型|メンバー構成型,False,レース構造型|メンバー構成型|枠・コース型,False,レース構造型,0.5609318167831538,False,当日傾向型|レース構造型,0.7943440502801569,False,レース構造型|メンバー構成型|騎手型,0.84680838718203,False,当日傾向型|レース構造型|枠・コース型|騎手型,0.8908237478049615,False,当日傾向型|レース構造型|枠・コース型|メンバー構成型|騎手型,0.8942408567611151,False,当日傾向型,False,当日傾向型|レース構造型,False,当日傾向型|レース構造型|メンバー構成型,False,当日傾向型,0.5828741702071366,False,当日傾向型|レース構造型,0.8029740062410734,False,当日傾向型|レース構造型|騎手型,0.8336380599549511,False,当日傾向型|レース構造型|枠・コース型|騎手型,0.9226933713586623,False,当日傾向型|レース構造型|枠・コース型|メンバー構成型|騎手型,0.8634578860357233,False
2022,202205010712,0.7675103212312219,False,,当日傾向型,False,当日傾向型|枠・コース型,False,当日傾向型|枠・コース型|メンバー構成型,False,当日傾向型,0.7935887507318643,False,当日傾向型|騎手型,0.8145164063990432,False,当日傾向型|レース構造型|騎手型,0.9114226831937037,False,当日傾向型|レース構造型|枠・コース型|メンバー構成型,0.9309062824755412,False,当日傾向型|レース構造型|枠・コース型|メンバー構成型|騎手型,0.942212427488009,False,当日傾向型,False,当日傾向型|枠・コース型,False,当日傾向型|枠・コース型|メンバー構成型,False,当日傾向型,0.707980777940526,False,当日傾向型|レース構造型,0.8297764681482711,False,当日傾向型|レース構造型|枠・コース型,0.9184181237660866,False,当日傾向型|枠・コース型|メンバー構成型|騎手型,0.919692952503672,False,当日傾向型|レース構造型|枠・コース型|メンバー構成型|騎手型,0.9744829526201264,False
2022,202207040211,0.7657426453298131,False,,メンバー構成型,False,メンバー構成型|枠・コース型,False,メンバー構成型|枠・コース型|レース構造型,False,メンバー構成型,0.7090568615486527,False,当日傾向型|騎手型,0.8254223827367034,False,当日傾向型|メンバー構成型|騎手型,0.9423369445948002,False,当日傾向型|枠・コース型|メンバー構成型|騎手型,0.9450190797523682,False,当日傾向型|レース構造型|枠・コース型|メンバー構成型|騎手型,0.9414206665063192,False,メンバー構成型,False,メンバー構成型|レース構造型,False,メンバー構成型|レース構造型|枠・コース型,False,メンバー構成型,0.5827749875377677,False,レース構造型|騎手型,0.8643964889937088,False,レース構造型|枠・コース型|メンバー構成型,0.893273590821805,False,当日傾向型|枠・コース型|メンバー構成型|騎手型,0.9454226470435815,False,当日傾向型|レース構造型|枠・コース型|メンバー構成型|騎手型,0.9722133305247972,False
2022,202205010809,0.7649814179862058,False,,枠・コース型,False,枠・コース型|メンバー構成型,False,枠・コース型|メンバー構成型|当日傾向型,False,枠・コース型,0.3096554553971111,False,レース構造型|枠・コース型,0.9268334445478406,False,レース構造型|枠・コース型|メンバー構成型,0.9544743012111919,False,レース構造型|枠・コース型|メンバー構成型|騎手型,0.9544963649030186,False,当日傾向型|レース構造型|枠・コース型|メンバー構成型|騎手型,0.8877195976141512,False,レース構造型,False,レース構造型|メンバー構成型,False,レース構造型|メンバー構成型|枠・コース型,False,レース構造型,0.6625436219809798,False,レース構造型|メンバー構成型,0.8534290351975841,False,レース構造型|枠・コース型|メンバー構成型,0.9281855766780529,False,レース構造型|枠・コース型|メンバー構成型|騎手型,0.951184748717074,False,当日傾向型|レース構造型|枠・コース型|メンバー構成型|騎手型,0.797238487887156,False
2022,202205010411,0.7641586305389496,False,,枠・コース型,False,枠・コース型|当日傾向型,False,枠・コース型|当日傾向型|レース構造型,False,枠・コース型,0.4698683219892345,False,レース構造型|メンバー構成型,0.7660940378972121,False,当日傾向型|枠・コース型|騎手型,0.8752993893112024,False,レース構造型|枠・コース型|メンバー構成型|騎手型,0.8962915341764526,False,当日傾向型|レース構造型|枠・コース型|メンバー構成型|騎手型,0.9112177425021504,False,枠・コース型,False,枠・コース型|レース構造型,False,枠・コース型|レース構造型|メンバー構成型,False,枠・コース型,0.5525235464600408,False,レース構造型|枠・コース型,0.7339575776156502,False,当日傾向型|レース構造型|枠・コース型,0.8870069539264869,False,レース構造型|枠・コース型|メンバー構成型|騎手型,0.9416804052086881,False,当日傾向型|レース構造型|枠・コース型|メンバー構成型|騎手型,0.9824336877396557,False
2022,202201010611,0.7641305180905287,False,,騎手型,False,騎手型|メンバー構成型,False,騎手型|メンバー構成型|レース構造型,False,騎手型,0.4574849807359827,False,メンバー構成型|騎手型,0.7229382855229611,False,レース構造型|枠・コース型|メンバー構成型,0.8831093679571249,False,当日傾向型|レース構造型|枠・コース型|メンバー構成型,0.9037854361633281,False,当日傾向型|レース構造型|枠・コース型|メンバー構成型|騎手型,0.9197307722498042,False,レース構造型,False,レース構造型|騎手型,False,レース構造型|騎手型|メンバー構成型,False,レース構造型,0.3556944180051145,False,枠・コース型|メンバー構成型,0.8611939119242583,False,レース構造型|枠・コース型|メンバー構成型,0.9512453826092094,False,当日傾向型|レース構造型|枠・コース型|メンバー構成型,0.9725994858751921,False,当日傾向型|レース構造型|枠・コース型|メンバー構成型|騎手型,0.9576226749446575,False
2022,202201020511,0.7616338504604858,False,,メンバー構成型,False,メンバー構成型|当日傾向型,False,メンバー構成型|当日傾向型|レース構造型,False,メンバー構成型,0.42604612015033183,False,当日傾向型|メンバー構成型,0.7253548127130613,False,枠・コース型|メンバー構成型|騎手型,0.8184350926185744,False,レース構造型|枠・コース型|メンバー構成型|騎手型,0.9524127679839758,False,当日傾向型|レース構造型|枠・コース型|メンバー構成型|騎手型,0.9288903406368618,False,当日傾向型,False,当日傾向型|レース構造型,False,当日傾向型|レース構造型|騎手型,False,当日傾向型,0.6493482325295802,False,当日傾向型|レース構造型,0.731777968280413,False,当日傾向型|枠・コース型|騎手型,0.9235325907168211,False,レース構造型|枠・コース型|メンバー構成型|騎手型,0.8941282598238339,False,当日傾向型|レース構造型|枠・コース型|メンバー構成型|騎手型,0.8718734210445666,False
2022,202206050302,0.75983170138294,False,,メンバー構成型,False,メンバー構成型|当日傾向型,False,メンバー構成型|当日傾向型|枠・コース型,False,メンバー構成型,0.3824739148076597,False,レース構造型|メンバー構成型,0.7691637428940993,False,レース構造型|メンバー構成型|騎手型,0.8585465607046731,False,当日傾向型|レース構造型|メンバー構成型|騎手型,0.9034737508607202,False,当日傾向型|レース構造型|枠・コース型|メンバー構成型|騎手型,0.8433535578090825,False,メンバー構成型,False,メンバー構成型|レース構造型,False,メンバー構成型|レース構造型|騎手型,False,メンバー構成型,0.6764593552714009,False,枠・コース型|メンバー構成型,0.8717048815947561,False,レース構造型|枠・コース型|メンバー構成型,0.9421813264937711,False,レース構造型|枠・コース型|メンバー構成型|騎手型,0.966142905463634,False,当日傾向型|レース構造型|枠・コース型|メンバー構成型|騎手型,0.9826620048437531,False
2022,202205030702,0.7594101902098662,True,騎手型,枠・コース型,False,枠・コース型|レース構造型,False,枠・コース型|レース構造型|騎手型,True,枠・コース型,0.5588426380165097,False,レース構造型|枠・コース型,0.826373987701139,False,レース構造型|枠・コース型|メンバー構成型,0.8713241724769616,False,当日傾向型|レース構造型|枠・コース型|メンバー構成型,0.9474097723717664,False,当日傾向型|レース構造型|枠・コース型|メンバー構成型|騎手型,0.9651987715716297,True,レース構造型,False,レース構造型|枠・コース型,False,レース構造型|枠・コース型|当日傾向型,False,レース構造型,0.5022098258748107,False,レース構造型|メンバー構成型,0.7711374399583536,False,当日傾向型|枠・コース型|騎手型,0.9100945998481247,True,当日傾向型|レース構造型|枠・コース型|騎手型,0.9526713760205134,True,当日傾向型|レース構造型|枠・コース型|メンバー構成型|騎手型,0.8947969503842935,True
2022,202207010806,0.7576991663797442,False,,レース構造型,False,レース構造型|当日傾向型,False,レース構造型|当日傾向型|枠・コース型,False,レース構造型,0.9378481556030244,False,レース構造型|騎手型,0.9600911238507798,False,当日傾向型|レース構造型|メンバー構成型,0.9659963528202881,False,当日傾向型|レース構造型|メンバー構成型|騎手型,0.9648733234925962,False,当日傾向型|レース構造型|枠・コース型|メンバー構成型|騎手型,0.9597528068686128,False,レース構造型,False,レース構造型|メンバー構成型,False,レース構造型|メンバー構成型|当日傾向型,False,レース構造型,0.805936439775618,False,レース構造型|メンバー構成型,0.9370939128309111,False,レース構造型|枠・コース型|メンバー構成型,0.9367332586959494,False,当日傾向型|レース構造型|メンバー構成型|騎手型,0.9493345558068789,False,当日傾向型|レース構造型|枠・コース型|メンバー構成型|騎手型,0.8879665051440968,False
2022,202206020510,0.7555960923439199,False,,レース構造型,False,レース構造型|メンバー構成型,False,レース構造型|メンバー構成型|騎手型,False,レース構造型,0.5469946689277694,False,メンバー構成型|騎手型,0.8083796419071828,False,当日傾向型|メンバー構成型|騎手型,0.893702397425218,False,当日傾向型|レース構造型|メンバー構成型|騎手型,0.9172007326539795,False,当日傾向型|レース構造型|枠・コース型|メンバー構成型|騎手型,0.9563170118390094,False,メンバー構成型,False,メンバー構成型|レース構造型,False,メンバー構成型|レース構造型|当日傾向型,False,メンバー構成型,0.5440096598649269,False,枠・コース型|メンバー構成型,0.8438865381254441,False,レース構造型|枠・コース型|メンバー構成型,0.9202022258290012,False,レース構造型|枠・コース型|メンバー構成型|騎手型,0.9441409393638415,False,当日傾向型|レース構造型|枠・コース型|メンバー構成型|騎手型,0.8902262209037096,False
2022,202202010111,0.7555669595251087,False,,レース構造型,False,レース構造型|当日傾向型,False,レース構造型|当日傾向型|メンバー構成型,False,レース構造型,0.634912045668277,False,レース構造型|メンバー構成型,0.8589677698818655,False,レース構造型|メンバー構成型|騎手型,0.8556769812365487,False,当日傾向型|レース構造型|枠・コース型|騎手型,0.9520086095513571,False,当日傾向型|レース構造型|枠・コース型|メンバー構成型|騎手型,0.9677285778304703,False,レース構造型,False,レース構造型|当日傾向型,False,レース構造型|当日傾向型|メンバー構成型,False,レース構造型,0.6866320500604287,False,当日傾向型|メンバー構成型,0.8738432273419358,False,当日傾向型|メンバー構成型|騎手型,0.9476825799974015,False,当日傾向型|レース構造型|メンバー構成型|騎手型,0.9586054315838355,False,当日傾向型|レース構造型|枠・コース型|メンバー構成型|騎手型,0.9457487625161621,False
2022,202206050110,0.7555092734172784,False,,当日傾向型,False,当日傾向型|メンバー構成型,False,当日傾向型|メンバー構成型|枠・コース型,False,当日傾向型,0.5100665743439073,False,枠・コース型|メンバー構成型,0.6954134226936588,False,当日傾向型|レース構造型|枠・コース型,0.9016295662430391,False,当日傾向型|レース構造型|枠・コース型|メンバー構成型,0.9428789353256496,False,当日傾向型|レース構造型|枠・コース型|メンバー構成型|騎手型,0.9382132717592766,False,メンバー構成型,False,メンバー構成型|レース構造型,False,メンバー構成型|レース構造型|枠・コース型,False,メンバー構成型,0.6018608911939222,False,枠・コース型|メンバー構成型,0.781164160704368,False,当日傾向型|枠・コース型|メンバー構成型,0.9202020465189332,False,レース構造型|枠・コース型|メンバー構成型|騎手型,0.9235475510476104,False,当日傾向型|レース構造型|枠・コース型|メンバー構成型|騎手型,0.950274816885347,False
2022,202209050711,0.7520400868336465,True,レース構造型,枠・コース型,False,枠・コース型|レース構造型,True,枠・コース型|レース構造型|当日傾向型,True,枠・コース型,0.4032838652040988,False,レース構造型|メンバー構成型,0.796102913757137,True,レース構造型|メンバー構成型|騎手型,0.8914294656793254,True,当日傾向型|レース構造型|枠・コース型|メンバー構成型,0.9357895480408025,True,当日傾向型|レース構造型|枠・コース型|メンバー構成型|騎手型,0.9476319272315574,True,レース構造型,True,レース構造型|メンバー構成型,True,レース構造型|メンバー構成型|枠・コース型,True,レース構造型,0.44041642586110696,True,レース構造型|メンバー構成型,0.836383853419012,True,レース構造型|枠・コース型|メンバー構成型,0.9277874735116153,True,当日傾向型|レース構造型|枠・コース型|メンバー構成型,0.910493449299752,True,当日傾向型|レース構造型|枠・コース型|メンバー構成型|騎手型,0.7386561812010921,True
2022,202203010210,0.7516175440303894,False,,当日傾向型,False,当日傾向型|レース構造型,False,当日傾向型|レース構造型|枠・コース型,False,当日傾向型,0.6058927244282417,False,当日傾向型|メンバー構成型,0.8139333117237676,False,枠・コース型|メンバー構成型|騎手型,0.9045719348406763,False,レース構造型|枠・コース型|メンバー構成型|騎手型,0.9295930720473422,False,当日傾向型|レース構造型|枠・コース型|メンバー構成型|騎手型,0.9087755783883823,False,当日傾向型,False,当日傾向型|レース構造型,False,当日傾向型|レース構造型|メンバー構成型,False,当日傾向型,0.4550264202316378,False,レース構造型|枠・コース型,0.7478866640382912,False,当日傾向型|レース構造型|メンバー構成型,0.8732610055768714,False,当日傾向型|レース構造型|メンバー構成型|騎手型,0.888902952930648,False,当日傾向型|レース構造型|枠・コース型|メンバー構成型|騎手型,0.9411712490669132,False
2022,202204040205,0.7507243910109479,True,当日傾向型|レース構造型|枠・コース型,レース構造型,True,レース構造型|当日傾向型,True,レース構造型|当日傾向型|枠・コース型,True,レース構造型,0.9358070181799931,True,レース構造型|騎手型,0.9644335029780466,True,レース構造型|枠・コース型|メンバー構成型,0.9759280404440799,True,当日傾向型|レース構造型|枠・コース型|メンバー構成型,0.9800275785669815,True,当日傾向型|レース構造型|枠・コース型|メンバー構成型|騎手型,0.9802308648789736,True,レース構造型,True,レース構造型|枠・コース型,True,レース構造型|枠・コース型|当日傾向型,True,レース構造型,0.7714932691490801,True,レース構造型|枠・コース型,0.8823877982526805,True,レース構造型|枠・コース型|メンバー構成型,0.9608757401654905,True,当日傾向型|レース構造型|枠・コース型|メンバー構成型,0.9731544229996876,True,当日傾向型|レース構造型|枠・コース型|メンバー構成型|騎手型,0.9688512322486788,True
2022,202209010911,0.7499811971391404,False,,メンバー構成型,False,メンバー構成型|騎手型,False,メンバー構成型|騎手型|枠・コース型,False,メンバー構成型,0.5503132932873657,False,枠・コース型|メンバー構成型,0.766633618927327,False,枠・コース型|メンバー構成型|騎手型,0.9075810865825806,False,レース構造型|枠・コース型|メンバー構成型|騎手型,0.9541690129716685,False,当日傾向型|レース構造型|枠・コース型|メンバー構成型|騎手型,0.9300211697903663,False,メンバー構成型,False,メンバー構成型|レース構造型,False,メンバー構成型|レース構造型|騎手型,False,メンバー構成型,0.6490323429353099,False,レース構造型|メンバー構成型,0.8629334524030489,False,レース構造型|枠・コース型|メンバー構成型,0.9218901734764925,False,当日傾向型|レース構造型|枠・コース型|メンバー構成型,0.9571457159539473,False,当日傾向型|レース構造型|枠・コース型|メンバー構成型|騎手型,0.7202671235091594,False
2022,202206020211,0.7490672986255985,False,,枠・コース型,False,枠・コース型|騎手型,False,枠・コース型|騎手型|レース構造型,False,枠・コース型,0.5702604302289699,False,枠・コース型|騎手型,0.7958155489335995,False,枠・コース型|メンバー構成型|騎手型,0.8838947126950187,False,レース構造型|枠・コース型|メンバー構成型|騎手型,0.9155539313713256,False,当日傾向型|レース構造型|枠・コース型|メンバー構成型|騎手型,0.8873360827179466,False,メンバー構成型,False,メンバー構成型|枠・コース型,False,メンバー構成型|枠・コース型|レース構造型,False,メンバー構成型,0.6920409487676171,False,枠・コース型|メンバー構成型,0.8390128159990233,False,当日傾向型|レース構造型|メンバー構成型,0.9343820579988483,False,当日傾向型|レース構造型|枠・コース型|メンバー構成型,0.9526255990877103,False,当日傾向型|レース構造型|枠・コース型|メンバー構成型|騎手型,0.9766226361379813,False
2022,202207060102,0.7477788372571647,False,,当日傾向型,False,当日傾向型|枠・コース型,False,当日傾向型|枠・コース型|メンバー構成型,False,当日傾向型,0.4379664985074463,False,当日傾向型|騎手型,0.6878252632300322,False,当日傾向型|枠・コース型|騎手型,0.80346879766246,False,当日傾向型|レース構造型|枠・コース型|騎手型,0.8662162760541561,False,当日傾向型|レース構造型|枠・コース型|メンバー構成型|騎手型,0.913238701577125,False,レース構造型,False,レース構造型|当日傾向型,False,レース構造型|当日傾向型|メンバー構成型,False,レース構造型,0.3206398138980011,False,当日傾向型|レース構造型,0.7449415441364386,False,当日傾向型|レース構造型|騎手型,0.7922548868485962,False,当日傾向型|枠・コース型|メンバー構成型|騎手型,0.8776366993948952,False,当日傾向型|レース構造型|枠・コース型|メンバー構成型|騎手型,0.7170953927099316,False
2022,202207020604,0.7473857105127469,False,,メンバー構成型,False,メンバー構成型|レース構造型,False,メンバー構成型|レース構造型|騎手型,False,メンバー構成型,0.5507388038823996,False,レース構造型|メンバー構成型,0.8455574375292133,False,レース構造型|メンバー構成型|騎手型,0.8722902872115076,False,レース構造型|枠・コース型|メンバー構成型|騎手型,0.8991659026249167,False,当日傾向型|レース構造型|枠・コース型|メンバー構成型|騎手型,0.930976962233508,False,レース構造型,False,レース構造型|枠・コース型,False,レース構造型|枠・コース型|当日傾向型,False,レース構造型,0.4556511344016009,False,当日傾向型|レース構造型,0.7201132438156559,False,枠・コース型|メンバー構成型|騎手型,0.8643139105759384,False,当日傾向型|レース構造型|枠・コース型|騎手型,0.9007372559947812,False,当日傾向型|レース構造型|枠・コース型|メンバー構成型|騎手型,0.88156705006481,False
2022,202205030311,0.7462517423480743,False,,枠・コース型,False,枠・コース型|メンバー構成型,False,枠・コース型|メンバー構成型|レース構造型,False,枠・コース型,0.677732553467786,False,枠・コース型|メンバー構成型,0.8150387498883911,False,レース構造型|枠・コース型|メンバー構成型,0.8828136277009992,False,レース構造型|枠・コース型|メンバー構成型|騎手型,0.8962251627284871,False,当日傾向型|レース構造型|枠・コース型|メンバー構成型|騎手型,0.6769342899658881,False,レース構造型,False,レース構造型|メンバー構成型,False,レース構造型|メンバー構成型|枠・コース型,False,レース構造型,0.6387088545805297,False,当日傾向型|レース構造型,0.8278702754439933,False,レース構造型|枠・コース型|メンバー構成型,0.9591238678386831,False,レース構造型|枠・コース型|メンバー構成型|騎手型,0.9673214042017663,False,当日傾向型|レース構造型|枠・コース型|メンバー構成型|騎手型,0.9455380974112523,False
2022,202207050507,0.7462001527106558,False,,レース構造型,False,レース構造型|メンバー構成型,False,レース構造型|メンバー構成型|枠・コース型,False,レース構造型,0.4959826943794558,False,当日傾向型|レース構造型,0.8663427825314745,False,当日傾向型|レース構造型|メンバー構成型,0.952339248988076,False,当日傾向型|レース構造型|メンバー構成型|騎手型,0.92624295489268,False,当日傾向型|レース構造型|枠・コース型|メンバー構成型|騎手型,0.8651863182505977,False,レース構造型,False,レース構造型|メンバー構成型,False,レース構造型|メンバー構成型|当日傾向型,False,レース構造型,0.45697160908824647,False,当日傾向型|メンバー構成型,0.8137872083926377,False,当日傾向型|レース構造型|メンバー構成型,0.9421470781191509,False,当日傾向型|レース構造型|メンバー構成型|騎手型,0.9330402042995324,False,当日傾向型|レース構造型|枠・コース型|メンバー構成型|騎手型,0.9532390876952483,False
2022,202206010511,0.7424259666352416,False,,当日傾向型,False,当日傾向型|レース構造型,False,当日傾向型|レース構造型|メンバー構成型,False,当日傾向型,0.5117377692242575,False,当日傾向型|騎手型,0.8461350315588262,False,当日傾向型|メンバー構成型|騎手型,0.9348977113358474,False,当日傾向型|枠・コース型|メンバー構成型|騎手型,0.947866038672194,False,当日傾向型|レース構造型|枠・コース型|メンバー構成型|騎手型,0.9523446236234068,False,当日傾向型,False,当日傾向型|レース構造型,False,当日傾向型|レース構造型|騎手型,False,当日傾向型,0.43521423317886015,False,枠・コース型|メンバー構成型,0.8067916994360587,False,レース構造型|枠・コース型|メンバー構成型,0.915110906403315,False,当日傾向型|レース構造型|枠・コース型|メンバー構成型,0.9406666519434254,False,当日傾向型|レース構造型|枠・コース型|メンバー構成型|騎手型,0.969112507749761,False
2022,202204020311,0.7420738939612009,True,当日傾向型|レース構造型,枠・コース型,False,枠・コース型|レース構造型,True,枠・コース型|レース構造型|当日傾向型,True,枠・コース型,0.6048879966666584,False,枠・コース型|メンバー構成型,0.7998298855550393,False,レース構造型|枠・コース型|メンバー構成型,0.9055494852757587,True,レース構造型|枠・コース型|メンバー構成型|騎手型,0.9542023772219842,True,当日傾向型|レース構造型|枠・コース型|メンバー構成型|騎手型,0.9313554967919306,True,枠・コース型,False,枠・コース型|レース構造型,True,枠・コース型|レース構造型|当日傾向型,True,枠・コース型,0.43117552643994705,False,レース構造型|メンバー構成型,0.7600581056087761,True,当日傾向型|枠・コース型|メンバー構成型,0.9301680553616756,True,レース構造型|枠・コース型|メンバー構成型|騎手型,0.925647251130121,True,当日傾向型|レース構造型|枠・コース型|メンバー構成型|騎手型,0.9133197579698152,True
2022,202205010109,0.7402725892132637,True,当日傾向型|レース構造型|メンバー構成型,枠・コース型,False,枠・コース型|レース構造型,True,枠・コース型|レース構造型|メンバー構成型,True,枠・コース型,0.44004497381969077,False,当日傾向型|レース構造型,0.7782930568976935,True,レース構造型|メンバー構成型|騎手型,0.8551267898906842,True,レース構造型|枠・コース型|メンバー構成型|騎手型,0.9461401930209199,True,当日傾向型|レース構造型|枠・コース型|メンバー構成型|騎手型,0.9112383301727437,True,レース構造型,True,レース構造型|当日傾向型,True,レース構造型|当日傾向型|メンバー構成型,True,レース構造型,0.46781486552626445,True,当日傾向型|レース構造型,0.7832395005990694,True,当日傾向型|レース構造型|枠・コース型,0.8695749514243113,True,当日傾向型|レース構造型|枠・コース型|騎手型,0.9204044669878599,True,当日傾向型|レース構造型|枠・コース型|メンバー構成型|騎手型,0.9584474185266523,True
2022,202203010111,0.7394998195828822,False,,メンバー構成型,False,メンバー構成型|レース構造型,False,メンバー構成型|レース構造型|枠・コース型,False,メンバー構成型,0.602142503902292,False,枠・コース型|メンバー構成型,0.826039049052083,False,レース構造型|枠・コース型|騎手型,0.9268509596555813,False,当日傾向型|レース構造型|枠・コース型|騎手型,0.9676103177068909,False,当日傾向型|レース構造型|枠・コース型|メンバー構成型|騎手型,0.9746590638769236,False,メンバー構成型,False,メンバー構成型|レース構造型,False,メンバー構成型|レース構造型|当日傾向型,False,メンバー構成型,0.6732151834266491,False,レース構造型|メンバー構成型,0.8261114991690323,False,当日傾向型|メンバー構成型|騎手型,0.9100603421941147,False,当日傾向型|レース構造型|メンバー構成型|騎手型,0.9610990184666665,False,当日傾向型|レース構造型|枠・コース型|メンバー構成型|騎手型,0.9489131181611681,False
2022,202209040110,0.7375682530478225,False,,当日傾向型,False,当日傾向型|レース構造型,False,当日傾向型|レース構造型|枠・コース型,False,当日傾向型,0.6733992232580014,False,当日傾向型|レース構造型,0.7607072339014909,False,当日傾向型|レース構造型|メンバー構成型,0.8791533411463721,False,当日傾向型|レース構造型|枠・コース型|メンバー構成型,0.8541746177674746,False,当日傾向型|レース構造型|枠・コース型|メンバー構成型|騎手型,0.9066319221011284,False,当日傾向型,False,当日傾向型|レース構造型,False,当日傾向型|レース構造型|枠・コース型,False,当日傾向型,0.5912405410785396,False,当日傾向型|レース構造型,0.8746205348751761,False,レース構造型|メンバー構成型|騎手型,0.8770088178574883,False,当日傾向型|レース構造型|メンバー構成型|騎手型,0.8794474150396547,False,当日傾向型|レース構造型|枠・コース型|メンバー構成型|騎手型,0.9321804585180786,False
2022,202205010711,0.7374107644503626,False,,レース構造型,False,レース構造型|当日傾向型,False,レース構造型|当日傾向型|メンバー構成型,False,レース構造型,0.42779655830027324,False,枠・コース型|メンバー構成型,0.8023902817354526,False,レース構造型|枠・コース型|騎手型,0.8753473047417767,False,レース構造型|枠・コース型|メンバー構成型|騎手型,0.9493297259545449,False,当日傾向型|レース構造型|枠・コース型|メンバー構成型|騎手型,0.86905214736415,False,メンバー構成型,False,メンバー構成型|当日傾向型,False,メンバー構成型|当日傾向型|レース構造型,False,メンバー構成型,0.4756421219411322,False,枠・コース型|メンバー構成型,0.8830740242637983,False,枠・コース型|メンバー構成型|騎手型,0.9133349577738511,False,レース構造型|枠・コース型|メンバー構成型|騎手型,0.9612417092383861,False,当日傾向型|レース構造型|枠・コース型|メンバー構成型|騎手型,0.9231233858173057,False
2022,202201010608,0.7370602052777157,True,メンバー構成型,メンバー構成型,True,メンバー構成型|枠・コース型,True,メンバー構成型|枠・コース型|レース構造型,True,メンバー構成型,0.41158370748628953,True,レース構造型|枠・コース型,0.6963184193462476,False,レース構造型|枠・コース型|メンバー構成型,0.850999467551899,True,当日傾向型|レース構造型|枠・コース型|メンバー構成型,0.8560238400811369,True,当日傾向型|レース構造型|枠・コース型|メンバー構成型|騎手型,0.84052273491536,True,レース構造型,False,レース構造型|枠・コース型,False,レース構造型|枠・コース型|当日傾向型,False,レース構造型,0.6795143636308754,False,当日傾向型|レース構造型,0.8107785202374452,False,レース構造型|枠・コース型|メンバー構成型,0.9326391606023074,True,レース構造型|枠・コース型|メンバー構成型|騎手型,0.9434056833820312,True,当日傾向型|レース構造型|枠・コース型|メンバー構成型|騎手型,0.9204284441642261,True
2022,202203030111,0.7359456894004051,False,,メンバー構成型,False,メンバー構成型|レース構造型,False,メンバー構成型|レース構造型|当日傾向型,False,メンバー構成型,0.5490660562223081,False,レース構造型|メンバー構成型,0.826466925939053,False,レース構造型|メンバー構成型|騎手型,0.750228551941911,False,当日傾向型|レース構造型|枠・コース型|メンバー構成型,0.7818587294977285,False,当日傾向型|レース構造型|枠・コース型|メンバー構成型|騎手型,0.7148067386171645,False,レース構造型,False,レース構造型|メンバー構成型,False,レース構造型|メンバー構成型|騎手型,False,レース構造型,0.6523263298464065,False,当日傾向型|メンバー構成型,0.8113865171703748,False,レース構造型|枠・コース型|メンバー構成型,0.9162126817004743,False,当日傾向型|レース構造型|枠・コース型|メンバー構成型,0.9434819585599105,False,当日傾向型|レース構造型|枠・コース型|メンバー構成型|騎手型,0.8787895212188931,False
2022,202204010507,0.7345443905081515,True,当日傾向型|枠・コース型|メンバー構成型,レース構造型,False,レース構造型|騎手型,False,レース構造型|騎手型|メンバー構成型,True,レース構造型,0.6543419355070056,False,レース構造型|メンバー構成型,0.784882566737903,True,当日傾向型|レース構造型|メンバー構成型,0.862685056334965,True,当日傾向型|レース構造型|枠・コース型|メンバー構成型,0.9611649260363136,True,当日傾向型|レース構造型|枠・コース型|メンバー構成型|騎手型,0.9137125278047408,True,メンバー構成型,True,メンバー構成型|枠・コース型,True,メンバー構成型|枠・コース型|騎手型,True,メンバー構成型,0.44187603891155725,True,レース構造型|騎手型,0.6191312486859641,False,当日傾向型|枠・コース型|メンバー構成型,0.8042853907448655,True,レース構造型|枠・コース型|メンバー構成型|騎手型,0.8229109882202968,True,当日傾向型|レース構造型|枠・コース型|メンバー構成型|騎手型,0.7663387000685705,True
2022,202210010712,0.7343014814980013,True,枠・コース型|メンバー構成型|騎手型,レース構造型,False,レース構造型|当日傾向型,False,レース構造型|当日傾向型|メンバー構成型,True,レース構造型,0.7737373383079678,False,当日傾向型|レース構造型,0.8689747732579043,False,当日傾向型|レース構造型|メンバー構成型,0.9184243310681508,True,当日傾向型|レース構造型|枠・コース型|メンバー構成型,0.9585643168336528,True,当日傾向型|レース構造型|枠・コース型|メンバー構成型|騎手型,0.9575337659415509,True,レース構造型,False,レース構造型|枠・コース型,True,レース構造型|枠・コース型|騎手型,True,レース構造型,0.633713714700489,False,当日傾向型|レース構造型,0.8608216170300939,False,当日傾向型|レース構造型|枠・コース型,0.9604476210730358,True,当日傾向型|レース構造型|枠・コース型|騎手型,0.9835970130539161,True,当日傾向型|レース構造型|枠・コース型|メンバー構成型|騎手型,0.980064503472315,True
2022,202205020309,0.7328174608593595,True,レース構造型,メンバー構成型,False,メンバー構成型|レース構造型,True,メンバー構成型|レース構造型|騎手型,True,メンバー構成型,0.5129675349443611,False,枠・コース型|メンバー構成型,0.7260296789643379,False,枠・コース型|メンバー構成型|騎手型,0.7967491109616093,False,レース構造型|枠・コース型|メンバー構成型|騎手型,0.9057614918912289,True,当日傾向型|レース構造型|枠・コース型|メンバー構成型|騎手型,0.8369352908687472,True,レース構造型,True,レース構造型|メンバー構成型,True,レース構造型|メンバー構成型|枠・コース型,True,レース構造型,0.37644408907145127,True,当日傾向型|メンバー構成型,0.8543483718811503,False,レース構造型|枠・コース型|メンバー構成型,0.9110449253915194,True,当日傾向型|レース構造型|枠・コース型|メンバー構成型,0.9654991356872443,True,当日傾向型|レース構造型|枠・コース型|メンバー構成型|騎手型,0.9460352477284745,True
2022,202202010107,0.7299920644489695,False,,レース構造型,False,レース構造型|メンバー構成型,False,レース構造型|メンバー構成型|当日傾向型,False,レース構造型,0.7323100556711757,False,レース構造型|メンバー構成型,0.8574993110435031,False,レース構造型|枠・コース型|メンバー構成型,0.9416172410893673,False,当日傾向型|レース構造型|枠・コース型|メンバー構成型,0.9277084086332646,False,当日傾向型|レース構造型|枠・コース型|メンバー構成型|騎手型,0.9433059261196304,False,メンバー構成型,False,メンバー構成型|レース構造型,False,メンバー構成型|レース構造型|枠・コース型,False,メンバー構成型,0.5814091419673464,False,レース構造型|枠・コース型,0.8359485297865312,False,当日傾向型|レース構造型|枠・コース型,0.9354917424095657,False,当日傾向型|レース構造型|枠・コース型|メンバー構成型,0.9522584504919319,False,当日傾向型|レース構造型|枠・コース型|メンバー構成型|騎手型,0.9634969570503309,False
2022,202206050909,0.728854996964411,False,,当日傾向型,False,当日傾向型|枠・コース型,False,当日傾向型|枠・コース型|メンバー構成型,False,当日傾向型,0.5182893851158924,False,枠・コース型|メンバー構成型,0.8353849499544233,False,枠・コース型|メンバー構成型|騎手型,0.8801659125459845,False,レース構造型|枠・コース型|メンバー構成型|騎手型,0.8958449240714862,False,当日傾向型|レース構造型|枠・コース型|メンバー構成型|騎手型,0.7135303372184794,False,メンバー構成型,False,メンバー構成型|当日傾向型,False,メンバー構成型|当日傾向型|枠・コース型,False,メンバー構成型,0.41289902117128363,False,枠・コース型|メンバー構成型,0.8398983186248771,False,レース構造型|枠・コース型|メンバー構成型,0.900723719588974,False,レース構造型|枠・コース型|メンバー構成型|騎手型,0.9214635657119794,False,当日傾向型|レース構造型|枠・コース型|メンバー構成型|騎手型,0.8678340904040291,False
2022,202209060208,0.7286219574971058,False,,メンバー構成型,False,メンバー構成型|レース構造型,False,メンバー構成型|レース構造型|当日傾向型,False,メンバー構成型,0.6332018898955613,False,当日傾向型|メンバー構成型,0.8294491043070414,False,当日傾向型|レース構造型|メンバー構成型,0.8913993879312124,False,レース構造型|枠・コース型|メンバー構成型|騎手型,0.8823106086736944,False,当日傾向型|レース構造型|枠・コース型|メンバー構成型|騎手型,0.8962270438740332,False,レース構造型,False,レース構造型|メンバー構成型,False,レース構造型|メンバー構成型|枠・コース型,False,レース構造型,0.7691887127227353,False,当日傾向型|レース構造型,0.8703359080220423,False,当日傾向型|レース構造型|メンバー構成型,0.928030819716972,False,当日傾向型|レース構造型|メンバー構成型|騎手型,0.9376497255502846,False,当日傾向型|レース構造型|枠・コース型|メンバー構成型|騎手型,0.9577224850752002,False
2022,202203020105,0.7280672179233468,False,,レース構造型,False,レース構造型|当日傾向型,False,レース構造型|当日傾向型|メンバー構成型,False,レース構造型,0.9574612634841451,False,レース構造型|騎手型,0.972869618055844,False,当日傾向型|レース構造型|枠・コース型,0.9756680294259755,False,当日傾向型|レース構造型|メンバー構成型|騎手型,0.9816688734084226,False,当日傾向型|レース構造型|枠・コース型|メンバー構成型|騎手型,0.9811104081018823,False,レース構造型,False,レース構造型|枠・コース型,False,レース構造型|枠・コース型|メンバー構成型,False,レース構造型,0.8078927750432975,False,レース構造型|騎手型,0.9331239581327095,False,当日傾向型|レース構造型|メンバー構成型,0.958116310625123,False,レース構造型|枠・コース型|メンバー構成型|騎手型,0.9741988926725021,False,当日傾向型|レース構造型|枠・コース型|メンバー構成型|騎手型,0.9781127776804223,False
2022,202209060304,0.7261715311669311,True,レース構造型|騎手型,メンバー構成型,False,メンバー構成型|レース構造型,True,メンバー構成型|レース構造型|騎手型,True,メンバー構成型,0.6736781345866171,False,レース構造型|騎手型,0.7831725059027186,True,レース構造型|枠・コース型|騎手型,0.8671608973974502,True,レース構造型|枠・コース型|メンバー構成型|騎手型,0.9248959400254128,True,当日傾向型|レース構造型|枠・コース型|メンバー構成型|騎手型,0.8594425596214225,True,メンバー構成型,False,メンバー構成型|騎手型,True,メンバー構成型|騎手型|レース構造型,True,メンバー構成型,0.3321510026185661,False,レース構造型|騎手型,0.7573803642564698,True,レース構造型|枠・コース型|騎手型,0.928220457259528,True,当日傾向型|枠・コース型|メンバー構成型|騎手型,0.9472899433145865,True,当日傾向型|レース構造型|枠・コース型|メンバー構成型|騎手型,0.8848099093105642,True
2022,202203010109,0.725546667746745,False,,メンバー構成型,False,メンバー構成型|レース構造型,False,メンバー構成型|レース構造型|当日傾向型,False,メンバー構成型,0.5597033968560509,False,レース構造型|メンバー構成型,0.8595353030116349,False,当日傾向型|レース構造型|メンバー構成型,0.9057933201318283,False,当日傾向型|レース構造型|枠・コース型|メンバー構成型,0.7884855062401722,False,当日傾向型|レース構造型|枠・コース型|メンバー構成型|騎手型,0.7565610438437531,False,メンバー構成型,False,メンバー構成型|レース構造型,False,メンバー構成型|レース構造型|枠・コース型,False,メンバー構成型,0.36491422693610204,False,枠・コース型|メンバー構成型,0.7422239635122058,False,当日傾向型|レース構造型|メンバー構成型,0.7803902451486064,False,当日傾向型|レース構造型|枠・コース型|メンバー構成型,0.8172593594624877,False,当日傾向型|レース構造型|枠・コース型|メンバー構成型|騎手型,0.7682327503663046,False
2022,202210040411,0.7254267953836643,True,,レース構造型,False,レース構造型|当日傾向型,False,レース構造型|当日傾向型|枠・コース型,False,レース構造型,0.6467596869465528,False,当日傾向型|騎手型,0.8742384319381928,False,レース構造型|枠・コース型|メンバー構成型,0.8931233440006885,False,当日傾向型|枠・コース型|メンバー構成型|騎手型,0.9547729456009659,False,当日傾向型|レース構造型|枠・コース型|メンバー構成型|騎手型,0.9461794813960694,False,メンバー構成型,False,メンバー構成型|レース構造型,False,メンバー構成型|レース構造型|当日傾向型,False,メンバー構成型,0.5556330314180796,False,枠・コース型|メンバー構成型,0.8483689224896208,False,レース構造型|枠・コース型|メンバー構成型,0.9287225476159666,False,レース構造型|枠・コース型|メンバー構成型|騎手型,0.9510706961756716,False,当日傾向型|レース構造型|枠・コース型|メンバー構成型|騎手型,0.9625026108798743,False
2022,202209050804,0.7252004453508043,False,,レース構造型,False,レース構造型|メンバー構成型,False,レース構造型|メンバー構成型|枠・コース型,False,レース構造型,0.9545958939934999,False,レース構造型|メンバー構成型,0.9581039718837421,False,レース構造型|枠・コース型|メンバー構成型,0.9721790032329234,False,当日傾向型|レース構造型|枠・コース型|メンバー構成型,0.9747077182501926,False,当日傾向型|レース構造型|枠・コース型|メンバー構成型|騎手型,0.9747117484973582,False,レース構造型,False,レース構造型|枠・コース型,False,レース構造型|枠・コース型|メンバー構成型,False,レース構造型,0.8727055053849854,False,レース構造型|メンバー構成型,0.9261622570872519,False,当日傾向型|レース構造型|メンバー構成型,0.9560409393494405,False,当日傾向型|レース構造型|枠・コース型|メンバー構成型,0.965886186978957,False,当日傾向型|レース構造型|枠・コース型|メンバー構成型|騎手型,0.9629031026962265,False
2022,202210020411,0.7238726421634589,False,,枠・コース型,False,枠・コース型|騎手型,False,枠・コース型|騎手型|当日傾向型,False,枠・コース型,0.5291714556465547,False,当日傾向型|騎手型,0.789203353793255,False,当日傾向型|レース構造型|メンバー構成型,0.9070457120399853,False,当日傾向型|レース構造型|メンバー構成型|騎手型,0.9205253372487598,False,当日傾向型|レース構造型|枠・コース型|メンバー構成型|騎手型,0.8431361536383374,False,当日傾向型,False,当日傾向型|枠・コース型,False,当日傾向型|枠・コース型|メンバー構成型,False,当日傾向型,0.5328101558408844,False,当日傾向型|騎手型,0.7425447276567105,False,レース構造型|枠・コース型|騎手型,0.9141472706082349,False,レース構造型|枠・コース型|メンバー構成型|騎手型,0.921482902566329,False,当日傾向型|レース構造型|枠・コース型|メンバー構成型|騎手型,0.8541117520423515,False
2022,202207030611,0.7236557298766478,False,,騎手型,False,騎手型|枠・コース型,False,騎手型|枠・コース型|レース構造型,False,騎手型,0.5164616501890938,False,メンバー構成型|騎手型,0.5928326146111174,False,枠・コース型|メンバー構成型|騎手型,0.7691990861927733,False,レース構造型|枠・コース型|メンバー構成型|騎手型,0.8590743769332976,False,当日傾向型|レース構造型|枠・コース型|メンバー構成型|騎手型,0.8245333805094468,False,レース構造型,False,レース構造型|枠・コース型,False,レース構造型|枠・コース型|メンバー構成型,False,レース構造型,0.680661710019558,False,レース構造型|メンバー構成型,0.836038341974621,False,レース構造型|メンバー構成型|騎手型,0.8885627740284946,False,レース構造型|枠・コース型|メンバー構成型|騎手型,0.8848324214304844,False,当日傾向型|レース構造型|枠・コース型|メンバー構成型|騎手型,0.7530167729994952,False
2022,202201010609,0.7234942890142594,False,,枠・コース型,False,枠・コース型|当日傾向型,False,枠・コース型|当日傾向型|メンバー構成型,False,枠・コース型,0.49301189488673786,False,当日傾向型|騎手型,0.6585695703792321,False,レース構造型|枠・コース型|騎手型,0.7928364024282321,False,レース構造型|枠・コース型|メンバー構成型|騎手型,0.8931730980423209,False,当日傾向型|レース構造型|枠・コース型|メンバー構成型|騎手型,0.8763760180784399,False,枠・コース型,False,枠・コース型|レース構造型,False,枠・コース型|レース構造型|当日傾向型,False,枠・コース型,0.42978224042773694,False,レース構造型|枠・コース型,0.8595749418373994,False,当日傾向型|レース構造型|枠・コース型,0.8596783395861234,False,当日傾向型|レース構造型|枠・コース型|騎手型,0.9663320329449075,False,当日傾向型|レース構造型|枠・コース型|メンバー構成型|騎手型,0.9663608402552785,False
2022,202209050710,0.7211358676878014,False,,枠・コース型,False,枠・コース型|メンバー構成型,False,枠・コース型|メンバー構成型|当日傾向型,False,枠・コース型,0.43228578280787816,False,当日傾向型|メンバー構成型,0.6691490130248797,False,レース構造型|枠・コース型|騎手型,0.7894413175286402,False,レース構造型|枠・コース型|メンバー構成型|騎手型,0.8881676207412847,False,当日傾向型|レース構造型|枠・コース型|メンバー構成型|騎手型,0.8720767715741529,False,メンバー構成型,False,メンバー構成型|レース構造型,False,メンバー構成型|レース構造型|枠・コース型,False,メンバー構成型,0.47573244343292975,False,当日傾向型|枠・コース型,0.8182527035412833,False,当日傾向型|レース構造型|枠・コース型,0.9383802280365947,False,当日傾向型|レース構造型|枠・コース型|メンバー構成型,0.9800047890965075,False,当日傾向型|レース構造型|枠・コース型|メンバー構成型|騎手型,0.9718950370349476,False
2022,202204020406,0.7191742593325027,True,当日傾向型|レース構造型|メンバー構成型,レース構造型,True,レース構造型|当日傾向型,True,レース構造型|当日傾向型|枠・コース型,True,レース構造型,0.9448275420464322,True,レース構造型|メンバー構成型,0.9579874098527693,True,レース構造型|枠・コース型|メンバー構成型,0.9669743119985387,True,当日傾向型|レース構造型|枠・コース型|メンバー構成型,0.9816561106906395,True,当日傾向型|レース構造型|枠・コース型|メンバー構成型|騎手型,0.9668383123035255,True,レース構造型,True,レース構造型|当日傾向型,True,レース構造型|当日傾向型|枠・コース型,True,レース構造型,0.8943636329933791,True,レース構造型|枠・コース型,0.9484724011580028,True,レース構造型|枠・コース型|メンバー構成型,0.9603563199803579,True,当日傾向型|レース構造型|枠・コース型|メンバー構成型,0.9789487442992051,True,当日傾向型|レース構造型|枠・コース型|メンバー構成型|騎手型,0.9619330810177744,True
2022,202205050411,0.7184853765603226,False,,枠・コース型,False,枠・コース型|レース構造型,False,枠・コース型|レース構造型|当日傾向型,False,枠・コース型,0.5718838061689832,False,枠・コース型|メンバー構成型,0.7070277553367263,False,レース構造型|枠・コース型|メンバー構成型,0.8811944504797519,False,当日傾向型|レース構造型|枠・コース型|メンバー構成型,0.9024624114150046,False,当日傾向型|レース構造型|枠・コース型|メンバー構成型|騎手型,0.8808887385081342,False,枠・コース型,False,枠・コース型|当日傾向型,False,枠・コース型|当日傾向型|レース構造型,False,枠・コース型,0.4174729122767395,False,枠・コース型|騎手型,0.6772156480323099,False,枠・コース型|メンバー構成型|騎手型,0.8042793078176304,False,当日傾向型|レース構造型|枠・コース型|騎手型,0.7267175340222065,False,当日傾向型|レース構造型|枠・コース型|メンバー構成型|騎手型,0.6499555165234272,False
2022,202204020206,0.7184816582784633,False,,レース構造型,False,レース構造型|枠・コース型,False,レース構造型|枠・コース型|当日傾向型,False,レース構造型,0.955171659073623,False,レース構造型|騎手型,0.9648869579566762,False,当日傾向型|レース構造型|メンバー構成型,0.9748842214739337,False,当日傾向型|レース構造型|枠・コース型|メンバー構成型,0.9837901184707919,False,当日傾向型|レース構造型|枠・コース型|メンバー構成型|騎手型,0.9754690543348393,False,レース構造型,False,レース構造型|枠・コース型,False,レース構造型|枠・コース型|当日傾向型,False,レース構造型,0.8470849952383668,False,レース構造型|メンバー構成型,0.9360491623780538,False,レース構造型|枠・コース型|メンバー構成型,0.9727749542651621,False,当日傾向型|レース構造型|枠・コース型|メンバー構成型,0.9820745902997837,False,当日傾向型|レース構造型|枠・コース型|メンバー構成型|騎手型,0.9745335470606404,False
2022,202209010608,0.7176911633505777,False,,枠・コース型,False,枠・コース型|メンバー構成型,False,枠・コース型|メンバー構成型|レース構造型,False,枠・コース型,0.5471781726124831,False,枠・コース型|騎手型,0.8007585069581244,False,当日傾向型|枠・コース型|メンバー構成型,0.8338827892374896,False,当日傾向型|レース構造型|枠・コース型|メンバー構成型,0.8883790295452065,False,当日傾向型|レース構造型|枠・コース型|メンバー構成型|騎手型,0.7884467076017663,False,レース構造型,False,レース構造型|当日傾向型,False,レース構造型|当日傾向型|メンバー構成型,False,レース構造型,0.5613729325606145,False,当日傾向型|レース構造型,0.899176619022124,False,当日傾向型|レース構造型|枠・コース型,0.935748812535254,False,当日傾向型|レース構造型|枠・コース型|騎手型,0.9733118478241614,False,当日傾向型|レース構造型|枠・コース型|メンバー構成型|騎手型,0.9715443222064258,False
2022,202209050102,0.7167707960336264,False,,当日傾向型,False,当日傾向型|騎手型,False,当日傾向型|騎手型|枠・コース型,False,当日傾向型,0.8258087271192289,False,当日傾向型|騎手型,0.8791058976616405,False,当日傾向型|レース構造型|メンバー構成型,0.8937705053786247,False,当日傾向型|レース構造型|枠・コース型|メンバー構成型,0.9096860853715504,False,当日傾向型|レース構造型|枠・コース型|メンバー構成型|騎手型,0.9463058932103843,False,当日傾向型,False,当日傾向型|枠・コース型,False,当日傾向型|枠・コース型|メンバー構成型,False,当日傾向型,0.7251820404492789,False,当日傾向型|枠・コース型,0.9515362568363621,False,当日傾向型|枠・コース型|メンバー構成型,0.9064983597220189,False,当日傾向型|レース構造型|枠・コース型|メンバー構成型,0.9773845012619855,False,当日傾向型|レース構造型|枠・コース型|メンバー構成型|騎手型,0.9527364751893863,False
2022,202204010707,0.7159438816210133,False,,メンバー構成型,False,メンバー構成型|レース構造型,False,メンバー構成型|レース構造型|騎手型,False,メンバー構成型,0.3999402528213999,False,レース構造型|枠・コース型,0.7173899225453327,False,当日傾向型|レース構造型|枠・コース型,0.9001947690196969,False,レース構造型|枠・コース型|メンバー構成型|騎手型,0.9258011302829969,False,当日傾向型|レース構造型|枠・コース型|メンバー構成型|騎手型,0.9369135038340489,False,当日傾向型,False,当日傾向型|レース構造型,False,当日傾向型|レース構造型|枠・コース型,False,当日傾向型,0.629599670743198,False,レース構造型|枠・コース型,0.9067801040026469,False,レース構造型|枠・コース型|メンバー構成型,0.9681291389837822,False,当日傾向型|レース構造型|枠・コース型|騎手型,0.966879626240784,False,当日傾向型|レース構造型|枠・コース型|メンバー構成型|騎手型,0.9709453786370842,False
2022,202210040710,0.7156237457550045,False,,枠・コース型,False,枠・コース型|当日傾向型,False,枠・コース型|当日傾向型|メンバー構成型,False,枠・コース型,0.6275754405579426,False,枠・コース型|メンバー構成型,0.7666000047555414,False,枠・コース型|メンバー構成型|騎手型,0.8631455220485956,False,レース構造型|枠・コース型|メンバー構成型|騎手型,0.7438137535617233,False,当日傾向型|レース構造型|枠・コース型|メンバー構成型|騎手型,0.618654237271673,False,枠・コース型,False,枠・コース型|レース構造型,False,枠・コース型|レース構造型|メンバー構成型,False,枠・コース型,0.44702237017623947,False,枠・コース型|メンバー構成型,0.8076756648108604,False,当日傾向型|枠・コース型|騎手型,0.9235979588711198,False,当日傾向型|レース構造型|枠・コース型|騎手型,0.9315593016852255,False,当日傾向型|レース構造型|枠・コース型|メンバー構成型|騎手型,0.8988612210989868,False
2022,202207050310,0.7154781244862543,False,,当日傾向型,False,当日傾向型|メンバー構成型,False,当日傾向型|メンバー構成型|枠・コース型,False,当日傾向型,0.6404593462736794,False,枠・コース型|騎手型,0.7638973378604728,False,レース構造型|枠・コース型|騎手型,0.8677547582368301,False,当日傾向型|レース構造型|枠・コース型|騎手型,0.9226819764561089,False,当日傾向型|レース構造型|枠・コース型|メンバー構成型|騎手型,0.9302338442547321,False,当日傾向型,False,当日傾向型|枠・コース型,False,当日傾向型|枠・コース型|レース構造型,False,当日傾向型,0.7603459176324824,False,当日傾向型|レース構造型,0.7821740722638455,False,当日傾向型|枠・コース型|メンバー構成型,0.869003054077496,False,当日傾向型|レース構造型|枠・コース型|メンバー構成型,0.9542805104506864,False,当日傾向型|レース構造型|枠・コース型|メンバー構成型|騎手型,0.9484620913430822,False
2022,202205050512,0.7154608927869365,False,,当日傾向型,False,当日傾向型|レース構造型,False,当日傾向型|レース構造型|メンバー構成型,False,当日傾向型,0.7493514086846551,False,当日傾向型|メンバー構成型,0.813621681522565,False,レース構造型|枠・コース型|騎手型,0.8827331091736145,False,当日傾向型|レース構造型|枠・コース型|騎手型,0.8942040716037223,False,当日傾向型|レース構造型|枠・コース型|メンバー構成型|騎手型,0.9160972518263625,False,当日傾向型,False,当日傾向型|枠・コース型,False,当日傾向型|枠・コース型|レース構造型,False,当日傾向型,0.7665932803896917,False,レース構造型|枠・コース型,0.943898057522944,False,レース構造型|枠・コース型|メンバー構成型,0.9337531729341118,False,当日傾向型|レース構造型|枠・コース型|メンバー構成型,0.968713925747812,False,当日傾向型|レース構造型|枠・コース型|メンバー構成型|騎手型,0.9718310652758713,False
2022,202210010208,0.7138016890068599,False,,当日傾向型,False,当日傾向型|騎手型,False,当日傾向型|騎手型|枠・コース型,False,当日傾向型,0.593957511397741,False,当日傾向型|レース構造型,0.6880155053804764,False,当日傾向型|レース構造型|枠・コース型,0.8207685132770457,False,当日傾向型|レース構造型|枠・コース型|メンバー構成型,0.9374303003023254,False,当日傾向型|レース構造型|枠・コース型|メンバー構成型|騎手型,0.974017782904403,False,レース構造型,False,レース構造型|枠・コース型,False,レース構造型|枠・コース型|メンバー構成型,False,レース構造型,0.4595404377898668,False,枠・コース型|騎手型,0.7454496406983939,False,レース構造型|枠・コース型|メンバー構成型,0.9003415597876214,False,当日傾向型|レース構造型|メンバー構成型|騎手型,0.9574739175525215,False,当日傾向型|レース構造型|枠・コース型|メンバー構成型|騎手型,0.9750850904657664,False
2022,202205040512,0.7132115072893301,False,,枠・コース型,False,枠・コース型|当日傾向型,False,枠・コース型|当日傾向型|レース構造型,False,枠・コース型,0.5808462691006089,False,当日傾向型|枠・コース型,0.7740139512419612,False,当日傾向型|レース構造型|メンバー構成型,0.8432564134738512,False,当日傾向型|レース構造型|枠・コース型|メンバー構成型,0.9045737234423411,False,当日傾向型|レース構造型|枠・コース型|メンバー構成型|騎手型,0.9398165626542201,False,枠・コース型,False,枠・コース型|レース構造型,False,枠・コース型|レース構造型|メンバー構成型,False,枠・コース型,0.4439693734338195,False,枠・コース型|メンバー構成型,0.7918365076193384,False,当日傾向型|枠・コース型|メンバー構成型,0.9483003586235488,False,当日傾向型|枠・コース型|メンバー構成型|騎手型,0.955565666465508,False,当日傾向型|レース構造型|枠・コース型|メンバー構成型|騎手型,0.8261418231472708,False
2022,202206040804,0.7129051869039215,False,,メンバー構成型,False,メンバー構成型|騎手型,False,メンバー構成型|騎手型|当日傾向型,False,メンバー構成型,0.28856213665248853,False,レース構造型|メンバー構成型,0.7404599061804609,False,当日傾向型|枠・コース型|メンバー構成型,0.8137858641323245,False,当日傾向型|レース構造型|枠・コース型|メンバー構成型,0.8981211043445175,False,当日傾向型|レース構造型|枠・コース型|メンバー構成型|騎手型,0.9394505861295801,False,当日傾向型,False,当日傾向型|枠・コース型,False,当日傾向型|枠・コース型|レース構造型,False,当日傾向型,0.3519601825868137,False,当日傾向型|騎手型,0.6258088913492511,False,当日傾向型|枠・コース型|騎手型,0.7778186487725632,False,当日傾向型|レース構造型|枠・コース型|騎手型,0.8695629794667187,False,当日傾向型|レース構造型|枠・コース型|メンバー構成型|騎手型,0.9089937295784174,False
2022,202204030308,0.7128450652052891,False,,騎手型,False,騎手型|枠・コース型,False,騎手型|枠・コース型|メンバー構成型,False,騎手型,0.40162075431255306,False,枠・コース型|騎手型,0.804699036302367,False,レース構造型|枠・コース型|騎手型,0.8685471409459213,False,当日傾向型|レース構造型|枠・コース型|騎手型,0.9495717552318669,False,当日傾向型|レース構造型|枠・コース型|メンバー構成型|騎手型,0.9745397435502471,False,枠・コース型,False,枠・コース型|レース構造型,False,枠・コース型|レース構造型|当日傾向型,False,枠・コース型,0.4494482527571758,False,レース構造型|枠・コース型,0.6062057159768915,False,レース構造型|枠・コース型|騎手型,0.7728360817816704,False,当日傾向型|レース構造型|枠・コース型|メンバー構成型,0.8376940386645618,False,当日傾向型|レース構造型|枠・コース型|メンバー構成型|騎手型,0.9357666854575595,False
2022,202207060109,0.7127406821660776,False,,枠・コース型,False,枠・コース型|メンバー構成型,False,枠・コース型|メンバー構成型|レース構造型,False,枠・コース型,0.6516319634688487,False,枠・コース型|メンバー構成型,0.7004807232217941,False,枠・コース型|メンバー構成型|騎手型,0.7724237481775511,False,当日傾向型|レース構造型|枠・コース型|騎手型,0.7578381555492074,False,当日傾向型|レース構造型|枠・コース型|メンバー構成型|騎手型,0.7127004473252145,False,枠・コース型,False,枠・コース型|レース構造型,False,枠・コース型|レース構造型|騎手型,False,枠・コース型,0.44551466718196375,False,レース構造型|メンバー構成型,0.6708900201904385,False,当日傾向型|枠・コース型|メンバー構成型,0.9082335660133847,False,当日傾向型|レース構造型|枠・コース型|騎手型,0.8419446473256058,False,当日傾向型|レース構造型|枠・コース型|メンバー構成型|騎手型,0.7506524402764144,False
2022,202209030409,0.7126470594886529,True,レース構造型|メンバー構成型,当日傾向型,False,当日傾向型|レース構造型,True,当日傾向型|レース構造型|メンバー構成型,True,当日傾向型,0.6585917030156337,False,当日傾向型|メンバー構成型,0.7972341376370359,True,当日傾向型|メンバー構成型|騎手型,0.8828133886394507,True,レース構造型|枠・コース型|メンバー構成型|騎手型,0.9267518184146681,True,当日傾向型|レース構造型|枠・コース型|メンバー構成型|騎手型,0.8793497991220999,True,レース構造型,True,レース構造型|枠・コース型,True,レース構造型|枠・コース型|当日傾向型,True,レース構造型,0.6341834464513895,True,レース構造型|枠・コース型,0.7834749283829858,True,枠・コース型|メンバー構成型|騎手型,0.8597035711419482,True,レース構造型|枠・コース型|メンバー構成型|騎手型,0.9385169650601707,True,当日傾向型|レース構造型|枠・コース型|メンバー構成型|騎手型,0.8675131779256583,True
2022,202207010511,0.7106969885016631,False,,メンバー構成型,False,メンバー構成型|当日傾向型,False,メンバー構成型|当日傾向型|枠・コース型,False,メンバー構成型,0.33895706250782637,False,枠・コース型|メンバー構成型,0.7175873662692887,False,枠・コース型|メンバー構成型|騎手型,0.8542141474748499,False,レース構造型|枠・コース型|メンバー構成型|騎手型,0.8269294566262324,False,当日傾向型|レース構造型|枠・コース型|メンバー構成型|騎手型,0.6179983124139302,False,メンバー構成型,False,メンバー構成型|レース構造型,False,メンバー構成型|レース構造型|枠・コース型,False,メンバー構成型,0.5885924532660652,False,当日傾向型|メンバー構成型,0.911448283073078,False,レース構造型|枠・コース型|メンバー構成型,0.9421109154038932,False,レース構造型|枠・コース型|メンバー構成型|騎手型,0.9500947122612801,False,当日傾向型|レース構造型|枠・コース型|メンバー構成型|騎手型,0.9259849146304597,False
2022,202207050906,0.7100882388212905,False,,枠・コース型,False,枠・コース型|当日傾向型,False,枠・コース型|当日傾向型|レース構造型,False,枠・コース型,0.5314957647000208,False,当日傾向型|騎手型,0.693646592488994,False,当日傾向型|レース構造型|メンバー構成型,0.7920717213399884,False,当日傾向型|レース構造型|枠・コース型|騎手型,0.7804230283938323,False,当日傾向型|レース構造型|枠・コース型|メンバー構成型|騎手型,0.8101141402970846,False,当日傾向型,False,当日傾向型|レース構造型,False,当日傾向型|レース構造型|枠・コース型,False,当日傾向型,0.4093883938420619,False,レース構造型|メンバー構成型,0.669666365896342,False,当日傾向型|レース構造型|騎手型,0.8593832353595151,False,当日傾向型|レース構造型|メンバー構成型|騎手型,0.9009410031045341,False,当日傾向型|レース構造型|枠・コース型|メンバー構成型|騎手型,0.8117520966132223,False
2022,202206050511,0.7097174673063359,False,,当日傾向型,False,当日傾向型|レース構造型,False,当日傾向型|レース構造型|メンバー構成型,False,当日傾向型,0.5399414642227915,False,レース構造型|メンバー構成型,0.8725319333745231,False,当日傾向型|枠・コース型|メンバー構成型,0.9305231057199261,False,当日傾向型|レース構造型|枠・コース型|メンバー構成型,0.9546310920769694,False,当日傾向型|レース構造型|枠・コース型|メンバー構成型|騎手型,0.9090799036432351,False,レース構造型,False,レース構造型|メンバー構成型,False,レース構造型|メンバー構成型|当日傾向型,False,レース構造型,0.453167582021067,False,枠・コース型|メンバー構成型,0.8709442848178744,False,レース構造型|枠・コース型|メンバー構成型,0.9346546740573968,False,当日傾向型|枠・コース型|メンバー構成型|騎手型,0.9442077132165687,False,当日傾向型|レース構造型|枠・コース型|メンバー構成型|騎手型,0.949363256277455,False
2022,202206040906,0.7090237917165739,False,,メンバー構成型,False,メンバー構成型|枠・コース型,False,メンバー構成型|枠・コース型|レース構造型,False,メンバー構成型,0.5443206429665417,False,当日傾向型|メンバー構成型,0.8132625952624691,False,当日傾向型|メンバー構成型|騎手型,0.8563842605084547,False,当日傾向型|レース構造型|枠・コース型|メンバー構成型,0.9425680297125024,False,当日傾向型|レース構造型|枠・コース型|メンバー構成型|騎手型,0.9637166016511947,False,当日傾向型,False,当日傾向型|メンバー構成型,False,当日傾向型|メンバー構成型|枠・コース型,False,当日傾向型,0.5570143993374395,False,当日傾向型|枠・コース型,0.785984750167801,False,当日傾向型|レース構造型|枠・コース型,0.9430885957108186,False,当日傾向型|枠・コース型|メンバー構成型|騎手型,0.9249763240991558,False,当日傾向型|レース構造型|枠・コース型|メンバー構成型|騎手型,0.9448675988328893,False
2022,202205010302,0.7081400706019095,False,,当日傾向型,False,当日傾向型|枠・コース型,False,当日傾向型|枠・コース型|メンバー構成型,False,当日傾向型,0.810753936302661,False,当日傾向型|枠・コース型,0.9031845520338195,False,当日傾向型|枠・コース型|メンバー構成型,0.9289139954307004,False,当日傾向型|枠・コース型|メンバー構成型|騎手型,0.950832004253203,False,当日傾向型|レース構造型|枠・コース型|メンバー構成型|騎手型,0.965296265266502,False,当日傾向型,False,当日傾向型|枠・コース型,False,当日傾向型|枠・コース型|レース構造型,False,当日傾向型,0.719558887360567,False,当日傾向型|レース構造型,0.8522276187326513,False,当日傾向型|レース構造型|枠・コース型,0.8920409516852889,False,当日傾向型|枠・コース型|メンバー構成型|騎手型,0.9523681202635326,False,当日傾向型|レース構造型|枠・コース型|メンバー構成型|騎手型,0.9654295816014323,False
2022,202207030801,0.7077360184213592,True,騎手型,当日傾向型,False,当日傾向型|枠・コース型,False,当日傾向型|枠・コース型|騎手型,True,当日傾向型,0.7181266878031275,False,当日傾向型|騎手型,0.845386226928962,True,当日傾向型|枠・コース型|騎手型,0.9376378355656075,True,当日傾向型|レース構造型|枠・コース型|騎手型,0.9560705466812995,True,当日傾向型|レース構造型|枠・コース型|メンバー構成型|騎手型,0.8413998299601116,True,当日傾向型,False,当日傾向型|レース構造型,False,当日傾向型|レース構造型|騎手型,True,当日傾向型,0.7120894688385472,False,当日傾向型|メンバー構成型,0.8548229474387723,False,当日傾向型|レース構造型|メンバー構成型,0.9056303456520952,False,当日傾向型|レース構造型|メンバー構成型|騎手型,0.9453254875571082,True,当日傾向型|レース構造型|枠・コース型|メンバー構成型|騎手型,0.9303381985659711,True
2022,202209050310,0.7077039643533417,True,レース構造型|枠・コース型,枠・コース型,True,枠・コース型|当日傾向型,True,枠・コース型|当日傾向型|レース構造型,True,枠・コース型,0.6720116337924157,True,レース構造型|枠・コース型,0.8160753353248285,True,レース構造型|枠・コース型|騎手型,0.8305156974076551,True,レース構造型|枠・コース型|メンバー構成型|騎手型,0.9526451469342784,True,当日傾向型|レース構造型|枠・コース型|メンバー構成型|騎手型,0.814840711298996,True,枠・コース型,True,枠・コース型|レース構造型,True,枠・コース型|レース構造型|メンバー構成型,True,枠・コース型,0.6482599519856402,True,枠・コース型|メンバー構成型,0.8257432098741233,True,レース構造型|枠・コース型|メンバー構成型,0.8919424039621479,True,レース構造型|枠・コース型|メンバー構成型|騎手型,0.938108129209634,True,当日傾向型|レース構造型|枠・コース型|メンバー構成型|騎手型,0.971513165817256,True
2022,202206050707,0.7074690952158184,False,,レース構造型,False,レース構造型|当日傾向型,False,レース構造型|当日傾向型|枠・コース型,False,レース構造型,0.5763343375011883,False,レース構造型|枠・コース型,0.8568767542588785,False,当日傾向型|レース構造型|枠・コース型,0.926259518882419,False,当日傾向型|レース構造型|枠・コース型|メンバー構成型,0.9756903581865902,False,当日傾向型|レース構造型|枠・コース型|メンバー構成型|騎手型,0.9749404550854873,False,レース構造型,False,レース構造型|メンバー構成型,False,レース構造型|メンバー構成型|当日傾向型,False,レース構造型,0.7805900627512923,False,レース構造型|メンバー構成型,0.8871600212205122,False,当日傾向型|枠・コース型|メンバー構成型,0.9285478348198628,False,当日傾向型|レース構造型|枠・コース型|騎手型,0.9126844963703857,False,当日傾向型|レース構造型|枠・コース型|メンバー構成型|騎手型,0.968288080838202,False
2022,202203020311,0.7069854025036535,True,当日傾向型|レース構造型|枠・コース型|騎手型,枠・コース型,True,枠・コース型|当日傾向型,True,枠・コース型|当日傾向型|レース構造型,True,枠・コース型,0.7197109232758491,True,当日傾向型|枠・コース型,0.837688810280579,True,当日傾向型|枠・コース型|メンバー構成型,0.8755499293315093,True,当日傾向型|枠・コース型|メンバー構成型|騎手型,0.785756621782869,True,当日傾向型|レース構造型|枠・コース型|メンバー構成型|騎手型,0.8777928860922519,True,枠・コース型,True,枠・コース型|レース構造型,True,枠・コース型|レース構造型|当日傾向型,True,枠・コース型,0.545893007670637,True,枠・コース型|メンバー構成型,0.7597514329469909,True,当日傾向型|レース構造型|枠・コース型,0.7419761913549809,True,当日傾向型|レース構造型|枠・コース型|メンバー構成型,0.9015571606226108,True,当日傾向型|レース構造型|枠・コース型|メンバー構成型|騎手型,0.8623161677745032,True
2022,202204020211,0.7068188934889557,True,枠・コース型,メンバー構成型,False,メンバー構成型|当日傾向型,False,メンバー構成型|当日傾向型|騎手型,False,メンバー構成型,0.4378298984669383,False,当日傾向型|騎手型,0.7794233080324461,False,当日傾向型|メンバー構成型|騎手型,0.9398257465954301,False,当日傾向型|レース構造型|枠・コース型|メンバー構成型,0.9531847648104169,True,当日傾向型|レース構造型|枠・コース型|メンバー構成型|騎手型,0.9683339803301653,True,レース構造型,False,レース構造型|メンバー構成型,False,レース構造型|メンバー構成型|枠・コース型,True,レース構造型,0.45763113543226525,False,枠・コース型|メンバー構成型,0.7177636657329499,True,レース構造型|枠・コース型|メンバー構成型,0.9336627362056502,True,当日傾向型|枠・コース型|メンバー構成型|騎手型,0.9166327130871028,True,当日傾向型|レース構造型|枠・コース型|メンバー構成型|騎手型,0.9816613956743415,True
2022,202207020310,0.705982769626107,False,,当日傾向型,False,当日傾向型|レース構造型,False,当日傾向型|レース構造型|メンバー構成型,False,当日傾向型,0.4881673710277378,False,レース構造型|枠・コース型,0.7340009644287279,False,当日傾向型|枠・コース型|メンバー構成型,0.8348942804022315,False,当日傾向型|枠・コース型|メンバー構成型|騎手型,0.8582705642757676,False,当日傾向型|レース構造型|枠・コース型|メンバー構成型|騎手型,0.871289143480736,False,レース構造型,False,レース構造型|枠・コース型,False,レース構造型|枠・コース型|当日傾向型,False,レース構造型,0.5014585853115698,False,レース構造型|枠・コース型,0.7549224591195578,False,当日傾向型|レース構造型|枠・コース型,0.8829661260231259,False,レース構造型|枠・コース型|メンバー構成型|騎手型,0.945744243620877,False,当日傾向型|レース構造型|枠・コース型|メンバー構成型|騎手型,0.9387258899403628,False
2022,202210030511,0.7042962622877104,False,,枠・コース型,False,枠・コース型|メンバー構成型,False,枠・コース型|メンバー構成型|レース構造型,False,枠・コース型,0.5186601023283378,False,枠・コース型|メンバー構成型,0.7728560523585936,False,当日傾向型|枠・コース型|メンバー構成型,0.8995572517522394,False,当日傾向型|枠・コース型|メンバー構成型|騎手型,0.9023350124504445,False,当日傾向型|レース構造型|枠・コース型|メンバー構成型|騎手型,0.796190284478675,False,レース構造型,False,レース構造型|枠・コース型,False,レース構造型|枠・コース型|騎手型,False,レース構造型,0.5097473707429051,False,レース構造型|騎手型,0.7579882764591308,False,当日傾向型|レース構造型|メンバー構成型,0.8791531772281227,False,当日傾向型|枠・コース型|メンバー構成型|騎手型,0.8646402386089654,False,当日傾向型|レース構造型|枠・コース型|メンバー構成型|騎手型,0.8234618544264378,False
2022,202210010107,0.7039743308917443,True,,メンバー構成型,False,メンバー構成型|当日傾向型,False,メンバー構成型|当日傾向型|枠・コース型,False,メンバー構成型,0.6459702622807838,False,レース構造型|メンバー構成型,0.7463153700314165,False,レース構造型|枠・コース型|騎手型,0.8944286860764862,False,当日傾向型|レース構造型|枠・コース型|騎手型,0.9436181854988502,False,当日傾向型|レース構造型|枠・コース型|メンバー構成型|騎手型,0.9623287194496211,False,当日傾向型,False,当日傾向型|枠・コース型,False,当日傾向型|枠・コース型|レース構造型,False,当日傾向型,0.4319074540319828,False,当日傾向型|騎手型,0.7728444968720309,False,当日傾向型|枠・コース型|メンバー構成型,0.9055633196898564,False,当日傾向型|レース構造型|枠・コース型|メンバー構成型,0.9838762342349026,False,当日傾向型|レース構造型|枠・コース型|メンバー構成型|騎手型,0.9540381596235136,False
2022,202209060611,0.7039209749123567,False,,当日傾向型,False,当日傾向型|枠・コース型,False,当日傾向型|枠・コース型|レース構造型,False,当日傾向型,0.5013460034934694,False,当日傾向型|枠・コース型,0.8761992073630901,False,当日傾向型|レース構造型|枠・コース型,0.924944481848921,False,当日傾向型|レース構造型|枠・コース型|メンバー構成型,0.9087386632325095,False,当日傾向型|レース構造型|枠・コース型|メンバー構成型|騎手型,0.9593276424054306,False,レース構造型,False,レース構造型|枠・コース型,False,レース構造型|枠・コース型|当日傾向型,False,レース構造型,0.608020476696961,False,レース構造型|メンバー構成型,0.8332020435486991,False,レース構造型|枠・コース型|メンバー構成型,0.9651232259893806,False,レース構造型|枠・コース型|メンバー構成型|騎手型,0.9746335747616486,False,当日傾向型|レース構造型|枠・コース型|メンバー構成型|騎手型,0.9508165304462638,False
2022,202210020409,0.7032543821597452,False,,メンバー構成型,False,メンバー構成型|レース構造型,False,メンバー構成型|レース構造型|当日傾向型,False,メンバー構成型,0.6089993503466437,False,枠・コース型|メンバー構成型,0.8680668051557948,False,当日傾向型|枠・コース型|メンバー構成型,0.9269073277360198,False,当日傾向型|枠・コース型|メンバー構成型|騎手型,0.9677263036434001,False,当日傾向型|レース構造型|枠・コース型|メンバー構成型|騎手型,0.9716032034364919,False,メンバー構成型,False,メンバー構成型|レース構造型,False,メンバー構成型|レース構造型|当日傾向型,False,メンバー構成型,0.5363646646292891,False,当日傾向型|メンバー構成型,0.8321660129309071,False,当日傾向型|メンバー構成型|騎手型,0.9416110094136462,False,当日傾向型|レース構造型|メンバー構成型|騎手型,0.9594806438189191,False,当日傾向型|レース構造型|枠・コース型|メンバー構成型|騎手型,0.9628819072869219,False
2022,202209010209,0.7027207398529541,False,,枠・コース型,False,枠・コース型|レース構造型,False,枠・コース型|レース構造型|当日傾向型,False,枠・コース型,0.422783523078767,False,レース構造型|枠・コース型,0.7525365738314393,False,当日傾向型|枠・コース型|メンバー構成型,0.8820344225799454,False,当日傾向型|レース構造型|枠・コース型|メンバー構成型,0.9325084746502439,False,当日傾向型|レース構造型|枠・コース型|メンバー構成型|騎手型,0.9780252860426452,False,当日傾向型,False,当日傾向型|枠・コース型,False,当日傾向型|枠・コース型|レース構造型,False,当日傾向型,0.5474475629708496,False,レース構造型|枠・コース型,0.8312740651062305,False,当日傾向型|レース構造型|枠・コース型,0.8859272142170715,False,当日傾向型|レース構造型|枠・コース型|メンバー構成型,0.9609689562040354,False,当日傾向型|レース構造型|枠・コース型|メンバー構成型|騎手型,0.9622159577304897,False
2022,202209050812,0.7026314913538659,False,,当日傾向型,False,当日傾向型|枠・コース型,False,当日傾向型|枠・コース型|メンバー構成型,False,当日傾向型,0.40172196233192436,False,当日傾向型|騎手型,0.7280941323248775,False,当日傾向型|メンバー構成型|騎手型,0.9414100251193628,False,当日傾向型|レース構造型|メンバー構成型|騎手型,0.9565407191030666,False,当日傾向型|レース構造型|枠・コース型|メンバー構成型|騎手型,0.9655889379270837,False,レース構造型,False,レース構造型|枠・コース型,False,レース構造型|枠・コース型|メンバー構成型,False,レース構造型,0.5643002478864938,False,枠・コース型|メンバー構成型,0.8165823662659599,False,当日傾向型|枠・コース型|メンバー構成型,0.9492268574162802,False,当日傾向型|レース構造型|メンバー構成型|騎手型,0.9585141875437979,False,当日傾向型|レース構造型|枠・コース型|メンバー構成型|騎手型,0.9572040223453105,False
2022,202205040106,0.7022805078549075,False,,レース構造型,False,レース構造型|当日傾向型,False,レース構造型|当日傾向型|枠・コース型,False,レース構造型,0.9399326650814349,False,レース構造型|騎手型,0.9598344539750924,False,レース構造型|枠・コース型|メンバー構成型,0.9744252527941699,False,当日傾向型|レース構造型|枠・コース型|メンバー構成型,0.9718784865286688,False,当日傾向型|レース構造型|枠・コース型|メンバー構成型|騎手型,0.9825776312007638,False,レース構造型,False,レース構造型|当日傾向型,False,レース構造型|当日傾向型|枠・コース型,False,レース構造型,0.9013322574571686,False,レース構造型|騎手型,0.9374314386486023,False,当日傾向型|レース構造型|メンバー構成型,0.9585548153999395,False,当日傾向型|レース構造型|枠・コース型|メンバー構成型,0.9709360771627019,False,当日傾向型|レース構造型|枠・コース型|メンバー構成型|騎手型,0.9757271818431897,False
2022,202202010211,0.7019845000015793,False,,メンバー構成型,False,メンバー構成型|レース構造型,False,メンバー構成型|レース構造型|当日傾向型,False,メンバー構成型,0.555828472958434,False,レース構造型|枠・コース型,0.8717054518598282,False,当日傾向型|レース構造型|枠・コース型,0.914306272402596,False,当日傾向型|レース構造型|枠・コース型|騎手型,0.9006960113464504,False,当日傾向型|レース構造型|枠・コース型|メンバー構成型|騎手型,0.9377073982933015,False,レース構造型,False,レース構造型|枠・コース型,False,レース構造型|枠・コース型|メンバー構成型,False,レース構造型,0.6401466512463645,False,当日傾向型|枠・コース型,0.8241815430217978,False,レース構造型|枠・コース型|騎手型,0.9456002794015747,False,当日傾向型|レース構造型|メンバー構成型|騎手型,0.9531181078137994,False,当日傾向型|レース構造型|枠・コース型|メンバー構成型|騎手型,0.9425500699605363,False
2022,202206050111,0.7019372284704491,False,,レース構造型,False,レース構造型|メンバー構成型,False,レース構造型|メンバー構成型|当日傾向型,False,レース構造型,0.42683407676202845,False,枠・コース型|メンバー構成型,0.7920535223446907,False,レース構造型|枠・コース型|メンバー構成型,0.873317993666976,False,レース構造型|枠・コース型|メンバー構成型|騎手型,0.9323552152614676,False,当日傾向型|レース構造型|枠・コース型|メンバー構成型|騎手型,0.8846106549453244,False,メンバー構成型,False,メンバー構成型|騎手型,False,メンバー構成型|騎手型|レース構造型,False,メンバー構成型,0.6560096669295425,False,レース構造型|枠・コース型,0.9048694873588559,False,レース構造型|枠・コース型|騎手型,0.9326963833389091,False,レース構造型|枠・コース型|メンバー構成型|騎手型,0.9783916984679871,False,当日傾向型|レース構造型|枠・コース型|メンバー構成型|騎手型,0.9838303969651153,False
2022,202207060203,0.7019364182573851,False,,メンバー構成型,False,メンバー構成型|騎手型,False,メンバー構成型|騎手型|枠・コース型,False,メンバー構成型,0.553018117336893,False,レース構造型|メンバー構成型,0.7545752349401624,False,レース構造型|枠・コース型|騎手型,0.8397851230665038,False,レース構造型|枠・コース型|メンバー構成型|騎手型,0.8540680169410043,False,当日傾向型|レース構造型|枠・コース型|メンバー構成型|騎手型,0.7501361408006317,False,枠・コース型,False,枠・コース型|当日傾向型,False,枠・コース型|当日傾向型|メンバー構成型,False,枠・コース型,0.44030914577564856,False,当日傾向型|メンバー構成型,0.7563075340834013,False,レース構造型|枠・コース型|メンバー構成型,0.7332351660623789,False,レース構造型|枠・コース型|メンバー構成型|騎手型,0.8454695421491132,False,当日傾向型|レース構造型|枠・コース型|メンバー構成型|騎手型,0.6998445471572161,False
2022,202204030610,0.7015848466342627,False,,枠・コース型,False,枠・コース型|当日傾向型,False,枠・コース型|当日傾向型|騎手型,False,枠・コース型,0.502519292377091,False,当日傾向型|枠・コース型,0.6965566640776683,False,レース構造型|枠・コース型|メンバー構成型,0.8149562441108483,False,当日傾向型|レース構造型|枠・コース型|メンバー構成型,0.8084047858560864,False,当日傾向型|レース構造型|枠・コース型|メンバー構成型|騎手型,0.7732393074005093,False,枠・コース型,False,枠・コース型|レース構造型,False,枠・コース型|レース構造型|騎手型,False,枠・コース型,0.4988708305431903,False,枠・コース型|騎手型,0.6925737885368637,False,レース構造型|枠・コース型|メンバー構成型,0.8686426501277148,False,当日傾向型|枠・コース型|メンバー構成型|騎手型,0.8887682564540542,False,当日傾向型|レース構造型|枠・コース型|メンバー構成型|騎手型,0.6586915516937357,False
2022,202207040411,0.701376585792748,False,,メンバー構成型,False,メンバー構成型|枠・コース型,False,メンバー構成型|枠・コース型|レース構造型,False,メンバー構成型,0.404595009108797,False,レース構造型|騎手型,0.7340251261014822,False,当日傾向型|メンバー構成型|騎手型,0.8612855875051053,False,レース構造型|枠・コース型|メンバー構成型|騎手型,0.9354175086160377,False,当日傾向型|レース構造型|枠・コース型|メンバー構成型|騎手型,0.8669032085032629,False,レース構造型,False,レース構造型|メンバー構成型,False,レース構造型|メンバー構成型|枠・コース型,False,レース構造型,0.39327899154295304,False,レース構造型|枠・コース型,0.7382904946596991,False,レース構造型|枠・コース型|メンバー構成型,0.9233704910744148,False,レース構造型|枠・コース型|メンバー構成型|騎手型,0.9302909620000951,False,当日傾向型|レース構造型|枠・コース型|メンバー構成型|騎手型,0.9098763962686315,False
2022,202204040409,0.7011441426485514,False,,当日傾向型,False,当日傾向型|レース構造型,False,当日傾向型|レース構造型|メンバー構成型,False,当日傾向型,0.3967077620327589,False,レース構造型|メンバー構成型,0.8667716378573919,False,レース構造型|枠・コース型|メンバー構成型,0.9227438284427611,False,当日傾向型|レース構造型|枠・コース型|メンバー構成型,0.94433019474804,False,当日傾向型|レース構造型|枠・コース型|メンバー構成型|騎手型,0.9351702404311704,False,レース構造型,False,レース構造型|当日傾向型,False,レース構造型|当日傾向型|枠・コース型,False,レース構造型,0.3866741580746846,False,レース構造型|枠・コース型,0.7873954766281728,False,レース構造型|枠・コース型|メンバー構成型,0.9000423198256078,False,当日傾向型|レース構造型|枠・コース型|騎手型,0.9030895198633359,False,当日傾向型|レース構造型|枠・コース型|メンバー構成型|騎手型,0.8894598942297419,False
2022,202206030608,0.7003785993934288,False,,メンバー構成型,False,メンバー構成型|レース構造型,False,メンバー構成型|レース構造型|当日傾向型,False,メンバー構成型,0.4557619311135252,False,レース構造型|枠・コース型,0.736746995969398,False,当日傾向型|レース構造型|枠・コース型,0.8253948368742513,False,当日傾向型|レース構造型|枠・コース型|騎手型,0.90314606273693,False,当日傾向型|レース構造型|枠・コース型|メンバー構成型|騎手型,0.9410657221178046,False,レース構造型,False,レース構造型|メンバー構成型,False,レース構造型|メンバー構成型|枠・コース型,False,レース構造型,0.6080604669519205,False,レース構造型|メンバー構成型,0.803943756483378,False,当日傾向型|レース構造型|メンバー構成型,0.9566921084509534,False,当日傾向型|レース構造型|枠・コース型|騎手型,0.9845489703247902,False,当日傾向型|レース構造型|枠・コース型|メンバー構成型|騎手型,0.9855856384348851,False
2022,202206010404,0.6989965696442515,False,,レース構造型,False,レース構造型|メンバー構成型,False,レース構造型|メンバー構成型|枠・コース型,False,レース構造型,0.9116769036438073,False,レース構造型|騎手型,0.9591623513177312,False,レース構造型|メンバー構成型|騎手型,0.9686557104457694,False,当日傾向型|レース構造型|メンバー構成型|騎手型,0.9786563471603719,False,当日傾向型|レース構造型|枠・コース型|メンバー構成型|騎手型,0.9707431432879645,False,レース構造型,False,レース構造型|メンバー構成型,False,レース構造型|メンバー構成型|騎手型,False,レース構造型,0.8950366231039317,False,レース構造型|メンバー構成型,0.9393054077819352,False,レース構造型|メンバー構成型|騎手型,0.9640207910837215,False,当日傾向型|レース構造型|メンバー構成型|騎手型,0.9804960724331228,False,当日傾向型|レース構造型|枠・コース型|メンバー構成型|騎手型,0.9702378458434754,False
2022,202207060412,0.6989438686280468,False,,当日傾向型,False,当日傾向型|メンバー構成型,False,当日傾向型|メンバー構成型|レース構造型,False,当日傾向型,0.5154373084505453,False,当日傾向型|レース構造型,0.8183344806596946,False,当日傾向型|メンバー構成型|騎手型,0.882743585007722,False,当日傾向型|枠・コース型|メンバー構成型|騎手型,0.9170819098930364,False,当日傾向型|レース構造型|枠・コース型|メンバー構成型|騎手型,0.9088778381483262,False,レース構造型,False,レース構造型|当日傾向型,False,レース構造型|当日傾向型|メンバー構成型,False,レース構造型,0.531908244990652,False,レース構造型|メンバー構成型,0.8034556609324782,False,当日傾向型|レース構造型|メンバー構成型,0.9070655441481685,False,レース構造型|枠・コース型|メンバー構成型|騎手型,0.9718036063276525,False,当日傾向型|レース構造型|枠・コース型|メンバー構成型|騎手型,0.9782401767477843,False
2022,202207020404,0.6988404784482682,True,枠・コース型,レース構造型,False,レース構造型|メンバー構成型,False,レース構造型|メンバー構成型|枠・コース型,True,レース構造型,0.29954600833320855,False,枠・コース型|メンバー構成型,0.6469290311406813,True,レース構造型|枠・コース型|メンバー構成型,0.8182534717455651,True,レース構造型|枠・コース型|メンバー構成型|騎手型,0.8698041622114553,True,当日傾向型|レース構造型|枠・コース型|メンバー構成型|騎手型,0.8480358991434916,True,レース構造型,False,レース構造型|メンバー構成型,False,レース構造型|メンバー構成型|騎手型,False,レース構造型,0.2904774764495419,False,レース構造型|枠・コース型,0.8399384625780795,True,レース構造型|枠・コース型|メンバー構成型,0.9286042661713195,True,当日傾向型|レース構造型|枠・コース型|騎手型,0.9150451803134634,True,当日傾向型|レース構造型|枠・コース型|メンバー構成型|騎手型,0.9542377809322256,True
2022,202206030510,0.6981201010234039,False,,レース構造型,False,レース構造型|メンバー構成型,False,レース構造型|メンバー構成型|騎手型,False,レース構造型,0.6466548360199675,False,当日傾向型|枠・コース型,0.7919428077163915,False,当日傾向型|レース構造型|枠・コース型,0.9016889566106678,False,当日傾向型|レース構造型|枠・コース型|騎手型,0.9416334995960156,False,当日傾向型|レース構造型|枠・コース型|メンバー構成型|騎手型,0.9558608068358105,False,メンバー構成型,False,メンバー構成型|レース構造型,False,メンバー構成型|レース構造型|当日傾向型,False,メンバー構成型,0.4184431966507147,False,当日傾向型|レース構造型,0.7865645716284789,False,レース構造型|枠・コース型|騎手型,0.9291804954791638,False,当日傾向型|レース構造型|枠・コース型|メンバー構成型,0.9847306437013906,False,当日傾向型|レース構造型|枠・コース型|メンバー構成型|騎手型,0.9906498111402489,False
2022,202209020206,0.6979355078215935,False,,レース構造型,False,レース構造型|枠・コース型,False,レース構造型|枠・コース型|騎手型,False,レース構造型,0.5870982118522264,False,レース構造型|枠・コース型,0.7627610776549423,False,当日傾向型|レース構造型|メンバー構成型,0.9256360645774899,False,レース構造型|枠・コース型|メンバー構成型|騎手型,0.9466707800180144,False,当日傾向型|レース構造型|枠・コース型|メンバー構成型|騎手型,0.9380928482481689,False,レース構造型,False,レース構造型|当日傾向型,False,レース構造型|当日傾向型|枠・コース型,False,レース構造型,0.45118473412907284,False,当日傾向型|枠・コース型,0.7689203041393076,False,当日傾向型|レース構造型|枠・コース型,0.941068425693901,False,当日傾向型|レース構造型|枠・コース型|メンバー構成型,0.9589767515020642,False,当日傾向型|レース構造型|枠・コース型|メンバー構成型|騎手型,0.9713870020300073,False
2022,202205010104,0.6977279208488962,False,,枠・コース型,False,枠・コース型|当日傾向型,False,枠・コース型|当日傾向型|メンバー構成型,False,枠・コース型,0.5450434261836756,False,枠・コース型|メンバー構成型,0.7873889909058084,False,レース構造型|枠・コース型|メンバー構成型,0.894051209172794,False,当日傾向型|レース構造型|枠・コース型|メンバー構成型,0.9009977631244321,False,当日傾向型|レース構造型|枠・コース型|メンバー構成型|騎手型,0.9288640714557537,False,当日傾向型,False,当日傾向型|レース構造型,False,当日傾向型|レース構造型|メンバー構成型,False,当日傾向型,0.6571539331616014,False,当日傾向型|レース構造型,0.8369271445925903,False,当日傾向型|レース構造型|メンバー構成型,0.9285798987328051,False,当日傾向型|レース構造型|枠・コース型|騎手型,0.8943221349715271,False,当日傾向型|レース構造型|枠・コース型|メンバー構成型|騎手型,0.919567631176423,False
2022,202207060603,0.6975554804656198,False,,当日傾向型,False,当日傾向型|レース構造型,False,当日傾向型|レース構造型|枠・コース型,False,当日傾向型,0.5825591717785189,False,当日傾向型|レース構造型,0.863896216987418,False,当日傾向型|レース構造型|メンバー構成型,0.9154021651176588,False,当日傾向型|レース構造型|メンバー構成型|騎手型,0.9271524182056556,False,当日傾向型|レース構造型|枠・コース型|メンバー構成型|騎手型,0.9341203371084191,False,レース構造型,False,レース構造型|枠・コース型,False,レース構造型|枠・コース型|メンバー構成型,False,レース構造型,0.5332047577207099,False,枠・コース型|メンバー構成型,0.871900617959677,False,レース構造型|枠・コース型|メンバー構成型,0.9110347889757293,False,レース構造型|枠・コース型|メンバー構成型|騎手型,0.968978958916481,False,当日傾向型|レース構造型|枠・コース型|メンバー構成型|騎手型,0.9761063767942446,False
2022,202201010209,0.6969206034536013,False,,レース構造型,False,レース構造型|枠・コース型,False,レース構造型|枠・コース型|メンバー構成型,False,レース構造型,0.4928064679690086,False,当日傾向型|枠・コース型,0.7753694584782219,False,枠・コース型|メンバー構成型|騎手型,0.8362623419354902,False,当日傾向型|枠・コース型|メンバー構成型|騎手型,0.8296586636174167,False,当日傾向型|レース構造型|枠・コース型|メンバー構成型|騎手型,0.7230872318722193,False,枠・コース型,False,枠・コース型|レース構造型,False,枠・コース型|レース構造型|当日傾向型,False,枠・コース型,0.7128615058469384,False,レース構造型|枠・コース型,0.8798474183093545,False,当日傾向型|レース構造型|枠・コース型,0.9316783047068297,False,当日傾向型|レース構造型|枠・コース型|メンバー構成型,0.9788790491213667,False,当日傾向型|レース構造型|枠・コース型|メンバー構成型|騎手型,0.9436836131969972,False
2022,202203030411,0.6968088532965869,False,,メンバー構成型,False,メンバー構成型|当日傾向型,False,メンバー構成型|当日傾向型|レース構造型,False,メンバー構成型,0.5413419332555024,False,枠・コース型|メンバー構成型,0.8202317179600792,False,当日傾向型|枠・コース型|メンバー構成型,0.9072973446386013,False,レース構造型|枠・コース型|メンバー構成型|騎手型,0.9443908836688764,False,当日傾向型|レース構造型|枠・コース型|メンバー構成型|騎手型,0.9171318596583706,False,レース構造型,False,レース構造型|枠・コース型,False,レース構造型|枠・コース型|メンバー構成型,False,レース構造型,0.4653205277935661,False,枠・コース型|メンバー構成型,0.7214111264382399,False,レース構造型|枠・コース型|メンバー構成型,0.889640838324949,False,当日傾向型|枠・コース型|メンバー構成型|騎手型,0.8970969453911463,False,当日傾向型|レース構造型|枠・コース型|メンバー構成型|騎手型,0.8455925262891439,False
2022,202209020608,0.6965559873600004,False,,当日傾向型,False,当日傾向型|レース構造型,False,当日傾向型|レース構造型|メンバー構成型,False,当日傾向型,0.4897335075487729,False,当日傾向型|レース構造型,0.770077895282149,False,枠・コース型|メンバー構成型|騎手型,0.8475461037682275,False,レース構造型|枠・コース型|メンバー構成型|騎手型,0.9591271007527465,False,当日傾向型|レース構造型|枠・コース型|メンバー構成型|騎手型,0.9257185218723095,False,レース構造型,False,レース構造型|メンバー構成型,False,レース構造型|メンバー構成型|枠・コース型,False,レース構造型,0.48136978522655555,False,レース構造型|メンバー構成型,0.7822371348508416,False,レース構造型|枠・コース型|メンバー構成型,0.9343120229331133,False,当日傾向型|レース構造型|枠・コース型|メンバー構成型,0.9684969846340099,False,当日傾向型|レース構造型|枠・コース型|メンバー構成型|騎手型,0.9587158557943374,False
2022,202204030811,0.6959051838565554,False,,枠・コース型,False,枠・コース型|メンバー構成型,False,枠・コース型|メンバー構成型|レース構造型,False,枠・コース型,0.5814023914358213,False,当日傾向型|枠・コース型,0.6952860508984474,False,レース構造型|枠・コース型|メンバー構成型,0.8390623188518074,False,レース構造型|枠・コース型|メンバー構成型|騎手型,0.8496071191896348,False,当日傾向型|レース構造型|枠・コース型|メンバー構成型|騎手型,0.8096100724878612,False,レース構造型,False,レース構造型|枠・コース型,False,レース構造型|枠・コース型|メンバー構成型,False,レース構造型,0.5044875772628121,False,レース構造型|メンバー構成型,0.8104050955796362,False,レース構造型|枠・コース型|メンバー構成型,0.9340497702105904,False,当日傾向型|枠・コース型|メンバー構成型|騎手型,0.8774399572808661,False,当日傾向型|レース構造型|枠・コース型|メンバー構成型|騎手型,0.7743524723800604,False
2022,202209020506,0.6952963018847227,False,,当日傾向型,False,当日傾向型|レース構造型,False,当日傾向型|レース構造型|枠・コース型,False,当日傾向型,0.598731871163017,False,当日傾向型|レース構造型,0.8034039854044323,False,当日傾向型|レース構造型|枠・コース型,0.9195837968775503,False,当日傾向型|レース構造型|枠・コース型|騎手型,0.9304489571584326,False,当日傾向型|レース構造型|枠・コース型|メンバー構成型|騎手型,0.9675101555983214,False,当日傾向型,False,当日傾向型|枠・コース型,False,当日傾向型|枠・コース型|レース構造型,False,当日傾向型,0.4826347157974777,False,当日傾向型|騎手型,0.7336603993285465,False,当日傾向型|レース構造型|騎手型,0.9227423033070562,False,当日傾向型|レース構造型|枠・コース型|メンバー構成型,0.9546217668886213,False,当日傾向型|レース構造型|枠・コース型|メンバー構成型|騎手型,0.9839666252307192,False
2022,202207050611,0.6952904163969557,False,,レース構造型,False,レース構造型|当日傾向型,False,レース構造型|当日傾向型|枠・コース型,False,レース構造型,0.6464640740841799,False,当日傾向型|枠・コース型,0.8255977548998641,False,レース構造型|枠・コース型|騎手型,0.9069181876365916,False,当日傾向型|レース構造型|枠・コース型|騎手型,0.9326547238351168,False,当日傾向型|レース構造型|枠・コース型|メンバー構成型|騎手型,0.941610465771298,False,枠・コース型,False,枠・コース型|レース構造型,False,枠・コース型|レース構造型|メンバー構成型,False,枠・コース型,0.5871373830116717,False,枠・コース型|メンバー構成型,0.8808276995635567,False,レース構造型|枠・コース型|騎手型,0.9424117731285522,False,レース構造型|枠・コース型|メンバー構成型|騎手型,0.9611700586626943,False,当日傾向型|レース構造型|枠・コース型|メンバー構成型|騎手型,0.9840418229935454,False
2022,202206030610,0.694814080506211,False,,メンバー構成型,False,メンバー構成型|枠・コース型,False,メンバー構成型|枠・コース型|当日傾向型,False,メンバー構成型,0.29833959285396416,False,枠・コース型|メンバー構成型,0.679430207910353,False,当日傾向型|枠・コース型|騎手型,0.8497130148111849,False,当日傾向型|枠・コース型|メンバー構成型|騎手型,0.8215227240689813,False,当日傾向型|レース構造型|枠・コース型|メンバー構成型|騎手型,0.77661348888843,False,レース構造型,False,レース構造型|枠・コース型,False,レース構造型|枠・コース型|メンバー構成型,False,レース構造型,0.48446353690416155,False,枠・コース型|メンバー構成型,0.8138011561092197,False,当日傾向型|枠・コース型|メンバー構成型,0.9284189438339545,False,当日傾向型|レース構造型|枠・コース型|メンバー構成型,0.9662944772543115,False,当日傾向型|レース構造型|枠・コース型|メンバー構成型|騎手型,0.9693139236777266,False
2022,202209021211,0.6941791522517695,False,,枠・コース型,False,枠・コース型|メンバー構成型,False,枠・コース型|メンバー構成型|レース構造型,False,枠・コース型,0.6453308933752265,False,枠・コース型|メンバー構成型,0.7809524345544357,False,当日傾向型|レース構造型|メンバー構成型,0.9012488838782706,False,レース構造型|枠・コース型|メンバー構成型|騎手型,0.8941145316479939,False,当日傾向型|レース構造型|枠・コース型|メンバー構成型|騎手型,0.8256022730873707,False,枠・コース型,False,枠・コース型|メンバー構成型,False,枠・コース型|メンバー構成型|レース構造型,False,枠・コース型,0.6565061285911952,False,枠・コース型|メンバー構成型,0.943036787137044,False,当日傾向型|レース構造型|メンバー構成型,0.9405027013846716,False,当日傾向型|枠・コース型|メンバー構成型|騎手型,0.9504966779593188,False,当日傾向型|レース構造型|枠・コース型|メンバー構成型|騎手型,0.8480031652298694,False
2022,202207020109,0.694136731344652,False,,レース構造型,False,レース構造型|メンバー構成型,False,レース構造型|メンバー構成型|当日傾向型,False,レース構造型,0.8316167083075654,False,当日傾向型|レース構造型,0.8266821339378901,False,当日傾向型|レース構造型|メンバー構成型,0.9020476021659583,False,当日傾向型|レース構造型|枠・コース型|メンバー構成型,0.877449133827706,False,当日傾向型|レース構造型|枠・コース型|メンバー構成型|騎手型,0.860890231621643,False,メンバー構成型,False,メンバー構成型|レース構造型,False,メンバー構成型|レース構造型|当日傾向型,False,メンバー構成型,0.6358252321125467,False,レース構造型|騎手型,0.8797076045339789,False,当日傾向型|レース構造型|メンバー構成型,0.9586677966971047,False,当日傾向型|レース構造型|枠・コース型|騎手型,0.9637826461829186,False,当日傾向型|レース構造型|枠・コース型|メンバー構成型|騎手型,0.964003097135493,False
2022,202209020201,0.6935813477608409,False,,当日傾向型,False,当日傾向型|レース構造型,False,当日傾向型|レース構造型|メンバー構成型,False,当日傾向型,0.5423665231568517,False,当日傾向型|騎手型,0.8631346695817652,False,当日傾向型|レース構造型|騎手型,0.9333266660063252,False,当日傾向型|レース構造型|枠・コース型|騎手型,0.9499006249873612,False,当日傾向型|レース構造型|枠・コース型|メンバー構成型|騎手型,0.9047338422361494,False,当日傾向型,False,当日傾向型|枠・コース型,False,当日傾向型|枠・コース型|メンバー構成型,False,当日傾向型,0.5824531788886128,False,当日傾向型|騎手型,0.8799359511968337,False,当日傾向型|メンバー構成型|騎手型,0.9216862321347689,False,当日傾向型|レース構造型|メンバー構成型|騎手型,0.9524379854576884,False,当日傾向型|レース構造型|枠・コース型|メンバー構成型|騎手型,0.9189675669946834,False
2022,202209040207,0.692542650253649,True,枠・コース型|メンバー構成型,メンバー構成型,True,メンバー構成型|レース構造型,True,メンバー構成型|レース構造型|当日傾向型,True,メンバー構成型,0.6152004337749695,True,枠・コース型|メンバー構成型,0.8587127495118632,True,枠・コース型|メンバー構成型|騎手型,0.9187160860389086,True,レース構造型|枠・コース型|メンバー構成型|騎手型,0.9576791299112877,True,当日傾向型|レース構造型|枠・コース型|メンバー構成型|騎手型,0.9357155377716936,True,当日傾向型,False,当日傾向型|枠・コース型,True,当日傾向型|枠・コース型|レース構造型,True,当日傾向型,0.7922175483015294,False,レース構造型|枠・コース型,0.8677324695698815,True,枠・コース型|メンバー構成型|騎手型,0.912234174771708,True,当日傾向型|レース構造型|枠・コース型|騎手型,0.940100889323047,True,当日傾向型|レース構造型|枠・コース型|メンバー構成型|騎手型,0.9475651483608926,True
2022,202205050212,0.6925413544992438,False,,枠・コース型,False,枠・コース型|当日傾向型,False,枠・コース型|当日傾向型|レース構造型,False,枠・コース型,0.5605348000300975,False,レース構造型|枠・コース型,0.8756048023842437,False,当日傾向型|枠・コース型|メンバー構成型,0.9060381235952505,False,レース構造型|枠・コース型|メンバー構成型|騎手型,0.9026062556943101,False,当日傾向型|レース構造型|枠・コース型|メンバー構成型|騎手型,0.9082270474022354,False,レース構造型,False,レース構造型|当日傾向型,False,レース構造型|当日傾向型|枠・コース型,False,レース構造型,0.6143082074287025,False,レース構造型|枠・コース型,0.9118129309645395,False,レース構造型|枠・コース型|メンバー構成型,0.9625223331013523,False,レース構造型|枠・コース型|メンバー構成型|騎手型,0.9673088663492996,False,当日傾向型|レース構造型|枠・コース型|メンバー構成型|騎手型,0.9501149222027624,False
2022,202204040108,0.6924223729756193,True,当日傾向型|メンバー構成型,枠・コース型,False,枠・コース型|当日傾向型,True,枠・コース型|当日傾向型|騎手型,True,枠・コース型,0.4477244989886027,False,レース構造型|枠・コース型,0.7861330956145608,False,レース構造型|枠・コース型|メンバー構成型,0.9221549690914779,True,レース構造型|枠・コース型|メンバー構成型|騎手型,0.9619530531506798,True,当日傾向型|レース構造型|枠・コース型|メンバー構成型|騎手型,0.960856435903644,True,当日傾向型,True,当日傾向型|枠・コース型,True,当日傾向型|枠・コース型|レース構造型,True,当日傾向型,0.6199242829366479,True,当日傾向型|レース構造型,0.8409409723418114,True,レース構造型|枠・コース型|騎手型,0.9247781683566472,False,当日傾向型|レース構造型|枠・コース型|騎手型,0.925503870935836,True,当日傾向型|レース構造型|枠・コース型|メンバー構成型|騎手型,0.9320919792202224,True
2022,202210030712,0.6923043472650513,False,,メンバー構成型,False,メンバー構成型|枠・コース型,False,メンバー構成型|枠・コース型|騎手型,False,メンバー構成型,0.4969557017837363,False,当日傾向型|メンバー構成型,0.5723743398334643,False,レース構造型|枠・コース型|騎手型,0.6996838818422815,False,レース構造型|枠・コース型|メンバー構成型|騎手型,0.7714621615183983,False,当日傾向型|レース構造型|枠・コース型|メンバー構成型|騎手型,0.6705178645623592,False,レース構造型,False,レース構造型|メンバー構成型,False,レース構造型|メンバー構成型|枠・コース型,False,レース構造型,0.5476566957120491,False,枠・コース型|騎手型,0.7569743206756469,False,レース構造型|枠・コース型|騎手型,0.8493653612505614,False,当日傾向型|レース構造型|枠・コース型|メンバー構成型,0.8765400415665188,False,当日傾向型|レース構造型|枠・コース型|メンバー構成型|騎手型,0.9052665013821118,False
2022,202207050404,0.6920554574265443,True,レース構造型|メンバー構成型,レース構造型,True,レース構造型|枠・コース型,True,レース構造型|枠・コース型|当日傾向型,True,レース構造型,0.8960314722399,True,レース構造型|騎手型,0.9503766385111279,True,レース構造型|枠・コース型|騎手型,0.9657612623478999,True,当日傾向型|レース構造型|枠・コース型|メンバー構成型,0.9696635017626558,True,当日傾向型|レース構造型|枠・コース型|メンバー構成型|騎手型,0.939877900018503,True,レース構造型,True,レース構造型|枠・コース型,True,レース構造型|枠・コース型|当日傾向型,True,レース構造型,0.9000052341553362,True,レース構造型|メンバー構成型,0.9342332874438477,True,レース構造型|枠・コース型|メンバー構成型,0.9718483408962825,True,レース構造型|枠・コース型|メンバー構成型|騎手型,0.9861796990843954,True,当日傾向型|レース構造型|枠・コース型|メンバー構成型|騎手型,0.9844794807103161,True
2022,202207050804,0.6918668641242417,False,,枠・コース型,False,枠・コース型|当日傾向型,False,枠・コース型|当日傾向型|メンバー構成型,False,枠・コース型,0.5920623600460493,False,レース構造型|メンバー構成型,0.8572692940193453,False,レース構造型|枠・コース型|メンバー構成型,0.932233068288272,False,レース構造型|枠・コース型|メンバー構成型|騎手型,0.9373195762438897,False,当日傾向型|レース構造型|枠・コース型|メンバー構成型|騎手型,0.9311904352881609,False,レース構造型,False,レース構造型|枠・コース型,False,レース構造型|枠・コース型|メンバー構成型,False,レース構造型,0.5412886366858889,False,枠・コース型|メンバー構成型,0.8826843956773194,False,レース構造型|枠・コース型|メンバー構成型,0.9632856433191026,False,レース構造型|枠・コース型|メンバー構成型|騎手型,0.9562669073079836,False,当日傾向型|レース構造型|枠・コース型|メンバー構成型|騎手型,0.964755742447569,False
2022,202206030611,0.6918646511667903,False,,当日傾向型,False,当日傾向型|メンバー構成型,False,当日傾向型|メンバー構成型|騎手型,False,当日傾向型,0.3862231467914973,False,当日傾向型|騎手型,0.7560202265179518,False,当日傾向型|メンバー構成型|騎手型,0.9394149949452062,False,当日傾向型|レース構造型|メンバー構成型|騎手型,0.9509973296521712,False,当日傾向型|レース構造型|枠・コース型|メンバー構成型|騎手型,0.9676102440454106,False,当日傾向型,False,当日傾向型|メンバー構成型,False,当日傾向型|メンバー構成型|枠・コース型,False,当日傾向型,0.5253500765519774,False,当日傾向型|メンバー構成型,0.8016495091494388,False,当日傾向型|メンバー構成型|騎手型,0.9566826328901832,False,当日傾向型|枠・コース型|メンバー構成型|騎手型,0.9506604065992413,False,当日傾向型|レース構造型|枠・コース型|メンバー構成型|騎手型,0.973056012062063,False
2022,202206050211,0.6917629995047311,False,,メンバー構成型,False,メンバー構成型|当日傾向型,False,メンバー構成型|当日傾向型|枠・コース型,False,メンバー構成型,0.5703934449274465,False,当日傾向型|メンバー構成型,0.7846471065000928,False,当日傾向型|メンバー構成型|騎手型,0.9309351685037291,False,当日傾向型|レース構造型|枠・コース型|メンバー構成型,0.9278499246927668,False,当日傾向型|レース構造型|枠・コース型|メンバー構成型|騎手型,0.9505249288150411,False,レース構造型,False,レース構造型|枠・コース型,False,レース構造型|枠・コース型|メンバー構成型,False,レース構造型,0.5005395475416783,False,レース構造型|メンバー構成型,0.8515616308087676,False,当日傾向型|枠・コース型|メンバー構成型,0.8845417511494058,False,当日傾向型|レース構造型|メンバー構成型|騎手型,0.9197550622781339,False,当日傾向型|レース構造型|枠・コース型|メンバー構成型|騎手型,0.9791776163039365,False
2022,202207011011,0.6916990172432557,False,,当日傾向型,False,当日傾向型|枠・コース型,False,当日傾向型|枠・コース型|騎手型,False,当日傾向型,0.6343074407902375,False,当日傾向型|騎手型,0.8170628223431267,False,当日傾向型|メンバー構成型|騎手型,0.9167683826814259,False,当日傾向型|枠・コース型|メンバー構成型|騎手型,0.9268993153246876,False,当日傾向型|レース構造型|枠・コース型|メンバー構成型|騎手型,0.9377836969300358,False,当日傾向型,False,当日傾向型|レース構造型,False,当日傾向型|レース構造型|メンバー構成型,False,当日傾向型,0.5834495387009574,False,枠・コース型|メンバー構成型,0.8820766012994998,False,枠・コース型|メンバー構成型|騎手型,0.8961195121324558,False,当日傾向型|枠・コース型|メンバー構成型|騎手型,0.9457216665918846,False,当日傾向型|レース構造型|枠・コース型|メンバー構成型|騎手型,0.9717415965168394,False
2022,202204010504,0.6910823331234298,False,,当日傾向型,False,当日傾向型|レース構造型,False,当日傾向型|レース構造型|騎手型,False,当日傾向型,0.4045375345167598,False,枠・コース型|メンバー構成型,0.7810327845362952,False,レース構造型|枠・コース型|騎手型,0.9119340753780296,False,レース構造型|枠・コース型|メンバー構成型|騎手型,0.9291990073509252,False,当日傾向型|レース構造型|枠・コース型|メンバー構成型|騎手型,0.9415303751068236,False,当日傾向型,False,当日傾向型|枠・コース型,False,当日傾向型|枠・コース型|レース構造型,False,当日傾向型,0.6441385965935588,False,レース構造型|枠・コース型,0.8923931292564112,False,当日傾向型|レース構造型|枠・コース型,0.9543020913070135,False,当日傾向型|レース構造型|枠・コース型|メンバー構成型,0.9798297406453864,False,当日傾向型|レース構造型|枠・コース型|メンバー構成型|騎手型,0.9635258441349213,False
2022,202207050911,0.6910022872146884,True,レース構造型|枠・コース型|メンバー構成型|騎手型,騎手型,True,騎手型|枠・コース型,True,騎手型|枠・コース型|当日傾向型,True,騎手型,0.6162288640473628,True,当日傾向型|騎手型,0.7900361182929253,True,当日傾向型|枠・コース型|騎手型,0.9090569959235738,True,当日傾向型|枠・コース型|メンバー構成型|騎手型,0.9339021707652166,True,当日傾向型|レース構造型|枠・コース型|メンバー構成型|騎手型,0.9596275826028,True,レース構造型,True,レース構造型|メンバー構成型,True,レース構造型|メンバー構成型|騎手型,True,レース構造型,0.5249556662867605,True,レース構造型|騎手型,0.7856825223024235,True,レース構造型|枠・コース型|メンバー構成型,0.8714930003325799,True,レース構造型|枠・コース型|メンバー構成型|騎手型,0.9323992038418457,True,当日傾向型|レース構造型|枠・コース型|メンバー構成型|騎手型,0.9477527162747241,True
2022,202209021110,0.6908938249461164,False,,メンバー構成型,False,メンバー構成型|レース構造型,False,メンバー構成型|レース構造型|枠・コース型,False,メンバー構成型,0.6701766492998752,False,メンバー構成型|騎手型,0.7850041621559491,False,当日傾向型|メンバー構成型|騎手型,0.9223039358512548,False,当日傾向型|枠・コース型|メンバー構成型|騎手型,0.967158199258567,False,当日傾向型|レース構造型|枠・コース型|メンバー構成型|騎手型,0.9505552194323572,False,メンバー構成型,False,メンバー構成型|レース構造型,False,メンバー構成型|レース構造型|枠・コース型,False,メンバー構成型,0.40131613873366023,False,枠・コース型|メンバー構成型,0.8405568681106868,False,レース構造型|枠・コース型|メンバー構成型,0.9044726165479017,False,当日傾向型|レース構造型|メンバー構成型|騎手型,0.9315879711792078,False,当日傾向型|レース構造型|枠・コース型|メンバー構成型|騎手型,0.9790421860569668,False
2022,202207060605,0.6907986674270353,True,当日傾向型|レース構造型,レース構造型,True,レース構造型|当日傾向型,True,レース構造型|当日傾向型|枠・コース型,True,レース構造型,0.9545409938050348,True,レース構造型|騎手型,0.9564214184024709,True,当日傾向型|レース構造型|メンバー構成型,0.959942859020118,True,当日傾向型|レース構造型|メンバー構成型|騎手型,0.9773760933178937,True,当日傾向型|レース構造型|枠・コース型|メンバー構成型|騎手型,0.9551408073828626,True,レース構造型,True,レース構造型|枠・コース型,True,レース構造型|枠・コース型|当日傾向型,True,レース構造型,0.8505953238043099,True,レース構造型|メンバー構成型,0.9065769022449315,True,レース構造型|メンバー構成型|騎手型,0.9051010266090455,True,当日傾向型|レース構造型|メンバー構成型|騎手型,0.9296348821309164,True,当日傾向型|レース構造型|枠・コース型|メンバー構成型|騎手型,0.8401195732558581,True
2022,202209060312,0.6904784282269446,False,,レース構造型,False,レース構造型|メンバー構成型,False,レース構造型|メンバー構成型|枠・コース型,False,レース構造型,0.613525256562575,False,レース構造型|メンバー構成型,0.8610359137556539,False,レース構造型|メンバー構成型|騎手型,0.9103224609889525,False,レース構造型|枠・コース型|メンバー構成型|騎手型,0.957874211843228,False,当日傾向型|レース構造型|枠・コース型|メンバー構成型|騎手型,0.9658693707509091,False,レース構造型,False,レース構造型|枠・コース型,False,レース構造型|枠・コース型|メンバー構成型,False,レース構造型,0.7772802687954846,False,当日傾向型|レース構造型,0.8333759488175367,False,当日傾向型|レース構造型|メンバー構成型,0.927911546406582,False,当日傾向型|レース構造型|枠・コース型|騎手型,0.9640569764109773,False,当日傾向型|レース構造型|枠・コース型|メンバー構成型|騎手型,0.9713869131151578,False
2022,202210030111,0.6902978763666179,False,,メンバー構成型,False,メンバー構成型|枠・コース型,False,メンバー構成型|枠・コース型|レース構造型,False,メンバー構成型,0.631231356920242,False,枠・コース型|メンバー構成型,0.7962857381515441,False,枠・コース型|メンバー構成型|騎手型,0.8855294408431436,False,当日傾向型|レース構造型|枠・コース型|メンバー構成型,0.885725748788847,False,当日傾向型|レース構造型|枠・コース型|メンバー構成型|騎手型,0.8378801407466098,False,枠・コース型,False,枠・コース型|レース構造型,False,枠・コース型|レース構造型|メンバー構成型,False,枠・コース型,0.6016725161442519,False,枠・コース型|メンバー構成型,0.8635950405646243,False,当日傾向型|枠・コース型|メンバー構成型,0.8647018522157204,False,当日傾向型|枠・コース型|メンバー構成型|騎手型,0.9404331715399862,False,当日傾向型|レース構造型|枠・コース型|メンバー構成型|騎手型,0.7879701590356302,False
2022,202206040605,0.6902555053814019,True,レース構造型|枠・コース型,レース構造型,True,レース構造型|枠・コース型,True,レース構造型|枠・コース型|メンバー構成型,True,レース構造型,0.9455477491122676,True,レース構造型|メンバー構成型,0.9703502577391767,True,当日傾向型|レース構造型|騎手型,0.9599468527346661,True,当日傾向型|レース構造型|枠・コース型|メンバー構成型,0.9668897948109377,True,当日傾向型|レース構造型|枠・コース型|メンバー構成型|騎手型,0.9437287954165307,True,レース構造型,True,レース構造型|メンバー構成型,True,レース構造型|メンバー構成型|枠・コース型,True,レース構造型,0.8659047862574165,True,レース構造型|枠・コース型,0.9318890557415533,True,レース構造型|枠・コース型|メンバー構成型,0.9793873713081942,True,レース構造型|枠・コース型|メンバー構成型|騎手型,0.9835746733900634,True,当日傾向型|レース構造型|枠・コース型|メンバー構成型|騎手型,0.9770347011167098,True
2022,202209010710,0.6898352390715163,False,,騎手型,False,騎手型|当日傾向型,False,騎手型|当日傾向型|枠・コース型,False,騎手型,0.5741127764397599,False,枠・コース型|騎手型,0.8156060082307669,False,当日傾向型|枠・コース型|騎手型,0.844091132337035,False,レース構造型|枠・コース型|メンバー構成型|騎手型,0.9192981878414089,False,当日傾向型|レース構造型|枠・コース型|メンバー構成型|騎手型,0.916114108473685,False,メンバー構成型,False,メンバー構成型|当日傾向型,False,メンバー構成型|当日傾向型|枠・コース型,False,メンバー構成型,0.4514606255326029,False,枠・コース型|メンバー構成型,0.7042757285105591,False,レース構造型|枠・コース型|騎手型,0.8651416756099152,False,当日傾向型|レース構造型|メンバー構成型|騎手型,0.9418579212517778,False,当日傾向型|レース構造型|枠・コース型|メンバー構成型|騎手型,0.9514085702235993,False
2022,202204010712,0.6885196922980639,False,,当日傾向型,False,当日傾向型|メンバー構成型,False,当日傾向型|メンバー構成型|レース構造型,False,当日傾向型,0.6773477526858851,False,当日傾向型|メンバー構成型,0.812197552151268,False,枠・コース型|メンバー構成型|騎手型,0.8994200267715603,False,当日傾向型|枠・コース型|メンバー構成型|騎手型,0.9646923706153719,False,当日傾向型|レース構造型|枠・コース型|メンバー構成型|騎手型,0.9707670677750513,False,当日傾向型,False,当日傾向型|レース構造型,False,当日傾向型|レース構造型|メンバー構成型,False,当日傾向型,0.729824327304321,False,当日傾向型|メンバー構成型,0.8281600415729713,False,当日傾向型|レース構造型|騎手型,0.9209617040787761,False,当日傾向型|レース構造型|枠・コース型|騎手型,0.96285866187319,False,当日傾向型|レース構造型|枠・コース型|メンバー構成型|騎手型,0.9673498318665412,False
2022,202207030509,0.6876763306454273,False,,レース構造型,False,レース構造型|当日傾向型,False,レース構造型|当日傾向型|メンバー構成型,False,レース構造型,0.5529311211418542,False,レース構造型|枠・コース型,0.6590972551104579,False,当日傾向型|レース構造型|枠・コース型,0.8938615109316356,False,当日傾向型|レース構造型|枠・コース型|騎手型,0.9230817209064304,False,当日傾向型|レース構造型|枠・コース型|メンバー構成型|騎手型,0.9725082905072262,False,レース構造型,False,レース構造型|メンバー構成型,False,レース構造型|メンバー構成型|当日傾向型,False,レース構造型,0.45711528333781054,False,レース構造型|騎手型,0.6154193995225614,False,当日傾向型|レース構造型|騎手型,0.8749636715298676,False,当日傾向型|レース構造型|枠・コース型|騎手型,0.9303284949851462,False,当日傾向型|レース構造型|枠・コース型|メンバー構成型|騎手型,0.9641000458212894,False
2022,202207020212,0.6873421720662413,False,,メンバー構成型,False,メンバー構成型|レース構造型,False,メンバー構成型|レース構造型|枠・コース型,False,メンバー構成型,0.6591525088653662,False,枠・コース型|騎手型,0.8347711463962111,False,レース構造型|枠・コース型|騎手型,0.9456334323204736,False,当日傾向型|レース構造型|枠・コース型|騎手型,0.9792643792505222,False,当日傾向型|レース構造型|枠・コース型|メンバー構成型|騎手型,0.9714484586028268,False,当日傾向型,False,当日傾向型|枠・コース型,False,当日傾向型|枠・コース型|レース構造型,False,当日傾向型,0.6326186038748358,False,レース構造型|枠・コース型,0.8124552879278555,False,レース構造型|枠・コース型|騎手型,0.9495654047711292,False,当日傾向型|レース構造型|枠・コース型|騎手型,0.944579892451785,False,当日傾向型|レース構造型|枠・コース型|メンバー構成型|騎手型,0.9636282535278969,False
2022,202209060706,0.6863443088292557,False,,レース構造型,False,レース構造型|枠・コース型,False,レース構造型|枠・コース型|当日傾向型,False,レース構造型,0.9416142035097038,False,レース構造型|メンバー構成型,0.9599520056957,False,レース構造型|枠・コース型|メンバー構成型,0.9747408951839214,False,当日傾向型|レース構造型|枠・コース型|メンバー構成型,0.9750512561615026,False,当日傾向型|レース構造型|枠・コース型|メンバー構成型|騎手型,0.9544783885173086,False,レース構造型,False,レース構造型|当日傾向型,False,レース構造型|当日傾向型|メンバー構成型,False,レース構造型,0.8124375025402094,False,当日傾向型|レース構造型,0.9220569107008475,False,当日傾向型|レース構造型|メンバー構成型,0.9455195661523427,False,当日傾向型|レース構造型|メンバー構成型|騎手型,0.9647752003343394,False,当日傾向型|レース構造型|枠・コース型|メンバー構成型|騎手型,0.9141747605948727,False
2022,202204030510,0.6862458743613334,False,,枠・コース型,False,枠・コース型|メンバー構成型,False,枠・コース型|メンバー構成型|当日傾向型,False,枠・コース型,0.5451606619370166,False,枠・コース型|メンバー構成型,0.7742773765152833,False,レース構造型|枠・コース型|メンバー構成型,0.8944635975446459,False,当日傾向型|レース構造型|枠・コース型|メンバー構成型,0.8963971454260243,False,当日傾向型|レース構造型|枠・コース型|メンバー構成型|騎手型,0.8377964317396885,False,メンバー構成型,False,メンバー構成型|レース構造型,False,メンバー構成型|レース構造型|枠・コース型,False,メンバー構成型,0.6713949705195389,False,レース構造型|メンバー構成型,0.7509572931993858,False,当日傾向型|レース構造型|メンバー構成型,0.8471291831153517,False,当日傾向型|枠・コース型|メンバー構成型|騎手型,0.8932953678774539,False,当日傾向型|レース構造型|枠・コース型|メンバー構成型|騎手型,0.7907138343073097,False
2022,202204010207,0.6857446938079547,False,,枠・コース型,False,枠・コース型|当日傾向型,False,枠・コース型|当日傾向型|レース構造型,False,枠・コース型,0.6584881254090615,False,枠・コース型|騎手型,0.8483621310078007,False,レース構造型|枠・コース型|メンバー構成型,0.911130912507801,False,当日傾向型|レース構造型|枠・コース型|メンバー構成型,0.9293037308078688,False,当日傾向型|レース構造型|枠・コース型|メンバー構成型|騎手型,0.9332571134542241,False,枠・コース型,False,枠・コース型|当日傾向型,False,枠・コース型|当日傾向型|メンバー構成型,False,枠・コース型,0.5552853469913532,False,レース構造型|枠・コース型,0.8668225080728061,False,当日傾向型|レース構造型|メンバー構成型,0.927021633810059,False,当日傾向型|レース構造型|枠・コース型|騎手型,0.9461788367704228,False,当日傾向型|レース構造型|枠・コース型|メンバー構成型|騎手型,0.9132857203655579,False
2022,202205040604,0.6856848572571562,False,,レース構造型,False,レース構造型|メンバー構成型,False,レース構造型|メンバー構成型|枠・コース型,False,レース構造型,0.29815942901335296,False,レース構造型|メンバー構成型,0.7911325295507515,False,レース構造型|メンバー構成型|騎手型,0.9291057304403811,False,レース構造型|枠・コース型|メンバー構成型|騎手型,0.9653273129627883,False,当日傾向型|レース構造型|枠・コース型|メンバー構成型|騎手型,0.959387032857564,False,当日傾向型,False,当日傾向型|レース構造型,False,当日傾向型|レース構造型|枠・コース型,False,当日傾向型,0.6474891021010678,False,レース構造型|騎手型,0.7483619806374587,False,当日傾向型|メンバー構成型|騎手型,0.8331969299008957,False,当日傾向型|レース構造型|メンバー構成型|騎手型,0.9522581261904213,False,当日傾向型|レース構造型|枠・コース型|メンバー構成型|騎手型,0.9066696776315205,False
2022,202206040811,0.6852691448496676,False,,枠・コース型,False,枠・コース型|メンバー構成型,False,枠・コース型|メンバー構成型|当日傾向型,False,枠・コース型,0.5528379815118704,False,当日傾向型|メンバー構成型,0.7529478628695239,False,当日傾向型|メンバー構成型|騎手型,0.8376577850812711,False,当日傾向型|レース構造型|メンバー構成型|騎手型,0.858640023731422,False,当日傾向型|レース構造型|枠・コース型|メンバー構成型|騎手型,0.8599878346836313,False,レース構造型,False,レース構造型|枠・コース型,False,レース構造型|枠・コース型|メンバー構成型,False,レース構造型,0.44512770207900365,False,当日傾向型|枠・コース型,0.6722560722612474,False,レース構造型|枠・コース型|メンバー構成型,0.8259408694367985,False,当日傾向型|レース構造型|枠・コース型|メンバー構成型,0.9107262394319785,False,当日傾向型|レース構造型|枠・コース型|メンバー構成型|騎手型,0.8160412306113177,False
2022,202209020311,0.6839938117832247,False,,枠・コース型,False,枠・コース型|騎手型,False,枠・コース型|騎手型|当日傾向型,False,枠・コース型,0.5567400231689301,False,当日傾向型|枠・コース型,0.7283978772071705,False,レース構造型|枠・コース型|メンバー構成型,0.902064371587272,False,レース構造型|枠・コース型|メンバー構成型|騎手型,0.9534944609816617,False,当日傾向型|レース構造型|枠・コース型|メンバー構成型|騎手型,0.9109883264902577,False,メンバー構成型,False,メンバー構成型|枠・コース型,False,メンバー構成型|枠・コース型|レース構造型,False,メンバー構成型,0.5845995162221475,False,枠・コース型|メンバー構成型,0.8291029583117907,False,レース構造型|枠・コース型|メンバー構成型,0.9447599919527385,False,当日傾向型|レース構造型|枠・コース型|メンバー構成型,0.9573236295894669,False,当日傾向型|レース構造型|枠・コース型|メンバー構成型|騎手型,0.9640127515751302,False
2022,202206020706,0.6834012991656062,False,,当日傾向型,False,当日傾向型|メンバー構成型,False,当日傾向型|メンバー構成型|枠・コース型,False,当日傾向型,0.43594145601780165,False,レース構造型|メンバー構成型,0.6669831359678698,False,当日傾向型|枠・コース型|騎手型,0.8384308510927492,False,当日傾向型|レース構造型|枠・コース型|騎手型,0.9458974414380905,False,当日傾向型|レース構造型|枠・コース型|メンバー構成型|騎手型,0.9674600862711448,False,レース構造型,False,レース構造型|メンバー構成型,False,レース構造型|メンバー構成型|当日傾向型,False,レース構造型,0.5349069259229122,False,当日傾向型|枠・コース型,0.8303125604896835,False,当日傾向型|枠・コース型|メンバー構成型,0.8822670632883497,False,当日傾向型|枠・コース型|メンバー構成型|騎手型,0.9419159492541014,False,当日傾向型|レース構造型|枠・コース型|メンバー構成型|騎手型,0.9493432635920823,False
2022,202201010612,0.6823925986847527,False,,当日傾向型,False,当日傾向型|レース構造型,False,当日傾向型|レース構造型|メンバー構成型,False,当日傾向型,0.590215605192113,False,当日傾向型|騎手型,0.771525338918139,False,当日傾向型|レース構造型|騎手型,0.8997801588274149,False,当日傾向型|レース構造型|メンバー構成型|騎手型,0.9403368782003197,False,当日傾向型|レース構造型|枠・コース型|メンバー構成型|騎手型,0.9487292212284238,False,枠・コース型,False,枠・コース型|レース構造型,False,枠・コース型|レース構造型|メンバー構成型,False,枠・コース型,0.6254484859872381,False,レース構造型|枠・コース型,0.7986362422926145,False,レース構造型|枠・コース型|メンバー構成型,0.9360850783072155,False,レース構造型|枠・コース型|メンバー構成型|騎手型,0.9532000134245227,False,当日傾向型|レース構造型|枠・コース型|メンバー構成型|騎手型,0.9715017500200157,False
2022,202206030112,0.6823265319310867,False,,当日傾向型,False,当日傾向型|枠・コース型,False,当日傾向型|枠・コース型|騎手型,False,当日傾向型,0.5158450395056284,False,当日傾向型|騎手型,0.7142186512374727,False,当日傾向型|レース構造型|メンバー構成型,0.8304689374217705,False,当日傾向型|レース構造型|メンバー構成型|騎手型,0.7989735485918892,False,当日傾向型|レース構造型|枠・コース型|メンバー構成型|騎手型,0.6355960898946593,False,レース構造型,False,レース構造型|枠・コース型,False,レース構造型|枠・コース型|メンバー構成型,False,レース構造型,0.6153892735824648,False,枠・コース型|メンバー構成型,0.9077838503043092,False,レース構造型|枠・コース型|メンバー構成型,0.9378791852300902,False,当日傾向型|レース構造型|枠・コース型|メンバー構成型,0.9263414132602265,False,当日傾向型|レース構造型|枠・コース型|メンバー構成型|騎手型,0.8557404975998221,False
2022,202210010709,0.6820829402645716,False,,枠・コース型,False,枠・コース型|当日傾向型,False,枠・コース型|当日傾向型|レース構造型,False,枠・コース型,0.5771051664860279,False,当日傾向型|枠・コース型,0.8647434377304495,False,レース構造型|枠・コース型|メンバー構成型,0.9311042156215014,False,当日傾向型|レース構造型|枠・コース型|メンバー構成型,0.9750076170870267,False,当日傾向型|レース構造型|枠・コース型|メンバー構成型|騎手型,0.9785960183253699,False,レース構造型,False,レース構造型|枠・コース型,False,レース構造型|枠・コース型|当日傾向型,False,レース構造型,0.6091441987595329,False,レース構造型|騎手型,0.806940162108544,False,当日傾向型|レース構造型|騎手型,0.8473685269281329,False,当日傾向型|レース構造型|枠・コース型|メンバー構成型,0.9448717816187294,False,当日傾向型|レース構造型|枠・コース型|メンバー構成型|騎手型,0.927469785965639,False
2022,202202010104,0.681834770040025,False,,枠・コース型,False,枠・コース型|メンバー構成型,False,枠・コース型|メンバー構成型|レース構造型,False,枠・コース型,0.6282468393478777,False,枠・コース型|騎手型,0.787475531208409,False,レース構造型|枠・コース型|騎手型,0.9366968193573199,False,レース構造型|枠・コース型|メンバー構成型|騎手型,0.9492525762932091,False,当日傾向型|レース構造型|枠・コース型|メンバー構成型|騎手型,0.9453757329614394,False,メンバー構成型,False,メンバー構成型|レース構造型,False,メンバー構成型|レース構造型|枠・コース型,False,メンバー構成型,0.5155383804487282,False,枠・コース型|騎手型,0.777618946467695,False,当日傾向型|レース構造型|枠・コース型,0.9022009039507306,False,当日傾向型|レース構造型|枠・コース型|騎手型,0.9442540537684683,False,当日傾向型|レース構造型|枠・コース型|メンバー構成型|騎手型,0.9677062682627057,False
2022,202209010612,0.6817859570976208,False,,メンバー構成型,False,メンバー構成型|レース構造型,False,メンバー構成型|レース構造型|当日傾向型,False,メンバー構成型,0.6116119576713679,False,枠・コース型|メンバー構成型,0.7338925206481891,False,枠・コース型|メンバー構成型|騎手型,0.8467962267710185,False,レース構造型|枠・コース型|メンバー構成型|騎手型,0.813374634930009,False,当日傾向型|レース構造型|枠・コース型|メンバー構成型|騎手型,0.6001749437713713,False,当日傾向型,False,当日傾向型|レース構造型,False,当日傾向型|レース構造型|メンバー構成型,False,当日傾向型,0.5332028055268554,False,枠・コース型|メンバー構成型,0.8387691058654406,False,レース構造型|枠・コース型|メンバー構成型,0.9189847057925861,False,レース構造型|枠・コース型|メンバー構成型|騎手型,0.9432465147486108,False,当日傾向型|レース構造型|枠・コース型|メンバー構成型|騎手型,0.9730694601286257,False
2022,202205010607,0.6817521714363095,False,,メンバー構成型,False,メンバー構成型|枠・コース型,False,メンバー構成型|枠・コース型|レース構造型,False,メンバー構成型,0.5106750270263307,False,レース構造型|枠・コース型,0.849151731306252,False,当日傾向型|レース構造型|枠・コース型,0.9403145080994239,False,当日傾向型|レース構造型|枠・コース型|メンバー構成型,0.9457978625321554,False,当日傾向型|レース構造型|枠・コース型|メンバー構成型|騎手型,0.898260421857511,False,メンバー構成型,False,メンバー構成型|当日傾向型,False,メンバー構成型|当日傾向型|枠・コース型,False,メンバー構成型,0.36086938737993807,False,枠・コース型|騎手型,0.6278073649731368,False,レース構造型|枠・コース型|メンバー構成型,0.7983314204750611,False,レース構造型|枠・コース型|メンバー構成型|騎手型,0.9423744622693886,False,当日傾向型|レース構造型|枠・コース型|メンバー構成型|騎手型,0.7651859255679407,False
2022,202206040305,0.6807905240934674,False,,レース構造型,False,レース構造型|当日傾向型,False,レース構造型|当日傾向型|枠・コース型,False,レース構造型,0.9273842842082969,False,レース構造型|騎手型,0.9417823999350623,False,レース構造型|メンバー構成型|騎手型,0.9537566264810116,False,当日傾向型|レース構造型|メンバー構成型|騎手型,0.9734367609683835,False,当日傾向型|レース構造型|枠・コース型|メンバー構成型|騎手型,0.9679497211538144,False,レース構造型,False,レース構造型|枠・コース型,False,レース構造型|枠・コース型|メンバー構成型,False,レース構造型,0.8209244548037175,False,レース構造型|騎手型,0.9520062876439755,False,レース構造型|枠・コース型|メンバー構成型,0.9676523475697427,False,当日傾向型|レース構造型|メンバー構成型|騎手型,0.9691159735648887,False,当日傾向型|レース構造型|枠・コース型|メンバー構成型|騎手型,0.9774378288658564,False
2022,202207010611,0.6807848661835567,False,,枠・コース型,False,枠・コース型|メンバー構成型,False,枠・コース型|メンバー構成型|当日傾向型,False,枠・コース型,0.4926501411572752,False,枠・コース型|騎手型,0.7153325963815104,False,レース構造型|枠・コース型|騎手型,0.892095706646026,False,当日傾向型|レース構造型|枠・コース型|騎手型,0.9260368894734692,False,当日傾向型|レース構造型|枠・コース型|メンバー構成型|騎手型,0.9147589730436462,False,レース構造型,False,レース構造型|メンバー構成型,False,レース構造型|メンバー構成型|当日傾向型,False,レース構造型,0.5131369263821968,False,レース構造型|枠・コース型,0.8670475936669371,False,当日傾向型|レース構造型|枠・コース型,0.9301128800505987,False,レース構造型|枠・コース型|メンバー構成型|騎手型,0.9498671257677537,False,当日傾向型|レース構造型|枠・コース型|メンバー構成型|騎手型,0.966670579194182,False
2022,202205040411,0.6806435042586347,False,,レース構造型,False,レース構造型|メンバー構成型,False,レース構造型|メンバー構成型|枠・コース型,False,レース構造型,0.42114503076533183,False,レース構造型|メンバー構成型,0.8175331141450339,False,レース構造型|枠・コース型|メンバー構成型,0.9201253740462328,False,当日傾向型|レース構造型|枠・コース型|メンバー構成型,0.9359258390749475,False,当日傾向型|レース構造型|枠・コース型|メンバー構成型|騎手型,0.8825819480223828,False,レース構造型,False,レース構造型|枠・コース型,False,レース構造型|枠・コース型|メンバー構成型,False,レース構造型,0.560473219970602,False,枠・コース型|メンバー構成型,0.8374736918572641,False,レース構造型|枠・コース型|メンバー構成型,0.9323486236615691,False,レース構造型|枠・コース型|メンバー構成型|騎手型,0.9546653071906064,False,当日傾向型|レース構造型|枠・コース型|メンバー構成型|騎手型,0.9014538814733202,False
2022,202209060806,0.6801999281358981,True,レース構造型,レース構造型,True,レース構造型|枠・コース型,True,レース構造型|枠・コース型|メンバー構成型,True,レース構造型,0.9516246007793283,True,当日傾向型|レース構造型,0.9565581339313965,True,当日傾向型|レース構造型|メンバー構成型,0.9710684482540891,True,当日傾向型|レース構造型|枠・コース型|騎手型,0.9787534680613696,True,当日傾向型|レース構造型|枠・コース型|メンバー構成型|騎手型,0.9788897594200834,True,レース構造型,True,レース構造型|メンバー構成型,True,レース構造型|メンバー構成型|枠・コース型,True,レース構造型,0.9108277494228618,True,レース構造型|メンバー構成型,0.9364020466963552,True,レース構造型|枠・コース型|メンバー構成型,0.9767541456515112,True,レース構造型|枠・コース型|メンバー構成型|騎手型,0.9658738492122538,True,当日傾向型|レース構造型|枠・コース型|メンバー構成型|騎手型,0.9700873157232089,True
2022,202205020310,0.6800128981038136,False,,当日傾向型,False,当日傾向型|レース構造型,False,当日傾向型|レース構造型|枠・コース型,False,当日傾向型,0.3255186719611011,False,当日傾向型|枠・コース型,0.7113636822572934,False,当日傾向型|枠・コース型|メンバー構成型,0.7603648510829463,False,当日傾向型|レース構造型|枠・コース型|メンバー構成型,0.8168031379580649,False,当日傾向型|レース構造型|枠・コース型|メンバー構成型|騎手型,0.784764174893232,False,当日傾向型,False,当日傾向型|枠・コース型,False,当日傾向型|枠・コース型|レース構造型,False,当日傾向型,0.6706697578004495,False,枠・コース型|メンバー構成型,0.7759797703845055,False,レース構造型|枠・コース型|メンバー構成型,0.9083159931476853,False,レース構造型|枠・コース型|メンバー構成型|騎手型,0.9214246747844208,False,当日傾向型|レース構造型|枠・コース型|メンバー構成型|騎手型,0.9506319256097343,False
2022,202205040809,0.6798580289790451,False,,メンバー構成型,False,メンバー構成型|当日傾向型,False,メンバー構成型|当日傾向型|枠・コース型,False,メンバー構成型,0.3981961876743419,False,枠・コース型|メンバー構成型,0.6840561288967753,False,当日傾向型|レース構造型|メンバー構成型,0.8125692486169546,False,レース構造型|枠・コース型|メンバー構成型|騎手型,0.8961921301272747,False,当日傾向型|レース構造型|枠・コース型|メンバー構成型|騎手型,0.7705966910562537,False,メンバー構成型,False,メンバー構成型|枠・コース型,False,メンバー構成型|枠・コース型|レース構造型,False,メンバー構成型,0.5126240356910314,False,枠・コース型|メンバー構成型,0.8511752538090338,False,当日傾向型|枠・コース型|騎手型,0.8636636895821677,False,当日傾向型|レース構造型|枠・コース型|メンバー構成型,0.9057900635107746,False,当日傾向型|レース構造型|枠・コース型|メンバー構成型|騎手型,0.7137410653184229,False
2022,202204030103,0.6794999613500889,False,,メンバー構成型,False,メンバー構成型|枠・コース型,False,メンバー構成型|枠・コース型|レース構造型,False,メンバー構成型,0.5052119070096821,False,枠・コース型|メンバー構成型,0.8268666194051453,False,枠・コース型|メンバー構成型|騎手型,0.8761540222956437,False,当日傾向型|レース構造型|枠・コース型|メンバー構成型,0.9439637237512155,False,当日傾向型|レース構造型|枠・コース型|メンバー構成型|騎手型,0.9345310029642496,False,騎手型,False,騎手型|メンバー構成型,False,騎手型|メンバー構成型|枠・コース型,False,騎手型,0.5646085768869021,False,枠・コース型|騎手型,0.7128401365380859,False,当日傾向型|枠・コース型|騎手型,0.8379333651388134,False,当日傾向型|レース構造型|枠・コース型|騎手型,0.8287021137234046,False,当日傾向型|レース構造型|枠・コース型|メンバー構成型|騎手型,0.9228201453056228,False
2022,202206050703,0.679496714902991,False,,当日傾向型,False,当日傾向型|メンバー構成型,False,当日傾向型|メンバー構成型|騎手型,False,当日傾向型,0.48780892483507887,False,枠・コース型|メンバー構成型,0.74704123492134,False,レース構造型|メンバー構成型|騎手型,0.908762482195735,False,当日傾向型|レース構造型|メンバー構成型|騎手型,0.9349002039134723,False,当日傾向型|レース構造型|枠・コース型|メンバー構成型|騎手型,0.9569250098710779,False,枠・コース型,False,枠・コース型|メンバー構成型,False,枠・コース型|メンバー構成型|当日傾向型,False,枠・コース型,0.3017050397194891,False,枠・コース型|メンバー構成型,0.6280705026479594,False,当日傾向型|メンバー構成型|騎手型,0.8149394765232776,False,当日傾向型|枠・コース型|メンバー構成型|騎手型,0.9088289626961251,False,当日傾向型|レース構造型|枠・コース型|メンバー構成型|騎手型,0.9736467726719089,False
2022,202209040807,0.6786963244120835,False,,枠・コース型,False,枠・コース型|メンバー構成型,False,枠・コース型|メンバー構成型|レース構造型,False,枠・コース型,0.3860258656815924,False,枠・コース型|騎手型,0.711656654354141,False,レース構造型|枠・コース型|騎手型,0.7800395061248822,False,レース構造型|枠・コース型|メンバー構成型|騎手型,0.7978255579250778,False,当日傾向型|レース構造型|枠・コース型|メンバー構成型|騎手型,0.5903400835521521,False,レース構造型,False,レース構造型|メンバー構成型,False,レース構造型|メンバー構成型|枠・コース型,False,レース構造型,0.5298461535049307,False,レース構造型|メンバー構成型,0.7135890602124767,False,当日傾向型|レース構造型|メンバー構成型,0.7990081948714693,False,レース構造型|枠・コース型|メンバー構成型|騎手型,0.8842309140823007,False,当日傾向型|レース構造型|枠・コース型|メンバー構成型|騎手型,0.9096675714693612,False
2022,202206020609,0.6786674072877288,False,,レース構造型,False,レース構造型|枠・コース型,False,レース構造型|枠・コース型|当日傾向型,False,レース構造型,0.4055686344587776,False,枠・コース型|メンバー構成型,0.5865477632757283,False,当日傾向型|枠・コース型|メンバー構成型,0.7713683082803565,False,当日傾向型|枠・コース型|メンバー構成型|騎手型,0.751820188948694,False,当日傾向型|レース構造型|枠・コース型|メンバー構成型|騎手型,0.7933915110024566,False,枠・コース型,False,枠・コース型|レース構造型,False,枠・コース型|レース構造型|当日傾向型,False,枠・コース型,0.5553093921989144,False,枠・コース型|メンバー構成型,0.8185589640958187,False,レース構造型|枠・コース型|メンバー構成型,0.9102134166263469,False,当日傾向型|レース構造型|枠・コース型|メンバー構成型,0.9555309395264752,False,当日傾向型|レース構造型|枠・コース型|メンバー構成型|騎手型,0.8934689100159897,False
2022,202207050607,0.6775440376981366,False,,当日傾向型,False,当日傾向型|枠・コース型,False,当日傾向型|枠・コース型|メンバー構成型,False,当日傾向型,0.7512698927193553,False,当日傾向型|枠・コース型,0.8879907865465269,False,当日傾向型|枠・コース型|メンバー構成型,0.9407563899317987,False,当日傾向型|枠・コース型|メンバー構成型|騎手型,0.9666862768594254,False,当日傾向型|レース構造型|枠・コース型|メンバー構成型|騎手型,0.9520067889461455,False,当日傾向型,False,当日傾向型|メンバー構成型,False,当日傾向型|メンバー構成型|レース構造型,False,当日傾向型,0.616712761491431,False,当日傾向型|メンバー構成型,0.8055591455228477,False,当日傾向型|枠・コース型|メンバー構成型,0.9442900340276225,False,当日傾向型|枠・コース型|メンバー構成型|騎手型,0.9146820652726227,False,当日傾向型|レース構造型|枠・コース型|メンバー構成型|騎手型,0.8416561432348095,False
2022,202205050711,0.6774688443466074,False,,レース構造型,False,レース構造型|枠・コース型,False,レース構造型|枠・コース型|当日傾向型,False,レース構造型,0.7271193862820826,False,レース構造型|枠・コース型,0.8237357677671924,False,レース構造型|枠・コース型|メンバー構成型,0.9123573030693443,False,当日傾向型|レース構造型|枠・コース型|メンバー構成型,0.9205663706960142,False,当日傾向型|レース構造型|枠・コース型|メンバー構成型|騎手型,0.887698227129158,False,枠・コース型,False,枠・コース型|当日傾向型,False,枠・コース型|当日傾向型|メンバー構成型,False,枠・コース型,0.673467602339004,False,枠・コース型|メンバー構成型,0.8412506593135003,False,レース構造型|枠・コース型|メンバー構成型,0.8449669235253437,False,当日傾向型|レース構造型|枠・コース型|メンバー構成型,0.8327166082086377,False,当日傾向型|レース構造型|枠・コース型|メンバー構成型|騎手型,0.8461855203646769,False
2022,202209010411,0.6769044148713861,False,,メンバー構成型,False,メンバー構成型|レース構造型,False,メンバー構成型|レース構造型|枠・コース型,False,メンバー構成型,0.38683397281214277,False,レース構造型|枠・コース型,0.8057116347876713,False,レース構造型|枠・コース型|メンバー構成型,0.8544038644258577,False,レース構造型|枠・コース型|メンバー構成型|騎手型,0.9549905080467223,False,当日傾向型|レース構造型|枠・コース型|メンバー構成型|騎手型,0.9242447662298707,False,レース構造型,False,レース構造型|メンバー構成型,False,レース構造型|メンバー構成型|枠・コース型,False,レース構造型,0.49831314141412564,False,レース構造型|メンバー構成型,0.6834002234227957,False,レース構造型|枠・コース型|メンバー構成型,0.9212271967714558,False,当日傾向型|レース構造型|枠・コース型|メンバー構成型,0.9632915246372791,False,当日傾向型|レース構造型|枠・コース型|メンバー構成型|騎手型,0.9586660310323145,False
2022,202205010704,0.6768059208794791,False,,レース構造型,False,レース構造型|当日傾向型,False,レース構造型|当日傾向型|メンバー構成型,False,レース構造型,0.9410305236451155,False,レース構造型|メンバー構成型,0.9509524023760723,False,レース構造型|枠・コース型|メンバー構成型,0.9726446297551913,False,当日傾向型|レース構造型|枠・コース型|メンバー構成型,0.9758109350698139,False,当日傾向型|レース構造型|枠・コース型|メンバー構成型|騎手型,0.9394633548551895,False,レース構造型,False,レース構造型|枠・コース型,False,レース構造型|枠・コース型|当日傾向型,False,レース構造型,0.7854871555903883,False,レース構造型|メンバー構成型,0.9051119423149224,False,当日傾向型|レース構造型|メンバー構成型,0.9205960219458984,False,当日傾向型|レース構造型|枠・コース型|メンバー構成型,0.9564680500623008,False,当日傾向型|レース構造型|枠・コース型|メンバー構成型|騎手型,0.9338884285078991,False
2022,202209040107,0.6765775648831184,False,,枠・コース型,False,枠・コース型|メンバー構成型,False,枠・コース型|メンバー構成型|騎手型,False,枠・コース型,0.5619370209320551,False,当日傾向型|枠・コース型,0.7557898794800539,False,当日傾向型|枠・コース型|メンバー構成型,0.8719357863925922,False,レース構造型|枠・コース型|メンバー構成型|騎手型,0.8758913397724564,False,当日傾向型|レース構造型|枠・コース型|メンバー構成型|騎手型,0.8880253857881544,False,メンバー構成型,False,メンバー構成型|枠・コース型,False,メンバー構成型|枠・コース型|レース構造型,False,メンバー構成型,0.5348187176884472,False,枠・コース型|騎手型,0.8459024513000325,False,レース構造型|枠・コース型|メンバー構成型,0.8398215290745905,False,レース構造型|枠・コース型|メンバー構成型|騎手型,0.8798975679309688,False,当日傾向型|レース構造型|枠・コース型|メンバー構成型|騎手型,0.7209805353082803,False
2022,202203020204,0.6762472979711026,False,,レース構造型,False,レース構造型|メンバー構成型,False,レース構造型|メンバー構成型|騎手型,False,レース構造型,0.6710257562171751,False,レース構造型|メンバー構成型,0.8122742179569832,False,レース構造型|メンバー構成型|騎手型,0.8966231800184542,False,当日傾向型|レース構造型|枠・コース型|メンバー構成型,0.9423725443749912,False,当日傾向型|レース構造型|枠・コース型|メンバー構成型|騎手型,0.9348925016519305,False,枠・コース型,False,枠・コース型|メンバー構成型,False,枠・コース型|メンバー構成型|騎手型,False,枠・コース型,0.7108371156322953,False,レース構造型|枠・コース型,0.8486434959265067,False,レース構造型|枠・コース型|メンバー構成型,0.9429714390960052,False,レース構造型|枠・コース型|メンバー構成型|騎手型,0.9732078743122987,False,当日傾向型|レース構造型|枠・コース型|メンバー構成型|騎手型,0.9776965023942228,False
2022,202206020306,0.676177151971915,False,,レース構造型,False,レース構造型|当日傾向型,False,レース構造型|当日傾向型|騎手型,False,レース構造型,0.3984570450710741,False,レース構造型|メンバー構成型,0.7958934533722596,False,当日傾向型|レース構造型|メンバー構成型,0.8970024490901645,False,当日傾向型|レース構造型|メンバー構成型|騎手型,0.8556907513954892,False,当日傾向型|レース構造型|枠・コース型|メンバー構成型|騎手型,0.7701793217944606,False,枠・コース型,False,枠・コース型|当日傾向型,False,枠・コース型|当日傾向型|メンバー構成型,False,枠・コース型,0.3180839154083848,False,当日傾向型|騎手型,0.669246777391571,False,レース構造型|枠・コース型|メンバー構成型,0.8729471768376539,False,当日傾向型|レース構造型|枠・コース型|騎手型,0.9694132357633202,False,当日傾向型|レース構造型|枠・コース型|メンバー構成型|騎手型,0.9710953988455172,False
2022,202207040301,0.6758476847269984,False,,枠・コース型,False,枠・コース型|当日傾向型,False,枠・コース型|当日傾向型|メンバー構成型,False,枠・コース型,0.5405976123850512,False,メンバー構成型|騎手型,0.7010622163440825,False,当日傾向型|枠・コース型|メンバー構成型,0.8565805254487248,False,当日傾向型|レース構造型|枠・コース型|騎手型,0.812382978179712,False,当日傾向型|レース構造型|枠・コース型|メンバー構成型|騎手型,0.8304755848409351,False,枠・コース型,False,枠・コース型|レース構造型,False,枠・コース型|レース構造型|騎手型,False,枠・コース型,0.5948772249816887,False,レース構造型|メンバー構成型,0.8246532442710345,False,当日傾向型|レース構造型|メンバー構成型,0.8968777954903968,False,当日傾向型|枠・コース型|メンバー構成型|騎手型,0.8992924549974234,False,当日傾向型|レース構造型|枠・コース型|メンバー構成型|騎手型,0.8874646321821907,False
2022,202201010403,0.6752092383856325,False,,騎手型,False,騎手型|メンバー構成型,False,騎手型|メンバー構成型|当日傾向型,False,騎手型,0.3076433511653936,False,枠・コース型|騎手型,0.7818927033455202,False,当日傾向型|枠・コース型|騎手型,0.9130879872437537,False,当日傾向型|レース構造型|枠・コース型|騎手型,0.8990564000242149,False,当日傾向型|レース構造型|枠・コース型|メンバー構成型|騎手型,0.8787432529219411,False,メンバー構成型,False,メンバー構成型|騎手型,False,メンバー構成型|騎手型|レース構造型,False,メンバー構成型,0.4585273224214829,False,メンバー構成型|騎手型,0.6954723520411101,False,レース構造型|枠・コース型|メンバー構成型,0.8511469826483414,False,当日傾向型|枠・コース型|メンバー構成型|騎手型,0.9584125584505551,False,当日傾向型|レース構造型|枠・コース型|メンバー構成型|騎手型,0.9441940868443094,False
2022,202210040308,0.6742897763336468,True,当日傾向型,枠・コース型,False,枠・コース型|メンバー構成型,False,枠・コース型|メンバー構成型|当日傾向型,True,枠・コース型,0.7282988069396488,False,枠・コース型|メンバー構成型,0.8322353375919881,False,レース構造型|枠・コース型|騎手型,0.9085602549655868,False,当日傾向型|レース構造型|メンバー構成型|騎手型,0.9678564004749465,True,当日傾向型|レース構造型|枠・コース型|メンバー構成型|騎手型,0.9089408894197988,True,レース構造型,False,レース構造型|メンバー構成型,False,レース構造型|メンバー構成型|当日傾向型,True,レース構造型,0.6319527109722369,False,レース構造型|騎手型,0.8577655619201204,False,当日傾向型|レース構造型|騎手型,0.9064053153677801,True,当日傾向型|レース構造型|メンバー構成型|騎手型,0.9235076027465198,True,当日傾向型|レース構造型|枠・コース型|メンバー構成型|騎手型,0.8674281195974672,True
2022,202201010303,0.6740180015276025,False,,レース構造型,False,レース構造型|メンバー構成型,False,レース構造型|メンバー構成型|騎手型,False,レース構造型,0.6183914406751563,False,当日傾向型|レース構造型,0.7494878950705159,False,レース構造型|枠・コース型|騎手型,0.8374286135500927,False,当日傾向型|レース構造型|枠・コース型|メンバー構成型,0.9424567694350463,False,当日傾向型|レース構造型|枠・コース型|メンバー構成型|騎手型,0.8796523734903867,False,レース構造型,False,レース構造型|騎手型,False,レース構造型|騎手型|メンバー構成型,False,レース構造型,0.4389932915309684,False,当日傾向型|レース構造型,0.6433610125104307,False,レース構造型|枠・コース型|騎手型,0.910079709083266,False,当日傾向型|レース構造型|枠・コース型|騎手型,0.9542327073491272,False,当日傾向型|レース構造型|枠・コース型|メンバー構成型|騎手型,0.968866025624578,False
2022,202205050306,0.6723466610952267,False,,メンバー構成型,False,メンバー構成型|レース構造型,False,メンバー構成型|レース構造型|枠・コース型,False,メンバー構成型,0.37716090594061724,False,当日傾向型|レース構造型,0.7290742847747691,False,当日傾向型|枠・コース型|騎手型,0.882821521741416,False,当日傾向型|レース構造型|枠・コース型|騎手型,0.7983066897954986,False,当日傾向型|レース構造型|枠・コース型|メンバー構成型|騎手型,0.8895193461698087,False,当日傾向型,False,当日傾向型|メンバー構成型,False,当日傾向型|メンバー構成型|レース構造型,False,当日傾向型,0.4477082064854877,False,当日傾向型|メンバー構成型,0.7309330041082015,False,当日傾向型|レース構造型|メンバー構成型,0.8239853292938406,False,当日傾向型|レース構造型|枠・コース型|騎手型,0.8855194765899826,False,当日傾向型|レース構造型|枠・コース型|メンバー構成型|騎手型,0.7867006461982052,False
2022,202207010304,0.6719571531737613,False,,メンバー構成型,False,メンバー構成型|レース構造型,False,メンバー構成型|レース構造型|枠・コース型,False,メンバー構成型,0.4787977958058474,False,レース構造型|枠・コース型,0.6159872135669756,False,レース構造型|枠・コース型|メンバー構成型,0.7933579045329108,False,当日傾向型|レース構造型|枠・コース型|メンバー構成型,0.8380739258171394,False,当日傾向型|レース構造型|枠・コース型|メンバー構成型|騎手型,0.7536634894244959,False,当日傾向型,False,当日傾向型|レース構造型,False,当日傾向型|レース構造型|枠・コース型,False,当日傾向型,0.4875036349786563,False,当日傾向型|メンバー構成型,0.8210925994575269,False,レース構造型|枠・コース型|メンバー構成型,0.8530115506760427,False,当日傾向型|レース構造型|枠・コース型|メンバー構成型,0.9001391189276701,False,当日傾向型|レース構造型|枠・コース型|メンバー構成型|騎手型,0.9133629961617385,False
2022,202205030409,0.6715336566983623,False,,枠・コース型,False,枠・コース型|レース構造型,False,枠・コース型|レース構造型|当日傾向型,False,枠・コース型,0.4452929740846051,False,レース構造型|枠・コース型,0.7355099299694084,False,レース構造型|枠・コース型|騎手型,0.8147432932813222,False,当日傾向型|レース構造型|枠・コース型|騎手型,0.8917491785620403,False,当日傾向型|レース構造型|枠・コース型|メンバー構成型|騎手型,0.8313786425829763,False,メンバー構成型,False,メンバー構成型|レース構造型,False,メンバー構成型|レース構造型|枠・コース型,False,メンバー構成型,0.411771431534622,False,枠・コース型|メンバー構成型,0.749534988023888,False,当日傾向型|レース構造型|メンバー構成型,0.806892585860554,False,当日傾向型|レース構造型|メンバー構成型|騎手型,0.8333953077231567,False,当日傾向型|レース構造型|枠・コース型|メンバー構成型|騎手型,0.8718117469813875,False
2022,202210010702,0.67143012559145,False,,当日傾向型,False,当日傾向型|騎手型,False,当日傾向型|騎手型|メンバー構成型,False,当日傾向型,0.47482823443457167,False,レース構造型|枠・コース型,0.5036157372837939,False,当日傾向型|レース構造型|メンバー構成型,0.7036640885063473,False,当日傾向型|レース構造型|枠・コース型|騎手型,0.8256540084289903,False,当日傾向型|レース構造型|枠・コース型|メンバー構成型|騎手型,0.8990934866338175,False,レース構造型,False,レース構造型|メンバー構成型,False,レース構造型|メンバー構成型|枠・コース型,False,レース構造型,0.5660031136063374,False,レース構造型|メンバー構成型,0.7530002166227785,False,当日傾向型|枠・コース型|メンバー構成型,0.8615422751345814,False,当日傾向型|レース構造型|枠・コース型|メンバー構成型,0.8983916290369957,False,当日傾向型|レース構造型|枠・コース型|メンバー構成型|騎手型,0.9065755929483716,False
2022,202201010104,0.6705489122099587,True,枠・コース型|メンバー構成型|騎手型,レース構造型,False,レース構造型|枠・コース型,True,レース構造型|枠・コース型|騎手型,True,レース構造型,0.3658570071955039,False,レース構造型|枠・コース型,0.7459191028743632,True,レース構造型|枠・コース型|騎手型,0.8900082915977094,True,レース構造型|枠・コース型|メンバー構成型|騎手型,0.9729424955098681,True,当日傾向型|レース構造型|枠・コース型|メンバー構成型|騎手型,0.9529059555800601,True,レース構造型,False,レース構造型|当日傾向型,False,レース構造型|当日傾向型|枠・コース型,True,レース構造型,0.5059606440732952,False,レース構造型|枠・コース型,0.8931526778921064,True,レース構造型|枠・コース型|騎手型,0.9505676542304785,True,当日傾向型|レース構造型|枠・コース型|騎手型,0.9790118758463037,True,当日傾向型|レース構造型|枠・コース型|メンバー構成型|騎手型,0.989881428416705,True
2022,202205040412,0.6704166952791057,True,レース構造型|騎手型,メンバー構成型,False,メンバー構成型|当日傾向型,False,メンバー構成型|当日傾向型|枠・コース型,False,メンバー構成型,0.33687730167793345,False,枠・コース型|メンバー構成型,0.7264935287233003,False,枠・コース型|メンバー構成型|騎手型,0.8845197704704486,True,当日傾向型|枠・コース型|メンバー構成型|騎手型,0.8884939848520824,True,当日傾向型|レース構造型|枠・コース型|メンバー構成型|騎手型,0.8819894104776685,True,枠・コース型,False,枠・コース型|当日傾向型,False,枠・コース型|当日傾向型|メンバー構成型,False,枠・コース型,0.33019258351527525,False,レース構造型|枠・コース型,0.77670942507311,True,レース構造型|枠・コース型|メンバー構成型,0.944725161363216,True,レース構造型|枠・コース型|メンバー構成型|騎手型,0.9594591334601003,True,当日傾向型|レース構造型|枠・コース型|メンバー構成型|騎手型,0.916768014949811,True
2022,202209010509,0.6701207720343683,False,,枠・コース型,False,枠・コース型|メンバー構成型,False,枠・コース型|メンバー構成型|騎手型,False,枠・コース型,0.4742833222237905,False,枠・コース型|メンバー構成型,0.8436372755420376,False,枠・コース型|メンバー構成型|騎手型,0.8145355168389437,False,レース構造型|枠・コース型|メンバー構成型|騎手型,0.8579494258844254,False,当日傾向型|レース構造型|枠・コース型|メンバー構成型|騎手型,0.8434503435315828,False,メンバー構成型,False,メンバー構成型|枠・コース型,False,メンバー構成型|枠・コース型|レース構造型,False,メンバー構成型,0.6549996986587386,False,レース構造型|枠・コース型,0.9205448576346057,False,レース構造型|枠・コース型|メンバー構成型,0.945561306120762,False,当日傾向型|枠・コース型|メンバー構成型|騎手型,0.9671745121598844,False,当日傾向型|レース構造型|枠・コース型|メンバー構成型|騎手型,0.9712664136008671,False
2022,202205010301,0.6700772178411841,False,,枠・コース型,False,枠・コース型|メンバー構成型,False,枠・コース型|メンバー構成型|騎手型,False,枠・コース型,0.34034499806518465,False,レース構造型|メンバー構成型,0.7806286685073331,False,レース構造型|枠・コース型|メンバー構成型,0.9142306493997421,False,レース構造型|枠・コース型|メンバー構成型|騎手型,0.9570825444916756,False,当日傾向型|レース構造型|枠・コース型|メンバー構成型|騎手型,0.9568339960844437,False,枠・コース型,False,枠・コース型|メンバー構成型,False,枠・コース型|メンバー構成型|騎手型,False,枠・コース型,0.3424069810241269,False,枠・コース型|騎手型,0.7981318144874845,False,レース構造型|枠・コース型|メンバー構成型,0.8957582005841119,False,当日傾向型|レース構造型|枠・コース型|メンバー構成型,0.9560361717811762,False,当日傾向型|レース構造型|枠・コース型|メンバー構成型|騎手型,0.9468349056954775,False
2022,202206020611,0.6700627927543645,True,当日傾向型|メンバー構成型,当日傾向型,True,当日傾向型|レース構造型,True,当日傾向型|レース構造型|枠・コース型,True,当日傾向型,0.6527471277144733,True,枠・コース型|メンバー構成型,0.8754578565390005,True,当日傾向型|レース構造型|枠・コース型,0.9023800947273806,True,レース構造型|枠・コース型|メンバー構成型|騎手型,0.9426888802114252,True,当日傾向型|レース構造型|枠・コース型|メンバー構成型|騎手型,0.9492684772330273,True,当日傾向型,True,当日傾向型|枠・コース型,True,当日傾向型|枠・コース型|レース構造型,True,当日傾向型,0.7475462217414811,True,当日傾向型|レース構造型,0.8188905514291915,True,当日傾向型|枠・コース型|騎手型,0.8709613777967297,True,当日傾向型|レース構造型|枠・コース型|騎手型,0.8975852158216984,True,当日傾向型|レース構造型|枠・コース型|メンバー構成型|騎手型,0.8729408289627137,True
2022,202203020411,0.6696016221138579,True,メンバー構成型,メンバー構成型,True,メンバー構成型|当日傾向型,True,メンバー構成型|当日傾向型|枠・コース型,True,メンバー構成型,0.41952858441225,True,メンバー構成型|騎手型,0.6835473972094397,True,当日傾向型|枠・コース型|メンバー構成型,0.8878775381836197,True,当日傾向型|レース構造型|枠・コース型|メンバー構成型,0.8760933102319127,True,当日傾向型|レース構造型|枠・コース型|メンバー構成型|騎手型,0.8104407789452511,True,メンバー構成型,True,メンバー構成型|枠・コース型,True,メンバー構成型|枠・コース型|レース構造型,True,メンバー構成型,0.644776882806935,True,枠・コース型|メンバー構成型,0.8544122849412763,True,当日傾向型|レース構造型|メンバー構成型,0.9271355593737097,True,当日傾向型|枠・コース型|メンバー構成型|騎手型,0.9448988373357099,True,当日傾向型|レース構造型|枠・コース型|メンバー構成型|騎手型,0.9401124911401748,True
2022,202209040910,0.6695644147488229,False,,騎手型,False,騎手型|レース構造型,False,騎手型|レース構造型|メンバー構成型,False,騎手型,0.46246363135731383,False,レース構造型|騎手型,0.7500304376141529,False,レース構造型|枠・コース型|騎手型,0.8791002059717518,False,レース構造型|枠・コース型|メンバー構成型|騎手型,0.9367679361134654,False,当日傾向型|レース構造型|枠・コース型|メンバー構成型|騎手型,0.8819442414048554,False,レース構造型,False,レース構造型|メンバー構成型,False,レース構造型|メンバー構成型|枠・コース型,False,レース構造型,0.47726472872206666,False,当日傾向型|メンバー構成型,0.719457673498865,False,レース構造型|枠・コース型|メンバー構成型,0.856350007422911,False,レース構造型|枠・コース型|メンバー構成型|騎手型,0.8855586854271,False,当日傾向型|レース構造型|枠・コース型|メンバー構成型|騎手型,0.9085645080200192,False
2022,202207050208,0.6692716881558199,False,,メンバー構成型,False,メンバー構成型|枠・コース型,False,メンバー構成型|枠・コース型|騎手型,False,メンバー構成型,0.6352603382193778,False,当日傾向型|メンバー構成型,0.7765705931317015,False,当日傾向型|レース構造型|騎手型,0.8545698735281644,False,当日傾向型|レース構造型|枠・コース型|騎手型,0.911382337006612,False,当日傾向型|レース構造型|枠・コース型|メンバー構成型|騎手型,0.9179406803135597,False,メンバー構成型,False,メンバー構成型|レース構造型,False,メンバー構成型|レース構造型|騎手型,False,メンバー構成型,0.5628229176309099,False,枠・コース型|騎手型,0.8756787019153132,False,当日傾向型|枠・コース型|メンバー構成型,0.9130924951838516,False,当日傾向型|レース構造型|枠・コース型|騎手型,0.9452205401318913,False,当日傾向型|レース構造型|枠・コース型|メンバー構成型|騎手型,0.9666516989003128,False
2022,202205010211,0.6692255932784559,True,枠・コース型|メンバー構成型,当日傾向型,False,当日傾向型|枠・コース型,True,当日傾向型|枠・コース型|メンバー構成型,True,当日傾向型,0.601738955996968,False,枠・コース型|騎手型,0.8233174168605788,True,当日傾向型|枠・コース型|騎手型,0.8676890616956074,True,当日傾向型|レース構造型|枠・コース型|騎手型,0.8276624386145242,True,当日傾向型|レース構造型|枠・コース型|メンバー構成型|騎手型,0.8798255460459455,True,メンバー構成型,True,メンバー構成型|レース構造型,True,メンバー構成型|レース構造型|枠・コース型,True,メンバー構成型,0.6188012359298529,True,枠・コース型|メンバー構成型,0.8470613855698405,True,レース構造型|枠・コース型|メンバー構成型,0.9139169586843909,True,当日傾向型|レース構造型|枠・コース型|メンバー構成型,0.9116111219957166,True,当日傾向型|レース構造型|枠・コース型|メンバー構成型|騎手型,0.8529422166531286,True
2022,202209020412,0.6689189058392737,False,,レース構造型,False,レース構造型|騎手型,False,レース構造型|騎手型|メンバー構成型,False,レース構造型,0.48397686244084703,False,レース構造型|メンバー構成型,0.8492915711205015,False,当日傾向型|レース構造型|メンバー構成型,0.9013913067147116,False,レース構造型|枠・コース型|メンバー構成型|騎手型,0.936561735712809,False,当日傾向型|レース構造型|枠・コース型|メンバー構成型|騎手型,0.948560669492145,False,メンバー構成型,False,メンバー構成型|レース構造型,False,メンバー構成型|レース構造型|枠・コース型,False,メンバー構成型,0.5352195779358125,False,当日傾向型|メンバー構成型,0.7958176954025632,False,当日傾向型|レース構造型|メンバー構成型,0.9093040569378864,False,当日傾向型|レース構造型|メンバー構成型|騎手型,0.9549091446262006,False,当日傾向型|レース構造型|枠・コース型|メンバー構成型|騎手型,0.9517550607890055,False
2022,202207060107,0.6678714457920967,False,,枠・コース型,False,枠・コース型|当日傾向型,False,枠・コース型|当日傾向型|メンバー構成型,False,枠・コース型,0.8137036906414431,False,当日傾向型|騎手型,0.851201396703497,False,レース構造型|枠・コース型|騎手型,0.9099544124771569,False,当日傾向型|レース構造型|枠・コース型|騎手型,0.9072832870044895,False,当日傾向型|レース構造型|枠・コース型|メンバー構成型|騎手型,0.760558791298982,False,当日傾向型,False,当日傾向型|枠・コース型,False,当日傾向型|枠・コース型|メンバー構成型,False,当日傾向型,0.6034517226613889,False,当日傾向型|メンバー構成型,0.8764810900183577,False,当日傾向型|レース構造型|騎手型,0.87528811842577,False,当日傾向型|枠・コース型|メンバー構成型|騎手型,0.953134856350567,False,当日傾向型|レース構造型|枠・コース型|メンバー構成型|騎手型,0.8615212977493439,False
2022,202201020612,0.6676522009154227,True,当日傾向型|レース構造型|枠・コース型,レース構造型,True,レース構造型|メンバー構成型,True,レース構造型|メンバー構成型|当日傾向型,True,レース構造型,0.42108361141867773,True,当日傾向型|レース構造型,0.720015920971724,True,レース構造型|枠・コース型|騎手型,0.9051115152634263,True,レース構造型|枠・コース型|メンバー構成型|騎手型,0.9584703692398046,True,当日傾向型|レース構造型|枠・コース型|メンバー構成型|騎手型,0.9323806591869479,True,レース構造型,True,レース構造型|メンバー構成型,True,レース構造型|メンバー構成型|当日傾向型,True,レース構造型,0.5549915102110592,True,レース構造型|枠・コース型,0.8836038977562748,True,レース構造型|枠・コース型|メンバー構成型,0.9491257963265225,True,レース構造型|枠・コース型|メンバー構成型|騎手型,0.9801905461181667,True,当日傾向型|レース構造型|枠・コース型|メンバー構成型|騎手型,0.8966244694725833,True
2022,202207040310,0.6672801751848761,False,,メンバー構成型,False,メンバー構成型|当日傾向型,False,メンバー構成型|当日傾向型|枠・コース型,False,メンバー構成型,0.49436392671348994,False,枠・コース型|メンバー構成型,0.7944670246260729,False,当日傾向型|メンバー構成型|騎手型,0.9367862613393241,False,当日傾向型|枠・コース型|メンバー構成型|騎手型,0.9522216194321118,False,当日傾向型|レース構造型|枠・コース型|メンバー構成型|騎手型,0.955200964051805,False,メンバー構成型,False,メンバー構成型|枠・コース型,False,メンバー構成型|枠・コース型|レース構造型,False,メンバー構成型,0.5196750461361147,False,枠・コース型|メンバー構成型,0.8714147989157204,False,レース構造型|枠・コース型|メンバー構成型,0.9084465427254373,False,レース構造型|枠・コース型|メンバー構成型|騎手型,0.939616919412578,False,当日傾向型|レース構造型|枠・コース型|メンバー構成型|騎手型,0.9794763395930551,False
2022,202209020811,0.667203155113882,False,,メンバー構成型,False,メンバー構成型|枠・コース型,False,メンバー構成型|枠・コース型|レース構造型,False,メンバー構成型,0.6852668200529629,False,レース構造型|メンバー構成型,0.7608789026691191,False,レース構造型|枠・コース型|メンバー構成型,0.9013799695811462,False,レース構造型|枠・コース型|メンバー構成型|騎手型,0.9406391022399989,False,当日傾向型|レース構造型|枠・コース型|メンバー構成型|騎手型,0.8962168487251786,False,メンバー構成型,False,メンバー構成型|レース構造型,False,メンバー構成型|レース構造型|当日傾向型,False,メンバー構成型,0.5458104975794814,False,枠・コース型|メンバー構成型,0.7617176115874136,False,レース構造型|枠・コース型|メンバー構成型,0.9233071268995275,False,当日傾向型|枠・コース型|メンバー構成型|騎手型,0.8812852929451457,False,当日傾向型|レース構造型|枠・コース型|メンバー構成型|騎手型,0.8433489605339219,False
2022,202207011006,0.6670853613011228,False,,レース構造型,False,レース構造型|当日傾向型,False,レース構造型|当日傾向型|枠・コース型,False,レース構造型,0.9423261467870103,False,レース構造型|メンバー構成型,0.95126600314392,False,当日傾向型|レース構造型|枠・コース型,0.9523040326670751,False,当日傾向型|レース構造型|メンバー構成型|騎手型,0.9588664791987053,False,当日傾向型|レース構造型|枠・コース型|メンバー構成型|騎手型,0.9541704796797752,False,レース構造型,False,レース構造型|枠・コース型,False,レース構造型|枠・コース型|当日傾向型,False,レース構造型,0.8091375075385704,False,レース構造型|騎手型,0.9198640873711246,False,レース構造型|枠・コース型|メンバー構成型,0.9098553813683701,False,当日傾向型|レース構造型|枠・コース型|メンバー構成型,0.9174478642049215,False,当日傾向型|レース構造型|枠・コース型|メンバー構成型|騎手型,0.8722848313693986,False
2022,202203030408,0.6669723598567,False,,メンバー構成型,False,メンバー構成型|レース構造型,False,メンバー構成型|レース構造型|当日傾向型,False,メンバー構成型,0.5587947540205602,False,レース構造型|メンバー構成型,0.7621613454498657,False,当日傾向型|枠・コース型|メンバー構成型,0.9354034209238614,False,当日傾向型|レース構造型|枠・コース型|メンバー構成型,0.9115323704720113,False,当日傾向型|レース構造型|枠・コース型|メンバー構成型|騎手型,0.9194529633135747,False,レース構造型,False,レース構造型|当日傾向型,False,レース構造型|当日傾向型|メンバー構成型,False,レース構造型,0.6969150099967879,False,レース構造型|メンバー構成型,0.7158078916151293,False,レース構造型|枠・コース型|メンバー構成型,0.8525990561488467,False,当日傾向型|枠・コース型|メンバー構成型|騎手型,0.9266370154209378,False,当日傾向型|レース構造型|枠・コース型|メンバー構成型|騎手型,0.7459634233047547,False
2022,202209040108,0.6667332743342639,True,枠・コース型|騎手型,枠・コース型,True,枠・コース型|当日傾向型,True,枠・コース型|当日傾向型|レース構造型,True,枠・コース型,0.4718572902909464,True,レース構造型|枠・コース型,0.8971491261504944,True,レース構造型|枠・コース型|騎手型,0.9039164625826356,True,当日傾向型|レース構造型|枠・コース型|メンバー構成型,0.9294829676476324,True,当日傾向型|レース構造型|枠・コース型|メンバー構成型|騎手型,0.8982347108342825,True,レース構造型,False,レース構造型|当日傾向型,False,レース構造型|当日傾向型|メンバー構成型,False,レース構造型,0.44167687575916137,False,レース構造型|枠・コース型,0.8018355171461331,True,レース構造型|枠・コース型|メンバー構成型,0.8887606559464916,True,レース構造型|枠・コース型|メンバー構成型|騎手型,0.9509576243340705,True,当日傾向型|レース構造型|枠・コース型|メンバー構成型|騎手型,0.9504184588410591,True
2022,202205050702,0.6665687423928869,False,,当日傾向型,False,当日傾向型|枠・コース型,False,当日傾向型|枠・コース型|レース構造型,False,当日傾向型,0.7648364984109022,False,当日傾向型|枠・コース型,0.8542991784064785,False,当日傾向型|メンバー構成型|騎手型,0.8847524320608352,False,当日傾向型|レース構造型|メンバー構成型|騎手型,0.9142847490188509,False,当日傾向型|レース構造型|枠・コース型|メンバー構成型|騎手型,0.9579252390333286,False,メンバー構成型,False,メンバー構成型|レース構造型,False,メンバー構成型|レース構造型|枠・コース型,False,メンバー構成型,0.35566658129560247,False,レース構造型|メンバー構成型,0.6928371837538614,False,当日傾向型|レース構造型|メンバー構成型,0.7516990982020723,False,当日傾向型|レース構造型|枠・コース型|メンバー構成型,0.7846861600927634,False,当日傾向型|レース構造型|枠・コース型|メンバー構成型|騎手型,0.8397734091307296,False
2022,202203010302,0.6665412711519035,False,,レース構造型,False,レース構造型|メンバー構成型,False,レース構造型|メンバー構成型|騎手型,False,レース構造型,0.5892727211611691,False,当日傾向型|レース構造型,0.8756378368129126,False,当日傾向型|レース構造型|メンバー構成型,0.9427693050390149,False,当日傾向型|レース構造型|枠・コース型|騎手型,0.9571346919456636,False,当日傾向型|レース構造型|枠・コース型|メンバー構成型|騎手型,0.9696901817936563,False,メンバー構成型,False,メンバー構成型|枠・コース型,False,メンバー構成型|枠・コース型|当日傾向型,False,メンバー構成型,0.6004619013614503,False,レース構造型|枠・コース型,0.8478313942896188,False,枠・コース型|メンバー構成型|騎手型,0.8964224495590185,False,当日傾向型|枠・コース型|メンバー構成型|騎手型,0.9406551643138228,False,当日傾向型|レース構造型|枠・コース型|メンバー構成型|騎手型,0.9739518983550394,False
2022,202203030305,0.6664745113379595,False,,レース構造型,False,レース構造型|枠・コース型,False,レース構造型|枠・コース型|当日傾向型,False,レース構造型,0.9298101150740059,False,レース構造型|騎手型,0.9625978920967041,False,レース構造型|枠・コース型|メンバー構成型,0.9714893215442522,False,当日傾向型|レース構造型|枠・コース型|騎手型,0.9720583684027878,False,当日傾向型|レース構造型|枠・コース型|メンバー構成型|騎手型,0.9593621999958332,False,レース構造型,False,レース構造型|メンバー構成型,False,レース構造型|メンバー構成型|枠・コース型,False,レース構造型,0.7516604359694757,False,レース構造型|枠・コース型,0.9214772934851226,False,レース構造型|枠・コース型|メンバー構成型,0.9377604201594916,False,レース構造型|枠・コース型|メンバー構成型|騎手型,0.9720567481171638,False,当日傾向型|レース構造型|枠・コース型|メンバー構成型|騎手型,0.9421632694935932,False
2022,202209040206,0.6663537447441543,False,,メンバー構成型,False,メンバー構成型|当日傾向型,False,メンバー構成型|当日傾向型|枠・コース型,False,メンバー構成型,0.3464498078163757,False,レース構造型|枠・コース型,0.7926792143495399,False,当日傾向型|レース構造型|枠・コース型,0.935345304831817,False,当日傾向型|レース構造型|枠・コース型|騎手型,0.943145971303304,False,当日傾向型|レース構造型|枠・コース型|メンバー構成型|騎手型,0.9174086151485291,False,枠・コース型,False,枠・コース型|レース構造型,False,枠・コース型|レース構造型|メンバー構成型,False,枠・コース型,0.5048319748784108,False,レース構造型|枠・コース型,0.8601051724466723,False,当日傾向型|レース構造型|メンバー構成型,0.9006856172477384,False,レース構造型|枠・コース型|メンバー構成型|騎手型,0.9212536545152619,False,当日傾向型|レース構造型|枠・コース型|メンバー構成型|騎手型,0.9328708399549063,False
2022,202207010206,0.6662346460536372,False,,レース構造型,False,レース構造型|枠・コース型,False,レース構造型|枠・コース型|当日傾向型,False,レース構造型,0.9429099299692885,False,レース構造型|騎手型,0.9591341260565447,False,レース構造型|枠・コース型|メンバー構成型,0.9629739418031461,False,当日傾向型|レース構造型|枠・コース型|騎手型,0.9618539352176615,False,当日傾向型|レース構造型|枠・コース型|メンバー構成型|騎手型,0.9610740296181655,False,レース構造型,False,レース構造型|メンバー構成型,False,レース構造型|メンバー構成型|枠・コース型,False,レース構造型,0.8916690957780405,False,レース構造型|メンバー構成型,0.951762322229296,False,当日傾向型|レース構造型|メンバー構成型,0.9338987783982987,False,当日傾向型|レース構造型|枠・コース型|メンバー構成型,0.9626332544744438,False,当日傾向型|レース構造型|枠・コース型|メンバー構成型|騎手型,0.930953091388681,False
2022,202202010411,0.6659883294805012,False,,当日傾向型,False,当日傾向型|メンバー構成型,False,当日傾向型|メンバー構成型|騎手型,False,当日傾向型,0.4104145203015966,False,当日傾向型|騎手型,0.6818055845943649,False,当日傾向型|メンバー構成型|騎手型,0.9398309318354248,False,当日傾向型|レース構造型|メンバー構成型|騎手型,0.9374002759086649,False,当日傾向型|レース構造型|枠・コース型|メンバー構成型|騎手型,0.966035612736701,False,枠・コース型,False,枠・コース型|当日傾向型,False,枠・コース型|当日傾向型|レース構造型,False,枠・コース型,0.3999307570891948,False,当日傾向型|枠・コース型,0.720746654917196,False,当日傾向型|枠・コース型|メンバー構成型,0.9408599550057744,False,当日傾向型|枠・コース型|メンバー構成型|騎手型,0.9744525616060906,False,当日傾向型|レース構造型|枠・コース型|メンバー構成型|騎手型,0.9495624317665768,False
2022,202203020212,0.665929206682453,False,,レース構造型,False,レース構造型|メンバー構成型,False,レース構造型|メンバー構成型|枠・コース型,False,レース構造型,0.609201806495727,False,レース構造型|枠・コース型,0.7626392379525827,False,レース構造型|枠・コース型|メンバー構成型,0.861771368636183,False,当日傾向型|レース構造型|メンバー構成型|騎手型,0.948571313808065,False,当日傾向型|レース構造型|枠・コース型|メンバー構成型|騎手型,0.9686676437081411,False,枠・コース型,False,枠・コース型|レース構造型,False,枠・コース型|レース構造型|メンバー構成型,False,枠・コース型,0.46582652612242037,False,レース構造型|枠・コース型,0.67349916325106,False,レース構造型|枠・コース型|騎手型,0.8776861920938087,False,当日傾向型|レース構造型|枠・コース型|騎手型,0.944051784525726,False,当日傾向型|レース構造型|枠・コース型|メンバー構成型|騎手型,0.9714232521739632,False
2022,202206050512,0.6648416501037737,False,,メンバー構成型,False,メンバー構成型|レース構造型,False,メンバー構成型|レース構造型|当日傾向型,False,メンバー構成型,0.5485183874427527,False,レース構造型|メンバー構成型,0.7577632262652719,False,枠・コース型|メンバー構成型|騎手型,0.8249887356760514,False,レース構造型|枠・コース型|メンバー構成型|騎手型,0.8056055068485135,False,当日傾向型|レース構造型|枠・コース型|メンバー構成型|騎手型,0.7522371737088454,False,レース構造型,False,レース構造型|メンバー構成型,False,レース構造型|メンバー構成型|当日傾向型,False,レース構造型,0.5148081516535186,False,当日傾向型|枠・コース型,0.5865505821571835,False,レース構造型|枠・コース型|メンバー構成型,0.8442144011598691,False,当日傾向型|枠・コース型|メンバー構成型|騎手型,0.733815122964509,False,当日傾向型|レース構造型|枠・コース型|メンバー構成型|騎手型,0.6565865934565505,False
2022,202210010409,0.663983620247154,True,枠・コース型,レース構造型,False,レース構造型|枠・コース型,True,レース構造型|枠・コース型|当日傾向型,True,レース構造型,0.5161007544883879,False,レース構造型|メンバー構成型,0.8477623951125276,False,当日傾向型|枠・コース型|メンバー構成型,0.9479994936068888,True,当日傾向型|枠・コース型|メンバー構成型|騎手型,0.9638823198977514,True,当日傾向型|レース構造型|枠・コース型|メンバー構成型|騎手型,0.971903487980637,True,当日傾向型,False,当日傾向型|枠・コース型,True,当日傾向型|枠・コース型|メンバー構成型,True,当日傾向型,0.6310416519822125,False,レース構造型|枠・コース型,0.8312047846973015,True,当日傾向型|レース構造型|枠・コース型,0.9252289393829844,True,当日傾向型|枠・コース型|メンバー構成型|騎手型,0.9711340921718375,True,当日傾向型|レース構造型|枠・コース型|メンバー構成型|騎手型,0.9727793278147954,True
2022,202205030110,0.6639264016497366,False,,枠・コース型,False,枠・コース型|メンバー構成型,False,枠・コース型|メンバー構成型|レース構造型,False,枠・コース型,0.4910178579316798,False,レース構造型|枠・コース型,0.8764629378450323,False,レース構造型|枠・コース型|騎手型,0.8596421965845366,False,レース構造型|枠・コース型|メンバー構成型|騎手型,0.918868495028301,False,当日傾向型|レース構造型|枠・コース型|メンバー構成型|騎手型,0.9465247304682878,False,当日傾向型,False,当日傾向型|レース構造型,False,当日傾向型|レース構造型|枠・コース型,False,当日傾向型,0.7174808343293312,False,当日傾向型|レース構造型,0.9143260438812514,False,当日傾向型|レース構造型|騎手型,0.898163294657494,False,当日傾向型|枠・コース型|メンバー構成型|騎手型,0.9213936583495624,False,当日傾向型|レース構造型|枠・コース型|メンバー構成型|騎手型,0.8987827524209524,False
2022,202206050103,0.6637139589888055,True,,メンバー構成型,False,メンバー構成型|当日傾向型,False,メンバー構成型|当日傾向型|枠・コース型,False,メンバー構成型,0.3366290701266344,False,レース構造型|メンバー構成型,0.688896667778611,False,当日傾向型|レース構造型|メンバー構成型,0.9271744431384149,False,レース構造型|枠・コース型|メンバー構成型|騎手型,0.9410876048168448,False,当日傾向型|レース構造型|枠・コース型|メンバー構成型|騎手型,0.9377550463813414,False,レース構造型,False,レース構造型|メンバー構成型,False,レース構造型|メンバー構成型|枠・コース型,False,レース構造型,0.2260859003484612,False,枠・コース型|メンバー構成型,0.7645925827896668,False,レース構造型|枠・コース型|メンバー構成型,0.9298858400610598,False,レース構造型|枠・コース型|メンバー構成型|騎手型,0.8833666419810147,False,当日傾向型|レース構造型|枠・コース型|メンバー構成型|騎手型,0.8611995149823707,False
2022,202210020407,0.663225804972831,False,,当日傾向型,False,当日傾向型|メンバー構成型,False,当日傾向型|メンバー構成型|騎手型,False,当日傾向型,0.40913924354700654,False,当日傾向型|騎手型,0.7761241832714671,False,当日傾向型|枠・コース型|騎手型,0.8803036054964867,False,当日傾向型|レース構造型|メンバー構成型|騎手型,0.8653090548254148,False,当日傾向型|レース構造型|枠・コース型|メンバー構成型|騎手型,0.8561523674138085,False,当日傾向型,False,当日傾向型|メンバー構成型,False,当日傾向型|メンバー構成型|騎手型,False,当日傾向型,0.39673516954387905,False,当日傾向型|メンバー構成型,0.8708845261023322,False,当日傾向型|メンバー構成型|騎手型,0.9084235680615987,False,当日傾向型|レース構造型|枠・コース型|騎手型,0.9174861102955442,False,当日傾向型|レース構造型|枠・コース型|メンバー構成型|騎手型,0.921005554063294,False
2022,202205010708,0.6628097141439208,False,,レース構造型,False,レース構造型|当日傾向型,False,レース構造型|当日傾向型|メンバー構成型,False,レース構造型,0.49739873677577123,False,枠・コース型|メンバー構成型,0.7112957267779679,False,枠・コース型|メンバー構成型|騎手型,0.8634340407257299,False,レース構造型|枠・コース型|メンバー構成型|騎手型,0.8862466595790272,False,当日傾向型|レース構造型|枠・コース型|メンバー構成型|騎手型,0.7789764561408803,False,当日傾向型,False,当日傾向型|レース構造型,False,当日傾向型|レース構造型|枠・コース型,False,当日傾向型,0.5214332812023094,False,当日傾向型|メンバー構成型,0.8334569718866951,False,レース構造型|枠・コース型|メンバー構成型,0.9326330756297277,False,当日傾向型|レース構造型|枠・コース型|メンバー構成型,0.9687302601350748,False,当日傾向型|レース構造型|枠・コース型|メンバー構成型|騎手型,0.9622600335270959,False
2022,202209020512,0.6626891218855662,False,,レース構造型,False,レース構造型|枠・コース型,False,レース構造型|枠・コース型|騎手型,False,レース構造型,0.5676131787625158,False,レース構造型|枠・コース型,0.8356397000482463,False,レース構造型|枠・コース型|メンバー構成型,0.7949710378935019,False,レース構造型|枠・コース型|メンバー構成型|騎手型,0.9117629639159268,False,当日傾向型|レース構造型|枠・コース型|メンバー構成型|騎手型,0.9596850735594115,False,レース構造型,False,レース構造型|メンバー構成型,False,レース構造型|メンバー構成型|枠・コース型,False,レース構造型,0.5588296227802876,False,レース構造型|メンバー構成型,0.7894771951480324,False,当日傾向型|枠・コース型|メンバー構成型,0.9128162264877084,False,当日傾向型|枠・コース型|メンバー構成型|騎手型,0.9422561955565358,False,当日傾向型|レース構造型|枠・コース型|メンバー構成型|騎手型,0.8874788222225316,False
2022,202206040104,0.6621452376795344,False,,レース構造型,False,レース構造型|メンバー構成型,False,レース構造型|メンバー構成型|当日傾向型,False,レース構造型,0.9359676055571351,False,レース構造型|騎手型,0.9651453176961283,False,レース構造型|メンバー構成型|騎手型,0.9702073897187666,False,当日傾向型|レース構造型|枠・コース型|メンバー構成型,0.9858243111556357,False,当日傾向型|レース構造型|枠・コース型|メンバー構成型|騎手型,0.9862353953210538,False,レース構造型,False,レース構造型|枠・コース型,False,レース構造型|枠・コース型|当日傾向型,False,レース構造型,0.7909413118771856,False,レース構造型|メンバー構成型,0.9194213663994346,False,レース構造型|枠・コース型|メンバー構成型,0.9397388660182895,False,レース構造型|枠・コース型|メンバー構成型|騎手型,0.9706982065637334,False,当日傾向型|レース構造型|枠・コース型|メンバー構成型|騎手型,0.9807461925016069,False
2022,202205020404,0.6621058485505129,False,,当日傾向型,False,当日傾向型|メンバー構成型,False,当日傾向型|メンバー構成型|枠・コース型,False,当日傾向型,0.4235680247524097,False,当日傾向型|レース構造型,0.7080214978506646,False,レース構造型|枠・コース型|メンバー構成型,0.8600350689837801,False,レース構造型|枠・コース型|メンバー構成型|騎手型,0.938749202225372,False,当日傾向型|レース構造型|枠・コース型|メンバー構成型|騎手型,0.9402030097098587,False,当日傾向型,False,当日傾向型|メンバー構成型,False,当日傾向型|メンバー構成型|枠・コース型,False,当日傾向型,0.7426413622485648,False,レース構造型|枠・コース型,0.7888434033306083,False,当日傾向型|レース構造型|枠・コース型,0.8944126468499406,False,当日傾向型|レース構造型|枠・コース型|騎手型,0.8760304754536078,False,当日傾向型|レース構造型|枠・コース型|メンバー構成型|騎手型,0.7712660430623859,False
2022,202203020607,0.6616879598541033,False,,メンバー構成型,False,メンバー構成型|騎手型,False,メンバー構成型|騎手型|当日傾向型,False,メンバー構成型,0.4343220487241603,False,メンバー構成型|騎手型,0.863783661088768,False,枠・コース型|メンバー構成型|騎手型,0.8916570955058197,False,当日傾向型|レース構造型|枠・コース型|メンバー構成型,0.9389534049447998,False,当日傾向型|レース構造型|枠・コース型|メンバー構成型|騎手型,0.9005266750650665,False,メンバー構成型,False,メンバー構成型|枠・コース型,False,メンバー構成型|枠・コース型|当日傾向型,False,メンバー構成型,0.782199046499577,False,枠・コース型|メンバー構成型,0.8442553522741425,False,レース構造型|メンバー構成型|騎手型,0.9017763526043562,False,レース構造型|枠・コース型|メンバー構成型|騎手型,0.9612937113890181,False,当日傾向型|レース構造型|枠・コース型|メンバー構成型|騎手型,0.973683017322108,False
2022,202209021006,0.6611547918022744,False,,枠・コース型,False,枠・コース型|レース構造型,False,枠・コース型|レース構造型|メンバー構成型,False,枠・コース型,0.3998874634591189,False,レース構造型|枠・コース型,0.923122896829219,False,レース構造型|枠・コース型|騎手型,0.916497058566662,False,レース構造型|枠・コース型|メンバー構成型|騎手型,0.9486027171486865,False,当日傾向型|レース構造型|枠・コース型|メンバー構成型|騎手型,0.8950413265769668,False,枠・コース型,False,枠・コース型|レース構造型,False,枠・コース型|レース構造型|当日傾向型,False,枠・コース型,0.5677841598198761,False,レース構造型|枠・コース型,0.8238122257470669,False,レース構造型|枠・コース型|メンバー構成型,0.9328446561079797,False,当日傾向型|レース構造型|枠・コース型|メンバー構成型,0.9512962983556449,False,当日傾向型|レース構造型|枠・コース型|メンバー構成型|騎手型,0.8905746877831666,False
2022,202209020405,0.6611108683791802,False,,枠・コース型,False,枠・コース型|レース構造型,False,枠・コース型|レース構造型|当日傾向型,False,枠・コース型,0.7087406010869027,False,枠・コース型|騎手型,0.8784226638154278,False,枠・コース型|メンバー構成型|騎手型,0.9445122578344528,False,レース構造型|枠・コース型|メンバー構成型|騎手型,0.9660208005438807,False,当日傾向型|レース構造型|枠・コース型|メンバー構成型|騎手型,0.9472210602232413,False,レース構造型,False,レース構造型|枠・コース型,False,レース構造型|枠・コース型|騎手型,False,レース構造型,0.5019775924496357,False,レース構造型|枠・コース型,0.8392154656389639,False,当日傾向型|レース構造型|騎手型,0.8824070234982623,False,レース構造型|枠・コース型|メンバー構成型|騎手型,0.9368922128566095,False,当日傾向型|レース構造型|枠・コース型|メンバー構成型|騎手型,0.9242139820416758,False
2022,202207050410,0.660865205374592,False,,枠・コース型,False,枠・コース型|当日傾向型,False,枠・コース型|当日傾向型|メンバー構成型,False,枠・コース型,0.5939264456352107,False,枠・コース型|メンバー構成型,0.784793083633926,False,枠・コース型|メンバー構成型|騎手型,0.901757883273254,False,当日傾向型|枠・コース型|メンバー構成型|騎手型,0.9255400924985363,False,当日傾向型|レース構造型|枠・コース型|メンバー構成型|騎手型,0.9306136632193981,False,枠・コース型,False,枠・コース型|メンバー構成型,False,枠・コース型|メンバー構成型|当日傾向型,False,枠・コース型,0.4301778847028082,False,枠・コース型|メンバー構成型,0.8489482386791153,False,当日傾向型|枠・コース型|メンバー構成型,0.8999115079144643,False,レース構造型|枠・コース型|メンバー構成型|騎手型,0.9803597803776126,False,当日傾向型|レース構造型|枠・コース型|メンバー構成型|騎手型,0.9668663205379134,False
2022,202205030304,0.6603694223521391,True,レース構造型|枠・コース型|メンバー構成型,レース構造型,True,レース構造型|枠・コース型,True,レース構造型|枠・コース型|当日傾向型,True,レース構造型,0.5444177632351116,True,当日傾向型|レース構造型,0.8082093528318657,True,当日傾向型|レース構造型|枠・コース型,0.9040587829282124,True,当日傾向型|レース構造型|枠・コース型|メンバー構成型,0.939984880963248,True,当日傾向型|レース構造型|枠・コース型|メンバー構成型|騎手型,0.8529758503104946,True,レース構造型,True,レース構造型|枠・コース型,True,レース構造型|枠・コース型|当日傾向型,True,レース構造型,0.6057105798706156,True,レース構造型|枠・コース型,0.7811496900496694,True,レース構造型|枠・コース型|騎手型,0.9118702470949733,True,当日傾向型|レース構造型|枠・コース型|騎手型,0.9508110477645122,True,当日傾向型|レース構造型|枠・コース型|メンバー構成型|騎手型,0.9562294048798584,True
2022,202207050511,0.6602222157428624,False,,枠・コース型,False,枠・コース型|レース構造型,False,枠・コース型|レース構造型|騎手型,False,枠・コース型,0.3619025014529236,False,当日傾向型|枠・コース型,0.6992770369532741,False,当日傾向型|レース構造型|枠・コース型,0.8825897345266792,False,当日傾向型|レース構造型|枠・コース型|騎手型,0.8416694854642549,False,当日傾向型|レース構造型|枠・コース型|メンバー構成型|騎手型,0.8511986731034527,False,枠・コース型,False,枠・コース型|レース構造型,False,枠・コース型|レース構造型|メンバー構成型,False,枠・コース型,0.6221802982437364,False,枠・コース型|メンバー構成型,0.8411872443659506,False,レース構造型|枠・コース型|メンバー構成型,0.9395999396992827,False,レース構造型|枠・コース型|メンバー構成型|騎手型,0.9541919331460912,False,当日傾向型|レース構造型|枠・コース型|メンバー構成型|騎手型,0.9663165667852734,False
2022,202210040312,0.6590250960687524,False,,枠・コース型,False,枠・コース型|メンバー構成型,False,枠・コース型|メンバー構成型|レース構造型,False,枠・コース型,0.5531324091172805,False,レース構造型|枠・コース型,0.7631730836702633,False,当日傾向型|レース構造型|枠・コース型,0.8504428419368597,False,当日傾向型|レース構造型|枠・コース型|騎手型,0.9437125595140559,False,当日傾向型|レース構造型|枠・コース型|メンバー構成型|騎手型,0.9466740318460019,False,レース構造型,False,レース構造型|メンバー構成型,False,レース構造型|メンバー構成型|枠・コース型,False,レース構造型,0.5279486850502453,False,枠・コース型|騎手型,0.7903643261458962,False,当日傾向型|レース構造型|メンバー構成型,0.9136747571001612,False,当日傾向型|レース構造型|枠・コース型|メンバー構成型,0.9587136257121477,False,当日傾向型|レース構造型|枠・コース型|メンバー構成型|騎手型,0.9182571764046714,False
2022,202206010208,0.6589567075579438,False,,レース構造型,False,レース構造型|メンバー構成型,False,レース構造型|メンバー構成型|枠・コース型,False,レース構造型,0.44357314286668625,False,枠・コース型|メンバー構成型,0.7647546000856436,False,レース構造型|枠・コース型|メンバー構成型,0.9052433701778559,False,レース構造型|枠・コース型|メンバー構成型|騎手型,0.9524366982074387,False,当日傾向型|レース構造型|枠・コース型|メンバー構成型|騎手型,0.8983291405839905,False,メンバー構成型,False,メンバー構成型|騎手型,False,メンバー構成型|騎手型|枠・コース型,False,メンバー構成型,0.4494627680381205,False,レース構造型|枠・コース型,0.5840351282475287,False,枠・コース型|メンバー構成型|騎手型,0.8529963764915104,False,当日傾向型|枠・コース型|メンバー構成型|騎手型,0.9386443893404747,False,当日傾向型|レース構造型|枠・コース型|メンバー構成型|騎手型,0.9092419201216647,False
2022,202206050405,0.6578484090215923,True,レース構造型,レース構造型,True,レース構造型|当日傾向型,True,レース構造型|当日傾向型|メンバー構成型,True,レース構造型,0.9276547594748464,True,レース構造型|メンバー構成型,0.9589312028668145,True,当日傾向型|レース構造型|枠・コース型,0.9731237783126495,True,当日傾向型|レース構造型|枠・コース型|メンバー構成型,0.9703222413344456,True,当日傾向型|レース構造型|枠・コース型|メンバー構成型|騎手型,0.9664596410639121,True,レース構造型,True,レース構造型|メンバー構成型,True,レース構造型|メンバー構成型|当日傾向型,True,レース構造型,0.8162703040374986,True,レース構造型|メンバー構成型,0.9578844263743449,True,レース構造型|枠・コース型|メンバー構成型,0.9802595200918585,True,当日傾向型|レース構造型|枠・コース型|メンバー構成型,0.9786783690585845,True,当日傾向型|レース構造型|枠・コース型|メンバー構成型|騎手型,0.9815828322171742,True
2022,202205050204,0.6571203042639612,False,,レース構造型,False,レース構造型|枠・コース型,False,レース構造型|枠・コース型|当日傾向型,False,レース構造型,0.942423955146224,False,レース構造型|騎手型,0.9469760954079011,False,当日傾向型|レース構造型|メンバー構成型,0.9663997740370737,False,当日傾向型|レース構造型|メンバー構成型|騎手型,0.964489248030928,False,当日傾向型|レース構造型|枠・コース型|メンバー構成型|騎手型,0.9531554207248315,False,レース構造型,False,レース構造型|枠・コース型,False,レース構造型|枠・コース型|メンバー構成型,False,レース構造型,0.842847028805857,False,レース構造型|枠・コース型,0.9402635571812539,False,当日傾向型|レース構造型|枠・コース型,0.9479190615945278,False,レース構造型|枠・コース型|メンバー構成型|騎手型,0.9708026545854584,False,当日傾向型|レース構造型|枠・コース型|メンバー構成型|騎手型,0.9735426845836231,False
2022,202206050506,0.656778876614323,False,,レース構造型,False,レース構造型|枠・コース型,False,レース構造型|枠・コース型|メンバー構成型,False,レース構造型,0.9294697080200311,False,レース構造型|メンバー構成型,0.9629904476212011,False,レース構造型|枠・コース型|メンバー構成型,0.9779979017597797,False,当日傾向型|レース構造型|枠・コース型|メンバー構成型,0.9691374400091336,False,当日傾向型|レース構造型|枠・コース型|メンバー構成型|騎手型,0.9642767512419883,False,レース構造型,False,レース構造型|枠・コース型,False,レース構造型|枠・コース型|メンバー構成型,False,レース構造型,0.8793334769878219,False,レース構造型|騎手型,0.9475004789228434,False,レース構造型|メンバー構成型|騎手型,0.9634017164116084,False,当日傾向型|レース構造型|枠・コース型|メンバー構成型,0.975403986443154,False,当日傾向型|レース構造型|枠・コース型|メンバー構成型|騎手型,0.9827420311542875,False
2022,202205010507,0.6566080743630621,False,,枠・コース型,False,枠・コース型|メンバー構成型,False,枠・コース型|メンバー構成型|当日傾向型,False,枠・コース型,0.4686960048048033,False,枠・コース型|メンバー構成型,0.881558623517367,False,枠・コース型|メンバー構成型|騎手型,0.9347756359445071,False,レース構造型|枠・コース型|メンバー構成型|騎手型,0.9589532733548574,False,当日傾向型|レース構造型|枠・コース型|メンバー構成型|騎手型,0.9421406786596757,False,当日傾向型,False,当日傾向型|レース構造型,False,当日傾向型|レース構造型|メンバー構成型,False,当日傾向型,0.5150905214577287,False,当日傾向型|レース構造型,0.7235207776059575,False,当日傾向型|レース構造型|騎手型,0.9088999368921519,False,当日傾向型|レース構造型|枠・コース型|騎手型,0.9493705978062752,False,当日傾向型|レース構造型|枠・コース型|メンバー構成型|騎手型,0.9407240211848042,False
2022,202204010612,0.655863706378552,False,,レース構造型,False,レース構造型|メンバー構成型,False,レース構造型|メンバー構成型|当日傾向型,False,レース構造型,0.7596059795337697,False,レース構造型|枠・コース型,0.9204383141308509,False,レース構造型|枠・コース型|メンバー構成型,0.9584268417483851,False,当日傾向型|レース構造型|枠・コース型|メンバー構成型,0.9661339128889667,False,当日傾向型|レース構造型|枠・コース型|メンバー構成型|騎手型,0.9591975322632519,False,枠・コース型,False,枠・コース型|レース構造型,False,枠・コース型|レース構造型|当日傾向型,False,枠・コース型,0.45919588057857125,False,レース構造型|騎手型,0.6224029865859768,False,当日傾向型|枠・コース型|メンバー構成型,0.8459573904477611,False,当日傾向型|レース構造型|枠・コース型|メンバー構成型,0.9041683286697147,False,当日傾向型|レース構造型|枠・コース型|メンバー構成型|騎手型,0.7633570943443883,False
2022,202204010802,0.6557640013605566,True,枠・コース型|メンバー構成型,レース構造型,False,レース構造型|メンバー構成型,True,レース構造型|メンバー構成型|騎手型,True,レース構造型,0.642885056743845,False,レース構造型|枠・コース型,0.8198422698684934,True,レース構造型|枠・コース型|騎手型,0.888020426988952,True,当日傾向型|レース構造型|枠・コース型|メンバー構成型,0.964084663430675,True,当日傾向型|レース構造型|枠・コース型|メンバー構成型|騎手型,0.9724757312959046,True,メンバー構成型,True,メンバー構成型|レース構造型,True,メンバー構成型|レース構造型|枠・コース型,True,メンバー構成型,0.47198352074032157,True,枠・コース型|騎手型,0.6878416955593858,True,レース構造型|枠・コース型|騎手型,0.7032632590328202,True,レース構造型|枠・コース型|メンバー構成型|騎手型,0.81465755400181,True,当日傾向型|レース構造型|枠・コース型|メンバー構成型|騎手型,0.9133607802073795,True
2022,202204010307,0.6555028504921034,True,メンバー構成型|騎手型,メンバー構成型,True,メンバー構成型|レース構造型,True,メンバー構成型|レース構造型|枠・コース型,True,メンバー構成型,0.6118846367893165,True,レース構造型|メンバー構成型,0.8565858104980475,True,レース構造型|枠・コース型|メンバー構成型,0.925332220392317,True,当日傾向型|枠・コース型|メンバー構成型|騎手型,0.9620776399853288,True,当日傾向型|レース構造型|枠・コース型|メンバー構成型|騎手型,0.9728501950735738,True,レース構造型,False,レース構造型|メンバー構成型,True,レース構造型|メンバー構成型|当日傾向型,True,レース構造型,0.6752872016191742,False,レース構造型|メンバー構成型,0.768104499428805,True,当日傾向型|メンバー構成型|騎手型,0.9302642880616717,True,当日傾向型|レース構造型|枠・コース型|メンバー構成型,0.9437783637206343,True,当日傾向型|レース構造型|枠・コース型|メンバー構成型|騎手型,0.9543001070185179,True
2022,202203020303,0.6553455116530235,False,,レース構造型,False,レース構造型|当日傾向型,False,レース構造型|当日傾向型|メンバー構成型,False,レース構造型,0.4953083132864518,False,レース構造型|騎手型,0.7832023279067641,False,当日傾向型|レース構造型|騎手型,0.8976476121657787,False,レース構造型|枠・コース型|メンバー構成型|騎手型,0.9442335751930448,False,当日傾向型|レース構造型|枠・コース型|メンバー構成型|騎手型,0.9606498813689429,False,当日傾向型,False,当日傾向型|レース構造型,False,当日傾向型|レース構造型|メンバー構成型,False,当日傾向型,0.679913102033782,False,当日傾向型|メンバー構成型,0.8627952340109899,False,枠・コース型|メンバー構成型|騎手型,0.8828116285111438,False,当日傾向型|レース構造型|メンバー構成型|騎手型,0.941483597048766,False,当日傾向型|レース構造型|枠・コース型|メンバー構成型|騎手型,0.9396459791591459,False
2022,202204010710,0.6547404292190044,False,,レース構造型,False,レース構造型|メンバー構成型,False,レース構造型|メンバー構成型|枠・コース型,False,レース構造型,0.5885670082747376,False,レース構造型|メンバー構成型,0.8588691170418362,False,レース構造型|枠・コース型|メンバー構成型,0.9213542722120829,False,当日傾向型|レース構造型|枠・コース型|メンバー構成型,0.9278664934289846,False,当日傾向型|レース構造型|枠・コース型|メンバー構成型|騎手型,0.849712136348955,False,枠・コース型,False,枠・コース型|当日傾向型,False,枠・コース型|当日傾向型|メンバー構成型,False,枠・コース型,0.6196758623318136,False,当日傾向型|レース構造型,0.7338080995991301,False,当日傾向型|レース構造型|枠・コース型,0.9151253040331525,False,当日傾向型|レース構造型|枠・コース型|騎手型,0.9409043093577297,False,当日傾向型|レース構造型|枠・コース型|メンバー構成型|騎手型,0.9130040663388692,False
2022,202204010807,0.6542206542713792,False,,枠・コース型,False,枠・コース型|メンバー構成型,False,枠・コース型|メンバー構成型|当日傾向型,False,枠・コース型,0.7661358661477449,False,枠・コース型|メンバー構成型,0.868860485570029,False,レース構造型|枠・コース型|騎手型,0.9484009598956304,False,当日傾向型|レース構造型|枠・コース型|メンバー構成型,0.9245636277610384,False,当日傾向型|レース構造型|枠・コース型|メンバー構成型|騎手型,0.8935285909976632,False,レース構造型,False,レース構造型|枠・コース型,False,レース構造型|枠・コース型|当日傾向型,False,レース構造型,0.5968435378122098,False,当日傾向型|騎手型,0.654278253659165,False,当日傾向型|レース構造型|騎手型,0.9100119335136045,False,当日傾向型|レース構造型|枠・コース型|騎手型,0.8414401367560316,False,当日傾向型|レース構造型|枠・コース型|メンバー構成型|騎手型,0.8677117343197153,False
2022,202206040903,0.6538534281803544,True,レース構造型|枠・コース型,レース構造型,True,レース構造型|枠・コース型,True,レース構造型|枠・コース型|当日傾向型,True,レース構造型,0.9629684948707022,True,レース構造型|騎手型,0.971752669966161,True,レース構造型|枠・コース型|騎手型,0.9693176997020739,True,当日傾向型|レース構造型|枠・コース型|メンバー構成型,0.9770406133889518,True,当日傾向型|レース構造型|枠・コース型|メンバー構成型|騎手型,0.9795434548950103,True,レース構造型,True,レース構造型|当日傾向型,True,レース構造型|当日傾向型|枠・コース型,True,レース構造型,0.8130637064880818,True,レース構造型|メンバー構成型,0.9272138269463346,True,レース構造型|枠・コース型|メンバー構成型,0.9533279122187643,True,当日傾向型|レース構造型|枠・コース型|メンバー構成型,0.9776053793085246,True,当日傾向型|レース構造型|枠・コース型|メンバー構成型|騎手型,0.9713439573957968,True
2022,202204010110,0.6537925154080739,False,,レース構造型,False,レース構造型|メンバー構成型,False,レース構造型|メンバー構成型|枠・コース型,False,レース構造型,0.7686778397225464,False,レース構造型|枠・コース型,0.8428339167921254,False,レース構造型|枠・コース型|騎手型,0.907644289646554,False,当日傾向型|レース構造型|枠・コース型|騎手型,0.9449994412785425,False,当日傾向型|レース構造型|枠・コース型|メンバー構成型|騎手型,0.9719983092853398,False,レース構造型,False,レース構造型|枠・コース型,False,レース構造型|枠・コース型|メンバー構成型,False,レース構造型,0.6714267215293612,False,当日傾向型|レース構造型,0.8925594012296744,False,当日傾向型|レース構造型|枠・コース型,0.927039458212544,False,当日傾向型|レース構造型|メンバー構成型|騎手型,0.9709716246701426,False,当日傾向型|レース構造型|枠・コース型|メンバー構成型|騎手型,0.9827888015517087,False
2022,202204040310,0.6525502422016939,False,,当日傾向型,False,当日傾向型|騎手型,False,当日傾向型|騎手型|枠・コース型,False,当日傾向型,0.5242142105567903,False,枠・コース型|騎手型,0.8313938226979779,False,レース構造型|枠・コース型|騎手型,0.9455453565067395,False,レース構造型|枠・コース型|メンバー構成型|騎手型,0.9676202270877935,False,当日傾向型|レース構造型|枠・コース型|メンバー構成型|騎手型,0.9381299784980468,False,レース構造型,False,レース構造型|当日傾向型,False,レース構造型|当日傾向型|メンバー構成型,False,レース構造型,0.6048848748529116,False,当日傾向型|レース構造型,0.8406441343348672,False,レース構造型|枠・コース型|騎手型,0.9542461222993692,False,当日傾向型|レース構造型|枠・コース型|メンバー構成型,0.9408103606112557,False,当日傾向型|レース構造型|枠・コース型|メンバー構成型|騎手型,0.8677834981366743,False
2022,202209010404,0.6525418428696487,False,,レース構造型,False,レース構造型|メンバー構成型,False,レース構造型|メンバー構成型|当日傾向型,False,レース構造型,0.924581732104808,False,レース構造型|騎手型,0.9670924415987754,False,レース構造型|枠・コース型|メンバー構成型,0.9734546967193178,False,当日傾向型|レース構造型|枠・コース型|メンバー構成型,0.977875646755356,False,当日傾向型|レース構造型|枠・コース型|メンバー構成型|騎手型,0.9778464401261489,False,レース構造型,False,レース構造型|メンバー構成型,False,レース構造型|メンバー構成型|当日傾向型,False,レース構造型,0.8642144171138717,False,レース構造型|騎手型,0.9399654080101578,False,レース構造型|枠・コース型|メンバー構成型,0.9766318309200526,False,レース構造型|枠・コース型|メンバー構成型|騎手型,0.9848262074651668,False,当日傾向型|レース構造型|枠・コース型|メンバー構成型|騎手型,0.9715808199070497,False
2022,202204010109,0.6523285994464298,False,,レース構造型,False,レース構造型|当日傾向型,False,レース構造型|当日傾向型|枠・コース型,False,レース構造型,0.5549312002952431,False,レース構造型|メンバー構成型,0.8598394909738517,False,当日傾向型|枠・コース型|騎手型,0.9078240555522036,False,当日傾向型|レース構造型|枠・コース型|騎手型,0.9213684948653265,False,当日傾向型|レース構造型|枠・コース型|メンバー構成型|騎手型,0.9426823165489528,False,メンバー構成型,False,メンバー構成型|当日傾向型,False,メンバー構成型|当日傾向型|レース構造型,False,メンバー構成型,0.6536760946622315,False,当日傾向型|メンバー構成型,0.8209676509914987,False,当日傾向型|レース構造型|枠・コース型,0.8136573647260523,False,当日傾向型|レース構造型|枠・コース型|騎手型,0.9151513193881535,False,当日傾向型|レース構造型|枠・コース型|メンバー構成型|騎手型,0.9073697778858684,False
2022,202205021111,0.6518610731813387,False,,当日傾向型,False,当日傾向型|枠・コース型,False,当日傾向型|枠・コース型|メンバー構成型,False,当日傾向型,0.6000659532045612,False,枠・コース型|メンバー構成型,0.7958463753111097,False,レース構造型|枠・コース型|メンバー構成型,0.9291030946253458,False,レース構造型|枠・コース型|メンバー構成型|騎手型,0.9685388192384781,False,当日傾向型|レース構造型|枠・コース型|メンバー構成型|騎手型,0.9736426344169757,False,メンバー構成型,False,メンバー構成型|レース構造型,False,メンバー構成型|レース構造型|当日傾向型,False,メンバー構成型,0.47670458239071967,False,レース構造型|騎手型,0.8403085615549456,False,枠・コース型|メンバー構成型|騎手型,0.8975063151977631,False,レース構造型|枠・コース型|メンバー構成型|騎手型,0.9489359798299728,False,当日傾向型|レース構造型|枠・コース型|メンバー構成型|騎手型,0.977017786804504,False
2022,202210040302,0.651726303207465,False,,メンバー構成型,False,メンバー構成型|当日傾向型,False,メンバー構成型|当日傾向型|騎手型,False,メンバー構成型,0.5915371709493188,False,レース構造型|メンバー構成型,0.7519864631110234,False,当日傾向型|レース構造型|騎手型,0.7369363171292317,False,当日傾向型|レース構造型|メンバー構成型|騎手型,0.8140730350133032,False,当日傾向型|レース構造型|枠・コース型|メンバー構成型|騎手型,0.7679869046466834,False,メンバー構成型,False,メンバー構成型|当日傾向型,False,メンバー構成型|当日傾向型|騎手型,False,メンバー構成型,0.4405929627236674,False,当日傾向型|騎手型,0.6339231171949227,False,当日傾向型|レース構造型|枠・コース型,0.7869517475588989,False,当日傾向型|レース構造型|枠・コース型|騎手型,0.9115840068880908,False,当日傾向型|レース構造型|枠・コース型|メンバー構成型|騎手型,0.8833200281004838,False
2022,202206040904,0.651178459645459,False,,枠・コース型,False,枠・コース型|メンバー構成型,False,枠・コース型|メンバー構成型|レース構造型,False,枠・コース型,0.5699562319024989,False,枠・コース型|騎手型,0.7987921755051035,False,レース構造型|枠・コース型|騎手型,0.9213431749739894,False,当日傾向型|枠・コース型|メンバー構成型|騎手型,0.9418368048600992,False,当日傾向型|レース構造型|枠・コース型|メンバー構成型|騎手型,0.9288869330621675,False,レース構造型,False,レース構造型|枠・コース型,False,レース構造型|枠・コース型|当日傾向型,False,レース構造型,0.6291232497292801,False,レース構造型|メンバー構成型,0.7984759362250899,False,当日傾向型|レース構造型|メンバー構成型,0.918637714968126,False,当日傾向型|レース構造型|枠・コース型|騎手型,0.9537950476008382,False,当日傾向型|レース構造型|枠・コース型|メンバー構成型|騎手型,0.9391578677127543,False
2022,202209050306,0.6509091497154785,True,当日傾向型|枠・コース型|メンバー構成型|騎手型,枠・コース型,True,枠・コース型|メンバー構成型,True,枠・コース型|メンバー構成型|レース構造型,True,枠・コース型,0.3262141346578068,True,レース構造型|枠・コース型,0.6917960426116415,True,当日傾向型|レース構造型|枠・コース型,0.8097688886296194,True,当日傾向型|レース構造型|枠・コース型|メンバー構成型,0.8589161690525688,True,当日傾向型|レース構造型|枠・コース型|メンバー構成型|騎手型,0.8707447556264301,True,メンバー構成型,True,メンバー構成型|レース構造型,True,メンバー構成型|レース構造型|枠・コース型,True,メンバー構成型,0.6503449531933635,True,当日傾向型|レース構造型,0.7630771742974255,True,レース構造型|枠・コース型|メンバー構成型,0.9136720446318252,True,当日傾向型|レース構造型|枠・コース型|メンバー構成型,0.9064634848724122,True,当日傾向型|レース構造型|枠・コース型|メンバー構成型|騎手型,0.9505522980129361,True
2022,202201020408,0.6496663743393896,False,,メンバー構成型,False,メンバー構成型|レース構造型,False,メンバー構成型|レース構造型|枠・コース型,False,メンバー構成型,0.4975409902971474,False,レース構造型|枠・コース型,0.8294030541296744,False,レース構造型|枠・コース型|メンバー構成型,0.8553324301315551,False,当日傾向型|レース構造型|枠・コース型|メンバー構成型,0.9262091959178276,False,当日傾向型|レース構造型|枠・コース型|メンバー構成型|騎手型,0.9185641230286011,False,メンバー構成型,False,メンバー構成型|騎手型,False,メンバー構成型|騎手型|枠・コース型,False,メンバー構成型,0.3701123030140296,False,枠・コース型|騎手型,0.6949784295178744,False,レース構造型|枠・コース型|メンバー構成型,0.8538878483316139,False,当日傾向型|レース構造型|枠・コース型|メンバー構成型,0.9810031704145497,False,当日傾向型|レース構造型|枠・コース型|メンバー構成型|騎手型,0.7767264564332236,False
2022,202210040803,0.6494321494424911,False,,当日傾向型,False,当日傾向型|メンバー構成型,False,当日傾向型|メンバー構成型|レース構造型,False,当日傾向型,0.5652119259229387,False,レース構造型|枠・コース型,0.7262352128723619,False,枠・コース型|メンバー構成型|騎手型,0.7956518648866333,False,当日傾向型|レース構造型|枠・コース型|騎手型,0.7449499642462103,False,当日傾向型|レース構造型|枠・コース型|メンバー構成型|騎手型,0.6881160855763391,False,メンバー構成型,False,メンバー構成型|レース構造型,False,メンバー構成型|レース構造型|枠・コース型,False,メンバー構成型,0.4271197654530019,False,当日傾向型|レース構造型,0.7618115454436677,False,レース構造型|枠・コース型|メンバー構成型,0.9134795912765056,False,当日傾向型|レース構造型|枠・コース型|騎手型,0.8839970288238106,False,当日傾向型|レース構造型|枠・コース型|メンバー構成型|騎手型,0.8448407500790592,False
2022,202203030607,0.6493535956117696,False,,枠・コース型,False,枠・コース型|当日傾向型,False,枠・コース型|当日傾向型|レース構造型,False,枠・コース型,0.5143856249249791,False,当日傾向型|レース構造型,0.7675069325681764,False,当日傾向型|レース構造型|メンバー構成型,0.70169859132542,False,当日傾向型|レース構造型|枠・コース型|騎手型,0.6357686007513296,False,当日傾向型|レース構造型|枠・コース型|メンバー構成型|騎手型,0.4124393503475558,False,当日傾向型,False,当日傾向型|枠・コース型,False,当日傾向型|枠・コース型|レース構造型,False,当日傾向型,0.6732833150017765,False,レース構造型|枠・コース型,0.7630332453873363,False,当日傾向型|枠・コース型|メンバー構成型,0.8329871675821187,False,当日傾向型|レース構造型|枠・コース型|騎手型,0.871439640699714,False,当日傾向型|レース構造型|枠・コース型|メンバー構成型|騎手型,0.9009387379053353,False
2022,202210030612,0.6491592020128334,True,メンバー構成型,当日傾向型,False,当日傾向型|枠・コース型,False,当日傾向型|枠・コース型|レース構造型,False,当日傾向型,0.5778590174394057,False,当日傾向型|レース構造型,0.783069476523584,False,当日傾向型|レース構造型|騎手型,0.8777131932242412,False,当日傾向型|レース構造型|メンバー構成型|騎手型,0.8895440161734751,True,当日傾向型|レース構造型|枠・コース型|メンバー構成型|騎手型,0.8729712134002393,True,当日傾向型,False,当日傾向型|レース構造型,False,当日傾向型|レース構造型|枠・コース型,False,当日傾向型,0.6208490652994959,False,当日傾向型|騎手型,0.7689097446882197,False,当日傾向型|レース構造型|騎手型,0.8821557165463043,False,当日傾向型|レース構造型|メンバー構成型|騎手型,0.8869357297979384,True,当日傾向型|レース構造型|枠・コース型|メンバー構成型|騎手型,0.8530245661434795,True
2022,202205010311,0.6483266735383022,False,,枠・コース型,False,枠・コース型|当日傾向型,False,枠・コース型|当日傾向型|メンバー構成型,False,枠・コース型,0.5620632883422694,False,枠・コース型|メンバー構成型,0.7813723597791682,False,当日傾向型|枠・コース型|メンバー構成型,0.8877670166680227,False,当日傾向型|レース構造型|枠・コース型|メンバー構成型,0.9413007797676292,False,当日傾向型|レース構造型|枠・コース型|メンバー構成型|騎手型,0.9244190474671924,False,当日傾向型,False,当日傾向型|枠・コース型,False,当日傾向型|枠・コース型|メンバー構成型,False,当日傾向型,0.4763060341157317,False,当日傾向型|メンバー構成型,0.7504748115039896,False,当日傾向型|レース構造型|騎手型,0.8284856994449562,False,当日傾向型|レース構造型|枠・コース型|騎手型,0.8681825445943001,False,当日傾向型|レース構造型|枠・コース型|メンバー構成型|騎手型,0.9267842235817555,False
2022,202206050811,0.648204417883254,False,,レース構造型,False,レース構造型|当日傾向型,False,レース構造型|当日傾向型|枠・コース型,False,レース構造型,0.47871501342231043,False,当日傾向型|枠・コース型,0.7366706238156676,False,当日傾向型|枠・コース型|メンバー構成型,0.8265127285113392,False,当日傾向型|レース構造型|枠・コース型|メンバー構成型,0.8677265182616397,False,当日傾向型|レース構造型|枠・コース型|メンバー構成型|騎手型,0.8312797949874358,False,レース構造型,False,レース構造型|メンバー構成型,False,レース構造型|メンバー構成型|枠・コース型,False,レース構造型,0.6814531924042788,False,レース構造型|メンバー構成型,0.8407727788210452,False,レース構造型|枠・コース型|メンバー構成型,0.9607532160386478,False,レース構造型|枠・コース型|メンバー構成型|騎手型,0.9503586428210931,False,当日傾向型|レース構造型|枠・コース型|メンバー構成型|騎手型,0.9573734512938034,False
2022,202205020506,0.6477202338861687,False,,レース構造型,False,レース構造型|枠・コース型,False,レース構造型|枠・コース型|メンバー構成型,False,レース構造型,0.6295912200530707,False,レース構造型|メンバー構成型,0.8683108774579396,False,当日傾向型|枠・コース型|騎手型,0.8984120079386543,False,レース構造型|枠・コース型|メンバー構成型|騎手型,0.943418488887058,False,当日傾向型|レース構造型|枠・コース型|メンバー構成型|騎手型,0.9485464433215596,False,レース構造型,False,レース構造型|メンバー構成型,False,レース構造型|メンバー構成型|枠・コース型,False,レース構造型,0.6583837873339055,False,レース構造型|メンバー構成型,0.7966757034381775,False,レース構造型|枠・コース型|メンバー構成型,0.8900953426624609,False,当日傾向型|レース構造型|枠・コース型|メンバー構成型,0.9480397145005033,False,当日傾向型|レース構造型|枠・コース型|メンバー構成型|騎手型,0.9193639237802221,False
2022,202207020311,0.6472880345996315,False,,レース構造型,False,レース構造型|当日傾向型,False,レース構造型|当日傾向型|枠・コース型,False,レース構造型,0.4738718013147882,False,レース構造型|枠・コース型,0.7232721644109089,False,当日傾向型|レース構造型|枠・コース型,0.8357268589407184,False,当日傾向型|レース構造型|枠・コース型|騎手型,0.8574364338060699,False,当日傾向型|レース構造型|枠・コース型|メンバー構成型|騎手型,0.9057398522270503,False,枠・コース型,False,枠・コース型|レース構造型,False,枠・コース型|レース構造型|当日傾向型,False,枠・コース型,0.3521559704658773,False,枠・コース型|メンバー構成型,0.6975641520588264,False,レース構造型|枠・コース型|メンバー構成型,0.8552272745076259,False,当日傾向型|レース構造型|枠・コース型|騎手型,0.8620127429902298,False,当日傾向型|レース構造型|枠・コース型|メンバー構成型|騎手型,0.9026586606833047,False
2022,202209060511,0.6471677321621336,False,,レース構造型,False,レース構造型|メンバー構成型,False,レース構造型|メンバー構成型|当日傾向型,False,レース構造型,0.7794404855533191,False,レース構造型|騎手型,0.8366854978221427,False,当日傾向型|レース構造型|メンバー構成型,0.9455507783981139,False,当日傾向型|レース構造型|枠・コース型|メンバー構成型,0.9405722744804393,False,当日傾向型|レース構造型|枠・コース型|メンバー構成型|騎手型,0.9623902788640742,False,枠・コース型,False,枠・コース型|レース構造型,False,枠・コース型|レース構造型|メンバー構成型,False,枠・コース型,0.6611335515336738,False,当日傾向型|レース構造型,0.8673331459338485,False,当日傾向型|レース構造型|メンバー構成型,0.9559123581829818,False,当日傾向型|レース構造型|メンバー構成型|騎手型,0.9729885513097756,False,当日傾向型|レース構造型|枠・コース型|メンバー構成型|騎手型,0.9798021689668024,False
2022,202209050808,0.6469163906124095,False,,当日傾向型,False,当日傾向型|枠・コース型,False,当日傾向型|枠・コース型|レース構造型,False,当日傾向型,0.6858046544004601,False,レース構造型|枠・コース型,0.8223132046811022,False,当日傾向型|レース構造型|騎手型,0.9049983886816276,False,当日傾向型|レース構造型|メンバー構成型|騎手型,0.920865775643563,False,当日傾向型|レース構造型|枠・コース型|メンバー構成型|騎手型,0.874074028953745,False,メンバー構成型,False,メンバー構成型|レース構造型,False,メンバー構成型|レース構造型|当日傾向型,False,メンバー構成型,0.6936477819971321,False,レース構造型|騎手型,0.8559656229920949,False,当日傾向型|レース構造型|メンバー構成型,0.8975606325852677,False,レース構造型|枠・コース型|メンバー構成型|騎手型,0.9494041579704419,False,当日傾向型|レース構造型|枠・コース型|メンバー構成型|騎手型,0.8760414878794875,False
2022,202207010312,0.6469050590738861,False,,レース構造型,False,レース構造型|メンバー構成型,False,レース構造型|メンバー構成型|当日傾向型,False,レース構造型,0.5132246462961993,False,レース構造型|枠・コース型,0.7368386273605595,False,枠・コース型|メンバー構成型|騎手型,0.843278645461018,False,当日傾向型|枠・コース型|メンバー構成型|騎手型,0.8554209780803239,False,当日傾向型|レース構造型|枠・コース型|メンバー構成型|騎手型,0.9061201732978665,False,レース構造型,False,レース構造型|当日傾向型,False,レース構造型|当日傾向型|メンバー構成型,False,レース構造型,0.49216292771226233,False,当日傾向型|レース構造型,0.7838399213903099,False,レース構造型|枠・コース型|メンバー構成型,0.8909823786679847,False,当日傾向型|レース構造型|枠・コース型|騎手型,0.9162998291286519,False,当日傾向型|レース構造型|枠・コース型|メンバー構成型|騎手型,0.9089948244185819,False
2022,202204010512,0.6462695793023208,False,,メンバー構成型,False,メンバー構成型|レース構造型,False,メンバー構成型|レース構造型|枠・コース型,False,メンバー構成型,0.4032167416473107,False,レース構造型|メンバー構成型,0.7358381538735981,False,レース構造型|枠・コース型|メンバー構成型,0.8674225255134755,False,レース構造型|枠・コース型|メンバー構成型|騎手型,0.8956041050251222,False,当日傾向型|レース構造型|枠・コース型|メンバー構成型|騎手型,0.7724929985685687,False,騎手型,False,騎手型|枠・コース型,False,騎手型|枠・コース型|メンバー構成型,False,騎手型,0.3927284614704822,False,当日傾向型|メンバー構成型,0.7543019030371898,False,レース構造型|枠・コース型|騎手型,0.8806814646029395,False,レース構造型|枠・コース型|メンバー構成型|騎手型,0.8892842260963114,False,当日傾向型|レース構造型|枠・コース型|メンバー構成型|騎手型,0.85982353819593,False
2022,202206050112,0.6455910046783391,False,,当日傾向型,False,当日傾向型|メンバー構成型,False,当日傾向型|メンバー構成型|騎手型,False,当日傾向型,0.7451511104160514,False,当日傾向型|メンバー構成型,0.9128456628636834,False,当日傾向型|枠・コース型|メンバー構成型,0.9439655992871651,False,当日傾向型|枠・コース型|メンバー構成型|騎手型,0.9674967755513256,False,当日傾向型|レース構造型|枠・コース型|メンバー構成型|騎手型,0.9746348498483033,False,当日傾向型,False,当日傾向型|レース構造型,False,当日傾向型|レース構造型|メンバー構成型,False,当日傾向型,0.5283539222200915,False,当日傾向型|枠・コース型,0.6908020957207106,False,当日傾向型|メンバー構成型|騎手型,0.8758972198680082,False,当日傾向型|枠・コース型|メンバー構成型|騎手型,0.9539675946761356,False,当日傾向型|レース構造型|枠・コース型|メンバー構成型|騎手型,0.9608250318205717,False
2022,202209060111,0.6453059597840151,False,,メンバー構成型,False,メンバー構成型|レース構造型,False,メンバー構成型|レース構造型|当日傾向型,False,メンバー構成型,0.40990110580447037,False,メンバー構成型|騎手型,0.78003869592999,False,レース構造型|枠・コース型|騎手型,0.9119907091466342,False,レース構造型|枠・コース型|メンバー構成型|騎手型,0.9266044449563755,False,当日傾向型|レース構造型|枠・コース型|メンバー構成型|騎手型,0.9030505832618394,False,メンバー構成型,False,メンバー構成型|枠・コース型,False,メンバー構成型|枠・コース型|レース構造型,False,メンバー構成型,0.5473609640801764,False,当日傾向型|メンバー構成型,0.7677470506347566,False,レース構造型|枠・コース型|メンバー構成型,0.9381126422851679,False,当日傾向型|レース構造型|枠・コース型|メンバー構成型,0.9602282732941918,False,当日傾向型|レース構造型|枠・コース型|メンバー構成型|騎手型,0.954484904592883,False
2022,202206040908,0.6450970370216609,False,,レース構造型,False,レース構造型|枠・コース型,False,レース構造型|枠・コース型|当日傾向型,False,レース構造型,0.4093793772625408,False,枠・コース型|メンバー構成型,0.7791908931278443,False,当日傾向型|枠・コース型|メンバー構成型,0.8774495329096418,False,当日傾向型|レース構造型|枠・コース型|メンバー構成型,0.9316071662675187,False,当日傾向型|レース構造型|枠・コース型|メンバー構成型|騎手型,0.9126704778435941,False,枠・コース型,False,枠・コース型|メンバー構成型,False,枠・コース型|メンバー構成型|レース構造型,False,枠・コース型,0.6505005134255222,False,枠・コース型|メンバー構成型,0.9274516901504695,False,レース構造型|枠・コース型|メンバー構成型,0.929523356787768,False,レース構造型|枠・コース型|メンバー構成型|騎手型,0.9559988980456676,False,当日傾向型|レース構造型|枠・コース型|メンバー構成型|騎手型,0.9547786434008259,False
2022,202204030803,0.6449300474559007,False,,メンバー構成型,False,メンバー構成型|騎手型,False,メンバー構成型|騎手型|レース構造型,False,メンバー構成型,0.34600551469546775,False,レース構造型|メンバー構成型,0.7580595798205901,False,レース構造型|枠・コース型|メンバー構成型,0.860859248605461,False,当日傾向型|レース構造型|枠・コース型|メンバー構成型,0.9550423026254167,False,当日傾向型|レース構造型|枠・コース型|メンバー構成型|騎手型,0.8732376397130187,False,メンバー構成型,False,メンバー構成型|レース構造型,False,メンバー構成型|レース構造型|枠・コース型,False,メンバー構成型,0.47261199925599445,False,枠・コース型|騎手型,0.7290440291652877,False,レース構造型|枠・コース型|メンバー構成型,0.924127923631723,False,当日傾向型|レース構造型|枠・コース型|騎手型,0.9470433356123138,False,当日傾向型|レース構造型|枠・コース型|メンバー構成型|騎手型,0.9492660728565491,False
2022,202210030103,0.6448883330602206,False,,レース構造型,False,レース構造型|騎手型,False,レース構造型|騎手型|メンバー構成型,False,レース構造型,0.6065193667897797,False,レース構造型|枠・コース型,0.8123967276108771,False,レース構造型|枠・コース型|メンバー構成型,0.8871441809076448,False,当日傾向型|レース構造型|枠・コース型|メンバー構成型,0.9365138884050347,False,当日傾向型|レース構造型|枠・コース型|メンバー構成型|騎手型,0.9642025412078593,False,枠・コース型,False,枠・コース型|メンバー構成型,False,枠・コース型|メンバー構成型|当日傾向型,False,枠・コース型,0.4743724594030617,False,枠・コース型|メンバー構成型,0.7513280756642515,False,当日傾向型|枠・コース型|メンバー構成型,0.9379398692272682,False,当日傾向型|枠・コース型|メンバー構成型|騎手型,0.9708382454543564,False,当日傾向型|レース構造型|枠・コース型|メンバー構成型|騎手型,0.9179117067274857,False
2022,202209011112,0.6448581141484026,False,,レース構造型,False,レース構造型|枠・コース型,False,レース構造型|枠・コース型|当日傾向型,False,レース構造型,0.5945925051031071,False,レース構造型|枠・コース型,0.8812002973772965,False,当日傾向型|レース構造型|枠・コース型,0.9504325289877564,False,当日傾向型|レース構造型|枠・コース型|騎手型,0.9625527564908862,False,当日傾向型|レース構造型|枠・コース型|メンバー構成型|騎手型,0.9630325855841687,False,レース構造型,False,レース構造型|メンバー構成型,False,レース構造型|メンバー構成型|当日傾向型,False,レース構造型,0.6948286127105728,False,当日傾向型|レース構造型,0.9176430137608007,False,当日傾向型|レース構造型|メンバー構成型,0.9683115644138515,False,当日傾向型|レース構造型|メンバー構成型|騎手型,0.9690346475517531,False,当日傾向型|レース構造型|枠・コース型|メンバー構成型|騎手型,0.9745089146371604,False
2022,202205040204,0.6448323964314041,False,,レース構造型,False,レース構造型|枠・コース型,False,レース構造型|枠・コース型|メンバー構成型,False,レース構造型,0.9204041424880953,False,レース構造型|メンバー構成型,0.9623136101985054,False,レース構造型|枠・コース型|メンバー構成型,0.964220695836736,False,当日傾向型|レース構造型|枠・コース型|メンバー構成型,0.9767819216263318,False,当日傾向型|レース構造型|枠・コース型|メンバー構成型|騎手型,0.9730828009532534,False,レース構造型,False,レース構造型|メンバー構成型,False,レース構造型|メンバー構成型|枠・コース型,False,レース構造型,0.8925480199927376,False,レース構造型|メンバー構成型,0.9546152519770121,False,レース構造型|枠・コース型|メンバー構成型,0.9820104355198389,False,当日傾向型|レース構造型|枠・コース型|メンバー構成型,0.9835937592570617,False,当日傾向型|レース構造型|枠・コース型|メンバー構成型|騎手型,0.9817456379749415,False
2022,202205010308,0.644787816779292,False,,メンバー構成型,False,メンバー構成型|レース構造型,False,メンバー構成型|レース構造型|枠・コース型,False,メンバー構成型,0.411983066863509,False,枠・コース型|メンバー構成型,0.7433488530709164,False,当日傾向型|枠・コース型|メンバー構成型,0.8607732764213367,False,当日傾向型|レース構造型|枠・コース型|メンバー構成型,0.9251416855820453,False,当日傾向型|レース構造型|枠・コース型|メンバー構成型|騎手型,0.9333379898709998,False,当日傾向型,False,当日傾向型|レース構造型,False,当日傾向型|レース構造型|枠・コース型,False,当日傾向型,0.6658305194771549,False,当日傾向型|枠・コース型,0.8510298664226278,False,当日傾向型|枠・コース型|騎手型,0.9304545259981741,False,レース構造型|枠・コース型|メンバー構成型|騎手型,0.9620981355768978,False,当日傾向型|レース構造型|枠・コース型|メンバー構成型|騎手型,0.9435513097557086,False
2022,202206050411,0.6447136566181186,False,,メンバー構成型,False,メンバー構成型|枠・コース型,False,メンバー構成型|枠・コース型|当日傾向型,False,メンバー構成型,0.5363296986728091,False,レース構造型|騎手型,0.7581509705556406,False,レース構造型|枠・コース型|騎手型,0.9185843710222441,False,当日傾向型|枠・コース型|メンバー構成型|騎手型,0.9740469098230531,False,当日傾向型|レース構造型|枠・コース型|メンバー構成型|騎手型,0.9645134090582668,False,メンバー構成型,False,メンバー構成型|レース構造型,False,メンバー構成型|レース構造型|枠・コース型,False,メンバー構成型,0.5591661422684063,False,レース構造型|騎手型,0.8239582065518553,False,レース構造型|枠・コース型|メンバー構成型,0.9198463056988583,False,レース構造型|枠・コース型|メンバー構成型|騎手型,0.9713067257617867,False,当日傾向型|レース構造型|枠・コース型|メンバー構成型|騎手型,0.976491238157935,False
2022,202206050305,0.64446106961852,False,,レース構造型,False,レース構造型|枠・コース型,False,レース構造型|枠・コース型|メンバー構成型,False,レース構造型,0.9426136378988902,False,レース構造型|騎手型,0.9602161256372607,False,当日傾向型|レース構造型|騎手型,0.9528366974424465,False,当日傾向型|レース構造型|枠・コース型|メンバー構成型,0.9542363939282816,False,当日傾向型|レース構造型|枠・コース型|メンバー構成型|騎手型,0.9461080318533012,False,レース構造型,False,レース構造型|枠・コース型,False,レース構造型|枠・コース型|当日傾向型,False,レース構造型,0.7887255989145108,False,レース構造型|騎手型,0.9207226705284042,False,当日傾向型|レース構造型|枠・コース型,0.9348881913094553,False,当日傾向型|レース構造型|メンバー構成型|騎手型,0.9363009106645411,False,当日傾向型|レース構造型|枠・コース型|メンバー構成型|騎手型,0.8598978807032034,False
2022,202201010610,0.6442265590902443,False,,枠・コース型,False,枠・コース型|当日傾向型,False,枠・コース型|当日傾向型|メンバー構成型,False,枠・コース型,0.4263162176120795,False,当日傾向型|レース構造型,0.773239278142005,False,当日傾向型|枠・コース型|メンバー構成型,0.9109251650757784,False,当日傾向型|レース構造型|メンバー構成型|騎手型,0.9565422544993906,False,当日傾向型|レース構造型|枠・コース型|メンバー構成型|騎手型,0.9693374301468182,False,当日傾向型,False,当日傾向型|レース構造型,False,当日傾向型|レース構造型|枠・コース型,False,当日傾向型,0.594623533648317,False,当日傾向型|枠・コース型,0.8713272527993581,False,当日傾向型|レース構造型|騎手型,0.9549527627130368,False,当日傾向型|レース構造型|枠・コース型|騎手型,0.9814117462648779,False,当日傾向型|レース構造型|枠・コース型|メンバー構成型|騎手型,0.9817131060964052,False
2022,202206010704,0.6439779725058747,False,,レース構造型,False,レース構造型|当日傾向型,False,レース構造型|当日傾向型|メンバー構成型,False,レース構造型,0.9224693970336685,False,レース構造型|メンバー構成型,0.9496392927279539,False,当日傾向型|レース構造型|メンバー構成型,0.9503954757628901,False,当日傾向型|レース構造型|枠・コース型|メンバー構成型,0.9724609680049718,False,当日傾向型|レース構造型|枠・コース型|メンバー構成型|騎手型,0.9264909676536884,False,レース構造型,False,レース構造型|メンバー構成型,False,レース構造型|メンバー構成型|枠・コース型,False,レース構造型,0.7732083104476272,False,レース構造型|枠・コース型,0.9472741264496726,False,レース構造型|枠・コース型|メンバー構成型,0.9814128353698439,False,当日傾向型|レース構造型|枠・コース型|メンバー構成型,0.9807283596094843,False,当日傾向型|レース構造型|枠・コース型|メンバー構成型|騎手型,0.9540394828432845,False
2022,202203010310,0.6439580805395305,True,当日傾向型|枠・コース型|メンバー構成型,メンバー構成型,True,メンバー構成型|騎手型,True,メンバー構成型|騎手型|当日傾向型,True,メンバー構成型,0.4932611038344566,True,レース構造型|メンバー構成型,0.7230571777550578,True,レース構造型|メンバー構成型|騎手型,0.823795591117906,True,当日傾向型|レース構造型|枠・コース型|メンバー構成型,0.8899235090423656,True,当日傾向型|レース構造型|枠・コース型|メンバー構成型|騎手型,0.8664686677644129,True,当日傾向型,True,当日傾向型|レース構造型,True,当日傾向型|レース構造型|メンバー構成型,True,当日傾向型,0.6604813726516056,True,当日傾向型|レース構造型,0.8493422100883722,True,当日傾向型|枠・コース型|メンバー構成型,0.9052917399003981,True,当日傾向型|レース構造型|枠・コース型|メンバー構成型,0.9598203729519112,True,当日傾向型|レース構造型|枠・コース型|メンバー構成型|騎手型,0.8977281255160402,True
2022,202205021012,0.6437759900868282,False,,枠・コース型,False,枠・コース型|メンバー構成型,False,枠・コース型|メンバー構成型|レース構造型,False,枠・コース型,0.6253441249200293,False,当日傾向型|枠・コース型,0.8316005774840058,False,レース構造型|枠・コース型|メンバー構成型,0.8698456666958979,False,レース構造型|枠・コース型|メンバー構成型|騎手型,0.9500843716809567,False,当日傾向型|レース構造型|枠・コース型|メンバー構成型|騎手型,0.8871018258239931,False,当日傾向型,False,当日傾向型|枠・コース型,False,当日傾向型|枠・コース型|メンバー構成型,False,当日傾向型,0.518225387770848,False,レース構造型|枠・コース型,0.8055397431352719,False,レース構造型|枠・コース型|メンバー構成型,0.8784426027896897,False,当日傾向型|枠・コース型|メンバー構成型|騎手型,0.9065309218402621,False,当日傾向型|レース構造型|枠・コース型|メンバー構成型|騎手型,0.8964521107847759,False
2022,202204030303,0.6433792103689999,False,,レース構造型,False,レース構造型|当日傾向型,False,レース構造型|当日傾向型|枠・コース型,False,レース構造型,0.9226447492890001,False,レース構造型|メンバー構成型,0.9473922282082907,False,レース構造型|枠・コース型|メンバー構成型,0.9808186678131555,False,当日傾向型|レース構造型|枠・コース型|メンバー構成型,0.9838252890739881,False,当日傾向型|レース構造型|枠・コース型|メンバー構成型|騎手型,0.9848131291545427,False,レース構造型,False,レース構造型|枠・コース型,False,レース構造型|枠・コース型|メンバー構成型,False,レース構造型,0.8733778831316767,False,レース構造型|メンバー構成型,0.939959705257837,False,レース構造型|枠・コース型|メンバー構成型,0.9774661016249726,False,当日傾向型|レース構造型|枠・コース型|メンバー構成型,0.9852383679600797,False,当日傾向型|レース構造型|枠・コース型|メンバー構成型|騎手型,0.9786670589898702,False
2022,202209060508,0.6430788333027156,False,,当日傾向型,False,当日傾向型|枠・コース型,False,当日傾向型|枠・コース型|レース構造型,False,当日傾向型,0.6718173039688414,False,レース構造型|枠・コース型,0.889937830722491,False,レース構造型|枠・コース型|騎手型,0.9533022793770509,False,当日傾向型|レース構造型|枠・コース型|騎手型,0.940454247436379,False,当日傾向型|レース構造型|枠・コース型|メンバー構成型|騎手型,0.9315780909183287,False,枠・コース型,False,枠・コース型|レース構造型,False,枠・コース型|レース構造型|メンバー構成型,False,枠・コース型,0.2617949726374582,False,レース構造型|メンバー構成型,0.7381132144234428,False,当日傾向型|レース構造型|メンバー構成型,0.833366970739143,False,当日傾向型|レース構造型|枠・コース型|騎手型,0.9050001508978721,False,当日傾向型|レース構造型|枠・コース型|メンバー構成型|騎手型,0.8480177554344774,False
2022,202209050806,0.642918168003495,False,,レース構造型,False,レース構造型|枠・コース型,False,レース構造型|枠・コース型|当日傾向型,False,レース構造型,0.9234560387269191,False,レース構造型|騎手型,0.946570932592777,False,当日傾向型|レース構造型|枠・コース型,0.9575870719078895,False,当日傾向型|レース構造型|枠・コース型|メンバー構成型,0.9813612865742009,False,当日傾向型|レース構造型|枠・コース型|メンバー構成型|騎手型,0.9441370068355983,False,レース構造型,False,レース構造型|当日傾向型,False,レース構造型|当日傾向型|枠・コース型,False,レース構造型,0.8922725348063237,False,レース構造型|メンバー構成型,0.9522851734812908,False,レース構造型|枠・コース型|メンバー構成型,0.9756274466854202,False,当日傾向型|レース構造型|枠・コース型|メンバー構成型,0.9825957232713382,False,当日傾向型|レース構造型|枠・コース型|メンバー構成型|騎手型,0.9789589225273737,False
2022,202203020711,0.6418875002415485,False,,枠・コース型,False,枠・コース型|メンバー構成型,False,枠・コース型|メンバー構成型|レース構造型,False,枠・コース型,0.4506827944910377,False,枠・コース型|騎手型,0.8479909217561026,False,当日傾向型|枠・コース型|騎手型,0.9310356423447539,False,レース構造型|枠・コース型|メンバー構成型|騎手型,0.9617147671246384,False,当日傾向型|レース構造型|枠・コース型|メンバー構成型|騎手型,0.973426290395019,False,メンバー構成型,False,メンバー構成型|レース構造型,False,メンバー構成型|レース構造型|当日傾向型,False,メンバー構成型,0.6715706191208928,False,枠・コース型|メンバー構成型,0.866832972314841,False,レース構造型|枠・コース型|メンバー構成型,0.9403463978659446,False,当日傾向型|レース構造型|枠・コース型|メンバー構成型,0.9654887483567184,False,当日傾向型|レース構造型|枠・コース型|メンバー構成型|騎手型,0.9595459643095953,False
2022,202203030208,0.6417740335870483,False,,メンバー構成型,False,メンバー構成型|レース構造型,False,メンバー構成型|レース構造型|枠・コース型,False,メンバー構成型,0.6455940124194192,False,レース構造型|メンバー構成型,0.8381307299326335,False,当日傾向型|枠・コース型|メンバー構成型,0.9184934821146301,False,レース構造型|枠・コース型|メンバー構成型|騎手型,0.9319730253665063,False,当日傾向型|レース構造型|枠・コース型|メンバー構成型|騎手型,0.9117649023246182,False,メンバー構成型,False,メンバー構成型|枠・コース型,False,メンバー構成型|枠・コース型|レース構造型,False,メンバー構成型,0.7114703432547697,False,枠・コース型|メンバー構成型,0.9127356692098699,False,レース構造型|枠・コース型|メンバー構成型,0.9780055919593154,False,レース構造型|枠・コース型|メンバー構成型|騎手型,0.9704341814303136,False,当日傾向型|レース構造型|枠・コース型|メンバー構成型|騎手型,0.9328547297939067,False
2022,202207050702,0.6412973943928941,False,,当日傾向型,False,当日傾向型|メンバー構成型,False,当日傾向型|メンバー構成型|騎手型,False,当日傾向型,0.6422984344401282,False,当日傾向型|メンバー構成型,0.8149480478351392,False,当日傾向型|レース構造型|メンバー構成型,0.9317477750704236,False,当日傾向型|レース構造型|メンバー構成型|騎手型,0.9181087861138869,False,当日傾向型|レース構造型|枠・コース型|メンバー構成型|騎手型,0.9006606635195946,False,枠・コース型,False,枠・コース型|当日傾向型,False,枠・コース型|当日傾向型|騎手型,False,枠・コース型,0.6110703816418409,False,枠・コース型|騎手型,0.9023455146638443,False,当日傾向型|枠・コース型|メンバー構成型,0.9329239788936389,False,当日傾向型|レース構造型|メンバー構成型|騎手型,0.9633277161282019,False,当日傾向型|レース構造型|枠・コース型|メンバー構成型|騎手型,0.9281683099506765,False
2022,202203020210,0.6411550368879525,False,,当日傾向型,False,当日傾向型|枠・コース型,False,当日傾向型|枠・コース型|メンバー構成型,False,当日傾向型,0.7327309056202357,False,当日傾向型|騎手型,0.8686256724619184,False,当日傾向型|メンバー構成型|騎手型,0.913107119771869,False,レース構造型|枠・コース型|メンバー構成型|騎手型,0.9469759088540921,False,当日傾向型|レース構造型|枠・コース型|メンバー構成型|騎手型,0.9679239896475864,False,枠・コース型,False,枠・コース型|当日傾向型,False,枠・コース型|当日傾向型|レース構造型,False,枠・コース型,0.4400984612859582,False,当日傾向型|枠・コース型,0.864588107746152,False,枠・コース型|メンバー構成型|騎手型,0.929977445058533,False,当日傾向型|レース構造型|枠・コース型|メンバー構成型,0.9685539069972078,False,当日傾向型|レース構造型|枠・コース型|メンバー構成型|騎手型,0.9663130509673485,False
2022,202209011205,0.6411273863157215,False,,レース構造型,False,レース構造型|当日傾向型,False,レース構造型|当日傾向型|メンバー構成型,False,レース構造型,0.4741317901169614,False,当日傾向型|レース構造型,0.7697494184049298,False,レース構造型|メンバー構成型|騎手型,0.8232037587801679,False,当日傾向型|レース構造型|メンバー構成型|騎手型,0.8905697733415228,False,当日傾向型|レース構造型|枠・コース型|メンバー構成型|騎手型,0.8296085837885318,False,メンバー構成型,False,メンバー構成型|枠・コース型,False,メンバー構成型|枠・コース型|騎手型,False,メンバー構成型,0.5412389884057894,False,レース構造型|メンバー構成型,0.7406276723199832,False,レース構造型|枠・コース型|メンバー構成型,0.7001741136718417,False,当日傾向型|枠・コース型|メンバー構成型|騎手型,0.7778638536269218,False,当日傾向型|レース構造型|枠・コース型|メンバー構成型|騎手型,0.7357084118737082,False
2022,202210020110,0.6406015729037607,True,レース構造型,枠・コース型,False,枠・コース型|当日傾向型,False,枠・コース型|当日傾向型|レース構造型,True,枠・コース型,0.5439209707518197,False,当日傾向型|枠・コース型,0.7816788742091495,False,当日傾向型|枠・コース型|メンバー構成型,0.9118920147512967,False,当日傾向型|レース構造型|枠・コース型|メンバー構成型,0.9308770953588172,True,当日傾向型|レース構造型|枠・コース型|メンバー構成型|騎手型,0.9198195347172896,True,レース構造型,True,レース構造型|枠・コース型,True,レース構造型|枠・コース型|当日傾向型,True,レース構造型,0.6528977259749369,True,当日傾向型|レース構造型,0.7703799654221591,True,当日傾向型|枠・コース型|メンバー構成型,0.9262268576019472,False,当日傾向型|枠・コース型|メンバー構成型|騎手型,0.9517676393958882,False,当日傾向型|レース構造型|枠・コース型|メンバー構成型|騎手型,0.9704396418234449,True
2022,202207020302,0.6398757250029294,False,,当日傾向型,False,当日傾向型|メンバー構成型,False,当日傾向型|メンバー構成型|枠・コース型,False,当日傾向型,0.7360346956162701,False,当日傾向型|騎手型,0.7700458429332582,False,レース構造型|メンバー構成型|騎手型,0.8619448210376695,False,当日傾向型|レース構造型|メンバー構成型|騎手型,0.9082858221580131,False,当日傾向型|レース構造型|枠・コース型|メンバー構成型|騎手型,0.901081425097692,False,メンバー構成型,False,メンバー構成型|レース構造型,False,メンバー構成型|レース構造型|枠・コース型,False,メンバー構成型,0.6993972951582854,False,枠・コース型|メンバー構成型,0.8731021093806413,False,当日傾向型|レース構造型|騎手型,0.9310524233357054,False,当日傾向型|レース構造型|メンバー構成型|騎手型,0.9414906541862519,False,当日傾向型|レース構造型|枠・コース型|メンバー構成型|騎手型,0.9394127092319212,False
2022,202205010609,0.6388122252613383,False,,枠・コース型,False,枠・コース型|当日傾向型,False,枠・コース型|当日傾向型|メンバー構成型,False,枠・コース型,0.8063005281837075,False,枠・コース型|メンバー構成型,0.8658849407714247,False,当日傾向型|レース構造型|メンバー構成型,0.8703456360625044,False,当日傾向型|レース構造型|メンバー構成型|騎手型,0.9336014972497583,False,当日傾向型|レース構造型|枠・コース型|メンバー構成型|騎手型,0.9529039225906636,False,当日傾向型,False,当日傾向型|枠・コース型,False,当日傾向型|枠・コース型|メンバー構成型,False,当日傾向型,0.7316252963572663,False,枠・コース型|メンバー構成型,0.9056486213968967,False,枠・コース型|メンバー構成型|騎手型,0.9588290641390076,False,レース構造型|枠・コース型|メンバー構成型|騎手型,0.9847261805228441,False,当日傾向型|レース構造型|枠・コース型|メンバー構成型|騎手型,0.9809481819959786,False
2022,202209030404,0.6385662369536124,False,,騎手型,False,騎手型|レース構造型,False,騎手型|レース構造型|枠・コース型,False,騎手型,0.4243602106822765,False,レース構造型|メンバー構成型,0.7707650860947516,False,レース構造型|枠・コース型|騎手型,0.8138988576706627,False,レース構造型|枠・コース型|メンバー構成型|騎手型,0.8941718218957979,False,当日傾向型|レース構造型|枠・コース型|メンバー構成型|騎手型,0.6479825385059598,False,レース構造型,False,レース構造型|枠・コース型,False,レース構造型|枠・コース型|騎手型,False,レース構造型,0.4310617334453942,False,レース構造型|メンバー構成型,0.8176726169049328,False,レース構造型|枠・コース型|メンバー構成型,0.9115248676272917,False,当日傾向型|レース構造型|枠・コース型|メンバー構成型,0.9373807320150579,False,当日傾向型|レース構造型|枠・コース型|メンバー構成型|騎手型,0.9250267347301081,False
2022,202209050712,0.6381526915490495,False,,レース構造型,False,レース構造型|メンバー構成型,False,レース構造型|メンバー構成型|当日傾向型,False,レース構造型,0.6341795539057301,False,レース構造型|枠・コース型,0.9086883866240035,False,レース構造型|枠・コース型|騎手型,0.8785006257317701,False,レース構造型|枠・コース型|メンバー構成型|騎手型,0.9356051246779964,False,当日傾向型|レース構造型|枠・コース型|メンバー構成型|騎手型,0.9307621346654346,False,レース構造型,False,レース構造型|メンバー構成型,False,レース構造型|メンバー構成型|騎手型,False,レース構造型,0.6726169848860305,False,レース構造型|枠・コース型,0.718544549346725,False,レース構造型|枠・コース型|騎手型,0.8281374745233223,False,レース構造型|枠・コース型|メンバー構成型|騎手型,0.9035902729268555,False,当日傾向型|レース構造型|枠・コース型|メンバー構成型|騎手型,0.94931241449074,False
2022,202207050810,0.6377827053949119,False,,枠・コース型,False,枠・コース型|レース構造型,False,枠・コース型|レース構造型|メンバー構成型,False,枠・コース型,0.3411198713871756,False,レース構造型|メンバー構成型,0.766488524523081,False,レース構造型|メンバー構成型|騎手型,0.7523334290299385,False,当日傾向型|レース構造型|メンバー構成型|騎手型,0.7288726511509765,False,当日傾向型|レース構造型|枠・コース型|メンバー構成型|騎手型,0.8241668016218594,False,枠・コース型,False,枠・コース型|レース構造型,False,枠・コース型|レース構造型|メンバー構成型,False,枠・コース型,0.48650251875382317,False,レース構造型|枠・コース型,0.7404651330110968,False,当日傾向型|レース構造型|枠・コース型,0.8576777422632584,False,レース構造型|枠・コース型|メンバー構成型|騎手型,0.8527480457348062,False,当日傾向型|レース構造型|枠・コース型|メンバー構成型|騎手型,0.8747473055887668,False
2022,202209020312,0.6376163250378816,False,,枠・コース型,False,枠・コース型|当日傾向型,False,枠・コース型|当日傾向型|レース構造型,False,枠・コース型,0.6272466650446917,False,当日傾向型|メンバー構成型,0.8052527599925479,False,当日傾向型|レース構造型|枠・コース型,0.8878795259885673,False,当日傾向型|レース構造型|枠・コース型|騎手型,0.9532529053716112,False,当日傾向型|レース構造型|枠・コース型|メンバー構成型|騎手型,0.9775356831736333,False,当日傾向型,False,当日傾向型|枠・コース型,False,当日傾向型|枠・コース型|レース構造型,False,当日傾向型,0.6792708235324424,False,当日傾向型|メンバー構成型,0.773393187038029,False,当日傾向型|枠・コース型|メンバー構成型,0.8904282179013144,False,当日傾向型|レース構造型|枠・コース型|メンバー構成型,0.9065079208332981,False,当日傾向型|レース構造型|枠・コース型|メンバー構成型|騎手型,0.9092327782784277,False
2022,202210040105,0.6375752571014743,False,,レース構造型,False,レース構造型|当日傾向型,False,レース構造型|当日傾向型|枠・コース型,False,レース構造型,0.9444433090080514,False,レース構造型|騎手型,0.9685648679746818,False,当日傾向型|レース構造型|メンバー構成型,0.9702755521518802,False,当日傾向型|レース構造型|枠・コース型|メンバー構成型,0.9829211585058144,False,当日傾向型|レース構造型|枠・コース型|メンバー構成型|騎手型,0.9774677410137917,False,レース構造型,False,レース構造型|枠・コース型,False,レース構造型|枠・コース型|当日傾向型,False,レース構造型,0.8097329264358013,False,レース構造型|騎手型,0.9324694817160412,False,レース構造型|枠・コース型|メンバー構成型,0.9417765103274557,False,当日傾向型|レース構造型|メンバー構成型|騎手型,0.960821797813478,False,当日傾向型|レース構造型|枠・コース型|メンバー構成型|騎手型,0.9666685486877865,False
2022,202203010603,0.6372308350301479,False,,枠・コース型,False,枠・コース型|騎手型,False,枠・コース型|騎手型|メンバー構成型,False,枠・コース型,0.27241028650083104,False,枠・コース型|メンバー構成型,0.6136402436388244,False,当日傾向型|レース構造型|枠・コース型,0.6801713417862295,False,当日傾向型|レース構造型|枠・コース型|騎手型,0.7176934600831577,False,当日傾向型|レース構造型|枠・コース型|メンバー構成型|騎手型,0.6591279312760429,False,当日傾向型,False,当日傾向型|レース構造型,False,当日傾向型|レース構造型|枠・コース型,False,当日傾向型,0.5009862285854529,False,当日傾向型|枠・コース型,0.6679661366521418,False,当日傾向型|レース構造型|メンバー構成型,0.9032610877439382,False,当日傾向型|レース構造型|枠・コース型|騎手型,0.860762556136815,False,当日傾向型|レース構造型|枠・コース型|メンバー構成型|騎手型,0.6942621937889504,False
2022,202209040907,0.6370177978174912,False,,枠・コース型,False,枠・コース型|当日傾向型,False,枠・コース型|当日傾向型|メンバー構成型,False,枠・コース型,0.5799242723277169,False,当日傾向型|騎手型,0.8438296638047238,False,当日傾向型|枠・コース型|騎手型,0.9377631355627363,False,レース構造型|枠・コース型|メンバー構成型|騎手型,0.9573616551877332,False,当日傾向型|レース構造型|枠・コース型|メンバー構成型|騎手型,0.9785077704276646,False,レース構造型,False,レース構造型|メンバー構成型,False,レース構造型|メンバー構成型|当日傾向型,False,レース構造型,0.6658449390729013,False,レース構造型|騎手型,0.8427829397218529,False,当日傾向型|レース構造型|騎手型,0.9355356322542753,False,当日傾向型|レース構造型|メンバー構成型|騎手型,0.954739201942194,False,当日傾向型|レース構造型|枠・コース型|メンバー構成型|騎手型,0.9803643018956147,False
2022,202206030407,0.6369101480946951,False,,メンバー構成型,False,メンバー構成型|レース構造型,False,メンバー構成型|レース構造型|枠・コース型,False,メンバー構成型,0.47586960871696193,False,レース構造型|メンバー構成型,0.8256656646306259,False,当日傾向型|枠・コース型|メンバー構成型,0.904603725144259,False,当日傾向型|レース構造型|枠・コース型|メンバー構成型,0.9264926425876526,False,当日傾向型|レース構造型|枠・コース型|メンバー構成型|騎手型,0.9178640003111271,False,メンバー構成型,False,メンバー構成型|レース構造型,False,メンバー構成型|レース構造型|枠・コース型,False,メンバー構成型,0.5134972668451551,False,レース構造型|メンバー構成型,0.8904121767134721,False,レース構造型|枠・コース型|メンバー構成型,0.9210074944480918,False,レース構造型|枠・コース型|メンバー構成型|騎手型,0.9263870700576611,False,当日傾向型|レース構造型|枠・コース型|メンバー構成型|騎手型,0.9280380157413491,False
2022,202201020106,0.6365206987618923,True,,枠・コース型,False,枠・コース型|レース構造型,False,枠・コース型|レース構造型|騎手型,False,枠・コース型,0.3625606483408527,False,レース構造型|枠・コース型,0.670749714047182,False,レース構造型|枠・コース型|騎手型,0.8360699581962026,False,当日傾向型|レース構造型|枠・コース型|騎手型,0.8221011788149767,False,当日傾向型|レース構造型|枠・コース型|メンバー構成型|騎手型,0.8029534736513818,False,当日傾向型,False,当日傾向型|レース構造型,False,当日傾向型|レース構造型|枠・コース型,False,当日傾向型,0.4145838352558389,False,枠・コース型|メンバー構成型,0.8340365533853844,False,当日傾向型|枠・コース型|メンバー構成型,0.903912639910218,False,レース構造型|枠・コース型|メンバー構成型|騎手型,0.9316662279189231,False,当日傾向型|レース構造型|枠・コース型|メンバー構成型|騎手型,0.9649467340016067,False
2022,202207040108,0.6347586170490745,False,,レース構造型,False,レース構造型|枠・コース型,False,レース構造型|枠・コース型|当日傾向型,False,レース構造型,0.5502261242573541,False,当日傾向型|枠・コース型,0.8376394747722606,False,当日傾向型|枠・コース型|騎手型,0.8797189667728786,False,当日傾向型|レース構造型|枠・コース型|騎手型,0.8728229935956399,False,当日傾向型|レース構造型|枠・コース型|メンバー構成型|騎手型,0.783283828384429,False,枠・コース型,False,枠・コース型|レース構造型,False,枠・コース型|レース構造型|当日傾向型,False,枠・コース型,0.6603662800039366,False,レース構造型|メンバー構成型,0.783211471351735,False,レース構造型|枠・コース型|メンバー構成型,0.8789753206755835,False,レース構造型|枠・コース型|メンバー構成型|騎手型,0.9203925673252725,False,当日傾向型|レース構造型|枠・コース型|メンバー構成型|騎手型,0.8951381496719188,False
2022,202205050211,0.6343905484909331,False,,枠・コース型,False,枠・コース型|レース構造型,False,枠・コース型|レース構造型|当日傾向型,False,枠・コース型,0.6454812170271657,False,当日傾向型|枠・コース型,0.8452938422388182,False,当日傾向型|枠・コース型|騎手型,0.8810884124677657,False,当日傾向型|枠・コース型|メンバー構成型|騎手型,0.8632233335410133,False,当日傾向型|レース構造型|枠・コース型|メンバー構成型|騎手型,0.9248177447324393,False,枠・コース型,False,枠・コース型|レース構造型,False,枠・コース型|レース構造型|メンバー構成型,False,枠・コース型,0.5415046092868135,False,枠・コース型|騎手型,0.7259873810050664,False,枠・コース型|メンバー構成型|騎手型,0.785560229454345,False,当日傾向型|レース構造型|枠・コース型|メンバー構成型,0.7471920088768664,False,当日傾向型|レース構造型|枠・コース型|メンバー構成型|騎手型,0.7620297049829099,False
2022,202206030812,0.633888610224005,False,,レース構造型,False,レース構造型|メンバー構成型,False,レース構造型|メンバー構成型|騎手型,False,レース構造型,0.6894311293310623,False,レース構造型|枠・コース型,0.8612157218147666,False,枠・コース型|メンバー構成型|騎手型,0.8900877680995083,False,当日傾向型|レース構造型|枠・コース型|メンバー構成型,0.894803078262435,False,当日傾向型|レース構造型|枠・コース型|メンバー構成型|騎手型,0.8768042283896827,False,当日傾向型,False,当日傾向型|レース構造型,False,当日傾向型|レース構造型|枠・コース型,False,当日傾向型,0.4891413411104756,False,枠・コース型|騎手型,0.915693458291812,False,当日傾向型|レース構造型|枠・コース型,0.9712606874435796,False,当日傾向型|レース構造型|枠・コース型|メンバー構成型,0.9813965983415028,False,当日傾向型|レース構造型|枠・コース型|メンバー構成型|騎手型,0.9871423087719798,False
2022,202205050607,0.6338357646965864,False,,メンバー構成型,False,メンバー構成型|枠・コース型,False,メンバー構成型|枠・コース型|当日傾向型,False,メンバー構成型,0.48595773647156226,False,レース構造型|メンバー構成型,0.62521696486665,False,レース構造型|枠・コース型|メンバー構成型,0.8599954757251493,False,レース構造型|枠・コース型|メンバー構成型|騎手型,0.8091319647275392,False,当日傾向型|レース構造型|枠・コース型|メンバー構成型|騎手型,0.7366865470865378,False,当日傾向型,False,当日傾向型|メンバー構成型,False,当日傾向型|メンバー構成型|騎手型,False,当日傾向型,0.6106564900294325,False,当日傾向型|レース構造型,0.7795625188571591,False,当日傾向型|レース構造型|騎手型,0.8583817412651014,False,レース構造型|枠・コース型|メンバー構成型|騎手型,0.9063138295597505,False,当日傾向型|レース構造型|枠・コース型|メンバー構成型|騎手型,0.8815732545458144,False
2022,202207060306,0.633835324356256,False,,枠・コース型,False,枠・コース型|メンバー構成型,False,枠・コース型|メンバー構成型|レース構造型,False,枠・コース型,0.5282346323428129,False,レース構造型|メンバー構成型,0.8834056967841011,False,当日傾向型|レース構造型|メンバー構成型,0.8527671223529879,False,当日傾向型|レース構造型|枠・コース型|騎手型,0.8755587511229109,False,当日傾向型|レース構造型|枠・コース型|メンバー構成型|騎手型,0.7910772625326561,False,レース構造型,False,レース構造型|当日傾向型,False,レース構造型|当日傾向型|枠・コース型,False,レース構造型,0.4758698420916111,False,レース構造型|メンバー構成型,0.8077948285812764,False,当日傾向型|レース構造型|メンバー構成型,0.9124940790202483,False,当日傾向型|レース構造型|枠・コース型|メンバー構成型,0.9543874528542615,False,当日傾向型|レース構造型|枠・コース型|メンバー構成型|騎手型,0.9125300304848308,False
2022,202209021011,0.6338321513206092,False,,メンバー構成型,False,メンバー構成型|当日傾向型,False,メンバー構成型|当日傾向型|騎手型,False,メンバー構成型,0.6379705915494835,False,レース構造型|メンバー構成型,0.7273323261886429,False,枠・コース型|メンバー構成型|騎手型,0.7951268222145483,False,レース構造型|枠・コース型|メンバー構成型|騎手型,0.8289646302899336,False,当日傾向型|レース構造型|枠・コース型|メンバー構成型|騎手型,0.8126353505433203,False,メンバー構成型,False,メンバー構成型|当日傾向型,False,メンバー構成型|当日傾向型|レース構造型,False,メンバー構成型,0.6158813346904798,False,レース構造型|枠・コース型,0.808127051983604,False,レース構造型|枠・コース型|メンバー構成型,0.9355951827909502,False,レース構造型|枠・コース型|メンバー構成型|騎手型,0.9583124087712622,False,当日傾向型|レース構造型|枠・コース型|メンバー構成型|騎手型,0.9486071405515466,False
2022,202206050505,0.6337519630617646,True,レース構造型,レース構造型,True,レース構造型|当日傾向型,True,レース構造型|当日傾向型|枠・コース型,True,レース構造型,0.9340989427306633,True,レース構造型|騎手型,0.9599416166322735,True,当日傾向型|レース構造型|枠・コース型,0.9608175001944892,True,当日傾向型|レース構造型|枠・コース型|メンバー構成型,0.9729462070521936,True,当日傾向型|レース構造型|枠・コース型|メンバー構成型|騎手型,0.9487500246796727,True,レース構造型,True,レース構造型|当日傾向型,True,レース構造型|当日傾向型|枠・コース型,True,レース構造型,0.8554042381942235,True,レース構造型|メンバー構成型,0.8894977732965118,True,当日傾向型|レース構造型|メンバー構成型,0.9239213359424076,True,当日傾向型|レース構造型|枠・コース型|メンバー構成型,0.9389422715971676,True,当日傾向型|レース構造型|枠・コース型|メンバー構成型|騎手型,0.7520817386251114,True
2022,202209060810,0.6331025743019407,False,,枠・コース型,False,枠・コース型|レース構造型,False,枠・コース型|レース構造型|メンバー構成型,False,枠・コース型,0.29654904939281845,False,枠・コース型|騎手型,0.8651295587197628,False,レース構造型|枠・コース型|メンバー構成型,0.8923080837342336,False,レース構造型|枠・コース型|メンバー構成型|騎手型,0.9464580741767316,False,当日傾向型|レース構造型|枠・コース型|メンバー構成型|騎手型,0.8914306799026904,False,メンバー構成型,False,メンバー構成型|枠・コース型,False,メンバー構成型|枠・コース型|レース構造型,False,メンバー構成型,0.4828895010115921,False,枠・コース型|メンバー構成型,0.788129187111292,False,枠・コース型|メンバー構成型|騎手型,0.8425628690410363,False,当日傾向型|レース構造型|枠・コース型|メンバー構成型,0.9040633981857751,False,当日傾向型|レース構造型|枠・コース型|メンバー構成型|騎手型,0.9470479035556172,False
2022,202207050308,0.6327206186577428,False,,メンバー構成型,False,メンバー構成型|当日傾向型,False,メンバー構成型|当日傾向型|レース構造型,False,メンバー構成型,0.5696005837155815,False,枠・コース型|メンバー構成型,0.7083862434152377,False,枠・コース型|メンバー構成型|騎手型,0.7782359326577789,False,レース構造型|枠・コース型|メンバー構成型|騎手型,0.825962337198046,False,当日傾向型|レース構造型|枠・コース型|メンバー構成型|騎手型,0.6949095547858842,False,当日傾向型,False,当日傾向型|レース構造型,False,当日傾向型|レース構造型|枠・コース型,False,当日傾向型,0.4915043899092712,False,当日傾向型|メンバー構成型,0.8663020985524825,False,当日傾向型|レース構造型|枠・コース型,0.8797294905626387,False,当日傾向型|レース構造型|枠・コース型|騎手型,0.9654393472091816,False,当日傾向型|レース構造型|枠・コース型|メンバー構成型|騎手型,0.9446757469458469,False
2022,202207040208,0.6319474733884028,False,,枠・コース型,False,枠・コース型|メンバー構成型,False,枠・コース型|メンバー構成型|レース構造型,False,枠・コース型,0.5054996365528207,False,レース構造型|メンバー構成型,0.7874813261243396,False,レース構造型|メンバー構成型|騎手型,0.8576925434881026,False,レース構造型|枠・コース型|メンバー構成型|騎手型,0.918793543670626,False,当日傾向型|レース構造型|枠・コース型|メンバー構成型|騎手型,0.9299115359802685,False,レース構造型,False,レース構造型|メンバー構成型,False,レース構造型|メンバー構成型|騎手型,False,レース構造型,0.6483281722541887,False,レース構造型|騎手型,0.8025929255601355,False,当日傾向型|レース構造型|メンバー構成型,0.8939425165456185,False,レース構造型|枠・コース型|メンバー構成型|騎手型,0.899499056609805,False,当日傾向型|レース構造型|枠・コース型|メンバー構成型|騎手型,0.9364813402778915,False
2022,202206010209,0.6315987490110395,False,,レース構造型,False,レース構造型|当日傾向型,False,レース構造型|当日傾向型|枠・コース型,False,レース構造型,0.3384540779642694,False,枠・コース型|メンバー構成型,0.7216183313878052,False,当日傾向型|枠・コース型|メンバー構成型,0.8712880657543662,False,当日傾向型|レース構造型|枠・コース型|メンバー構成型,0.9085561956186313,False,当日傾向型|レース構造型|枠・コース型|メンバー構成型|騎手型,0.7916744049939349,False,レース構造型,False,レース構造型|メンバー構成型,False,レース構造型|メンバー構成型|騎手型,False,レース構造型,0.5487420834194381,False,枠・コース型|メンバー構成型,0.8303234467040893,False,レース構造型|枠・コース型|メンバー構成型,0.9011637783315818,False,当日傾向型|レース構造型|枠・コース型|メンバー構成型,0.848225456546311,False,当日傾向型|レース構造型|枠・コース型|メンバー構成型|騎手型,0.8274633355976557,False
2022,202207010504,0.6312646289546121,False,,レース構造型,False,レース構造型|当日傾向型,False,レース構造型|当日傾向型|枠・コース型,False,レース構造型,0.9343513671242435,False,当日傾向型|レース構造型,0.9520547241312606,False,レース構造型|枠・コース型|メンバー構成型,0.9611246212636648,False,当日傾向型|レース構造型|枠・コース型|騎手型,0.9627427197616026,False,当日傾向型|レース構造型|枠・コース型|メンバー構成型|騎手型,0.9486359441290494,False,レース構造型,False,レース構造型|メンバー構成型,False,レース構造型|メンバー構成型|枠・コース型,False,レース構造型,0.7796792604797822,False,レース構造型|メンバー構成型,0.9301214215344163,False,当日傾向型|レース構造型|メンバー構成型,0.9342153393405884,False,当日傾向型|レース構造型|枠・コース型|メンバー構成型,0.9477300474521495,False,当日傾向型|レース構造型|枠・コース型|メンバー構成型|騎手型,0.9569974983797498,False
2022,202207060311,0.6308789673191659,False,,枠・コース型,False,枠・コース型|レース構造型,False,枠・コース型|レース構造型|騎手型,False,枠・コース型,0.6770407555218211,False,枠・コース型|メンバー構成型,0.7412588705018638,False,枠・コース型|メンバー構成型|騎手型,0.8405698537518322,False,レース構造型|枠・コース型|メンバー構成型|騎手型,0.8748182846692263,False,当日傾向型|レース構造型|枠・コース型|メンバー構成型|騎手型,0.6732341690173416,False,枠・コース型,False,枠・コース型|メンバー構成型,False,枠・コース型|メンバー構成型|レース構造型,False,枠・コース型,0.372738245814657,False,レース構造型|メンバー構成型,0.7597562270260427,False,レース構造型|メンバー構成型|騎手型,0.8407474045253825,False,レース構造型|枠・コース型|メンバー構成型|騎手型,0.8558388484498,False,当日傾向型|レース構造型|枠・コース型|メンバー構成型|騎手型,0.8092371368837165,False
2022,202205040611,0.6300772144993644,False,,当日傾向型,False,当日傾向型|レース構造型,False,当日傾向型|レース構造型|枠・コース型,False,当日傾向型,0.5885467609893423,False,枠・コース型|メンバー構成型,0.7741195432002177,False,当日傾向型|枠・コース型|メンバー構成型,0.8707740289143286,False,レース構造型|枠・コース型|メンバー構成型|騎手型,0.941419476535334,False,当日傾向型|レース構造型|枠・コース型|メンバー構成型|騎手型,0.9236564450524628,False,メンバー構成型,False,メンバー構成型|当日傾向型,False,メンバー構成型|当日傾向型|枠・コース型,False,メンバー構成型,0.3280800757960271,False,枠・コース型|メンバー構成型,0.8746986459518276,False,レース構造型|枠・コース型|メンバー構成型,0.8870164238291011,False,レース構造型|枠・コース型|メンバー構成型|騎手型,0.9580899354485423,False,当日傾向型|レース構造型|枠・コース型|メンバー構成型|騎手型,0.9469126287309785,False
2022,202207010612,0.629656051972304,True,騎手型,メンバー構成型,False,メンバー構成型|当日傾向型,False,メンバー構成型|当日傾向型|レース構造型,False,メンバー構成型,0.4189703249282059,False,レース構造型|メンバー構成型,0.755333832372147,False,当日傾向型|枠・コース型|メンバー構成型,0.7923060132344564,False,当日傾向型|枠・コース型|メンバー構成型|騎手型,0.8963974443916757,True,当日傾向型|レース構造型|枠・コース型|メンバー構成型|騎手型,0.8654201820884883,True,メンバー構成型,False,メンバー構成型|騎手型,True,メンバー構成型|騎手型|枠・コース型,True,メンバー構成型,0.5270798426704392,False,メンバー構成型|騎手型,0.8322281410765056,True,レース構造型|メンバー構成型|騎手型,0.8490490603964675,True,当日傾向型|レース構造型|枠・コース型|騎手型,0.9116086513897141,True,当日傾向型|レース構造型|枠・コース型|メンバー構成型|騎手型,0.8559693538455224,True
2022,202204010704,0.6294988181711757,False,,メンバー構成型,False,メンバー構成型|当日傾向型,False,メンバー構成型|当日傾向型|騎手型,False,メンバー構成型,0.5494944631307264,False,メンバー構成型|騎手型,0.8097380423240399,False,レース構造型|枠・コース型|メンバー構成型,0.9159482911472256,False,当日傾向型|レース構造型|枠・コース型|メンバー構成型,0.9376758314450225,False,当日傾向型|レース構造型|枠・コース型|メンバー構成型|騎手型,0.9354035439836752,False,レース構造型,False,レース構造型|メンバー構成型,False,レース構造型|メンバー構成型|騎手型,False,レース構造型,0.7645962432600893,False,レース構造型|メンバー構成型,0.8365585539402635,False,当日傾向型|レース構造型|メンバー構成型,0.9592882028691058,False,当日傾向型|枠・コース型|メンバー構成型|騎手型,0.933391211576437,False,当日傾向型|レース構造型|枠・コース型|メンバー構成型|騎手型,0.9153786249176092,False
2022,202207060310,0.629350930572089,False,,枠・コース型,False,枠・コース型|メンバー構成型,False,枠・コース型|メンバー構成型|レース構造型,False,枠・コース型,0.5229754996849754,False,枠・コース型|メンバー構成型,0.6567737601696535,False,枠・コース型|メンバー構成型|騎手型,0.8058037936166529,False,レース構造型|枠・コース型|メンバー構成型|騎手型,0.7017133999290371,False,当日傾向型|レース構造型|枠・コース型|メンバー構成型|騎手型,0.7164872038654793,False,枠・コース型,False,枠・コース型|レース構造型,False,枠・コース型|レース構造型|当日傾向型,False,枠・コース型,0.5550530780040065,False,レース構造型|枠・コース型,0.686309542353653,False,当日傾向型|枠・コース型|メンバー構成型,0.8321778555640379,False,当日傾向型|レース構造型|枠・コース型|メンバー構成型,0.8144794643893052,False,当日傾向型|レース構造型|枠・コース型|メンバー構成型|騎手型,0.7393637735713737,False
2022,202207010212,0.6292028103063622,False,,枠・コース型,False,枠・コース型|当日傾向型,False,枠・コース型|当日傾向型|メンバー構成型,False,枠・コース型,0.5346375818596605,False,レース構造型|メンバー構成型,0.8804757005093692,False,当日傾向型|枠・コース型|騎手型,0.9051661139876084,False,当日傾向型|枠・コース型|メンバー構成型|騎手型,0.9424834090622419,False,当日傾向型|レース構造型|枠・コース型|メンバー構成型|騎手型,0.9785300148044277,False,当日傾向型,False,当日傾向型|枠・コース型,False,当日傾向型|枠・コース型|レース構造型,False,当日傾向型,0.5967841145462605,False,当日傾向型|レース構造型,0.827387297574363,False,当日傾向型|レース構造型|メンバー構成型,0.920866007523726,False,当日傾向型|レース構造型|メンバー構成型|騎手型,0.952371827913247,False,当日傾向型|レース構造型|枠・コース型|メンバー構成型|騎手型,0.943658225551543,False
2022,202205020112,0.6291638611383104,False,,メンバー構成型,False,メンバー構成型|枠・コース型,False,メンバー構成型|枠・コース型|レース構造型,False,メンバー構成型,0.4395977048034527,False,レース構造型|枠・コース型,0.8555875794724531,False,レース構造型|枠・コース型|メンバー構成型,0.8495477609915361,False,レース構造型|枠・コース型|メンバー構成型|騎手型,0.7778586025099937,False,当日傾向型|レース構造型|枠・コース型|メンバー構成型|騎手型,0.9102360673845484,False,メンバー構成型,False,メンバー構成型|枠・コース型,False,メンバー構成型|枠・コース型|レース構造型,False,メンバー構成型,0.521666063555817,False,当日傾向型|レース構造型,0.8398982168880736,False,レース構造型|枠・コース型|メンバー構成型,0.8944978248430872,False,レース構造型|枠・コース型|メンバー構成型|騎手型,0.9249488556224705,False,当日傾向型|レース構造型|枠・コース型|メンバー構成型|騎手型,0.9479249673871225,False
2022,202206030612,0.6289398424921377,False,,枠・コース型,False,枠・コース型|メンバー構成型,False,枠・コース型|メンバー構成型|レース構造型,False,枠・コース型,0.6215682543609259,False,当日傾向型|枠・コース型,0.8171762838551312,False,当日傾向型|枠・コース型|メンバー構成型,0.9240830507643474,False,当日傾向型|枠・コース型|メンバー構成型|騎手型,0.930847266405773,False,当日傾向型|レース構造型|枠・コース型|メンバー構成型|騎手型,0.9652565305356026,False,枠・コース型,False,枠・コース型|当日傾向型,False,枠・コース型|当日傾向型|レース構造型,False,枠・コース型,0.6330018068054809,False,レース構造型|枠・コース型,0.8544672014267507,False,当日傾向型|枠・コース型|メンバー構成型,0.9006450134191855,False,当日傾向型|レース構造型|メンバー構成型|騎手型,0.9051258813355874,False,当日傾向型|レース構造型|枠・コース型|メンバー構成型|騎手型,0.9144468613274706,False
2022,202210010309,0.6287543290922513,False,,レース構造型,False,レース構造型|メンバー構成型,False,レース構造型|メンバー構成型|枠・コース型,False,レース構造型,0.7033729161597677,False,レース構造型|枠・コース型,0.8075057996294037,False,当日傾向型|レース構造型|枠・コース型,0.9482141661165229,False,当日傾向型|レース構造型|枠・コース型|メンバー構成型,0.9770189760141468,False,当日傾向型|レース構造型|枠・コース型|メンバー構成型|騎手型,0.97721623889999,False,レース構造型,False,レース構造型|枠・コース型,False,レース構造型|枠・コース型|当日傾向型,False,レース構造型,0.5656247558425159,False,レース構造型|騎手型,0.8727397348011718,False,当日傾向型|レース構造型|枠・コース型,0.942771330518865,False,レース構造型|枠・コース型|メンバー構成型|騎手型,0.9790746931291248,False,当日傾向型|レース構造型|枠・コース型|メンバー構成型|騎手型,0.9799350082299749,False
2022,202209040304,0.6286372209536818,False,,レース構造型,False,レース構造型|当日傾向型,False,レース構造型|当日傾向型|枠・コース型,False,レース構造型,0.9305171134411835,False,レース構造型|メンバー構成型,0.9503439369034805,False,レース構造型|枠・コース型|騎手型,0.9682275973615434,False,当日傾向型|レース構造型|枠・コース型|騎手型,0.9651595434649839,False,当日傾向型|レース構造型|枠・コース型|メンバー構成型|騎手型,0.9653418364492398,False,レース構造型,False,レース構造型|枠・コース型,False,レース構造型|枠・コース型|メンバー構成型,False,レース構造型,0.8452007206244151,False,レース構造型|メンバー構成型,0.9442132697381529,False,レース構造型|枠・コース型|メンバー構成型,0.975276829195481,False,レース構造型|枠・コース型|メンバー構成型|騎手型,0.9860139686123206,False,当日傾向型|レース構造型|枠・コース型|メンバー構成型|騎手型,0.9844783696749332,False
2022,202210040503,0.6284579998758139,False,,メンバー構成型,False,メンバー構成型|レース構造型,False,メンバー構成型|レース構造型|枠・コース型,False,メンバー構成型,0.47351927889399104,False,レース構造型|メンバー構成型,0.6913831509474322,False,当日傾向型|レース構造型|枠・コース型,0.7872665078562159,False,当日傾向型|レース構造型|枠・コース型|メンバー構成型,0.8875817329834056,False,当日傾向型|レース構造型|枠・コース型|メンバー構成型|騎手型,0.8206238582970585,False,枠・コース型,False,枠・コース型|レース構造型,False,枠・コース型|レース構造型|当日傾向型,False,枠・コース型,0.6970276393189127,False,当日傾向型|レース構造型,0.8210473959092424,False,当日傾向型|レース構造型|枠・コース型,0.8836783022147797,False,当日傾向型|レース構造型|枠・コース型|騎手型,0.9056546052438402,False,当日傾向型|レース構造型|枠・コース型|メンバー構成型|騎手型,0.9404107650036807,False
2022,202207020401,0.6284456177149266,True,当日傾向型|レース構造型|枠・コース型|メンバー構成型,メンバー構成型,True,メンバー構成型|騎手型,True,メンバー構成型|騎手型|当日傾向型,True,メンバー構成型,0.44730494397412024,True,当日傾向型|騎手型,0.6625230027102573,True,当日傾向型|レース構造型|騎手型,0.799101161588991,True,当日傾向型|レース構造型|メンバー構成型|騎手型,0.9432031093974651,True,当日傾向型|レース構造型|枠・コース型|メンバー構成型|騎手型,0.930404751081781,True,レース構造型,True,レース構造型|当日傾向型,True,レース構造型|当日傾向型|枠・コース型,True,レース構造型,0.5198335382248623,True,レース構造型|メンバー構成型,0.7241100279644443,True,当日傾向型|レース構造型|メンバー構成型,0.8717073873351817,True,当日傾向型|レース構造型|メンバー構成型|騎手型,0.9665432799787841,True,当日傾向型|レース構造型|枠・コース型|メンバー構成型|騎手型,0.9432614080024337,True
2022,202206050605,0.628404773895208,False,,レース構造型,False,レース構造型|当日傾向型,False,レース構造型|当日傾向型|メンバー構成型,False,レース構造型,0.9483526021780768,False,レース構造型|騎手型,0.9639995109985965,False,レース構造型|メンバー構成型|騎手型,0.9646489699519899,False,当日傾向型|レース構造型|メンバー構成型|騎手型,0.9666268951319734,False,当日傾向型|レース構造型|枠・コース型|メンバー構成型|騎手型,0.9381381135797278,False,レース構造型,False,レース構造型|当日傾向型,False,レース構造型|当日傾向型|枠・コース型,False,レース構造型,0.8314681752953589,False,レース構造型|メンバー構成型,0.9407211112078041,False,レース構造型|メンバー構成型|騎手型,0.9589792223145109,False,レース構造型|枠・コース型|メンバー構成型|騎手型,0.9677993754997846,False,当日傾向型|レース構造型|枠・コース型|メンバー構成型|騎手型,0.9334764118206632,False
2022,202205021011,0.6281934172239012,False,,レース構造型,False,レース構造型|枠・コース型,False,レース構造型|枠・コース型|当日傾向型,False,レース構造型,0.5514032873062319,False,当日傾向型|レース構造型,0.6920322490316916,False,当日傾向型|レース構造型|枠・コース型,0.8204219587656781,False,当日傾向型|レース構造型|枠・コース型|騎手型,0.8812606825172885,False,当日傾向型|レース構造型|枠・コース型|メンバー構成型|騎手型,0.8843972457216296,False,レース構造型,False,レース構造型|枠・コース型,False,レース構造型|枠・コース型|当日傾向型,False,レース構造型,0.5364152894508791,False,枠・コース型|メンバー構成型,0.8477137561700251,False,レース構造型|枠・コース型|メンバー構成型,0.9475085957888614,False,レース構造型|枠・コース型|メンバー構成型|騎手型,0.9396747854969266,False,当日傾向型|レース構造型|枠・コース型|メンバー構成型|騎手型,0.9491590483918795,False
2022,202204030706,0.6279087956162198,False,,レース構造型,False,レース構造型|当日傾向型,False,レース構造型|当日傾向型|メンバー構成型,False,レース構造型,0.5176751614284362,False,レース構造型|メンバー構成型,0.9231742672489889,False,レース構造型|枠・コース型|騎手型,0.8957055260685765,False,レース構造型|枠・コース型|メンバー構成型|騎手型,0.9253874190167708,False,当日傾向型|レース構造型|枠・コース型|メンバー構成型|騎手型,0.8948479925478244,False,レース構造型,False,レース構造型|当日傾向型,False,レース構造型|当日傾向型|騎手型,False,レース構造型,0.49522932389760516,False,当日傾向型|メンバー構成型,0.8164406430823166,False,レース構造型|枠・コース型|騎手型,0.8614872047995893,False,当日傾向型|レース構造型|枠・コース型|騎手型,0.9494843803306502,False,当日傾向型|レース構造型|枠・コース型|メンバー構成型|騎手型,0.931266062247518,False
2022,202201020802,0.6278348206082373,False,,枠・コース型,False,枠・コース型|当日傾向型,False,枠・コース型|当日傾向型|レース構造型,False,枠・コース型,0.49613735581595214,False,枠・コース型|メンバー構成型,0.8414096654732133,False,レース構造型|枠・コース型|メンバー構成型,0.9689771668965499,False,当日傾向型|レース構造型|枠・コース型|メンバー構成型,0.9851886479451493,False,当日傾向型|レース構造型|枠・コース型|メンバー構成型|騎手型,0.9821143179602839,False,メンバー構成型,False,メンバー構成型|枠・コース型,False,メンバー構成型|枠・コース型|レース構造型,False,メンバー構成型,0.5124271790262616,False,枠・コース型|メンバー構成型,0.7341123897089303,False,レース構造型|枠・コース型|メンバー構成型,0.9172536334935638,False,レース構造型|枠・コース型|メンバー構成型|騎手型,0.9404163948062828,False,当日傾向型|レース構造型|枠・コース型|メンバー構成型|騎手型,0.9517029354555817,False
2022,202206020810,0.6277906289911139,False,,メンバー構成型,False,メンバー構成型|レース構造型,False,メンバー構成型|レース構造型|枠・コース型,False,メンバー構成型,0.49586420273587234,False,枠・コース型|メンバー構成型,0.6975425800485807,False,枠・コース型|メンバー構成型|騎手型,0.8078360571634501,False,レース構造型|枠・コース型|メンバー構成型|騎手型,0.8379040670829733,False,当日傾向型|レース構造型|枠・コース型|メンバー構成型|騎手型,0.8789636728607099,False,メンバー構成型,False,メンバー構成型|枠・コース型,False,メンバー構成型|枠・コース型|当日傾向型,False,メンバー構成型,0.45918554953020807,False,枠・コース型|メンバー構成型,0.7733888984654356,False,当日傾向型|レース構造型|メンバー構成型,0.8781351205535888,False,当日傾向型|レース構造型|枠・コース型|メンバー構成型,0.8970881538151431,False,当日傾向型|レース構造型|枠・コース型|メンバー構成型|騎手型,0.7833808041791017,False
2022,202205020212,0.627644979477963,False,,枠・コース型,False,枠・コース型|当日傾向型,False,枠・コース型|当日傾向型|メンバー構成型,False,枠・コース型,0.5921812838659187,False,枠・コース型|メンバー構成型,0.8847617721079689,False,当日傾向型|枠・コース型|騎手型,0.9429514555070176,False,レース構造型|枠・コース型|メンバー構成型|騎手型,0.965233452252675,False,当日傾向型|レース構造型|枠・コース型|メンバー構成型|騎手型,0.9726609814743715,False,当日傾向型,False,当日傾向型|レース構造型,False,当日傾向型|レース構造型|メンバー構成型,False,当日傾向型,0.708104102167205,False,当日傾向型|メンバー構成型,0.8867440871396006,False,レース構造型|枠・コース型|メンバー構成型,0.9203635753410561,False,当日傾向型|枠・コース型|メンバー構成型|騎手型,0.9594711977668234,False,当日傾向型|レース構造型|枠・コース型|メンバー構成型|騎手型,0.9577598336542716,False
2022,202201020709,0.6275622535486521,False,,レース構造型,False,レース構造型|当日傾向型,False,レース構造型|当日傾向型|メンバー構成型,False,レース構造型,0.611263748740421,False,当日傾向型|メンバー構成型,0.8810819549258757,False,枠・コース型|メンバー構成型|騎手型,0.8944235758928615,False,当日傾向型|枠・コース型|メンバー構成型|騎手型,0.9524383145984724,False,当日傾向型|レース構造型|枠・コース型|メンバー構成型|騎手型,0.9456314535038725,False,枠・コース型,False,枠・コース型|レース構造型,False,枠・コース型|レース構造型|メンバー構成型,False,枠・コース型,0.5008005704470723,False,レース構造型|メンバー構成型,0.7991495535453785,False,レース構造型|枠・コース型|メンバー構成型,0.9197402822709481,False,当日傾向型|レース構造型|枠・コース型|メンバー構成型,0.9209577951811609,False,当日傾向型|レース構造型|枠・コース型|メンバー構成型|騎手型,0.9585984082997902,False
2022,202210030409,0.6269127142590163,False,,枠・コース型,False,枠・コース型|メンバー構成型,False,枠・コース型|メンバー構成型|当日傾向型,False,枠・コース型,0.4884240344366139,False,枠・コース型|メンバー構成型,0.7059596680725934,False,当日傾向型|レース構造型|騎手型,0.8748288192724347,False,当日傾向型|レース構造型|枠・コース型|騎手型,0.9390650915822338,False,当日傾向型|レース構造型|枠・コース型|メンバー構成型|騎手型,0.8921862908159578,False,当日傾向型,False,当日傾向型|枠・コース型,False,当日傾向型|枠・コース型|騎手型,False,当日傾向型,0.5132150106845369,False,枠・コース型|騎手型,0.8580221956564137,False,枠・コース型|メンバー構成型|騎手型,0.9382955940938587,False,当日傾向型|レース構造型|枠・コース型|騎手型,0.9502639658401684,False,当日傾向型|レース構造型|枠・コース型|メンバー構成型|騎手型,0.9031444533394006,False
2022,202209011208,0.6264925237923022,False,,メンバー構成型,False,メンバー構成型|当日傾向型,False,メンバー構成型|当日傾向型|レース構造型,False,メンバー構成型,0.5020066894518,False,枠・コース型|メンバー構成型,0.8336767093751866,False,レース構造型|枠・コース型|メンバー構成型,0.9150862115373034,False,当日傾向型|レース構造型|枠・コース型|騎手型,0.9404918268361002,False,当日傾向型|レース構造型|枠・コース型|メンバー構成型|騎手型,0.9661942379802305,False,当日傾向型,False,当日傾向型|騎手型,False,当日傾向型|騎手型|枠・コース型,False,当日傾向型,0.7089849447210148,False,当日傾向型|騎手型,0.7997031594092833,False,当日傾向型|レース構造型|枠・コース型,0.8972917500434944,False,当日傾向型|レース構造型|枠・コース型|メンバー構成型,0.9473354717843107,False,当日傾向型|レース構造型|枠・コース型|メンバー構成型|騎手型,0.9798943273334837,False
2022,202204040110,0.6259594974332809,False,,枠・コース型,False,枠・コース型|レース構造型,False,枠・コース型|レース構造型|メンバー構成型,False,枠・コース型,0.5205289079898346,False,当日傾向型|レース構造型,0.8547613964684251,False,レース構造型|枠・コース型|騎手型,0.9143771732602942,False,当日傾向型|レース構造型|枠・コース型|騎手型,0.9616064273836324,False,当日傾向型|レース構造型|枠・コース型|メンバー構成型|騎手型,0.9729682051732876,False,レース構造型,False,レース構造型|枠・コース型,False,レース構造型|枠・コース型|メンバー構成型,False,レース構造型,0.83228471080191,False,レース構造型|騎手型,0.9026499637021281,False,レース構造型|枠・コース型|メンバー構成型,0.9290837373703188,False,当日傾向型|レース構造型|メンバー構成型|騎手型,0.9624454076296108,False,当日傾向型|レース構造型|枠・コース型|メンバー構成型|騎手型,0.9619065287488555,False
2022,202209020304,0.625909817883455,False,,レース構造型,False,レース構造型|当日傾向型,False,レース構造型|当日傾向型|メンバー構成型,False,レース構造型,0.8053180987669764,False,当日傾向型|レース構造型,0.8826276258599712,False,当日傾向型|レース構造型|メンバー構成型,0.9527145854921025,False,当日傾向型|レース構造型|枠・コース型|メンバー構成型,0.9498303085885061,False,当日傾向型|レース構造型|枠・コース型|メンバー構成型|騎手型,0.9680204035726466,False,レース構造型,False,レース構造型|当日傾向型,False,レース構造型|当日傾向型|枠・コース型,False,レース構造型,0.8023858006527249,False,レース構造型|枠・コース型,0.8117783995512398,False,当日傾向型|枠・コース型|メンバー構成型,0.9021577648102861,False,当日傾向型|レース構造型|枠・コース型|メンバー構成型,0.9566817527243626,False,当日傾向型|レース構造型|枠・コース型|メンバー構成型|騎手型,0.9433783289632413,False
2022,202209050208,0.6258405644339711,False,,当日傾向型,False,当日傾向型|レース構造型,False,当日傾向型|レース構造型|枠・コース型,False,当日傾向型,0.5795170056988789,False,当日傾向型|メンバー構成型,0.8831607486328487,False,当日傾向型|メンバー構成型|騎手型,0.8774464149314907,False,当日傾向型|枠・コース型|メンバー構成型|騎手型,0.9410570724733274,False,当日傾向型|レース構造型|枠・コース型|メンバー構成型|騎手型,0.9669862962793557,False,当日傾向型,False,当日傾向型|枠・コース型,False,当日傾向型|枠・コース型|レース構造型,False,当日傾向型,0.6747068042811665,False,当日傾向型|レース構造型,0.8352018184409078,False,当日傾向型|レース構造型|メンバー構成型,0.9157895210058209,False,当日傾向型|レース構造型|メンバー構成型|騎手型,0.9480404626708407,False,当日傾向型|レース構造型|枠・コース型|メンバー構成型|騎手型,0.9640639276337687,False
2022,202203030104,0.6258066736587241,False,,騎手型,False,騎手型|メンバー構成型,False,騎手型|メンバー構成型|レース構造型,False,騎手型,0.398226017288465,False,当日傾向型|騎手型,0.7195606218967457,False,当日傾向型|枠・コース型|騎手型,0.8354630066027355,False,レース構造型|枠・コース型|メンバー構成型|騎手型,0.9120245202456091,False,当日傾向型|レース構造型|枠・コース型|メンバー構成型|騎手型,0.9010010058080293,False,レース構造型,False,レース構造型|枠・コース型,False,レース構造型|枠・コース型|騎手型,False,レース構造型,0.416935003139327,False,当日傾向型|騎手型,0.6980866096524257,False,当日傾向型|枠・コース型|騎手型,0.8778462394679891,False,当日傾向型|レース構造型|枠・コース型|騎手型,0.9097124962548845,False,当日傾向型|レース構造型|枠・コース型|メンバー構成型|騎手型,0.9115991699585678,False
2022,202209010108,0.6252472638072873,False,,枠・コース型,False,枠・コース型|当日傾向型,False,枠・コース型|当日傾向型|レース構造型,False,枠・コース型,0.5083451548849157,False,レース構造型|枠・コース型,0.934310119031999,False,レース構造型|枠・コース型|メンバー構成型,0.9500517605217103,False,レース構造型|枠・コース型|メンバー構成型|騎手型,0.9709818539449268,False,当日傾向型|レース構造型|枠・コース型|メンバー構成型|騎手型,0.9540131275306385,False,当日傾向型,False,当日傾向型|レース構造型,False,当日傾向型|レース構造型|枠・コース型,False,当日傾向型,0.6224033096556425,False,レース構造型|枠・コース型,0.8853691019592809,False,レース構造型|枠・コース型|メンバー構成型,0.9515126110189416,False,当日傾向型|レース構造型|枠・コース型|メンバー構成型,0.9452765133947173,False,当日傾向型|レース構造型|枠・コース型|メンバー構成型|騎手型,0.9755051813169525,False
2022,202206020409,0.6252445068910893,False,,メンバー構成型,False,メンバー構成型|枠・コース型,False,メンバー構成型|枠・コース型|レース構造型,False,メンバー構成型,0.41061705330879966,False,レース構造型|枠・コース型,0.6481403760606412,False,当日傾向型|枠・コース型|メンバー構成型,0.8541722893216118,False,当日傾向型|レース構造型|枠・コース型|メンバー構成型,0.7916922739467719,False,当日傾向型|レース構造型|枠・コース型|メンバー構成型|騎手型,0.7470038159582073,False,枠・コース型,False,枠・コース型|メンバー構成型,False,枠・コース型|メンバー構成型|レース構造型,False,枠・コース型,0.5923089221622365,False,メンバー構成型|騎手型,0.690554114308012,False,レース構造型|枠・コース型|メンバー構成型,0.8651317688555713,False,当日傾向型|レース構造型|枠・コース型|メンバー構成型,0.8313693762571182,False,当日傾向型|レース構造型|枠・コース型|メンバー構成型|騎手型,0.8541312888322046,False
2022,202210020611,0.6251261040139627,True,当日傾向型|騎手型,当日傾向型,True,当日傾向型|枠・コース型,True,当日傾向型|枠・コース型|騎手型,True,当日傾向型,0.4759754237755071,True,当日傾向型|枠・コース型,0.7064130860184902,True,当日傾向型|メンバー構成型|騎手型,0.9004605286350004,True,当日傾向型|レース構造型|枠・コース型|メンバー構成型,0.9479148354828166,True,当日傾向型|レース構造型|枠・コース型|メンバー構成型|騎手型,0.9522751657970814,True,枠・コース型,False,枠・コース型|レース構造型,False,枠・コース型|レース構造型|当日傾向型,True,枠・コース型,0.6047040235404062,False,当日傾向型|枠・コース型,0.8034289340852667,True,レース構造型|枠・コース型|メンバー構成型,0.8878048601922947,False,当日傾向型|レース構造型|枠・コース型|メンバー構成型,0.9545673754503847,True,当日傾向型|レース構造型|枠・コース型|メンバー構成型|騎手型,0.97073565324181,True
2022,202207010204,0.6242715390929541,False,,レース構造型,False,レース構造型|メンバー構成型,False,レース構造型|メンバー構成型|当日傾向型,False,レース構造型,0.9529802864991371,False,レース構造型|メンバー構成型,0.9675914589278497,False,当日傾向型|レース構造型|メンバー構成型,0.9700339183092891,False,当日傾向型|レース構造型|枠・コース型|騎手型,0.9765613921846743,False,当日傾向型|レース構造型|枠・コース型|メンバー構成型|騎手型,0.9736135559227379,False,レース構造型,False,レース構造型|メンバー構成型,False,レース構造型|メンバー構成型|当日傾向型,False,レース構造型,0.7961473893233443,False,レース構造型|メンバー構成型,0.9088869974890856,False,当日傾向型|レース構造型|メンバー構成型,0.9216843051744698,False,当日傾向型|レース構造型|メンバー構成型|騎手型,0.9660966929059687,False,当日傾向型|レース構造型|枠・コース型|メンバー構成型|騎手型,0.9634655922701459,False
2022,202207060108,0.6240760091414613,False,,枠・コース型,False,枠・コース型|メンバー構成型,False,枠・コース型|メンバー構成型|当日傾向型,False,枠・コース型,0.4304614709707987,False,レース構造型|メンバー構成型,0.5551589440376539,False,当日傾向型|メンバー構成型|騎手型,0.7314737145087524,False,レース構造型|枠・コース型|メンバー構成型|騎手型,0.7678751228305404,False,当日傾向型|レース構造型|枠・コース型|メンバー構成型|騎手型,0.788594993404511,False,レース構造型,False,レース構造型|メンバー構成型,False,レース構造型|メンバー構成型|枠・コース型,False,レース構造型,0.32019908932427155,False,レース構造型|騎手型,0.7506107748795396,False,レース構造型|枠・コース型|騎手型,0.8034556087394774,False,当日傾向型|レース構造型|枠・コース型|騎手型,0.8604912837933746,False,当日傾向型|レース構造型|枠・コース型|メンバー構成型|騎手型,0.9173782076702645,False
2022,202204020110,0.6240573856349534,False,,枠・コース型,False,枠・コース型|当日傾向型,False,枠・コース型|当日傾向型|レース構造型,False,枠・コース型,0.41423495014273987,False,当日傾向型|枠・コース型,0.7266850438555472,False,レース構造型|枠・コース型|メンバー構成型,0.8924889774666833,False,レース構造型|枠・コース型|メンバー構成型|騎手型,0.8702887982784392,False,当日傾向型|レース構造型|枠・コース型|メンバー構成型|騎手型,0.7983523902662739,False,レース構造型,False,レース構造型|メンバー構成型,False,レース構造型|メンバー構成型|当日傾向型,False,レース構造型,0.45805935877716264,False,枠・コース型|メンバー構成型,0.638655515832644,False,レース構造型|枠・コース型|騎手型,0.8898103149637131,False,当日傾向型|レース構造型|枠・コース型|メンバー構成型,0.9240514815751304,False,当日傾向型|レース構造型|枠・コース型|メンバー構成型|騎手型,0.9064401363838153,False
2022,202206050609,0.6237141385770452,False,,メンバー構成型,False,メンバー構成型|レース構造型,False,メンバー構成型|レース構造型|当日傾向型,False,メンバー構成型,0.6892855898626061,False,当日傾向型|メンバー構成型,0.8220233112014977,False,当日傾向型|レース構造型|メンバー構成型,0.9420078687174304,False,当日傾向型|枠・コース型|メンバー構成型|騎手型,0.9628955242328953,False,当日傾向型|レース構造型|枠・コース型|メンバー構成型|騎手型,0.9690051896734647,False,レース構造型,False,レース構造型|枠・コース型,False,レース構造型|枠・コース型|当日傾向型,False,レース構造型,0.5010895362749841,False,当日傾向型|騎手型,0.8062045777255166,False,当日傾向型|枠・コース型|メンバー構成型,0.9071724782218804,False,当日傾向型|枠・コース型|メンバー構成型|騎手型,0.9654978669687954,False,当日傾向型|レース構造型|枠・コース型|メンバー構成型|騎手型,0.9707865335636661,False
2022,202203010401,0.6236289360776257,False,,レース構造型,False,レース構造型|当日傾向型,False,レース構造型|当日傾向型|枠・コース型,False,レース構造型,0.5489515934106918,False,当日傾向型|枠・コース型,0.822886339912153,False,当日傾向型|レース構造型|枠・コース型,0.8718716143906802,False,当日傾向型|レース構造型|枠・コース型|メンバー構成型,0.9101185915956174,False,当日傾向型|レース構造型|枠・コース型|メンバー構成型|騎手型,0.8802664650588287,False,枠・コース型,False,枠・コース型|当日傾向型,False,枠・コース型|当日傾向型|騎手型,False,枠・コース型,0.47030605141228005,False,当日傾向型|レース構造型,0.8269534077014434,False,当日傾向型|レース構造型|枠・コース型,0.9362584654701938,False,当日傾向型|レース構造型|枠・コース型|メンバー構成型,0.9575236742614622,False,当日傾向型|レース構造型|枠・コース型|メンバー構成型|騎手型,0.9525602850249308,False
2022,202203020709,0.6230847486271662,False,,レース構造型,False,レース構造型|メンバー構成型,False,レース構造型|メンバー構成型|当日傾向型,False,レース構造型,0.7140774820881491,False,レース構造型|騎手型,0.8459471876804585,False,当日傾向型|レース構造型|メンバー構成型,0.9450638922594707,False,当日傾向型|レース構造型|枠・コース型|メンバー構成型,0.9664509687015734,False,当日傾向型|レース構造型|枠・コース型|メンバー構成型|騎手型,0.9591053283369053,False,レース構造型,False,レース構造型|当日傾向型,False,レース構造型|当日傾向型|メンバー構成型,False,レース構造型,0.5928152219562506,False,レース構造型|枠・コース型,0.8759594417346149,False,当日傾向型|レース構造型|騎手型,0.9530261078956245,False,当日傾向型|レース構造型|メンバー構成型|騎手型,0.9618492920833013,False,当日傾向型|レース構造型|枠・コース型|メンバー構成型|騎手型,0.9574956935766489,False
2022,202203030602,0.622808640678649,False,,騎手型,False,騎手型|メンバー構成型,False,騎手型|メンバー構成型|当日傾向型,False,騎手型,0.2872135522874829,False,当日傾向型|騎手型,0.6705196412793613,False,当日傾向型|レース構造型|騎手型,0.9328842722619048,False,当日傾向型|レース構造型|メンバー構成型|騎手型,0.9105657238091367,False,当日傾向型|レース構造型|枠・コース型|メンバー構成型|騎手型,0.8777973391562225,False,メンバー構成型,False,メンバー構成型|当日傾向型,False,メンバー構成型|当日傾向型|レース構造型,False,メンバー構成型,0.4102679299188795,False,当日傾向型|レース構造型,0.7531898762810472,False,当日傾向型|レース構造型|メンバー構成型,0.9425999380137319,False,当日傾向型|レース構造型|メンバー構成型|騎手型,0.938948032969611,False,当日傾向型|レース構造型|枠・コース型|メンバー構成型|騎手型,0.9087546798994777,False
2022,202206010707,0.6227174315705374,False,,レース構造型,False,レース構造型|当日傾向型,False,レース構造型|当日傾向型|枠・コース型,False,レース構造型,0.6109797314486433,False,レース構造型|枠・コース型,0.8939403639082704,False,当日傾向型|レース構造型|枠・コース型,0.9294529316708376,False,当日傾向型|レース構造型|メンバー構成型|騎手型,0.9434961627518038,False,当日傾向型|レース構造型|枠・コース型|メンバー構成型|騎手型,0.9800646879946434,False,レース構造型,False,レース構造型|メンバー構成型,False,レース構造型|メンバー構成型|当日傾向型,False,レース構造型,0.6610123666574987,False,レース構造型|騎手型,0.7940619757661086,False,レース構造型|枠・コース型|メンバー構成型,0.9354376968423777,False,当日傾向型|レース構造型|枠・コース型|騎手型,0.9163519668113509,False,当日傾向型|レース構造型|枠・コース型|メンバー構成型|騎手型,0.9400643974028392,False
2022,202209020612,0.6226257626909238,False,,メンバー構成型,False,メンバー構成型|レース構造型,False,メンバー構成型|レース構造型|騎手型,False,メンバー構成型,0.4515772598058113,False,枠・コース型|メンバー構成型,0.7304608250369644,False,当日傾向型|レース構造型|メンバー構成型,0.9272991096720504,False,当日傾向型|レース構造型|枠・コース型|メンバー構成型,0.9432108809673166,False,当日傾向型|レース構造型|枠・コース型|メンバー構成型|騎手型,0.8520324651004523,False,メンバー構成型,False,メンバー構成型|レース構造型,False,メンバー構成型|レース構造型|騎手型,False,メンバー構成型,0.5181495461355797,False,メンバー構成型|騎手型,0.7495932422547404,False,枠・コース型|メンバー構成型|騎手型,0.8519843592789277,False,当日傾向型|枠・コース型|メンバー構成型|騎手型,0.9555066809804353,False,当日傾向型|レース構造型|枠・コース型|メンバー構成型|騎手型,0.8794233709732581,False
2022,202204030309,0.6220286588990986,False,,枠・コース型,False,枠・コース型|レース構造型,False,枠・コース型|レース構造型|メンバー構成型,False,枠・コース型,0.6170899726707162,False,枠・コース型|メンバー構成型,0.7693228715564191,False,レース構造型|枠・コース型|騎手型,0.8595669825674214,False,レース構造型|枠・コース型|メンバー構成型|騎手型,0.9001776079082462,False,当日傾向型|レース構造型|枠・コース型|メンバー構成型|騎手型,0.8918635647173566,False,レース構造型,False,レース構造型|当日傾向型,False,レース構造型|当日傾向型|メンバー構成型,False,レース構造型,0.5075874494787856,False,当日傾向型|レース構造型,0.8472231987894145,False,当日傾向型|レース構造型|メンバー構成型,0.9448757033282776,False,レース構造型|枠・コース型|メンバー構成型|騎手型,0.8973001901163354,False,当日傾向型|レース構造型|枠・コース型|メンバー構成型|騎手型,0.8893360680648323,False
2022,202207020502,0.621829352628349,False,,メンバー構成型,False,メンバー構成型|騎手型,False,メンバー構成型|騎手型|当日傾向型,False,メンバー構成型,0.7324116198443346,False,枠・コース型|騎手型,0.870371400865095,False,当日傾向型|メンバー構成型|騎手型,0.8651822832306255,False,当日傾向型|レース構造型|メンバー構成型|騎手型,0.8966563049009104,False,当日傾向型|レース構造型|枠・コース型|メンバー構成型|騎手型,0.8480573985847285,False,枠・コース型,False,枠・コース型|メンバー構成型,False,枠・コース型|メンバー構成型|当日傾向型,False,枠・コース型,0.6445855239911631,False,レース構造型|枠・コース型,0.858043234476205,False,当日傾向型|枠・コース型|メンバー構成型,0.9260113947191637,False,当日傾向型|枠・コース型|メンバー構成型|騎手型,0.9740848407210535,False,当日傾向型|レース構造型|枠・コース型|メンバー構成型|騎手型,0.9362254042133259,False
2022,202209010805,0.6214594032802421,False,,騎手型,False,騎手型|レース構造型,False,騎手型|レース構造型|メンバー構成型,False,騎手型,0.3919387246949412,False,当日傾向型|騎手型,0.7171741287183757,False,当日傾向型|レース構造型|騎手型,0.8606972239365976,False,レース構造型|枠・コース型|メンバー構成型|騎手型,0.9103774197219867,False,当日傾向型|レース構造型|枠・コース型|メンバー構成型|騎手型,0.890942586863616,False,枠・コース型,False,枠・コース型|当日傾向型,False,枠・コース型|当日傾向型|メンバー構成型,False,枠・コース型,0.35057062185397164,False,当日傾向型|騎手型,0.763343049185592,False,枠・コース型|メンバー構成型|騎手型,0.8208379150198858,False,当日傾向型|レース構造型|枠・コース型|騎手型,0.9051320248625296,False,当日傾向型|レース構造型|枠・コース型|メンバー構成型|騎手型,0.8665791453641513,False
2022,202206010210,0.6208986028683372,True,枠・コース型,レース構造型,False,レース構造型|メンバー構成型,False,レース構造型|メンバー構成型|騎手型,False,レース構造型,0.7344066389676552,False,レース構造型|枠・コース型,0.786083485763712,True,当日傾向型|レース構造型|メンバー構成型,0.9535785591297394,False,当日傾向型|レース構造型|枠・コース型|メンバー構成型,0.940750673614778,True,当日傾向型|レース構造型|枠・コース型|メンバー構成型|騎手型,0.9566530795448098,True,メンバー構成型,False,メンバー構成型|レース構造型,False,メンバー構成型|レース構造型|当日傾向型,False,メンバー構成型,0.6383710656729406,False,レース構造型|メンバー構成型,0.8694374726506839,False,当日傾向型|レース構造型|メンバー構成型,0.9410433344638106,False,当日傾向型|レース構造型|枠・コース型|メンバー構成型,0.9598369209033133,True,当日傾向型|レース構造型|枠・コース型|メンバー構成型|騎手型,0.9812328211703276,True
2022,202209060711,0.6208523490372323,True,,枠・コース型,False,枠・コース型|当日傾向型,False,枠・コース型|当日傾向型|騎手型,False,枠・コース型,0.6248543072384083,False,枠・コース型|メンバー構成型,0.817256767976074,False,レース構造型|枠・コース型|メンバー構成型,0.9100024180305446,False,当日傾向型|レース構造型|枠・コース型|メンバー構成型,0.9076138222591876,False,当日傾向型|レース構造型|枠・コース型|メンバー構成型|騎手型,0.9019197978637182,False,枠・コース型,False,枠・コース型|当日傾向型,False,枠・コース型|当日傾向型|メンバー構成型,False,枠・コース型,0.49900447348442095,False,枠・コース型|メンバー構成型,0.8701372398753183,False,レース構造型|枠・コース型|メンバー構成型,0.9152234452771495,False,レース構造型|枠・コース型|メンバー構成型|騎手型,0.9414422914372726,False,当日傾向型|レース構造型|枠・コース型|メンバー構成型|騎手型,0.902867271546289,False
2022,202206010307,0.6205784833671525,True,枠・コース型,当日傾向型,False,当日傾向型|メンバー構成型,False,当日傾向型|メンバー構成型|枠・コース型,True,当日傾向型,0.7256249061447212,False,当日傾向型|騎手型,0.7965057220209968,False,当日傾向型|レース構造型|騎手型,0.8989956235382903,False,当日傾向型|レース構造型|メンバー構成型|騎手型,0.9480755677663603,False,当日傾向型|レース構造型|枠・コース型|メンバー構成型|騎手型,0.927320917751481,True,当日傾向型,False,当日傾向型|レース構造型,False,当日傾向型|レース構造型|枠・コース型,True,当日傾向型,0.6067982297068166,False,当日傾向型|メンバー構成型,0.7458164990998903,False,当日傾向型|枠・コース型|メンバー構成型,0.8792659068340961,True,当日傾向型|レース構造型|枠・コース型|メンバー構成型,0.8972795259093639,True,当日傾向型|レース構造型|枠・コース型|メンバー構成型|騎手型,0.8893219282474295,True
2022,202203010101,0.6204774145907058,False,,騎手型,False,騎手型|メンバー構成型,False,騎手型|メンバー構成型|当日傾向型,False,騎手型,0.4519854922911403,False,当日傾向型|騎手型,0.6812960462472839,False,当日傾向型|レース構造型|メンバー構成型,0.7839421774656902,False,当日傾向型|レース構造型|メンバー構成型|騎手型,0.8225240187606581,False,当日傾向型|レース構造型|枠・コース型|メンバー構成型|騎手型,0.8597696313643248,False,メンバー構成型,False,メンバー構成型|枠・コース型,False,メンバー構成型|枠・コース型|当日傾向型,False,メンバー構成型,0.35535173598688036,False,枠・コース型|メンバー構成型,0.8039795777798299,False,レース構造型|枠・コース型|メンバー構成型,0.9142196042248619,False,当日傾向型|レース構造型|枠・コース型|メンバー構成型,0.9673653620366184,False,当日傾向型|レース構造型|枠・コース型|メンバー構成型|騎手型,0.9457980585958555,False
2022,202204020212,0.6202531985139181,False,,レース構造型,False,レース構造型|メンバー構成型,False,レース構造型|メンバー構成型|当日傾向型,False,レース構造型,0.7986404266229234,False,レース構造型|枠・コース型,0.8349893522027545,False,レース構造型|枠・コース型|メンバー構成型,0.9432273947006755,False,レース構造型|枠・コース型|メンバー構成型|騎手型,0.9623362168235654,False,当日傾向型|レース構造型|枠・コース型|メンバー構成型|騎手型,0.9831958913533532,False,レース構造型,False,レース構造型|枠・コース型,False,レース構造型|枠・コース型|メンバー構成型,False,レース構造型,0.697137813663655,False,レース構造型|枠・コース型,0.9272391743452044,False,レース構造型|枠・コース型|メンバー構成型,0.9511496604575237,False,レース構造型|枠・コース型|メンバー構成型|騎手型,0.9675740155836206,False,当日傾向型|レース構造型|枠・コース型|メンバー構成型|騎手型,0.9696967363843834,False
2022,202209010402,0.6201995186880815,False,,当日傾向型,False,当日傾向型|メンバー構成型,False,当日傾向型|メンバー構成型|騎手型,False,当日傾向型,0.39991303690744395,False,レース構造型|騎手型,0.7743577695211935,False,当日傾向型|レース構造型|メンバー構成型,0.8861326595812521,False,当日傾向型|レース構造型|メンバー構成型|騎手型,0.9500641153379379,False,当日傾向型|レース構造型|枠・コース型|メンバー構成型|騎手型,0.931456417405732,False,当日傾向型,False,当日傾向型|枠・コース型,False,当日傾向型|枠・コース型|レース構造型,False,当日傾向型,0.5971202818105362,False,レース構造型|枠・コース型,0.869805179189932,False,当日傾向型|レース構造型|枠・コース型,0.969769727720102,False,当日傾向型|レース構造型|枠・コース型|騎手型,0.980610610784444,False,当日傾向型|レース構造型|枠・コース型|メンバー構成型|騎手型,0.9859820811392326,False
