topk,king_max,market_min,market_max,odds_floor,eligible,roi_half1,roi_half2,robust_roi,pooled_roi,pooled_coverage_pct,pooled_tickets,test_year
1,1,2,5,0.0,0,113.1304347826087,83.11320754716981,83.11320754716981,98.73303167420815,42.82945736434109,221,2023
1,1,2,5,10.0,0,131.70731707317074,86.33802816901408,86.33802816901408,110.65359477124183,29.651162790697676,153,2023
1,1,2,5,20.0,0,184.44444444444446,0.0,0.0,103.75,12.4031007751938,64,2023
1,1,2,5,30.0,0,243.33333333333334,0.0,0.0,141.29032258064515,6.007751937984496,31,2023
1,1,2,5,40.0,0,365.0,0.0,0.0,208.57142857142858,4.069767441860465,21,2023
1,1,2,5,50.0,0,0.0,0.0,0.0,0.0,2.5193798449612403,13,2023
1,1,2,6,0.0,0,122.79661016949153,83.11320754716981,83.11320754716981,104.01785714285714,43.41085271317829,224,2023
1,1,2,6,10.0,0,144.47058823529412,86.33802816901408,86.33802816901408,118.01282051282051,30.232558139534884,156,2023
1,1,2,6,20.0,0,174.73684210526315,0.0,0.0,100.60606060606061,12.790697674418604,66,2023
1,1,2,6,30.0,0,219.0,0.0,0.0,132.72727272727272,6.395348837209302,33,2023
1,1,2,6,40.0,0,336.9230769230769,0.0,0.0,199.0909090909091,4.263565891472868,22,2023
1,1,2,6,50.0,0,0.0,0.0,0.0,0.0,2.7131782945736433,14,2023
1,1,2,7,0.0,0,120.75,82.33644859813084,82.33644859813084,102.6431718061674,43.992248062015506,227,2023
1,1,2,7,10.0,0,141.1494252873563,85.13888888888889,85.13888888888889,115.78616352201257,30.813953488372093,159,2023
1,1,2,7,20.0,0,166.0,0.0,0.0,96.23188405797102,13.372093023255815,69,2023
1,1,2,7,30.0,0,199.0909090909091,0.0,0.0,121.66666666666667,6.976744186046512,36,2023
1,1,2,7,40.0,0,292.0,0.0,0.0,175.2,4.844961240310077,25,2023
1,1,2,7,50.0,0,0.0,0.0,0.0,0.0,3.294573643410853,17,2023
1,1,3,5,0.0,0,82.29508196721312,68.54166666666667,68.54166666666667,76.23853211009174,21.124031007751938,109,2023
1,1,3,5,10.0,0,104.28571428571429,37.36842105263158,37.36842105263158,72.5,15.503875968992247,80,2023
1,1,3,5,20.0,0,190.43478260869566,0.0,0.0,109.5,7.751937984496124,40,2023
1,1,3,5,30.0,0,398.1818181818182,0.0,0.0,208.57142857142858,4.069767441860465,21,2023
1,1,3,5,40.0,0,547.5,0.0,0.0,292.0,2.9069767441860463,15,2023
1,1,3,5,50.0,0,0.0,0.0,0.0,0.0,1.937984496124031,10,2023
1,1,3,6,0.0,0,101.5625,68.54166666666667,68.54166666666667,87.41071428571429,21.705426356589147,112,2023
1,1,3,6,10.0,0,130.22222222222223,37.36842105263158,37.36842105263158,87.71084337349397,16.085271317829456,83,2023
1,1,3,6,20.0,0,175.2,0.0,0.0,104.28571428571429,8.13953488372093,42,2023
1,1,3,6,30.0,0,336.9230769230769,0.0,0.0,190.43478260869566,4.457364341085271,23,2023
1,1,3,6,40.0,0,486.6666666666667,0.0,0.0,273.75,3.10077519379845,16,2023
1,1,3,6,50.0,0,0.0,0.0,0.0,0.0,2.131782945736434,11,2023
1,1,3,7,0.0,0,98.48484848484848,67.14285714285714,67.14285714285714,85.1304347826087,22.286821705426355,115,2023
1,1,3,7,10.0,0,124.68085106382979,36.41025641025641,36.41025641025641,84.65116279069767,16.666666666666668,86,2023
1,1,3,7,20.0,0,162.22222222222223,0.0,0.0,97.33333333333333,8.720930232558139,45,2023
1,1,3,7,30.0,0,292.0,0.0,0.0,168.46153846153845,5.038759689922481,26,2023
1,1,3,7,40.0,0,398.1818181818182,0.0,0.0,230.52631578947367,3.682170542635659,19,2023
1,1,3,7,50.0,0,0.0,0.0,0.0,0.0,2.7131782945736433,14,2023
1,1,4,5,0.0,0,151.0344827586207,47.36842105263158,47.36842105263158,110.0,9.30232558139535,48,2023
1,1,4,5,10.0,0,190.43478260869566,0.0,0.0,106.82926829268293,7.945736434108527,41,2023
1,1,4,5,20.0,0,312.85714285714283,0.0,0.0,175.2,4.844961240310077,25,2023
1,1,4,5,30.0,0,876.0,0.0,0.0,336.9230769230769,2.5193798449612403,13,2023
1,1,4,5,40.0,0,1095.0,0.0,0.0,438.0,1.937984496124031,10,2023
1,1,4,5,50.0,0,0.0,0.0,0.0,0.0,1.1627906976744187,6,2023
1,1,4,6,0.0,0,183.125,47.36842105263158,47.36842105263158,132.54901960784315,9.883720930232558,51,2023
1,1,4,6,10.0,0,225.3846153846154,0.0,0.0,133.1818181818182,8.527131782945736,44,2023
1,1,4,6,20.0,0,273.75,0.0,0.0,162.22222222222223,5.232558139534884,27,2023
1,1,4,6,30.0,0,625.7142857142857,0.0,0.0,292.0,2.9069767441860463,15,2023
1,1,4,6,40.0,0,876.0,0.0,0.0,398.1818181818182,2.131782945736434,11,2023
1,1,4,6,50.0,0,0.0,0.0,0.0,0.0,1.3565891472868217,7,2023
1,1,4,7,0.0,0,172.35294117647058,45.0,45.0,125.18518518518519,10.465116279069768,54,2023
1,1,4,7,10.0,0,209.28571428571428,0.0,0.0,124.68085106382979,9.108527131782946,47,2023
1,1,4,7,20.0,0,243.33333333333334,0.0,0.0,146.0,5.813953488372093,30,2023
1,1,4,7,30.0,0,486.6666666666667,0.0,0.0,243.33333333333334,3.488372093023256,18,2023
1,1,4,7,40.0,0,625.7142857142857,0.0,0.0,312.85714285714283,2.7131782945736433,14,2023
1,1,4,7,50.0,0,0.0,0.0,0.0,0.0,1.937984496124031,10,2023
1,2,2,5,0.0,1,88.74251497005989,73.11764705882354,73.11764705882354,80.86053412462908,65.31007751937985,337,2023
1,2,2,5,10.0,0,101.76470588235294,76.57894736842105,76.57894736842105,89.44206008583691,45.15503875968992,233,2023
1,2,2,5,20.0,0,135.51020408163265,0.0,0.0,68.45360824742268,18.7984496124031,97,2023
1,2,2,5,30.0,0,175.2,0.0,0.0,95.21739130434783,8.914728682170542,46,2023
1,2,2,5,40.0,0,257.6470588235294,0.0,0.0,151.0344827586207,5.62015503875969,29,2023
1,2,2,5,50.0,0,0.0,0.0,0.0,0.0,3.875968992248062,20,2023
1,2,2,6,0.0,1,95.32163742690058,71.02857142857142,71.02857142857142,83.03468208092485,67.05426356589147,346,2023
1,2,2,6,10.0,0,110.48780487804878,73.36134453781513,73.36134453781513,92.23140495867769,46.89922480620155,242,2023
1,2,2,6,20.0,0,130.19607843137254,0.0,0.0,63.84615384615385,20.155038759689923,104,2023
1,2,2,6,30.0,0,162.22222222222223,0.0,0.0,87.6,9.689922480620154,50,2023
1,2,2,6,40.0,0,243.33333333333334,0.0,0.0,141.29032258064515,6.007751937984496,31,2023
1,2,2,6,50.0,0,0.0,0.0,0.0,0.0,4.069767441860465,21,2023
1,2,2,7,0.0,1,92.61363636363636,69.8314606741573,69.8314606741573,81.15819209039547,68.6046511627907,354,2023
1,2,2,7,10.0,0,106.171875,71.55737704918033,71.55737704918033,89.28,48.44961240310077,250,2023
1,2,2,7,20.0,0,120.72727272727273,0.0,0.0,59.81981981981982,21.511627906976745,111,2023
1,2,2,7,30.0,0,141.29032258064515,0.0,0.0,78.21428571428571,10.852713178294573,56,2023
1,2,2,7,40.0,0,199.0909090909091,0.0,0.0,118.37837837837837,7.170542635658915,37,2023
1,2,2,7,50.0,0,0.0,0.0,0.0,0.0,5.038759689922481,26,2023
1,2,3,5,0.0,0,60.442477876106196,61.69642857142857,60.442477876106196,61.06666666666667,43.604651162790695,225,2023
1,2,3,5,10.0,0,72.0253164556962,49.629629629629626,49.629629629629626,60.6875,31.007751937984494,160,2023
1,2,3,5,20.0,0,121.66666666666667,0.0,0.0,60.0,14.147286821705427,73,2023
1,2,3,5,30.0,0,243.33333333333334,0.0,0.0,121.66666666666667,6.976744186046512,36,2023
1,2,3,5,40.0,0,336.9230769230769,0.0,0.0,190.43478260869566,4.457364341085271,23,2023
1,2,3,5,50.0,0,0.0,0.0,0.0,0.0,3.294573643410853,17,2023
1,2,3,6,0.0,0,71.02564102564102,59.05982905982906,59.05982905982906,65.04273504273505,45.348837209302324,234,2023
1,2,3,6,10.0,0,86.3855421686747,46.74418604651163,46.74418604651163,66.21301775147928,32.751937984496124,169,2023
1,2,3,6,20.0,0,115.26315789473684,0.0,0.0,54.75,15.503875968992247,80,2023
1,2,3,6,30.0,0,219.0,0.0,0.0,109.5,7.751937984496124,40,2023
1,2,3,6,40.0,0,312.85714285714283,0.0,0.0,175.2,4.844961240310077,25,2023
1,2,3,6,50.0,0,0.0,0.0,0.0,0.0,3.488372093023256,18,2023
1,2,3,7,0.0,0,68.11475409836065,57.583333333333336,57.583333333333336,62.892561983471076,46.89922480620155,242,2023
1,2,3,7,10.0,0,81.47727272727273,45.168539325842694,45.168539325842694,63.220338983050844,34.30232558139535,177,2023
1,2,3,7,20.0,0,104.28571428571429,0.0,0.0,50.3448275862069,16.86046511627907,87,2023
1,2,3,7,30.0,0,182.5,0.0,0.0,95.21739130434783,8.914728682170542,46,2023
1,2,3,7,40.0,0,243.33333333333334,0.0,0.0,141.29032258064515,6.007751937984496,31,2023
1,2,3,7,50.0,0,0.0,0.0,0.0,0.0,4.457364341085271,23,2023
1,2,4,5,0.0,0,82.64150943396227,70.0,70.0,76.50485436893204,19.96124031007752,103,2023
1,2,4,5,10.0,0,99.54545454545455,59.09090909090909,59.09090909090909,79.31818181818181,17.05426356589147,88,2023
1,2,4,5,20.0,0,199.0909090909091,0.0,0.0,97.33333333333333,8.720930232558139,45,2023
1,2,4,5,30.0,0,438.0,0.0,0.0,199.0909090909091,4.263565891472868,22,2023
1,2,4,5,40.0,0,625.7142857142857,0.0,0.0,312.85714285714283,2.7131782945736433,14,2023
1,2,4,5,50.0,0,0.0,0.0,0.0,0.0,1.744186046511628,9,2023
1,2,4,6,0.0,0,102.80701754385964,63.63636363636363,63.63636363636363,83.57142857142857,21.705426356589147,112,2023
1,2,4,6,10.0,0,122.08333333333333,53.06122448979592,53.06122448979592,87.21649484536083,18.7984496124031,97,2023
1,2,4,6,20.0,0,182.5,0.0,0.0,84.23076923076923,10.077519379844961,52,2023
1,2,4,6,30.0,0,365.0,0.0,0.0,168.46153846153845,5.038759689922481,26,2023
1,2,4,6,40.0,0,547.5,0.0,0.0,273.75,3.10077519379845,16,2023
1,2,4,6,50.0,0,0.0,0.0,0.0,0.0,1.937984496124031,10,2023
1,2,4,7,0.0,0,94.51612903225806,60.3448275862069,60.3448275862069,78.0,23.25581395348837,120,2023
1,2,4,7,10.0,0,110.56603773584905,50.0,50.0,80.57142857142857,20.348837209302324,105,2023
1,2,4,7,20.0,0,156.42857142857142,0.0,0.0,74.23728813559322,11.434108527131784,59,2023
1,2,4,7,30.0,0,273.75,0.0,0.0,136.875,6.2015503875969,32,2023
1,2,4,7,40.0,0,365.0,0.0,0.0,199.0909090909091,4.263565891472868,22,2023
1,2,4,7,50.0,0,0.0,0.0,0.0,0.0,2.9069767441860463,15,2023
1,3,2,5,0.0,1,80.51020408163265,73.45,73.45,76.94444444444444,76.74418604651163,396,2023
1,3,2,5,10.0,0,86.5,80.80882352941177,80.80882352941177,83.69565217391305,53.48837209302326,276,2023
1,3,2,5,20.0,0,122.96296296296296,0.0,0.0,60.91743119266055,21.124031007751938,109,2023
1,3,2,5,30.0,0,168.46153846153845,0.0,0.0,87.6,9.689922480620154,50,2023
1,3,2,5,40.0,0,257.6470588235294,0.0,0.0,141.29032258064515,6.007751937984496,31,2023
1,3,2,5,50.0,0,0.0,0.0,0.0,0.0,4.069767441860465,21,2023
1,3,2,6,0.0,1,84.6078431372549,70.28708133971291,70.28708133971291,77.36077481840194,80.03875968992249,413,2023
1,3,2,6,10.0,0,91.82432432432432,75.79310344827586,75.79310344827586,83.89078498293516,56.78294573643411,293,2023
1,3,2,6,20.0,0,112.54237288135593,0.0,0.0,55.333333333333336,23.25581395348837,120,2023
1,3,2,6,30.0,0,141.29032258064515,0.0,0.0,76.84210526315789,11.046511627906977,57,2023
1,3,2,6,40.0,0,219.0,0.0,0.0,125.14285714285714,6.782945736434108,35,2023
1,3,2,6,50.0,0,0.0,0.0,0.0,0.0,4.651162790697675,24,2023
1,3,2,7,0.0,1,81.03286384976526,68.32558139534883,68.32558139534883,74.64953271028037,82.94573643410853,428,2023
1,3,2,7,10.0,0,86.56050955414013,72.78145695364239,72.78145695364239,79.8051948051948,59.689922480620154,308,2023
1,3,2,7,20.0,0,99.1044776119403,0.0,0.0,49.92481203007519,25.775193798449614,133,2023
1,3,2,7,30.0,0,118.37837837837837,0.0,0.0,65.3731343283582,12.984496124031008,67,2023
1,3,2,7,40.0,0,175.2,0.0,0.0,101.86046511627907,8.333333333333334,43,2023
1,3,2,7,50.0,0,0.0,0.0,0.0,0.0,5.62015503875969,29,2023
1,3,3,5,0.0,0,54.859154929577464,64.5774647887324,54.859154929577464,59.71830985915493,55.03875968992248,284,2023
1,3,3,5,10.0,0,56.9,60.970873786407765,56.9,58.96551724137931,39.34108527131783,203,2023
1,3,3,5,20.0,0,106.82926829268293,0.0,0.0,51.529411764705884,16.472868217054263,85,2023
1,3,3,5,30.0,0,230.52631578947367,0.0,0.0,109.5,7.751937984496124,40,2023
1,3,3,5,40.0,0,336.9230769230769,0.0,0.0,175.2,4.844961240310077,25,2023
1,3,3,5,50.0,0,0.0,0.0,0.0,0.0,3.488372093023256,18,2023
1,3,3,6,0.0,0,61.8,60.728476821192054,60.728476821192054,61.262458471760795,58.333333333333336,301,2023
1,3,3,6,10.0,0,66.38888888888889,56.07142857142857,56.07142857142857,61.13636363636363,42.63565891472868,220,2023
1,3,3,6,20.0,0,95.21739130434783,0.0,0.0,45.625,18.6046511627907,96,2023
1,3,3,6,30.0,0,182.5,0.0,0.0,93.19148936170212,9.108527131782946,47,2023
1,3,3,6,40.0,0,273.75,0.0,0.0,151.0344827586207,5.62015503875969,29,2023
1,3,3,6,50.0,0,0.0,0.0,0.0,0.0,4.069767441860465,21,2023
1,3,3,7,0.0,1,58.301886792452834,58.40764331210191,58.301886792452834,58.35443037974684,61.24031007751938,316,2023
1,3,3,7,10.0,0,61.282051282051285,53.220338983050844,53.220338983050844,57.234042553191486,45.542635658914726,235,2023
1,3,3,7,20.0,0,81.11111111111111,0.0,0.0,40.18348623853211,21.124031007751938,109,2023
1,3,3,7,30.0,0,146.0,0.0,0.0,76.84210526315789,11.046511627906977,57,2023
1,3,3,7,40.0,0,208.57142857142858,0.0,0.0,118.37837837837837,7.170542635658915,37,2023
1,3,3,7,50.0,0,0.0,0.0,0.0,0.0,5.038759689922481,26,2023
1,3,4,5,0.0,0,65.1219512195122,72.0,65.1219512195122,68.51851851851852,31.3953488372093,162,2023
1,3,4,5,10.0,0,67.38461538461539,73.63636363636364,67.38461538461539,70.53435114503817,25.387596899224807,131,2023
1,3,4,5,20.0,0,162.22222222222223,0.0,0.0,76.84210526315789,11.046511627906977,57,2023
1,3,4,5,30.0,0,398.1818181818182,0.0,0.0,168.46153846153845,5.038759689922481,26,2023
1,3,4,5,40.0,0,625.7142857142857,0.0,0.0,273.75,3.10077519379845,16,2023
1,3,4,5,50.0,0,0.0,0.0,0.0,0.0,1.937984496124031,10,2023
1,3,4,6,0.0,0,75.77777777777777,64.71910112359551,64.71910112359551,70.27932960893855,34.689922480620154,179,2023
1,3,4,6,10.0,0,80.27397260273973,64.8,64.8,72.43243243243244,28.68217054263566,148,2023
1,3,4,6,20.0,0,136.875,0.0,0.0,64.41176470588235,13.178294573643411,68,2023
1,3,4,6,30.0,0,273.75,0.0,0.0,132.72727272727272,6.395348837209302,33,2023
1,3,4,6,40.0,0,438.0,0.0,0.0,219.0,3.875968992248062,20,2023
1,3,4,6,50.0,0,0.0,0.0,0.0,0.0,2.5193798449612403,13,2023
1,3,4,7,0.0,0,68.88888888888889,60.63157894736842,60.63157894736842,64.84536082474227,37.5968992248062,194,2023
1,3,4,7,10.0,0,71.46341463414635,60.0,60.0,65.76687116564418,31.589147286821706,163,2023
1,3,4,7,20.0,0,109.5,0.0,0.0,54.074074074074076,15.69767441860465,81,2023
1,3,4,7,30.0,0,199.0909090909091,0.0,0.0,101.86046511627907,8.333333333333334,43,2023
1,3,4,7,40.0,0,292.0,0.0,0.0,156.42857142857142,5.426356589147287,28,2023
1,3,4,7,50.0,0,0.0,0.0,0.0,0.0,3.488372093023256,18,2023
3,1,2,5,0.0,0,111.82608695652173,67.70440251572327,67.70440251572327,90.66365007541478,42.82945736434109,663,2023
3,1,2,5,10.0,0,118.45323741007195,49.23664122137404,49.23664122137404,84.87037037037037,41.666666666666664,540,2023
3,1,2,5,20.0,0,143.84146341463415,37.13333333333333,37.13333333333333,92.86624203821655,34.49612403100775,314,2023
3,1,2,5,30.0,0,123.9,38.0,38.0,83.21052631578948,25.0,190,2023
3,1,2,5,40.0,0,145.46875,0.0,0.0,80.95652173913044,16.86046511627907,115,2023
3,1,2,5,50.0,0,0.0,0.0,0.0,0.0,11.434108527131784,73,2023
3,1,2,6,0.0,0,113.1638418079096,67.70440251572327,67.70440251572327,91.65178571428571,43.41085271317829,672,2023
3,1,2,6,10.0,0,119.89547038327527,49.23664122137404,49.23664122137404,86.17486338797814,42.248062015503876,549,2023
3,1,2,6,20.0,0,137.15116279069767,37.13333333333333,37.13333333333333,90.55900621118012,35.07751937984496,322,2023
3,1,2,6,30.0,0,114.72222222222223,38.0,38.0,79.84848484848484,25.58139534883721,198,2023
3,1,2,6,40.0,0,138.955223880597,0.0,0.0,78.89830508474576,17.05426356589147,118,2023
3,1,2,6,50.0,0,0.0,0.0,0.0,0.0,11.627906976744185,76,2023
3,1,2,7,0.0,0,111.27777777777777,67.07165109034268,67.07165109034268,90.44052863436123,43.992248062015506,681,2023
3,1,2,7,10.0,0,117.44027303754267,48.679245283018865,48.679245283018865,84.78494623655914,42.82945736434109,558,2023
3,1,2,7,20.0,0,132.52808988764045,36.40522875816993,36.40522875816993,88.09667673716012,35.65891472868217,331,2023
3,1,2,7,30.0,0,108.6842105263158,36.774193548387096,36.774193548387096,76.3768115942029,26.162790697674417,207,2023
3,1,2,7,40.0,0,127.53424657534246,0.0,0.0,73.30708661417323,17.635658914728683,127,2023
3,1,2,7,50.0,0,0.0,0.0,0.0,0.0,12.209302325581396,85,2023
3,1,3,5,0.0,0,124.75409836065573,34.861111111111114,34.861111111111114,85.16819571865443,21.124031007751938,327,2023
3,1,3,5,10.0,0,139.15584415584416,20.0,20.0,84.3859649122807,20.930232558139537,285,2023
3,1,3,5,20.0,0,159.31372549019608,0.0,0.0,86.89839572192513,18.217054263565892,187,2023
3,1,3,5,30.0,0,143.23076923076923,0.0,0.0,76.31147540983606,15.116279069767442,122,2023
3,1,3,5,40.0,0,206.88888888888889,0.0,0.0,114.93827160493827,10.465116279069768,81,2023
3,1,3,5,50.0,0,0.0,0.0,0.0,0.0,7.364341085271318,51,2023
3,1,3,6,0.0,0,126.61458333333333,34.861111111111114,34.861111111111114,87.29166666666667,21.705426356589147,336,2023
3,1,3,6,10.0,0,140.5521472392638,20.0,20.0,86.83673469387755,21.511627906976745,294,2023
3,1,3,6,20.0,0,147.72727272727272,0.0,0.0,83.33333333333333,18.7984496124031,195,2023
3,1,3,6,30.0,0,127.53424657534246,0.0,0.0,71.61538461538461,15.69767441860465,130,2023
3,1,3,6,40.0,0,193.95833333333334,0.0,0.0,110.83333333333333,10.65891472868217,84,2023
3,1,3,6,50.0,0,0.0,0.0,0.0,0.0,7.558139534883721,54,2023
3,1,3,7,0.0,0,122.77777777777777,34.14965986394558,34.14965986394558,85.01449275362319,22.286821705426355,345,2023
3,1,3,7,10.0,0,135.5621301775148,19.55223880597015,19.55223880597015,84.25742574257426,22.093023255813954,303,2023
3,1,3,7,20.0,0,140.08620689655172,0.0,0.0,79.65686274509804,19.37984496124031,204,2023
3,1,3,7,30.0,0,117.84810126582279,0.0,0.0,66.97841726618705,16.27906976744186,139,2023
3,1,3,7,40.0,0,172.40740740740742,0.0,0.0,100.10752688172043,11.24031007751938,93,2023
3,1,3,7,50.0,0,0.0,0.0,0.0,0.0,8.13953488372093,63,2023
3,1,4,5,0.0,0,183.90804597701148,36.8421052631579,36.8421052631579,125.69444444444444,9.30232558139535,144,2023
3,1,4,5,10.0,0,197.92207792207793,21.428571428571427,21.428571428571427,123.60902255639098,9.30232558139535,133,2023
3,1,4,5,20.0,0,223.07692307692307,0.0,0.0,122.10526315789474,8.333333333333334,95,2023
3,1,4,5,30.0,0,300.3225806451613,0.0,0.0,143.23076923076923,7.170542635658915,65,2023
3,1,4,5,40.0,0,404.7826086956522,0.0,0.0,202.3913043478261,5.426356589147287,46,2023
3,1,4,5,50.0,0,0.0,0.0,0.0,0.0,4.651162790697675,33,2023
3,1,4,6,0.0,0,182.08333333333334,36.8421052631579,36.8421052631579,127.97385620915033,9.883720930232558,153,2023
3,1,4,6,10.0,0,194.41860465116278,21.428571428571427,21.428571428571427,126.19718309859155,9.883720930232558,142,2023
3,1,4,6,20.0,0,193.33333333333334,0.0,0.0,112.62135922330097,8.914728682170542,103,2023
3,1,4,6,30.0,0,238.71794871794873,0.0,0.0,127.53424657534246,7.751937984496124,73,2023
3,1,4,6,40.0,0,358.0769230769231,0.0,0.0,190.0,5.62015503875969,49,2023
3,1,4,6,50.0,0,0.0,0.0,0.0,0.0,4.844961240310077,36,2023
3,1,4,7,0.0,0,171.37254901960785,35.0,35.0,120.8641975308642,10.465116279069768,162,2023
3,1,4,7,10.0,0,181.7391304347826,20.338983050847457,20.338983050847457,118.67549668874172,10.465116279069768,151,2023
3,1,4,7,20.0,0,175.75757575757575,0.0,0.0,103.57142857142857,9.496124031007753,112,2023
3,1,4,7,30.0,0,206.88888888888889,0.0,0.0,113.53658536585365,8.333333333333334,82,2023
3,1,4,7,40.0,0,290.9375,0.0,0.0,160.51724137931035,6.2015503875969,58,2023
3,1,4,7,50.0,0,0.0,0.0,0.0,0.0,5.426356589147287,45,2023
3,2,2,5,0.0,1,97.60479041916167,68.49019607843137,68.49019607843137,82.91790306627102,65.31007751937985,1011,2023
3,2,2,5,10.0,1,105.29556650246306,60.334128878281625,60.334128878281625,82.46060606060605,63.565891472868216,825,2023
3,2,2,5,20.0,0,121.80672268907563,50.775510204081634,50.775510204081634,85.77639751552795,53.10077519379845,483,2023
3,2,2,5,30.0,0,110.07042253521126,71.95804195804196,71.95804195804196,90.94736842105263,37.2093023255814,285,2023
3,2,2,5,40.0,0,105.79545454545455,85.875,85.875,96.30952380952381,24.612403100775193,168,2023
3,2,2,5,50.0,0,0.0,149.34782608695653,0.0,65.42857142857143,16.27906976744186,105,2023
3,2,2,6,0.0,1,98.2066276803119,73.35238095238095,73.35238095238095,85.63583815028902,67.05426356589147,1038,2023
3,2,2,6,10.0,1,105.8133971291866,66.49769585253456,66.49769585253456,85.78638497652582,65.31007751937985,852,2023
3,2,2,6,20.0,0,116.89516129032258,61.85328185328186,61.85328185328186,88.77712031558185,54.84496124031008,507,2023
3,2,2,6,30.0,0,102.82894736842105,91.25,91.25,97.03947368421052,38.95348837209303,304,2023
3,2,2,6,40.0,0,100.10752688172043,81.78571428571429,81.78571428571429,91.41242937853107,25.58139534883721,177,2023
3,2,2,6,50.0,0,0.0,143.125,0.0,61.339285714285715,17.05426356589147,112,2023
3,2,2,7,0.0,1,95.41666666666667,78.05243445692884,78.05243445692884,86.68549905838042,68.6046511627907,1062,2023
3,2,2,7,10.0,1,102.14780600461894,72.30248306997743,72.30248306997743,87.05479452054794,66.86046511627907,876,2023
3,2,2,7,20.0,0,110.64885496183206,71.6044776119403,71.6044776119403,90.90566037735849,56.395348837209305,530,2023
3,2,2,7,30.0,0,94.72727272727273,107.16981132075472,94.72727272727273,100.83333333333333,40.50387596899225,324,2023
3,2,2,7,40.0,0,89.51923076923077,76.33333333333333,76.33333333333333,83.4020618556701,26.74418604651163,194,2023
3,2,2,7,50.0,0,0.0,127.22222222222223,0.0,54.09448818897638,18.217054263565892,127,2023
3,2,3,5,0.0,0,97.78761061946902,54.82142857142857,54.82142857142857,76.4,43.604651162790695,675,2023
3,2,3,5,10.0,0,110.81560283687944,52.083333333333336,52.083333333333336,81.14035087719299,42.82945736434109,570,2023
3,2,3,5,20.0,0,123.01136363636364,38.166666666666664,38.166666666666664,80.11235955056179,36.82170542635659,356,2023
3,2,3,5,30.0,0,117.28971962616822,62.45454545454545,62.45454545454545,89.49308755760369,27.325581395348838,217,2023
3,2,3,5,40.0,0,134.92753623188406,105.6923076923077,105.6923076923077,120.74626865671642,18.217054263565892,134,2023
3,2,3,5,50.0,0,0.0,180.78947368421052,0.0,82.7710843373494,12.209302325581396,83,2023
3,2,3,6,0.0,0,98.66096866096866,62.67806267806268,62.67806267806268,80.66951566951568,45.348837209302324,702,2023
3,2,3,6,10.0,0,111.3265306122449,61.320132013201324,61.320132013201324,85.9463986599665,44.57364341085271,597,2023
3,2,3,6,20.0,0,116.39784946236558,53.865979381443296,53.865979381443296,84.47368421052632,38.565891472868216,380,2023
3,2,3,6,30.0,0,107.26495726495726,87.81512605042016,87.81512605042016,97.45762711864407,29.069767441860463,236,2023
3,2,3,6,40.0,0,125.8108108108108,99.56521739130434,99.56521739130434,113.14685314685315,19.186046511627907,143,2023
3,2,3,6,50.0,0,0.0,171.75,0.0,76.33333333333333,12.984496124031008,90,2023
3,2,3,7,0.0,0,94.61748633879782,69.91666666666667,69.91666666666667,82.36914600550965,46.89922480620155,726,2023
3,2,3,7,10.0,0,105.92233009708738,69.71153846153847,69.71153846153847,87.72946859903382,46.12403100775194,621,2023
3,2,3,7,20.0,0,108.25,67.0935960591133,67.0935960591133,87.51861042183623,40.116279069767444,403,2023
3,2,3,7,30.0,0,96.53846153846153,108.0952380952381,96.53846153846153,102.2265625,30.62015503875969,256,2023
3,2,3,7,40.0,0,109.52941176470588,91.6,91.6,101.125,20.348837209302324,160,2023
3,2,3,7,50.0,0,0.0,149.34782608695653,0.0,65.42857142857143,14.147286821705427,105,2023
3,2,4,5,0.0,0,132.83018867924528,31.333333333333332,31.333333333333332,83.55987055016182,19.96124031007752,309,2023
3,2,4,5,10.0,0,144.39716312056737,27.33812949640288,27.33812949640288,86.28571428571429,19.767441860465116,280,2023
3,2,4,5,20.0,0,166.74157303370785,0.0,0.0,78.93617021276596,18.410852713178294,188,2023
3,2,4,5,30.0,0,232.40740740740742,0.0,0.0,105.46218487394958,14.534883720930232,119,2023
3,2,4,5,40.0,0,282.1212121212121,0.0,0.0,131.1267605633803,9.689922480620154,71,2023
3,2,4,5,50.0,0,0.0,0.0,0.0,0.0,7.170542635658915,48,2023
3,2,4,6,0.0,0,132.16374269005848,50.18181818181818,50.18181818181818,91.9047619047619,21.705426356589147,336,2023
3,2,4,6,10.0,0,142.7450980392157,47.922077922077925,47.922077922077925,95.17915309446254,21.511627906976745,307,2023
3,2,4,6,20.0,0,149.8989898989899,31.68141592920354,31.68141592920354,86.88679245283019,20.155038759689923,212,2023
3,2,4,6,30.0,0,196.09375,48.37837837837838,48.37837837837838,116.8840579710145,16.27906976744186,138,2023
3,2,4,6,40.0,0,245.0,0.0,0.0,116.375,10.65891472868217,80,2023
3,2,4,6,50.0,0,0.0,0.0,0.0,0.0,7.945736434108527,55,2023
3,2,4,7,0.0,0,121.50537634408602,65.80459770114942,65.80459770114942,94.58333333333333,23.25581395348837,360,2023
3,2,4,7,10.0,0,130.0,64.7239263803681,64.7239263803681,97.85498489425981,23.06201550387597,331,2023
3,2,4,7,20.0,0,131.32743362831857,55.32786885245902,55.32786885245902,91.87234042553192,21.705426356589147,235,2023
3,2,4,7,30.0,0,162.98701298701297,83.33333333333333,83.33333333333333,122.15189873417721,17.829457364341085,158,2023
3,2,4,7,40.0,0,190.0,0.0,0.0,95.97938144329896,11.821705426356589,97,2023
3,2,4,7,50.0,0,0.0,0.0,0.0,0.0,9.108527131782946,70,2023
3,3,2,5,0.0,1,100.95238095238095,65.51666666666667,65.51666666666667,83.05555555555556,76.74418604651163,1188,2023
3,3,2,5,10.0,1,108.17805383022774,59.558232931726906,59.558232931726906,83.49643221202854,75.0,981,2023
3,3,2,5,20.0,1,134.58041958041957,49.355932203389834,49.355932203389834,91.30808950086059,63.75968992248062,581,2023
3,3,2,5,30.0,0,117.11764705882354,57.166666666666664,57.166666666666664,86.28571428571429,45.542635658914726,350,2023
3,3,2,5,40.0,0,128.20754716981133,64.81132075471699,64.81132075471699,96.50943396226415,30.62015503875969,212,2023
3,3,2,5,50.0,0,0.0,110.80645161290323,0.0,52.44274809160305,20.54263565891473,131,2023
3,3,2,6,0.0,1,99.41176470588235,68.40510366826156,68.40510366826156,83.72074253430186,80.03875968992249,1239,2023
3,3,2,6,10.0,1,105.97633136094674,63.31428571428572,63.31428571428572,84.27325581395348,78.29457364341086,1032,2023
3,3,2,6,20.0,1,125.7843137254902,57.40506329113924,57.40506329113924,91.04501607717042,67.05426356589147,622,2023
3,3,2,6,30.0,0,104.78947368421052,71.49484536082474,71.49484536082474,87.96875,48.64341085271318,384,2023
3,3,2,6,40.0,0,114.2016806722689,60.796460176991154,60.796460176991154,88.1896551724138,32.945736434108525,232,2023
3,3,2,6,50.0,0,0.0,105.6923076923077,0.0,47.37931034482759,22.286821705426355,145,2023
3,3,2,7,0.0,1,95.21126760563381,71.4108527131783,71.4108527131783,83.25545171339564,82.94573643410853,1284,2023
3,3,2,7,10.0,1,100.61797752808988,67.05340699815838,67.05340699815838,83.69545032497679,81.2015503875969,1077,2023
3,3,2,7,20.0,1,116.28398791540785,63.993993993993996,63.993993993993996,90.06024096385542,69.96124031007751,664,2023
3,3,2,7,30.0,0,94.36018957345972,81.5311004784689,81.5311004784689,87.97619047619048,51.55038759689923,420,2023
3,3,2,7,40.0,0,99.92647058823529,54.523809523809526,54.523809523809526,78.09160305343511,35.46511627906977,262,2023
3,3,2,7,50.0,0,0.0,91.6,0.0,40.892857142857146,24.41860465116279,168,2023
3,3,3,5,0.0,0,102.37089201877934,53.521126760563384,53.521126760563384,77.94600938967136,55.03875968992248,852,2023
3,3,3,5,10.0,0,113.50974930362116,52.80653950953678,52.80653950953678,82.8236914600551,54.263565891472865,726,2023
3,3,3,5,20.0,0,139.0625,39.08695652173913,39.08695652173913,88.41409691629956,47.48062015503876,454,2023
3,3,3,5,30.0,0,124.66666666666667,46.734693877551024,46.734693877551024,84.04255319148936,35.65891472868217,282,2023
3,3,3,5,40.0,0,156.20689655172413,75.49450549450549,75.49450549450549,114.9438202247191,24.224806201550386,178,2023
3,3,3,5,50.0,0,0.0,127.22222222222223,0.0,63.027522935779814,16.472868217054263,109,2023
3,3,3,6,0.0,0,100.2,58.23399558498896,58.23399558498896,79.14728682170542,58.333333333333336,903,2023
3,3,3,6,10.0,0,110.26109660574413,58.2741116751269,58.2741116751269,83.8996138996139,57.55813953488372,777,2023
3,3,3,6,20.0,0,127.6639344262295,50.0796812749004,50.0796812749004,88.32323232323232,50.775193798449614,495,2023
3,3,3,6,30.0,0,108.58064516129032,64.90683229813665,64.90683229813665,86.32911392405063,38.75968992248062,316,2023
3,3,3,6,40.0,0,135.9,70.10204081632654,70.10204081632654,103.33333333333333,26.550387596899224,198,2023
3,3,3,6,50.0,0,0.0,120.52631578947368,0.0,55.853658536585364,18.217054263565892,123,2023
3,3,3,7,0.0,1,94.52830188679245,62.738853503184714,62.738853503184714,78.73417721518987,61.24031007751938,948,2023
3,3,3,7,10.0,1,103.0,63.422330097087375,63.422330097087375,83.16301703163018,60.46511627906977,822,2023
3,3,3,7,20.0,0,115.79925650557621,58.73134328358209,58.73134328358209,87.31843575418995,53.68217054263566,537,2023
3,3,3,7,30.0,0,95.625,77.38636363636364,77.38636363636364,86.50568181818181,41.666666666666664,352,2023
3,3,3,7,40.0,0,116.15384615384616,61.891891891891895,61.891891891891895,89.73684210526316,29.069767441860463,228,2023
3,3,3,7,50.0,0,0.0,102.53731343283582,0.0,47.054794520547944,20.348837209302324,146,2023
3,3,4,5,0.0,0,128.3739837398374,37.833333333333336,37.833333333333336,83.66255144032922,31.3953488372093,486,2023
3,3,4,5,10.0,0,136.9724770642202,37.522935779816514,37.522935779816514,87.24770642201835,31.2015503875969,436,2023
3,3,4,5,20.0,0,177.66423357664235,14.228187919463087,14.228187919463087,92.51748251748252,29.069767441860463,286,2023
3,3,4,5,30.0,0,205.2439024390244,0.0,0.0,91.46739130434783,22.868217054263567,184,2023
3,3,4,5,40.0,0,266.47058823529414,0.0,0.0,118.17391304347827,15.69767441860465,115,2023
3,3,4,5,50.0,0,0.0,0.0,0.0,0.0,11.434108527131784,74,2023
3,3,4,6,0.0,0,122.44444444444444,47.41573033707865,47.41573033707865,85.13966480446928,34.689922480620154,537,2023
3,3,4,6,10.0,0,129.50413223140495,48.0,48.0,88.50102669404518,34.49612403100775,487,2023
3,3,4,6,20.0,0,155.03184713375796,33.529411764705884,33.529411764705884,91.86544342507645,32.36434108527132,327,2023
3,3,4,6,30.0,0,165.0,30.862068965517242,30.862068965517242,93.62385321100918,25.968992248062015,218,2023
3,3,4,6,40.0,0,212.34375,0.0,0.0,100.66666666666667,18.023255813953487,135,2023
3,3,4,6,50.0,0,0.0,0.0,0.0,0.0,13.178294573643411,88,2023
3,3,4,7,0.0,0,111.31313131313131,55.54385964912281,55.54385964912281,84.00343642611683,37.5968992248062,582,2023
3,3,4,7,10.0,0,116.50557620817844,56.7680608365019,56.7680608365019,86.97368421052632,37.4031007751938,532,2023
3,3,4,7,20.0,0,133.73626373626374,47.4331550802139,47.4331550802139,90.0,35.27131782945737,369,2023
3,3,4,7,30.0,0,136.82926829268294,51.52671755725191,51.52671755725191,92.83464566929133,28.875968992248062,254,2023
3,3,4,7,40.0,0,167.77777777777777,0.0,0.0,82.36363636363636,20.54263565891473,165,2023
3,3,4,7,50.0,0,0.0,0.0,0.0,0.0,15.310077519379846,111,2023
5,1,2,5,0.0,0,91.98260869565217,82.67924528301887,82.67924528301887,87.52036199095022,42.82945736434109,1105,2023
5,1,2,5,10.0,0,95.24193548387096,75.1923076923077,75.1923076923077,85.50829875518673,42.63565891472868,964,2023
5,1,2,5,20.0,0,90.75581395348837,73.14641744548287,73.14641744548287,82.25563909774436,41.666666666666664,665,2023
5,1,2,5,30.0,0,82.04918032786885,92.29665071770334,82.04918032786885,86.77704194260485,38.565891472868216,453,2023
5,1,2,5,40.0,0,80.29069767441861,34.02877697841727,34.02877697841727,59.61414790996785,32.17054263565891,311,2023
5,1,2,5,50.0,0,0.0,0.0,0.0,0.0,26.550387596899224,219,2023
5,1,2,6,0.0,0,92.15254237288136,82.67924528301887,82.67924528301887,87.66964285714286,43.41085271317829,1120,2023
5,1,2,6,10.0,0,95.34246575342466,75.1923076923077,75.1923076923077,85.70990806945863,43.21705426356589,979,2023
5,1,2,6,20.0,0,87.20670391061452,73.14641744548287,73.14641744548287,80.55964653902798,42.248062015503876,679,2023
5,1,2,6,30.0,0,77.59689922480621,92.29665071770334,77.59689922480621,84.17558886509636,39.14728682170543,467,2023
5,1,2,6,40.0,0,76.72222222222223,34.02877697841727,34.02877697841727,58.11912225705329,32.751937984496124,319,2023
5,1,2,6,50.0,0,0.0,0.0,0.0,0.0,27.131782945736433,227,2023
5,1,2,7,0.0,0,90.61666666666666,81.90654205607477,81.90654205607477,86.51101321585904,43.992248062015506,1135,2023
5,1,2,7,10.0,0,93.51247600767755,74.39746300211416,74.39746300211416,84.41649899396378,43.798449612403104,994,2023
5,1,2,7,20.0,0,84.83695652173913,72.02453987730061,72.02453987730061,78.81844380403459,42.82945736434109,694,2023
5,1,2,7,30.0,0,74.70149253731343,90.14018691588785,74.70149253731343,81.55601659751038,39.72868217054263,482,2023
5,1,2,7,40.0,0,72.6842105263158,32.84722222222222,32.84722222222222,55.50898203592814,33.333333333333336,334,2023
5,1,2,7,50.0,0,0.0,0.0,0.0,0.0,27.713178294573645,242,2023
5,1,3,5,0.0,0,94.39344262295081,40.625,40.625,70.71559633027523,21.124031007751938,545,2023
5,1,3,5,10.0,0,100.32967032967034,32.52212389380531,32.52212389380531,69.61923847695391,20.930232558139537,499,2023
5,1,3,5,20.0,0,100.72815533980582,28.154761904761905,28.154761904761905,68.1283422459893,20.930232558139537,374,2023
5,1,3,5,30.0,0,91.45695364238411,39.747899159663866,39.747899159663866,68.66666666666667,20.155038759689923,270,2023
5,1,3,5,40.0,0,127.87037037037037,55.64705882352941,55.64705882352941,96.06217616580311,17.829457364341085,193,2023
5,1,3,5,50.0,0,0.0,0.0,0.0,0.0,15.116279069767442,136,2023
5,1,3,6,0.0,0,94.59375,40.625,40.625,71.46428571428571,21.705426356589147,560,2023
5,1,3,6,10.0,0,100.24305555555556,32.52212389380531,32.52212389380531,70.46692607003891,21.511627906976745,514,2023
5,1,3,6,20.0,0,94.31818181818181,28.154761904761905,28.154761904761905,65.6701030927835,21.511627906976745,388,2023
5,1,3,6,30.0,0,83.6969696969697,39.747899159663866,39.747899159663866,65.28169014084507,20.73643410852713,284,2023
5,1,3,6,40.0,0,119.05172413793103,55.64705882352941,55.64705882352941,92.23880597014926,18.410852713178294,201,2023
5,1,3,6,50.0,0,0.0,0.0,0.0,0.0,15.69767441860465,144,2023
5,1,3,7,0.0,0,91.72727272727273,39.795918367346935,39.795918367346935,69.6,22.286821705426355,575,2023
5,1,3,7,10.0,0,96.87919463087249,31.818181818181817,31.818181818181817,68.468809073724,22.093023255813954,529,2023
5,1,3,7,20.0,0,90.21739130434783,27.341040462427745,27.341040462427745,63.225806451612904,22.093023255813954,403,2023
5,1,3,7,30.0,0,78.91428571428571,38.145161290322584,38.145161290322584,62.0066889632107,21.31782945736434,299,2023
5,1,3,7,40.0,0,109.60317460317461,52.55555555555556,52.55555555555556,85.83333333333333,18.992248062015506,216,2023
5,1,3,7,50.0,0,0.0,0.0,0.0,0.0,16.27906976744186,159,2023
5,1,4,5,0.0,0,110.34482758620689,22.105263157894736,22.105263157894736,75.41666666666667,9.30232558139535,240,2023
5,1,4,5,10.0,0,113.73134328358209,12.76595744680851,12.76595744680851,72.10526315789474,9.30232558139535,228,2023
5,1,4,5,20.0,0,114.85148514851485,0.0,0.0,65.9090909090909,9.30232558139535,176,2023
5,1,4,5,30.0,0,133.0,0.0,0.0,70.53030303030303,9.30232558139535,132,2023
5,1,4,5,40.0,0,172.40740740740742,0.0,0.0,92.17821782178218,8.527131782945736,101,2023
5,1,4,5,50.0,0,0.0,0.0,0.0,0.0,7.751937984496124,75,2023
5,1,4,6,0.0,0,109.25,22.105263157894736,22.105263157894736,76.7843137254902,9.883720930232558,255,2023
5,1,4,6,10.0,0,112.21476510067114,12.76595744680851,12.76595744680851,73.7448559670782,9.883720930232558,243,2023
5,1,4,6,20.0,0,100.8695652173913,0.0,0.0,61.05263157894737,9.883720930232558,190,2023
5,1,4,6,30.0,0,110.83333333333333,0.0,0.0,63.76712328767123,9.883720930232558,146,2023
5,1,4,6,40.0,0,150.16129032258064,0.0,0.0,85.41284403669725,9.108527131782946,109,2023
5,1,4,6,50.0,0,0.0,0.0,0.0,0.0,8.333333333333334,83,2023
5,1,4,7,0.0,0,102.82352941176471,21.0,21.0,72.51851851851852,10.465116279069768,270,2023
5,1,4,7,10.0,0,105.15723270440252,12.121212121212121,12.121212121212121,69.45736434108527,10.465116279069768,258,2023
5,1,4,7,20.0,0,92.8,0.0,0.0,56.58536585365854,10.465116279069768,205,2023
5,1,4,7,30.0,0,99.04255319148936,0.0,0.0,57.82608695652174,10.465116279069768,161,2023
5,1,4,7,40.0,0,129.30555555555554,0.0,0.0,75.08064516129032,9.689922480620154,124,2023
5,1,4,7,50.0,0,0.0,0.0,0.0,0.0,8.914728682170542,98,2023
5,2,2,5,0.0,1,100.9940119760479,67.31764705882352,67.31764705882352,84.00593471810089,65.31007751937985,1685,2023
5,2,2,5,10.0,1,107.53782668500688,63.25797872340426,63.25797872340426,85.0236646382691,65.11627906976744,1479,2023
5,2,2,5,20.0,1,112.33463035019456,57.48106060606061,57.48106060606061,84.53934740882917,63.95348837209303,1042,2023
5,2,2,5,30.0,0,115.71030640668523,75.17241379310344,75.17241379310344,95.75671852899576,59.689922480620154,707,2023
5,2,2,5,40.0,0,128.36,48.9451476793249,48.9451476793249,89.71252566735113,50.1937984496124,487,2023
5,2,2,5,50.0,0,101.55555555555556,41.890243902439025,41.890243902439025,73.11046511627907,41.666666666666664,344,2023
5,2,2,6,0.0,1,100.3625730994152,69.48571428571428,69.48571428571428,84.74566473988439,67.05426356589147,1730,2023
5,2,2,6,10.0,1,106.63989290495314,65.83011583011583,65.83011583011583,85.83333333333333,66.86046511627907,1524,2023
5,2,2,6,20.0,1,108.53383458646617,61.578947368421055,61.578947368421055,84.64450600184672,65.69767441860465,1083,2023
5,2,2,6,30.0,1,110.18567639257294,81.47945205479452,81.47945205479452,96.06469002695418,61.434108527131784,742,2023
5,2,2,6,40.0,0,122.48091603053435,46.774193548387096,46.774193548387096,85.66666666666667,51.93798449612403,510,2023
5,2,2,6,50.0,0,95.20833333333333,39.94186046511628,39.94186046511628,69.0934065934066,43.41085271317829,364,2023
5,2,2,7,0.0,1,97.51136363636364,71.87640449438203,71.87640449438203,84.62146892655367,68.6046511627907,1770,2023
5,2,2,7,10.0,1,103.18652849740933,68.58585858585859,68.58585858585859,85.66496163682865,68.4108527131783,1564,2023
5,2,2,7,20.0,1,103.84892086330935,65.54770318021201,65.54770318021201,84.52762923351159,67.24806201550388,1122,2023
5,2,2,7,30.0,1,103.85,87.06349206349206,87.06349206349206,95.69408740359897,62.98449612403101,778,2023
5,2,2,7,40.0,0,113.39222614840989,44.61538461538461,44.61538461538461,80.46040515653776,53.48837209302326,543,2023
5,2,2,7,50.0,0,86.63507109004739,37.540983606557376,37.540983606557376,63.83248730964467,44.96124031007752,394,2023
5,2,3,5,0.0,0,106.60176991150442,41.339285714285715,41.339285714285715,74.11555555555556,43.604651162790695,1125,2023
5,2,3,5,10.0,0,115.73412698412699,38.68627450980392,38.68627450980392,76.98224852071006,43.41085271317829,1014,2023
5,2,3,5,20.0,0,125.71808510638297,30.933333333333334,30.933333333333334,78.38881491344874,43.21705426356589,751,2023
5,2,3,5,30.0,0,132.81954887218046,44.96124031007752,44.96124031007752,89.56106870229007,41.27906976744186,524,2023
5,2,3,5,40.0,0,172.5268817204301,63.387978142076506,63.387978142076506,118.40108401084011,35.85271317829457,369,2023
5,2,3,5,50.0,0,138.4848484848485,53.25581395348837,53.25581395348837,96.36015325670498,30.232558139534884,261,2023
5,2,3,6,0.0,0,105.48717948717949,45.69230769230769,45.69230769230769,75.58974358974359,45.348837209302324,1170,2023
5,2,3,6,10.0,0,114.1412213740458,43.570093457943926,43.570093457943926,78.48914069877243,45.15503875968992,1059,2023
5,2,3,6,20.0,0,119.9746192893401,38.14070351758794,38.14070351758794,78.8510101010101,44.96124031007752,792,2023
5,2,3,6,30.0,0,124.40140845070422,55.2,55.2,90.3577817531306,43.02325581395349,559,2023
5,2,3,6,40.0,0,162.07070707070707,59.79381443298969,59.79381443298969,111.45408163265306,37.5968992248062,392,2023
5,2,3,6,50.0,0,126.94444444444444,50.14598540145985,50.14598540145985,89.5017793594306,31.976744186046513,281,2023
5,2,3,7,0.0,0,101.1639344262295,49.833333333333336,49.833333333333336,75.7107438016529,46.89922480620155,1210,2023
5,2,3,7,10.0,0,108.94353369763206,48.14545454545455,48.14545454545455,78.51683348498635,46.70542635658915,1099,2023
5,2,3,7,20.0,0,113.08612440191388,44.430992736077485,44.430992736077485,78.96510228640193,46.51162790697674,831,2023
5,2,3,7,30.0,0,115.0814332247557,63.71527777777778,63.71527777777778,90.21848739495799,44.57364341085271,595,2023
5,2,3,7,40.0,0,146.5296803652968,56.310679611650485,56.310679611650485,102.8,39.14728682170543,425,2023
5,2,3,7,50.0,0,112.14723926380368,46.41891891891892,46.41891891891892,80.86816720257235,33.52713178294574,311,2023
5,2,4,5,0.0,0,148.67924528301887,18.8,18.8,85.63106796116504,19.96124031007752,515,2023
5,2,4,5,10.0,0,157.0731707317073,15.899581589958158,15.899581589958158,87.50515463917526,19.96124031007752,485,2023
5,2,4,5,20.0,0,180.98360655737704,0.0,0.0,88.79356568364611,19.96124031007752,373,2023
5,2,4,5,30.0,0,240.859375,0.0,0.0,116.33962264150944,19.767441860465116,265,2023
5,2,4,5,40.0,0,299.89130434782606,0.0,0.0,140.76530612244898,18.023255813953487,196,2023
5,2,4,5,50.0,0,268.8235294117647,0.0,0.0,127.83216783216783,15.891472868217054,143,2023
5,2,4,6,0.0,0,143.43859649122808,30.10909090909091,30.10909090909091,87.78571428571429,21.705426356589147,560,2023
5,2,4,6,10.0,0,150.82706766917292,27.954545454545453,27.954545454545453,89.62264150943396,21.705426356589147,530,2023
5,2,4,6,20.0,0,164.77611940298507,16.8075117370892,16.8075117370892,88.64734299516908,21.705426356589147,414,2023
5,2,4,6,30.0,0,211.16438356164383,23.246753246753247,23.246753246753247,114.7,21.511627906976745,300,2023
5,2,4,6,40.0,0,265.28846153846155,0.0,0.0,125.98173515981735,19.767441860465116,219,2023
5,2,4,6,50.0,0,228.5,0.0,0.0,112.14723926380368,17.635658914728683,163,2023
5,2,4,7,0.0,0,131.8709677419355,39.48275862068966,39.48275862068966,87.21666666666667,23.25581395348837,600,2023
5,2,4,7,10.0,0,137.86941580756013,37.81362007168459,37.81362007168459,88.89473684210526,23.25581395348837,570,2023
5,2,4,7,20.0,0,147.2,29.605263157894736,29.605263157894736,88.01324503311258,23.25581395348837,453,2023
5,2,4,7,30.0,0,182.42603550295857,40.41916167664671,40.41916167664671,111.8452380952381,23.06201550387597,336,2023
5,2,4,7,40.0,0,220.72,0.0,0.0,109.48412698412699,21.31782945736434,252,2023
5,2,4,7,50.0,0,184.64646464646464,0.0,0.0,94.71502590673575,19.186046511627907,193,2023
5,3,2,5,0.0,1,100.8265306122449,74.03,74.03,87.29292929292929,76.74418604651163,1980,2023
5,3,2,5,10.0,1,106.38051044083527,72.25589225589225,72.25589225589225,89.03593839132915,76.55038759689923,1753,2023
5,3,2,5,20.0,1,115.869918699187,70.82018927444796,70.82018927444796,93.00240192153723,75.3875968992248,1249,2023
5,3,2,5,30.0,1,115.90697674418605,83.0184331797235,83.0184331797235,99.38657407407408,70.54263565891473,864,2023
5,3,2,5,40.0,0,134.63333333333333,72.04697986577182,72.04697986577182,103.4448160535117,60.27131782945737,598,2023
5,3,2,5,50.0,0,85.82159624413146,61.256038647343,61.256038647343,73.71428571428571,50.1937984496124,420,2023
5,3,2,6,0.0,1,98.32352941176471,74.26794258373205,74.26794258373205,86.1501210653753,80.03875968992249,2065,2023
5,3,2,6,10.0,1,103.30376940133037,72.6068376068376,72.6068376068376,87.67138193688793,79.84496124031008,1838,2023
5,3,2,6,20.0,1,109.46236559139786,72.14285714285714,72.14285714285714,90.50642479213907,78.68217054263566,1323,2023
5,3,2,6,30.0,1,107.18279569892474,85.55075593952483,85.55075593952483,96.39008620689656,73.83720930232558,928,2023
5,3,2,6,40.0,1,124.27692307692308,67.72870662460568,67.72870662460568,96.35514018691589,63.565891472868216,642,2023
5,3,2,6,50.0,0,78.11965811965813,58.1651376146789,58.1651376146789,68.49557522123894,53.29457364341085,452,2023
5,3,2,7,0.0,1,94.16901408450704,75.14418604651163,75.14418604651163,84.61214953271028,82.94573643410853,2140,2023
5,3,2,7,10.0,1,98.39493136219642,73.63354037267081,73.63354037267081,85.89127025614218,82.75193798449612,1913,2023
5,3,2,7,20.0,1,102.68011527377521,73.68045649072754,73.68045649072754,88.10752688172043,81.5891472868217,1395,2023
5,3,2,7,30.0,1,98.88888888888889,87.3061224489796,87.3061224489796,93.17907444668008,76.74418604651163,994,2023
5,3,2,7,40.0,1,112.50696378830084,62.77777777777778,62.77777777777778,88.2453637660485,66.47286821705427,701,2023
5,3,2,7,50.0,0,69.50570342205323,53.27731092436975,53.27731092436975,61.796407185628745,56.201550387596896,501,2023
5,3,3,5,0.0,0,105.22535211267606,56.28169014084507,56.28169014084507,80.75352112676056,55.03875968992248,1420,2023
5,3,3,5,10.0,0,112.44131455399061,56.3020030816641,56.3020030816641,84.15372670807453,54.84496124031008,1288,2023
5,3,3,5,20.0,0,127.44234800838575,54.36590436590436,54.36590436590436,90.75156576200418,54.651162790697676,958,2023
5,3,3,5,30.0,0,129.4658753709199,62.41279069767442,62.41279069767442,95.59471365638767,52.13178294573643,681,2023
5,3,3,5,40.0,0,171.14406779661016,87.99180327868852,87.99180327868852,128.875,45.93023255813954,480,2023
5,3,3,5,50.0,0,110.78787878787878,73.72093023255815,73.72093023255815,91.86943620178042,38.75968992248062,337,2023
5,3,3,6,0.0,0,101.58666666666667,57.66887417218543,57.66887417218543,79.55481727574751,58.333333333333336,1505,2023
5,3,3,6,10.0,0,107.99705449189985,57.809798270893374,57.809798270893374,82.62927895120175,58.13953488372093,1373,2023
5,3,3,6,20.0,0,118.4990253411306,57.283236994219656,57.283236994219656,87.71317829457364,57.945736434108525,1032,2023
5,3,3,6,30.0,0,117.28494623655914,67.15817694369973,67.15817694369973,92.18791946308725,55.42635658914729,745,2023
5,3,3,6,40.0,0,154.75095785440612,81.63498098859316,81.63498098859316,118.05343511450381,49.224806201550386,524,2023
5,3,3,6,50.0,0,98.27956989247312,69.2896174863388,69.2896174863388,83.90243902439025,41.86046511627907,369,2023
5,3,3,7,0.0,1,95.83647798742139,59.503184713375795,59.503184713375795,77.78481012658227,61.24031007751938,1580,2023
5,3,3,7,10.0,1,101.28453038674033,59.79281767955801,59.79281767955801,80.53867403314918,61.04651162790697,1448,2023
5,3,3,7,20.0,1,109.33453237410072,60.03649635036496,60.03649635036496,84.86413043478261,60.85271317829457,1104,2023
5,3,3,7,30.0,0,106.15571776155718,70.55,70.55,88.59432799013564,58.333333333333336,811,2023
5,3,3,7,40.0,0,136.91525423728814,74.54861111111111,74.54861111111111,106.10634648370497,52.13178294573643,583,2023
5,3,3,7,50.0,0,85.02325581395348,62.46305418719212,62.46305418719212,74.06698564593302,44.76744186046512,418,2023
5,3,4,5,0.0,0,131.41463414634146,53.775,53.775,93.07407407407408,31.3953488372093,810,2023
5,3,4,5,10.0,0,136.9028871391076,54.523809523809526,54.523809523809526,95.87615283267458,31.3953488372093,759,2023
5,3,4,5,20.0,0,164.22535211267606,49.1554054054054,49.1554054054054,105.5,31.3953488372093,580,2023
5,3,4,5,30.0,0,196.63316582914572,44.26008968609865,44.26008968609865,116.11374407582939,30.62015503875969,422,2023
5,3,4,5,40.0,0,252.74647887323943,59.81818181818182,59.81818181818182,149.05537459283389,28.100775193798448,307,2023
5,3,4,5,50.0,0,180.990099009901,49.23728813559322,49.23728813559322,110.0,24.41860465116279,219,2023
5,3,4,6,0.0,0,123.02222222222223,56.38202247191011,56.38202247191011,89.88826815642459,34.689922480620154,895,2023
5,3,4,6,10.0,0,127.41092636579573,57.18676122931442,57.18676122931442,92.21563981042654,34.689922480620154,844,2023
5,3,4,6,20.0,0,145.75,54.2814371257485,54.2814371257485,99.03669724770643,34.689922480620154,654,2023
5,3,4,6,30.0,0,167.22222222222223,53.37301587301587,53.37301587301587,108.18930041152264,33.91472868217054,486,2023
5,3,4,6,40.0,0,214.91017964071855,53.641304347826086,53.641304347826086,130.37037037037038,31.3953488372093,351,2023
5,3,4,6,50.0,0,149.8360655737705,45.03875968992248,45.03875968992248,95.97609561752988,27.51937984496124,251,2023
5,3,4,7,0.0,0,111.83838383838383,59.49473684210526,59.49473684210526,86.20618556701031,37.5968992248062,970,2023
5,3,4,7,10.0,0,115.10729613733906,60.397350993377486,60.397350993377486,88.13928182807399,37.5968992248062,919,2023
5,3,4,7,20.0,0,128.4848484848485,58.67768595041322,58.67768595041322,93.58126721763085,37.5968992248062,726,2023
5,3,4,7,30.0,0,143.33333333333334,59.56989247311828,59.56989247311828,100.9963768115942,36.82170542635659,552,2023
5,3,4,7,40.0,0,178.55721393034827,47.22488038277512,47.22488038277512,111.60975609756098,34.30232558139535,410,2023
5,3,4,7,50.0,0,121.05960264900662,38.993288590604024,38.993288590604024,80.3,30.426356589147286,300,2023
8,1,2,5,0.0,0,74.74945533769063,83.9622641509434,74.74945533769063,79.17327293318233,42.82945736434109,1766,2023
8,1,2,5,10.0,0,75.32296650717703,79.80867346938776,75.32296650717703,77.49382716049382,42.82945736434109,1620,2023
8,1,2,5,20.0,0,64.73846153846154,82.43111831442464,64.73846153846154,73.35438042620363,42.63565891472868,1267,2023
8,1,2,5,30.0,0,55.416666666666664,102.34649122807018,55.416666666666664,77.70833333333333,42.63565891472868,960,2023
8,1,2,5,40.0,0,48.671875,95.56547619047619,48.671875,70.55555555555556,42.44186046511628,720,2023
8,1,2,5,50.0,0,0.0,92.32,0.0,42.50460405156538,40.50387596899225,543,2023
8,1,2,6,0.0,0,74.41613588110404,83.9622641509434,74.41613588110404,78.93854748603351,43.41085271317829,1790,2023
8,1,2,6,10.0,0,74.94186046511628,79.80867346938776,74.94186046511628,77.26277372262774,43.41085271317829,1644,2023
8,1,2,6,20.0,0,62.5260029717682,82.43111831442464,62.5260029717682,72.04651162790698,43.21705426356589,1290,2023
8,1,2,6,30.0,0,52.99810246679317,102.34649122807018,52.99810246679317,75.89013224821973,43.21705426356589,983,2023
8,1,2,6,40.0,0,46.60847880299252,95.56547619047619,46.60847880299252,68.9280868385346,43.02325581395349,737,2023
8,1,2,6,50.0,0,0.0,92.32,0.0,41.36200716845878,41.08527131782946,558,2023
8,1,2,7,0.0,0,73.17327766179541,83.17757009345794,73.17327766179541,77.8941565600882,43.992248062015506,1814,2023
8,1,2,7,10.0,0,73.5730593607306,79.00252525252525,73.5730593607306,76.15107913669065,43.992248062015506,1668,2023
8,1,2,7,20.0,0,61.07402031930334,81.376,61.07402031930334,70.73059360730593,43.798449612403104,1314,2023
8,1,2,7,30.0,0,51.53136531365314,100.58189655172414,51.53136531365314,74.15506958250496,43.798449612403104,1006,2023
8,1,2,7,40.0,0,44.92788461538461,93.34302325581395,44.92788461538461,66.84210526315789,43.604651162790695,760,2023
8,1,2,7,50.0,0,0.0,89.45736434108527,0.0,39.72461273666093,41.666666666666664,581,2023
8,1,3,5,0.0,0,81.5843621399177,54.244791666666664,54.244791666666664,69.51724137931035,21.124031007751938,870,2023
8,1,3,5,10.0,0,84.43708609271523,49.810810810810814,49.810810810810814,68.86998784933171,21.124031007751938,823,2023
8,1,3,5,20.0,0,83.62433862433862,51.33116883116883,51.33116883116883,69.12536443148689,20.930232558139537,686,2023
8,1,3,5,30.0,0,72.88590604026845,65.875,65.875,69.75836431226766,20.930232558139537,538,2023
8,1,3,5,40.0,0,79.19491525423729,83.65079365079364,79.19491525423729,81.17647058823529,20.930232558139537,425,2023
8,1,3,5,50.0,0,0.0,47.41258741258741,0.0,20.990712074303406,19.96124031007752,323,2023
8,1,3,6,0.0,0,80.6470588235294,54.244791666666664,54.244791666666664,69.30648769574944,21.705426356589147,894,2023
8,1,3,6,10.0,0,83.29140461215933,49.810810810810814,49.810810810810814,68.66587957497049,21.705426356589147,847,2023
8,1,3,6,20.0,0,78.82793017456359,51.33116883116883,51.33116883116883,66.88293370944993,21.511627906976745,709,2023
8,1,3,6,30.0,0,67.66355140186916,65.875,65.875,66.89839572192513,21.511627906976745,561,2023
8,1,3,6,40.0,0,73.87351778656127,83.65079365079364,73.87351778656127,78.05429864253394,21.511627906976745,442,2023
8,1,3,6,50.0,0,0.0,47.41258741258741,0.0,20.059171597633135,20.54263565891473,338,2023
8,1,3,7,0.0,0,78.19391634980988,53.13775510204081,53.13775510204081,67.49455337690632,22.286821705426355,918,2023
8,1,3,7,10.0,0,80.58823529411765,48.75661375661376,48.75661375661376,66.77382319173364,22.286821705426355,871,2023
8,1,3,7,20.0,0,75.80335731414868,50.03164556962025,50.03164556962025,64.69304229195089,22.093023255813954,733,2023
8,1,3,7,30.0,0,64.64285714285714,63.75,63.75,64.26369863013699,22.093023255813954,584,2023
8,1,3,7,40.0,0,69.73880597014926,80.25380710659898,69.73880597014926,74.19354838709677,22.093023255813954,465,2023
8,1,3,7,50.0,0,0.0,44.90066225165563,0.0,18.781163434903046,21.124031007751938,361,2023
8,1,4,5,0.0,0,103.0603448275862,86.71052631578948,86.71052631578948,96.58854166666667,9.30232558139535,384,2023
8,1,4,5,10.0,0,104.75113122171946,81.32450331125828,81.32450331125828,95.24193548387096,9.30232558139535,372,2023
8,1,4,5,20.0,0,104.33155080213903,84.58015267175573,84.58015267175573,96.19496855345912,9.30232558139535,318,2023
8,1,4,5,30.0,0,116.35135135135135,97.19298245614036,97.19298245614036,108.01526717557252,9.30232558139535,262,2023
8,1,4,5,40.0,0,119.24369747899159,115.41666666666667,115.41666666666667,117.53488372093024,9.30232558139535,215,2023
8,1,4,5,50.0,0,0.0,91.62162162162163,0.0,41.851851851851855,9.108527131782946,162,2023
8,1,4,6,0.0,0,99.1796875,86.71052631578948,86.71052631578948,94.5343137254902,9.883720930232558,408,2023
8,1,4,6,10.0,0,100.53061224489795,81.32450331125828,81.32450331125828,93.20707070707071,9.883720930232558,396,2023
8,1,4,6,20.0,0,92.9047619047619,84.58015267175573,84.58015267175573,89.70674486803519,9.883720930232558,341,2023
8,1,4,6,30.0,0,100.70175438596492,97.19298245614036,97.19298245614036,99.29824561403508,9.883720930232558,285,2023
8,1,4,6,40.0,0,104.33823529411765,115.41666666666667,104.33823529411765,108.92241379310344,9.883720930232558,232,2023
8,1,4,6,50.0,0,0.0,91.62162162162163,0.0,38.30508474576271,9.689922480620154,177,2023
8,1,4,7,0.0,0,93.34558823529412,82.375,82.375,89.2824074074074,10.465116279069768,432,2023
8,1,4,7,10.0,0,94.36781609195403,77.23270440251572,77.23270440251572,87.88095238095238,10.465116279069768,420,2023
8,1,4,7,20.0,0,86.32743362831859,79.71223021582733,79.71223021582733,83.8082191780822,10.465116279069768,365,2023
8,1,4,7,30.0,0,92.58064516129032,90.81967213114754,90.81967213114754,91.88311688311688,10.465116279069768,308,2023
8,1,4,7,40.0,0,93.97350993377484,106.53846153846153,93.97350993377484,99.09803921568627,10.465116279069768,255,2023
8,1,4,7,50.0,0,0.0,82.6829268292683,0.0,33.9,10.271317829457365,200,2023
8,2,2,5,0.0,1,78.67316341829086,69.05882352941177,69.05882352941177,73.8195991091314,65.31007751937985,2694,2023
8,2,2,5,10.0,1,80.85106382978724,66.88095238095238,66.88095238095238,73.75906526994359,65.31007751937985,2482,2023
8,2,2,5,20.0,1,75.60699588477367,66.38613861386139,66.38613861386139,70.90817356205852,65.11627906976744,1982,2023
8,2,2,5,30.0,1,72.16467463479415,82.0626631853786,72.16467463479415,77.1560236998025,65.11627906976744,1519,2023
8,2,2,5,40.0,1,72.92682926829268,83.13253012048193,72.92682926829268,78.06060606060606,64.92248062015504,1155,2023
8,2,2,5,50.0,1,41.92660550458716,68.53546910755149,41.92660550458716,55.246277205040094,62.01550387596899,873,2023
8,2,2,6,0.0,1,77.91361639824305,79.65714285714286,77.91361639824305,78.79609544468546,67.05426356589147,2766,2023
8,2,2,6,10.0,1,79.96810207336523,78.36153846153846,78.36153846153846,79.15035238841034,67.05426356589147,2554,2023
8,2,2,6,20.0,1,73.3433133732535,80.77290076335878,73.3433133732535,77.14146341463415,66.86046511627907,2050,2023
8,2,2,6,30.0,1,69.39974457215837,100.82706766917293,69.39974457215837,85.26249209361164,66.86046511627907,1581,2023
8,2,2,6,40.0,1,70.0,102.83828382838284,70.0,86.5282392026578,66.66666666666667,1204,2023
8,2,2,6,50.0,1,39.91266375545852,95.79520697167756,39.91266375545852,67.88440567066522,63.75968992248062,917,2023
8,2,2,7,0.0,1,84.28876244665719,80.54073033707866,80.54073033707866,82.40282685512368,68.6046511627907,2830,2023
8,2,2,7,10.0,1,86.83153013910355,79.33534743202416,79.33534743202416,83.04048892284186,68.6046511627907,2618,2023
8,2,2,7,20.0,1,82.19980787704131,81.92164179104478,81.92164179104478,82.05868433506862,68.4108527131783,2113,2023
8,2,2,7,30.0,1,81.0,101.98780487804878,81.0,91.4939024390244,68.4108527131783,1640,2023
8,2,2,7,40.0,1,85.2132701421801,99.39393939393939,85.2132701421801,92.26984126984127,68.21705426356588,1260,2023
8,2,2,7,50.0,1,61.83299389002037,91.79540709812109,61.83299389002037,76.62886597938144,65.31007751937985,970,2023
8,2,3,5,0.0,0,84.2350332594235,48.604910714285715,48.604910714285715,66.47942157953281,43.604651162790695,1798,2023
8,2,3,5,10.0,0,88.29558998808105,47.434988179669034,47.434988179669034,67.78041543026706,43.604651162790695,1685,2023
8,2,3,5,20.0,0,90.02857142857142,45.6490727532097,45.6490727532097,67.8229835831549,43.41085271317829,1401,2023
8,2,3,5,30.0,0,87.98903107861061,58.18181818181818,58.18181818181818,73.04466727438468,43.41085271317829,1097,2023
8,2,3,5,40.0,0,98.26291079812206,73.73271889400921,73.73271889400921,85.88372093023256,43.41085271317829,860,2023
8,2,3,5,50.0,0,56.59442724458204,41.36363636363637,41.36363636363637,48.89739663093415,41.47286821705426,653,2023
8,2,3,6,0.0,0,82.93361884368308,65.33119658119658,65.33119658119658,74.12299465240642,45.348837209302324,1870,2023
8,2,3,6,10.0,0,86.75086107921929,65.15801354401806,65.15801354401806,75.86226522481502,45.348837209302324,1757,2023
8,2,3,6,20.0,0,86.32876712328768,67.11772665764546,67.11772665764546,76.6643975493533,45.15503875968992,1469,2023
8,2,3,6,30.0,0,83.41421143847487,85.2233676975945,83.41421143847487,84.32269197584124,45.15503875968992,1159,2023
8,2,3,6,40.0,0,93.02222222222223,100.26143790849673,93.02222222222223,96.67766776677668,45.15503875968992,909,2023
8,2,3,6,50.0,0,52.98550724637681,78.60795454545455,52.98550724637681,65.92539454806312,43.21705426356589,697,2023
8,2,3,7,0.0,0,91.93018480492813,67.0,67.0,79.55532574974147,46.89922480620155,1934,2023
8,2,3,7,10.0,0,96.2019758507135,66.92307692307692,66.92307692307692,81.57056562328391,46.89922480620155,1821,2023
8,2,3,7,20.0,0,97.6592977893368,69.16120576671035,69.16120576671035,83.46605744125327,46.70542635658915,1532,2023
8,2,3,7,30.0,0,98.06188925081433,87.36754966887418,87.36754966887418,92.75862068965517,46.70542635658915,1218,2023
8,2,3,7,40.0,0,111.21649484536083,95.875,95.875,103.58549222797927,46.70542635658915,965,2023
8,2,3,7,50.0,0,80.31746031746032,74.38172043010752,74.38172043010752,77.37333333333333,44.76744186046512,750,2023
8,2,4,5,0.0,0,123.11320754716981,50.725,50.725,87.97330097087378,19.96124031007752,824,2023
8,2,4,5,10.0,0,127.01234567901234,49.84575835475579,49.84575835475579,89.20654911838791,19.96124031007752,794,2023
8,2,4,5,20.0,0,134.66275659824046,45.9882005899705,45.9882005899705,90.45588235294117,19.96124031007752,680,2023
8,2,4,5,30.0,0,158.65454545454546,57.10622710622711,57.10622710622711,108.06569343065694,19.96124031007752,548,2023
8,2,4,5,40.0,0,172.96296296296296,67.4891774891775,67.4891774891775,118.45637583892618,19.96124031007752,447,2023
8,2,4,5,50.0,0,112.14723926380368,38.52272727272727,38.52272727272727,73.92330383480827,19.37984496124031,339,2023
8,2,4,6,0.0,0,117.71929824561404,86.11363636363636,86.11363636363636,102.19866071428571,21.705426356589147,896,2023
8,2,4,6,10.0,0,121.09839816933638,86.22377622377623,86.22377622377623,103.82217090069284,21.705426356589147,866,2023
8,2,4,6,20.0,0,123.77358490566037,88.03713527851458,88.03713527851458,105.7620320855615,21.705426356589147,748,2023
8,2,4,6,30.0,0,143.04918032786884,108.81967213114754,108.81967213114754,125.93442622950819,21.705426356589147,610,2023
8,2,4,6,40.0,0,155.66666666666666,115.6640625,115.6640625,135.0201612903226,21.705426356589147,496,2023
8,2,4,6,50.0,0,98.8108108108108,105.05050505050505,98.8108108108108,102.03655352480418,21.124031007751938,383,2023
8,2,4,7,0.0,0,132.58064516129033,88.49137931034483,88.49137931034483,111.27083333333333,23.25581395348837,960,2023
8,2,4,7,10.0,0,136.26834381551362,88.65342163355409,88.65342163355409,113.0752688172043,23.25581395348837,930,2023
8,2,4,7,20.0,0,141.46341463414635,90.67331670822942,90.67331670822942,116.3501849568434,23.25581395348837,811,2023
8,2,4,7,30.0,0,162.89473684210526,111.19266055045871,111.19266055045871,137.62331838565024,23.25581395348837,669,2023
8,2,4,7,40.0,0,179.78181818181818,106.89530685920577,106.89530685920577,143.20652173913044,23.25581395348837,552,2023
8,2,4,7,50.0,0,139.26605504587155,95.41284403669725,95.41284403669725,117.33944954128441,22.674418604651162,436,2023
8,3,2,5,0.0,1,80.10855683269476,73.09375,73.09375,76.56348704990525,76.74418604651163,3166,2023
8,3,2,5,10.0,1,81.95290858725762,72.06178643384823,72.06178643384823,76.93146948516878,76.74418604651163,2933,2023
8,3,2,5,20.0,1,78.8840830449827,72.87966804979253,72.87966804979253,75.81956797966963,76.55038759689923,2361,2023
8,3,2,5,30.0,1,73.8342541436464,81.09808102345416,73.8342541436464,77.53119913185024,76.55038759689923,1843,2023
8,3,2,5,40.0,1,78.29971181556196,81.58485273492286,78.29971181556196,79.96446339729921,76.35658914728683,1407,2023
8,3,2,5,50.0,1,34.490566037735846,65.49450549450549,34.490566037735846,50.22304832713755,73.44961240310077,1076,2023
8,3,2,6,0.0,1,77.87116564417178,80.47248803827752,77.87116564417178,79.18837068443368,80.03875968992249,3302,2023
8,3,2,6,10.0,1,79.45623342175067,80.01281229980782,79.45623342175067,79.73932877158684,80.03875968992249,3069,2023
8,3,2,6,20.0,1,75.05349794238683,83.00787401574803,75.05349794238683,79.11871227364185,79.84496124031008,2485,2023
8,3,2,6,30.0,1,69.45945945945945,94.2354124748491,69.45945945945945,82.05010224948876,79.84496124031008,1956,2023
8,3,2,6,40.0,1,73.43243243243244,95.48941798941799,73.43243243243244,84.5788770053476,79.65116279069767,1496,2023
8,3,2,6,50.0,1,32.183098591549296,85.67986230636834,32.183098591549296,59.23411662315056,76.74418604651163,1149,2023
8,3,2,7,0.0,1,81.67450058754406,80.06976744186046,80.06976744186046,80.86791350087668,82.94573643410853,3422,2023
8,3,2,7,10.0,1,83.48101265822785,79.59602237414543,79.59602237414543,81.52085293195358,82.94573643410853,3189,2023
8,3,2,7,20.0,1,80.36575875486382,82.45254365983295,80.36575875486382,81.42198308993082,82.75193798449612,2602,2023
8,3,2,7,30.0,1,76.82570593962998,93.20500481231954,76.82570593962998,85.06292352371733,82.75193798449612,2066,2023
8,3,2,7,40.0,1,83.025,90.35043804755945,83.025,86.68542839274546,82.55813953488372,1599,2023
8,3,2,7,50.0,1,48.888888888888886,80.55016181229773,48.888888888888886,64.68119451170298,79.65116279069767,1239,2023
8,3,3,5,0.0,0,85.07936507936508,58.609154929577464,58.609154929577464,71.83259911894272,55.03875968992248,2270,2023
8,3,3,5,10.0,0,88.23751178133836,58.753488372093024,58.753488372093024,73.39887640449439,55.03875968992248,2136,2023
8,3,3,5,20.0,0,91.31221719457014,58.895089285714285,58.895089285714285,74.99438202247191,54.84496124031008,1780,2023
8,3,3,5,30.0,0,86.70958512160229,62.61772853185595,62.61772853185595,74.46868402533427,54.84496124031008,1421,2023
8,3,3,5,40.0,0,99.52380952380952,73.97526501766785,73.97526501766785,86.51978417266187,54.84496124031008,1112,2023
8,3,3,5,50.0,0,43.83693045563549,44.32801822323462,43.83693045563549,44.08878504672897,52.906976744186046,856,2023
8,3,3,6,0.0,0,81.76961602671119,69.68543046357615,69.68543046357615,75.7024106400665,58.333333333333336,2406,2023
8,3,3,6,10.0,0,84.53333333333333,70.409764603313,70.409764603313,77.40316901408451,58.333333333333336,2272,2023
8,3,3,6,20.0,0,85.59915164369035,73.2258064516129,73.2258064516129,79.35399159663865,58.13953488372093,1904,2023
8,3,3,6,30.0,0,80.17195767195767,80.73264781491002,80.17195767195767,80.45632333767927,58.13953488372093,1534,2023
8,3,3,6,40.0,0,91.79054054054055,91.77339901477832,91.77339901477832,91.78184845961698,58.13953488372093,1201,2023
8,3,3,6,50.0,0,40.175824175824175,70.63291139240506,40.175824175824175,55.71582346609257,56.201550387596896,929,2023
8,3,3,7,0.0,1,86.64566929133858,69.54617834394904,69.54617834394904,78.14330958036422,61.24031007751938,2526,2023
8,3,3,7,10.0,1,89.54051796157059,70.23430962343096,70.23430962343096,79.89548494983278,61.24031007751938,2392,2023
8,3,3,7,20.0,1,91.60908193484698,72.9563492063492,72.9563492063492,82.30578921326077,61.04651162790697,2021,2023
8,3,3,7,30.0,1,88.53836784409258,80.17010935601458,80.17010935601458,84.34914841849148,61.04651162790697,1644,2023
8,3,3,7,40.0,1,101.87116564417178,85.72085889570552,85.72085889570552,93.79601226993866,61.04651162790697,1304,2023
8,3,3,7,50.0,0,59.76377952755905,65.51859099804305,59.76377952755905,62.64965652600589,59.10852713178294,1019,2023
8,3,4,5,0.0,0,110.82317073170732,67.6875,67.6875,89.52160493827161,31.3953488372093,1296,2023
8,3,4,5,10.0,0,113.20574162679426,68.64077669902913,68.64077669902913,91.08433734939759,31.3953488372093,1245,2023
8,3,4,5,20.0,0,121.18095238095238,68.08988764044943,68.08988764044943,94.40982058545798,31.3953488372093,1059,2023
8,3,4,5,30.0,0,131.40515222482435,64.71910112359551,64.71910112359551,97.37385321100918,31.3953488372093,872,2023
8,3,4,5,40.0,0,148.33333333333334,70.13774104683196,70.13774104683196,107.72532188841201,31.3953488372093,699,2023
8,3,4,5,50.0,0,71.1284046692607,44.175438596491226,44.175438596491226,56.95571955719557,30.813953488372093,542,2023
8,3,4,6,0.0,0,103.02777777777777,85.56179775280899,85.56179775280899,94.34357541899442,34.689922480620154,1432,2023
8,3,4,6,10.0,0,104.86251808972504,86.98550724637681,86.98550724637681,95.93048515568428,34.689922480620154,1381,2023
8,3,4,6,20.0,0,108.93835616438356,90.08347245409016,90.08347245409016,99.39137785291632,34.689922480620154,1183,2023
8,3,4,6,30.0,0,115.9297520661157,92.61477045908184,92.61477045908184,104.07106598984771,34.689922480620154,985,2023
8,3,4,6,40.0,0,130.47120418848166,97.24137931034483,97.24137931034483,113.3502538071066,34.689922480620154,788,2023
8,3,4,6,50.0,0,61.96610169491525,83.15625,61.96610169491525,72.99186991869918,34.10852713178294,615,2023
8,3,4,7,0.0,0,108.91414141414141,84.32894736842105,84.32894736842105,96.875,37.5968992248062,1552,2023
8,3,4,7,10.0,0,110.7994757536042,85.62330623306234,85.62330623306234,98.42105263157895,37.5968992248062,1501,2023
8,3,4,7,20.0,0,115.74923547400611,88.43653250773994,88.43653250773994,102.17692307692307,37.5968992248062,1300,2023
8,3,4,7,30.0,0,124.20765027322405,90.78754578754578,90.78754578754578,107.54337899543378,37.5968992248062,1095,2023
8,3,4,7,40.0,0,140.09049773755657,87.92873051224944,87.92873051224944,113.8047138047138,37.5968992248062,891,2023
8,3,4,7,50.0,0,87.24137931034483,74.53781512605042,74.53781512605042,80.80851063829788,37.01550387596899,705,2023
12,1,2,5,0.0,0,68.39650145772595,68.38836477987421,68.38836477987421,68.39258698940999,42.82945736434109,2644,2023
12,1,2,5,10.0,0,68.36434108527132,65.02904564315352,65.02904564315352,66.75350701402806,42.82945736434109,2495,2023
12,1,2,5,20.0,0,62.14219759926131,64.70873786407768,62.14219759926131,63.39327969711311,42.63565891472868,2113,2023
12,1,2,5,30.0,0,58.79424778761062,74.18052256532067,58.79424778761062,66.21420389461626,42.63565891472868,1746,2023
12,1,2,5,40.0,0,54.34547908232119,71.06824925816024,54.34547908232119,62.31095406360424,42.63565891472868,1415,2023
12,1,2,5,50.0,0,28.2996632996633,71.19047619047619,28.2996632996633,48.8421052631579,42.63565891472868,1140,2023
12,1,2,6,0.0,0,67.69886363636364,68.38836477987421,67.69886363636364,68.02611940298507,43.41085271317829,2680,2023
12,1,2,6,10.0,0,67.62443438914028,65.02904564315352,65.02904564315352,66.38877913868036,43.41085271317829,2531,2023
12,1,2,6,20.0,0,60.196779964221825,64.70873786407768,60.196779964221825,62.36033519553072,43.21705426356589,2148,2023
12,1,2,6,30.0,0,56.60276890308839,74.18052256532067,56.60276890308839,64.91297024143739,43.21705426356589,1781,2023
12,1,2,6,40.0,0,52.3667100130039,71.06824925816024,52.3667100130039,61.101871101871104,43.21705426356589,1443,2023
12,1,2,6,50.0,0,27.15670436187399,71.19047619047619,27.15670436187399,47.79399141630901,43.21705426356589,1165,2023
12,1,2,7,0.0,0,66.56424581005587,67.74922118380063,66.56424581005587,67.12444771723122,43.992248062015506,2716,2023
12,1,2,7,10.0,0,66.42222222222222,64.38783894823337,64.38783894823337,65.45773276197896,43.992248062015506,2567,2023
12,1,2,7,20.0,0,58.93169877408056,63.963531669865645,58.93169877408056,61.332417582417584,43.798449612403104,2184,2023
12,1,2,7,30.0,0,55.24948024948025,73.13817330210773,55.24948024948025,63.66189427312775,43.798449612403104,1816,2023
12,1,2,7,40.0,0,50.8459595959596,69.82507288629738,50.8459595959596,59.65493910690122,43.798449612403104,1478,2023
12,1,2,7,50.0,0,26.18380062305296,69.6594982078853,26.18380062305296,46.4,43.798449612403104,1200,2023
12,1,3,5,0.0,0,61.98347107438016,36.16319444444444,36.16319444444444,50.56067588325653,21.124031007751938,1302,2023
12,1,3,5,10.0,0,62.914862914862915,32.79359430604982,32.79359430604982,49.42629482071713,21.124031007751938,1255,2023
12,1,3,5,20.0,0,60.29363784665579,31.746987951807228,31.746987951807228,47.4977497749775,20.930232558139537,1111,2023
12,1,3,5,30.0,0,52.359767891682786,37.55344418052257,37.55344418052257,45.714285714285715,20.930232558139537,938,2023
12,1,3,5,40.0,0,54.760820045558084,45.17142857142857,45.17142857142857,50.50697084917617,20.930232558139537,789,2023
12,1,3,5,50.0,0,14.902506963788301,23.541666666666668,14.902506963788301,18.74806800618238,20.930232558139537,647,2023
12,1,3,6,0.0,0,60.99737532808399,36.16319444444444,36.16319444444444,50.30642750373692,21.705426356589147,1338,2023
12,1,3,6,10.0,0,61.838134430727024,32.79359430604982,32.79359430604982,49.19442292796282,21.705426356589147,1291,2023
12,1,3,6,20.0,0,57.03703703703704,31.746987951807228,31.746987951807228,46.047120418848166,21.511627906976745,1146,2023
12,1,3,6,30.0,0,49.039855072463766,37.55344418052257,37.55344418052257,44.06988694758479,21.511627906976745,973,2023
12,1,3,6,40.0,0,51.477516059957175,45.17142857142857,45.17142857142857,48.776009791921666,21.511627906976745,817,2023
12,1,3,6,50.0,0,13.932291666666666,23.541666666666668,13.932291666666666,18.050595238095237,21.511627906976745,672,2023
12,1,3,7,0.0,0,59.13486005089059,35.425170068027214,35.425170068027214,48.98835516739447,22.286821705426355,1374,2023
12,1,3,7,10.0,0,59.867197875166,32.10801393728223,32.10801393728223,47.85983421250942,22.286821705426355,1327,2023
12,1,3,7,20.0,0,55.0,31.0,31.0,44.64467005076142,22.093023255813954,1182,2023
12,1,3,7,30.0,0,47.07826086956522,36.51270207852194,36.51270207852194,42.53968253968254,22.093023255813954,1008,2023
12,1,3,7,40.0,0,49.06122448979592,43.67403314917127,43.67403314917127,46.77230046948357,22.093023255813954,852,2023
12,1,3,7,50.0,0,13.144963144963144,22.6,13.144963144963144,17.157001414427157,22.093023255813954,707,2023
12,1,4,5,0.0,0,84.08045977011494,57.80701754385965,57.80701754385965,73.68055555555556,9.30232558139535,576,2023
12,1,4,5,10.0,0,84.56973293768546,54.096916299559474,54.096916299559474,72.30496453900709,9.30232558139535,564,2023
12,1,4,5,20.0,0,82.04620462046205,53.52657004830918,53.52657004830918,70.47058823529412,9.30232558139535,510,2023
12,1,4,5,30.0,0,87.48062015503876,59.25133689839572,59.25133689839572,75.61797752808988,9.30232558139535,445,2023
12,1,4,5,40.0,0,86.84444444444445,68.39506172839506,68.39506172839506,79.12144702842377,9.30232558139535,387,2023
12,1,4,5,50.0,0,28.91891891891892,49.85294117647059,28.91891891891892,37.78816199376947,9.30232558139535,321,2023
12,1,4,6,0.0,0,80.05208333333333,57.80701754385965,57.80701754385965,71.76470588235294,9.883720930232558,612,2023
12,1,4,6,10.0,0,80.37533512064343,54.096916299559474,54.096916299559474,70.43333333333334,9.883720930232558,600,2023
12,1,4,6,20.0,0,73.55029585798816,53.52657004830918,53.52657004830918,65.94495412844037,9.883720930232558,545,2023
12,1,4,6,30.0,0,77.03071672354949,59.25133689839572,59.25133689839572,70.10416666666667,9.883720930232558,480,2023
12,1,4,6,40.0,0,77.23320158102767,68.39506172839506,68.39506172839506,73.78313253012048,9.883720930232558,415,2023
12,1,4,6,50.0,0,25.476190476190474,49.85294117647059,25.476190476190474,35.05780346820809,9.883720930232558,346,2023
12,1,4,7,0.0,0,75.34313725490196,54.916666666666664,54.916666666666664,67.77777777777777,10.465116279069768,648,2023
12,1,4,7,10.0,0,75.51637279596977,51.38075313807531,51.38075313807531,66.44654088050315,10.465116279069768,636,2023
12,1,4,7,20.0,0,68.67403314917127,50.593607305936075,50.593607305936075,61.85886402753873,10.465116279069768,581,2023
12,1,4,7,30.0,0,71.42405063291139,55.678391959798994,55.678391959798994,65.33980582524272,10.465116279069768,515,2023
12,1,4,7,40.0,0,70.79710144927536,63.67816091954023,63.67816091954023,68.04444444444445,10.465116279069768,450,2023
12,1,4,7,50.0,0,22.96137339055794,45.810810810810814,22.96137339055794,31.83727034120735,10.465116279069768,381,2023
12,2,2,5,0.0,1,76.53807615230461,60.96078431372549,60.96078431372549,68.66451932606542,65.31007751937985,4036,2023
12,2,2,5,10.0,1,77.82377919320595,59.220443985544655,59.220443985544655,68.39309081392305,65.31007751937985,3821,2023
12,2,2,5,20.0,1,75.48848786558806,58.098927294398095,58.098927294398095,66.60578386605783,65.11627906976744,3285,2023
12,2,2,5,30.0,1,74.33878157503715,66.50035637918745,66.50035637918745,70.33830483812295,65.11627906976744,2749,2023
12,2,2,5,40.0,1,75.28251121076234,65.65481352992194,65.65481352992194,70.38800705467372,65.11627906976744,2268,2023
12,2,2,5,50.0,1,61.425414364640886,60.55966209081309,60.55966209081309,60.98272138228942,65.11627906976744,1852,2023
12,2,2,6,0.0,1,75.46477495107632,67.6,67.6,71.47924710424711,67.05426356589147,4144,2023
12,2,2,6,10.0,1,76.65631469979296,66.25438157235854,66.25438157235854,71.36930516670908,67.05426356589147,3929,2023
12,2,2,6,20.0,1,73.38777979431337,66.29608294930875,66.29608294930875,69.75508999704928,66.86046511627907,3389,2023
12,2,2,6,30.0,1,71.88218390804597,76.21993127147766,71.88218390804597,74.0990516332982,66.86046511627907,2847,2023
12,2,2,6,40.0,1,72.73830155979203,74.8914858096828,72.73830155979203,73.83503401360544,66.86046511627907,2352,2023
12,2,2,6,50.0,1,59.07545164718385,72.16380182002023,59.07545164718385,65.78238341968913,66.86046511627907,1930,2023
12,2,2,7,0.0,1,79.05418250950571,67.94475655430712,67.94475655430712,73.45754716981132,68.6046511627907,4240,2023
12,2,2,7,10.0,1,80.41164658634538,66.64043285784555,66.64043285784555,73.45590062111802,68.6046511627907,4025,2023
12,2,2,7,20.0,1,77.91471962616822,66.73814898419865,66.73814898419865,72.23019517795638,68.4108527131783,3484,2023
12,2,2,7,30.0,1,77.3913043478261,76.60846205507052,76.60846205507052,76.99455411844792,68.4108527131783,2938,2023
12,2,2,7,40.0,1,79.42100909842846,72.8838342810723,72.8838342810723,76.12295081967213,68.4108527131783,2440,2023
12,2,2,7,50.0,1,68.14702920443102,69.9020568070519,68.14702920443102,69.03674280039722,68.4108527131783,2014,2023
12,2,3,5,0.0,0,76.98518518518519,43.30357142857143,43.30357142857143,60.1818856718634,43.604651162790695,2694,2023
12,2,3,5,10.0,0,79.27738927738928,42.3338485316847,42.3338485316847,60.75552111584657,43.604651162790695,2581,2023
12,2,3,5,20.0,0,80.00879507475814,40.70680628272251,40.70680628272251,60.28033289531319,43.41085271317829,2283,2023
12,2,3,5,30.0,0,77.14285714285714,47.5050916496945,47.5050916496945,62.1483771251932,43.41085271317829,1941,2023
12,2,3,5,40.0,0,83.28413284132841,52.60554885404101,52.60554885404101,67.79537149817295,43.41085271317829,1642,2023
12,2,3,5,50.0,0,65.86567164179104,36.66182873730043,36.66182873730043,51.05960264900662,43.41085271317829,1359,2023
12,2,3,6,0.0,0,75.4005722460658,53.98860398860399,53.98860398860399,64.67166309778729,45.348837209302324,2802,2023
12,2,3,6,10.0,0,77.53558052434457,53.45642540620384,53.45642540620384,65.41093343250279,45.348837209302324,2689,2023
12,2,3,6,20.0,0,76.89771766694844,53.363787375415285,53.363787375415285,65.02723083368245,45.15503875968992,2387,2023
12,2,3,6,30.0,0,73.61194029850746,62.13733075435203,62.13733075435203,67.79303580186365,45.15503875968992,2039,2023
12,2,3,6,40.0,0,79.47183098591549,65.93821510297482,65.93821510297482,72.61877172653534,45.15503875968992,1726,2023
12,2,3,6,50.0,0,62.507082152974505,53.73461012311901,53.73461012311901,58.044537230340985,45.15503875968992,1437,2023
12,2,3,7,0.0,0,80.58299039780522,54.84027777777778,54.84027777777778,67.79158040027605,46.89922480620155,2898,2023
12,2,3,7,10.0,0,82.86021505376344,54.35251798561151,54.35251798561151,68.63195691202873,46.89922480620155,2785,2023
12,2,3,7,20.0,0,82.97101449275362,54.37096774193548,54.37096774193548,68.68251410153103,46.70542635658915,2482,2023
12,2,3,7,30.0,0,81.03578154425612,63.12734082397004,63.12734082397004,72.05633802816901,46.70542635658915,2130,2023
12,2,3,7,40.0,0,87.97133406835722,63.53914002205072,63.53914002205072,75.75523704520397,46.70542635658915,1814,2023
12,2,3,7,50.0,0,74.15567282321899,51.48099606815203,51.48099606815203,62.781065088757394,46.70542635658915,1521,2023
12,2,4,5,0.0,0,122.72012578616352,48.166666666666664,48.166666666666664,86.52912621359224,19.96124031007752,1236,2023
12,2,4,5,10.0,0,125.26742301458671,47.53820033955857,47.53820033955857,87.30514096185738,19.96124031007752,1206,2023
12,2,4,5,20.0,0,130.2540834845735,44.89795918367347,44.89795918367347,88.04587155963303,19.96124031007752,1090,2023
12,2,4,5,30.0,0,145.96638655462183,51.48936170212766,51.48936170212766,99.02748414376322,19.96124031007752,946,2023
12,2,4,5,40.0,0,154.9264705882353,51.111111111111114,51.111111111111114,102.63990267639903,19.96124031007752,822,2023
12,2,4,5,50.0,0,129.41348973607037,35.18518518518518,35.18518518518518,81.61849710982659,19.96124031007752,692,2023
12,2,4,6,0.0,0,116.2719298245614,70.45454545454545,70.45454545454545,93.77232142857143,21.705426356589147,1344,2023
12,2,4,6,10.0,0,118.45112781954887,70.26194144838213,70.26194144838213,94.64992389649925,21.705426356589147,1314,2023
12,2,4,6,20.0,0,120.21775544388609,70.01675041876047,70.01675041876047,95.11725293132328,21.705426356589147,1194,2023
12,2,4,6,30.0,0,133.10344827586206,80.07662835249042,80.07662835249042,106.59003831417624,21.705426356589147,1044,2023
12,2,4,6,40.0,0,141.40939597315437,76.64488017429194,76.64488017429194,108.59823399558499,21.705426356589147,906,2023
12,2,4,6,50.0,0,117.05570291777188,67.09923664122137,67.09923664122137,91.55844155844156,21.705426356589147,770,2023
12,2,4,7,0.0,0,123.13172043010752,71.36494252873563,71.36494252873563,98.11111111111111,23.25581395348837,1440,2023
12,2,4,7,10.0,0,125.3103448275862,71.1970802919708,71.1970802919708,99.02127659574468,23.25581395348837,1410,2023
12,2,4,7,20.0,0,127.8201219512195,71.04265402843602,71.04265402843602,99.93793638479441,23.25581395348837,1289,2023
12,2,4,7,30.0,0,140.8635578583765,80.88129496402878,80.88129496402878,111.48017621145374,23.25581395348837,1135,2023
12,2,4,7,40.0,0,149.9800796812749,71.5040650406504,71.5040650406504,111.13682092555332,23.25581395348837,994,2023
12,2,4,7,50.0,0,131.02564102564102,62.04705882352941,62.04705882352941,96.69789227166277,23.25581395348837,854,2023
12,3,2,5,0.0,1,75.46075085324232,71.13333333333334,71.13333333333334,73.27150084317032,76.74418604651163,4744,2023
12,3,2,5,10.0,1,76.40414041404141,70.45931758530183,70.45931758530183,73.38952972493345,76.74418604651163,4508,2023
12,3,2,5,20.0,1,74.78762454116413,71.04365278474661,71.04365278474661,72.87435897435897,76.55038759689923,3900,2023
12,3,2,5,30.0,1,72.09807572936064,76.69226225634968,72.09807572936064,74.45217917675545,76.55038759689923,3304,2023
12,3,2,5,40.0,1,71.74107142857143,77.78571428571429,71.74107142857143,74.82507288629738,76.55038759689923,2744,2023
12,3,2,5,50.0,1,50.30769230769231,74.11311053984576,50.30769230769231,62.53521126760563,76.55038759689923,2272,2023
12,3,2,6,0.0,1,73.09836065573771,75.08771929824562,73.09836065573771,74.10670978172999,80.03875968992249,4948,2023
12,3,2,6,10.0,1,73.87834339948232,74.63241436925648,73.87834339948232,74.26146010186757,80.03875968992249,4712,2023
12,3,2,6,20.0,1,71.38138138138139,76.02196752626553,71.38138138138139,73.75610948191593,79.84496124031008,4092,2023
12,3,2,6,30.0,1,68.32352941176471,82.59943977591037,68.32352941176471,75.63558106169297,79.84496124031008,3485,2023
12,3,2,6,40.0,1,67.85362420830401,83.16644113667118,67.85362420830401,75.66057261124526,79.84496124031008,2899,2023
12,3,2,6,50.0,1,47.391304347826086,81.25303152789006,47.391304347826086,64.77178423236515,79.84496124031008,2410,2023
12,3,2,7,0.0,1,74.74097331240188,74.22093023255815,74.22093023255815,74.47932917316693,82.94573643410853,5128,2023
12,3,2,7,10.0,1,75.56883759274525,73.73884833738849,73.73884833738849,74.64636140637776,82.94573643410853,4892,2023
12,3,2,7,20.0,1,73.52661596958175,74.99307159353349,73.52661596958175,74.27032091824783,82.75193798449612,4269,2023
12,3,2,7,30.0,1,71.19933370349806,81.235167206041,71.19933370349806,76.29001367989056,82.75193798449612,3655,2023
12,3,2,7,40.0,1,71.52274225444957,79.55987055016182,71.52274225444957,75.57805355976485,82.75193798449612,3062,2023
12,3,2,7,50.0,1,53.70634920634921,77.43451463790447,53.70634920634921,65.74667709147772,82.75193798449612,2558,2023
12,3,3,5,0.0,0,75.40636042402826,61.36150234741784,61.36150234741784,68.37154614932393,55.03875968992248,3402,2023
12,3,3,5,10.0,0,77.03384615384616,61.558125380401705,61.558125380401705,69.25336597307222,55.03875968992248,3268,2023
12,3,3,5,20.0,0,78.13500347947112,62.114989733059545,62.114989733059545,70.05866114561766,54.84496124031008,2898,2023
12,3,3,5,30.0,0,73.58660130718954,65.40094339622641,65.40094339622641,69.4150641025641,54.84496124031008,2496,2023
12,3,3,5,40.0,0,76.95777351247601,71.38475836431226,71.38475836431226,74.1265344664778,54.84496124031008,2118,2023
12,3,3,5,50.0,0,50.724137931034484,59.84598459845984,50.724137931034484,55.38504777965149,54.84496124031008,1779,2023
12,3,3,6,0.0,0,72.19620958751393,67.41721854304636,67.41721854304636,69.79478646699944,58.333333333333336,3606,2023
12,3,3,6,10.0,0,73.59674607786171,67.81267846944603,67.81267846944603,70.67972350230414,58.333333333333336,3472,2023
12,3,3,6,20.0,0,73.48167539267016,69.36619718309859,69.36619718309859,71.40129449838187,58.13953488372093,3090,2023
12,3,3,6,30.0,0,68.5986290936786,73.89296187683284,68.5986290936786,71.29622711991034,58.13953488372093,2677,2023
12,3,3,6,40.0,0,71.66219839142092,78.70883882149047,71.66219839142092,75.2397712274527,58.13953488372093,2273,2023
12,3,3,6,50.0,0,47.046908315565034,69.88764044943821,47.046908315565034,58.71152842983829,58.13953488372093,1917,2023
12,3,3,7,0.0,1,74.44794952681389,66.52335456475583,66.52335456475583,70.50449022715267,61.24031007751938,3786,2023
12,3,3,7,10.0,1,75.85565882996173,66.87328579264948,66.87328579264948,71.37185104052574,61.24031007751938,3652,2023
12,3,3,7,20.0,1,76.10771113831089,68.29148805878751,68.29148805878751,72.20079583715948,61.04651162790697,3267,2023
12,3,3,7,30.0,1,72.24186704384724,72.54710397766922,72.24186704384724,72.39550403933966,61.04651162790697,2847,2023
12,3,3,7,40.0,1,75.94238683127573,74.38984438984438,74.38984438984438,75.16420361247947,61.04651162790697,2436,2023
12,3,3,7,50.0,1,54.8390243902439,65.78846153846153,54.8390243902439,60.35351089588378,61.04651162790697,2065,2023
12,3,4,5,0.0,0,103.82113821138212,78.39583333333333,78.39583333333333,91.26543209876543,31.3953488372093,1944,2023
12,3,4,5,10.0,0,105.17277486910994,79.27505330490405,79.27505330490405,92.34020073956682,31.3953488372093,1893,2023
12,3,4,5,20.0,0,109.37720329024677,79.97658079625293,79.97658079625293,94.65102639296188,31.3953488372093,1705,2023
12,3,4,5,30.0,0,115.47908232118759,79.92105263157895,79.92105263157895,97.47501665556295,31.3953488372093,1501,2023
12,3,4,5,40.0,0,118.82260596546311,82.23903177004539,82.23903177004539,100.19260400616332,31.3953488372093,1298,2023
12,3,4,5,50.0,0,81.57116451016635,72.66199649737302,72.66199649737302,76.99640287769785,31.3953488372093,1112,2023
12,3,4,6,0.0,0,95.96296296296296,86.94756554307116,86.94756554307116,91.4804469273743,34.689922480620154,2148,2023
12,3,4,6,10.0,0,96.97431018078021,87.91586998087953,87.91586998087953,92.45588936576061,34.689922480620154,2097,2023
12,3,4,6,20.0,0,98.81104033970276,89.94764397905759,89.94764397905759,94.34897206114918,34.689922480620154,1897,2023
12,3,4,6,30.0,0,103.09638554216868,91.94835680751174,91.94835680751174,97.44946492271106,34.689922480620154,1682,2023
12,3,4,6,40.0,0,106.00840336134453,92.53044654939107,92.53044654939107,99.15347556779078,34.689922480620154,1453,2023
12,3,4,6,50.0,0,72.46305418719211,86.5990639625585,72.46305418719211,79.712,34.689922480620154,1250,2023
12,3,4,7,0.0,0,97.4074074074074,84.23684210526316,84.23684210526316,90.95790378006873,37.5968992248062,2328,2023
12,3,4,7,10.0,0,98.36065573770492,85.08944543828265,85.08944543828265,91.84453227931489,37.5968992248062,2277,2023
12,3,4,7,20.0,0,100.34351145038168,86.81286549707602,86.81286549707602,93.64995178399228,37.5968992248062,2074,2023
12,3,4,7,30.0,0,104.88721804511279,88.50162866449512,88.50162866449512,96.73866090712743,37.5968992248062,1852,2023
12,3,4,7,40.0,0,108.35802469135803,84.83870967741936,84.83870967741936,96.62747524752476,37.5968992248062,1616,2023
12,3,4,7,50.0,0,80.76149425287356,79.07407407407408,79.07407407407408,79.91416309012875,37.5968992248062,1398,2023
1,1,2,5,0.0,0,65.63218390804597,120.54726368159204,65.63218390804597,95.06666666666666,36.33720930232558,375,2024
1,1,2,5,10.0,0,52.38532110091743,122.0,52.38532110091743,90.2510460251046,23.15891472868217,239,2024
1,1,2,5,20.0,0,0.0,190.67796610169492,0.0,113.63636363636364,9.593023255813954,99,2024
1,1,2,5,30.0,0,0.0,341.6,0.0,203.33333333333334,4.069767441860465,42,2024
1,1,2,5,40.0,0,0.0,286.25,0.0,183.2,2.4224806201550386,25,2024
1,1,2,5,50.0,0,0.0,0.0,0.0,0.0,0.9689922480620154,10,2024
1,1,2,6,0.0,0,63.44444444444444,116.49038461538461,63.44444444444444,91.88144329896907,37.5968992248062,388,2024
1,1,2,6,10.0,0,49.65217391304348,115.76642335766424,49.65217391304348,85.5952380952381,24.41860465116279,252,2024
1,1,2,6,20.0,0,0.0,170.45454545454547,0.0,101.35135135135135,10.755813953488373,111,2024
1,1,2,6,30.0,0,0.0,275.48387096774195,0.0,161.1320754716981,5.135658914728682,53,2024
1,1,2,6,40.0,0,0.0,229.0,0.0,134.7058823529412,3.294573643410853,34,2024
1,1,2,6,50.0,0,0.0,0.0,0.0,0.0,1.550387596899225,16,2024
1,1,2,7,0.0,0,61.729729729729726,112.17592592592592,61.729729729729726,88.90274314214464,38.85658914728682,401,2024
1,1,2,7,10.0,0,47.583333333333336,109.37931034482759,47.583333333333336,81.39622641509433,25.67829457364341,265,2024
1,1,2,7,20.0,0,0.0,152.02702702702703,0.0,91.46341463414635,11.918604651162791,123,2024
1,1,2,7,30.0,0,0.0,218.97435897435898,0.0,133.4375,6.2015503875969,64,2024
1,1,2,7,40.0,0,0.0,169.62962962962962,0.0,104.0909090909091,4.263565891472868,44,2024
1,1,2,7,50.0,0,0.0,0.0,0.0,0.0,2.3255813953488373,24,2024
1,1,3,5,0.0,0,83.17460317460318,57.407407407407405,57.407407407407405,68.68055555555556,13.953488372093023,144,2024
1,1,3,5,10.0,0,66.3265306122449,44.26229508196721,44.26229508196721,54.09090909090909,10.65891472868217,110,2024
1,1,3,5,20.0,0,0.0,0.0,0.0,0.0,5.910852713178294,61,2024
1,1,3,5,30.0,0,0.0,0.0,0.0,0.0,2.5193798449612403,26,2024
1,1,3,5,40.0,0,0.0,0.0,0.0,0.0,1.550387596899225,16,2024
1,1,3,5,50.0,0,0.0,0.0,0.0,0.0,0.6782945736434108,7,2024
1,1,3,6,0.0,0,75.94202898550725,52.84090909090909,52.84090909090909,62.99363057324841,15.213178294573643,157,2024
1,1,3,6,10.0,0,59.09090909090909,39.705882352941174,39.705882352941174,48.3739837398374,11.918604651162791,123,2024
1,1,3,6,20.0,0,0.0,0.0,0.0,0.0,7.073643410852713,73,2024
1,1,3,6,30.0,0,0.0,0.0,0.0,0.0,3.5852713178294575,37,2024
1,1,3,6,40.0,0,0.0,0.0,0.0,0.0,2.4224806201550386,25,2024
1,1,3,6,50.0,0,0.0,0.0,0.0,0.0,1.2596899224806202,13,2024
1,1,3,7,0.0,0,70.8108108108108,48.4375,48.4375,58.1764705882353,16.472868217054263,170,2024
1,1,3,7,10.0,0,54.166666666666664,35.526315789473685,35.526315789473685,43.75,13.178294573643411,136,2024
1,1,3,7,20.0,0,0.0,0.0,0.0,0.0,8.236434108527131,85,2024
1,1,3,7,30.0,0,0.0,0.0,0.0,0.0,4.651162790697675,48,2024
1,1,3,7,40.0,0,0.0,0.0,0.0,0.0,3.391472868217054,35,2024
1,1,3,7,50.0,0,0.0,0.0,0.0,0.0,2.0348837209302326,21,2024
1,1,4,5,0.0,0,68.84615384615384,69.21052631578948,68.84615384615384,69.0625,6.2015503875969,64,2024
1,1,4,5,10.0,0,74.58333333333333,49.11764705882353,49.11764705882353,59.6551724137931,5.62015503875969,58,2024
1,1,4,5,20.0,0,0.0,0.0,0.0,0.0,3.391472868217054,35,2024
1,1,4,5,30.0,0,0.0,0.0,0.0,0.0,1.4534883720930232,15,2024
1,1,4,5,40.0,0,0.0,0.0,0.0,0.0,0.9689922480620154,10,2024
1,1,4,5,50.0,0,0.0,0.0,0.0,0.0,0.3875968992248062,4,2024
1,1,4,6,0.0,0,55.9375,58.44444444444444,55.9375,57.4025974025974,7.461240310077519,77,2024
1,1,4,6,10.0,0,59.666666666666664,40.73170731707317,40.73170731707317,48.732394366197184,6.87984496124031,71,2024
1,1,4,6,20.0,0,0.0,0.0,0.0,0.0,4.554263565891473,47,2024
1,1,4,6,30.0,0,0.0,0.0,0.0,0.0,2.5193798449612403,26,2024
1,1,4,6,40.0,0,0.0,0.0,0.0,0.0,1.8410852713178294,19,2024
1,1,4,6,50.0,0,0.0,0.0,0.0,0.0,0.9689922480620154,10,2024
1,1,4,7,0.0,0,48.37837837837838,49.62264150943396,48.37837837837838,49.111111111111114,8.720930232558139,90,2024
1,1,4,7,10.0,0,51.142857142857146,34.08163265306123,34.08163265306123,41.19047619047619,8.13953488372093,84,2024
1,1,4,7,20.0,0,0.0,0.0,0.0,0.0,5.717054263565892,59,2024
1,1,4,7,30.0,0,0.0,0.0,0.0,0.0,3.5852713178294575,37,2024
1,1,4,7,40.0,0,0.0,0.0,0.0,0.0,2.810077519379845,29,2024
1,1,4,7,50.0,0,0.0,0.0,0.0,0.0,1.744186046511628,18,2024
1,2,2,5,0.0,0,78.96440129449839,119.6,78.96440129449839,99.79495268138801,61.434108527131784,634,2024
1,2,2,5,10.0,0,67.03883495145631,119.73094170403587,67.03883495145631,94.42890442890443,41.56976744186046,429,2024
1,2,2,5,20.0,0,57.142857142857146,161.37254901960785,57.142857142857146,114.3010752688172,18.023255813953487,186,2024
1,2,2,5,30.0,0,0.0,281.4634146341463,0.0,149.87012987012986,7.461240310077519,77,2024
1,2,2,5,40.0,0,0.0,199.1304347826087,0.0,117.43589743589743,3.7790697674418605,39,2024
1,2,2,5,50.0,0,0.0,0.0,0.0,0.0,1.937984496124031,20,2024
1,2,2,6,0.0,1,91.09375,113.32361516034986,91.09375,102.59426847662142,64.24418604651163,663,2024
1,2,2,6,10.0,0,85.52995391705069,110.7883817427386,85.52995391705069,98.82096069868996,44.37984496124031,458,2024
1,2,2,6,20.0,0,102.68817204301075,139.4915254237288,102.68817204301075,123.27014218009478,20.44573643410853,211,2024
1,2,2,6,30.0,0,107.95454545454545,217.73584905660377,107.95454545454545,167.93814432989691,9.39922480620155,97,2024
1,2,2,6,40.0,0,197.91666666666666,147.74193548387098,147.74193548387098,169.63636363636363,5.329457364341085,55,2024
1,2,2,6,50.0,0,0.0,0.0,0.0,0.0,2.7131782945736433,28,2024
1,2,2,7,0.0,1,87.8012048192771,108.8795518207283,87.8012048192771,98.72278664731495,66.76356589147287,689,2024
1,2,2,7,10.0,0,81.04803493449782,104.70588235294117,81.04803493449782,93.51239669421487,46.89922480620155,484,2024
1,2,2,7,20.0,0,92.71844660194175,125.64885496183206,92.71844660194175,111.15384615384616,22.674418604651162,234,2024
1,2,2,7,30.0,0,89.62264150943396,180.3125,89.62264150943396,139.23076923076923,11.337209302325581,117,2024
1,2,2,7,40.0,0,148.4375,114.5,114.5,129.58333333333334,6.976744186046512,72,2024
1,2,2,7,50.0,0,0.0,0.0,0.0,0.0,3.875968992248062,40,2024
1,2,3,5,0.0,0,92.02020202020202,94.09756097560975,92.02020202020202,93.07692307692308,39.05038759689923,403,2024
1,2,3,5,10.0,0,77.73972602739725,87.92207792207792,77.73972602739725,82.96666666666667,29.069767441860463,300,2024
1,2,3,5,20.0,0,67.6056338028169,67.66233766233766,67.6056338028169,67.63513513513513,14.34108527131783,148,2024
1,2,3,5,30.0,0,0.0,96.7741935483871,0.0,49.18032786885246,5.910852713178294,61,2024
1,2,3,5,40.0,0,0.0,0.0,0.0,0.0,2.9069767441860463,30,2024
1,2,3,5,50.0,0,0.0,0.0,0.0,0.0,1.6472868217054264,17,2024
1,2,3,6,0.0,0,109.90430622009569,86.50224215246637,86.50224215246637,97.82407407407408,41.86046511627907,432,2024
1,2,3,6,10.0,0,102.54777070063695,78.72093023255815,78.72093023255815,90.09118541033435,31.87984496124031,329,2024
1,2,3,6,20.0,0,119.375,56.02150537634409,56.02150537634409,85.3179190751445,16.76356589147287,173,2024
1,2,3,6,30.0,0,125.0,69.76744186046511,69.76744186046511,95.67901234567901,7.848837209302325,81,2024
1,2,3,6,40.0,0,226.1904761904762,0.0,0.0,103.26086956521739,4.457364341085271,46,2024
1,2,3,6,50.0,0,0.0,0.0,0.0,0.0,2.4224806201550386,25,2024
1,2,3,7,0.0,0,103.9366515837104,81.39240506329114,81.39240506329114,92.2707423580786,44.37984496124031,458,2024
1,2,3,7,10.0,0,95.26627218934911,72.79569892473118,72.79569892473118,83.49295774647888,34.39922480620155,355,2024
1,2,3,7,20.0,0,106.11111111111111,49.15094339622642,49.15094339622642,75.3061224489796,18.992248062015506,196,2024
1,2,3,7,30.0,0,101.06382978723404,55.55555555555556,55.55555555555556,76.73267326732673,9.786821705426357,101,2024
1,2,3,7,40.0,0,163.79310344827587,0.0,0.0,75.39682539682539,6.104651162790698,63,2024
1,2,3,7,50.0,0,0.0,0.0,0.0,0.0,3.5852713178294575,37,2024
1,2,4,5,0.0,0,71.41176470588235,92.47422680412372,71.41176470588235,82.63736263736264,17.635658914728683,182,2024
1,2,4,5,10.0,0,84.30555555555556,90.0,84.30555555555556,87.45341614906832,15.60077519379845,161,2024
1,2,4,5,20.0,0,61.21951219512195,57.69230769230769,57.69230769230769,59.24731182795699,9.011627906976743,93,2024
1,2,4,5,30.0,0,0.0,130.43478260869566,0.0,73.17073170731707,3.9728682170542635,41,2024
1,2,4,5,40.0,0,0.0,0.0,0.0,0.0,1.744186046511628,18,2024
1,2,4,5,50.0,0,0.0,0.0,0.0,0.0,0.9689922480620154,10,2024
1,2,4,6,0.0,0,112.70833333333333,78.0,78.0,93.7914691943128,20.44573643410853,211,2024
1,2,4,6,10.0,0,130.36144578313252,74.85981308411215,74.85981308411215,99.10526315789474,18.410852713178294,190,2024
1,2,4,6,20.0,0,145.2,44.11764705882353,44.11764705882353,86.94915254237289,11.434108527131784,118,2024
1,2,4,6,30.0,0,182.69230769230768,85.71428571428571,85.71428571428571,127.04918032786885,5.910852713178294,61,2024
1,2,4,6,40.0,0,339.2857142857143,0.0,0.0,139.7058823529412,3.294573643410853,34,2024
1,2,4,6,50.0,0,0.0,0.0,0.0,0.0,1.744186046511628,18,2024
1,2,4,7,0.0,0,100.18518518518519,69.53488372093024,69.53488372093024,83.50210970464136,22.96511627906977,237,2024
1,2,4,7,10.0,0,113.89473684210526,66.19834710743801,66.19834710743801,87.17592592592592,20.930232558139537,216,2024
1,2,4,7,20.0,0,121.0,37.03703703703704,37.03703703703704,72.76595744680851,13.662790697674419,141,2024
1,2,4,7,30.0,0,135.71428571428572,65.21739130434783,65.21739130434783,95.67901234567901,7.848837209302325,81,2024
1,2,4,7,40.0,0,215.9090909090909,0.0,0.0,93.13725490196079,4.941860465116279,51,2024
1,2,4,7,50.0,0,0.0,0.0,0.0,0.0,2.9069767441860463,30,2024
1,3,2,5,0.0,1,77.11864406779661,128.21052631578948,77.11864406779661,103.56948228882834,71.12403100775194,734,2024
1,3,2,5,10.0,0,59.525862068965516,128.3206106870229,59.525862068965516,96.01214574898785,47.86821705426357,494,2024
1,3,2,5,20.0,0,51.06382978723404,170.8403361344538,51.06382978723404,117.98122065727699,20.63953488372093,213,2024
1,3,2,5,30.0,0,0.0,302.15686274509807,0.0,167.5,8.914728682170542,92,2024
1,3,2,5,40.0,0,0.0,183.2,0.0,106.51162790697674,4.166666666666667,43,2024
1,3,2,5,50.0,0,0.0,0.0,0.0,0.0,2.131782945736434,22,2024
1,3,2,6,0.0,1,88.6842105263158,119.7051597051597,88.6842105263158,104.72681067344345,76.25968992248062,787,2024
1,3,2,6,10.0,0,78.33333333333333,116.33217993079585,78.33333333333333,98.40950639853747,53.00387596899225,547,2024
1,3,2,6,20.0,0,86.03603603603604,144.18439716312056,86.03603603603604,118.57142857142857,24.41860465116279,252,2024
1,3,2,6,30.0,0,89.62264150943396,230.0,89.62264150943396,168.0,11.627906976744185,120,2024
1,3,2,6,40.0,0,169.64285714285714,130.85714285714286,130.85714285714286,148.0952380952381,6.104651162790698,63,2024
1,3,2,6,50.0,0,0.0,0.0,0.0,0.0,3.10077519379845,32,2024
1,3,2,7,0.0,1,84.25,119.51162790697674,84.25,102.51807228915662,80.42635658914729,830,2024
1,3,2,7,10.0,0,72.6978417266187,116.31410256410257,72.6978417266187,95.76271186440678,57.17054263565891,590,2024
1,3,2,7,20.0,0,75.7936507936508,141.97530864197532,75.7936507936508,113.02083333333333,27.906976744186046,288,2024
1,3,2,7,30.0,0,70.8955223880597,185.66265060240963,70.8955223880597,134.4,14.534883720930232,150,2024
1,3,2,7,40.0,0,118.75,99.56521739130434,99.56521739130434,108.48837209302326,8.333333333333334,86,2024
1,3,2,7,50.0,0,0.0,0.0,0.0,0.0,4.748062015503876,49,2024
1,3,3,5,0.0,0,86.91358024691358,112.07692307692308,86.91358024691358,99.92047713717695,48.74031007751938,503,2024
1,3,3,5,10.0,0,65.98837209302326,106.01036269430051,65.98837209302326,87.15068493150685,35.36821705426357,365,2024
1,3,3,5,20.0,0,59.25925925925926,96.59574468085107,59.25925925925926,79.31428571428572,16.95736434108527,175,2024
1,3,3,5,30.0,0,0.0,167.5609756097561,0.0,90.39473684210526,7.364341085271318,76,2024
1,3,3,5,40.0,0,0.0,0.0,0.0,0.0,3.294573643410853,34,2024
1,3,3,5,50.0,0,0.0,0.0,0.0,0.0,1.8410852713178294,19,2024
1,3,3,6,0.0,0,102.30483271375465,101.53310104529616,101.53310104529616,101.90647482014388,53.87596899224806,556,2024
1,3,3,6,10.0,0,89.64646464646465,93.0,89.64646464646465,91.41148325358851,40.50387596899225,418,2024
1,3,3,6,20.0,0,97.44897959183673,78.27586206896552,78.27586206896552,87.05607476635514,20.73643410852713,214,2024
1,3,3,6,30.0,0,101.06382978723404,120.52631578947368,101.06382978723404,111.73076923076923,10.077519379844961,104,2024
1,3,3,6,40.0,0,190.0,0.0,0.0,87.96296296296296,5.232558139534884,54,2024
1,3,3,6,50.0,0,0.0,0.0,0.0,0.0,2.810077519379845,29,2024
1,3,3,7,0.0,0,95.22491349480968,102.61290322580645,95.22491349480968,99.04841402337229,58.042635658914726,599,2024
1,3,3,7,10.0,0,81.42201834862385,95.18518518518519,81.42201834862385,88.6767895878525,44.67054263565891,461,2024
1,3,3,7,20.0,0,84.51327433628319,85.76642335766424,84.51327433628319,85.2,24.224806201550386,250,2024
1,3,3,7,30.0,0,77.8688524590164,94.10958904109589,77.8688524590164,86.71641791044776,12.984496124031008,134,2024
1,3,3,7,40.0,0,128.3783783783784,0.0,0.0,61.688311688311686,7.461240310077519,77,2024
1,3,3,7,50.0,0,0.0,0.0,0.0,0.0,4.457364341085271,46,2024
1,3,4,5,0.0,0,69.0,123.8157894736842,69.0,98.54609929078015,27.325581395348838,282,2024
1,3,4,5,10.0,0,61.93877551020408,116.640625,61.93877551020408,92.92035398230088,21.899224806201552,226,2024
1,3,4,5,20.0,0,49.21568627450981,99.56521739130434,49.21568627450981,78.16666666666667,11.627906976744185,120,2024
1,3,4,5,30.0,0,0.0,208.1818181818182,0.0,122.67857142857143,5.426356589147287,56,2024
1,3,4,5,40.0,0,0.0,0.0,0.0,0.0,2.131782945736434,22,2024
1,3,4,5,50.0,0,0.0,0.0,0.0,0.0,1.1627906976744187,12,2024
1,3,4,6,0.0,0,98.52564102564102,105.13966480446928,98.52564102564102,102.05970149253731,32.46124031007752,335,2024
1,3,4,6,10.0,0,100.56451612903226,96.3225806451613,96.3225806451613,98.2078853046595,27.03488372093023,279,2024
1,3,4,6,20.0,0,106.76470588235294,75.49450549450549,75.49450549450549,88.86792452830188,15.406976744186046,159,2024
1,3,4,6,30.0,0,135.71428571428572,140.20408163265307,135.71428571428572,138.33333333333334,8.13953488372093,84,2024
1,3,4,6,40.0,0,263.8888888888889,0.0,0.0,113.0952380952381,4.069767441860465,42,2024
1,3,4,6,50.0,0,0.0,0.0,0.0,0.0,2.131782945736434,22,2024
1,3,4,7,0.0,0,87.32954545454545,106.38613861386139,87.32954545454545,97.51322751322752,36.627906976744185,378,2024
1,3,4,7,10.0,0,86.59722222222223,98.87640449438203,86.59722222222223,93.38509316770187,31.2015503875969,322,2024
1,3,4,7,20.0,0,87.46987951807229,85.17857142857143,85.17857142857143,86.15384615384616,18.8953488372093,195,2024
1,3,4,7,30.0,0,96.93877551020408,105.6923076923077,96.93877551020408,101.9298245614035,11.046511627906977,114,2024
1,3,4,7,40.0,0,158.33333333333334,0.0,0.0,73.07692307692308,6.2984496124031,65,2024
1,3,4,7,50.0,0,0.0,0.0,0.0,0.0,3.7790697674418605,39,2024
3,1,2,5,0.0,0,93.9463601532567,85.7379767827529,85.7379767827529,89.54666666666667,36.33720930232558,1125,2024
3,1,2,5,10.0,0,100.9925558312655,79.64730290456431,79.64730290456431,89.36723163841808,34.39922480620155,885,2024
3,1,2,5,20.0,0,112.19730941704036,93.2258064516129,93.2258064516129,101.65338645418326,26.84108527131783,502,2024
3,1,2,5,30.0,0,105.21008403361344,85.3623188405797,85.3623188405797,94.55252918287938,15.69767441860465,257,2024
3,1,2,5,40.0,0,143.28125,55.18072289156626,55.18072289156626,93.5374149659864,10.368217054263566,147,2024
3,1,2,5,50.0,0,229.25,0.0,0.0,101.88888888888889,6.686046511627907,90,2024
3,1,2,6,0.0,0,100.77777777777777,82.8525641025641,82.8525641025641,91.16838487972508,37.5968992248062,1164,2024
3,1,2,6,10.0,0,109.45368171021377,76.3220675944334,76.3220675944334,91.41774891774892,35.65891472868217,924,2024
3,1,2,6,20.0,0,126.66666666666667,86.98996655518394,86.98996655518394,104.65677179962894,28.100775193798448,539,2024
3,1,2,6,30.0,0,132.59259259259258,75.51282051282051,75.51282051282051,101.99312714776632,16.86046511627907,291,2024
3,1,2,6,40.0,0,188.96103896103895,47.708333333333336,47.708333333333336,110.57803468208093,11.434108527131784,173,2024
3,1,2,6,50.0,0,296.9387755102041,0.0,0.0,132.27272727272728,7.558139534883721,110,2024
3,1,2,7,0.0,0,98.05405405405405,79.78395061728395,79.78395061728395,88.21280133000832,38.85658914728682,1203,2024
3,1,2,7,10.0,0,105.68807339449542,72.84629981024668,72.84629981024668,87.71547248182762,36.91860465116279,963,2024
3,1,2,7,20.0,0,119.68503937007874,80.52631578947368,80.52631578947368,97.76429809358753,29.36046511627907,577,2024
3,1,2,7,30.0,0,122.6027397260274,65.81005586592178,65.81005586592178,91.32307692307693,18.12015503875969,325,2024
3,1,2,7,40.0,0,165.3409090909091,39.14529914529915,39.14529914529915,93.3170731707317,12.693798449612403,205,2024
3,1,2,7,50.0,0,259.82142857142856,0.0,0.0,106.98529411764706,8.720930232558139,136,2024
3,1,3,5,0.0,0,106.6137566137566,59.958847736625515,59.958847736625515,80.37037037037037,13.953488372093023,432,2024
3,1,3,5,10.0,0,109.39759036144578,51.44186046511628,51.44186046511628,76.69291338582677,13.662790697674419,381,2024
3,1,3,5,20.0,0,109.58677685950413,35.2317880794702,35.2317880794702,68.30882352941177,12.5,272,2024
3,1,3,5,30.0,0,47.183098591549296,37.241379310344826,37.241379310344826,41.70886075949367,8.430232558139535,158,2024
3,1,3,5,40.0,0,0.0,0.0,0.0,0.0,6.589147286821706,103,2024
3,1,3,5,50.0,0,0.0,0.0,0.0,0.0,4.457364341085271,64,2024
3,1,3,6,0.0,0,123.33333333333333,55.18939393939394,55.18939393939394,85.1380042462845,15.213178294573643,471,2024
3,1,3,6,10.0,0,127.93478260869566,46.86440677966102,46.86440677966102,82.38095238095238,14.922480620155039,420,2024
3,1,3,6,20.0,0,135.07246376811594,31.11111111111111,31.11111111111111,77.54045307443366,13.75968992248062,309,2024
3,1,3,6,30.0,0,100.34482758620689,30.857142857142858,30.857142857142858,62.34375,9.593023255813954,192,2024
3,1,3,6,40.0,0,92.75862068965517,0.0,0.0,41.70542635658915,7.655038759689923,129,2024
3,1,3,6,50.0,0,149.44444444444446,0.0,0.0,64.04761904761905,5.329457364341085,84,2024
3,1,3,7,0.0,0,115.0,50.59027777777778,50.59027777777778,78.62745098039215,16.472868217054263,510,2024
3,1,3,7,10.0,0,118.29145728643216,42.53846153846154,42.53846153846154,75.38126361655773,16.18217054263566,459,2024
3,1,3,7,20.0,0,122.63157894736842,27.28205128205128,27.28205128205128,69.04899135446686,15.01937984496124,347,2024
3,1,3,7,30.0,0,89.08163265306122,25.3125,25.3125,52.9646017699115,10.852713178294573,226,2024
3,1,3,7,40.0,0,77.97101449275362,0.0,0.0,33.41614906832298,8.914728682170542,161,2024
3,1,3,7,50.0,0,125.11627906976744,0.0,0.0,48.90909090909091,6.492248062015504,110,2024
3,1,4,5,0.0,0,162.94871794871796,51.49122807017544,51.49122807017544,96.77083333333333,6.2015503875969,192,2024
3,1,4,5,10.0,0,174.1095890410959,44.63636363636363,44.63636363636363,96.28415300546447,6.2015503875969,183,2024
3,1,4,5,20.0,0,210.0,38.57142857142857,38.57142857142857,104.11764705882354,5.717054263565892,136,2024
3,1,4,5,30.0,0,111.66666666666667,61.132075471698116,61.132075471698116,79.39759036144578,4.554263565891473,83,2024
3,1,4,5,40.0,0,0.0,0.0,0.0,0.0,3.391472868217054,56,2024
3,1,4,5,50.0,0,0.0,0.0,0.0,0.0,2.4224806201550386,36,2024
3,1,4,6,0.0,0,188.4375,43.48148148148148,43.48148148148148,103.72294372294373,7.461240310077519,231,2024
3,1,4,6,10.0,0,198.7912087912088,37.48091603053435,37.48091603053435,103.6036036036036,7.461240310077519,222,2024
3,1,4,6,20.0,0,236.231884057971,31.153846153846153,31.153846153846153,112.94797687861272,6.976744186046512,173,2024
3,1,4,6,30.0,0,189.7826086956522,45.63380281690141,45.63380281690141,102.3076923076923,5.717054263565892,117,2024
3,1,4,6,40.0,0,185.51724137931035,0.0,0.0,65.60975609756098,4.457364341085271,82,2024
3,1,4,6,50.0,0,316.47058823529414,0.0,0.0,96.07142857142857,3.294573643410853,56,2024
3,1,4,7,0.0,0,162.97297297297297,36.918238993710695,36.918238993710695,88.74074074074075,8.720930232558139,270,2024
3,1,4,7,10.0,0,170.66037735849056,31.677419354838708,31.677419354838708,88.12260536398468,8.720930232558139,261,2024
3,1,4,7,20.0,0,196.3855421686747,25.3125,25.3125,92.60663507109005,8.236434108527131,211,2024
3,1,4,7,30.0,0,153.1578947368421,34.46808510638298,34.46808510638298,79.27152317880795,6.976744186046512,151,2024
3,1,4,7,40.0,0,134.5,0.0,0.0,47.19298245614035,5.717054263565892,114,2024
3,1,4,7,50.0,0,224.16666666666666,0.0,0.0,65.60975609756098,4.457364341085271,82,2024
3,2,2,5,0.0,0,78.30636461704422,86.17435897435898,78.30636461704422,82.33964248159832,61.434108527131784,1902,2024
3,2,2,5,10.0,0,79.58445040214477,79.44168734491315,79.44168734491315,79.51030927835052,59.49612403100775,1552,2024
3,2,2,5,20.0,0,84.75972540045767,88.80658436213992,84.75972540045767,86.89057421451788,47.77131782945737,923,2024
3,2,2,5,30.0,0,81.5702479338843,60.326530612244895,60.326530612244895,70.88295687885011,29.941860465116278,487,2024
3,2,2,5,40.0,0,74.55284552845528,32.714285714285715,32.714285714285715,52.28136882129277,19.186046511627907,263,2024
3,2,2,5,50.0,0,120.65789473684211,0.0,0.0,58.037974683544306,12.693798449612403,158,2024
3,2,2,6,0.0,1,86.16666666666667,88.22157434402332,86.16666666666667,87.22976370035194,64.24418604651163,1989,2024
3,2,2,6,10.0,0,89.21694480102695,82.31395348837209,82.31395348837209,85.59487492373398,62.3062015503876,1639,2024
3,2,2,6,20.0,0,100.7905982905983,93.13432835820896,93.13432835820896,96.70318725099601,50.58139534883721,1004,2024
3,2,2,6,30.0,0,111.45522388059702,75.84507042253522,75.84507042253522,93.1340579710145,32.36434108527132,552,2024
3,2,2,6,40.0,0,132.1917808219178,68.3132530120482,68.3132530120482,98.2051282051282,21.414728682170544,312,2024
3,2,2,6,50.0,0,163.48314606741573,65.0,65.0,110.41450777202073,14.631782945736434,193,2024
3,2,2,7,0.0,1,83.05220883534136,84.76190476190476,83.05220883534136,83.93807450411224,66.76356589147287,2067,2024
3,2,2,7,10.0,1,85.2760736196319,78.48115299334812,78.48115299334812,81.70646476412347,64.82558139534883,1717,2024
3,2,2,7,20.0,0,94.15169660678643,86.51646447140381,86.51646447140381,90.06493506493507,53.10077519379845,1078,2024
3,2,2,7,30.0,0,100.23489932885906,67.10280373831776,67.10280373831776,83.05331179321486,34.883720930232556,619,2024
3,2,2,7,40.0,0,111.5606936416185,57.857142857142854,57.857142857142854,83.03523035230353,23.837209302325583,369,2024
3,2,2,7,50.0,0,137.26415094339623,53.22834645669291,53.22834645669291,91.45922746781116,16.569767441860463,233,2024
3,2,3,5,0.0,0,73.56902356902357,76.2439024390244,73.56902356902357,74.92969396195203,39.05038759689923,1209,2024
3,2,3,5,10.0,0,72.35756385068763,68.08905380333952,68.08905380333952,70.16221374045801,38.75968992248062,1048,2024
3,2,3,5,20.0,0,75.46268656716418,62.76536312849162,62.76536312849162,68.9033189033189,33.43023255813954,693,2024
3,2,3,5,30.0,0,54.48453608247423,32.16494845360825,32.16494845360825,43.324742268041234,22.674418604651162,388,2024
3,2,3,5,40.0,0,0.0,0.0,0.0,0.0,15.406976744186046,219,2024
3,2,3,5,50.0,0,0.0,0.0,0.0,0.0,10.465116279069768,132,2024
3,2,3,6,0.0,0,85.85326953748006,80.19431988041853,80.19431988041853,82.9320987654321,41.86046511627907,1296,2024
3,2,3,6,10.0,0,86.64206642066421,73.28836424957842,73.28836424957842,79.66519823788546,41.56976744186046,1135,2024
3,2,3,6,20.0,0,96.74863387978142,71.6421568627451,71.6421568627451,83.5142118863049,36.24031007751938,774,2024
3,2,3,6,30.0,0,94.0909090909091,55.79399141630901,55.79399141630901,74.39293598233995,25.0968992248062,453,2024
3,2,3,6,40.0,0,79.76377952755905,47.94326241134752,47.94326241134752,63.02238805970149,17.635658914728683,268,2024
3,2,3,6,50.0,0,70.78947368421052,74.28571428571429,70.78947368421052,72.69461077844312,12.4031007751938,167,2024
3,2,3,7,0.0,0,81.19155354449472,75.45710267229255,75.45710267229255,78.22416302765647,44.37984496124031,1374,2024
3,2,3,7,10.0,0,81.24567474048443,68.44094488188976,68.44094488188976,74.54245671887881,44.08914728682171,1213,2024
3,2,3,7,20.0,0,88.7468671679198,65.10022271714922,65.10022271714922,76.22641509433963,38.75968992248062,848,2024
3,2,3,7,30.0,0,82.8,48.148148148148145,48.148148148148145,64.8076923076923,27.61627906976744,520,2024
3,2,3,7,40.0,0,65.77922077922078,39.53216374269006,39.53216374269006,51.96923076923077,20.058139534883722,325,2024
3,2,3,7,50.0,0,57.8494623655914,59.29824561403509,57.8494623655914,58.64734299516908,14.34108527131783,207,2024
3,2,4,5,0.0,0,66.62745098039215,55.84192439862543,55.84192439862543,60.879120879120876,17.635658914728683,546,2024
3,2,4,5,10.0,0,72.91845493562232,48.827838827838825,48.827838827838825,59.92094861660079,17.635658914728683,506,2024
3,2,4,5,20.0,0,82.90123456790124,42.44897959183673,42.44897959183673,60.754189944134076,16.085271317829456,358,2024
3,2,4,5,30.0,0,34.183673469387756,54.26086956521739,34.183673469387756,45.02347417840375,12.4031007751938,213,2024
3,2,4,5,40.0,0,0.0,0.0,0.0,0.0,8.333333333333334,120,2024
3,2,4,5,50.0,0,0.0,0.0,0.0,0.0,5.717054263565892,75,2024
3,2,4,6,0.0,0,94.16666666666667,66.69565217391305,66.69565217391305,79.19431279620854,20.44573643410853,633,2024
3,2,4,6,10.0,0,101.95488721804512,61.43730886850153,61.43730886850153,79.61214165261383,20.44573643410853,593,2024
3,2,4,6,20.0,0,122.07253886010362,61.300813008130085,61.300813008130085,88.01822323462414,18.8953488372093,439,2024
3,2,4,6,30.0,0,108.70967741935483,84.41558441558442,84.41558441558442,95.25179856115108,14.825581395348838,278,2024
3,2,4,6,40.0,0,138.76712328767124,70.41666666666667,70.41666666666667,99.94082840236686,10.562015503875969,169,2024
3,2,4,6,50.0,0,131.21951219512195,97.97101449275362,97.97101449275362,110.36363636363636,7.655038759689923,110,2024
3,2,4,7,0.0,0,83.70370370370371,59.457364341085274,59.457364341085274,70.50632911392405,22.96511627906977,711,2024
3,2,4,7,10.0,0,89.80132450331126,54.44444444444444,54.44444444444444,70.35767511177347,22.96511627906977,671,2024
3,2,4,7,20.0,0,104.24778761061947,52.54355400696864,52.54355400696864,75.32163742690058,21.414728682170544,513,2024
3,2,4,7,30.0,0,87.53246753246754,68.06282722513089,68.06282722513089,76.7536231884058,17.344961240310077,345,2024
3,2,4,7,40.0,0,101.3,53.65079365079365,53.65079365079365,74.73451327433628,12.984496124031008,226,2024
3,2,4,7,50.0,0,92.75862068965517,73.47826086956522,73.47826086956522,80.93333333333334,9.593023255813954,150,2024
3,3,2,5,0.0,1,79.01129943502825,85.49122807017544,79.01129943502825,82.36603088101725,71.12403100775194,2202,2024
3,3,2,5,10.0,1,79.47245017584994,78.54583772391992,78.54583772391992,78.98446170921198,69.18604651162791,1802,2024
3,3,2,5,20.0,0,83.15068493150685,84.38144329896907,83.15068493150685,83.8060384263495,56.58914728682171,1093,2024
3,3,2,5,30.0,0,68.78048780487805,61.348684210526315,61.348684210526315,64.95769881556683,36.531007751937985,591,2024
3,3,2,5,40.0,0,59.93464052287582,27.261904761904763,27.261904761904763,42.834890965732086,23.643410852713178,321,2024
3,3,2,5,50.0,0,96.52631578947368,0.0,0.0,47.512953367875646,15.69767441860465,193,2024
3,3,2,6,0.0,1,83.93859649122807,85.35626535626535,83.93859649122807,84.67174925878865,76.25968992248062,2361,2024
3,3,2,6,10.0,1,85.4672395273899,79.00874635568513,79.00874635568513,82.0765306122449,74.32170542635659,1960,2024
3,3,2,6,20.0,0,91.19584055459272,85.82181259600614,85.82181259600614,88.34690553745928,61.724806201550386,1228,2024
3,3,2,6,30.0,0,89.16417910447761,71.17647058823529,71.17647058823529,79.88439306358381,40.69767441860465,692,2024
3,3,2,6,40.0,0,99.48453608247422,55.31707317073171,55.31707317073171,76.79197994987469,27.51937984496124,399,2024
3,3,2,6,50.0,0,119.26229508196721,52.4031007751938,52.4031007751938,84.9003984063745,19.186046511627907,251,2024
3,3,2,7,0.0,1,79.74166666666666,82.86046511627907,79.74166666666666,81.35742971887551,80.42635658914729,2490,2024
3,3,2,7,10.0,1,80.29263370332997,76.47540983606558,76.47540983606558,78.28626136907612,78.48837209302326,2089,2024
3,3,2,7,20.0,1,83.39144215530904,81.75977653631286,81.75977653631286,82.52412769116555,65.89147286821705,1347,2024
3,3,2,7,30.0,0,77.78645833333333,61.824817518248175,61.824817518248175,69.53459119496856,44.76744186046512,795,2024
3,3,2,7,40.0,0,81.43459915611814,45.91093117408907,45.91093117408907,63.30578512396694,31.3953488372093,484,2024
3,3,2,7,50.0,0,95.72368421052632,41.47239263803681,41.47239263803681,67.65079365079364,22.48062015503876,315,2024
3,3,3,5,0.0,0,75.47325102880659,77.34615384615384,75.47325102880659,76.441351888668,48.74031007751938,1509,2024
3,3,3,5,10.0,0,73.45779220779221,69.22287390029325,69.22287390029325,71.2326656394453,48.44961240310077,1298,2024
3,3,3,5,20.0,0,75.13447432762837,62.59911894273128,62.59911894273128,68.53997682502897,42.248062015503876,863,2024
3,3,3,5,30.0,0,44.22594142259414,39.9604743083004,39.9604743083004,42.03252032520325,29.26356589147287,492,2024
3,3,3,5,40.0,0,0.0,0.0,0.0,0.0,19.864341085271317,277,2024
3,3,3,5,50.0,0,0.0,0.0,0.0,0.0,13.468992248062015,167,2024
3,3,3,6,0.0,0,82.77571251548947,77.92102206736354,77.92102206736354,80.26978417266187,53.87596899224806,1668,2024
3,3,3,6,10.0,0,82.1757925072046,70.8267716535433,70.8267716535433,76.23626373626374,53.58527131782946,1456,2024
3,3,3,6,20.0,0,86.02105263157895,67.26577437858509,67.26577437858509,76.19238476953907,47.383720930232556,998,2024
3,3,3,6,30.0,0,72.12543554006969,55.130718954248366,55.130718954248366,63.35581787521079,33.43023255813954,593,2024
3,3,3,6,40.0,0,57.885714285714286,37.55555555555556,37.55555555555556,47.57746478873239,23.74031007751938,355,2024
3,3,3,6,50.0,0,49.357798165137616,58.275862068965516,49.357798165137616,53.955555555555556,16.95736434108527,225,2024
3,3,3,7,0.0,0,77.04728950403691,75.01075268817205,75.01075268817205,75.99332220367279,58.042635658914726,1797,2024
3,3,3,7,10.0,0,75.63660477453581,68.15884476534296,68.15884476534296,71.71608832807571,57.751937984496124,1585,2024
3,3,3,7,20.0,0,77.24007561436673,64.37074829931973,64.37074829931973,70.4655326768129,51.55038759689923,1117,2024
3,3,3,7,30.0,0,61.607142857142854,46.861111111111114,46.861111111111114,53.979885057471265,37.5,696,2024
3,3,3,7,40.0,0,46.46788990825688,30.45045045045045,30.45045045045045,38.38636363636363,27.61627906976744,440,2024
3,3,3,7,50.0,0,38.70503597122302,45.06666666666667,38.70503597122302,42.00692041522491,20.251937984496124,289,2024
3,3,4,5,0.0,0,72.58974358974359,65.10964912280701,65.10964912280701,68.5579196217494,27.325581395348838,846,2024
3,3,4,5,10.0,0,74.73529411764706,57.30769230769231,57.30769230769231,65.14550264550265,27.325581395348838,756,2024
3,3,4,5,20.0,0,80.0,48.86986301369863,48.86986301369863,62.78409090909091,24.9031007751938,528,2024
3,3,4,5,30.0,0,23.426573426573427,58.10344827586207,23.426573426573427,42.46056782334385,18.992248062015506,317,2024
3,3,4,5,40.0,0,0.0,0.0,0.0,0.0,12.790697674418604,178,2024
3,3,4,5,50.0,0,0.0,0.0,0.0,0.0,8.720930232558139,110,2024
3,3,4,6,0.0,0,85.66239316239316,67.87709497206704,67.87709497206704,76.1592039800995,32.46124031007752,1005,2024
3,3,4,6,10.0,0,88.97129186602871,61.693548387096776,61.693548387096776,74.16849015317287,32.46124031007752,914,2024
3,3,4,6,20.0,0,96.05960264900662,58.254847645429365,58.254847645429365,75.47511312217195,30.03875968992248,663,2024
3,3,4,6,30.0,0,70.57591623036649,74.31718061674009,70.57591623036649,72.60765550239235,23.15891472868217,418,2024
3,3,4,6,40.0,0,83.71900826446281,50.074074074074076,50.074074074074076,65.9765625,16.666666666666668,256,2024
3,3,4,6,50.0,0,72.70270270270271,71.91489361702128,71.91489361702128,72.26190476190476,12.209302325581396,168,2024
3,3,4,7,0.0,0,75.9280303030303,64.55445544554455,64.55445544554455,69.85008818342152,36.627906976744185,1134,2024
3,3,4,7,10.0,0,77.80334728033473,58.88495575221239,58.88495575221239,67.55512943432406,36.627906976744185,1043,2024
3,3,4,7,20.0,0,81.48876404494382,55.63380281690141,55.63380281690141,67.40409207161126,34.20542635658915,782,2024
3,3,4,7,30.0,0,56.166666666666664,60.0355871886121,56.166666666666664,58.25335892514396,27.228682170542637,521,2024
3,3,4,7,40.0,0,61.76829268292683,38.19209039548023,38.19209039548023,49.530791788856305,20.54263565891473,341,2024
3,3,4,7,50.0,0,51.73076923076923,52.8125,51.73076923076923,52.327586206896555,15.503875968992247,232,2024
5,1,2,5,0.0,0,72.816091954023,80.74626865671642,72.816091954023,77.06666666666666,36.33720930232558,1875,2024
5,1,2,5,10.0,0,73.41001353179973,77.53142857142858,73.41001353179973,75.64436183395291,36.33720930232558,1614,2024
5,1,2,5,20.0,0,67.10794297352342,83.23383084577114,67.10794297352342,75.9963436928702,35.46511627906977,1094,2024
5,1,2,5,30.0,0,53.588039867109636,91.78571428571429,53.588039867109636,74.49624060150376,30.135658914728683,665,2024
5,1,2,5,40.0,0,50.10928961748634,55.81896551724138,50.10928961748634,53.30120481927711,22.674418604651162,415,2024
5,1,2,5,50.0,0,78.37606837606837,0.0,0.0,35.13409961685824,16.569767441860463,261,2024
5,1,2,6,0.0,0,77.78888888888889,78.02884615384616,77.78888888888889,77.91752577319588,37.5968992248062,1940,2024
5,1,2,6,10.0,0,79.20676202860858,74.54945054945055,74.54945054945055,76.6825491363907,37.5968992248062,1679,2024
5,1,2,6,20.0,0,73.85356454720616,78.79120879120879,73.85356454720616,76.57439446366782,36.724806201550386,1156,2024
5,1,2,6,30.0,0,65.98159509202453,84.58227848101266,65.98159509202453,76.17198335644937,31.3953488372093,721,2024
5,1,2,6,40.0,0,71.32352941176471,50.1937984496124,50.1937984496124,59.523809523809526,23.934108527131784,462,2024
5,1,2,6,50.0,0,108.58208955223881,0.0,0.0,48.66220735785953,17.635658914728683,299,2024
5,1,2,7,0.0,0,75.68648648648649,75.13888888888889,75.13888888888889,75.39152119700748,38.85658914728682,2005,2024
5,1,2,7,10.0,0,76.71284634760706,71.41052631578947,71.41052631578947,73.82454128440367,38.85658914728682,1744,2024
5,1,2,7,20.0,0,70.58931860036833,74.13589364844904,70.58931860036833,72.55737704918033,37.98449612403101,1220,2024
5,1,2,7,30.0,0,61.98847262247838,76.9815668202765,61.98847262247838,70.32010243277848,32.65503875968992,781,2024
5,1,2,7,40.0,0,64.95535714285714,43.898305084745765,43.898305084745765,52.98651252408478,25.1937984496124,519,2024
5,1,2,7,50.0,0,97.6510067114094,0.0,0.0,41.810344827586206,18.8953488372093,348,2024
5,1,3,5,0.0,0,98.31746031746032,73.82716049382717,73.82716049382717,84.54166666666667,13.953488372093023,720,2024
5,1,3,5,10.0,0,97.6470588235294,70.0,70.0,81.996996996997,13.953488372093023,666,2024
5,1,3,5,20.0,0,84.12280701754386,63.479729729729726,63.479729729729726,72.4618320610687,13.856589147286822,524,2024
5,1,3,5,30.0,0,44.903225806451616,72.98969072164948,44.903225806451616,60.51575931232092,12.887596899224807,349,2024
5,1,3,5,40.0,0,0.0,29.705882352941178,0.0,17.11864406779661,10.852713178294573,236,2024
5,1,3,5,50.0,0,0.0,0.0,0.0,0.0,7.945736434108527,152,2024
5,1,3,6,0.0,0,109.07246376811594,67.95454545454545,67.95454545454545,86.02547770700637,15.213178294573643,785,2024
5,1,3,6,10.0,0,109.34169278996865,64.05339805825243,64.05339805825243,83.81668946648426,15.213178294573643,731,2024
5,1,3,6,20.0,0,95.9375,56.93939393939394,56.93939393939394,73.97610921501706,15.116279069767442,586,2024
5,1,3,6,30.0,0,68.55555555555556,62.93333333333333,62.93333333333333,65.4320987654321,14.147286821705427,405,2024
5,1,3,6,40.0,0,44.46280991735537,24.938271604938272,24.938271604938272,33.28621908127209,12.112403100775193,283,2024
5,1,3,6,50.0,0,64.04761904761905,0.0,0.0,28.31578947368421,9.011627906976743,190,2024
5,1,3,7,0.0,0,101.70270270270271,62.291666666666664,62.291666666666664,79.44705882352942,16.472868217054263,850,2024
5,1,3,7,10.0,0,101.3953488372093,58.38495575221239,58.38495575221239,76.97236180904522,16.472868217054263,796,2024
5,1,3,7,20.0,0,87.71428571428571,50.78378378378378,50.78378378378378,66.6923076923077,16.375968992248062,650,2024
5,1,3,7,30.0,0,61.39303482587065,53.63636363636363,53.63636363636363,56.98924731182796,15.406976744186046,465,2024
5,1,3,7,40.0,0,38.156028368794324,20.301507537688444,20.301507537688444,27.705882352941178,13.372093023255815,340,2024
5,1,3,7,50.0,0,54.343434343434346,0.0,0.0,22.510460251046027,10.271317829457365,239,2024
5,1,4,5,0.0,0,120.3076923076923,62.1578947368421,62.1578947368421,85.78125,6.2015503875969,320,2024
5,1,4,5,10.0,0,125.12,58.333333333333336,58.333333333333336,85.17684887459806,6.2015503875969,311,2024
5,1,4,5,20.0,0,114.94736842105263,60.0,60.0,81.04838709677419,6.104651162790698,248,2024
5,1,4,5,30.0,0,50.75757575757576,61.388888888888886,50.75757575757576,57.35632183908046,5.813953488372093,174,2024
5,1,4,5,40.0,0,0.0,0.0,0.0,0.0,5.232558139534884,125,2024
5,1,4,5,50.0,0,0.0,0.0,0.0,0.0,3.9728682170542635,81,2024
5,1,4,6,0.0,0,139.375,52.48888888888889,52.48888888888889,88.59740259740259,7.461240310077519,385,2024
5,1,4,6,10.0,0,143.8709677419355,49.09502262443439,49.09502262443439,88.16489361702128,7.461240310077519,376,2024
5,1,4,6,20.0,0,132.52032520325204,49.09090909090909,49.09090909090909,82.19354838709677,7.364341085271318,310,2024
5,1,4,6,30.0,0,95.93406593406593,47.697841726618705,47.697841726618705,66.78260869565217,7.073643410852713,230,2024
5,1,4,6,40.0,0,88.19672131147541,0.0,0.0,31.27906976744186,6.492248062015504,172,2024
5,1,4,6,50.0,0,134.5,0.0,0.0,45.21008403361345,5.038759689922481,119,2024
5,1,4,7,0.0,0,120.54054054054055,44.56603773584906,44.56603773584906,75.8,8.720930232558139,450,2024
5,1,4,7,10.0,0,123.88888888888889,41.57088122605364,41.57088122605364,75.17006802721089,8.720930232558139,441,2024
5,1,4,7,20.0,0,110.8843537414966,40.440528634361236,40.440528634361236,68.1283422459893,8.624031007751938,374,2024
5,1,4,7,30.0,0,77.94642857142857,37.247191011235955,37.247191011235955,52.96551724137931,8.333333333333334,290,2024
5,1,4,7,40.0,0,66.41975308641975,0.0,0.0,23.49344978165939,7.751937984496124,229,2024
5,1,4,7,50.0,0,97.81818181818181,0.0,0.0,32.023809523809526,6.2984496124031,168,2024
5,2,2,5,0.0,0,69.15210355987055,79.76615384615384,69.15210355987055,74.59305993690852,61.434108527131784,3170,2024
5,2,2,5,10.0,0,68.73427091043672,76.02635228848821,68.73427091043672,72.49910490511995,61.434108527131784,2793,2024
5,2,2,5,20.0,0,63.350895679662806,79.36954413191077,63.350895679662806,71.6919191919192,60.46511627906977,1980,2024
5,2,2,5,30.0,0,63.63636363636363,74.94623655913979,63.63636363636363,69.4984076433121,52.713178294573645,1256,2024
5,2,2,5,40.0,0,64.0,60.023696682464454,60.023696682464454,61.907730673316706,42.44186046511628,802,2024
5,2,2,5,50.0,0,94.26356589147287,30.622710622710624,30.622710622710624,61.54425612052731,33.236434108527135,531,2024
5,2,2,6,0.0,1,73.90625,79.52186588921283,73.90625,76.81146304675717,64.24418604651163,3315,2024
5,2,2,6,10.0,1,74.16073968705548,75.97258485639686,74.16073968705548,75.10551395507147,64.24418604651163,2938,2024
5,2,2,6,20.0,1,70.17982017982018,79.31065353625783,70.17982017982018,74.99527856468366,63.275193798449614,2118,2024
5,2,2,6,30.0,0,75.04629629629629,76.62068965517241,75.04629629629629,75.877640203933,55.52325581395349,1373,2024
5,2,2,6,40.0,0,82.41626794258373,67.13389121338912,67.13389121338912,74.26339285714286,45.15503875968992,896,2024
5,2,2,6,50.0,0,103.84615384615384,47.69716088328076,47.69716088328076,74.32835820895522,35.56201550387597,603,2024
5,2,2,7,0.0,1,71.23493975903614,76.40336134453781,71.23493975903614,73.91291727140784,66.76356589147287,3445,2024
5,2,2,7,10.0,1,71.12551159618008,72.65293383270911,71.12551159618008,71.92307692307692,66.76356589147287,3068,2024
5,2,2,7,20.0,1,66.46168401135289,74.6964586846543,66.46168401135289,70.815871600535,65.79457364341086,2243,2024
5,2,2,7,30.0,0,69.37232524964337,70.31645569620254,69.37232524964337,69.87256874580818,58.042635658914726,1491,2024
5,2,2,7,40.0,0,73.92703862660944,60.0936329588015,60.0936329588015,66.54,47.674418604651166,1000,2024
5,2,2,7,50.0,0,92.2360248447205,41.65289256198347,41.65289256198347,65.43065693430657,37.8875968992248,685,2024
5,2,3,5,0.0,0,75.21212121212122,76.45853658536585,75.21212121212122,75.84615384615384,39.05038759689923,2015,2024
5,2,3,5,10.0,0,74.17314095449501,72.22457627118644,72.22457627118644,73.17615176151762,39.05038759689923,1845,2024
5,2,3,5,20.0,0,67.56559766763849,69.65469613259668,67.56559766763849,68.63829787234043,38.85658914728682,1410,2024
5,2,3,5,30.0,0,63.89978213507625,61.41372141372141,61.41372141372141,62.62765957446808,35.46511627906977,940,2024
5,2,3,5,40.0,0,51.01010101010101,50.3680981595092,50.3680981595092,50.674157303370784,30.62015503875969,623,2024
5,2,3,5,50.0,0,72.83653846153847,39.06542056074766,39.06542056074766,55.71090047393365,24.612403100775193,422,2024
5,2,3,6,0.0,0,82.17224880382776,76.34977578475336,76.34977578475336,79.16666666666667,41.86046511627907,2160,2024
5,2,3,6,10.0,0,81.84100418410041,72.47582205029013,72.47582205029013,76.9748743718593,41.86046511627907,1990,2024
5,2,3,6,20.0,0,76.53116531165311,70.60493827160494,70.60493827160494,73.43023255813954,41.666666666666664,1548,2024
5,2,3,6,30.0,0,78.60557768924303,65.4054054054054,65.4054054054054,71.67455061494796,38.275193798449614,1057,2024
5,2,3,6,40.0,0,75.46268656716418,60.68062827225131,60.68062827225131,67.58716875871687,33.333333333333336,717,2024
5,2,3,6,50.0,0,86.99152542372882,58.604651162790695,58.604651162790695,72.16599190283401,26.93798449612403,494,2024
5,2,3,7,0.0,0,77.710407239819,71.83966244725738,71.83966244725738,74.67248908296943,44.37984496124031,2290,2024
5,2,3,7,10.0,0,77.00787401574803,67.8804347826087,67.8804347826087,72.25471698113208,44.37984496124031,2120,2024
5,2,3,7,20.0,0,71.13350125944585,65.06257110352674,65.06257110352674,67.94381350866706,44.18604651162791,1673,2024
5,2,3,7,30.0,0,71.09909909909909,58.54838709677419,58.54838709677419,64.47659574468085,40.79457364341085,1175,2024
5,2,3,7,40.0,0,66.00522193211488,52.922374429223744,52.922374429223744,59.02557856272838,35.85271317829457,821,2024
5,2,3,7,50.0,0,75.4779411764706,49.73684210526316,49.73684210526316,61.892361111111114,29.26356589147287,576,2024
5,2,4,5,0.0,0,46.870588235294115,74.70103092783505,46.870588235294115,61.7032967032967,17.635658914728683,910,2024
5,2,4,5,10.0,0,49.55223880597015,71.48068669527898,49.55223880597015,61.324884792626726,17.635658914728683,868,2024
5,2,4,5,20.0,0,42.10031347962382,71.04,42.10031347962382,57.737752161383284,17.53875968992248,694,2024
5,2,4,5,30.0,0,14.757709251101321,82.1268656716418,14.757709251101321,51.23232323232323,16.76356589147287,495,2024
5,2,4,5,40.0,0,0.0,64.14507772020725,0.0,36.62721893491124,15.310077519379846,338,2024
5,2,4,5,50.0,0,0.0,61.925925925925924,0.0,35.57446808510638,12.790697674418604,235,2024
5,2,4,6,0.0,0,65.27083333333333,74.76521739130435,65.27083333333333,70.44549763033176,20.44573643410853,1055,2024
5,2,4,6,10.0,0,68.55579868708972,72.06834532374101,68.55579868708972,70.4837117472853,20.44573643410853,1013,2024
5,2,4,6,20.0,0,63.504043126684635,72.45119305856834,63.504043126684635,68.46153846153847,20.348837209302324,832,2024
5,2,4,6,30.0,0,49.925925925925924,84.12280701754386,49.925925925925924,69.0359477124183,19.573643410852714,612,2024
5,2,4,6,40.0,0,55.3551912568306,76.86746987951807,55.3551912568306,67.75462962962963,18.023255813953487,432,2024
5,2,4,6,50.0,0,42.03125,84.46927374301676,42.03125,66.77524429967427,15.116279069767442,307,2024
5,2,4,7,0.0,0,58.01851851851852,66.65116279069767,58.01851851851852,62.71729957805907,22.96511627906977,1185,2024
5,2,4,7,10.0,0,60.59961315280464,64.00958466453675,60.59961315280464,62.46719160104987,22.96511627906977,1143,2024
5,2,4,7,20.0,0,55.175644028103044,63.0188679245283,55.175644028103044,59.519331243469175,22.868217054263567,957,2024
5,2,4,7,30.0,0,41.73374613003096,70.68796068796068,41.73374613003096,57.87671232876713,22.093023255813954,730,2024
5,2,4,7,40.0,0,43.85281385281385,62.75409836065574,43.85281385281385,54.60820895522388,20.54263565891473,536,2024
5,2,4,7,50.0,0,32.80487804878049,67.2,32.80487804878049,52.69922879177378,17.441860465116278,389,2024
5,3,2,5,0.0,1,67.59322033898304,77.26842105263158,67.59322033898304,72.60217983651226,71.12403100775194,3670,2024
5,3,2,5,10.0,1,66.38242894056847,73.09144542772862,66.38242894056847,69.88899167437557,71.12403100775194,3243,2024
5,3,2,5,20.0,1,59.60909090909091,74.5358306188925,59.60909090909091,67.48281786941581,70.15503875968992,2328,2024
5,3,2,5,30.0,0,54.84330484330484,71.85987261146497,54.84330484330484,63.82649630127774,61.724806201550386,1487,2024
5,3,2,5,40.0,0,54.285714285714285,49.666666666666664,49.666666666666664,51.82672233820459,50.58139534883721,958,2024
5,3,2,5,50.0,0,79.47712418300654,25.25679758308157,25.25679758308157,51.30298273155416,40.116279069767444,637,2024
5,3,2,6,0.0,1,69.84210526315789,76.55528255528256,69.84210526315789,73.3138500635324,76.25968992248062,3935,2024
5,3,2,6,10.0,1,69.02264600715137,72.646254784035,69.02264600715137,70.91246079270032,76.25968992248062,3507,2024
5,3,2,6,20.0,1,62.25328947368421,74.45185185185186,62.25328947368421,68.67108339828526,75.29069767441861,2566,2024
5,3,2,6,30.0,1,61.324085750315255,71.21758737316799,61.324085750315255,66.54761904761905,66.76356589147287,1680,2024
5,3,2,6,40.0,0,65.49429657794677,54.48217317487266,54.48217317487266,59.67713004484305,55.42635658914729,1115,2024
5,3,2,6,50.0,0,80.70652173913044,38.670076726342714,38.670076726342714,59.051383399209485,44.47674418604651,759,2024
5,3,2,7,0.0,1,66.35,73.70232558139534,66.35,70.15903614457831,80.42635658914729,4150,2024
5,3,2,7,10.0,1,65.14060742407199,69.72222222222223,65.14060742407199,67.53358409457282,80.42635658914729,3722,2024
5,3,2,7,20.0,1,57.83040488922842,70.62286105407256,57.83040488922842,64.57761732851985,79.45736434108527,2770,2024
5,3,2,7,30.0,1,55.198637911464246,64.13197969543147,55.198637911464246,59.91425509110397,70.93023255813954,1866,2024
5,3,2,7,40.0,0,56.94214876033058,47.682020802377416,47.682020802377416,52.06572769953052,59.593023255813954,1278,2024
5,3,2,7,50.0,0,68.75,32.72727272727273,32.72727272727273,50.13422818791946,48.35271317829457,894,2024
5,3,3,5,0.0,0,71.81893004115226,73.50769230769231,71.81893004115226,72.69184890656064,48.74031007751938,2515,2024
5,3,3,5,10.0,0,69.8816029143898,68.87218045112782,68.87218045112782,69.35511982570806,48.74031007751938,2295,2024
5,3,3,5,20.0,0,61.887694145758665,65.28773072747015,61.887694145758665,63.66894197952218,48.54651162790697,1758,2024
5,3,3,5,30.0,0,52.75179856115108,60.422764227642276,52.75179856115108,56.78052946199829,44.47674418604651,1171,2024
5,3,3,5,40.0,0,41.50684931506849,39.66183574879227,39.66183574879227,40.526315789473685,38.75968992248062,779,2024
5,3,3,5,50.0,0,59.1796875,30.735294117647058,30.735294117647058,44.52651515151515,31.492248062015506,528,2024
5,3,3,6,0.0,0,74.58736059479554,72.85017421602788,72.85017421602788,73.69064748201438,53.87596899224806,2780,2024
5,3,3,6,10.0,0,73.11889250814332,68.68519909842225,68.68519909842225,70.81281750683861,53.87596899224806,2559,2024
5,3,3,6,20.0,0,64.98426023084994,66.2607861936721,64.98426023084994,65.65130260521042,53.68217054263566,1996,2024
5,3,3,6,30.0,0,60.98918083462133,61.25523012552301,60.98918083462133,61.12903225806452,49.51550387596899,1364,2024
5,3,3,6,40.0,0,57.065462753950335,47.0182555780933,47.0182555780933,51.77350427350427,43.604651162790695,936,2024
5,3,3,6,50.0,0,64.55974842767296,45.54216867469879,45.54216867469879,54.84615384615385,35.85271317829457,650,2024
5,3,3,7,0.0,0,69.42560553633218,69.16774193548387,69.16774193548387,69.29215358931553,58.042635658914726,2995,2024
5,3,3,7,10.0,0,67.61295180722891,65.06915629322269,65.06915629322269,66.28695025234319,58.042635658914726,2774,2024
5,3,3,7,20.0,0,59.20650095602294,62.201039861351816,59.20650095602294,60.777272727272724,57.848837209302324,2200,2024
5,3,3,7,30.0,0,53.68707482993197,53.88957055214724,53.68707482993197,53.79354838709678,53.68217054263566,1550,2024
5,3,3,7,40.0,0,48.42911877394636,40.17331022530329,40.17331022530329,44.094631483166516,47.77131782945737,1099,2024
5,3,3,7,50.0,0,53.7434554973822,37.51861042183623,37.51861042183623,45.4140127388535,39.72868217054263,785,2024
5,3,4,5,0.0,0,50.33846153846154,70.28947368421052,50.33846153846154,61.09219858156028,27.325581395348838,1410,2024
5,3,4,5,10.0,0,49.78297161936561,66.16133518776078,49.78297161936561,58.71775417298938,27.325581395348838,1318,2024
5,3,4,5,20.0,0,40.170212765957444,63.53146853146853,40.170212765957444,52.994241842610364,27.228682170542637,1042,2024
5,3,4,5,30.0,0,10.339506172839506,73.70646766169155,10.339506172839506,45.42699724517907,25.775193798449614,726,2024
5,3,4,5,40.0,0,0.0,44.05693950177936,0.0,25.060728744939272,23.449612403100776,494,2024
5,3,4,5,50.0,0,0.0,43.3160621761658,0.0,24.516129032258064,19.670542635658915,341,2024
5,3,4,6,0.0,0,58.69230769230769,69.72067039106145,58.69230769230769,64.58507462686568,32.46124031007752,1675,2024
5,3,4,6,10.0,0,58.820301783264746,66.29542790152404,58.820301783264746,62.850821744627055,32.46124031007752,1582,2024
5,3,4,6,20.0,0,49.50511945392491,65.30259365994236,49.50511945392491,58.0703125,32.36434108527132,1280,2024
5,3,4,6,30.0,0,32.48192771084337,72.20238095238095,32.48192771084337,54.26550598476605,30.813953488372093,919,2024
5,3,4,6,40.0,0,34.81099656357388,53.166666666666664,34.81099656357388,44.96159754224271,28.294573643410853,651,2024
5,3,4,6,50.0,0,25.61904761904762,59.762845849802375,25.61904761904762,44.27645788336933,24.031007751937985,463,2024
5,3,4,7,0.0,0,52.02272727272727,64.42574257425743,52.02272727272727,58.65079365079365,36.627906976744185,1890,2024
5,3,4,7,10.0,0,51.72496984318456,61.17768595041322,51.72496984318456,56.81691708402894,36.627906976744185,1797,2024
5,3,4,7,20.0,0,42.72459499263623,59.61490683229814,42.72459499263623,51.886792452830186,36.531007751937985,1484,2024
5,3,4,7,30.0,0,26.79920477137177,60.4485049833887,26.79920477137177,45.13122171945702,34.98062015503876,1105,2024
5,3,4,7,40.0,0,27.37837837837838,43.108108108108105,27.37837837837838,35.958230958230956,32.46124031007752,814,2024
5,3,4,7,50.0,0,19.635036496350367,46.666666666666664,19.635036496350367,34.280936454849495,27.906976744186046,598,2024
8,1,2,5,0.0,0,68.54885057471265,73.16542288557214,68.54885057471265,71.02333333333333,36.33720930232558,3000,2024
8,1,2,5,10.0,0,68.61685214626391,70.3799185888738,68.61685214626391,69.56808199121522,36.33720930232558,2732,2024
8,1,2,5,20.0,0,64.97946611909651,70.86695278969957,64.97946611909651,68.18606825619449,36.33720930232558,2139,2024
8,1,2,5,30.0,0,67.05627705627705,78.77844311377245,67.05627705627705,73.46204188481676,35.94961240310077,1528,2024
8,1,2,5,40.0,0,80.63265306122449,57.972972972972975,57.972972972972975,68.23475046210721,34.593023255813954,1082,2024
8,1,2,5,50.0,0,100.37142857142857,51.37019230769231,51.37019230769231,73.7597911227154,31.1046511627907,766,2024
8,1,2,6,0.0,0,70.88888888888889,74.71754807692308,70.88888888888889,72.94136597938144,37.5968992248062,3104,2024
8,1,2,6,10.0,0,71.19448698315468,72.16993464052288,71.19448698315468,71.72073342736249,37.5968992248062,2836,2024
8,1,2,6,20.0,0,67.38959764474976,73.14754098360656,67.38959764474976,70.52702099151406,37.5968992248062,2239,2024
8,1,2,6,30.0,0,70.54421768707483,81.69109357384441,70.54421768707483,76.6399506781751,37.2093023255814,1622,2024
8,1,2,6,40.0,0,85.5047619047619,64.16275430359937,64.16275430359937,73.78865979381443,35.85271317829457,1164,2024
8,1,2,6,50.0,0,106.3254593175853,61.37855579868709,61.37855579868709,81.81384248210024,32.36434108527132,838,2024
8,1,2,7,0.0,0,68.97297297297297,71.95023148148148,68.97297297297297,70.57668329177058,38.85658914728682,3208,2024
8,1,2,7,10.0,0,69.07875185735513,69.27227101631117,69.07875185735513,69.18367346938776,38.85658914728682,2940,2024
8,1,2,7,20.0,0,64.9054820415879,69.50155763239876,64.9054820415879,67.42527754056363,38.85658914728682,2342,2024
8,1,2,7,30.0,0,67.2503242542153,76.27368421052631,67.2503242542153,72.2312608948286,38.468992248062015,1721,2024
8,1,2,7,40.0,0,80.16071428571429,58.57142857142857,58.57142857142857,68.16666666666667,37.1124031007752,1260,2024
8,1,2,7,50.0,0,98.56447688564477,54.78515625,54.78515625,74.2795232936078,33.62403100775194,923,2024
8,1,3,5,0.0,0,71.94444444444444,94.22839506172839,71.94444444444444,84.47916666666667,13.953488372093023,1152,2024
8,1,3,5,10.0,0,70.10460251046025,92.97253634894992,70.10460251046025,83.00820419325433,13.953488372093023,1097,2024
8,1,3,5,20.0,0,59.68292682926829,89.94350282485875,59.68292682926829,76.75876726886291,13.953488372093023,941,2024
8,1,3,5,30.0,0,39.38906752411575,108.0952380952381,39.38906752411575,78.0,13.953488372093023,710,2024
8,1,3,5,40.0,0,22.320675105485233,87.02054794520548,22.320675105485233,58.034026465028354,13.468992248062015,529,2024
8,1,3,5,50.0,0,29.226519337016576,102.74038461538461,29.226519337016576,68.53470437017995,13.178294573643411,389,2024
8,1,3,6,0.0,0,77.7536231884058,96.2215909090909,77.7536231884058,88.10509554140127,15.213178294573643,1256,2024
8,1,3,6,10.0,0,76.36882129277566,95.15555555555555,76.36882129277566,86.92756036636136,15.213178294573643,1201,2024
8,1,3,6,20.0,0,65.6043956043956,92.90102389078498,65.6043956043956,80.9702209414025,15.213178294573643,1041,2024
8,1,3,6,30.0,0,49.94334277620396,110.44345898004434,49.94334277620396,83.88059701492537,15.213178294573643,804,2024
8,1,3,6,40.0,0,39.22794117647059,94.66076696165192,39.22794117647059,69.9836333878887,14.728682170542635,611,2024
8,1,3,6,50.0,0,50.33018867924528,112.65060240963855,50.33018867924528,83.99132321041215,14.437984496124031,461,2024
8,1,3,7,0.0,0,72.5,88.203125,72.5,81.36764705882354,16.472868217054263,1360,2024
8,1,3,7,10.0,0,70.97173144876325,86.914749661705,70.97173144876325,80.0,16.472868217054263,1305,2024
8,1,3,7,20.0,0,60.4251012145749,83.75384615384615,60.4251012145749,73.68006993006993,16.472868217054263,1144,2024
8,1,3,7,30.0,0,45.32133676092545,96.90661478599222,45.32133676092545,74.6843853820598,16.472868217054263,903,2024
8,1,3,7,40.0,0,34.755700325732896,80.225,34.755700325732896,60.48090523338048,15.988372093023257,707,2024
8,1,3,7,50.0,0,44.09090909090909,92.26973684210526,44.09090909090909,70.91575091575092,15.69767441860465,546,2024
8,1,4,5,0.0,0,100.625,75.0,75.0,85.41015625,6.2015503875969,512,2024
8,1,4,5,10.0,0,103.10344827586206,72.8,72.8,85.02982107355865,6.2015503875969,503,2024
8,1,4,5,20.0,0,94.7953216374269,72.66159695817491,72.66159695817491,81.38248847926268,6.2015503875969,434,2024
8,1,4,5,30.0,0,66.46153846153847,79.23444976076556,66.46153846153847,74.33628318584071,6.2015503875969,339,2024
8,1,4,5,40.0,0,54.5360824742268,36.303030303030305,36.303030303030305,43.05343511450382,6.104651162790698,262,2024
8,1,4,5,50.0,0,73.47222222222223,48.699186991869915,48.699186991869915,57.84615384615385,5.910852713178294,195,2024
8,1,4,6,0.0,0,107.7734375,81.88888888888889,81.88888888888889,92.6461038961039,7.461240310077519,616,2024
8,1,4,6,10.0,0,109.9203187250996,80.11235955056179,80.11235955056179,92.43822075782538,7.461240310077519,607,2024
8,1,4,6,20.0,0,99.95370370370371,81.1006289308176,81.1006289308176,88.72659176029963,7.461240310077519,534,2024
8,1,4,6,30.0,0,81.51162790697674,89.04214559386973,81.51162790697674,86.05080831408776,7.461240310077519,433,2024
8,1,4,6,40.0,0,80.83333333333333,59.764150943396224,59.764150943396224,67.84883720930233,7.364341085271318,344,2024
8,1,4,6,50.0,0,103.59223300970874,77.2560975609756,77.2560975609756,87.41573033707866,7.170542635658915,267,2024
8,1,4,7,0.0,0,93.20945945945945,69.52830188679245,69.52830188679245,79.26388888888889,8.720930232558139,720,2024
8,1,4,7,10.0,0,94.81099656357388,67.9047619047619,67.9047619047619,78.91701828410689,8.720930232558139,711,2024
8,1,4,7,20.0,0,84.66666666666667,67.5130890052356,67.5130890052356,74.37990580847723,8.720930232558139,637,2024
8,1,4,7,30.0,0,67.40384615384616,71.72839506172839,67.40384615384616,70.0375939849624,8.720930232558139,532,2024
8,1,4,7,40.0,0,63.89221556886228,46.41025641025641,46.41025641025641,53.04545454545455,8.624031007751938,440,2024
8,1,4,7,50.0,0,80.22556390977444,57.853881278538815,57.853881278538815,66.30681818181819,8.430232558139535,352,2024
8,2,2,5,0.0,0,74.21925566343042,73.86538461538461,73.86538461538461,74.03785488958991,61.434108527131784,5072,2024
8,2,2,5,10.0,0,74.56665200175979,71.05677579776213,71.05677579776213,72.75928297055057,61.434108527131784,4686,2024
8,2,2,5,20.0,0,74.22759758108852,71.64110429447852,71.64110429447852,72.88741721854305,61.434108527131784,3775,2024
8,2,2,5,30.0,0,83.87573964497041,71.0942876806607,71.0942876806607,77.25490196078431,61.04651162790697,2805,2024
8,2,2,5,40.0,0,93.73360242179616,64.88218661639962,64.88218661639962,78.8157894736842,59.593023255813954,2052,2024
8,2,2,5,50.0,0,113.03763440860214,61.08695652173913,61.08695652173913,86.41546526867627,55.32945736434109,1526,2024
8,2,2,6,0.0,1,78.36328125,76.23906705539359,76.23906705539359,77.26432880844645,64.24418604651163,5304,2024
8,2,2,6,10.0,1,79.04701397712833,73.76222135314822,73.76222135314822,76.29930866205774,64.24418604651163,4918,2024
8,2,2,6,20.0,1,79.28533893851812,75.0381679389313,75.0381679389313,77.05926481620405,64.24418604651163,3999,2024
8,2,2,6,30.0,1,90.70877192982456,76.23417721518987,76.23417721518987,83.0981697171381,63.85658914728682,3005,2024
8,2,2,6,40.0,1,103.27635327635328,70.50556983718937,70.50556983718937,86.04954954954955,62.3062015503876,2220,2024
8,2,2,6,50.0,0,119.6105527638191,70.03432494279176,70.03432494279176,93.66467065868264,58.042635658914726,1670,2024
8,2,2,7,0.0,1,75.5308734939759,73.24929971988796,73.24929971988796,74.34869375907111,66.76356589147287,5512,2024
8,2,2,7,10.0,1,75.95848595848595,70.66691644810791,70.66691644810791,73.20327740928599,66.76356589147287,5126,2024
8,2,2,7,20.0,1,75.62907268170426,71.26415949252379,71.26415949252379,73.33650642551166,66.76356589147287,4202,2024
8,2,2,7,30.0,1,85.37648612945839,71.39893301719027,71.39893301719027,78.00999687597626,66.37596899224806,3201,2024
8,2,2,7,40.0,1,95.7306338028169,65.04347826086956,65.04347826086956,79.56268221574344,64.82558139534883,2401,2024
8,2,2,7,50.0,0,109.8154555940023,63.960292580982234,63.960292580982234,85.75657894736842,60.56201550387597,1824,2024
8,2,3,5,0.0,0,78.47853535353535,82.59756097560975,78.47853535353535,80.57382133995037,39.05038759689923,3224,2024
8,2,3,5,10.0,0,78.15137307434695,80.40436456996149,78.15137307434695,79.30186823992133,39.05038759689923,3051,2024
8,2,3,5,20.0,0,76.65338645418326,79.67473524962179,76.65338645418326,78.2033372138145,39.05038759689923,2577,2024
8,2,3,5,30.0,0,81.62886597938144,79.30186823992133,79.30186823992133,80.43784599899345,39.05038759689923,1987,2024
8,2,3,5,40.0,0,79.49864498644986,78.75164257555848,78.75164257555848,79.1194129419613,38.468992248062015,1499,2024
8,2,3,5,50.0,0,94.36521739130434,83.22299651567944,83.22299651567944,88.79895561357702,37.4031007751938,1149,2024
8,2,3,6,0.0,0,84.59928229665071,85.54372197309416,84.59928229665071,85.08680555555556,41.86046511627907,3456,2024
8,2,3,6,10.0,0,84.6426312460468,83.6780258519389,83.6780258519389,84.14255254340542,41.86046511627907,3283,2024
8,2,3,6,20.0,0,83.68932038834951,83.77564979480164,83.68932038834951,83.73438057836486,41.86046511627907,2801,2024
8,2,3,6,30.0,0,91.12176414189837,85.4895104895105,85.4895104895105,88.1755829903978,41.86046511627907,2187,2024
8,2,3,6,40.0,0,93.1625,84.62514417531719,84.62514417531719,88.72225554889022,41.18217054263566,1667,2024
8,2,3,6,50.0,0,104.25837320574162,91.90690690690691,91.90690690690691,97.89636504253674,40.116279069767444,1293,2024
8,2,3,7,0.0,0,80.00565610859728,80.49050632911393,80.00565610859728,80.2565502183406,44.37984496124031,3664,2024
8,2,3,7,10.0,0,79.79725700655933,78.51157662624036,78.51157662624036,79.1291893440275,44.37984496124031,3491,2024
8,2,3,7,20.0,0,78.30887491264849,77.8639542275906,77.8639542275906,78.07589880159787,44.37984496124031,3004,2024
8,2,3,7,30.0,0,83.95759717314488,78.17745803357315,78.17745803357315,80.92320604280319,44.37984496124031,2383,2024
8,2,3,7,40.0,0,84.40543601359003,76.03108808290155,76.03108808290155,80.03246753246754,43.701550387596896,1848,2024
8,2,3,7,50.0,0,93.65329512893983,81.7222963951936,81.7222963951936,87.4775397373877,42.63565891472868,1447,2024
8,2,4,5,0.0,0,85.73529411764706,74.58762886597938,74.58762886597938,79.79395604395604,17.635658914728683,1456,2024
8,2,4,5,10.0,0,88.73668188736681,72.60237780713342,72.60237780713342,80.0990099009901,17.635658914728683,1414,2024
8,2,4,5,20.0,0,91.37566137566138,71.77811550151975,71.77811550151975,80.84897959183674,17.635658914728683,1225,2024
8,2,4,5,30.0,0,92.32300884955752,79.4776119402985,79.4776119402985,85.35425101214575,17.635658914728683,988,2024
8,2,4,5,40.0,0,102.31884057971014,68.95486935866984,68.95486935866984,83.9817232375979,17.53875968992248,766,2024
8,2,4,5,50.0,0,113.56617647058823,76.25,76.25,93.16666666666667,17.05426356589147,600,2024
8,2,4,6,0.0,0,98.22916666666667,81.55434782608695,81.55434782608695,89.1409952606635,20.44573643410853,1688,2024
8,2,4,6,10.0,0,101.26174496644295,80.03329633740289,80.03329633740289,89.6415552855407,20.44573643410853,1646,2024
8,2,4,6,20.0,0,103.94777265745007,80.67669172932331,80.67669172932331,91.13181504485853,20.44573643410853,1449,2024
8,2,4,6,30.0,0,109.6952380952381,90.12066365007541,90.12066365007541,98.77104377104376,20.44573643410853,1188,2024
8,2,4,6,40.0,0,125.7002457002457,80.58823529411765,80.58823529411765,100.24625267665952,20.251937984496124,934,2024
8,2,4,6,50.0,0,129.62962962962962,91.54761904761905,91.54761904761905,108.13172043010752,19.767441860465116,744,2024
8,2,4,7,0.0,0,87.31481481481481,72.70348837209302,72.70348837209302,79.36181434599156,22.96511627906977,1896,2024
8,2,4,7,10.0,0,89.70273483947682,71.18460019743337,71.18460019743337,79.58468176914779,22.96511627906977,1854,2024
8,2,4,7,20.0,0,91.07671601615074,70.82508250825083,70.82508250825083,79.93341404358354,22.96511627906977,1652,2024
8,2,4,7,30.0,0,93.79478827361564,77.59740259740259,77.59740259740259,84.78323699421965,22.96511627906977,1384,2024
8,2,4,7,40.0,0,104.40816326530613,67.952,67.952,83.97309417040358,22.771317829457363,1115,2024
8,2,4,7,50.0,0,106.32911392405063,76.441351888668,76.441351888668,89.5879732739421,22.286821705426355,898,2024
8,3,2,5,0.0,1,73.02826855123675,72.07236842105263,72.07236842105263,72.53321976149915,71.12403100775194,5870,2024
8,3,2,5,10.0,1,72.91202458701498,69.08512892970681,69.08512892970681,70.9182922340817,71.12403100775194,5434,2024
8,3,2,5,20.0,1,71.74037089871612,68.89128559102674,68.89128559102674,70.24655055417327,71.12403100775194,4421,2024
8,3,2,5,30.0,1,76.6582117945466,69.49367088607595,69.49367088607595,72.90196078431373,70.63953488372093,3315,2024
8,3,2,5,40.0,1,82.65306122448979,61.34060795011691,61.34060795011691,71.53314355429036,69.18604651162791,2459,2024
8,3,2,5,50.0,1,94.17693169092945,55.44409613375131,55.44409613375131,74.14054054054054,64.92248062015504,1850,2024
8,3,2,6,0.0,1,74.21329822251481,75.22113022113022,74.21329822251481,74.73466793771846,76.25968992248062,6294,2024
8,3,2,6,10.0,1,74.20135183208822,72.6854891661195,72.6854891661195,73.41301007341643,76.25968992248062,5857,2024
8,3,2,6,20.0,1,72.61759581881533,73.5858786195954,72.61759581881533,73.12435125596845,76.25968992248062,4817,2024
8,3,2,6,30.0,1,78.45668387837063,75.31559728742828,75.31559728742828,76.81147540983606,75.7751937984496,3660,2024
8,3,2,6,40.0,1,85.58667676003029,68.75174337517434,68.75174337517434,76.82395644283122,74.2248062015504,2755,2024
8,3,2,6,50.0,1,93.43473994111875,67.42144177449168,67.42144177449168,80.03807710613994,69.96124031007751,2101,2024
8,3,2,7,0.0,1,70.50031269543464,71.97383720930233,70.50031269543464,71.26393492015667,80.42635658914729,6638,2024
8,3,2,7,10.0,1,70.20531807472231,69.37151702786377,69.37151702786377,69.77100467666506,80.42635658914729,6201,2024
8,3,2,7,20.0,1,68.08084932625562,69.67049241021844,68.08084932625562,68.91456310679612,80.42635658914729,5150,2024
8,3,2,7,30.0,1,72.31623479640402,69.28023032629558,69.28023032629558,70.72452830188679,79.94186046511628,3975,2024
8,3,2,7,40.0,1,77.49143248800549,62.28048010107391,62.28048010107391,69.5759368836292,78.39147286821705,3042,2024
8,3,2,7,50.0,1,83.51754385964912,60.18976897689769,60.18976897689769,71.49659863945578,74.12790697674419,2352,2024
8,3,3,5,0.0,0,75.9577754891864,78.1298076923077,75.9577754891864,77.0810542018896,48.74031007751938,4022,2024
8,3,3,5,10.0,0,75.13987931980252,75.60222672064778,75.13987931980252,75.38036325348776,48.74031007751938,3799,2024
8,3,3,5,20.0,0,72.80701754385964,74.1627078384798,72.80701754385964,73.51535836177474,48.74031007751938,3223,2024
8,3,3,5,30.0,0,72.52719665271967,75.36866359447005,72.52719665271967,74.00881057268722,48.64341085271318,2497,2024
8,3,3,5,40.0,0,68.23401950162514,70.9969481180061,68.23401950162514,69.65897166841553,48.06201550387597,1906,2024
8,3,3,5,50.0,0,74.94475138121547,70.8411214953271,70.8411214953271,72.8581126951799,46.99612403100775,1473,2024
8,3,3,6,0.0,0,77.34883720930233,82.02526132404181,77.34883720930233,79.7638326585695,53.87596899224806,4446,2024
8,3,3,6,10.0,0,76.69620876415559,79.96805111821087,76.69620876415559,78.39412600663192,53.87596899224806,4222,2024
8,3,3,6,20.0,0,73.85103926096998,79.86751457339693,73.85103926096998,76.988118264714,53.87596899224806,3619,2024
8,3,3,6,30.0,0,75.33431300514327,82.19446320054017,75.33431300514327,78.90921885995778,53.77906976744186,2842,2024
8,3,3,6,40.0,0,73.82022471910112,79.08289241622575,73.82022471910112,76.53042688465032,53.10077519379845,2202,2024
8,3,3,6,50.0,0,76.90588235294118,83.46681922196797,76.90588235294118,80.23201856148492,52.03488372093023,1724,2024
8,3,3,7,0.0,0,71.991341991342,77.01612903225806,71.991341991342,74.5929018789144,58.042635658914726,4790,2024
8,3,3,7,10.0,0,71.09539023277043,74.89684210526316,71.09539023277043,73.07271134472185,58.042635658914726,4566,2024
8,3,3,7,20.0,0,67.85676392572944,74.20416061925496,67.85676392572944,71.17661943319838,58.042635658914726,3952,2024
8,3,3,7,30.0,0,67.94565937707091,73.86529126213593,67.94565937707091,71.03579347481786,57.945736434108525,3157,2024
8,3,3,7,40.0,0,65.3731343283582,69.89867498051441,65.3731343283582,67.7059059863399,57.26744186046512,2489,2024
8,3,3,7,50.0,0,67.32234809474768,72.6593625498008,67.32234809474768,70.03544303797469,56.201550387596896,1975,2024
8,3,4,5,0.0,0,78.51637764932562,69.84375,69.84375,73.83762200532387,27.325581395348838,2254,2024
8,3,4,5,10.0,0,79.63525835866261,67.30212765957447,67.30212765957447,72.93246993524514,27.325581395348838,2162,2024
8,3,4,5,20.0,0,79.50646298472385,65.48039215686275,65.48039215686275,71.85996793158739,27.325581395348838,1871,2024
8,3,4,5,30.0,0,72.70310192023634,73.17904993909866,72.70310192023634,72.96395193591455,27.228682170542637,1498,2024
8,3,4,5,40.0,0,74.73584905660377,60.48211508553655,60.48211508553655,66.92242114237,27.131782945736433,1173,2024
8,3,4,5,50.0,0,73.3729216152019,60.238568588469185,60.238568588469185,66.22294372294373,26.647286821705425,924,2024
8,3,4,6,0.0,0,80.48956661316213,77.33938547486034,77.33938547486034,78.8050784167289,32.46124031007752,2678,2024
8,3,4,6,10.0,0,81.4979079497908,75.46762589928058,75.46762589928058,78.25531914893617,32.46124031007752,2585,2024
8,3,4,6,20.0,0,80.0,75.72363041700736,75.72363041700736,77.69298632554036,32.46124031007752,2267,2024
8,3,4,6,30.0,0,77.20047449584816,83.68,77.20047449584816,80.71622354856213,32.36434108527132,1843,2024
8,3,4,6,40.0,0,82.17777777777778,74.03022670025189,74.03022670025189,77.77399591558884,32.17054263565891,1469,2024
8,3,4,6,50.0,0,76.78244972577697,79.92038216560509,76.78244972577697,78.45957446808511,31.686046511627907,1175,2024
8,3,4,7,0.0,0,71.33001422475107,70.18564356435644,70.18564356435644,70.7180675049636,36.627906976744185,3022,2024
8,3,4,7,10.0,0,71.87453874538745,68.34180432020331,68.34180432020331,69.9761010583817,36.627906976744185,2929,2024
8,3,4,7,20.0,0,69.77443609022556,67.91161796151104,67.91161796151104,68.76923076923077,36.627906976744185,2600,2024
8,3,4,7,30.0,0,65.67103935418768,71.70522707797772,65.67103935418768,68.93419833178869,36.531007751937985,2158,2024
8,3,4,7,40.0,0,68.22878228782288,62.332979851537644,62.332979851537644,65.0626423690205,36.33720930232558,1756,2024
8,3,4,7,50.0,0,62.874251497005986,66.2137203166227,62.874251497005986,64.64936886395512,35.85271317829457,1426,2024
12,1,2,5,0.0,0,69.98078770413065,74.87147595356551,69.98078770413065,72.60569648420116,36.33720930232558,4494,2024
12,1,2,5,10.0,0,70.19527235354573,73.26593406593406,70.19527235354573,71.85027244728737,36.33720930232558,4221,2024
12,1,2,5,20.0,0,67.85194174757281,73.77823408624229,67.85194174757281,71.0622914349277,36.33720930232558,3596,2024
12,1,2,5,30.0,0,71.42857142857143,79.19005102040816,71.42857142857143,75.6280193236715,36.33720930232558,2898,2024
12,1,2,5,40.0,0,80.0661000944287,71.60671462829737,71.60671462829737,75.48484848484848,36.33720930232558,2310,2024
12,1,2,5,50.0,0,90.37037037037037,68.01005025125629,68.01005025125629,78.22598253275109,36.24031007751938,1832,2024
12,1,2,6,0.0,0,70.73351903435469,75.02804487179488,70.73351903435469,73.03870967741935,37.5968992248062,4650,2024
12,1,2,6,10.0,0,70.99108027750248,73.48876642645189,70.99108027750248,72.33721727210418,37.5968992248062,4377,2024
12,1,2,6,20.0,0,68.2983682983683,74.05219103889709,68.2983682983683,71.41713370696557,37.5968992248062,3747,2024
12,1,2,6,30.0,0,71.95698924731182,79.39927184466019,71.95698924731182,75.9875123233651,37.5968992248062,3043,2024
12,1,2,6,40.0,0,80.72515666965086,72.59426847662142,72.59426847662142,76.3119115841179,37.5968992248062,2443,2024
12,1,2,6,50.0,0,91.13610798650168,70.00941619585687,70.00941619585687,79.63608405945669,37.5,1951,2024
12,1,2,7,0.0,0,68.81662149954833,72.24922839506173,68.81662149954833,70.66791510611735,38.85658914728682,4806,2024
12,1,2,7,10.0,0,68.9412897016362,70.61507128309572,68.9412897016362,69.84778292521509,38.85658914728682,4533,2024
12,1,2,7,20.0,0,66.02816901408451,70.70992007522332,66.02816901408451,68.58021527421835,38.85658914728682,3902,2024
12,1,2,7,30.0,0,69.17987594762234,75.07171543316122,69.17987594762234,72.39511584220413,38.85658914728682,3194,2024
12,1,2,7,40.0,0,76.93686006825939,67.88434414668548,67.88434414668548,71.98069498069498,38.85658914728682,2590,2024
12,1,2,7,50.0,0,86.28328008519702,64.82127288578901,64.82127288578901,74.48226270373921,38.75968992248062,2086,2024
12,1,3,5,0.0,0,86.04497354497354,97.58230452674897,86.04497354497354,92.53472222222223,13.953488372093023,1728,2024
12,1,3,5,10.0,0,85.34246575342466,96.96390658174097,85.34246575342466,91.88995215311004,13.953488372093023,1672,2024
12,1,3,5,20.0,0,80.6969696969697,95.71596244131456,80.6969696969697,89.16005291005291,13.953488372093023,1512,2024
12,1,3,5,30.0,0,74.75409836065573,104.87977369165488,74.75409836065573,91.71178343949045,13.953488372093023,1256,2024
12,1,3,5,40.0,0,74.41048034934498,97.79896013864818,74.41048034934498,87.44927536231884,13.953488372093023,1035,2024
12,1,3,5,50.0,0,90.63829787234043,103.04068522483941,90.63829787234043,97.50889679715303,13.953488372093023,843,2024
12,1,3,6,0.0,0,86.60628019323671,96.14583333333333,86.60628019323671,91.95329087048832,15.213178294573643,1884,2024
12,1,3,6,10.0,0,85.98503740648378,95.53606237816764,85.98503740648378,91.34573304157549,15.213178294573643,1828,2024
12,1,3,6,20.0,0,80.54945054945055,94.36363636363636,80.54945054945055,88.31629585087192,15.213178294573643,1663,2024
12,1,3,6,30.0,0,75.60260586319218,102.70648030495553,75.60260586319218,90.82798001427551,15.213178294573643,1401,2024
12,1,3,6,40.0,0,76.47286821705427,96.79447852760737,76.47286821705427,87.8167808219178,15.213178294573643,1168,2024
12,1,3,6,50.0,0,92.19626168224299,102.62172284644194,92.19626168224299,97.98336798336798,15.213178294573643,962,2024
12,1,3,7,0.0,0,80.75450450450451,88.13368055555556,80.75450450450451,84.92156862745098,16.472868217054263,2040,2024
12,1,3,7,10.0,0,80.0,87.36185383244207,80.0,84.1633064516129,16.472868217054263,1984,2024
12,1,3,7,20.0,0,74.51080050825921,85.57710960232784,74.51080050825921,80.78657865786579,16.472868217054263,1818,2024
12,1,3,7,30.0,0,69.28358208955224,91.64399092970521,69.28358208955224,81.9909793814433,16.472868217054263,1552,2024
12,1,3,7,40.0,0,69.10683012259194,84.8252688172043,69.10683012259194,78.0,16.472868217054263,1315,2024
12,1,3,7,50.0,0,82.55230125523012,88.52988691437803,82.55230125523012,85.92525068368278,16.472868217054263,1097,2024
12,1,4,5,0.0,0,67.08333333333333,71.09649122807018,67.08333333333333,69.46614583333333,6.2015503875969,768,2024
12,1,4,5,10.0,0,68.17589576547232,69.7560975609756,68.17589576547232,69.11609498680738,6.2015503875969,758,2024
12,1,4,5,20.0,0,58.945454545454545,69.5641646489104,58.945454545454545,65.31976744186046,6.2015503875969,688,2024
12,1,4,5,30.0,0,37.89473684210526,73.33333333333333,37.89473684210526,59.52136752136752,6.2015503875969,585,2024
12,1,4,5,40.0,0,27.98941798941799,52.207357859531776,27.98941798941799,42.82786885245902,6.2015503875969,488,2024
12,1,4,5,50.0,0,33.69426751592356,45.179282868525895,33.69426751592356,40.759803921568626,6.2015503875969,408,2024
12,1,4,6,0.0,0,71.84895833333333,72.4074074074074,71.84895833333333,72.17532467532467,7.461240310077519,924,2024
12,1,4,6,10.0,0,72.79683377308707,71.28971962616822,71.28971962616822,71.91466083150985,7.461240310077519,914,2024
12,1,4,6,20.0,0,62.94460641399417,71.39112903225806,62.94460641399417,67.93802145411203,7.461240310077519,839,2024
12,1,4,6,30.0,0,47.84982935153584,75.19450800915332,47.84982935153584,64.21917808219177,7.461240310077519,730,2024
12,1,4,6,40.0,0,43.19838056680162,59.598930481283425,43.19838056680162,53.07568438003221,7.461240310077519,621,2024
12,1,4,6,50.0,0,51.05263157894737,56.666666666666664,51.05263157894737,54.44022770398482,7.461240310077519,527,2024
12,1,4,7,0.0,0,62.13963963963964,61.477987421383645,61.477987421383645,61.75,8.720930232558139,1080,2024
12,1,4,7,10.0,0,62.84738041002278,60.443740095087165,60.443740095087165,61.429906542056074,8.720930232558139,1070,2024
12,1,4,7,20.0,0,53.70646766169154,59.814189189189186,53.70646766169154,57.34406438631791,8.720930232558139,994,2024
12,1,4,7,30.0,0,40.17191977077364,61.766917293233085,40.17191977077364,53.21225879682179,8.720930232558139,881,2024
12,1,4,7,40.0,0,35.33112582781457,47.832618025751074,35.33112582781457,42.916666666666664,8.720930232558139,768,2024
12,1,4,7,50.0,0,41.196911196911195,44.71464019851117,41.196911196911195,43.338368580060425,8.720930232558139,662,2024
12,2,2,5,0.0,0,71.2020529443544,77.55897435897435,71.2020529443544,74.46329913180742,61.434108527131784,7602,2024
12,2,2,5,10.0,0,71.29677235075692,75.98113207547169,71.29677235075692,73.70683677714602,61.434108527131784,7211,2024
12,2,2,5,20.0,0,70.42574257425743,76.9740099009901,70.42574257425743,73.80549345257107,61.434108527131784,6262,2024
12,2,2,5,30.0,0,76.31118185435734,76.84329199549042,76.31118185435734,76.58484731349053,61.434108527131784,5174,2024
12,2,2,5,40.0,0,81.71692607003891,77.12107208872459,77.12107208872459,79.36018957345972,61.434108527131784,4220,2024
12,2,2,5,50.0,0,85.98346131128174,71.8785151856018,71.8785151856018,78.75828291558629,61.33720930232558,3471,2024
12,2,2,6,0.0,1,75.30777256129369,77.65549076773567,75.30777256129369,76.52327044025158,64.24418604651163,7950,2024
12,2,2,6,10.0,1,75.626204238921,76.16912888436067,75.626204238921,75.9081889138775,64.24418604651163,7559,2024
12,2,2,6,20.0,1,75.15045929680076,77.21544715447155,75.15045929680076,76.2278442660203,64.24418604651163,6601,2024
12,2,2,6,30.0,1,82.05098934550989,77.49300699300699,77.49300699300699,79.67565597667638,64.24418604651163,5488,2024
12,2,2,6,40.0,1,88.86984715145901,77.03118325501923,77.03118325501923,82.71111111111111,64.24418604651163,4500,2024
12,2,2,6,50.0,1,92.30941704035874,72.84167096441465,72.84167096441465,82.17029277464411,64.14728682170542,3723,2024
12,2,2,7,0.0,1,72.58169934640523,74.61017740429506,72.58169934640523,73.63350278382958,66.76356589147287,8262,2024
12,2,2,7,10.0,1,72.74291765951814,73.04347826086956,72.74291765951814,72.89925041290815,66.76356589147287,7871,2024
12,2,2,7,20.0,1,71.95935699120413,73.6444198283024,71.95935699120413,72.84018529241459,66.76356589147287,6908,2024
12,2,2,7,30.0,1,77.98553345388788,73.31458815745948,73.31458815745948,75.54595715272978,66.76356589147287,5788,2024
12,2,2,7,40.0,1,83.82262996941895,72.3055332798717,72.3055332798717,77.81726949613214,66.76356589147287,4783,2024
12,2,2,7,50.0,1,86.62809047869543,68.03468208092485,68.03468208092485,76.92230324365099,66.66666666666667,3977,2024
12,2,3,5,0.0,0,76.9949494949495,88.10569105691057,76.9949494949495,82.64681555004135,39.05038759689923,4836,2024
12,2,3,5,10.0,0,76.72210065645514,86.89524610854018,76.72210065645514,81.90905190905191,39.05038759689923,4662,2024
12,2,3,5,20.0,0,75.82272282076396,87.36423220973782,75.82272282076396,81.72331258975586,39.05038759689923,4178,2024
12,2,3,5,30.0,0,79.56697459584295,85.81111111111112,79.56697459584295,82.74915062287656,39.05038759689923,3532,2024
12,2,3,5,40.0,0,80.61855670103093,89.75838926174497,80.61855670103093,85.24278438030561,39.05038759689923,2945,2024
12,2,3,5,50.0,0,84.4237012987013,86.6,84.4237012987013,85.51974214343272,39.05038759689923,2482,2024
12,2,3,6,0.0,0,82.96650717703349,87.40284005979073,82.96650717703349,85.2565586419753,41.86046511627907,5184,2024
12,2,3,6,10.0,0,82.93338849813819,86.27072888546085,82.93338849813819,84.66067864271457,41.86046511627907,5010,2024
12,2,3,6,20.0,0,82.38358690640848,86.7802385008518,82.38358690640848,84.6690281160062,41.86046511627907,4517,2024
12,2,3,6,30.0,0,87.5311315646995,85.847923961981,85.847923961981,86.65626625065002,41.86046511627907,3846,2024
12,2,3,6,40.0,0,90.60333761232349,88.29034193161368,88.29034193161368,89.4077519379845,41.86046511627907,3225,2024
12,2,3,6,50.0,0,93.06122448979592,86.243798724309,86.243798724309,89.54279444038039,41.86046511627907,2734,2024
12,2,3,7,0.0,0,78.46153846153847,82.23980309423348,78.46153846153847,80.41666666666667,44.37984496124031,5496,2024
12,2,3,7,10.0,0,78.27020695041,81.02136906917784,78.27020695041,79.69748214956783,44.37984496124031,5322,2024
12,2,3,7,20.0,0,77.38847986141187,81.01789264413519,77.38847986141187,79.28067993366501,44.37984496124031,4824,2024
12,2,3,7,30.0,0,81.48689516129032,79.37557816836262,79.37557816836262,80.38591413410516,44.37984496124031,4146,2024
12,2,3,7,40.0,0,83.62559241706161,80.86813186813187,80.86813186813187,82.19498289623718,44.37984496124031,3508,2024
12,2,3,7,50.0,0,85.5,78.61111111111111,78.61111111111111,81.93105756358769,44.37984496124031,2988,2024
12,2,4,5,0.0,0,72.13725490196079,66.19415807560138,66.19415807560138,68.96978021978022,17.635658914728683,2184,2024
12,2,4,5,10.0,0,73.80140421263792,64.79895104895105,64.79895104895105,68.99112564222327,17.635658914728683,2141,2024
12,2,4,5,20.0,0,73.96912899669239,63.66251198465964,63.66251198465964,68.45641025641025,17.635658914728683,1950,2024
12,2,4,5,30.0,0,72.80970625798211,67.50819672131148,67.50819672131148,69.95288574793875,17.635658914728683,1698,2024
12,2,4,5,40.0,0,76.17469879518072,62.51621271076524,62.51621271076524,68.8362369337979,17.635658914728683,1435,2024
12,2,4,5,50.0,0,80.43554006968641,60.19607843137255,60.19607843137255,69.5877122069523,17.635658914728683,1237,2024
12,2,4,6,0.0,0,85.69444444444444,68.26086956521739,68.26086956521739,76.19273301737756,20.44573643410853,2532,2024
12,2,4,6,10.0,0,87.44021257750221,67.11764705882354,67.11764705882354,76.33587786259542,20.44573643410853,2489,2024
12,2,4,6,20.0,0,87.95938104448743,66.57370517928287,66.57370517928287,76.2341633901267,20.44573643410853,2289,2024
12,2,4,6,30.0,0,90.05567928730513,70.84380610412926,70.84380610412926,79.41848906560637,20.44573643410853,2012,2024
12,2,4,6,40.0,0,97.05345501955671,65.0210970464135,65.0210970464135,79.34693877551021,20.44573643410853,1715,2024
12,2,4,6,50.0,0,98.16541353383458,64.74514563106796,64.74514563106796,79.670920080591,20.44573643410853,1489,2024
12,2,4,7,0.0,0,76.17283950617283,60.85271317829457,60.85271317829457,67.83403656821379,22.96511627906977,2844,2024
12,2,4,7,10.0,0,77.54909662215239,59.738219895287955,59.738219895287955,67.83291681542306,22.96511627906977,2801,2024
12,2,4,7,20.0,0,77.4701873935264,58.755274261603375,58.755274261603375,67.21879815100154,22.96511627906977,2596,2024
12,2,4,7,30.0,0,78.13526570048309,61.801096319498825,61.801096319498825,69.11332179930795,22.96511627906977,2312,2024
12,2,4,7,40.0,0,82.98773690078038,55.985467756584924,55.985467756584924,68.10810810810811,22.96511627906977,1998,2024
12,2,4,7,50.0,0,83.47826086956522,55.51508844953174,55.51508844953174,68.06081468732071,22.96511627906977,1743,2024
12,3,2,5,0.0,1,67.73500236183278,72.26535087719299,67.73500236183278,70.08414828292017,71.12403100775194,8794,2024
12,3,2,5,10.0,1,67.3932584269663,70.37948482060717,67.3932584269663,68.94768346701784,71.12403100775194,8353,2024
12,3,2,5,20.0,1,65.72247706422019,70.37503278258589,65.72247706422019,68.15230790302698,71.12403100775194,7301,2024
12,3,2,5,30.0,1,68.4977655551736,70.15170670037926,68.4977655551736,69.35945990449531,71.02713178294573,6073,2024
12,3,2,5,40.0,1,71.53175591531756,68.03310238645112,68.03310238645112,69.7163970441382,71.02713178294573,5007,2024
12,3,2,5,50.0,1,72.785,61.87354718735472,61.87354718735472,67.13081185256564,70.93023255813954,4151,2024
12,3,2,6,0.0,1,70.17377914650243,74.3018018018018,70.17377914650243,72.31177094379639,76.25968992248062,9430,2024
12,3,2,6,10.0,1,69.98610145934677,72.65467779918647,69.98610145934677,71.3729417000445,76.25968992248062,8988,2024
12,3,2,6,20.0,1,68.32188160676533,73.15712900096993,68.32188160676533,70.84344967121902,76.25968992248062,7908,2024
12,3,2,6,30.0,1,71.96158690176323,73.3410605621559,71.96158690176323,72.67994567677682,76.16279069767442,6627,2024
12,3,2,6,40.0,1,75.96458176337603,71.51663747810858,71.51663747810858,73.65946632782719,76.16279069767442,5509,2024
12,3,2,6,50.0,1,76.55715571557155,67.4453781512605,67.4453781512605,71.84485006518905,76.06589147286822,4602,2024
12,3,2,7,0.0,1,66.65482657751777,70.84496124031008,66.65482657751777,68.82867484415846,80.42635658914729,9946,2024
12,3,2,7,10.0,1,66.30019749835418,69.14089347079037,66.30019749835418,67.77882996632997,80.42635658914729,9504,2024
12,3,2,7,20.0,1,64.35897435897436,69.23794358507735,64.35897435897436,66.90835611553548,80.42635658914729,8413,2024
12,3,2,7,30.0,1,67.14159811985898,68.23941763278512,67.14159811985898,67.71404470687473,80.32945736434108,7113,2024
12,3,2,7,40.0,1,70.2229188436085,65.99224305106658,65.99224305106658,68.02849958088852,80.32945736434108,5965,2024
12,3,2,7,50.0,1,70.26435357290376,61.762216237014236,61.762216237014236,65.86254980079681,80.23255813953489,5020,2024
12,3,3,5,0.0,0,70.88720770288859,78.13782051282051,70.88720770288859,74.64001327140014,48.74031007751938,6028,2024
12,3,3,5,10.0,0,70.13624955181068,76.50746268656717,70.13624955181068,73.44589937973811,48.74031007751938,5804,2024
12,3,3,5,20.0,0,68.272,75.88148693411851,68.272,72.23500095840521,48.74031007751938,5217,2024
12,3,3,5,30.0,0,68.28007518796993,74.65914025184541,68.28007518796993,71.5955766192733,48.64341085271318,4431,2024
12,3,3,5,40.0,0,67.26216814159292,74.63617463617463,67.26216814159292,71.06377277599142,48.64341085271318,3732,2024
12,3,3,5,50.0,0,67.58284600389864,69.95686999383857,67.58284600389864,68.80139152435167,48.64341085271318,3162,2024
12,3,3,6,0.0,0,74.0248447204969,80.4732868757259,74.0248447204969,77.35744297719087,53.87596899224806,6664,2024
12,3,3,6,10.0,0,73.4698484359884,79.09826243259437,73.4698484359884,76.38763783196148,53.87596899224806,6439,2024
12,3,3,6,20.0,0,71.52002861230329,79.10501981505945,71.52002861230329,75.4635989010989,53.87596899224806,5824,2024
12,3,3,6,30.0,0,72.89770354906054,78.40926640926641,72.89770354906054,75.76128385155467,53.77906976744186,4985,2024
12,3,3,6,40.0,0,73.50219191427179,78.4181568088033,73.50219191427179,76.03448275862068,53.77906976744186,4234,2024
12,3,3,6,50.0,0,72.99829642248723,76.11771058315335,72.99829642248723,74.59728757265431,53.77906976744186,3613,2024
12,3,3,7,0.0,0,68.89017341040463,75.22043010752688,68.89017341040463,72.16991643454038,58.042635658914726,7180,2024
12,3,3,7,10.0,0,68.19215803651602,73.79634753735473,68.19215803651602,71.10424155283968,58.042635658914726,6955,2024
12,3,3,7,20.0,0,66.01848794981842,73.39393939393939,66.01848794981842,69.86411755411598,58.042635658914726,6329,2024
12,3,3,7,30.0,0,66.5611894776973,71.3061797752809,66.5611894776973,69.03125571193566,57.945736434108525,5471,2024
12,3,3,7,40.0,0,66.47577092511013,70.67355371900827,66.47577092511013,68.64179104477611,57.945736434108525,4690,2024
12,3,3,7,50.0,0,65.58673469387755,68.06856591018831,65.58673469387755,66.8618208881171,57.945736434108525,4031,2024
12,3,4,5,0.0,0,62.358247422680414,57.07236842105263,57.07236842105263,59.502369668246445,27.325581395348838,3376,2024
12,3,4,5,10.0,0,62.54497001998668,55.13468013468013,55.13468013468013,58.522692659153215,27.325581395348838,3283,2024
12,3,4,5,20.0,0,60.76190476190476,52.93103448275862,52.93103448275862,56.507193041150884,27.325581395348838,2989,2024
12,3,4,5,30.0,0,54.70737913486005,55.888575458392104,54.70737913486005,55.35232961108972,27.228682170542637,2597,2024
12,3,4,5,40.0,0,53.972468043264506,48.18257261410788,48.18257261410788,50.83258325832583,27.228682170542637,2222,2024
12,3,4,5,50.0,0,52.406356413166854,43.62934362934363,43.62934362934363,47.66301512780386,27.228682170542637,1917,2024
12,3,4,6,0.0,0,69.20600858369099,63.99441340782123,63.99441340782123,66.41575274177468,32.46124031007752,4012,2024
12,3,4,6,10.0,0,69.55322669608384,62.52256532066508,62.52256532066508,65.77590607452782,32.46124031007752,3918,2024
12,3,4,6,20.0,0,67.56773028296207,61.6640826873385,61.6640826873385,64.39098998887653,32.46124031007752,3596,2024
12,3,4,6,30.0,0,64.86168741355463,64.74486803519062,64.74486803519062,64.79847667407172,32.36434108527132,3151,2024
12,3,4,6,40.0,0,66.70364500792392,58.47469220246238,58.47469220246238,62.2870778267254,32.36434108527132,2724,2024
12,3,4,6,50.0,0,64.10698096101541,57.41501976284585,57.41501976284585,60.5320945945946,32.36434108527132,2368,2024
12,3,4,7,0.0,0,61.31178707224335,57.80940594059406,57.80940594059406,59.436837455830386,36.627906976744185,4528,2024
12,3,4,7,10.0,0,61.4223088163663,56.39647207055859,56.39647207055859,58.723500225529996,36.627906976744185,4434,2024
12,3,4,7,20.0,0,59.25554382259768,55.27412777526053,55.27412777526053,57.1128992928554,36.627906976744185,4101,2024
12,3,4,7,30.0,0,56.02747909199522,56.235354049923586,56.02747909199522,56.13967555677756,36.531007751937985,3637,2024
12,3,4,7,40.0,0,56.91683569979716,50.25867136978248,50.25867136978248,53.355345911949684,36.531007751937985,3180,2024
12,3,4,7,50.0,0,54.30875576036866,48.94204851752021,48.94204851752021,51.45010768126346,36.531007751937985,2786,2024
1,1,2,5,0.0,0,70.22988505747126,66.12040133779264,66.12040133779264,68.03571428571429,36.199095022624434,560,2025
1,1,2,5,10.0,0,64.21052631578948,65.42056074766356,64.21052631578948,64.88311688311688,24.8868778280543,385,2025
1,1,2,5,20.0,0,37.8125,26.483516483516482,26.483516483516482,31.161290322580644,10.019392372333549,155,2025
1,1,2,5,30.0,0,0.0,0.0,0.0,0.0,4.0077569489334195,62,2025
1,1,2,5,40.0,0,0.0,0.0,0.0,0.0,1.874595992243051,29,2025
1,1,2,5,50.0,0,0.0,0.0,0.0,0.0,1.1635423400129283,18,2025
1,1,2,6,0.0,0,68.3955223880597,64.39739413680782,64.39739413680782,66.26086956521739,37.16871363930188,575,2025
1,1,2,6,10.0,0,61.68539325842696,63.06306306306306,61.68539325842696,62.45,25.85649644473174,400,2025
1,1,2,6,20.0,0,34.08450704225352,24.591836734693878,24.591836734693878,28.579881656804734,10.92436974789916,169,2025
1,1,2,6,30.0,0,0.0,0.0,0.0,0.0,4.7188106011635425,73,2025
1,1,2,6,40.0,0,0.0,0.0,0.0,0.0,2.197802197802198,34,2025
1,1,2,6,50.0,0,0.0,0.0,0.0,0.0,1.1635423400129283,18,2025
1,1,2,7,0.0,0,67.63837638376384,62.961783439490446,62.961783439490446,65.12820512820512,37.81512605042017,585,2025
1,1,2,7,10.0,0,60.66298342541437,61.1353711790393,60.66298342541437,60.926829268292686,26.502908855850034,410,2025
1,1,2,7,20.0,0,32.7027027027027,22.952380952380953,22.952380952380953,26.98324022346369,11.570782159017453,179,2025
1,1,2,7,30.0,0,0.0,0.0,0.0,0.0,5.300581771170006,82,2025
1,1,2,7,40.0,0,0.0,0.0,0.0,0.0,2.7149321266968327,42,2025
1,1,2,7,50.0,0,0.0,0.0,0.0,0.0,1.5513897866839044,24,2025
1,1,3,5,0.0,0,69.72972972972973,81.4,69.72972972972973,76.4367816091954,16.87136393018746,261,2025
1,1,3,5,10.0,0,47.44186046511628,78.4297520661157,47.44186046511628,65.55555555555556,13.380736910148675,207,2025
1,1,3,5,20.0,0,0.0,38.87096774193548,0.0,23.861386138613863,6.528765352294764,101,2025
1,1,3,5,30.0,0,0.0,0.0,0.0,0.0,2.9088558500323205,45,2025
1,1,3,5,40.0,0,0.0,0.0,0.0,0.0,1.486748545572075,23,2025
1,1,3,5,50.0,0,0.0,0.0,0.0,0.0,0.9049773755656109,14,2025
1,1,3,6,0.0,0,65.59322033898304,77.27848101265823,65.59322033898304,72.28260869565217,17.8409825468649,276,2025
1,1,3,6,10.0,0,43.87096774193548,73.56589147286822,43.87096774193548,61.126126126126124,14.350355526826116,222,2025
1,1,3,6,20.0,0,0.0,34.927536231884055,0.0,20.956521739130434,7.433742727860375,115,2025
1,1,3,6,30.0,0,0.0,0.0,0.0,0.0,3.6199095022624435,56,2025
1,1,3,6,40.0,0,0.0,0.0,0.0,0.0,1.8099547511312217,28,2025
1,1,3,6,50.0,0,0.0,0.0,0.0,0.0,0.9049773755656109,14,2025
1,1,3,7,0.0,0,63.96694214876033,74.0,63.96694214876033,69.75524475524476,18.48739495798319,286,2025
1,1,3,7,10.0,0,42.5,69.77941176470588,42.5,58.491379310344826,14.996767937944409,232,2025
1,1,3,7,20.0,0,0.0,31.710526315789473,0.0,19.28,8.080155138978668,125,2025
1,1,3,7,30.0,0,0.0,0.0,0.0,0.0,4.201680672268908,65,2025
1,1,3,7,40.0,0,0.0,0.0,0.0,0.0,2.3270846800258567,36,2025
1,1,3,7,50.0,0,0.0,0.0,0.0,0.0,1.292824822236587,20,2025
1,1,4,5,0.0,0,0.0,0.0,0.0,0.0,7.886231415643181,122,2025
1,1,4,5,10.0,0,0.0,0.0,0.0,0.0,7.498383968972204,116,2025
1,1,4,5,20.0,0,0.0,0.0,0.0,0.0,4.137039431157079,64,2025
1,1,4,5,30.0,0,0.0,0.0,0.0,0.0,1.7453135100193924,27,2025
1,1,4,5,40.0,0,0.0,0.0,0.0,0.0,0.7756948933419522,12,2025
1,1,4,5,50.0,0,0.0,0.0,0.0,0.0,0.5171299288946348,8,2025
1,1,4,6,0.0,0,0.0,0.0,0.0,0.0,8.855850032320621,137,2025
1,1,4,6,10.0,0,0.0,0.0,0.0,0.0,8.468002585649645,131,2025
1,1,4,6,20.0,0,0.0,0.0,0.0,0.0,5.042016806722689,78,2025
1,1,4,6,30.0,0,0.0,0.0,0.0,0.0,2.4563671622495153,38,2025
1,1,4,6,40.0,0,0.0,0.0,0.0,0.0,1.098901098901099,17,2025
1,1,4,6,50.0,0,0.0,0.0,0.0,0.0,0.5171299288946348,8,2025
1,1,4,7,0.0,0,0.0,0.0,0.0,0.0,9.502262443438914,147,2025
1,1,4,7,10.0,0,0.0,0.0,0.0,0.0,9.114414996767938,141,2025
1,1,4,7,20.0,0,0.0,0.0,0.0,0.0,5.688429217840983,88,2025
1,1,4,7,30.0,0,0.0,0.0,0.0,0.0,3.038138332255979,47,2025
1,1,4,7,40.0,0,0.0,0.0,0.0,0.0,1.6160310277957337,25,2025
1,1,4,7,50.0,0,0.0,0.0,0.0,0.0,0.9049773755656109,14,2025
1,2,2,5,0.0,0,66.66666666666667,58.28512396694215,58.28512396694215,62.364793213149525,60.95669036845507,943,2025
1,2,2,5,10.0,0,61.0472972972973,56.7621776504298,56.7621776504298,58.72868217054263,41.69360051712993,645,2025
1,2,2,5,20.0,0,20.508474576271187,56.3013698630137,20.508474576271187,40.303030303030305,17.065287653522947,264,2025
1,2,2,5,30.0,0,0.0,96.83333333333333,0.0,55.86538461538461,6.722689075630252,104,2025
1,2,2,5,40.0,0,0.0,215.1851851851852,0.0,129.11111111111111,2.9088558500323205,45,2025
1,2,2,5,50.0,0,0.0,363.125,0.0,232.4,1.6160310277957337,25,2025
1,2,2,6,0.0,1,64.55696202531645,55.64102564102564,55.64102564102564,59.94903160040775,63.41305753070459,981,2025
1,2,2,6,10.0,0,58.10289389067524,53.25268817204301,53.25268817204301,55.46120058565154,44.14996767937944,683,2025
1,2,2,6,20.0,0,18.333333333333332,49.81818181818182,18.333333333333332,35.82491582491583,19.198448610213315,297,2025
1,2,2,6,30.0,0,0.0,77.46666666666667,0.0,45.03875968992248,8.338720103425986,129,2025
1,2,2,6,40.0,0,0.0,161.38888888888889,0.0,98.47457627118644,3.8138332255979317,59,2025
1,2,2,6,50.0,0,0.0,290.5,0.0,187.41935483870967,2.0038784744667097,31,2025
1,2,2,7,0.0,1,62.83367556468173,56.73003802281369,56.73003802281369,59.66436327739388,65.48157724628312,1013,2025
1,2,2,7,10.0,0,55.77160493827161,54.83375959079284,54.83375959079284,55.25874125874126,46.21848739495798,715,2025
1,2,2,7,20.0,0,16.689655172413794,45.41436464088398,16.689655172413794,32.63803680981595,21.073044602456367,326,2025
1,2,2,7,30.0,0,0.0,65.28089887640449,0.0,37.97385620915033,9.89010989010989,153,2025
1,2,2,7,40.0,0,0.0,129.11111111111111,0.0,75.45454545454545,4.97737556561086,77,2025
1,2,2,7,50.0,0,0.0,215.1851851851852,0.0,129.11111111111111,2.9088558500323205,45,2025
1,2,3,5,0.0,0,64.75728155339806,61.64179104477612,61.64179104477612,63.13664596273292,41.6289592760181,644,2025
1,2,3,5,10.0,0,52.93838862559242,59.765625,52.93838862559242,56.680942184154176,30.187459599224304,467,2025
1,2,3,5,20.0,0,0.0,70.25641025641026,0.0,39.142857142857146,13.574660633484163,210,2025
1,2,3,5,30.0,0,0.0,113.92156862745098,0.0,66.7816091954023,5.623787976729153,87,2025
1,2,3,5,40.0,0,0.0,242.08333333333334,0.0,148.97435897435898,2.5210084033613445,39,2025
1,2,3,5,50.0,0,0.0,415.0,0.0,276.6666666666667,1.3574660633484164,21,2025
1,2,3,6,0.0,0,61.75925925925926,57.68156424581006,57.68156424581006,59.618768328445746,44.085326438267614,682,2025
1,2,3,6,10.0,0,49.424778761061944,54.83870967741935,49.424778761061944,52.415841584158414,32.64382676147382,505,2025
1,2,3,6,20.0,0,0.0,60.44117647058823,0.0,33.82716049382716,15.70782159017453,243,2025
1,2,3,6,30.0,0,0.0,88.03030303030303,0.0,51.875,7.239819004524887,112,2025
1,2,3,6,40.0,0,0.0,176.06060606060606,0.0,109.62264150943396,3.425985778926955,53,2025
1,2,3,6,50.0,0,0.0,322.77777777777777,0.0,215.1851851851852,1.7453135100193924,27,2025
1,2,3,7,0.0,0,59.37685459940653,59.09814323607427,59.09814323607427,59.2296918767507,46.15384615384615,714,2025
1,2,3,7,10.0,0,46.73640167364017,56.81208053691275,46.73640167364017,52.32774674115456,34.71234647705236,537,2025
1,2,3,7,20.0,0,0.0,54.078947368421055,0.0,30.220588235294116,17.582417582417584,272,2025
1,2,3,7,30.0,0,0.0,72.625,0.0,42.720588235294116,8.791208791208792,136,2025
1,2,3,7,40.0,0,0.0,138.33333333333334,0.0,81.83098591549296,4.589528118939883,71,2025
1,2,3,7,50.0,0,0.0,232.4,0.0,141.70731707317074,2.650290885585003,41,2025
1,2,4,5,0.0,0,43.84615384615385,41.5,41.5,42.60726072607261,19.586296056884294,303,2025
1,2,4,5,10.0,0,32.53968253968254,41.205673758865245,32.53968253968254,37.11610486891386,17.259211376858435,267,2025
1,2,4,5,20.0,0,0.0,76.44736842105263,0.0,42.40875912408759,8.855850032320621,137,2025
1,2,4,5,30.0,0,0.0,176.06060606060606,0.0,101.9298245614035,3.6845507433742726,57,2025
1,2,4,5,40.0,0,0.0,387.3333333333333,0.0,242.08333333333334,1.5513897866839044,24,2025
1,2,4,5,50.0,0,0.0,726.25,0.0,446.9230769230769,0.8403361344537815,13,2025
1,2,4,6,0.0,0,39.68354430379747,36.28415300546448,36.28415300546448,37.85923753665689,22.042663219133807,341,2025
1,2,4,6,10.0,0,29.078014184397162,35.426829268292686,29.078014184397162,32.49180327868852,19.715578539107952,305,2025
1,2,4,6,20.0,0,0.0,61.1578947368421,0.0,34.1764705882353,10.989010989010989,170,2025
1,2,4,6,30.0,0,0.0,121.04166666666667,0.0,70.85365853658537,5.300581771170006,82,2025
1,2,4,6,40.0,0,0.0,242.08333333333334,0.0,152.89473684210526,2.4563671622495153,38,2025
1,2,4,6,50.0,0,0.0,484.1666666666667,0.0,305.7894736842105,1.2281835811247577,19,2025
1,2,4,7,0.0,0,36.666666666666664,40.94059405940594,36.666666666666664,38.98123324396783,24.111182934712346,373,2025
1,2,4,7,10.0,0,26.623376623376622,40.65573770491803,26.623376623376622,34.2433234421365,21.78409825468649,337,2025
1,2,4,7,20.0,0,0.0,52.34234234234234,0.0,29.195979899497488,12.86360698125404,199,2025
1,2,4,7,30.0,0,0.0,93.70967741935483,0.0,54.81132075471698,6.85197155785391,106,2025
1,2,4,7,40.0,0,0.0,176.06060606060606,0.0,103.75,3.6199095022624435,56,2025
1,2,4,7,50.0,0,0.0,305.7894736842105,0.0,176.06060606060606,2.1331609566903684,33,2025
1,3,2,5,0.0,1,69.52983725135624,59.461400359066424,59.461400359066424,64.47747747747748,71.75177763413058,1110,2025
1,3,2,5,10.0,0,64.12921348314607,56.608040201005025,56.608040201005025,60.15915119363395,48.739495798319325,754,2025
1,3,2,5,20.0,0,34.27536231884058,50.1219512195122,34.27536231884058,42.88079470198676,19.521654815772465,302,2025
1,3,2,5,30.0,0,0.0,88.03030303030303,0.0,50.52173913043478,7.433742727860375,115,2025
1,3,2,5,40.0,0,0.0,187.41935483870967,0.0,116.2,3.2320620555914674,50,2025
1,3,2,5,50.0,0,0.0,322.77777777777777,0.0,207.5,1.8099547511312217,28,2025
1,3,2,6,0.0,1,68.32191780821918,55.85160202360877,55.85160202360877,62.03908241291419,76.08274078862314,1177,2025
1,3,2,6,10.0,0,62.90155440414508,51.91244239631337,51.91244239631337,57.08536585365854,53.00581771170007,820,2025
1,3,2,6,20.0,0,29.37888198757764,43.492063492063494,29.37888198757764,37.0,22.624434389140273,350,2025
1,3,2,6,30.0,0,0.0,68.3529411764706,0.0,39.523809523809526,9.502262443438914,147,2025
1,3,2,6,40.0,0,0.0,141.70731707317074,0.0,86.71641791044776,4.330963154492566,67,2025
1,3,2,6,50.0,0,0.0,264.09090909090907,0.0,166.0,2.262443438914027,35,2025
1,3,2,7,0.0,1,65.40983606557377,56.1389337641357,56.1389337641357,60.74043938161107,79.44408532643827,1229,2025
1,3,2,7,10.0,0,58.932038834951456,52.52173913043478,52.52173913043478,55.55045871559633,56.36716224951519,872,2025
1,3,2,7,20.0,0,25.56756756756757,38.77358490566038,25.56756756756757,32.61964735516373,25.662572721396252,397,2025
1,3,2,7,30.0,0,0.0,56.407766990291265,0.0,31.405405405405407,11.95862960568843,185,2025
1,3,2,7,40.0,0,0.0,111.73076923076923,0.0,61.808510638297875,6.076276664511958,94,2025
1,3,2,7,50.0,0,0.0,200.3448275862069,0.0,103.75,3.6199095022624435,56,2025
1,3,3,5,0.0,0,69.13151364764268,62.64705882352941,62.64705882352941,65.86929716399507,52.4240465416936,811,2025
1,3,3,5,10.0,0,58.78228782287823,59.08196721311475,58.78228782287823,58.94097222222222,37.23335488041371,576,2025
1,3,3,5,20.0,0,20.442477876106196,60.888888888888886,20.442477876106196,42.45967741935484,16.031027795733678,248,2025
1,3,3,5,30.0,0,0.0,101.9298245614035,0.0,59.285714285714285,6.334841628959276,98,2025
1,3,3,5,40.0,0,0.0,207.5,0.0,132.04545454545453,2.8442146089204914,44,2025
1,3,3,5,50.0,0,0.0,363.125,0.0,242.08333333333334,1.5513897866839044,24,2025
1,3,3,6,0.0,0,67.53456221198157,57.567567567567565,57.567567567567565,62.49430523917995,56.755009696186164,878,2025
1,3,3,6,10.0,0,57.74086378737542,52.84457478005865,52.84457478005865,55.14018691588785,41.49967679379444,642,2025
1,3,3,6,20.0,0,16.985294117647058,51.375,16.985294117647058,35.57432432432432,19.133807369101486,296,2025
1,3,3,6,30.0,0,0.0,76.44736842105263,0.0,44.69230769230769,8.403361344537815,130,2025
1,3,3,6,40.0,0,0.0,152.89473684210526,0.0,95.24590163934427,3.9431157078215904,61,2025
1,3,3,6,50.0,0,0.0,290.5,0.0,187.41935483870967,2.0038784744667097,31,2025
1,3,3,7,0.0,0,63.71739130434783,57.851063829787236,57.851063829787236,60.75268817204301,60.11635423400129,930,2025
1,3,3,7,10.0,0,53.149847094801224,53.54223433242507,53.149847094801224,53.357348703170025,44.861021331609564,694,2025
1,3,3,7,20.0,0,14.4375,44.91803278688525,14.4375,30.699708454810494,22.171945701357465,343,2025
1,3,3,7,30.0,0,0.0,61.808510638297875,0.0,34.583333333333336,10.85972850678733,168,2025
1,3,3,7,40.0,0,0.0,118.57142857142857,0.0,66.02272727272727,5.688429217840983,88,2025
1,3,3,7,50.0,0,0.0,215.1851851851852,0.0,111.73076923076923,3.361344537815126,52,2025
1,3,4,5,0.0,0,59.57805907172996,49.57081545064378,49.57081545064378,54.61702127659574,30.381383322559792,470,2025
1,3,4,5,10.0,0,47.634408602150536,44.89473684210526,44.89473684210526,46.25,24.305106658047833,376,2025
1,3,4,5,20.0,0,28.51851851851852,61.808510638297875,28.51851851851852,46.4,11.312217194570136,175,2025
1,3,4,5,30.0,0,0.0,148.97435897435898,0.0,85.44117647058823,4.395604395604396,68,2025
1,3,4,5,40.0,0,0.0,305.7894736842105,0.0,200.3448275862069,1.874595992243051,29,2025
1,3,4,5,50.0,0,0.0,581.0,0.0,363.125,1.0342598577892697,16,2025
1,3,4,6,0.0,0,58.09701492537314,42.9368029739777,42.9368029739777,50.502793296089386,34.71234647705236,537,2025
1,3,4,6,10.0,0,47.73148148148148,37.743362831858406,37.743362831858406,42.62443438914027,28.571428571428573,442,2025
1,3,4,6,20.0,0,22.21153846153846,48.8235294117647,22.21153846153846,36.412556053811656,14.414996767937945,223,2025
1,3,4,6,30.0,0,0.0,100.17241379310344,0.0,58.1,6.464124111182935,100,2025
1,3,4,6,40.0,0,0.0,200.3448275862069,0.0,126.30434782608695,2.97349709114415,46,2025
1,3,4,6,50.0,0,0.0,415.0,0.0,252.6086956521739,1.486748545572075,23,2025
1,3,4,7,0.0,0,52.95918367346939,44.67796610169491,44.67796610169491,48.811544991511035,38.073691014867485,589,2025
1,3,4,7,10.0,0,42.603305785123965,40.317460317460316,40.317460317460316,41.43724696356275,31.932773109243698,494,2025
1,3,4,7,20.0,0,18.046875,40.91549295774648,18.046875,30.074074074074073,17.453135100193922,270,2025
1,3,4,7,30.0,0,0.0,76.44736842105263,0.0,42.10144927536232,8.92049127343245,138,2025
1,3,4,7,40.0,0,0.0,145.25,0.0,79.58904109589041,4.7188106011635425,73,2025
1,3,4,7,50.0,0,0.0,276.6666666666667,0.0,132.04545454545453,2.8442146089204914,44,2025
3,1,2,5,0.0,0,67.31800766283524,73.28874024526199,67.31800766283524,70.50595238095238,36.199095022624434,1680,2025
3,1,2,5,10.0,0,64.39252336448598,73.6038514442916,64.39252336448598,69.28414901387875,35.229476405947,1369,2025
3,1,2,5,20.0,0,41.40350877192982,65.48387096774194,41.40350877192982,54.871134020618555,26.632191338073692,776,2025
3,1,2,5,30.0,0,19.714285714285715,60.44642857142857,19.714285714285715,42.581453634085214,16.612798965740144,399,2025
3,1,2,5,40.0,0,0.0,42.40875912408759,0.0,24.61864406779661,11.312217194570136,236,2025
3,1,2,5,50.0,0,0.0,60.520833333333336,0.0,35.426829268292686,8.144796380090497,164,2025
3,1,2,6,0.0,0,65.55970149253731,71.37893593919652,65.55970149253731,68.66666666666667,37.16871363930188,1725,2025
3,1,2,6,10.0,0,62.35294117647059,71.25166444740346,62.35294117647059,67.07920792079207,36.199095022624434,1414,2025
3,1,2,6,20.0,0,39.00826446280992,62.59911894273128,39.00826446280992,52.11750305997552,27.601809954751133,817,2025
3,1,2,6,30.0,0,17.783505154639176,56.18257261410788,17.783505154639176,39.05747126436781,17.582417582417584,435,2025
3,1,2,6,40.0,0,0.0,38.993288590604024,0.0,22.17557251908397,12.152553329023917,262,2025
3,1,2,6,50.0,0,0.0,55.333333333333336,0.0,31.57608695652174,8.92049127343245,184,2025
3,1,2,7,0.0,0,64.8339483394834,69.78768577494692,64.8339483394834,67.4928774928775,37.81512605042017,1755,2025
3,1,2,7,10.0,0,61.517857142857146,69.31347150259067,61.517857142857146,65.68559556786704,36.845507433742725,1444,2025
3,1,2,7,20.0,0,38.064516129032256,59.83157894736842,38.064516129032256,50.271546635183,28.248222365869424,847,2025
3,1,2,7,30.0,0,16.995073891625616,52.07692307692308,16.995073891625616,36.69546436285097,18.228829993535875,463,2025
3,1,2,7,40.0,0,0.0,35.0,0.0,20.17361111111111,12.798965740142211,288,2025
3,1,2,7,50.0,0,0.0,49.65811965811966,0.0,28.480392156862745,9.437621202327085,204,2025
3,1,3,5,0.0,0,49.87987987987988,87.31111111111112,49.87987987987988,71.39208173690932,16.87136393018746,783,2025
3,1,3,5,10.0,0,42.88079470198676,85.47677261613691,42.88079470198676,67.38396624472574,16.80672268907563,711,2025
3,1,3,5,20.0,0,15.05050505050505,64.72027972027972,15.05050505050505,44.400826446280995,14.86748545572075,484,2025
3,1,3,5,30.0,0,0.0,36.08695652173913,0.0,20.899280575539567,10.665804783451842,278,2025
3,1,3,5,40.0,0,0.0,53.30275229357798,0.0,32.824858757062145,7.821590174531351,177,2025
3,1,3,5,50.0,0,0.0,72.625,0.0,45.74803149606299,6.011635423400129,127,2025
3,1,3,6,0.0,0,46.92090395480226,82.8902953586498,46.92090395480226,67.512077294686,17.8409825468649,828,2025
3,1,3,6,10.0,0,40.092879256965944,80.73903002309468,40.092879256965944,63.37301587301587,17.77634130575307,756,2025
3,1,3,6,20.0,0,13.60730593607306,60.490196078431374,13.60730593607306,40.93333333333333,15.83710407239819,525,2025
3,1,3,6,30.0,0,0.0,32.640449438202246,0.0,18.503184713375795,11.635423400129282,314,2025
3,1,3,6,40.0,0,0.0,48.01652892561984,0.0,28.620689655172413,8.661926308985132,203,2025
3,1,3,6,50.0,0,0.0,65.28089887640449,0.0,39.523809523809526,6.787330316742081,147,2025
3,1,3,7,0.0,0,45.75757575757576,79.37373737373737,45.75757575757576,65.15151515151516,18.48739495798319,858,2025
3,1,3,7,10.0,0,39.006024096385545,77.00440528634361,39.006024096385545,60.954198473282446,18.422753716871362,786,2025
3,1,3,7,20.0,0,13.070175438596491,56.60550458715596,13.070175438596491,38.72072072072072,16.483516483516482,555,2025
3,1,3,7,30.0,0,0.0,29.492385786802032,0.0,16.98830409356725,12.281835811247577,342,2025
3,1,3,7,40.0,0,0.0,42.10144927536232,0.0,25.37117903930131,9.308338720103427,229,2025
3,1,3,7,50.0,0,0.0,57.524752475247524,0.0,34.790419161676645,7.304460245636716,167,2025
3,1,4,5,0.0,0,34.54545454545455,88.65671641791045,34.54545454545455,64.26229508196721,7.886231415643181,366,2025
3,1,4,5,10.0,0,35.84905660377358,84.86910994764398,35.84905660377358,62.6,7.886231415643181,350,2025
3,1,4,5,20.0,0,26.140350877192983,79.78571428571429,26.140350877192983,55.70866141732284,7.369101486748545,254,2025
3,1,4,5,30.0,0,0.0,70.0,0.0,38.223684210526315,5.4945054945054945,152,2025
3,1,4,5,40.0,0,0.0,101.9298245614035,0.0,57.524752475247524,4.201680672268908,101,2025
3,1,4,5,50.0,0,0.0,141.70731707317074,0.0,80.69444444444444,3.425985778926955,72,2025
3,1,4,6,0.0,0,30.64516129032258,79.2,30.64516129032258,57.22627737226277,8.855850032320621,411,2025
3,1,4,6,10.0,0,31.666666666666668,75.3953488372093,31.666666666666668,55.46835443037975,8.855850032320621,395,2025
3,1,4,6,20.0,0,22.074074074074073,69.8125,22.074074074074073,47.96610169491525,8.338720103425986,295,2025
3,1,4,6,30.0,0,0.0,58.1,0.0,30.904255319148938,6.464124111182935,188,2025
3,1,4,6,40.0,0,0.0,84.20289855072464,0.0,45.74803149606299,5.042016806722689,127,2025
3,1,4,6,50.0,0,0.0,116.2,0.0,63.15217391304348,4.201680672268908,92,2025
3,1,4,7,0.0,0,29.23076923076923,72.4390243902439,29.23076923076923,53.333333333333336,9.502262443438914,441,2025
3,1,4,7,10.0,0,30.158730158730158,68.6864406779661,30.158730158730158,51.55294117647059,9.502262443438914,425,2025
3,1,4,7,20.0,0,20.694444444444443,61.71270718232044,20.694444444444443,43.53846153846154,8.98513251454428,325,2025
3,1,4,7,30.0,0,0.0,48.8235294117647,0.0,26.89814814814815,7.110536522301228,216,2025
3,1,4,7,40.0,0,0.0,67.55813953488372,0.0,37.97385620915033,5.688429217840983,153,2025
3,1,4,7,50.0,0,0.0,93.70967741935483,0.0,51.875,4.7188106011635425,112,2025
3,2,2,5,0.0,0,62.01888162672476,79.0495867768595,62.01888162672476,70.75998586072818,60.95669036845507,2829,2025
3,2,2,5,10.0,0,59.95606326889279,80.75581395348837,59.95606326889279,70.64901793339027,59.987071751777634,2342,2025
3,2,2,5,20.0,0,46.624605678233436,94.08719346049047,46.624605678233436,72.0906432748538,47.05882352941177,1368,2025
3,2,2,5,30.0,0,33.769470404984425,126.23409669211196,33.769470404984425,84.66386554621849,30.381383322559792,714,2025
3,2,2,5,40.0,0,0.0,171.73333333333332,0.0,93.55932203389831,20.555914673561734,413,2025
3,2,2,5,50.0,0,0.0,238.20689655172413,0.0,132.33716475095787,13.574660633484163,261,2025
3,2,2,6,0.0,1,61.0407876230661,75.46351084812623,61.0407876230661,68.49473326537547,63.41305753070459,2943,2025
3,2,2,6,10.0,1,58.85883347421809,76.37863315003928,58.85883347421809,67.93973941368078,62.44343891402715,2456,2025
3,2,2,6,20.0,0,43.85756676557863,86.86792452830188,43.85756676557863,67.13410483321988,49.51519069166128,1469,2025
3,2,2,6,30.0,0,30.708215297450426,111.9864559819413,30.708215297450426,75.94221105527639,32.773109243697476,796,2025
3,2,2,6,40.0,0,0.0,146.36363636363637,0.0,81.69133192389006,22.49515190691661,473,2025
3,2,2,6,50.0,0,0.0,197.37142857142857,0.0,112.50814332247558,15.319974143503556,307,2025
3,2,2,7,0.0,1,59.4113620807666,73.77059569074778,59.4113620807666,66.86739058900955,65.48157724628312,3039,2025
3,2,2,7,10.0,1,56.98036006546645,74.33082706766918,56.98036006546645,66.02272727272727,64.51195862960569,2552,2025
3,2,2,7,20.0,0,41.4586255259467,81.43867924528301,41.4586255259467,63.17745035233825,51.58371040723982,1561,2025
3,2,2,7,30.0,0,27.938144329896907,100.6288032454361,27.938144329896907,68.61520998864927,34.841628959276015,881,2025
3,2,2,7,40.0,0,0.0,125.86319218241043,0.0,70.63985374771481,24.563671622495153,547,2025
3,2,2,7,50.0,0,0.0,165.26315789473685,0.0,94.37158469945355,17.194570135746606,366,2025
3,2,3,5,0.0,0,53.18230852211435,87.8905472636816,53.18230852211435,71.23706004140787,41.6289592760181,1932,2025
3,2,3,5,10.0,0,49.92481203007519,88.80361173814899,49.92481203007519,70.38004750593824,41.56431803490627,1684,2025
3,2,3,5,20.0,0,37.51020408163265,100.93856655290102,37.51020408163265,72.0539033457249,35.294117647058826,1076,2025
3,2,3,5,30.0,0,28.098859315589355,126.9090909090909,28.098859315589355,83.08600337268128,24.43438914027149,593,2025
3,2,3,5,40.0,0,0.0,196.14213197969542,0.0,109.15254237288136,17.065287653522947,354,2025
3,2,3,5,50.0,0,0.0,267.7519379844961,0.0,154.19642857142858,11.441499676793795,224,2025
3,2,3,6,0.0,0,52.160493827160494,82.24394785847299,52.160493827160494,67.95210166177908,44.085326438267614,2046,2025
3,2,3,6,10.0,0,48.92052194543298,82.38743455497382,48.92052194543298,66.69632925472747,44.020685197155785,1798,2025
3,2,3,6,20.0,0,34.679245283018865,91.42194744976815,34.679245283018865,65.87085811384877,37.75048480930834,1177,2025
3,2,3,6,30.0,0,25.050847457627118,110.21052631578948,25.050847457627118,72.99259259259259,26.82611506140918,675,2025
3,2,3,6,40.0,0,0.0,163.72881355932202,0.0,93.33333333333333,19.004524886877828,414,2025
3,2,3,6,50.0,0,0.0,217.23270440251574,0.0,127.92592592592592,13.186813186813186,270,2025
3,2,3,7,0.0,0,50.14836795252226,79.54022988505747,50.14836795252226,65.66760037348273,46.15384615384615,2142,2025
3,2,3,7,10.0,0,46.75736961451247,79.35770750988142,46.75736961451247,64.17634635691658,46.089204912734324,1894,2025
3,2,3,7,20.0,0,32.302284710017574,84.5,32.302284710017574,61.09535066981876,39.81900452488688,1269,2025
3,2,3,7,30.0,0,22.393939393939394,97.3953488372093,22.393939393939394,64.82894736842105,28.89463477698772,760,2025
3,2,3,7,40.0,0,0.0,138.49462365591398,0.0,79.18032786885246,21.073044602456367,488,2025
3,2,3,7,50.0,0,0.0,178.96373056994818,0.0,104.98480243161094,15.061409179056238,329,2025
3,2,4,5,0.0,0,48.18181818181818,115.10416666666667,48.18181818181818,83.52035203520352,19.586296056884294,909,2025
3,2,4,5,10.0,0,46.482412060301506,117.91855203619909,46.482412060301506,84.07142857142857,19.586296056884294,840,2025
3,2,4,5,20.0,0,34.46969696969697,145.21452145214522,34.46969696969697,93.65079365079364,17.517776341305755,567,2025
3,2,4,5,30.0,0,22.98701298701299,217.07865168539325,22.98701298701299,127.04819277108433,12.92824822236587,332,2025
3,2,4,5,40.0,0,0.0,348.1081081081081,0.0,182.26415094339623,9.95475113122172,212,2025
3,2,4,5,50.0,0,0.0,486.4788732394366,0.0,259.69924812030075,6.787330316742081,133,2025
3,2,4,6,0.0,0,46.561181434599156,100.63752276867031,46.561181434599156,75.58162267839687,22.042663219133807,1023,2025
3,2,4,6,10.0,0,44.92099322799097,101.99608610567515,44.92099322799097,75.49266247379455,22.042663219133807,954,2025
3,2,4,6,20.0,0,29.93421052631579,120.87912087912088,29.93421052631579,79.49101796407186,19.97414350355527,668,2025
3,2,4,6,30.0,0,19.032258064516128,169.47368421052633,19.032258064516128,101.8840579710145,15.319974143503556,414,2025
3,2,4,6,40.0,0,0.0,257.6,0.0,142.05882352941177,11.8939883645766,272,2025
3,2,4,6,50.0,0,0.0,341.980198019802,0.0,192.9608938547486,8.532643826761474,179,2025
3,2,4,7,0.0,0,43.021442495126706,93.86138613861387,43.021442495126706,70.55406613047364,24.111182934712346,1119,2025
3,2,4,7,10.0,0,41.28630705394191,94.63028169014085,41.28630705394191,70.14285714285714,24.111182934712346,1050,2025
3,2,4,7,20.0,0,26.53061224489796,105.51558752997602,26.53061224489796,69.86842105263158,22.042663219133807,760,2025
3,2,4,7,30.0,0,16.018099547511312,138.9928057553957,16.018099547511312,84.52905811623246,17.388493859082093,499,2025
3,2,4,7,40.0,0,0.0,200.20725388601036,0.0,111.67630057803468,13.96250808015514,346,2025
3,2,4,7,50.0,0,0.0,255.85185185185185,0.0,145.12605042016807,10.407239819004525,238,2025
3,3,2,5,0.0,1,68.10126582278481,75.71514063435069,68.10126582278481,71.92192192192192,71.75177763413058,3330,2025
3,3,2,5,10.0,1,66.24180626365623,75.66690699351118,66.24180626365623,70.97826086956522,70.71751777634131,2760,2025
3,3,2,5,20.0,0,53.526383526383526,84.03073286052009,53.526383526383526,69.42698706099816,55.979314802844215,1623,2025
3,3,2,5,30.0,0,26.568627450980394,108.31877729257641,26.568627450980394,69.80369515011547,37.62120232708468,866,2025
3,3,2,5,40.0,0,0.0,142.5830258302583,0.0,75.61643835616438,25.72721396250808,511,2025
3,3,2,5,50.0,0,0.0,204.37869822485206,0.0,109.30379746835443,16.742081447963802,316,2025
3,3,2,6,0.0,1,66.11301369863014,71.11860595840359,66.11301369863014,68.63494760691022,76.08274078862314,3531,2025
3,3,2,6,10.0,1,64.02730375426621,70.20066889632108,64.02730375426621,67.14527027027027,75.04848093083388,2960,2025
3,3,2,6,20.0,0,48.70023419203747,75.86979722518677,48.70023419203747,62.914572864321606,60.24563671622495,1791,2025
3,3,2,6,30.0,0,23.311827956989248,93.07692307692308,23.311827956989248,60.57114228456914,41.56431803490627,998,2025
3,3,2,6,40.0,0,0.0,118.1651376146789,0.0,63.86776859504132,29.023917259211377,605,2025
3,3,2,6,50.0,0,0.0,166.05769230769232,0.0,90.18276762402088,19.457013574660632,383,2025
3,3,2,7,0.0,1,63.295081967213115,73.5541195476575,63.295081967213115,68.46216436126933,79.44408532643827,3687,2025
3,3,2,7,10.0,1,60.790667530784184,73.12142403051494,60.790667530784184,67.01540436456996,78.409825468649,3116,2025
3,3,2,7,20.0,1,44.72043010752688,78.66468842729971,44.72043010752688,62.400824317362186,63.60698125404008,1941,2025
3,3,2,7,30.0,0,20.299625468164795,96.75,20.299625468164795,60.74955908289242,44.92566257272139,1134,2025
3,3,2,7,40.0,0,0.0,122.9242819843342,0.0,65.29819694868239,32.3852617970265,721,2025
3,3,2,7,50.0,0,0.0,171.92,0.0,90.48421052631579,22.430510665804782,475,2025
3,3,3,5,0.0,0,63.58974358974359,81.75653594771242,63.58974358974359,72.7291409782162,52.4240465416936,2433,2025
3,3,3,5,10.0,0,60.56147144240077,80.82319925163705,60.56147144240077,70.86584205518554,52.29476405946994,2102,2025
3,3,3,5,20.0,0,48.04107424960505,87.65042979942693,48.04107424960505,68.81292261457551,44.21460892049127,1331,2025
3,3,3,5,30.0,0,21.114285714285714,106.0253164556962,21.114285714285714,66.13422818791946,31.67420814479638,745,2025
3,3,3,5,40.0,0,0.0,159.01234567901236,0.0,85.48672566371681,22.236586942469295,452,2025
3,3,3,5,50.0,0,0.0,225.7516339869281,0.0,123.79928315412187,14.608920491273432,279,2025
3,3,3,6,0.0,0,61.236559139784944,75.12762762762763,61.236559139784944,68.26119969627942,56.755009696186164,2634,2025
3,3,3,6,10.0,0,58.14222222222222,73.40696686491079,58.14222222222222,65.9470026064292,56.625727213962506,2302,2025
3,3,3,6,20.0,0,42.83098591549296,77.54119138149557,42.83098591549296,61.100733822548364,48.48093083387201,1499,2025
3,3,3,6,30.0,0,18.15724815724816,89.1063829787234,18.15724815724816,56.18015963511973,35.61732385261797,877,2025
3,3,3,6,40.0,0,0.0,129.23076923076923,0.0,70.76923076923077,25.533290239172594,546,2025
3,3,3,6,50.0,0,0.0,179.89583333333334,0.0,99.82658959537572,17.323852617970264,346,2025
3,3,3,7,0.0,0,57.77536231884058,78.11347517730496,57.77536231884058,68.05376344086021,60.11635423400129,2790,2025
3,3,3,7,10.0,0,54.37240232751455,76.86852589641434,54.37240232751455,65.85842148087876,59.987071751777634,2458,2025
3,3,3,7,20.0,0,38.68956743002545,80.6720741599073,38.68956743002545,60.66100667070952,51.84227537168714,1649,2025
3,3,3,7,30.0,0,15.525210084033613,93.70577281191807,15.525210084033613,56.96939782823297,38.97866839043309,1013,2025
3,3,3,7,40.0,0,0.0,132.61971830985917,0.0,71.1178247734139,28.89463477698772,662,2025
3,3,3,7,50.0,0,0.0,183.67521367521368,0.0,98.12785388127854,20.297349709114414,438,2025
3,3,4,5,0.0,0,67.86216596343179,95.83690987124463,67.86216596343179,81.73049645390071,30.381383322559792,1410,2025
3,3,4,5,10.0,0,65.11848341232228,95.744,65.11848341232228,80.33386327503975,30.316742081447963,1258,2025
3,3,4,5,20.0,0,51.91646191646192,110.91566265060241,51.91646191646192,81.70316301703163,26.4382676147382,822,2025
3,3,4,5,30.0,0,14.688796680497925,159.01234567901236,14.688796680497925,87.14876033057851,20.168067226890756,484,2025
3,3,4,5,40.0,0,0.0,246.11464968152868,0.0,124.64516129032258,15.126050420168067,310,2025
3,3,4,5,50.0,0,0.0,363.57894736842104,0.0,183.72340425531914,9.95475113122172,188,2025
3,3,4,6,0.0,0,63.55721393034826,83.01115241635688,63.55721393034826,73.30229671011794,34.71234647705236,1611,2025
3,3,4,6,10.0,0,60.786206896551725,81.63710777626194,60.786206896551725,71.26886145404664,34.64770523594053,1458,2025
3,3,4,6,20.0,0,43.65702479338843,90.96837944664031,43.65702479338843,67.83838383838383,30.70458952811894,990,2025
3,3,4,6,30.0,0,11.879194630872483,121.50943396226415,11.879194630872483,68.47402597402598,24.111182934712346,616,2025
3,3,4,6,40.0,0,0.0,181.40845070422534,0.0,95.64356435643565,18.422753716871362,404,2025
3,3,4,6,50.0,0,0.0,257.76119402985074,0.0,135.45098039215685,12.669683257918551,255,2025
3,3,4,7,0.0,0,57.93650793650794,87.07344632768361,57.93650793650794,72.52971137521223,38.073691014867485,1767,2025
3,3,4,7,10.0,0,54.881693648816935,86.20221948212084,54.881693648816935,70.61957868649318,38.009049773755656,1614,2025
3,3,4,7,20.0,0,37.732142857142854,93.91379310344827,37.732142857142854,66.3157894736842,34.065934065934066,1140,2025
3,3,4,7,30.0,0,9.645776566757494,122.28571428571429,9.645776566757494,67.31382978723404,27.47252747252747,752,2025
3,3,4,7,40.0,0,0.0,175.0185873605948,0.0,90.53846153846153,21.78409825468649,520,2025
3,3,4,7,50.0,0,0.0,244.20454545454547,0.0,123.86167146974063,15.643180349062701,347,2025
5,1,2,5,0.0,0,74.39080459770115,73.29765886287625,73.29765886287625,73.80714285714286,36.199095022624434,2800,2025
5,1,2,5,10.0,0,72.008658008658,73.89016018306636,72.008658008658,73.00892133008921,36.199095022624434,2466,2025
5,1,2,5,20.0,0,67.92780748663101,74.12280701754386,67.92780748663101,71.33132530120481,34.841628959276015,1660,2025
5,1,2,5,30.0,0,83.22368421052632,73.66906474820144,73.66906474820144,77.97430830039525,29.541047188106013,1012,2025
5,1,2,5,40.0,0,91.13636363636364,62.637362637362635,62.637362637362635,74.61783439490446,22.624434389140273,628,2025
5,1,2,5,50.0,0,35.92814371257485,76.04166666666667,35.92814371257485,59.582309582309584,16.354234001292824,407,2025
5,1,2,6,0.0,0,72.44776119402985,75.96091205211727,72.44776119402985,74.32347826086956,37.16871363930188,2875,2025
5,1,2,6,10.0,0,69.89075630252101,76.89859363434493,69.89075630252101,73.61668634395907,37.16871363930188,2541,2025
5,1,2,6,20.0,0,64.89144316730524,78.71308016877637,64.89144316730524,72.46100519930675,35.81124757595346,1731,2025
5,1,2,6,30.0,0,77.60736196319019,81.46010186757215,77.60736196319019,79.71243042671614,30.510665804783454,1078,2025
5,1,2,6,40.0,0,82.68041237113403,77.05426356589147,77.05426356589147,79.46902654867256,23.529411764705884,678,2025
5,1,2,6,50.0,0,31.746031746031747,98.32684824902724,31.746031746031747,70.11210762331838,17.194570135746606,446,2025
5,1,2,7,0.0,0,71.64575645756457,74.26751592356688,71.64575645756457,73.05299145299145,37.81512605042017,2925,2025
5,1,2,7,10.0,0,69.02074688796681,74.95670995670996,69.02074688796681,72.1960632960247,37.81512605042017,2591,2025
5,1,2,7,20.0,0,63.67167919799499,75.91047812817905,63.67167919799499,70.42672655811342,36.45765998707175,1781,2025
5,1,2,7,30.0,0,75.29761904761905,77.13826366559485,75.29761904761905,76.31438721136767,31.157078215901745,1126,2025
5,1,2,7,40.0,0,78.62745098039215,71.51079136690647,71.51079136690647,74.52282157676349,24.175824175824175,723,2025
5,1,2,7,50.0,0,29.702970297029704,89.9288256227758,29.702970297029704,64.74120082815735,17.8409825468649,483,2025
5,1,3,5,0.0,0,74.75675675675676,77.73333333333333,74.75675675675676,76.46743295019157,16.87136393018746,1305,2025
5,1,3,5,10.0,0,70.7074569789675,76.1212976022567,70.7074569789675,73.82305194805195,16.87136393018746,1232,2025
5,1,3,5,20.0,0,63.95939086294416,68.09437386569873,63.95939086294416,66.37037037037037,16.742081447963802,945,2025
5,1,3,5,30.0,0,77.49034749034749,54.34426229508197,54.34426229508197,63.936,15.319974143503556,625,2025
5,1,3,5,40.0,0,80.8433734939759,60.72243346007605,60.72243346007605,68.5081585081585,13.057530704589528,429,2025
5,1,3,5,50.0,0,0.0,64.51977401129943,0.0,40.07017543859649,9.95475113122172,285,2025
5,1,3,6,0.0,0,70.32203389830508,82.68354430379746,70.32203389830508,77.39855072463769,17.8409825468649,1380,2025
5,1,3,6,10.0,0,66.27240143369175,81.42857142857143,66.27240143369175,74.95791889824025,17.8409825468649,1307,2025
5,1,3,6,20.0,0,58.74125874125874,75.87734241908007,58.74125874125874,68.64173228346456,17.711700064641242,1016,2025
5,1,3,6,30.0,0,68.73287671232876,67.44360902255639,67.44360902255639,67.98842257597684,16.289592760180994,691,2025
5,1,3,6,40.0,0,69.53367875647669,80.38461538461539,69.53367875647669,76.0125260960334,13.96250808015514,479,2025
5,1,3,6,50.0,0,0.0,95.05154639175258,0.0,56.91358024691358,10.795087265675502,324,2025
5,1,3,7,0.0,0,68.57851239669421,79.17575757575757,68.57851239669421,74.6923076923077,18.48739495798319,1430,2025
5,1,3,7,10.0,0,64.53752181500873,77.79336734693878,64.53752181500873,72.19602063375092,18.48739495798319,1357,2025
5,1,3,7,20.0,0,56.75675675675676,71.60771704180064,56.75675675675676,65.42213883677299,18.358112475759533,1066,2025
5,1,3,7,30.0,0,65.37459283387622,62.291666666666664,62.291666666666664,63.572395128552095,16.93600517129929,739,2025
5,1,3,7,40.0,0,64.51923076923077,72.75316455696202,64.51923076923077,69.48473282442748,14.608920491273432,524,2025
5,1,3,7,50.0,0,0.0,84.58715596330275,0.0,51.0803324099723,11.441499676793795,361,2025
5,1,4,5,0.0,0,61.27272727272727,83.5223880597015,61.27272727272727,73.49180327868852,7.886231415643181,610,2025
5,1,4,5,10.0,0,62.639405204460964,81.13846153846154,62.639405204460964,72.76094276094275,7.886231415643181,594,2025
5,1,4,5,20.0,0,65.41666666666667,81.41221374045801,65.41666666666667,74.18410041841004,7.886231415643181,478,2025
5,1,4,5,30.0,0,78.52112676056338,83.61256544502618,78.52112676056338,81.44144144144144,7.627666451195863,333,2025
5,1,4,5,40.0,0,45.91836734693877,109.38356164383562,45.91836734693877,83.89344262295081,6.85197155785391,244,2025
5,1,4,5,50.0,0,0.0,115.35353535353535,0.0,68.38323353293413,5.4945054945054945,167,2025
5,1,4,6,0.0,0,54.354838709677416,93.33333333333333,54.354838709677416,75.69343065693431,8.855850032320621,685,2025
5,1,4,6,10.0,0,55.42763157894737,91.47945205479452,55.42763157894737,75.09715994020927,8.855850032320621,669,2025
5,1,4,6,20.0,0,56.29482071713147,95.13422818791946,56.29482071713147,77.37704918032787,8.855850032320621,549,2025
5,1,4,6,30.0,0,63.714285714285715,102.63392857142857,63.714285714285715,85.56390977443608,8.597285067873303,399,2025
5,1,4,6,40.0,0,36.0,136.03550295857988,36.0,93.50340136054422,7.756948933419522,294,2025
5,1,4,6,50.0,0,0.0,158.9655172413793,0.0,89.51456310679612,6.334841628959276,206,2025
5,1,4,7,0.0,0,51.84615384615385,85.36585365853658,51.84615384615385,70.54421768707483,9.502262443438914,735,2025
5,1,4,7,10.0,0,52.82131661442006,83.475,52.82131661442006,69.87482614742699,9.502262443438914,719,2025
5,1,4,7,20.0,0,53.1203007518797,85.13513513513513,53.1203007518797,70.91819699499165,9.502262443438914,599,2025
5,1,4,7,30.0,0,58.68421052631579,89.45525291828794,58.68421052631579,76.3758389261745,9.243697478991596,447,2025
5,1,4,7,40.0,0,32.142857142857146,115.52763819095478,32.142857142857146,81.09144542772862,8.403361344537815,339,2025
5,1,4,7,50.0,0,0.0,131.71428571428572,0.0,75.88477366255144,6.98125404007757,243,2025
5,2,2,5,0.0,0,61.50326797385621,82.02066115702479,61.50326797385621,72.033934252386,60.95669036845507,4715,2025
5,2,2,5,10.0,0,58.354554358472086,83.85687732342008,58.354554358472086,71.44015259895089,60.95669036845507,4194,2025
5,2,2,5,20.0,0,50.56155507559395,95.86407766990291,50.56155507559395,74.41717791411043,59.34065934065934,2934,2025
5,2,2,5,30.0,0,56.67049368541906,107.18209562563581,56.67049368541906,83.4519956850054,52.682611506140915,1854,2025
5,2,2,5,40.0,0,52.68292682926829,110.1095461658842,52.68292682926829,83.99317406143345,42.016806722689076,1172,2025
5,2,2,5,50.0,0,18.237082066869302,145.2,18.237082066869302,89.80106100795756,31.092436974789916,754,2025
5,2,2,6,0.0,1,60.14767932489451,86.3076923076923,60.14767932489451,73.66768603465852,63.41305753070459,4905,2025
5,2,2,6,10.0,1,56.94851204534719,88.55756506396118,56.94851204534719,73.29379562043796,63.41305753070459,4384,2025
5,2,2,6,20.0,0,48.135709389993146,101.94309927360774,48.135709389993146,76.70845387335262,61.79702650290886,3111,2025
5,2,2,6,30.0,0,53.075268817204304,117.11090400745573,53.075268817204304,87.37893160259611,55.138978668390436,2003,2025
5,2,2,6,40.0,0,48.581314878892734,127.69014084507042,48.581314878892734,92.18944099378882,44.40853264382676,1288,2025
5,2,2,6,50.0,0,16.438356164383563,144.390756302521,16.438356164383563,88.85850178359097,33.354880413703945,841,2025
5,2,2,7,0.0,1,58.54209445585216,83.80988593155894,58.54209445585216,71.66238894373149,65.48157724628312,5065,2025
5,2,2,7,10.0,1,55.252062328139324,85.68585944115156,55.252062328139324,71.07174295774648,65.48157724628312,4544,2025
5,2,2,7,20.0,1,46.08267716535433,96.62076878944349,46.08267716535433,73.04560759106214,63.865546218487395,3267,2025
5,2,2,7,30.0,0,49.80827447023209,108.23428079242032,49.80827447023209,81.32899628252788,57.207498383968975,2152,2025
5,2,2,7,40.0,0,44.22047244094488,115.19695044472681,44.22047244094488,83.50210970464136,46.4770523594053,1422,2025
5,2,2,7,50.0,0,14.527845036319613,126.80811808118081,14.527845036319613,78.25130890052355,35.423400129282484,955,2025
5,2,3,5,0.0,0,55.37864077669903,87.8865671641791,55.37864077669903,72.2888198757764,41.6289592760181,3220,2025
5,2,3,5,10.0,0,51.751773049645394,88.7483870967742,51.751773049645394,71.125,41.6289592760181,2960,2025
5,2,3,5,20.0,0,43.111111111111114,99.6875,43.111111111111114,73.29878323569176,41.241111829347126,2219,2025
5,2,3,5,30.0,0,46.70623145400594,106.29255989911728,46.70623145400594,78.9161554192229,38.46153846153846,1467,2025
5,2,3,5,40.0,0,40.0919540229885,118.08550185873607,40.0919540229885,83.21685508735868,32.44990303813833,973,2025
5,2,3,5,50.0,0,0.0,151.6022099447514,0.0,86.83544303797468,24.69295410471881,632,2025
5,2,3,6,0.0,0,53.67901234567901,93.58100558659218,53.67901234567901,74.62463343108504,44.085326438267614,3410,2025
5,2,3,6,10.0,0,50.08080808080808,94.8108108108108,50.08080808080808,73.72380952380952,44.085326438267614,3150,2025
5,2,3,6,20.0,0,40.380090497737555,107.14949651432998,40.380090497737555,76.35642737896494,43.69747899159664,2396,2025
5,2,3,6,30.0,0,42.946793997271484,118.4484711211778,42.946793997271484,84.20173267326733,40.91790562378797,1616,2025
5,2,3,6,40.0,0,36.333333333333336,137.65188834154353,36.333333333333336,92.99357208448117,34.841628959276015,1089,2025
5,2,3,6,50.0,0,0.0,149.87893462469734,0.0,86.09179415855354,26.955397543632838,719,2025
5,2,3,7,0.0,0,51.60830860534124,89.72944297082228,51.60830860534124,71.73669467787114,46.15384615384615,3570,2025
5,2,3,7,10.0,0,47.980645161290326,90.61931818181819,47.980645161290326,70.65256797583082,46.15384615384615,3310,2025
5,2,3,7,20.0,0,38.136752136752136,100.09406657018813,38.136752136752136,71.68887147335423,45.76599870717518,2552,2025
5,2,3,7,30.0,0,39.64735516372796,107.71369721936148,39.64735516372796,77.09348441926346,42.98642533936651,1765,2025
5,2,3,7,40.0,0,32.476722532588454,122.20116618075802,32.476722532588454,82.80457890433361,36.910148674854554,1223,2025
5,2,3,7,50.0,0,0.0,129.2275574112735,0.0,74.30972388955583,29.023917259211377,833,2025
5,2,4,5,0.0,0,52.92307692307692,109.3375,52.92307692307692,82.7128712871287,19.586296056884294,1515,2025
5,2,4,5,10.0,0,51.21522693997072,110.97368421052632,51.21522693997072,82.68884268884268,19.586296056884294,1443,2025
5,2,4,5,20.0,0,45.87901701323251,128.31649831649833,45.87901701323251,89.48352626892253,19.521654815772465,1123,2025
5,2,4,5,30.0,0,52.116991643454035,150.56206088992974,52.116991643454035,105.59796437659033,18.81060116354234,786,2025
5,2,4,5,40.0,0,33.94422310756972,183.6102236421725,33.94422310756972,117.00354609929079,17.00064641241112,564,2025
5,2,4,5,50.0,0,0.0,231.37440758293837,0.0,129.49602122015915,13.510019392372334,377,2025
5,2,4,6,0.0,0,49.67088607594937,117.78142076502732,49.67088607594937,86.22287390029325,22.042663219133807,1705,2025
5,2,4,6,10.0,0,47.99472295514512,119.58857142857143,47.99472295514512,86.35639926515616,22.042663219133807,1633,2025
5,2,4,6,20.0,0,40.517529215358934,137.68901569186875,40.517529215358934,92.91538461538461,21.978021978021978,1300,2025
5,2,4,6,30.0,0,44.760765550239235,163.61702127659575,44.760765550239235,110.4812834224599,21.266968325791854,935,2025
5,2,4,6,40.0,0,28.783783783783782,202.52604166666666,28.783783783783782,126.8970588235294,19.392372333548803,680,2025
5,2,4,6,50.0,0,0.0,213.12977099236642,0.0,120.34482758620689,15.772462831286362,464,2025
5,2,4,7,0.0,0,45.89473684210526,108.31683168316832,45.89473684210526,79.69973190348526,24.111182934712346,1865,2025
5,2,4,7,10.0,0,44.204131227217495,109.55670103092784,44.204131227217495,79.55939765755717,24.111182934712346,1793,2025
5,2,4,7,20.0,0,36.55120481927711,121.86868686868686,36.55120481927711,82.96016483516483,24.046541693600517,1456,2025
5,2,4,7,30.0,0,39.06054279749478,139.8181818181818,39.06054279749478,95.29520295202953,23.335488041370393,1084,2025
5,2,4,7,40.0,0,24.135977337110482,168.69848156182212,24.135977337110482,106.007371007371,21.46089204912734,814,2025
5,2,4,7,50.0,0,0.0,170.2439024390244,0.0,96.60899653979239,17.8409825468649,578,2025
5,3,2,5,0.0,1,63.30922242314647,79.10592459605027,63.30922242314647,71.23603603603604,71.75177763413058,5550,2025
5,3,2,5,10.0,1,60.146103896103895,79.94354838709677,60.146103896103895,70.07686084142395,71.75177763413058,4944,2025
5,3,2,5,20.0,1,52.01409277745156,87.47767857142857,52.01409277745156,70.19742489270386,70.13574660633485,3495,2025
5,3,2,5,30.0,1,48.75343721356553,94.4770959377701,48.75343721356553,72.2864768683274,63.28377504848093,2248,2025
5,3,2,5,40.0,0,41.17302052785924,92.45729303547964,41.17302052785924,68.21898821898822,51.00193923723336,1443,2025
5,3,2,5,50.0,0,13.856812933025404,123.66733466933867,13.856812933025404,72.65021459227468,38.26761473820297,932,2025
5,3,2,6,0.0,1,60.92465753424658,81.15008431703204,60.92465753424658,71.11469838572643,76.08274078862314,5885,2025
5,3,2,6,10.0,1,57.69671504965623,82.16541353383458,57.69671504965623,70.02841985600607,76.08274078862314,5278,2025
5,3,2,6,20.0,1,48.115154807170015,90.61412487205732,48.115154807170015,69.99736495388669,74.46670976082741,3795,2025
5,3,2,6,30.0,1,44.17774086378738,100.00771604938272,44.17774086378738,73.12,67.55009696186167,2500,2025
5,3,2,6,40.0,0,36.5625,103.96788990825688,36.5625,72.40243902439025,55.138978668390436,1640,2025
5,3,2,6,50.0,0,12.072434607645874,119.1161178509532,12.072434607645874,69.58100558659218,42.21073044602456,1074,2025
5,3,2,7,0.0,1,58.32786885245902,80.9951534733441,58.32786885245902,69.74450772986168,79.44408532643827,6145,2025
5,3,2,7,10.0,1,54.967248908296945,81.94623655913979,54.967248908296945,68.5590465872156,79.44408532643827,5538,2025
5,3,2,7,20.0,1,44.987303199593704,89.1826923076923,44.987303199593704,67.69078784885157,77.82805429864253,4049,2025
5,3,2,7,30.0,1,40.17371601208459,97.69992922859164,40.17371601208459,69.87212276214834,70.9114414996768,2737,2025
5,3,2,7,40.0,0,31.945392491467576,101.84994861253854,31.945392491467576,68.67170626349892,58.50032320620556,1852,2025
5,3,2,7,50.0,0,10.135135135135135,116.92424242424242,10.135135135135135,66.4297124600639,45.50743374272786,1252,2025
5,3,3,5,0.0,0,59.28535980148883,82.8578431372549,59.28535980148883,71.1442663378545,52.4240465416936,4055,2025
5,3,3,5,10.0,0,55.68231441048035,82.72630457933973,55.68231441048035,69.37196765498652,52.4240465416936,3710,2025
5,3,3,5,20.0,0,46.679021497405486,88.52550663871419,46.679021497405486,68.21942446043165,52.036199095022624,2780,2025
5,3,3,5,30.0,0,39.49664429530201,91.25129265770424,39.49664429530201,66.38903815153144,49.06270200387848,1861,2025
5,3,3,5,40.0,0,29.863013698630137,96.25757575757575,29.863013698630137,65.08842443729904,41.43503555268261,1244,2025
5,3,3,5,50.0,0,0.0,125.87155963302752,0.0,67.75308641975309,31.86813186813187,810,2025
5,3,3,6,0.0,0,56.36405529953917,85.28378378378379,56.36405529953917,70.9886104783599,56.755009696186164,4390,2025
5,3,3,6,10.0,0,52.799597180261834,85.354713313897,52.799597180261834,69.36696340257171,56.755009696186164,4044,2025
5,3,3,6,20.0,0,42.34700739744452,92.2661644695543,42.34700739744452,68.16558441558442,56.36716224951519,3080,2025
5,3,3,6,30.0,0,35.06454816285998,98.1374321880651,35.06454816285998,68.07856128726928,53.329023917259214,2113,2025
5,3,3,6,40.0,0,26.029850746268657,108.72892347600519,26.029850746268657,70.27758501040944,45.57207498383969,1441,2025
5,3,3,6,50.0,0,0.0,120.42801556420234,0.0,65.02100840336135,35.81124757595346,952,2025
5,3,3,7,0.0,0,53.178260869565214,84.85106382978724,53.178260869565214,69.18494623655914,60.11635423400129,4650,2025
5,3,3,7,10.0,0,49.555765595463136,84.88574040219379,49.555765595463136,67.51626394052045,60.11635423400129,4304,2025
5,3,3,7,20.0,0,38.9907120743034,90.413030831879,38.9907120743034,65.50389922015597,59.72850678733032,3334,2025
5,3,3,7,30.0,0,31.330967169476487,95.65004088307441,31.330967169476487,64.80425531914894,56.690368455074335,2350,2025
5,3,3,7,40.0,0,22.3303457106274,105.81422018348624,22.3303457106274,66.37023593466425,48.93341952165481,1653,2025
5,3,3,7,50.0,0,0.0,117.82244556113903,0.0,62.24778761061947,39.10795087265676,1130,2025
5,3,4,5,0.0,0,60.540084388185655,93.81115879828326,60.540084388185655,77.03404255319148,30.381383322559792,2350,2025
5,3,4,5,10.0,0,57.93665158371041,93.87867647058823,57.93665158371041,75.76835385316917,30.381383322559792,2193,2025
5,3,4,5,20.0,0,50.55753262158956,100.91557669441141,50.55753262158956,75.70665083135393,30.316742081447963,1684,2025
5,3,4,5,30.0,0,38.92918825561313,113.5440931780366,38.92918825561313,76.9322033898305,29.41176470588235,1180,2025
5,3,4,5,40.0,0,21.3,132.11494252873564,21.3,79.02994011976048,25.985778926955398,835,2025
5,3,4,5,50.0,0,0.0,171.2982456140351,0.0,87.96396396396396,20.685197155785392,555,2025
5,3,4,6,0.0,0,55.66417910447761,96.34944237918215,55.66417910447761,76.04469273743017,34.71234647705236,2685,2025
5,3,4,6,10.0,0,53.11358220810167,96.5615141955836,53.11358220810167,74.91491887613772,34.71234647705236,2527,2025
5,3,4,6,20.0,0,43.44546381243629,104.85543369890328,43.44546381243629,74.49092741935483,34.64770523594053,1984,2025
5,3,4,6,30.0,0,32.57225433526011,119.64864864864865,32.57225433526011,77.56983240223464,33.67808661926309,1432,2025
5,3,4,6,40.0,0,17.530864197530864,142.43589743589743,17.530864197530864,83.61434108527132,30.122818358112475,1032,2025
5,3,4,6,50.0,0,0.0,153.82920110192836,0.0,80.11477761836441,24.628312863606983,697,2025
5,3,4,7,0.0,0,50.74149659863946,94.68474576271187,50.74149659863946,72.75042444821732,38.073691014867485,2945,2025
5,3,4,7,10.0,0,48.14254859611231,94.78540772532189,48.14254859611231,71.53928955866523,38.073691014867485,2787,2025
5,3,4,7,20.0,0,38.43101893597836,100.62887511071744,38.43101893597836,69.80786416443253,38.009049773755656,2238,2025
5,3,4,7,30.0,0,27.75862068965517,113.16219369894982,27.75862068965517,71.61174355901737,37.03943115707822,1669,2025
5,3,4,7,40.0,0,14.271356783919598,133.24574961360125,14.271356783919598,76.14951768488746,33.484162895927604,1244,2025
5,3,4,7,50.0,0,0.0,144.1255605381166,0.0,73.46285714285715,27.92501616031028,875,2025
8,1,2,5,0.0,0,93.17833173537872,79.52759197324414,79.52759197324414,85.8865564984368,36.199095022624434,4478,2025
8,1,2,5,10.0,0,93.2609819121447,80.61762034514078,80.61762034514078,86.53130287648054,36.199095022624434,4137,2025
8,1,2,5,20.0,0,94.99319727891157,81.27720504009164,81.27720504009164,87.54664179104478,36.134453781512605,3216,2025
8,1,2,5,30.0,0,107.18455743879473,75.34810126582279,75.34810126582279,89.88392089423904,35.94053005817712,2326,2025
8,1,2,5,40.0,0,112.83173734610124,77.00218818380743,77.00218818380743,92.92401215805471,34.195216548157724,1645,2025
8,1,2,5,50.0,0,90.65259117082533,80.3395061728395,80.3395061728395,84.93584260051325,30.187459599224304,1169,2025
8,1,2,6,0.0,0,90.74229691876751,80.31351791530945,80.31351791530945,85.17181383210091,37.16871363930188,4598,2025
8,1,2,6,10.0,0,90.63787041687594,81.4386584289497,81.4386584289497,85.74113225276015,37.16871363930188,4257,2025
8,1,2,6,20.0,0,91.50720838794233,82.46400885935769,82.46400885935769,86.60564225690275,37.10407239819005,3332,2025
8,1,2,6,30.0,0,101.99820788530467,77.4110522331567,77.4110522331567,88.67049651210505,36.910148674854554,2437,2025
8,1,2,6,40.0,0,106.01542416452442,80.70907194994786,80.70907194994786,92.04375359815775,35.16483516483517,1737,2025
8,1,2,6,50.0,0,84.03914590747331,86.24817518248175,84.03914590747331,85.25260625501203,31.157078215901745,1247,2025
8,1,2,7,0.0,0,89.73684210526316,78.52308917197452,78.52308917197452,83.7152629328773,37.81512605042017,4678,2025
8,1,2,7,10.0,0,89.55831265508685,79.4745908699397,79.4745908699397,84.1595572976712,37.81512605042017,4337,2025
8,1,2,7,20.0,0,90.09032258064516,79.98388829215897,79.98388829215897,84.57502930832356,37.75048480930834,3412,2025
8,1,2,7,30.0,0,99.85087719298245,74.4250363901019,74.4250363901019,85.9546539379475,37.55656108597285,2514,2025
8,1,2,7,40.0,0,102.8428927680798,76.70961347869178,76.70961347869178,88.2827167310878,35.81124757595346,1811,2025
8,1,2,7,50.0,0,80.87328767123287,81.15384615384616,80.87328767123287,81.02896341463415,31.80349062702004,1312,2025
8,1,3,5,0.0,0,80.68693693693693,83.175,80.68693693693693,82.11685823754789,16.87136393018746,2088,2025
8,1,3,5,10.0,0,78.43457943925233,82.38136324417601,78.43457943925233,80.70471464019852,16.87136393018746,2015,2025
8,1,3,5,20.0,0,70.28248587570621,78.5989847715736,70.28248587570621,75.12108682811576,16.87136393018746,1693,2025
8,1,3,5,30.0,0,77.88785046728972,75.75957727873184,75.75957727873184,76.64086687306502,16.87136393018746,1292,2025
8,1,3,5,40.0,0,70.96446700507614,85.40308747855917,70.96446700507614,79.58034800409416,16.483516483516482,977,2025
8,1,3,5,50.0,0,34.07017543859649,85.0,34.07017543859649,64.46958981612447,15.190691661279896,707,2025
8,1,3,6,0.0,0,75.90042372881356,84.51740506329114,75.90042372881356,80.83333333333333,17.8409825468649,2208,2025
8,1,3,6,10.0,0,73.61842105263158,83.81030253475062,73.61842105263158,79.45667447306792,17.8409825468649,2135,2025
8,1,3,6,20.0,0,65.13089005235602,80.80382775119617,65.13089005235602,74.18463239358762,17.8409825468649,1809,2025
8,1,3,6,30.0,0,70.74702886247877,79.07862407862407,70.74702886247877,75.58089807555238,17.8409825468649,1403,2025
8,1,3,6,40.0,0,63.40136054421769,90.46178343949045,63.40136054421769,79.29840972871843,17.453135100193922,1069,2025
8,1,3,6,50.0,0,29.78527607361963,93.44226579520698,29.78527607361963,67.00636942675159,16.160310277957336,785,2025
8,1,3,7,0.0,0,74.01859504132231,80.93181818181819,74.01859504132231,78.00699300699301,18.48739495798319,2288,2025
8,1,3,7,10.0,0,71.73076923076923,80.14073494917905,71.73076923076923,76.58690744920993,18.48739495798319,2215,2025
8,1,3,7,20.0,0,63.14720812182741,76.69391462306993,63.14720812182741,71.0428798305982,18.48739495798319,1889,2025
8,1,3,7,30.0,0,67.97716150081565,74.24452133794695,67.97716150081565,71.64864864864865,18.48739495798319,1480,2025
8,1,3,7,40.0,0,60.12903225806452,83.7905604719764,60.12903225806452,74.16447944007,18.099547511312217,1143,2025
8,1,3,7,50.0,0,27.902298850574713,85.43824701195219,27.902298850574713,61.88235294117647,16.80672268907563,850,2025
8,1,4,5,0.0,0,38.29545454545455,71.08208955223881,38.29545454545455,56.30122950819672,7.886231415643181,976,2025
8,1,4,5,10.0,0,38.824884792626726,69.37262357414448,38.824884792626726,55.5625,7.886231415643181,960,2025
8,1,4,5,20.0,0,37.579787234042556,68.66812227074236,37.579787234042556,54.65227817745804,7.886231415643181,834,2025
8,1,4,5,30.0,0,38.71527777777778,70.13440860215054,38.71527777777778,56.42424242424242,7.886231415643181,660,2025
8,1,4,5,40.0,0,19.911504424778762,86.3907284768212,19.911504424778762,57.93560606060606,7.756948933419522,528,2025
8,1,4,5,50.0,0,0.0,74.4298245614035,0.0,42.63819095477387,7.433742727860375,398,2025
8,1,4,6,0.0,0,33.971774193548384,75.2,33.971774193548384,56.54197080291971,8.855850032320621,1096,2025
8,1,4,6,10.0,0,34.38775510204081,73.7457627118644,34.38775510204081,55.888888888888886,8.855850032320621,1080,2025
8,1,4,6,20.0,0,32.708333333333336,74.26640926640927,32.708333333333336,55.36842105263158,8.855850032320621,950,2025
8,1,4,6,30.0,0,32.60233918128655,77.17948717948718,32.60233918128655,57.40596627756161,8.855850032320621,771,2025
8,1,4,6,40.0,0,16.483516483516482,95.4178674351585,16.483516483516482,60.66129032258065,8.726567550096961,620,2025
8,1,4,6,50.0,0,0.0,90.52830188679245,0.0,50.39915966386555,8.403361344537815,476,2025
8,1,4,7,0.0,0,32.40384615384615,68.78048780487805,32.40384615384615,52.695578231292515,9.502262443438914,1176,2025
8,1,4,7,10.0,0,32.782101167315176,67.3529411764706,32.782101167315176,52.03448275862069,9.502262443438914,1160,2025
8,1,4,7,20.0,0,30.986842105263158,67.02090592334494,30.986842105263158,51.067961165048544,9.502262443438914,1030,2025
8,1,4,7,30.0,0,30.46448087431694,68.69294605809128,30.46448087431694,52.193396226415096,9.502262443438914,848,2025
8,1,4,7,40.0,0,15.151515151515152,83.40050377833754,15.151515151515152,54.19308357348703,9.372979961215256,694,2025
8,1,4,7,50.0,0,0.0,77.8896103896104,0.0,44.34380776340111,9.049773755656108,541,2025
8,2,2,5,0.0,0,74.7546346782988,79.81404958677686,74.7546346782988,77.35278514588859,60.95669036845507,7540,2025
8,2,2,5,10.0,0,73.91852286049237,80.92602892102336,73.91852286049237,77.5142694063927,60.95669036845507,7008,2025
8,2,2,5,20.0,0,71.91734921816828,86.49982859101817,71.91734921816828,79.50919150455114,60.89204912734324,5603,2025
8,2,2,5,30.0,0,77.71011575239054,85.56672760511883,77.71011575239054,81.82754491017964,60.698125404007754,4175,2025
8,2,2,5,40.0,0,80.49408489909534,83.29207920792079,80.49408489909534,81.97510645266951,58.8235294117647,3053,2025
8,2,2,5,50.0,0,55.8614051973051,87.26502963590178,55.8614051973051,72.56756756756756,53.78151260504202,2220,2025
8,2,2,6,0.0,1,72.75607180570222,83.9275147928994,72.75607180570222,78.53263640999491,63.41305753070459,7844,2025
8,2,2,6,10.0,1,71.8035107587769,85.28571428571429,71.8035107587769,78.77324945295405,63.41305753070459,7312,2025
8,2,2,6,20.0,1,68.96465548018564,91.7496765847348,68.96465548018564,80.91973527914475,63.34841628959276,5893,2025
8,2,2,6,30.0,1,73.88038277511961,93.29492104139992,73.88038277511961,84.14166478682608,63.154492566257275,4433,2025
8,2,2,6,40.0,0,75.89895013123359,95.05727376861398,75.89895013123359,86.12844036697248,61.279896574014224,3270,2025
8,2,2,6,50.0,0,52.053811659192824,94.50078003120124,52.053811659192824,74.75594493116395,56.1732385261797,2397,2025
8,2,2,7,0.0,1,70.81192189105859,81.28326996197718,70.81192189105859,76.25185185185185,65.48157724628312,8100,2025
8,2,2,7,10.0,1,69.74972497249725,82.40335707019328,69.74972497249725,76.32399577167018,65.48157724628312,7568,2025
8,2,2,7,20.0,1,66.49569707401032,87.55864197530865,66.49569707401032,77.6013018714402,65.4169360051713,6145,2025
8,2,2,7,30.0,1,70.5068493150685,87.8930438279051,70.5068493150685,79.75197776352363,65.2230122818358,4677,2025
8,2,2,7,40.0,1,71.40123456790124,88.47014925373135,71.40123456790124,80.56064073226544,63.34841628959276,3496,2025
8,2,2,7,50.0,0,48.32639467110741,86.72154617036507,48.32639467110741,68.97228637413394,58.24175824175824,2598,2025
8,2,3,5,0.0,0,61.32793522267207,81.57462686567165,61.32793522267207,71.86407766990291,41.6289592760181,5150,2025
8,2,3,5,10.0,0,59.53279039862838,81.85272228750489,59.53279039862838,71.19525173966434,41.6289592760181,4886,2025
8,2,3,5,20.0,0,53.685031185031185,87.11966604823748,53.685031185031185,71.3529411764706,41.6289592760181,4080,2025
8,2,3,5,30.0,0,56.33561643835616,88.8340273646639,56.33561643835616,73.72811206622094,41.6289592760181,3141,2025
8,2,3,5,40.0,0,55.59090909090909,88.72373540856032,55.59090909090909,73.44234800838575,41.11182934712347,2385,2025
8,2,3,5,50.0,0,25.554171855541718,90.96335078534031,25.554171855541718,61.08646188850967,38.784744667097605,1758,2025
8,2,3,6,0.0,0,59.027027027027025,87.28701117318435,59.027027027027025,73.86688668866887,44.085326438267614,5454,2025
8,2,3,6,10.0,0,57.191194455768446,87.81147241505298,57.191194455768446,73.33911368015414,44.085326438267614,5190,2025
8,2,3,6,20.0,0,50.65718489455615,94.03689403689404,50.65718489455615,73.79633867276888,44.085326438267614,4370,2025
8,2,3,6,30.0,0,52.62316058861165,98.42047930283225,52.62316058861165,77.36098852603708,44.085326438267614,3399,2025
8,2,3,6,40.0,0,51.51642796967144,102.74204946996467,51.51642796967144,79.37355880092237,43.56819650937298,2602,2025
8,2,3,6,50.0,0,23.344709897610922,99.39393939393939,23.344709897610922,64.84754521963825,41.1764705882353,1935,2025
8,2,3,7,0.0,0,56.74832962138085,83.42838196286472,56.74832962138085,70.84063047285464,46.15384615384615,5710,2025
8,2,3,7,10.0,0,54.865076261243644,83.75562478366217,54.865076261243644,70.19096584649284,46.15384615384615,5446,2025
8,2,3,7,20.0,0,48.198786747550166,88.42275110931827,48.198786747550166,69.77282561661619,46.15384615384615,4622,2025
8,2,3,7,30.0,0,49.458809380637405,91.26262626262626,49.458809380637405,72.1795223716717,46.15384615384615,3643,2025
8,2,3,7,40.0,0,47.661730319563524,94.09708737864078,47.661730319563524,73.03041018387553,45.63671622495152,2828,2025
8,2,3,7,50.0,0,21.264248704663213,89.6327924850555,21.264248704663213,58.745318352059925,43.244990303813836,2136,2025
8,2,4,5,0.0,0,37.86713286713287,91.71875,37.86713286713287,66.3036303630363,19.586296056884294,2424,2025
8,2,4,5,10.0,0,36.384892086330936,92.30210016155088,36.384892086330936,65.84255319148936,19.586296056884294,2350,2025
8,2,4,5,20.0,0,31.25,100.04712535344015,31.25,67.51117734724292,19.586296056884294,2013,2025
8,2,4,5,30.0,0,32.339572192513366,109.30394431554524,32.339572192513366,73.54658385093168,19.586296056884294,1610,2025
8,2,4,5,40.0,0,23.60876897133221,115.27377521613833,23.60876897133221,73.03807303807304,19.457013574660632,1287,2025
8,2,4,5,50.0,0,12.097130242825607,115.28864059590316,12.097130242825607,68.07070707070707,19.004524886877828,990,2025
8,2,4,6,0.0,0,35.379746835443036,101.6188524590164,35.379746835443036,70.9274193548387,22.042663219133807,2728,2025
8,2,4,6,10.0,0,33.97727272727273,102.41912798874824,33.97727272727273,70.64807837226827,22.042663219133807,2654,2025
8,2,4,6,20.0,0,27.881911902530458,111.2621359223301,27.881911902530458,72.63135041250543,22.042663219133807,2303,2025
8,2,4,6,30.0,0,28.425381903642773,123.49065880039332,28.425381903642773,80.18201284796574,22.042663219133807,1868,2025
8,2,4,6,40.0,0,20.58823529411765,135.15776699029126,20.58823529411765,83.35771276595744,21.91338073691015,1504,2025
8,2,4,6,50.0,0,10.359168241965973,125.39184952978056,10.359168241965973,73.24764353041988,21.396250808015512,1167,2025
8,2,4,7,0.0,0,32.69005847953216,93.06930693069307,32.69005847953216,65.3887399463807,24.111182934712346,2984,2025
8,2,4,7,10.0,0,31.332335329341316,93.56416772554003,31.332335329341316,64.99312714776632,24.111182934712346,2910,2025
8,2,4,7,20.0,0,25.405636208368914,99.36416184971098,25.405636208368914,65.46771037181996,24.111182934712346,2555,2025
8,2,4,7,30.0,0,25.436382754994742,108.1739879414298,25.436382754994742,70.91856060606061,24.111182934712346,2112,2025
8,2,4,7,40.0,0,18.04123711340206,116.74004192872117,18.04123711340206,72.46820809248555,23.981900452488688,1730,2025
8,2,4,7,50.0,0,8.910569105691057,106.24169986719788,8.910569105691057,62.485380116959064,23.46477052359405,1368,2025
8,3,2,5,0.0,1,76.02036199095022,79.6745960502693,76.02036199095022,77.85488958990537,71.75177763413058,8876,2025
8,3,2,5,10.0,1,75.11175898931,80.3717113202993,75.11175898931,77.75033297009323,71.75177763413058,8259,2025
8,3,2,5,20.0,1,72.51677852348993,84.33599526767229,72.51677852348993,78.5177954647845,71.68713639301875,6659,2025
8,3,2,5,30.0,1,73.78345498783455,83.140625,73.78345498783455,78.54954237962595,71.49321266968326,5026,2025
8,3,2,5,40.0,1,76.58241758241758,81.90251572327044,76.58241758241758,79.30525751072962,69.6186166774402,3728,2025
8,3,2,5,50.0,1,60.64540059347181,88.90235210263721,60.64540059347181,75.05634314794621,64.44731738849386,2751,2025
8,3,2,6,0.0,1,72.59211653813196,81.45025295109612,72.59211653813196,77.05694857628559,76.08274078862314,9412,2025
8,3,2,6,10.0,1,71.51272060508825,82.22748815165876,71.51272060508825,76.91153058903798,76.08274078862314,8794,2025
8,3,2,6,20.0,1,67.74294670846395,86.71506849315068,67.74294670846395,77.41584020114541,76.01809954751131,7159,2025
8,3,2,6,30.0,1,68.14606741573034,87.18671902891825,68.14606741573034,77.89435203801864,75.82417582417582,5471,2025
8,3,2,6,40.0,1,70.04020100502512,88.76064333017976,70.04020100502512,79.6832358674464,73.94957983193277,4104,2025
8,3,2,6,50.0,1,54.82897384305835,91.31713554987212,54.82897384305835,73.50900163666121,68.64899806076276,3055,2025
8,3,2,7,0.0,1,69.4954881050041,80.06260096930534,69.4954881050041,74.81990231990233,79.44408532643827,9828,2025
8,3,2,7,10.0,1,68.2585867425071,80.71136020694115,68.2585867425071,74.53094462540717,79.44408532643827,9210,2025
8,3,2,7,20.0,1,63.98654104979811,84.3149974052932,63.98654104979811,74.33742898665609,79.37944408532644,7569,2025
8,3,2,7,30.0,1,63.4635507499128,84.38543754175016,63.4635507499128,74.1511687425354,79.18552036199095,5861,2025
8,3,2,7,40.0,1,63.99449035812672,85.6993006993007,63.99449035812672,75.11419614867891,77.3109243697479,4466,2025
8,3,2,7,50.0,1,49.24698795180723,88.14685314685315,49.24698795180723,69.01954976303317,72.01034259857789,3376,2025
8,3,3,5,0.0,0,66.19801365611421,81.06924019607843,66.19801365611421,73.68177613321,52.4240465416936,6486,2025
8,3,3,5,10.0,0,64.48468883766876,80.9483870967742,64.48468883766876,72.80104285481505,52.4240465416936,6137,2025
8,3,3,5,20.0,0,58.75596184419714,84.2175572519084,58.75596184419714,71.74454828660436,52.4240465416936,5136,2025
8,3,3,5,30.0,0,56.62197008767406,85.21675596687774,56.62197008767406,71.32765531062124,52.4240465416936,3992,2025
8,3,3,5,40.0,0,57.22184760620364,86.03677869372225,57.22184760620364,72.0718954248366,51.906916612798966,3060,2025
8,3,3,5,50.0,0,39.77517985611511,92.21750212404417,39.77517985611511,66.74093490607252,49.45054945054945,2289,2025
8,3,3,6,0.0,0,62.288184438040346,83.32770270270271,62.288184438040346,72.93078894901737,56.755009696186164,7022,2025
8,3,3,6,10.0,0,60.50243605359318,83.32644628099173,60.50243605359318,72.09232613908873,56.755009696186164,6672,2025
8,3,3,6,20.0,0,53.81507098653076,87.23433714087919,53.81507098653076,70.9457061745919,56.755009696186164,5636,2025
8,3,3,6,30.0,0,51.23191787214186,89.93897122929381,51.23191787214186,71.24408384043272,56.755009696186164,4437,2025
8,3,3,6,40.0,0,51.336963097398666,93.69040942232193,51.336963097398666,73.31490104772992,56.23787976729153,3436,2025
8,3,3,6,50.0,0,35.243027888446214,94.64125560538116,35.243027888446214,65.89278827612803,53.65223012281836,2593,2025
8,3,3,7,0.0,0,58.76563349646547,81.39627659574468,58.76563349646547,70.20570045711213,60.11635423400129,7438,2025
8,3,3,7,10.0,0,56.89862542955326,81.30700778642937,56.89862542955326,69.2818848758465,60.11635423400129,7088,2025
8,3,3,7,20.0,0,50.06095496105655,84.20950533462657,50.06095496105655,67.53059874297055,60.11635423400129,6046,2025
8,3,3,7,30.0,0,46.91880341880342,86.35303578608766,46.91880341880342,67.23637870312824,60.11635423400129,4827,2025
8,3,3,7,40.0,0,46.09451385116785,89.6729688298416,46.09451385116785,68.5492364402317,59.59922430510666,3798,2025
8,3,3,7,50.0,0,31.060393258426966,90.6510067114094,31.060393258426966,61.53054221002059,57.01357466063349,2914,2025
8,3,4,5,0.0,0,55.44831223628692,87.65557939914163,55.44831223628692,71.41489361702128,30.381383322559792,3760,2025
8,3,4,5,10.0,0,53.63986784140969,87.52941176470588,53.63986784140969,70.43876700916412,30.381383322559792,3601,2025
8,3,4,5,20.0,0,48.115284974093264,91.12786885245902,48.115284974093264,69.48843271423917,30.381383322559792,3069,2025
8,3,4,5,30.0,0,42.15973920130399,97.11507293354943,42.15973920130399,69.71556277935798,30.381383322559792,2461,2025
8,3,4,5,40.0,0,38.63729508196721,103.11359026369168,38.63729508196721,71.03975535168196,30.252100840336134,1962,2025
8,3,4,5,50.0,0,38.30708661417323,110.11857707509881,38.30708661417323,74.14201183431953,29.67032967032967,1521,2025
8,3,4,6,0.0,0,50.36380597014925,90.50185873605948,50.36380597014925,70.47020484171323,34.71234647705236,4296,2025
8,3,4,6,10.0,0,48.599127484246246,90.50168837433671,48.599127484246246,69.60106382978724,34.71234647705236,4136,2025
8,3,4,6,20.0,0,41.85352112676056,94.94983277591973,41.85352112676056,68.54300924628748,34.71234647705236,3569,2025
8,3,4,6,30.0,0,36.14954577218728,102.51525423728813,36.14954577218728,69.83482450103234,34.71234647705236,2906,2025
8,3,4,6,40.0,0,32.90575916230367,111.61073825503355,32.90575916230367,73.03250641573995,34.5830639948287,2338,2025
8,3,4,6,50.0,0,32.25414364640884,110.51086956521739,32.25414364640884,71.7041095890411,33.87201034259858,1825,2025
8,3,4,7,0.0,0,45.90986394557823,86.79237288135593,45.90986394557823,66.3858234295416,38.073691014867485,4712,2025
8,3,4,7,10.0,0,44.147952443857335,86.66374397194213,44.147952443857335,65.45254833040421,38.073691014867485,4552,2025
8,3,4,7,20.0,0,37.5012619888945,89.47947947947948,37.5012619888945,63.60140738879115,38.073691014867485,3979,2025
8,3,4,7,30.0,0,31.775184275184277,95.71342925659472,31.775184275184277,64.13228155339806,38.073691014867485,3296,2025
8,3,4,7,40.0,0,28.268365817091453,103.57247437774524,28.268365817091453,66.36666666666666,37.94440853264383,2700,2025
8,3,4,7,50.0,0,27.178770949720672,102.71455223880596,27.178770949720672,64.91146318732525,37.23335488041371,2146,2025
12,1,2,5,0.0,0,72.28406909788868,70.65011160714286,70.65011160714286,71.4113263785395,36.199095022624434,6710,2025
12,1,2,5,10.0,0,71.32526067944836,70.86034177961108,70.86034177961108,71.07743050102088,36.199095022624434,6367,2025
12,1,2,5,20.0,0,68.08125502815768,68.54252400548697,68.08125502815768,68.33024805627545,36.134453781512605,5402,2025
12,1,2,5,30.0,0,71.0802775024777,61.202185792349724,61.202185792349724,65.73572890607232,36.134453781512605,4397,2025
12,1,2,5,40.0,0,68.39622641509433,55.1684810782789,55.1684810782789,61.14521170787155,36.134453781512605,3519,2025
12,1,2,5,50.0,0,55.08,51.835401698236446,51.835401698236446,53.293779216109314,36.134453781512605,2781,2025
12,1,2,6,0.0,0,70.39252336448598,74.13586956521739,70.39252336448598,72.39187227866474,37.16871363930188,6890,2025
12,1,2,6,10.0,0,69.36539090611711,74.53008595988538,69.36539090611711,72.11852756987933,37.16871363930188,6547,2025
12,1,2,6,20.0,0,65.85603112840467,72.96542553191489,65.85603112840467,69.68985299390462,37.10407239819005,5578,2025
12,1,2,6,30.0,0,68.3047619047619,66.94084278768233,66.94084278768233,67.56786339754817,37.10407239819005,4568,2025
12,1,2,6,40.0,0,65.3545673076923,62.85785536159601,62.85785536159601,63.99018806214227,37.10407239819005,3669,2025
12,1,2,6,50.0,0,52.3574144486692,62.01127819548872,52.3574144486692,57.65029199587771,37.10407239819005,2911,2025
12,1,2,7,0.0,0,69.61182994454714,72.48140276301807,69.61182994454714,71.15263908701854,37.81512605042017,7010,2025
12,1,2,7,10.0,0,68.55803427093437,72.77839955232233,68.55803427093437,70.82045897705115,37.81512605042017,6667,2025
12,1,2,7,20.0,0,64.94627782041442,70.98318240620958,64.94627782041442,68.22218322218322,37.75048480930834,5698,2025
12,1,2,7,30.0,0,67.15355805243446,64.81365241271087,64.81365241271087,65.88046958377801,37.75048480930834,4685,2025
12,1,2,7,40.0,0,63.970588235294116,60.50408065290446,60.50408065290446,62.06185567010309,37.75048480930834,3783,2025
12,1,2,7,50.0,0,51.037805782060786,59.37012597480504,51.037805782060786,55.643236074270554,37.75048480930834,3016,2025
12,1,3,5,0.0,0,67.17717717717717,64.86651835372636,64.86651835372636,65.84984025559105,16.87136393018746,3130,2025
12,1,3,5,10.0,0,65.36153846153846,63.91576550939101,63.91576550939101,64.53058554138043,16.87136393018746,3057,2025
12,1,3,5,20.0,0,58.87630662020906,59.834920634920636,58.87630662020906,59.43077488064635,16.87136393018746,2723,2025
12,1,3,5,30.0,0,62.17345872518286,52.09811320754717,52.09811320754717,56.32340052585452,16.87136393018746,2282,2025
12,1,3,5,40.0,0,54.14540816326531,55.6289592760181,54.14540816326531,55.01323451561673,16.87136393018746,1889,2025
12,1,3,5,50.0,0,38.47376788553259,48.69466515323496,38.47376788553259,44.437086092715234,16.87136393018746,1510,2025
12,1,3,6,0.0,0,63.19209039548023,71.9324181626188,63.19209039548023,68.19335347432025,17.8409825468649,3310,2025
12,1,3,6,10.0,0,61.39450867052023,71.18726389638424,61.39450867052023,67.00030892801978,17.8409825468649,3237,2025
12,1,3,6,20.0,0,54.86201298701299,68.29634073185363,54.86201298701299,62.587098999655055,17.8409825468649,2899,2025
12,1,3,6,30.0,0,57.26660250240616,62.68741159830269,57.26660250240616,60.39135752140236,17.8409825468649,2453,2025
12,1,3,6,40.0,0,49.47552447552447,68.653683319221,49.47552447552447,60.58361942128494,17.8409825468649,2039,2025
12,1,3,6,50.0,0,34.87031700288185,66.07822410147992,34.87031700288185,52.8719512195122,17.8409825468649,1640,2025
12,1,3,7,0.0,0,61.62534435261708,68.87765419615774,61.62534435261708,65.80758017492711,18.48739495798319,3430,2025
12,1,3,7,10.0,0,59.83802816901409,68.10015487867837,59.83802816901409,64.60530235329163,18.48739495798319,3357,2025
12,1,3,7,20.0,0,53.30441640378549,65.01998857795546,53.30441640378549,60.09937065253395,18.48739495798319,3019,2025
12,1,3,7,30.0,0,55.348837209302324,59.290969899665555,55.348837209302324,57.6420233463035,18.48739495798319,2570,2025
12,1,3,7,40.0,0,47.48322147651007,64.40031771247021,47.48322147651007,57.375754760798884,18.48739495798319,2153,2025
12,1,3,7,50.0,0,33.24175824175824,61.465093411996065,33.24175824175824,49.69054441260745,18.48739495798319,1745,2025
12,1,4,5,0.0,0,35.666666666666664,59.50248756218905,35.666666666666664,48.756830601092894,7.886231415643181,1464,2025
12,1,4,5,10.0,0,35.993883792048926,58.22418136020151,35.993883792048926,48.18370165745856,7.886231415643181,1448,2025
12,1,4,5,20.0,0,35.05050505050505,56.892265193370164,35.05050505050505,47.04855842185129,7.886231415643181,1318,2025
12,1,4,5,30.0,0,35.46719681908549,52.40506329113924,35.46719681908549,44.89867841409691,7.886231415643181,1135,2025
12,1,4,5,40.0,0,26.14485981308411,60.54844606946983,26.14485981308411,45.44615384615385,7.886231415643181,975,2025
12,1,4,5,50.0,0,18.89830508474576,53.333333333333336,18.89830508474576,38.17164179104478,7.886231415643181,804,2025
12,1,4,6,0.0,0,31.63978494623656,74.94444444444444,31.63978494623656,55.346715328467155,8.855850032320621,1644,2025
12,1,4,6,10.0,0,31.897018970189702,73.97752808988764,31.897018970189702,54.9017199017199,8.855850032320621,1628,2025
12,1,4,6,20.0,0,30.707964601769913,74.50980392156863,30.707964601769913,54.63186077643909,8.855850032320621,1494,2025
12,1,4,6,30.0,0,30.495726495726494,73.13453536754507,30.495726495726494,54.03522205206738,8.855850032320621,1306,2025
12,1,4,6,40.0,0,22.290836653386453,84.63884430176564,22.290836653386453,56.81777777777778,8.855850032320621,1125,2025
12,1,4,6,50.0,0,15.966587112171839,84.67961165048544,15.966587112171839,53.854389721627406,8.855850032320621,934,2025
12,1,4,7,0.0,0,30.17948717948718,68.54674796747967,30.17948717948718,51.58163265306123,9.502262443438914,1764,2025
12,1,4,7,10.0,0,30.41343669250646,67.59753593429159,30.41343669250646,51.13272311212815,9.502262443438914,1748,2025
12,1,4,7,20.0,0,29.159663865546218,67.55555555555556,29.159663865546218,50.57001239157373,9.502262443438914,1614,2025
12,1,4,7,30.0,0,28.727858293075684,65.74812967581047,28.727858293075684,49.592410400562194,9.502262443438914,1423,2025
12,1,4,7,40.0,0,20.799256505576206,75.22111269614835,20.799256505576206,51.58999192897498,9.502262443438914,1239,2025
12,1,4,7,50.0,0,14.7682119205298,74.419795221843,14.7682119205298,48.411934552454284,9.502262443438914,1039,2025
12,2,2,5,0.0,0,64.25555151073898,73.90037917959324,64.25555151073898,69.20945467422096,60.95669036845507,11296,2025
12,2,2,5,10.0,0,63.22192513368984,74.32862830256967,63.22192513368984,68.92492101839807,60.95669036845507,10762,2025
12,2,2,5,20.0,0,60.24319500223115,76.17891241178913,60.24319500223115,68.4989247311828,60.89204912734324,9300,2025
12,2,2,5,30.0,0,61.10930735930736,72.82581609768253,61.10930735930736,67.20845764690621,60.89204912734324,7709,2025
12,2,2,5,40.0,0,61.137724550898206,68.19309927360774,61.137724550898206,64.83201267828844,60.89204912734324,6310,2025
12,2,2,5,50.0,0,50.082440230832646,65.32689450222882,50.082440230832646,58.10082063305979,60.82740788623141,5118,2025
12,2,2,6,0.0,1,62.46387028551287,77.80283080974326,62.46387028551287,70.39574468085107,63.41305753070459,11750,2025
12,2,2,6,10.0,1,61.37924667651403,78.39655172413794,61.37924667651403,70.17920827389443,63.41305753070459,11216,2025
12,2,2,6,20.0,1,57.97938587073223,80.85579382254573,57.97938587073223,69.91786447638604,63.34841628959276,9740,2025
12,2,2,6,30.0,1,58.52811609225188,78.9596054485674,58.52811609225188,69.24602685721325,63.34841628959276,8117,2025
12,2,2,6,40.0,1,58.32434147889559,76.45371947756956,58.32434147889559,67.893001648434,63.34841628959276,6673,2025
12,2,2,6,50.0,1,47.51662104028158,71.89001044204664,47.51662104028158,60.41252302025783,63.28377504848093,5430,2025
12,2,2,7,0.0,1,60.79245283018868,75.24746192893402,60.79245283018868,68.30229108290753,65.48157724628312,12134,2025
12,2,2,7,10.0,1,59.6608040201005,75.70172528201725,59.6608040201005,67.99655172413793,65.48157724628312,11600,2025
12,2,2,7,20.0,1,56.10014543943486,77.44299981156962,56.10014543943486,67.29249011857708,65.4169360051713,10120,2025
12,2,2,7,30.0,1,56.31014709548741,75.08039303260384,56.31014709548741,66.21156791141478,65.4169360051713,8489,2025
12,2,2,7,40.0,1,55.707790239466505,72.24845720418567,55.707790239466505,64.4819242812411,65.4169360051713,7026,2025
12,2,2,7,50.0,1,45.083487940630796,67.45264532984977,45.083487940630796,56.9810665277054,65.35229476405947,5757,2025
12,2,3,5,0.0,0,58.524324324324326,72.75647410358566,58.524324324324326,65.93182996371176,41.6289592760181,7716,2025
12,2,3,5,10.0,0,57.24108896996913,72.65106711236822,57.24108896996913,65.28314546430488,41.6289592760181,7452,2025
12,2,3,5,20.0,0,53.54643765903308,75.17975266033937,53.54643765903308,64.90711372904396,41.6289592760181,6621,2025
12,2,3,5,30.0,0,53.8595825426945,72.88948969246367,53.8595825426945,63.925634608509114,41.6289592760181,5594,2025
12,2,3,5,40.0,0,53.4,72.7258064516129,53.4,63.64102564102564,41.6289592760181,4680,2025
12,2,3,5,50.0,0,42.57617728531856,68.2664054848188,42.57617728531856,56.21263322069145,41.56431803490627,3847,2025
12,2,3,6,0.0,0,56.170103092783506,78.35664335664336,56.170103092783506,67.82007343941248,44.085326438267614,8170,2025
12,2,3,6,10.0,0,54.86240983168582,78.42901753543119,54.86240983168582,67.27169238552997,44.085326438267614,7906,2025
12,2,3,6,20.0,0,50.723109370292256,81.60342063067878,50.723109370292256,67.0882311287353,44.085326438267614,7061,2025
12,2,3,6,30.0,0,50.72194424588992,81.0362047440699,50.72194424588992,66.90436521159613,44.085326438267614,6002,2025
12,2,3,6,40.0,0,50.09808102345416,83.14306893995553,50.09808102345416,67.7771167955582,44.085326438267614,5043,2025
12,2,3,6,50.0,0,39.695247933884296,76.50922177237966,39.695247933884296,59.37244529935081,44.020685197155785,4159,2025
12,2,3,7,0.0,0,53.9990089197225,74.76316954404604,53.9990089197225,64.96609773205518,46.15384615384615,8554,2025
12,2,3,7,10.0,0,52.66735060271865,74.72785242541562,52.66735060271865,64.35223160434258,46.15384615384615,8290,2025
12,2,3,7,20.0,0,48.44604316546763,76.99445284921836,48.44604316546763,63.66214218519016,46.15384615384615,7441,2025
12,2,3,7,30.0,0,48.108474576271185,75.82943925233644,48.108474576271185,62.99968622529024,46.15384615384615,6374,2025
12,2,3,7,40.0,0,47.123947051744885,77.27178780571822,47.123947051744885,63.34321719792439,46.15384615384615,5396,2025
12,2,3,7,50.0,0,37.05400192864031,70.51409618573798,37.05400192864031,55.044583147570215,46.089204912734324,4486,2025
12,2,4,5,0.0,0,30.76923076923077,73.08333333333333,30.76923076923077,53.11331133113311,19.586296056884294,3636,2025
12,2,4,5,10.0,0,29.655581947743467,73.05111821086263,29.655581947743467,52.535092644581695,19.586296056884294,3562,2025
12,2,4,5,20.0,0,25.7922419460881,76.14749262536873,25.7922419460881,52.332089552238806,19.586296056884294,3216,2025
12,2,4,5,30.0,0,23.644716692189892,77.2132253711201,23.644716692189892,52.11979913916786,19.586296056884294,2788,2025
12,2,4,5,40.0,0,18.325952170062003,78.10600155884646,18.325952170062003,50.124378109452735,19.586296056884294,2412,2025
12,2,4,5,50.0,0,12.756813417190775,71.13364055299539,12.756813417190775,43.82050024521824,19.586296056884294,2039,2025
12,2,4,6,0.0,0,28.58649789029536,83.99270738377393,28.58649789029536,58.308068459657704,22.042663219133807,4090,2025
12,2,4,6,10.0,0,27.542918454935624,84.1775092936803,27.542918454935624,57.89093625498008,22.042663219133807,4016,2025
12,2,4,6,20.0,0,23.130896226415093,88.28061224489795,23.130896226415093,58.05798687089715,22.042663219133807,3656,2025
12,2,4,6,30.0,0,21.021102791014297,91.71395483497395,21.021102791014297,59.22090112640801,22.042663219133807,3196,2025
12,2,4,6,40.0,0,16.240188383045528,96.04930046635576,16.240188383045528,59.40900900900901,22.042663219133807,2775,2025
12,2,4,6,50.0,0,11.216589861751151,85.19747235387045,11.216589861751151,51.054870267971076,22.042663219133807,2351,2025
12,2,4,7,0.0,0,26.413255360623783,76.7588769611891,26.413255360623783,53.6678587393831,24.111182934712346,4474,2025
12,2,4,7,10.0,0,25.415841584158414,76.7983193277311,25.415841584158414,53.20909090909091,24.111182934712346,4400,2025
12,2,4,7,20.0,0,21.182505399568033,79.22619047619048,21.182505399568033,52.59167492566898,24.111182934712346,4036,2025
12,2,4,7,30.0,0,19.04996915484269,81.35079609655881,19.04996915484269,53.04652466367713,24.111182934712346,3568,2025
12,2,4,7,40.0,0,14.549929676511955,84.5076201641266,14.549929676511955,52.70460358056266,24.111182934712346,3128,2025
12,2,4,7,50.0,0,9.950940310711365,74.13058419243987,9.950940310711365,44.820761762509335,24.111182934712346,2678,2025
12,3,2,5,0.0,1,66.87160120845921,71.93471099131476,66.87160120845921,69.41419762370282,71.75177763413058,13298,2025
12,3,2,5,10.0,1,65.85999366487171,72.00785545954439,65.85999366487171,68.94628913952205,71.75177763413058,12679,2025
12,3,2,5,20.0,1,62.85058737151248,72.74309293146753,62.85058737151248,67.8533841408093,71.68713639301875,11022,2025
12,3,2,5,30.0,1,61.92426243945398,69.1809238665526,61.92426243945398,65.60533738338034,71.68713639301875,9218,2025
12,3,2,5,40.0,1,62.86057692307692,65.13666838576586,62.86057692307692,64.0186302807662,71.68713639301875,7622,2025
12,3,2,5,50.0,1,56.35623575382611,63.823437009110904,56.35623575382611,60.1566997121842,71.62249515190692,6254,2025
12,3,2,6,0.0,1,65.5163043478261,73.76758581879572,65.5163043478261,69.6758865248227,76.08274078862314,14100,2025
12,3,2,6,10.0,1,64.50860134629768,73.9205298013245,64.50860134629768,69.25296735905044,76.08274078862314,13480,2025
12,3,2,6,20.0,1,61.16836119248664,75.09273182957394,61.16836119248664,68.23803868340686,76.01809954751131,11788,2025
12,3,2,6,30.0,1,60.3305954825462,72.64729141953342,60.3305954825462,66.60556003223208,76.01809954751131,9928,2025
12,3,2,6,40.0,1,61.42220019821605,70.22495856026521,61.42220019821605,65.92323525850587,76.01809954751131,8259,2025
12,3,2,6,50.0,1,55.74174174174174,67.30857800805987,55.74174174174174,61.64756025867137,75.95345830639948,6804,2025
12,3,2,7,0.0,1,62.717688937568454,72.02291105121294,62.717688937568454,67.40695463189351,79.44408532643827,14724,2025
12,3,2,7,10.0,1,61.63212805488066,72.09230336288167,61.63212805488066,66.90300623936471,79.44408532643827,14104,2025
12,3,2,7,20.0,1,58.06641583510551,72.75862068965517,58.06641583510551,65.51910365951959,79.37944408532644,12406,2025
12,3,2,7,30.0,1,56.81879713788435,70.19421101774043,56.81879713788435,63.62340870226107,79.37944408532644,10526,2025
12,3,2,7,40.0,1,57.27818853974122,67.77777777777777,57.27818853974122,62.630267331218846,79.37944408532644,8828,2025
12,3,2,7,50.0,1,51.53248195446974,65.00402468473303,51.53248195446974,58.38313548915268,79.31480284421461,7329,2025
12,3,3,5,0.0,0,63.45006216328222,70.27800490596893,63.45006216328222,66.88721959250874,52.4240465416936,9718,2025
12,3,3,5,10.0,0,62.21934927817281,69.82445008460238,62.21934927817281,66.05720994769986,52.4240465416936,9369,2025
12,3,3,5,20.0,0,58.57664233576642,70.83392393101819,58.57664233576642,64.79563706100923,52.4240465416936,8343,2025
12,3,3,5,30.0,0,56.68486067222062,68.17228050800662,56.68486067222062,62.54258763902576,52.4240465416936,7103,2025
12,3,3,5,40.0,0,57.53914227365555,67.99279633267845,57.53914227365555,62.867156208277706,52.4240465416936,5992,2025
12,3,3,5,50.0,0,52.416326530612245,65.80734307145677,52.416326530612245,59.22335942203492,52.35940530058177,4983,2025
12,3,3,6,0.0,0,61.87187379761447,72.85982713265689,61.87187379761447,67.43060836501901,56.755009696186164,10520,2025
12,3,3,6,10.0,0,60.68635275339186,72.52617293524622,60.68635275339186,66.69124877089479,56.755009696186164,10170,2025
12,3,3,6,20.0,0,56.73012318029115,74.03100775193798,56.73012318029115,65.55055439675047,56.755009696186164,9109,2025
12,3,3,6,30.0,0,55.09845103701759,72.64735264735265,55.09845103701759,64.09189811852042,56.755009696186164,7813,2025
12,3,3,6,40.0,0,56.22291021671827,74.02471315092674,56.22291021671827,65.35073163373058,56.755009696186164,6629,2025
12,3,3,6,50.0,0,52.03765227021041,69.89022662889518,52.03765227021041,61.149466835351525,56.690368455074335,5533,2025
12,3,3,7,0.0,0,58.36842105263158,70.61235356762514,58.36842105263158,64.55850681981335,60.11635423400129,11144,2025
12,3,3,7,10.0,0,57.12997746055597,70.23034734917734,57.12997746055597,63.76876042245692,60.11635423400129,10794,2025
12,3,3,7,20.0,0,53.047120418848166,71.1308562197092,53.047120418848166,62.25352112676056,60.11635423400129,9727,2025
12,3,3,7,30.0,0,51.0632603406326,69.5931178795629,51.0632603406326,60.53858043038878,60.11635423400129,8411,2025
12,3,3,7,40.0,0,51.56161272004543,70.74265505984766,51.56161272004543,61.35732147818839,60.11635423400129,7198,2025
12,3,3,7,50.0,0,47.28950016772895,66.8865778355541,47.28950016772895,57.243314625288875,60.05171299288946,6058,2025
12,3,4,5,0.0,0,50.1301900070373,68.6444921316166,50.1301900070373,59.31181269953884,30.381383322559792,5638,2025
12,3,4,5,10.0,0,48.787110789283126,68.00883327199116,48.787110789283126,58.319036320496444,30.381383322559792,5479,2025
12,3,4,5,20.0,0,44.8854041013269,68.34353325173399,44.8854041013269,56.5289590927501,30.381383322559792,4938,2025
12,3,4,5,30.0,0,40.09293680297398,67.91142191142191,40.09293680297398,53.979520595764484,30.381383322559792,4297,2025
12,3,4,5,40.0,0,38.703802892340654,68.65912762520193,38.703802892340654,53.64124597207304,30.381383322559792,3724,2025
12,3,4,5,50.0,0,39.86241400875547,66.28807106598985,39.86241400875547,52.97952755905512,30.381383322559792,3175,2025
12,3,4,6,0.0,0,49.119477286869945,73.12151270923745,49.119477286869945,61.142857142857146,34.71234647705236,6440,2025
12,3,4,6,10.0,0,47.9253112033195,72.6850969176994,47.9253112033195,60.3328025477707,34.71234647705236,6280,2025
12,3,4,6,20.0,0,43.69458128078818,73.88888888888889,43.69458128078818,58.84467040673212,34.71234647705236,5704,2025
12,3,4,6,30.0,0,39.850806451612904,75.0415512465374,39.850806451612904,57.61134411823447,34.71234647705236,5007,2025
12,3,4,6,40.0,0,39.282075034738305,77.86557674841053,39.282075034738305,58.764044943820224,34.71234647705236,4361,2025
12,3,4,6,50.0,0,41.06027987082885,72.38885913229781,41.06027987082885,56.76241610738255,34.71234647705236,3725,2025
12,3,4,7,0.0,0,44.773114010209866,69.51950254381006,44.773114010209866,57.16732729331823,38.073691014867485,7064,2025
12,3,4,7,10.0,0,43.58490566037736,69.04018502457357,43.58490566037736,56.338354577056776,38.073691014867485,6904,2025
12,3,4,7,20.0,0,39.39720812182741,69.37223974763407,39.39720812182741,54.427396393546346,38.073691014867485,6322,2025
12,3,4,7,30.0,0,35.53757641136282,70.13810198300283,35.53757641136282,52.97056199821588,38.073691014867485,5605,2025
12,3,4,7,40.0,0,34.60220318237454,72.56958450988301,34.60220318237454,53.69371196754564,38.073691014867485,4930,2025
12,3,4,7,50.0,0,35.816901408450704,67.73113207547169,35.816901408450704,51.73647058823529,38.073691014867485,4250,2025
