year,race_id,gate_score,blind,actual_rescuers,COMPACT__INDIVIDUAL_TOP1,COMPACT__INDIVIDUAL_TOP1__hit,COMPACT__INDIVIDUAL_TOP2,COMPACT__INDIVIDUAL_TOP2__hit,COMPACT__INDIVIDUAL_TOP3,COMPACT__INDIVIDUAL_TOP3__hit,COMPACT__COMBO_K1,COMPACT__COMBO_K1__score,COMPACT__COMBO_K1__hit,COMPACT__COMBO_K2,COMPACT__COMBO_K2__score,COMPACT__COMBO_K2__hit,COMPACT__COMBO_K3,COMPACT__COMBO_K3__score,COMPACT__COMBO_K3__hit,COMPACT__COMBO_K4,COMPACT__COMBO_K4__score,COMPACT__COMBO_K4__hit,COMPACT__COMBO_K5,COMPACT__COMBO_K5__score,COMPACT__COMBO_K5__hit,FULL__INDIVIDUAL_TOP1,FULL__INDIVIDUAL_TOP1__hit,FULL__INDIVIDUAL_TOP2,FULL__INDIVIDUAL_TOP2__hit,FULL__INDIVIDUAL_TOP3,FULL__INDIVIDUAL_TOP3__hit,FULL__COMBO_K1,FULL__COMBO_K1__score,FULL__COMBO_K1__hit,FULL__COMBO_K2,FULL__COMBO_K2__score,FULL__COMBO_K2__hit,FULL__COMBO_K3,FULL__COMBO_K3__score,FULL__COMBO_K3__hit,FULL__COMBO_K4,FULL__COMBO_K4__score,FULL__COMBO_K4__hit,FULL__COMBO_K5,FULL__COMBO_K5__score,FULL__COMBO_K5__hit
2025,202506040911,0.8054145173061495,True,当日傾向型|レース構造型,騎手型,False,騎手型|レース構造型,True,騎手型|レース構造型|メンバー構成型,True,騎手型,0.5023035591657012,False,レース構造型|枠・コース型,0.6738398220280207,True,レース構造型|枠・コース型|メンバー構成型,0.8259465606221528,True,当日傾向型|レース構造型|メンバー構成型|騎手型,0.8702184367988262,True,当日傾向型|レース構造型|枠・コース型|メンバー構成型|騎手型,0.867007663437549,True,当日傾向型,True,当日傾向型|レース構造型,True,当日傾向型|レース構造型|メンバー構成型,True,当日傾向型,0.43423239659358065,True,当日傾向型|メンバー構成型,0.7080801045424422,True,レース構造型|枠・コース型|メンバー構成型,0.8793590244068681,True,当日傾向型|レース構造型|枠・コース型|メンバー構成型,0.9135548715726423,True,当日傾向型|レース構造型|枠・コース型|メンバー構成型|騎手型,0.9414380466783148,True
2025,202507010108,0.792683647865805,True,,メンバー構成型,False,メンバー構成型|レース構造型,False,メンバー構成型|レース構造型|当日傾向型,False,メンバー構成型,0.6475292910332525,False,当日傾向型|メンバー構成型,0.7739710342214398,False,当日傾向型|枠・コース型|メンバー構成型,0.8432124391135665,False,当日傾向型|枠・コース型|メンバー構成型|騎手型,0.8896508311695297,False,当日傾向型|レース構造型|枠・コース型|メンバー構成型|騎手型,0.8850751543615413,False,レース構造型,False,レース構造型|メンバー構成型,False,レース構造型|メンバー構成型|枠・コース型,False,レース構造型,0.5642481197907167,False,メンバー構成型|騎手型,0.8090470171128757,False,レース構造型|枠・コース型|メンバー構成型,0.8919516629878455,False,レース構造型|枠・コース型|メンバー構成型|騎手型,0.9498393665961665,False,当日傾向型|レース構造型|枠・コース型|メンバー構成型|騎手型,0.9252830485657698,False
2025,202503030412,0.7696002937531337,True,騎手型,当日傾向型,False,当日傾向型|レース構造型,False,当日傾向型|レース構造型|メンバー構成型,False,当日傾向型,0.3983130570715174,False,レース構造型|メンバー構成型,0.6897440142980281,False,レース構造型|枠・コース型|メンバー構成型,0.7749409007748579,False,レース構造型|枠・コース型|メンバー構成型|騎手型,0.8266147084479473,True,当日傾向型|レース構造型|枠・コース型|メンバー構成型|騎手型,0.9184509097695019,True,レース構造型,False,レース構造型|枠・コース型,False,レース構造型|枠・コース型|メンバー構成型,False,レース構造型,0.6964889913915515,False,レース構造型|メンバー構成型,0.8095884426521919,False,レース構造型|メンバー構成型|騎手型,0.9222681839710984,True,レース構造型|枠・コース型|メンバー構成型|騎手型,0.9381020447155111,True,当日傾向型|レース構造型|枠・コース型|メンバー構成型|騎手型,0.9360949267395444,True
2025,202507050612,0.7675627585782778,False,,当日傾向型,False,当日傾向型|レース構造型,False,当日傾向型|レース構造型|枠・コース型,False,当日傾向型,0.37428318141038136,False,当日傾向型|レース構造型,0.6429361696097173,False,当日傾向型|レース構造型|メンバー構成型,0.6927208864656216,False,当日傾向型|レース構造型|メンバー構成型|騎手型,0.6775917126759319,False,当日傾向型|レース構造型|枠・コース型|メンバー構成型|騎手型,0.672496191973045,False,当日傾向型,False,当日傾向型|枠・コース型,False,当日傾向型|枠・コース型|メンバー構成型,False,当日傾向型,0.5477274977142865,False,当日傾向型|レース構造型,0.654896338883469,False,枠・コース型|メンバー構成型|騎手型,0.7219942228116908,False,当日傾向型|レース構造型|メンバー構成型|騎手型,0.7355684602480577,False,当日傾向型|レース構造型|枠・コース型|メンバー構成型|騎手型,0.7844573363106071,False
2025,202507050310,0.7651361807820634,False,,メンバー構成型,False,メンバー構成型|レース構造型,False,メンバー構成型|レース構造型|枠・コース型,False,メンバー構成型,0.4617731936043085,False,レース構造型|メンバー構成型,0.7546407748079598,False,レース構造型|メンバー構成型|騎手型,0.8291485032756305,False,当日傾向型|枠・コース型|メンバー構成型|騎手型,0.8967050291621196,False,当日傾向型|レース構造型|枠・コース型|メンバー構成型|騎手型,0.9078339960315274,False,枠・コース型,False,枠・コース型|メンバー構成型,False,枠・コース型|メンバー構成型|当日傾向型,False,枠・コース型,0.470969950640731,False,枠・コース型|メンバー構成型,0.8161350160557997,False,当日傾向型|枠・コース型|メンバー構成型,0.8741556008658018,False,当日傾向型|枠・コース型|メンバー構成型|騎手型,0.8851022579217817,False,当日傾向型|レース構造型|枠・コース型|メンバー構成型|騎手型,0.9320324789398219,False
2025,202509050210,0.7629143923937011,True,当日傾向型|メンバー構成型|騎手型,当日傾向型,True,当日傾向型|レース構造型,True,当日傾向型|レース構造型|騎手型,True,当日傾向型,0.48213323595045754,True,当日傾向型|レース構造型,0.6708341034232301,True,当日傾向型|レース構造型|枠・コース型,0.829150888652577,True,当日傾向型|レース構造型|枠・コース型|メンバー構成型,0.8115054790995753,True,当日傾向型|レース構造型|枠・コース型|メンバー構成型|騎手型,0.8539674249202945,True,枠・コース型,False,枠・コース型|当日傾向型,True,枠・コース型|当日傾向型|レース構造型,True,枠・コース型,0.427697526789174,False,当日傾向型|枠・コース型,0.855492960255711,True,当日傾向型|レース構造型|枠・コース型,0.9279101495105275,True,当日傾向型|レース構造型|枠・コース型|メンバー構成型,0.9303093341098717,True,当日傾向型|レース構造型|枠・コース型|メンバー構成型|騎手型,0.9333334530450828,True
2025,202506010705,0.7589773658060035,False,,レース構造型,False,レース構造型|当日傾向型,False,レース構造型|当日傾向型|枠・コース型,False,レース構造型,0.9837480358562248,False,レース構造型|メンバー構成型,0.9857726647686657,False,レース構造型|枠・コース型|メンバー構成型,0.988487075007274,False,当日傾向型|レース構造型|枠・コース型|メンバー構成型,0.9887014278776928,False,当日傾向型|レース構造型|枠・コース型|メンバー構成型|騎手型,0.9891552966778838,False,レース構造型,False,レース構造型|当日傾向型,False,レース構造型|当日傾向型|枠・コース型,False,レース構造型,0.9834773384759277,False,レース構造型|騎手型,0.9808105536820506,False,レース構造型|枠・コース型|メンバー構成型,0.9853996751189821,False,当日傾向型|レース構造型|メンバー構成型|騎手型,0.987869161727595,False,当日傾向型|レース構造型|枠・コース型|メンバー構成型|騎手型,0.9858238545715269,False
2025,202506050210,0.7530480599174654,False,,メンバー構成型,False,メンバー構成型|当日傾向型,False,メンバー構成型|当日傾向型|枠・コース型,False,メンバー構成型,0.39290007509566266,False,レース構造型|メンバー構成型,0.6394287384530417,False,レース構造型|メンバー構成型|騎手型,0.7025582994961435,False,当日傾向型|レース構造型|メンバー構成型|騎手型,0.7913532377980563,False,当日傾向型|レース構造型|枠・コース型|メンバー構成型|騎手型,0.7199707781805628,False,枠・コース型,False,枠・コース型|メンバー構成型,False,枠・コース型|メンバー構成型|当日傾向型,False,枠・コース型,0.6020823751572426,False,枠・コース型|騎手型,0.6945576953894153,False,レース構造型|枠・コース型|騎手型,0.8043084498306798,False,当日傾向型|枠・コース型|メンバー構成型|騎手型,0.8335174910069199,False,当日傾向型|レース構造型|枠・コース型|メンバー構成型|騎手型,0.8171809191089017,False
2025,202505050104,0.7494712148319219,False,,レース構造型,False,レース構造型|メンバー構成型,False,レース構造型|メンバー構成型|枠・コース型,False,レース構造型,0.9814758280875454,False,レース構造型|枠・コース型,0.9879166738064417,False,当日傾向型|レース構造型|枠・コース型,0.9906594349628802,False,当日傾向型|レース構造型|枠・コース型|メンバー構成型,0.9898510377109621,False,当日傾向型|レース構造型|枠・コース型|メンバー構成型|騎手型,0.9900327683732332,False,レース構造型,False,レース構造型|メンバー構成型,False,レース構造型|メンバー構成型|枠・コース型,False,レース構造型,0.9545455882296782,False,レース構造型|枠・コース型,0.9800418501361856,False,当日傾向型|レース構造型|騎手型,0.9825601416993125,False,当日傾向型|レース構造型|枠・コース型|メンバー構成型,0.9874028000383879,False,当日傾向型|レース構造型|枠・コース型|メンバー構成型|騎手型,0.9744122739588205,False
2025,202509030411,0.7485118127715438,True,レース構造型|枠・コース型|メンバー構成型|騎手型,当日傾向型,False,当日傾向型|レース構造型,True,当日傾向型|レース構造型|枠・コース型,True,当日傾向型,0.4259254679829531,False,当日傾向型|レース構造型,0.6822708621241683,True,当日傾向型|メンバー構成型|騎手型,0.7555244417578738,True,レース構造型|枠・コース型|メンバー構成型|騎手型,0.7959653413075667,True,当日傾向型|レース構造型|枠・コース型|メンバー構成型|騎手型,0.7484763126305203,True,当日傾向型,False,当日傾向型|枠・コース型,True,当日傾向型|枠・コース型|レース構造型,True,当日傾向型,0.37183333696763565,False,当日傾向型|レース構造型,0.6733996578269531,True,レース構造型|枠・コース型|メンバー構成型,0.8537406981920395,True,当日傾向型|レース構造型|枠・コース型|メンバー構成型,0.898007404645597,True,当日傾向型|レース構造型|枠・コース型|メンバー構成型|騎手型,0.8428557973499319,True
2025,202507020212,0.7435507203673526,False,,枠・コース型,False,枠・コース型|メンバー構成型,False,枠・コース型|メンバー構成型|当日傾向型,False,枠・コース型,0.4362791833489703,False,レース構造型|メンバー構成型,0.6956987147213627,False,当日傾向型|メンバー構成型|騎手型,0.8021814136343816,False,当日傾向型|枠・コース型|メンバー構成型|騎手型,0.801602440130003,False,当日傾向型|レース構造型|枠・コース型|メンバー構成型|騎手型,0.7167597774044719,False,メンバー構成型,False,メンバー構成型|枠・コース型,False,メンバー構成型|枠・コース型|当日傾向型,False,メンバー構成型,0.3429491965012287,False,レース構造型|メンバー構成型,0.7274962170952309,False,当日傾向型|枠・コース型|騎手型,0.8496338738317678,False,当日傾向型|レース構造型|枠・コース型|騎手型,0.8663970931637411,False,当日傾向型|レース構造型|枠・コース型|メンバー構成型|騎手型,0.7991996666622129,False
2025,202505050209,0.7405867970242112,False,,当日傾向型,False,当日傾向型|レース構造型,False,当日傾向型|レース構造型|メンバー構成型,False,当日傾向型,0.6927063899500493,False,当日傾向型|レース構造型,0.829263521429973,False,当日傾向型|レース構造型|メンバー構成型,0.9140844378297973,False,当日傾向型|レース構造型|メンバー構成型|騎手型,0.911097447534909,False,当日傾向型|レース構造型|枠・コース型|メンバー構成型|騎手型,0.905910103461324,False,レース構造型,False,レース構造型|当日傾向型,False,レース構造型|当日傾向型|メンバー構成型,False,レース構造型,0.4140878030075793,False,当日傾向型|メンバー構成型,0.6116696329313996,False,当日傾向型|レース構造型|枠・コース型,0.7070579085986177,False,当日傾向型|レース構造型|枠・コース型|メンバー構成型,0.8623643077263241,False,当日傾向型|レース構造型|枠・コース型|メンバー構成型|騎手型,0.8770301892001707,False
2025,202507010604,0.7393763793768884,False,,当日傾向型,False,当日傾向型|メンバー構成型,False,当日傾向型|メンバー構成型|レース構造型,False,当日傾向型,0.36579106502222763,False,当日傾向型|騎手型,0.5844477028474242,False,当日傾向型|レース構造型|メンバー構成型,0.6578618822936219,False,当日傾向型|レース構造型|メンバー構成型|騎手型,0.6709583454944588,False,当日傾向型|レース構造型|枠・コース型|メンバー構成型|騎手型,0.47083312360602,False,メンバー構成型,False,メンバー構成型|レース構造型,False,メンバー構成型|レース構造型|当日傾向型,False,メンバー構成型,0.5305747137066271,False,当日傾向型|メンバー構成型,0.7167003711199367,False,当日傾向型|メンバー構成型|騎手型,0.8405816232780383,False,当日傾向型|枠・コース型|メンバー構成型|騎手型,0.76675697792882,False,当日傾向型|レース構造型|枠・コース型|メンバー構成型|騎手型,0.741712037596811,False
2025,202507010603,0.7388652193596265,False,,レース構造型,False,レース構造型|当日傾向型,False,レース構造型|当日傾向型|枠・コース型,False,レース構造型,0.9831171948406248,False,レース構造型|枠・コース型,0.9847732135822426,False,レース構造型|枠・コース型|騎手型,0.9891076317060362,False,当日傾向型|レース構造型|枠・コース型|騎手型,0.9876537458497671,False,当日傾向型|レース構造型|枠・コース型|メンバー構成型|騎手型,0.9896105165831378,False,レース構造型,False,レース構造型|当日傾向型,False,レース構造型|当日傾向型|枠・コース型,False,レース構造型,0.9821224478487012,False,レース構造型|メンバー構成型,0.9819714355039892,False,当日傾向型|レース構造型|枠・コース型,0.9835296917629841,False,当日傾向型|レース構造型|枠・コース型|メンバー構成型,0.9867557937148519,False,当日傾向型|レース構造型|枠・コース型|メンバー構成型|騎手型,0.9764973629139044,False
2025,202507050311,0.73768933847594,False,,当日傾向型,False,当日傾向型|レース構造型,False,当日傾向型|レース構造型|枠・コース型,False,当日傾向型,0.507916263850341,False,当日傾向型|枠・コース型,0.7141608731262412,False,当日傾向型|レース構造型|枠・コース型,0.8227644635393279,False,当日傾向型|レース構造型|メンバー構成型|騎手型,0.8168156350802636,False,当日傾向型|レース構造型|枠・コース型|メンバー構成型|騎手型,0.8372906869557837,False,枠・コース型,False,枠・コース型|当日傾向型,False,枠・コース型|当日傾向型|レース構造型,False,枠・コース型,0.41013189381596565,False,当日傾向型|枠・コース型,0.7401668991307634,False,当日傾向型|枠・コース型|メンバー構成型,0.7887382269314019,False,当日傾向型|レース構造型|枠・コース型|騎手型,0.7304649572728515,False,当日傾向型|レース構造型|枠・コース型|メンバー構成型|騎手型,0.628266789198274,False
2025,202506040905,0.7370509208580126,False,,レース構造型,False,レース構造型|枠・コース型,False,レース構造型|枠・コース型|当日傾向型,False,レース構造型,0.9828512583405723,False,レース構造型|枠・コース型,0.9844808848385191,False,当日傾向型|レース構造型|枠・コース型,0.9869331301578114,False,レース構造型|枠・コース型|メンバー構成型|騎手型,0.9873776139795722,False,当日傾向型|レース構造型|枠・コース型|メンバー構成型|騎手型,0.9897314519880966,False,レース構造型,False,レース構造型|枠・コース型,False,レース構造型|枠・コース型|当日傾向型,False,レース構造型,0.9803236188723696,False,当日傾向型|レース構造型,0.9823179258170073,False,当日傾向型|レース構造型|メンバー構成型,0.9886459615000772,False,当日傾向型|レース構造型|メンバー構成型|騎手型,0.9873134136006909,False,当日傾向型|レース構造型|枠・コース型|メンバー構成型|騎手型,0.9828191428425371,False
2025,202510010407,0.736157678614749,False,,当日傾向型,False,当日傾向型|枠・コース型,False,当日傾向型|枠・コース型|レース構造型,False,当日傾向型,0.5141003718267899,False,当日傾向型|レース構造型,0.8124531230864145,False,当日傾向型|レース構造型|枠・コース型,0.8980175280746111,False,当日傾向型|レース構造型|枠・コース型|メンバー構成型,0.9343365951151013,False,当日傾向型|レース構造型|枠・コース型|メンバー構成型|騎手型,0.9467001813766478,False,当日傾向型,False,当日傾向型|メンバー構成型,False,当日傾向型|メンバー構成型|枠・コース型,False,当日傾向型,0.3937061306490333,False,当日傾向型|メンバー構成型,0.6932215955286031,False,当日傾向型|レース構造型|枠・コース型,0.7975383305747742,False,当日傾向型|レース構造型|枠・コース型|騎手型,0.8599200889392722,False,当日傾向型|レース構造型|枠・コース型|メンバー構成型|騎手型,0.8169402927268161,False
2025,202503020805,0.7307129568954611,False,,レース構造型,False,レース構造型|枠・コース型,False,レース構造型|枠・コース型|当日傾向型,False,レース構造型,0.9733895760549031,False,レース構造型|枠・コース型,0.9860314112113285,False,レース構造型|枠・コース型|騎手型,0.9882091976186267,False,当日傾向型|レース構造型|枠・コース型|騎手型,0.9881966237776975,False,当日傾向型|レース構造型|枠・コース型|メンバー構成型|騎手型,0.990334503165792,False,レース構造型,False,レース構造型|枠・コース型,False,レース構造型|枠・コース型|メンバー構成型,False,レース構造型,0.9792086087435417,False,レース構造型|枠・コース型,0.9830013670247248,False,レース構造型|枠・コース型|メンバー構成型,0.98543292141047,False,当日傾向型|レース構造型|メンバー構成型|騎手型,0.9808406968242613,False,当日傾向型|レース構造型|枠・コース型|メンバー構成型|騎手型,0.9787142064648858,False
2025,202508040204,0.729214016889771,True,レース構造型|メンバー構成型,レース構造型,True,レース構造型|当日傾向型,True,レース構造型|当日傾向型|枠・コース型,True,レース構造型,0.981790918225117,True,レース構造型|枠・コース型,0.9860550137313613,True,レース構造型|枠・コース型|メンバー構成型,0.9883305574409169,True,レース構造型|枠・コース型|メンバー構成型|騎手型,0.9898087572139228,True,当日傾向型|レース構造型|枠・コース型|メンバー構成型|騎手型,0.989672246437533,True,レース構造型,True,レース構造型|枠・コース型,True,レース構造型|枠・コース型|メンバー構成型,True,レース構造型,0.9829176050498545,True,レース構造型|枠・コース型,0.9865040873182808,True,レース構造型|メンバー構成型|騎手型,0.9872518061360218,True,レース構造型|枠・コース型|メンバー構成型|騎手型,0.9906468338281557,True,当日傾向型|レース構造型|枠・コース型|メンバー構成型|騎手型,0.98755415517183,True
2025,202505010609,0.7292138401290433,False,,枠・コース型,False,枠・コース型|レース構造型,False,枠・コース型|レース構造型|当日傾向型,False,枠・コース型,0.48576149825405174,False,枠・コース型|メンバー構成型,0.6980440043374855,False,当日傾向型|枠・コース型|メンバー構成型,0.8887501862516867,False,レース構造型|枠・コース型|メンバー構成型|騎手型,0.9105367490238535,False,当日傾向型|レース構造型|枠・コース型|メンバー構成型|騎手型,0.884708243317497,False,レース構造型,False,レース構造型|枠・コース型,False,レース構造型|枠・コース型|メンバー構成型,False,レース構造型,0.4473137544259161,False,当日傾向型|メンバー構成型,0.5588274864735853,False,当日傾向型|レース構造型|枠・コース型,0.8118401099142739,False,当日傾向型|レース構造型|メンバー構成型|騎手型,0.8413166919177051,False,当日傾向型|レース構造型|枠・コース型|メンバー構成型|騎手型,0.8678886557709455,False
2025,202509020702,0.7279946997649558,False,,レース構造型,False,レース構造型|当日傾向型,False,レース構造型|当日傾向型|メンバー構成型,False,レース構造型,0.5367280717506565,False,当日傾向型|枠・コース型,0.6790672083125717,False,レース構造型|枠・コース型|メンバー構成型,0.9623379895993974,False,レース構造型|枠・コース型|メンバー構成型|騎手型,0.9655542204041174,False,当日傾向型|レース構造型|枠・コース型|メンバー構成型|騎手型,0.9604696928682973,False,レース構造型,False,レース構造型|メンバー構成型,False,レース構造型|メンバー構成型|枠・コース型,False,レース構造型,0.39754922521190794,False,レース構造型|枠・コース型,0.6635924267989536,False,レース構造型|枠・コース型|メンバー構成型,0.9619079612353533,False,レース構造型|枠・コース型|メンバー構成型|騎手型,0.9646424389962105,False,当日傾向型|レース構造型|枠・コース型|メンバー構成型|騎手型,0.9046280339310959,False
2025,202508030904,0.7272369261795907,False,,レース構造型,False,レース構造型|当日傾向型,False,レース構造型|当日傾向型|メンバー構成型,False,レース構造型,0.9821535882245387,False,レース構造型|枠・コース型,0.9823749711237159,False,当日傾向型|レース構造型|騎手型,0.9864356314389793,False,当日傾向型|レース構造型|枠・コース型|メンバー構成型,0.9872200572179632,False,当日傾向型|レース構造型|枠・コース型|メンバー構成型|騎手型,0.9895431793816106,False,レース構造型,False,レース構造型|メンバー構成型,False,レース構造型|メンバー構成型|枠・コース型,False,レース構造型,0.9811115511289199,False,レース構造型|枠・コース型,0.9848674762679905,False,レース構造型|枠・コース型|メンバー構成型,0.9822179076243104,False,当日傾向型|レース構造型|枠・コース型|騎手型,0.9863358705353513,False,当日傾向型|レース構造型|枠・コース型|メンバー構成型|騎手型,0.9814059803399743,False
2025,202506050608,0.7272246346940215,False,,レース構造型,False,レース構造型|当日傾向型,False,レース構造型|当日傾向型|枠・コース型,False,レース構造型,0.5560047244877979,False,レース構造型|メンバー構成型,0.7641534281143619,False,当日傾向型|レース構造型|メンバー構成型,0.8707904884135376,False,当日傾向型|レース構造型|枠・コース型|メンバー構成型,0.9286285855687471,False,当日傾向型|レース構造型|枠・コース型|メンバー構成型|騎手型,0.9053064110001561,False,レース構造型,False,レース構造型|メンバー構成型,False,レース構造型|メンバー構成型|枠・コース型,False,レース構造型,0.6430949783901839,False,レース構造型|枠・コース型,0.7748506639619825,False,当日傾向型|レース構造型|枠・コース型,0.8975461892844594,False,当日傾向型|枠・コース型|メンバー構成型|騎手型,0.8982789092725274,False,当日傾向型|レース構造型|枠・コース型|メンバー構成型|騎手型,0.9173835845405389,False
2025,202504030306,0.725889401763615,True,,当日傾向型,False,当日傾向型|枠・コース型,False,当日傾向型|枠・コース型|レース構造型,False,当日傾向型,0.5045843847065227,False,当日傾向型|枠・コース型,0.7683413345673493,False,当日傾向型|枠・コース型|メンバー構成型,0.8900651271405748,False,当日傾向型|レース構造型|枠・コース型|メンバー構成型,0.936559419228418,False,当日傾向型|レース構造型|枠・コース型|メンバー構成型|騎手型,0.9543358594591328,False,レース構造型,False,レース構造型|メンバー構成型,False,レース構造型|メンバー構成型|騎手型,False,レース構造型,0.4209764736925316,False,枠・コース型|騎手型,0.7673803280897157,False,枠・コース型|メンバー構成型|騎手型,0.8836129578538392,False,レース構造型|枠・コース型|メンバー構成型|騎手型,0.9470051129941992,False,当日傾向型|レース構造型|枠・コース型|メンバー構成型|騎手型,0.9600386422249196,False
2025,202505040507,0.7255867565060192,False,,枠・コース型,False,枠・コース型|メンバー構成型,False,枠・コース型|メンバー構成型|当日傾向型,False,枠・コース型,0.3937054619985371,False,当日傾向型|メンバー構成型,0.6169430098331022,False,当日傾向型|レース構造型|メンバー構成型,0.7026974802507299,False,当日傾向型|レース構造型|メンバー構成型|騎手型,0.6884796500505526,False,当日傾向型|レース構造型|枠・コース型|メンバー構成型|騎手型,0.6892904658843215,False,枠・コース型,False,枠・コース型|当日傾向型,False,枠・コース型|当日傾向型|レース構造型,False,枠・コース型,0.5110777618450488,False,レース構造型|枠・コース型,0.7611141202274878,False,レース構造型|メンバー構成型|騎手型,0.8392054319712793,False,当日傾向型|レース構造型|メンバー構成型|騎手型,0.8817800933378316,False,当日傾向型|レース構造型|枠・コース型|メンバー構成型|騎手型,0.8389925526149513,False
2025,202509020212,0.7252457118725991,False,,枠・コース型,False,枠・コース型|レース構造型,False,枠・コース型|レース構造型|当日傾向型,False,枠・コース型,0.5926740781983914,False,レース構造型|枠・コース型,0.7621753810987594,False,当日傾向型|レース構造型|枠・コース型,0.8862395209848646,False,当日傾向型|レース構造型|枠・コース型|メンバー構成型,0.9408351237032129,False,当日傾向型|レース構造型|枠・コース型|メンバー構成型|騎手型,0.9418464174238887,False,レース構造型,False,レース構造型|当日傾向型,False,レース構造型|当日傾向型|枠・コース型,False,レース構造型,0.5716179784318837,False,枠・コース型|騎手型,0.7853963668757629,False,当日傾向型|レース構造型|メンバー構成型,0.8983754898020693,False,当日傾向型|レース構造型|枠・コース型|メンバー構成型,0.9281368882708013,False,当日傾向型|レース構造型|枠・コース型|メンバー構成型|騎手型,0.8978101292002177,False
2025,202507010405,0.7246942444990208,False,,レース構造型,False,レース構造型|当日傾向型,False,レース構造型|当日傾向型|枠・コース型,False,レース構造型,0.9831771362406841,False,レース構造型|メンバー構成型,0.9854723382752896,False,レース構造型|枠・コース型|騎手型,0.9878875394244137,False,当日傾向型|レース構造型|枠・コース型|メンバー構成型,0.988685687176365,False,当日傾向型|レース構造型|枠・コース型|メンバー構成型|騎手型,0.9888704189964694,False,レース構造型,False,レース構造型|メンバー構成型,False,レース構造型|メンバー構成型|枠・コース型,False,レース構造型,0.9823834084836007,False,レース構造型|枠・コース型,0.98229742779721,False,レース構造型|メンバー構成型|騎手型,0.9840540245330396,False,当日傾向型|レース構造型|枠・コース型|メンバー構成型,0.9855460775317022,False,当日傾向型|レース構造型|枠・コース型|メンバー構成型|騎手型,0.9838415486808906,False
2025,202508040312,0.7246144043273204,False,,当日傾向型,False,当日傾向型|枠・コース型,False,当日傾向型|枠・コース型|レース構造型,False,当日傾向型,0.5828147089637963,False,当日傾向型|枠・コース型,0.7601536410984279,False,当日傾向型|枠・コース型|騎手型,0.7939860788078694,False,当日傾向型|枠・コース型|メンバー構成型|騎手型,0.8873177449264158,False,当日傾向型|レース構造型|枠・コース型|メンバー構成型|騎手型,0.7967489040303323,False,当日傾向型,False,当日傾向型|枠・コース型,False,当日傾向型|枠・コース型|レース構造型,False,当日傾向型,0.4434531802148698,False,当日傾向型|レース構造型,0.7384528118633259,False,当日傾向型|レース構造型|メンバー構成型,0.8078889619632726,False,当日傾向型|レース構造型|枠・コース型|騎手型,0.8634422227931489,False,当日傾向型|レース構造型|枠・コース型|メンバー構成型|騎手型,0.8213877690427479,False
2025,202507020403,0.7215862587080168,True,当日傾向型|枠・コース型|メンバー構成型|騎手型,枠・コース型,True,枠・コース型|当日傾向型,True,枠・コース型|当日傾向型|レース構造型,True,枠・コース型,0.3293577707506873,True,当日傾向型|メンバー構成型,0.670423023454567,True,当日傾向型|メンバー構成型|騎手型,0.8037779615203715,True,当日傾向型|レース構造型|枠・コース型|騎手型,0.7823257937818681,True,当日傾向型|レース構造型|枠・コース型|メンバー構成型|騎手型,0.8133286712395221,True,当日傾向型,True,当日傾向型|メンバー構成型,True,当日傾向型|メンバー構成型|枠・コース型,True,当日傾向型,0.4464260919056184,True,当日傾向型|枠・コース型,0.6546809358470514,True,当日傾向型|レース構造型|メンバー構成型,0.8092320222142633,True,当日傾向型|レース構造型|枠・コース型|メンバー構成型,0.8278592675970186,True,当日傾向型|レース構造型|枠・コース型|メンバー構成型|騎手型,0.7522780553472181,True
2025,202505040110,0.7214668657411586,True,枠・コース型,当日傾向型,False,当日傾向型|枠・コース型,True,当日傾向型|枠・コース型|レース構造型,True,当日傾向型,0.6864679708332292,False,当日傾向型|メンバー構成型,0.7801373950111441,False,当日傾向型|レース構造型|メンバー構成型,0.8565963661910941,False,当日傾向型|レース構造型|枠・コース型|メンバー構成型,0.8572136094174102,True,当日傾向型|レース構造型|枠・コース型|メンバー構成型|騎手型,0.8347975679822096,True,レース構造型,False,レース構造型|当日傾向型,False,レース構造型|当日傾向型|枠・コース型,True,レース構造型,0.5174724698852966,False,当日傾向型|枠・コース型,0.7568965645183721,True,当日傾向型|レース構造型|枠・コース型,0.890733940816822,True,当日傾向型|枠・コース型|メンバー構成型|騎手型,0.8815114496852575,True,当日傾向型|レース構造型|枠・コース型|メンバー構成型|騎手型,0.9229505858189695,True
2025,202508010212,0.7207636260188306,False,,当日傾向型,False,当日傾向型|枠・コース型,False,当日傾向型|枠・コース型|レース構造型,False,当日傾向型,0.40358575493671706,False,当日傾向型|枠・コース型,0.5408595904862498,False,当日傾向型|レース構造型|騎手型,0.6228689886225725,False,当日傾向型|枠・コース型|メンバー構成型|騎手型,0.6248016153558479,False,当日傾向型|レース構造型|枠・コース型|メンバー構成型|騎手型,0.6880825718041814,False,当日傾向型,False,当日傾向型|レース構造型,False,当日傾向型|レース構造型|枠・コース型,False,当日傾向型,0.6570448863367062,False,当日傾向型|騎手型,0.6506705442996904,False,当日傾向型|枠・コース型|メンバー構成型,0.8458737311308709,False,当日傾向型|レース構造型|枠・コース型|騎手型,0.8681931786034467,False,当日傾向型|レース構造型|枠・コース型|メンバー構成型|騎手型,0.7992983729874173,False
2025,202506020812,0.7204598555030427,False,,当日傾向型,False,当日傾向型|枠・コース型,False,当日傾向型|枠・コース型|メンバー構成型,False,当日傾向型,0.4031372143884542,False,当日傾向型|メンバー構成型,0.688319467547001,False,当日傾向型|枠・コース型|メンバー構成型,0.8350071658449262,False,当日傾向型|レース構造型|枠・コース型|メンバー構成型,0.8226569570396326,False,当日傾向型|レース構造型|枠・コース型|メンバー構成型|騎手型,0.6826633765264463,False,当日傾向型,False,当日傾向型|枠・コース型,False,当日傾向型|枠・コース型|メンバー構成型,False,当日傾向型,0.4625721650143416,False,当日傾向型|枠・コース型,0.6938719293670401,False,当日傾向型|レース構造型|枠・コース型,0.7849645743993876,False,当日傾向型|枠・コース型|メンバー構成型|騎手型,0.8241798123257312,False,当日傾向型|レース構造型|枠・コース型|メンバー構成型|騎手型,0.7172683255505236,False
2025,202508021007,0.7200471385062551,False,,当日傾向型,False,当日傾向型|レース構造型,False,当日傾向型|レース構造型|メンバー構成型,False,当日傾向型,0.6190750926953558,False,当日傾向型|枠・コース型,0.7871080840853133,False,当日傾向型|枠・コース型|メンバー構成型,0.8164274375691217,False,当日傾向型|枠・コース型|メンバー構成型|騎手型,0.7641210316777537,False,当日傾向型|レース構造型|枠・コース型|メンバー構成型|騎手型,0.7029057386119253,False,当日傾向型,False,当日傾向型|メンバー構成型,False,当日傾向型|メンバー構成型|レース構造型,False,当日傾向型,0.5031456507571777,False,当日傾向型|レース構造型,0.6690512839957399,False,当日傾向型|レース構造型|メンバー構成型,0.7686875115105298,False,当日傾向型|レース構造型|枠・コース型|メンバー構成型,0.724064764127765,False,当日傾向型|レース構造型|枠・コース型|メンバー構成型|騎手型,0.6436135928016626,False
2025,202508020901,0.7198423438990987,False,,メンバー構成型,False,メンバー構成型|枠・コース型,False,メンバー構成型|枠・コース型|騎手型,False,メンバー構成型,0.5280103638365182,False,枠・コース型|メンバー構成型,0.7816655469388796,False,レース構造型|枠・コース型|メンバー構成型,0.8157168126170357,False,レース構造型|枠・コース型|メンバー構成型|騎手型,0.8369311072799774,False,当日傾向型|レース構造型|枠・コース型|メンバー構成型|騎手型,0.906087294396602,False,メンバー構成型,False,メンバー構成型|当日傾向型,False,メンバー構成型|当日傾向型|騎手型,False,メンバー構成型,0.4959917823795839,False,当日傾向型|メンバー構成型,0.6497397653628408,False,レース構造型|枠・コース型|メンバー構成型,0.8236008698967152,False,当日傾向型|レース構造型|メンバー構成型|騎手型,0.8473787798762608,False,当日傾向型|レース構造型|枠・コース型|メンバー構成型|騎手型,0.8117013147100702,False
2025,202506010509,0.7197667029476734,False,,枠・コース型,False,枠・コース型|レース構造型,False,枠・コース型|レース構造型|騎手型,False,枠・コース型,0.442018159979472,False,レース構造型|メンバー構成型,0.6952385167433216,False,レース構造型|枠・コース型|騎手型,0.8290883428010084,False,レース構造型|枠・コース型|メンバー構成型|騎手型,0.8629130109910574,False,当日傾向型|レース構造型|枠・コース型|メンバー構成型|騎手型,0.9099980042942846,False,レース構造型,False,レース構造型|当日傾向型,False,レース構造型|当日傾向型|メンバー構成型,False,レース構造型,0.41409501423244494,False,レース構造型|メンバー構成型,0.7348779174989184,False,当日傾向型|枠・コース型|メンバー構成型,0.8368634456311344,False,当日傾向型|枠・コース型|メンバー構成型|騎手型,0.8760136234710655,False,当日傾向型|レース構造型|枠・コース型|メンバー構成型|騎手型,0.9174858186823047,False
2025,202505030609,0.7186253625908252,False,,当日傾向型,False,当日傾向型|レース構造型,False,当日傾向型|レース構造型|枠・コース型,False,当日傾向型,0.459038584202299,False,当日傾向型|騎手型,0.6847761533304588,False,レース構造型|枠・コース型|メンバー構成型,0.8692199946673909,False,レース構造型|枠・コース型|メンバー構成型|騎手型,0.8696069919417521,False,当日傾向型|レース構造型|枠・コース型|メンバー構成型|騎手型,0.9018512274950027,False,メンバー構成型,False,メンバー構成型|当日傾向型,False,メンバー構成型|当日傾向型|レース構造型,False,メンバー構成型,0.5970616978176182,False,レース構造型|メンバー構成型,0.8495752978604372,False,当日傾向型|レース構造型|枠・コース型,0.9130517203852007,False,当日傾向型|レース構造型|メンバー構成型|騎手型,0.9365209598784947,False,当日傾向型|レース構造型|枠・コース型|メンバー構成型|騎手型,0.9389588304341485,False
2025,202506010603,0.718101349659549,False,,レース構造型,False,レース構造型|メンバー構成型,False,レース構造型|メンバー構成型|枠・コース型,False,レース構造型,0.9824687633641139,False,レース構造型|枠・コース型,0.9845854882708543,False,レース構造型|枠・コース型|騎手型,0.9863025403274067,False,レース構造型|枠・コース型|メンバー構成型|騎手型,0.990149166268516,False,当日傾向型|レース構造型|枠・コース型|メンバー構成型|騎手型,0.9899649399804212,False,レース構造型,False,レース構造型|メンバー構成型,False,レース構造型|メンバー構成型|当日傾向型,False,レース構造型,0.980505259320719,False,レース構造型|メンバー構成型,0.9826059526250669,False,レース構造型|枠・コース型|騎手型,0.984445425425032,False,レース構造型|枠・コース型|メンバー構成型|騎手型,0.9866928462827299,False,当日傾向型|レース構造型|枠・コース型|メンバー構成型|騎手型,0.981753250749972,False
2025,202508020812,0.7177124050872549,False,,枠・コース型,False,枠・コース型|レース構造型,False,枠・コース型|レース構造型|当日傾向型,False,枠・コース型,0.40980625505145457,False,枠・コース型|メンバー構成型,0.7771104226153484,False,当日傾向型|枠・コース型|メンバー構成型,0.8678304576735685,False,当日傾向型|レース構造型|枠・コース型|メンバー構成型,0.917521183140062,False,当日傾向型|レース構造型|枠・コース型|メンバー構成型|騎手型,0.9205253661313502,False,レース構造型,False,レース構造型|メンバー構成型,False,レース構造型|メンバー構成型|枠・コース型,False,レース構造型,0.49685881517018643,False,レース構造型|枠・コース型,0.7467656650693067,False,当日傾向型|レース構造型|枠・コース型,0.8828948219122141,False,当日傾向型|枠・コース型|メンバー構成型|騎手型,0.9442143451111716,False,当日傾向型|レース構造型|枠・コース型|メンバー構成型|騎手型,0.9575598527027847,False
2025,202510020602,0.7171399793821448,True,当日傾向型|騎手型,メンバー構成型,False,メンバー構成型|レース構造型,False,メンバー構成型|レース構造型|枠・コース型,False,メンバー構成型,0.5318254257120368,False,当日傾向型|メンバー構成型,0.7143722190687898,True,当日傾向型|レース構造型|メンバー構成型,0.797623011923105,True,当日傾向型|レース構造型|枠・コース型|メンバー構成型,0.8897493051666928,True,当日傾向型|レース構造型|枠・コース型|メンバー構成型|騎手型,0.8871767714206603,True,当日傾向型,True,当日傾向型|レース構造型,True,当日傾向型|レース構造型|メンバー構成型,True,当日傾向型,0.5019468384513809,True,レース構造型|枠・コース型,0.7519907600096182,False,レース構造型|メンバー構成型|騎手型,0.8845430247394066,True,当日傾向型|レース構造型|メンバー構成型|騎手型,0.8783328764091065,True,当日傾向型|レース構造型|枠・コース型|メンバー構成型|騎手型,0.838519519668086,True
2025,202504010810,0.7166985851510246,False,,レース構造型,False,レース構造型|当日傾向型,False,レース構造型|当日傾向型|枠・コース型,False,レース構造型,0.48344888891609455,False,当日傾向型|レース構造型,0.7898819969799155,False,当日傾向型|レース構造型|枠・コース型,0.8093358181937981,False,当日傾向型|レース構造型|枠・コース型|騎手型,0.8764799342836855,False,当日傾向型|レース構造型|枠・コース型|メンバー構成型|騎手型,0.8179295098878832,False,枠・コース型,False,枠・コース型|メンバー構成型,False,枠・コース型|メンバー構成型|レース構造型,False,枠・コース型,0.5536683555745613,False,当日傾向型|メンバー構成型,0.8006901391879644,False,当日傾向型|枠・コース型|メンバー構成型,0.9402650598170896,False,当日傾向型|レース構造型|枠・コース型|メンバー構成型,0.9414751821569197,False,当日傾向型|レース構造型|枠・コース型|メンバー構成型|騎手型,0.965295449016471,False
2025,202507030802,0.7148179162731019,False,,レース構造型,False,レース構造型|当日傾向型,False,レース構造型|当日傾向型|枠・コース型,False,レース構造型,0.9833108575836091,False,レース構造型|枠・コース型,0.9858615926792477,False,レース構造型|枠・コース型|騎手型,0.9890595692598433,False,当日傾向型|レース構造型|枠・コース型|騎手型,0.9887807895366106,False,当日傾向型|レース構造型|枠・コース型|メンバー構成型|騎手型,0.9883547733599456,False,レース構造型,False,レース構造型|当日傾向型,False,レース構造型|当日傾向型|枠・コース型,False,レース構造型,0.9841379278619137,False,当日傾向型|レース構造型,0.9817033079309277,False,レース構造型|枠・コース型|騎手型,0.9870900489456481,False,レース構造型|枠・コース型|メンバー構成型|騎手型,0.9889567284310771,False,当日傾向型|レース構造型|枠・コース型|メンバー構成型|騎手型,0.9798518228815848,False
2025,202506050705,0.7140013023424459,False,,レース構造型,False,レース構造型|メンバー構成型,False,レース構造型|メンバー構成型|当日傾向型,False,レース構造型,0.9804730616532362,False,レース構造型|メンバー構成型,0.9840689687583877,False,レース構造型|枠・コース型|騎手型,0.9882288902658571,False,レース構造型|枠・コース型|メンバー構成型|騎手型,0.9887745871508048,False,当日傾向型|レース構造型|枠・コース型|メンバー構成型|騎手型,0.9907187663270819,False,レース構造型,False,レース構造型|枠・コース型,False,レース構造型|枠・コース型|メンバー構成型,False,レース構造型,0.9802651759333997,False,レース構造型|枠・コース型,0.9868890686649588,False,レース構造型|枠・コース型|メンバー構成型,0.9854225316152456,False,レース構造型|枠・コース型|メンバー構成型|騎手型,0.984538826772377,False,当日傾向型|レース構造型|枠・コース型|メンバー構成型|騎手型,0.9849867645696263,False
2025,202508021011,0.7138868627552605,False,,レース構造型,False,レース構造型|枠・コース型,False,レース構造型|枠・コース型|当日傾向型,False,レース構造型,0.27966665218446873,False,レース構造型|メンバー構成型,0.6645756691138048,False,当日傾向型|レース構造型|騎手型,0.8459719047135729,False,当日傾向型|レース構造型|枠・コース型|騎手型,0.8503146402281512,False,当日傾向型|レース構造型|枠・コース型|メンバー構成型|騎手型,0.8253802646523466,False,レース構造型,False,レース構造型|枠・コース型,False,レース構造型|枠・コース型|メンバー構成型,False,レース構造型,0.36006418064660145,False,レース構造型|枠・コース型,0.6155159250866296,False,レース構造型|枠・コース型|メンバー構成型,0.8355951193038526,False,当日傾向型|レース構造型|枠・コース型|メンバー構成型,0.8983612259996242,False,当日傾向型|レース構造型|枠・コース型|メンバー構成型|騎手型,0.8547760289829608,False
2025,202506020509,0.7118926801482545,False,,当日傾向型,False,当日傾向型|枠・コース型,False,当日傾向型|枠・コース型|レース構造型,False,当日傾向型,0.6417340792511556,False,当日傾向型|騎手型,0.7269291783409617,False,当日傾向型|枠・コース型|メンバー構成型,0.8469245816055901,False,レース構造型|枠・コース型|メンバー構成型|騎手型,0.894855245339939,False,当日傾向型|レース構造型|枠・コース型|メンバー構成型|騎手型,0.9244866521203079,False,当日傾向型,False,当日傾向型|騎手型,False,当日傾向型|騎手型|レース構造型,False,当日傾向型,0.4523326144595012,False,当日傾向型|騎手型,0.786827320495297,False,当日傾向型|枠・コース型|メンバー構成型,0.9346802400934675,False,当日傾向型|枠・コース型|メンバー構成型|騎手型,0.9324845510895103,False,当日傾向型|レース構造型|枠・コース型|メンバー構成型|騎手型,0.9044011319121015,False
2025,202507050103,0.7110218995882854,False,,メンバー構成型,False,メンバー構成型|当日傾向型,False,メンバー構成型|当日傾向型|レース構造型,False,メンバー構成型,0.5545136189446758,False,当日傾向型|レース構造型,0.7183639441726978,False,当日傾向型|レース構造型|枠・コース型,0.8608810199274451,False,当日傾向型|レース構造型|枠・コース型|騎手型,0.9249422756904301,False,当日傾向型|レース構造型|枠・コース型|メンバー構成型|騎手型,0.9244260325495709,False,当日傾向型,False,当日傾向型|メンバー構成型,False,当日傾向型|メンバー構成型|枠・コース型,False,当日傾向型,0.49258671018967126,False,メンバー構成型|騎手型,0.7069000741417755,False,当日傾向型|枠・コース型|メンバー構成型,0.8491142187554445,False,当日傾向型|枠・コース型|メンバー構成型|騎手型,0.9073900895623332,False,当日傾向型|レース構造型|枠・コース型|メンバー構成型|騎手型,0.9016297127492059,False
2025,202505050512,0.7103274859423858,True,,レース構造型,False,レース構造型|メンバー構成型,False,レース構造型|メンバー構成型|枠・コース型,False,レース構造型,0.4657477801983893,False,当日傾向型|メンバー構成型,0.7481557699430947,False,当日傾向型|レース構造型|メンバー構成型,0.7739954849833937,False,当日傾向型|レース構造型|枠・コース型|騎手型,0.8602234505297455,False,当日傾向型|レース構造型|枠・コース型|メンバー構成型|騎手型,0.8909638785511653,False,レース構造型,False,レース構造型|当日傾向型,False,レース構造型|当日傾向型|枠・コース型,False,レース構造型,0.35122831749055433,False,当日傾向型|枠・コース型,0.6598497489302722,False,当日傾向型|枠・コース型|騎手型,0.7929995901518837,False,当日傾向型|枠・コース型|メンバー構成型|騎手型,0.8438428557028145,False,当日傾向型|レース構造型|枠・コース型|メンバー構成型|騎手型,0.956169370825694,False
2025,202508020612,0.7096569350224332,False,,当日傾向型,False,当日傾向型|レース構造型,False,当日傾向型|レース構造型|枠・コース型,False,当日傾向型,0.4432190165911913,False,当日傾向型|レース構造型,0.6315589324880503,False,当日傾向型|レース構造型|メンバー構成型,0.7334193915112603,False,レース構造型|枠・コース型|メンバー構成型|騎手型,0.7563033505772508,False,当日傾向型|レース構造型|枠・コース型|メンバー構成型|騎手型,0.7971494392520602,False,当日傾向型,False,当日傾向型|枠・コース型,False,当日傾向型|枠・コース型|メンバー構成型,False,当日傾向型,0.5352562866673521,False,当日傾向型|メンバー構成型,0.8103021728998296,False,当日傾向型|レース構造型|枠・コース型,0.9228690113035233,False,当日傾向型|レース構造型|枠・コース型|メンバー構成型,0.9376166711612481,False,当日傾向型|レース構造型|枠・コース型|メンバー構成型|騎手型,0.9598681082958034,False
2025,202506010111,0.7086790572278543,True,当日傾向型|枠・コース型|騎手型,メンバー構成型,False,メンバー構成型|レース構造型,False,メンバー構成型|レース構造型|騎手型,True,メンバー構成型,0.40207278218112785,False,当日傾向型|レース構造型,0.6891722123746266,True,レース構造型|枠・コース型|騎手型,0.7726382209196649,True,レース構造型|枠・コース型|メンバー構成型|騎手型,0.842604982088573,True,当日傾向型|レース構造型|枠・コース型|メンバー構成型|騎手型,0.8984990520835113,True,レース構造型,False,レース構造型|当日傾向型,True,レース構造型|当日傾向型|枠・コース型,True,レース構造型,0.49678372387862557,False,レース構造型|枠・コース型,0.6902690579237442,True,レース構造型|メンバー構成型|騎手型,0.8332815797855797,True,当日傾向型|レース構造型|メンバー構成型|騎手型,0.8926330632588182,True,当日傾向型|レース構造型|枠・コース型|メンバー構成型|騎手型,0.9307347677267287,True
2025,202504010209,0.7086364273898661,False,,騎手型,False,騎手型|レース構造型,False,騎手型|レース構造型|枠・コース型,False,騎手型,0.5185835257066767,False,当日傾向型|枠・コース型,0.7776344613110344,False,レース構造型|枠・コース型|騎手型,0.8558234915099732,False,当日傾向型|レース構造型|枠・コース型|騎手型,0.8979562843486093,False,当日傾向型|レース構造型|枠・コース型|メンバー構成型|騎手型,0.9338222802573471,False,枠・コース型,False,枠・コース型|当日傾向型,False,枠・コース型|当日傾向型|騎手型,False,枠・コース型,0.569383887511893,False,当日傾向型|レース構造型,0.8107058289944902,False,当日傾向型|レース構造型|枠・コース型,0.8882891067384042,False,当日傾向型|レース構造型|枠・コース型|騎手型,0.9452935635931295,False,当日傾向型|レース構造型|枠・コース型|メンバー構成型|騎手型,0.926503639133665,False
2025,202503010110,0.7077785578384469,False,,当日傾向型,False,当日傾向型|レース構造型,False,当日傾向型|レース構造型|騎手型,False,当日傾向型,0.6321786406990257,False,枠・コース型|騎手型,0.6739070584365091,False,当日傾向型|枠・コース型|メンバー構成型,0.8972963031947824,False,当日傾向型|レース構造型|枠・コース型|騎手型,0.8861359137442151,False,当日傾向型|レース構造型|枠・コース型|メンバー構成型|騎手型,0.9272342547315743,False,当日傾向型,False,当日傾向型|レース構造型,False,当日傾向型|レース構造型|枠・コース型,False,当日傾向型,0.5571441942165096,False,レース構造型|枠・コース型,0.8403405963264798,False,当日傾向型|レース構造型|枠・コース型,0.9355687627656383,False,当日傾向型|レース構造型|枠・コース型|騎手型,0.9495438980933213,False,当日傾向型|レース構造型|枠・コース型|メンバー構成型|騎手型,0.8926993611119572,False
2025,202505010309,0.707249352881915,True,レース構造型,当日傾向型,False,当日傾向型|レース構造型,True,当日傾向型|レース構造型|騎手型,True,当日傾向型,0.37570950126764363,False,当日傾向型|枠・コース型,0.6455220434994947,False,当日傾向型|レース構造型|騎手型,0.7683698494246656,True,当日傾向型|レース構造型|メンバー構成型|騎手型,0.8878045571249429,True,当日傾向型|レース構造型|枠・コース型|メンバー構成型|騎手型,0.9181949102536914,True,当日傾向型,False,当日傾向型|メンバー構成型,False,当日傾向型|メンバー構成型|枠・コース型,False,当日傾向型,0.4502239716093004,False,当日傾向型|枠・コース型,0.5880687932947903,False,当日傾向型|レース構造型|騎手型,0.8522201708163394,True,当日傾向型|枠・コース型|メンバー構成型|騎手型,0.8803502157253135,False,当日傾向型|レース構造型|枠・コース型|メンバー構成型|騎手型,0.9257511794689701,True
2025,202504040205,0.7071665271303031,False,,レース構造型,False,レース構造型|枠・コース型,False,レース構造型|枠・コース型|メンバー構成型,False,レース構造型,0.9848914172616688,False,レース構造型|メンバー構成型,0.9867710115742293,False,レース構造型|枠・コース型|騎手型,0.9884865703900706,False,当日傾向型|レース構造型|枠・コース型|メンバー構成型,0.9909270757448245,False,当日傾向型|レース構造型|枠・コース型|メンバー構成型|騎手型,0.9910158798748088,False,レース構造型,False,レース構造型|枠・コース型,False,レース構造型|枠・コース型|メンバー構成型,False,レース構造型,0.9548257697801086,False,レース構造型|枠・コース型,0.9771768094234373,False,レース構造型|枠・コース型|メンバー構成型,0.9842584833567958,False,当日傾向型|レース構造型|枠・コース型|メンバー構成型,0.9873900768662378,False,当日傾向型|レース構造型|枠・コース型|メンバー構成型|騎手型,0.9840313894086866,False
2025,202510020802,0.7065684996174221,False,,レース構造型,False,レース構造型|当日傾向型,False,レース構造型|当日傾向型|メンバー構成型,False,レース構造型,0.5198260803266781,False,レース構造型|騎手型,0.6988517636682451,False,当日傾向型|レース構造型|騎手型,0.7896388670078943,False,当日傾向型|レース構造型|枠・コース型|騎手型,0.8238363783986491,False,当日傾向型|レース構造型|枠・コース型|メンバー構成型|騎手型,0.689350635590795,False,当日傾向型,False,当日傾向型|枠・コース型,False,当日傾向型|枠・コース型|レース構造型,False,当日傾向型,0.5247204003571135,False,当日傾向型|レース構造型,0.6825034663229405,False,レース構造型|枠・コース型|騎手型,0.80358634127151,False,当日傾向型|レース構造型|枠・コース型|騎手型,0.8520108529916656,False,当日傾向型|レース構造型|枠・コース型|メンバー構成型|騎手型,0.7970437401329331,False
2025,202504020407,0.7056098857598565,False,,枠・コース型,False,枠・コース型|レース構造型,False,枠・コース型|レース構造型|当日傾向型,False,枠・コース型,0.516203010407156,False,レース構造型|枠・コース型,0.7293339463973832,False,レース構造型|枠・コース型|騎手型,0.7928765113016037,False,レース構造型|枠・コース型|メンバー構成型|騎手型,0.7783162167932659,False,当日傾向型|レース構造型|枠・コース型|メンバー構成型|騎手型,0.8077318099571339,False,レース構造型,False,レース構造型|当日傾向型,False,レース構造型|当日傾向型|枠・コース型,False,レース構造型,0.5479599927097969,False,レース構造型|枠・コース型,0.7945866819013844,False,当日傾向型|レース構造型|枠・コース型,0.8758731720145465,False,当日傾向型|レース構造型|枠・コース型|騎手型,0.8587038834672384,False,当日傾向型|レース構造型|枠・コース型|メンバー構成型|騎手型,0.7563040726506314,False
2025,202509030508,0.7047249862214692,False,,レース構造型,False,レース構造型|枠・コース型,False,レース構造型|枠・コース型|当日傾向型,False,レース構造型,0.40913718729934084,False,レース構造型|メンバー構成型,0.6726604652512912,False,枠・コース型|メンバー構成型|騎手型,0.7436561020232212,False,当日傾向型|枠・コース型|メンバー構成型|騎手型,0.7902044099491814,False,当日傾向型|レース構造型|枠・コース型|メンバー構成型|騎手型,0.8646134110888448,False,枠・コース型,False,枠・コース型|レース構造型,False,枠・コース型|レース構造型|当日傾向型,False,枠・コース型,0.43970361305479183,False,当日傾向型|メンバー構成型,0.777188866156433,False,当日傾向型|枠・コース型|メンバー構成型,0.8832403989099493,False,レース構造型|枠・コース型|メンバー構成型|騎手型,0.8990262331894241,False,当日傾向型|レース構造型|枠・コース型|メンバー構成型|騎手型,0.922862316183098,False
2025,202508030805,0.7040107370075451,False,,レース構造型,False,レース構造型|枠・コース型,False,レース構造型|枠・コース型|メンバー構成型,False,レース構造型,0.9780680101295596,False,レース構造型|メンバー構成型,0.9861592392300148,False,当日傾向型|レース構造型|メンバー構成型,0.9885959446156225,False,当日傾向型|レース構造型|枠・コース型|メンバー構成型,0.9896350318040867,False,当日傾向型|レース構造型|枠・コース型|メンバー構成型|騎手型,0.9898952413804719,False,レース構造型,False,レース構造型|メンバー構成型,False,レース構造型|メンバー構成型|枠・コース型,False,レース構造型,0.9821235667001345,False,レース構造型|枠・コース型,0.9839307119123362,False,レース構造型|枠・コース型|メンバー構成型,0.9821651792278859,False,当日傾向型|レース構造型|枠・コース型|メンバー構成型,0.9840901868625896,False,当日傾向型|レース構造型|枠・コース型|メンバー構成型|騎手型,0.9800026989195638,False
2025,202509010206,0.7033058638398623,True,当日傾向型,メンバー構成型,False,メンバー構成型|騎手型,False,メンバー構成型|騎手型|枠・コース型,False,メンバー構成型,0.34538531264145167,False,メンバー構成型|騎手型,0.520189904303078,False,枠・コース型|メンバー構成型|騎手型,0.5986437263069093,False,当日傾向型|枠・コース型|メンバー構成型|騎手型,0.6858395210216953,True,当日傾向型|レース構造型|枠・コース型|メンバー構成型|騎手型,0.5921616613967289,True,当日傾向型,True,当日傾向型|枠・コース型,True,当日傾向型|枠・コース型|メンバー構成型,True,当日傾向型,0.4517762857837868,True,枠・コース型|メンバー構成型,0.6987871829705157,False,枠・コース型|メンバー構成型|騎手型,0.7834328237937032,False,当日傾向型|枠・コース型|メンバー構成型|騎手型,0.6381008035754494,True,当日傾向型|レース構造型|枠・コース型|メンバー構成型|騎手型,0.4606290880859017,True
2025,202510010511,0.703041394110488,False,,枠・コース型,False,枠・コース型|メンバー構成型,False,枠・コース型|メンバー構成型|当日傾向型,False,枠・コース型,0.45683514604422865,False,枠・コース型|メンバー構成型,0.7205286248356528,False,当日傾向型|枠・コース型|メンバー構成型,0.8159042017406846,False,レース構造型|枠・コース型|メンバー構成型|騎手型,0.8241051775853211,False,当日傾向型|レース構造型|枠・コース型|メンバー構成型|騎手型,0.8543345542663237,False,当日傾向型,False,当日傾向型|メンバー構成型,False,当日傾向型|メンバー構成型|枠・コース型,False,当日傾向型,0.6045958945867076,False,レース構造型|メンバー構成型,0.8068623287030524,False,レース構造型|メンバー構成型|騎手型,0.907002858890015,False,当日傾向型|レース構造型|枠・コース型|騎手型,0.946517139791958,False,当日傾向型|レース構造型|枠・コース型|メンバー構成型|騎手型,0.9665094505387565,False
2025,202506010512,0.7018689259169445,False,,メンバー構成型,False,メンバー構成型|レース構造型,False,メンバー構成型|レース構造型|当日傾向型,False,メンバー構成型,0.44942513198264006,False,レース構造型|メンバー構成型,0.6895150146388602,False,レース構造型|枠・コース型|メンバー構成型,0.8479209930301168,False,当日傾向型|レース構造型|枠・コース型|メンバー構成型,0.9076843635793903,False,当日傾向型|レース構造型|枠・コース型|メンバー構成型|騎手型,0.9183496574221924,False,メンバー構成型,False,メンバー構成型|レース構造型,False,メンバー構成型|レース構造型|枠・コース型,False,メンバー構成型,0.5744377137524611,False,当日傾向型|レース構造型,0.7731137051644559,False,枠・コース型|メンバー構成型|騎手型,0.8514955719511841,False,レース構造型|枠・コース型|メンバー構成型|騎手型,0.9416915830742082,False,当日傾向型|レース構造型|枠・コース型|メンバー構成型|騎手型,0.9333095657989517,False
2025,202508040310,0.7018590502243293,True,当日傾向型|枠・コース型|メンバー構成型,当日傾向型,True,当日傾向型|レース構造型,True,当日傾向型|レース構造型|メンバー構成型,True,当日傾向型,0.5093650661149708,True,当日傾向型|メンバー構成型,0.6474913198661868,True,当日傾向型|枠・コース型|メンバー構成型,0.8198074302942403,True,当日傾向型|レース構造型|メンバー構成型|騎手型,0.8636957816829566,True,当日傾向型|レース構造型|枠・コース型|メンバー構成型|騎手型,0.7172042337256912,True,レース構造型,False,レース構造型|枠・コース型,True,レース構造型|枠・コース型|メンバー構成型,True,レース構造型,0.46403338116683945,False,レース構造型|枠・コース型,0.6901077352274619,True,当日傾向型|レース構造型|メンバー構成型,0.7406946838774321,True,当日傾向型|レース構造型|メンバー構成型|騎手型,0.8091102804749574,True,当日傾向型|レース構造型|枠・コース型|メンバー構成型|騎手型,0.7982193664148611,True
2025,202509020409,0.7017410660911682,False,,メンバー構成型,False,メンバー構成型|レース構造型,False,メンバー構成型|レース構造型|当日傾向型,False,メンバー構成型,0.4166179029162524,False,当日傾向型|レース構造型,0.6847042931599645,False,当日傾向型|メンバー構成型|騎手型,0.8364014504722694,False,当日傾向型|レース構造型|枠・コース型|騎手型,0.8573500643623009,False,当日傾向型|レース構造型|枠・コース型|メンバー構成型|騎手型,0.8867546925394711,False,レース構造型,False,レース構造型|騎手型,False,レース構造型|騎手型|当日傾向型,False,レース構造型,0.532455779581723,False,レース構造型|枠・コース型,0.8290206508943723,False,レース構造型|枠・コース型|騎手型,0.8313635662141137,False,当日傾向型|レース構造型|枠・コース型|騎手型,0.9271847025869715,False,当日傾向型|レース構造型|枠・コース型|メンバー構成型|騎手型,0.9202335910272567,False
2025,202510010106,0.701204266299759,False,,レース構造型,False,レース構造型|当日傾向型,False,レース構造型|当日傾向型|枠・コース型,False,レース構造型,0.9834417586411989,False,レース構造型|騎手型,0.985878076986052,False,当日傾向型|レース構造型|枠・コース型,0.9895654310329981,False,レース構造型|枠・コース型|メンバー構成型|騎手型,0.9904947708388333,False,当日傾向型|レース構造型|枠・コース型|メンバー構成型|騎手型,0.9887773523288884,False,レース構造型,False,レース構造型|当日傾向型,False,レース構造型|当日傾向型|メンバー構成型,False,レース構造型,0.9836129486600071,False,レース構造型|枠・コース型,0.984710309826818,False,レース構造型|メンバー構成型|騎手型,0.9851818034779591,False,レース構造型|枠・コース型|メンバー構成型|騎手型,0.9834182552524843,False,当日傾向型|レース構造型|枠・コース型|メンバー構成型|騎手型,0.9814296908323266,False
2025,202502011201,0.7003898224563658,False,,メンバー構成型,False,メンバー構成型|当日傾向型,False,メンバー構成型|当日傾向型|レース構造型,False,メンバー構成型,0.4634070914903603,False,レース構造型|メンバー構成型,0.7464467859405102,False,レース構造型|メンバー構成型|騎手型,0.8276081381241954,False,当日傾向型|レース構造型|枠・コース型|メンバー構成型,0.9790200842613463,False,当日傾向型|レース構造型|枠・コース型|メンバー構成型|騎手型,0.9788636855680732,False,メンバー構成型,False,メンバー構成型|当日傾向型,False,メンバー構成型|当日傾向型|枠・コース型,False,メンバー構成型,0.4305931558236708,False,当日傾向型|メンバー構成型,0.6329067928134419,False,当日傾向型|枠・コース型|メンバー構成型,0.8016643989274429,False,当日傾向型|レース構造型|枠・コース型|メンバー構成型,0.9509858043768785,False,当日傾向型|レース構造型|枠・コース型|メンバー構成型|騎手型,0.9616643365258446,False
2025,202508031007,0.7003423636982513,False,,枠・コース型,False,枠・コース型|当日傾向型,False,枠・コース型|当日傾向型|メンバー構成型,False,枠・コース型,0.5571131427000218,False,レース構造型|枠・コース型,0.6343688952587345,False,当日傾向型|枠・コース型|騎手型,0.752456018905549,False,レース構造型|枠・コース型|メンバー構成型|騎手型,0.7785035439055631,False,当日傾向型|レース構造型|枠・コース型|メンバー構成型|騎手型,0.7628275033521151,False,メンバー構成型,False,メンバー構成型|当日傾向型,False,メンバー構成型|当日傾向型|枠・コース型,False,メンバー構成型,0.46369041738257133,False,当日傾向型|枠・コース型,0.7801806802807727,False,当日傾向型|枠・コース型|騎手型,0.897860363112761,False,当日傾向型|枠・コース型|メンバー構成型|騎手型,0.9156838323491807,False,当日傾向型|レース構造型|枠・コース型|メンバー構成型|騎手型,0.9165332134287546,False
2025,202501010607,0.6988101041468223,False,,当日傾向型,False,当日傾向型|レース構造型,False,当日傾向型|レース構造型|メンバー構成型,False,当日傾向型,0.5785187060725941,False,当日傾向型|レース構造型,0.7819173381149849,False,当日傾向型|枠・コース型|メンバー構成型,0.8766467059338783,False,当日傾向型|レース構造型|枠・コース型|メンバー構成型,0.8990100097500202,False,当日傾向型|レース構造型|枠・コース型|メンバー構成型|騎手型,0.8554032935850429,False,レース構造型,False,レース構造型|当日傾向型,False,レース構造型|当日傾向型|枠・コース型,False,レース構造型,0.6440288974426902,False,レース構造型|枠・コース型,0.8358095861563438,False,レース構造型|枠・コース型|騎手型,0.9105497515515991,False,当日傾向型|レース構造型|枠・コース型|騎手型,0.9373644820390993,False,当日傾向型|レース構造型|枠・コース型|メンバー構成型|騎手型,0.9554889728842583,False
2025,202506050805,0.6979976480651313,False,,レース構造型,False,レース構造型|当日傾向型,False,レース構造型|当日傾向型|メンバー構成型,False,レース構造型,0.9803137180760164,False,レース構造型|枠・コース型,0.9858070590368013,False,レース構造型|枠・コース型|メンバー構成型,0.9877245126419105,False,レース構造型|枠・コース型|メンバー構成型|騎手型,0.9886210596725373,False,当日傾向型|レース構造型|枠・コース型|メンバー構成型|騎手型,0.9890395083216886,False,レース構造型,False,レース構造型|枠・コース型,False,レース構造型|枠・コース型|当日傾向型,False,レース構造型,0.9801821947396032,False,当日傾向型|レース構造型,0.9834883394851044,False,レース構造型|枠・コース型|メンバー構成型,0.9860333035594818,False,当日傾向型|レース構造型|枠・コース型|メンバー構成型,0.9877703681771185,False,当日傾向型|レース構造型|枠・コース型|メンバー構成型|騎手型,0.9800224341896331,False
2025,202505021211,0.6978675011310295,False,,レース構造型,False,レース構造型|当日傾向型,False,レース構造型|当日傾向型|メンバー構成型,False,レース構造型,0.39988146451622514,False,レース構造型|枠・コース型,0.5541714899741025,False,当日傾向型|レース構造型|枠・コース型,0.7307898321842806,False,当日傾向型|レース構造型|枠・コース型|騎手型,0.8669754842437176,False,当日傾向型|レース構造型|枠・コース型|メンバー構成型|騎手型,0.8059458223232653,False,当日傾向型,False,当日傾向型|レース構造型,False,当日傾向型|レース構造型|メンバー構成型,False,当日傾向型,0.4352624401255544,False,当日傾向型|メンバー構成型,0.757121856619289,False,当日傾向型|レース構造型|枠・コース型,0.8603005069370919,False,当日傾向型|枠・コース型|メンバー構成型|騎手型,0.8729242363807043,False,当日傾向型|レース構造型|枠・コース型|メンバー構成型|騎手型,0.8986423421009208,False
2025,202508030806,0.697597623605115,False,,レース構造型,False,レース構造型|当日傾向型,False,レース構造型|当日傾向型|メンバー構成型,False,レース構造型,0.982527878878437,False,当日傾向型|レース構造型,0.9850977143316545,False,当日傾向型|レース構造型|枠・コース型,0.9875813469599366,False,当日傾向型|レース構造型|枠・コース型|メンバー構成型,0.9887291338533469,False,当日傾向型|レース構造型|枠・コース型|メンバー構成型|騎手型,0.9882840078635704,False,レース構造型,False,レース構造型|当日傾向型,False,レース構造型|当日傾向型|枠・コース型,False,レース構造型,0.9824655550936139,False,当日傾向型|レース構造型,0.9821099976899419,False,レース構造型|枠・コース型|メンバー構成型,0.9830544227309865,False,当日傾向型|レース構造型|枠・コース型|メンバー構成型,0.9878627470433384,False,当日傾向型|レース構造型|枠・コース型|メンバー構成型|騎手型,0.9846257512090829,False
2025,202510010312,0.6970510016152973,True,当日傾向型|騎手型,当日傾向型,True,当日傾向型|枠・コース型,True,当日傾向型|枠・コース型|メンバー構成型,True,当日傾向型,0.5625676112138527,True,当日傾向型|メンバー構成型,0.7997145222463821,True,当日傾向型|レース構造型|騎手型,0.8909577316253409,True,当日傾向型|枠・コース型|メンバー構成型|騎手型,0.9415637814014371,True,当日傾向型|レース構造型|枠・コース型|メンバー構成型|騎手型,0.9379342945844352,True,当日傾向型,True,当日傾向型|メンバー構成型,True,当日傾向型|メンバー構成型|レース構造型,True,当日傾向型,0.5213778738200623,True,当日傾向型|メンバー構成型,0.7778752674624452,True,当日傾向型|レース構造型|枠・コース型,0.9252791728789769,True,当日傾向型|レース構造型|枠・コース型|騎手型,0.9438629323515205,True,当日傾向型|レース構造型|枠・コース型|メンバー構成型|騎手型,0.9501956060929571,True
2025,202501020509,0.6964930272692615,False,,メンバー構成型,False,メンバー構成型|枠・コース型,False,メンバー構成型|枠・コース型|当日傾向型,False,メンバー構成型,0.4768477554831686,False,レース構造型|枠・コース型,0.7160491965106809,False,当日傾向型|枠・コース型|メンバー構成型,0.8393808945623416,False,レース構造型|枠・コース型|メンバー構成型|騎手型,0.8922875937843987,False,当日傾向型|レース構造型|枠・コース型|メンバー構成型|騎手型,0.9372594383535106,False,メンバー構成型,False,メンバー構成型|レース構造型,False,メンバー構成型|レース構造型|当日傾向型,False,メンバー構成型,0.5546350339499526,False,当日傾向型|メンバー構成型,0.8242309270922227,False,レース構造型|枠・コース型|メンバー構成型,0.9123326029334632,False,当日傾向型|レース構造型|枠・コース型|メンバー構成型,0.9514670478012989,False,当日傾向型|レース構造型|枠・コース型|メンバー構成型|騎手型,0.9536436028591855,False
2025,202510010107,0.695965748598896,False,,レース構造型,False,レース構造型|枠・コース型,False,レース構造型|枠・コース型|当日傾向型,False,レース構造型,0.5749399617100379,False,レース構造型|枠・コース型,0.8257548876956786,False,レース構造型|枠・コース型|メンバー構成型,0.892693133810095,False,当日傾向型|レース構造型|枠・コース型|メンバー構成型,0.9401684814042295,False,当日傾向型|レース構造型|枠・コース型|メンバー構成型|騎手型,0.9328788440313993,False,メンバー構成型,False,メンバー構成型|当日傾向型,False,メンバー構成型|当日傾向型|枠・コース型,False,メンバー構成型,0.5538460357797436,False,レース構造型|枠・コース型,0.8111250070483516,False,レース構造型|枠・コース型|メンバー構成型,0.9201290348246788,False,レース構造型|枠・コース型|メンバー構成型|騎手型,0.9493444801685965,False,当日傾向型|レース構造型|枠・コース型|メンバー構成型|騎手型,0.9630896461097049,False
2025,202503030312,0.6959385544876684,True,メンバー構成型,枠・コース型,False,枠・コース型|レース構造型,False,枠・コース型|レース構造型|当日傾向型,False,枠・コース型,0.5786562114231683,False,当日傾向型|レース構造型,0.7993884709030699,False,当日傾向型|枠・コース型|騎手型,0.8568609373455986,False,当日傾向型|レース構造型|枠・コース型|騎手型,0.9062007098719398,False,当日傾向型|レース構造型|枠・コース型|メンバー構成型|騎手型,0.9084687984270462,True,枠・コース型,False,枠・コース型|レース構造型,False,枠・コース型|レース構造型|メンバー構成型,True,枠・コース型,0.5567592110543732,False,レース構造型|枠・コース型,0.7678409437385666,False,当日傾向型|枠・コース型|メンバー構成型,0.887210118249155,True,当日傾向型|レース構造型|枠・コース型|騎手型,0.9135603985932199,False,当日傾向型|レース構造型|枠・コース型|メンバー構成型|騎手型,0.8899183555918052,True
2025,202504040109,0.6956636388508403,True,メンバー構成型|騎手型,当日傾向型,False,当日傾向型|枠・コース型,False,当日傾向型|枠・コース型|レース構造型,False,当日傾向型,0.5815475330448889,False,レース構造型|メンバー構成型,0.7624881853400466,True,レース構造型|枠・コース型|メンバー構成型,0.8663400373379533,True,当日傾向型|レース構造型|枠・コース型|メンバー構成型,0.9217514729238264,True,当日傾向型|レース構造型|枠・コース型|メンバー構成型|騎手型,0.9563398732871763,True,枠・コース型,False,枠・コース型|当日傾向型,False,枠・コース型|当日傾向型|レース構造型,False,枠・コース型,0.4982928422900349,False,当日傾向型|枠・コース型,0.8525189189221063,False,レース構造型|枠・コース型|メンバー構成型,0.9155257596483464,True,当日傾向型|レース構造型|枠・コース型|メンバー構成型,0.9496724833597746,True,当日傾向型|レース構造型|枠・コース型|メンバー構成型|騎手型,0.9273931606225906,True
2025,202503030109,0.6952200673079251,False,,メンバー構成型,False,メンバー構成型|枠・コース型,False,メンバー構成型|枠・コース型|レース構造型,False,メンバー構成型,0.39287438823898013,False,枠・コース型|メンバー構成型,0.6073938142320666,False,当日傾向型|枠・コース型|メンバー構成型,0.6913114276303141,False,当日傾向型|レース構造型|枠・コース型|メンバー構成型,0.6762744645651039,False,当日傾向型|レース構造型|枠・コース型|メンバー構成型|騎手型,0.5205684395338814,False,レース構造型,False,レース構造型|メンバー構成型,False,レース構造型|メンバー構成型|当日傾向型,False,レース構造型,0.5437928065489099,False,レース構造型|枠・コース型,0.7828796882232344,False,当日傾向型|枠・コース型|メンバー構成型,0.8762462323648794,False,レース構造型|枠・コース型|メンバー構成型|騎手型,0.9011450208028227,False,当日傾向型|レース構造型|枠・コース型|メンバー構成型|騎手型,0.9341060352382425,False
2025,202505040209,0.6949013827190461,True,枠・コース型,レース構造型,False,レース構造型|当日傾向型,False,レース構造型|当日傾向型|メンバー構成型,False,レース構造型,0.5481644566045952,False,当日傾向型|レース構造型,0.7778927205348819,False,当日傾向型|レース構造型|枠・コース型,0.889106625430223,True,当日傾向型|レース構造型|枠・コース型|メンバー構成型,0.9285225607352855,True,当日傾向型|レース構造型|枠・コース型|メンバー構成型|騎手型,0.9307591500414942,True,レース構造型,False,レース構造型|当日傾向型,False,レース構造型|当日傾向型|メンバー構成型,False,レース構造型,0.4376388987890285,False,当日傾向型|枠・コース型,0.7697058261515953,True,当日傾向型|レース構造型|枠・コース型,0.8505227821505426,True,当日傾向型|レース構造型|枠・コース型|騎手型,0.9255812970129846,True,当日傾向型|レース構造型|枠・コース型|メンバー構成型|騎手型,0.9018388672962854,True
2025,202506050707,0.694535897496726,False,,枠・コース型,False,枠・コース型|当日傾向型,False,枠・コース型|当日傾向型|レース構造型,False,枠・コース型,0.5477140761135706,False,当日傾向型|枠・コース型,0.6817121110629968,False,当日傾向型|レース構造型|枠・コース型,0.7094447595348758,False,当日傾向型|枠・コース型|メンバー構成型|騎手型,0.8468446820450578,False,当日傾向型|レース構造型|枠・コース型|メンバー構成型|騎手型,0.8004585276138982,False,枠・コース型,False,枠・コース型|当日傾向型,False,枠・コース型|当日傾向型|レース構造型,False,枠・コース型,0.48883405156219495,False,当日傾向型|枠・コース型,0.8172753701880897,False,当日傾向型|レース構造型|枠・コース型,0.856150873786402,False,当日傾向型|枠・コース型|メンバー構成型|騎手型,0.9151962277559322,False,当日傾向型|レース構造型|枠・コース型|メンバー構成型|騎手型,0.8901632164912415,False
2025,202505010404,0.6945009150144738,True,レース構造型,レース構造型,True,レース構造型|当日傾向型,True,レース構造型|当日傾向型|枠・コース型,True,レース構造型,0.982781305896734,True,レース構造型|枠・コース型,0.9863293480537951,True,レース構造型|枠・コース型|騎手型,0.9886641107020254,True,レース構造型|枠・コース型|メンバー構成型|騎手型,0.9895408693537443,True,当日傾向型|レース構造型|枠・コース型|メンバー構成型|騎手型,0.9910701912044008,True,レース構造型,True,レース構造型|当日傾向型,True,レース構造型|当日傾向型|枠・コース型,True,レース構造型,0.9825201901832608,True,レース構造型|メンバー構成型,0.982079388780219,True,当日傾向型|レース構造型|メンバー構成型,0.9868525794902689,True,レース構造型|枠・コース型|メンバー構成型|騎手型,0.9886197796607861,True,当日傾向型|レース構造型|枠・コース型|メンバー構成型|騎手型,0.984218558781262,True
2025,202509010806,0.6936098718503785,False,,メンバー構成型,False,メンバー構成型|枠・コース型,False,メンバー構成型|枠・コース型|当日傾向型,False,メンバー構成型,0.4707512713553437,False,枠・コース型|メンバー構成型,0.681445457106907,False,当日傾向型|メンバー構成型|騎手型,0.7897860215462288,False,当日傾向型|レース構造型|枠・コース型|騎手型,0.8477581261318219,False,当日傾向型|レース構造型|枠・コース型|メンバー構成型|騎手型,0.8631956778786198,False,当日傾向型,False,当日傾向型|メンバー構成型,False,当日傾向型|メンバー構成型|レース構造型,False,当日傾向型,0.39678129794760747,False,当日傾向型|メンバー構成型,0.6761333379881824,False,当日傾向型|レース構造型|メンバー構成型,0.7780222019869275,False,当日傾向型|レース構造型|枠・コース型|メンバー構成型,0.8800094320915189,False,当日傾向型|レース構造型|枠・コース型|メンバー構成型|騎手型,0.9021042958046008,False
2025,202508010511,0.6935450635799641,False,,枠・コース型,False,枠・コース型|レース構造型,False,枠・コース型|レース構造型|メンバー構成型,False,枠・コース型,0.5681577679028759,False,枠・コース型|メンバー構成型,0.7929769224365414,False,レース構造型|枠・コース型|騎手型,0.8400991676912681,False,当日傾向型|レース構造型|枠・コース型|メンバー構成型,0.8980564666311543,False,当日傾向型|レース構造型|枠・コース型|メンバー構成型|騎手型,0.8125677212556445,False,枠・コース型,False,枠・コース型|レース構造型,False,枠・コース型|レース構造型|当日傾向型,False,枠・コース型,0.4989416671474834,False,レース構造型|枠・コース型,0.7064681938866691,False,レース構造型|枠・コース型|メンバー構成型,0.8701589138520713,False,当日傾向型|レース構造型|枠・コース型|騎手型,0.8498451771774723,False,当日傾向型|レース構造型|枠・コース型|メンバー構成型|騎手型,0.7364222563877847,False
2025,202506030410,0.6933282013036078,False,,メンバー構成型,False,メンバー構成型|枠・コース型,False,メンバー構成型|枠・コース型|当日傾向型,False,メンバー構成型,0.4598074837136304,False,当日傾向型|枠・コース型,0.6968666326541454,False,当日傾向型|レース構造型|枠・コース型,0.732222905542388,False,当日傾向型|レース構造型|枠・コース型|メンバー構成型,0.7624836948790761,False,当日傾向型|レース構造型|枠・コース型|メンバー構成型|騎手型,0.7425849073293359,False,枠・コース型,False,枠・コース型|メンバー構成型,False,枠・コース型|メンバー構成型|レース構造型,False,枠・コース型,0.394454175054822,False,当日傾向型|枠・コース型,0.6792549727777708,False,当日傾向型|レース構造型|メンバー構成型,0.7770157715300701,False,当日傾向型|レース構造型|枠・コース型|騎手型,0.8436691571190069,False,当日傾向型|レース構造型|枠・コース型|メンバー構成型|騎手型,0.8884866465383517,False
2025,202507020611,0.6931761965304902,False,,枠・コース型,False,枠・コース型|レース構造型,False,枠・コース型|レース構造型|当日傾向型,False,枠・コース型,0.4995105229001807,False,レース構造型|枠・コース型,0.7780448481089918,False,当日傾向型|レース構造型|枠・コース型,0.9028271407925986,False,当日傾向型|レース構造型|枠・コース型|メンバー構成型,0.9339587726900319,False,当日傾向型|レース構造型|枠・コース型|メンバー構成型|騎手型,0.889794314296383,False,メンバー構成型,False,メンバー構成型|当日傾向型,False,メンバー構成型|当日傾向型|枠・コース型,False,メンバー構成型,0.45176714091299297,False,枠・コース型|メンバー構成型,0.7179442252884927,False,当日傾向型|レース構造型|枠・コース型,0.8845494193477177,False,当日傾向型|レース構造型|メンバー構成型|騎手型,0.8843621169958792,False,当日傾向型|レース構造型|枠・コース型|メンバー構成型|騎手型,0.9371751794171621,False
2025,202506050410,0.6931699434376886,False,,メンバー構成型,False,メンバー構成型|枠・コース型,False,メンバー構成型|枠・コース型|当日傾向型,False,メンバー構成型,0.4391969011911546,False,枠・コース型|メンバー構成型,0.7132443380356761,False,当日傾向型|枠・コース型|メンバー構成型,0.7995819247549268,False,当日傾向型|枠・コース型|メンバー構成型|騎手型,0.8109531029009671,False,当日傾向型|レース構造型|枠・コース型|メンバー構成型|騎手型,0.7748055665155863,False,枠・コース型,False,枠・コース型|メンバー構成型,False,枠・コース型|メンバー構成型|レース構造型,False,枠・コース型,0.38969159545087795,False,レース構造型|メンバー構成型,0.7407196839108375,False,レース構造型|枠・コース型|メンバー構成型,0.8785604257710712,False,レース構造型|枠・コース型|メンバー構成型|騎手型,0.9339885810219197,False,当日傾向型|レース構造型|枠・コース型|メンバー構成型|騎手型,0.8231788483257596,False
2025,202508021206,0.6927172189443817,False,,メンバー構成型,False,メンバー構成型|当日傾向型,False,メンバー構成型|当日傾向型|枠・コース型,False,メンバー構成型,0.48308738179032046,False,メンバー構成型|騎手型,0.7469194967919721,False,レース構造型|枠・コース型|騎手型,0.834148846020325,False,レース構造型|枠・コース型|メンバー構成型|騎手型,0.8784200953210555,False,当日傾向型|レース構造型|枠・コース型|メンバー構成型|騎手型,0.8322344833667036,False,メンバー構成型,False,メンバー構成型|レース構造型,False,メンバー構成型|レース構造型|当日傾向型,False,メンバー構成型,0.45562099703467795,False,当日傾向型|メンバー構成型,0.7864456018522725,False,当日傾向型|レース構造型|メンバー構成型,0.8694139992624298,False,当日傾向型|レース構造型|枠・コース型|メンバー構成型,0.8813372298671659,False,当日傾向型|レース構造型|枠・コース型|メンバー構成型|騎手型,0.8928337113968571,False
2025,202508020903,0.6921549470713937,False,,メンバー構成型,False,メンバー構成型|枠・コース型,False,メンバー構成型|枠・コース型|レース構造型,False,メンバー構成型,0.40221394390867227,False,枠・コース型|メンバー構成型,0.6935951983871492,False,当日傾向型|枠・コース型|メンバー構成型,0.7535410431228832,False,当日傾向型|レース構造型|枠・コース型|メンバー構成型,0.9149960599323085,False,当日傾向型|レース構造型|枠・コース型|メンバー構成型|騎手型,0.8341443445111757,False,レース構造型,False,レース構造型|メンバー構成型,False,レース構造型|メンバー構成型|枠・コース型,False,レース構造型,0.5683247142768013,False,枠・コース型|騎手型,0.7795937583358341,False,当日傾向型|レース構造型|メンバー構成型,0.8747849508786737,False,レース構造型|枠・コース型|メンバー構成型|騎手型,0.9039925546237463,False,当日傾向型|レース構造型|枠・コース型|メンバー構成型|騎手型,0.9178889270183378,False
2025,202510010412,0.6917309145328778,False,,当日傾向型,False,当日傾向型|レース構造型,False,当日傾向型|レース構造型|枠・コース型,False,当日傾向型,0.5908127316857354,False,当日傾向型|レース構造型,0.7960699693438957,False,当日傾向型|レース構造型|枠・コース型,0.7488437175610996,False,当日傾向型|レース構造型|枠・コース型|騎手型,0.8479856225381641,False,当日傾向型|レース構造型|枠・コース型|メンバー構成型|騎手型,0.7555376163762192,False,当日傾向型,False,当日傾向型|レース構造型,False,当日傾向型|レース構造型|枠・コース型,False,当日傾向型,0.66578831774195,False,当日傾向型|メンバー構成型,0.7246770614333045,False,当日傾向型|レース構造型|メンバー構成型,0.8339659435544429,False,当日傾向型|レース構造型|枠・コース型|騎手型,0.9115191130849996,False,当日傾向型|レース構造型|枠・コース型|メンバー構成型|騎手型,0.8995652550987895,False
2025,202505050502,0.691448494671427,False,,メンバー構成型,False,メンバー構成型|当日傾向型,False,メンバー構成型|当日傾向型|騎手型,False,メンバー構成型,0.5777297074198025,False,当日傾向型|メンバー構成型,0.8341310273127823,False,当日傾向型|枠・コース型|メンバー構成型,0.918551556490644,False,当日傾向型|枠・コース型|メンバー構成型|騎手型,0.8836404318141097,False,当日傾向型|レース構造型|枠・コース型|メンバー構成型|騎手型,0.8570607535505885,False,騎手型,False,騎手型|メンバー構成型,False,騎手型|メンバー構成型|当日傾向型,False,騎手型,0.5890765354297167,False,枠・コース型|メンバー構成型,0.6707323514677956,False,当日傾向型|枠・コース型|騎手型,0.760170273321887,False,当日傾向型|レース構造型|枠・コース型|メンバー構成型,0.8518152718623345,False,当日傾向型|レース構造型|枠・コース型|メンバー構成型|騎手型,0.8173851260766258,False
2025,202506040107,0.6910610274217853,False,,メンバー構成型,False,メンバー構成型|レース構造型,False,メンバー構成型|レース構造型|枠・コース型,False,メンバー構成型,0.4943039099773684,False,枠・コース型|メンバー構成型,0.6044838857291173,False,レース構造型|枠・コース型|メンバー構成型,0.7049287195390311,False,レース構造型|枠・コース型|メンバー構成型|騎手型,0.7276150819133698,False,当日傾向型|レース構造型|枠・コース型|メンバー構成型|騎手型,0.6305193102762432,False,レース構造型,False,レース構造型|枠・コース型,False,レース構造型|枠・コース型|当日傾向型,False,レース構造型,0.5028646986072619,False,枠・コース型|メンバー構成型,0.7557282468203755,False,レース構造型|枠・コース型|メンバー構成型,0.8414854133363792,False,レース構造型|枠・コース型|メンバー構成型|騎手型,0.8500819540958026,False,当日傾向型|レース構造型|枠・コース型|メンバー構成型|騎手型,0.8779999703007649,False
2025,202504040107,0.6908326514048652,False,,当日傾向型,False,当日傾向型|レース構造型,False,当日傾向型|レース構造型|メンバー構成型,False,当日傾向型,0.5388782198771633,False,当日傾向型|レース構造型,0.7764754944545739,False,当日傾向型|レース構造型|メンバー構成型,0.8026255469479255,False,当日傾向型|レース構造型|枠・コース型|メンバー構成型,0.8164992666684524,False,当日傾向型|レース構造型|枠・コース型|メンバー構成型|騎手型,0.8088021423369887,False,レース構造型,False,レース構造型|メンバー構成型,False,レース構造型|メンバー構成型|当日傾向型,False,レース構造型,0.701504185680067,False,当日傾向型|メンバー構成型,0.8339574776500781,False,当日傾向型|枠・コース型|メンバー構成型,0.8914545923401437,False,当日傾向型|枠・コース型|メンバー構成型|騎手型,0.8851586879701422,False,当日傾向型|レース構造型|枠・コース型|メンバー構成型|騎手型,0.865753693809509,False
2025,202507020509,0.6906999428031352,False,,当日傾向型,False,当日傾向型|枠・コース型,False,当日傾向型|枠・コース型|メンバー構成型,False,当日傾向型,0.5675730892216128,False,当日傾向型|枠・コース型,0.772024724984696,False,当日傾向型|レース構造型|メンバー構成型,0.8683163735216896,False,当日傾向型|レース構造型|枠・コース型|メンバー構成型,0.9240356608098983,False,当日傾向型|レース構造型|枠・コース型|メンバー構成型|騎手型,0.9336830751521805,False,枠・コース型,False,枠・コース型|当日傾向型,False,枠・コース型|当日傾向型|レース構造型,False,枠・コース型,0.44744307373602704,False,当日傾向型|枠・コース型,0.8237229998574108,False,当日傾向型|枠・コース型|騎手型,0.8715357800376542,False,当日傾向型|レース構造型|枠・コース型|騎手型,0.9423013498248026,False,当日傾向型|レース構造型|枠・コース型|メンバー構成型|騎手型,0.9110870572765194,False
2025,202503020111,0.6906165263638864,False,,レース構造型,False,レース構造型|メンバー構成型,False,レース構造型|メンバー構成型|当日傾向型,False,レース構造型,0.4742131364873004,False,当日傾向型|レース構造型,0.7273110091449956,False,レース構造型|枠・コース型|メンバー構成型,0.8578865773900847,False,当日傾向型|レース構造型|枠・コース型|メンバー構成型,0.8551205918739384,False,当日傾向型|レース構造型|枠・コース型|メンバー構成型|騎手型,0.8858811075657052,False,当日傾向型,False,当日傾向型|枠・コース型,False,当日傾向型|枠・コース型|レース構造型,False,当日傾向型,0.473422472895834,False,レース構造型|枠・コース型,0.7663779577542185,False,当日傾向型|枠・コース型|メンバー構成型,0.9057354165014059,False,レース構造型|枠・コース型|メンバー構成型|騎手型,0.9162802877888064,False,当日傾向型|レース構造型|枠・コース型|メンバー構成型|騎手型,0.9210638661121407,False
2025,202506050203,0.6905786150290169,False,,レース構造型,False,レース構造型|枠・コース型,False,レース構造型|枠・コース型|当日傾向型,False,レース構造型,0.9727242508680095,False,レース構造型|枠・コース型,0.9845170781755261,False,当日傾向型|レース構造型|メンバー構成型,0.986356230044867,False,レース構造型|枠・コース型|メンバー構成型|騎手型,0.9862895178810442,False,当日傾向型|レース構造型|枠・コース型|メンバー構成型|騎手型,0.9902605822061282,False,レース構造型,False,レース構造型|枠・コース型,False,レース構造型|枠・コース型|当日傾向型,False,レース構造型,0.9772006178076512,False,当日傾向型|レース構造型,0.9768031503213533,False,当日傾向型|レース構造型|メンバー構成型,0.9803624887813895,False,当日傾向型|レース構造型|メンバー構成型|騎手型,0.9888348777566882,False,当日傾向型|レース構造型|枠・コース型|メンバー構成型|騎手型,0.9848660743573687,False
2025,202506050510,0.6896840640534837,False,,当日傾向型,False,当日傾向型|枠・コース型,False,当日傾向型|枠・コース型|レース構造型,False,当日傾向型,0.4692846802404289,False,枠・コース型|メンバー構成型,0.6895731451412435,False,レース構造型|枠・コース型|メンバー構成型,0.8533065935945712,False,レース構造型|枠・コース型|メンバー構成型|騎手型,0.8458762192195824,False,当日傾向型|レース構造型|枠・コース型|メンバー構成型|騎手型,0.834014575734386,False,当日傾向型,False,当日傾向型|レース構造型,False,当日傾向型|レース構造型|枠・コース型,False,当日傾向型,0.5150248243021174,False,当日傾向型|レース構造型,0.7793165174897011,False,当日傾向型|レース構造型|メンバー構成型,0.864367825964466,False,当日傾向型|レース構造型|枠・コース型|メンバー構成型,0.9265336671389364,False,当日傾向型|レース構造型|枠・コース型|メンバー構成型|騎手型,0.9395999356540646,False
2025,202504010109,0.689318159026423,False,,メンバー構成型,False,メンバー構成型|レース構造型,False,メンバー構成型|レース構造型|当日傾向型,False,メンバー構成型,0.40688254175588695,False,レース構造型|メンバー構成型,0.7151066859849079,False,当日傾向型|メンバー構成型|騎手型,0.8053608241151037,False,当日傾向型|レース構造型|枠・コース型|メンバー構成型,0.8063296012014667,False,当日傾向型|レース構造型|枠・コース型|メンバー構成型|騎手型,0.7805642151123157,False,レース構造型,False,レース構造型|枠・コース型,False,レース構造型|枠・コース型|当日傾向型,False,レース構造型,0.4951958605426406,False,枠・コース型|騎手型,0.7718712226896983,False,レース構造型|枠・コース型|騎手型,0.821363986175322,False,当日傾向型|枠・コース型|メンバー構成型|騎手型,0.8172177072559257,False,当日傾向型|レース構造型|枠・コース型|メンバー構成型|騎手型,0.7344395157925382,False
2025,202509030211,0.6884017142552625,False,,枠・コース型,False,枠・コース型|レース構造型,False,枠・コース型|レース構造型|騎手型,False,枠・コース型,0.43016106234300505,False,レース構造型|枠・コース型,0.7273144675095834,False,レース構造型|枠・コース型|メンバー構成型,0.8717567254205876,False,レース構造型|枠・コース型|メンバー構成型|騎手型,0.8985889571607528,False,当日傾向型|レース構造型|枠・コース型|メンバー構成型|騎手型,0.8853495254463248,False,枠・コース型,False,枠・コース型|当日傾向型,False,枠・コース型|当日傾向型|レース構造型,False,枠・コース型,0.48541967910855754,False,レース構造型|枠・コース型,0.797233181078478,False,当日傾向型|レース構造型|枠・コース型,0.8198110495775563,False,当日傾向型|レース構造型|枠・コース型|騎手型,0.8469150362354203,False,当日傾向型|レース構造型|枠・コース型|メンバー構成型|騎手型,0.8055888559762664,False
2025,202506020311,0.6880245196521503,False,,当日傾向型,False,当日傾向型|枠・コース型,False,当日傾向型|枠・コース型|メンバー構成型,False,当日傾向型,0.656723798652829,False,当日傾向型|レース構造型,0.7450535491001978,False,レース構造型|枠・コース型|メンバー構成型,0.8704590601301921,False,レース構造型|枠・コース型|メンバー構成型|騎手型,0.9242238082947067,False,当日傾向型|レース構造型|枠・コース型|メンバー構成型|騎手型,0.9243470531263347,False,枠・コース型,False,枠・コース型|メンバー構成型,False,枠・コース型|メンバー構成型|当日傾向型,False,枠・コース型,0.5444682206404456,False,枠・コース型|メンバー構成型,0.8011555021995572,False,当日傾向型|枠・コース型|騎手型,0.8982623041256088,False,当日傾向型|レース構造型|枠・コース型|メンバー構成型,0.9353958668586061,False,当日傾向型|レース構造型|枠・コース型|メンバー構成型|騎手型,0.9021770026365609,False
2025,202507010911,0.6878818354957142,False,,メンバー構成型,False,メンバー構成型|騎手型,False,メンバー構成型|騎手型|当日傾向型,False,メンバー構成型,0.3806834022933408,False,当日傾向型|メンバー構成型,0.6589532441084381,False,当日傾向型|レース構造型|騎手型,0.8607219739569167,False,当日傾向型|レース構造型|枠・コース型|騎手型,0.9071720239461538,False,当日傾向型|レース構造型|枠・コース型|メンバー構成型|騎手型,0.9067440151368026,False,レース構造型,False,レース構造型|当日傾向型,False,レース構造型|当日傾向型|枠・コース型,False,レース構造型,0.46280436808019526,False,レース構造型|メンバー構成型,0.829751684325964,False,レース構造型|枠・コース型|メンバー構成型,0.8105510218479133,False,当日傾向型|レース構造型|枠・コース型|メンバー構成型,0.9342488152974326,False,当日傾向型|レース構造型|枠・コース型|メンバー構成型|騎手型,0.9068308998919414,False
2025,202505021008,0.6878093309633202,False,,レース構造型,False,レース構造型|メンバー構成型,False,レース構造型|メンバー構成型|枠・コース型,False,レース構造型,0.41151293801908073,False,当日傾向型|枠・コース型,0.6244252203942859,False,当日傾向型|レース構造型|枠・コース型,0.7528451703038475,False,当日傾向型|枠・コース型|メンバー構成型|騎手型,0.8262224642673037,False,当日傾向型|レース構造型|枠・コース型|メンバー構成型|騎手型,0.8042915421753329,False,レース構造型,False,レース構造型|メンバー構成型,False,レース構造型|メンバー構成型|当日傾向型,False,レース構造型,0.5124353753427514,False,レース構造型|メンバー構成型,0.6949408918549573,False,当日傾向型|レース構造型|枠・コース型,0.8133073838595835,False,レース構造型|枠・コース型|メンバー構成型|騎手型,0.8811075030647254,False,当日傾向型|レース構造型|枠・コース型|メンバー構成型|騎手型,0.8597396396390018,False
2025,202505040111,0.6874544016405839,False,,枠・コース型,False,枠・コース型|メンバー構成型,False,枠・コース型|メンバー構成型|レース構造型,False,枠・コース型,0.4184074359993147,False,当日傾向型|枠・コース型,0.6297832043343214,False,当日傾向型|メンバー構成型|騎手型,0.72214610002075,False,当日傾向型|レース構造型|メンバー構成型|騎手型,0.7446001803765362,False,当日傾向型|レース構造型|枠・コース型|メンバー構成型|騎手型,0.7604520569792836,False,枠・コース型,False,枠・コース型|当日傾向型,False,枠・コース型|当日傾向型|メンバー構成型,False,枠・コース型,0.5629259645701652,False,当日傾向型|枠・コース型,0.7492871570665647,False,当日傾向型|レース構造型|メンバー構成型,0.7204566464477836,False,当日傾向型|レース構造型|枠・コース型|騎手型,0.8890691611314312,False,当日傾向型|レース構造型|枠・コース型|メンバー構成型|騎手型,0.7793755115299574,False
2025,202509050607,0.6870837881409777,False,,メンバー構成型,False,メンバー構成型|レース構造型,False,メンバー構成型|レース構造型|枠・コース型,False,メンバー構成型,0.413442138569558,False,レース構造型|枠・コース型,0.7066653053647146,False,レース構造型|枠・コース型|メンバー構成型,0.8455117235058253,False,当日傾向型|レース構造型|枠・コース型|メンバー構成型,0.9410228578640104,False,当日傾向型|レース構造型|枠・コース型|メンバー構成型|騎手型,0.9383154645732091,False,レース構造型,False,レース構造型|枠・コース型,False,レース構造型|枠・コース型|当日傾向型,False,レース構造型,0.5603961662037978,False,当日傾向型|レース構造型,0.7859247692726247,False,レース構造型|枠・コース型|騎手型,0.8501370600928209,False,当日傾向型|レース構造型|枠・コース型|メンバー構成型,0.9385915706818477,False,当日傾向型|レース構造型|枠・コース型|メンバー構成型|騎手型,0.9674668306835723,False
2025,202510010209,0.6859107829403883,False,,枠・コース型,False,枠・コース型|レース構造型,False,枠・コース型|レース構造型|当日傾向型,False,枠・コース型,0.5327063794868162,False,当日傾向型|枠・コース型,0.7678548868083097,False,レース構造型|枠・コース型|騎手型,0.8327152140873822,False,当日傾向型|レース構造型|枠・コース型|騎手型,0.8828082826720367,False,当日傾向型|レース構造型|枠・コース型|メンバー構成型|騎手型,0.8851792286904104,False,枠・コース型,False,枠・コース型|レース構造型,False,枠・コース型|レース構造型|騎手型,False,枠・コース型,0.7100900432079602,False,当日傾向型|枠・コース型,0.7535228797046867,False,枠・コース型|メンバー構成型|騎手型,0.9166225006365025,False,当日傾向型|レース構造型|枠・コース型|メンバー構成型,0.9424376653103944,False,当日傾向型|レース構造型|枠・コース型|メンバー構成型|騎手型,0.9351041753460176,False
2025,202509050512,0.6858749331453782,False,,枠・コース型,False,枠・コース型|騎手型,False,枠・コース型|騎手型|メンバー構成型,False,枠・コース型,0.539264497332374,False,当日傾向型|枠・コース型,0.7276813690235047,False,当日傾向型|枠・コース型|メンバー構成型,0.8390422080990165,False,当日傾向型|レース構造型|枠・コース型|騎手型,0.8575238678906189,False,当日傾向型|レース構造型|枠・コース型|メンバー構成型|騎手型,0.885973517504512,False,枠・コース型,False,枠・コース型|当日傾向型,False,枠・コース型|当日傾向型|レース構造型,False,枠・コース型,0.42563404138678024,False,枠・コース型|メンバー構成型,0.6145032949284349,False,レース構造型|枠・コース型|騎手型,0.7791912483055496,False,当日傾向型|レース構造型|枠・コース型|騎手型,0.8259856982197922,False,当日傾向型|レース構造型|枠・コース型|メンバー構成型|騎手型,0.8986690047999917,False
2025,202507020605,0.6857679358036533,False,,レース構造型,False,レース構造型|メンバー構成型,False,レース構造型|メンバー構成型|枠・コース型,False,レース構造型,0.6301241500808651,False,レース構造型|メンバー構成型,0.8555071357395576,False,レース構造型|枠・コース型|メンバー構成型,0.9518975053568203,False,レース構造型|枠・コース型|メンバー構成型|騎手型,0.9543380049653286,False,当日傾向型|レース構造型|枠・コース型|メンバー構成型|騎手型,0.9444194818986361,False,レース構造型,False,レース構造型|当日傾向型,False,レース構造型|当日傾向型|メンバー構成型,False,レース構造型,0.5493018586713618,False,レース構造型|メンバー構成型,0.8617590937627642,False,レース構造型|枠・コース型|メンバー構成型,0.9511131865378476,False,当日傾向型|レース構造型|メンバー構成型|騎手型,0.9609265643710306,False,当日傾向型|レース構造型|枠・コース型|メンバー構成型|騎手型,0.8681293915728773,False
2025,202508030605,0.6856801620619207,False,,レース構造型,False,レース構造型|枠・コース型,False,レース構造型|枠・コース型|当日傾向型,False,レース構造型,0.975577880200902,False,レース構造型|枠・コース型,0.9838800375556704,False,レース構造型|枠・コース型|騎手型,0.9863756313193357,False,当日傾向型|レース構造型|枠・コース型|メンバー構成型,0.988730936918213,False,当日傾向型|レース構造型|枠・コース型|メンバー構成型|騎手型,0.9914351950996265,False,レース構造型,False,レース構造型|当日傾向型,False,レース構造型|当日傾向型|枠・コース型,False,レース構造型,0.9808808891204501,False,レース構造型|枠・コース型,0.9838554582929128,False,レース構造型|枠・コース型|メンバー構成型,0.9857280305133951,False,当日傾向型|レース構造型|枠・コース型|メンバー構成型,0.9892886638692222,False,当日傾向型|レース構造型|枠・コース型|メンバー構成型|騎手型,0.9842385649617345,False
2025,202504010211,0.6851410826459381,False,,枠・コース型,False,枠・コース型|メンバー構成型,False,枠・コース型|メンバー構成型|レース構造型,False,枠・コース型,0.5495629456832406,False,枠・コース型|メンバー構成型,0.7741387461361625,False,レース構造型|枠・コース型|メンバー構成型,0.8637881196135655,False,当日傾向型|レース構造型|枠・コース型|メンバー構成型,0.9044216723089393,False,当日傾向型|レース構造型|枠・コース型|メンバー構成型|騎手型,0.8717999529571212,False,枠・コース型,False,枠・コース型|当日傾向型,False,枠・コース型|当日傾向型|メンバー構成型,False,枠・コース型,0.6367843337070501,False,当日傾向型|枠・コース型,0.8805741675829576,False,レース構造型|枠・コース型|騎手型,0.8745635670738535,False,当日傾向型|レース構造型|枠・コース型|騎手型,0.9348436185353359,False,当日傾向型|レース構造型|枠・コース型|メンバー構成型|騎手型,0.8842859436747029,False
2025,202505010107,0.6848073353918818,False,,枠・コース型,False,枠・コース型|当日傾向型,False,枠・コース型|当日傾向型|レース構造型,False,枠・コース型,0.4858090296031619,False,当日傾向型|枠・コース型,0.7661520568806333,False,当日傾向型|枠・コース型|騎手型,0.8371088910611765,False,当日傾向型|レース構造型|枠・コース型|騎手型,0.9271240571256365,False,当日傾向型|レース構造型|枠・コース型|メンバー構成型|騎手型,0.9521074373665477,False,枠・コース型,False,枠・コース型|当日傾向型,False,枠・コース型|当日傾向型|メンバー構成型,False,枠・コース型,0.4158253567510002,False,メンバー構成型|騎手型,0.7404839593917741,False,枠・コース型|メンバー構成型|騎手型,0.8491771808001878,False,当日傾向型|枠・コース型|メンバー構成型|騎手型,0.9217960006635723,False,当日傾向型|レース構造型|枠・コース型|メンバー構成型|騎手型,0.9362144794011986,False
2025,202507050209,0.6840881163242659,True,メンバー構成型,レース構造型,False,レース構造型|枠・コース型,False,レース構造型|枠・コース型|当日傾向型,False,レース構造型,0.4881804489689197,False,レース構造型|枠・コース型,0.757040834427814,False,レース構造型|枠・コース型|騎手型,0.8009836810376102,False,当日傾向型|レース構造型|枠・コース型|メンバー構成型,0.8464103949978237,True,当日傾向型|レース構造型|枠・コース型|メンバー構成型|騎手型,0.8446498244846885,True,枠・コース型,False,枠・コース型|レース構造型,False,枠・コース型|レース構造型|当日傾向型,False,枠・コース型,0.5076010870646004,False,当日傾向型|メンバー構成型,0.6474851060849356,True,当日傾向型|レース構造型|枠・コース型,0.861664550251149,False,当日傾向型|レース構造型|枠・コース型|メンバー構成型,0.8317318816291891,True,当日傾向型|レース構造型|枠・コース型|メンバー構成型|騎手型,0.8976684287315925,True
2025,202504010111,0.6839875470853409,False,,メンバー構成型,False,メンバー構成型|当日傾向型,False,メンバー構成型|当日傾向型|レース構造型,False,メンバー構成型,0.5829494796963879,False,当日傾向型|メンバー構成型,0.7557159637674872,False,当日傾向型|メンバー構成型|騎手型,0.8687875676297826,False,当日傾向型|レース構造型|枠・コース型|騎手型,0.8258540288692952,False,当日傾向型|レース構造型|枠・コース型|メンバー構成型|騎手型,0.8617491065497648,False,メンバー構成型,False,メンバー構成型|レース構造型,False,メンバー構成型|レース構造型|当日傾向型,False,メンバー構成型,0.48852766195819064,False,当日傾向型|レース構造型,0.8653289647017608,False,当日傾向型|レース構造型|枠・コース型,0.9265962776481853,False,当日傾向型|レース構造型|枠・コース型|騎手型,0.9634194073576573,False,当日傾向型|レース構造型|枠・コース型|メンバー構成型|騎手型,0.9514517537087536,False
2025,202506010804,0.6837287081796968,False,,レース構造型,False,レース構造型|当日傾向型,False,レース構造型|当日傾向型|メンバー構成型,False,レース構造型,0.9831799765765427,False,レース構造型|メンバー構成型,0.986713951714541,False,レース構造型|メンバー構成型|騎手型,0.9900705488459112,False,レース構造型|枠・コース型|メンバー構成型|騎手型,0.9898467562972026,False,当日傾向型|レース構造型|枠・コース型|メンバー構成型|騎手型,0.9912179588884797,False,レース構造型,False,レース構造型|枠・コース型,False,レース構造型|枠・コース型|当日傾向型,False,レース構造型,0.9782082246589006,False,レース構造型|枠・コース型,0.9784403844488093,False,レース構造型|枠・コース型|メンバー構成型,0.98540823774282,False,レース構造型|枠・コース型|メンバー構成型|騎手型,0.9862949626342744,False,当日傾向型|レース構造型|枠・コース型|メンバー構成型|騎手型,0.9859494680174031,False
2025,202510011012,0.683696086411973,False,,枠・コース型,False,枠・コース型|メンバー構成型,False,枠・コース型|メンバー構成型|当日傾向型,False,枠・コース型,0.42194935121948524,False,当日傾向型|メンバー構成型,0.6338801993769235,False,当日傾向型|メンバー構成型|騎手型,0.7878069621737576,False,当日傾向型|枠・コース型|メンバー構成型|騎手型,0.9154914796350293,False,当日傾向型|レース構造型|枠・コース型|メンバー構成型|騎手型,0.9290063992569744,False,枠・コース型,False,枠・コース型|メンバー構成型,False,枠・コース型|メンバー構成型|騎手型,False,枠・コース型,0.5228053796362527,False,レース構造型|メンバー構成型,0.6802589436000513,False,レース構造型|枠・コース型|騎手型,0.904551624594559,False,当日傾向型|枠・コース型|メンバー構成型|騎手型,0.9224411079739977,False,当日傾向型|レース構造型|枠・コース型|メンバー構成型|騎手型,0.9663304108393082,False
2025,202504040404,0.6819850338611245,True,当日傾向型|メンバー構成型,当日傾向型,True,当日傾向型|レース構造型,True,当日傾向型|レース構造型|メンバー構成型,True,当日傾向型,0.5646440011032993,True,レース構造型|枠・コース型,0.7954408627992483,False,当日傾向型|レース構造型|メンバー構成型,0.8625762855837307,True,当日傾向型|レース構造型|枠・コース型|メンバー構成型,0.8662658269759358,True,当日傾向型|レース構造型|枠・コース型|メンバー構成型|騎手型,0.8789096585444679,True,当日傾向型,True,当日傾向型|メンバー構成型,True,当日傾向型|メンバー構成型|枠・コース型,True,当日傾向型,0.5996162102870595,True,当日傾向型|枠・コース型,0.8195731922974392,True,当日傾向型|枠・コース型|騎手型,0.8559798573044697,True,当日傾向型|レース構造型|枠・コース型|騎手型,0.8875189385373695,True,当日傾向型|レース構造型|枠・コース型|メンバー構成型|騎手型,0.8633437935790343,True
2025,202501010312,0.6818654954841966,False,,当日傾向型,False,当日傾向型|枠・コース型,False,当日傾向型|枠・コース型|メンバー構成型,False,当日傾向型,0.45427323706526784,False,当日傾向型|メンバー構成型,0.6982712686345235,False,当日傾向型|枠・コース型|メンバー構成型,0.8789715874580926,False,当日傾向型|レース構造型|枠・コース型|メンバー構成型,0.9182352233265252,False,当日傾向型|レース構造型|枠・コース型|メンバー構成型|騎手型,0.9100484008811915,False,枠・コース型,False,枠・コース型|当日傾向型,False,枠・コース型|当日傾向型|メンバー構成型,False,枠・コース型,0.4953698760125426,False,枠・コース型|メンバー構成型,0.7772947844015446,False,当日傾向型|枠・コース型|メンバー構成型,0.9000810328304348,False,当日傾向型|レース構造型|枠・コース型|メンバー構成型,0.9310537191127397,False,当日傾向型|レース構造型|枠・コース型|メンバー構成型|騎手型,0.9590568847589002,False
2025,202509010709,0.6818075320760703,True,メンバー構成型|騎手型,レース構造型,False,レース構造型|当日傾向型,False,レース構造型|当日傾向型|枠・コース型,False,レース構造型,0.49370785381824817,False,当日傾向型|枠・コース型,0.7037808365488329,False,当日傾向型|レース構造型|枠・コース型,0.8285080855251227,False,当日傾向型|レース構造型|枠・コース型|騎手型,0.8455910786791546,True,当日傾向型|レース構造型|枠・コース型|メンバー構成型|騎手型,0.8776661414452959,True,枠・コース型,False,枠・コース型|当日傾向型,False,枠・コース型|当日傾向型|レース構造型,False,枠・コース型,0.3646315566079303,False,当日傾向型|枠・コース型,0.727856775840129,False,当日傾向型|レース構造型|枠・コース型,0.8717445127649419,False,当日傾向型|レース構造型|枠・コース型|メンバー構成型,0.8509440348330918,True,当日傾向型|レース構造型|枠・コース型|メンバー構成型|騎手型,0.8186189964019721,True
2025,202501020312,0.6812307063756851,True,当日傾向型|レース構造型|枠・コース型|騎手型,枠・コース型,True,枠・コース型|当日傾向型,True,枠・コース型|当日傾向型|レース構造型,True,枠・コース型,0.622903447582264,True,当日傾向型|枠・コース型,0.7625634153102945,True,レース構造型|枠・コース型|メンバー構成型,0.9054563601244692,True,当日傾向型|レース構造型|枠・コース型|メンバー構成型,0.9574355110187824,True,当日傾向型|レース構造型|枠・コース型|メンバー構成型|騎手型,0.9478758980606594,True,枠・コース型,True,枠・コース型|レース構造型,True,枠・コース型|レース構造型|メンバー構成型,True,枠・コース型,0.5649656838963361,True,枠・コース型|騎手型,0.8524010598477612,True,レース構造型|枠・コース型|メンバー構成型,0.9072672472348388,True,当日傾向型|レース構造型|枠・コース型|メンバー構成型,0.9624815407450817,True,当日傾向型|レース構造型|枠・コース型|メンバー構成型|騎手型,0.9762875916045832,True
2025,202504040311,0.6810889590503911,False,,当日傾向型,False,当日傾向型|レース構造型,False,当日傾向型|レース構造型|枠・コース型,False,当日傾向型,0.5130722372178981,False,当日傾向型|枠・コース型,0.7715649308583944,False,当日傾向型|レース構造型|枠・コース型,0.8673526221400042,False,当日傾向型|レース構造型|枠・コース型|騎手型,0.8974390143308775,False,当日傾向型|レース構造型|枠・コース型|メンバー構成型|騎手型,0.9443215266248702,False,レース構造型,False,レース構造型|メンバー構成型,False,レース構造型|メンバー構成型|枠・コース型,False,レース構造型,0.4870418829779212,False,レース構造型|枠・コース型,0.7874396231024322,False,当日傾向型|レース構造型|枠・コース型,0.8585768066917032,False,当日傾向型|レース構造型|枠・コース型|メンバー構成型,0.8927817168052915,False,当日傾向型|レース構造型|枠・コース型|メンバー構成型|騎手型,0.8632678772956438,False
2025,202510011212,0.6810699085107091,False,,枠・コース型,False,枠・コース型|当日傾向型,False,枠・コース型|当日傾向型|レース構造型,False,枠・コース型,0.48428150016664867,False,当日傾向型|枠・コース型,0.7068957341512117,False,当日傾向型|枠・コース型|メンバー構成型,0.734172226268872,False,当日傾向型|レース構造型|枠・コース型|騎手型,0.761320946239937,False,当日傾向型|レース構造型|枠・コース型|メンバー構成型|騎手型,0.7032372728072903,False,枠・コース型,False,枠・コース型|騎手型,False,枠・コース型|騎手型|メンバー構成型,False,枠・コース型,0.5015574052551315,False,当日傾向型|騎手型,0.7638292173023582,False,当日傾向型|レース構造型|枠・コース型,0.8362783338050853,False,レース構造型|枠・コース型|メンバー構成型|騎手型,0.8902142018746368,False,当日傾向型|レース構造型|枠・コース型|メンバー構成型|騎手型,0.8224275131872221,False
2025,202506030210,0.6805341198988211,False,,メンバー構成型,False,メンバー構成型|枠・コース型,False,メンバー構成型|枠・コース型|当日傾向型,False,メンバー構成型,0.47398101771903123,False,当日傾向型|枠・コース型,0.7723037028394635,False,当日傾向型|枠・コース型|メンバー構成型,0.8479931180674914,False,当日傾向型|枠・コース型|メンバー構成型|騎手型,0.8933831760132278,False,当日傾向型|レース構造型|枠・コース型|メンバー構成型|騎手型,0.9100683248247865,False,枠・コース型,False,枠・コース型|レース構造型,False,枠・コース型|レース構造型|当日傾向型,False,枠・コース型,0.3774742735363534,False,レース構造型|枠・コース型,0.7668618118733952,False,当日傾向型|レース構造型|枠・コース型,0.8655878467942533,False,当日傾向型|レース構造型|枠・コース型|メンバー構成型,0.9034925430477689,False,当日傾向型|レース構造型|枠・コース型|メンバー構成型|騎手型,0.8991815274587687,False
2025,202509010607,0.6805247278862216,False,,枠・コース型,False,枠・コース型|レース構造型,False,枠・コース型|レース構造型|当日傾向型,False,枠・コース型,0.5294682644296149,False,当日傾向型|メンバー構成型,0.7136246934572023,False,当日傾向型|枠・コース型|メンバー構成型,0.8771679633508564,False,当日傾向型|枠・コース型|メンバー構成型|騎手型,0.901477110980796,False,当日傾向型|レース構造型|枠・コース型|メンバー構成型|騎手型,0.9341013162062922,False,レース構造型,False,レース構造型|枠・コース型,False,レース構造型|枠・コース型|メンバー構成型,False,レース構造型,0.6307682703339741,False,レース構造型|枠・コース型,0.8622599886759312,False,レース構造型|枠・コース型|騎手型,0.9100468691214362,False,当日傾向型|枠・コース型|メンバー構成型|騎手型,0.9395854337898917,False,当日傾向型|レース構造型|枠・コース型|メンバー構成型|騎手型,0.9500626007277841,False
2025,202503010307,0.6803075996635936,True,騎手型,枠・コース型,False,枠・コース型|当日傾向型,False,枠・コース型|当日傾向型|騎手型,True,枠・コース型,0.5336476140741374,False,枠・コース型|メンバー構成型,0.7294540153500577,False,レース構造型|枠・コース型|騎手型,0.8078325415604373,True,当日傾向型|レース構造型|枠・コース型|騎手型,0.8398050428900726,True,当日傾向型|レース構造型|枠・コース型|メンバー構成型|騎手型,0.8362108209870222,True,枠・コース型,False,枠・コース型|メンバー構成型,False,枠・コース型|メンバー構成型|当日傾向型,False,枠・コース型,0.6198631351873415,False,枠・コース型|騎手型,0.7589398582871849,True,当日傾向型|枠・コース型|騎手型,0.8793844802548945,True,当日傾向型|枠・コース型|メンバー構成型|騎手型,0.8886360063756379,True,当日傾向型|レース構造型|枠・コース型|メンバー構成型|騎手型,0.8968955191456358,True
2025,202504040209,0.6796122832296347,True,当日傾向型,枠・コース型,False,枠・コース型|当日傾向型,True,枠・コース型|当日傾向型|メンバー構成型,True,枠・コース型,0.5287015053731537,False,当日傾向型|枠・コース型,0.7316482263311471,True,当日傾向型|レース構造型|枠・コース型,0.837679122485033,True,当日傾向型|レース構造型|枠・コース型|メンバー構成型,0.9254243081541996,True,当日傾向型|レース構造型|枠・コース型|メンバー構成型|騎手型,0.8528572672092557,True,メンバー構成型,False,メンバー構成型|レース構造型,False,メンバー構成型|レース構造型|当日傾向型,True,メンバー構成型,0.5173159791899095,False,レース構造型|メンバー構成型,0.8204882301996869,False,当日傾向型|レース構造型|メンバー構成型,0.8453881880798829,True,当日傾向型|レース構造型|枠・コース型|騎手型,0.9057337018556242,True,当日傾向型|レース構造型|枠・コース型|メンバー構成型|騎手型,0.8514181608979658,True
2025,202509040810,0.6790309438662007,False,,レース構造型,False,レース構造型|当日傾向型,False,レース構造型|当日傾向型|枠・コース型,False,レース構造型,0.45415005896202076,False,当日傾向型|枠・コース型,0.6641309447242855,False,当日傾向型|枠・コース型|メンバー構成型,0.7627432281962918,False,当日傾向型|枠・コース型|メンバー構成型|騎手型,0.8883364072876264,False,当日傾向型|レース構造型|枠・コース型|メンバー構成型|騎手型,0.8577155702959358,False,当日傾向型,False,当日傾向型|レース構造型,False,当日傾向型|レース構造型|枠・コース型,False,当日傾向型,0.4258287538313011,False,当日傾向型|枠・コース型,0.7142404143983379,False,当日傾向型|枠・コース型|騎手型,0.8498961685973927,False,当日傾向型|レース構造型|枠・コース型|騎手型,0.8812216545948389,False,当日傾向型|レース構造型|枠・コース型|メンバー構成型|騎手型,0.8645638256222165,False
2025,202506050412,0.678933524092472,False,,枠・コース型,False,枠・コース型|メンバー構成型,False,枠・コース型|メンバー構成型|レース構造型,False,枠・コース型,0.4807525430977393,False,レース構造型|枠・コース型,0.6940245825899555,False,レース構造型|枠・コース型|メンバー構成型,0.8233899938152645,False,当日傾向型|レース構造型|枠・コース型|メンバー構成型,0.8573062348981997,False,当日傾向型|レース構造型|枠・コース型|メンバー構成型|騎手型,0.8149842723077398,False,当日傾向型,False,当日傾向型|枠・コース型,False,当日傾向型|枠・コース型|メンバー構成型,False,当日傾向型,0.5069623627761485,False,枠・コース型|メンバー構成型,0.6733643619626075,False,レース構造型|枠・コース型|メンバー構成型,0.8414436502093621,False,レース構造型|枠・コース型|メンバー構成型|騎手型,0.8965887121963992,False,当日傾向型|レース構造型|枠・コース型|メンバー構成型|騎手型,0.8798308739287367,False
2025,202505030612,0.6787836349702686,False,,枠・コース型,False,枠・コース型|当日傾向型,False,枠・コース型|当日傾向型|メンバー構成型,False,枠・コース型,0.5349791935258424,False,当日傾向型|メンバー構成型,0.7962311971441924,False,当日傾向型|枠・コース型|メンバー構成型,0.8672395630475878,False,当日傾向型|レース構造型|枠・コース型|騎手型,0.9242433212430301,False,当日傾向型|レース構造型|枠・コース型|メンバー構成型|騎手型,0.9390579522340045,False,レース構造型,False,レース構造型|メンバー構成型,False,レース構造型|メンバー構成型|当日傾向型,False,レース構造型,0.5200299351361207,False,当日傾向型|枠・コース型,0.7712476127493755,False,当日傾向型|レース構造型|枠・コース型,0.8303183347923695,False,当日傾向型|レース構造型|枠・コース型|騎手型,0.8551070294057567,False,当日傾向型|レース構造型|枠・コース型|メンバー構成型|騎手型,0.9059128529212178,False
2025,202508021209,0.6786731621765977,False,,枠・コース型,False,枠・コース型|当日傾向型,False,枠・コース型|当日傾向型|レース構造型,False,枠・コース型,0.4503052642915823,False,当日傾向型|枠・コース型,0.6423068174758414,False,当日傾向型|枠・コース型|メンバー構成型,0.766353703797368,False,レース構造型|枠・コース型|メンバー構成型|騎手型,0.8544530089501129,False,当日傾向型|レース構造型|枠・コース型|メンバー構成型|騎手型,0.8052889144106559,False,レース構造型,False,レース構造型|メンバー構成型,False,レース構造型|メンバー構成型|枠・コース型,False,レース構造型,0.5449600826173657,False,レース構造型|メンバー構成型,0.776589202869735,False,当日傾向型|レース構造型|枠・コース型,0.8770077993308957,False,当日傾向型|レース構造型|枠・コース型|騎手型,0.8966736079730149,False,当日傾向型|レース構造型|枠・コース型|メンバー構成型|騎手型,0.8528893253865595,False
2025,202507010808,0.6785087276326149,False,,レース構造型,False,レース構造型|当日傾向型,False,レース構造型|当日傾向型|メンバー構成型,False,レース構造型,0.416437373725751,False,当日傾向型|メンバー構成型,0.5922680717097187,False,当日傾向型|枠・コース型|メンバー構成型,0.825032902378615,False,当日傾向型|レース構造型|枠・コース型|メンバー構成型,0.8932559589464799,False,当日傾向型|レース構造型|枠・コース型|メンバー構成型|騎手型,0.8682831709889047,False,当日傾向型,False,当日傾向型|レース構造型,False,当日傾向型|レース構造型|メンバー構成型,False,当日傾向型,0.6137543119181171,False,レース構造型|枠・コース型,0.8518971563635274,False,当日傾向型|レース構造型|枠・コース型,0.8438175780301831,False,当日傾向型|レース構造型|枠・コース型|メンバー構成型,0.9070095938413135,False,当日傾向型|レース構造型|枠・コース型|メンバー構成型|騎手型,0.9211008456376639,False
2025,202510010311,0.6775670470459434,False,,枠・コース型,False,枠・コース型|レース構造型,False,枠・コース型|レース構造型|メンバー構成型,False,枠・コース型,0.36181142121771476,False,レース構造型|枠・コース型,0.7413557189577195,False,当日傾向型|レース構造型|メンバー構成型,0.8356454182856381,False,当日傾向型|枠・コース型|メンバー構成型|騎手型,0.8498774226287386,False,当日傾向型|レース構造型|枠・コース型|メンバー構成型|騎手型,0.8325818348817526,False,当日傾向型,False,当日傾向型|メンバー構成型,False,当日傾向型|メンバー構成型|レース構造型,False,当日傾向型,0.47884347512607917,False,当日傾向型|レース構造型,0.7913760904852752,False,当日傾向型|レース構造型|枠・コース型,0.8302641026732095,False,当日傾向型|レース構造型|枠・コース型|メンバー構成型,0.8841324048454053,False,当日傾向型|レース構造型|枠・コース型|メンバー構成型|騎手型,0.8920519373691814,False
2025,202501010112,0.6773836569528635,False,,枠・コース型,False,枠・コース型|レース構造型,False,枠・コース型|レース構造型|当日傾向型,False,枠・コース型,0.5470530127904948,False,レース構造型|枠・コース型,0.7672234785579194,False,レース構造型|枠・コース型|メンバー構成型,0.8677012888060364,False,レース構造型|枠・コース型|メンバー構成型|騎手型,0.9098667957203054,False,当日傾向型|レース構造型|枠・コース型|メンバー構成型|騎手型,0.8847426131532262,False,当日傾向型,False,当日傾向型|枠・コース型,False,当日傾向型|枠・コース型|メンバー構成型,False,当日傾向型,0.48804231462714875,False,レース構造型|枠・コース型,0.7202390546262789,False,当日傾向型|レース構造型|枠・コース型,0.865862222019159,False,当日傾向型|枠・コース型|メンバー構成型|騎手型,0.8828215492480415,False,当日傾向型|レース構造型|枠・コース型|メンバー構成型|騎手型,0.840994617825226,False
2025,202506030712,0.6770601199447267,True,,当日傾向型,False,当日傾向型|枠・コース型,False,当日傾向型|枠・コース型|レース構造型,False,当日傾向型,0.424815617790433,False,枠・コース型|メンバー構成型,0.7138715943615175,False,レース構造型|枠・コース型|メンバー構成型,0.8861667941720099,False,レース構造型|枠・コース型|メンバー構成型|騎手型,0.9162787189921674,False,当日傾向型|レース構造型|枠・コース型|メンバー構成型|騎手型,0.9603977721949369,False,当日傾向型,False,当日傾向型|レース構造型,False,当日傾向型|レース構造型|枠・コース型,False,当日傾向型,0.5792521280534586,False,レース構造型|枠・コース型,0.7730471071406193,False,レース構造型|枠・コース型|メンバー構成型,0.8819331920255664,False,当日傾向型|枠・コース型|メンバー構成型|騎手型,0.9030387103629519,False,当日傾向型|レース構造型|枠・コース型|メンバー構成型|騎手型,0.9233515256552928,False
2025,202502011107,0.6770154039746105,False,,当日傾向型,False,当日傾向型|メンバー構成型,False,当日傾向型|メンバー構成型|レース構造型,False,当日傾向型,0.6233613338168186,False,当日傾向型|メンバー構成型,0.7181425179695614,False,当日傾向型|レース構造型|枠・コース型,0.8851636153166993,False,当日傾向型|レース構造型|枠・コース型|騎手型,0.9264352657527668,False,当日傾向型|レース構造型|枠・コース型|メンバー構成型|騎手型,0.894444207021554,False,当日傾向型,False,当日傾向型|騎手型,False,当日傾向型|騎手型|メンバー構成型,False,当日傾向型,0.510451558873738,False,当日傾向型|騎手型,0.7119435264785879,False,当日傾向型|レース構造型|騎手型,0.8303690078721063,False,当日傾向型|レース構造型|枠・コース型|騎手型,0.8920105245367966,False,当日傾向型|レース構造型|枠・コース型|メンバー構成型|騎手型,0.8881831657037531,False
2025,202509020403,0.6763191866213375,False,,枠・コース型,False,枠・コース型|メンバー構成型,False,枠・コース型|メンバー構成型|当日傾向型,False,枠・コース型,0.46986420169028453,False,枠・コース型|メンバー構成型,0.7205945516895014,False,枠・コース型|メンバー構成型|騎手型,0.8403242455071342,False,当日傾向型|枠・コース型|メンバー構成型|騎手型,0.9032182991075658,False,当日傾向型|レース構造型|枠・コース型|メンバー構成型|騎手型,0.9305077576757477,False,メンバー構成型,False,メンバー構成型|当日傾向型,False,メンバー構成型|当日傾向型|枠・コース型,False,メンバー構成型,0.5553366574419826,False,当日傾向型|メンバー構成型,0.8251379648222781,False,当日傾向型|枠・コース型|メンバー構成型,0.8858462679475244,False,当日傾向型|レース構造型|枠・コース型|メンバー構成型,0.9247865678483341,False,当日傾向型|レース構造型|枠・コース型|メンバー構成型|騎手型,0.900717437944783,False
2025,202509030312,0.676059597687491,False,,枠・コース型,False,枠・コース型|メンバー構成型,False,枠・コース型|メンバー構成型|当日傾向型,False,枠・コース型,0.6075969863343988,False,レース構造型|枠・コース型,0.7872901639631654,False,当日傾向型|枠・コース型|メンバー構成型,0.8822954361150037,False,当日傾向型|枠・コース型|メンバー構成型|騎手型,0.9165011896451872,False,当日傾向型|レース構造型|枠・コース型|メンバー構成型|騎手型,0.9292615433084875,False,メンバー構成型,False,メンバー構成型|枠・コース型,False,メンバー構成型|枠・コース型|当日傾向型,False,メンバー構成型,0.3979244816066959,False,枠・コース型|メンバー構成型,0.7775212156752173,False,当日傾向型|枠・コース型|メンバー構成型,0.869167503224155,False,当日傾向型|レース構造型|枠・コース型|メンバー構成型,0.9262402218932545,False,当日傾向型|レース構造型|枠・コース型|メンバー構成型|騎手型,0.9110633808816971,False
2025,202508030407,0.6757848427904005,True,レース構造型|枠・コース型|メンバー構成型,枠・コース型,True,枠・コース型|当日傾向型,True,枠・コース型|当日傾向型|レース構造型,True,枠・コース型,0.6604593097645921,True,当日傾向型|枠・コース型,0.8370695236550224,True,当日傾向型|レース構造型|枠・コース型,0.8824759258294518,True,当日傾向型|レース構造型|枠・コース型|騎手型,0.9348346373817581,True,当日傾向型|レース構造型|枠・コース型|メンバー構成型|騎手型,0.9476830379219371,True,枠・コース型,True,枠・コース型|当日傾向型,True,枠・コース型|当日傾向型|メンバー構成型,True,枠・コース型,0.4643535827184461,True,当日傾向型|枠・コース型,0.7734598684726771,True,当日傾向型|枠・コース型|メンバー構成型,0.8938097091014966,True,当日傾向型|レース構造型|枠・コース型|騎手型,0.8788712672036911,True,当日傾向型|レース構造型|枠・コース型|メンバー構成型|騎手型,0.7041625882833568,True
2025,202503020811,0.6753636883937884,False,,当日傾向型,False,当日傾向型|枠・コース型,False,当日傾向型|枠・コース型|騎手型,False,当日傾向型,0.6078201834021851,False,当日傾向型|枠・コース型,0.7481086581309767,False,当日傾向型|枠・コース型|メンバー構成型,0.8823353719490122,False,当日傾向型|レース構造型|枠・コース型|騎手型,0.9415155689751121,False,当日傾向型|レース構造型|枠・コース型|メンバー構成型|騎手型,0.9517977601143364,False,当日傾向型,False,当日傾向型|枠・コース型,False,当日傾向型|枠・コース型|レース構造型,False,当日傾向型,0.4982411227174311,False,当日傾向型|枠・コース型,0.8136732351931725,False,当日傾向型|枠・コース型|メンバー構成型,0.9101473624096652,False,当日傾向型|レース構造型|枠・コース型|騎手型,0.9148734889929203,False,当日傾向型|レース構造型|枠・コース型|メンバー構成型|騎手型,0.902878460124745,False
2025,202504010310,0.6749414355856675,True,枠・コース型,当日傾向型,False,当日傾向型|レース構造型,False,当日傾向型|レース構造型|枠・コース型,True,当日傾向型,0.3880370806961388,False,当日傾向型|騎手型,0.6009921723283643,False,当日傾向型|レース構造型|メンバー構成型,0.7368198002191014,False,当日傾向型|レース構造型|枠・コース型|騎手型,0.7607053401977021,True,当日傾向型|レース構造型|枠・コース型|メンバー構成型|騎手型,0.7885310786986661,True,メンバー構成型,False,メンバー構成型|当日傾向型,False,メンバー構成型|当日傾向型|枠・コース型,True,メンバー構成型,0.4125202964145761,False,当日傾向型|メンバー構成型,0.7220052182103791,False,当日傾向型|枠・コース型|騎手型,0.8039995435356898,True,当日傾向型|レース構造型|枠・コース型|騎手型,0.9058853136530455,True,当日傾向型|レース構造型|枠・コース型|メンバー構成型|騎手型,0.9048739767381725,True
2025,202503030610,0.6747556695310689,False,,当日傾向型,False,当日傾向型|レース構造型,False,当日傾向型|レース構造型|枠・コース型,False,当日傾向型,0.5302810650390897,False,当日傾向型|レース構造型,0.7082775189867081,False,レース構造型|枠・コース型|メンバー構成型,0.8248813009678106,False,当日傾向型|レース構造型|枠・コース型|メンバー構成型,0.8362680400182062,False,当日傾向型|レース構造型|枠・コース型|メンバー構成型|騎手型,0.8392177378499955,False,レース構造型,False,レース構造型|当日傾向型,False,レース構造型|当日傾向型|枠・コース型,False,レース構造型,0.41753235836484975,False,レース構造型|メンバー構成型,0.7622839957705593,False,レース構造型|メンバー構成型|騎手型,0.8172949277108522,False,当日傾向型|レース構造型|枠・コース型|メンバー構成型,0.9012340177264454,False,当日傾向型|レース構造型|枠・コース型|メンバー構成型|騎手型,0.9302274467642156,False
2025,202504040211,0.6745479024482047,False,,当日傾向型,False,当日傾向型|枠・コース型,False,当日傾向型|枠・コース型|騎手型,False,当日傾向型,0.48938383932543056,False,当日傾向型|騎手型,0.7546380667574267,False,当日傾向型|枠・コース型|騎手型,0.8584003755104476,False,当日傾向型|枠・コース型|メンバー構成型|騎手型,0.9381339576156232,False,当日傾向型|レース構造型|枠・コース型|メンバー構成型|騎手型,0.9256477948120778,False,枠・コース型,False,枠・コース型|当日傾向型,False,枠・コース型|当日傾向型|メンバー構成型,False,枠・コース型,0.49848799151276374,False,当日傾向型|枠・コース型,0.7062096183781809,False,当日傾向型|枠・コース型|騎手型,0.8718961367040753,False,当日傾向型|レース構造型|枠・コース型|騎手型,0.8996892855129938,False,当日傾向型|レース構造型|枠・コース型|メンバー構成型|騎手型,0.883098751403223,False
2025,202508040411,0.6745123234360646,False,,レース構造型,False,レース構造型|枠・コース型,False,レース構造型|枠・コース型|当日傾向型,False,レース構造型,0.3865540918574895,False,レース構造型|メンバー構成型,0.5988423389114195,False,当日傾向型|枠・コース型|メンバー構成型,0.7474413428039085,False,当日傾向型|レース構造型|枠・コース型|メンバー構成型,0.827099525620036,False,当日傾向型|レース構造型|枠・コース型|メンバー構成型|騎手型,0.882138047198312,False,レース構造型,False,レース構造型|当日傾向型,False,レース構造型|当日傾向型|メンバー構成型,False,レース構造型,0.3967248724778424,False,当日傾向型|メンバー構成型,0.5180676710165449,False,当日傾向型|レース構造型|騎手型,0.7626834272002571,False,レース構造型|枠・コース型|メンバー構成型|騎手型,0.7732073892044175,False,当日傾向型|レース構造型|枠・コース型|メンバー構成型|騎手型,0.7696909475623596,False
2025,202508010105,0.6743126238907305,False,,レース構造型,False,レース構造型|メンバー構成型,False,レース構造型|メンバー構成型|当日傾向型,False,レース構造型,0.9808809360797058,False,当日傾向型|レース構造型,0.9828628405117273,False,レース構造型|枠・コース型|メンバー構成型,0.9867266895614966,False,当日傾向型|レース構造型|枠・コース型|メンバー構成型,0.989781980033997,False,当日傾向型|レース構造型|枠・コース型|メンバー構成型|騎手型,0.988281916730161,False,レース構造型,False,レース構造型|枠・コース型,False,レース構造型|枠・コース型|当日傾向型,False,レース構造型,0.9812178735745055,False,レース構造型|枠・コース型,0.9839639344427921,False,当日傾向型|レース構造型|騎手型,0.9858879730926625,False,当日傾向型|レース構造型|枠・コース型|メンバー構成型,0.9842367963030686,False,当日傾向型|レース構造型|枠・コース型|メンバー構成型|騎手型,0.9817532114074051,False
2025,202509010605,0.6739411358647684,True,,メンバー構成型,False,メンバー構成型|枠・コース型,False,メンバー構成型|枠・コース型|当日傾向型,False,メンバー構成型,0.48349317344760495,False,レース構造型|メンバー構成型,0.7486905389226347,False,レース構造型|枠・コース型|メンバー構成型,0.8627998742373522,False,レース構造型|枠・コース型|メンバー構成型|騎手型,0.9182667599394561,False,当日傾向型|レース構造型|枠・コース型|メンバー構成型|騎手型,0.9479341203853029,False,メンバー構成型,False,メンバー構成型|当日傾向型,False,メンバー構成型|当日傾向型|枠・コース型,False,メンバー構成型,0.543783386546255,False,枠・コース型|メンバー構成型,0.7814991732029428,False,当日傾向型|枠・コース型|メンバー構成型,0.9113379240688505,False,当日傾向型|枠・コース型|メンバー構成型|騎手型,0.9357082189626283,False,当日傾向型|レース構造型|枠・コース型|メンバー構成型|騎手型,0.8740910037902719,False
2025,202505010606,0.673209315417173,False,,枠・コース型,False,枠・コース型|メンバー構成型,False,枠・コース型|メンバー構成型|当日傾向型,False,枠・コース型,0.5767973502129191,False,当日傾向型|メンバー構成型,0.6639080247718151,False,レース構造型|メンバー構成型|騎手型,0.7737371811343704,False,当日傾向型|レース構造型|メンバー構成型|騎手型,0.8515408179336111,False,当日傾向型|レース構造型|枠・コース型|メンバー構成型|騎手型,0.811348525038936,False,メンバー構成型,False,メンバー構成型|当日傾向型,False,メンバー構成型|当日傾向型|レース構造型,False,メンバー構成型,0.4863498272539227,False,当日傾向型|メンバー構成型,0.7610989709889419,False,当日傾向型|レース構造型|メンバー構成型,0.8527281998154104,False,当日傾向型|レース構造型|枠・コース型|騎手型,0.8788498772110845,False,当日傾向型|レース構造型|枠・コース型|メンバー構成型|騎手型,0.723650336106553,False
2025,202509050506,0.6723091207127071,True,レース構造型,レース構造型,True,レース構造型|当日傾向型,True,レース構造型|当日傾向型|枠・コース型,True,レース構造型,0.9797613189472334,True,レース構造型|メンバー構成型,0.9873607843736676,True,レース構造型|枠・コース型|騎手型,0.9881794474838488,True,レース構造型|枠・コース型|メンバー構成型|騎手型,0.989124997955413,True,当日傾向型|レース構造型|枠・コース型|メンバー構成型|騎手型,0.9900424995420039,True,レース構造型,True,レース構造型|枠・コース型,True,レース構造型|枠・コース型|当日傾向型,True,レース構造型,0.9824047347871787,True,レース構造型|枠・コース型,0.986614367128672,True,レース構造型|枠・コース型|メンバー構成型,0.9868458740509978,True,当日傾向型|レース構造型|枠・コース型|メンバー構成型,0.9884554353528631,True,当日傾向型|レース構造型|枠・コース型|メンバー構成型|騎手型,0.9859208231901818,True
2025,202509040211,0.6722732144582333,False,,メンバー構成型,False,メンバー構成型|レース構造型,False,メンバー構成型|レース構造型|騎手型,False,メンバー構成型,0.4942796134095204,False,レース構造型|メンバー構成型,0.6127862504078745,False,当日傾向型|レース構造型|枠・コース型,0.7611950054971705,False,当日傾向型|レース構造型|枠・コース型|騎手型,0.8905596945618297,False,当日傾向型|レース構造型|枠・コース型|メンバー構成型|騎手型,0.8838024270036786,False,レース構造型,False,レース構造型|当日傾向型,False,レース構造型|当日傾向型|枠・コース型,False,レース構造型,0.3764837633013095,False,レース構造型|メンバー構成型,0.7075195114006079,False,レース構造型|枠・コース型|メンバー構成型,0.8497905248538107,False,当日傾向型|レース構造型|枠・コース型|メンバー構成型,0.8509809700082281,False,当日傾向型|レース構造型|枠・コース型|メンバー構成型|騎手型,0.873399935926517,False
2025,202504010710,0.6717691062525069,True,当日傾向型|レース構造型|騎手型,枠・コース型,False,枠・コース型|メンバー構成型,False,枠・コース型|メンバー構成型|レース構造型,True,枠・コース型,0.554330888400042,False,レース構造型|枠・コース型,0.7732350930094883,True,レース構造型|枠・コース型|メンバー構成型,0.8489331174354022,True,当日傾向型|レース構造型|枠・コース型|メンバー構成型,0.8870697006632597,True,当日傾向型|レース構造型|枠・コース型|メンバー構成型|騎手型,0.9090222685717929,True,枠・コース型,False,枠・コース型|レース構造型,True,枠・コース型|レース構造型|メンバー構成型,True,枠・コース型,0.6836228119773106,False,レース構造型|枠・コース型,0.8432881636140704,True,当日傾向型|レース構造型|枠・コース型,0.9189528207627082,True,当日傾向型|レース構造型|枠・コース型|騎手型,0.9394255809272427,True,当日傾向型|レース構造型|枠・コース型|メンバー構成型|騎手型,0.9419514003803365,True
2025,202505040212,0.6713648945294005,False,,当日傾向型,False,当日傾向型|枠・コース型,False,当日傾向型|枠・コース型|メンバー構成型,False,当日傾向型,0.5136090836569683,False,枠・コース型|メンバー構成型,0.7063513547233087,False,当日傾向型|メンバー構成型|騎手型,0.8814545874712373,False,当日傾向型|枠・コース型|メンバー構成型|騎手型,0.8761453066217503,False,当日傾向型|レース構造型|枠・コース型|メンバー構成型|騎手型,0.803797019770252,False,枠・コース型,False,枠・コース型|騎手型,False,枠・コース型|騎手型|メンバー構成型,False,枠・コース型,0.42988430732999366,False,当日傾向型|メンバー構成型,0.7681907865095285,False,当日傾向型|枠・コース型|メンバー構成型,0.8656527561028095,False,当日傾向型|枠・コース型|メンバー構成型|騎手型,0.9123149007332594,False,当日傾向型|レース構造型|枠・コース型|メンバー構成型|騎手型,0.8540517299018054,False
2025,202508020105,0.6710935653708979,True,,当日傾向型,False,当日傾向型|メンバー構成型,False,当日傾向型|メンバー構成型|枠・コース型,False,当日傾向型,0.37911512182813245,False,枠・コース型|メンバー構成型,0.6683420881941461,False,枠・コース型|メンバー構成型|騎手型,0.6822497016540608,False,レース構造型|枠・コース型|メンバー構成型|騎手型,0.6825609181926137,False,当日傾向型|レース構造型|枠・コース型|メンバー構成型|騎手型,0.5327594572765624,False,枠・コース型,False,枠・コース型|メンバー構成型,False,枠・コース型|メンバー構成型|レース構造型,False,枠・コース型,0.4087918781622299,False,レース構造型|枠・コース型,0.5199019724215723,False,当日傾向型|メンバー構成型|騎手型,0.5658786808348139,False,当日傾向型|枠・コース型|メンバー構成型|騎手型,0.6093382436745555,False,当日傾向型|レース構造型|枠・コース型|メンバー構成型|騎手型,0.570464738007498,False
2025,202509020703,0.6696977297301215,False,,レース構造型,False,レース構造型|メンバー構成型,False,レース構造型|メンバー構成型|当日傾向型,False,レース構造型,0.3679354198701695,False,枠・コース型|メンバー構成型,0.539053949124989,False,レース構造型|メンバー構成型|騎手型,0.6768168195915392,False,当日傾向型|レース構造型|枠・コース型|騎手型,0.7111694850573964,False,当日傾向型|レース構造型|枠・コース型|メンバー構成型|騎手型,0.6594636575496075,False,メンバー構成型,False,メンバー構成型|当日傾向型,False,メンバー構成型|当日傾向型|枠・コース型,False,メンバー構成型,0.5474113089910599,False,当日傾向型|レース構造型,0.7281876992314203,False,当日傾向型|枠・コース型|騎手型,0.8093189896473408,False,当日傾向型|レース構造型|枠・コース型|騎手型,0.853897033709916,False,当日傾向型|レース構造型|枠・コース型|メンバー構成型|騎手型,0.7878007472785976,False
2025,202507010112,0.6692671107415112,False,,レース構造型,False,レース構造型|当日傾向型,False,レース構造型|当日傾向型|枠・コース型,False,レース構造型,0.5803396944869829,False,当日傾向型|レース構造型,0.7832484314855376,False,当日傾向型|レース構造型|メンバー構成型,0.868561422337823,False,当日傾向型|レース構造型|メンバー構成型|騎手型,0.8673451518723658,False,当日傾向型|レース構造型|枠・コース型|メンバー構成型|騎手型,0.8515681084760538,False,メンバー構成型,False,メンバー構成型|当日傾向型,False,メンバー構成型|当日傾向型|枠・コース型,False,メンバー構成型,0.6397168807418927,False,レース構造型|メンバー構成型,0.8083066303649985,False,当日傾向型|レース構造型|枠・コース型,0.9332242027100736,False,当日傾向型|枠・コース型|メンバー構成型|騎手型,0.9484245030390245,False,当日傾向型|レース構造型|枠・コース型|メンバー構成型|騎手型,0.9659994120368728,False
2025,202505040704,0.6691093362038208,False,,レース構造型,False,レース構造型|枠・コース型,False,レース構造型|枠・コース型|当日傾向型,False,レース構造型,0.9833555841747811,False,レース構造型|メンバー構成型,0.9866006191676402,False,レース構造型|枠・コース型|騎手型,0.988470605272822,False,レース構造型|枠・コース型|メンバー構成型|騎手型,0.9898977611055879,False,当日傾向型|レース構造型|枠・コース型|メンバー構成型|騎手型,0.99122854976873,False,レース構造型,False,レース構造型|当日傾向型,False,レース構造型|当日傾向型|枠・コース型,False,レース構造型,0.9825463251556779,False,レース構造型|枠・コース型,0.9850513912098169,False,当日傾向型|レース構造型|メンバー構成型,0.9881974900197403,False,レース構造型|枠・コース型|メンバー構成型|騎手型,0.9905953480804872,False,当日傾向型|レース構造型|枠・コース型|メンバー構成型|騎手型,0.9895569815722807,False
2025,202507010210,0.6690605756262261,True,当日傾向型|レース構造型|枠・コース型|騎手型,枠・コース型,True,枠・コース型|当日傾向型,True,枠・コース型|当日傾向型|メンバー構成型,True,枠・コース型,0.44197378574529467,True,枠・コース型|メンバー構成型,0.712896545070001,True,枠・コース型|メンバー構成型|騎手型,0.7409528404198502,True,当日傾向型|レース構造型|メンバー構成型|騎手型,0.6693151617784246,True,当日傾向型|レース構造型|枠・コース型|メンバー構成型|騎手型,0.6545707147555583,True,メンバー構成型,False,メンバー構成型|枠・コース型,True,メンバー構成型|枠・コース型|当日傾向型,True,メンバー構成型,0.32990765582592596,False,レース構造型|メンバー構成型,0.58322852067554,True,レース構造型|メンバー構成型|騎手型,0.7459275984489935,True,当日傾向型|レース構造型|メンバー構成型|騎手型,0.7993032554540549,True,当日傾向型|レース構造型|枠・コース型|メンバー構成型|騎手型,0.7964717647844569,True
2025,202507010211,0.6687602742336546,False,,レース構造型,False,レース構造型|枠・コース型,False,レース構造型|枠・コース型|当日傾向型,False,レース構造型,0.3808575836943373,False,レース構造型|メンバー構成型,0.6936820315156471,False,当日傾向型|レース構造型|メンバー構成型,0.8210838076338532,False,当日傾向型|レース構造型|メンバー構成型|騎手型,0.8115877112106278,False,当日傾向型|レース構造型|枠・コース型|メンバー構成型|騎手型,0.7998816743444621,False,メンバー構成型,False,メンバー構成型|レース構造型,False,メンバー構成型|レース構造型|枠・コース型,False,メンバー構成型,0.3435916458829184,False,レース構造型|メンバー構成型,0.6325574010153838,False,当日傾向型|枠・コース型|メンバー構成型,0.7226830539027066,False,当日傾向型|レース構造型|メンバー構成型|騎手型,0.7511354338122045,False,当日傾向型|レース構造型|枠・コース型|メンバー構成型|騎手型,0.7006300269248338,False
2025,202507050101,0.6684624969966909,False,,メンバー構成型,False,メンバー構成型|騎手型,False,メンバー構成型|騎手型|レース構造型,False,メンバー構成型,0.48681207261823733,False,メンバー構成型|騎手型,0.6963239519545618,False,当日傾向型|レース構造型|枠・コース型,0.8534606788612334,False,当日傾向型|レース構造型|枠・コース型|騎手型,0.9294778019621673,False,当日傾向型|レース構造型|枠・コース型|メンバー構成型|騎手型,0.9133943104877799,False,当日傾向型,False,当日傾向型|メンバー構成型,False,当日傾向型|メンバー構成型|騎手型,False,当日傾向型,0.3645002631151917,False,メンバー構成型|騎手型,0.6599475419966541,False,レース構造型|枠・コース型|メンバー構成型,0.8293319638568054,False,レース構造型|枠・コース型|メンバー構成型|騎手型,0.8761591603310595,False,当日傾向型|レース構造型|枠・コース型|メンバー構成型|騎手型,0.8309611603309349,False
2025,202506050309,0.6679676287474817,True,当日傾向型|レース構造型|枠・コース型,騎手型,False,騎手型|レース構造型,True,騎手型|レース構造型|メンバー構成型,True,騎手型,0.38476172701169387,False,枠・コース型|メンバー構成型,0.6695723996630611,True,レース構造型|メンバー構成型|騎手型,0.8552711901728809,True,当日傾向型|枠・コース型|メンバー構成型|騎手型,0.8376653429265426,True,当日傾向型|レース構造型|枠・コース型|メンバー構成型|騎手型,0.8874319720870666,True,当日傾向型,True,当日傾向型|レース構造型,True,当日傾向型|レース構造型|メンバー構成型,True,当日傾向型,0.4407382112459198,True,枠・コース型|メンバー構成型,0.7676597675269593,True,当日傾向型|レース構造型|メンバー構成型,0.8694970175683272,True,当日傾向型|レース構造型|メンバー構成型|騎手型,0.9040908877941612,True,当日傾向型|レース構造型|枠・コース型|メンバー構成型|騎手型,0.7872518904635524,True
2025,202509040905,0.6667494120874946,True,レース構造型,レース構造型,True,レース構造型|メンバー構成型,True,レース構造型|メンバー構成型|枠・コース型,True,レース構造型,0.9817723708423151,True,レース構造型|枠・コース型,0.9826501077841463,True,レース構造型|枠・コース型|騎手型,0.9871303711501878,True,当日傾向型|レース構造型|枠・コース型|メンバー構成型,0.9895578288040927,True,当日傾向型|レース構造型|枠・コース型|メンバー構成型|騎手型,0.9903940830068247,True,レース構造型,True,レース構造型|当日傾向型,True,レース構造型|当日傾向型|メンバー構成型,True,レース構造型,0.9810545605187196,True,レース構造型|騎手型,0.9807251797234854,True,レース構造型|枠・コース型|メンバー構成型,0.9848340262402692,True,レース構造型|枠・コース型|メンバー構成型|騎手型,0.9823625597240656,True,当日傾向型|レース構造型|枠・コース型|メンバー構成型|騎手型,0.9679501024096745,True
2025,202504020805,0.6664611481467326,False,,当日傾向型,False,当日傾向型|枠・コース型,False,当日傾向型|枠・コース型|レース構造型,False,当日傾向型,0.5116044816872009,False,当日傾向型|レース構造型,0.7961725490027797,False,レース構造型|枠・コース型|メンバー構成型,0.8456802962660067,False,当日傾向型|レース構造型|枠・コース型|メンバー構成型,0.9160434307097014,False,当日傾向型|レース構造型|枠・コース型|メンバー構成型|騎手型,0.9191643711362054,False,当日傾向型,False,当日傾向型|レース構造型,False,当日傾向型|レース構造型|枠・コース型,False,当日傾向型,0.4115938398880877,False,当日傾向型|枠・コース型,0.7052489762110992,False,当日傾向型|枠・コース型|騎手型,0.8275357071009515,False,当日傾向型|レース構造型|枠・コース型|メンバー構成型,0.8997927520062525,False,当日傾向型|レース構造型|枠・コース型|メンバー構成型|騎手型,0.95576171493002,False
2025,202509050610,0.6663864688741644,False,,メンバー構成型,False,メンバー構成型|枠・コース型,False,メンバー構成型|枠・コース型|当日傾向型,False,メンバー構成型,0.4417569377814567,False,枠・コース型|メンバー構成型,0.7318080100343556,False,当日傾向型|枠・コース型|メンバー構成型,0.8210410745319529,False,当日傾向型|レース構造型|枠・コース型|メンバー構成型,0.8810587214469771,False,当日傾向型|レース構造型|枠・コース型|メンバー構成型|騎手型,0.8158933630337816,False,枠・コース型,False,枠・コース型|メンバー構成型,False,枠・コース型|メンバー構成型|当日傾向型,False,枠・コース型,0.4534616919385705,False,枠・コース型|メンバー構成型,0.6896334445400096,False,当日傾向型|レース構造型|メンバー構成型,0.7807399243462825,False,当日傾向型|レース構造型|枠・コース型|騎手型,0.8723745554301333,False,当日傾向型|レース構造型|枠・コース型|メンバー構成型|騎手型,0.927261077364055,False
2025,202503030112,0.6662980545233652,False,,枠・コース型,False,枠・コース型|メンバー構成型,False,枠・コース型|メンバー構成型|騎手型,False,枠・コース型,0.5091961558692603,False,枠・コース型|メンバー構成型,0.7048229650388871,False,当日傾向型|枠・コース型|メンバー構成型,0.8521840758286631,False,当日傾向型|枠・コース型|メンバー構成型|騎手型,0.7786197079438372,False,当日傾向型|レース構造型|枠・コース型|メンバー構成型|騎手型,0.7780769597439448,False,枠・コース型,False,枠・コース型|レース構造型,False,枠・コース型|レース構造型|メンバー構成型,False,枠・コース型,0.5830358305871699,False,当日傾向型|レース構造型,0.7458400917945268,False,レース構造型|枠・コース型|騎手型,0.8546512488423569,False,当日傾向型|枠・コース型|メンバー構成型|騎手型,0.8649293202322809,False,当日傾向型|レース構造型|枠・コース型|メンバー構成型|騎手型,0.8467529287739463,False
2025,202509040411,0.6661862198056161,False,,レース構造型,False,レース構造型|枠・コース型,False,レース構造型|枠・コース型|当日傾向型,False,レース構造型,0.6061434159978983,False,レース構造型|枠・コース型,0.7508482144814513,False,レース構造型|枠・コース型|騎手型,0.9076917488745512,False,当日傾向型|レース構造型|枠・コース型|騎手型,0.9409483184083763,False,当日傾向型|レース構造型|枠・コース型|メンバー構成型|騎手型,0.9421329000599475,False,レース構造型,False,レース構造型|当日傾向型,False,レース構造型|当日傾向型|枠・コース型,False,レース構造型,0.6567302034591186,False,レース構造型|枠・コース型,0.8359486701115704,False,レース構造型|枠・コース型|メンバー構成型,0.8648622251357413,False,当日傾向型|レース構造型|枠・コース型|メンバー構成型,0.9221116398218314,False,当日傾向型|レース構造型|枠・コース型|メンバー構成型|騎手型,0.9650883271743473,False
2025,202510020812,0.6660516985567695,False,,当日傾向型,False,当日傾向型|枠・コース型,False,当日傾向型|枠・コース型|騎手型,False,当日傾向型,0.3238273381340686,False,レース構造型|枠・コース型,0.6072544560599075,False,当日傾向型|枠・コース型|メンバー構成型,0.7512745873266916,False,当日傾向型|レース構造型|枠・コース型|メンバー構成型,0.8623719412722778,False,当日傾向型|レース構造型|枠・コース型|メンバー構成型|騎手型,0.8516356042536097,False,当日傾向型,False,当日傾向型|枠・コース型,False,当日傾向型|枠・コース型|レース構造型,False,当日傾向型,0.4661544111651728,False,枠・コース型|メンバー構成型,0.6596776808163297,False,当日傾向型|枠・コース型|メンバー構成型,0.7694261117521205,False,当日傾向型|枠・コース型|メンバー構成型|騎手型,0.827970630992068,False,当日傾向型|レース構造型|枠・コース型|メンバー構成型|騎手型,0.7993563617390372,False
2025,202506010110,0.6658495067556293,False,,当日傾向型,False,当日傾向型|レース構造型,False,当日傾向型|レース構造型|メンバー構成型,False,当日傾向型,0.4717989650955379,False,当日傾向型|レース構造型,0.7644440560040814,False,当日傾向型|レース構造型|メンバー構成型,0.8824713630059251,False,当日傾向型|レース構造型|枠・コース型|メンバー構成型,0.8872389690858771,False,当日傾向型|レース構造型|枠・コース型|メンバー構成型|騎手型,0.9180051081519944,False,レース構造型,False,レース構造型|メンバー構成型,False,レース構造型|メンバー構成型|当日傾向型,False,レース構造型,0.6167490716423297,False,当日傾向型|レース構造型,0.8193608236031994,False,当日傾向型|レース構造型|メンバー構成型,0.9036850264199452,False,レース構造型|枠・コース型|メンバー構成型|騎手型,0.913547084128493,False,当日傾向型|レース構造型|枠・コース型|メンバー構成型|騎手型,0.9489218679360113,False
2025,202509020107,0.6654876387744556,False,,枠・コース型,False,枠・コース型|当日傾向型,False,枠・コース型|当日傾向型|レース構造型,False,枠・コース型,0.39351592591963264,False,当日傾向型|枠・コース型,0.5981670980458241,False,当日傾向型|枠・コース型|メンバー構成型,0.7080606007500151,False,当日傾向型|レース構造型|枠・コース型|騎手型,0.7956135066251914,False,当日傾向型|レース構造型|枠・コース型|メンバー構成型|騎手型,0.7876310538249407,False,メンバー構成型,False,メンバー構成型|枠・コース型,False,メンバー構成型|枠・コース型|レース構造型,False,メンバー構成型,0.6067056520087623,False,メンバー構成型|騎手型,0.7833537508300201,False,枠・コース型|メンバー構成型|騎手型,0.8865183734369566,False,当日傾向型|レース構造型|メンバー構成型|騎手型,0.9207748474846984,False,当日傾向型|レース構造型|枠・コース型|メンバー構成型|騎手型,0.9174494809662366,False
2025,202506040407,0.6650893299680969,False,,メンバー構成型,False,メンバー構成型|レース構造型,False,メンバー構成型|レース構造型|当日傾向型,False,メンバー構成型,0.49264350819498626,False,当日傾向型|レース構造型,0.6516843676039424,False,当日傾向型|メンバー構成型|騎手型,0.6141381326967739,False,当日傾向型|枠・コース型|メンバー構成型|騎手型,0.6079525005363102,False,当日傾向型|レース構造型|枠・コース型|メンバー構成型|騎手型,0.47043028499890316,False,レース構造型,False,レース構造型|当日傾向型,False,レース構造型|当日傾向型|メンバー構成型,False,レース構造型,0.536838681484889,False,当日傾向型|メンバー構成型,0.6590075537207423,False,当日傾向型|レース構造型|メンバー構成型,0.8449724734917459,False,当日傾向型|枠・コース型|メンバー構成型|騎手型,0.8118266736561062,False,当日傾向型|レース構造型|枠・コース型|メンバー構成型|騎手型,0.8118076062490137,False
2025,202509010205,0.6650593986685948,False,,レース構造型,False,レース構造型|当日傾向型,False,レース構造型|当日傾向型|枠・コース型,False,レース構造型,0.31870214818418624,False,メンバー構成型|騎手型,0.6066868723319567,False,レース構造型|メンバー構成型|騎手型,0.738402554009386,False,レース構造型|枠・コース型|メンバー構成型|騎手型,0.8489242057132901,False,当日傾向型|レース構造型|枠・コース型|メンバー構成型|騎手型,0.8134719052444729,False,メンバー構成型,False,メンバー構成型|レース構造型,False,メンバー構成型|レース構造型|当日傾向型,False,メンバー構成型,0.5173104003270476,False,枠・コース型|メンバー構成型,0.49437244456479484,False,レース構造型|メンバー構成型|騎手型,0.633879136385747,False,当日傾向型|レース構造型|枠・コース型|騎手型,0.7523701353408252,False,当日傾向型|レース構造型|枠・コース型|メンバー構成型|騎手型,0.8075382419460303,False
2025,202509050806,0.6646302655730161,False,,レース構造型,False,レース構造型|当日傾向型,False,レース構造型|当日傾向型|メンバー構成型,False,レース構造型,0.9804938136506676,False,レース構造型|枠・コース型,0.9843496507936487,False,当日傾向型|レース構造型|枠・コース型,0.9874684342899631,False,当日傾向型|レース構造型|枠・コース型|騎手型,0.9891348124951773,False,当日傾向型|レース構造型|枠・コース型|メンバー構成型|騎手型,0.9898950445312678,False,レース構造型,False,レース構造型|当日傾向型,False,レース構造型|当日傾向型|枠・コース型,False,レース構造型,0.9805773544148314,False,レース構造型|枠・コース型,0.9782712467267209,False,レース構造型|枠・コース型|メンバー構成型,0.9839424618162271,False,当日傾向型|レース構造型|メンバー構成型|騎手型,0.9826599812086537,False,当日傾向型|レース構造型|枠・コース型|メンバー構成型|騎手型,0.9800846733152349,False
2025,202506040607,0.664045719812688,True,当日傾向型|レース構造型|メンバー構成型,枠・コース型,False,枠・コース型|メンバー構成型,True,枠・コース型|メンバー構成型|当日傾向型,True,枠・コース型,0.5117235219368698,False,レース構造型|枠・コース型,0.6146728538830998,True,当日傾向型|レース構造型|枠・コース型,0.8306500052076903,True,当日傾向型|枠・コース型|メンバー構成型|騎手型,0.7087991490757234,True,当日傾向型|レース構造型|枠・コース型|メンバー構成型|騎手型,0.7550492482372408,True,枠・コース型,False,枠・コース型|当日傾向型,True,枠・コース型|当日傾向型|メンバー構成型,True,枠・コース型,0.4224291666338961,False,枠・コース型|メンバー構成型,0.7237735765308047,True,レース構造型|枠・コース型|メンバー構成型,0.8866298352117531,True,レース構造型|枠・コース型|メンバー構成型|騎手型,0.919514932931099,True,当日傾向型|レース構造型|枠・コース型|メンバー構成型|騎手型,0.9396784952520005,True
2025,202507030805,0.6639549831107803,True,当日傾向型|枠・コース型|メンバー構成型|騎手型,当日傾向型,True,当日傾向型|レース構造型,True,当日傾向型|レース構造型|メンバー構成型,True,当日傾向型,0.46939791230700767,True,レース構造型|枠・コース型,0.7346037525331418,True,当日傾向型|枠・コース型|メンバー構成型,0.8164978206910627,True,当日傾向型|レース構造型|枠・コース型|メンバー構成型,0.853443446236005,True,当日傾向型|レース構造型|枠・コース型|メンバー構成型|騎手型,0.7989616585377958,True,メンバー構成型,True,メンバー構成型|当日傾向型,True,メンバー構成型|当日傾向型|レース構造型,True,メンバー構成型,0.5804243565620728,True,レース構造型|メンバー構成型,0.838118076103238,True,当日傾向型|メンバー構成型|騎手型,0.8474389912357524,True,当日傾向型|枠・コース型|メンバー構成型|騎手型,0.9008678974265222,True,当日傾向型|レース構造型|枠・コース型|メンバー構成型|騎手型,0.8919058297005402,True
2025,202505040905,0.6637754102071725,False,,レース構造型,False,レース構造型|当日傾向型,False,レース構造型|当日傾向型|メンバー構成型,False,レース構造型,0.9827156203950639,False,レース構造型|メンバー構成型,0.9857703597742016,False,当日傾向型|レース構造型|メンバー構成型,0.9891074714730131,False,当日傾向型|レース構造型|メンバー構成型|騎手型,0.9892591245354136,False,当日傾向型|レース構造型|枠・コース型|メンバー構成型|騎手型,0.9916671135271207,False,レース構造型,False,レース構造型|枠・コース型,False,レース構造型|枠・コース型|当日傾向型,False,レース構造型,0.9833867638914776,False,レース構造型|メンバー構成型,0.9812745248728459,False,レース構造型|枠・コース型|メンバー構成型,0.9845273799432137,False,当日傾向型|レース構造型|メンバー構成型|騎手型,0.9833380228462609,False,当日傾向型|レース構造型|枠・コース型|メンバー構成型|騎手型,0.9717639170611928,False
2025,202506040906,0.6637705884279442,False,,枠・コース型,False,枠・コース型|メンバー構成型,False,枠・コース型|メンバー構成型|レース構造型,False,枠・コース型,0.43541394744685685,False,枠・コース型|メンバー構成型,0.7623139659981454,False,レース構造型|枠・コース型|騎手型,0.7871451558702595,False,当日傾向型|レース構造型|枠・コース型|メンバー構成型,0.8661228412310187,False,当日傾向型|レース構造型|枠・コース型|メンバー構成型|騎手型,0.7984404044755672,False,枠・コース型,False,枠・コース型|当日傾向型,False,枠・コース型|当日傾向型|メンバー構成型,False,枠・コース型,0.3510336601855965,False,当日傾向型|メンバー構成型,0.6833967612135524,False,当日傾向型|メンバー構成型|騎手型,0.8155829239055474,False,当日傾向型|枠・コース型|メンバー構成型|騎手型,0.7753515148134804,False,当日傾向型|レース構造型|枠・コース型|メンバー構成型|騎手型,0.7557059719901414,False
2025,202506010805,0.6635757886391195,False,,レース構造型,False,レース構造型|当日傾向型,False,レース構造型|当日傾向型|メンバー構成型,False,レース構造型,0.9840955385977505,False,レース構造型|枠・コース型,0.9837327026576549,False,レース構造型|枠・コース型|メンバー構成型,0.9861760800346934,False,レース構造型|枠・コース型|メンバー構成型|騎手型,0.9890995893595722,False,当日傾向型|レース構造型|枠・コース型|メンバー構成型|騎手型,0.9888650966797476,False,レース構造型,False,レース構造型|当日傾向型,False,レース構造型|当日傾向型|メンバー構成型,False,レース構造型,0.9804267212196784,False,当日傾向型|レース構造型,0.9808633942256793,False,レース構造型|枠・コース型|メンバー構成型,0.9816362096848981,False,当日傾向型|レース構造型|メンバー構成型|騎手型,0.988554605019166,False,当日傾向型|レース構造型|枠・コース型|メンバー構成型|騎手型,0.9758303575075036,False
2025,202505040705,0.6635678644355653,False,,レース構造型,False,レース構造型|メンバー構成型,False,レース構造型|メンバー構成型|枠・コース型,False,レース構造型,0.9832945667238258,False,レース構造型|枠・コース型,0.9841469129729309,False,当日傾向型|レース構造型|騎手型,0.9873539362071067,False,レース構造型|枠・コース型|メンバー構成型|騎手型,0.9872849302495922,False,当日傾向型|レース構造型|枠・コース型|メンバー構成型|騎手型,0.9872494955859091,False,レース構造型,False,レース構造型|メンバー構成型,False,レース構造型|メンバー構成型|当日傾向型,False,レース構造型,0.9816177866760193,False,レース構造型|枠・コース型,0.9843687226955418,False,レース構造型|枠・コース型|メンバー構成型,0.9843992526046206,False,当日傾向型|レース構造型|メンバー構成型|騎手型,0.9837133440172559,False,当日傾向型|レース構造型|枠・コース型|メンバー構成型|騎手型,0.9804227885682777,False
2025,202504020207,0.6633282952523394,False,,枠・コース型,False,枠・コース型|当日傾向型,False,枠・コース型|当日傾向型|メンバー構成型,False,枠・コース型,0.3186837084980676,False,当日傾向型|メンバー構成型,0.6930249596240646,False,当日傾向型|枠・コース型|メンバー構成型,0.8312207403163441,False,当日傾向型|レース構造型|枠・コース型|騎手型,0.8582802087150863,False,当日傾向型|レース構造型|枠・コース型|メンバー構成型|騎手型,0.8710149756050283,False,当日傾向型,False,当日傾向型|レース構造型,False,当日傾向型|レース構造型|枠・コース型,False,当日傾向型,0.5650388249580763,False,当日傾向型|メンバー構成型,0.7373605726370535,False,レース構造型|枠・コース型|メンバー構成型,0.7851503119067983,False,当日傾向型|レース構造型|枠・コース型|メンバー構成型,0.8510146843554295,False,当日傾向型|レース構造型|枠・コース型|メンバー構成型|騎手型,0.8842604237168091,False
2025,202507010605,0.6632440529887274,False,,当日傾向型,False,当日傾向型|レース構造型,False,当日傾向型|レース構造型|メンバー構成型,False,当日傾向型,0.5476685991803559,False,当日傾向型|メンバー構成型,0.6539077365628944,False,枠・コース型|メンバー構成型|騎手型,0.7980118754234313,False,当日傾向型|枠・コース型|メンバー構成型|騎手型,0.9114145616153586,False,当日傾向型|レース構造型|枠・コース型|メンバー構成型|騎手型,0.8796782849568017,False,メンバー構成型,False,メンバー構成型|当日傾向型,False,メンバー構成型|当日傾向型|レース構造型,False,メンバー構成型,0.5966232447965452,False,レース構造型|メンバー構成型,0.7089909005038704,False,当日傾向型|レース構造型|メンバー構成型,0.8511221134883084,False,当日傾向型|レース構造型|枠・コース型|メンバー構成型,0.9435095946702026,False,当日傾向型|レース構造型|枠・コース型|メンバー構成型|騎手型,0.9348468422854457,False
2025,202510010111,0.6630393000064341,False,,レース構造型,False,レース構造型|枠・コース型,False,レース構造型|枠・コース型|当日傾向型,False,レース構造型,0.4555584460043611,False,レース構造型|枠・コース型,0.7661007636860465,False,当日傾向型|レース構造型|枠・コース型,0.8262839672208442,False,レース構造型|枠・コース型|メンバー構成型|騎手型,0.8602662939005884,False,当日傾向型|レース構造型|枠・コース型|メンバー構成型|騎手型,0.8383167998167316,False,当日傾向型,False,当日傾向型|レース構造型,False,当日傾向型|レース構造型|枠・コース型,False,当日傾向型,0.4974462877795447,False,当日傾向型|枠・コース型,0.7292585334013068,False,当日傾向型|枠・コース型|メンバー構成型,0.8659840654141401,False,当日傾向型|枠・コース型|メンバー構成型|騎手型,0.9372904709773348,False,当日傾向型|レース構造型|枠・コース型|メンバー構成型|騎手型,0.9073525711330301,False
2025,202508030512,0.6629473764651888,False,,レース構造型,False,レース構造型|メンバー構成型,False,レース構造型|メンバー構成型|当日傾向型,False,レース構造型,0.41904238008063704,False,枠・コース型|メンバー構成型,0.7121661609519034,False,レース構造型|枠・コース型|メンバー構成型,0.8888509096141718,False,当日傾向型|レース構造型|枠・コース型|メンバー構成型,0.9357019290866659,False,当日傾向型|レース構造型|枠・コース型|メンバー構成型|騎手型,0.9075714595882112,False,当日傾向型,False,当日傾向型|枠・コース型,False,当日傾向型|枠・コース型|メンバー構成型,False,当日傾向型,0.5138267527359318,False,当日傾向型|枠・コース型,0.7922292967298892,False,当日傾向型|レース構造型|枠・コース型,0.85174251531063,False,当日傾向型|レース構造型|枠・コース型|騎手型,0.959496855721742,False,当日傾向型|レース構造型|枠・コース型|メンバー構成型|騎手型,0.891642714755963,False
2025,202502010510,0.6625084410398991,False,,枠・コース型,False,枠・コース型|当日傾向型,False,枠・コース型|当日傾向型|レース構造型,False,枠・コース型,0.4305837363468553,False,レース構造型|枠・コース型,0.7459468515192383,False,レース構造型|枠・コース型|騎手型,0.8112836041126551,False,当日傾向型|レース構造型|枠・コース型|メンバー構成型,0.867115482619161,False,当日傾向型|レース構造型|枠・コース型|メンバー構成型|騎手型,0.9116937075685467,False,レース構造型,False,レース構造型|当日傾向型,False,レース構造型|当日傾向型|枠・コース型,False,レース構造型,0.401750471125527,False,レース構造型|枠・コース型,0.6633231091417826,False,レース構造型|枠・コース型|騎手型,0.7556771570793089,False,当日傾向型|枠・コース型|メンバー構成型|騎手型,0.8298841814109118,False,当日傾向型|レース構造型|枠・コース型|メンバー構成型|騎手型,0.6984371270845247,False
2025,202507020111,0.6623729265899403,False,,レース構造型,False,レース構造型|当日傾向型,False,レース構造型|当日傾向型|メンバー構成型,False,レース構造型,0.4923870919883473,False,当日傾向型|メンバー構成型,0.7687054537411896,False,当日傾向型|レース構造型|メンバー構成型,0.7562530777104742,False,当日傾向型|枠・コース型|メンバー構成型|騎手型,0.9034555626844375,False,当日傾向型|レース構造型|枠・コース型|メンバー構成型|騎手型,0.865902507272068,False,メンバー構成型,False,メンバー構成型|枠・コース型,False,メンバー構成型|枠・コース型|レース構造型,False,メンバー構成型,0.6261178461980984,False,レース構造型|メンバー構成型,0.8284720755477094,False,当日傾向型|枠・コース型|メンバー構成型,0.8827928371475209,False,当日傾向型|レース構造型|枠・コース型|メンバー構成型,0.8967484856780119,False,当日傾向型|レース構造型|枠・コース型|メンバー構成型|騎手型,0.8467611855779849,False
2025,202510010601,0.6618517681372317,False,,騎手型,False,騎手型|枠・コース型,False,騎手型|枠・コース型|レース構造型,False,騎手型,0.5577872974359641,False,レース構造型|騎手型,0.6962713743198222,False,レース構造型|枠・コース型|騎手型,0.7898641134095726,False,当日傾向型|レース構造型|枠・コース型|メンバー構成型,0.8265869291160728,False,当日傾向型|レース構造型|枠・コース型|メンバー構成型|騎手型,0.6949436612474531,False,当日傾向型,False,当日傾向型|騎手型,False,当日傾向型|騎手型|メンバー構成型,False,当日傾向型,0.36897428534553944,False,当日傾向型|メンバー構成型,0.6082996100379231,False,当日傾向型|枠・コース型|騎手型,0.7954459296781152,False,当日傾向型|枠・コース型|メンバー構成型|騎手型,0.8450353038882505,False,当日傾向型|レース構造型|枠・コース型|メンバー構成型|騎手型,0.7365547719170303,False
2025,202501020510,0.6610644591403741,False,,当日傾向型,False,当日傾向型|枠・コース型,False,当日傾向型|枠・コース型|レース構造型,False,当日傾向型,0.5928958085364872,False,当日傾向型|枠・コース型,0.8221884967959928,False,当日傾向型|枠・コース型|メンバー構成型,0.8795749385424417,False,当日傾向型|枠・コース型|メンバー構成型|騎手型,0.9023673093680039,False,当日傾向型|レース構造型|枠・コース型|メンバー構成型|騎手型,0.896167637436124,False,当日傾向型,False,当日傾向型|レース構造型,False,当日傾向型|レース構造型|メンバー構成型,False,当日傾向型,0.5186969618396393,False,当日傾向型|メンバー構成型,0.6585148657206824,False,レース構造型|枠・コース型|メンバー構成型,0.7779526266525637,False,当日傾向型|レース構造型|枠・コース型|メンバー構成型,0.8851467610971909,False,当日傾向型|レース構造型|枠・コース型|メンバー構成型|騎手型,0.8868440474090973,False
2025,202504020612,0.6609862477129321,False,,レース構造型,False,レース構造型|枠・コース型,False,レース構造型|枠・コース型|当日傾向型,False,レース構造型,0.49615460096625985,False,当日傾向型|レース構造型,0.740859701928815,False,当日傾向型|レース構造型|メンバー構成型,0.8270001121855886,False,当日傾向型|レース構造型|枠・コース型|メンバー構成型,0.8824040190899095,False,当日傾向型|レース構造型|枠・コース型|メンバー構成型|騎手型,0.9020489111277054,False,当日傾向型,False,当日傾向型|メンバー構成型,False,当日傾向型|メンバー構成型|レース構造型,False,当日傾向型,0.4364905721325154,False,レース構造型|枠・コース型,0.6792675381907133,False,当日傾向型|レース構造型|メンバー構成型,0.8099605265433397,False,当日傾向型|レース構造型|枠・コース型|騎手型,0.8262587579118744,False,当日傾向型|レース構造型|枠・コース型|メンバー構成型|騎手型,0.7730093990842271,False
2025,202509020109,0.6609192367047597,False,,メンバー構成型,False,メンバー構成型|枠・コース型,False,メンバー構成型|枠・コース型|レース構造型,False,メンバー構成型,0.4450819182165971,False,枠・コース型|メンバー構成型,0.795941300562912,False,枠・コース型|メンバー構成型|騎手型,0.8939596448829253,False,レース構造型|枠・コース型|メンバー構成型|騎手型,0.919044277618799,False,当日傾向型|レース構造型|枠・コース型|メンバー構成型|騎手型,0.9055754376316897,False,メンバー構成型,False,メンバー構成型|当日傾向型,False,メンバー構成型|当日傾向型|レース構造型,False,メンバー構成型,0.5512602680454847,False,メンバー構成型|騎手型,0.7325374374861346,False,枠・コース型|メンバー構成型|騎手型,0.8584626180990609,False,レース構造型|枠・コース型|メンバー構成型|騎手型,0.9232327692285102,False,当日傾向型|レース構造型|枠・コース型|メンバー構成型|騎手型,0.8975449199818799,False
2025,202507050208,0.6607876669783188,False,,枠・コース型,False,枠・コース型|当日傾向型,False,枠・コース型|当日傾向型|メンバー構成型,False,枠・コース型,0.3791235447172071,False,枠・コース型|メンバー構成型,0.6730863144625099,False,当日傾向型|レース構造型|枠・コース型,0.8245671948326921,False,当日傾向型|レース構造型|枠・コース型|メンバー構成型,0.841724590751138,False,当日傾向型|レース構造型|枠・コース型|メンバー構成型|騎手型,0.8758166101055802,False,枠・コース型,False,枠・コース型|当日傾向型,False,枠・コース型|当日傾向型|メンバー構成型,False,枠・コース型,0.4299038986051972,False,当日傾向型|メンバー構成型,0.7410595202817368,False,レース構造型|枠・コース型|メンバー構成型,0.8563195790392856,False,当日傾向型|レース構造型|枠・コース型|メンバー構成型,0.891313092543844,False,当日傾向型|レース構造型|枠・コース型|メンバー構成型|騎手型,0.9059776592519283,False
2025,202505020411,0.6607282379139617,False,,メンバー構成型,False,メンバー構成型|レース構造型,False,メンバー構成型|レース構造型|当日傾向型,False,メンバー構成型,0.5368535053200455,False,メンバー構成型|騎手型,0.7196062651058734,False,当日傾向型|メンバー構成型|騎手型,0.8204343716643178,False,当日傾向型|レース構造型|メンバー構成型|騎手型,0.862372893190376,False,当日傾向型|レース構造型|枠・コース型|メンバー構成型|騎手型,0.8039742837228643,False,レース構造型,False,レース構造型|メンバー構成型,False,レース構造型|メンバー構成型|当日傾向型,False,レース構造型,0.5317212158668565,False,当日傾向型|メンバー構成型,0.7590913610297116,False,当日傾向型|レース構造型|騎手型,0.8586584382256433,False,当日傾向型|枠・コース型|メンバー構成型|騎手型,0.8874934316491238,False,当日傾向型|レース構造型|枠・コース型|メンバー構成型|騎手型,0.9007588587351119,False
2025,202508010405,0.6606598904145313,False,,レース構造型,False,レース構造型|枠・コース型,False,レース構造型|枠・コース型|当日傾向型,False,レース構造型,0.9833074031789082,False,レース構造型|枠・コース型,0.9848424105059572,False,当日傾向型|レース構造型|騎手型,0.9881622546886972,False,レース構造型|枠・コース型|メンバー構成型|騎手型,0.9878076877697755,False,当日傾向型|レース構造型|枠・コース型|メンバー構成型|騎手型,0.9888526679842512,False,レース構造型,False,レース構造型|メンバー構成型,False,レース構造型|メンバー構成型|枠・コース型,False,レース構造型,0.9761480958831831,False,レース構造型|枠・コース型,0.9816189496294492,False,レース構造型|枠・コース型|メンバー構成型,0.9833880031250052,False,レース構造型|枠・コース型|メンバー構成型|騎手型,0.9870040449897335,False,当日傾向型|レース構造型|枠・コース型|メンバー構成型|騎手型,0.9831273633417672,False
2025,202507010406,0.6606322574069183,True,メンバー構成型,メンバー構成型,True,メンバー構成型|当日傾向型,True,メンバー構成型|当日傾向型|騎手型,True,メンバー構成型,0.5039595383637572,True,メンバー構成型|騎手型,0.7046749253198542,True,レース構造型|メンバー構成型|騎手型,0.8458792644120273,True,当日傾向型|枠・コース型|メンバー構成型|騎手型,0.7965727972403983,True,当日傾向型|レース構造型|枠・コース型|メンバー構成型|騎手型,0.802711023931152,True,メンバー構成型,True,メンバー構成型|レース構造型,True,メンバー構成型|レース構造型|騎手型,True,メンバー構成型,0.5524993201039528,True,レース構造型|メンバー構成型,0.7452637724547572,True,レース構造型|メンバー構成型|騎手型,0.8858458859684812,True,当日傾向型|レース構造型|メンバー構成型|騎手型,0.8738863688435424,True,当日傾向型|レース構造型|枠・コース型|メンバー構成型|騎手型,0.8616830945562443,True
2025,202509030303,0.6605377102669339,False,,枠・コース型,False,枠・コース型|騎手型,False,枠・コース型|騎手型|メンバー構成型,False,枠・コース型,0.5141701209019323,False,枠・コース型|騎手型,0.6521814100350165,False,枠・コース型|メンバー構成型|騎手型,0.8029260209199768,False,当日傾向型|レース構造型|枠・コース型|騎手型,0.7824689522710647,False,当日傾向型|レース構造型|枠・コース型|メンバー構成型|騎手型,0.7914316873029416,False,メンバー構成型,False,メンバー構成型|レース構造型,False,メンバー構成型|レース構造型|枠・コース型,False,メンバー構成型,0.5301220967327599,False,当日傾向型|枠・コース型,0.7318432938914182,False,当日傾向型|枠・コース型|メンバー構成型,0.840653960364139,False,当日傾向型|レース構造型|枠・コース型|メンバー構成型,0.9073170024665277,False,当日傾向型|レース構造型|枠・コース型|メンバー構成型|騎手型,0.9531367662261088,False
2025,202508021010,0.6605218001256467,False,,レース構造型,False,レース構造型|当日傾向型,False,レース構造型|当日傾向型|枠・コース型,False,レース構造型,0.4707676946589429,False,レース構造型|メンバー構成型,0.7447939538875158,False,レース構造型|枠・コース型|メンバー構成型,0.8696677722117655,False,レース構造型|枠・コース型|メンバー構成型|騎手型,0.8754710814622747,False,当日傾向型|レース構造型|枠・コース型|メンバー構成型|騎手型,0.8522892196012419,False,枠・コース型,False,枠・コース型|レース構造型,False,枠・コース型|レース構造型|当日傾向型,False,枠・コース型,0.5173097275586052,False,レース構造型|メンバー構成型,0.7476001123037151,False,当日傾向型|枠・コース型|メンバー構成型,0.8954678053542946,False,当日傾向型|レース構造型|メンバー構成型|騎手型,0.919575739650456,False,当日傾向型|レース構造型|枠・コース型|メンバー構成型|騎手型,0.9050914196656847,False
2025,202505030101,0.6604756160383971,False,,メンバー構成型,False,メンバー構成型|枠・コース型,False,メンバー構成型|枠・コース型|騎手型,False,メンバー構成型,0.5008465323129851,False,枠・コース型|メンバー構成型,0.8467356488211489,False,当日傾向型|レース構造型|枠・コース型,0.9447572852672826,False,当日傾向型|レース構造型|枠・コース型|メンバー構成型,0.9569971442096519,False,当日傾向型|レース構造型|枠・コース型|メンバー構成型|騎手型,0.9687900040421138,False,枠・コース型,False,枠・コース型|レース構造型,False,枠・コース型|レース構造型|メンバー構成型,False,枠・コース型,0.4511825910753018,False,枠・コース型|メンバー構成型,0.7750841515272074,False,当日傾向型|レース構造型|枠・コース型,0.9343226234385278,False,当日傾向型|レース構造型|枠・コース型|騎手型,0.9518643286521437,False,当日傾向型|レース構造型|枠・コース型|メンバー構成型|騎手型,0.9020808101756329,False
2025,202508040610,0.6603241352217255,True,枠・コース型|騎手型,当日傾向型,False,当日傾向型|メンバー構成型,False,当日傾向型|メンバー構成型|レース構造型,False,当日傾向型,0.49509800297945733,False,当日傾向型|枠・コース型,0.682114302545223,True,当日傾向型|枠・コース型|メンバー構成型,0.8073548966985993,True,当日傾向型|レース構造型|枠・コース型|メンバー構成型,0.8322100844843695,True,当日傾向型|レース構造型|枠・コース型|メンバー構成型|騎手型,0.8591990289099131,True,当日傾向型,False,当日傾向型|メンバー構成型,False,当日傾向型|メンバー構成型|レース構造型,False,当日傾向型,0.41288987041526726,False,当日傾向型|レース構造型,0.6944955592128678,False,当日傾向型|レース構造型|メンバー構成型,0.8093035168866258,False,当日傾向型|レース構造型|枠・コース型|メンバー構成型,0.8573286003564639,True,当日傾向型|レース構造型|枠・コース型|メンバー構成型|騎手型,0.8487697455819265,True
2025,202505040605,0.6602501592314929,False,,レース構造型,False,レース構造型|当日傾向型,False,レース構造型|当日傾向型|メンバー構成型,False,レース構造型,0.9808353629675546,False,当日傾向型|レース構造型,0.9834711221088451,False,当日傾向型|レース構造型|メンバー構成型,0.9884100105583308,False,レース構造型|枠・コース型|メンバー構成型|騎手型,0.9873326392556834,False,当日傾向型|レース構造型|枠・コース型|メンバー構成型|騎手型,0.9904650480402419,False,レース構造型,False,レース構造型|当日傾向型,False,レース構造型|当日傾向型|メンバー構成型,False,レース構造型,0.9814313821361195,False,レース構造型|枠・コース型,0.9856750998872799,False,レース構造型|枠・コース型|メンバー構成型,0.9844084173219284,False,当日傾向型|レース構造型|メンバー構成型|騎手型,0.9885223925427312,False,当日傾向型|レース構造型|枠・コース型|メンバー構成型|騎手型,0.9837438348909937,False
2025,202508020710,0.6595070992426663,True,当日傾向型|レース構造型|枠・コース型|騎手型,当日傾向型,True,当日傾向型|レース構造型,True,当日傾向型|レース構造型|メンバー構成型,True,当日傾向型,0.5843837020473485,True,当日傾向型|枠・コース型,0.7530355375774127,True,当日傾向型|レース構造型|メンバー構成型,0.861712897096976,True,当日傾向型|レース構造型|枠・コース型|メンバー構成型,0.8975059674607678,True,当日傾向型|レース構造型|枠・コース型|メンバー構成型|騎手型,0.8781025851780543,True,レース構造型,True,レース構造型|当日傾向型,True,レース構造型|当日傾向型|メンバー構成型,True,レース構造型,0.5544151727546096,True,当日傾向型|レース構造型,0.7732756831258109,True,当日傾向型|レース構造型|枠・コース型,0.8989904604926536,True,レース構造型|枠・コース型|メンバー構成型|騎手型,0.9183776714423171,True,当日傾向型|レース構造型|枠・コース型|メンバー構成型|騎手型,0.9707457078088783,True
2025,202503030410,0.6588337153798216,False,,枠・コース型,False,枠・コース型|当日傾向型,False,枠・コース型|当日傾向型|レース構造型,False,枠・コース型,0.4188452382004809,False,レース構造型|枠・コース型,0.728897024636297,False,当日傾向型|枠・コース型|メンバー構成型,0.7604299461163205,False,当日傾向型|枠・コース型|メンバー構成型|騎手型,0.8342142443134952,False,当日傾向型|レース構造型|枠・コース型|メンバー構成型|騎手型,0.8610321407879741,False,枠・コース型,False,枠・コース型|当日傾向型,False,枠・コース型|当日傾向型|レース構造型,False,枠・コース型,0.5991391385575627,False,当日傾向型|枠・コース型,0.7779825307808702,False,当日傾向型|枠・コース型|騎手型,0.8485724005484143,False,当日傾向型|レース構造型|枠・コース型|メンバー構成型,0.8806244977700267,False,当日傾向型|レース構造型|枠・コース型|メンバー構成型|騎手型,0.9112912065562646,False
2025,202505050411,0.6585686094088402,False,,当日傾向型,False,当日傾向型|レース構造型,False,当日傾向型|レース構造型|枠・コース型,False,当日傾向型,0.4095477891116289,False,当日傾向型|枠・コース型,0.6528009513678519,False,当日傾向型|レース構造型|枠・コース型,0.8481635335346349,False,レース構造型|枠・コース型|メンバー構成型|騎手型,0.8824367703983697,False,当日傾向型|レース構造型|枠・コース型|メンバー構成型|騎手型,0.8971836130501911,False,当日傾向型,False,当日傾向型|レース構造型,False,当日傾向型|レース構造型|枠・コース型,False,当日傾向型,0.3731793944364699,False,当日傾向型|枠・コース型,0.5769445915383086,False,当日傾向型|レース構造型|枠・コース型,0.8446077299185007,False,当日傾向型|レース構造型|枠・コース型|騎手型,0.8701317183192628,False,当日傾向型|レース構造型|枠・コース型|メンバー構成型|騎手型,0.9293464685225629,False
2025,202510010909,0.6583692688992198,False,,レース構造型,False,レース構造型|当日傾向型,False,レース構造型|当日傾向型|枠・コース型,False,レース構造型,0.46215608663195956,False,当日傾向型|レース構造型,0.7275786903402831,False,当日傾向型|レース構造型|枠・コース型,0.8239257730269179,False,当日傾向型|枠・コース型|メンバー構成型|騎手型,0.8392600634900521,False,当日傾向型|レース構造型|枠・コース型|メンバー構成型|騎手型,0.8602781842959353,False,メンバー構成型,False,メンバー構成型|当日傾向型,False,メンバー構成型|当日傾向型|レース構造型,False,メンバー構成型,0.6018841620482994,False,当日傾向型|メンバー構成型,0.8373500398132816,False,レース構造型|枠・コース型|メンバー構成型,0.8710298610459402,False,当日傾向型|レース構造型|枠・コース型|メンバー構成型,0.8960533675832496,False,当日傾向型|レース構造型|枠・コース型|メンバー構成型|騎手型,0.9231298448555295,False
2025,202507030404,0.6571483809862098,False,,当日傾向型,False,当日傾向型|枠・コース型,False,当日傾向型|枠・コース型|騎手型,False,当日傾向型,0.5620363536752176,False,当日傾向型|枠・コース型,0.7835160241005226,False,当日傾向型|枠・コース型|メンバー構成型,0.7763992622367405,False,当日傾向型|レース構造型|枠・コース型|メンバー構成型,0.7886103362806122,False,当日傾向型|レース構造型|枠・コース型|メンバー構成型|騎手型,0.6664873411398516,False,当日傾向型,False,当日傾向型|枠・コース型,False,当日傾向型|枠・コース型|騎手型,False,当日傾向型,0.4784444802895053,False,当日傾向型|枠・コース型,0.6102142681125319,False,当日傾向型|枠・コース型|メンバー構成型,0.752292902231722,False,当日傾向型|枠・コース型|メンバー構成型|騎手型,0.8622369567008749,False,当日傾向型|レース構造型|枠・コース型|メンバー構成型|騎手型,0.7281799895125376,False
2025,202505040407,0.656972564718416,True,当日傾向型|レース構造型|騎手型,メンバー構成型,False,メンバー構成型|レース構造型,True,メンバー構成型|レース構造型|枠・コース型,True,メンバー構成型,0.3387338385261984,False,レース構造型|メンバー構成型,0.54819431988094,True,当日傾向型|レース構造型|枠・コース型,0.7043931274207501,True,当日傾向型|レース構造型|枠・コース型|メンバー構成型,0.7883068624294501,True,当日傾向型|レース構造型|枠・コース型|メンバー構成型|騎手型,0.797447373250215,True,枠・コース型,False,枠・コース型|メンバー構成型,False,枠・コース型|メンバー構成型|当日傾向型,True,枠・コース型,0.3993775080165115,False,枠・コース型|メンバー構成型,0.6979701079717001,False,当日傾向型|レース構造型|メンバー構成型,0.7934293244335514,True,当日傾向型|レース構造型|メンバー構成型|騎手型,0.824917309854471,True,当日傾向型|レース構造型|枠・コース型|メンバー構成型|騎手型,0.8887240387503071,True
2025,202509030212,0.6567895685754966,False,,メンバー構成型,False,メンバー構成型|枠・コース型,False,メンバー構成型|枠・コース型|当日傾向型,False,メンバー構成型,0.5412048172843522,False,メンバー構成型|騎手型,0.7208524806060203,False,レース構造型|枠・コース型|メンバー構成型,0.8029014415532953,False,当日傾向型|枠・コース型|メンバー構成型|騎手型,0.8716280476981483,False,当日傾向型|レース構造型|枠・コース型|メンバー構成型|騎手型,0.8749959378096368,False,枠・コース型,False,枠・コース型|メンバー構成型,False,枠・コース型|メンバー構成型|当日傾向型,False,枠・コース型,0.5535335281754795,False,レース構造型|枠・コース型,0.7750128495897257,False,当日傾向型|枠・コース型|騎手型,0.8744260954311299,False,当日傾向型|レース構造型|枠・コース型|メンバー構成型,0.8827907433279077,False,当日傾向型|レース構造型|枠・コース型|メンバー構成型|騎手型,0.7763328519702761,False
2025,202508020410,0.6561270225235961,False,,当日傾向型,False,当日傾向型|枠・コース型,False,当日傾向型|枠・コース型|レース構造型,False,当日傾向型,0.5344357731037056,False,当日傾向型|枠・コース型,0.8073226836827154,False,当日傾向型|枠・コース型|メンバー構成型,0.8364284660253509,False,レース構造型|枠・コース型|メンバー構成型|騎手型,0.9138565326222178,False,当日傾向型|レース構造型|枠・コース型|メンバー構成型|騎手型,0.8972604327188947,False,枠・コース型,False,枠・コース型|当日傾向型,False,枠・コース型|当日傾向型|メンバー構成型,False,枠・コース型,0.5910533760814691,False,レース構造型|枠・コース型,0.8289832529479152,False,当日傾向型|枠・コース型|メンバー構成型,0.9247373267909564,False,当日傾向型|レース構造型|枠・コース型|メンバー構成型,0.9661083871584204,False,当日傾向型|レース構造型|枠・コース型|メンバー構成型|騎手型,0.9702650042473774,False
2025,202507010501,0.6560302770333545,True,当日傾向型|枠・コース型,騎手型,False,騎手型|メンバー構成型,False,騎手型|メンバー構成型|レース構造型,False,騎手型,0.45935729378252294,False,メンバー構成型|騎手型,0.6061904211794967,False,レース構造型|メンバー構成型|騎手型,0.6943558351085019,False,当日傾向型|レース構造型|枠・コース型|騎手型,0.7477927129397425,True,当日傾向型|レース構造型|枠・コース型|メンバー構成型|騎手型,0.5662488994431806,True,枠・コース型,True,枠・コース型|当日傾向型,True,枠・コース型|当日傾向型|メンバー構成型,True,枠・コース型,0.2944635975992086,True,当日傾向型|レース構造型,0.571377675403085,True,当日傾向型|枠・コース型|騎手型,0.6832249136793093,True,当日傾向型|枠・コース型|メンバー構成型|騎手型,0.7850306670496324,True,当日傾向型|レース構造型|枠・コース型|メンバー構成型|騎手型,0.5139909545498077,True
2025,202507010705,0.6559585760927749,False,,レース構造型,False,レース構造型|当日傾向型,False,レース構造型|当日傾向型|枠・コース型,False,レース構造型,0.9840913861444521,False,レース構造型|メンバー構成型,0.9871830033637993,False,レース構造型|枠・コース型|騎手型,0.9892504662157902,False,当日傾向型|レース構造型|枠・コース型|メンバー構成型,0.9894811463880989,False,当日傾向型|レース構造型|枠・コース型|メンバー構成型|騎手型,0.9910658867507015,False,レース構造型,False,レース構造型|当日傾向型,False,レース構造型|当日傾向型|枠・コース型,False,レース構造型,0.9849009527010545,False,当日傾向型|レース構造型,0.9849077779658708,False,当日傾向型|レース構造型|枠・コース型,0.9885058459681826,False,当日傾向型|レース構造型|枠・コース型|メンバー構成型,0.9906284919215835,False,当日傾向型|レース構造型|枠・コース型|メンバー構成型|騎手型,0.990695196531137,False
2025,202507010305,0.6555906737954936,False,,当日傾向型,False,当日傾向型|メンバー構成型,False,当日傾向型|メンバー構成型|レース構造型,False,当日傾向型,0.4199624473485814,False,当日傾向型|メンバー構成型,0.6621686357287653,False,当日傾向型|レース構造型|メンバー構成型,0.7780740402237784,False,当日傾向型|枠・コース型|メンバー構成型|騎手型,0.7696422502052634,False,当日傾向型|レース構造型|枠・コース型|メンバー構成型|騎手型,0.7731983754118078,False,メンバー構成型,False,メンバー構成型|枠・コース型,False,メンバー構成型|枠・コース型|レース構造型,False,メンバー構成型,0.368865937527486,False,当日傾向型|メンバー構成型,0.5657305998869799,False,当日傾向型|枠・コース型|メンバー構成型,0.8388737127835179,False,当日傾向型|枠・コース型|メンバー構成型|騎手型,0.8479962223564564,False,当日傾向型|レース構造型|枠・コース型|メンバー構成型|騎手型,0.9041721757765954,False
2025,202503030609,0.6555843779585868,False,,当日傾向型,False,当日傾向型|メンバー構成型,False,当日傾向型|メンバー構成型|枠・コース型,False,当日傾向型,0.3595351100552561,False,当日傾向型|レース構造型,0.48400430973759523,False,レース構造型|メンバー構成型|騎手型,0.6583656201924512,False,当日傾向型|レース構造型|メンバー構成型|騎手型,0.6736293279862647,False,当日傾向型|レース構造型|枠・コース型|メンバー構成型|騎手型,0.723314312074263,False,レース構造型,False,レース構造型|メンバー構成型,False,レース構造型|メンバー構成型|当日傾向型,False,レース構造型,0.5064951471272757,False,当日傾向型|レース構造型,0.6863260068572786,False,レース構造型|メンバー構成型|騎手型,0.8373623139270489,False,当日傾向型|枠・コース型|メンバー構成型|騎手型,0.8972369063319983,False,当日傾向型|レース構造型|枠・コース型|メンバー構成型|騎手型,0.9516700549446858,False
2025,202507050211,0.6550061374313518,False,,当日傾向型,False,当日傾向型|レース構造型,False,当日傾向型|レース構造型|枠・コース型,False,当日傾向型,0.52007777474667,False,当日傾向型|メンバー構成型,0.7248691499704271,False,当日傾向型|レース構造型|メンバー構成型,0.7947279070728438,False,当日傾向型|枠・コース型|メンバー構成型|騎手型,0.8580597551394911,False,当日傾向型|レース構造型|枠・コース型|メンバー構成型|騎手型,0.805084816301163,False,当日傾向型,False,当日傾向型|枠・コース型,False,当日傾向型|枠・コース型|レース構造型,False,当日傾向型,0.5018197166335042,False,当日傾向型|枠・コース型,0.7475576259165762,False,当日傾向型|枠・コース型|メンバー構成型,0.8659278752053104,False,当日傾向型|レース構造型|枠・コース型|メンバー構成型,0.8970736083943919,False,当日傾向型|レース構造型|枠・コース型|メンバー構成型|騎手型,0.7924598987328797,False
2025,202504020505,0.654998015427926,False,,枠・コース型,False,枠・コース型|レース構造型,False,枠・コース型|レース構造型|当日傾向型,False,枠・コース型,0.4664123363731174,False,レース構造型|枠・コース型,0.7892784834425873,False,当日傾向型|レース構造型|枠・コース型,0.8754617357686305,False,当日傾向型|レース構造型|枠・コース型|メンバー構成型,0.9150617330833237,False,当日傾向型|レース構造型|枠・コース型|メンバー構成型|騎手型,0.9279299338182242,False,当日傾向型,False,当日傾向型|メンバー構成型,False,当日傾向型|メンバー構成型|枠・コース型,False,当日傾向型,0.6097002505777211,False,枠・コース型|騎手型,0.8149648043617256,False,当日傾向型|レース構造型|枠・コース型,0.8880859284955952,False,当日傾向型|レース構造型|メンバー構成型|騎手型,0.9426091365880864,False,当日傾向型|レース構造型|枠・コース型|メンバー構成型|騎手型,0.9336226547167161,False
2025,202508040306,0.65478947687222,False,,レース構造型,False,レース構造型|メンバー構成型,False,レース構造型|メンバー構成型|当日傾向型,False,レース構造型,0.9787986773749155,False,レース構造型|騎手型,0.9819417807291623,False,レース構造型|枠・コース型|騎手型,0.985516627268576,False,当日傾向型|レース構造型|枠・コース型|メンバー構成型,0.9883928468169033,False,当日傾向型|レース構造型|枠・コース型|メンバー構成型|騎手型,0.9889979861347759,False,レース構造型,False,レース構造型|当日傾向型,False,レース構造型|当日傾向型|枠・コース型,False,レース構造型,0.9842813158670611,False,レース構造型|枠・コース型,0.9841634607986095,False,レース構造型|枠・コース型|メンバー構成型,0.9857345610684758,False,当日傾向型|レース構造型|メンバー構成型|騎手型,0.9861823592795567,False,当日傾向型|レース構造型|枠・コース型|メンバー構成型|騎手型,0.9851208047189391,False
2025,202504010410,0.6547054693911728,False,,レース構造型,False,レース構造型|メンバー構成型,False,レース構造型|メンバー構成型|枠・コース型,False,レース構造型,0.45277381219726837,False,レース構造型|メンバー構成型,0.6442977472586623,False,レース構造型|枠・コース型|メンバー構成型,0.8461034933840814,False,レース構造型|枠・コース型|メンバー構成型|騎手型,0.9092996098365889,False,当日傾向型|レース構造型|枠・コース型|メンバー構成型|騎手型,0.7862361357248584,False,レース構造型,False,レース構造型|当日傾向型,False,レース構造型|当日傾向型|メンバー構成型,False,レース構造型,0.47212305213163547,False,レース構造型|メンバー構成型,0.7886833528809846,False,レース構造型|メンバー構成型|騎手型,0.7160226366446667,False,当日傾向型|レース構造型|枠・コース型|騎手型,0.8183439477791582,False,当日傾向型|レース構造型|枠・コース型|メンバー構成型|騎手型,0.7124238894613156,False
2025,202502010411,0.6544123771856971,True,,メンバー構成型,False,メンバー構成型|騎手型,False,メンバー構成型|騎手型|枠・コース型,False,メンバー構成型,0.43623968814036096,False,レース構造型|枠・コース型,0.6509219172141127,False,レース構造型|枠・コース型|メンバー構成型,0.817775465851717,False,当日傾向型|レース構造型|枠・コース型|騎手型,0.8040948989683849,False,当日傾向型|レース構造型|枠・コース型|メンバー構成型|騎手型,0.9013257629633762,False,当日傾向型,False,当日傾向型|枠・コース型,False,当日傾向型|枠・コース型|メンバー構成型,False,当日傾向型,0.4312495478039393,False,当日傾向型|枠・コース型,0.8093196749788595,False,当日傾向型|レース構造型|枠・コース型,0.862687690104522,False,当日傾向型|レース構造型|枠・コース型|騎手型,0.9275280702970806,False,当日傾向型|レース構造型|枠・コース型|メンバー構成型|騎手型,0.9197315406116655,False
2025,202509010204,0.6540001456283489,False,,メンバー構成型,False,メンバー構成型|当日傾向型,False,メンバー構成型|当日傾向型|レース構造型,False,メンバー構成型,0.5519075896068646,False,メンバー構成型|騎手型,0.6108972243005333,False,当日傾向型|レース構造型|メンバー構成型,0.737306458373088,False,当日傾向型|レース構造型|枠・コース型|騎手型,0.8312206352238923,False,当日傾向型|レース構造型|枠・コース型|メンバー構成型|騎手型,0.762744255728124,False,メンバー構成型,False,メンバー構成型|枠・コース型,False,メンバー構成型|枠・コース型|当日傾向型,False,メンバー構成型,0.4849778905248433,False,枠・コース型|メンバー構成型,0.6704738989881098,False,当日傾向型|レース構造型|騎手型,0.858885570563406,False,当日傾向型|レース構造型|枠・コース型|騎手型,0.9211930237252457,False,当日傾向型|レース構造型|枠・コース型|メンバー構成型|騎手型,0.9399206149850238,False
2025,202504040407,0.6536210706863254,False,,枠・コース型,False,枠・コース型|当日傾向型,False,枠・コース型|当日傾向型|レース構造型,False,枠・コース型,0.5459759298140415,False,当日傾向型|枠・コース型,0.7659177828247711,False,当日傾向型|レース構造型|メンバー構成型,0.8876599948530234,False,当日傾向型|レース構造型|枠・コース型|メンバー構成型,0.9105501692693462,False,当日傾向型|レース構造型|枠・コース型|メンバー構成型|騎手型,0.8923485559525124,False,レース構造型,False,レース構造型|当日傾向型,False,レース構造型|当日傾向型|枠・コース型,False,レース構造型,0.4549877605183651,False,当日傾向型|レース構造型,0.7631021799704995,False,当日傾向型|枠・コース型|騎手型,0.8376398012469353,False,当日傾向型|レース構造型|枠・コース型|騎手型,0.8902266522408698,False,当日傾向型|レース構造型|枠・コース型|メンバー構成型|騎手型,0.8407279081657525,False
2025,202509050611,0.6533260044196851,False,,枠・コース型,False,枠・コース型|レース構造型,False,枠・コース型|レース構造型|騎手型,False,枠・コース型,0.4977648230895729,False,レース構造型|枠・コース型,0.6831188562629965,False,レース構造型|枠・コース型|メンバー構成型,0.7607859180429354,False,レース構造型|枠・コース型|メンバー構成型|騎手型,0.851577720041381,False,当日傾向型|レース構造型|枠・コース型|メンバー構成型|騎手型,0.8984010153162965,False,枠・コース型,False,枠・コース型|当日傾向型,False,枠・コース型|当日傾向型|メンバー構成型,False,枠・コース型,0.4960665995547234,False,当日傾向型|騎手型,0.6754227274801399,False,当日傾向型|枠・コース型|騎手型,0.8828506554039685,False,当日傾向型|レース構造型|枠・コース型|メンバー構成型,0.9372448837613654,False,当日傾向型|レース構造型|枠・コース型|メンバー構成型|騎手型,0.920075608162533,False
2025,202505040411,0.6522291883018702,False,,当日傾向型,False,当日傾向型|レース構造型,False,当日傾向型|レース構造型|メンバー構成型,False,当日傾向型,0.5083381445437243,False,当日傾向型|枠・コース型,0.777372529504668,False,当日傾向型|レース構造型|枠・コース型,0.8905467304857488,False,当日傾向型|レース構造型|枠・コース型|騎手型,0.9096828551846025,False,当日傾向型|レース構造型|枠・コース型|メンバー構成型|騎手型,0.9004473233165453,False,レース構造型,False,レース構造型|当日傾向型,False,レース構造型|当日傾向型|枠・コース型,False,レース構造型,0.506512073023287,False,当日傾向型|レース構造型,0.8197385453077806,False,当日傾向型|枠・コース型|騎手型,0.8476405010878191,False,当日傾向型|枠・コース型|メンバー構成型|騎手型,0.8980141790445152,False,当日傾向型|レース構造型|枠・コース型|メンバー構成型|騎手型,0.8576945730845335,False
2025,202503030602,0.6521250834922996,True,当日傾向型|レース構造型|メンバー構成型,レース構造型,True,レース構造型|枠・コース型,True,レース構造型|枠・コース型|当日傾向型,True,レース構造型,0.4569245366626492,True,レース構造型|枠・コース型,0.7316875990388596,True,レース構造型|枠・コース型|騎手型,0.8504455039342068,True,当日傾向型|レース構造型|枠・コース型|メンバー構成型,0.8933317467855465,True,当日傾向型|レース構造型|枠・コース型|メンバー構成型|騎手型,0.9222731880742407,True,枠・コース型,False,枠・コース型|メンバー構成型,True,枠・コース型|メンバー構成型|レース構造型,True,枠・コース型,0.5052698902039864,False,当日傾向型|騎手型,0.7148619660771068,True,レース構造型|枠・コース型|メンバー構成型,0.8840895529489265,True,当日傾向型|レース構造型|枠・コース型|メンバー構成型,0.9357237962128673,True,当日傾向型|レース構造型|枠・コース型|メンバー構成型|騎手型,0.9040505589490694,True
2025,202504030309,0.6520470882457392,True,枠・コース型|メンバー構成型|騎手型,メンバー構成型,True,メンバー構成型|枠・コース型,True,メンバー構成型|枠・コース型|当日傾向型,True,メンバー構成型,0.4674446863323747,True,当日傾向型|枠・コース型,0.6210791134003292,True,当日傾向型|レース構造型|枠・コース型,0.7169980379652691,True,当日傾向型|枠・コース型|メンバー構成型|騎手型,0.8334645580161651,True,当日傾向型|レース構造型|枠・コース型|メンバー構成型|騎手型,0.8184248195940401,True,当日傾向型,False,当日傾向型|メンバー構成型,True,当日傾向型|メンバー構成型|枠・コース型,True,当日傾向型,0.35841510371859864,False,当日傾向型|メンバー構成型,0.674042435502643,True,当日傾向型|レース構造型|メンバー構成型,0.7343820977598083,True,当日傾向型|枠・コース型|メンバー構成型|騎手型,0.737577439647849,True,当日傾向型|レース構造型|枠・コース型|メンバー構成型|騎手型,0.6317973738635662,True
2025,202510010411,0.6517741118727653,True,当日傾向型,枠・コース型,False,枠・コース型|騎手型,False,枠・コース型|騎手型|当日傾向型,True,枠・コース型,0.5209881774965296,False,レース構造型|枠・コース型,0.6872221440206218,False,枠・コース型|メンバー構成型|騎手型,0.7416094566079465,False,当日傾向型|枠・コース型|メンバー構成型|騎手型,0.7996522051509374,True,当日傾向型|レース構造型|枠・コース型|メンバー構成型|騎手型,0.6540071705780139,True,枠・コース型,False,枠・コース型|当日傾向型,True,枠・コース型|当日傾向型|レース構造型,True,枠・コース型,0.6462447630706365,False,当日傾向型|枠・コース型,0.8380078703039909,True,当日傾向型|枠・コース型|メンバー構成型,0.9155335314195702,True,当日傾向型|レース構造型|枠・コース型|メンバー構成型,0.9203735922469273,True,当日傾向型|レース構造型|枠・コース型|メンバー構成型|騎手型,0.9039047390743358,True
2025,202506020711,0.651710653822427,False,,当日傾向型,False,当日傾向型|レース構造型,False,当日傾向型|レース構造型|メンバー構成型,False,当日傾向型,0.6116327295762994,False,当日傾向型|メンバー構成型,0.773417760935217,False,当日傾向型|枠・コース型|メンバー構成型,0.8979799517327794,False,当日傾向型|枠・コース型|メンバー構成型|騎手型,0.9012037753189673,False,当日傾向型|レース構造型|枠・コース型|メンバー構成型|騎手型,0.938945625833034,False,当日傾向型,False,当日傾向型|枠・コース型,False,当日傾向型|枠・コース型|レース構造型,False,当日傾向型,0.47322113007624445,False,当日傾向型|枠・コース型,0.7697895827255227,False,当日傾向型|枠・コース型|騎手型,0.8768933554441897,False,当日傾向型|レース構造型|枠・コース型|騎手型,0.9121760433667006,False,当日傾向型|レース構造型|枠・コース型|メンバー構成型|騎手型,0.9435194589090862,False
2025,202508020210,0.6517079142352254,True,枠・コース型,メンバー構成型,False,メンバー構成型|当日傾向型,False,メンバー構成型|当日傾向型|枠・コース型,True,メンバー構成型,0.4317447051241139,False,当日傾向型|メンバー構成型,0.6596636538507843,False,当日傾向型|レース構造型|メンバー構成型,0.7771162344523195,False,当日傾向型|レース構造型|枠・コース型|メンバー構成型,0.8390874772074303,True,当日傾向型|レース構造型|枠・コース型|メンバー構成型|騎手型,0.7755025656752875,True,枠・コース型,True,枠・コース型|メンバー構成型,True,枠・コース型|メンバー構成型|騎手型,True,枠・コース型,0.48394496330830467,True,レース構造型|枠・コース型,0.6958267299693228,True,レース構造型|枠・コース型|メンバー構成型,0.8132873748844832,True,レース構造型|枠・コース型|メンバー構成型|騎手型,0.8777093793983969,True,当日傾向型|レース構造型|枠・コース型|メンバー構成型|騎手型,0.8838192162604894,True
2025,202509020504,0.6516514681038611,False,,レース構造型,False,レース構造型|枠・コース型,False,レース構造型|枠・コース型|当日傾向型,False,レース構造型,0.41440835345098004,False,レース構造型|メンバー構成型,0.8094846139560296,False,レース構造型|枠・コース型|メンバー構成型,0.9412728105132853,False,レース構造型|枠・コース型|メンバー構成型|騎手型,0.9459337554900235,False,当日傾向型|レース構造型|枠・コース型|メンバー構成型|騎手型,0.8431988971402364,False,レース構造型,False,レース構造型|当日傾向型,False,レース構造型|当日傾向型|メンバー構成型,False,レース構造型,0.3992552144598339,False,レース構造型|メンバー構成型,0.7062332800683978,False,レース構造型|枠・コース型|メンバー構成型,0.9410489568045518,False,レース構造型|枠・コース型|メンバー構成型|騎手型,0.9004502787903546,False,当日傾向型|レース構造型|枠・コース型|メンバー構成型|騎手型,0.7708118011690747,False
2025,202508020503,0.6516386541756363,True,枠・コース型|騎手型,当日傾向型,False,当日傾向型|枠・コース型,True,当日傾向型|枠・コース型|レース構造型,True,当日傾向型,0.4744394235654548,False,当日傾向型|メンバー構成型,0.7226714738280262,False,当日傾向型|枠・コース型|メンバー構成型,0.8271942930668916,True,当日傾向型|枠・コース型|メンバー構成型|騎手型,0.8695638859905651,True,当日傾向型|レース構造型|枠・コース型|メンバー構成型|騎手型,0.8992070273177831,True,枠・コース型,True,枠・コース型|当日傾向型,True,枠・コース型|当日傾向型|レース構造型,True,枠・コース型,0.4442250592983771,True,当日傾向型|枠・コース型,0.7282801446986592,True,枠・コース型|メンバー構成型|騎手型,0.7671924769800086,True,当日傾向型|レース構造型|枠・コース型|メンバー構成型,0.7827230798108896,True,当日傾向型|レース構造型|枠・コース型|メンバー構成型|騎手型,0.7580298608072886,True
2025,202508021009,0.651619375519609,False,,枠・コース型,False,枠・コース型|当日傾向型,False,枠・コース型|当日傾向型|レース構造型,False,枠・コース型,0.5696324497586939,False,当日傾向型|枠・コース型,0.7821484568041963,False,当日傾向型|枠・コース型|メンバー構成型,0.8301828367683296,False,当日傾向型|レース構造型|枠・コース型|騎手型,0.8547616148640755,False,当日傾向型|レース構造型|枠・コース型|メンバー構成型|騎手型,0.8610986134735573,False,枠・コース型,False,枠・コース型|当日傾向型,False,枠・コース型|当日傾向型|メンバー構成型,False,枠・コース型,0.6669624411991164,False,レース構造型|枠・コース型,0.8684811569258453,False,レース構造型|枠・コース型|メンバー構成型,0.9082290622328243,False,レース構造型|枠・コース型|メンバー構成型|騎手型,0.9488189343782331,False,当日傾向型|レース構造型|枠・コース型|メンバー構成型|騎手型,0.9438499689072719,False
2025,202510010108,0.6514143390900192,False,,枠・コース型,False,枠・コース型|騎手型,False,枠・コース型|騎手型|メンバー構成型,False,枠・コース型,0.5461024238750207,False,レース構造型|枠・コース型,0.7275700581806606,False,レース構造型|枠・コース型|騎手型,0.8479653551898956,False,レース構造型|枠・コース型|メンバー構成型|騎手型,0.8549262062523154,False,当日傾向型|レース構造型|枠・コース型|メンバー構成型|騎手型,0.7998149090121466,False,枠・コース型,False,枠・コース型|騎手型,False,枠・コース型|騎手型|当日傾向型,False,枠・コース型,0.4134263779225442,False,当日傾向型|枠・コース型,0.6592760082088978,False,レース構造型|枠・コース型|騎手型,0.8341713392661718,False,当日傾向型|レース構造型|メンバー構成型|騎手型,0.9073441713786553,False,当日傾向型|レース構造型|枠・コース型|メンバー構成型|騎手型,0.8944987330450974,False
2025,202501010610,0.6513068006743958,False,,当日傾向型,False,当日傾向型|メンバー構成型,False,当日傾向型|メンバー構成型|枠・コース型,False,当日傾向型,0.4233177791709063,False,当日傾向型|枠・コース型,0.6750872652280793,False,レース構造型|枠・コース型|騎手型,0.7785245777453076,False,当日傾向型|枠・コース型|メンバー構成型|騎手型,0.8865482390501777,False,当日傾向型|レース構造型|枠・コース型|メンバー構成型|騎手型,0.8967038176853883,False,騎手型,False,騎手型|当日傾向型,False,騎手型|当日傾向型|レース構造型,False,騎手型,0.4525890909617591,False,当日傾向型|レース構造型,0.7437376139732482,False,レース構造型|枠・コース型|騎手型,0.8121301258899156,False,レース構造型|枠・コース型|メンバー構成型|騎手型,0.8826781488842319,False,当日傾向型|レース構造型|枠・コース型|メンバー構成型|騎手型,0.9212283150268978,False
2025,202509040908,0.6512777177549647,False,,枠・コース型,False,枠・コース型|当日傾向型,False,枠・コース型|当日傾向型|レース構造型,False,枠・コース型,0.4660141757375609,False,枠・コース型|メンバー構成型,0.6615584793473942,False,当日傾向型|枠・コース型|メンバー構成型,0.7577881577274352,False,レース構造型|枠・コース型|メンバー構成型|騎手型,0.8464292924518504,False,当日傾向型|レース構造型|枠・コース型|メンバー構成型|騎手型,0.8671696783425571,False,当日傾向型,False,当日傾向型|枠・コース型,False,当日傾向型|枠・コース型|メンバー構成型,False,当日傾向型,0.4651351618174967,False,当日傾向型|枠・コース型,0.8103620169612593,False,当日傾向型|枠・コース型|メンバー構成型,0.8408381431513373,False,当日傾向型|レース構造型|枠・コース型|メンバー構成型,0.9125802519540965,False,当日傾向型|レース構造型|枠・コース型|メンバー構成型|騎手型,0.9404017666243052,False
2025,202504010511,0.6506307129619501,False,,レース構造型,False,レース構造型|メンバー構成型,False,レース構造型|メンバー構成型|当日傾向型,False,レース構造型,0.4722521834166395,False,レース構造型|メンバー構成型,0.7013591332194943,False,当日傾向型|レース構造型|メンバー構成型,0.7709315112611872,False,当日傾向型|レース構造型|メンバー構成型|騎手型,0.8074608896923804,False,当日傾向型|レース構造型|枠・コース型|メンバー構成型|騎手型,0.7476994831625297,False,レース構造型,False,レース構造型|枠・コース型,False,レース構造型|枠・コース型|当日傾向型,False,レース構造型,0.5233776575996523,False,レース構造型|メンバー構成型,0.803020420418987,False,当日傾向型|枠・コース型|メンバー構成型,0.8385548660652117,False,当日傾向型|レース構造型|枠・コース型|メンバー構成型,0.8929074573721718,False,当日傾向型|レース構造型|枠・コース型|メンバー構成型|騎手型,0.8853899218821427,False
2025,202510011206,0.6504159343497052,True,当日傾向型|メンバー構成型,当日傾向型,True,当日傾向型|枠・コース型,True,当日傾向型|枠・コース型|メンバー構成型,True,当日傾向型,0.526851353999514,True,当日傾向型|レース構造型,0.7853184482196582,True,当日傾向型|レース構造型|枠・コース型,0.8442110070304003,True,当日傾向型|レース構造型|メンバー構成型|騎手型,0.9256991950756817,True,当日傾向型|レース構造型|枠・コース型|メンバー構成型|騎手型,0.9315420139830123,True,レース構造型,False,レース構造型|メンバー構成型,True,レース構造型|メンバー構成型|騎手型,True,レース構造型,0.48035192935726906,False,当日傾向型|メンバー構成型,0.8284009122609183,True,当日傾向型|メンバー構成型|騎手型,0.8960025830740039,True,レース構造型|枠・コース型|メンバー構成型|騎手型,0.9191799659521623,True,当日傾向型|レース構造型|枠・コース型|メンバー構成型|騎手型,0.8817368484295405,True
2025,202506010108,0.6498140030311813,False,,枠・コース型,False,枠・コース型|当日傾向型,False,枠・コース型|当日傾向型|メンバー構成型,False,枠・コース型,0.4587791097814239,False,当日傾向型|枠・コース型,0.6999348760553952,False,当日傾向型|枠・コース型|メンバー構成型,0.777189734233336,False,当日傾向型|レース構造型|枠・コース型|騎手型,0.8288956094782806,False,当日傾向型|レース構造型|枠・コース型|メンバー構成型|騎手型,0.8202645889965976,False,枠・コース型,False,枠・コース型|当日傾向型,False,枠・コース型|当日傾向型|メンバー構成型,False,枠・コース型,0.49437834306348105,False,枠・コース型|メンバー構成型,0.8160080546981905,False,当日傾向型|レース構造型|枠・コース型,0.8861596292552627,False,当日傾向型|レース構造型|枠・コース型|メンバー構成型,0.9414133322268955,False,当日傾向型|レース構造型|枠・コース型|メンバー構成型|騎手型,0.9146591637397053,False
2025,202507030810,0.6497886539374077,False,,当日傾向型,False,当日傾向型|枠・コース型,False,当日傾向型|枠・コース型|レース構造型,False,当日傾向型,0.4529384250037281,False,当日傾向型|枠・コース型,0.7561310262133231,False,当日傾向型|レース構造型|枠・コース型,0.7967545663185096,False,当日傾向型|レース構造型|枠・コース型|メンバー構成型,0.8733963551904672,False,当日傾向型|レース構造型|枠・コース型|メンバー構成型|騎手型,0.9222543663844494,False,当日傾向型,False,当日傾向型|枠・コース型,False,当日傾向型|枠・コース型|メンバー構成型,False,当日傾向型,0.4020572411813128,False,当日傾向型|枠・コース型,0.7218789779949167,False,当日傾向型|レース構造型|枠・コース型,0.8498284900329368,False,当日傾向型|レース構造型|枠・コース型|騎手型,0.8264639816739047,False,当日傾向型|レース構造型|枠・コース型|メンバー構成型|騎手型,0.7269078998282663,False
2025,202504030109,0.649644721155606,True,当日傾向型|騎手型,レース構造型,False,レース構造型|当日傾向型,True,レース構造型|当日傾向型|枠・コース型,True,レース構造型,0.4458670818010782,False,当日傾向型|枠・コース型,0.7563199850443615,True,当日傾向型|レース構造型|枠・コース型,0.8745963630078821,True,当日傾向型|レース構造型|枠・コース型|騎手型,0.9188290354857779,True,当日傾向型|レース構造型|枠・コース型|メンバー構成型|騎手型,0.9219233153303058,True,メンバー構成型,False,メンバー構成型|当日傾向型,True,メンバー構成型|当日傾向型|枠・コース型,True,メンバー構成型,0.6096201366952658,False,当日傾向型|メンバー構成型,0.8462289022470675,True,当日傾向型|レース構造型|枠・コース型,0.9461213571927758,True,当日傾向型|レース構造型|枠・コース型|メンバー構成型,0.9459440314315258,True,当日傾向型|レース構造型|枠・コース型|メンバー構成型|騎手型,0.9630956054021135,True
2025,202508020203,0.6496417715271694,False,,枠・コース型,False,枠・コース型|当日傾向型,False,枠・コース型|当日傾向型|メンバー構成型,False,枠・コース型,0.3779384438272604,False,当日傾向型|メンバー構成型,0.7665819344287734,False,当日傾向型|メンバー構成型|騎手型,0.8373453073872853,False,当日傾向型|枠・コース型|メンバー構成型|騎手型,0.8263935516545658,False,当日傾向型|レース構造型|枠・コース型|メンバー構成型|騎手型,0.830413683088681,False,当日傾向型,False,当日傾向型|枠・コース型,False,当日傾向型|枠・コース型|メンバー構成型,False,当日傾向型,0.4107643180035434,False,枠・コース型|メンバー構成型,0.6181583765530752,False,当日傾向型|枠・コース型|騎手型,0.6693110477502884,False,当日傾向型|レース構造型|枠・コース型|騎手型,0.7872336646347774,False,当日傾向型|レース構造型|枠・コース型|メンバー構成型|騎手型,0.7121314108336114,False
2025,202506020212,0.6495969483032772,True,メンバー構成型,メンバー構成型,True,メンバー構成型|枠・コース型,True,メンバー構成型|枠・コース型|当日傾向型,True,メンバー構成型,0.4525880166212549,True,当日傾向型|メンバー構成型,0.5652504926324623,True,当日傾向型|枠・コース型|メンバー構成型,0.7396588351485283,True,当日傾向型|レース構造型|枠・コース型|メンバー構成型,0.8311129250259568,True,当日傾向型|レース構造型|枠・コース型|メンバー構成型|騎手型,0.8505672993641269,True,当日傾向型,False,当日傾向型|枠・コース型,False,当日傾向型|枠・コース型|メンバー構成型,True,当日傾向型,0.4824262950288047,False,当日傾向型|枠・コース型,0.7041241923803969,False,当日傾向型|枠・コース型|騎手型,0.8762446172860957,False,当日傾向型|枠・コース型|メンバー構成型|騎手型,0.8827827596804174,True,当日傾向型|レース構造型|枠・コース型|メンバー構成型|騎手型,0.9281667690853925,True
2025,202502010911,0.6495787648306763,False,,当日傾向型,False,当日傾向型|レース構造型,False,当日傾向型|レース構造型|枠・コース型,False,当日傾向型,0.534884753225837,False,当日傾向型|レース構造型,0.707205863457326,False,レース構造型|枠・コース型|メンバー構成型,0.8596567268941612,False,当日傾向型|レース構造型|枠・コース型|メンバー構成型,0.8935834887090819,False,当日傾向型|レース構造型|枠・コース型|メンバー構成型|騎手型,0.8455829752217393,False,枠・コース型,False,枠・コース型|当日傾向型,False,枠・コース型|当日傾向型|レース構造型,False,枠・コース型,0.478489154343823,False,レース構造型|枠・コース型,0.7255919287122188,False,レース構造型|枠・コース型|騎手型,0.8484371468606261,False,当日傾向型|レース構造型|枠・コース型|メンバー構成型,0.9135810473398577,False,当日傾向型|レース構造型|枠・コース型|メンバー構成型|騎手型,0.8432399790659066,False
2025,202508030412,0.6492384770564152,False,,枠・コース型,False,枠・コース型|当日傾向型,False,枠・コース型|当日傾向型|騎手型,False,枠・コース型,0.4470141806202918,False,当日傾向型|枠・コース型,0.6767849402856134,False,当日傾向型|枠・コース型|メンバー構成型,0.8363706153828461,False,当日傾向型|枠・コース型|メンバー構成型|騎手型,0.8616049077526421,False,当日傾向型|レース構造型|枠・コース型|メンバー構成型|騎手型,0.8598144111385478,False,レース構造型,False,レース構造型|メンバー構成型,False,レース構造型|メンバー構成型|当日傾向型,False,レース構造型,0.3938787638397093,False,レース構造型|騎手型,0.6158536909015695,False,当日傾向型|メンバー構成型|騎手型,0.7407985881793903,False,当日傾向型|枠・コース型|メンバー構成型|騎手型,0.7516571517939632,False,当日傾向型|レース構造型|枠・コース型|メンバー構成型|騎手型,0.6651752741948846,False
2025,202510011202,0.6484002009145474,False,,メンバー構成型,False,メンバー構成型|枠・コース型,False,メンバー構成型|枠・コース型|レース構造型,False,メンバー構成型,0.39773665934988744,False,レース構造型|騎手型,0.6848180479318289,False,レース構造型|メンバー構成型|騎手型,0.8184108138988759,False,当日傾向型|レース構造型|メンバー構成型|騎手型,0.8758332344748159,False,当日傾向型|レース構造型|枠・コース型|メンバー構成型|騎手型,0.881036825743604,False,レース構造型,False,レース構造型|枠・コース型,False,レース構造型|枠・コース型|当日傾向型,False,レース構造型,0.4735767900411231,False,レース構造型|枠・コース型,0.760275472067804,False,レース構造型|枠・コース型|メンバー構成型,0.9033785699869266,False,当日傾向型|レース構造型|枠・コース型|メンバー構成型,0.8876337387247116,False,当日傾向型|レース構造型|枠・コース型|メンバー構成型|騎手型,0.9214933394030564,False
2025,202503010201,0.64803756878825,False,,枠・コース型,False,枠・コース型|当日傾向型,False,枠・コース型|当日傾向型|メンバー構成型,False,枠・コース型,0.4637976252651282,False,レース構造型|枠・コース型,0.6510689245903437,False,当日傾向型|レース構造型|メンバー構成型,0.7653906574255661,False,当日傾向型|枠・コース型|メンバー構成型|騎手型,0.846772120871546,False,当日傾向型|レース構造型|枠・コース型|メンバー構成型|騎手型,0.8436275462979389,False,メンバー構成型,False,メンバー構成型|枠・コース型,False,メンバー構成型|枠・コース型|当日傾向型,False,メンバー構成型,0.5164976943541205,False,枠・コース型|メンバー構成型,0.7580644231688461,False,枠・コース型|メンバー構成型|騎手型,0.8316935880426221,False,当日傾向型|レース構造型|枠・コース型|メンバー構成型,0.8951587422125112,False,当日傾向型|レース構造型|枠・コース型|メンバー構成型|騎手型,0.906425325344133,False
2025,202508040707,0.6473835348079855,True,メンバー構成型,枠・コース型,False,枠・コース型|レース構造型,False,枠・コース型|レース構造型|当日傾向型,False,枠・コース型,0.5971503852300944,False,当日傾向型|枠・コース型,0.6641263028862955,False,レース構造型|枠・コース型|騎手型,0.8645861685761156,False,当日傾向型|レース構造型|枠・コース型|メンバー構成型,0.8477386690671983,True,当日傾向型|レース構造型|枠・コース型|メンバー構成型|騎手型,0.8702262493574486,True,当日傾向型,False,当日傾向型|枠・コース型,False,当日傾向型|枠・コース型|レース構造型,False,当日傾向型,0.3747805330285303,False,レース構造型|枠・コース型,0.6550195166684866,False,当日傾向型|枠・コース型|騎手型,0.8083123209713394,False,当日傾向型|レース構造型|枠・コース型|騎手型,0.8312677426516354,False,当日傾向型|レース構造型|枠・コース型|メンバー構成型|騎手型,0.7406773334129536,True
2025,202504010612,0.6472227584421684,True,枠・コース型|メンバー構成型,枠・コース型,True,枠・コース型|レース構造型,True,枠・コース型|レース構造型|当日傾向型,True,枠・コース型,0.5433346384686604,True,当日傾向型|枠・コース型,0.7584833439301757,True,当日傾向型|枠・コース型|メンバー構成型,0.830286653041117,True,当日傾向型|レース構造型|枠・コース型|騎手型,0.8444522776753873,True,当日傾向型|レース構造型|枠・コース型|メンバー構成型|騎手型,0.9008947278824708,True,当日傾向型,False,当日傾向型|枠・コース型,True,当日傾向型|枠・コース型|メンバー構成型,True,当日傾向型,0.3860706810194155,False,当日傾向型|枠・コース型,0.7018349065392141,True,レース構造型|枠・コース型|メンバー構成型,0.8206015649765396,True,レース構造型|枠・コース型|メンバー構成型|騎手型,0.8690470918321662,True,当日傾向型|レース構造型|枠・コース型|メンバー構成型|騎手型,0.8785555550839905,True
2025,202505010711,0.6468944320897446,False,,枠・コース型,False,枠・コース型|騎手型,False,枠・コース型|騎手型|メンバー構成型,False,枠・コース型,0.37517327837806314,False,枠・コース型|メンバー構成型,0.6406083669905044,False,当日傾向型|レース構造型|メンバー構成型,0.7554180211562159,False,当日傾向型|レース構造型|枠・コース型|騎手型,0.8452876205704669,False,当日傾向型|レース構造型|枠・コース型|メンバー構成型|騎手型,0.844413274735535,False,枠・コース型,False,枠・コース型|メンバー構成型,False,枠・コース型|メンバー構成型|当日傾向型,False,枠・コース型,0.5118081751171876,False,当日傾向型|メンバー構成型,0.8916980147518861,False,当日傾向型|メンバー構成型|騎手型,0.9019245081094014,False,当日傾向型|レース構造型|枠・コース型|メンバー構成型,0.9215088934329693,False,当日傾向型|レース構造型|枠・コース型|メンバー構成型|騎手型,0.919789691581636,False
2025,202508030111,0.6466674594954536,False,,当日傾向型,False,当日傾向型|騎手型,False,当日傾向型|騎手型|枠・コース型,False,当日傾向型,0.3942897883616483,False,当日傾向型|騎手型,0.6883891973705214,False,当日傾向型|レース構造型|騎手型,0.8327515196217592,False,当日傾向型|レース構造型|枠・コース型|騎手型,0.8916677530967152,False,当日傾向型|レース構造型|枠・コース型|メンバー構成型|騎手型,0.8884009315542976,False,騎手型,False,騎手型|当日傾向型,False,騎手型|当日傾向型|枠・コース型,False,騎手型,0.39529538679173143,False,枠・コース型|騎手型,0.6753566623931907,False,レース構造型|枠・コース型|メンバー構成型,0.8301198414946862,False,レース構造型|枠・コース型|メンバー構成型|騎手型,0.8981582233550613,False,当日傾向型|レース構造型|枠・コース型|メンバー構成型|騎手型,0.922772962958128,False
2025,202508010304,0.6462008084571237,False,,レース構造型,False,レース構造型|枠・コース型,False,レース構造型|枠・コース型|当日傾向型,False,レース構造型,0.978892482051823,False,レース構造型|メンバー構成型,0.985166566979859,False,レース構造型|枠・コース型|メンバー構成型,0.989426728377428,False,当日傾向型|レース構造型|枠・コース型|メンバー構成型,0.9903524720269492,False,当日傾向型|レース構造型|枠・コース型|メンバー構成型|騎手型,0.9893252607504969,False,レース構造型,False,レース構造型|メンバー構成型,False,レース構造型|メンバー構成型|枠・コース型,False,レース構造型,0.9846611300957888,False,当日傾向型|レース構造型,0.980530265396045,False,レース構造型|メンバー構成型|騎手型,0.9846382103660632,False,当日傾向型|レース構造型|メンバー構成型|騎手型,0.9816326010738119,False,当日傾向型|レース構造型|枠・コース型|メンバー構成型|騎手型,0.9817635008762454,False
2025,202508020608,0.6460279392381255,True,当日傾向型|枠・コース型|メンバー構成型,枠・コース型,True,枠・コース型|当日傾向型,True,枠・コース型|当日傾向型|メンバー構成型,True,枠・コース型,0.5017884645640251,True,当日傾向型|メンバー構成型,0.8217361617245716,True,当日傾向型|枠・コース型|メンバー構成型,0.8878822285926368,True,当日傾向型|レース構造型|枠・コース型|メンバー構成型,0.9034462208937086,True,当日傾向型|レース構造型|枠・コース型|メンバー構成型|騎手型,0.9496432317528404,True,枠・コース型,True,枠・コース型|レース構造型,True,枠・コース型|レース構造型|当日傾向型,True,枠・コース型,0.4985163576339354,True,レース構造型|騎手型,0.7831614332778426,False,レース構造型|枠・コース型|メンバー構成型,0.8264254107449087,True,レース構造型|枠・コース型|メンバー構成型|騎手型,0.8871902298521053,True,当日傾向型|レース構造型|枠・コース型|メンバー構成型|騎手型,0.8932595468930133,True
2025,202503030604,0.6459859386487796,False,,騎手型,False,騎手型|レース構造型,False,騎手型|レース構造型|当日傾向型,False,騎手型,0.4856492072779995,False,メンバー構成型|騎手型,0.6967341654245407,False,当日傾向型|メンバー構成型|騎手型,0.7473363993040328,False,当日傾向型|枠・コース型|メンバー構成型|騎手型,0.8440153124526062,False,当日傾向型|レース構造型|枠・コース型|メンバー構成型|騎手型,0.9162180010779033,False,枠・コース型,False,枠・コース型|当日傾向型,False,枠・コース型|当日傾向型|レース構造型,False,枠・コース型,0.5799884976642612,False,レース構造型|騎手型,0.7102628367204536,False,レース構造型|枠・コース型|メンバー構成型,0.8394753870212032,False,レース構造型|枠・コース型|メンバー構成型|騎手型,0.9132890650236218,False,当日傾向型|レース構造型|枠・コース型|メンバー構成型|騎手型,0.9101515575264258,False
2025,202506050205,0.6458779836236263,True,レース構造型,レース構造型,True,レース構造型|当日傾向型,True,レース構造型|当日傾向型|枠・コース型,True,レース構造型,0.9831225790721816,True,レース構造型|騎手型,0.9836743310772672,True,レース構造型|枠・コース型|メンバー構成型,0.9869235487057864,True,レース構造型|枠・コース型|メンバー構成型|騎手型,0.988566697465069,True,当日傾向型|レース構造型|枠・コース型|メンバー構成型|騎手型,0.9902109731811879,True,レース構造型,True,レース構造型|枠・コース型,True,レース構造型|枠・コース型|当日傾向型,True,レース構造型,0.9793858723184736,True,レース構造型|騎手型,0.9809461108555445,True,レース構造型|枠・コース型|騎手型,0.9839028566043689,True,当日傾向型|レース構造型|メンバー構成型|騎手型,0.9877217843852103,True,当日傾向型|レース構造型|枠・コース型|メンバー構成型|騎手型,0.9766155650476022,True
2025,202501010311,0.6457866143135338,True,レース構造型|騎手型,レース構造型,True,レース構造型|当日傾向型,True,レース構造型|当日傾向型|枠・コース型,True,レース構造型,0.44742874035321334,True,当日傾向型|レース構造型,0.6943648299280883,True,レース構造型|メンバー構成型|騎手型,0.7736091265231623,True,レース構造型|枠・コース型|メンバー構成型|騎手型,0.8541852285567293,True,当日傾向型|レース構造型|枠・コース型|メンバー構成型|騎手型,0.8293562515867503,True,枠・コース型,False,枠・コース型|レース構造型,True,枠・コース型|レース構造型|メンバー構成型,True,枠・コース型,0.4257447533588575,False,当日傾向型|メンバー構成型,0.7423307276031071,False,当日傾向型|枠・コース型|メンバー構成型,0.8545265588260181,False,当日傾向型|レース構造型|枠・コース型|メンバー構成型,0.8951946444248411,True,当日傾向型|レース構造型|枠・コース型|メンバー構成型|騎手型,0.79268227772052,True
2025,202507050611,0.6456651131014525,False,,レース構造型,False,レース構造型|枠・コース型,False,レース構造型|枠・コース型|当日傾向型,False,レース構造型,0.41819348643176635,False,レース構造型|枠・コース型,0.7088922153576377,False,当日傾向型|レース構造型|枠・コース型,0.7966203396348378,False,当日傾向型|レース構造型|枠・コース型|メンバー構成型,0.8198118791988852,False,当日傾向型|レース構造型|枠・コース型|メンバー構成型|騎手型,0.8206241941613603,False,枠・コース型,False,枠・コース型|騎手型,False,枠・コース型|騎手型|メンバー構成型,False,枠・コース型,0.4369947004425626,False,レース構造型|枠・コース型,0.7221485540766137,False,レース構造型|枠・コース型|メンバー構成型,0.8606382280558389,False,レース構造型|枠・コース型|メンバー構成型|騎手型,0.8811074038152571,False,当日傾向型|レース構造型|枠・コース型|メンバー構成型|騎手型,0.8225534747311553,False
2025,202508010605,0.6455222286314889,True,当日傾向型|枠・コース型,当日傾向型,True,当日傾向型|レース構造型,True,当日傾向型|レース構造型|枠・コース型,True,当日傾向型,0.5853306915508846,True,当日傾向型|メンバー構成型,0.7807171271069285,True,当日傾向型|レース構造型|騎手型,0.8512073495105853,True,当日傾向型|レース構造型|メンバー構成型|騎手型,0.906634672755669,True,当日傾向型|レース構造型|枠・コース型|メンバー構成型|騎手型,0.9082056673216354,True,当日傾向型,True,当日傾向型|枠・コース型,True,当日傾向型|枠・コース型|レース構造型,True,当日傾向型,0.5407734876755511,True,当日傾向型|枠・コース型,0.7557354187449803,True,レース構造型|枠・コース型|メンバー構成型,0.8957402020731741,True,レース構造型|枠・コース型|メンバー構成型|騎手型,0.9367094913775129,True,当日傾向型|レース構造型|枠・コース型|メンバー構成型|騎手型,0.9686730910166489,True
2025,202505030610,0.6452723359864749,False,,当日傾向型,False,当日傾向型|レース構造型,False,当日傾向型|レース構造型|メンバー構成型,False,当日傾向型,0.49236053475925884,False,当日傾向型|レース構造型,0.7494884351851795,False,当日傾向型|レース構造型|メンバー構成型,0.8513736140180617,False,当日傾向型|レース構造型|枠・コース型|メンバー構成型,0.8927671470603462,False,当日傾向型|レース構造型|枠・コース型|メンバー構成型|騎手型,0.9257165540783738,False,当日傾向型,False,当日傾向型|枠・コース型,False,当日傾向型|枠・コース型|レース構造型,False,当日傾向型,0.5498737907510896,False,当日傾向型|枠・コース型,0.7543554428696162,False,当日傾向型|レース構造型|枠・コース型,0.808303408012182,False,当日傾向型|レース構造型|枠・コース型|騎手型,0.8045696905073831,False,当日傾向型|レース構造型|枠・コース型|メンバー構成型|騎手型,0.7259632671238118,False
2025,202508020311,0.6452107406040585,False,,当日傾向型,False,当日傾向型|レース構造型,False,当日傾向型|レース構造型|枠・コース型,False,当日傾向型,0.5509752500197815,False,当日傾向型|メンバー構成型,0.7257664400402984,False,当日傾向型|レース構造型|枠・コース型,0.8922709905278731,False,当日傾向型|レース構造型|枠・コース型|騎手型,0.9341744015566941,False,当日傾向型|レース構造型|枠・コース型|メンバー構成型|騎手型,0.9565139904084087,False,レース構造型,False,レース構造型|当日傾向型,False,レース構造型|当日傾向型|メンバー構成型,False,レース構造型,0.4241064974472946,False,レース構造型|騎手型,0.6604436436320058,False,当日傾向型|枠・コース型|騎手型,0.8369097032548928,False,当日傾向型|枠・コース型|メンバー構成型|騎手型,0.9368221135092457,False,当日傾向型|レース構造型|枠・コース型|メンバー構成型|騎手型,0.9029181867331956,False
2025,202503010210,0.6448428885082328,False,,当日傾向型,False,当日傾向型|枠・コース型,False,当日傾向型|枠・コース型|騎手型,False,当日傾向型,0.35709955773697594,False,当日傾向型|メンバー構成型,0.6846775263947403,False,当日傾向型|枠・コース型|メンバー構成型,0.8326330243544935,False,当日傾向型|枠・コース型|メンバー構成型|騎手型,0.8423100562171928,False,当日傾向型|レース構造型|枠・コース型|メンバー構成型|騎手型,0.8537724562666716,False,レース構造型,False,レース構造型|枠・コース型,False,レース構造型|枠・コース型|当日傾向型,False,レース構造型,0.6041917661396866,False,当日傾向型|レース構造型,0.8106734621221484,False,当日傾向型|枠・コース型|メンバー構成型,0.920880063507044,False,当日傾向型|レース構造型|枠・コース型|騎手型,0.9421294881799699,False,当日傾向型|レース構造型|枠・コース型|メンバー構成型|騎手型,0.9445874717398623,False
2025,202502010110,0.6447996633655468,False,,レース構造型,False,レース構造型|当日傾向型,False,レース構造型|当日傾向型|メンバー構成型,False,レース構造型,0.547442248525633,False,レース構造型|メンバー構成型,0.7175973382517279,False,レース構造型|枠・コース型|メンバー構成型,0.8419539306183791,False,当日傾向型|枠・コース型|メンバー構成型|騎手型,0.9103114399846863,False,当日傾向型|レース構造型|枠・コース型|メンバー構成型|騎手型,0.9531660349216343,False,レース構造型,False,レース構造型|メンバー構成型,False,レース構造型|メンバー構成型|枠・コース型,False,レース構造型,0.4592087413993015,False,枠・コース型|メンバー構成型,0.8017745322941012,False,レース構造型|枠・コース型|メンバー構成型,0.8771528258482327,False,レース構造型|枠・コース型|メンバー構成型|騎手型,0.919973361223504,False,当日傾向型|レース構造型|枠・コース型|メンバー構成型|騎手型,0.9622885991414318,False
2025,202505021012,0.6447499539618098,False,,当日傾向型,False,当日傾向型|メンバー構成型,False,当日傾向型|メンバー構成型|枠・コース型,False,当日傾向型,0.3719172431754158,False,当日傾向型|レース構造型,0.6775275873992626,False,レース構造型|メンバー構成型|騎手型,0.7639160030125294,False,当日傾向型|レース構造型|メンバー構成型|騎手型,0.8363440735754903,False,当日傾向型|レース構造型|枠・コース型|メンバー構成型|騎手型,0.7871003418770622,False,メンバー構成型,False,メンバー構成型|枠・コース型,False,メンバー構成型|枠・コース型|当日傾向型,False,メンバー構成型,0.4582079854081746,False,レース構造型|メンバー構成型,0.7958706994561752,False,当日傾向型|レース構造型|メンバー構成型,0.8719081197244476,False,当日傾向型|レース構造型|メンバー構成型|騎手型,0.9239894266006228,False,当日傾向型|レース構造型|枠・コース型|メンバー構成型|騎手型,0.9368478979602705,False
2025,202510010512,0.6445584802948775,False,,枠・コース型,False,枠・コース型|レース構造型,False,枠・コース型|レース構造型|当日傾向型,False,枠・コース型,0.541707279044111,False,当日傾向型|枠・コース型,0.7817140574474947,False,当日傾向型|枠・コース型|メンバー構成型,0.8630336843523216,False,当日傾向型|レース構造型|枠・コース型|メンバー構成型,0.9096210253113368,False,当日傾向型|レース構造型|枠・コース型|メンバー構成型|騎手型,0.9345453837791391,False,レース構造型,False,レース構造型|当日傾向型,False,レース構造型|当日傾向型|枠・コース型,False,レース構造型,0.630000936807452,False,当日傾向型|枠・コース型,0.7810995418237185,False,当日傾向型|枠・コース型|メンバー構成型,0.8858247424546181,False,当日傾向型|枠・コース型|メンバー構成型|騎手型,0.9385137849599408,False,当日傾向型|レース構造型|枠・コース型|メンバー構成型|騎手型,0.9161331273473334,False
2025,202502010606,0.6442727486929534,False,,メンバー構成型,False,メンバー構成型|レース構造型,False,メンバー構成型|レース構造型|騎手型,False,メンバー構成型,0.6051429369402309,False,レース構造型|メンバー構成型,0.6960318113812046,False,当日傾向型|枠・コース型|メンバー構成型,0.714600224447341,False,当日傾向型|枠・コース型|メンバー構成型|騎手型,0.7098293039454724,False,当日傾向型|レース構造型|枠・コース型|メンバー構成型|騎手型,0.5976285103266059,False,レース構造型,False,レース構造型|枠・コース型,False,レース構造型|枠・コース型|騎手型,False,レース構造型,0.2961283310690959,False,枠・コース型|騎手型,0.7378371343954997,False,レース構造型|枠・コース型|騎手型,0.8785529325200044,False,レース構造型|枠・コース型|メンバー構成型|騎手型,0.8934269719491679,False,当日傾向型|レース構造型|枠・コース型|メンバー構成型|騎手型,0.9143919516930342,False
2025,202502010405,0.6437282877384606,False,,レース構造型,False,レース構造型|当日傾向型,False,レース構造型|当日傾向型|枠・コース型,False,レース構造型,0.97577769411442,False,当日傾向型|レース構造型,0.9831057774815622,False,レース構造型|枠・コース型|メンバー構成型,0.986952725107278,False,当日傾向型|レース構造型|枠・コース型|メンバー構成型,0.9871509623162564,False,当日傾向型|レース構造型|枠・コース型|メンバー構成型|騎手型,0.9886370827457113,False,レース構造型,False,レース構造型|枠・コース型,False,レース構造型|枠・コース型|メンバー構成型,False,レース構造型,0.9773831429776985,False,レース構造型|騎手型,0.9793219966951238,False,レース構造型|メンバー構成型|騎手型,0.9847295535335183,False,レース構造型|枠・コース型|メンバー構成型|騎手型,0.989618650883519,False,当日傾向型|レース構造型|枠・コース型|メンバー構成型|騎手型,0.9864696360974746,False
2025,202507010207,0.6436771926373367,False,,枠・コース型,False,枠・コース型|メンバー構成型,False,枠・コース型|メンバー構成型|騎手型,False,枠・コース型,0.43455787781644073,False,当日傾向型|メンバー構成型,0.5555282047925184,False,枠・コース型|メンバー構成型|騎手型,0.6633004831976634,False,当日傾向型|レース構造型|メンバー構成型|騎手型,0.6711656598679007,False,当日傾向型|レース構造型|枠・コース型|メンバー構成型|騎手型,0.6065920016022521,False,枠・コース型,False,枠・コース型|メンバー構成型,False,枠・コース型|メンバー構成型|当日傾向型,False,枠・コース型,0.4296140809035559,False,枠・コース型|メンバー構成型,0.6393512740689596,False,当日傾向型|レース構造型|メンバー構成型,0.8041706076775433,False,レース構造型|枠・コース型|メンバー構成型|騎手型,0.901591032569591,False,当日傾向型|レース構造型|枠・コース型|メンバー構成型|騎手型,0.936960375467213,False
2025,202505010109,0.643451605093292,False,,メンバー構成型,False,メンバー構成型|レース構造型,False,メンバー構成型|レース構造型|当日傾向型,False,メンバー構成型,0.5498129085161618,False,枠・コース型|メンバー構成型,0.6848419978451649,False,当日傾向型|レース構造型|枠・コース型,0.8215162469707878,False,レース構造型|枠・コース型|メンバー構成型|騎手型,0.8848217220273249,False,当日傾向型|レース構造型|枠・コース型|メンバー構成型|騎手型,0.8884344735204109,False,レース構造型,False,レース構造型|メンバー構成型,False,レース構造型|メンバー構成型|当日傾向型,False,レース構造型,0.5182889864862827,False,当日傾向型|メンバー構成型,0.763561236644463,False,レース構造型|枠・コース型|メンバー構成型,0.8243413089559827,False,レース構造型|枠・コース型|メンバー構成型|騎手型,0.9337665706986418,False,当日傾向型|レース構造型|枠・コース型|メンバー構成型|騎手型,0.9561688764440398,False
2025,202509040206,0.6431057299630304,False,,メンバー構成型,False,メンバー構成型|枠・コース型,False,メンバー構成型|枠・コース型|レース構造型,False,メンバー構成型,0.49151378923150596,False,レース構造型|枠・コース型,0.7302865627291724,False,レース構造型|枠・コース型|メンバー構成型,0.8782938831294129,False,レース構造型|枠・コース型|メンバー構成型|騎手型,0.9270499204912988,False,当日傾向型|レース構造型|枠・コース型|メンバー構成型|騎手型,0.957852951206175,False,レース構造型,False,レース構造型|枠・コース型,False,レース構造型|枠・コース型|メンバー構成型,False,レース構造型,0.4804678503228417,False,枠・コース型|メンバー構成型,0.8070368757817917,False,レース構造型|枠・コース型|メンバー構成型,0.916579213735009,False,レース構造型|枠・コース型|メンバー構成型|騎手型,0.9487612385570072,False,当日傾向型|レース構造型|枠・コース型|メンバー構成型|騎手型,0.965022353614255,False
2025,202509020810,0.6426846796289607,False,,枠・コース型,False,枠・コース型|レース構造型,False,枠・コース型|レース構造型|当日傾向型,False,枠・コース型,0.3933645390702361,False,枠・コース型|メンバー構成型,0.7171284248657839,False,レース構造型|枠・コース型|メンバー構成型,0.6894984910075477,False,レース構造型|枠・コース型|メンバー構成型|騎手型,0.804894811121689,False,当日傾向型|レース構造型|枠・コース型|メンバー構成型|騎手型,0.6802566357537153,False,レース構造型,False,レース構造型|枠・コース型,False,レース構造型|枠・コース型|当日傾向型,False,レース構造型,0.4075738201610897,False,当日傾向型|メンバー構成型,0.7618340203829519,False,当日傾向型|レース構造型|メンバー構成型,0.867190910803441,False,当日傾向型|レース構造型|メンバー構成型|騎手型,0.8969808598400191,False,当日傾向型|レース構造型|枠・コース型|メンバー構成型|騎手型,0.932331526736043,False
2025,202509010712,0.64259497723953,False,,レース構造型,False,レース構造型|当日傾向型,False,レース構造型|当日傾向型|枠・コース型,False,レース構造型,0.4673303160043927,False,レース構造型|メンバー構成型,0.6316896190417148,False,レース構造型|枠・コース型|メンバー構成型,0.7348981449211758,False,レース構造型|枠・コース型|メンバー構成型|騎手型,0.787508661248497,False,当日傾向型|レース構造型|枠・コース型|メンバー構成型|騎手型,0.765593982404414,False,当日傾向型,False,当日傾向型|メンバー構成型,False,当日傾向型|メンバー構成型|レース構造型,False,当日傾向型,0.5411605119036588,False,当日傾向型|レース構造型,0.7586837633079471,False,当日傾向型|レース構造型|枠・コース型,0.8853008536478963,False,当日傾向型|レース構造型|枠・コース型|騎手型,0.9183787359080365,False,当日傾向型|レース構造型|枠・コース型|メンバー構成型|騎手型,0.9447741710097228,False
2025,202506010906,0.642568435902987,False,,メンバー構成型,False,メンバー構成型|当日傾向型,False,メンバー構成型|当日傾向型|枠・コース型,False,メンバー構成型,0.4431754813726085,False,当日傾向型|メンバー構成型,0.5761011778500229,False,当日傾向型|レース構造型|メンバー構成型,0.6133592805796102,False,当日傾向型|レース構造型|メンバー構成型|騎手型,0.653970589999414,False,当日傾向型|レース構造型|枠・コース型|メンバー構成型|騎手型,0.4616071050814115,False,メンバー構成型,False,メンバー構成型|レース構造型,False,メンバー構成型|レース構造型|枠・コース型,False,メンバー構成型,0.6598566934559306,False,当日傾向型|メンバー構成型,0.7641782725767318,False,当日傾向型|レース構造型|枠・コース型,0.8882570244862646,False,当日傾向型|レース構造型|枠・コース型|メンバー構成型,0.9162638186206571,False,当日傾向型|レース構造型|枠・コース型|メンバー構成型|騎手型,0.8963860595309882,False
2025,202505040409,0.6425319703162443,True,レース構造型|メンバー構成型,当日傾向型,False,当日傾向型|枠・コース型,False,当日傾向型|枠・コース型|レース構造型,True,当日傾向型,0.3014220930178033,False,当日傾向型|騎手型,0.6138473050086283,False,レース構造型|メンバー構成型|騎手型,0.7221730145369282,True,当日傾向型|レース構造型|枠・コース型|騎手型,0.8428811852040662,True,当日傾向型|レース構造型|枠・コース型|メンバー構成型|騎手型,0.863547526801365,True,当日傾向型,False,当日傾向型|レース構造型,True,当日傾向型|レース構造型|枠・コース型,True,当日傾向型,0.38757623218214987,False,当日傾向型|レース構造型,0.716388505010188,True,枠・コース型|メンバー構成型|騎手型,0.8531062380735512,True,当日傾向型|枠・コース型|メンバー構成型|騎手型,0.9002878221025186,True,当日傾向型|レース構造型|枠・コース型|メンバー構成型|騎手型,0.8664914214602929,True
2025,202509020611,0.6425191381226012,False,,メンバー構成型,False,メンバー構成型|レース構造型,False,メンバー構成型|レース構造型|枠・コース型,False,メンバー構成型,0.46932413361337477,False,枠・コース型|メンバー構成型,0.7780004360446456,False,当日傾向型|レース構造型|枠・コース型,0.845313362707977,False,レース構造型|枠・コース型|メンバー構成型|騎手型,0.9244948109271327,False,当日傾向型|レース構造型|枠・コース型|メンバー構成型|騎手型,0.9650498092830215,False,メンバー構成型,False,メンバー構成型|枠・コース型,False,メンバー構成型|枠・コース型|レース構造型,False,メンバー構成型,0.6010180647976863,False,枠・コース型|メンバー構成型,0.7503675038542685,False,レース構造型|枠・コース型|メンバー構成型,0.8697115949518516,False,レース構造型|枠・コース型|メンバー構成型|騎手型,0.9363228548223836,False,当日傾向型|レース構造型|枠・コース型|メンバー構成型|騎手型,0.9357881256712438,False
2025,202505021110,0.6418928918718865,False,,レース構造型,False,レース構造型|枠・コース型,False,レース構造型|枠・コース型|当日傾向型,False,レース構造型,0.5502058453099242,False,レース構造型|メンバー構成型,0.7774892009436686,False,当日傾向型|レース構造型|枠・コース型,0.8862255525667614,False,当日傾向型|レース構造型|枠・コース型|メンバー構成型,0.9438451727184679,False,当日傾向型|レース構造型|枠・コース型|メンバー構成型|騎手型,0.9542685792382489,False,枠・コース型,False,枠・コース型|レース構造型,False,枠・コース型|レース構造型|当日傾向型,False,枠・コース型,0.5605321873736102,False,当日傾向型|枠・コース型,0.821111046943084,False,レース構造型|メンバー構成型|騎手型,0.8343386493877629,False,当日傾向型|レース構造型|枠・コース型|メンバー構成型,0.9145744501463716,False,当日傾向型|レース構造型|枠・コース型|メンバー構成型|騎手型,0.921348170723229,False
2025,202508030506,0.6412333872763227,False,,レース構造型,False,レース構造型|当日傾向型,False,レース構造型|当日傾向型|メンバー構成型,False,レース構造型,0.9811567514615125,False,レース構造型|枠・コース型,0.9850652569142686,False,レース構造型|枠・コース型|メンバー構成型,0.9870564641536154,False,当日傾向型|レース構造型|枠・コース型|メンバー構成型,0.9890652542289491,False,当日傾向型|レース構造型|枠・コース型|メンバー構成型|騎手型,0.9887671239315946,False,レース構造型,False,レース構造型|当日傾向型,False,レース構造型|当日傾向型|メンバー構成型,False,レース構造型,0.9822145842444171,False,レース構造型|枠・コース型,0.9851033394604825,False,レース構造型|枠・コース型|メンバー構成型,0.9856585811321935,False,当日傾向型|レース構造型|枠・コース型|メンバー構成型,0.9884562632382315,False,当日傾向型|レース構造型|枠・コース型|メンバー構成型|騎手型,0.9790748903893653,False
2025,202507050312,0.6407135928931547,True,当日傾向型|レース構造型|枠・コース型|メンバー構成型,騎手型,False,騎手型|レース構造型,True,騎手型|レース構造型|当日傾向型,True,騎手型,0.3645162021120115,False,当日傾向型|騎手型,0.5478042232362333,True,当日傾向型|レース構造型|騎手型,0.6669007885452096,True,当日傾向型|レース構造型|枠・コース型|騎手型,0.7704149920379586,True,当日傾向型|レース構造型|枠・コース型|メンバー構成型|騎手型,0.7360956521865006,True,メンバー構成型,True,メンバー構成型|枠・コース型,True,メンバー構成型|枠・コース型|当日傾向型,True,メンバー構成型,0.45184097898115794,True,当日傾向型|メンバー構成型,0.7209469880396101,True,当日傾向型|レース構造型|メンバー構成型,0.8602535801944684,True,当日傾向型|レース構造型|枠・コース型|騎手型,0.8917619978321182,True,当日傾向型|レース構造型|枠・コース型|メンバー構成型|騎手型,0.739583679432833,True
2025,202510011112,0.6407037150498287,True,当日傾向型|枠・コース型|メンバー構成型,枠・コース型,True,枠・コース型|メンバー構成型,True,枠・コース型|メンバー構成型|レース構造型,True,枠・コース型,0.5117798185390781,True,当日傾向型|枠・コース型,0.6333347733708593,True,枠・コース型|メンバー構成型|騎手型,0.7283500190350967,True,当日傾向型|枠・コース型|メンバー構成型|騎手型,0.8513648147370859,True,当日傾向型|レース構造型|枠・コース型|メンバー構成型|騎手型,0.7736312127281323,True,レース構造型,False,レース構造型|枠・コース型,True,レース構造型|枠・コース型|当日傾向型,True,レース構造型,0.6423211042583922,False,枠・コース型|騎手型,0.7948759977939259,True,レース構造型|枠・コース型|騎手型,0.8961569451385996,True,当日傾向型|レース構造型|枠・コース型|騎手型,0.8993777651353815,True,当日傾向型|レース構造型|枠・コース型|メンバー構成型|騎手型,0.9302966494702929,True
2025,202505040112,0.6407032060071943,False,,当日傾向型,False,当日傾向型|レース構造型,False,当日傾向型|レース構造型|枠・コース型,False,当日傾向型,0.5104116817002557,False,当日傾向型|メンバー構成型,0.7980498462113801,False,当日傾向型|レース構造型|メンバー構成型,0.8929121191326185,False,当日傾向型|レース構造型|枠・コース型|メンバー構成型,0.9106858948610927,False,当日傾向型|レース構造型|枠・コース型|メンバー構成型|騎手型,0.9214670961565179,False,当日傾向型,False,当日傾向型|枠・コース型,False,当日傾向型|枠・コース型|レース構造型,False,当日傾向型,0.6153381065003608,False,レース構造型|枠・コース型,0.8414657795950128,False,当日傾向型|レース構造型|枠・コース型,0.9316749186305097,False,当日傾向型|レース構造型|枠・コース型|騎手型,0.962874054640178,False,当日傾向型|レース構造型|枠・コース型|メンバー構成型|騎手型,0.9351256666178456,False
2025,202501010612,0.6405397833655355,False,,当日傾向型,False,当日傾向型|枠・コース型,False,当日傾向型|枠・コース型|レース構造型,False,当日傾向型,0.41440909013289107,False,当日傾向型|レース構造型,0.6547943061744426,False,当日傾向型|レース構造型|騎手型,0.7895958599142621,False,レース構造型|枠・コース型|メンバー構成型|騎手型,0.8475929901276367,False,当日傾向型|レース構造型|枠・コース型|メンバー構成型|騎手型,0.8005197010633839,False,レース構造型,False,レース構造型|枠・コース型,False,レース構造型|枠・コース型|当日傾向型,False,レース構造型,0.6777813818921895,False,当日傾向型|レース構造型,0.8567275444975534,False,レース構造型|メンバー構成型|騎手型,0.8759258889382482,False,レース構造型|枠・コース型|メンバー構成型|騎手型,0.9088201696312086,False,当日傾向型|レース構造型|枠・コース型|メンバー構成型|騎手型,0.8979076565753813,False
2025,202506040811,0.6404266493509845,True,,当日傾向型,False,当日傾向型|枠・コース型,False,当日傾向型|枠・コース型|レース構造型,False,当日傾向型,0.5930851127078401,False,当日傾向型|レース構造型,0.7816890328137965,False,当日傾向型|メンバー構成型|騎手型,0.8001429569513328,False,当日傾向型|レース構造型|枠・コース型|メンバー構成型,0.7327067952594348,False,当日傾向型|レース構造型|枠・コース型|メンバー構成型|騎手型,0.6825000394637367,False,レース構造型,False,レース構造型|当日傾向型,False,レース構造型|当日傾向型|メンバー構成型,False,レース構造型,0.2404629575613522,False,当日傾向型|レース構造型,0.5135273871682438,False,当日傾向型|レース構造型|枠・コース型,0.6876370140222091,False,当日傾向型|レース構造型|枠・コース型|メンバー構成型,0.7332702940627924,False,当日傾向型|レース構造型|枠・コース型|メンバー構成型|騎手型,0.6067996142553762,False
2025,202503030411,0.6404079289701669,False,,メンバー構成型,False,メンバー構成型|枠・コース型,False,メンバー構成型|枠・コース型|レース構造型,False,メンバー構成型,0.38294506594550093,False,メンバー構成型|騎手型,0.6769938821470843,False,当日傾向型|レース構造型|騎手型,0.7989816622122233,False,当日傾向型|レース構造型|メンバー構成型|騎手型,0.8835455592920426,False,当日傾向型|レース構造型|枠・コース型|メンバー構成型|騎手型,0.9047628861215383,False,レース構造型,False,レース構造型|当日傾向型,False,レース構造型|当日傾向型|枠・コース型,False,レース構造型,0.6048710580612515,False,レース構造型|メンバー構成型,0.7426536194054811,False,レース構造型|メンバー構成型|騎手型,0.8359906622657428,False,当日傾向型|レース構造型|枠・コース型|騎手型,0.9045153989304912,False,当日傾向型|レース構造型|枠・コース型|メンバー構成型|騎手型,0.8704770263645483,False
2025,202501020306,0.6403548619824311,True,当日傾向型|枠・コース型,レース構造型,False,レース構造型|枠・コース型,True,レース構造型|枠・コース型|当日傾向型,True,レース構造型,0.47745424846313517,False,当日傾向型|騎手型,0.634062154901752,True,当日傾向型|レース構造型|メンバー構成型,0.7040606119396601,True,当日傾向型|レース構造型|メンバー構成型|騎手型,0.7336116030775625,True,当日傾向型|レース構造型|枠・コース型|メンバー構成型|騎手型,0.7958223133601819,True,当日傾向型,True,当日傾向型|レース構造型,True,当日傾向型|レース構造型|騎手型,True,当日傾向型,0.4335204003579268,True,レース構造型|枠・コース型,0.7312788431190648,True,当日傾向型|レース構造型|メンバー構成型,0.8172375994402453,True,当日傾向型|レース構造型|メンバー構成型|騎手型,0.8606827653929212,True,当日傾向型|レース構造型|枠・コース型|メンバー構成型|騎手型,0.8135907343128066,True
2025,202501010207,0.6403543409213771,True,当日傾向型|レース構造型|枠・コース型,当日傾向型,True,当日傾向型|メンバー構成型,True,当日傾向型|メンバー構成型|枠・コース型,True,当日傾向型,0.4537310293092638,True,当日傾向型|枠・コース型,0.7536688349941403,True,当日傾向型|枠・コース型|メンバー構成型,0.852893669306145,True,当日傾向型|レース構造型|枠・コース型|メンバー構成型,0.915455212612867,True,当日傾向型|レース構造型|枠・コース型|メンバー構成型|騎手型,0.9541665753960626,True,枠・コース型,True,枠・コース型|当日傾向型,True,枠・コース型|当日傾向型|メンバー構成型,True,枠・コース型,0.5568182885426028,True,枠・コース型|メンバー構成型,0.7650777676998982,True,当日傾向型|枠・コース型|メンバー構成型,0.90816815562684,True,レース構造型|枠・コース型|メンバー構成型|騎手型,0.8946504109102612,True,当日傾向型|レース構造型|枠・コース型|メンバー構成型|騎手型,0.8980296903582962,True
2025,202510010309,0.6396874959952907,False,,当日傾向型,False,当日傾向型|枠・コース型,False,当日傾向型|枠・コース型|レース構造型,False,当日傾向型,0.5523444755792751,False,当日傾向型|枠・コース型,0.7539887822577223,False,当日傾向型|枠・コース型|メンバー構成型,0.8745813546788682,False,当日傾向型|レース構造型|枠・コース型|騎手型,0.9061036898226431,False,当日傾向型|レース構造型|枠・コース型|メンバー構成型|騎手型,0.884496411372374,False,メンバー構成型,False,メンバー構成型|枠・コース型,False,メンバー構成型|枠・コース型|当日傾向型,False,メンバー構成型,0.5504458143380621,False,当日傾向型|メンバー構成型,0.7254962373442233,False,当日傾向型|枠・コース型|メンバー構成型,0.9147238280900245,False,当日傾向型|レース構造型|枠・コース型|メンバー構成型,0.9253367049331583,False,当日傾向型|レース構造型|枠・コース型|メンバー構成型|騎手型,0.9114261798995189,False
2025,202503010311,0.6395777009643326,False,,枠・コース型,False,枠・コース型|当日傾向型,False,枠・コース型|当日傾向型|レース構造型,False,枠・コース型,0.5846950908154616,False,当日傾向型|枠・コース型,0.7176868266803238,False,当日傾向型|レース構造型|枠・コース型,0.7857855553460236,False,当日傾向型|レース構造型|枠・コース型|メンバー構成型,0.8788439943867888,False,当日傾向型|レース構造型|枠・コース型|メンバー構成型|騎手型,0.7451190333536956,False,当日傾向型,False,当日傾向型|枠・コース型,False,当日傾向型|枠・コース型|メンバー構成型,False,当日傾向型,0.4566343822887576,False,当日傾向型|枠・コース型,0.7807156788447968,False,当日傾向型|枠・コース型|メンバー構成型,0.9147883945210559,False,当日傾向型|枠・コース型|メンバー構成型|騎手型,0.9087431233002597,False,当日傾向型|レース構造型|枠・コース型|メンバー構成型|騎手型,0.872392436474391,False
2025,202503020611,0.6393867090535968,False,,枠・コース型,False,枠・コース型|当日傾向型,False,枠・コース型|当日傾向型|レース構造型,False,枠・コース型,0.5166077829777229,False,レース構造型|枠・コース型,0.7345499407444459,False,レース構造型|枠・コース型|メンバー構成型,0.827950031705958,False,当日傾向型|レース構造型|枠・コース型|メンバー構成型,0.8766272982728321,False,当日傾向型|レース構造型|枠・コース型|メンバー構成型|騎手型,0.8196628073284591,False,枠・コース型,False,枠・コース型|騎手型,False,枠・コース型|騎手型|当日傾向型,False,枠・コース型,0.486765465872557,False,枠・コース型|騎手型,0.7191344098689929,False,枠・コース型|メンバー構成型|騎手型,0.850991193511978,False,当日傾向型|枠・コース型|メンバー構成型|騎手型,0.914615600432177,False,当日傾向型|レース構造型|枠・コース型|メンバー構成型|騎手型,0.9043510735930538,False
2025,202506020608,0.6393623838480382,True,,枠・コース型,False,枠・コース型|当日傾向型,False,枠・コース型|当日傾向型|メンバー構成型,False,枠・コース型,0.5090088196339769,False,当日傾向型|枠・コース型,0.68327370854107,False,当日傾向型|枠・コース型|メンバー構成型,0.8349837710795714,False,当日傾向型|レース構造型|枠・コース型|メンバー構成型,0.8044418840851573,False,当日傾向型|レース構造型|枠・コース型|メンバー構成型|騎手型,0.7840525127906934,False,当日傾向型,False,当日傾向型|枠・コース型,False,当日傾向型|枠・コース型|騎手型,False,当日傾向型,0.5108759890795193,False,当日傾向型|枠・コース型,0.8456845674718562,False,当日傾向型|枠・コース型|メンバー構成型,0.8872979317484629,False,当日傾向型|レース構造型|枠・コース型|メンバー構成型,0.9424595029635104,False,当日傾向型|レース構造型|枠・コース型|メンバー構成型|騎手型,0.9520850540458295,False
2025,202507010412,0.6391189621018728,False,,当日傾向型,False,当日傾向型|レース構造型,False,当日傾向型|レース構造型|枠・コース型,False,当日傾向型,0.5378226449923177,False,当日傾向型|メンバー構成型,0.7174795878896131,False,当日傾向型|枠・コース型|メンバー構成型,0.8079063401993961,False,当日傾向型|レース構造型|枠・コース型|メンバー構成型,0.8872907766819779,False,当日傾向型|レース構造型|枠・コース型|メンバー構成型|騎手型,0.8921303637743847,False,メンバー構成型,False,メンバー構成型|当日傾向型,False,メンバー構成型|当日傾向型|枠・コース型,False,メンバー構成型,0.45131817432402577,False,レース構造型|枠・コース型,0.7309038451274227,False,当日傾向型|メンバー構成型|騎手型,0.8043165397047637,False,当日傾向型|レース構造型|枠・コース型|メンバー構成型,0.9087282093906691,False,当日傾向型|レース構造型|枠・コース型|メンバー構成型|騎手型,0.9551806844517267,False
2025,202506020507,0.6389550347748318,False,,レース構造型,False,レース構造型|メンバー構成型,False,レース構造型|メンバー構成型|当日傾向型,False,レース構造型,0.5843665483529298,False,当日傾向型|レース構造型,0.6895595295999859,False,当日傾向型|レース構造型|騎手型,0.8980691782849455,False,当日傾向型|レース構造型|メンバー構成型|騎手型,0.9220259598389676,False,当日傾向型|レース構造型|枠・コース型|メンバー構成型|騎手型,0.9572254168352915,False,レース構造型,False,レース構造型|メンバー構成型,False,レース構造型|メンバー構成型|当日傾向型,False,レース構造型,0.4564258498626422,False,枠・コース型|メンバー構成型,0.7806909916728704,False,当日傾向型|レース構造型|メンバー構成型,0.8843006089147418,False,レース構造型|枠・コース型|メンバー構成型|騎手型,0.9298549656867428,False,当日傾向型|レース構造型|枠・コース型|メンバー構成型|騎手型,0.9569553168932041,False
2025,202504020503,0.6376638540192715,False,,レース構造型,False,レース構造型|当日傾向型,False,レース構造型|当日傾向型|枠・コース型,False,レース構造型,0.9828037829306732,False,当日傾向型|レース構造型,0.9853887137218476,False,当日傾向型|レース構造型|メンバー構成型,0.9874534409316723,False,レース構造型|枠・コース型|メンバー構成型|騎手型,0.9886494337334679,False,当日傾向型|レース構造型|枠・コース型|メンバー構成型|騎手型,0.9904823778215918,False,レース構造型,False,レース構造型|当日傾向型,False,レース構造型|当日傾向型|枠・コース型,False,レース構造型,0.9814607542892105,False,レース構造型|枠・コース型,0.9793872266617483,False,レース構造型|枠・コース型|メンバー構成型,0.9856529557188197,False,レース構造型|枠・コース型|メンバー構成型|騎手型,0.9855974610706223,False,当日傾向型|レース構造型|枠・コース型|メンバー構成型|騎手型,0.9788292223854053,False
2025,202507010105,0.6375731615412018,False,,レース構造型,False,レース構造型|当日傾向型,False,レース構造型|当日傾向型|枠・コース型,False,レース構造型,0.9847351883742929,False,レース構造型|騎手型,0.9830058037346863,False,当日傾向型|レース構造型|枠・コース型,0.9881913486625018,False,当日傾向型|レース構造型|枠・コース型|メンバー構成型,0.9868711088619649,False,当日傾向型|レース構造型|枠・コース型|メンバー構成型|騎手型,0.983436656767341,False,レース構造型,False,レース構造型|当日傾向型,False,レース構造型|当日傾向型|メンバー構成型,False,レース構造型,0.983159201058653,False,レース構造型|枠・コース型,0.9842189596256413,False,レース構造型|メンバー構成型|騎手型,0.9812589828482708,False,当日傾向型|レース構造型|枠・コース型|メンバー構成型,0.9849052265271341,False,当日傾向型|レース構造型|枠・コース型|メンバー構成型|騎手型,0.9849671824285137,False
2025,202506050311,0.6374836064125989,True,メンバー構成型,メンバー構成型,True,メンバー構成型|当日傾向型,True,メンバー構成型|当日傾向型|レース構造型,True,メンバー構成型,0.4671193731034898,True,レース構造型|メンバー構成型,0.6610070145631955,True,レース構造型|枠・コース型|メンバー構成型,0.8676935918653934,True,レース構造型|枠・コース型|メンバー構成型|騎手型,0.8782525578215091,True,当日傾向型|レース構造型|枠・コース型|メンバー構成型|騎手型,0.8824577726613321,True,当日傾向型,False,当日傾向型|メンバー構成型,True,当日傾向型|メンバー構成型|枠・コース型,True,当日傾向型,0.38161961373922015,False,当日傾向型|レース構造型,0.7112060410438164,False,レース構造型|枠・コース型|メンバー構成型,0.7696175460079158,True,当日傾向型|レース構造型|枠・コース型|騎手型,0.8473017719524283,False,当日傾向型|レース構造型|枠・コース型|メンバー構成型|騎手型,0.8611336469734205,True
2025,202508010704,0.6366376547315871,True,当日傾向型|レース構造型|枠・コース型,レース構造型,True,レース構造型|枠・コース型,True,レース構造型|枠・コース型|当日傾向型,True,レース構造型,0.9776199262404459,True,レース構造型|枠・コース型,0.9843742766781918,True,レース構造型|枠・コース型|騎手型,0.9877347404119818,True,レース構造型|枠・コース型|メンバー構成型|騎手型,0.9895088034913069,True,当日傾向型|レース構造型|枠・コース型|メンバー構成型|騎手型,0.9891939653090625,True,レース構造型,True,レース構造型|当日傾向型,True,レース構造型|当日傾向型|枠・コース型,True,レース構造型,0.9764875953596158,True,レース構造型|枠・コース型,0.9833178682964206,True,レース構造型|枠・コース型|メンバー構成型,0.9854646439096946,True,当日傾向型|レース構造型|メンバー構成型|騎手型,0.9872948139149601,True,当日傾向型|レース構造型|枠・コース型|メンバー構成型|騎手型,0.9767092825815963,True
2025,202506020810,0.6366361630851842,False,,当日傾向型,False,当日傾向型|レース構造型,False,当日傾向型|レース構造型|枠・コース型,False,当日傾向型,0.502411534187805,False,レース構造型|枠・コース型,0.8040770379243773,False,当日傾向型|レース構造型|枠・コース型,0.883462221904569,False,当日傾向型|レース構造型|枠・コース型|メンバー構成型,0.9309349042515513,False,当日傾向型|レース構造型|枠・コース型|メンバー構成型|騎手型,0.8841354601194358,False,メンバー構成型,False,メンバー構成型|当日傾向型,False,メンバー構成型|当日傾向型|枠・コース型,False,メンバー構成型,0.39077381017418567,False,当日傾向型|メンバー構成型,0.8055146337609783,False,当日傾向型|枠・コース型|メンバー構成型,0.8794569374664385,False,当日傾向型|枠・コース型|メンバー構成型|騎手型,0.9307050433054077,False,当日傾向型|レース構造型|枠・コース型|メンバー構成型|騎手型,0.9277961398232297,False
2025,202509030310,0.6365443375501945,False,,レース構造型,False,レース構造型|当日傾向型,False,レース構造型|当日傾向型|枠・コース型,False,レース構造型,0.4057964855690083,False,枠・コース型|メンバー構成型,0.7471006810566484,False,レース構造型|枠・コース型|メンバー構成型,0.829083545051457,False,当日傾向型|レース構造型|枠・コース型|メンバー構成型,0.8951059763614855,False,当日傾向型|レース構造型|枠・コース型|メンバー構成型|騎手型,0.907562137700133,False,当日傾向型,False,当日傾向型|枠・コース型,False,当日傾向型|枠・コース型|レース構造型,False,当日傾向型,0.6362584125015677,False,当日傾向型|メンバー構成型,0.7865671393438104,False,当日傾向型|メンバー構成型|騎手型,0.8938158029116245,False,当日傾向型|レース構造型|枠・コース型|騎手型,0.941849242014112,False,当日傾向型|レース構造型|枠・コース型|メンバー構成型|騎手型,0.8923074535363476,False
2025,202508030711,0.6363505493132453,False,,レース構造型,False,レース構造型|当日傾向型,False,レース構造型|当日傾向型|メンバー構成型,False,レース構造型,0.47215747988456175,False,当日傾向型|レース構造型,0.7670420830173499,False,当日傾向型|レース構造型|枠・コース型,0.8717505438474963,False,当日傾向型|レース構造型|枠・コース型|メンバー構成型,0.9277864219463552,False,当日傾向型|レース構造型|枠・コース型|メンバー構成型|騎手型,0.9359836667959459,False,当日傾向型,False,当日傾向型|レース構造型,False,当日傾向型|レース構造型|メンバー構成型,False,当日傾向型,0.6261660558278954,False,レース構造型|枠・コース型,0.7328097760765637,False,当日傾向型|枠・コース型|メンバー構成型,0.8996399820115513,False,当日傾向型|レース構造型|枠・コース型|メンバー構成型,0.9530263893814136,False,当日傾向型|レース構造型|枠・コース型|メンバー構成型|騎手型,0.9586026795429309,False
2025,202505050504,0.6361728390935312,False,,レース構造型,False,レース構造型|枠・コース型,False,レース構造型|枠・コース型|メンバー構成型,False,レース構造型,0.9788868921767795,False,レース構造型|メンバー構成型,0.9867065003180533,False,レース構造型|枠・コース型|メンバー構成型,0.9880718052074388,False,レース構造型|枠・コース型|メンバー構成型|騎手型,0.9885144433474187,False,当日傾向型|レース構造型|枠・コース型|メンバー構成型|騎手型,0.9885489595323566,False,レース構造型,False,レース構造型|当日傾向型,False,レース構造型|当日傾向型|メンバー構成型,False,レース構造型,0.9808450393389052,False,レース構造型|メンバー構成型,0.9806362729126682,False,レース構造型|メンバー構成型|騎手型,0.9848677251751129,False,当日傾向型|レース構造型|枠・コース型|メンバー構成型,0.9847535529746748,False,当日傾向型|レース構造型|枠・コース型|メンバー構成型|騎手型,0.9827221661920366,False
2025,202510011207,0.6360810697368949,True,当日傾向型,騎手型,False,騎手型|レース構造型,False,騎手型|レース構造型|当日傾向型,True,騎手型,0.48508119772661157,False,レース構造型|メンバー構成型,0.755165926747814,False,当日傾向型|レース構造型|メンバー構成型,0.881225570878205,True,当日傾向型|レース構造型|メンバー構成型|騎手型,0.9089545715651244,True,当日傾向型|レース構造型|枠・コース型|メンバー構成型|騎手型,0.8177729908608165,True,メンバー構成型,False,メンバー構成型|レース構造型,False,メンバー構成型|レース構造型|枠・コース型,False,メンバー構成型,0.3696663283785096,False,当日傾向型|騎手型,0.7072615298054086,True,当日傾向型|レース構造型|騎手型,0.7947856366747706,True,当日傾向型|レース構造型|枠・コース型|騎手型,0.8958197533060852,True,当日傾向型|レース構造型|枠・コース型|メンバー構成型|騎手型,0.8097224559234086,True
2025,202504020509,0.6360652390669569,False,,枠・コース型,False,枠・コース型|レース構造型,False,枠・コース型|レース構造型|当日傾向型,False,枠・コース型,0.5042596214890319,False,レース構造型|枠・コース型,0.7659621032819948,False,レース構造型|枠・コース型|メンバー構成型,0.8895183756430668,False,レース構造型|枠・コース型|メンバー構成型|騎手型,0.9389475096089938,False,当日傾向型|レース構造型|枠・コース型|メンバー構成型|騎手型,0.9384008242467188,False,メンバー構成型,False,メンバー構成型|枠・コース型,False,メンバー構成型|枠・コース型|当日傾向型,False,メンバー構成型,0.5155123840179782,False,枠・コース型|メンバー構成型,0.7707939464193353,False,当日傾向型|枠・コース型|騎手型,0.9016136766911108,False,当日傾向型|レース構造型|枠・コース型|騎手型,0.9338127453150459,False,当日傾向型|レース構造型|枠・コース型|メンバー構成型|騎手型,0.9566558097100885,False
2025,202509050306,0.6358171664112577,False,,レース構造型,False,レース構造型|枠・コース型,False,レース構造型|枠・コース型|当日傾向型,False,レース構造型,0.973894086143358,False,レース構造型|枠・コース型,0.9838767988758963,False,レース構造型|枠・コース型|騎手型,0.9851897818020193,False,当日傾向型|レース構造型|枠・コース型|メンバー構成型,0.9872570440078492,False,当日傾向型|レース構造型|枠・コース型|メンバー構成型|騎手型,0.9896266525420432,False,レース構造型,False,レース構造型|当日傾向型,False,レース構造型|当日傾向型|枠・コース型,False,レース構造型,0.9811071537988096,False,レース構造型|メンバー構成型,0.9792448982493356,False,レース構造型|枠・コース型|メンバー構成型,0.9836370930109238,False,当日傾向型|レース構造型|メンバー構成型|騎手型,0.9872928159491327,False,当日傾向型|レース構造型|枠・コース型|メンバー構成型|騎手型,0.9863166977998284,False
2025,202503010603,0.6358125860668811,False,,メンバー構成型,False,メンバー構成型|枠・コース型,False,メンバー構成型|枠・コース型|レース構造型,False,メンバー構成型,0.5965589815681975,False,枠・コース型|メンバー構成型,0.7951478496853928,False,レース構造型|枠・コース型|騎手型,0.7881874060356482,False,当日傾向型|レース構造型|枠・コース型|メンバー構成型,0.8455802775704473,False,当日傾向型|レース構造型|枠・コース型|メンバー構成型|騎手型,0.8243186114038574,False,レース構造型,False,レース構造型|当日傾向型,False,レース構造型|当日傾向型|枠・コース型,False,レース構造型,0.6071067690617258,False,レース構造型|枠・コース型,0.7752568850310458,False,レース構造型|枠・コース型|騎手型,0.8732148256575145,False,レース構造型|枠・コース型|メンバー構成型|騎手型,0.8926891857623405,False,当日傾向型|レース構造型|枠・コース型|メンバー構成型|騎手型,0.9005908823986912,False
2025,202508010710,0.6355770847680112,False,,枠・コース型,False,枠・コース型|メンバー構成型,False,枠・コース型|メンバー構成型|当日傾向型,False,枠・コース型,0.5014686406358436,False,当日傾向型|枠・コース型,0.7144384553459306,False,当日傾向型|枠・コース型|メンバー構成型,0.8273232546320998,False,当日傾向型|枠・コース型|メンバー構成型|騎手型,0.8375563379771666,False,当日傾向型|レース構造型|枠・コース型|メンバー構成型|騎手型,0.9140974834341281,False,当日傾向型,False,当日傾向型|枠・コース型,False,当日傾向型|枠・コース型|レース構造型,False,当日傾向型,0.5122956969553514,False,当日傾向型|枠・コース型,0.8132825733878587,False,レース構造型|枠・コース型|メンバー構成型,0.8888754469881174,False,当日傾向型|レース構造型|枠・コース型|メンバー構成型,0.9033089625823134,False,当日傾向型|レース構造型|枠・コース型|メンバー構成型|騎手型,0.9146591431148724,False
2025,202508030211,0.6350723969251514,False,,当日傾向型,False,当日傾向型|枠・コース型,False,当日傾向型|枠・コース型|メンバー構成型,False,当日傾向型,0.499955221917391,False,当日傾向型|メンバー構成型,0.7481776239096734,False,当日傾向型|枠・コース型|メンバー構成型,0.8132129363409247,False,当日傾向型|枠・コース型|メンバー構成型|騎手型,0.8490840964274535,False,当日傾向型|レース構造型|枠・コース型|メンバー構成型|騎手型,0.821004284167241,False,当日傾向型,False,当日傾向型|枠・コース型,False,当日傾向型|枠・コース型|騎手型,False,当日傾向型,0.4068054689571205,False,当日傾向型|メンバー構成型,0.7015552462075033,False,当日傾向型|メンバー構成型|騎手型,0.790551853174862,False,当日傾向型|枠・コース型|メンバー構成型|騎手型,0.8883842057293333,False,当日傾向型|レース構造型|枠・コース型|メンバー構成型|騎手型,0.7394984672936576,False
2025,202509030408,0.6349664367435216,True,メンバー構成型,枠・コース型,False,枠・コース型|レース構造型,False,枠・コース型|レース構造型|当日傾向型,False,枠・コース型,0.5219163824313324,False,レース構造型|枠・コース型,0.7074808279782178,False,レース構造型|枠・コース型|騎手型,0.7393960179452332,False,当日傾向型|レース構造型|枠・コース型|騎手型,0.8144322769374582,False,当日傾向型|レース構造型|枠・コース型|メンバー構成型|騎手型,0.8224765372239133,True,枠・コース型,False,枠・コース型|当日傾向型,False,枠・コース型|当日傾向型|メンバー構成型,True,枠・コース型,0.42242164317317477,False,当日傾向型|騎手型,0.6526573009100756,False,当日傾向型|レース構造型|騎手型,0.7445367155186393,False,当日傾向型|レース構造型|メンバー構成型|騎手型,0.79523416685659,True,当日傾向型|レース構造型|枠・コース型|メンバー構成型|騎手型,0.5989892639938814,True
2025,202509040404,0.6346282471592002,False,,メンバー構成型,False,メンバー構成型|レース構造型,False,メンバー構成型|レース構造型|騎手型,False,メンバー構成型,0.5129565935562892,False,レース構造型|騎手型,0.7246513795980578,False,レース構造型|枠・コース型|騎手型,0.8551764992722856,False,当日傾向型|レース構造型|枠・コース型|騎手型,0.9452957938151124,False,当日傾向型|レース構造型|枠・コース型|メンバー構成型|騎手型,0.922136691875405,False,メンバー構成型,False,メンバー構成型|当日傾向型,False,メンバー構成型|当日傾向型|レース構造型,False,メンバー構成型,0.5831444174681123,False,レース構造型|メンバー構成型,0.7544563432744907,False,レース構造型|枠・コース型|メンバー構成型,0.8616425897574446,False,当日傾向型|枠・コース型|メンバー構成型|騎手型,0.9109291305016861,False,当日傾向型|レース構造型|枠・コース型|メンバー構成型|騎手型,0.9355293421196417,False
2025,202509020508,0.6342250686745221,False,,枠・コース型,False,枠・コース型|メンバー構成型,False,枠・コース型|メンバー構成型|レース構造型,False,枠・コース型,0.5374419494900144,False,レース構造型|枠・コース型,0.729773091513437,False,当日傾向型|レース構造型|枠・コース型,0.8558838287458768,False,当日傾向型|レース構造型|枠・コース型|騎手型,0.9253570483225911,False,当日傾向型|レース構造型|枠・コース型|メンバー構成型|騎手型,0.9526903974081209,False,枠・コース型,False,枠・コース型|当日傾向型,False,枠・コース型|当日傾向型|騎手型,False,枠・コース型,0.4314756559793144,False,当日傾向型|レース構造型,0.6859096668953873,False,当日傾向型|枠・コース型|騎手型,0.818452328708927,False,当日傾向型|レース構造型|枠・コース型|騎手型,0.9381543326603107,False,当日傾向型|レース構造型|枠・コース型|メンバー構成型|騎手型,0.9394117030659023,False
2025,202503030403,0.6340785043192055,False,,枠・コース型,False,枠・コース型|当日傾向型,False,枠・コース型|当日傾向型|レース構造型,False,枠・コース型,0.4580131884438064,False,当日傾向型|枠・コース型,0.7093253118993923,False,当日傾向型|レース構造型|枠・コース型,0.8333555077225426,False,当日傾向型|レース構造型|枠・コース型|メンバー構成型,0.875864449977626,False,当日傾向型|レース構造型|枠・コース型|メンバー構成型|騎手型,0.843134309296559,False,メンバー構成型,False,メンバー構成型|枠・コース型,False,メンバー構成型|枠・コース型|レース構造型,False,メンバー構成型,0.5278864760827032,False,メンバー構成型|騎手型,0.6905834744375885,False,当日傾向型|枠・コース型|メンバー構成型,0.8830015541102064,False,当日傾向型|レース構造型|枠・コース型|メンバー構成型,0.9094896857618897,False,当日傾向型|レース構造型|枠・コース型|メンバー構成型|騎手型,0.9567539325557382,False
2025,202510020710,0.6338869460149283,False,,騎手型,False,騎手型|枠・コース型,False,騎手型|枠・コース型|当日傾向型,False,騎手型,0.535276184727991,False,枠・コース型|騎手型,0.7412139570025925,False,レース構造型|枠・コース型|騎手型,0.7812091822737841,False,レース構造型|枠・コース型|メンバー構成型|騎手型,0.822647089440617,False,当日傾向型|レース構造型|枠・コース型|メンバー構成型|騎手型,0.723222365647083,False,枠・コース型,False,枠・コース型|当日傾向型,False,枠・コース型|当日傾向型|騎手型,False,枠・コース型,0.5296645901918186,False,レース構造型|枠・コース型,0.7111832248210181,False,当日傾向型|レース構造型|枠・コース型,0.8120477790560433,False,当日傾向型|レース構造型|枠・コース型|騎手型,0.8036027076495801,False,当日傾向型|レース構造型|枠・コース型|メンバー構成型|騎手型,0.7483865380548635,False
2025,202508031110,0.633720472158776,False,,メンバー構成型,False,メンバー構成型|レース構造型,False,メンバー構成型|レース構造型|当日傾向型,False,メンバー構成型,0.3122345876382775,False,レース構造型|枠・コース型,0.6569047589193979,False,当日傾向型|レース構造型|枠・コース型,0.8383881019110488,False,当日傾向型|レース構造型|枠・コース型|騎手型,0.8869032697196199,False,当日傾向型|レース構造型|枠・コース型|メンバー構成型|騎手型,0.9096617866877367,False,当日傾向型,False,当日傾向型|枠・コース型,False,当日傾向型|枠・コース型|レース構造型,False,当日傾向型,0.3973023602999022,False,当日傾向型|枠・コース型,0.5941233711494087,False,当日傾向型|枠・コース型|騎手型,0.7401411023248745,False,当日傾向型|レース構造型|枠・コース型|騎手型,0.9051744963377698,False,当日傾向型|レース構造型|枠・コース型|メンバー構成型|騎手型,0.8656497789905017,False
2025,202502010305,0.6336997168767116,False,,レース構造型,False,レース構造型|メンバー構成型,False,レース構造型|メンバー構成型|当日傾向型,False,レース構造型,0.9827472429840776,False,レース構造型|メンバー構成型,0.9843898301976257,False,当日傾向型|レース構造型|枠・コース型,0.9890585764363443,False,レース構造型|枠・コース型|メンバー構成型|騎手型,0.9882785376203812,False,当日傾向型|レース構造型|枠・コース型|メンバー構成型|騎手型,0.9883093046668644,False,レース構造型,False,レース構造型|枠・コース型,False,レース構造型|枠・コース型|メンバー構成型,False,レース構造型,0.980778585402559,False,レース構造型|枠・コース型,0.9814104378901201,False,レース構造型|メンバー構成型|騎手型,0.9858793970679833,False,レース構造型|枠・コース型|メンバー構成型|騎手型,0.9861453622666129,False,当日傾向型|レース構造型|枠・コース型|メンバー構成型|騎手型,0.9842641380186818,False
2025,202509040512,0.6336192392456078,False,,枠・コース型,False,枠・コース型|メンバー構成型,False,枠・コース型|メンバー構成型|レース構造型,False,枠・コース型,0.4899861263287264,False,レース構造型|枠・コース型,0.6998909873600127,False,レース構造型|枠・コース型|メンバー構成型,0.7571455732752446,False,レース構造型|枠・コース型|メンバー構成型|騎手型,0.7915206512112352,False,当日傾向型|レース構造型|枠・コース型|メンバー構成型|騎手型,0.8528888074674186,False,当日傾向型,False,当日傾向型|レース構造型,False,当日傾向型|レース構造型|メンバー構成型,False,当日傾向型,0.40967521395961276,False,レース構造型|枠・コース型,0.7440342499152336,False,当日傾向型|レース構造型|メンバー構成型,0.8347168194832032,False,当日傾向型|レース構造型|枠・コース型|メンバー構成型,0.8755883779205658,False,当日傾向型|レース構造型|枠・コース型|メンバー構成型|騎手型,0.8020227147894786,False
2025,202507050504,0.6334687783553785,False,,枠・コース型,False,枠・コース型|メンバー構成型,False,枠・コース型|メンバー構成型|騎手型,False,枠・コース型,0.4416043927820781,False,メンバー構成型|騎手型,0.6427687815611333,False,レース構造型|メンバー構成型|騎手型,0.8114122231855609,False,当日傾向型|レース構造型|メンバー構成型|騎手型,0.7975037880110185,False,当日傾向型|レース構造型|枠・コース型|メンバー構成型|騎手型,0.7393952225086118,False,当日傾向型,False,当日傾向型|レース構造型,False,当日傾向型|レース構造型|メンバー構成型,False,当日傾向型,0.5503637562343233,False,当日傾向型|枠・コース型,0.7287496151344144,False,当日傾向型|枠・コース型|騎手型,0.8440247684769384,False,当日傾向型|枠・コース型|メンバー構成型|騎手型,0.8899627814009916,False,当日傾向型|レース構造型|枠・コース型|メンバー構成型|騎手型,0.9220230239961477,False
2025,202509020410,0.6333357436242284,False,,枠・コース型,False,枠・コース型|当日傾向型,False,枠・コース型|当日傾向型|レース構造型,False,枠・コース型,0.6759622099923153,False,枠・コース型|騎手型,0.7483287791607992,False,当日傾向型|枠・コース型|メンバー構成型,0.8518107576800952,False,レース構造型|枠・コース型|メンバー構成型|騎手型,0.9212486433034812,False,当日傾向型|レース構造型|枠・コース型|メンバー構成型|騎手型,0.9389541992508339,False,レース構造型,False,レース構造型|枠・コース型,False,レース構造型|枠・コース型|メンバー構成型,False,レース構造型,0.5360252319418068,False,当日傾向型|レース構造型,0.7502712238480267,False,レース構造型|枠・コース型|メンバー構成型,0.8872532576467739,False,当日傾向型|レース構造型|枠・コース型|メンバー構成型,0.9347296700796973,False,当日傾向型|レース構造型|枠・コース型|メンバー構成型|騎手型,0.9515770796692877,False
2025,202510010410,0.6329392335526872,False,,枠・コース型,False,枠・コース型|当日傾向型,False,枠・コース型|当日傾向型|レース構造型,False,枠・コース型,0.4536387884421964,False,レース構造型|枠・コース型,0.7330517620048038,False,当日傾向型|レース構造型|騎手型,0.8222367569514701,False,当日傾向型|レース構造型|枠・コース型|騎手型,0.8841013296348802,False,当日傾向型|レース構造型|枠・コース型|メンバー構成型|騎手型,0.862320753649315,False,レース構造型,False,レース構造型|メンバー構成型,False,レース構造型|メンバー構成型|騎手型,False,レース構造型,0.6417503237495847,False,メンバー構成型|騎手型,0.8133047041675547,False,当日傾向型|レース構造型|枠・コース型,0.8743956386634681,False,レース構造型|枠・コース型|メンバー構成型|騎手型,0.9246773453626496,False,当日傾向型|レース構造型|枠・コース型|メンバー構成型|騎手型,0.917582386564465,False
2025,202510020811,0.6329227008570311,True,,レース構造型,False,レース構造型|当日傾向型,False,レース構造型|当日傾向型|メンバー構成型,False,レース構造型,0.3971122670095639,False,レース構造型|メンバー構成型,0.6492516466011292,False,レース構造型|枠・コース型|メンバー構成型,0.8104205398013735,False,レース構造型|枠・コース型|メンバー構成型|騎手型,0.805676766828513,False,当日傾向型|レース構造型|枠・コース型|メンバー構成型|騎手型,0.8924972899413876,False,当日傾向型,False,当日傾向型|メンバー構成型,False,当日傾向型|メンバー構成型|枠・コース型,False,当日傾向型,0.5561783941560324,False,レース構造型|メンバー構成型,0.8125922525789677,False,当日傾向型|レース構造型|メンバー構成型,0.8991625692988389,False,レース構造型|枠・コース型|メンバー構成型|騎手型,0.9351700959485169,False,当日傾向型|レース構造型|枠・コース型|メンバー構成型|騎手型,0.9117523721700945,False
2025,202506040702,0.6328456796298586,True,当日傾向型,当日傾向型,True,当日傾向型|レース構造型,True,当日傾向型|レース構造型|枠・コース型,True,当日傾向型,0.5073029760058388,True,レース構造型|騎手型,0.8358905555304255,False,当日傾向型|レース構造型|メンバー構成型,0.8724195085647853,True,当日傾向型|レース構造型|メンバー構成型|騎手型,0.8986809826738431,True,当日傾向型|レース構造型|枠・コース型|メンバー構成型|騎手型,0.841776160746243,True,枠・コース型,False,枠・コース型|当日傾向型,True,枠・コース型|当日傾向型|レース構造型,True,枠・コース型,0.48224015835164685,False,枠・コース型|メンバー構成型,0.6674366180671777,False,当日傾向型|枠・コース型|騎手型,0.7521266631642183,True,当日傾向型|レース構造型|枠・コース型|騎手型,0.829717430850105,True,当日傾向型|レース構造型|枠・コース型|メンバー構成型|騎手型,0.8053425407476081,True
2025,202506010710,0.632839824726332,True,当日傾向型|騎手型,枠・コース型,False,枠・コース型|当日傾向型,True,枠・コース型|当日傾向型|メンバー構成型,True,枠・コース型,0.5618006949814561,False,当日傾向型|枠・コース型,0.7153377574373676,True,当日傾向型|枠・コース型|メンバー構成型,0.8058938313500085,True,当日傾向型|枠・コース型|メンバー構成型|騎手型,0.8449747434521558,True,当日傾向型|レース構造型|枠・コース型|メンバー構成型|騎手型,0.7984539898650702,True,枠・コース型,False,枠・コース型|騎手型,True,枠・コース型|騎手型|当日傾向型,True,枠・コース型,0.6743729402371983,False,レース構造型|枠・コース型,0.7946296617832481,False,当日傾向型|レース構造型|枠・コース型,0.8834725622270693,True,当日傾向型|レース構造型|枠・コース型|メンバー構成型,0.9306858277701838,True,当日傾向型|レース構造型|枠・コース型|メンバー構成型|騎手型,0.9585256111608399,True
2025,202507030412,0.632778833060068,False,,当日傾向型,False,当日傾向型|レース構造型,False,当日傾向型|レース構造型|枠・コース型,False,当日傾向型,0.6580725841582098,False,当日傾向型|レース構造型,0.79640471800365,False,当日傾向型|レース構造型|騎手型,0.8896692915615834,False,当日傾向型|レース構造型|枠・コース型|騎手型,0.9019224458917953,False,当日傾向型|レース構造型|枠・コース型|メンバー構成型|騎手型,0.9477520279921715,False,当日傾向型,False,当日傾向型|レース構造型,False,当日傾向型|レース構造型|枠・コース型,False,当日傾向型,0.6914992500869043,False,当日傾向型|枠・コース型,0.7922499120346072,False,当日傾向型|レース構造型|メンバー構成型,0.8666234308791076,False,当日傾向型|レース構造型|枠・コース型|メンバー構成型,0.909562067708446,False,当日傾向型|レース構造型|枠・コース型|メンバー構成型|騎手型,0.8962450726758694,False
2025,202509050711,0.6324832339046017,False,,枠・コース型,False,枠・コース型|騎手型,False,枠・コース型|騎手型|当日傾向型,False,枠・コース型,0.4336550224679474,False,レース構造型|枠・コース型,0.5941576257193787,False,当日傾向型|枠・コース型|騎手型,0.7567997968805773,False,レース構造型|枠・コース型|メンバー構成型|騎手型,0.8261585552274544,False,当日傾向型|レース構造型|枠・コース型|メンバー構成型|騎手型,0.8471135344719308,False,枠・コース型,False,枠・コース型|レース構造型,False,枠・コース型|レース構造型|騎手型,False,枠・コース型,0.5518076797145127,False,レース構造型|枠・コース型,0.8317865821431916,False,レース構造型|枠・コース型|騎手型,0.8772081675193004,False,レース構造型|枠・コース型|メンバー構成型|騎手型,0.9339930339941566,False,当日傾向型|レース構造型|枠・コース型|メンバー構成型|騎手型,0.9678097593151597,False
2025,202508020904,0.6324739095699348,False,,メンバー構成型,False,メンバー構成型|レース構造型,False,メンバー構成型|レース構造型|当日傾向型,False,メンバー構成型,0.4485042098083978,False,当日傾向型|メンバー構成型,0.6772335094653389,False,当日傾向型|レース構造型|メンバー構成型,0.7930442768593969,False,レース構造型|枠・コース型|メンバー構成型|騎手型,0.8211746123473381,False,当日傾向型|レース構造型|枠・コース型|メンバー構成型|騎手型,0.7192166632805687,False,当日傾向型,False,当日傾向型|メンバー構成型,False,当日傾向型|メンバー構成型|枠・コース型,False,当日傾向型,0.4432138597467338,False,当日傾向型|メンバー構成型,0.7163874970619939,False,枠・コース型|メンバー構成型|騎手型,0.8150126984404341,False,当日傾向型|レース構造型|枠・コース型|メンバー構成型,0.838165086457388,False,当日傾向型|レース構造型|枠・コース型|メンバー構成型|騎手型,0.8319283151017773,False
2025,202504020402,0.6321767493722255,False,,レース構造型,False,レース構造型|当日傾向型,False,レース構造型|当日傾向型|メンバー構成型,False,レース構造型,0.9805706994981003,False,レース構造型|騎手型,0.9830177696100378,False,当日傾向型|レース構造型|メンバー構成型,0.9848744340980136,False,当日傾向型|レース構造型|メンバー構成型|騎手型,0.9853695337007535,False,当日傾向型|レース構造型|枠・コース型|メンバー構成型|騎手型,0.9872959836742882,False,レース構造型,False,レース構造型|メンバー構成型,False,レース構造型|メンバー構成型|枠・コース型,False,レース構造型,0.9555188558621822,False,レース構造型|メンバー構成型,0.976994256952986,False,当日傾向型|レース構造型|騎手型,0.9801966706962201,False,当日傾向型|レース構造型|メンバー構成型|騎手型,0.9859760172286957,False,当日傾向型|レース構造型|枠・コース型|メンバー構成型|騎手型,0.9647936056503339,False
2025,202509010411,0.6316876609792353,False,,レース構造型,False,レース構造型|枠・コース型,False,レース構造型|枠・コース型|当日傾向型,False,レース構造型,0.4774251647152801,False,枠・コース型|騎手型,0.7764281881812071,False,当日傾向型|枠・コース型|騎手型,0.8954423518416195,False,当日傾向型|レース構造型|枠・コース型|騎手型,0.9020865607192343,False,当日傾向型|レース構造型|枠・コース型|メンバー構成型|騎手型,0.9216971982069385,False,枠・コース型,False,枠・コース型|当日傾向型,False,枠・コース型|当日傾向型|メンバー構成型,False,枠・コース型,0.43693785189603623,False,当日傾向型|枠・コース型,0.7934387742712882,False,レース構造型|枠・コース型|メンバー構成型,0.9094131173605432,False,レース構造型|枠・コース型|メンバー構成型|騎手型,0.9456152095901514,False,当日傾向型|レース構造型|枠・コース型|メンバー構成型|騎手型,0.9617363987762535,False
2025,202506050806,0.6316705279408575,False,,レース構造型,False,レース構造型|当日傾向型,False,レース構造型|当日傾向型|メンバー構成型,False,レース構造型,0.9839004371049634,False,レース構造型|枠・コース型,0.9846240942556395,False,レース構造型|メンバー構成型|騎手型,0.9867965721733316,False,レース構造型|枠・コース型|メンバー構成型|騎手型,0.989120983078938,False,当日傾向型|レース構造型|枠・コース型|メンバー構成型|騎手型,0.989493111449502,False,レース構造型,False,レース構造型|メンバー構成型,False,レース構造型|メンバー構成型|当日傾向型,False,レース構造型,0.9820392629586632,False,当日傾向型|レース構造型,0.9842758681877932,False,レース構造型|メンバー構成型|騎手型,0.9860498726928156,False,レース構造型|枠・コース型|メンバー構成型|騎手型,0.9871877452473996,False,当日傾向型|レース構造型|枠・コース型|メンバー構成型|騎手型,0.9807604438716062,False
2025,202506010305,0.6313478105021797,True,レース構造型,レース構造型,True,レース構造型|当日傾向型,True,レース構造型|当日傾向型|メンバー構成型,True,レース構造型,0.9829152409553105,True,レース構造型|騎手型,0.9857487482687081,True,当日傾向型|レース構造型|枠・コース型,0.989096796888464,True,当日傾向型|レース構造型|メンバー構成型|騎手型,0.991693605994149,True,当日傾向型|レース構造型|枠・コース型|メンバー構成型|騎手型,0.9886871703042989,True,レース構造型,True,レース構造型|当日傾向型,True,レース構造型|当日傾向型|枠・コース型,True,レース構造型,0.9781267365220256,True,当日傾向型|レース構造型,0.9848947785708551,True,レース構造型|メンバー構成型|騎手型,0.9854916274765719,True,レース構造型|枠・コース型|メンバー構成型|騎手型,0.9834762864381651,True,当日傾向型|レース構造型|枠・コース型|メンバー構成型|騎手型,0.9748732066477397,True
2025,202505010505,0.6311635849229421,False,,枠・コース型,False,枠・コース型|当日傾向型,False,枠・コース型|当日傾向型|メンバー構成型,False,枠・コース型,0.5035590812937895,False,当日傾向型|メンバー構成型,0.7195855558753848,False,レース構造型|枠・コース型|メンバー構成型,0.8893718057394041,False,レース構造型|枠・コース型|メンバー構成型|騎手型,0.9234649768398471,False,当日傾向型|レース構造型|枠・コース型|メンバー構成型|騎手型,0.9448662088214257,False,メンバー構成型,False,メンバー構成型|枠・コース型,False,メンバー構成型|枠・コース型|レース構造型,False,メンバー構成型,0.435526568830773,False,レース構造型|枠・コース型,0.7664391284695128,False,枠・コース型|メンバー構成型|騎手型,0.8898759849726046,False,レース構造型|枠・コース型|メンバー構成型|騎手型,0.8938373637309798,False,当日傾向型|レース構造型|枠・コース型|メンバー構成型|騎手型,0.8503796647730838,False
2025,202507030402,0.6306179447875179,False,,レース構造型,False,レース構造型|メンバー構成型,False,レース構造型|メンバー構成型|枠・コース型,False,レース構造型,0.9852574502060945,False,レース構造型|メンバー構成型,0.9869089475612752,False,当日傾向型|レース構造型|枠・コース型,0.9903663382657579,False,レース構造型|枠・コース型|メンバー構成型|騎手型,0.9893540372417259,False,当日傾向型|レース構造型|枠・コース型|メンバー構成型|騎手型,0.9874043729389428,False,レース構造型,False,レース構造型|メンバー構成型,False,レース構造型|メンバー構成型|枠・コース型,False,レース構造型,0.9838862006825311,False,レース構造型|枠・コース型,0.9781269901908018,False,レース構造型|枠・コース型|騎手型,0.9835479284243968,False,当日傾向型|レース構造型|メンバー構成型|騎手型,0.9871726179241134,False,当日傾向型|レース構造型|枠・コース型|メンバー構成型|騎手型,0.98258066578766,False
2025,202506050812,0.6301837134212994,False,,メンバー構成型,False,メンバー構成型|レース構造型,False,メンバー構成型|レース構造型|当日傾向型,False,メンバー構成型,0.46855443488314774,False,レース構造型|メンバー構成型,0.7580297850203233,False,当日傾向型|枠・コース型|メンバー構成型,0.7558900039626637,False,当日傾向型|枠・コース型|メンバー構成型|騎手型,0.8324054077608747,False,当日傾向型|レース構造型|枠・コース型|メンバー構成型|騎手型,0.8040367243568114,False,当日傾向型,False,当日傾向型|レース構造型,False,当日傾向型|レース構造型|メンバー構成型,False,当日傾向型,0.4491587160993167,False,当日傾向型|メンバー構成型,0.8162032159696199,False,当日傾向型|レース構造型|メンバー構成型,0.8947620292599336,False,当日傾向型|レース構造型|枠・コース型|メンバー構成型,0.8925417776184401,False,当日傾向型|レース構造型|枠・コース型|メンバー構成型|騎手型,0.8788339457383478,False
2025,202505030308,0.6300518584103348,True,レース構造型|メンバー構成型|騎手型,枠・コース型,False,枠・コース型|メンバー構成型,True,枠・コース型|メンバー構成型|当日傾向型,True,枠・コース型,0.5648183894676073,False,当日傾向型|枠・コース型,0.7488695078971617,False,レース構造型|枠・コース型|メンバー構成型,0.8211606619298286,True,当日傾向型|レース構造型|枠・コース型|メンバー構成型,0.9191826380259949,True,当日傾向型|レース構造型|枠・コース型|メンバー構成型|騎手型,0.8959561699340349,True,レース構造型,True,レース構造型|枠・コース型,True,レース構造型|枠・コース型|当日傾向型,True,レース構造型,0.4774012897801823,True,枠・コース型|騎手型,0.6985684354648201,True,レース構造型|枠・コース型|騎手型,0.859753557832153,True,レース構造型|枠・コース型|メンバー構成型|騎手型,0.9040604106067781,True,当日傾向型|レース構造型|枠・コース型|メンバー構成型|騎手型,0.8967464726052271,True
2025,202504040306,0.6297218537938273,False,,枠・コース型,False,枠・コース型|レース構造型,False,枠・コース型|レース構造型|当日傾向型,False,枠・コース型,0.48537429603200904,False,当日傾向型|枠・コース型,0.7548899580905166,False,当日傾向型|枠・コース型|騎手型,0.8080105315971955,False,当日傾向型|レース構造型|枠・コース型|メンバー構成型,0.8927205435473009,False,当日傾向型|レース構造型|枠・コース型|メンバー構成型|騎手型,0.8969745600297696,False,レース構造型,False,レース構造型|枠・コース型,False,レース構造型|枠・コース型|メンバー構成型,False,レース構造型,0.6332977154693403,False,枠・コース型|騎手型,0.7858928062037833,False,当日傾向型|枠・コース型|メンバー構成型,0.9081358833546201,False,当日傾向型|レース構造型|枠・コース型|メンバー構成型,0.9369965407119568,False,当日傾向型|レース構造型|枠・コース型|メンバー構成型|騎手型,0.9493009961741236,False
2025,202502010209,0.6294625073856901,False,,枠・コース型,False,枠・コース型|当日傾向型,False,枠・コース型|当日傾向型|レース構造型,False,枠・コース型,0.6251993241776366,False,当日傾向型|騎手型,0.7974389575443198,False,レース構造型|枠・コース型|メンバー構成型,0.8464746317222731,False,当日傾向型|レース構造型|枠・コース型|騎手型,0.8836107072652216,False,当日傾向型|レース構造型|枠・コース型|メンバー構成型|騎手型,0.8979360235969183,False,枠・コース型,False,枠・コース型|当日傾向型,False,枠・コース型|当日傾向型|メンバー構成型,False,枠・コース型,0.7600172734537908,False,枠・コース型|騎手型,0.8820894161816922,False,当日傾向型|枠・コース型|メンバー構成型,0.9222474571799565,False,当日傾向型|枠・コース型|メンバー構成型|騎手型,0.935196988232092,False,当日傾向型|レース構造型|枠・コース型|メンバー構成型|騎手型,0.9279688564185977,False
2025,202507030806,0.6291704914522441,True,メンバー構成型,枠・コース型,False,枠・コース型|当日傾向型,False,枠・コース型|当日傾向型|レース構造型,False,枠・コース型,0.56205621320318,False,当日傾向型|枠・コース型,0.7786780875206615,False,当日傾向型|枠・コース型|メンバー構成型,0.8566253890268637,True,当日傾向型|レース構造型|枠・コース型|メンバー構成型,0.9132672046306548,True,当日傾向型|レース構造型|枠・コース型|メンバー構成型|騎手型,0.880414272833239,True,枠・コース型,False,枠・コース型|当日傾向型,False,枠・コース型|当日傾向型|騎手型,False,枠・コース型,0.4655627134732022,False,枠・コース型|メンバー構成型,0.782973074389688,True,当日傾向型|レース構造型|枠・コース型,0.8703692638553464,False,当日傾向型|レース構造型|枠・コース型|メンバー構成型,0.9365955617423354,True,当日傾向型|レース構造型|枠・コース型|メンバー構成型|騎手型,0.9094060644472016,True
2025,202505050708,0.6289815018908361,False,,枠・コース型,False,枠・コース型|レース構造型,False,枠・コース型|レース構造型|当日傾向型,False,枠・コース型,0.516102978716632,False,当日傾向型|枠・コース型,0.788549194558937,False,当日傾向型|レース構造型|枠・コース型,0.8803610618035915,False,当日傾向型|レース構造型|枠・コース型|騎手型,0.8793145137124674,False,当日傾向型|レース構造型|枠・コース型|メンバー構成型|騎手型,0.9202916754112402,False,当日傾向型,False,当日傾向型|レース構造型,False,当日傾向型|レース構造型|枠・コース型,False,当日傾向型,0.43017492228774196,False,当日傾向型|枠・コース型,0.7408755053163546,False,当日傾向型|枠・コース型|メンバー構成型,0.7642333079776331,False,当日傾向型|枠・コース型|メンバー構成型|騎手型,0.8892357930118922,False,当日傾向型|レース構造型|枠・コース型|メンバー構成型|騎手型,0.8360193122189816,False
2025,202507020411,0.62882769519282,False,,当日傾向型,False,当日傾向型|レース構造型,False,当日傾向型|レース構造型|枠・コース型,False,当日傾向型,0.6565184548609801,False,当日傾向型|レース構造型,0.6887092544439003,False,当日傾向型|レース構造型|枠・コース型,0.7518898256944895,False,当日傾向型|レース構造型|枠・コース型|メンバー構成型,0.8221949232936262,False,当日傾向型|レース構造型|枠・コース型|メンバー構成型|騎手型,0.7889888941666496,False,レース構造型,False,レース構造型|当日傾向型,False,レース構造型|当日傾向型|メンバー構成型,False,レース構造型,0.3259921337241672,False,当日傾向型|レース構造型,0.5873058275314499,False,当日傾向型|枠・コース型|メンバー構成型,0.7640152787864942,False,当日傾向型|レース構造型|枠・コース型|騎手型,0.7390672008638415,False,当日傾向型|レース構造型|枠・コース型|メンバー構成型|騎手型,0.756170606442872,False
2025,202505041007,0.6287844209428209,True,当日傾向型|レース構造型|枠・コース型|メンバー構成型|騎手型,当日傾向型,True,当日傾向型|メンバー構成型,True,当日傾向型|メンバー構成型|枠・コース型,True,当日傾向型,0.5590229041460005,True,当日傾向型|枠・コース型,0.7592861000532618,True,当日傾向型|枠・コース型|メンバー構成型,0.8695090084626501,True,当日傾向型|レース構造型|枠・コース型|メンバー構成型,0.9298571137300361,True,当日傾向型|レース構造型|枠・コース型|メンバー構成型|騎手型,0.8231857442487895,True,当日傾向型,True,当日傾向型|レース構造型,True,当日傾向型|レース構造型|メンバー構成型,True,当日傾向型,0.4470334847143231,True,当日傾向型|メンバー構成型,0.7576010601792575,True,当日傾向型|枠・コース型|メンバー構成型,0.8520611751987442,True,当日傾向型|レース構造型|枠・コース型|メンバー構成型,0.8737450924080766,True,当日傾向型|レース構造型|枠・コース型|メンバー構成型|騎手型,0.8653816548641629,True
2025,202503030608,0.6286638097842739,False,,当日傾向型,False,当日傾向型|枠・コース型,False,当日傾向型|枠・コース型|レース構造型,False,当日傾向型,0.6104803939523625,False,当日傾向型|メンバー構成型,0.7455197395982339,False,当日傾向型|レース構造型|枠・コース型,0.8591712648168431,False,当日傾向型|枠・コース型|メンバー構成型|騎手型,0.9110320703650461,False,当日傾向型|レース構造型|枠・コース型|メンバー構成型|騎手型,0.953664012727869,False,枠・コース型,False,枠・コース型|レース構造型,False,枠・コース型|レース構造型|当日傾向型,False,枠・コース型,0.6780369924616486,False,当日傾向型|枠・コース型,0.8011945614034168,False,当日傾向型|枠・コース型|メンバー構成型,0.8878606769002333,False,当日傾向型|枠・コース型|メンバー構成型|騎手型,0.945936356456515,False,当日傾向型|レース構造型|枠・コース型|メンバー構成型|騎手型,0.9501892081998936,False
2025,202506020804,0.6286364760614376,False,,メンバー構成型,False,メンバー構成型|枠・コース型,False,メンバー構成型|枠・コース型|レース構造型,False,メンバー構成型,0.4535475498909698,False,レース構造型|枠・コース型,0.8488489258197743,False,当日傾向型|レース構造型|枠・コース型,0.870414835208514,False,レース構造型|枠・コース型|メンバー構成型|騎手型,0.9427221705500587,False,当日傾向型|レース構造型|枠・コース型|メンバー構成型|騎手型,0.9722221452452756,False,メンバー構成型,False,メンバー構成型|レース構造型,False,メンバー構成型|レース構造型|当日傾向型,False,メンバー構成型,0.536168396321661,False,当日傾向型|メンバー構成型,0.7358510525223959,False,当日傾向型|枠・コース型|メンバー構成型,0.8960156534070042,False,当日傾向型|レース構造型|枠・コース型|メンバー構成型,0.9306735559445218,False,当日傾向型|レース構造型|枠・コース型|メンバー構成型|騎手型,0.9544308391341703,False
2025,202509050411,0.6285964732309356,False,,レース構造型,False,レース構造型|当日傾向型,False,レース構造型|当日傾向型|メンバー構成型,False,レース構造型,0.4642830941849678,False,当日傾向型|レース構造型,0.7489072419190591,False,当日傾向型|レース構造型|枠・コース型,0.888519884577035,False,当日傾向型|レース構造型|枠・コース型|騎手型,0.9343984666233183,False,当日傾向型|レース構造型|枠・コース型|メンバー構成型|騎手型,0.9744473177010439,False,レース構造型,False,レース構造型|当日傾向型,False,レース構造型|当日傾向型|騎手型,False,レース構造型,0.36067441060178085,False,レース構造型|騎手型,0.7438810178997398,False,当日傾向型|枠・コース型|騎手型,0.8419027781691967,False,当日傾向型|レース構造型|枠・コース型|騎手型,0.9126307103013931,False,当日傾向型|レース構造型|枠・コース型|メンバー構成型|騎手型,0.9295868605033639,False
2025,202506030412,0.6285960492925654,False,,枠・コース型,False,枠・コース型|メンバー構成型,False,枠・コース型|メンバー構成型|当日傾向型,False,枠・コース型,0.4770145141778516,False,当日傾向型|メンバー構成型,0.726336699205793,False,当日傾向型|枠・コース型|メンバー構成型,0.8567797619247669,False,当日傾向型|レース構造型|枠・コース型|メンバー構成型,0.9013171128441346,False,当日傾向型|レース構造型|枠・コース型|メンバー構成型|騎手型,0.9150099891192449,False,メンバー構成型,False,メンバー構成型|当日傾向型,False,メンバー構成型|当日傾向型|枠・コース型,False,メンバー構成型,0.5326691466333479,False,当日傾向型|メンバー構成型,0.7963114640532425,False,当日傾向型|メンバー構成型|騎手型,0.8667914550671145,False,当日傾向型|レース構造型|枠・コース型|騎手型,0.9186643757773165,False,当日傾向型|レース構造型|枠・コース型|メンバー構成型|騎手型,0.8951180077802184,False
2025,202508040506,0.6285675310384121,False,,レース構造型,False,レース構造型|当日傾向型,False,レース構造型|当日傾向型|メンバー構成型,False,レース構造型,0.9819623350879487,False,当日傾向型|レース構造型,0.9835111174591888,False,レース構造型|枠・コース型|メンバー構成型,0.9874916471568889,False,当日傾向型|レース構造型|メンバー構成型|騎手型,0.989155733096833,False,当日傾向型|レース構造型|枠・コース型|メンバー構成型|騎手型,0.9891450481062082,False,レース構造型,False,レース構造型|メンバー構成型,False,レース構造型|メンバー構成型|当日傾向型,False,レース構造型,0.9824658641818318,False,レース構造型|騎手型,0.9777818896432942,False,レース構造型|メンバー構成型|騎手型,0.9853725592286479,False,当日傾向型|レース構造型|メンバー構成型|騎手型,0.9848117689913412,False,当日傾向型|レース構造型|枠・コース型|メンバー構成型|騎手型,0.9829193895968877,False
2025,202507010209,0.6285149721643163,False,,枠・コース型,False,枠・コース型|レース構造型,False,枠・コース型|レース構造型|当日傾向型,False,枠・コース型,0.5084100411588016,False,当日傾向型|枠・コース型,0.6013219681677634,False,当日傾向型|レース構造型|メンバー構成型,0.8521485952083055,False,当日傾向型|レース構造型|枠・コース型|メンバー構成型,0.8020087884326931,False,当日傾向型|レース構造型|枠・コース型|メンバー構成型|騎手型,0.7568199285707198,False,枠・コース型,False,枠・コース型|当日傾向型,False,枠・コース型|当日傾向型|メンバー構成型,False,枠・コース型,0.5194156847102704,False,当日傾向型|枠・コース型,0.7792548743297628,False,当日傾向型|枠・コース型|メンバー構成型,0.8794117594791322,False,当日傾向型|レース構造型|枠・コース型|騎手型,0.9170530904813998,False,当日傾向型|レース構造型|枠・コース型|メンバー構成型|騎手型,0.8160254749307408,False
2025,202507040311,0.6281791192351366,False,,当日傾向型,False,当日傾向型|レース構造型,False,当日傾向型|レース構造型|枠・コース型,False,当日傾向型,0.5496442761245243,False,枠・コース型|メンバー構成型,0.7837908265096594,False,当日傾向型|枠・コース型|メンバー構成型,0.9108317502606551,False,当日傾向型|レース構造型|メンバー構成型|騎手型,0.9426293812142815,False,当日傾向型|レース構造型|枠・コース型|メンバー構成型|騎手型,0.918038387375061,False,メンバー構成型,False,メンバー構成型|当日傾向型,False,メンバー構成型|当日傾向型|枠・コース型,False,メンバー構成型,0.41804149372362204,False,当日傾向型|レース構造型,0.6991293602421897,False,当日傾向型|枠・コース型|メンバー構成型,0.8494355280379913,False,レース構造型|枠・コース型|メンバー構成型|騎手型,0.8998493635628466,False,当日傾向型|レース構造型|枠・コース型|メンバー構成型|騎手型,0.9192832189124993,False
2025,202506040704,0.6281606138698297,False,,レース構造型,False,レース構造型|当日傾向型,False,レース構造型|当日傾向型|枠・コース型,False,レース構造型,0.9827806527075242,False,レース構造型|枠・コース型,0.9858599263229515,False,当日傾向型|レース構造型|枠・コース型,0.9881193857837802,False,当日傾向型|レース構造型|枠・コース型|メンバー構成型,0.9890696911913945,False,当日傾向型|レース構造型|枠・コース型|メンバー構成型|騎手型,0.9908454787255611,False,レース構造型,False,レース構造型|当日傾向型,False,レース構造型|当日傾向型|枠・コース型,False,レース構造型,0.9804830288620365,False,レース構造型|枠・コース型,0.986456042070279,False,レース構造型|枠・コース型|メンバー構成型,0.9892441623298958,False,当日傾向型|レース構造型|枠・コース型|メンバー構成型,0.9899598795870519,False,当日傾向型|レース構造型|枠・コース型|メンバー構成型|騎手型,0.9825428701995376,False
2025,202502010104,0.6279970650163431,False,,枠・コース型,False,枠・コース型|騎手型,False,枠・コース型|騎手型|当日傾向型,False,枠・コース型,0.4710746509709997,False,当日傾向型|騎手型,0.6637639967905264,False,当日傾向型|枠・コース型|騎手型,0.7544123331239788,False,当日傾向型|レース構造型|枠・コース型|騎手型,0.7783704260504778,False,当日傾向型|レース構造型|枠・コース型|メンバー構成型|騎手型,0.6616081861355084,False,枠・コース型,False,枠・コース型|当日傾向型,False,枠・コース型|当日傾向型|メンバー構成型,False,枠・コース型,0.5097672590482584,False,枠・コース型|メンバー構成型,0.7483663635058916,False,当日傾向型|枠・コース型|メンバー構成型,0.8660387081854658,False,当日傾向型|レース構造型|枠・コース型|メンバー構成型,0.9311835766320313,False,当日傾向型|レース構造型|枠・コース型|メンバー構成型|騎手型,0.941596016765117,False
2025,202506020707,0.6278388231334553,False,,当日傾向型,False,当日傾向型|枠・コース型,False,当日傾向型|枠・コース型|騎手型,False,当日傾向型,0.38842572422912747,False,メンバー構成型|騎手型,0.6961225902471818,False,当日傾向型|枠・コース型|騎手型,0.8007677222542317,False,当日傾向型|レース構造型|メンバー構成型|騎手型,0.8512732411485516,False,当日傾向型|レース構造型|枠・コース型|メンバー構成型|騎手型,0.8955105066265864,False,メンバー構成型,False,メンバー構成型|枠・コース型,False,メンバー構成型|枠・コース型|騎手型,False,メンバー構成型,0.47730118213389483,False,メンバー構成型|騎手型,0.8368581555161131,False,枠・コース型|メンバー構成型|騎手型,0.9138126825135033,False,当日傾向型|枠・コース型|メンバー構成型|騎手型,0.9418481500269679,False,当日傾向型|レース構造型|枠・コース型|メンバー構成型|騎手型,0.9694604204444021,False
2025,202508030110,0.627808008963507,False,,枠・コース型,False,枠・コース型|メンバー構成型,False,枠・コース型|メンバー構成型|当日傾向型,False,枠・コース型,0.3914095460430122,False,当日傾向型|枠・コース型,0.6733236741474221,False,レース構造型|枠・コース型|メンバー構成型,0.765775913032107,False,当日傾向型|レース構造型|枠・コース型|メンバー構成型,0.8316667633956737,False,当日傾向型|レース構造型|枠・コース型|メンバー構成型|騎手型,0.7736481048579918,False,当日傾向型,False,当日傾向型|メンバー構成型,False,当日傾向型|メンバー構成型|レース構造型,False,当日傾向型,0.6083294607322852,False,当日傾向型|メンバー構成型,0.8052330533856921,False,当日傾向型|レース構造型|枠・コース型,0.8987826074531359,False,当日傾向型|レース構造型|枠・コース型|メンバー構成型,0.9095238937256517,False,当日傾向型|レース構造型|枠・コース型|メンバー構成型|騎手型,0.8708937424337491,False
2025,202505030312,0.6277804824786934,False,,枠・コース型,False,枠・コース型|当日傾向型,False,枠・コース型|当日傾向型|騎手型,False,枠・コース型,0.3951683268618569,False,当日傾向型|枠・コース型,0.7659618058287039,False,当日傾向型|枠・コース型|メンバー構成型,0.8599158692928316,False,当日傾向型|レース構造型|枠・コース型|メンバー構成型,0.9298626888749526,False,当日傾向型|レース構造型|枠・コース型|メンバー構成型|騎手型,0.9437519525486732,False,枠・コース型,False,枠・コース型|当日傾向型,False,枠・コース型|当日傾向型|メンバー構成型,False,枠・コース型,0.4963506068716283,False,枠・コース型|メンバー構成型,0.7841013289844576,False,当日傾向型|枠・コース型|メンバー構成型,0.8786757008391242,False,当日傾向型|レース構造型|枠・コース型|メンバー構成型,0.9240070147521223,False,当日傾向型|レース構造型|枠・コース型|メンバー構成型|騎手型,0.926149003922484,False
2025,202509020605,0.6277012655142862,False,,枠・コース型,False,枠・コース型|当日傾向型,False,枠・コース型|当日傾向型|メンバー構成型,False,枠・コース型,0.4193303340169873,False,当日傾向型|メンバー構成型,0.7518555294399799,False,当日傾向型|メンバー構成型|騎手型,0.8144404883630918,False,当日傾向型|レース構造型|枠・コース型|メンバー構成型,0.8772115913192586,False,当日傾向型|レース構造型|枠・コース型|メンバー構成型|騎手型,0.8837491293325338,False,メンバー構成型,False,メンバー構成型|当日傾向型,False,メンバー構成型|当日傾向型|レース構造型,False,メンバー構成型,0.4815971450428444,False,レース構造型|メンバー構成型,0.7888530007683018,False,レース構造型|枠・コース型|メンバー構成型,0.8054607996267769,False,当日傾向型|レース構造型|枠・コース型|メンバー構成型,0.8993488424543259,False,当日傾向型|レース構造型|枠・コース型|メンバー構成型|騎手型,0.8437672729858444,False
2025,202509020101,0.6276977690229016,False,,メンバー構成型,False,メンバー構成型|枠・コース型,False,メンバー構成型|枠・コース型|当日傾向型,False,メンバー構成型,0.4390535789017125,False,レース構造型|枠・コース型,0.76766817201023,False,レース構造型|枠・コース型|騎手型,0.8578376384714438,False,当日傾向型|枠・コース型|メンバー構成型|騎手型,0.9085642087078031,False,当日傾向型|レース構造型|枠・コース型|メンバー構成型|騎手型,0.9649082897755733,False,レース構造型,False,レース構造型|当日傾向型,False,レース構造型|当日傾向型|枠・コース型,False,レース構造型,0.653837834922647,False,レース構造型|枠・コース型,0.7657506043405511,False,レース構造型|枠・コース型|メンバー構成型,0.8830438455568868,False,レース構造型|枠・コース型|メンバー構成型|騎手型,0.9251229079339117,False,当日傾向型|レース構造型|枠・コース型|メンバー構成型|騎手型,0.919166825104838,False
2025,202508030606,0.6275707297313158,False,,レース構造型,False,レース構造型|メンバー構成型,False,レース構造型|メンバー構成型|枠・コース型,False,レース構造型,0.9855285136849633,False,レース構造型|メンバー構成型,0.9874835461243346,False,レース構造型|枠・コース型|メンバー構成型,0.9894390929710302,False,レース構造型|枠・コース型|メンバー構成型|騎手型,0.9910819748924256,False,当日傾向型|レース構造型|枠・コース型|メンバー構成型|騎手型,0.9919175328402418,False,レース構造型,False,レース構造型|メンバー構成型,False,レース構造型|メンバー構成型|当日傾向型,False,レース構造型,0.9464654533002191,False,レース構造型|枠・コース型,0.9753316091089388,False,レース構造型|枠・コース型|メンバー構成型,0.9861693395973129,False,レース構造型|枠・コース型|メンバー構成型|騎手型,0.9841538326193436,False,当日傾向型|レース構造型|枠・コース型|メンバー構成型|騎手型,0.9783064076215728,False
2025,202510010910,0.6275078374444819,False,,枠・コース型,False,枠・コース型|当日傾向型,False,枠・コース型|当日傾向型|メンバー構成型,False,枠・コース型,0.48054107859654,False,レース構造型|枠・コース型,0.8009056532335603,False,レース構造型|枠・コース型|メンバー構成型,0.8727696092959263,False,当日傾向型|レース構造型|枠・コース型|メンバー構成型,0.9373673734019826,False,当日傾向型|レース構造型|枠・コース型|メンバー構成型|騎手型,0.962739925129706,False,騎手型,False,騎手型|メンバー構成型,False,騎手型|メンバー構成型|枠・コース型,False,騎手型,0.3924695109693276,False,枠・コース型|メンバー構成型,0.7185245877979707,False,当日傾向型|枠・コース型|騎手型,0.8234108373519162,False,当日傾向型|レース構造型|枠・コース型|騎手型,0.9289731846962701,False,当日傾向型|レース構造型|枠・コース型|メンバー構成型|騎手型,0.9583276818816291,False
2025,202509050301,0.6274955965214172,False,,メンバー構成型,False,メンバー構成型|当日傾向型,False,メンバー構成型|当日傾向型|騎手型,False,メンバー構成型,0.423201768662074,False,メンバー構成型|騎手型,0.6671867951181164,False,レース構造型|メンバー構成型|騎手型,0.837756425786831,False,レース構造型|枠・コース型|メンバー構成型|騎手型,0.8454407227174915,False,当日傾向型|レース構造型|枠・コース型|メンバー構成型|騎手型,0.7777691751070782,False,当日傾向型,False,当日傾向型|メンバー構成型,False,当日傾向型|メンバー構成型|レース構造型,False,当日傾向型,0.4066222541525299,False,レース構造型|メンバー構成型,0.7323869515557965,False,レース構造型|メンバー構成型|騎手型,0.8286191273007538,False,当日傾向型|レース構造型|メンバー構成型|騎手型,0.8560238092411614,False,当日傾向型|レース構造型|枠・コース型|メンバー構成型|騎手型,0.9114153026533848,False
2025,202509050807,0.6272585432758483,False,,当日傾向型,False,当日傾向型|枠・コース型,False,当日傾向型|枠・コース型|メンバー構成型,False,当日傾向型,0.39562376034413027,False,当日傾向型|枠・コース型,0.7791328445989936,False,当日傾向型|枠・コース型|騎手型,0.8414537148331408,False,当日傾向型|枠・コース型|メンバー構成型|騎手型,0.8844762811719645,False,当日傾向型|レース構造型|枠・コース型|メンバー構成型|騎手型,0.9407974958652648,False,当日傾向型,False,当日傾向型|レース構造型,False,当日傾向型|レース構造型|メンバー構成型,False,当日傾向型,0.42458227203883364,False,当日傾向型|枠・コース型,0.7831458670362587,False,当日傾向型|枠・コース型|メンバー構成型,0.9141046042910136,False,当日傾向型|枠・コース型|メンバー構成型|騎手型,0.9476800443007887,False,当日傾向型|レース構造型|枠・コース型|メンバー構成型|騎手型,0.8459687477341103,False
2025,202508020908,0.6272529858311319,False,,枠・コース型,False,枠・コース型|レース構造型,False,枠・コース型|レース構造型|当日傾向型,False,枠・コース型,0.47439578199067267,False,枠・コース型|メンバー構成型,0.7626225627655171,False,当日傾向型|枠・コース型|メンバー構成型,0.7911182194585437,False,当日傾向型|レース構造型|枠・コース型|メンバー構成型,0.8286581186911466,False,当日傾向型|レース構造型|枠・コース型|メンバー構成型|騎手型,0.8795836436985169,False,騎手型,False,騎手型|当日傾向型,False,騎手型|当日傾向型|枠・コース型,False,騎手型,0.5616943455706673,False,当日傾向型|騎手型,0.7862324335120744,False,当日傾向型|レース構造型|騎手型,0.9298609536009025,False,当日傾向型|レース構造型|枠・コース型|騎手型,0.9543325159497749,False,当日傾向型|レース構造型|枠・コース型|メンバー構成型|騎手型,0.9574532417281846,False
2025,202505020904,0.6272266641281478,False,,当日傾向型,False,当日傾向型|枠・コース型,False,当日傾向型|枠・コース型|メンバー構成型,False,当日傾向型,0.6213776860448141,False,当日傾向型|メンバー構成型,0.7612681036799691,False,当日傾向型|枠・コース型|騎手型,0.782029354466558,False,当日傾向型|枠・コース型|メンバー構成型|騎手型,0.8379919689314315,False,当日傾向型|レース構造型|枠・コース型|メンバー構成型|騎手型,0.8408136613356423,False,メンバー構成型,False,メンバー構成型|当日傾向型,False,メンバー構成型|当日傾向型|枠・コース型,False,メンバー構成型,0.6229677149177139,False,当日傾向型|メンバー構成型,0.7779069641843287,False,当日傾向型|レース構造型|メンバー構成型,0.8419467319647362,False,当日傾向型|枠・コース型|メンバー構成型|騎手型,0.8725122257725947,False,当日傾向型|レース構造型|枠・コース型|メンバー構成型|騎手型,0.822428087814108,False
2025,202507010601,0.6270970815981752,False,,メンバー構成型,False,メンバー構成型|レース構造型,False,メンバー構成型|レース構造型|枠・コース型,False,メンバー構成型,0.5537126890436452,False,レース構造型|メンバー構成型,0.6867985149116774,False,レース構造型|枠・コース型|騎手型,0.8595717032467107,False,当日傾向型|レース構造型|枠・コース型|メンバー構成型,0.8966158230972617,False,当日傾向型|レース構造型|枠・コース型|メンバー構成型|騎手型,0.9451395091127487,False,当日傾向型,False,当日傾向型|メンバー構成型,False,当日傾向型|メンバー構成型|枠・コース型,False,当日傾向型,0.5170007748964074,False,当日傾向型|メンバー構成型,0.818427801699529,False,レース構造型|枠・コース型|メンバー構成型,0.8972887552750938,False,レース構造型|枠・コース型|メンバー構成型|騎手型,0.9129861909429922,False,当日傾向型|レース構造型|枠・コース型|メンバー構成型|騎手型,0.9179664843985212,False
2025,202508031006,0.6270622884418438,True,レース構造型|メンバー構成型,レース構造型,True,レース構造型|当日傾向型,True,レース構造型|当日傾向型|枠・コース型,True,レース構造型,0.9805614180427673,True,レース構造型|枠・コース型,0.9843766975419878,True,レース構造型|枠・コース型|騎手型,0.9874090538726586,True,当日傾向型|レース構造型|枠・コース型|騎手型,0.9874325163570327,True,当日傾向型|レース構造型|枠・コース型|メンバー構成型|騎手型,0.9876865833708102,True,レース構造型,True,レース構造型|当日傾向型,True,レース構造型|当日傾向型|メンバー構成型,True,レース構造型,0.9819273783825082,True,レース構造型|メンバー構成型,0.9839651640276176,True,レース構造型|メンバー構成型|騎手型,0.9858351227372093,True,レース構造型|枠・コース型|メンバー構成型|騎手型,0.9896003047018015,True,当日傾向型|レース構造型|枠・コース型|メンバー構成型|騎手型,0.9800656226022997,True
2025,202509050609,0.6268313091459012,False,,枠・コース型,False,枠・コース型|メンバー構成型,False,枠・コース型|メンバー構成型|当日傾向型,False,枠・コース型,0.45999564529144715,False,レース構造型|枠・コース型,0.7568330040838281,False,レース構造型|枠・コース型|メンバー構成型,0.8517127917524655,False,当日傾向型|レース構造型|枠・コース型|メンバー構成型,0.8962985799031095,False,当日傾向型|レース構造型|枠・コース型|メンバー構成型|騎手型,0.9181246471947393,False,レース構造型,False,レース構造型|枠・コース型,False,レース構造型|枠・コース型|メンバー構成型,False,レース構造型,0.6529506605564227,False,当日傾向型|枠・コース型,0.8227217582355923,False,当日傾向型|枠・コース型|メンバー構成型,0.9210953635218088,False,レース構造型|枠・コース型|メンバー構成型|騎手型,0.9366460570950048,False,当日傾向型|レース構造型|枠・コース型|メンバー構成型|騎手型,0.9698522510324297,False
2025,202505010302,0.6267486908021179,True,当日傾向型|レース構造型|枠・コース型,当日傾向型,True,当日傾向型|騎手型,True,当日傾向型|騎手型|枠・コース型,True,当日傾向型,0.4387398579316558,True,当日傾向型|枠・コース型,0.7447645502353143,True,当日傾向型|レース構造型|枠・コース型,0.8482729878997277,True,当日傾向型|レース構造型|枠・コース型|騎手型,0.8931815403403759,True,当日傾向型|レース構造型|枠・コース型|メンバー構成型|騎手型,0.9225547814068954,True,当日傾向型,True,当日傾向型|メンバー構成型,True,当日傾向型|メンバー構成型|レース構造型,True,当日傾向型,0.5010946272862346,True,当日傾向型|メンバー構成型,0.6672541633138219,True,当日傾向型|枠・コース型|騎手型,0.8272180188365797,True,当日傾向型|レース構造型|枠・コース型|メンバー構成型,0.8767344324297137,True,当日傾向型|レース構造型|枠・コース型|メンバー構成型|騎手型,0.8472970003027215,True
2025,202501020504,0.6266124511815051,True,枠・コース型,メンバー構成型,False,メンバー構成型|当日傾向型,False,メンバー構成型|当日傾向型|騎手型,False,メンバー構成型,0.3832059451397721,False,枠・コース型|メンバー構成型,0.7624371971994077,True,レース構造型|枠・コース型|メンバー構成型,0.8424661934025437,True,レース構造型|枠・コース型|メンバー構成型|騎手型,0.8771683068677926,True,当日傾向型|レース構造型|枠・コース型|メンバー構成型|騎手型,0.889309867552017,True,枠・コース型,True,枠・コース型|当日傾向型,True,枠・コース型|当日傾向型|メンバー構成型,True,枠・コース型,0.34315889575680436,True,枠・コース型|メンバー構成型,0.7191099435488043,True,枠・コース型|メンバー構成型|騎手型,0.8183520821786486,True,レース構造型|枠・コース型|メンバー構成型|騎手型,0.8051343838025201,True,当日傾向型|レース構造型|枠・コース型|メンバー構成型|騎手型,0.6077904370124536,True
2025,202506040106,0.6264770878628046,False,,レース構造型,False,レース構造型|メンバー構成型,False,レース構造型|メンバー構成型|当日傾向型,False,レース構造型,0.9805440772299009,False,レース構造型|メンバー構成型,0.985621595433869,False,当日傾向型|レース構造型|騎手型,0.987657032363359,False,当日傾向型|レース構造型|枠・コース型|メンバー構成型,0.9892795112618366,False,当日傾向型|レース構造型|枠・コース型|メンバー構成型|騎手型,0.9925304596692016,False,レース構造型,False,レース構造型|枠・コース型,False,レース構造型|枠・コース型|当日傾向型,False,レース構造型,0.9788617262260217,False,レース構造型|枠・コース型,0.9877114382790994,False,レース構造型|枠・コース型|メンバー構成型,0.9891284628064867,False,レース構造型|枠・コース型|メンバー構成型|騎手型,0.9874353701871855,False,当日傾向型|レース構造型|枠・コース型|メンバー構成型|騎手型,0.9858400237820666,False
2025,202505050805,0.6260466933917314,False,,レース構造型,False,レース構造型|当日傾向型,False,レース構造型|当日傾向型|メンバー構成型,False,レース構造型,0.9829721895942256,False,レース構造型|枠・コース型,0.9846764339935825,False,レース構造型|メンバー構成型|騎手型,0.9865437107878249,False,レース構造型|枠・コース型|メンバー構成型|騎手型,0.9890664591121617,False,当日傾向型|レース構造型|枠・コース型|メンバー構成型|騎手型,0.9925210256518194,False,レース構造型,False,レース構造型|当日傾向型,False,レース構造型|当日傾向型|メンバー構成型,False,レース構造型,0.9844736788635473,False,レース構造型|メンバー構成型,0.9840918336728045,False,レース構造型|枠・コース型|メンバー構成型,0.9879490246987231,False,当日傾向型|レース構造型|メンバー構成型|騎手型,0.9873652411871819,False,当日傾向型|レース構造型|枠・コース型|メンバー構成型|騎手型,0.9824595835270453,False
2025,202506010609,0.6259965315170629,False,,レース構造型,False,レース構造型|メンバー構成型,False,レース構造型|メンバー構成型|騎手型,False,レース構造型,0.46784546212086436,False,レース構造型|メンバー構成型,0.7854676974535936,False,レース構造型|枠・コース型|メンバー構成型,0.8478452879723585,False,当日傾向型|レース構造型|枠・コース型|メンバー構成型,0.8922525085085243,False,当日傾向型|レース構造型|枠・コース型|メンバー構成型|騎手型,0.9115204290080868,False,当日傾向型,False,当日傾向型|レース構造型,False,当日傾向型|レース構造型|メンバー構成型,False,当日傾向型,0.44339395221541006,False,当日傾向型|レース構造型,0.7619336577712281,False,当日傾向型|レース構造型|メンバー構成型,0.849679679726866,False,当日傾向型|レース構造型|メンバー構成型|騎手型,0.9291527925743137,False,当日傾向型|レース構造型|枠・コース型|メンバー構成型|騎手型,0.9461960952393401,False
