year,strategy,role_class,focal_rank,pool_k,bet_type,market_group,races,coverage_pct_of_full_13824,avg_tickets_per_race,hit_rate_pct,stake_yen,return_yen,profit_yen,roi_pct
ALL,R1_EXACTA_AXIS_FIRST_TOP3,AXIS,1,3,EXACTA,ALL,13824,100.0,2.0,12.02980324074074,2764800.0,1907020.0,-857780.0,68.97497106481481
ALL,R1_EXACTA_AXIS_FIRST_TOP3,AXIS,1,3,EXACTA,BUY_GAP_GT_0,5645,40.834780092592595,2.0,7.245349867139061,1129000.0,752090.0,-376910.0,66.61558901682905
ALL,R1_EXACTA_AXIS_FIRST_TOP3,AXIS,1,3,EXACTA,KING_HIGHER,5645,40.834780092592595,2.0,7.245349867139061,1129000.0,752090.0,-376910.0,66.61558901682905
ALL,R1_EXACTA_AXIS_FIRST_TOP3,AXIS,1,3,EXACTA,POS_1,3012,21.788194444444443,2.0,9.661354581673306,602400.0,448460.0,-153940.0,74.44555112881807
ALL,R1_EXACTA_AXIS_FIRST_TOP3,AXIS,1,3,EXACTA,POS_2_3,1946,14.076967592592593,2.0,5.241521068859198,389200.0,229720.0,-159480.0,59.023638232271324
ALL,R1_EXACTA_AXIS_FIRST_TOP3,AXIS,1,3,EXACTA,POS_4PLUS,687,4.969618055555555,2.0,2.328966521106259,137400.0,73910.0,-63490.0,53.79184861717613
ALL,R1_EXACTA_AXIS_FIRST_TOP3,AXIS,1,3,EXACTA,SAME,8179,59.165219907407405,2.0,15.331947670864409,1635800.0,1154930.0,-480870.0,70.60337449565962
ALL,R1_EXACTA_AXIS_FIRST_TOP3,AXIS,1,3,EXACTA,SKIP_GAP_LE_0,8179,59.165219907407405,2.0,15.331947670864409,1635800.0,1154930.0,-480870.0,70.60337449565962
ALL,R1_EXACTA_AXIS_FIRST_TOP3,AXIS,1,3,EXACTA,ZERO,8179,59.165219907407405,2.0,15.331947670864409,1635800.0,1154930.0,-480870.0,70.60337449565962
ALL,R1_EXACTA_AXIS_FIRST_TOP6,AXIS,1,6,EXACTA,ALL,13785,99.71788194444444,5.0,21.313021400072543,6892500.0,4936940.0,-1955560.0,71.62771128037723
ALL,R1_EXACTA_AXIS_FIRST_TOP6,AXIS,1,6,EXACTA,BUY_GAP_GT_0,5634,40.755208333333336,5.0,12.477813276535322,2817000.0,1980740.0,-836260.0,70.31380901668442
ALL,R1_EXACTA_AXIS_FIRST_TOP6,AXIS,1,6,EXACTA,KING_HIGHER,5634,40.755208333333336,5.0,12.477813276535322,2817000.0,1980740.0,-836260.0,70.31380901668442
ALL,R1_EXACTA_AXIS_FIRST_TOP6,AXIS,1,6,EXACTA,POS_1,3002,21.71585648148148,5.0,15.989340439706861,1501000.0,1098480.0,-402520.0,73.18321119253831
ALL,R1_EXACTA_AXIS_FIRST_TOP6,AXIS,1,6,EXACTA,POS_2_3,1945,14.069733796296296,5.0,9.460154241645244,972500.0,614540.0,-357960.0,63.19177377892031
ALL,R1_EXACTA_AXIS_FIRST_TOP6,AXIS,1,6,EXACTA,POS_4PLUS,687,4.969618055555555,5.0,5.676855895196507,343500.0,267720.0,-75780.0,77.93886462882097
ALL,R1_EXACTA_AXIS_FIRST_TOP6,AXIS,1,6,EXACTA,SAME,8151,58.962673611111114,5.0,27.419948472580053,4075500.0,2956200.0,-1119300.0,72.53588516746412
ALL,R1_EXACTA_AXIS_FIRST_TOP6,AXIS,1,6,EXACTA,SKIP_GAP_LE_0,8151,58.962673611111114,5.0,27.419948472580053,4075500.0,2956200.0,-1119300.0,72.53588516746412
ALL,R1_EXACTA_AXIS_FIRST_TOP6,AXIS,1,6,EXACTA,ZERO,8151,58.962673611111114,5.0,27.419948472580053,4075500.0,2956200.0,-1119300.0,72.53588516746412
ALL,R1_EXACTA_AXIS_SECOND_TOP3,AXIS,1,3,EXACTA,ALL,13824,100.0,2.0,9.165219907407407,2764800.0,1978470.0,-786330.0,71.55924479166667
ALL,R1_EXACTA_AXIS_SECOND_TOP3,AXIS,1,3,EXACTA,BUY_GAP_GT_0,5645,40.834780092592595,2.0,8.308237378210807,1129000.0,790580.0,-338420.0,70.02480070859167
ALL,R1_EXACTA_AXIS_SECOND_TOP3,AXIS,1,3,EXACTA,KING_HIGHER,5645,40.834780092592595,2.0,8.308237378210807,1129000.0,790580.0,-338420.0,70.02480070859167
ALL,R1_EXACTA_AXIS_SECOND_TOP3,AXIS,1,3,EXACTA,POS_1,3012,21.788194444444443,2.0,10.092961487383798,602400.0,436210.0,-166190.0,72.41201859229747
ALL,R1_EXACTA_AXIS_SECOND_TOP3,AXIS,1,3,EXACTA,POS_2_3,1946,14.076967592592593,2.0,7.451181911613566,389200.0,283880.0,-105320.0,72.9393627954779
ALL,R1_EXACTA_AXIS_SECOND_TOP3,AXIS,1,3,EXACTA,POS_4PLUS,687,4.969618055555555,2.0,2.911208151382824,137400.0,70490.0,-66910.0,51.30276564774381
ALL,R1_EXACTA_AXIS_SECOND_TOP3,AXIS,1,3,EXACTA,SAME,8179,59.165219907407405,2.0,9.75669397236826,1635800.0,1187890.0,-447910.0,72.6182907445898
ALL,R1_EXACTA_AXIS_SECOND_TOP3,AXIS,1,3,EXACTA,SKIP_GAP_LE_0,8179,59.165219907407405,2.0,9.75669397236826,1635800.0,1187890.0,-447910.0,72.6182907445898
ALL,R1_EXACTA_AXIS_SECOND_TOP3,AXIS,1,3,EXACTA,ZERO,8179,59.165219907407405,2.0,9.75669397236826,1635800.0,1187890.0,-447910.0,72.6182907445898
ALL,R1_EXACTA_AXIS_SECOND_TOP6,AXIS,1,6,EXACTA,ALL,13785,99.71788194444444,5.0,15.067101922379399,6892500.0,5012020.0,-1880480.0,72.71701124410592
ALL,R1_EXACTA_AXIS_SECOND_TOP6,AXIS,1,6,EXACTA,BUY_GAP_GT_0,5634,40.755208333333336,5.0,13.010294639687611,2817000.0,1921840.0,-895160.0,68.2229321973731
ALL,R1_EXACTA_AXIS_SECOND_TOP6,AXIS,1,6,EXACTA,KING_HIGHER,5634,40.755208333333336,5.0,13.010294639687611,2817000.0,1921840.0,-895160.0,68.2229321973731
ALL,R1_EXACTA_AXIS_SECOND_TOP6,AXIS,1,6,EXACTA,POS_1,3002,21.71585648148148,5.0,15.289806795469687,1501000.0,1051000.0,-450000.0,70.01998667554963
ALL,R1_EXACTA_AXIS_SECOND_TOP6,AXIS,1,6,EXACTA,POS_2_3,1945,14.069733796296296,5.0,12.133676092544988,972500.0,705090.0,-267410.0,72.50282776349614
ALL,R1_EXACTA_AXIS_SECOND_TOP6,AXIS,1,6,EXACTA,POS_4PLUS,687,4.969618055555555,5.0,5.531295487627365,343500.0,165750.0,-177750.0,48.2532751091703
ALL,R1_EXACTA_AXIS_SECOND_TOP6,AXIS,1,6,EXACTA,SAME,8151,58.962673611111114,5.0,16.488774383511224,4075500.0,3090180.0,-985320.0,75.82333456017666
ALL,R1_EXACTA_AXIS_SECOND_TOP6,AXIS,1,6,EXACTA,SKIP_GAP_LE_0,8151,58.962673611111114,5.0,16.488774383511224,4075500.0,3090180.0,-985320.0,75.82333456017666
ALL,R1_EXACTA_AXIS_SECOND_TOP6,AXIS,1,6,EXACTA,ZERO,8151,58.962673611111114,5.0,16.488774383511224,4075500.0,3090180.0,-985320.0,75.82333456017666
ALL,R1_EXACTA_HIMO_BEST_OTHER_FIRST_TOP3,HIMO,1,3,EXACTA,ALL,13824,100.0,1.0,5.3891782407407405,1382400.0,953030.0,-429370.0,68.9402488425926
ALL,R1_EXACTA_HIMO_BEST_OTHER_FIRST_TOP3,HIMO,1,3,EXACTA,BUY_GAP_GT_0,5645,40.834780092592595,1.0,5.137289636846767,564500.0,383050.0,-181450.0,67.85651018600531
ALL,R1_EXACTA_HIMO_BEST_OTHER_FIRST_TOP3,HIMO,1,3,EXACTA,KING_HIGHER,5645,40.834780092592595,1.0,5.137289636846767,564500.0,383050.0,-181450.0,67.85651018600531
ALL,R1_EXACTA_HIMO_BEST_OTHER_FIRST_TOP3,HIMO,1,3,EXACTA,POS_1,3012,21.788194444444443,1.0,6.872509960159363,301200.0,220500.0,-80700.0,73.20717131474103
ALL,R1_EXACTA_HIMO_BEST_OTHER_FIRST_TOP3,HIMO,1,3,EXACTA,POS_2_3,1946,14.076967592592593,1.0,3.6485097636176773,194600.0,127970.0,-66630.0,65.76053442959918
ALL,R1_EXACTA_HIMO_BEST_OTHER_FIRST_TOP3,HIMO,1,3,EXACTA,POS_4PLUS,687,4.969618055555555,1.0,1.7467248908296944,68700.0,34580.0,-34120.0,50.33478893740902
ALL,R1_EXACTA_HIMO_BEST_OTHER_FIRST_TOP3,HIMO,1,3,EXACTA,SAME,8179,59.165219907407405,1.0,5.563027264946815,817900.0,569980.0,-247920.0,69.68822594449199
ALL,R1_EXACTA_HIMO_BEST_OTHER_FIRST_TOP3,HIMO,1,3,EXACTA,SKIP_GAP_LE_0,8179,59.165219907407405,1.0,5.563027264946815,817900.0,569980.0,-247920.0,69.68822594449199
ALL,R1_EXACTA_HIMO_BEST_OTHER_FIRST_TOP3,HIMO,1,3,EXACTA,ZERO,8179,59.165219907407405,1.0,5.563027264946815,817900.0,569980.0,-247920.0,69.68822594449199
ALL,R1_EXACTA_HIMO_BEST_OTHER_FIRST_TOP6,HIMO,1,6,EXACTA,ALL,13785,99.71788194444444,1.0,5.375408052230686,1378500.0,951340.0,-427160.0,69.012694958288
ALL,R1_EXACTA_HIMO_BEST_OTHER_FIRST_TOP6,HIMO,1,6,EXACTA,BUY_GAP_GT_0,5634,40.755208333333336,1.0,5.147319843805467,563400.0,383050.0,-180350.0,67.98899538516152
ALL,R1_EXACTA_HIMO_BEST_OTHER_FIRST_TOP6,HIMO,1,6,EXACTA,KING_HIGHER,5634,40.755208333333336,1.0,5.147319843805467,563400.0,383050.0,-180350.0,67.98899538516152
ALL,R1_EXACTA_HIMO_BEST_OTHER_FIRST_TOP6,HIMO,1,6,EXACTA,POS_1,3002,21.71585648148148,1.0,6.895403064623585,300200.0,220500.0,-79700.0,73.45103264490339
ALL,R1_EXACTA_HIMO_BEST_OTHER_FIRST_TOP6,HIMO,1,6,EXACTA,POS_2_3,1945,14.069733796296296,1.0,3.6503856041131106,194500.0,127970.0,-66530.0,65.79434447300771
ALL,R1_EXACTA_HIMO_BEST_OTHER_FIRST_TOP6,HIMO,1,6,EXACTA,POS_4PLUS,687,4.969618055555555,1.0,1.7467248908296944,68700.0,34580.0,-34120.0,50.33478893740902
ALL,R1_EXACTA_HIMO_BEST_OTHER_FIRST_TOP6,HIMO,1,6,EXACTA,SAME,8151,58.962673611111114,1.0,5.53306342780027,815100.0,568290.0,-246810.0,69.72027972027972
ALL,R1_EXACTA_HIMO_BEST_OTHER_FIRST_TOP6,HIMO,1,6,EXACTA,SKIP_GAP_LE_0,8151,58.962673611111114,1.0,5.53306342780027,815100.0,568290.0,-246810.0,69.72027972027972
ALL,R1_EXACTA_HIMO_BEST_OTHER_FIRST_TOP6,HIMO,1,6,EXACTA,ZERO,8151,58.962673611111114,1.0,5.53306342780027,815100.0,568290.0,-246810.0,69.72027972027972
ALL,R1_QUINELLA_AXIS_TOP3,AXIS,1,3,QUINELLA,ALL,13824,100.0,2.0,21.180555555555557,2764800.0,2036700.0,-728100.0,73.66536458333333
ALL,R1_QUINELLA_AXIS_TOP3,AXIS,1,3,QUINELLA,BUY_GAP_GT_0,5645,40.834780092592595,2.0,15.535872453498671,1129000.0,792480.0,-336520.0,70.19309123117803
ALL,R1_QUINELLA_AXIS_TOP3,AXIS,1,3,QUINELLA,KING_HIGHER,5645,40.834780092592595,2.0,15.535872453498671,1129000.0,792480.0,-336520.0,70.19309123117803
ALL,R1_QUINELLA_AXIS_TOP3,AXIS,1,3,QUINELLA,POS_1,3012,21.788194444444443,2.0,19.721115537848604,602400.0,455420.0,-146980.0,75.60092961487383
ALL,R1_QUINELLA_AXIS_TOP3,AXIS,1,3,QUINELLA,POS_2_3,1946,14.076967592592593,2.0,12.692702980472765,389200.0,265150.0,-124050.0,68.12692702980473
ALL,R1_QUINELLA_AXIS_TOP3,AXIS,1,3,QUINELLA,POS_4PLUS,687,4.969618055555555,2.0,5.240174672489083,137400.0,71910.0,-65490.0,52.33624454148472
ALL,R1_QUINELLA_AXIS_TOP3,AXIS,1,3,QUINELLA,SAME,8179,59.165219907407405,2.0,25.076415209683336,1635800.0,1244220.0,-391580.0,76.06186575375963
ALL,R1_QUINELLA_AXIS_TOP3,AXIS,1,3,QUINELLA,SKIP_GAP_LE_0,8179,59.165219907407405,2.0,25.076415209683336,1635800.0,1244220.0,-391580.0,76.06186575375963
ALL,R1_QUINELLA_AXIS_TOP3,AXIS,1,3,QUINELLA,ZERO,8179,59.165219907407405,2.0,25.076415209683336,1635800.0,1244220.0,-391580.0,76.06186575375963
ALL,R1_QUINELLA_AXIS_TOP6,AXIS,1,6,QUINELLA,ALL,13785,99.71788194444444,5.0,36.35110627493653,6892500.0,5183020.0,-1709480.0,75.19796880667393
ALL,R1_QUINELLA_AXIS_TOP6,AXIS,1,6,QUINELLA,BUY_GAP_GT_0,5634,40.755208333333336,5.0,25.452609158679447,2817000.0,2001150.0,-815850.0,71.03833865814697
ALL,R1_QUINELLA_AXIS_TOP6,AXIS,1,6,QUINELLA,KING_HIGHER,5634,40.755208333333336,5.0,25.452609158679447,2817000.0,2001150.0,-815850.0,71.03833865814697
ALL,R1_QUINELLA_AXIS_TOP6,AXIS,1,6,QUINELLA,POS_1,3002,21.71585648148148,5.0,31.212524983344437,1501000.0,1120080.0,-380920.0,74.62225183211193
ALL,R1_QUINELLA_AXIS_TOP6,AXIS,1,6,QUINELLA,POS_2_3,1945,14.069733796296296,5.0,21.59383033419023,972500.0,668300.0,-304200.0,68.719794344473
ALL,R1_QUINELLA_AXIS_TOP6,AXIS,1,6,QUINELLA,POS_4PLUS,687,4.969618055555555,5.0,11.208151382823871,343500.0,212770.0,-130730.0,61.94177583697234
ALL,R1_QUINELLA_AXIS_TOP6,AXIS,1,6,QUINELLA,SAME,8151,58.962673611111114,5.0,43.88418598944915,4075500.0,3181870.0,-893630.0,78.07311986259354
ALL,R1_QUINELLA_AXIS_TOP6,AXIS,1,6,QUINELLA,SKIP_GAP_LE_0,8151,58.962673611111114,5.0,43.88418598944915,4075500.0,3181870.0,-893630.0,78.07311986259354
ALL,R1_QUINELLA_AXIS_TOP6,AXIS,1,6,QUINELLA,ZERO,8151,58.962673611111114,5.0,43.88418598944915,4075500.0,3181870.0,-893630.0,78.07311986259354
ALL,R1_QUINELLA_HIMO_BEST_OTHER_TOP3,HIMO,1,3,QUINELLA,ALL,13824,100.0,1.0,12.297453703703704,1382400.0,991790.0,-390610.0,71.74406828703704
ALL,R1_QUINELLA_HIMO_BEST_OTHER_TOP3,HIMO,1,3,QUINELLA,BUY_GAP_GT_0,5645,40.834780092592595,1.0,9.406554472984942,564500.0,389250.0,-175250.0,68.95482728077945
ALL,R1_QUINELLA_HIMO_BEST_OTHER_TOP3,HIMO,1,3,QUINELLA,KING_HIGHER,5645,40.834780092592595,1.0,9.406554472984942,564500.0,389250.0,-175250.0,68.95482728077945
ALL,R1_QUINELLA_HIMO_BEST_OTHER_TOP3,HIMO,1,3,QUINELLA,POS_1,3012,21.788194444444443,1.0,12.682602921646746,301200.0,217570.0,-83630.0,72.234395750332
ALL,R1_QUINELLA_HIMO_BEST_OTHER_TOP3,HIMO,1,3,QUINELLA,POS_2_3,1946,14.076967592592593,1.0,6.474820143884892,194600.0,128210.0,-66390.0,65.88386433710174
ALL,R1_QUINELLA_HIMO_BEST_OTHER_TOP3,HIMO,1,3,QUINELLA,POS_4PLUS,687,4.969618055555555,1.0,3.3478893740902476,68700.0,43470.0,-25230.0,63.275109170305676
ALL,R1_QUINELLA_HIMO_BEST_OTHER_TOP3,HIMO,1,3,QUINELLA,SAME,8179,59.165219907407405,1.0,14.292700819171047,817900.0,602540.0,-215360.0,73.66915270815502
ALL,R1_QUINELLA_HIMO_BEST_OTHER_TOP3,HIMO,1,3,QUINELLA,SKIP_GAP_LE_0,8179,59.165219907407405,1.0,14.292700819171047,817900.0,602540.0,-215360.0,73.66915270815502
ALL,R1_QUINELLA_HIMO_BEST_OTHER_TOP3,HIMO,1,3,QUINELLA,ZERO,8179,59.165219907407405,1.0,14.292700819171047,817900.0,602540.0,-215360.0,73.66915270815502
ALL,R1_QUINELLA_HIMO_BEST_OTHER_TOP6,HIMO,1,6,QUINELLA,ALL,13785,99.71788194444444,1.0,12.194414218353282,1378500.0,988280.0,-390220.0,71.6924192963366
ALL,R1_QUINELLA_HIMO_BEST_OTHER_TOP6,HIMO,1,6,QUINELLA,BUY_GAP_GT_0,5634,40.755208333333336,1.0,9.371671991480298,563400.0,388730.0,-174670.0,68.99716009939652
ALL,R1_QUINELLA_HIMO_BEST_OTHER_TOP6,HIMO,1,6,QUINELLA,KING_HIGHER,5634,40.755208333333336,1.0,9.371671991480298,563400.0,388730.0,-174670.0,68.99716009939652
ALL,R1_QUINELLA_HIMO_BEST_OTHER_TOP6,HIMO,1,6,QUINELLA,POS_1,3002,21.71585648148148,1.0,12.62491672218521,300200.0,217050.0,-83150.0,72.30179880079946
ALL,R1_QUINELLA_HIMO_BEST_OTHER_TOP6,HIMO,1,6,QUINELLA,POS_2_3,1945,14.069733796296296,1.0,6.4781491002570695,194500.0,128210.0,-66290.0,65.91773778920309
ALL,R1_QUINELLA_HIMO_BEST_OTHER_TOP6,HIMO,1,6,QUINELLA,POS_4PLUS,687,4.969618055555555,1.0,3.3478893740902476,68700.0,43470.0,-25230.0,63.275109170305676
ALL,R1_QUINELLA_HIMO_BEST_OTHER_TOP6,HIMO,1,6,QUINELLA,SAME,8151,58.962673611111114,1.0,14.14550361918783,815100.0,599550.0,-215550.0,73.55539197644461
ALL,R1_QUINELLA_HIMO_BEST_OTHER_TOP6,HIMO,1,6,QUINELLA,SKIP_GAP_LE_0,8151,58.962673611111114,1.0,14.14550361918783,815100.0,599550.0,-215550.0,73.55539197644461
ALL,R1_QUINELLA_HIMO_BEST_OTHER_TOP6,HIMO,1,6,QUINELLA,ZERO,8151,58.962673611111114,1.0,14.14550361918783,815100.0,599550.0,-215550.0,73.55539197644461
ALL,R1_TRIFECTA_AXIS_FIRST_TOP3,AXIS,1,3,TRIFECTA,ALL,13824,100.0,2.0,2.7488425925925926,2764800.0,1414710.0,-1350090.0,51.168619791666664
ALL,R1_TRIFECTA_AXIS_FIRST_TOP3,AXIS,1,3,TRIFECTA,BUY_GAP_GT_0,5645,40.834780092592595,2.0,1.7183348095659876,1129000.0,537640.0,-591360.0,47.62090345438441
ALL,R1_TRIFECTA_AXIS_FIRST_TOP3,AXIS,1,3,TRIFECTA,KING_HIGHER,5645,40.834780092592595,2.0,1.7183348095659876,1129000.0,537640.0,-591360.0,47.62090345438441
ALL,R1_TRIFECTA_AXIS_FIRST_TOP3,AXIS,1,3,TRIFECTA,POS_1,3012,21.788194444444443,2.0,2.2244355909694553,602400.0,321420.0,-280980.0,53.35657370517928
ALL,R1_TRIFECTA_AXIS_FIRST_TOP3,AXIS,1,3,TRIFECTA,POS_2_3,1946,14.076967592592593,2.0,1.4388489208633093,389200.0,197400.0,-191800.0,50.719424460431654
ALL,R1_TRIFECTA_AXIS_FIRST_TOP3,AXIS,1,3,TRIFECTA,POS_4PLUS,687,4.969618055555555,2.0,0.29112081513828236,137400.0,18820.0,-118580.0,13.697234352256187
ALL,R1_TRIFECTA_AXIS_FIRST_TOP3,AXIS,1,3,TRIFECTA,SAME,8179,59.165219907407405,2.0,3.4600806944614257,1635800.0,877070.0,-758730.0,53.617190365570366
ALL,R1_TRIFECTA_AXIS_FIRST_TOP3,AXIS,1,3,TRIFECTA,SKIP_GAP_LE_0,8179,59.165219907407405,2.0,3.4600806944614257,1635800.0,877070.0,-758730.0,53.617190365570366
ALL,R1_TRIFECTA_AXIS_FIRST_TOP3,AXIS,1,3,TRIFECTA,ZERO,8179,59.165219907407405,2.0,3.4600806944614257,1635800.0,877070.0,-758730.0,53.617190365570366
ALL,R1_TRIFECTA_AXIS_FIRST_TOP6,AXIS,1,6,TRIFECTA,ALL,13785,99.71788194444444,20.0,14.327167210736308,27570000.0,17892300.0,-9677700.0,64.89771490750816
ALL,R1_TRIFECTA_AXIS_FIRST_TOP6,AXIS,1,6,TRIFECTA,BUY_GAP_GT_0,5634,40.755208333333336,20.0,8.342208022719205,11268000.0,7012340.0,-4255660.0,62.23233936812212
ALL,R1_TRIFECTA_AXIS_FIRST_TOP6,AXIS,1,6,TRIFECTA,KING_HIGHER,5634,40.755208333333336,20.0,8.342208022719205,11268000.0,7012340.0,-4255660.0,62.23233936812212
ALL,R1_TRIFECTA_AXIS_FIRST_TOP6,AXIS,1,6,TRIFECTA,POS_1,3002,21.71585648148148,20.0,10.592938041305796,6004000.0,4012180.0,-1991820.0,66.8251165889407
ALL,R1_TRIFECTA_AXIS_FIRST_TOP6,AXIS,1,6,TRIFECTA,POS_2_3,1945,14.069733796296296,20.0,6.426735218508997,3890000.0,2123050.0,-1766950.0,54.577120822622106
ALL,R1_TRIFECTA_AXIS_FIRST_TOP6,AXIS,1,6,TRIFECTA,POS_4PLUS,687,4.969618055555555,20.0,3.930131004366812,1374000.0,877110.0,-496890.0,63.83624454148472
ALL,R1_TRIFECTA_AXIS_FIRST_TOP6,AXIS,1,6,TRIFECTA,SAME,8151,58.962673611111114,20.0,18.463992148202674,16302000.0,10879960.0,-5422040.0,66.74003189792664
ALL,R1_TRIFECTA_AXIS_FIRST_TOP6,AXIS,1,6,TRIFECTA,SKIP_GAP_LE_0,8151,58.962673611111114,20.0,18.463992148202674,16302000.0,10879960.0,-5422040.0,66.74003189792664
ALL,R1_TRIFECTA_AXIS_FIRST_TOP6,AXIS,1,6,TRIFECTA,ZERO,8151,58.962673611111114,20.0,18.463992148202674,16302000.0,10879960.0,-5422040.0,66.74003189792664
ALL,R1_TRIFECTA_AXIS_SECOND_TOP3,AXIS,1,3,TRIFECTA,ALL,13824,100.0,2.0,2.1918402777777777,2764800.0,1661300.0,-1103500.0,60.08752893518518
ALL,R1_TRIFECTA_AXIS_SECOND_TOP3,AXIS,1,3,TRIFECTA,BUY_GAP_GT_0,5645,40.834780092592595,2.0,1.753764393268379,1129000.0,441060.0,-687940.0,39.06643046944198
ALL,R1_TRIFECTA_AXIS_SECOND_TOP3,AXIS,1,3,TRIFECTA,KING_HIGHER,5645,40.834780092592595,2.0,1.753764393268379,1129000.0,441060.0,-687940.0,39.06643046944198
ALL,R1_TRIFECTA_AXIS_SECOND_TOP3,AXIS,1,3,TRIFECTA,POS_1,3012,21.788194444444443,2.0,2.357237715803453,602400.0,303480.0,-298920.0,50.37848605577689
ALL,R1_TRIFECTA_AXIS_SECOND_TOP3,AXIS,1,3,TRIFECTA,POS_2_3,1946,14.076967592592593,2.0,1.3874614594039054,389200.0,125940.0,-263260.0,32.35868448098664
ALL,R1_TRIFECTA_AXIS_SECOND_TOP3,AXIS,1,3,TRIFECTA,POS_4PLUS,687,4.969618055555555,2.0,0.14556040756914118,137400.0,11640.0,-125760.0,8.471615720524017
ALL,R1_TRIFECTA_AXIS_SECOND_TOP3,AXIS,1,3,TRIFECTA,SAME,8179,59.165219907407405,2.0,2.4941924440640664,1635800.0,1220240.0,-415560.0,74.59591637119452
ALL,R1_TRIFECTA_AXIS_SECOND_TOP3,AXIS,1,3,TRIFECTA,SKIP_GAP_LE_0,8179,59.165219907407405,2.0,2.4941924440640664,1635800.0,1220240.0,-415560.0,74.59591637119452
ALL,R1_TRIFECTA_AXIS_SECOND_TOP3,AXIS,1,3,TRIFECTA,ZERO,8179,59.165219907407405,2.0,2.4941924440640664,1635800.0,1220240.0,-415560.0,74.59591637119452
ALL,R1_TRIFECTA_AXIS_SECOND_TOP6,AXIS,1,6,TRIFECTA,ALL,13785,99.71788194444444,20.0,10.184983677910772,27570000.0,19781510.0,-7788490.0,71.75012694958288
ALL,R1_TRIFECTA_AXIS_SECOND_TOP6,AXIS,1,6,TRIFECTA,BUY_GAP_GT_0,5634,40.755208333333336,20.0,8.519701810436635,11268000.0,7193320.0,-4074680.0,63.838480653177136
ALL,R1_TRIFECTA_AXIS_SECOND_TOP6,AXIS,1,6,TRIFECTA,KING_HIGHER,5634,40.755208333333336,20.0,8.519701810436635,11268000.0,7193320.0,-4074680.0,63.838480653177136
ALL,R1_TRIFECTA_AXIS_SECOND_TOP6,AXIS,1,6,TRIFECTA,POS_1,3002,21.71585648148148,20.0,10.293137908061292,6004000.0,3641300.0,-2362700.0,60.64790139906729
ALL,R1_TRIFECTA_AXIS_SECOND_TOP6,AXIS,1,6,TRIFECTA,POS_2_3,1945,14.069733796296296,20.0,7.455012853470437,3890000.0,2663830.0,-1226170.0,68.4789203084833
ALL,R1_TRIFECTA_AXIS_SECOND_TOP6,AXIS,1,6,TRIFECTA,POS_4PLUS,687,4.969618055555555,20.0,3.784570596797671,1374000.0,888190.0,-485810.0,64.64264919941776
ALL,R1_TRIFECTA_AXIS_SECOND_TOP6,AXIS,1,6,TRIFECTA,SAME,8151,58.962673611111114,20.0,11.336032388663968,16302000.0,12588190.0,-3713810.0,77.21868482394798
ALL,R1_TRIFECTA_AXIS_SECOND_TOP6,AXIS,1,6,TRIFECTA,SKIP_GAP_LE_0,8151,58.962673611111114,20.0,11.336032388663968,16302000.0,12588190.0,-3713810.0,77.21868482394798
ALL,R1_TRIFECTA_AXIS_SECOND_TOP6,AXIS,1,6,TRIFECTA,ZERO,8151,58.962673611111114,20.0,11.336032388663968,16302000.0,12588190.0,-3713810.0,77.21868482394798
ALL,R1_TRIFECTA_AXIS_THIRD_TOP3,AXIS,1,3,TRIFECTA,ALL,13824,100.0,2.0,1.830150462962963,2764800.0,1891180.0,-873620.0,68.40205439814815
ALL,R1_TRIFECTA_AXIS_THIRD_TOP3,AXIS,1,3,TRIFECTA,BUY_GAP_GT_0,5645,40.834780092592595,2.0,2.090345438441098,1129000.0,753700.0,-375300.0,66.75819309123118
ALL,R1_TRIFECTA_AXIS_THIRD_TOP3,AXIS,1,3,TRIFECTA,KING_HIGHER,5645,40.834780092592595,2.0,2.090345438441098,1129000.0,753700.0,-375300.0,66.75819309123118
ALL,R1_TRIFECTA_AXIS_THIRD_TOP3,AXIS,1,3,TRIFECTA,POS_1,3012,21.788194444444443,2.0,2.7888446215139444,602400.0,391590.0,-210810.0,65.00498007968127
ALL,R1_TRIFECTA_AXIS_THIRD_TOP3,AXIS,1,3,TRIFECTA,POS_2_3,1946,14.076967592592593,2.0,1.644398766700925,389200.0,287670.0,-101530.0,73.91315519013361
ALL,R1_TRIFECTA_AXIS_THIRD_TOP3,AXIS,1,3,TRIFECTA,POS_4PLUS,687,4.969618055555555,2.0,0.29112081513828236,137400.0,74440.0,-62960.0,54.177583697234354
ALL,R1_TRIFECTA_AXIS_THIRD_TOP3,AXIS,1,3,TRIFECTA,SAME,8179,59.165219907407405,2.0,1.650568529160044,1635800.0,1137480.0,-498320.0,69.53661816848026
ALL,R1_TRIFECTA_AXIS_THIRD_TOP3,AXIS,1,3,TRIFECTA,SKIP_GAP_LE_0,8179,59.165219907407405,2.0,1.650568529160044,1635800.0,1137480.0,-498320.0,69.53661816848026
ALL,R1_TRIFECTA_AXIS_THIRD_TOP3,AXIS,1,3,TRIFECTA,ZERO,8179,59.165219907407405,2.0,1.650568529160044,1635800.0,1137480.0,-498320.0,69.53661816848026
ALL,R1_TRIFECTA_AXIS_THIRD_TOP6,AXIS,1,6,TRIFECTA,ALL,13785,99.71788194444444,20.0,7.196227783822996,27570000.0,18050100.0,-9519900.0,65.47007616974973
ALL,R1_TRIFECTA_AXIS_THIRD_TOP6,AXIS,1,6,TRIFECTA,BUY_GAP_GT_0,5634,40.755208333333336,20.0,8.30670926517572,11268000.0,8108270.0,-3159730.0,71.95837770678027
ALL,R1_TRIFECTA_AXIS_THIRD_TOP6,AXIS,1,6,TRIFECTA,KING_HIGHER,5634,40.755208333333336,20.0,8.30670926517572,11268000.0,8108270.0,-3159730.0,71.95837770678027
ALL,R1_TRIFECTA_AXIS_THIRD_TOP6,AXIS,1,6,TRIFECTA,POS_1,3002,21.71585648148148,20.0,9.32711525649567,6004000.0,3427100.0,-2576900.0,57.08027981345769
ALL,R1_TRIFECTA_AXIS_THIRD_TOP6,AXIS,1,6,TRIFECTA,POS_2_3,1945,14.069733796296296,20.0,8.174807197943444,3890000.0,3394960.0,-495040.0,87.27403598971722
ALL,R1_TRIFECTA_AXIS_THIRD_TOP6,AXIS,1,6,TRIFECTA,POS_4PLUS,687,4.969618055555555,20.0,4.2212518195050945,1374000.0,1286210.0,-87790.0,93.61062590975254
ALL,R1_TRIFECTA_AXIS_THIRD_TOP6,AXIS,1,6,TRIFECTA,SAME,8151,58.962673611111114,20.0,6.428659060238008,16302000.0,9941830.0,-6360170.0,60.98533922218133
ALL,R1_TRIFECTA_AXIS_THIRD_TOP6,AXIS,1,6,TRIFECTA,SKIP_GAP_LE_0,8151,58.962673611111114,20.0,6.428659060238008,16302000.0,9941830.0,-6360170.0,60.98533922218133
ALL,R1_TRIFECTA_AXIS_THIRD_TOP6,AXIS,1,6,TRIFECTA,ZERO,8151,58.962673611111114,20.0,6.428659060238008,16302000.0,9941830.0,-6360170.0,60.98533922218133
ALL,R1_TRIFECTA_HIMO_BEST_OTHER_FIRST_TOP3,HIMO,1,3,TRIFECTA,ALL,13824,100.0,2.0,2.1918402777777777,2764800.0,1665540.0,-1099260.0,60.240885416666664
ALL,R1_TRIFECTA_HIMO_BEST_OTHER_FIRST_TOP3,HIMO,1,3,TRIFECTA,BUY_GAP_GT_0,5645,40.834780092592595,2.0,2.2143489813994686,1129000.0,526420.0,-602580.0,46.62710363153233
ALL,R1_TRIFECTA_HIMO_BEST_OTHER_FIRST_TOP3,HIMO,1,3,TRIFECTA,KING_HIGHER,5645,40.834780092592595,2.0,2.2143489813994686,1129000.0,526420.0,-602580.0,46.62710363153233
ALL,R1_TRIFECTA_HIMO_BEST_OTHER_FIRST_TOP3,HIMO,1,3,TRIFECTA,POS_1,3012,21.788194444444443,2.0,3.2204515272244354,602400.0,371230.0,-231170.0,61.625166002656044
ALL,R1_TRIFECTA_HIMO_BEST_OTHER_FIRST_TOP3,HIMO,1,3,TRIFECTA,POS_2_3,1946,14.076967592592593,2.0,1.4388489208633093,389200.0,155190.0,-234010.0,39.87410071942446
ALL,R1_TRIFECTA_HIMO_BEST_OTHER_FIRST_TOP3,HIMO,1,3,TRIFECTA,POS_4PLUS,687,4.969618055555555,2.0,0.0,137400.0,0.0,-137400.0,0.0
ALL,R1_TRIFECTA_HIMO_BEST_OTHER_FIRST_TOP3,HIMO,1,3,TRIFECTA,SAME,8179,59.165219907407405,2.0,2.1763051717813915,1635800.0,1139120.0,-496680.0,69.63687492358478
ALL,R1_TRIFECTA_HIMO_BEST_OTHER_FIRST_TOP3,HIMO,1,3,TRIFECTA,SKIP_GAP_LE_0,8179,59.165219907407405,2.0,2.1763051717813915,1635800.0,1139120.0,-496680.0,69.63687492358478
ALL,R1_TRIFECTA_HIMO_BEST_OTHER_FIRST_TOP3,HIMO,1,3,TRIFECTA,ZERO,8179,59.165219907407405,2.0,2.1763051717813915,1635800.0,1139120.0,-496680.0,69.63687492358478
ALL,R1_TRIFECTA_HIMO_BEST_OTHER_FIRST_TOP6,HIMO,1,6,TRIFECTA,ALL,13785,99.71788194444444,8.0,6.050054406964091,11028000.0,7433540.0,-3594460.0,67.40605730866885
ALL,R1_TRIFECTA_HIMO_BEST_OTHER_FIRST_TOP6,HIMO,1,6,TRIFECTA,BUY_GAP_GT_0,5634,40.755208333333336,8.0,6.336528221512247,4507200.0,3034140.0,-1473060.0,67.31762513312034
ALL,R1_TRIFECTA_HIMO_BEST_OTHER_FIRST_TOP6,HIMO,1,6,TRIFECTA,KING_HIGHER,5634,40.755208333333336,8.0,6.336528221512247,4507200.0,3034140.0,-1473060.0,67.31762513312034
ALL,R1_TRIFECTA_HIMO_BEST_OTHER_FIRST_TOP6,HIMO,1,6,TRIFECTA,POS_1,3002,21.71585648148148,8.0,8.327781479013991,2401600.0,1623810.0,-777790.0,67.61367421718855
ALL,R1_TRIFECTA_HIMO_BEST_OTHER_FIRST_TOP6,HIMO,1,6,TRIFECTA,POS_2_3,1945,14.069733796296296,8.0,4.987146529562982,1556000.0,1143990.0,-412010.0,73.52120822622108
ALL,R1_TRIFECTA_HIMO_BEST_OTHER_FIRST_TOP6,HIMO,1,6,TRIFECTA,POS_4PLUS,687,4.969618055555555,8.0,1.455604075691412,549600.0,266340.0,-283260.0,48.46069868995633
ALL,R1_TRIFECTA_HIMO_BEST_OTHER_FIRST_TOP6,HIMO,1,6,TRIFECTA,SAME,8151,58.962673611111114,8.0,5.852042694147958,6520800.0,4399400.0,-2121400.0,67.46718194086615
ALL,R1_TRIFECTA_HIMO_BEST_OTHER_FIRST_TOP6,HIMO,1,6,TRIFECTA,SKIP_GAP_LE_0,8151,58.962673611111114,8.0,5.852042694147958,6520800.0,4399400.0,-2121400.0,67.46718194086615
ALL,R1_TRIFECTA_HIMO_BEST_OTHER_FIRST_TOP6,HIMO,1,6,TRIFECTA,ZERO,8151,58.962673611111114,8.0,5.852042694147958,6520800.0,4399400.0,-2121400.0,67.46718194086615
ALL,R1_TRIO_AXIS_TOP3,AXIS,1,3,TRIO,ALL,13824,100.0,1.0,6.763599537037037,1382400.0,907500.0,-474900.0,65.64670138888889
ALL,R1_TRIO_AXIS_TOP3,AXIS,1,3,TRIO,BUY_GAP_GT_0,5645,40.834780092592595,1.0,5.562444641275465,564500.0,317750.0,-246750.0,56.28875110717449
ALL,R1_TRIO_AXIS_TOP3,AXIS,1,3,TRIO,KING_HIGHER,5645,40.834780092592595,1.0,5.562444641275465,564500.0,317750.0,-246750.0,56.28875110717449
ALL,R1_TRIO_AXIS_TOP3,AXIS,1,3,TRIO,POS_1,3012,21.788194444444443,1.0,7.370517928286852,301200.0,186840.0,-114360.0,62.03187250996016
ALL,R1_TRIO_AXIS_TOP3,AXIS,1,3,TRIO,POS_2_3,1946,14.076967592592593,1.0,4.47070914696814,194600.0,112150.0,-82450.0,57.63103802672148
ALL,R1_TRIO_AXIS_TOP3,AXIS,1,3,TRIO,POS_4PLUS,687,4.969618055555555,1.0,0.727802037845706,68700.0,18760.0,-49940.0,27.307132459970887
ALL,R1_TRIO_AXIS_TOP3,AXIS,1,3,TRIO,SAME,8179,59.165219907407405,1.0,7.592615234136202,817900.0,589750.0,-228150.0,72.10539185719526
ALL,R1_TRIO_AXIS_TOP3,AXIS,1,3,TRIO,SKIP_GAP_LE_0,8179,59.165219907407405,1.0,7.592615234136202,817900.0,589750.0,-228150.0,72.10539185719526
ALL,R1_TRIO_AXIS_TOP3,AXIS,1,3,TRIO,ZERO,8179,59.165219907407405,1.0,7.592615234136202,817900.0,589750.0,-228150.0,72.10539185719526
ALL,R1_TRIO_AXIS_TOP6,AXIS,1,6,TRIO,ALL,13785,99.71788194444444,10.0,31.672107363075806,13785000.0,9873210.0,-3911790.0,71.6228509249184
ALL,R1_TRIO_AXIS_TOP6,AXIS,1,6,TRIO,BUY_GAP_GT_0,5634,40.755208333333336,10.0,25.13312034078807,5634000.0,3894540.0,-1739460.0,69.12566560170394
ALL,R1_TRIO_AXIS_TOP6,AXIS,1,6,TRIO,KING_HIGHER,5634,40.755208333333336,10.0,25.13312034078807,5634000.0,3894540.0,-1739460.0,69.12566560170394
ALL,R1_TRIO_AXIS_TOP6,AXIS,1,6,TRIO,POS_1,3002,21.71585648148148,10.0,30.146568954030645,3002000.0,2021050.0,-980950.0,67.3234510326449
ALL,R1_TRIO_AXIS_TOP6,AXIS,1,6,TRIO,POS_2_3,1945,14.069733796296296,10.0,22.056555269922878,1945000.0,1346850.0,-598150.0,69.24678663239075
ALL,R1_TRIO_AXIS_TOP6,AXIS,1,6,TRIO,POS_4PLUS,687,4.969618055555555,10.0,11.935953420669579,687000.0,526640.0,-160360.0,76.65793304221252
ALL,R1_TRIO_AXIS_TOP6,AXIS,1,6,TRIO,SAME,8151,58.962673611111114,10.0,36.19187829714146,8151000.0,5978670.0,-2172330.0,73.34891424365108
ALL,R1_TRIO_AXIS_TOP6,AXIS,1,6,TRIO,SKIP_GAP_LE_0,8151,58.962673611111114,10.0,36.19187829714146,8151000.0,5978670.0,-2172330.0,73.34891424365108
ALL,R1_TRIO_AXIS_TOP6,AXIS,1,6,TRIO,ZERO,8151,58.962673611111114,10.0,36.19187829714146,8151000.0,5978670.0,-2172330.0,73.34891424365108
ALL,R1_TRIO_HIMO_BEST_OTHER_TOP3,HIMO,1,3,TRIO,ALL,13824,100.0,1.0,6.763599537037037,1382400.0,907500.0,-474900.0,65.64670138888889
ALL,R1_TRIO_HIMO_BEST_OTHER_TOP3,HIMO,1,3,TRIO,BUY_GAP_GT_0,5645,40.834780092592595,1.0,5.562444641275465,564500.0,317750.0,-246750.0,56.28875110717449
ALL,R1_TRIO_HIMO_BEST_OTHER_TOP3,HIMO,1,3,TRIO,KING_HIGHER,5645,40.834780092592595,1.0,5.562444641275465,564500.0,317750.0,-246750.0,56.28875110717449
ALL,R1_TRIO_HIMO_BEST_OTHER_TOP3,HIMO,1,3,TRIO,POS_1,3012,21.788194444444443,1.0,7.370517928286852,301200.0,186840.0,-114360.0,62.03187250996016
ALL,R1_TRIO_HIMO_BEST_OTHER_TOP3,HIMO,1,3,TRIO,POS_2_3,1946,14.076967592592593,1.0,4.47070914696814,194600.0,112150.0,-82450.0,57.63103802672148
ALL,R1_TRIO_HIMO_BEST_OTHER_TOP3,HIMO,1,3,TRIO,POS_4PLUS,687,4.969618055555555,1.0,0.727802037845706,68700.0,18760.0,-49940.0,27.307132459970887
ALL,R1_TRIO_HIMO_BEST_OTHER_TOP3,HIMO,1,3,TRIO,SAME,8179,59.165219907407405,1.0,7.592615234136202,817900.0,589750.0,-228150.0,72.10539185719526
ALL,R1_TRIO_HIMO_BEST_OTHER_TOP3,HIMO,1,3,TRIO,SKIP_GAP_LE_0,8179,59.165219907407405,1.0,7.592615234136202,817900.0,589750.0,-228150.0,72.10539185719526
ALL,R1_TRIO_HIMO_BEST_OTHER_TOP3,HIMO,1,3,TRIO,ZERO,8179,59.165219907407405,1.0,7.592615234136202,817900.0,589750.0,-228150.0,72.10539185719526
ALL,R1_TRIO_HIMO_BEST_OTHER_TOP6,HIMO,1,6,TRIO,ALL,13785,99.71788194444444,4.0,18.302502720348205,5514000.0,3932870.0,-1581130.0,71.32517228871963
ALL,R1_TRIO_HIMO_BEST_OTHER_TOP6,HIMO,1,6,TRIO,BUY_GAP_GT_0,5634,40.755208333333336,4.0,15.282215122470713,2253600.0,1574860.0,-678740.0,69.88196663116791
ALL,R1_TRIO_HIMO_BEST_OTHER_TOP6,HIMO,1,6,TRIO,KING_HIGHER,5634,40.755208333333336,4.0,15.282215122470713,2253600.0,1574860.0,-678740.0,69.88196663116791
ALL,R1_TRIO_HIMO_BEST_OTHER_TOP6,HIMO,1,6,TRIO,POS_1,3002,21.71585648148148,4.0,19.55363091272485,1200800.0,866290.0,-334510.0,72.1427381745503
ALL,R1_TRIO_HIMO_BEST_OTHER_TOP6,HIMO,1,6,TRIO,POS_2_3,1945,14.069733796296296,4.0,12.287917737789202,778000.0,537970.0,-240030.0,69.1478149100257
ALL,R1_TRIO_HIMO_BEST_OTHER_TOP6,HIMO,1,6,TRIO,POS_4PLUS,687,4.969618055555555,4.0,5.094614264919942,274800.0,170600.0,-104200.0,62.08151382823872
ALL,R1_TRIO_HIMO_BEST_OTHER_TOP6,HIMO,1,6,TRIO,SAME,8151,58.962673611111114,4.0,20.390136179609865,3260400.0,2358010.0,-902390.0,72.32272113851062
ALL,R1_TRIO_HIMO_BEST_OTHER_TOP6,HIMO,1,6,TRIO,SKIP_GAP_LE_0,8151,58.962673611111114,4.0,20.390136179609865,3260400.0,2358010.0,-902390.0,72.32272113851062
ALL,R1_TRIO_HIMO_BEST_OTHER_TOP6,HIMO,1,6,TRIO,ZERO,8151,58.962673611111114,4.0,20.390136179609865,3260400.0,2358010.0,-902390.0,72.32272113851062
ALL,R1_WIN_SINGLE_TOP3,AXIS,1,3,WIN,ALL,13824,100.0,1.0,28.22627314814815,1382400.0,1059420.0,-322980.0,76.63628472222223
ALL,R1_WIN_SINGLE_TOP3,AXIS,1,3,WIN,BUY_GAP_GT_0,5645,40.834780092592595,1.0,16.08503100088574,564500.0,413090.0,-151410.0,73.17803365810451
ALL,R1_WIN_SINGLE_TOP3,AXIS,1,3,WIN,KING_HIGHER,5645,40.834780092592595,1.0,16.08503100088574,564500.0,413090.0,-151410.0,73.17803365810451
ALL,R1_WIN_SINGLE_TOP3,AXIS,1,3,WIN,POS_1,3012,21.788194444444443,1.0,20.683930942895085,301200.0,231340.0,-69860.0,76.80610889774236
ALL,R1_WIN_SINGLE_TOP3,AXIS,1,3,WIN,POS_2_3,1946,14.076967592592593,1.0,12.332990750256938,194600.0,132330.0,-62270.0,68.0010277492292
ALL,R1_WIN_SINGLE_TOP3,AXIS,1,3,WIN,POS_4PLUS,687,4.969618055555555,1.0,6.550218340611353,68700.0,49420.0,-19280.0,71.93595342066958
ALL,R1_WIN_SINGLE_TOP3,AXIS,1,3,WIN,SAME,8179,59.165219907407405,1.0,36.605942046704975,817900.0,646330.0,-171570.0,79.02310795940824
ALL,R1_WIN_SINGLE_TOP3,AXIS,1,3,WIN,SKIP_GAP_LE_0,8179,59.165219907407405,1.0,36.605942046704975,817900.0,646330.0,-171570.0,79.02310795940824
ALL,R1_WIN_SINGLE_TOP3,AXIS,1,3,WIN,ZERO,8179,59.165219907407405,1.0,36.605942046704975,817900.0,646330.0,-171570.0,79.02310795940824
ALL,R1_WIN_SINGLE_TOP6,AXIS,1,6,WIN,ALL,13785,99.71788194444444,1.0,28.124773304316285,1378500.0,1054840.0,-323660.0,76.52085600290171
ALL,R1_WIN_SINGLE_TOP6,AXIS,1,6,WIN,BUY_GAP_GT_0,5634,40.755208333333336,1.0,16.009939652112177,563400.0,411400.0,-152000.0,73.02094426695065
ALL,R1_WIN_SINGLE_TOP6,AXIS,1,6,WIN,KING_HIGHER,5634,40.755208333333336,1.0,16.009939652112177,563400.0,411400.0,-152000.0,73.02094426695065
ALL,R1_WIN_SINGLE_TOP6,AXIS,1,6,WIN,POS_1,3002,21.71585648148148,1.0,20.55296469020653,300200.0,229650.0,-70550.0,76.49900066622251
ALL,R1_WIN_SINGLE_TOP6,AXIS,1,6,WIN,POS_2_3,1945,14.069733796296296,1.0,12.339331619537274,194500.0,132330.0,-62170.0,68.03598971722366
ALL,R1_WIN_SINGLE_TOP6,AXIS,1,6,WIN,POS_4PLUS,687,4.969618055555555,1.0,6.550218340611353,68700.0,49420.0,-19280.0,71.93595342066958
ALL,R1_WIN_SINGLE_TOP6,AXIS,1,6,WIN,SAME,8151,58.962673611111114,1.0,36.49858913016808,815100.0,643440.0,-171660.0,78.94000736106
ALL,R1_WIN_SINGLE_TOP6,AXIS,1,6,WIN,SKIP_GAP_LE_0,8151,58.962673611111114,1.0,36.49858913016808,815100.0,643440.0,-171660.0,78.94000736106
ALL,R1_WIN_SINGLE_TOP6,AXIS,1,6,WIN,ZERO,8151,58.962673611111114,1.0,36.49858913016808,815100.0,643440.0,-171660.0,78.94000736106
ALL,R2_EXACTA_AXIS_FIRST_TOP3,AXIS,2,3,EXACTA,ALL,13824,100.0,2.0,8.47800925925926,2764800.0,2033870.0,-730930.0,73.56300636574075
ALL,R2_EXACTA_AXIS_FIRST_TOP3,AXIS,2,3,EXACTA,BUY_GAP_GT_0,6106,44.16956018518518,2.0,4.602030789387488,1221200.0,849100.0,-372100.0,69.52997052079921
ALL,R2_EXACTA_AXIS_FIRST_TOP3,AXIS,2,3,EXACTA,KING_HIGHER,6106,44.16956018518518,2.0,4.602030789387488,1221200.0,849100.0,-372100.0,69.52997052079921
ALL,R2_EXACTA_AXIS_FIRST_TOP3,AXIS,2,3,EXACTA,MARKET_HIGHER,2934,21.223958333333332,2.0,12.74710293115201,586800.0,395710.0,-191090.0,67.43524199045672
ALL,R2_EXACTA_AXIS_FIRST_TOP3,AXIS,2,3,EXACTA,NEG_1,2934,21.223958333333332,2.0,12.74710293115201,586800.0,395710.0,-191090.0,67.43524199045672
ALL,R2_EXACTA_AXIS_FIRST_TOP3,AXIS,2,3,EXACTA,POS_1,2723,19.697627314814813,2.0,6.243114212265883,544600.0,376620.0,-167980.0,69.15534337128167
ALL,R2_EXACTA_AXIS_FIRST_TOP3,AXIS,2,3,EXACTA,POS_2_3,2370,17.14409722222222,2.0,4.050632911392405,474000.0,331080.0,-142920.0,69.84810126582279
ALL,R2_EXACTA_AXIS_FIRST_TOP3,AXIS,2,3,EXACTA,POS_4PLUS,1013,7.327835648148148,2.0,1.4807502467917077,202600.0,141400.0,-61200.0,69.79269496544916
ALL,R2_EXACTA_AXIS_FIRST_TOP3,AXIS,2,3,EXACTA,SAME,4784,34.60648148148148,2.0,10.80685618729097,956800.0,789060.0,-167740.0,82.46864548494983
ALL,R2_EXACTA_AXIS_FIRST_TOP3,AXIS,2,3,EXACTA,SKIP_GAP_LE_0,7718,55.83043981481482,2.0,11.544441565172324,1543600.0,1184770.0,-358830.0,76.7536926664939
ALL,R2_EXACTA_AXIS_FIRST_TOP3,AXIS,2,3,EXACTA,ZERO,4784,34.60648148148148,2.0,10.80685618729097,956800.0,789060.0,-167740.0,82.46864548494983
ALL,R2_EXACTA_AXIS_FIRST_TOP6,AXIS,2,6,EXACTA,ALL,13785,99.71788194444444,5.0,14.109539354370693,6892500.0,5266270.0,-1626230.0,76.40580340950308
ALL,R2_EXACTA_AXIS_FIRST_TOP6,AXIS,2,6,EXACTA,BUY_GAP_GT_0,6097,44.10445601851852,5.0,8.085943906839429,3048500.0,2298490.0,-750010.0,75.39740856158767
ALL,R2_EXACTA_AXIS_FIRST_TOP6,AXIS,2,6,EXACTA,KING_HIGHER,6097,44.10445601851852,5.0,8.085943906839429,3048500.0,2298490.0,-750010.0,75.39740856158767
ALL,R2_EXACTA_AXIS_FIRST_TOP6,AXIS,2,6,EXACTA,MARKET_HIGHER,2927,21.17332175925926,5.0,22.822002049880425,1463500.0,1081010.0,-382490.0,73.86470789203963
ALL,R2_EXACTA_AXIS_FIRST_TOP6,AXIS,2,6,EXACTA,NEG_1,2927,21.17332175925926,5.0,22.822002049880425,1463500.0,1081010.0,-382490.0,73.86470789203963
ALL,R2_EXACTA_AXIS_FIRST_TOP6,AXIS,2,6,EXACTA,POS_1,2717,19.654224537037038,5.0,10.48951048951049,1358500.0,983850.0,-374650.0,72.42178873757821
ALL,R2_EXACTA_AXIS_FIRST_TOP6,AXIS,2,6,EXACTA,POS_2_3,2367,17.122395833333332,5.0,7.731305449936628,1183500.0,929460.0,-254040.0,78.53485424588087
ALL,R2_EXACTA_AXIS_FIRST_TOP6,AXIS,2,6,EXACTA,POS_4PLUS,1013,7.327835648148148,5.0,2.4679170779861797,506500.0,385180.0,-121320.0,76.04738400789734
ALL,R2_EXACTA_AXIS_FIRST_TOP6,AXIS,2,6,EXACTA,SAME,4761,34.440104166666664,5.0,16.46712875446335,2380500.0,1886770.0,-493730.0,79.25939928586432
ALL,R2_EXACTA_AXIS_FIRST_TOP6,AXIS,2,6,EXACTA,SKIP_GAP_LE_0,7688,55.613425925925924,5.0,18.886576482830385,3844000.0,2967780.0,-876220.0,77.20551508844953
ALL,R2_EXACTA_AXIS_FIRST_TOP6,AXIS,2,6,EXACTA,ZERO,4761,34.440104166666664,5.0,16.46712875446335,2380500.0,1886770.0,-493730.0,79.25939928586432
ALL,R2_EXACTA_AXIS_SECOND_TOP3,AXIS,2,3,EXACTA,ALL,13824,100.0,2.0,9.657118055555555,2764800.0,2035860.0,-728940.0,73.63498263888889
ALL,R2_EXACTA_AXIS_SECOND_TOP3,AXIS,2,3,EXACTA,BUY_GAP_GT_0,6106,44.16956018518518,2.0,7.009498853586636,1221200.0,862130.0,-359070.0,70.59695381591877
ALL,R2_EXACTA_AXIS_SECOND_TOP3,AXIS,2,3,EXACTA,KING_HIGHER,6106,44.16956018518518,2.0,7.009498853586636,1221200.0,862130.0,-359070.0,70.59695381591877
ALL,R2_EXACTA_AXIS_SECOND_TOP3,AXIS,2,3,EXACTA,MARKET_HIGHER,2934,21.223958333333332,2.0,9.850034083162917,586800.0,474780.0,-112020.0,80.91002044989776
ALL,R2_EXACTA_AXIS_SECOND_TOP3,AXIS,2,3,EXACTA,NEG_1,2934,21.223958333333332,2.0,9.850034083162917,586800.0,474780.0,-112020.0,80.91002044989776
ALL,R2_EXACTA_AXIS_SECOND_TOP3,AXIS,2,3,EXACTA,POS_1,2723,19.697627314814813,2.0,9.658464928387808,544600.0,414830.0,-129770.0,76.17150201983107
ALL,R2_EXACTA_AXIS_SECOND_TOP3,AXIS,2,3,EXACTA,POS_2_3,2370,17.14409722222222,2.0,5.949367088607595,474000.0,339300.0,-134700.0,71.58227848101266
ALL,R2_EXACTA_AXIS_SECOND_TOP3,AXIS,2,3,EXACTA,POS_4PLUS,1013,7.327835648148148,2.0,2.3692003948667324,202600.0,108000.0,-94600.0,53.30700888450148
ALL,R2_EXACTA_AXIS_SECOND_TOP3,AXIS,2,3,EXACTA,SAME,4784,34.60648148148148,2.0,12.918060200668897,956800.0,698950.0,-257850.0,73.05079431438126
ALL,R2_EXACTA_AXIS_SECOND_TOP3,AXIS,2,3,EXACTA,SKIP_GAP_LE_0,7718,55.83043981481482,2.0,11.751749157812904,1543600.0,1173730.0,-369870.0,76.03848147188391
ALL,R2_EXACTA_AXIS_SECOND_TOP3,AXIS,2,3,EXACTA,ZERO,4784,34.60648148148148,2.0,12.918060200668897,956800.0,698950.0,-257850.0,73.05079431438126
ALL,R2_EXACTA_AXIS_SECOND_TOP6,AXIS,2,6,EXACTA,ALL,13785,99.71788194444444,5.0,13.565469713456656,6892500.0,4835420.0,-2057080.0,70.15480594849474
ALL,R2_EXACTA_AXIS_SECOND_TOP6,AXIS,2,6,EXACTA,BUY_GAP_GT_0,6097,44.10445601851852,5.0,10.562571756601608,3048500.0,2180120.0,-868380.0,71.51451533541086
ALL,R2_EXACTA_AXIS_SECOND_TOP6,AXIS,2,6,EXACTA,KING_HIGHER,6097,44.10445601851852,5.0,10.562571756601608,3048500.0,2180120.0,-868380.0,71.51451533541086
ALL,R2_EXACTA_AXIS_SECOND_TOP6,AXIS,2,6,EXACTA,MARKET_HIGHER,2927,21.17332175925926,5.0,15.305773829859925,1463500.0,1048810.0,-414690.0,71.66450290399726
ALL,R2_EXACTA_AXIS_SECOND_TOP6,AXIS,2,6,EXACTA,NEG_1,2927,21.17332175925926,5.0,15.305773829859925,1463500.0,1048810.0,-414690.0,71.66450290399726
ALL,R2_EXACTA_AXIS_SECOND_TOP6,AXIS,2,6,EXACTA,POS_1,2717,19.654224537037038,5.0,13.397129186602871,1358500.0,969300.0,-389200.0,71.35075450864925
ALL,R2_EXACTA_AXIS_SECOND_TOP6,AXIS,2,6,EXACTA,POS_2_3,2367,17.122395833333332,5.0,9.590198563582595,1183500.0,810410.0,-373090.0,68.4757076468103
ALL,R2_EXACTA_AXIS_SECOND_TOP6,AXIS,2,6,EXACTA,POS_4PLUS,1013,7.327835648148148,5.0,5.231984205330701,506500.0,400410.0,-106090.0,79.0542941757157
ALL,R2_EXACTA_AXIS_SECOND_TOP6,AXIS,2,6,EXACTA,SAME,4761,34.440104166666664,5.0,16.341104809913883,2380500.0,1606490.0,-774010.0,67.48540222642302
ALL,R2_EXACTA_AXIS_SECOND_TOP6,AXIS,2,6,EXACTA,SKIP_GAP_LE_0,7688,55.613425925925924,5.0,15.946930280957336,3844000.0,2655300.0,-1188700.0,69.07648283038502
ALL,R2_EXACTA_AXIS_SECOND_TOP6,AXIS,2,6,EXACTA,ZERO,4761,34.440104166666664,5.0,16.341104809913883,2380500.0,1606490.0,-774010.0,67.48540222642302
ALL,R2_EXACTA_HIMO_BEST_OTHER_FIRST_TOP3,HIMO,2,3,EXACTA,ALL,13824,100.0,1.0,6.922743055555555,1382400.0,955300.0,-427100.0,69.10445601851852
ALL,R2_EXACTA_HIMO_BEST_OTHER_FIRST_TOP3,HIMO,2,3,EXACTA,BUY_GAP_GT_0,6106,44.16956018518518,1.0,4.569276121847364,610600.0,396780.0,-213820.0,64.98198493285294
ALL,R2_EXACTA_HIMO_BEST_OTHER_FIRST_TOP3,HIMO,2,3,EXACTA,KING_HIGHER,6106,44.16956018518518,1.0,4.569276121847364,610600.0,396780.0,-213820.0,64.98198493285294
ALL,R2_EXACTA_HIMO_BEST_OTHER_FIRST_TOP3,HIMO,2,3,EXACTA,MARKET_HIGHER,2934,21.223958333333332,1.0,6.100886162235856,293400.0,212340.0,-81060.0,72.3721881390593
ALL,R2_EXACTA_HIMO_BEST_OTHER_FIRST_TOP3,HIMO,2,3,EXACTA,NEG_1,2934,21.223958333333332,1.0,6.100886162235856,293400.0,212340.0,-81060.0,72.3721881390593
ALL,R2_EXACTA_HIMO_BEST_OTHER_FIRST_TOP3,HIMO,2,3,EXACTA,POS_1,2723,19.697627314814813,1.0,6.353286816011752,272300.0,190400.0,-81900.0,69.9228791773779
ALL,R2_EXACTA_HIMO_BEST_OTHER_FIRST_TOP3,HIMO,2,3,EXACTA,POS_2_3,2370,17.14409722222222,1.0,3.9240506329113924,237000.0,160500.0,-76500.0,67.72151898734177
ALL,R2_EXACTA_HIMO_BEST_OTHER_FIRST_TOP3,HIMO,2,3,EXACTA,POS_4PLUS,1013,7.327835648148148,1.0,1.2833168805528135,101300.0,45880.0,-55420.0,45.291214215202366
ALL,R2_EXACTA_HIMO_BEST_OTHER_FIRST_TOP3,HIMO,2,3,EXACTA,SAME,4784,34.60648148148148,1.0,10.430602006688963,478400.0,346180.0,-132220.0,72.36204013377926
ALL,R2_EXACTA_HIMO_BEST_OTHER_FIRST_TOP3,HIMO,2,3,EXACTA,SKIP_GAP_LE_0,7718,55.83043981481482,1.0,8.784659238144597,771800.0,558520.0,-213280.0,72.36589790101063
ALL,R2_EXACTA_HIMO_BEST_OTHER_FIRST_TOP3,HIMO,2,3,EXACTA,ZERO,4784,34.60648148148148,1.0,10.430602006688963,478400.0,346180.0,-132220.0,72.36204013377926
ALL,R2_EXACTA_HIMO_BEST_OTHER_FIRST_TOP6,HIMO,2,6,EXACTA,ALL,13785,99.71788194444444,1.0,6.833514689880305,1378500.0,950750.0,-427750.0,68.96989481320276
ALL,R2_EXACTA_HIMO_BEST_OTHER_FIRST_TOP6,HIMO,2,6,EXACTA,BUY_GAP_GT_0,6097,44.10445601851852,1.0,4.526816467114974,609700.0,395410.0,-214290.0,64.85320649499754
ALL,R2_EXACTA_HIMO_BEST_OTHER_FIRST_TOP6,HIMO,2,6,EXACTA,KING_HIGHER,6097,44.10445601851852,1.0,4.526816467114974,609700.0,395410.0,-214290.0,64.85320649499754
ALL,R2_EXACTA_HIMO_BEST_OTHER_FIRST_TOP6,HIMO,2,6,EXACTA,MARKET_HIGHER,2927,21.17332175925926,1.0,6.012982576016399,292700.0,211120.0,-81580.0,72.12845917321489
ALL,R2_EXACTA_HIMO_BEST_OTHER_FIRST_TOP6,HIMO,2,6,EXACTA,NEG_1,2927,21.17332175925926,1.0,6.012982576016399,292700.0,211120.0,-81580.0,72.12845917321489
ALL,R2_EXACTA_HIMO_BEST_OTHER_FIRST_TOP6,HIMO,2,6,EXACTA,POS_1,2717,19.654224537037038,1.0,6.256900993743099,271700.0,189030.0,-82670.0,69.57305852042694
ALL,R2_EXACTA_HIMO_BEST_OTHER_FIRST_TOP6,HIMO,2,6,EXACTA,POS_2_3,2367,17.122395833333332,1.0,3.929024081115336,236700.0,160500.0,-76200.0,67.80735107731306
ALL,R2_EXACTA_HIMO_BEST_OTHER_FIRST_TOP6,HIMO,2,6,EXACTA,POS_4PLUS,1013,7.327835648148148,1.0,1.2833168805528135,101300.0,45880.0,-55420.0,45.291214215202366
ALL,R2_EXACTA_HIMO_BEST_OTHER_FIRST_TOP6,HIMO,2,6,EXACTA,SAME,4761,34.440104166666664,1.0,10.291955471539593,476100.0,344220.0,-131880.0,72.29993698802772
ALL,R2_EXACTA_HIMO_BEST_OTHER_FIRST_TOP6,HIMO,2,6,EXACTA,SKIP_GAP_LE_0,7688,55.613425925925924,1.0,8.662851196670136,768800.0,555340.0,-213460.0,72.23465140478667
ALL,R2_EXACTA_HIMO_BEST_OTHER_FIRST_TOP6,HIMO,2,6,EXACTA,ZERO,4761,34.440104166666664,1.0,10.291955471539593,476100.0,344220.0,-131880.0,72.29993698802772
ALL,R2_QUINELLA_AXIS_TOP3,AXIS,2,3,QUINELLA,ALL,13824,100.0,2.0,18.113425925925927,2764800.0,2098630.0,-666170.0,75.90530960648148
ALL,R2_QUINELLA_AXIS_TOP3,AXIS,2,3,QUINELLA,BUY_GAP_GT_0,6106,44.16956018518518,2.0,11.595152309204062,1221200.0,880110.0,-341090.0,72.06927612184737
ALL,R2_QUINELLA_AXIS_TOP3,AXIS,2,3,QUINELLA,KING_HIGHER,6106,44.16956018518518,2.0,11.595152309204062,1221200.0,880110.0,-341090.0,72.06927612184737
ALL,R2_QUINELLA_AXIS_TOP3,AXIS,2,3,QUINELLA,MARKET_HIGHER,2934,21.223958333333332,2.0,22.56305385139741,586800.0,442760.0,-144040.0,75.453306066803
ALL,R2_QUINELLA_AXIS_TOP3,AXIS,2,3,QUINELLA,NEG_1,2934,21.223958333333332,2.0,22.56305385139741,586800.0,442760.0,-144040.0,75.453306066803
ALL,R2_QUINELLA_AXIS_TOP3,AXIS,2,3,QUINELLA,POS_1,2723,19.697627314814813,2.0,15.864854939405069,544600.0,412080.0,-132520.0,75.6665442526625
ALL,R2_QUINELLA_AXIS_TOP3,AXIS,2,3,QUINELLA,POS_2_3,2370,17.14409722222222,2.0,10.0,474000.0,338220.0,-135780.0,71.35443037974683
ALL,R2_QUINELLA_AXIS_TOP3,AXIS,2,3,QUINELLA,POS_4PLUS,1013,7.327835648148148,2.0,3.8499506416584404,202600.0,129810.0,-72790.0,64.0720631786772
ALL,R2_QUINELLA_AXIS_TOP3,AXIS,2,3,QUINELLA,SAME,4784,34.60648148148148,2.0,23.704013377926422,956800.0,775760.0,-181040.0,81.07859531772576
ALL,R2_QUINELLA_AXIS_TOP3,AXIS,2,3,QUINELLA,SKIP_GAP_LE_0,7718,55.83043981481482,2.0,23.270277273905158,1543600.0,1218520.0,-325080.0,78.94013993262503
ALL,R2_QUINELLA_AXIS_TOP3,AXIS,2,3,QUINELLA,ZERO,4784,34.60648148148148,2.0,23.704013377926422,956800.0,775760.0,-181040.0,81.07859531772576
ALL,R2_QUINELLA_AXIS_TOP6,AXIS,2,6,QUINELLA,ALL,13785,99.71788194444444,5.0,27.645992020311933,6892500.0,5220880.0,-1671620.0,75.74726151614074
ALL,R2_QUINELLA_AXIS_TOP6,AXIS,2,6,QUINELLA,BUY_GAP_GT_0,6097,44.10445601851852,5.0,18.632114154502215,3048500.0,2282940.0,-765560.0,74.88732163359029
ALL,R2_QUINELLA_AXIS_TOP6,AXIS,2,6,QUINELLA,KING_HIGHER,6097,44.10445601851852,5.0,18.632114154502215,3048500.0,2282940.0,-765560.0,74.88732163359029
ALL,R2_QUINELLA_AXIS_TOP6,AXIS,2,6,QUINELLA,MARKET_HIGHER,2927,21.17332175925926,5.0,38.05944653228562,1463500.0,1121530.0,-341970.0,76.63341305090536
ALL,R2_QUINELLA_AXIS_TOP6,AXIS,2,6,QUINELLA,NEG_1,2927,21.17332175925926,5.0,38.05944653228562,1463500.0,1121530.0,-341970.0,76.63341305090536
ALL,R2_QUINELLA_AXIS_TOP6,AXIS,2,6,QUINELLA,POS_1,2717,19.654224537037038,5.0,23.849834376150167,1358500.0,990750.0,-367750.0,72.9297018770703
ALL,R2_QUINELLA_AXIS_TOP6,AXIS,2,6,QUINELLA,POS_2_3,2367,17.122395833333332,5.0,17.321504013519224,1183500.0,887790.0,-295710.0,75.01394169835234
ALL,R2_QUINELLA_AXIS_TOP6,AXIS,2,6,QUINELLA,POS_4PLUS,1013,7.327835648148148,5.0,7.699901283316881,506500.0,404400.0,-102100.0,79.84205330700888
ALL,R2_QUINELLA_AXIS_TOP6,AXIS,2,6,QUINELLA,SAME,4761,34.440104166666664,5.0,32.78722957361899,2380500.0,1816410.0,-564090.0,76.30371770636421
ALL,R2_QUINELLA_AXIS_TOP6,AXIS,2,6,QUINELLA,SKIP_GAP_LE_0,7688,55.613425925925924,5.0,34.79448491155047,3844000.0,2937940.0,-906060.0,76.42924037460978
ALL,R2_QUINELLA_AXIS_TOP6,AXIS,2,6,QUINELLA,ZERO,4761,34.440104166666664,5.0,32.78722957361899,2380500.0,1816410.0,-564090.0,76.30371770636421
ALL,R2_QUINELLA_HIMO_BEST_OTHER_TOP3,HIMO,2,3,QUINELLA,ALL,13824,100.0,1.0,12.297453703703704,1382400.0,991790.0,-390610.0,71.74406828703704
ALL,R2_QUINELLA_HIMO_BEST_OTHER_TOP3,HIMO,2,3,QUINELLA,BUY_GAP_GT_0,6106,44.16956018518518,1.0,7.25515886013757,610600.0,411400.0,-199200.0,67.37635113003603
ALL,R2_QUINELLA_HIMO_BEST_OTHER_TOP3,HIMO,2,3,QUINELLA,KING_HIGHER,6106,44.16956018518518,1.0,7.25515886013757,610600.0,411400.0,-199200.0,67.37635113003603
ALL,R2_QUINELLA_HIMO_BEST_OTHER_TOP3,HIMO,2,3,QUINELLA,MARKET_HIGHER,2934,21.223958333333332,1.0,13.803680981595091,293400.0,212780.0,-80620.0,72.5221540558964
ALL,R2_QUINELLA_HIMO_BEST_OTHER_TOP3,HIMO,2,3,QUINELLA,NEG_1,2934,21.223958333333332,1.0,13.803680981595091,293400.0,212780.0,-80620.0,72.5221540558964
ALL,R2_QUINELLA_HIMO_BEST_OTHER_TOP3,HIMO,2,3,QUINELLA,POS_1,2723,19.697627314814813,1.0,9.95225853837679,272300.0,189960.0,-82340.0,69.76129269188395
ALL,R2_QUINELLA_HIMO_BEST_OTHER_TOP3,HIMO,2,3,QUINELLA,POS_2_3,2370,17.14409722222222,1.0,6.413502109704641,237000.0,170670.0,-66330.0,72.0126582278481
ALL,R2_QUINELLA_HIMO_BEST_OTHER_TOP3,HIMO,2,3,QUINELLA,POS_4PLUS,1013,7.327835648148148,1.0,1.9743336623889438,101300.0,50770.0,-50530.0,50.11846001974334
ALL,R2_QUINELLA_HIMO_BEST_OTHER_TOP3,HIMO,2,3,QUINELLA,SAME,4784,34.60648148148148,1.0,17.809364548494983,478400.0,367610.0,-110790.0,76.84155518394648
ALL,R2_QUINELLA_HIMO_BEST_OTHER_TOP3,HIMO,2,3,QUINELLA,SKIP_GAP_LE_0,7718,55.83043981481482,1.0,16.2866027468256,771800.0,580390.0,-191410.0,75.19953355791655
ALL,R2_QUINELLA_HIMO_BEST_OTHER_TOP3,HIMO,2,3,QUINELLA,ZERO,4784,34.60648148148148,1.0,17.809364548494983,478400.0,367610.0,-110790.0,76.84155518394648
ALL,R2_QUINELLA_HIMO_BEST_OTHER_TOP6,HIMO,2,6,QUINELLA,ALL,13785,99.71788194444444,1.0,12.194414218353282,1378500.0,988280.0,-390220.0,71.6924192963366
ALL,R2_QUINELLA_HIMO_BEST_OTHER_TOP6,HIMO,2,6,QUINELLA,BUY_GAP_GT_0,6097,44.10445601851852,1.0,7.216663933081843,609700.0,410430.0,-199270.0,67.31671313760866
ALL,R2_QUINELLA_HIMO_BEST_OTHER_TOP6,HIMO,2,6,QUINELLA,KING_HIGHER,6097,44.10445601851852,1.0,7.216663933081843,609700.0,410430.0,-199270.0,67.31671313760866
ALL,R2_QUINELLA_HIMO_BEST_OTHER_TOP6,HIMO,2,6,QUINELLA,MARKET_HIGHER,2927,21.17332175925926,1.0,13.734198838401094,292700.0,212260.0,-80440.0,72.51793645370687
ALL,R2_QUINELLA_HIMO_BEST_OTHER_TOP6,HIMO,2,6,QUINELLA,NEG_1,2927,21.17332175925926,1.0,13.734198838401094,292700.0,212260.0,-80440.0,72.51793645370687
ALL,R2_QUINELLA_HIMO_BEST_OTHER_TOP6,HIMO,2,6,QUINELLA,POS_1,2717,19.654224537037038,1.0,9.86382039013618,271700.0,188990.0,-82710.0,69.55833640044166
ALL,R2_QUINELLA_HIMO_BEST_OTHER_TOP6,HIMO,2,6,QUINELLA,POS_2_3,2367,17.122395833333332,1.0,6.421630756231517,236700.0,170670.0,-66030.0,72.10392902408111
ALL,R2_QUINELLA_HIMO_BEST_OTHER_TOP6,HIMO,2,6,QUINELLA,POS_4PLUS,1013,7.327835648148148,1.0,1.9743336623889438,101300.0,50770.0,-50530.0,50.11846001974334
ALL,R2_QUINELLA_HIMO_BEST_OTHER_TOP6,HIMO,2,6,QUINELLA,SAME,4761,34.440104166666664,1.0,17.622348246166773,476100.0,365590.0,-110510.0,76.78848981306449
ALL,R2_QUINELLA_HIMO_BEST_OTHER_TOP6,HIMO,2,6,QUINELLA,SKIP_GAP_LE_0,7688,55.613425925925924,1.0,16.1420395421436,768800.0,577850.0,-190950.0,75.16259105098855
ALL,R2_QUINELLA_HIMO_BEST_OTHER_TOP6,HIMO,2,6,QUINELLA,ZERO,4761,34.440104166666664,1.0,17.622348246166773,476100.0,365590.0,-110510.0,76.78848981306449
ALL,R2_TRIFECTA_AXIS_FIRST_TOP3,AXIS,2,3,TRIFECTA,ALL,13824,100.0,2.0,2.1918402777777777,2764800.0,1665540.0,-1099260.0,60.240885416666664
ALL,R2_TRIFECTA_AXIS_FIRST_TOP3,AXIS,2,3,TRIFECTA,BUY_GAP_GT_0,6106,44.16956018518518,2.0,1.2774320340648542,1221200.0,746370.0,-474830.0,61.11775302980675
ALL,R2_TRIFECTA_AXIS_FIRST_TOP3,AXIS,2,3,TRIFECTA,KING_HIGHER,6106,44.16956018518518,2.0,1.2774320340648542,1221200.0,746370.0,-474830.0,61.11775302980675
ALL,R2_TRIFECTA_AXIS_FIRST_TOP3,AXIS,2,3,TRIFECTA,MARKET_HIGHER,2934,21.223958333333332,2.0,3.101567825494206,586800.0,287850.0,-298950.0,49.054192229038854
ALL,R2_TRIFECTA_AXIS_FIRST_TOP3,AXIS,2,3,TRIFECTA,NEG_1,2934,21.223958333333332,2.0,3.101567825494206,586800.0,287850.0,-298950.0,49.054192229038854
ALL,R2_TRIFECTA_AXIS_FIRST_TOP3,AXIS,2,3,TRIFECTA,POS_1,2723,19.697627314814813,2.0,1.7627616599338964,544600.0,333180.0,-211420.0,61.178846860080796
ALL,R2_TRIFECTA_AXIS_FIRST_TOP3,AXIS,2,3,TRIFECTA,POS_2_3,2370,17.14409722222222,2.0,1.2236286919831223,474000.0,377010.0,-96990.0,79.5379746835443
ALL,R2_TRIFECTA_AXIS_FIRST_TOP3,AXIS,2,3,TRIFECTA,POS_4PLUS,1013,7.327835648148148,2.0,0.09871668311944719,202600.0,36180.0,-166420.0,17.857847976307998
ALL,R2_TRIFECTA_AXIS_FIRST_TOP3,AXIS,2,3,TRIFECTA,SAME,4784,34.60648148148148,2.0,2.801003344481605,956800.0,631320.0,-325480.0,65.9824414715719
ALL,R2_TRIFECTA_AXIS_FIRST_TOP3,AXIS,2,3,TRIFECTA,SKIP_GAP_LE_0,7718,55.83043981481482,2.0,2.9152630215081627,1543600.0,919170.0,-624430.0,59.547162477325735
ALL,R2_TRIFECTA_AXIS_FIRST_TOP3,AXIS,2,3,TRIFECTA,ZERO,4784,34.60648148148148,2.0,2.801003344481605,956800.0,631320.0,-325480.0,65.9824414715719
ALL,R2_TRIFECTA_AXIS_FIRST_TOP6,AXIS,2,6,TRIFECTA,ALL,13785,99.71788194444444,20.0,9.568371418208198,27570000.0,19042420.0,-8527580.0,69.06935074356184
ALL,R2_TRIFECTA_AXIS_FIRST_TOP6,AXIS,2,6,TRIFECTA,BUY_GAP_GT_0,6097,44.10445601851852,20.0,5.543710021321962,12194000.0,8603610.0,-3590390.0,70.55609316057077
ALL,R2_TRIFECTA_AXIS_FIRST_TOP6,AXIS,2,6,TRIFECTA,KING_HIGHER,6097,44.10445601851852,20.0,5.543710021321962,12194000.0,8603610.0,-3590390.0,70.55609316057077
ALL,R2_TRIFECTA_AXIS_FIRST_TOP6,AXIS,2,6,TRIFECTA,MARKET_HIGHER,2927,21.17332175925926,20.0,15.408267851042023,5854000.0,3879950.0,-1974050.0,66.27861291424666
ALL,R2_TRIFECTA_AXIS_FIRST_TOP6,AXIS,2,6,TRIFECTA,NEG_1,2927,21.17332175925926,20.0,15.408267851042023,5854000.0,3879950.0,-1974050.0,66.27861291424666
ALL,R2_TRIFECTA_AXIS_FIRST_TOP6,AXIS,2,6,TRIFECTA,POS_1,2717,19.654224537037038,20.0,7.508281192491719,5434000.0,4146560.0,-1287440.0,76.3076923076923
ALL,R2_TRIFECTA_AXIS_FIRST_TOP6,AXIS,2,6,TRIFECTA,POS_2_3,2367,17.122395833333332,20.0,4.985213350232361,4734000.0,3326420.0,-1407580.0,70.26658217152514
ALL,R2_TRIFECTA_AXIS_FIRST_TOP6,AXIS,2,6,TRIFECTA,POS_4PLUS,1013,7.327835648148148,20.0,1.579466929911155,2026000.0,1130630.0,-895370.0,55.80602171767028
ALL,R2_TRIFECTA_AXIS_FIRST_TOP6,AXIS,2,6,TRIFECTA,SAME,4761,34.440104166666664,20.0,11.132115101869354,9522000.0,6558860.0,-2963140.0,68.88111741230834
ALL,R2_TRIFECTA_AXIS_FIRST_TOP6,AXIS,2,6,TRIFECTA,SKIP_GAP_LE_0,7688,55.613425925925924,20.0,12.760145681581685,15376000.0,10438810.0,-4937190.0,67.89028355879293
ALL,R2_TRIFECTA_AXIS_FIRST_TOP6,AXIS,2,6,TRIFECTA,ZERO,4761,34.440104166666664,20.0,11.132115101869354,9522000.0,6558860.0,-2963140.0,68.88111741230834
ALL,R2_TRIFECTA_AXIS_SECOND_TOP3,AXIS,2,3,TRIFECTA,ALL,13824,100.0,2.0,2.228009259259259,2764800.0,1661640.0,-1103160.0,60.099826388888886
ALL,R2_TRIFECTA_AXIS_SECOND_TOP3,AXIS,2,3,TRIFECTA,BUY_GAP_GT_0,6106,44.16956018518518,2.0,1.752374713396659,1221200.0,797210.0,-423990.0,65.28087127415657
ALL,R2_TRIFECTA_AXIS_SECOND_TOP3,AXIS,2,3,TRIFECTA,KING_HIGHER,6106,44.16956018518518,2.0,1.752374713396659,1221200.0,797210.0,-423990.0,65.28087127415657
ALL,R2_TRIFECTA_AXIS_SECOND_TOP3,AXIS,2,3,TRIFECTA,MARKET_HIGHER,2934,21.223958333333332,2.0,2.2494887525562373,586800.0,283000.0,-303800.0,48.227675528289026
ALL,R2_TRIFECTA_AXIS_SECOND_TOP3,AXIS,2,3,TRIFECTA,NEG_1,2934,21.223958333333332,2.0,2.2494887525562373,586800.0,283000.0,-303800.0,48.227675528289026
ALL,R2_TRIFECTA_AXIS_SECOND_TOP3,AXIS,2,3,TRIFECTA,POS_1,2723,19.697627314814813,2.0,2.754315093646713,544600.0,384300.0,-160300.0,70.56555269922879
ALL,R2_TRIFECTA_AXIS_SECOND_TOP3,AXIS,2,3,TRIFECTA,POS_2_3,2370,17.14409722222222,2.0,1.0970464135021096,474000.0,190390.0,-283610.0,40.166666666666664
ALL,R2_TRIFECTA_AXIS_SECOND_TOP3,AXIS,2,3,TRIFECTA,POS_4PLUS,1013,7.327835648148148,2.0,0.5923000987166831,202600.0,222520.0,19920.0,109.83218163869694
ALL,R2_TRIFECTA_AXIS_SECOND_TOP3,AXIS,2,3,TRIFECTA,SAME,4784,34.60648148148148,2.0,2.82190635451505,956800.0,581430.0,-375370.0,60.7681856187291
ALL,R2_TRIFECTA_AXIS_SECOND_TOP3,AXIS,2,3,TRIFECTA,SKIP_GAP_LE_0,7718,55.83043981481482,2.0,2.604301632547292,1543600.0,864430.0,-679170.0,56.0009069707178
ALL,R2_TRIFECTA_AXIS_SECOND_TOP3,AXIS,2,3,TRIFECTA,ZERO,4784,34.60648148148148,2.0,2.82190635451505,956800.0,581430.0,-375370.0,60.7681856187291
ALL,R2_TRIFECTA_AXIS_SECOND_TOP6,AXIS,2,6,TRIFECTA,ALL,13785,99.71788194444444,20.0,8.951759158505622,27570000.0,18907130.0,-8662870.0,68.57863619876677
ALL,R2_TRIFECTA_AXIS_SECOND_TOP6,AXIS,2,6,TRIFECTA,BUY_GAP_GT_0,6097,44.10445601851852,20.0,6.77382319173364,12194000.0,8591170.0,-3602830.0,70.4540757749713
ALL,R2_TRIFECTA_AXIS_SECOND_TOP6,AXIS,2,6,TRIFECTA,KING_HIGHER,6097,44.10445601851852,20.0,6.77382319173364,12194000.0,8591170.0,-3602830.0,70.4540757749713
ALL,R2_TRIFECTA_AXIS_SECOND_TOP6,AXIS,2,6,TRIFECTA,MARKET_HIGHER,2927,21.17332175925926,20.0,10.317731465664503,5854000.0,4101510.0,-1752490.0,70.06337546976427
ALL,R2_TRIFECTA_AXIS_SECOND_TOP6,AXIS,2,6,TRIFECTA,NEG_1,2927,21.17332175925926,20.0,10.317731465664503,5854000.0,4101510.0,-1752490.0,70.06337546976427
ALL,R2_TRIFECTA_AXIS_SECOND_TOP6,AXIS,2,6,TRIFECTA,POS_1,2717,19.654224537037038,20.0,8.68605079131395,5434000.0,3582090.0,-1851910.0,65.91994847258005
ALL,R2_TRIFECTA_AXIS_SECOND_TOP6,AXIS,2,6,TRIFECTA,POS_2_3,2367,17.122395833333332,20.0,6.083650190114068,4734000.0,3309160.0,-1424840.0,69.90198563582594
ALL,R2_TRIFECTA_AXIS_SECOND_TOP6,AXIS,2,6,TRIFECTA,POS_4PLUS,1013,7.327835648148148,20.0,3.2576505429417573,2026000.0,1699920.0,-326080.0,83.90523198420533
ALL,R2_TRIFECTA_AXIS_SECOND_TOP6,AXIS,2,6,TRIFECTA,SAME,4761,34.440104166666664,20.0,10.901071203528671,9522000.0,6214450.0,-3307550.0,65.26412518378491
ALL,R2_TRIFECTA_AXIS_SECOND_TOP6,AXIS,2,6,TRIFECTA,SKIP_GAP_LE_0,7688,55.613425925925924,20.0,10.6789802289282,15376000.0,10315960.0,-5060040.0,67.09131113423517
ALL,R2_TRIFECTA_AXIS_SECOND_TOP6,AXIS,2,6,TRIFECTA,ZERO,4761,34.440104166666664,20.0,10.901071203528671,9522000.0,6214450.0,-3307550.0,65.26412518378491
ALL,R2_TRIFECTA_AXIS_THIRD_TOP3,AXIS,2,3,TRIFECTA,ALL,13824,100.0,2.0,2.3582175925925926,2764800.0,1640010.0,-1124790.0,59.31749131944444
ALL,R2_TRIFECTA_AXIS_THIRD_TOP3,AXIS,2,3,TRIFECTA,BUY_GAP_GT_0,6106,44.16956018518518,2.0,2.2109400589584016,1221200.0,666980.0,-554220.0,54.61677038978054
ALL,R2_TRIFECTA_AXIS_THIRD_TOP3,AXIS,2,3,TRIFECTA,KING_HIGHER,6106,44.16956018518518,2.0,2.2109400589584016,1221200.0,666980.0,-554220.0,54.61677038978054
ALL,R2_TRIFECTA_AXIS_THIRD_TOP3,AXIS,2,3,TRIFECTA,MARKET_HIGHER,2934,21.223958333333332,2.0,1.6019086571233812,586800.0,291860.0,-294940.0,49.73755964553511
ALL,R2_TRIFECTA_AXIS_THIRD_TOP3,AXIS,2,3,TRIFECTA,NEG_1,2934,21.223958333333332,2.0,1.6019086571233812,586800.0,291860.0,-294940.0,49.73755964553511
ALL,R2_TRIFECTA_AXIS_THIRD_TOP3,AXIS,2,3,TRIFECTA,POS_1,2723,19.697627314814813,2.0,2.791039294895336,544600.0,268610.0,-275990.0,49.32243848696291
ALL,R2_TRIFECTA_AXIS_THIRD_TOP3,AXIS,2,3,TRIFECTA,POS_2_3,2370,17.14409722222222,2.0,2.067510548523207,474000.0,280780.0,-193220.0,59.23628691983122
ALL,R2_TRIFECTA_AXIS_THIRD_TOP3,AXIS,2,3,TRIFECTA,POS_4PLUS,1013,7.327835648148148,2.0,0.9871668311944719,202600.0,117590.0,-85010.0,58.040473840078974
ALL,R2_TRIFECTA_AXIS_THIRD_TOP3,AXIS,2,3,TRIFECTA,SAME,4784,34.60648148148148,2.0,3.0100334448160537,956800.0,681170.0,-275630.0,71.19251672240803
ALL,R2_TRIFECTA_AXIS_THIRD_TOP3,AXIS,2,3,TRIFECTA,SKIP_GAP_LE_0,7718,55.83043981481482,2.0,2.4747343871469294,1543600.0,973030.0,-570570.0,63.0364083959575
ALL,R2_TRIFECTA_AXIS_THIRD_TOP3,AXIS,2,3,TRIFECTA,ZERO,4784,34.60648148148148,2.0,3.0100334448160537,956800.0,681170.0,-275630.0,71.19251672240803
ALL,R2_TRIFECTA_AXIS_THIRD_TOP6,AXIS,2,6,TRIFECTA,ALL,13785,99.71788194444444,20.0,8.262604280014509,27570000.0,18340370.0,-9229630.0,66.52292346753718
ALL,R2_TRIFECTA_AXIS_THIRD_TOP6,AXIS,2,6,TRIFECTA,BUY_GAP_GT_0,6097,44.10445601851852,20.0,8.036739380022961,12194000.0,9016980.0,-3177020.0,73.94603903559127
ALL,R2_TRIFECTA_AXIS_THIRD_TOP6,AXIS,2,6,TRIFECTA,KING_HIGHER,6097,44.10445601851852,20.0,8.036739380022961,12194000.0,9016980.0,-3177020.0,73.94603903559127
ALL,R2_TRIFECTA_AXIS_THIRD_TOP6,AXIS,2,6,TRIFECTA,MARKET_HIGHER,2927,21.17332175925926,20.0,6.764605398018449,5854000.0,3755890.0,-2098110.0,64.15937820293816
ALL,R2_TRIFECTA_AXIS_THIRD_TOP6,AXIS,2,6,TRIFECTA,NEG_1,2927,21.17332175925926,20.0,6.764605398018449,5854000.0,3755890.0,-2098110.0,64.15937820293816
ALL,R2_TRIFECTA_AXIS_THIRD_TOP6,AXIS,2,6,TRIFECTA,POS_1,2717,19.654224537037038,20.0,8.870077291129922,5434000.0,3325340.0,-2108660.0,61.195068089804934
ALL,R2_TRIFECTA_AXIS_THIRD_TOP6,AXIS,2,6,TRIFECTA,POS_2_3,2367,17.122395833333332,20.0,8.702999577524292,4734000.0,4212230.0,-521770.0,88.97824250105619
ALL,R2_TRIFECTA_AXIS_THIRD_TOP6,AXIS,2,6,TRIFECTA,POS_4PLUS,1013,7.327835648148148,20.0,4.244817374136229,2026000.0,1479410.0,-546590.0,73.02122408687067
ALL,R2_TRIFECTA_AXIS_THIRD_TOP6,AXIS,2,6,TRIFECTA,SAME,4761,34.440104166666664,20.0,9.472799831968073,9522000.0,5567500.0,-3954500.0,58.46985927326192
ALL,R2_TRIFECTA_AXIS_THIRD_TOP6,AXIS,2,6,TRIFECTA,SKIP_GAP_LE_0,7688,55.613425925925924,20.0,8.441727367325703,15376000.0,9323390.0,-6052610.0,60.635991155046824
ALL,R2_TRIFECTA_AXIS_THIRD_TOP6,AXIS,2,6,TRIFECTA,ZERO,4761,34.440104166666664,20.0,9.472799831968073,9522000.0,5567500.0,-3954500.0,58.46985927326192
ALL,R2_TRIFECTA_HIMO_BEST_OTHER_FIRST_TOP3,HIMO,2,3,TRIFECTA,ALL,13824,100.0,2.0,2.7488425925925926,2764800.0,1414710.0,-1350090.0,51.168619791666664
ALL,R2_TRIFECTA_HIMO_BEST_OTHER_FIRST_TOP3,HIMO,2,3,TRIFECTA,BUY_GAP_GT_0,6106,44.16956018518518,2.0,2.1290533901080906,1221200.0,567620.0,-653580.0,46.480510972813626
ALL,R2_TRIFECTA_HIMO_BEST_OTHER_FIRST_TOP3,HIMO,2,3,TRIFECTA,KING_HIGHER,6106,44.16956018518518,2.0,2.1290533901080906,1221200.0,567620.0,-653580.0,46.480510972813626
ALL,R2_TRIFECTA_HIMO_BEST_OTHER_FIRST_TOP3,HIMO,2,3,TRIFECTA,MARKET_HIGHER,2934,21.223958333333332,2.0,2.2494887525562373,586800.0,303570.0,-283230.0,51.73312883435583
ALL,R2_TRIFECTA_HIMO_BEST_OTHER_FIRST_TOP3,HIMO,2,3,TRIFECTA,NEG_1,2934,21.223958333333332,2.0,2.2494887525562373,586800.0,303570.0,-283230.0,51.73312883435583
ALL,R2_TRIFECTA_HIMO_BEST_OTHER_FIRST_TOP3,HIMO,2,3,TRIFECTA,POS_1,2723,19.697627314814813,2.0,3.0848329048843186,544600.0,305590.0,-239010.0,56.11274329783327
ALL,R2_TRIFECTA_HIMO_BEST_OTHER_FIRST_TOP3,HIMO,2,3,TRIFECTA,POS_2_3,2370,17.14409722222222,2.0,1.6455696202531647,474000.0,204340.0,-269660.0,43.10970464135021
ALL,R2_TRIFECTA_HIMO_BEST_OTHER_FIRST_TOP3,HIMO,2,3,TRIFECTA,POS_4PLUS,1013,7.327835648148148,2.0,0.6910167818361304,202600.0,57690.0,-144910.0,28.47482724580454
ALL,R2_TRIFECTA_HIMO_BEST_OTHER_FIRST_TOP3,HIMO,2,3,TRIFECTA,SAME,4784,34.60648148148148,2.0,3.8461538461538463,956800.0,543520.0,-413280.0,56.80602006688963
ALL,R2_TRIFECTA_HIMO_BEST_OTHER_FIRST_TOP3,HIMO,2,3,TRIFECTA,SKIP_GAP_LE_0,7718,55.83043981481482,2.0,3.2391811350090696,1543600.0,847090.0,-696510.0,54.87755895309666
ALL,R2_TRIFECTA_HIMO_BEST_OTHER_FIRST_TOP3,HIMO,2,3,TRIFECTA,ZERO,4784,34.60648148148148,2.0,3.8461538461538463,956800.0,543520.0,-413280.0,56.80602006688963
ALL,R2_TRIFECTA_HIMO_BEST_OTHER_FIRST_TOP6,HIMO,2,6,TRIFECTA,ALL,13785,99.71788194444444,8.0,8.103010518679724,11028000.0,6869130.0,-4158870.0,62.28808487486398
ALL,R2_TRIFECTA_HIMO_BEST_OTHER_FIRST_TOP6,HIMO,2,6,TRIFECTA,BUY_GAP_GT_0,6097,44.10445601851852,8.0,6.0685583073642775,4877600.0,3001400.0,-1876200.0,61.53436116122683
ALL,R2_TRIFECTA_HIMO_BEST_OTHER_FIRST_TOP6,HIMO,2,6,TRIFECTA,KING_HIGHER,6097,44.10445601851852,8.0,6.0685583073642775,4877600.0,3001400.0,-1876200.0,61.53436116122683
ALL,R2_TRIFECTA_HIMO_BEST_OTHER_FIRST_TOP6,HIMO,2,6,TRIFECTA,MARKET_HIGHER,2927,21.17332175925926,8.0,6.388793987017424,2341600.0,1453540.0,-888060.0,62.07464981209429
ALL,R2_TRIFECTA_HIMO_BEST_OTHER_FIRST_TOP6,HIMO,2,6,TRIFECTA,NEG_1,2927,21.17332175925926,8.0,6.388793987017424,2341600.0,1453540.0,-888060.0,62.07464981209429
ALL,R2_TRIFECTA_HIMO_BEST_OTHER_FIRST_TOP6,HIMO,2,6,TRIFECTA,POS_1,2717,19.654224537037038,8.0,7.949944792050055,2173600.0,1436270.0,-737330.0,66.07793522267207
ALL,R2_TRIFECTA_HIMO_BEST_OTHER_FIRST_TOP6,HIMO,2,6,TRIFECTA,POS_2_3,2367,17.122395833333332,8.0,5.534431770173215,1893600.0,1193290.0,-700310.0,63.01700464723278
ALL,R2_TRIFECTA_HIMO_BEST_OTHER_FIRST_TOP6,HIMO,2,6,TRIFECTA,POS_4PLUS,1013,7.327835648148148,8.0,2.270483711747285,810400.0,371840.0,-438560.0,45.88351431391905
ALL,R2_TRIFECTA_HIMO_BEST_OTHER_FIRST_TOP6,HIMO,2,6,TRIFECTA,SAME,4761,34.440104166666664,8.0,11.762234824616677,3808800.0,2414190.0,-1394610.0,63.38453056080655
ALL,R2_TRIFECTA_HIMO_BEST_OTHER_FIRST_TOP6,HIMO,2,6,TRIFECTA,SKIP_GAP_LE_0,7688,55.613425925925924,8.0,9.716441207075963,6150400.0,3867730.0,-2282670.0,62.88582856399584
ALL,R2_TRIFECTA_HIMO_BEST_OTHER_FIRST_TOP6,HIMO,2,6,TRIFECTA,ZERO,4761,34.440104166666664,8.0,11.762234824616677,3808800.0,2414190.0,-1394610.0,63.38453056080655
ALL,R2_TRIO_AXIS_TOP3,AXIS,2,3,TRIO,ALL,13824,100.0,1.0,6.763599537037037,1382400.0,907500.0,-474900.0,65.64670138888889
ALL,R2_TRIO_AXIS_TOP3,AXIS,2,3,TRIO,BUY_GAP_GT_0,6106,44.16956018518518,1.0,5.2407468064199145,610600.0,407720.0,-202880.0,66.77366524729774
ALL,R2_TRIO_AXIS_TOP3,AXIS,2,3,TRIO,KING_HIGHER,6106,44.16956018518518,1.0,5.2407468064199145,610600.0,407720.0,-202880.0,66.77366524729774
ALL,R2_TRIO_AXIS_TOP3,AXIS,2,3,TRIO,MARKET_HIGHER,2934,21.223958333333332,1.0,6.918882072256306,293400.0,160020.0,-133380.0,54.5398773006135
ALL,R2_TRIO_AXIS_TOP3,AXIS,2,3,TRIO,NEG_1,2934,21.223958333333332,1.0,6.918882072256306,293400.0,160020.0,-133380.0,54.5398773006135
ALL,R2_TRIO_AXIS_TOP3,AXIS,2,3,TRIO,POS_1,2723,19.697627314814813,1.0,7.308116048475946,272300.0,188060.0,-84240.0,69.06353286816012
ALL,R2_TRIO_AXIS_TOP3,AXIS,2,3,TRIO,POS_2_3,2370,17.14409722222222,1.0,4.3881856540084385,237000.0,151740.0,-85260.0,64.0253164556962
ALL,R2_TRIO_AXIS_TOP3,AXIS,2,3,TRIO,POS_4PLUS,1013,7.327835648148148,1.0,1.6781836130306023,101300.0,67920.0,-33380.0,67.04837117472853
ALL,R2_TRIO_AXIS_TOP3,AXIS,2,3,TRIO,SAME,4784,34.60648148148148,1.0,8.612040133779264,478400.0,339760.0,-138640.0,71.0200668896321
ALL,R2_TRIO_AXIS_TOP3,AXIS,2,3,TRIO,SKIP_GAP_LE_0,7718,55.83043981481482,1.0,7.968385592122312,771800.0,499780.0,-272020.0,64.75511790619332
ALL,R2_TRIO_AXIS_TOP3,AXIS,2,3,TRIO,ZERO,4784,34.60648148148148,1.0,8.612040133779264,478400.0,339760.0,-138640.0,71.0200668896321
ALL,R2_TRIO_AXIS_TOP6,AXIS,2,6,TRIO,ALL,13785,99.71788194444444,10.0,26.7247007616975,13785000.0,9661410.0,-4123590.0,70.08639825897716
ALL,R2_TRIO_AXIS_TOP6,AXIS,2,6,TRIO,BUY_GAP_GT_0,6097,44.10445601851852,10.0,20.305068066262095,6097000.0,4409760.0,-1687240.0,72.32671805806135
ALL,R2_TRIO_AXIS_TOP6,AXIS,2,6,TRIO,KING_HIGHER,6097,44.10445601851852,10.0,20.305068066262095,6097000.0,4409760.0,-1687240.0,72.32671805806135
ALL,R2_TRIO_AXIS_TOP6,AXIS,2,6,TRIO,MARKET_HIGHER,2927,21.17332175925926,10.0,32.422275367270245,2927000.0,2044610.0,-882390.0,69.8534335497096
ALL,R2_TRIO_AXIS_TOP6,AXIS,2,6,TRIO,NEG_1,2927,21.17332175925926,10.0,32.422275367270245,2927000.0,2044610.0,-882390.0,69.8534335497096
ALL,R2_TRIO_AXIS_TOP6,AXIS,2,6,TRIO,POS_1,2717,19.654224537037038,10.0,25.027603974972397,2717000.0,1892810.0,-824190.0,69.66543982333457
ALL,R2_TRIO_AXIS_TOP6,AXIS,2,6,TRIO,POS_2_3,2367,17.122395833333332,10.0,19.68736797634136,2367000.0,1812490.0,-554510.0,76.57329953527672
ALL,R2_TRIO_AXIS_TOP6,AXIS,2,6,TRIO,POS_4PLUS,1013,7.327835648148148,10.0,9.08193484698914,1013000.0,704460.0,-308540.0,69.54195459032576
ALL,R2_TRIO_AXIS_TOP6,AXIS,2,6,TRIO,SAME,4761,34.440104166666664,10.0,31.442974165091368,4761000.0,3207040.0,-1553960.0,67.36063852131905
ALL,R2_TRIO_AXIS_TOP6,AXIS,2,6,TRIO,SKIP_GAP_LE_0,7688,55.613425925925924,10.0,31.815816857440165,7688000.0,5251650.0,-2436350.0,68.30970343392299
ALL,R2_TRIO_AXIS_TOP6,AXIS,2,6,TRIO,ZERO,4761,34.440104166666664,10.0,31.442974165091368,4761000.0,3207040.0,-1553960.0,67.36063852131905
ALL,R2_TRIO_HIMO_BEST_OTHER_TOP3,HIMO,2,3,TRIO,ALL,13824,100.0,1.0,6.763599537037037,1382400.0,907500.0,-474900.0,65.64670138888889
ALL,R2_TRIO_HIMO_BEST_OTHER_TOP3,HIMO,2,3,TRIO,BUY_GAP_GT_0,6106,44.16956018518518,1.0,5.2407468064199145,610600.0,407720.0,-202880.0,66.77366524729774
ALL,R2_TRIO_HIMO_BEST_OTHER_TOP3,HIMO,2,3,TRIO,KING_HIGHER,6106,44.16956018518518,1.0,5.2407468064199145,610600.0,407720.0,-202880.0,66.77366524729774
ALL,R2_TRIO_HIMO_BEST_OTHER_TOP3,HIMO,2,3,TRIO,MARKET_HIGHER,2934,21.223958333333332,1.0,6.918882072256306,293400.0,160020.0,-133380.0,54.5398773006135
ALL,R2_TRIO_HIMO_BEST_OTHER_TOP3,HIMO,2,3,TRIO,NEG_1,2934,21.223958333333332,1.0,6.918882072256306,293400.0,160020.0,-133380.0,54.5398773006135
ALL,R2_TRIO_HIMO_BEST_OTHER_TOP3,HIMO,2,3,TRIO,POS_1,2723,19.697627314814813,1.0,7.308116048475946,272300.0,188060.0,-84240.0,69.06353286816012
ALL,R2_TRIO_HIMO_BEST_OTHER_TOP3,HIMO,2,3,TRIO,POS_2_3,2370,17.14409722222222,1.0,4.3881856540084385,237000.0,151740.0,-85260.0,64.0253164556962
ALL,R2_TRIO_HIMO_BEST_OTHER_TOP3,HIMO,2,3,TRIO,POS_4PLUS,1013,7.327835648148148,1.0,1.6781836130306023,101300.0,67920.0,-33380.0,67.04837117472853
ALL,R2_TRIO_HIMO_BEST_OTHER_TOP3,HIMO,2,3,TRIO,SAME,4784,34.60648148148148,1.0,8.612040133779264,478400.0,339760.0,-138640.0,71.0200668896321
ALL,R2_TRIO_HIMO_BEST_OTHER_TOP3,HIMO,2,3,TRIO,SKIP_GAP_LE_0,7718,55.83043981481482,1.0,7.968385592122312,771800.0,499780.0,-272020.0,64.75511790619332
ALL,R2_TRIO_HIMO_BEST_OTHER_TOP3,HIMO,2,3,TRIO,ZERO,4784,34.60648148148148,1.0,8.612040133779264,478400.0,339760.0,-138640.0,71.0200668896321
ALL,R2_TRIO_HIMO_BEST_OTHER_TOP6,HIMO,2,6,TRIO,ALL,13785,99.71788194444444,4.0,18.302502720348205,5514000.0,3932870.0,-1581130.0,71.32517228871963
ALL,R2_TRIO_HIMO_BEST_OTHER_TOP6,HIMO,2,6,TRIO,BUY_GAP_GT_0,6097,44.10445601851852,4.0,13.400032803017877,2438800.0,1702150.0,-736650.0,69.79457110054125
ALL,R2_TRIO_HIMO_BEST_OTHER_TOP6,HIMO,2,6,TRIO,KING_HIGHER,6097,44.10445601851852,4.0,13.400032803017877,2438800.0,1702150.0,-736650.0,69.79457110054125
ALL,R2_TRIO_HIMO_BEST_OTHER_TOP6,HIMO,2,6,TRIO,MARKET_HIGHER,2927,21.17332175925926,4.0,20.054663477963786,1170800.0,834260.0,-336540.0,71.2555517594807
ALL,R2_TRIO_HIMO_BEST_OTHER_TOP6,HIMO,2,6,TRIO,NEG_1,2927,21.17332175925926,4.0,20.054663477963786,1170800.0,834260.0,-336540.0,71.2555517594807
ALL,R2_TRIO_HIMO_BEST_OTHER_TOP6,HIMO,2,6,TRIO,POS_1,2717,19.654224537037038,4.0,17.408906882591094,1086800.0,805590.0,-281210.0,74.12495399337504
ALL,R2_TRIO_HIMO_BEST_OTHER_TOP6,HIMO,2,6,TRIO,POS_2_3,2367,17.122395833333332,4.0,12.420785804816223,946800.0,652580.0,-294220.0,68.92479932403887
ALL,R2_TRIO_HIMO_BEST_OTHER_TOP6,HIMO,2,6,TRIO,POS_4PLUS,1013,7.327835648148148,4.0,4.935834155972359,405200.0,243980.0,-161220.0,60.212240868706814
ALL,R2_TRIO_HIMO_BEST_OTHER_TOP6,HIMO,2,6,TRIO,SAME,4761,34.440104166666664,4.0,23.50346565847511,1904400.0,1396460.0,-507940.0,73.32808233564377
ALL,R2_TRIO_HIMO_BEST_OTHER_TOP6,HIMO,2,6,TRIO,SKIP_GAP_LE_0,7688,55.613425925925924,4.0,22.190426638917796,3075200.0,2230720.0,-844480.0,72.53902185223725
ALL,R2_TRIO_HIMO_BEST_OTHER_TOP6,HIMO,2,6,TRIO,ZERO,4761,34.440104166666664,4.0,23.50346565847511,1904400.0,1396460.0,-507940.0,73.32808233564377
ALL,R2_WIN_SINGLE_TOP3,AXIS,2,3,WIN,ALL,13824,100.0,1.0,18.489583333333332,1382400.0,1071570.0,-310830.0,77.51519097222223
ALL,R2_WIN_SINGLE_TOP3,AXIS,2,3,WIN,BUY_GAP_GT_0,6106,44.16956018518518,1.0,10.268588273829021,610600.0,444870.0,-165730.0,72.85784474287586
ALL,R2_WIN_SINGLE_TOP3,AXIS,2,3,WIN,KING_HIGHER,6106,44.16956018518518,1.0,10.268588273829021,610600.0,444870.0,-165730.0,72.85784474287586
ALL,R2_WIN_SINGLE_TOP3,AXIS,2,3,WIN,MARKET_HIGHER,2934,21.223958333333332,1.0,31.629175187457395,293400.0,234230.0,-59170.0,79.83299250170415
ALL,R2_WIN_SINGLE_TOP3,AXIS,2,3,WIN,NEG_1,2934,21.223958333333332,1.0,31.629175187457395,293400.0,234230.0,-59170.0,79.83299250170415
ALL,R2_WIN_SINGLE_TOP3,AXIS,2,3,WIN,POS_1,2723,19.697627314814813,1.0,13.1839882482556,272300.0,201750.0,-70550.0,74.09107601909659
ALL,R2_WIN_SINGLE_TOP3,AXIS,2,3,WIN,POS_2_3,2370,17.14409722222222,1.0,9.451476793248945,237000.0,177810.0,-59190.0,75.0253164556962
ALL,R2_WIN_SINGLE_TOP3,AXIS,2,3,WIN,POS_4PLUS,1013,7.327835648148148,1.0,4.343534057255677,101300.0,65310.0,-35990.0,64.47186574531096
ALL,R2_WIN_SINGLE_TOP3,AXIS,2,3,WIN,SAME,4784,34.60648148148148,1.0,20.92391304347826,478400.0,392470.0,-85930.0,82.03804347826087
ALL,R2_WIN_SINGLE_TOP3,AXIS,2,3,WIN,SKIP_GAP_LE_0,7718,55.83043981481482,1.0,24.99352163772998,771800.0,626700.0,-145100.0,81.19979269240736
ALL,R2_WIN_SINGLE_TOP3,AXIS,2,3,WIN,ZERO,4784,34.60648148148148,1.0,20.92391304347826,478400.0,392470.0,-85930.0,82.03804347826087
ALL,R2_WIN_SINGLE_TOP6,AXIS,2,6,WIN,ALL,13785,99.71788194444444,1.0,18.491113529198405,1378500.0,1069590.0,-308910.0,77.59085963003264
ALL,R2_WIN_SINGLE_TOP6,AXIS,2,6,WIN,BUY_GAP_GT_0,6097,44.10445601851852,1.0,10.283746104641628,609700.0,444870.0,-164830.0,72.96539281613909
ALL,R2_WIN_SINGLE_TOP6,AXIS,2,6,WIN,KING_HIGHER,6097,44.10445601851852,1.0,10.283746104641628,609700.0,444870.0,-164830.0,72.96539281613909
ALL,R2_WIN_SINGLE_TOP6,AXIS,2,6,WIN,MARKET_HIGHER,2927,21.17332175925926,1.0,31.670652545268194,292700.0,234030.0,-58670.0,79.95558592415442
ALL,R2_WIN_SINGLE_TOP6,AXIS,2,6,WIN,NEG_1,2927,21.17332175925926,1.0,31.670652545268194,292700.0,234030.0,-58670.0,79.95558592415442
ALL,R2_WIN_SINGLE_TOP6,AXIS,2,6,WIN,POS_1,2717,19.654224537037038,1.0,13.213102686786897,271700.0,201750.0,-69950.0,74.2546926757453
ALL,R2_WIN_SINGLE_TOP6,AXIS,2,6,WIN,POS_2_3,2367,17.122395833333332,1.0,9.46345585128855,236700.0,177810.0,-58890.0,75.12040557667935
ALL,R2_WIN_SINGLE_TOP6,AXIS,2,6,WIN,POS_4PLUS,1013,7.327835648148148,1.0,4.343534057255677,101300.0,65310.0,-35990.0,64.47186574531096
ALL,R2_WIN_SINGLE_TOP6,AXIS,2,6,WIN,SAME,4761,34.440104166666664,1.0,20.898970804452848,476100.0,390690.0,-85410.0,82.06049149338374
ALL,R2_WIN_SINGLE_TOP6,AXIS,2,6,WIN,SKIP_GAP_LE_0,7688,55.613425925925924,1.0,25.0,768800.0,624720.0,-144080.0,81.25910509885536
ALL,R2_WIN_SINGLE_TOP6,AXIS,2,6,WIN,ZERO,4761,34.440104166666664,1.0,20.898970804452848,476100.0,390690.0,-85410.0,82.06049149338374
ALL,R3_EXACTA_AXIS_FIRST_TOP3,AXIS,3,3,EXACTA,ALL,13824,100.0,2.0,6.50318287037037,2764800.0,2106000.0,-658800.0,76.171875
ALL,R3_EXACTA_AXIS_FIRST_TOP3,AXIS,3,3,EXACTA,BUY_GAP_GT_0,6190,44.777199074074076,2.0,3.247172859450727,1238000.0,886920.0,-351080.0,71.64135702746366
ALL,R3_EXACTA_AXIS_FIRST_TOP3,AXIS,3,3,EXACTA,KING_HIGHER,6190,44.777199074074076,2.0,3.247172859450727,1238000.0,886920.0,-351080.0,71.64135702746366
ALL,R3_EXACTA_AXIS_FIRST_TOP3,AXIS,3,3,EXACTA,MARKET_HIGHER,3922,28.370949074074073,2.0,10.81081081081081,784400.0,650340.0,-134060.0,82.90922998470168
ALL,R3_EXACTA_AXIS_FIRST_TOP3,AXIS,3,3,EXACTA,NEG_1,2643,19.11892361111111,2.0,10.215664018161181,528600.0,451630.0,-76970.0,85.43889519485433
ALL,R3_EXACTA_AXIS_FIRST_TOP3,AXIS,3,3,EXACTA,NEG_2_3,1279,9.252025462962964,2.0,12.04065676309617,255800.0,198710.0,-57090.0,77.6817826426896
ALL,R3_EXACTA_AXIS_FIRST_TOP3,AXIS,3,3,EXACTA,POS_1,2452,17.73726851851852,2.0,4.32300163132137,490400.0,334610.0,-155790.0,68.23205546492659
ALL,R3_EXACTA_AXIS_FIRST_TOP3,AXIS,3,3,EXACTA,POS_2_3,2432,17.59259259259259,2.0,3.330592105263158,486400.0,390190.0,-96210.0,80.21998355263158
ALL,R3_EXACTA_AXIS_FIRST_TOP3,AXIS,3,3,EXACTA,POS_4PLUS,1306,9.447337962962964,2.0,1.0719754977029097,261200.0,162120.0,-99080.0,62.06738131699847
ALL,R3_EXACTA_AXIS_FIRST_TOP3,AXIS,3,3,EXACTA,SAME,3712,26.85185185185185,2.0,7.381465517241379,742400.0,568740.0,-173660.0,76.60829741379311
ALL,R3_EXACTA_AXIS_FIRST_TOP3,AXIS,3,3,EXACTA,SKIP_GAP_LE_0,7634,55.222800925925924,2.0,9.14330626146188,1526800.0,1219080.0,-307720.0,79.84542834686927
ALL,R3_EXACTA_AXIS_FIRST_TOP3,AXIS,3,3,EXACTA,ZERO,3712,26.85185185185185,2.0,7.381465517241379,742400.0,568740.0,-173660.0,76.60829741379311
ALL,R3_EXACTA_AXIS_FIRST_TOP6,AXIS,3,6,EXACTA,ALL,13785,99.71788194444444,5.0,10.453391367428365,6892500.0,5025870.0,-1866630.0,72.91795429815016
ALL,R3_EXACTA_AXIS_FIRST_TOP6,AXIS,3,6,EXACTA,BUY_GAP_GT_0,6183,44.7265625,5.0,5.531295487627365,3091500.0,2109050.0,-982450.0,68.22092835193271
ALL,R3_EXACTA_AXIS_FIRST_TOP6,AXIS,3,6,EXACTA,KING_HIGHER,6183,44.7265625,5.0,5.531295487627365,3091500.0,2109050.0,-982450.0,68.22092835193271
ALL,R3_EXACTA_AXIS_FIRST_TOP6,AXIS,3,6,EXACTA,MARKET_HIGHER,3916,28.327546296296298,5.0,17.594484167517876,1958000.0,1526150.0,-431850.0,77.94433094994893
ALL,R3_EXACTA_AXIS_FIRST_TOP6,AXIS,3,6,EXACTA,NEG_1,2640,19.09722222222222,5.0,15.265151515151516,1320000.0,982260.0,-337740.0,74.41363636363636
ALL,R3_EXACTA_AXIS_FIRST_TOP6,AXIS,3,6,EXACTA,NEG_2_3,1276,9.230324074074074,5.0,22.413793103448278,638000.0,543890.0,-94110.0,85.24921630094043
ALL,R3_EXACTA_AXIS_FIRST_TOP6,AXIS,3,6,EXACTA,POS_1,2445,17.686631944444443,5.0,7.525562372188139,1222500.0,852200.0,-370300.0,69.70961145194273
ALL,R3_EXACTA_AXIS_FIRST_TOP6,AXIS,3,6,EXACTA,POS_2_3,2432,17.59259259259259,5.0,5.427631578947368,1216000.0,944940.0,-271060.0,77.70888157894737
ALL,R3_EXACTA_AXIS_FIRST_TOP6,AXIS,3,6,EXACTA,POS_4PLUS,1306,9.447337962962964,5.0,1.9908116385911179,653000.0,311910.0,-341090.0,47.765696784073505
ALL,R3_EXACTA_AXIS_FIRST_TOP6,AXIS,3,6,EXACTA,SAME,3686,26.66377314814815,5.0,11.12316874660879,1843000.0,1390670.0,-452330.0,75.45686380900706
ALL,R3_EXACTA_AXIS_FIRST_TOP6,AXIS,3,6,EXACTA,SKIP_GAP_LE_0,7602,54.99131944444444,5.0,14.456721915285451,3801000.0,2916820.0,-884180.0,76.73822678242568
ALL,R3_EXACTA_AXIS_FIRST_TOP6,AXIS,3,6,EXACTA,ZERO,3686,26.66377314814815,5.0,11.12316874660879,1843000.0,1390670.0,-452330.0,75.45686380900706
ALL,R3_EXACTA_AXIS_SECOND_TOP3,AXIS,3,3,EXACTA,ALL,13824,100.0,2.0,8.195891203703704,2764800.0,2032560.0,-732240.0,73.515625
ALL,R3_EXACTA_AXIS_SECOND_TOP3,AXIS,3,3,EXACTA,BUY_GAP_GT_0,6190,44.777199074074076,2.0,5.541195476575121,1238000.0,968090.0,-269910.0,78.19789983844912
ALL,R3_EXACTA_AXIS_SECOND_TOP3,AXIS,3,3,EXACTA,KING_HIGHER,6190,44.777199074074076,2.0,5.541195476575121,1238000.0,968090.0,-269910.0,78.19789983844912
ALL,R3_EXACTA_AXIS_SECOND_TOP3,AXIS,3,3,EXACTA,MARKET_HIGHER,3922,28.370949074074073,2.0,10.326364099949005,784400.0,546360.0,-238040.0,69.65323814380419
ALL,R3_EXACTA_AXIS_SECOND_TOP3,AXIS,3,3,EXACTA,NEG_1,2643,19.11892361111111,2.0,10.972379871358305,528600.0,360390.0,-168210.0,68.17820658342792
ALL,R3_EXACTA_AXIS_SECOND_TOP3,AXIS,3,3,EXACTA,NEG_2_3,1279,9.252025462962964,2.0,8.991399530883502,255800.0,185970.0,-69830.0,72.70132916340891
ALL,R3_EXACTA_AXIS_SECOND_TOP3,AXIS,3,3,EXACTA,POS_1,2452,17.73726851851852,2.0,7.3409461663947795,490400.0,338080.0,-152320.0,68.93964110929853
ALL,R3_EXACTA_AXIS_SECOND_TOP3,AXIS,3,3,EXACTA,POS_2_3,2432,17.59259259259259,2.0,5.057565789473684,486400.0,402780.0,-83620.0,82.80838815789474
ALL,R3_EXACTA_AXIS_SECOND_TOP3,AXIS,3,3,EXACTA,POS_4PLUS,1306,9.447337962962964,2.0,3.0627871362940278,261200.0,227230.0,-33970.0,86.99464012251148
ALL,R3_EXACTA_AXIS_SECOND_TOP3,AXIS,3,3,EXACTA,SAME,3712,26.85185185185185,2.0,10.37176724137931,742400.0,518110.0,-224290.0,69.78852370689656
ALL,R3_EXACTA_AXIS_SECOND_TOP3,AXIS,3,3,EXACTA,SKIP_GAP_LE_0,7634,55.222800925925924,2.0,10.348441184176055,1526800.0,1064470.0,-462330.0,69.71902017291066
ALL,R3_EXACTA_AXIS_SECOND_TOP3,AXIS,3,3,EXACTA,ZERO,3712,26.85185185185185,2.0,10.37176724137931,742400.0,518110.0,-224290.0,69.78852370689656
ALL,R3_EXACTA_AXIS_SECOND_TOP6,AXIS,3,6,EXACTA,ALL,13785,99.71788194444444,5.0,11.722887196227784,6892500.0,4989750.0,-1902750.0,72.39390642002176
ALL,R3_EXACTA_AXIS_SECOND_TOP6,AXIS,3,6,EXACTA,BUY_GAP_GT_0,6183,44.7265625,5.0,8.280769852822255,3091500.0,2186330.0,-905170.0,70.72068575125344
ALL,R3_EXACTA_AXIS_SECOND_TOP6,AXIS,3,6,EXACTA,KING_HIGHER,6183,44.7265625,5.0,8.280769852822255,3091500.0,2186330.0,-905170.0,70.72068575125344
ALL,R3_EXACTA_AXIS_SECOND_TOP6,AXIS,3,6,EXACTA,MARKET_HIGHER,3916,28.327546296296298,5.0,15.270684371807967,1958000.0,1511220.0,-446780.0,77.18181818181819
ALL,R3_EXACTA_AXIS_SECOND_TOP6,AXIS,3,6,EXACTA,NEG_1,2640,19.09722222222222,5.0,15.378787878787879,1320000.0,984940.0,-335060.0,74.61666666666666
ALL,R3_EXACTA_AXIS_SECOND_TOP6,AXIS,3,6,EXACTA,NEG_2_3,1276,9.230324074074074,5.0,15.047021943573668,638000.0,526280.0,-111720.0,82.48902821316615
ALL,R3_EXACTA_AXIS_SECOND_TOP6,AXIS,3,6,EXACTA,POS_1,2445,17.686631944444443,5.0,10.838445807770961,1222500.0,854820.0,-367680.0,69.9239263803681
ALL,R3_EXACTA_AXIS_SECOND_TOP6,AXIS,3,6,EXACTA,POS_2_3,2432,17.59259259259259,5.0,7.8125,1216000.0,939360.0,-276640.0,77.25
ALL,R3_EXACTA_AXIS_SECOND_TOP6,AXIS,3,6,EXACTA,POS_4PLUS,1306,9.447337962962964,5.0,4.3644716692189895,653000.0,392150.0,-260850.0,60.053598774885145
ALL,R3_EXACTA_AXIS_SECOND_TOP6,AXIS,3,6,EXACTA,SAME,3686,26.66377314814815,5.0,13.727618014107433,1843000.0,1292200.0,-550800.0,70.11394465545307
ALL,R3_EXACTA_AXIS_SECOND_TOP6,AXIS,3,6,EXACTA,SKIP_GAP_LE_0,7602,54.99131944444444,5.0,14.52249408050513,3801000.0,2803420.0,-997580.0,73.75480136806104
ALL,R3_EXACTA_AXIS_SECOND_TOP6,AXIS,3,6,EXACTA,ZERO,3686,26.66377314814815,5.0,13.727618014107433,1843000.0,1292200.0,-550800.0,70.11394465545307
ALL,R3_EXACTA_HIMO_BEST_OTHER_FIRST_TOP3,HIMO,3,3,EXACTA,ALL,13824,100.0,1.0,5.107060185185185,1382400.0,951720.0,-430680.0,68.84548611111111
ALL,R3_EXACTA_HIMO_BEST_OTHER_FIRST_TOP3,HIMO,3,3,EXACTA,BUY_GAP_GT_0,6190,44.777199074074076,1.0,3.392568659127625,619000.0,424780.0,-194220.0,68.62358642972536
ALL,R3_EXACTA_HIMO_BEST_OTHER_FIRST_TOP3,HIMO,3,3,EXACTA,KING_HIGHER,6190,44.777199074074076,1.0,3.392568659127625,619000.0,424780.0,-194220.0,68.62358642972536
ALL,R3_EXACTA_HIMO_BEST_OTHER_FIRST_TOP3,HIMO,3,3,EXACTA,MARKET_HIGHER,3922,28.370949074074073,1.0,6.782253952065273,392200.0,273090.0,-119110.0,69.63029066802652
ALL,R3_EXACTA_HIMO_BEST_OTHER_FIRST_TOP3,HIMO,3,3,EXACTA,NEG_1,2643,19.11892361111111,1.0,7.832009080590239,264300.0,181330.0,-82970.0,68.60764283011729
ALL,R3_EXACTA_HIMO_BEST_OTHER_FIRST_TOP3,HIMO,3,3,EXACTA,NEG_2_3,1279,9.252025462962964,1.0,4.612978889757623,127900.0,91760.0,-36140.0,71.74354964816263
ALL,R3_EXACTA_HIMO_BEST_OTHER_FIRST_TOP3,HIMO,3,3,EXACTA,POS_1,2452,17.73726851851852,1.0,4.690048939641109,245200.0,171810.0,-73390.0,70.06933115823817
ALL,R3_EXACTA_HIMO_BEST_OTHER_FIRST_TOP3,HIMO,3,3,EXACTA,POS_2_3,2432,17.59259259259259,1.0,2.8371710526315788,243200.0,156130.0,-87070.0,64.19819078947368
ALL,R3_EXACTA_HIMO_BEST_OTHER_FIRST_TOP3,HIMO,3,3,EXACTA,POS_4PLUS,1306,9.447337962962964,1.0,1.9908116385911179,130600.0,96840.0,-33760.0,74.1500765696784
ALL,R3_EXACTA_HIMO_BEST_OTHER_FIRST_TOP3,HIMO,3,3,EXACTA,SAME,3712,26.85185185185185,1.0,6.196120689655173,371200.0,253850.0,-117350.0,68.38631465517241
ALL,R3_EXACTA_HIMO_BEST_OTHER_FIRST_TOP3,HIMO,3,3,EXACTA,SKIP_GAP_LE_0,7634,55.222800925925924,1.0,6.497249148545978,763400.0,526940.0,-236460.0,69.0254126277181
ALL,R3_EXACTA_HIMO_BEST_OTHER_FIRST_TOP3,HIMO,3,3,EXACTA,ZERO,3712,26.85185185185185,1.0,6.196120689655173,371200.0,253850.0,-117350.0,68.38631465517241
ALL,R3_EXACTA_HIMO_BEST_OTHER_FIRST_TOP6,HIMO,3,6,EXACTA,ALL,13785,99.71788194444444,1.0,5.09974610083424,1378500.0,949900.0,-428600.0,68.9082335872325
ALL,R3_EXACTA_HIMO_BEST_OTHER_FIRST_TOP6,HIMO,3,6,EXACTA,BUY_GAP_GT_0,6183,44.7265625,1.0,3.396409509946628,618300.0,424780.0,-193520.0,68.70127769691088
ALL,R3_EXACTA_HIMO_BEST_OTHER_FIRST_TOP6,HIMO,3,6,EXACTA,KING_HIGHER,6183,44.7265625,1.0,3.396409509946628,618300.0,424780.0,-193520.0,68.70127769691088
ALL,R3_EXACTA_HIMO_BEST_OTHER_FIRST_TOP6,HIMO,3,6,EXACTA,MARKET_HIGHER,3916,28.327546296296298,1.0,6.741573033707865,391600.0,271910.0,-119690.0,69.43564862104188
ALL,R3_EXACTA_HIMO_BEST_OTHER_FIRST_TOP6,HIMO,3,6,EXACTA,NEG_1,2640,19.09722222222222,1.0,7.840909090909091,264000.0,181330.0,-82670.0,68.68560606060606
ALL,R3_EXACTA_HIMO_BEST_OTHER_FIRST_TOP6,HIMO,3,6,EXACTA,NEG_2_3,1276,9.230324074074074,1.0,4.467084639498433,127600.0,90580.0,-37020.0,70.98746081504702
ALL,R3_EXACTA_HIMO_BEST_OTHER_FIRST_TOP6,HIMO,3,6,EXACTA,POS_1,2445,17.686631944444443,1.0,4.703476482617587,244500.0,171810.0,-72690.0,70.26993865030674
ALL,R3_EXACTA_HIMO_BEST_OTHER_FIRST_TOP6,HIMO,3,6,EXACTA,POS_2_3,2432,17.59259259259259,1.0,2.8371710526315788,243200.0,156130.0,-87070.0,64.19819078947368
ALL,R3_EXACTA_HIMO_BEST_OTHER_FIRST_TOP6,HIMO,3,6,EXACTA,POS_4PLUS,1306,9.447337962962964,1.0,1.9908116385911179,130600.0,96840.0,-33760.0,74.1500765696784
ALL,R3_EXACTA_HIMO_BEST_OTHER_FIRST_TOP6,HIMO,3,6,EXACTA,SAME,3686,26.66377314814815,1.0,6.2126966901790555,368600.0,253210.0,-115390.0,68.6950623982637
ALL,R3_EXACTA_HIMO_BEST_OTHER_FIRST_TOP6,HIMO,3,6,EXACTA,SKIP_GAP_LE_0,7602,54.99131944444444,1.0,6.485135490660353,760200.0,525120.0,-235080.0,69.07655880031571
ALL,R3_EXACTA_HIMO_BEST_OTHER_FIRST_TOP6,HIMO,3,6,EXACTA,ZERO,3686,26.66377314814815,1.0,6.2126966901790555,368600.0,253210.0,-115390.0,68.6950623982637
ALL,R3_QUINELLA_AXIS_TOP3,AXIS,3,3,QUINELLA,ALL,13824,100.0,2.0,14.691840277777779,2764800.0,2151750.0,-613050.0,77.82660590277777
ALL,R3_QUINELLA_AXIS_TOP3,AXIS,3,3,QUINELLA,BUY_GAP_GT_0,6190,44.777199074074076,2.0,8.772213247172859,1238000.0,978380.0,-259620.0,79.02907915993538
ALL,R3_QUINELLA_AXIS_TOP3,AXIS,3,3,QUINELLA,KING_HIGHER,6190,44.777199074074076,2.0,8.772213247172859,1238000.0,978380.0,-259620.0,79.02907915993538
ALL,R3_QUINELLA_AXIS_TOP3,AXIS,3,3,QUINELLA,MARKET_HIGHER,3922,28.370949074074073,2.0,21.137174910759818,784400.0,619300.0,-165100.0,78.95206527282
ALL,R3_QUINELLA_AXIS_TOP3,AXIS,3,3,QUINELLA,NEG_1,2643,19.11892361111111,2.0,21.188043889519484,528600.0,422690.0,-105910.0,79.96405599697313
ALL,R3_QUINELLA_AXIS_TOP3,AXIS,3,3,QUINELLA,NEG_2_3,1279,9.252025462962964,2.0,21.03205629397967,255800.0,196610.0,-59190.0,76.8608287724785
ALL,R3_QUINELLA_AXIS_TOP3,AXIS,3,3,QUINELLA,POS_1,2452,17.73726851851852,2.0,11.66394779771615,490400.0,350120.0,-140280.0,71.394779771615
ALL,R3_QUINELLA_AXIS_TOP3,AXIS,3,3,QUINELLA,POS_2_3,2432,17.59259259259259,2.0,8.388157894736842,486400.0,406050.0,-80350.0,83.48067434210526
ALL,R3_QUINELLA_AXIS_TOP3,AXIS,3,3,QUINELLA,POS_4PLUS,1306,9.447337962962964,2.0,4.058192955589586,261200.0,222210.0,-38990.0,85.07274119448698
ALL,R3_QUINELLA_AXIS_TOP3,AXIS,3,3,QUINELLA,SAME,3712,26.85185185185185,2.0,17.75323275862069,742400.0,554070.0,-188330.0,74.63227370689656
ALL,R3_QUINELLA_AXIS_TOP3,AXIS,3,3,QUINELLA,SKIP_GAP_LE_0,7634,55.222800925925924,2.0,19.491747445637934,1526800.0,1173370.0,-353430.0,76.85158501440922
ALL,R3_QUINELLA_AXIS_TOP3,AXIS,3,3,QUINELLA,ZERO,3712,26.85185185185185,2.0,17.75323275862069,742400.0,554070.0,-188330.0,74.63227370689656
ALL,R3_QUINELLA_AXIS_TOP6,AXIS,3,6,QUINELLA,ALL,13785,99.71788194444444,5.0,22.16177003989844,6892500.0,5076530.0,-1815970.0,73.65295611171564
ALL,R3_QUINELLA_AXIS_TOP6,AXIS,3,6,QUINELLA,BUY_GAP_GT_0,6183,44.7265625,5.0,13.795891961830826,3091500.0,2182980.0,-908520.0,70.61232411450752
ALL,R3_QUINELLA_AXIS_TOP6,AXIS,3,6,QUINELLA,KING_HIGHER,6183,44.7265625,5.0,13.795891961830826,3091500.0,2182980.0,-908520.0,70.61232411450752
ALL,R3_QUINELLA_AXIS_TOP6,AXIS,3,6,QUINELLA,MARKET_HIGHER,3916,28.327546296296298,5.0,32.839632277834525,1958000.0,1547120.0,-410880.0,79.01532175689479
ALL,R3_QUINELLA_AXIS_TOP6,AXIS,3,6,QUINELLA,NEG_1,2640,19.09722222222222,5.0,30.643939393939394,1320000.0,990260.0,-329740.0,75.01969696969697
ALL,R3_QUINELLA_AXIS_TOP6,AXIS,3,6,QUINELLA,NEG_2_3,1276,9.230324074074074,5.0,37.38244514106583,638000.0,556860.0,-81140.0,87.28213166144201
ALL,R3_QUINELLA_AXIS_TOP6,AXIS,3,6,QUINELLA,POS_1,2445,17.686631944444443,5.0,18.3640081799591,1222500.0,866530.0,-355970.0,70.88179959100205
ALL,R3_QUINELLA_AXIS_TOP6,AXIS,3,6,QUINELLA,POS_2_3,2432,17.59259259259259,5.0,13.240131578947368,1216000.0,942880.0,-273120.0,77.53947368421052
ALL,R3_QUINELLA_AXIS_TOP6,AXIS,3,6,QUINELLA,POS_4PLUS,1306,9.447337962962964,5.0,6.278713629402756,653000.0,373570.0,-279430.0,57.208269525267994
ALL,R3_QUINELLA_AXIS_TOP6,AXIS,3,6,QUINELLA,SAME,3686,26.66377314814815,5.0,24.850786760716222,1843000.0,1346430.0,-496570.0,73.05642973412914
ALL,R3_QUINELLA_AXIS_TOP6,AXIS,3,6,QUINELLA,SKIP_GAP_LE_0,7602,54.99131944444444,5.0,28.966061562746646,3801000.0,2893550.0,-907450.0,76.1260194685609
ALL,R3_QUINELLA_AXIS_TOP6,AXIS,3,6,QUINELLA,ZERO,3686,26.66377314814815,5.0,24.850786760716222,1843000.0,1346430.0,-496570.0,73.05642973412914
ALL,R3_QUINELLA_HIMO_BEST_OTHER_TOP3,HIMO,3,3,QUINELLA,ALL,13824,100.0,1.0,8.883101851851851,1382400.0,1044910.0,-337490.0,75.58666087962963
ALL,R3_QUINELLA_HIMO_BEST_OTHER_TOP3,HIMO,3,3,QUINELLA,BUY_GAP_GT_0,6190,44.777199074074076,1.0,5.153473344103393,619000.0,456680.0,-162320.0,73.77705977382875
ALL,R3_QUINELLA_HIMO_BEST_OTHER_TOP3,HIMO,3,3,QUINELLA,KING_HIGHER,6190,44.777199074074076,1.0,5.153473344103393,619000.0,456680.0,-162320.0,73.77705977382875
ALL,R3_QUINELLA_HIMO_BEST_OTHER_TOP3,HIMO,3,3,QUINELLA,MARKET_HIGHER,3922,28.370949074074073,1.0,13.003569607343191,392200.0,306130.0,-86070.0,78.05456399796023
ALL,R3_QUINELLA_HIMO_BEST_OTHER_TOP3,HIMO,3,3,QUINELLA,NEG_1,2643,19.11892361111111,1.0,13.885735906167234,264300.0,208040.0,-56260.0,78.71358304956489
ALL,R3_QUINELLA_HIMO_BEST_OTHER_TOP3,HIMO,3,3,QUINELLA,NEG_2_3,1279,9.252025462962964,1.0,11.180609851446443,127900.0,98090.0,-29810.0,76.69272869429241
ALL,R3_QUINELLA_HIMO_BEST_OTHER_TOP3,HIMO,3,3,QUINELLA,POS_1,2452,17.73726851851852,1.0,7.055464926590538,245200.0,179510.0,-65690.0,73.20962479608482
ALL,R3_QUINELLA_HIMO_BEST_OTHER_TOP3,HIMO,3,3,QUINELLA,POS_2_3,2432,17.59259259259259,1.0,4.728618421052632,243200.0,187390.0,-55810.0,77.05180921052632
ALL,R3_QUINELLA_HIMO_BEST_OTHER_TOP3,HIMO,3,3,QUINELLA,POS_4PLUS,1306,9.447337962962964,1.0,2.3736600306278715,130600.0,89780.0,-40820.0,68.74425727411945
ALL,R3_QUINELLA_HIMO_BEST_OTHER_TOP3,HIMO,3,3,QUINELLA,SAME,3712,26.85185185185185,1.0,10.748922413793103,371200.0,282100.0,-89100.0,75.99676724137932
ALL,R3_QUINELLA_HIMO_BEST_OTHER_TOP3,HIMO,3,3,QUINELLA,SKIP_GAP_LE_0,7634,55.222800925925924,1.0,11.907257008121562,763400.0,588230.0,-175170.0,77.05396908566938
ALL,R3_QUINELLA_HIMO_BEST_OTHER_TOP3,HIMO,3,3,QUINELLA,ZERO,3712,26.85185185185185,1.0,10.748922413793103,371200.0,282100.0,-89100.0,75.99676724137932
ALL,R3_QUINELLA_HIMO_BEST_OTHER_TOP6,HIMO,3,6,QUINELLA,ALL,13785,99.71788194444444,1.0,8.87196227783823,1378500.0,1043290.0,-335210.0,75.68298875589409
ALL,R3_QUINELLA_HIMO_BEST_OTHER_TOP6,HIMO,3,6,QUINELLA,BUY_GAP_GT_0,6183,44.7265625,1.0,5.159307779395116,618300.0,456680.0,-161620.0,73.860585476306
ALL,R3_QUINELLA_HIMO_BEST_OTHER_TOP6,HIMO,3,6,QUINELLA,KING_HIGHER,6183,44.7265625,1.0,5.159307779395116,618300.0,456680.0,-161620.0,73.860585476306
ALL,R3_QUINELLA_HIMO_BEST_OTHER_TOP6,HIMO,3,6,QUINELLA,MARKET_HIGHER,3916,28.327546296296298,1.0,12.972420837589377,391600.0,305580.0,-86020.0,78.03370786516854
ALL,R3_QUINELLA_HIMO_BEST_OTHER_TOP6,HIMO,3,6,QUINELLA,NEG_1,2640,19.09722222222222,1.0,13.901515151515152,264000.0,208040.0,-55960.0,78.8030303030303
ALL,R3_QUINELLA_HIMO_BEST_OTHER_TOP6,HIMO,3,6,QUINELLA,NEG_2_3,1276,9.230324074074074,1.0,11.050156739811912,127600.0,97540.0,-30060.0,76.44200626959248
ALL,R3_QUINELLA_HIMO_BEST_OTHER_TOP6,HIMO,3,6,QUINELLA,POS_1,2445,17.686631944444443,1.0,7.075664621676892,244500.0,179510.0,-64990.0,73.41922290388548
ALL,R3_QUINELLA_HIMO_BEST_OTHER_TOP6,HIMO,3,6,QUINELLA,POS_2_3,2432,17.59259259259259,1.0,4.728618421052632,243200.0,187390.0,-55810.0,77.05180921052632
ALL,R3_QUINELLA_HIMO_BEST_OTHER_TOP6,HIMO,3,6,QUINELLA,POS_4PLUS,1306,9.447337962962964,1.0,2.3736600306278715,130600.0,89780.0,-40820.0,68.74425727411945
ALL,R3_QUINELLA_HIMO_BEST_OTHER_TOP6,HIMO,3,6,QUINELLA,SAME,3686,26.66377314814815,1.0,10.743353228431905,368600.0,281030.0,-87570.0,76.24253933803581
ALL,R3_QUINELLA_HIMO_BEST_OTHER_TOP6,HIMO,3,6,QUINELLA,SKIP_GAP_LE_0,7602,54.99131944444444,1.0,11.891607471717968,760200.0,586610.0,-173590.0,77.16521967903184
ALL,R3_QUINELLA_HIMO_BEST_OTHER_TOP6,HIMO,3,6,QUINELLA,ZERO,3686,26.66377314814815,1.0,10.743353228431905,368600.0,281030.0,-87570.0,76.24253933803581
ALL,R3_TRIFECTA_AXIS_FIRST_TOP3,AXIS,3,3,TRIFECTA,ALL,13824,100.0,2.0,1.830150462962963,2764800.0,1886940.0,-877860.0,68.24869791666667
ALL,R3_TRIFECTA_AXIS_FIRST_TOP3,AXIS,3,3,TRIFECTA,BUY_GAP_GT_0,6190,44.777199074074076,2.0,0.678513731825525,1238000.0,654460.0,-583540.0,52.864297253634895
ALL,R3_TRIFECTA_AXIS_FIRST_TOP3,AXIS,3,3,TRIFECTA,KING_HIGHER,6190,44.777199074074076,2.0,0.678513731825525,1238000.0,654460.0,-583540.0,52.864297253634895
ALL,R3_TRIFECTA_AXIS_FIRST_TOP3,AXIS,3,3,TRIFECTA,MARKET_HIGHER,3922,28.370949074074073,2.0,2.881183069862315,784400.0,576520.0,-207880.0,73.4982151963284
ALL,R3_TRIFECTA_AXIS_FIRST_TOP3,AXIS,3,3,TRIFECTA,NEG_1,2643,19.11892361111111,2.0,2.9511918274687856,528600.0,427730.0,-100870.0,80.91751797200152
ALL,R3_TRIFECTA_AXIS_FIRST_TOP3,AXIS,3,3,TRIFECTA,NEG_2_3,1279,9.252025462962964,2.0,2.7365129007036746,255800.0,148790.0,-107010.0,58.16653635652854
ALL,R3_TRIFECTA_AXIS_FIRST_TOP3,AXIS,3,3,TRIFECTA,POS_1,2452,17.73726851851852,2.0,1.0195758564437194,490400.0,306010.0,-184390.0,62.400081566068515
ALL,R3_TRIFECTA_AXIS_FIRST_TOP3,AXIS,3,3,TRIFECTA,POS_2_3,2432,17.59259259259259,2.0,0.5756578947368421,486400.0,258070.0,-228330.0,53.05715460526316
ALL,R3_TRIFECTA_AXIS_FIRST_TOP3,AXIS,3,3,TRIFECTA,POS_4PLUS,1306,9.447337962962964,2.0,0.22970903522205208,261200.0,90380.0,-170820.0,34.601837672281775
ALL,R3_TRIFECTA_AXIS_FIRST_TOP3,AXIS,3,3,TRIFECTA,SAME,3712,26.85185185185185,2.0,2.6400862068965516,742400.0,655960.0,-86440.0,88.35668103448276
ALL,R3_TRIFECTA_AXIS_FIRST_TOP3,AXIS,3,3,TRIFECTA,SKIP_GAP_LE_0,7634,55.222800925925924,2.0,2.76395074665968,1526800.0,1232480.0,-294320.0,80.72308095362851
ALL,R3_TRIFECTA_AXIS_FIRST_TOP3,AXIS,3,3,TRIFECTA,ZERO,3712,26.85185185185185,2.0,2.6400862068965516,742400.0,655960.0,-86440.0,88.35668103448276
ALL,R3_TRIFECTA_AXIS_FIRST_TOP6,AXIS,3,6,TRIFECTA,ALL,13785,99.71788194444444,20.0,7.2977874501269495,27570000.0,18025140.0,-9544860.0,65.37954298150163
ALL,R3_TRIFECTA_AXIS_FIRST_TOP6,AXIS,3,6,TRIFECTA,BUY_GAP_GT_0,6183,44.7265625,20.0,3.6875303250849103,12366000.0,7021990.0,-5344010.0,56.784651463690764
ALL,R3_TRIFECTA_AXIS_FIRST_TOP6,AXIS,3,6,TRIFECTA,KING_HIGHER,6183,44.7265625,20.0,3.6875303250849103,12366000.0,7021990.0,-5344010.0,56.784651463690764
ALL,R3_TRIFECTA_AXIS_FIRST_TOP6,AXIS,3,6,TRIFECTA,MARKET_HIGHER,3916,28.327546296296298,20.0,12.257405515832483,7832000.0,5828600.0,-2003400.0,74.42032686414709
ALL,R3_TRIFECTA_AXIS_FIRST_TOP6,AXIS,3,6,TRIFECTA,NEG_1,2640,19.09722222222222,20.0,10.909090909090908,5280000.0,3801900.0,-1478100.0,72.00568181818181
ALL,R3_TRIFECTA_AXIS_FIRST_TOP6,AXIS,3,6,TRIFECTA,NEG_2_3,1276,9.230324074074074,20.0,15.047021943573668,2552000.0,2026700.0,-525300.0,79.41614420062696
ALL,R3_TRIFECTA_AXIS_FIRST_TOP6,AXIS,3,6,TRIFECTA,POS_1,2445,17.686631944444443,20.0,5.521472392638037,4890000.0,2981280.0,-1908720.0,60.96687116564417
ALL,R3_TRIFECTA_AXIS_FIRST_TOP6,AXIS,3,6,TRIFECTA,POS_2_3,2432,17.59259259259259,20.0,3.125,4864000.0,2653470.0,-2210530.0,54.55324835526316
ALL,R3_TRIFECTA_AXIS_FIRST_TOP6,AXIS,3,6,TRIFECTA,POS_4PLUS,1306,9.447337962962964,20.0,1.3016845329249618,2612000.0,1387240.0,-1224760.0,53.110260336906585
ALL,R3_TRIFECTA_AXIS_FIRST_TOP6,AXIS,3,6,TRIFECTA,SAME,3686,26.66377314814815,20.0,8.084644601193705,7372000.0,5174550.0,-2197450.0,70.19194248507867
ALL,R3_TRIFECTA_AXIS_FIRST_TOP6,AXIS,3,6,TRIFECTA,SKIP_GAP_LE_0,7602,54.99131944444444,20.0,10.234148908182057,15204000.0,11003150.0,-4200850.0,72.37009997369114
ALL,R3_TRIFECTA_AXIS_FIRST_TOP6,AXIS,3,6,TRIFECTA,ZERO,3686,26.66377314814815,20.0,8.084644601193705,7372000.0,5174550.0,-2197450.0,70.19194248507867
ALL,R3_TRIFECTA_AXIS_SECOND_TOP3,AXIS,3,3,TRIFECTA,ALL,13824,100.0,2.0,2.3582175925925926,2764800.0,1644250.0,-1120550.0,59.470847800925924
ALL,R3_TRIFECTA_AXIS_SECOND_TOP3,AXIS,3,3,TRIFECTA,BUY_GAP_GT_0,6190,44.777199074074076,2.0,1.5831987075928917,1238000.0,744280.0,-493720.0,60.119547657512115
ALL,R3_TRIFECTA_AXIS_SECOND_TOP3,AXIS,3,3,TRIFECTA,KING_HIGHER,6190,44.777199074074076,2.0,1.5831987075928917,1238000.0,744280.0,-493720.0,60.119547657512115
ALL,R3_TRIFECTA_AXIS_SECOND_TOP3,AXIS,3,3,TRIFECTA,MARKET_HIGHER,3922,28.370949074074073,2.0,2.52422233554309,784400.0,441250.0,-343150.0,56.25318714941356
ALL,R3_TRIFECTA_AXIS_SECOND_TOP3,AXIS,3,3,TRIFECTA,NEG_1,2643,19.11892361111111,2.0,2.4593265228906547,528600.0,249150.0,-279450.0,47.13393870601589
ALL,R3_TRIFECTA_AXIS_SECOND_TOP3,AXIS,3,3,TRIFECTA,NEG_2_3,1279,9.252025462962964,2.0,2.6583268178264268,255800.0,192100.0,-63700.0,75.09773260359655
ALL,R3_TRIFECTA_AXIS_SECOND_TOP3,AXIS,3,3,TRIFECTA,POS_1,2452,17.73726851851852,2.0,2.6101141924959217,490400.0,364160.0,-126240.0,74.25774877650898
ALL,R3_TRIFECTA_AXIS_SECOND_TOP3,AXIS,3,3,TRIFECTA,POS_2_3,2432,17.59259259259259,2.0,1.1924342105263157,486400.0,266500.0,-219900.0,54.79029605263158
ALL,R3_TRIFECTA_AXIS_SECOND_TOP3,AXIS,3,3,TRIFECTA,POS_4PLUS,1306,9.447337962962964,2.0,0.38284839203675347,261200.0,113620.0,-147580.0,43.49923430321593
ALL,R3_TRIFECTA_AXIS_SECOND_TOP3,AXIS,3,3,TRIFECTA,SAME,3712,26.85185185185185,2.0,3.4752155172413794,742400.0,458720.0,-283680.0,61.78879310344828
ALL,R3_TRIFECTA_AXIS_SECOND_TOP3,AXIS,3,3,TRIFECTA,SKIP_GAP_LE_0,7634,55.222800925925924,2.0,2.9866387215090384,1526800.0,899970.0,-626830.0,58.94485197799319
ALL,R3_TRIFECTA_AXIS_SECOND_TOP3,AXIS,3,3,TRIFECTA,ZERO,3712,26.85185185185185,2.0,3.4752155172413794,742400.0,458720.0,-283680.0,61.78879310344828
ALL,R3_TRIFECTA_AXIS_SECOND_TOP6,AXIS,3,6,TRIFECTA,ALL,13785,99.71788194444444,20.0,8.13202756619514,27570000.0,18397860.0,-9172140.0,66.73144722524484
ALL,R3_TRIFECTA_AXIS_SECOND_TOP6,AXIS,3,6,TRIFECTA,BUY_GAP_GT_0,6183,44.7265625,20.0,5.434255215914605,12366000.0,7267750.0,-5098250.0,58.77203622836811
ALL,R3_TRIFECTA_AXIS_SECOND_TOP6,AXIS,3,6,TRIFECTA,KING_HIGHER,6183,44.7265625,20.0,5.434255215914605,12366000.0,7267750.0,-5098250.0,58.77203622836811
ALL,R3_TRIFECTA_AXIS_SECOND_TOP6,AXIS,3,6,TRIFECTA,MARKET_HIGHER,3916,28.327546296296298,20.0,10.64862104187947,7832000.0,5377710.0,-2454290.0,68.66330439223698
ALL,R3_TRIFECTA_AXIS_SECOND_TOP6,AXIS,3,6,TRIFECTA,NEG_1,2640,19.09722222222222,20.0,10.757575757575758,5280000.0,3406130.0,-1873870.0,64.51003787878788
ALL,R3_TRIFECTA_AXIS_SECOND_TOP6,AXIS,3,6,TRIFECTA,NEG_2_3,1276,9.230324074074074,20.0,10.423197492163009,2552000.0,1971580.0,-580420.0,77.25626959247649
ALL,R3_TRIFECTA_AXIS_SECOND_TOP6,AXIS,3,6,TRIFECTA,POS_1,2445,17.686631944444443,20.0,7.484662576687117,4890000.0,2697670.0,-2192330.0,55.16707566462168
ALL,R3_TRIFECTA_AXIS_SECOND_TOP6,AXIS,3,6,TRIFECTA,POS_2_3,2432,17.59259259259259,20.0,5.2631578947368425,4864000.0,3508480.0,-1355520.0,72.13157894736842
ALL,R3_TRIFECTA_AXIS_SECOND_TOP6,AXIS,3,6,TRIFECTA,POS_4PLUS,1306,9.447337962962964,20.0,1.9142419601837672,2612000.0,1061600.0,-1550400.0,40.643185298621745
ALL,R3_TRIFECTA_AXIS_SECOND_TOP6,AXIS,3,6,TRIFECTA,SAME,3686,26.66377314814815,20.0,9.983722192078133,7372000.0,5752400.0,-1619600.0,78.03038524145416
ALL,R3_TRIFECTA_AXIS_SECOND_TOP6,AXIS,3,6,TRIFECTA,SKIP_GAP_LE_0,7602,54.99131944444444,20.0,10.326229939489608,15204000.0,11130110.0,-4073890.0,73.20514338332018
ALL,R3_TRIFECTA_AXIS_SECOND_TOP6,AXIS,3,6,TRIFECTA,ZERO,3686,26.66377314814815,20.0,9.983722192078133,7372000.0,5752400.0,-1619600.0,78.03038524145416
ALL,R3_TRIFECTA_AXIS_THIRD_TOP3,AXIS,3,3,TRIFECTA,ALL,13824,100.0,2.0,2.5824652777777777,2764800.0,1436000.0,-1328800.0,51.938657407407405
ALL,R3_TRIFECTA_AXIS_THIRD_TOP3,AXIS,3,3,TRIFECTA,BUY_GAP_GT_0,6190,44.777199074074076,2.0,2.0193861066235863,1238000.0,653380.0,-584620.0,52.77705977382875
ALL,R3_TRIFECTA_AXIS_THIRD_TOP3,AXIS,3,3,TRIFECTA,KING_HIGHER,6190,44.777199074074076,2.0,2.0193861066235863,1238000.0,653380.0,-584620.0,52.77705977382875
ALL,R3_TRIFECTA_AXIS_THIRD_TOP3,AXIS,3,3,TRIFECTA,MARKET_HIGHER,3922,28.370949074074073,2.0,1.9632840387557369,784400.0,357020.0,-427380.0,45.51504334523202
ALL,R3_TRIFECTA_AXIS_THIRD_TOP3,AXIS,3,3,TRIFECTA,NEG_1,2643,19.11892361111111,2.0,2.232311766931517,528600.0,240890.0,-287710.0,45.57132046916383
ALL,R3_TRIFECTA_AXIS_THIRD_TOP3,AXIS,3,3,TRIFECTA,NEG_2_3,1279,9.252025462962964,2.0,1.4073494917904612,255800.0,116130.0,-139670.0,45.39874902267396
ALL,R3_TRIFECTA_AXIS_THIRD_TOP3,AXIS,3,3,TRIFECTA,POS_1,2452,17.73726851851852,2.0,2.8548123980424145,490400.0,287720.0,-202680.0,58.67047308319739
ALL,R3_TRIFECTA_AXIS_THIRD_TOP3,AXIS,3,3,TRIFECTA,POS_2_3,2432,17.59259259259259,2.0,1.850328947368421,486400.0,262420.0,-223980.0,53.9514802631579
ALL,R3_TRIFECTA_AXIS_THIRD_TOP3,AXIS,3,3,TRIFECTA,POS_4PLUS,1306,9.447337962962964,2.0,0.7656967840735069,261200.0,103240.0,-157960.0,39.52526799387442
ALL,R3_TRIFECTA_AXIS_THIRD_TOP3,AXIS,3,3,TRIFECTA,SAME,3712,26.85185185185185,2.0,4.175646551724138,742400.0,425600.0,-316800.0,57.327586206896555
ALL,R3_TRIFECTA_AXIS_THIRD_TOP3,AXIS,3,3,TRIFECTA,SKIP_GAP_LE_0,7634,55.222800925925924,2.0,3.0390358920618286,1526800.0,782620.0,-744180.0,51.258842022530786
ALL,R3_TRIFECTA_AXIS_THIRD_TOP3,AXIS,3,3,TRIFECTA,ZERO,3712,26.85185185185185,2.0,4.175646551724138,742400.0,425600.0,-316800.0,57.327586206896555
ALL,R3_TRIFECTA_AXIS_THIRD_TOP6,AXIS,3,6,TRIFECTA,ALL,13785,99.71788194444444,20.0,7.522669568371418,27570000.0,17307510.0,-10262490.0,62.77660500544069
ALL,R3_TRIFECTA_AXIS_THIRD_TOP6,AXIS,3,6,TRIFECTA,BUY_GAP_GT_0,6183,44.7265625,20.0,6.307617661329452,12366000.0,7407300.0,-4958700.0,59.90053372149442
ALL,R3_TRIFECTA_AXIS_THIRD_TOP6,AXIS,3,6,TRIFECTA,KING_HIGHER,6183,44.7265625,20.0,6.307617661329452,12366000.0,7407300.0,-4958700.0,59.90053372149442
ALL,R3_TRIFECTA_AXIS_THIRD_TOP6,AXIS,3,6,TRIFECTA,MARKET_HIGHER,3916,28.327546296296298,20.0,7.711950970377937,7832000.0,5651450.0,-2180550.0,72.15845250255363
ALL,R3_TRIFECTA_AXIS_THIRD_TOP6,AXIS,3,6,TRIFECTA,NEG_1,2640,19.09722222222222,20.0,8.409090909090908,5280000.0,4304210.0,-975790.0,81.51912878787878
ALL,R3_TRIFECTA_AXIS_THIRD_TOP6,AXIS,3,6,TRIFECTA,NEG_2_3,1276,9.230324074074074,20.0,6.269592476489028,2552000.0,1347240.0,-1204760.0,52.791536050156736
ALL,R3_TRIFECTA_AXIS_THIRD_TOP6,AXIS,3,6,TRIFECTA,POS_1,2445,17.686631944444443,20.0,8.507157464212678,4890000.0,3465660.0,-1424340.0,70.87239263803681
ALL,R3_TRIFECTA_AXIS_THIRD_TOP6,AXIS,3,6,TRIFECTA,POS_2_3,2432,17.59259259259259,20.0,6.126644736842105,4864000.0,2959660.0,-1904340.0,60.84827302631579
ALL,R3_TRIFECTA_AXIS_THIRD_TOP6,AXIS,3,6,TRIFECTA,POS_4PLUS,1306,9.447337962962964,20.0,2.5267993874425727,2612000.0,981980.0,-1630020.0,37.594946401225116
ALL,R3_TRIFECTA_AXIS_THIRD_TOP6,AXIS,3,6,TRIFECTA,SAME,3686,26.66377314814815,20.0,9.35973955507325,7372000.0,4248760.0,-3123240.0,57.633749321758
ALL,R3_TRIFECTA_AXIS_THIRD_TOP6,AXIS,3,6,TRIFECTA,SKIP_GAP_LE_0,7602,54.99131944444444,20.0,8.510918179426467,15204000.0,9900210.0,-5303790.0,65.11582478295186
ALL,R3_TRIFECTA_AXIS_THIRD_TOP6,AXIS,3,6,TRIFECTA,ZERO,3686,26.66377314814815,20.0,9.35973955507325,7372000.0,4248760.0,-3123240.0,57.633749321758
ALL,R3_TRIFECTA_HIMO_BEST_OTHER_FIRST_TOP3,HIMO,3,3,TRIFECTA,ALL,13824,100.0,2.0,2.7488425925925926,2764800.0,1414710.0,-1350090.0,51.168619791666664
ALL,R3_TRIFECTA_HIMO_BEST_OTHER_FIRST_TOP3,HIMO,3,3,TRIFECTA,BUY_GAP_GT_0,6190,44.777199074074076,2.0,1.8255250403877221,1238000.0,560850.0,-677150.0,45.302907915993536
ALL,R3_TRIFECTA_HIMO_BEST_OTHER_FIRST_TOP3,HIMO,3,3,TRIFECTA,KING_HIGHER,6190,44.777199074074076,2.0,1.8255250403877221,1238000.0,560850.0,-677150.0,45.302907915993536
ALL,R3_TRIFECTA_HIMO_BEST_OTHER_FIRST_TOP3,HIMO,3,3,TRIFECTA,MARKET_HIGHER,3922,28.370949074074073,2.0,2.855685874553799,784400.0,449890.0,-334510.0,57.35466598674146
ALL,R3_TRIFECTA_HIMO_BEST_OTHER_FIRST_TOP3,HIMO,3,3,TRIFECTA,NEG_1,2643,19.11892361111111,2.0,3.3295497540673478,528600.0,295110.0,-233490.0,55.828603859250855
ALL,R3_TRIFECTA_HIMO_BEST_OTHER_FIRST_TOP3,HIMO,3,3,TRIFECTA,NEG_2_3,1279,9.252025462962964,2.0,1.8764659890539483,255800.0,154780.0,-101020.0,60.50820953870211
ALL,R3_TRIFECTA_HIMO_BEST_OTHER_FIRST_TOP3,HIMO,3,3,TRIFECTA,POS_1,2452,17.73726851851852,2.0,2.6508972267536706,490400.0,228990.0,-261410.0,46.69453507340946
ALL,R3_TRIFECTA_HIMO_BEST_OTHER_FIRST_TOP3,HIMO,3,3,TRIFECTA,POS_2_3,2432,17.59259259259259,2.0,1.644736842105263,486400.0,247600.0,-238800.0,50.9046052631579
ALL,R3_TRIFECTA_HIMO_BEST_OTHER_FIRST_TOP3,HIMO,3,3,TRIFECTA,POS_4PLUS,1306,9.447337962962964,2.0,0.6125574272588055,261200.0,84260.0,-176940.0,32.258805513016846
ALL,R3_TRIFECTA_HIMO_BEST_OTHER_FIRST_TOP3,HIMO,3,3,TRIFECTA,SAME,3712,26.85185185185185,2.0,4.175646551724138,742400.0,403970.0,-338430.0,54.4140625
ALL,R3_TRIFECTA_HIMO_BEST_OTHER_FIRST_TOP3,HIMO,3,3,TRIFECTA,SKIP_GAP_LE_0,7634,55.222800925925924,2.0,3.4975111343987426,1526800.0,853860.0,-672940.0,55.924810060256746
ALL,R3_TRIFECTA_HIMO_BEST_OTHER_FIRST_TOP3,HIMO,3,3,TRIFECTA,ZERO,3712,26.85185185185185,2.0,4.175646551724138,742400.0,403970.0,-338430.0,54.4140625
ALL,R3_TRIFECTA_HIMO_BEST_OTHER_FIRST_TOP6,HIMO,3,6,TRIFECTA,ALL,13785,99.71788194444444,8.0,6.5360899528472975,11028000.0,6668440.0,-4359560.0,60.468262604280014
ALL,R3_TRIFECTA_HIMO_BEST_OTHER_FIRST_TOP6,HIMO,3,6,TRIFECTA,BUY_GAP_GT_0,6183,44.7265625,8.0,4.90053372149442,4946400.0,3071730.0,-1874670.0,62.10031538088307
ALL,R3_TRIFECTA_HIMO_BEST_OTHER_FIRST_TOP6,HIMO,3,6,TRIFECTA,KING_HIGHER,6183,44.7265625,8.0,4.90053372149442,4946400.0,3071730.0,-1874670.0,62.10031538088307
ALL,R3_TRIFECTA_HIMO_BEST_OTHER_FIRST_TOP6,HIMO,3,6,TRIFECTA,MARKET_HIGHER,3916,28.327546296296298,8.0,7.711950970377937,3132800.0,1985150.0,-1147650.0,63.366636874361596
ALL,R3_TRIFECTA_HIMO_BEST_OTHER_FIRST_TOP6,HIMO,3,6,TRIFECTA,NEG_1,2640,19.09722222222222,8.0,9.015151515151516,2112000.0,1348150.0,-763850.0,63.83285984848485
ALL,R3_TRIFECTA_HIMO_BEST_OTHER_FIRST_TOP6,HIMO,3,6,TRIFECTA,NEG_2_3,1276,9.230324074074074,8.0,5.015673981191223,1020800.0,637000.0,-383800.0,62.40203761755486
ALL,R3_TRIFECTA_HIMO_BEST_OTHER_FIRST_TOP6,HIMO,3,6,TRIFECTA,POS_1,2445,17.686631944444443,8.0,6.830265848670757,1956000.0,1258740.0,-697260.0,64.35276073619632
ALL,R3_TRIFECTA_HIMO_BEST_OTHER_FIRST_TOP6,HIMO,3,6,TRIFECTA,POS_2_3,2432,17.59259259259259,8.0,4.605263157894737,1945600.0,1153830.0,-791770.0,59.30458470394737
ALL,R3_TRIFECTA_HIMO_BEST_OTHER_FIRST_TOP6,HIMO,3,6,TRIFECTA,POS_4PLUS,1306,9.447337962962964,8.0,1.8376722817764166,1044800.0,659160.0,-385640.0,63.0895865237366
ALL,R3_TRIFECTA_HIMO_BEST_OTHER_FIRST_TOP6,HIMO,3,6,TRIFECTA,SAME,3686,26.66377314814815,8.0,8.030385241454152,2948800.0,1611560.0,-1337240.0,54.65138361367336
ALL,R3_TRIFECTA_HIMO_BEST_OTHER_FIRST_TOP6,HIMO,3,6,TRIFECTA,SKIP_GAP_LE_0,7602,54.99131944444444,8.0,7.866350960273612,6081600.0,3596710.0,-2484890.0,59.14085109181794
ALL,R3_TRIFECTA_HIMO_BEST_OTHER_FIRST_TOP6,HIMO,3,6,TRIFECTA,ZERO,3686,26.66377314814815,8.0,8.030385241454152,2948800.0,1611560.0,-1337240.0,54.65138361367336
ALL,R3_TRIO_AXIS_TOP3,AXIS,3,3,TRIO,ALL,13824,100.0,1.0,6.763599537037037,1382400.0,907500.0,-474900.0,65.64670138888889
ALL,R3_TRIO_AXIS_TOP3,AXIS,3,3,TRIO,BUY_GAP_GT_0,6190,44.777199074074076,1.0,4.264943457189014,619000.0,373160.0,-245840.0,60.2843295638126
ALL,R3_TRIO_AXIS_TOP3,AXIS,3,3,TRIO,KING_HIGHER,6190,44.777199074074076,1.0,4.264943457189014,619000.0,373160.0,-245840.0,60.2843295638126
ALL,R3_TRIO_AXIS_TOP3,AXIS,3,3,TRIO,MARKET_HIGHER,3922,28.370949074074073,1.0,7.368689444161142,392200.0,259040.0,-133160.0,66.04793472718
ALL,R3_TRIO_AXIS_TOP3,AXIS,3,3,TRIO,NEG_1,2643,19.11892361111111,1.0,7.642830117290957,264300.0,176370.0,-87930.0,66.73098751418843
ALL,R3_TRIO_AXIS_TOP3,AXIS,3,3,TRIO,NEG_2_3,1279,9.252025462962964,1.0,6.802189210320563,127900.0,82670.0,-45230.0,64.63643471462079
ALL,R3_TRIO_AXIS_TOP3,AXIS,3,3,TRIO,POS_1,2452,17.73726851851852,1.0,6.484502446982056,245200.0,170750.0,-74450.0,69.63703099510603
ALL,R3_TRIO_AXIS_TOP3,AXIS,3,3,TRIO,POS_2_3,2432,17.59259259259259,1.0,3.6184210526315788,243200.0,146770.0,-96430.0,60.34950657894737
ALL,R3_TRIO_AXIS_TOP3,AXIS,3,3,TRIO,POS_4PLUS,1306,9.447337962962964,1.0,1.3016845329249618,130600.0,55640.0,-74960.0,42.603369065849925
ALL,R3_TRIO_AXIS_TOP3,AXIS,3,3,TRIO,SAME,3712,26.85185185185185,1.0,10.29094827586207,371200.0,275300.0,-95900.0,74.16487068965517
ALL,R3_TRIO_AXIS_TOP3,AXIS,3,3,TRIO,SKIP_GAP_LE_0,7634,55.222800925925924,1.0,8.789625360230547,763400.0,534340.0,-229060.0,69.99476028294472
ALL,R3_TRIO_AXIS_TOP3,AXIS,3,3,TRIO,ZERO,3712,26.85185185185185,1.0,10.29094827586207,371200.0,275300.0,-95900.0,74.16487068965517
ALL,R3_TRIO_AXIS_TOP6,AXIS,3,6,TRIO,ALL,13785,99.71788194444444,10.0,22.91621327529924,13785000.0,9146950.0,-4638050.0,66.35437069278201
ALL,R3_TRIO_AXIS_TOP6,AXIS,3,6,TRIO,BUY_GAP_GT_0,6183,44.7265625,10.0,15.413229823710173,6183000.0,3679840.0,-2503160.0,59.515445576580944
ALL,R3_TRIO_AXIS_TOP6,AXIS,3,6,TRIO,KING_HIGHER,6183,44.7265625,10.0,15.413229823710173,6183000.0,3679840.0,-2503160.0,59.515445576580944
ALL,R3_TRIO_AXIS_TOP6,AXIS,3,6,TRIO,MARKET_HIGHER,3916,28.327546296296298,10.0,30.541368743615934,3916000.0,2885750.0,-1030250.0,73.69126659856997
ALL,R3_TRIO_AXIS_TOP6,AXIS,3,6,TRIO,NEG_1,2640,19.09722222222222,10.0,30.03787878787879,2640000.0,1924750.0,-715250.0,72.90719696969697
ALL,R3_TRIO_AXIS_TOP6,AXIS,3,6,TRIO,NEG_2_3,1276,9.230324074074074,10.0,31.58307210031348,1276000.0,961000.0,-315000.0,75.31347962382445
ALL,R3_TRIO_AXIS_TOP6,AXIS,3,6,TRIO,POS_1,2445,17.686631944444443,10.0,21.51329243353783,2445000.0,1528380.0,-916620.0,62.51042944785276
ALL,R3_TRIO_AXIS_TOP6,AXIS,3,6,TRIO,POS_2_3,2432,17.59259259259259,10.0,14.514802631578947,2432000.0,1543480.0,-888520.0,63.46546052631579
ALL,R3_TRIO_AXIS_TOP6,AXIS,3,6,TRIO,POS_4PLUS,1306,9.447337962962964,10.0,5.666156202143951,1306000.0,607980.0,-698020.0,46.552833078101074
ALL,R3_TRIO_AXIS_TOP6,AXIS,3,6,TRIO,SAME,3686,26.66377314814815,10.0,27.400976668475312,3686000.0,2581360.0,-1104640.0,70.03147042864894
ALL,R3_TRIO_AXIS_TOP6,AXIS,3,6,TRIO,SKIP_GAP_LE_0,7602,54.99131944444444,10.0,29.01867929492239,7602000.0,5467110.0,-2134890.0,71.91673243883189
ALL,R3_TRIO_AXIS_TOP6,AXIS,3,6,TRIO,ZERO,3686,26.66377314814815,10.0,27.400976668475312,3686000.0,2581360.0,-1104640.0,70.03147042864894
ALL,R3_TRIO_HIMO_BEST_OTHER_TOP3,HIMO,3,3,TRIO,ALL,13824,100.0,1.0,6.763599537037037,1382400.0,907500.0,-474900.0,65.64670138888889
ALL,R3_TRIO_HIMO_BEST_OTHER_TOP3,HIMO,3,3,TRIO,BUY_GAP_GT_0,6190,44.777199074074076,1.0,4.264943457189014,619000.0,373160.0,-245840.0,60.2843295638126
ALL,R3_TRIO_HIMO_BEST_OTHER_TOP3,HIMO,3,3,TRIO,KING_HIGHER,6190,44.777199074074076,1.0,4.264943457189014,619000.0,373160.0,-245840.0,60.2843295638126
ALL,R3_TRIO_HIMO_BEST_OTHER_TOP3,HIMO,3,3,TRIO,MARKET_HIGHER,3922,28.370949074074073,1.0,7.368689444161142,392200.0,259040.0,-133160.0,66.04793472718
ALL,R3_TRIO_HIMO_BEST_OTHER_TOP3,HIMO,3,3,TRIO,NEG_1,2643,19.11892361111111,1.0,7.642830117290957,264300.0,176370.0,-87930.0,66.73098751418843
ALL,R3_TRIO_HIMO_BEST_OTHER_TOP3,HIMO,3,3,TRIO,NEG_2_3,1279,9.252025462962964,1.0,6.802189210320563,127900.0,82670.0,-45230.0,64.63643471462079
ALL,R3_TRIO_HIMO_BEST_OTHER_TOP3,HIMO,3,3,TRIO,POS_1,2452,17.73726851851852,1.0,6.484502446982056,245200.0,170750.0,-74450.0,69.63703099510603
ALL,R3_TRIO_HIMO_BEST_OTHER_TOP3,HIMO,3,3,TRIO,POS_2_3,2432,17.59259259259259,1.0,3.6184210526315788,243200.0,146770.0,-96430.0,60.34950657894737
ALL,R3_TRIO_HIMO_BEST_OTHER_TOP3,HIMO,3,3,TRIO,POS_4PLUS,1306,9.447337962962964,1.0,1.3016845329249618,130600.0,55640.0,-74960.0,42.603369065849925
ALL,R3_TRIO_HIMO_BEST_OTHER_TOP3,HIMO,3,3,TRIO,SAME,3712,26.85185185185185,1.0,10.29094827586207,371200.0,275300.0,-95900.0,74.16487068965517
ALL,R3_TRIO_HIMO_BEST_OTHER_TOP3,HIMO,3,3,TRIO,SKIP_GAP_LE_0,7634,55.222800925925924,1.0,8.789625360230547,763400.0,534340.0,-229060.0,69.99476028294472
ALL,R3_TRIO_HIMO_BEST_OTHER_TOP3,HIMO,3,3,TRIO,ZERO,3712,26.85185185185185,1.0,10.29094827586207,371200.0,275300.0,-95900.0,74.16487068965517
ALL,R3_TRIO_HIMO_BEST_OTHER_TOP6,HIMO,3,6,TRIO,ALL,13785,99.71788194444444,4.0,15.226695683714182,5514000.0,3807980.0,-1706020.0,69.06021037359449
ALL,R3_TRIO_HIMO_BEST_OTHER_TOP6,HIMO,3,6,TRIO,BUY_GAP_GT_0,6183,44.7265625,4.0,10.383309073265405,2473200.0,1661730.0,-811470.0,67.18947113051917
ALL,R3_TRIO_HIMO_BEST_OTHER_TOP6,HIMO,3,6,TRIO,KING_HIGHER,6183,44.7265625,4.0,10.383309073265405,2473200.0,1661730.0,-811470.0,67.18947113051917
ALL,R3_TRIO_HIMO_BEST_OTHER_TOP6,HIMO,3,6,TRIO,MARKET_HIGHER,3916,28.327546296296298,4.0,19.330949948927476,1566400.0,1147170.0,-419230.0,73.23608273748724
ALL,R3_TRIO_HIMO_BEST_OTHER_TOP6,HIMO,3,6,TRIO,NEG_1,2640,19.09722222222222,4.0,20.265151515151516,1056000.0,812220.0,-243780.0,76.91477272727273
ALL,R3_TRIO_HIMO_BEST_OTHER_TOP6,HIMO,3,6,TRIO,NEG_2_3,1276,9.230324074074074,4.0,17.398119122257054,510400.0,334950.0,-175450.0,65.625
ALL,R3_TRIO_HIMO_BEST_OTHER_TOP6,HIMO,3,6,TRIO,POS_1,2445,17.686631944444443,4.0,15.0920245398773,978000.0,743700.0,-234300.0,76.04294478527608
ALL,R3_TRIO_HIMO_BEST_OTHER_TOP6,HIMO,3,6,TRIO,POS_2_3,2432,17.59259259259259,4.0,9.292763157894736,972800.0,643110.0,-329690.0,66.10916940789474
ALL,R3_TRIO_HIMO_BEST_OTHER_TOP6,HIMO,3,6,TRIO,POS_4PLUS,1306,9.447337962962964,4.0,3.5987748851454824,522400.0,274920.0,-247480.0,52.626339969372125
ALL,R3_TRIO_HIMO_BEST_OTHER_TOP6,HIMO,3,6,TRIO,SAME,3686,26.66377314814815,4.0,18.990775908844277,1474400.0,999080.0,-475320.0,67.76180141074336
ALL,R3_TRIO_HIMO_BEST_OTHER_TOP6,HIMO,3,6,TRIO,SKIP_GAP_LE_0,7602,54.99131944444444,4.0,19.166008945014468,3040800.0,2146250.0,-894550.0,70.58175480136806
ALL,R3_TRIO_HIMO_BEST_OTHER_TOP6,HIMO,3,6,TRIO,ZERO,3686,26.66377314814815,4.0,18.990775908844277,1474400.0,999080.0,-475320.0,67.76180141074336
ALL,R3_WIN_SINGLE_TOP3,AXIS,3,3,WIN,ALL,13824,100.0,1.0,13.541666666666666,1382400.0,1087230.0,-295170.0,78.64800347222223
ALL,R3_WIN_SINGLE_TOP3,AXIS,3,3,WIN,BUY_GAP_GT_0,6190,44.777199074074076,1.0,7.2859450726979,619000.0,456220.0,-162780.0,73.70274636510501
ALL,R3_WIN_SINGLE_TOP3,AXIS,3,3,WIN,KING_HIGHER,6190,44.777199074074076,1.0,7.2859450726979,619000.0,456220.0,-162780.0,73.70274636510501
ALL,R3_WIN_SINGLE_TOP3,AXIS,3,3,WIN,MARKET_HIGHER,3922,28.370949074074073,1.0,23.023967363590007,392200.0,329830.0,-62370.0,84.09739928607853
ALL,R3_WIN_SINGLE_TOP3,AXIS,3,3,WIN,NEG_1,2643,19.11892361111111,1.0,20.279984865682938,264300.0,225970.0,-38330.0,85.4975406734771
ALL,R3_WIN_SINGLE_TOP3,AXIS,3,3,WIN,NEG_2_3,1279,9.252025462962964,1.0,28.69429241594996,127900.0,103860.0,-24040.0,81.20406567630961
ALL,R3_WIN_SINGLE_TOP3,AXIS,3,3,WIN,POS_1,2452,17.73726851851852,1.0,9.584013050570963,245200.0,179370.0,-65830.0,73.15252854812398
ALL,R3_WIN_SINGLE_TOP3,AXIS,3,3,WIN,POS_2_3,2432,17.59259259259259,1.0,7.319078947368421,243200.0,201110.0,-42090.0,82.69325657894737
ALL,R3_WIN_SINGLE_TOP3,AXIS,3,3,WIN,POS_4PLUS,1306,9.447337962962964,1.0,2.909647779479326,130600.0,75740.0,-54860.0,57.99387442572741
ALL,R3_WIN_SINGLE_TOP3,AXIS,3,3,WIN,SAME,3712,26.85185185185185,1.0,13.954741379310345,371200.0,301180.0,-70020.0,81.13685344827586
ALL,R3_WIN_SINGLE_TOP3,AXIS,3,3,WIN,SKIP_GAP_LE_0,7634,55.222800925925924,1.0,18.6140948388787,763400.0,631010.0,-132390.0,82.65784647629027
ALL,R3_WIN_SINGLE_TOP3,AXIS,3,3,WIN,ZERO,3712,26.85185185185185,1.0,13.954741379310345,371200.0,301180.0,-70020.0,81.13685344827586
ALL,R3_WIN_SINGLE_TOP6,AXIS,3,6,WIN,ALL,13785,99.71788194444444,1.0,13.550961189698947,1378500.0,1085080.0,-293420.0,78.7145447950671
ALL,R3_WIN_SINGLE_TOP6,AXIS,3,6,WIN,BUY_GAP_GT_0,6183,44.7265625,1.0,7.27802037845706,618300.0,455620.0,-162680.0,73.6891476629468
ALL,R3_WIN_SINGLE_TOP6,AXIS,3,6,WIN,KING_HIGHER,6183,44.7265625,1.0,7.27802037845706,618300.0,455620.0,-162680.0,73.6891476629468
ALL,R3_WIN_SINGLE_TOP6,AXIS,3,6,WIN,MARKET_HIGHER,3916,28.327546296296298,1.0,23.059244126659856,391600.0,329830.0,-61770.0,84.22625127681307
ALL,R3_WIN_SINGLE_TOP6,AXIS,3,6,WIN,NEG_1,2640,19.09722222222222,1.0,20.303030303030305,264000.0,225970.0,-38030.0,85.59469696969697
ALL,R3_WIN_SINGLE_TOP6,AXIS,3,6,WIN,NEG_2_3,1276,9.230324074074074,1.0,28.761755485893417,127600.0,103860.0,-23740.0,81.39498432601881
ALL,R3_WIN_SINGLE_TOP6,AXIS,3,6,WIN,POS_1,2445,17.686631944444443,1.0,9.570552147239264,244500.0,178770.0,-65730.0,73.11656441717791
ALL,R3_WIN_SINGLE_TOP6,AXIS,3,6,WIN,POS_2_3,2432,17.59259259259259,1.0,7.319078947368421,243200.0,201110.0,-42090.0,82.69325657894737
ALL,R3_WIN_SINGLE_TOP6,AXIS,3,6,WIN,POS_4PLUS,1306,9.447337962962964,1.0,2.909647779479326,130600.0,75740.0,-54860.0,57.99387442572741
ALL,R3_WIN_SINGLE_TOP6,AXIS,3,6,WIN,SAME,3686,26.66377314814815,1.0,13.971785132935432,368600.0,299630.0,-68970.0,81.28865979381443
ALL,R3_WIN_SINGLE_TOP6,AXIS,3,6,WIN,SKIP_GAP_LE_0,7602,54.99131944444444,1.0,18.652986056300975,760200.0,629460.0,-130740.0,82.80189423835833
ALL,R3_WIN_SINGLE_TOP6,AXIS,3,6,WIN,ZERO,3686,26.66377314814815,1.0,13.971785132935432,368600.0,299630.0,-68970.0,81.28865979381443
