test_year,architecture,importance_rank,feature,gain
2021,BASELINE,1,auto_field_recent_avg_finish_gap_to_top3_mean,31004.98505949974
2021,BASELINE,2,auto_history_finish_position_ewma,18700.654398918152
2021,BASELINE,3,auto_field_recent_avg_finish_zscore,7151.149597644806
2021,BASELINE,4,previous_finish_position,5623.802987098694
2021,BASELINE,5,auto_history_finish_position_last,5253.7985582351685
2021,BASELINE,6,auto_finish_same_class_success_rate,3846.6563210487366
2021,BASELINE,7,auto_field_recent_top3_rate_zscore,3508.7962741851807
2021,BASELINE,8,auto_finish_same_class_median,3491.4869470596313
2021,BASELINE,9,auto_field_network_elo_rating_zscore,3033.726585149765
2021,BASELINE,10,auto_finish_same_surface_mean,2829.1152091026306
2021,BASELINE,11,auto_finish_same_class_mean,2649.687870502472
2021,BASELINE,12,auto_finish_same_surface_median,2646.939678668976
2021,BASELINE,13,opponent_recent_avg_top3_rate,2462.1113724708557
2021,BASELINE,14,days_since_last_start,2301.081144809723
2021,BASELINE,15,actor_jockey_venue_effective_top3_rate,2099.4185955524445
2021,BASELINE,16,actor_jockey_all_effective_win_rate,2086.340001106262
2021,BASELINE,17,auto_field_recent_top3_rate_percentile,1851.7007081508636
2021,BASELINE,18,auto_field_network_elo_rating_percentile,1767.3639597892761
2021,BASELINE,19,actor_trainer_surface_avg_finish,1523.6607294082642
2021,BASELINE,20,auto_field_recent_avg_last_3f_diff_median,1516.004626750946
2021,BASELINE,21,auto_field_recent_avg_finish_diff_mean,1499.2089595794678
2021,BASELINE,22,timepace_recent_avg_performance_score,1436.4930109977722
2021,BASELINE,23,actor_jockey_race_class_avg_finish,1341.4626641273499
2021,BASELINE,24,actor_jockey_surface_top3_rate,1315.0826921463013
2021,BASELINE,25,actor_jockey_venue_effective_avg_finish,1309.7361459732056
2021,BASELINE,26,auto_finish_same_class_trend,1290.041835784912
2021,BASELINE,27,opponent_history_avg_opponent_top3_rate,1290.0417413711548
2021,BASELINE,28,actor_trainer_race_class_avg_finish,1272.4161405563354
2021,BASELINE,29,auto_finish_same_surface_success_rate,1265.5048627853394
2021,BASELINE,30,timepace_recent_avg_normalized_time,1247.3674993515015
2021,BASELINE,31,actor_jockey_venue_top3_rate,1232.2642698287964
2021,BASELINE,32,auto_field_network_elo_rating_diff_mean,1231.6455464363098
2021,BASELINE,33,actor_jockey_race_class_effective_top3_rate,1231.1126585006714
2021,BASELINE,34,actor_jockey_distance_band_top3_rate,1221.800883769989
2021,BASELINE,35,opponent_current_field_avg_elo,1211.1828074455261
2021,BASELINE,36,actor_jockey_venue_avg_finish,1097.6599349975586
2021,BASELINE,37,actor_horse_jockey_all_avg_finish,1045.8845710754395
2021,BASELINE,38,actor_jockey_recent_avg_finish,1043.7369828224182
2021,BASELINE,39,actor_jockey_all_win_rate,1015.3020162582397
2021,BASELINE,40,body_weight,1011.5215404033661
2021,BASELINE,41,actor_jockey_all_effective_top3_rate,994.4288821220398
2021,BASELINE,42,auto_finish_within_100m_mean,969.9826803207397
2021,BASELINE,43,actor_jockey_race_class_effective_avg_finish,943.3279700279236
2021,BASELINE,44,actor_jockey_distance_band_effective_win_rate,941.0928583145142
2021,BASELINE,45,actor_jockey_recent_effective_top3_rate,929.2654929161072
2021,BASELINE,46,opponent_recent_avg_win_rate,927.4142899513245
2021,BASELINE,47,distance_change_m,895.7758016586304
2021,BASELINE,48,timepace_recent_avg_normalized_last3f,873.1702947616577
2021,BASELINE,49,actor_jockey_distance_band_effective_top3_rate,841.2207388877869
2021,BASELINE,50,actor_jockey_surface_effective_win_rate,832.3436522483826
2021,BASELINE,51,actor_trainer_venue_win_rate,813.9727668762207
2021,BASELINE,52,actor_jockey_surface_avg_finish,811.4033284187317
2021,BASELINE,53,auto_finish_same_weight_rule_trend,810.1508731842041
2021,BASELINE,54,actor_jockey_recent_effective_avg_finish,798.154130935669
2021,BASELINE,55,auto_field_recent_avg_speed_mps_zscore,784.383466720581
2021,BASELINE,56,auto_finish_same_distance_mean,723.1313376426697
2021,BASELINE,57,auto_pair_distance_vs_recent_mean_normalized_diff,712.9558644294739
2021,BASELINE,58,opponent_history_avg_opponent_win_rate,704.0895853042603
2021,BASELINE,59,timepace_recent_avg_normalized_late_pace,697.830148935318
2021,BASELINE,60,opponent_recent_avg_known_count,694.1375102996826
2021,BASELINE,61,auto_margin_gap_same_class_mean,688.9936127662659
2021,BASELINE,62,actor_jockey_race_class_top3_rate,675.2614674568176
2021,BASELINE,63,actor_trainer_race_class_effective_avg_finish,668.4105339050293
2021,BASELINE,64,actor_jockey_recent_effective_win_rate,624.0236270427704
2021,BASELINE,65,auto_field_network_elo_rating_gap_to_top3_mean,621.5048050880432
2021,BASELINE,66,actor_jockey_all_top3_rate,614.8204793930054
2021,BASELINE,67,actor_trainer_all_avg_finish,603.7353677749634
2021,BASELINE,68,timepace_recent_avg_normalized_early_pace,597.9115023612976
2021,BASELINE,69,auto_field_recent_avg_finish_diff_median,579.9409556388855
2021,BASELINE,70,auto_field_recent_avg_speed_mps_diff_mean,577.6520795822144
2021,BASELINE,71,auto_field_recent_top3_rate_diff_mean,571.8880591392517
2021,BASELINE,72,opponent_strong_opponent_beat_rate,569.1845755577087
2021,BASELINE,73,age,562.167313337326
2021,BASELINE,74,auto_field_recent_top3_rate_diff_median,537.9935545921326
2021,BASELINE,75,timepace_slow_pace_avg_performance_score,522.0999526977539
2021,BASELINE,76,actor_trainer_recent_effective_top3_rate,516.7553086280823
2021,BASELINE,77,auto_history_finish_position_recency_weighted_mean,509.0918779373169
2021,BASELINE,78,auto_history_finish_position_stddev,502.0814309120178
2021,BASELINE,79,auto_finish_same_venue_mean,496.48020362854004
2021,BASELINE,80,auto_finish_within_400m_success_rate,487.61225986480713
2021,SPEED_REGIME,1,auto_field_recent_avg_finish_gap_to_top3_mean,25884.34697675705
2021,SPEED_REGIME,2,auto_history_finish_position_ewma,17738.98059654236
2021,SPEED_REGIME,3,auto_field_recent_avg_finish_zscore,10623.481323242188
2021,SPEED_REGIME,4,regime_speed_resid_lag1,6562.30046749115
2021,SPEED_REGIME,5,auto_field_recent_top3_rate_zscore,5012.224481105804
2021,SPEED_REGIME,6,previous_finish_position,4925.953422546387
2021,SPEED_REGIME,7,auto_finish_same_class_success_rate,4706.759526252747
2021,SPEED_REGIME,8,auto_finish_same_class_mean,3196.24320602417
2021,SPEED_REGIME,9,auto_finish_same_surface_mean,3178.769283771515
2021,SPEED_REGIME,10,actor_jockey_all_effective_win_rate,3043.0794410705566
2021,SPEED_REGIME,11,auto_history_finish_position_last,2768.140542984009
2021,SPEED_REGIME,12,regime_speed_resid_strength3,2699.558050632477
2021,SPEED_REGIME,13,opponent_recent_avg_top3_rate,2687.4910979270935
2021,SPEED_REGIME,14,auto_field_network_elo_rating_zscore,2576.2437465190887
2021,SPEED_REGIME,15,regime_speed_resid_mean3,2475.7379546165466
2021,SPEED_REGIME,16,auto_finish_same_class_median,2325.209235191345
2021,SPEED_REGIME,17,days_since_last_start,2034.4927325248718
2021,SPEED_REGIME,18,auto_field_network_elo_rating_percentile,1962.818392276764
2021,SPEED_REGIME,19,regime_speed_resid_mean5,1855.5742316246033
2021,SPEED_REGIME,20,auto_finish_same_surface_success_rate,1764.3730154037476
2021,SPEED_REGIME,21,actor_jockey_surface_top3_rate,1744.9770288467407
2021,SPEED_REGIME,22,actor_jockey_venue_effective_top3_rate,1675.2166566848755
2021,SPEED_REGIME,23,actor_trainer_race_class_avg_finish,1667.4676065444946
2021,SPEED_REGIME,24,actor_jockey_race_class_avg_finish,1627.010419845581
2021,SPEED_REGIME,25,auto_field_network_elo_rating_diff_mean,1499.9318561553955
2021,SPEED_REGIME,26,actor_jockey_venue_effective_avg_finish,1392.2578678131104
2021,SPEED_REGIME,27,auto_field_recent_avg_last_3f_diff_median,1385.6012163162231
2021,SPEED_REGIME,28,actor_jockey_all_win_rate,1365.5660181045532
2021,SPEED_REGIME,29,opponent_recent_avg_win_rate,1235.1297497749329
2021,SPEED_REGIME,30,actor_jockey_all_top3_rate,1223.2934637069702
2021,SPEED_REGIME,31,auto_field_recent_avg_finish_diff_mean,1207.0287504196167
2021,SPEED_REGIME,32,auto_finish_same_class_trend,1164.0101990699768
2021,SPEED_REGIME,33,timepace_recent_avg_performance_score,1083.0330829620361
2021,SPEED_REGIME,34,actor_jockey_venue_top3_rate,1061.0990090370178
2021,SPEED_REGIME,35,actor_trainer_surface_avg_finish,1045.3213062286377
2021,SPEED_REGIME,36,distance_change_m,1015.3162906169891
2021,SPEED_REGIME,37,opponent_current_field_avg_elo,1005.9412117004395
2021,SPEED_REGIME,38,actor_jockey_recent_avg_finish,996.7893981933594
2021,SPEED_REGIME,39,timepace_recent_avg_normalized_time,968.9450006484985
2021,SPEED_REGIME,40,opponent_history_avg_opponent_top3_rate,964.0814914703369
2021,SPEED_REGIME,41,auto_finish_same_surface_median,952.3076944351196
2021,SPEED_REGIME,42,auto_field_recent_top3_rate_diff_mean,940.9491429328918
2021,SPEED_REGIME,43,actor_jockey_all_effective_top3_rate,928.5162696838379
2021,SPEED_REGIME,44,auto_finish_within_100m_mean,923.892505645752
2021,SPEED_REGIME,45,timepace_recent_avg_normalized_last3f,911.3712911605835
2021,SPEED_REGIME,46,actor_jockey_distance_band_effective_top3_rate,899.0842528343201
2021,SPEED_REGIME,47,body_weight,898.5091941356659
2021,SPEED_REGIME,48,actor_jockey_surface_avg_finish,895.4084086418152
2021,SPEED_REGIME,49,regime_speed_resid_std5,869.6148257255554
2021,SPEED_REGIME,50,actor_trainer_race_class_effective_avg_finish,869.149199962616
2021,SPEED_REGIME,51,actor_horse_jockey_all_avg_finish,866.7581906318665
2021,SPEED_REGIME,52,actor_jockey_recent_effective_avg_finish,836.7848410606384
2021,SPEED_REGIME,53,actor_jockey_surface_effective_win_rate,834.640989780426
2021,SPEED_REGIME,54,auto_field_recent_top3_rate_gap_to_top3_mean,799.0112776756287
2021,SPEED_REGIME,55,actor_jockey_race_class_effective_avg_finish,780.9431414604187
2021,SPEED_REGIME,56,actor_jockey_venue_avg_finish,780.2258982658386
2021,SPEED_REGIME,57,actor_trainer_venue_win_rate,766.5416431427002
2021,SPEED_REGIME,58,actor_jockey_surface_effective_avg_finish,696.4240498542786
2021,SPEED_REGIME,59,actor_jockey_distance_band_effective_win_rate,683.9530854225159
2021,SPEED_REGIME,60,auto_finish_same_weight_rule_trend,670.4704685211182
2021,SPEED_REGIME,61,auto_margin_gap_same_class_mean,660.0708465576172
2021,SPEED_REGIME,62,actor_jockey_recent_effective_top3_rate,640.7511501312256
2021,SPEED_REGIME,63,timepace_slow_pace_avg_performance_score,637.325846195221
2021,SPEED_REGIME,64,actor_jockey_surface_effective_top3_rate,633.8977499008179
2021,SPEED_REGIME,65,auto_field_recent_avg_speed_mps_zscore,617.3206524848938
2021,SPEED_REGIME,66,opponent_history_avg_opponent_win_rate,610.7779493331909
2021,SPEED_REGIME,67,actor_jockey_distance_band_top3_rate,603.6854066848755
2021,SPEED_REGIME,68,actor_trainer_venue_effective_top3_rate,595.6988482475281
2021,SPEED_REGIME,69,actor_jockey_race_class_top3_rate,590.4395771026611
2021,SPEED_REGIME,70,actor_trainer_recent_effective_avg_finish,574.6496796607971
2021,SPEED_REGIME,71,actor_trainer_surface_effective_avg_finish,574.230917930603
2021,SPEED_REGIME,72,opponent_previous_avg_top3_rate,563.4091687202454
2021,SPEED_REGIME,73,auto_field_recent_avg_speed_mps_percentile,557.7189106941223
2021,SPEED_REGIME,74,actor_jockey_all_effective_avg_finish,555.9061636924744
2021,SPEED_REGIME,75,timepace_recent_avg_normalized_late_pace,554.6659092903137
2021,SPEED_REGIME,76,actor_jockey_recent_effective_win_rate,542.1284170150757
2021,SPEED_REGIME,77,auto_history_body_weight_linear_trend,542.0382504463196
2021,SPEED_REGIME,78,actor_trainer_venue_avg_finish,541.0435838699341
2021,SPEED_REGIME,79,auto_field_recent_avg_finish_diff_median,526.1452090740204
2021,SPEED_REGIME,80,timepace_recent_avg_normalized_early_pace,509.9127707481384
2021,DAY_BIAS,1,auto_field_recent_avg_finish_gap_to_top3_mean,22637.098385334015
2021,DAY_BIAS,2,auto_history_finish_position_ewma,21685.860792160034
2021,DAY_BIAS,3,auto_field_recent_avg_finish_zscore,7353.104365348816
2021,DAY_BIAS,4,auto_field_recent_avg_finish_gap_to_top2_mean,5848.410117149353
2021,DAY_BIAS,5,previous_finish_position,5299.566400051117
2021,DAY_BIAS,6,auto_history_finish_position_last,4746.616281032562
2021,DAY_BIAS,7,auto_field_recent_top3_rate_zscore,4212.158665180206
2021,DAY_BIAS,8,auto_finish_same_class_success_rate,3690.231794834137
2021,DAY_BIAS,9,auto_field_network_elo_rating_zscore,3581.1610276699066
2021,DAY_BIAS,10,auto_finish_same_surface_mean,3328.2763962745667
2021,DAY_BIAS,11,auto_finish_same_class_median,3149.88068819046
2021,DAY_BIAS,12,auto_finish_same_class_mean,2291.081860780716
2021,DAY_BIAS,13,opponent_recent_avg_top3_rate,2188.74436545372
2021,DAY_BIAS,14,days_since_last_start,2135.1093921661377
2021,DAY_BIAS,15,actor_jockey_venue_effective_top3_rate,2062.6866879463196
2021,DAY_BIAS,16,auto_field_recent_top3_rate_percentile,1948.6096496582031
2021,DAY_BIAS,17,actor_jockey_all_win_rate,1788.1078071594238
2021,DAY_BIAS,18,actor_jockey_all_effective_win_rate,1736.6617488861084
2021,DAY_BIAS,19,auto_field_network_elo_rating_percentile,1657.8513579368591
2021,DAY_BIAS,20,auto_field_recent_avg_finish_diff_mean,1646.7414383888245
2021,DAY_BIAS,21,auto_finish_same_class_trend,1453.575839996338
2021,DAY_BIAS,22,actor_jockey_venue_avg_finish,1453.1826558113098
2021,DAY_BIAS,23,auto_field_network_elo_rating_diff_mean,1442.604525566101
2021,DAY_BIAS,24,actor_horse_jockey_all_avg_finish,1406.2785663604736
2021,DAY_BIAS,25,auto_finish_same_surface_success_rate,1394.6293931007385
2021,DAY_BIAS,26,opponent_recent_avg_win_rate,1351.8188214302063
2021,DAY_BIAS,27,actor_trainer_race_class_avg_finish,1290.9362211227417
2021,DAY_BIAS,28,opponent_history_avg_opponent_top3_rate,1284.7597908973694
2021,DAY_BIAS,29,actor_jockey_race_class_avg_finish,1234.725830078125
2021,DAY_BIAS,30,auto_field_recent_avg_last_3f_diff_median,1219.8007898330688
2021,DAY_BIAS,31,auto_finish_same_surface_median,1186.6995968818665
2021,DAY_BIAS,32,actor_jockey_recent_avg_finish,1138.924235343933
2021,DAY_BIAS,33,timepace_recent_avg_performance_score,1125.6051187515259
2021,DAY_BIAS,34,timepace_recent_avg_normalized_time,1117.4057416915894
2021,DAY_BIAS,35,actor_jockey_surface_effective_top3_rate,1089.465422153473
2021,DAY_BIAS,36,actor_jockey_all_top3_rate,1066.6322150230408
2021,DAY_BIAS,37,actor_trainer_surface_avg_finish,1065.1019587516785
2021,DAY_BIAS,38,body_weight,1008.2455384731293
2021,DAY_BIAS,39,opponent_current_field_avg_elo,1003.5602116584778
2021,DAY_BIAS,40,distance_change_m,1001.0498788356781
2021,DAY_BIAS,41,actor_jockey_venue_effective_avg_finish,994.4187817573547
2021,DAY_BIAS,42,actor_jockey_venue_top3_rate,982.011344909668
2021,DAY_BIAS,43,auto_finish_within_100m_mean,959.3248524665833
2021,DAY_BIAS,44,actor_jockey_surface_top3_rate,927.9120392799377
2021,DAY_BIAS,45,actor_trainer_race_class_effective_avg_finish,908.3882937431335
2021,DAY_BIAS,46,auto_field_recent_avg_finish_diff_median,904.8223791122437
2021,DAY_BIAS,47,actor_jockey_recent_effective_top3_rate,901.3960227966309
2021,DAY_BIAS,48,timepace_recent_avg_normalized_last3f,900.1542911529541
2021,DAY_BIAS,49,actor_jockey_race_class_effective_avg_finish,882.2836875915527
2021,DAY_BIAS,50,actor_jockey_surface_effective_win_rate,877.1874051094055
2021,DAY_BIAS,51,auto_finish_within_400m_success_rate,815.6966466903687
2021,DAY_BIAS,52,actor_trainer_venue_win_rate,795.4874496459961
2021,DAY_BIAS,53,actor_jockey_recent_effective_avg_finish,793.5978493690491
2021,DAY_BIAS,54,timepace_recent_avg_normalized_late_pace,775.1878118515015
2021,DAY_BIAS,55,opponent_recent_avg_known_count,772.5909967422485
2021,DAY_BIAS,56,auto_finish_same_weight_rule_trend,761.0972037315369
2021,DAY_BIAS,57,auto_field_recent_top3_rate_diff_mean,715.0478014945984
2021,DAY_BIAS,58,actor_jockey_all_effective_avg_finish,704.4550724029541
2021,DAY_BIAS,59,actor_jockey_surface_win_rate,703.4204630851746
2021,DAY_BIAS,60,actor_jockey_distance_band_effective_win_rate,701.5111956596375
2021,DAY_BIAS,61,auto_field_network_elo_rating_gap_to_top3_mean,693.050253868103
2021,DAY_BIAS,62,opponent_history_avg_opponent_win_rate,682.9141116142273
2021,DAY_BIAS,63,actor_jockey_distance_band_top3_rate,678.8632912635803
2021,DAY_BIAS,64,actor_trainer_venue_effective_top3_rate,677.4458479881287
2021,DAY_BIAS,65,auto_field_recent_avg_last_3f_diff_mean,655.8485922813416
2021,DAY_BIAS,66,actor_jockey_venue_win_rate,645.7094144821167
2021,DAY_BIAS,67,actor_jockey_distance_band_effective_top3_rate,641.3376955986023
2021,DAY_BIAS,68,actor_jockey_race_class_effective_top3_rate,638.7488856315613
2021,DAY_BIAS,69,timepace_slow_pace_avg_performance_score,632.6447505950928
2021,DAY_BIAS,70,actor_trainer_surface_effective_avg_finish,624.4993538856506
2021,DAY_BIAS,71,actor_jockey_race_class_top3_rate,618.1923122406006
2021,DAY_BIAS,72,auto_finish_same_distance_mean,606.1201620101929
2021,DAY_BIAS,73,auto_field_recent_avg_speed_mps_zscore,591.6328735351562
2021,DAY_BIAS,74,age,584.6071636676788
2021,DAY_BIAS,75,opponent_strong_opponent_beat_rate,564.7025318145752
2021,DAY_BIAS,76,auto_field_recent_avg_speed_mps_percentile,560.596076965332
2021,DAY_BIAS,77,auto_field_recent_avg_speed_mps_diff_mean,555.191620349884
2021,DAY_BIAS,78,actor_jockey_surface_avg_finish,553.1394205093384
2021,DAY_BIAS,79,actor_jockey_recent_effective_win_rate,552.8754410743713
2021,DAY_BIAS,80,auto_margin_gap_same_class_mean,541.0734496116638
2021,DAY_BIAS_STYLE_FIT,1,auto_field_recent_avg_finish_gap_to_top3_mean,22363.573362350464
2021,DAY_BIAS_STYLE_FIT,2,auto_history_finish_position_ewma,21643.883049488068
2021,DAY_BIAS_STYLE_FIT,3,auto_field_recent_avg_finish_zscore,9538.05270910263
2021,DAY_BIAS_STYLE_FIT,4,auto_history_finish_position_last,6567.07460975647
2021,DAY_BIAS_STYLE_FIT,5,previous_finish_position,4992.298764228821
2021,DAY_BIAS_STYLE_FIT,6,auto_finish_same_class_success_rate,4413.4054255485535
2021,DAY_BIAS_STYLE_FIT,7,auto_finish_same_surface_mean,4183.109295845032
2021,DAY_BIAS_STYLE_FIT,8,auto_field_network_elo_rating_zscore,3117.0946447849274
2021,DAY_BIAS_STYLE_FIT,9,auto_finish_same_class_median,2794.862136363983
2021,DAY_BIAS_STYLE_FIT,10,auto_field_recent_avg_finish_diff_mean,2695.977818965912
2021,DAY_BIAS_STYLE_FIT,11,auto_finish_same_class_mean,2686.6479363441467
2021,DAY_BIAS_STYLE_FIT,12,actor_jockey_venue_effective_top3_rate,2441.7213377952576
2021,DAY_BIAS_STYLE_FIT,13,actor_jockey_all_effective_win_rate,2316.408618450165
2021,DAY_BIAS_STYLE_FIT,14,auto_field_network_elo_rating_percentile,2262.17546749115
2021,DAY_BIAS_STYLE_FIT,15,days_since_last_start,2175.3206441402435
2021,DAY_BIAS_STYLE_FIT,16,opponent_recent_avg_top3_rate,2167.2144706249237
2021,DAY_BIAS_STYLE_FIT,17,auto_field_recent_top3_rate_zscore,2152.8949184417725
2021,DAY_BIAS_STYLE_FIT,18,actor_jockey_surface_effective_win_rate,2141.6983680725098
2021,DAY_BIAS_STYLE_FIT,19,auto_field_recent_top3_rate_percentile,1933.768813610077
2021,DAY_BIAS_STYLE_FIT,20,actor_trainer_surface_avg_finish,1714.4872317314148
2021,DAY_BIAS_STYLE_FIT,21,horse_front_score,1593.5388975143433
2021,DAY_BIAS_STYLE_FIT,22,auto_field_recent_avg_last_3f_diff_median,1498.2380681037903
2021,DAY_BIAS_STYLE_FIT,23,actor_jockey_race_class_avg_finish,1415.225316286087
2021,DAY_BIAS_STYLE_FIT,24,actor_trainer_race_class_avg_finish,1377.9727220535278
2021,DAY_BIAS_STYLE_FIT,25,auto_finish_same_surface_success_rate,1314.4040455818176
2021,DAY_BIAS_STYLE_FIT,26,auto_field_network_elo_rating_diff_mean,1297.5191950798035
2021,DAY_BIAS_STYLE_FIT,27,auto_finish_same_class_trend,1287.969439983368
2021,DAY_BIAS_STYLE_FIT,28,actor_jockey_venue_effective_avg_finish,1269.3396248817444
2021,DAY_BIAS_STYLE_FIT,29,opponent_history_avg_opponent_top3_rate,1266.410834312439
2021,DAY_BIAS_STYLE_FIT,30,timepace_recent_avg_performance_score,1245.5960693359375
2021,DAY_BIAS_STYLE_FIT,31,actor_horse_jockey_all_avg_finish,1235.7900314331055
2021,DAY_BIAS_STYLE_FIT,32,opponent_recent_avg_win_rate,1229.7488017082214
2021,DAY_BIAS_STYLE_FIT,33,actor_jockey_all_top3_rate,1202.2049074172974
2021,DAY_BIAS_STYLE_FIT,34,opponent_current_field_avg_elo,1171.313566684723
2021,DAY_BIAS_STYLE_FIT,35,actor_jockey_surface_effective_top3_rate,1129.8230748176575
2021,DAY_BIAS_STYLE_FIT,36,timepace_recent_avg_normalized_time,1108.1687335968018
2021,DAY_BIAS_STYLE_FIT,37,auto_finish_same_surface_median,1090.7176558971405
2021,DAY_BIAS_STYLE_FIT,38,body_weight,1050.099791765213
2021,DAY_BIAS_STYLE_FIT,39,actor_jockey_race_class_top3_rate,1033.842664718628
2021,DAY_BIAS_STYLE_FIT,40,auto_field_recent_top3_rate_diff_mean,995.4384503364563
2021,DAY_BIAS_STYLE_FIT,41,actor_jockey_recent_effective_top3_rate,967.4879665374756
2021,DAY_BIAS_STYLE_FIT,42,actor_jockey_recent_avg_finish,961.2639799118042
2021,DAY_BIAS_STYLE_FIT,43,actor_jockey_venue_avg_finish,952.5159392356873
2021,DAY_BIAS_STYLE_FIT,44,auto_finish_within_100m_mean,945.3104481697083
2021,DAY_BIAS_STYLE_FIT,45,distance_change_m,913.4141228199005
2021,DAY_BIAS_STYLE_FIT,46,actor_jockey_recent_effective_avg_finish,887.7644157409668
2021,DAY_BIAS_STYLE_FIT,47,actor_jockey_distance_band_effective_win_rate,860.9631018638611
2021,DAY_BIAS_STYLE_FIT,48,timepace_recent_avg_normalized_last3f,854.7165398597717
2021,DAY_BIAS_STYLE_FIT,49,actor_jockey_distance_band_effective_top3_rate,842.1001868247986
2021,DAY_BIAS_STYLE_FIT,50,actor_jockey_all_win_rate,805.3419179916382
2021,DAY_BIAS_STYLE_FIT,51,auto_field_recent_top3_rate_gap_to_top3_mean,793.8299479484558
2021,DAY_BIAS_STYLE_FIT,52,actor_trainer_venue_win_rate,788.0521128177643
2021,DAY_BIAS_STYLE_FIT,53,auto_finish_same_weight_rule_trend,767.5488376617432
2021,DAY_BIAS_STYLE_FIT,54,actor_jockey_surface_top3_rate,766.3464698791504
2021,DAY_BIAS_STYLE_FIT,55,opponent_history_avg_opponent_win_rate,758.5667433738708
2021,DAY_BIAS_STYLE_FIT,56,actor_jockey_race_class_effective_avg_finish,753.3306965827942
2021,DAY_BIAS_STYLE_FIT,57,auto_field_recent_avg_finish_gap_to_top2_mean,726.2378029823303
2021,DAY_BIAS_STYLE_FIT,58,timepace_recent_avg_normalized_late_pace,711.4371075630188
2021,DAY_BIAS_STYLE_FIT,59,opponent_recent_avg_known_count,675.9816575050354
2021,DAY_BIAS_STYLE_FIT,60,actor_jockey_venue_top3_rate,663.7741823196411
2021,DAY_BIAS_STYLE_FIT,61,actor_jockey_distance_band_top3_rate,663.2026166915894
2021,DAY_BIAS_STYLE_FIT,62,auto_finish_same_distance_mean,657.6224999427795
2021,DAY_BIAS_STYLE_FIT,63,auto_field_recent_avg_speed_mps_zscore,639.3028497695923
2021,DAY_BIAS_STYLE_FIT,64,auto_field_network_elo_rating_diff_median,631.3727488517761
2021,DAY_BIAS_STYLE_FIT,65,actor_jockey_surface_avg_finish,630.8862657546997
2021,DAY_BIAS_STYLE_FIT,66,auto_field_recent_avg_speed_mps_diff_mean,626.2121562957764
2021,DAY_BIAS_STYLE_FIT,67,actor_jockey_all_effective_top3_rate,625.1627149581909
2021,DAY_BIAS_STYLE_FIT,68,actor_trainer_race_class_effective_avg_finish,620.7322807312012
2021,DAY_BIAS_STYLE_FIT,69,timepace_slow_pace_avg_performance_score,612.3192090988159
2021,DAY_BIAS_STYLE_FIT,70,actor_jockey_venue_win_rate,586.0437560081482
2021,DAY_BIAS_STYLE_FIT,71,actor_trainer_venue_effective_win_rate,582.1141557693481
2021,DAY_BIAS_STYLE_FIT,72,actor_jockey_recent_effective_win_rate,578.1445484161377
2021,DAY_BIAS_STYLE_FIT,73,actor_trainer_race_class_effective_top3_rate,577.7806077003479
2021,DAY_BIAS_STYLE_FIT,74,opponent_strong_opponent_beat_rate,570.5406880378723
2021,DAY_BIAS_STYLE_FIT,75,age,557.9437737464905
2021,DAY_BIAS_STYLE_FIT,76,auto_field_network_elo_rating_gap_to_top3_mean,549.7264776229858
2021,DAY_BIAS_STYLE_FIT,77,auto_field_recent_avg_finish_percentile,538.1551790237427
2021,DAY_BIAS_STYLE_FIT,78,actor_jockey_all_effective_avg_finish,536.1907286643982
2021,DAY_BIAS_STYLE_FIT,79,auto_finish_within_400m_success_rate,535.5822057723999
2021,DAY_BIAS_STYLE_FIT,80,auto_field_recent_avg_last_3f_diff_mean,530.9019274711609
2021,SPEED_PLUS_DAY_BIAS,1,auto_field_recent_avg_finish_gap_to_top3_mean,23387.663504600525
2021,SPEED_PLUS_DAY_BIAS,2,auto_history_finish_position_ewma,21290.107256412506
2021,SPEED_PLUS_DAY_BIAS,3,regime_speed_resid_lag1,6732.049420833588
2021,SPEED_PLUS_DAY_BIAS,4,auto_field_recent_avg_finish_zscore,6321.629445075989
2021,SPEED_PLUS_DAY_BIAS,5,auto_field_recent_top3_rate_zscore,4408.697912693024
2021,SPEED_PLUS_DAY_BIAS,6,auto_history_finish_position_last,4222.517937660217
2021,SPEED_PLUS_DAY_BIAS,7,auto_finish_same_surface_mean,4046.793869972229
2021,SPEED_PLUS_DAY_BIAS,8,auto_finish_same_class_success_rate,3998.877149105072
2021,SPEED_PLUS_DAY_BIAS,9,previous_finish_position,3773.79407787323
2021,SPEED_PLUS_DAY_BIAS,10,auto_field_network_elo_rating_zscore,3462.004793405533
2021,SPEED_PLUS_DAY_BIAS,11,auto_finish_same_class_median,3385.3776931762695
2021,SPEED_PLUS_DAY_BIAS,12,regime_speed_resid_strength3,2333.4371581077576
2021,SPEED_PLUS_DAY_BIAS,13,auto_finish_same_class_mean,2302.2696328163147
2021,SPEED_PLUS_DAY_BIAS,14,opponent_recent_avg_top3_rate,2271.4699194431305
2021,SPEED_PLUS_DAY_BIAS,15,days_since_last_start,2125.3953924179077
2021,SPEED_PLUS_DAY_BIAS,16,regime_speed_resid_mean5,2086.4271507263184
2021,SPEED_PLUS_DAY_BIAS,17,regime_speed_resid_mean3,1993.2564203739166
2021,SPEED_PLUS_DAY_BIAS,18,actor_jockey_venue_effective_avg_finish,1812.4801988601685
2021,SPEED_PLUS_DAY_BIAS,19,actor_jockey_all_win_rate,1769.3471550941467
2021,SPEED_PLUS_DAY_BIAS,20,actor_jockey_all_effective_win_rate,1612.3431558609009
2021,SPEED_PLUS_DAY_BIAS,21,actor_trainer_race_class_avg_finish,1612.2980799674988
2021,SPEED_PLUS_DAY_BIAS,22,auto_field_network_elo_rating_percentile,1608.8476762771606
2021,SPEED_PLUS_DAY_BIAS,23,horse_front_score,1486.5221076011658
2021,SPEED_PLUS_DAY_BIAS,24,actor_trainer_surface_avg_finish,1454.2659659385681
2021,SPEED_PLUS_DAY_BIAS,25,actor_jockey_venue_effective_top3_rate,1451.8263463974
2021,SPEED_PLUS_DAY_BIAS,26,auto_field_recent_top3_rate_percentile,1445.5455448627472
2021,SPEED_PLUS_DAY_BIAS,27,auto_field_recent_avg_finish_gap_to_top2_mean,1411.120092868805
2021,SPEED_PLUS_DAY_BIAS,28,auto_field_recent_avg_last_3f_diff_median,1406.838077545166
2021,SPEED_PLUS_DAY_BIAS,29,opponent_recent_avg_win_rate,1347.4465551376343
2021,SPEED_PLUS_DAY_BIAS,30,auto_field_network_elo_rating_diff_mean,1344.247239112854
2021,SPEED_PLUS_DAY_BIAS,31,auto_finish_same_surface_success_rate,1318.381733417511
2021,SPEED_PLUS_DAY_BIAS,32,auto_field_recent_avg_finish_diff_mean,1315.1911797523499
2021,SPEED_PLUS_DAY_BIAS,33,timepace_recent_avg_performance_score,1305.5592970848083
2021,SPEED_PLUS_DAY_BIAS,34,auto_field_recent_avg_finish_gap_to_best,1277.6374959945679
2021,SPEED_PLUS_DAY_BIAS,35,actor_jockey_race_class_avg_finish,1242.79598903656
2021,SPEED_PLUS_DAY_BIAS,36,actor_jockey_surface_top3_rate,1221.151526927948
2021,SPEED_PLUS_DAY_BIAS,37,actor_jockey_venue_top3_rate,1220.5409741401672
2021,SPEED_PLUS_DAY_BIAS,38,actor_jockey_surface_effective_win_rate,1166.1952476501465
2021,SPEED_PLUS_DAY_BIAS,39,actor_jockey_race_class_effective_avg_finish,1120.6081738471985
2021,SPEED_PLUS_DAY_BIAS,40,actor_jockey_all_effective_top3_rate,1120.0174832344055
2021,SPEED_PLUS_DAY_BIAS,41,actor_jockey_distance_band_effective_top3_rate,1112.6838097572327
2021,SPEED_PLUS_DAY_BIAS,42,timepace_recent_avg_normalized_last3f,1092.6252827644348
2021,SPEED_PLUS_DAY_BIAS,43,auto_finish_same_class_trend,1087.2124285697937
2021,SPEED_PLUS_DAY_BIAS,44,opponent_history_avg_opponent_top3_rate,1086.6679146289825
2021,SPEED_PLUS_DAY_BIAS,45,actor_jockey_surface_avg_finish,1044.9404120445251
2021,SPEED_PLUS_DAY_BIAS,46,actor_jockey_recent_effective_top3_rate,1011.429799079895
2021,SPEED_PLUS_DAY_BIAS,47,auto_finish_same_surface_median,1010.9036564826965
2021,SPEED_PLUS_DAY_BIAS,48,actor_jockey_recent_effective_avg_finish,1001.9367680549622
2021,SPEED_PLUS_DAY_BIAS,49,actor_jockey_venue_avg_finish,1000.0461077690125
2021,SPEED_PLUS_DAY_BIAS,50,actor_jockey_race_class_top3_rate,984.117678642273
2021,SPEED_PLUS_DAY_BIAS,51,opponent_current_field_avg_elo,980.7790546417236
2021,SPEED_PLUS_DAY_BIAS,52,body_weight,958.7348194122314
2021,SPEED_PLUS_DAY_BIAS,53,distance_change_m,937.1823086738586
2021,SPEED_PLUS_DAY_BIAS,54,actor_jockey_all_top3_rate,932.5962038040161
2021,SPEED_PLUS_DAY_BIAS,55,actor_trainer_venue_win_rate,858.2478151321411
2021,SPEED_PLUS_DAY_BIAS,56,regime_speed_resid_std5,857.2924189567566
2021,SPEED_PLUS_DAY_BIAS,57,auto_margin_gap_same_class_mean,837.3660564422607
2021,SPEED_PLUS_DAY_BIAS,58,actor_horse_jockey_all_avg_finish,800.7728281021118
2021,SPEED_PLUS_DAY_BIAS,59,auto_finish_within_100m_mean,787.0336151123047
2021,SPEED_PLUS_DAY_BIAS,60,actor_jockey_recent_avg_finish,754.1481599807739
2021,SPEED_PLUS_DAY_BIAS,61,timepace_recent_avg_normalized_late_pace,752.2750773429871
2021,SPEED_PLUS_DAY_BIAS,62,auto_finish_within_400m_success_rate,744.9472322463989
2021,SPEED_PLUS_DAY_BIAS,63,opponent_previous_avg_top3_rate,730.7429993152618
2021,SPEED_PLUS_DAY_BIAS,64,opponent_history_avg_opponent_win_rate,690.1255297660828
2021,SPEED_PLUS_DAY_BIAS,65,timepace_slow_pace_avg_performance_score,652.1846106052399
2021,SPEED_PLUS_DAY_BIAS,66,auto_finish_same_distance_mean,641.8651957511902
2021,SPEED_PLUS_DAY_BIAS,67,auto_field_recent_avg_speed_mps_zscore,636.0015802383423
2021,SPEED_PLUS_DAY_BIAS,68,timepace_recent_avg_normalized_time,615.6836256980896
2021,SPEED_PLUS_DAY_BIAS,69,auto_field_recent_avg_finish_diff_median,610.4074177742004
2021,SPEED_PLUS_DAY_BIAS,70,actor_jockey_distance_band_effective_win_rate,599.7220392227173
2021,SPEED_PLUS_DAY_BIAS,71,actor_jockey_race_class_effective_top3_rate,587.6558685302734
2021,SPEED_PLUS_DAY_BIAS,72,opponent_recent_avg_known_count,584.653501033783
2021,SPEED_PLUS_DAY_BIAS,73,auto_field_recent_top3_rate_diff_mean,568.0018062591553
2021,SPEED_PLUS_DAY_BIAS,74,auto_finish_within_300m_median,558.1833863258362
2021,SPEED_PLUS_DAY_BIAS,75,actor_trainer_venue_effective_top3_rate,556.4697775840759
2021,SPEED_PLUS_DAY_BIAS,76,auto_field_recent_avg_last_3f_diff_mean,537.3933792114258
2021,SPEED_PLUS_DAY_BIAS,77,timepace_recent_avg_normalized_early_pace,521.884259223938
2021,SPEED_PLUS_DAY_BIAS,78,auto_field_network_elo_rating_gap_to_top3_mean,513.3976407051086
2021,SPEED_PLUS_DAY_BIAS,79,actor_trainer_race_class_effective_avg_finish,512.815878868103
2021,SPEED_PLUS_DAY_BIAS,80,actor_jockey_all_effective_avg_finish,511.96798849105835
2021,SPEED_DAY_INTERACTION,1,auto_field_recent_avg_finish_gap_to_top3_mean,24285.41800403595
2021,SPEED_DAY_INTERACTION,2,auto_history_finish_position_ewma,22833.915969371796
2021,SPEED_DAY_INTERACTION,3,auto_field_recent_avg_finish_zscore,7931.777953147888
2021,SPEED_DAY_INTERACTION,4,regime_speed_resid_lag1,6269.065971374512
2021,SPEED_DAY_INTERACTION,5,auto_field_recent_top3_rate_zscore,4101.574444770813
2021,SPEED_DAY_INTERACTION,6,previous_finish_position,4000.2941002845764
2021,SPEED_DAY_INTERACTION,7,auto_finish_same_class_success_rate,3633.2504801750183
2021,SPEED_DAY_INTERACTION,8,auto_history_finish_position_last,3382.3235907554626
2021,SPEED_DAY_INTERACTION,9,auto_field_network_elo_rating_zscore,3373.3524680137634
2021,SPEED_DAY_INTERACTION,10,auto_finish_same_surface_mean,3051.037194252014
2021,SPEED_DAY_INTERACTION,11,auto_finish_same_class_mean,2951.2860140800476
2021,SPEED_DAY_INTERACTION,12,auto_finish_same_class_median,2775.879973888397
2021,SPEED_DAY_INTERACTION,13,opponent_recent_avg_top3_rate,2604.99720621109
2021,SPEED_DAY_INTERACTION,14,regime_speed_resid_strength3,2564.336133003235
2021,SPEED_DAY_INTERACTION,15,days_since_last_start,2119.9959931373596
2021,SPEED_DAY_INTERACTION,16,actor_jockey_all_win_rate,2057.668478012085
2021,SPEED_DAY_INTERACTION,17,regime_speed_resid_mean3,1960.333625793457
2021,SPEED_DAY_INTERACTION,18,auto_finish_same_surface_success_rate,1841.684814453125
2021,SPEED_DAY_INTERACTION,19,actor_jockey_venue_effective_top3_rate,1792.7238245010376
2021,SPEED_DAY_INTERACTION,20,auto_field_recent_avg_finish_diff_mean,1528.7276339530945
2021,SPEED_DAY_INTERACTION,21,horse_front_score,1520.1535258293152
2021,SPEED_DAY_INTERACTION,22,actor_jockey_all_effective_win_rate,1494.3037557601929
2021,SPEED_DAY_INTERACTION,23,actor_jockey_venue_effective_avg_finish,1458.594322681427
2021,SPEED_DAY_INTERACTION,24,actor_trainer_surface_avg_finish,1433.8344821929932
2021,SPEED_DAY_INTERACTION,25,auto_field_network_elo_rating_diff_mean,1409.9160628318787
2021,SPEED_DAY_INTERACTION,26,opponent_recent_avg_win_rate,1402.570436000824
2021,SPEED_DAY_INTERACTION,27,auto_field_network_elo_rating_percentile,1399.2179341316223
2021,SPEED_DAY_INTERACTION,28,auto_field_recent_avg_last_3f_diff_median,1377.236168384552
2021,SPEED_DAY_INTERACTION,29,actor_trainer_race_class_avg_finish,1361.94992685318
2021,SPEED_DAY_INTERACTION,30,auto_finish_same_surface_median,1312.0443902015686
2021,SPEED_DAY_INTERACTION,31,regime_speed_resid_mean5,1307.7394752502441
2021,SPEED_DAY_INTERACTION,32,actor_jockey_race_class_avg_finish,1288.5268473625183
2021,SPEED_DAY_INTERACTION,33,actor_jockey_surface_top3_rate,1276.6710729599
2021,SPEED_DAY_INTERACTION,34,actor_jockey_surface_avg_finish,1238.8989505767822
2021,SPEED_DAY_INTERACTION,35,opponent_history_avg_opponent_top3_rate,1192.3803420066833
2021,SPEED_DAY_INTERACTION,36,auto_field_recent_top3_rate_percentile,1175.8923420906067
2021,SPEED_DAY_INTERACTION,37,timepace_recent_avg_performance_score,1154.069983959198
2021,SPEED_DAY_INTERACTION,38,auto_finish_same_class_trend,1143.8622794151306
2021,SPEED_DAY_INTERACTION,39,actor_jockey_recent_avg_finish,1124.2267179489136
2021,SPEED_DAY_INTERACTION,40,actor_jockey_venue_avg_finish,1094.5995745658875
2021,SPEED_DAY_INTERACTION,41,distance_change_m,1030.9985780715942
2021,SPEED_DAY_INTERACTION,42,actor_jockey_all_effective_top3_rate,1020.6419568061829
2021,SPEED_DAY_INTERACTION,43,actor_jockey_race_class_effective_avg_finish,959.2275075912476
2021,SPEED_DAY_INTERACTION,44,actor_jockey_race_class_effective_top3_rate,955.9093790054321
2021,SPEED_DAY_INTERACTION,45,timepace_recent_avg_normalized_last3f,946.2631669044495
2021,SPEED_DAY_INTERACTION,46,actor_jockey_recent_effective_top3_rate,944.9311952590942
2021,SPEED_DAY_INTERACTION,47,body_weight,924.7090272903442
2021,SPEED_DAY_INTERACTION,48,auto_finish_within_100m_mean,881.5164232254028
2021,SPEED_DAY_INTERACTION,49,actor_jockey_surface_win_rate,850.7230968475342
2021,SPEED_DAY_INTERACTION,50,actor_horse_jockey_all_avg_finish,850.6113305091858
2021,SPEED_DAY_INTERACTION,51,auto_margin_gap_same_class_mean,803.8106093406677
2021,SPEED_DAY_INTERACTION,52,regime_speed_resid_std5,799.1984238624573
2021,SPEED_DAY_INTERACTION,53,actor_trainer_race_class_effective_avg_finish,779.1267085075378
2021,SPEED_DAY_INTERACTION,54,opponent_current_field_avg_elo,776.6368455886841
2021,SPEED_DAY_INTERACTION,55,timepace_slow_pace_avg_performance_score,738.7194290161133
2021,SPEED_DAY_INTERACTION,56,actor_jockey_distance_band_effective_top3_rate,690.7700085639954
2021,SPEED_DAY_INTERACTION,57,actor_jockey_race_class_top3_rate,690.3413009643555
2021,SPEED_DAY_INTERACTION,58,auto_field_recent_avg_finish_gap_to_top2_mean,689.4472179412842
2021,SPEED_DAY_INTERACTION,59,timepace_recent_avg_normalized_time,676.730459690094
2021,SPEED_DAY_INTERACTION,60,opponent_history_avg_opponent_win_rate,664.2192625999451
2021,SPEED_DAY_INTERACTION,61,actor_jockey_venue_top3_rate,663.2145476341248
2021,SPEED_DAY_INTERACTION,62,actor_jockey_all_top3_rate,649.2465534210205
2021,SPEED_DAY_INTERACTION,63,timepace_recent_avg_normalized_late_pace,643.1349096298218
2021,SPEED_DAY_INTERACTION,64,opponent_previous_avg_top3_rate,642.074230670929
2021,SPEED_DAY_INTERACTION,65,auto_field_recent_top3_rate_diff_mean,629.3858003616333
2021,SPEED_DAY_INTERACTION,66,actor_jockey_distance_band_top3_rate,626.5494441986084
2021,SPEED_DAY_INTERACTION,67,actor_jockey_recent_effective_avg_finish,619.4168109893799
2021,SPEED_DAY_INTERACTION,68,actor_jockey_venue_win_rate,600.572027683258
2021,SPEED_DAY_INTERACTION,69,auto_field_recent_top3_rate_gap_to_top3_mean,599.8950219154358
2021,SPEED_DAY_INTERACTION,70,actor_jockey_distance_band_effective_win_rate,593.6954650878906
2021,SPEED_DAY_INTERACTION,71,actor_trainer_venue_win_rate,593.1911754608154
2021,SPEED_DAY_INTERACTION,72,actor_jockey_surface_effective_avg_finish,588.8133382797241
2021,SPEED_DAY_INTERACTION,73,actor_jockey_recent_effective_win_rate,586.2822389602661
2021,SPEED_DAY_INTERACTION,74,actor_trainer_venue_effective_win_rate,562.2595543861389
2021,SPEED_DAY_INTERACTION,75,auto_finish_same_weight_rule_trend,560.0859804153442
2021,SPEED_DAY_INTERACTION,76,auto_field_network_elo_rating_gap_to_top3_mean,554.9873213768005
2021,SPEED_DAY_INTERACTION,77,actor_trainer_venue_top3_rate,552.5600485801697
2021,SPEED_DAY_INTERACTION,78,auto_finish_same_distance_mean,539.5194888114929
2021,SPEED_DAY_INTERACTION,79,auto_history_body_weight_linear_trend,533.3640608787537
2021,SPEED_DAY_INTERACTION,80,actor_jockey_all_effective_avg_finish,530.1622152328491
2022,BASELINE,1,auto_history_finish_position_ewma,35047.671469688416
2022,BASELINE,2,auto_field_recent_avg_finish_zscore,12001.617626667023
2022,BASELINE,3,auto_history_finish_position_last,5878.176444530487
2022,BASELINE,4,previous_finish_position,5417.24391078949
2022,BASELINE,5,auto_field_recent_top3_rate_zscore,4784.310298442841
2022,BASELINE,6,auto_field_network_elo_rating_zscore,3642.6763434410095
2022,BASELINE,7,auto_finish_same_class_mean,3175.946297645569
2022,BASELINE,8,auto_finish_same_surface_median,2876.726420879364
2022,BASELINE,9,actor_jockey_venue_effective_top3_rate,2768.5790143013
2022,BASELINE,10,auto_finish_same_surface_success_rate,2617.242287635803
2022,BASELINE,11,days_since_last_start,2352.216875076294
2022,BASELINE,12,auto_finish_same_class_success_rate,2238.9060459136963
2022,BASELINE,13,auto_field_recent_avg_finish_gap_to_top3_mean,2217.268133163452
2022,BASELINE,14,actor_jockey_all_top3_rate,2184.1001405715942
2022,BASELINE,15,actor_jockey_race_class_effective_top3_rate,2183.6939339637756
2022,BASELINE,16,auto_finish_same_surface_mean,2119.283127784729
2022,BASELINE,17,opponent_recent_avg_top3_rate,2037.9081480503082
2022,BASELINE,18,auto_field_recent_top3_rate_diff_median,1911.644880771637
2022,BASELINE,19,auto_field_recent_avg_finish_diff_mean,1806.85751247406
2022,BASELINE,20,opponent_recent_avg_win_rate,1678.5437316894531
2022,BASELINE,21,auto_finish_same_class_median,1652.8651790618896
2022,BASELINE,22,auto_field_network_elo_rating_percentile,1652.550136566162
2022,BASELINE,23,actor_jockey_venue_top3_rate,1491.231380224228
2022,BASELINE,24,timepace_recent_avg_performance_score,1402.389895915985
2022,BASELINE,25,actor_jockey_race_class_avg_finish,1356.2332646846771
2022,BASELINE,26,actor_jockey_all_win_rate,1346.172465801239
2022,BASELINE,27,opponent_current_field_avg_elo,1330.6093740463257
2022,BASELINE,28,auto_field_recent_avg_last_3f_diff_median,1278.32115316391
2022,BASELINE,29,actor_jockey_surface_avg_finish,1271.6405873298645
2022,BASELINE,30,actor_trainer_race_class_avg_finish,1238.081067085266
2022,BASELINE,31,timepace_recent_avg_normalized_time,1200.195559978485
2022,BASELINE,32,actor_horse_jockey_all_avg_finish,1166.2158980369568
2022,BASELINE,33,opponent_recent_avg_known_count,1126.9073898792267
2022,BASELINE,34,timepace_recent_avg_normalized_last3f,1027.617202758789
2022,BASELINE,35,auto_field_recent_avg_finish_diff_median,987.8838400840759
2022,BASELINE,36,auto_field_network_elo_rating_diff_mean,977.9094324111938
2022,BASELINE,37,actor_jockey_surface_effective_top3_rate,969.8209838867188
2022,BASELINE,38,opponent_history_avg_opponent_top3_rate,965.5659599304199
2022,BASELINE,39,actor_jockey_recent_effective_top3_rate,962.1135702133179
2022,BASELINE,40,actor_jockey_surface_effective_win_rate,961.7397365570068
2022,BASELINE,41,actor_jockey_surface_top3_rate,958.6950831413269
2022,BASELINE,42,actor_jockey_race_class_win_rate,922.6811923980713
2022,BASELINE,43,auto_finish_same_class_trend,918.9392781257629
2022,BASELINE,44,actor_jockey_race_class_effective_win_rate,879.8751940727234
2022,BASELINE,45,auto_finish_within_300m_success_rate,844.0255556106567
2022,BASELINE,46,auto_history_finish_position_rolling_2_mean,831.3494415283203
2022,BASELINE,47,actor_jockey_all_effective_win_rate,828.164074420929
2022,BASELINE,48,actor_trainer_race_class_effective_avg_finish,822.784236907959
2022,BASELINE,49,actor_jockey_surface_effective_avg_finish,801.5018486976624
2022,BASELINE,50,auto_finish_within_300m_median,793.3341331481934
2022,BASELINE,51,actor_trainer_surface_avg_finish,778.4456734657288
2022,BASELINE,52,body_weight,778.1471598148346
2022,BASELINE,53,actor_jockey_venue_win_rate,760.7256722450256
2022,BASELINE,54,timepace_recent_avg_normalized_late_pace,753.012538433075
2022,BASELINE,55,auto_finish_same_weight_rule_trend,750.336932182312
2022,BASELINE,56,opponent_recent_avg_starts,741.4463171958923
2022,BASELINE,57,actor_jockey_surface_win_rate,741.0377707481384
2022,BASELINE,58,timepace_even_pace_avg_performance_score,737.5536472797394
2022,BASELINE,59,actor_trainer_venue_effective_avg_finish,733.4661884307861
2022,BASELINE,60,actor_jockey_recent_effective_win_rate,732.2309284210205
2022,BASELINE,61,actor_trainer_surface_effective_avg_finish,721.1886463165283
2022,BASELINE,62,auto_history_finish_position_coefficient_of_variation,712.4204258918762
2022,BASELINE,63,auto_finish_same_venue_mean,655.1609830856323
2022,BASELINE,64,timepace_recent_avg_normalized_early_pace,636.9169917106628
2022,BASELINE,65,timepace_slow_pace_avg_performance_score,626.3211274147034
2022,BASELINE,66,actor_jockey_venue_effective_win_rate,620.6703677177429
2022,BASELINE,67,actor_jockey_venue_effective_avg_finish,607.7107419967651
2022,BASELINE,68,actor_trainer_venue_avg_finish,606.1240463256836
2022,BASELINE,69,actor_jockey_venue_avg_finish,599.4228405952454
2022,BASELINE,70,actor_jockey_race_class_top3_rate,593.4401469230652
2022,BASELINE,71,age,592.6430926322937
2022,BASELINE,72,auto_field_recent_top3_rate_gap_to_top3_mean,589.7196021080017
2022,BASELINE,73,actor_trainer_recent_effective_top3_rate,583.9309296607971
2022,BASELINE,74,actor_jockey_all_effective_top3_rate,582.9597420692444
2022,BASELINE,75,actor_jockey_all_avg_finish,566.7134704589844
2022,BASELINE,76,opponent_strong_opponent_beat_rate,556.1050474643707
2022,BASELINE,77,auto_field_network_elo_rating_gap_to_top2_mean,542.8017983436584
2022,BASELINE,78,auto_field_network_elo_rating_gap_to_top3_mean,542.7790560722351
2022,BASELINE,79,opponent_history_avg_opponent_win_rate,540.9408798217773
2022,BASELINE,80,auto_history_distance_m_linear_trend,537.1252191066742
2022,SPEED_REGIME,1,auto_history_finish_position_ewma,28090.058730840683
2022,SPEED_REGIME,2,regime_speed_resid_lag1,13595.512928009033
2022,SPEED_REGIME,3,regime_speed_resid_strength3,6636.793265342712
2022,SPEED_REGIME,4,auto_field_recent_avg_finish_zscore,6468.60960817337
2022,SPEED_REGIME,5,auto_field_recent_avg_finish_diff_mean,4376.850504875183
2022,SPEED_REGIME,6,regime_speed_resid_mean3,4194.34840965271
2022,SPEED_REGIME,7,regime_speed_resid_mean5,3865.6989607810974
2022,SPEED_REGIME,8,auto_finish_same_class_success_rate,3852.0401129722595
2022,SPEED_REGIME,9,auto_finish_same_class_mean,3824.1826963424683
2022,SPEED_REGIME,10,auto_field_recent_avg_finish_gap_to_top3_mean,3469.1881942749023
2022,SPEED_REGIME,11,auto_finish_same_surface_median,2911.1870110034943
2022,SPEED_REGIME,12,opponent_recent_avg_top3_rate,2619.821234703064
2022,SPEED_REGIME,13,auto_field_recent_top3_rate_zscore,2561.925283432007
2022,SPEED_REGIME,14,previous_finish_position,2538.429002761841
2022,SPEED_REGIME,15,auto_finish_same_surface_success_rate,2302.7685537338257
2022,SPEED_REGIME,16,auto_field_network_elo_rating_zscore,2154.9676790237427
2022,SPEED_REGIME,17,days_since_last_start,2149.739750623703
2022,SPEED_REGIME,18,auto_field_recent_top3_rate_diff_median,2099.3342480659485
2022,SPEED_REGIME,19,actor_jockey_all_top3_rate,1844.1478338241577
2022,SPEED_REGIME,20,actor_jockey_venue_top3_rate,1736.4853558540344
2022,SPEED_REGIME,21,actor_jockey_venue_effective_top3_rate,1670.6660132408142
2022,SPEED_REGIME,22,actor_jockey_surface_avg_finish,1528.7573246955872
2022,SPEED_REGIME,23,actor_jockey_race_class_effective_top3_rate,1528.742287158966
2022,SPEED_REGIME,24,actor_jockey_surface_win_rate,1490.8909826278687
2022,SPEED_REGIME,25,opponent_recent_avg_win_rate,1389.9841904640198
2022,SPEED_REGIME,26,auto_field_recent_avg_last_3f_diff_median,1386.8674697875977
2022,SPEED_REGIME,27,actor_jockey_all_effective_top3_rate,1303.4084849357605
2022,SPEED_REGIME,28,timepace_recent_avg_performance_score,1287.986748456955
2022,SPEED_REGIME,29,auto_finish_same_class_median,1275.606951713562
2022,SPEED_REGIME,30,auto_finish_same_class_trend,1231.041648387909
2022,SPEED_REGIME,31,actor_jockey_race_class_avg_finish,1230.8094663619995
2022,SPEED_REGIME,32,opponent_current_field_avg_elo,1222.926821231842
2022,SPEED_REGIME,33,actor_jockey_recent_effective_top3_rate,1202.2243294715881
2022,SPEED_REGIME,34,actor_jockey_distance_band_effective_win_rate,1148.3375248908997
2022,SPEED_REGIME,35,actor_trainer_race_class_effective_avg_finish,1092.1742300987244
2022,SPEED_REGIME,36,actor_trainer_race_class_avg_finish,1065.9752836227417
2022,SPEED_REGIME,37,regime_speed_resid_std5,1038.9962520599365
2022,SPEED_REGIME,38,actor_jockey_race_class_effective_win_rate,1011.66352891922
2022,SPEED_REGIME,39,auto_field_network_elo_rating_percentile,1008.9305906295776
2022,SPEED_REGIME,40,body_weight,999.2613587379456
2022,SPEED_REGIME,41,auto_field_recent_avg_finish_diff_median,988.7967991828918
2022,SPEED_REGIME,42,auto_history_finish_position_last,988.2338175773621
2022,SPEED_REGIME,43,timepace_recent_avg_normalized_time,960.2695517539978
2022,SPEED_REGIME,44,actor_jockey_all_avg_finish,959.1510996818542
2022,SPEED_REGIME,45,actor_jockey_surface_top3_rate,938.7783207893372
2022,SPEED_REGIME,46,distance_change_m,931.8620102405548
2022,SPEED_REGIME,47,actor_jockey_surface_effective_top3_rate,913.1703996658325
2022,SPEED_REGIME,48,actor_horse_jockey_all_avg_finish,898.0551600456238
2022,SPEED_REGIME,49,opponent_history_avg_opponent_top3_rate,893.8412895202637
2022,SPEED_REGIME,50,actor_jockey_all_win_rate,856.0917491912842
2022,SPEED_REGIME,51,actor_trainer_venue_effective_avg_finish,849.365523815155
2022,SPEED_REGIME,52,auto_field_recent_top3_rate_gap_to_top3_mean,828.5577864646912
2022,SPEED_REGIME,53,actor_jockey_surface_effective_win_rate,820.0227994918823
2022,SPEED_REGIME,54,actor_trainer_surface_avg_finish,809.8336219787598
2022,SPEED_REGIME,55,timepace_recent_avg_normalized_last3f,788.248251914978
2022,SPEED_REGIME,56,opponent_recent_avg_known_count,780.1790900230408
2022,SPEED_REGIME,57,timepace_recent_avg_normalized_late_pace,759.8080806732178
2022,SPEED_REGIME,58,actor_trainer_venue_avg_finish,755.4067664146423
2022,SPEED_REGIME,59,auto_history_finish_position_coefficient_of_variation,720.3139657974243
2022,SPEED_REGIME,60,auto_finish_same_surface_mean,698.1821117401123
2022,SPEED_REGIME,61,auto_finish_same_venue_mean,647.9478316307068
2022,SPEED_REGIME,62,opponent_recent_avg_starts,640.5547485351562
2022,SPEED_REGIME,63,auto_history_distance_m_linear_trend,634.7395238876343
2022,SPEED_REGIME,64,actor_jockey_recent_avg_finish,628.6943583488464
2022,SPEED_REGIME,65,actor_jockey_surface_effective_avg_finish,628.1912517547607
2022,SPEED_REGIME,66,auto_finish_same_weight_rule_trend,616.2526063919067
2022,SPEED_REGIME,67,actor_jockey_all_effective_avg_finish,613.9417958259583
2022,SPEED_REGIME,68,actor_trainer_recent_effective_top3_rate,607.6226916313171
2022,SPEED_REGIME,69,actor_jockey_race_class_win_rate,598.9009037017822
2022,SPEED_REGIME,70,actor_jockey_race_class_top3_rate,585.8168249130249
2022,SPEED_REGIME,71,auto_finish_same_venue_success_rate,582.2320857048035
2022,SPEED_REGIME,72,auto_field_recent_avg_last_3f_percentile,577.9409294128418
2022,SPEED_REGIME,73,actor_jockey_venue_effective_win_rate,576.3126263618469
2022,SPEED_REGIME,74,regime_speed_resid_accel,575.2808883190155
2022,SPEED_REGIME,75,auto_finish_within_300m_mean,574.5241146087646
2022,SPEED_REGIME,76,auto_margin_gap_same_class_success_rate,572.062171459198
2022,SPEED_REGIME,77,auto_field_network_elo_rating_diff_mean,571.681188583374
2022,SPEED_REGIME,78,timepace_even_pace_avg_performance_score,566.5727119445801
2022,SPEED_REGIME,79,auto_field_recent_top3_rate_percentile,558.7405896186829
2022,SPEED_REGIME,80,regime_speed_resid_slope3,557.8971085548401
2022,DAY_BIAS,1,auto_history_finish_position_ewma,32596.462888240814
2022,DAY_BIAS,2,auto_field_recent_avg_finish_zscore,10939.418816566467
2022,DAY_BIAS,3,previous_finish_position,6238.735136985779
2022,DAY_BIAS,4,auto_field_recent_avg_finish_gap_to_top3_mean,5278.3396463394165
2022,DAY_BIAS,5,auto_history_finish_position_last,5225.669092178345
2022,DAY_BIAS,6,auto_field_recent_top3_rate_zscore,4738.630197048187
2022,DAY_BIAS,7,auto_field_recent_avg_finish_diff_mean,3961.5180897712708
2022,DAY_BIAS,8,auto_finish_same_class_mean,3454.49507856369
2022,DAY_BIAS,9,auto_finish_same_surface_median,3064.946340084076
2022,DAY_BIAS,10,auto_field_network_elo_rating_zscore,2949.0141789913177
2022,DAY_BIAS,11,actor_jockey_venue_effective_top3_rate,2929.3236227035522
2022,DAY_BIAS,12,actor_jockey_all_top3_rate,2675.800525665283
2022,DAY_BIAS,13,auto_finish_same_surface_success_rate,2499.121837615967
2022,DAY_BIAS,14,days_since_last_start,2320.9844036102295
2022,DAY_BIAS,15,auto_field_recent_top3_rate_diff_median,2313.039662837982
2022,DAY_BIAS,16,auto_finish_same_class_success_rate,1966.2632641792297
2022,DAY_BIAS,17,auto_finish_same_surface_mean,1937.5296688079834
2022,DAY_BIAS,18,actor_jockey_race_class_effective_top3_rate,1775.596260547638
2022,DAY_BIAS,19,opponent_recent_avg_top3_rate,1744.2453775405884
2022,DAY_BIAS,20,opponent_recent_avg_win_rate,1728.4359240531921
2022,DAY_BIAS,21,timepace_recent_avg_performance_score,1687.7755856513977
2022,DAY_BIAS,22,timepace_recent_avg_normalized_time,1449.0197365283966
2022,DAY_BIAS,23,auto_finish_same_class_median,1421.365089893341
2022,DAY_BIAS,24,auto_finish_same_class_trend,1384.683663368225
2022,DAY_BIAS,25,auto_field_network_elo_rating_percentile,1336.6686124801636
2022,DAY_BIAS,26,actor_jockey_venue_top3_rate,1323.025957107544
2022,DAY_BIAS,27,actor_jockey_race_class_avg_finish,1269.8870677947998
2022,DAY_BIAS,28,actor_jockey_surface_avg_finish,1242.9052953720093
2022,DAY_BIAS,29,actor_jockey_surface_effective_avg_finish,1233.5901908874512
2022,DAY_BIAS,30,opponent_current_field_avg_elo,1217.4642663002014
2022,DAY_BIAS,31,actor_horse_jockey_all_avg_finish,1209.5287852287292
2022,DAY_BIAS,32,actor_trainer_race_class_avg_finish,1168.7090439796448
2022,DAY_BIAS,33,auto_finish_within_300m_mean,1146.6373834609985
2022,DAY_BIAS,34,actor_trainer_race_class_effective_avg_finish,1103.8179578781128
2022,DAY_BIAS,35,actor_jockey_surface_effective_win_rate,1057.2809839248657
2022,DAY_BIAS,36,auto_field_recent_avg_last_3f_diff_median,1053.6466856002808
2022,DAY_BIAS,37,opponent_recent_avg_known_count,1036.2087211608887
2022,DAY_BIAS,38,actor_jockey_race_class_effective_win_rate,1009.9575338363647
2022,DAY_BIAS,39,body_weight,986.8522124290466
2022,DAY_BIAS,40,timepace_recent_avg_normalized_last3f,985.1161088943481
2022,DAY_BIAS,41,actor_jockey_recent_effective_top3_rate,921.7073402404785
2022,DAY_BIAS,42,actor_jockey_surface_effective_top3_rate,894.577862739563
2022,DAY_BIAS,43,actor_jockey_race_class_win_rate,891.7653245925903
2022,DAY_BIAS,44,auto_field_recent_avg_last_3f_percentile,878.1560077667236
2022,DAY_BIAS,45,auto_finish_same_weight_rule_trend,872.2877979278564
2022,DAY_BIAS,46,actor_jockey_venue_effective_avg_finish,863.7731113433838
2022,DAY_BIAS,47,opponent_recent_avg_starts,836.7843298912048
2022,DAY_BIAS,48,actor_jockey_all_effective_win_rate,829.7939295768738
2022,DAY_BIAS,49,auto_field_network_elo_rating_diff_mean,808.3369135856628
2022,DAY_BIAS,50,actor_jockey_surface_top3_rate,804.8436145782471
2022,DAY_BIAS,51,opponent_history_avg_opponent_top3_rate,789.9816279411316
2022,DAY_BIAS,52,auto_field_recent_avg_finish_diff_median,785.2585601806641
2022,DAY_BIAS,53,auto_finish_same_venue_mean,777.0720868110657
2022,DAY_BIAS,54,auto_history_finish_position_coefficient_of_variation,761.6507425308228
2022,DAY_BIAS,55,actor_jockey_venue_win_rate,736.332887172699
2022,DAY_BIAS,56,timepace_even_pace_avg_performance_score,707.8702578544617
2022,DAY_BIAS,57,actor_trainer_venue_effective_avg_finish,694.2234692573547
2022,DAY_BIAS,58,actor_jockey_surface_win_rate,670.1435451507568
2022,DAY_BIAS,59,auto_field_network_elo_rating_gap_to_top2_mean,649.1086287498474
2022,DAY_BIAS,60,timepace_recent_avg_normalized_late_pace,633.5873937606812
2022,DAY_BIAS,61,actor_jockey_distance_band_win_rate,626.3022274971008
2022,DAY_BIAS,62,auto_margin_gap_same_class_success_rate,625.937432050705
2022,DAY_BIAS,63,auto_history_finish_position_rolling_2_mean,625.0304050445557
2022,DAY_BIAS,64,auto_margin_gap_same_class_trend,602.7966091632843
2022,DAY_BIAS,65,actor_jockey_all_win_rate,597.4164137840271
2022,DAY_BIAS,66,actor_trainer_recent_effective_top3_rate,592.4037103652954
2022,DAY_BIAS,67,opponent_history_avg_opponent_win_rate,586.1440334320068
2022,DAY_BIAS,68,opponent_strong_opponent_beat_rate,585.568069934845
2022,DAY_BIAS,69,distance_change_m,579.0667135715485
2022,DAY_BIAS,70,actor_jockey_recent_effective_win_rate,570.8249678611755
2022,DAY_BIAS,71,opponent_recent_max_win_rate,562.8831696510315
2022,DAY_BIAS,72,auto_field_network_elo_rating_gap_to_top3_mean,557.5779404640198
2022,DAY_BIAS,73,actor_trainer_surface_effective_avg_finish,550.2008690834045
2022,DAY_BIAS,74,actor_trainer_venue_avg_finish,548.1748776435852
2022,DAY_BIAS,75,auto_pair_distance_vs_recent_mean_normalized_diff,546.9403586387634
2022,DAY_BIAS,76,timepace_slow_pace_avg_performance_score,527.4790000915527
2022,DAY_BIAS,77,actor_jockey_recent_avg_finish,527.302663564682
2022,DAY_BIAS,78,auto_history_finish_position_gap_to_worst,523.237829208374
2022,DAY_BIAS,79,actor_trainer_surface_avg_finish,521.3761258125305
2022,DAY_BIAS,80,auto_field_recent_avg_speed_mps_zscore,521.0861768722534
2022,DAY_BIAS_STYLE_FIT,1,auto_history_finish_position_ewma,25879.50157546997
2022,DAY_BIAS_STYLE_FIT,2,auto_field_recent_avg_finish_zscore,17379.789922952652
2022,DAY_BIAS_STYLE_FIT,3,previous_finish_position,7523.713008403778
2022,DAY_BIAS_STYLE_FIT,4,auto_history_finish_position_last,6371.344521999359
2022,DAY_BIAS_STYLE_FIT,5,auto_field_recent_avg_finish_gap_to_top3_mean,5336.7182059288025
2022,DAY_BIAS_STYLE_FIT,6,auto_field_recent_top3_rate_zscore,3987.088038444519
2022,DAY_BIAS_STYLE_FIT,7,auto_finish_same_surface_success_rate,3567.7265996932983
2022,DAY_BIAS_STYLE_FIT,8,auto_finish_same_class_mean,3406.589479446411
2022,DAY_BIAS_STYLE_FIT,9,auto_field_recent_avg_finish_diff_mean,2852.038863182068
2022,DAY_BIAS_STYLE_FIT,10,auto_field_network_elo_rating_zscore,2636.9319503307343
2022,DAY_BIAS_STYLE_FIT,11,actor_jockey_all_top3_rate,2435.7846632003784
2022,DAY_BIAS_STYLE_FIT,12,actor_jockey_venue_effective_top3_rate,2402.5690517425537
2022,DAY_BIAS_STYLE_FIT,13,days_since_last_start,2379.035280942917
2022,DAY_BIAS_STYLE_FIT,14,auto_finish_same_class_success_rate,2245.497307777405
2022,DAY_BIAS_STYLE_FIT,15,auto_finish_same_surface_median,2189.015580177307
2022,DAY_BIAS_STYLE_FIT,16,horse_front_score,2032.6430444717407
2022,DAY_BIAS_STYLE_FIT,17,auto_finish_same_surface_mean,1990.5742177963257
2022,DAY_BIAS_STYLE_FIT,18,opponent_recent_avg_top3_rate,1947.0584502220154
2022,DAY_BIAS_STYLE_FIT,19,auto_field_recent_top3_rate_diff_median,1902.077160358429
2022,DAY_BIAS_STYLE_FIT,20,actor_jockey_venue_top3_rate,1872.7912592887878
2022,DAY_BIAS_STYLE_FIT,21,auto_field_network_elo_rating_percentile,1715.5240440368652
2022,DAY_BIAS_STYLE_FIT,22,opponent_recent_avg_win_rate,1651.6020321846008
2022,DAY_BIAS_STYLE_FIT,23,auto_finish_same_class_median,1583.0927367210388
2022,DAY_BIAS_STYLE_FIT,24,timepace_recent_avg_performance_score,1516.0955419540405
2022,DAY_BIAS_STYLE_FIT,25,actor_jockey_surface_avg_finish,1476.1817569732666
2022,DAY_BIAS_STYLE_FIT,26,actor_jockey_recent_effective_top3_rate,1281.2505536079407
2022,DAY_BIAS_STYLE_FIT,27,actor_jockey_race_class_avg_finish,1251.5888257026672
2022,DAY_BIAS_STYLE_FIT,28,timepace_recent_avg_normalized_time,1244.081216096878
2022,DAY_BIAS_STYLE_FIT,29,actor_jockey_surface_effective_win_rate,1224.8875274658203
2022,DAY_BIAS_STYLE_FIT,30,actor_jockey_race_class_effective_top3_rate,1218.6736240386963
2022,DAY_BIAS_STYLE_FIT,31,auto_finish_same_class_trend,1214.010907649994
2022,DAY_BIAS_STYLE_FIT,32,auto_field_recent_avg_last_3f_diff_median,1207.1009964942932
2022,DAY_BIAS_STYLE_FIT,33,opponent_current_field_avg_elo,1174.0914416313171
2022,DAY_BIAS_STYLE_FIT,34,timepace_recent_avg_normalized_last3f,1153.8222393989563
2022,DAY_BIAS_STYLE_FIT,35,actor_trainer_race_class_avg_finish,1114.2811841964722
2022,DAY_BIAS_STYLE_FIT,36,actor_horse_jockey_all_avg_finish,1107.1822881698608
2022,DAY_BIAS_STYLE_FIT,37,actor_jockey_all_win_rate,1099.1515107154846
2022,DAY_BIAS_STYLE_FIT,38,actor_jockey_surface_effective_top3_rate,1082.147373199463
2022,DAY_BIAS_STYLE_FIT,39,opponent_recent_avg_known_count,1076.113438129425
2022,DAY_BIAS_STYLE_FIT,40,actor_trainer_race_class_effective_avg_finish,1043.1828064918518
2022,DAY_BIAS_STYLE_FIT,41,auto_history_finish_position_coefficient_of_variation,1031.349323272705
2022,DAY_BIAS_STYLE_FIT,42,actor_trainer_venue_effective_avg_finish,1026.085154056549
2022,DAY_BIAS_STYLE_FIT,43,actor_jockey_surface_top3_rate,977.4992709159851
2022,DAY_BIAS_STYLE_FIT,44,opponent_history_avg_opponent_top3_rate,936.6794137954712
2022,DAY_BIAS_STYLE_FIT,45,auto_history_finish_position_rolling_2_mean,907.0309138298035
2022,DAY_BIAS_STYLE_FIT,46,actor_trainer_surface_avg_finish,865.7013645172119
2022,DAY_BIAS_STYLE_FIT,47,actor_jockey_surface_win_rate,859.6304521560669
2022,DAY_BIAS_STYLE_FIT,48,body_weight,836.1875195503235
2022,DAY_BIAS_STYLE_FIT,49,auto_field_recent_avg_finish_diff_median,835.6178116798401
2022,DAY_BIAS_STYLE_FIT,50,actor_jockey_race_class_win_rate,829.2637560367584
2022,DAY_BIAS_STYLE_FIT,51,actor_jockey_all_effective_win_rate,794.8574299812317
2022,DAY_BIAS_STYLE_FIT,52,auto_field_recent_avg_last_3f_percentile,777.3215160369873
2022,DAY_BIAS_STYLE_FIT,53,auto_pair_distance_vs_recent_mean_normalized_diff,769.6510586738586
2022,DAY_BIAS_STYLE_FIT,54,timepace_recent_avg_normalized_late_pace,750.5138792991638
2022,DAY_BIAS_STYLE_FIT,55,auto_finish_same_weight_rule_trend,734.7758574485779
2022,DAY_BIAS_STYLE_FIT,56,actor_jockey_race_class_effective_win_rate,728.5941195487976
2022,DAY_BIAS_STYLE_FIT,57,auto_finish_same_venue_mean,722.9651925563812
2022,DAY_BIAS_STYLE_FIT,58,auto_field_network_elo_rating_diff_mean,711.0392708778381
2022,DAY_BIAS_STYLE_FIT,59,actor_jockey_race_class_top3_rate,701.9982771873474
2022,DAY_BIAS_STYLE_FIT,60,actor_jockey_race_class_effective_avg_finish,681.1290955543518
2022,DAY_BIAS_STYLE_FIT,61,auto_field_network_elo_rating_gap_to_top2_mean,678.2008838653564
2022,DAY_BIAS_STYLE_FIT,62,auto_history_finish_position_recency_weighted_mean,665.2924590110779
2022,DAY_BIAS_STYLE_FIT,63,auto_field_recent_avg_last_3f_diff_mean,662.6790270805359
2022,DAY_BIAS_STYLE_FIT,64,distance_change_m,651.6467232704163
2022,DAY_BIAS_STYLE_FIT,65,actor_jockey_all_effective_top3_rate,634.1931447982788
2022,DAY_BIAS_STYLE_FIT,66,actor_trainer_recent_effective_top3_rate,627.166398525238
2022,DAY_BIAS_STYLE_FIT,67,actor_jockey_venue_effective_avg_finish,623.8152804374695
2022,DAY_BIAS_STYLE_FIT,68,actor_trainer_surface_effective_avg_finish,614.8245797157288
2022,DAY_BIAS_STYLE_FIT,69,timepace_even_pace_avg_performance_score,610.7705407142639
2022,DAY_BIAS_STYLE_FIT,70,actor_jockey_surface_effective_avg_finish,610.2985305786133
2022,DAY_BIAS_STYLE_FIT,71,auto_history_distance_m_linear_trend,600.1339068412781
2022,DAY_BIAS_STYLE_FIT,72,actor_jockey_venue_avg_finish,568.8879623413086
2022,DAY_BIAS_STYLE_FIT,73,opponent_history_avg_opponent_win_rate,564.2640066146851
2022,DAY_BIAS_STYLE_FIT,74,auto_finish_within_300m_mean,559.9071712493896
2022,DAY_BIAS_STYLE_FIT,75,auto_field_recent_avg_speed_mps_zscore,558.1803956031799
2022,DAY_BIAS_STYLE_FIT,76,timepace_slow_pace_avg_performance_score,531.6251010894775
2022,DAY_BIAS_STYLE_FIT,77,timepace_recent_avg_normalized_early_pace,524.966127872467
2022,DAY_BIAS_STYLE_FIT,78,opponent_recent_avg_starts,523.038055896759
2022,DAY_BIAS_STYLE_FIT,79,auto_field_recent_top3_rate_gap_to_top3_mean,519.6031031608582
2022,DAY_BIAS_STYLE_FIT,80,actor_trainer_race_class_win_rate,519.0417156219482
2022,SPEED_PLUS_DAY_BIAS,1,auto_history_finish_position_ewma,27624.649534225464
2022,SPEED_PLUS_DAY_BIAS,2,regime_speed_resid_lag1,12733.910723686218
2022,SPEED_PLUS_DAY_BIAS,3,auto_field_recent_avg_finish_zscore,12002.939755439758
2022,SPEED_PLUS_DAY_BIAS,4,regime_speed_resid_strength3,7798.825996398926
2022,SPEED_PLUS_DAY_BIAS,5,auto_finish_same_class_mean,3715.9501423835754
2022,SPEED_PLUS_DAY_BIAS,6,previous_finish_position,3500.6665377616882
2022,SPEED_PLUS_DAY_BIAS,7,regime_speed_resid_mean3,3405.614876270294
2022,SPEED_PLUS_DAY_BIAS,8,regime_speed_resid_mean5,3316.1374082565308
2022,SPEED_PLUS_DAY_BIAS,9,auto_finish_same_surface_median,3074.485360622406
2022,SPEED_PLUS_DAY_BIAS,10,auto_field_recent_top3_rate_zscore,2971.6830983161926
2022,SPEED_PLUS_DAY_BIAS,11,auto_field_network_elo_rating_zscore,2589.4478120803833
2022,SPEED_PLUS_DAY_BIAS,12,auto_finish_same_class_success_rate,2580.8567657470703
2022,SPEED_PLUS_DAY_BIAS,13,auto_field_recent_top3_rate_diff_median,2541.1187143325806
2022,SPEED_PLUS_DAY_BIAS,14,opponent_recent_avg_top3_rate,2526.865199327469
2022,SPEED_PLUS_DAY_BIAS,15,actor_jockey_venue_effective_top3_rate,2497.9394459724426
2022,SPEED_PLUS_DAY_BIAS,16,days_since_last_start,2149.394689321518
2022,SPEED_PLUS_DAY_BIAS,17,actor_jockey_race_class_effective_top3_rate,1911.4882822036743
2022,SPEED_PLUS_DAY_BIAS,18,actor_jockey_all_top3_rate,1843.2633295059204
2022,SPEED_PLUS_DAY_BIAS,19,opponent_recent_avg_win_rate,1769.4919185638428
2022,SPEED_PLUS_DAY_BIAS,20,horse_front_score,1733.8603267669678
2022,SPEED_PLUS_DAY_BIAS,21,auto_finish_same_surface_success_rate,1652.4192910194397
2022,SPEED_PLUS_DAY_BIAS,22,auto_field_recent_avg_finish_diff_mean,1576.4019927978516
2022,SPEED_PLUS_DAY_BIAS,23,actor_jockey_surface_avg_finish,1509.8234486579895
2022,SPEED_PLUS_DAY_BIAS,24,actor_jockey_venue_top3_rate,1452.998547077179
2022,SPEED_PLUS_DAY_BIAS,25,auto_finish_same_surface_mean,1353.5680212974548
2022,SPEED_PLUS_DAY_BIAS,26,timepace_recent_avg_performance_score,1271.5831410884857
2022,SPEED_PLUS_DAY_BIAS,27,actor_jockey_recent_effective_top3_rate,1153.479914188385
2022,SPEED_PLUS_DAY_BIAS,28,actor_jockey_race_class_avg_finish,1148.8829836845398
2022,SPEED_PLUS_DAY_BIAS,29,timepace_recent_avg_normalized_last3f,1142.543149471283
2022,SPEED_PLUS_DAY_BIAS,30,actor_jockey_surface_win_rate,1126.9003281593323
2022,SPEED_PLUS_DAY_BIAS,31,auto_finish_same_class_median,1122.7275528907776
2022,SPEED_PLUS_DAY_BIAS,32,actor_jockey_all_effective_top3_rate,1117.0862126350403
2022,SPEED_PLUS_DAY_BIAS,33,auto_field_recent_avg_last_3f_diff_median,1116.7026658058167
2022,SPEED_PLUS_DAY_BIAS,34,actor_jockey_surface_effective_win_rate,1088.0416824817657
2022,SPEED_PLUS_DAY_BIAS,35,actor_jockey_all_win_rate,1077.8224430084229
2022,SPEED_PLUS_DAY_BIAS,36,actor_trainer_race_class_avg_finish,1047.3431072235107
2022,SPEED_PLUS_DAY_BIAS,37,auto_history_finish_position_last,1038.3622994422913
2022,SPEED_PLUS_DAY_BIAS,38,opponent_history_avg_opponent_top3_rate,996.0762419700623
2022,SPEED_PLUS_DAY_BIAS,39,distance_change_m,967.2063777446747
2022,SPEED_PLUS_DAY_BIAS,40,regime_speed_resid_std5,963.6167211532593
2022,SPEED_PLUS_DAY_BIAS,41,auto_field_recent_top3_rate_diff_mean,945.3492851257324
2022,SPEED_PLUS_DAY_BIAS,42,actor_trainer_race_class_effective_avg_finish,944.1589741706848
2022,SPEED_PLUS_DAY_BIAS,43,actor_jockey_surface_effective_top3_rate,941.4407343864441
2022,SPEED_PLUS_DAY_BIAS,44,auto_finish_within_300m_mean,898.4093446731567
2022,SPEED_PLUS_DAY_BIAS,45,timepace_recent_avg_normalized_time,879.336252450943
2022,SPEED_PLUS_DAY_BIAS,46,opponent_current_field_avg_elo,872.3187913894653
2022,SPEED_PLUS_DAY_BIAS,47,body_weight,866.3851070404053
2022,SPEED_PLUS_DAY_BIAS,48,auto_field_network_elo_rating_percentile,845.1161689758301
2022,SPEED_PLUS_DAY_BIAS,49,actor_jockey_surface_top3_rate,827.8769178390503
2022,SPEED_PLUS_DAY_BIAS,50,actor_jockey_race_class_effective_avg_finish,825.4922385215759
2022,SPEED_PLUS_DAY_BIAS,51,auto_history_distance_m_linear_trend,816.2878112792969
2022,SPEED_PLUS_DAY_BIAS,52,auto_finish_within_300m_success_rate,806.7295818328857
2022,SPEED_PLUS_DAY_BIAS,53,actor_jockey_surface_effective_avg_finish,805.261468410492
2022,SPEED_PLUS_DAY_BIAS,54,auto_field_network_elo_rating_diff_mean,802.0563478469849
2022,SPEED_PLUS_DAY_BIAS,55,auto_field_recent_avg_finish_diff_median,798.0365839004517
2022,SPEED_PLUS_DAY_BIAS,56,auto_history_finish_position_coefficient_of_variation,791.5558109283447
2022,SPEED_PLUS_DAY_BIAS,57,auto_field_recent_avg_last_3f_percentile,773.2861647605896
2022,SPEED_PLUS_DAY_BIAS,58,opponent_history_avg_opponent_win_rate,740.4007339477539
2022,SPEED_PLUS_DAY_BIAS,59,auto_finish_same_class_trend,739.9168164730072
2022,SPEED_PLUS_DAY_BIAS,60,actor_jockey_recent_effective_avg_finish,717.194757938385
2022,SPEED_PLUS_DAY_BIAS,61,opponent_recent_avg_known_count,706.8652975559235
2022,SPEED_PLUS_DAY_BIAS,62,actor_jockey_race_class_win_rate,697.2168202400208
2022,SPEED_PLUS_DAY_BIAS,63,actor_jockey_distance_band_effective_win_rate,695.7038979530334
2022,SPEED_PLUS_DAY_BIAS,64,actor_trainer_venue_avg_finish,692.9170479774475
2022,SPEED_PLUS_DAY_BIAS,65,actor_trainer_surface_avg_finish,668.0068373680115
2022,SPEED_PLUS_DAY_BIAS,66,auto_field_network_elo_rating_gap_to_top3_mean,666.8511447906494
2022,SPEED_PLUS_DAY_BIAS,67,actor_trainer_venue_effective_avg_finish,659.5545310974121
2022,SPEED_PLUS_DAY_BIAS,68,regime_speed_resid_accel,655.6956396102905
2022,SPEED_PLUS_DAY_BIAS,69,auto_margin_gap_same_class_trend,652.5372505187988
2022,SPEED_PLUS_DAY_BIAS,70,auto_field_recent_top3_rate_percentile,651.9171605110168
2022,SPEED_PLUS_DAY_BIAS,71,auto_finish_same_venue_success_rate,648.4600434303284
2022,SPEED_PLUS_DAY_BIAS,72,actor_trainer_recent_effective_top3_rate,637.316822052002
2022,SPEED_PLUS_DAY_BIAS,73,timepace_even_pace_avg_performance_score,621.4465999603271
2022,SPEED_PLUS_DAY_BIAS,74,opponent_recent_avg_starts,606.2955093383789
2022,SPEED_PLUS_DAY_BIAS,75,auto_finish_same_weight_rule_trend,603.4499478340149
2022,SPEED_PLUS_DAY_BIAS,76,actor_jockey_recent_effective_win_rate,602.723087310791
2022,SPEED_PLUS_DAY_BIAS,77,regime_speed_resid_std3,582.141562461853
2022,SPEED_PLUS_DAY_BIAS,78,auto_field_recent_avg_finish_gap_to_top3_mean,574.8955292701721
2022,SPEED_PLUS_DAY_BIAS,79,auto_finish_same_venue_mean,566.2797474861145
2022,SPEED_PLUS_DAY_BIAS,80,regime_speed_resid_lag2,563.6377301216125
2022,SPEED_DAY_INTERACTION,1,auto_history_finish_position_ewma,27049.612933158875
2022,SPEED_DAY_INTERACTION,2,regime_speed_resid_lag1,11607.16768503189
2022,SPEED_DAY_INTERACTION,3,auto_field_recent_avg_finish_zscore,11367.598422050476
2022,SPEED_DAY_INTERACTION,4,regime_speed_resid_strength3,6965.115508556366
2022,SPEED_DAY_INTERACTION,5,previous_finish_position,4370.078439235687
2022,SPEED_DAY_INTERACTION,6,auto_field_recent_top3_rate_zscore,4125.945394039154
2022,SPEED_DAY_INTERACTION,7,regime_speed_resid_mean3,3775.934769630432
2022,SPEED_DAY_INTERACTION,8,auto_finish_same_class_mean,3555.784309864044
2022,SPEED_DAY_INTERACTION,9,regime_speed_resid_mean5,3380.903293132782
2022,SPEED_DAY_INTERACTION,10,auto_finish_same_surface_median,3313.3934350013733
2022,SPEED_DAY_INTERACTION,11,auto_field_recent_avg_finish_gap_to_top3_mean,3167.5285806655884
2022,SPEED_DAY_INTERACTION,12,auto_finish_same_class_success_rate,2828.836717605591
2022,SPEED_DAY_INTERACTION,13,actor_jockey_all_top3_rate,2538.056962966919
2022,SPEED_DAY_INTERACTION,14,opponent_recent_avg_top3_rate,2374.6376161575317
2022,SPEED_DAY_INTERACTION,15,days_since_last_start,2282.2042977809906
2022,SPEED_DAY_INTERACTION,16,opponent_recent_avg_win_rate,2012.2196955680847
2022,SPEED_DAY_INTERACTION,17,auto_field_network_elo_rating_zscore,1943.5999298095703
2022,SPEED_DAY_INTERACTION,18,auto_field_recent_top3_rate_diff_median,1783.0971846580505
2022,SPEED_DAY_INTERACTION,19,horse_front_score,1759.587396621704
2022,SPEED_DAY_INTERACTION,20,actor_jockey_venue_effective_top3_rate,1619.2060022354126
2022,SPEED_DAY_INTERACTION,21,actor_trainer_race_class_avg_finish,1597.9424290657043
2022,SPEED_DAY_INTERACTION,22,actor_jockey_race_class_effective_top3_rate,1541.1952185630798
2022,SPEED_DAY_INTERACTION,23,auto_field_recent_avg_last_3f_diff_median,1487.6576356887817
2022,SPEED_DAY_INTERACTION,24,auto_finish_same_surface_success_rate,1486.1535248756409
2022,SPEED_DAY_INTERACTION,25,actor_jockey_venue_top3_rate,1459.5639400482178
2022,SPEED_DAY_INTERACTION,26,actor_jockey_surface_effective_win_rate,1450.7624688148499
2022,SPEED_DAY_INTERACTION,27,auto_finish_same_class_median,1422.6842036247253
2022,SPEED_DAY_INTERACTION,28,auto_field_recent_avg_finish_diff_mean,1405.1146821975708
2022,SPEED_DAY_INTERACTION,29,actor_jockey_surface_avg_finish,1373.742286682129
2022,SPEED_DAY_INTERACTION,30,actor_jockey_race_class_top3_rate,1279.7196402549744
2022,SPEED_DAY_INTERACTION,31,timepace_recent_avg_performance_score,1242.0742077827454
2022,SPEED_DAY_INTERACTION,32,auto_field_network_elo_rating_percentile,1230.597990989685
2022,SPEED_DAY_INTERACTION,33,actor_jockey_surface_win_rate,1210.6977190971375
2022,SPEED_DAY_INTERACTION,34,auto_history_finish_position_last,1181.8693137168884
2022,SPEED_DAY_INTERACTION,35,actor_jockey_recent_effective_top3_rate,1143.7524347305298
2022,SPEED_DAY_INTERACTION,36,actor_jockey_all_win_rate,1121.4226579666138
2022,SPEED_DAY_INTERACTION,37,actor_jockey_all_effective_top3_rate,1107.135042667389
2022,SPEED_DAY_INTERACTION,38,actor_jockey_surface_effective_top3_rate,1085.4261660575867
2022,SPEED_DAY_INTERACTION,39,opponent_history_avg_opponent_top3_rate,1010.6126670837402
2022,SPEED_DAY_INTERACTION,40,timepace_recent_avg_normalized_last3f,955.737268447876
2022,SPEED_DAY_INTERACTION,41,auto_finish_same_surface_mean,938.0525670051575
2022,SPEED_DAY_INTERACTION,42,auto_finish_same_class_trend,937.5418338775635
2022,SPEED_DAY_INTERACTION,43,actor_jockey_race_class_effective_win_rate,927.2120099067688
2022,SPEED_DAY_INTERACTION,44,body_weight,913.7227382659912
2022,SPEED_DAY_INTERACTION,45,actor_jockey_race_class_avg_finish,882.540397644043
2022,SPEED_DAY_INTERACTION,46,auto_field_recent_top3_rate_gap_to_top3_mean,846.8493404388428
2022,SPEED_DAY_INTERACTION,47,actor_trainer_race_class_effective_avg_finish,840.0827059745789
2022,SPEED_DAY_INTERACTION,48,actor_jockey_recent_avg_finish,784.4950699806213
2022,SPEED_DAY_INTERACTION,49,actor_trainer_venue_effective_avg_finish,774.493157863617
2022,SPEED_DAY_INTERACTION,50,distance_change_m,767.6400380134583
2022,SPEED_DAY_INTERACTION,51,actor_horse_jockey_all_avg_finish,760.3118209838867
2022,SPEED_DAY_INTERACTION,52,opponent_current_field_avg_elo,740.5229291915894
2022,SPEED_DAY_INTERACTION,53,timepace_even_pace_avg_performance_score,720.6360359191895
2022,SPEED_DAY_INTERACTION,54,actor_jockey_distance_band_effective_win_rate,705.8200349807739
2022,SPEED_DAY_INTERACTION,55,auto_finish_same_venue_mean,705.8146371841431
2022,SPEED_DAY_INTERACTION,56,auto_history_distance_m_linear_trend,701.1555936336517
2022,SPEED_DAY_INTERACTION,57,actor_trainer_surface_effective_avg_finish,700.0085167884827
2022,SPEED_DAY_INTERACTION,58,auto_history_finish_position_coefficient_of_variation,684.5370988845825
2022,SPEED_DAY_INTERACTION,59,regime_speed_resid_std5,673.8937356472015
2022,SPEED_DAY_INTERACTION,60,opponent_recent_avg_known_count,648.6404585838318
2022,SPEED_DAY_INTERACTION,61,timepace_recent_avg_normalized_time,636.7455501556396
2022,SPEED_DAY_INTERACTION,62,auto_finish_same_weight_rule_trend,635.3018927574158
2022,SPEED_DAY_INTERACTION,63,auto_field_recent_avg_finish_diff_median,633.7686285972595
2022,SPEED_DAY_INTERACTION,64,interact_regime_speed_resid_lag1__x__daybias_speed_adv_ewma,616.9380526542664
2022,SPEED_DAY_INTERACTION,65,auto_pair_distance_vs_recent_mean_normalized_diff,602.0710401535034
2022,SPEED_DAY_INTERACTION,66,regime_speed_resid_accel,595.8867678642273
2022,SPEED_DAY_INTERACTION,67,actor_trainer_surface_avg_finish,582.7727556228638
2022,SPEED_DAY_INTERACTION,68,auto_field_network_elo_rating_diff_mean,574.5008101463318
2022,SPEED_DAY_INTERACTION,69,auto_field_recent_avg_last_3f_percentile,571.2618103027344
2022,SPEED_DAY_INTERACTION,70,actor_trainer_recent_effective_top3_rate,564.899471282959
2022,SPEED_DAY_INTERACTION,71,timepace_recent_avg_normalized_late_pace,562.4325656890869
2022,SPEED_DAY_INTERACTION,72,opponent_recent_avg_starts,561.159191608429
2022,SPEED_DAY_INTERACTION,73,regime_speed_resid_slope3,559.9487690925598
2022,SPEED_DAY_INTERACTION,74,auto_field_recent_avg_last_3f_diff_mean,545.5233693122864
2022,SPEED_DAY_INTERACTION,75,actor_trainer_venue_effective_top3_rate,541.8989200592041
2022,SPEED_DAY_INTERACTION,76,auto_margin_gap_same_class_success_rate,538.8306784629822
2022,SPEED_DAY_INTERACTION,77,actor_jockey_recent_effective_win_rate,538.5439763069153
2022,SPEED_DAY_INTERACTION,78,actor_jockey_surface_effective_avg_finish,532.0761423110962
2022,SPEED_DAY_INTERACTION,79,opponent_history_avg_field_elo,529.7572827339172
2022,SPEED_DAY_INTERACTION,80,actor_jockey_venue_avg_finish,524.936357498169
2023,BASELINE,1,auto_history_finish_position_ewma,41572.347747564316
2023,BASELINE,2,auto_field_recent_avg_finish_zscore,10056.784848690033
2023,BASELINE,3,previous_finish_position,8162.7819175720215
2023,BASELINE,4,auto_field_recent_top3_rate_zscore,7212.8497104644775
2023,BASELINE,5,auto_field_recent_avg_finish_diff_mean,5967.32374048233
2023,BASELINE,6,auto_finish_same_class_median,3259.8619079589844
2023,BASELINE,7,actor_jockey_venue_top3_rate,3124.2410995960236
2023,BASELINE,8,auto_field_recent_top3_rate_diff_median,2398.4166288375854
2023,BASELINE,9,auto_finish_same_surface_success_rate,2397.664260149002
2023,BASELINE,10,auto_field_network_elo_rating_zscore,2233.508327960968
2023,BASELINE,11,auto_finish_same_class_success_rate,2222.5270171165466
2023,BASELINE,12,actor_jockey_venue_effective_top3_rate,2037.9428730010986
2023,BASELINE,13,auto_finish_same_class_mean,2020.059970855713
2023,BASELINE,14,actor_jockey_all_top3_rate,1962.9586625099182
2023,BASELINE,15,timepace_recent_avg_performance_score,1959.3090991973877
2023,BASELINE,16,auto_history_finish_position_coefficient_of_variation,1817.2655968666077
2023,BASELINE,17,opponent_recent_avg_top3_rate,1753.848935842514
2023,BASELINE,18,opponent_recent_avg_starts,1662.847493648529
2023,BASELINE,19,days_since_last_start,1627.530021905899
2023,BASELINE,20,opponent_recent_avg_win_rate,1527.5381424427032
2023,BASELINE,21,auto_field_recent_avg_last_3f_diff_median,1474.732548236847
2023,BASELINE,22,auto_field_network_elo_rating_percentile,1390.054777622223
2023,BASELINE,23,actor_trainer_race_class_effective_avg_finish,1368.8967170715332
2023,BASELINE,24,timepace_recent_avg_normalized_time,1364.5318500995636
2023,BASELINE,25,auto_finish_same_class_trend,1315.8253712654114
2023,BASELINE,26,actor_jockey_distance_band_top3_rate,1238.5760989189148
2023,BASELINE,27,auto_finish_same_surface_mean,1236.7112498283386
2023,BASELINE,28,auto_field_recent_top3_rate_gap_to_top3_mean,1236.1544160842896
2023,BASELINE,29,auto_history_finish_position_last,1189.6095809936523
2023,BASELINE,30,opponent_current_field_avg_elo,1185.8455719947815
2023,BASELINE,31,auto_field_recent_avg_finish_diff_median,1175.009515285492
2023,BASELINE,32,auto_field_recent_top3_rate_diff_mean,1173.5268177986145
2023,BASELINE,33,actor_jockey_race_class_avg_finish,1136.3864905834198
2023,BASELINE,34,opponent_recent_avg_known_count,1066.2260971069336
2023,BASELINE,35,actor_jockey_venue_win_rate,1065.177444934845
2023,BASELINE,36,auto_field_recent_avg_speed_mps_diff_median,1023.7589693069458
2023,BASELINE,37,timepace_recent_avg_normalized_last3f,1018.6791796684265
2023,BASELINE,38,body_weight,976.7239725589752
2023,BASELINE,39,actor_jockey_surface_top3_rate,968.1303567886353
2023,BASELINE,40,actor_trainer_venue_top3_rate,929.6839637756348
2023,BASELINE,41,auto_finish_same_surface_median,890.5404500961304
2023,BASELINE,42,auto_finish_same_venue_mean,886.4008150100708
2023,BASELINE,43,auto_finish_same_direction_mean,876.4423136711121
2023,BASELINE,44,actor_jockey_surface_win_rate,862.1665716171265
2023,BASELINE,45,auto_field_recent_avg_finish_gap_to_top3_mean,854.0407991409302
2023,BASELINE,46,actor_trainer_recent_effective_top3_rate,838.6262459754944
2023,BASELINE,47,opponent_recent_max_win_rate,820.6061148643494
2023,BASELINE,48,actor_jockey_recent_effective_win_rate,812.7242970466614
2023,BASELINE,49,distance_change_m,805.5945866107941
2023,BASELINE,50,actor_jockey_all_effective_win_rate,749.6261696815491
2023,BASELINE,51,actor_jockey_recent_effective_avg_finish,729.6128220558167
2023,BASELINE,52,actor_jockey_race_class_win_rate,721.8450713157654
2023,BASELINE,53,actor_jockey_recent_effective_top3_rate,704.2568531036377
2023,BASELINE,54,auto_history_finish_position_rolling_2_mean,699.5753862857819
2023,BASELINE,55,auto_field_network_elo_rating_diff_mean,695.755220413208
2023,BASELINE,56,opponent_history_avg_opponent_top3_rate,690.104398727417
2023,BASELINE,57,opponent_history_avg_field_elo,650.1755087375641
2023,BASELINE,58,actor_jockey_race_class_effective_avg_finish,634.3485126495361
2023,BASELINE,59,actor_jockey_surface_effective_win_rate,624.3438701629639
2023,BASELINE,60,actor_jockey_race_class_effective_win_rate,622.6719441413879
2023,BASELINE,61,opponent_previous_avg_starts,620.3948740959167
2023,BASELINE,62,actor_trainer_venue_effective_top3_rate,611.8902750015259
2023,BASELINE,63,auto_margin_gap_same_class_success_rate,611.0738961696625
2023,BASELINE,64,actor_jockey_recent_avg_finish,606.2500758171082
2023,BASELINE,65,actor_jockey_all_win_rate,595.3115921020508
2023,BASELINE,66,actor_jockey_venue_effective_avg_finish,583.6503071784973
2023,BASELINE,67,auto_history_finish_position_stddev,574.8509030342102
2023,BASELINE,68,opponent_strong_opponent_beat_rate,574.6634402275085
2023,BASELINE,69,opponent_previous_known_count,567.5529663562775
2023,BASELINE,70,actor_jockey_venue_effective_win_rate,567.4743781089783
2023,BASELINE,71,auto_finish_same_weight_rule_trend,563.0599904060364
2023,BASELINE,72,actor_jockey_distance_band_effective_win_rate,552.9364545345306
2023,BASELINE,73,auto_field_recent_top3_rate_gap_to_top2_mean,542.8356277942657
2023,BASELINE,74,actor_jockey_race_class_top3_rate,540.5704064369202
2023,BASELINE,75,auto_field_network_elo_rating_gap_to_top3_mean,530.116518497467
2023,BASELINE,76,auto_finish_same_distance_mean,526.8500285148621
2023,BASELINE,77,auto_finish_same_direction_trend,524.702160358429
2023,BASELINE,78,actor_jockey_distance_band_effective_top3_rate,520.0414252281189
2023,BASELINE,79,actor_trainer_race_class_avg_finish,512.5543189048767
2023,BASELINE,80,auto_history_body_weight_max,504.0326437950134
2023,SPEED_REGIME,1,auto_history_finish_position_ewma,34797.46031665802
2023,SPEED_REGIME,2,regime_speed_resid_lag1,16108.87102651596
2023,SPEED_REGIME,3,auto_field_recent_avg_finish_zscore,10290.360375881195
2023,SPEED_REGIME,4,auto_field_recent_top3_rate_zscore,6823.648656368256
2023,SPEED_REGIME,5,regime_speed_resid_mean3,4584.32405090332
2023,SPEED_REGIME,6,auto_field_recent_avg_finish_diff_mean,4026.4131264686584
2023,SPEED_REGIME,7,regime_speed_resid_strength3,3111.841637611389
2023,SPEED_REGIME,8,regime_speed_resid_mean5,3063.2364344596863
2023,SPEED_REGIME,9,actor_jockey_venue_effective_top3_rate,2999.7512650489807
2023,SPEED_REGIME,10,auto_finish_same_class_success_rate,2677.211591243744
2023,SPEED_REGIME,11,auto_finish_same_surface_success_rate,2667.85138130188
2023,SPEED_REGIME,12,opponent_recent_avg_top3_rate,2454.0279483795166
2023,SPEED_REGIME,13,opponent_recent_avg_win_rate,2191.5903730392456
2023,SPEED_REGIME,14,auto_finish_same_class_median,2190.414653778076
2023,SPEED_REGIME,15,auto_finish_same_class_mean,2129.236815929413
2023,SPEED_REGIME,16,actor_jockey_venue_top3_rate,2103.8294565677643
2023,SPEED_REGIME,17,auto_field_recent_avg_last_3f_diff_median,1739.0815601348877
2023,SPEED_REGIME,18,auto_finish_same_surface_median,1702.7627477645874
2023,SPEED_REGIME,19,days_since_last_start,1624.4090323448181
2023,SPEED_REGIME,20,actor_jockey_recent_avg_finish,1510.484830379486
2023,SPEED_REGIME,21,actor_jockey_all_top3_rate,1443.1403307914734
2023,SPEED_REGIME,22,opponent_recent_avg_starts,1417.9260294437408
2023,SPEED_REGIME,23,actor_jockey_surface_top3_rate,1413.4558668136597
2023,SPEED_REGIME,24,actor_jockey_venue_win_rate,1380.7794213294983
2023,SPEED_REGIME,25,timepace_recent_avg_performance_score,1372.218985080719
2023,SPEED_REGIME,26,actor_trainer_race_class_effective_avg_finish,1367.8438754081726
2023,SPEED_REGIME,27,previous_finish_position,1343.4034750461578
2023,SPEED_REGIME,28,auto_field_network_elo_rating_zscore,1342.3036518096924
2023,SPEED_REGIME,29,auto_field_recent_top3_rate_diff_median,1293.7550630569458
2023,SPEED_REGIME,30,actor_trainer_venue_top3_rate,1265.7520735263824
2023,SPEED_REGIME,31,auto_history_finish_position_coefficient_of_variation,1161.9356508255005
2023,SPEED_REGIME,32,auto_finish_same_direction_mean,1135.2165760993958
2023,SPEED_REGIME,33,body_weight,1076.4426646232605
2023,SPEED_REGIME,34,auto_finish_same_class_trend,1076.066824913025
2023,SPEED_REGIME,35,auto_field_recent_top3_rate_diff_mean,1066.7287001609802
2023,SPEED_REGIME,36,auto_field_network_elo_rating_gap_to_top3_mean,981.9188714027405
2023,SPEED_REGIME,37,auto_field_recent_top3_rate_gap_to_top3_mean,951.5763120651245
2023,SPEED_REGIME,38,actor_jockey_distance_band_top3_rate,946.2163667678833
2023,SPEED_REGIME,39,regime_speed_resid_std5,932.8785700798035
2023,SPEED_REGIME,40,actor_jockey_distance_band_effective_win_rate,916.5699391365051
2023,SPEED_REGIME,41,distance_change_m,913.2581477165222
2023,SPEED_REGIME,42,actor_jockey_surface_win_rate,871.7027235031128
2023,SPEED_REGIME,43,timepace_recent_avg_normalized_last3f,845.9354004859924
2023,SPEED_REGIME,44,timepace_recent_avg_normalized_time,840.6878349781036
2023,SPEED_REGIME,45,regime_speed_resid_lag2,803.306547164917
2023,SPEED_REGIME,46,actor_jockey_race_class_avg_finish,794.5384411811829
2023,SPEED_REGIME,47,actor_jockey_distance_band_win_rate,792.7080068588257
2023,SPEED_REGIME,48,actor_jockey_race_class_effective_avg_finish,766.9656386375427
2023,SPEED_REGIME,49,auto_field_network_elo_rating_percentile,758.1389727592468
2023,SPEED_REGIME,50,opponent_recent_max_win_rate,750.0558018684387
2023,SPEED_REGIME,51,auto_history_finish_position_last,730.8421182632446
2023,SPEED_REGIME,52,auto_field_recent_avg_finish_gap_to_top3_mean,728.3750638961792
2023,SPEED_REGIME,53,auto_finish_same_venue_mean,718.2971429824829
2023,SPEED_REGIME,54,auto_field_recent_avg_speed_mps_diff_median,704.9084792137146
2023,SPEED_REGIME,55,actor_jockey_recent_effective_top3_rate,693.521833896637
2023,SPEED_REGIME,56,actor_trainer_recent_effective_top3_rate,692.8739626407623
2023,SPEED_REGIME,57,opponent_current_field_avg_elo,679.403475522995
2023,SPEED_REGIME,58,actor_jockey_race_class_win_rate,656.7468347549438
2023,SPEED_REGIME,59,auto_field_recent_avg_speed_mps_zscore,646.609194278717
2023,SPEED_REGIME,60,auto_pair_distance_vs_recent_mean_normalized_diff,639.4794120788574
2023,SPEED_REGIME,61,actor_trainer_race_class_avg_finish,622.9276900291443
2023,SPEED_REGIME,62,opponent_history_avg_field_elo,611.9124510288239
2023,SPEED_REGIME,63,actor_jockey_surface_effective_top3_rate,611.2722268104553
2023,SPEED_REGIME,64,actor_jockey_surface_effective_win_rate,598.8155655860901
2023,SPEED_REGIME,65,regime_speed_resid_slope3,594.9910213947296
2023,SPEED_REGIME,66,previous_last_3f,587.8317995071411
2023,SPEED_REGIME,67,actor_jockey_all_effective_win_rate,585.2933354377747
2023,SPEED_REGIME,68,actor_trainer_race_class_effective_top3_rate,573.6674847602844
2023,SPEED_REGIME,69,actor_jockey_race_class_effective_win_rate,571.6824111938477
2023,SPEED_REGIME,70,actor_trainer_venue_effective_top3_rate,569.5364208221436
2023,SPEED_REGIME,71,auto_field_recent_avg_last_3f_diff_mean,569.254469871521
2023,SPEED_REGIME,72,auto_finish_same_age_condition_mean,568.8385128974915
2023,SPEED_REGIME,73,auto_field_recent_avg_last_3f_zscore,567.4383540153503
2023,SPEED_REGIME,74,auto_finish_within_100m_mean,563.4752740859985
2023,SPEED_REGIME,75,regime_speed_resid_slope5,553.7057852745056
2023,SPEED_REGIME,76,auto_finish_same_surface_mean,553.0521535873413
2023,SPEED_REGIME,77,opponent_history_avg_opponent_top3_rate,550.5372843742371
2023,SPEED_REGIME,78,actor_trainer_race_class_top3_rate,547.3679277896881
2023,SPEED_REGIME,79,actor_jockey_race_class_top3_rate,546.1254525184631
2023,SPEED_REGIME,80,auto_field_recent_avg_last_3f_percentile,538.9282598495483
2023,DAY_BIAS,1,auto_history_finish_position_ewma,40097.811520814896
2023,DAY_BIAS,2,auto_field_recent_avg_finish_zscore,12720.692814588547
2023,DAY_BIAS,3,previous_finish_position,8894.428637981415
2023,DAY_BIAS,4,auto_field_recent_top3_rate_zscore,5633.876781463623
2023,DAY_BIAS,5,auto_field_recent_avg_finish_diff_mean,5353.807336807251
2023,DAY_BIAS,6,actor_jockey_venue_top3_rate,2947.215950489044
2023,DAY_BIAS,7,auto_finish_same_class_median,2898.24041557312
2023,DAY_BIAS,8,auto_field_network_elo_rating_zscore,2265.0886192321777
2023,DAY_BIAS,9,auto_finish_same_class_mean,2225.6296463012695
2023,DAY_BIAS,10,auto_finish_same_surface_success_rate,2164.7293424606323
2023,DAY_BIAS,11,timepace_recent_avg_performance_score,2148.1479091644287
2023,DAY_BIAS,12,auto_finish_same_surface_mean,2146.331856250763
2023,DAY_BIAS,13,auto_finish_same_class_success_rate,2127.294460773468
2023,DAY_BIAS,14,actor_jockey_venue_effective_top3_rate,2113.6775403022766
2023,DAY_BIAS,15,auto_field_recent_top3_rate_diff_mean,1932.4265847206116
2023,DAY_BIAS,16,opponent_recent_avg_top3_rate,1752.0625672340393
2023,DAY_BIAS,17,auto_history_finish_position_coefficient_of_variation,1663.8094716072083
2023,DAY_BIAS,18,opponent_recent_avg_starts,1637.277226448059
2023,DAY_BIAS,19,opponent_recent_avg_win_rate,1622.2662556171417
2023,DAY_BIAS,20,auto_field_recent_avg_last_3f_diff_median,1583.9076642990112
2023,DAY_BIAS,21,auto_field_recent_top3_rate_diff_median,1569.438997745514
2023,DAY_BIAS,22,actor_jockey_surface_top3_rate,1412.1962881088257
2023,DAY_BIAS,23,days_since_last_start,1404.7508873939514
2023,DAY_BIAS,24,auto_field_network_elo_rating_percentile,1281.5279970169067
2023,DAY_BIAS,25,timepace_recent_avg_normalized_time,1278.9286320209503
2023,DAY_BIAS,26,auto_history_finish_position_last,1195.708079814911
2023,DAY_BIAS,27,auto_finish_same_class_trend,1187.2718811035156
2023,DAY_BIAS,28,actor_jockey_venue_win_rate,1172.6264691352844
2023,DAY_BIAS,29,auto_field_recent_avg_finish_diff_median,1122.260238647461
2023,DAY_BIAS,30,actor_trainer_race_class_effective_avg_finish,1110.2135858535767
2023,DAY_BIAS,31,auto_field_recent_top3_rate_gap_to_top3_mean,1088.3733558654785
2023,DAY_BIAS,32,auto_field_network_elo_rating_gap_to_top3_mean,1051.8035984039307
2023,DAY_BIAS,33,body_weight,1051.6966111660004
2023,DAY_BIAS,34,actor_jockey_distance_band_top3_rate,1051.2297248840332
2023,DAY_BIAS,35,actor_jockey_recent_effective_avg_finish,1019.3540081977844
2023,DAY_BIAS,36,auto_field_recent_avg_speed_mps_diff_median,966.416069984436
2023,DAY_BIAS,37,actor_jockey_race_class_win_rate,949.6300749778748
2023,DAY_BIAS,38,opponent_current_field_avg_elo,945.2335505485535
2023,DAY_BIAS,39,actor_jockey_distance_band_effective_top3_rate,935.5813884735107
2023,DAY_BIAS,40,actor_jockey_surface_win_rate,919.6470365524292
2023,DAY_BIAS,41,actor_jockey_all_top3_rate,907.5199489593506
2023,DAY_BIAS,42,auto_finish_same_surface_median,892.4900302886963
2023,DAY_BIAS,43,opponent_recent_avg_known_count,886.030312538147
2023,DAY_BIAS,44,timepace_recent_avg_normalized_last3f,879.9930715560913
2023,DAY_BIAS,45,auto_field_recent_top3_rate_gap_to_top2_mean,871.7939162254333
2023,DAY_BIAS,46,actor_jockey_race_class_effective_avg_finish,867.7766108512878
2023,DAY_BIAS,47,actor_jockey_venue_avg_finish,859.7413773536682
2023,DAY_BIAS,48,opponent_recent_max_win_rate,856.411295413971
2023,DAY_BIAS,49,auto_finish_same_venue_mean,832.348228931427
2023,DAY_BIAS,50,actor_trainer_recent_effective_top3_rate,812.2842702865601
2023,DAY_BIAS,51,actor_trainer_venue_top3_rate,799.1454112529755
2023,DAY_BIAS,52,actor_trainer_race_class_avg_finish,777.3371748924255
2023,DAY_BIAS,53,actor_jockey_all_win_rate,771.4798345565796
2023,DAY_BIAS,54,actor_jockey_race_class_effective_win_rate,758.0157051086426
2023,DAY_BIAS,55,actor_jockey_recent_avg_finish,756.6332883834839
2023,DAY_BIAS,56,actor_trainer_venue_effective_top3_rate,755.4539203643799
2023,DAY_BIAS,57,auto_field_recent_avg_finish_gap_to_top3_mean,735.8296585083008
2023,DAY_BIAS,58,opponent_history_avg_opponent_top3_rate,730.0238857269287
2023,DAY_BIAS,59,auto_finish_same_age_condition_mean,693.7129440307617
2023,DAY_BIAS,60,auto_finish_same_direction_mean,692.2209334373474
2023,DAY_BIAS,61,actor_jockey_race_class_avg_finish,686.8951132297516
2023,DAY_BIAS,62,auto_finish_within_300m_mean,676.3843293190002
2023,DAY_BIAS,63,actor_jockey_recent_effective_top3_rate,668.3498201370239
2023,DAY_BIAS,64,auto_finish_same_distance_mean,658.8810572624207
2023,DAY_BIAS,65,actor_jockey_distance_band_win_rate,654.3986678123474
2023,DAY_BIAS,66,distance_change_m,653.5383393764496
2023,DAY_BIAS,67,auto_pair_distance_vs_recent_mean_normalized_diff,640.9197118282318
2023,DAY_BIAS,68,auto_finish_same_weight_rule_success_rate,632.5885429382324
2023,DAY_BIAS,69,auto_field_recent_avg_speed_mps_zscore,623.4498100280762
2023,DAY_BIAS,70,actor_jockey_surface_effective_win_rate,620.7954139709473
2023,DAY_BIAS,71,actor_horse_jockey_all_avg_finish,602.1568751335144
2023,DAY_BIAS,72,opponent_previous_avg_starts,601.6216540336609
2023,DAY_BIAS,73,actor_jockey_race_class_top3_rate,596.0569443702698
2023,DAY_BIAS,74,auto_history_finish_position_rolling_2_mean,588.6811299324036
2023,DAY_BIAS,75,timepace_even_pace_avg_performance_score,586.8385488986969
2023,DAY_BIAS,76,actor_jockey_venue_effective_win_rate,586.6050162315369
2023,DAY_BIAS,77,actor_jockey_race_class_effective_top3_rate,582.0570206642151
2023,DAY_BIAS,78,timepace_recent_avg_normalized_late_pace,577.0299725532532
2023,DAY_BIAS,79,auto_history_body_weight_mean,575.9096422195435
2023,DAY_BIAS,80,auto_history_body_weight_min,574.6706693172455
2023,DAY_BIAS_STYLE_FIT,1,auto_history_finish_position_ewma,39334.263717889786
2023,DAY_BIAS_STYLE_FIT,2,previous_finish_position,8381.641432285309
2023,DAY_BIAS_STYLE_FIT,3,auto_field_recent_avg_finish_diff_mean,7604.827862262726
2023,DAY_BIAS_STYLE_FIT,4,auto_field_recent_top3_rate_zscore,7268.5936324596405
2023,DAY_BIAS_STYLE_FIT,5,auto_field_recent_avg_finish_gap_to_top3_mean,6097.505427122116
2023,DAY_BIAS_STYLE_FIT,6,auto_field_recent_avg_finish_zscore,4961.148056983948
2023,DAY_BIAS_STYLE_FIT,7,auto_finish_same_class_median,3631.932316303253
2023,DAY_BIAS_STYLE_FIT,8,actor_jockey_venue_effective_top3_rate,3461.1879868507385
2023,DAY_BIAS_STYLE_FIT,9,auto_finish_same_class_mean,2331.4465832710266
2023,DAY_BIAS_STYLE_FIT,10,auto_finish_same_class_success_rate,2310.789345741272
2023,DAY_BIAS_STYLE_FIT,11,auto_finish_same_surface_success_rate,2214.584478855133
2023,DAY_BIAS_STYLE_FIT,12,horse_front_score,2094.5389428138733
2023,DAY_BIAS_STYLE_FIT,13,auto_field_network_elo_rating_zscore,2093.5038599967957
2023,DAY_BIAS_STYLE_FIT,14,timepace_recent_avg_performance_score,1995.0733306407928
2023,DAY_BIAS_STYLE_FIT,15,auto_history_finish_position_coefficient_of_variation,1985.7744040489197
2023,DAY_BIAS_STYLE_FIT,16,auto_finish_same_surface_mean,1935.715835571289
2023,DAY_BIAS_STYLE_FIT,17,opponent_recent_avg_win_rate,1917.4811146259308
2023,DAY_BIAS_STYLE_FIT,18,opponent_recent_avg_top3_rate,1813.8973696231842
2023,DAY_BIAS_STYLE_FIT,19,days_since_last_start,1720.8354930877686
2023,DAY_BIAS_STYLE_FIT,20,actor_jockey_surface_top3_rate,1717.3044118881226
2023,DAY_BIAS_STYLE_FIT,21,auto_field_recent_top3_rate_gap_to_top3_mean,1621.7562427520752
2023,DAY_BIAS_STYLE_FIT,22,auto_field_recent_avg_last_3f_diff_median,1584.4295029640198
2023,DAY_BIAS_STYLE_FIT,23,opponent_recent_avg_starts,1452.7266054153442
2023,DAY_BIAS_STYLE_FIT,24,actor_jockey_surface_win_rate,1422.5779724121094
2023,DAY_BIAS_STYLE_FIT,25,actor_trainer_race_class_effective_avg_finish,1290.0088620185852
2023,DAY_BIAS_STYLE_FIT,26,actor_jockey_distance_band_win_rate,1239.6761169433594
2023,DAY_BIAS_STYLE_FIT,27,timepace_recent_avg_normalized_time,1210.9558019638062
2023,DAY_BIAS_STYLE_FIT,28,auto_field_network_elo_rating_percentile,1195.498496055603
2023,DAY_BIAS_STYLE_FIT,29,auto_finish_same_class_trend,1191.106086730957
2023,DAY_BIAS_STYLE_FIT,30,auto_field_recent_top3_rate_diff_mean,1178.125801563263
2023,DAY_BIAS_STYLE_FIT,31,auto_history_finish_position_last,1142.985034942627
2023,DAY_BIAS_STYLE_FIT,32,actor_jockey_distance_band_top3_rate,1130.8551964759827
2023,DAY_BIAS_STYLE_FIT,33,actor_jockey_venue_top3_rate,1101.859932422638
2023,DAY_BIAS_STYLE_FIT,34,auto_finish_same_surface_median,1099.4074440002441
2023,DAY_BIAS_STYLE_FIT,35,opponent_recent_avg_known_count,1083.862389087677
2023,DAY_BIAS_STYLE_FIT,36,body_weight,1078.6113724708557
2023,DAY_BIAS_STYLE_FIT,37,auto_field_network_elo_rating_gap_to_top3_mean,1061.1146397590637
2023,DAY_BIAS_STYLE_FIT,38,actor_jockey_venue_effective_win_rate,1035.110960483551
2023,DAY_BIAS_STYLE_FIT,39,auto_field_recent_avg_finish_diff_median,1015.4089465141296
2023,DAY_BIAS_STYLE_FIT,40,actor_jockey_all_top3_rate,1014.155882358551
2023,DAY_BIAS_STYLE_FIT,41,actor_jockey_surface_effective_win_rate,1002.3262977600098
2023,DAY_BIAS_STYLE_FIT,42,actor_trainer_venue_top3_rate,971.044664144516
2023,DAY_BIAS_STYLE_FIT,43,actor_jockey_venue_win_rate,936.2363524436951
2023,DAY_BIAS_STYLE_FIT,44,opponent_recent_max_win_rate,915.8562455177307
2023,DAY_BIAS_STYLE_FIT,45,opponent_current_field_avg_elo,905.5418286323547
2023,DAY_BIAS_STYLE_FIT,46,auto_field_recent_top3_rate_diff_median,885.8863501548767
2023,DAY_BIAS_STYLE_FIT,47,timepace_recent_avg_normalized_last3f,880.7853665351868
2023,DAY_BIAS_STYLE_FIT,48,distance_change_m,847.8543286323547
2023,DAY_BIAS_STYLE_FIT,49,actor_jockey_race_class_win_rate,831.54239153862
2023,DAY_BIAS_STYLE_FIT,50,actor_trainer_recent_effective_top3_rate,815.2209510803223
2023,DAY_BIAS_STYLE_FIT,51,actor_jockey_recent_avg_finish,803.2311515808105
2023,DAY_BIAS_STYLE_FIT,52,auto_finish_same_direction_mean,787.8313593864441
2023,DAY_BIAS_STYLE_FIT,53,auto_finish_same_venue_mean,746.2236542701721
2023,DAY_BIAS_STYLE_FIT,54,auto_field_network_elo_rating_gap_to_top2_mean,701.6169114112854
2023,DAY_BIAS_STYLE_FIT,55,actor_trainer_venue_effective_top3_rate,684.861406326294
2023,DAY_BIAS_STYLE_FIT,56,actor_jockey_race_class_avg_finish,658.6422357559204
2023,DAY_BIAS_STYLE_FIT,57,actor_jockey_race_class_effective_avg_finish,636.7940735816956
2023,DAY_BIAS_STYLE_FIT,58,auto_field_recent_avg_speed_mps_diff_median,632.9617710113525
2023,DAY_BIAS_STYLE_FIT,59,auto_finish_same_age_condition_mean,620.7732391357422
2023,DAY_BIAS_STYLE_FIT,60,actor_jockey_distance_band_effective_top3_rate,620.5184316635132
2023,DAY_BIAS_STYLE_FIT,61,actor_jockey_all_effective_win_rate,619.2927432060242
2023,DAY_BIAS_STYLE_FIT,62,actor_jockey_recent_effective_avg_finish,609.1116642951965
2023,DAY_BIAS_STYLE_FIT,63,actor_jockey_recent_effective_win_rate,603.5662121772766
2023,DAY_BIAS_STYLE_FIT,64,auto_finish_same_weight_rule_trend,597.6756086349487
2023,DAY_BIAS_STYLE_FIT,65,auto_history_finish_position_stddev,595.122386932373
2023,DAY_BIAS_STYLE_FIT,66,opponent_previous_known_count,593.7872085571289
2023,DAY_BIAS_STYLE_FIT,67,auto_finish_same_age_condition_trend,576.1913139820099
2023,DAY_BIAS_STYLE_FIT,68,auto_field_recent_avg_speed_mps_diff_mean,572.8565526008606
2023,DAY_BIAS_STYLE_FIT,69,actor_jockey_venue_avg_finish,564.3164277076721
2023,DAY_BIAS_STYLE_FIT,70,timepace_slow_pace_avg_performance_score,562.1855506896973
2023,DAY_BIAS_STYLE_FIT,71,actor_jockey_recent_effective_top3_rate,558.8517761230469
2023,DAY_BIAS_STYLE_FIT,72,opponent_history_avg_field_elo,558.8283631801605
2023,DAY_BIAS_STYLE_FIT,73,auto_margin_gap_same_class_mean,558.1873435974121
2023,DAY_BIAS_STYLE_FIT,74,actor_jockey_race_class_effective_win_rate,552.6355066299438
2023,DAY_BIAS_STYLE_FIT,75,auto_field_network_elo_rating_diff_mean,539.7435164451599
2023,DAY_BIAS_STYLE_FIT,76,auto_history_finish_position_previous_delta,537.1238117218018
2023,DAY_BIAS_STYLE_FIT,77,opponent_history_avg_opponent_top3_rate,530.1559534072876
2023,DAY_BIAS_STYLE_FIT,78,auto_history_finish_position_rolling_2_mean,527.7428169250488
2023,DAY_BIAS_STYLE_FIT,79,actor_trainer_race_class_top3_rate,519.234655380249
2023,DAY_BIAS_STYLE_FIT,80,auto_margin_gap_same_going_trend,518.0668134689331
2023,SPEED_PLUS_DAY_BIAS,1,auto_history_finish_position_ewma,31083.04978966713
2023,SPEED_PLUS_DAY_BIAS,2,regime_speed_resid_lag1,15012.09675860405
2023,SPEED_PLUS_DAY_BIAS,3,auto_field_recent_avg_finish_zscore,11106.325402736664
2023,SPEED_PLUS_DAY_BIAS,4,auto_field_recent_top3_rate_zscore,6078.136994838715
2023,SPEED_PLUS_DAY_BIAS,5,regime_speed_resid_mean3,5993.432598590851
2023,SPEED_PLUS_DAY_BIAS,6,auto_field_recent_avg_finish_gap_to_top3_mean,3559.7118077278137
2023,SPEED_PLUS_DAY_BIAS,7,actor_jockey_venue_effective_top3_rate,3338.9786491394043
2023,SPEED_PLUS_DAY_BIAS,8,auto_field_recent_avg_finish_diff_mean,2963.2486233711243
2023,SPEED_PLUS_DAY_BIAS,9,auto_finish_same_surface_success_rate,2857.9028720855713
2023,SPEED_PLUS_DAY_BIAS,10,regime_speed_resid_mean5,2841.293438434601
2023,SPEED_PLUS_DAY_BIAS,11,regime_speed_resid_strength3,2740.6863594055176
2023,SPEED_PLUS_DAY_BIAS,12,auto_finish_same_class_mean,2645.0209283828735
2023,SPEED_PLUS_DAY_BIAS,13,previous_finish_position,2552.6855006217957
2023,SPEED_PLUS_DAY_BIAS,14,auto_finish_same_class_success_rate,2469.223177909851
2023,SPEED_PLUS_DAY_BIAS,15,opponent_recent_avg_top3_rate,2459.154389858246
2023,SPEED_PLUS_DAY_BIAS,16,opponent_recent_avg_win_rate,2172.2324385643005
2023,SPEED_PLUS_DAY_BIAS,17,actor_jockey_venue_top3_rate,2119.5884346961975
2023,SPEED_PLUS_DAY_BIAS,18,auto_field_recent_avg_last_3f_diff_median,2063.9464168548584
2023,SPEED_PLUS_DAY_BIAS,19,horse_front_score,1927.5361404418945
2023,SPEED_PLUS_DAY_BIAS,20,auto_field_network_elo_rating_zscore,1852.0546507835388
2023,SPEED_PLUS_DAY_BIAS,21,auto_finish_same_class_median,1731.8773379325867
2023,SPEED_PLUS_DAY_BIAS,22,auto_field_recent_top3_rate_diff_median,1655.0682663917542
2023,SPEED_PLUS_DAY_BIAS,23,actor_jockey_surface_top3_rate,1644.1729245185852
2023,SPEED_PLUS_DAY_BIAS,24,days_since_last_start,1584.2431569099426
2023,SPEED_PLUS_DAY_BIAS,25,timepace_recent_avg_performance_score,1501.3207592964172
2023,SPEED_PLUS_DAY_BIAS,26,opponent_recent_avg_starts,1192.2938351631165
2023,SPEED_PLUS_DAY_BIAS,27,actor_jockey_surface_win_rate,1190.5718879699707
2023,SPEED_PLUS_DAY_BIAS,28,auto_finish_same_class_trend,1188.7886395454407
2023,SPEED_PLUS_DAY_BIAS,29,actor_jockey_venue_win_rate,1182.7945985794067
2023,SPEED_PLUS_DAY_BIAS,30,auto_history_finish_position_last,1159.8747577667236
2023,SPEED_PLUS_DAY_BIAS,31,auto_history_finish_position_coefficient_of_variation,1147.403079509735
2023,SPEED_PLUS_DAY_BIAS,32,actor_trainer_race_class_effective_avg_finish,1123.54208278656
2023,SPEED_PLUS_DAY_BIAS,33,actor_jockey_recent_effective_avg_finish,1112.505214691162
2023,SPEED_PLUS_DAY_BIAS,34,auto_finish_same_surface_median,1096.5825505256653
2023,SPEED_PLUS_DAY_BIAS,35,regime_speed_resid_std5,1069.007525920868
2023,SPEED_PLUS_DAY_BIAS,36,body_weight,1048.5402221679688
2023,SPEED_PLUS_DAY_BIAS,37,auto_finish_same_direction_mean,1042.5357084274292
2023,SPEED_PLUS_DAY_BIAS,38,actor_jockey_distance_band_win_rate,1039.441204547882
2023,SPEED_PLUS_DAY_BIAS,39,actor_jockey_distance_band_top3_rate,1015.4246411323547
2023,SPEED_PLUS_DAY_BIAS,40,actor_trainer_venue_top3_rate,1002.1152377128601
2023,SPEED_PLUS_DAY_BIAS,41,auto_finish_same_surface_mean,963.313413143158
2023,SPEED_PLUS_DAY_BIAS,42,distance_change_m,962.3204145431519
2023,SPEED_PLUS_DAY_BIAS,43,actor_jockey_all_top3_rate,944.7843403816223
2023,SPEED_PLUS_DAY_BIAS,44,auto_field_network_elo_rating_gap_to_top3_mean,924.6307635307312
2023,SPEED_PLUS_DAY_BIAS,45,auto_field_recent_avg_finish_diff_median,913.8661036491394
2023,SPEED_PLUS_DAY_BIAS,46,timepace_recent_avg_normalized_last3f,836.0830230712891
2023,SPEED_PLUS_DAY_BIAS,47,actor_jockey_recent_avg_finish,833.5247616767883
2023,SPEED_PLUS_DAY_BIAS,48,actor_jockey_race_class_effective_win_rate,820.8725028038025
2023,SPEED_PLUS_DAY_BIAS,49,auto_field_recent_top3_rate_diff_mean,787.5033507347107
2023,SPEED_PLUS_DAY_BIAS,50,actor_jockey_all_effective_win_rate,762.1778178215027
2023,SPEED_PLUS_DAY_BIAS,51,auto_field_network_elo_rating_percentile,762.019802570343
2023,SPEED_PLUS_DAY_BIAS,52,actor_trainer_venue_effective_top3_rate,756.4430999755859
2023,SPEED_PLUS_DAY_BIAS,53,actor_jockey_race_class_effective_avg_finish,722.055965423584
2023,SPEED_PLUS_DAY_BIAS,54,opponent_history_avg_field_elo,715.9658451080322
2023,SPEED_PLUS_DAY_BIAS,55,opponent_current_field_avg_elo,702.9477648735046
2023,SPEED_PLUS_DAY_BIAS,56,regime_speed_resid_slope3,693.3799200057983
2023,SPEED_PLUS_DAY_BIAS,57,auto_field_recent_avg_last_3f_percentile,684.3288598060608
2023,SPEED_PLUS_DAY_BIAS,58,actor_jockey_race_class_avg_finish,679.5369291305542
2023,SPEED_PLUS_DAY_BIAS,59,auto_margin_gap_same_class_trend,677.3668570518494
2023,SPEED_PLUS_DAY_BIAS,60,opponent_recent_max_win_rate,677.3431496620178
2023,SPEED_PLUS_DAY_BIAS,61,actor_trainer_recent_effective_top3_rate,677.3270518779755
2023,SPEED_PLUS_DAY_BIAS,62,auto_field_recent_top3_rate_gap_to_top3_mean,674.1052331924438
2023,SPEED_PLUS_DAY_BIAS,63,actor_jockey_surface_effective_top3_rate,666.2974491119385
2023,SPEED_PLUS_DAY_BIAS,64,regime_speed_resid_lag2,636.064670085907
2023,SPEED_PLUS_DAY_BIAS,65,opponent_recent_avg_known_count,624.4286274909973
2023,SPEED_PLUS_DAY_BIAS,66,actor_jockey_recent_effective_top3_rate,615.9338827133179
2023,SPEED_PLUS_DAY_BIAS,67,timepace_recent_avg_normalized_time,611.2279708385468
2023,SPEED_PLUS_DAY_BIAS,68,auto_finish_within_200m_median,610.2791905403137
2023,SPEED_PLUS_DAY_BIAS,69,actor_trainer_race_class_effective_top3_rate,607.4777617454529
2023,SPEED_PLUS_DAY_BIAS,70,auto_field_recent_avg_speed_mps_diff_median,600.7303438186646
2023,SPEED_PLUS_DAY_BIAS,71,opponent_history_avg_opponent_top3_rate,596.3683667182922
2023,SPEED_PLUS_DAY_BIAS,72,auto_field_recent_avg_last_3f_diff_mean,586.0671277046204
2023,SPEED_PLUS_DAY_BIAS,73,actor_trainer_race_class_avg_finish,544.648202419281
2023,SPEED_PLUS_DAY_BIAS,74,actor_jockey_all_win_rate,541.795229434967
2023,SPEED_PLUS_DAY_BIAS,75,opponent_previous_avg_starts,539.6876502037048
2023,SPEED_PLUS_DAY_BIAS,76,actor_jockey_surface_effective_avg_finish,538.6630206108093
2023,SPEED_PLUS_DAY_BIAS,77,horse_inner_score,523.8867130279541
2023,SPEED_PLUS_DAY_BIAS,78,auto_finish_same_age_condition_trend,516.2303829193115
2023,SPEED_PLUS_DAY_BIAS,79,actor_trainer_race_class_top3_rate,508.2914619445801
2023,SPEED_PLUS_DAY_BIAS,80,regime_speed_resid_accel,505.7291798591614
2023,SPEED_DAY_INTERACTION,1,auto_history_finish_position_ewma,30473.048717975616
2023,SPEED_DAY_INTERACTION,2,regime_speed_resid_lag1,13340.007780790329
2023,SPEED_DAY_INTERACTION,3,auto_field_recent_avg_finish_zscore,10764.483283996582
2023,SPEED_DAY_INTERACTION,4,auto_field_recent_top3_rate_zscore,6541.724967479706
2023,SPEED_DAY_INTERACTION,5,regime_speed_resid_mean3,5930.823113918304
2023,SPEED_DAY_INTERACTION,6,auto_field_recent_avg_finish_gap_to_top3_mean,3654.065708398819
2023,SPEED_DAY_INTERACTION,7,regime_speed_resid_mean5,3356.784311056137
2023,SPEED_DAY_INTERACTION,8,regime_speed_resid_strength3,3061.233540058136
2023,SPEED_DAY_INTERACTION,9,auto_finish_same_class_success_rate,2918.67165184021
2023,SPEED_DAY_INTERACTION,10,auto_field_recent_avg_finish_diff_mean,2741.7869443893433
2023,SPEED_DAY_INTERACTION,11,actor_jockey_venue_effective_top3_rate,2533.160280227661
2023,SPEED_DAY_INTERACTION,12,opponent_recent_avg_top3_rate,2516.7225127220154
2023,SPEED_DAY_INTERACTION,13,auto_finish_same_surface_success_rate,2498.828013420105
2023,SPEED_DAY_INTERACTION,14,previous_finish_position,2217.9713287353516
2023,SPEED_DAY_INTERACTION,15,actor_jockey_venue_top3_rate,2184.0452451705933
2023,SPEED_DAY_INTERACTION,16,auto_finish_same_class_median,2135.402868270874
2023,SPEED_DAY_INTERACTION,17,opponent_recent_avg_win_rate,2104.7017300128937
2023,SPEED_DAY_INTERACTION,18,auto_finish_same_class_mean,1985.9364223480225
2023,SPEED_DAY_INTERACTION,19,auto_field_recent_avg_last_3f_diff_median,1784.7531933784485
2023,SPEED_DAY_INTERACTION,20,horse_front_score,1663.5405411720276
2023,SPEED_DAY_INTERACTION,21,timepace_recent_avg_performance_score,1484.1382493972778
2023,SPEED_DAY_INTERACTION,22,actor_jockey_distance_band_win_rate,1425.0579495429993
2023,SPEED_DAY_INTERACTION,23,days_since_last_start,1417.2916512489319
2023,SPEED_DAY_INTERACTION,24,actor_jockey_surface_top3_rate,1370.266577243805
2023,SPEED_DAY_INTERACTION,25,interact_regime_speed_resid_lag1__x__daybias_speed_adv_ewma,1346.2746000289917
2023,SPEED_DAY_INTERACTION,26,auto_finish_same_direction_mean,1312.2837362289429
2023,SPEED_DAY_INTERACTION,27,actor_jockey_recent_avg_finish,1285.0984706878662
2023,SPEED_DAY_INTERACTION,28,opponent_recent_avg_starts,1225.9062054157257
2023,SPEED_DAY_INTERACTION,29,auto_field_recent_top3_rate_gap_to_top3_mean,1224.1292896270752
2023,SPEED_DAY_INTERACTION,30,auto_field_network_elo_rating_zscore,1215.1811277866364
2023,SPEED_DAY_INTERACTION,31,actor_jockey_venue_win_rate,1211.8536262512207
2023,SPEED_DAY_INTERACTION,32,auto_field_recent_top3_rate_diff_mean,1189.9932641983032
2023,SPEED_DAY_INTERACTION,33,auto_finish_same_class_trend,1150.120924949646
2023,SPEED_DAY_INTERACTION,34,actor_jockey_all_top3_rate,1131.4004454612732
2023,SPEED_DAY_INTERACTION,35,actor_trainer_venue_top3_rate,1127.5771446228027
2023,SPEED_DAY_INTERACTION,36,actor_jockey_distance_band_top3_rate,1108.6393308639526
2023,SPEED_DAY_INTERACTION,37,actor_jockey_recent_effective_avg_finish,1073.4485778808594
2023,SPEED_DAY_INTERACTION,38,body_weight,1049.3139026165009
2023,SPEED_DAY_INTERACTION,39,auto_history_finish_position_coefficient_of_variation,1021.0951113700867
2023,SPEED_DAY_INTERACTION,40,auto_history_finish_position_last,1019.3181872367859
2023,SPEED_DAY_INTERACTION,41,auto_finish_same_surface_mean,1016.1990361213684
2023,SPEED_DAY_INTERACTION,42,distance_change_m,1015.9172928333282
2023,SPEED_DAY_INTERACTION,43,auto_finish_same_surface_median,1010.1912932395935
2023,SPEED_DAY_INTERACTION,44,actor_jockey_surface_win_rate,1004.3287420272827
2023,SPEED_DAY_INTERACTION,45,regime_speed_resid_std5,974.7744753360748
2023,SPEED_DAY_INTERACTION,46,actor_jockey_all_effective_win_rate,935.5315008163452
2023,SPEED_DAY_INTERACTION,47,actor_trainer_race_class_effective_avg_finish,920.7457327842712
2023,SPEED_DAY_INTERACTION,48,actor_trainer_race_class_avg_finish,916.5780682563782
2023,SPEED_DAY_INTERACTION,49,auto_field_recent_avg_finish_diff_median,911.4856462478638
2023,SPEED_DAY_INTERACTION,50,auto_field_network_elo_rating_gap_to_top3_mean,838.864827632904
2023,SPEED_DAY_INTERACTION,51,actor_trainer_recent_effective_top3_rate,820.3036980628967
2023,SPEED_DAY_INTERACTION,52,interact_regime_speed_resid_lag1__x__daybias_last3_gap_ewma,802.0147128105164
2023,SPEED_DAY_INTERACTION,53,opponent_history_avg_field_elo,800.3942046165466
2023,SPEED_DAY_INTERACTION,54,timepace_recent_avg_normalized_last3f,793.3262903690338
2023,SPEED_DAY_INTERACTION,55,opponent_recent_max_win_rate,780.1103811264038
2023,SPEED_DAY_INTERACTION,56,actor_jockey_distance_band_effective_win_rate,759.4784927368164
2023,SPEED_DAY_INTERACTION,57,actor_jockey_race_class_avg_finish,720.8348431587219
2023,SPEED_DAY_INTERACTION,58,auto_field_network_elo_rating_percentile,716.4838037490845
2023,SPEED_DAY_INTERACTION,59,opponent_current_field_avg_elo,698.7171812057495
2023,SPEED_DAY_INTERACTION,60,actor_trainer_race_class_top3_rate,689.0503187179565
2023,SPEED_DAY_INTERACTION,61,actor_jockey_race_class_effective_avg_finish,675.3051223754883
2023,SPEED_DAY_INTERACTION,62,auto_field_recent_avg_last_3f_percentile,671.1126847267151
2023,SPEED_DAY_INTERACTION,63,auto_pair_distance_vs_recent_mean_normalized_diff,669.4318199157715
2023,SPEED_DAY_INTERACTION,64,timepace_recent_avg_normalized_time,658.5763006210327
2023,SPEED_DAY_INTERACTION,65,auto_field_recent_avg_finish_percentile,639.9637885093689
2023,SPEED_DAY_INTERACTION,66,actor_jockey_race_class_effective_win_rate,636.8353719711304
2023,SPEED_DAY_INTERACTION,67,auto_field_recent_avg_last_3f_diff_mean,631.5322856903076
2023,SPEED_DAY_INTERACTION,68,actor_jockey_race_class_top3_rate,622.3802242279053
2023,SPEED_DAY_INTERACTION,69,actor_jockey_distance_band_effective_top3_rate,618.2887716293335
2023,SPEED_DAY_INTERACTION,70,actor_jockey_venue_effective_win_rate,610.353048324585
2023,SPEED_DAY_INTERACTION,71,auto_field_recent_top3_rate_diff_median,608.4571118354797
2023,SPEED_DAY_INTERACTION,72,actor_jockey_recent_effective_top3_rate,603.4029722213745
2023,SPEED_DAY_INTERACTION,73,auto_margin_gap_same_class_mean,592.9234237670898
2023,SPEED_DAY_INTERACTION,74,regime_speed_resid_lag2,582.6222190856934
2023,SPEED_DAY_INTERACTION,75,opponent_history_avg_opponent_top3_rate,568.1413178443909
2023,SPEED_DAY_INTERACTION,76,actor_jockey_all_win_rate,567.2883563041687
2023,SPEED_DAY_INTERACTION,77,auto_finish_within_300m_success_rate,561.9402298927307
2023,SPEED_DAY_INTERACTION,78,auto_field_recent_avg_speed_mps_diff_median,560.943507194519
2023,SPEED_DAY_INTERACTION,79,regime_speed_resid_std3,553.5988013744354
2023,SPEED_DAY_INTERACTION,80,auto_finish_within_100m_mean,551.3606042861938
2024,BASELINE,1,auto_history_finish_position_ewma,37084.617017269135
2024,BASELINE,2,previous_finish_position,9499.144765377045
2024,BASELINE,3,auto_field_recent_avg_finish_gap_to_top3_mean,7709.509463310242
2024,BASELINE,4,auto_field_recent_avg_finish_gap_to_top2_mean,7551.430270195007
2024,BASELINE,5,auto_field_recent_top3_rate_zscore,7291.281976222992
2024,BASELINE,6,auto_field_recent_avg_finish_zscore,5681.516105175018
2024,BASELINE,7,actor_jockey_venue_effective_win_rate,3886.8005928993225
2024,BASELINE,8,auto_field_recent_avg_finish_diff_mean,3567.6644053459167
2024,BASELINE,9,auto_finish_same_surface_success_rate,3080.9336557388306
2024,BASELINE,10,timepace_recent_avg_performance_score,2751.680209875107
2024,BASELINE,11,auto_finish_same_class_median,2714.894642829895
2024,BASELINE,12,auto_finish_same_class_success_rate,2663.397805213928
2024,BASELINE,13,auto_finish_same_surface_median,2413.2387433052063
2024,BASELINE,14,auto_field_recent_top3_rate_diff_mean,2366.7474517822266
2024,BASELINE,15,actor_jockey_venue_win_rate,1925.7383890151978
2024,BASELINE,16,actor_jockey_venue_effective_top3_rate,1850.3748598098755
2024,BASELINE,17,actor_jockey_recent_effective_avg_finish,1812.1590657234192
2024,BASELINE,18,opponent_recent_avg_top3_rate,1784.9255981445312
2024,BASELINE,19,auto_field_network_elo_rating_percentile,1727.2151103019714
2024,BASELINE,20,auto_field_network_elo_rating_zscore,1725.0503568649292
2024,BASELINE,21,auto_field_recent_avg_last_3f_diff_median,1718.8010892868042
2024,BASELINE,22,days_since_last_start,1669.5052690505981
2024,BASELINE,23,actor_jockey_distance_band_top3_rate,1625.5933985710144
2024,BASELINE,24,actor_jockey_venue_top3_rate,1619.7868404388428
2024,BASELINE,25,auto_finish_same_class_trend,1400.2511615753174
2024,BASELINE,26,opponent_recent_avg_starts,1390.989586353302
2024,BASELINE,27,auto_field_network_elo_rating_gap_to_top3_mean,1366.5274415016174
2024,BASELINE,28,auto_history_finish_position_coefficient_of_variation,1338.5336136817932
2024,BASELINE,29,auto_history_finish_position_last,1262.0282196998596
2024,BASELINE,30,actor_jockey_recent_avg_finish,1163.7048807144165
2024,BASELINE,31,auto_finish_same_class_mean,1143.1541781425476
2024,BASELINE,32,opponent_recent_avg_win_rate,1124.6804161071777
2024,BASELINE,33,opponent_recent_max_win_rate,1010.3796553611755
2024,BASELINE,34,actor_trainer_venue_top3_rate,992.987301826477
2024,BASELINE,35,auto_finish_within_200m_median,966.9769086837769
2024,BASELINE,36,opponent_strong_opponent_beat_rate,947.0007915496826
2024,BASELINE,37,actor_jockey_surface_avg_finish,943.9382705688477
2024,BASELINE,38,timepace_recent_avg_normalized_last3f,930.0961780548096
2024,BASELINE,39,timepace_recent_avg_normalized_time,895.025545835495
2024,BASELINE,40,body_weight,881.6925947666168
2024,BASELINE,41,auto_field_recent_avg_finish_diff_median,876.3726081848145
2024,BASELINE,42,distance_change_m,866.3002688884735
2024,BASELINE,43,auto_field_recent_top3_rate_gap_to_top3_mean,856.2076106071472
2024,BASELINE,44,actor_trainer_race_class_effective_top3_rate,840.5820159912109
2024,BASELINE,45,actor_jockey_race_class_avg_finish,837.382171869278
2024,BASELINE,46,auto_finish_same_surface_mean,821.5581197738647
2024,BASELINE,47,actor_jockey_venue_avg_finish,811.7529172897339
2024,BASELINE,48,actor_jockey_recent_effective_top3_rate,742.3584580421448
2024,BASELINE,49,auto_field_recent_avg_speed_mps_percentile,726.5429062843323
2024,BASELINE,50,opponent_previous_avg_starts,722.5632171630859
2024,BASELINE,51,actor_jockey_race_class_win_rate,708.0982222557068
2024,BASELINE,52,actor_trainer_venue_effective_top3_rate,683.9473996162415
2024,BASELINE,53,auto_field_network_elo_rating_diff_mean,675.7189402580261
2024,BASELINE,54,opponent_current_field_avg_elo,668.8607926368713
2024,BASELINE,55,actor_jockey_distance_band_win_rate,661.448009967804
2024,BASELINE,56,actor_trainer_race_class_top3_rate,660.4425435066223
2024,BASELINE,57,auto_history_finish_position_stddev,631.6704397201538
2024,BASELINE,58,auto_history_speed_mps_linear_trend,628.4251198768616
2024,BASELINE,59,timepace_slow_pace_avg_performance_score,625.9950938224792
2024,BASELINE,60,auto_field_recent_avg_speed_mps_diff_median,617.7975497245789
2024,BASELINE,61,auto_history_last_3f_previous_delta,610.3797826766968
2024,BASELINE,62,opponent_previous_known_count,608.3095026016235
2024,BASELINE,63,actor_jockey_all_effective_win_rate,606.7251930236816
2024,BASELINE,64,actor_trainer_race_class_effective_avg_finish,603.880607843399
2024,BASELINE,65,actor_trainer_surface_win_rate,598.7433385848999
2024,BASELINE,66,auto_pair_distance_vs_recent_mean_normalized_diff,581.1742219924927
2024,BASELINE,67,actor_jockey_distance_band_effective_win_rate,575.4654951095581
2024,BASELINE,68,actor_jockey_surface_effective_top3_rate,575.3506045341492
2024,BASELINE,69,auto_finish_same_age_condition_trend,572.9927351474762
2024,BASELINE,70,opponent_previous_max_win_rate,568.9231872558594
2024,BASELINE,71,actor_jockey_surface_top3_rate,537.4958505630493
2024,BASELINE,72,actor_trainer_all_effective_starts,528.4325094223022
2024,BASELINE,73,actor_trainer_surface_effective_win_rate,521.8586277961731
2024,BASELINE,74,timepace_even_pace_avg_performance_score,513.7917289733887
2024,BASELINE,75,auto_field_recent_avg_finish_percentile,507.63628244400024
2024,BASELINE,76,auto_history_body_weight_min,506.5555682182312
2024,BASELINE,77,actor_trainer_all_win_rate,497.9665322303772
2024,BASELINE,78,actor_jockey_recent_effective_win_rate,497.95481729507446
2024,BASELINE,79,actor_jockey_venue_effective_avg_finish,472.2012538909912
2024,BASELINE,80,auto_finish_same_going_mean,470.42629051208496
2024,SPEED_REGIME,1,auto_history_finish_position_ewma,38309.93483400345
2024,SPEED_REGIME,2,regime_speed_resid_lag1,11543.873328924179
2024,SPEED_REGIME,3,regime_speed_resid_mean3,9306.6463971138
2024,SPEED_REGIME,4,auto_field_recent_top3_rate_zscore,7805.094463348389
2024,SPEED_REGIME,5,auto_field_recent_avg_finish_gap_to_top3_mean,4686.441913127899
2024,SPEED_REGIME,6,auto_field_recent_avg_finish_zscore,4431.130828857422
2024,SPEED_REGIME,7,auto_finish_same_surface_success_rate,3744.1778354644775
2024,SPEED_REGIME,8,auto_field_recent_avg_finish_diff_mean,3008.6634392738342
2024,SPEED_REGIME,9,auto_finish_same_class_median,2553.707296848297
2024,SPEED_REGIME,10,actor_jockey_venue_top3_rate,2532.8360772132874
2024,SPEED_REGIME,11,actor_jockey_venue_effective_win_rate,2491.175971508026
2024,SPEED_REGIME,12,auto_field_recent_avg_finish_gap_to_top2_mean,2444.393750190735
2024,SPEED_REGIME,13,timepace_recent_avg_performance_score,2383.501587867737
2024,SPEED_REGIME,14,actor_jockey_venue_effective_top3_rate,2233.5510206222534
2024,SPEED_REGIME,15,auto_finish_same_surface_median,2227.406277656555
2024,SPEED_REGIME,16,auto_finish_same_class_success_rate,2203.813359260559
2024,SPEED_REGIME,17,auto_finish_same_class_mean,2202.0392122268677
2024,SPEED_REGIME,18,actor_jockey_venue_win_rate,2057.1531286239624
2024,SPEED_REGIME,19,opponent_recent_avg_top3_rate,1968.3790349960327
2024,SPEED_REGIME,20,days_since_last_start,1876.3242440223694
2024,SPEED_REGIME,21,regime_speed_resid_strength3,1875.9551191329956
2024,SPEED_REGIME,22,auto_field_recent_top3_rate_gap_to_top3_mean,1784.8495221138
2024,SPEED_REGIME,23,actor_jockey_recent_effective_avg_finish,1746.7439770698547
2024,SPEED_REGIME,24,auto_field_recent_avg_last_3f_diff_median,1736.61740732193
2024,SPEED_REGIME,25,auto_field_network_elo_rating_zscore,1669.7679052352905
2024,SPEED_REGIME,26,auto_field_network_elo_rating_percentile,1644.7229704856873
2024,SPEED_REGIME,27,auto_finish_same_class_trend,1623.6673629283905
2024,SPEED_REGIME,28,opponent_recent_avg_win_rate,1469.8481986522675
2024,SPEED_REGIME,29,actor_jockey_surface_avg_finish,1368.289270401001
2024,SPEED_REGIME,30,actor_jockey_recent_avg_finish,1345.0649619102478
2024,SPEED_REGIME,31,auto_field_recent_top3_rate_diff_mean,1315.728920698166
2024,SPEED_REGIME,32,previous_finish_position,1273.49356508255
2024,SPEED_REGIME,33,auto_history_finish_position_coefficient_of_variation,1239.574408531189
2024,SPEED_REGIME,34,regime_speed_resid_mean5,1197.9306683540344
2024,SPEED_REGIME,35,regime_speed_resid_std5,1184.8382530212402
2024,SPEED_REGIME,36,opponent_recent_max_win_rate,1048.0631432533264
2024,SPEED_REGIME,37,actor_trainer_race_class_effective_top3_rate,1040.5144777297974
2024,SPEED_REGIME,38,timepace_recent_avg_normalized_last3f,977.9146263599396
2024,SPEED_REGIME,39,actor_jockey_distance_band_top3_rate,955.574423789978
2024,SPEED_REGIME,40,body_weight,886.6377260684967
2024,SPEED_REGIME,41,auto_field_network_elo_rating_gap_to_top3_mean,882.190417766571
2024,SPEED_REGIME,42,actor_jockey_surface_top3_rate,878.5753374099731
2024,SPEED_REGIME,43,actor_trainer_venue_top3_rate,852.5700466632843
2024,SPEED_REGIME,44,actor_jockey_recent_effective_top3_rate,850.098295211792
2024,SPEED_REGIME,45,opponent_recent_avg_starts,792.2405104637146
2024,SPEED_REGIME,46,actor_jockey_venue_avg_finish,783.2732539176941
2024,SPEED_REGIME,47,distance_change_m,783.0632762908936
2024,SPEED_REGIME,48,actor_jockey_race_class_effective_top3_rate,744.1148386001587
2024,SPEED_REGIME,49,actor_trainer_race_class_effective_avg_finish,743.0255055427551
2024,SPEED_REGIME,50,auto_history_finish_position_last,739.2667942047119
2024,SPEED_REGIME,51,auto_pair_distance_vs_recent_mean_normalized_diff,733.8509283065796
2024,SPEED_REGIME,52,regime_speed_resid_lag2,726.0927090644836
2024,SPEED_REGIME,53,opponent_current_field_avg_elo,719.3997120857239
2024,SPEED_REGIME,54,actor_jockey_distance_band_win_rate,657.0904588699341
2024,SPEED_REGIME,55,timepace_slow_pace_avg_performance_score,644.303426027298
2024,SPEED_REGIME,56,opponent_history_avg_field_elo,635.938720703125
2024,SPEED_REGIME,57,opponent_previous_avg_starts,629.5676155090332
2024,SPEED_REGIME,58,same_surface_top3_rate,621.8304824829102
2024,SPEED_REGIME,59,auto_finish_same_age_condition_trend,616.6956021785736
2024,SPEED_REGIME,60,opponent_previous_max_win_rate,612.5280632972717
2024,SPEED_REGIME,61,timepace_recent_avg_normalized_time,610.3775129318237
2024,SPEED_REGIME,62,actor_jockey_race_class_effective_avg_finish,596.3907880783081
2024,SPEED_REGIME,63,auto_finish_same_surface_mean,595.7765922546387
2024,SPEED_REGIME,64,auto_field_recent_avg_speed_mps_diff_mean,591.0379252433777
2024,SPEED_REGIME,65,actor_jockey_distance_band_effective_win_rate,586.5618114471436
2024,SPEED_REGIME,66,actor_trainer_surface_effective_top3_rate,576.4192328453064
2024,SPEED_REGIME,67,actor_jockey_race_class_top3_rate,575.1799869537354
2024,SPEED_REGIME,68,actor_jockey_all_win_rate,572.051905632019
2024,SPEED_REGIME,69,actor_jockey_distance_band_effective_top3_rate,570.5292239189148
2024,SPEED_REGIME,70,actor_trainer_all_effective_starts,559.4602863788605
2024,SPEED_REGIME,71,actor_trainer_surface_effective_win_rate,559.0744552612305
2024,SPEED_REGIME,72,actor_jockey_race_class_avg_finish,554.3783619403839
2024,SPEED_REGIME,73,opponent_history_avg_opponent_top3_rate,549.1367402076721
2024,SPEED_REGIME,74,auto_field_network_elo_rating_diff_median,548.5748085975647
2024,SPEED_REGIME,75,auto_history_finish_position_stddev,537.2146253585815
2024,SPEED_REGIME,76,auto_finish_within_200m_median,530.2650618553162
2024,SPEED_REGIME,77,actor_trainer_all_win_rate,527.0190830230713
2024,SPEED_REGIME,78,auto_field_recent_avg_speed_mps_percentile,524.7010688781738
2024,SPEED_REGIME,79,auto_field_recent_avg_finish_diff_median,523.025484085083
2024,SPEED_REGIME,80,actor_trainer_recent_effective_top3_rate,520.2693195343018
2024,DAY_BIAS,1,auto_history_finish_position_ewma,39567.4009270668
2024,DAY_BIAS,2,previous_finish_position,10250.791835308075
2024,DAY_BIAS,3,auto_field_recent_top3_rate_zscore,8512.560614347458
2024,DAY_BIAS,4,auto_field_recent_avg_finish_gap_to_top3_mean,7378.544689655304
2024,DAY_BIAS,5,auto_field_recent_avg_finish_diff_mean,6708.52249956131
2024,DAY_BIAS,6,actor_jockey_venue_effective_win_rate,3601.2619457244873
2024,DAY_BIAS,7,auto_field_recent_avg_finish_zscore,3543.0568833351135
2024,DAY_BIAS,8,auto_finish_same_class_median,2910.825927257538
2024,DAY_BIAS,9,timepace_recent_avg_performance_score,2622.5755219459534
2024,DAY_BIAS,10,auto_finish_same_surface_success_rate,2616.0435152053833
2024,DAY_BIAS,11,auto_field_recent_avg_finish_gap_to_top2_mean,2445.5406947135925
2024,DAY_BIAS,12,auto_field_network_elo_rating_zscore,2384.5236637592316
2024,DAY_BIAS,13,actor_jockey_venue_win_rate,2251.6243019104004
2024,DAY_BIAS,14,actor_jockey_venue_effective_top3_rate,2112.90358543396
2024,DAY_BIAS,15,auto_finish_same_class_success_rate,2034.3842730522156
2024,DAY_BIAS,16,auto_field_recent_top3_rate_diff_mean,1921.8958325386047
2024,DAY_BIAS,17,actor_jockey_recent_effective_avg_finish,1852.0335516929626
2024,DAY_BIAS,18,auto_field_network_elo_rating_percentile,1780.0457320213318
2024,DAY_BIAS,19,auto_finish_same_surface_median,1757.2625560760498
2024,DAY_BIAS,20,auto_field_recent_avg_last_3f_diff_median,1729.0746693611145
2024,DAY_BIAS,21,days_since_last_start,1568.860860824585
2024,DAY_BIAS,22,auto_finish_same_class_mean,1545.0716633796692
2024,DAY_BIAS,23,actor_jockey_venue_top3_rate,1508.3047142028809
2024,DAY_BIAS,24,opponent_recent_avg_top3_rate,1502.5494816303253
2024,DAY_BIAS,25,auto_finish_same_class_trend,1454.8417692184448
2024,DAY_BIAS,26,same_surface_top3_rate,1408.5611119270325
2024,DAY_BIAS,27,timepace_recent_avg_normalized_time,1306.6496319770813
2024,DAY_BIAS,28,opponent_recent_avg_starts,1289.4214923381805
2024,DAY_BIAS,29,actor_jockey_distance_band_top3_rate,1214.3183312416077
2024,DAY_BIAS,30,opponent_recent_avg_win_rate,1198.4373898506165
2024,DAY_BIAS,31,auto_history_finish_position_coefficient_of_variation,1193.0715193748474
2024,DAY_BIAS,32,auto_finish_same_surface_mean,1109.4100251197815
2024,DAY_BIAS,33,opponent_recent_max_win_rate,1099.1441459655762
2024,DAY_BIAS,34,auto_field_network_elo_rating_gap_to_top3_mean,1063.1063346862793
2024,DAY_BIAS,35,auto_finish_within_200m_median,1047.92746591568
2024,DAY_BIAS,36,actor_jockey_surface_top3_rate,1030.355682849884
2024,DAY_BIAS,37,actor_jockey_recent_avg_finish,969.1474351882935
2024,DAY_BIAS,38,auto_history_finish_position_last,933.1696004867554
2024,DAY_BIAS,39,opponent_strong_opponent_beat_rate,912.4882464408875
2024,DAY_BIAS,40,actor_trainer_venue_top3_rate,890.4035325050354
2024,DAY_BIAS,41,actor_jockey_venue_effective_avg_finish,867.6909799575806
2024,DAY_BIAS,42,body_weight,867.6227774620056
2024,DAY_BIAS,43,auto_field_recent_avg_speed_mps_percentile,847.8904280662537
2024,DAY_BIAS,44,auto_field_recent_avg_finish_diff_median,844.1572513580322
2024,DAY_BIAS,45,actor_trainer_race_class_effective_top3_rate,814.3636536598206
2024,DAY_BIAS,46,opponent_previous_avg_starts,808.795892238617
2024,DAY_BIAS,47,timepace_recent_avg_normalized_last3f,802.9199948310852
2024,DAY_BIAS,48,auto_field_recent_top3_rate_gap_to_top3_mean,767.252459526062
2024,DAY_BIAS,49,actor_jockey_all_win_rate,744.1955976486206
2024,DAY_BIAS,50,distance_change_m,709.7471196651459
2024,DAY_BIAS,51,auto_field_network_elo_rating_diff_mean,699.037456035614
2024,DAY_BIAS,52,actor_jockey_surface_avg_finish,686.0226173400879
2024,DAY_BIAS,53,actor_jockey_distance_band_effective_top3_rate,665.3258986473083
2024,DAY_BIAS,54,opponent_current_field_avg_elo,660.3631477355957
2024,DAY_BIAS,55,actor_jockey_race_class_effective_top3_rate,649.7728896141052
2024,DAY_BIAS,56,auto_history_speed_mps_linear_trend,639.748541355133
2024,DAY_BIAS,57,actor_jockey_recent_effective_top3_rate,638.7922220230103
2024,DAY_BIAS,58,actor_jockey_distance_band_win_rate,638.5077204704285
2024,DAY_BIAS,59,auto_pair_distance_vs_recent_mean_normalized_diff,634.5441126823425
2024,DAY_BIAS,60,actor_trainer_race_class_effective_avg_finish,630.9650058746338
2024,DAY_BIAS,61,auto_finish_same_age_condition_trend,619.5099132061005
2024,DAY_BIAS,62,timepace_even_pace_avg_performance_score,604.1163094043732
2024,DAY_BIAS,63,auto_history_finish_position_stddev,595.5174305438995
2024,DAY_BIAS,64,actor_jockey_distance_band_effective_avg_finish,588.4382438659668
2024,DAY_BIAS,65,actor_trainer_surface_win_rate,585.5154223442078
2024,DAY_BIAS,66,opponent_previous_known_count,579.5542712211609
2024,DAY_BIAS,67,actor_trainer_venue_effective_top3_rate,573.5465731620789
2024,DAY_BIAS,68,auto_field_recent_avg_speed_mps_diff_median,570.2701902389526
2024,DAY_BIAS,69,actor_trainer_surface_top3_rate,569.7785167694092
2024,DAY_BIAS,70,actor_jockey_venue_avg_finish,568.679651260376
2024,DAY_BIAS,71,actor_jockey_surface_effective_top3_rate,562.3138179779053
2024,DAY_BIAS,72,actor_jockey_race_class_avg_finish,537.7498488426208
2024,DAY_BIAS,73,auto_history_last_3f_previous_delta,536.6712517738342
2024,DAY_BIAS,74,auto_margin_gap_same_surface_trend,536.6665461063385
2024,DAY_BIAS,75,auto_finish_same_venue_mean,532.9966716766357
2024,DAY_BIAS,76,actor_jockey_race_class_win_rate,527.9117636680603
2024,DAY_BIAS,77,actor_trainer_surface_effective_win_rate,520.9897055625916
2024,DAY_BIAS,78,auto_field_network_elo_rating_diff_median,496.9020872116089
2024,DAY_BIAS,79,actor_trainer_surface_avg_finish,493.1604075431824
2024,DAY_BIAS,80,timepace_slow_pace_avg_performance_score,491.3201985359192
2024,DAY_BIAS_STYLE_FIT,1,auto_history_finish_position_ewma,46315.803893089294
2024,DAY_BIAS_STYLE_FIT,2,auto_field_recent_top3_rate_zscore,9141.121868133545
2024,DAY_BIAS_STYLE_FIT,3,auto_field_recent_avg_finish_gap_to_top3_mean,6439.580034255981
2024,DAY_BIAS_STYLE_FIT,4,previous_finish_position,6265.618698596954
2024,DAY_BIAS_STYLE_FIT,5,auto_field_recent_avg_finish_zscore,4614.267855167389
2024,DAY_BIAS_STYLE_FIT,6,actor_jockey_venue_effective_win_rate,4220.298632621765
2024,DAY_BIAS_STYLE_FIT,7,auto_field_recent_avg_finish_diff_mean,3960.642292022705
2024,DAY_BIAS_STYLE_FIT,8,auto_finish_same_surface_success_rate,3534.737916946411
2024,DAY_BIAS_STYLE_FIT,9,auto_finish_same_class_median,3360.8057494163513
2024,DAY_BIAS_STYLE_FIT,10,timepace_recent_avg_performance_score,2665.7092576026917
2024,DAY_BIAS_STYLE_FIT,11,auto_field_network_elo_rating_zscore,2434.8621582984924
2024,DAY_BIAS_STYLE_FIT,12,actor_jockey_venue_top3_rate,2357.731701850891
2024,DAY_BIAS_STYLE_FIT,13,actor_jockey_venue_win_rate,1958.2424430847168
2024,DAY_BIAS_STYLE_FIT,14,auto_field_network_elo_rating_percentile,1927.1640992164612
2024,DAY_BIAS_STYLE_FIT,15,auto_finish_same_class_success_rate,1910.8722290992737
2024,DAY_BIAS_STYLE_FIT,16,horse_front_score,1843.6297588348389
2024,DAY_BIAS_STYLE_FIT,17,days_since_last_start,1670.7389948368073
2024,DAY_BIAS_STYLE_FIT,18,auto_history_finish_position_last,1649.6010088920593
2024,DAY_BIAS_STYLE_FIT,19,auto_field_recent_top3_rate_diff_mean,1625.0426812171936
2024,DAY_BIAS_STYLE_FIT,20,actor_jockey_distance_band_top3_rate,1601.6621074676514
2024,DAY_BIAS_STYLE_FIT,21,auto_field_recent_avg_last_3f_diff_median,1577.5861883163452
2024,DAY_BIAS_STYLE_FIT,22,actor_jockey_recent_effective_avg_finish,1535.1280970573425
2024,DAY_BIAS_STYLE_FIT,23,auto_field_recent_top3_rate_percentile,1529.6598734855652
2024,DAY_BIAS_STYLE_FIT,24,opponent_recent_avg_top3_rate,1529.1124317646027
2024,DAY_BIAS_STYLE_FIT,25,auto_finish_same_surface_median,1445.462435722351
2024,DAY_BIAS_STYLE_FIT,26,auto_finish_same_surface_mean,1339.0607895851135
2024,DAY_BIAS_STYLE_FIT,27,auto_history_finish_position_coefficient_of_variation,1303.0729801654816
2024,DAY_BIAS_STYLE_FIT,28,actor_jockey_venue_effective_top3_rate,1278.6589732170105
2024,DAY_BIAS_STYLE_FIT,29,actor_jockey_recent_avg_finish,1257.4251046180725
2024,DAY_BIAS_STYLE_FIT,30,opponent_recent_avg_win_rate,1202.530840396881
2024,DAY_BIAS_STYLE_FIT,31,auto_finish_same_class_trend,1187.2780566215515
2024,DAY_BIAS_STYLE_FIT,32,opponent_recent_avg_starts,1153.9528756141663
2024,DAY_BIAS_STYLE_FIT,33,auto_field_network_elo_rating_gap_to_top3_mean,1148.2207589149475
2024,DAY_BIAS_STYLE_FIT,34,timepace_recent_avg_normalized_last3f,1133.5139844417572
2024,DAY_BIAS_STYLE_FIT,35,opponent_recent_max_win_rate,1130.8030695915222
2024,DAY_BIAS_STYLE_FIT,36,auto_finish_same_class_mean,1085.2717747688293
2024,DAY_BIAS_STYLE_FIT,37,actor_jockey_surface_avg_finish,983.44686460495
2024,DAY_BIAS_STYLE_FIT,38,actor_trainer_venue_top3_rate,942.1227040290833
2024,DAY_BIAS_STYLE_FIT,39,actor_jockey_distance_band_effective_win_rate,907.2770309448242
2024,DAY_BIAS_STYLE_FIT,40,opponent_previous_avg_starts,861.4368214607239
2024,DAY_BIAS_STYLE_FIT,41,body_weight,855.9367771148682
2024,DAY_BIAS_STYLE_FIT,42,auto_field_recent_avg_speed_mps_percentile,754.2363214492798
2024,DAY_BIAS_STYLE_FIT,43,actor_trainer_race_class_top3_rate,747.7979989051819
2024,DAY_BIAS_STYLE_FIT,44,timepace_recent_avg_normalized_time,734.0265455245972
2024,DAY_BIAS_STYLE_FIT,45,auto_field_recent_top3_rate_gap_to_top3_mean,727.2378706932068
2024,DAY_BIAS_STYLE_FIT,46,actor_jockey_recent_effective_top3_rate,723.3345215320587
2024,DAY_BIAS_STYLE_FIT,47,actor_jockey_surface_top3_rate,716.266604423523
2024,DAY_BIAS_STYLE_FIT,48,actor_jockey_venue_avg_finish,706.8463063240051
2024,DAY_BIAS_STYLE_FIT,49,auto_history_finish_position_stddev,698.1549270153046
2024,DAY_BIAS_STYLE_FIT,50,actor_trainer_race_class_effective_top3_rate,690.6491947174072
2024,DAY_BIAS_STYLE_FIT,51,actor_trainer_all_win_rate,683.1800818443298
2024,DAY_BIAS_STYLE_FIT,52,opponent_current_field_avg_elo,672.7579040527344
2024,DAY_BIAS_STYLE_FIT,53,actor_trainer_surface_top3_rate,663.7875814437866
2024,DAY_BIAS_STYLE_FIT,54,opponent_strong_opponent_beat_rate,655.4872813224792
2024,DAY_BIAS_STYLE_FIT,55,auto_finish_same_age_condition_mean,634.4260497093201
2024,DAY_BIAS_STYLE_FIT,56,auto_pair_distance_vs_recent_mean_normalized_diff,633.091383934021
2024,DAY_BIAS_STYLE_FIT,57,auto_history_finish_position_rolling_2_mean,627.5422248840332
2024,DAY_BIAS_STYLE_FIT,58,distance_change_m,622.9017102718353
2024,DAY_BIAS_STYLE_FIT,59,auto_finish_within_200m_median,605.4619889259338
2024,DAY_BIAS_STYLE_FIT,60,opponent_history_avg_field_elo,579.9948587417603
2024,DAY_BIAS_STYLE_FIT,61,actor_trainer_race_class_effective_avg_finish,574.5736465454102
2024,DAY_BIAS_STYLE_FIT,62,auto_history_speed_mps_linear_trend,540.2938628196716
2024,DAY_BIAS_STYLE_FIT,63,timepace_even_pace_avg_performance_score,537.158331155777
2024,DAY_BIAS_STYLE_FIT,64,actor_jockey_race_class_avg_finish,537.0526213645935
2024,DAY_BIAS_STYLE_FIT,65,auto_finish_same_venue_mean,531.3729510307312
2024,DAY_BIAS_STYLE_FIT,66,timepace_recent_avg_normalized_early_pace,530.5433197021484
2024,DAY_BIAS_STYLE_FIT,67,actor_jockey_surface_effective_top3_rate,530.1271276473999
2024,DAY_BIAS_STYLE_FIT,68,actor_jockey_distance_band_avg_finish,522.4367485046387
2024,DAY_BIAS_STYLE_FIT,69,auto_field_recent_avg_finish_diff_median,519.950231552124
2024,DAY_BIAS_STYLE_FIT,70,actor_trainer_venue_effective_top3_rate,518.1069416999817
2024,DAY_BIAS_STYLE_FIT,71,auto_finish_same_age_condition_trend,511.7449116706848
2024,DAY_BIAS_STYLE_FIT,72,opponent_previous_known_count,503.54472970962524
2024,DAY_BIAS_STYLE_FIT,73,auto_finish_within_300m_mean,501.1877746582031
2024,DAY_BIAS_STYLE_FIT,74,fit_inner_ewma,493.51842045783997
2024,DAY_BIAS_STYLE_FIT,75,auto_history_last_3f_previous_delta,486.4290599822998
2024,DAY_BIAS_STYLE_FIT,76,actor_trainer_surface_effective_win_rate,485.4081196784973
2024,DAY_BIAS_STYLE_FIT,77,timepace_slow_pace_avg_performance_score,482.59307956695557
2024,DAY_BIAS_STYLE_FIT,78,actor_jockey_venue_effective_avg_finish,481.8520426750183
2024,DAY_BIAS_STYLE_FIT,79,actor_trainer_surface_win_rate,469.4128727912903
2024,DAY_BIAS_STYLE_FIT,80,auto_field_recent_top3_rate_gap_to_top2_mean,466.10198402404785
2024,SPEED_PLUS_DAY_BIAS,1,auto_history_finish_position_ewma,34996.4703540802
2024,SPEED_PLUS_DAY_BIAS,2,regime_speed_resid_lag1,11633.412299633026
2024,SPEED_PLUS_DAY_BIAS,3,regime_speed_resid_mean3,10208.405807495117
2024,SPEED_PLUS_DAY_BIAS,4,auto_field_recent_top3_rate_zscore,8332.080277442932
2024,SPEED_PLUS_DAY_BIAS,5,auto_field_recent_avg_finish_gap_to_top3_mean,8127.248677253723
2024,SPEED_PLUS_DAY_BIAS,6,auto_field_recent_avg_finish_diff_mean,5652.496723651886
2024,SPEED_PLUS_DAY_BIAS,7,auto_finish_same_surface_success_rate,3359.914433479309
2024,SPEED_PLUS_DAY_BIAS,8,actor_jockey_venue_effective_win_rate,2764.2678031921387
2024,SPEED_PLUS_DAY_BIAS,9,auto_finish_same_class_median,2644.530132293701
2024,SPEED_PLUS_DAY_BIAS,10,timepace_recent_avg_performance_score,2437.626684188843
2024,SPEED_PLUS_DAY_BIAS,11,actor_jockey_venue_effective_top3_rate,2412.526815891266
2024,SPEED_PLUS_DAY_BIAS,12,auto_finish_same_class_success_rate,2407.6714816093445
2024,SPEED_PLUS_DAY_BIAS,13,auto_field_recent_top3_rate_diff_mean,2226.8796668052673
2024,SPEED_PLUS_DAY_BIAS,14,opponent_recent_avg_top3_rate,2212.5668635368347
2024,SPEED_PLUS_DAY_BIAS,15,auto_finish_same_class_mean,2196.525607585907
2024,SPEED_PLUS_DAY_BIAS,16,regime_speed_resid_strength3,2062.0898270606995
2024,SPEED_PLUS_DAY_BIAS,17,previous_finish_position,2006.9901823997498
2024,SPEED_PLUS_DAY_BIAS,18,regime_speed_resid_mean5,1966.9872217178345
2024,SPEED_PLUS_DAY_BIAS,19,actor_jockey_recent_effective_avg_finish,1868.4306316375732
2024,SPEED_PLUS_DAY_BIAS,20,opponent_recent_avg_win_rate,1727.2309432029724
2024,SPEED_PLUS_DAY_BIAS,21,auto_field_recent_avg_last_3f_diff_median,1723.4020671844482
2024,SPEED_PLUS_DAY_BIAS,22,actor_jockey_venue_win_rate,1721.2617106437683
2024,SPEED_PLUS_DAY_BIAS,23,auto_finish_same_surface_median,1694.0024070739746
2024,SPEED_PLUS_DAY_BIAS,24,auto_field_network_elo_rating_percentile,1693.940686225891
2024,SPEED_PLUS_DAY_BIAS,25,days_since_last_start,1639.4943070411682
2024,SPEED_PLUS_DAY_BIAS,26,auto_finish_same_class_trend,1639.1476035118103
2024,SPEED_PLUS_DAY_BIAS,27,actor_jockey_distance_band_top3_rate,1626.507149219513
2024,SPEED_PLUS_DAY_BIAS,28,actor_jockey_venue_top3_rate,1605.9725542068481
2024,SPEED_PLUS_DAY_BIAS,29,horse_front_score,1470.9052243232727
2024,SPEED_PLUS_DAY_BIAS,30,auto_field_network_elo_rating_zscore,1440.5368690490723
2024,SPEED_PLUS_DAY_BIAS,31,actor_jockey_recent_avg_finish,1389.7637333869934
2024,SPEED_PLUS_DAY_BIAS,32,regime_speed_resid_std5,1218.924574136734
2024,SPEED_PLUS_DAY_BIAS,33,opponent_recent_max_win_rate,1096.2141199111938
2024,SPEED_PLUS_DAY_BIAS,34,actor_jockey_surface_top3_rate,1082.8538446426392
2024,SPEED_PLUS_DAY_BIAS,35,auto_history_finish_position_coefficient_of_variation,1018.6242592334747
2024,SPEED_PLUS_DAY_BIAS,36,auto_field_recent_avg_finish_zscore,1005.7088890075684
2024,SPEED_PLUS_DAY_BIAS,37,timepace_recent_avg_normalized_last3f,930.9345293045044
2024,SPEED_PLUS_DAY_BIAS,38,actor_trainer_race_class_effective_top3_rate,902.3723993301392
2024,SPEED_PLUS_DAY_BIAS,39,actor_trainer_venue_top3_rate,897.5340485572815
2024,SPEED_PLUS_DAY_BIAS,40,actor_jockey_surface_avg_finish,891.7310419082642
2024,SPEED_PLUS_DAY_BIAS,41,auto_field_recent_top3_rate_gap_to_top3_mean,869.5904688835144
2024,SPEED_PLUS_DAY_BIAS,42,auto_field_network_elo_rating_gap_to_top3_mean,814.9559812545776
2024,SPEED_PLUS_DAY_BIAS,43,distance_change_m,803.9180150032043
2024,SPEED_PLUS_DAY_BIAS,44,actor_jockey_recent_effective_top3_rate,801.9159293174744
2024,SPEED_PLUS_DAY_BIAS,45,auto_history_finish_position_last,768.0147752761841
2024,SPEED_PLUS_DAY_BIAS,46,auto_pair_distance_vs_recent_mean_normalized_diff,762.6247906684875
2024,SPEED_PLUS_DAY_BIAS,47,opponent_previous_avg_starts,762.216890335083
2024,SPEED_PLUS_DAY_BIAS,48,body_weight,738.5893330574036
2024,SPEED_PLUS_DAY_BIAS,49,opponent_current_field_avg_elo,733.4439206123352
2024,SPEED_PLUS_DAY_BIAS,50,regime_speed_resid_lag2,732.3388109207153
2024,SPEED_PLUS_DAY_BIAS,51,actor_jockey_venue_avg_finish,719.8924889564514
2024,SPEED_PLUS_DAY_BIAS,52,actor_jockey_race_class_effective_top3_rate,719.2124938964844
2024,SPEED_PLUS_DAY_BIAS,53,opponent_recent_avg_starts,711.5965883731842
2024,SPEED_PLUS_DAY_BIAS,54,actor_jockey_race_class_win_rate,687.2763757705688
2024,SPEED_PLUS_DAY_BIAS,55,actor_jockey_race_class_top3_rate,675.2099165916443
2024,SPEED_PLUS_DAY_BIAS,56,auto_field_recent_avg_last_3f_diff_mean,671.2910470962524
2024,SPEED_PLUS_DAY_BIAS,57,actor_jockey_all_avg_finish,664.1245875358582
2024,SPEED_PLUS_DAY_BIAS,58,opponent_previous_max_win_rate,639.3862037658691
2024,SPEED_PLUS_DAY_BIAS,59,auto_field_network_elo_rating_diff_mean,632.2626132965088
2024,SPEED_PLUS_DAY_BIAS,60,opponent_history_avg_field_elo,609.7613637447357
2024,SPEED_PLUS_DAY_BIAS,61,regime_speed_resid_slope3,602.8753752708435
2024,SPEED_PLUS_DAY_BIAS,62,auto_finish_same_venue_mean,594.9412698745728
2024,SPEED_PLUS_DAY_BIAS,63,actor_jockey_race_class_avg_finish,589.409051656723
2024,SPEED_PLUS_DAY_BIAS,64,opponent_strong_opponent_beat_rate,576.7830600738525
2024,SPEED_PLUS_DAY_BIAS,65,actor_jockey_distance_band_effective_avg_finish,572.7757792472839
2024,SPEED_PLUS_DAY_BIAS,66,actor_trainer_race_class_top3_rate,561.2565398216248
2024,SPEED_PLUS_DAY_BIAS,67,actor_trainer_surface_effective_win_rate,557.3669681549072
2024,SPEED_PLUS_DAY_BIAS,68,auto_finish_same_age_condition_trend,540.9789707660675
2024,SPEED_PLUS_DAY_BIAS,69,timepace_slow_pace_avg_performance_score,539.2742900848389
2024,SPEED_PLUS_DAY_BIAS,70,actor_jockey_distance_band_win_rate,536.8369030952454
2024,SPEED_PLUS_DAY_BIAS,71,actor_jockey_all_win_rate,522.2974863052368
2024,SPEED_PLUS_DAY_BIAS,72,actor_trainer_surface_win_rate,514.3596038818359
2024,SPEED_PLUS_DAY_BIAS,73,timepace_recent_avg_normalized_time,512.2635881900787
2024,SPEED_PLUS_DAY_BIAS,74,auto_history_body_weight_min,510.2760214805603
2024,SPEED_PLUS_DAY_BIAS,75,auto_finish_same_surface_mean,510.02121782302856
2024,SPEED_PLUS_DAY_BIAS,76,auto_field_recent_top3_rate_diff_median,499.39155983924866
2024,SPEED_PLUS_DAY_BIAS,77,fit_inner_ewma,492.62034034729004
2024,SPEED_PLUS_DAY_BIAS,78,auto_field_network_elo_rating_gap_to_best,489.93333649635315
2024,SPEED_PLUS_DAY_BIAS,79,actor_trainer_surface_avg_finish,488.831241607666
2024,SPEED_PLUS_DAY_BIAS,80,auto_field_recent_avg_speed_mps_percentile,485.5811114311218
2024,SPEED_DAY_INTERACTION,1,auto_history_finish_position_ewma,38931.40395402908
2024,SPEED_DAY_INTERACTION,2,regime_speed_resid_lag1,10372.540118694305
2024,SPEED_DAY_INTERACTION,3,auto_field_recent_top3_rate_zscore,8670.642273426056
2024,SPEED_DAY_INTERACTION,4,regime_speed_resid_mean3,7634.3142375946045
2024,SPEED_DAY_INTERACTION,5,auto_field_recent_avg_finish_gap_to_top3_mean,5641.132047653198
2024,SPEED_DAY_INTERACTION,6,auto_field_recent_avg_finish_zscore,4505.289530754089
2024,SPEED_DAY_INTERACTION,7,auto_field_recent_avg_finish_diff_mean,3799.2811155319214
2024,SPEED_DAY_INTERACTION,8,auto_finish_same_surface_success_rate,3118.1839747428894
2024,SPEED_DAY_INTERACTION,9,auto_finish_same_class_median,2817.936552286148
2024,SPEED_DAY_INTERACTION,10,actor_jockey_venue_effective_win_rate,2773.4724073410034
2024,SPEED_DAY_INTERACTION,11,auto_finish_same_surface_median,2717.2710819244385
2024,SPEED_DAY_INTERACTION,12,actor_jockey_venue_top3_rate,2293.9248390197754
2024,SPEED_DAY_INTERACTION,13,timepace_recent_avg_performance_score,2147.159730195999
2024,SPEED_DAY_INTERACTION,14,opponent_recent_avg_top3_rate,2096.4513580799103
2024,SPEED_DAY_INTERACTION,15,auto_finish_same_class_success_rate,2066.5814027786255
2024,SPEED_DAY_INTERACTION,16,previous_finish_position,2030.9567499160767
2024,SPEED_DAY_INTERACTION,17,actor_jockey_recent_effective_avg_finish,1942.4368505477905
2024,SPEED_DAY_INTERACTION,18,actor_jockey_venue_effective_top3_rate,1822.0115523338318
2024,SPEED_DAY_INTERACTION,19,auto_field_recent_avg_last_3f_diff_median,1757.1923303604126
2024,SPEED_DAY_INTERACTION,20,auto_finish_same_class_mean,1730.894948720932
2024,SPEED_DAY_INTERACTION,21,regime_speed_resid_mean5,1726.092336177826
2024,SPEED_DAY_INTERACTION,22,actor_jockey_distance_band_top3_rate,1697.0927267074585
2024,SPEED_DAY_INTERACTION,23,opponent_recent_avg_win_rate,1688.462097644806
2024,SPEED_DAY_INTERACTION,24,days_since_last_start,1662.038337945938
2024,SPEED_DAY_INTERACTION,25,regime_speed_resid_strength3,1658.5622553825378
2024,SPEED_DAY_INTERACTION,26,auto_finish_same_class_trend,1569.0452609062195
2024,SPEED_DAY_INTERACTION,27,auto_field_network_elo_rating_percentile,1540.708975315094
2024,SPEED_DAY_INTERACTION,28,actor_jockey_venue_win_rate,1468.3342018127441
2024,SPEED_DAY_INTERACTION,29,auto_field_recent_top3_rate_diff_mean,1404.2386808395386
2024,SPEED_DAY_INTERACTION,30,auto_field_recent_top3_rate_gap_to_top3_mean,1384.0577363967896
2024,SPEED_DAY_INTERACTION,31,auto_field_network_elo_rating_zscore,1382.7367696762085
2024,SPEED_DAY_INTERACTION,32,horse_front_score,1379.6279454231262
2024,SPEED_DAY_INTERACTION,33,actor_jockey_surface_avg_finish,1167.9898495674133
2024,SPEED_DAY_INTERACTION,34,actor_jockey_recent_avg_finish,1139.2352895736694
2024,SPEED_DAY_INTERACTION,35,auto_history_finish_position_coefficient_of_variation,1132.2372798919678
2024,SPEED_DAY_INTERACTION,36,opponent_recent_max_win_rate,1100.3713364601135
2024,SPEED_DAY_INTERACTION,37,regime_speed_resid_std5,1092.6829705238342
2024,SPEED_DAY_INTERACTION,38,actor_jockey_race_class_top3_rate,1089.490538597107
2024,SPEED_DAY_INTERACTION,39,actor_trainer_venue_top3_rate,998.7312107086182
2024,SPEED_DAY_INTERACTION,40,timepace_recent_avg_normalized_last3f,980.5063571929932
2024,SPEED_DAY_INTERACTION,41,body_weight,944.5319802761078
2024,SPEED_DAY_INTERACTION,42,actor_jockey_recent_effective_top3_rate,901.9150938987732
2024,SPEED_DAY_INTERACTION,43,auto_field_network_elo_rating_gap_to_top3_mean,887.1401224136353
2024,SPEED_DAY_INTERACTION,44,actor_jockey_distance_band_effective_win_rate,837.0032110214233
2024,SPEED_DAY_INTERACTION,45,regime_speed_resid_lag2,827.2653565406799
2024,SPEED_DAY_INTERACTION,46,opponent_recent_avg_starts,823.3957643508911
2024,SPEED_DAY_INTERACTION,47,actor_trainer_race_class_effective_top3_rate,791.5900654792786
2024,SPEED_DAY_INTERACTION,48,distance_change_m,788.0328683853149
2024,SPEED_DAY_INTERACTION,49,auto_field_network_elo_rating_diff_mean,779.2632260322571
2024,SPEED_DAY_INTERACTION,50,actor_trainer_all_win_rate,776.6177277565002
2024,SPEED_DAY_INTERACTION,51,auto_pair_distance_vs_recent_mean_normalized_diff,768.3042688369751
2024,SPEED_DAY_INTERACTION,52,same_surface_top3_rate,766.3802156448364
2024,SPEED_DAY_INTERACTION,53,actor_jockey_venue_avg_finish,695.0668385028839
2024,SPEED_DAY_INTERACTION,54,auto_field_recent_avg_last_3f_diff_mean,643.4980101585388
2024,SPEED_DAY_INTERACTION,55,opponent_previous_max_win_rate,640.9117474555969
2024,SPEED_DAY_INTERACTION,56,opponent_history_avg_field_elo,636.4054274559021
2024,SPEED_DAY_INTERACTION,57,opponent_current_field_avg_elo,630.3257994651794
2024,SPEED_DAY_INTERACTION,58,actor_jockey_distance_band_win_rate,628.031946182251
2024,SPEED_DAY_INTERACTION,59,timepace_recent_avg_normalized_time,620.2373466491699
2024,SPEED_DAY_INTERACTION,60,interact_regime_speed_resid_lag1__x__daybias_last3_gap_ewma,605.4953150749207
2024,SPEED_DAY_INTERACTION,61,auto_finish_same_surface_mean,583.8192496299744
2024,SPEED_DAY_INTERACTION,62,auto_finish_within_200m_median,571.4757323265076
2024,SPEED_DAY_INTERACTION,63,actor_jockey_surface_top3_rate,570.462176322937
2024,SPEED_DAY_INTERACTION,64,actor_jockey_race_class_avg_finish,565.7731928825378
2024,SPEED_DAY_INTERACTION,65,interact_regime_speed_resid_lag1__x__daybias_speed_adv_ewma,562.9560875892639
2024,SPEED_DAY_INTERACTION,66,actor_jockey_race_class_win_rate,555.4784646034241
2024,SPEED_DAY_INTERACTION,67,actor_trainer_all_effective_starts,552.4431991577148
2024,SPEED_DAY_INTERACTION,68,actor_trainer_race_class_effective_avg_finish,546.2879910469055
2024,SPEED_DAY_INTERACTION,69,auto_finish_same_venue_mean,538.4383306503296
2024,SPEED_DAY_INTERACTION,70,auto_finish_same_age_condition_trend,536.6437237262726
2024,SPEED_DAY_INTERACTION,71,regime_speed_resid_slope3,535.621009349823
2024,SPEED_DAY_INTERACTION,72,actor_jockey_distance_band_avg_finish,520.7218017578125
2024,SPEED_DAY_INTERACTION,73,actor_trainer_surface_effective_win_rate,517.6882190704346
2024,SPEED_DAY_INTERACTION,74,regime_speed_resid_slope5,514.711431980133
2024,SPEED_DAY_INTERACTION,75,actor_jockey_race_class_effective_avg_finish,506.7711658477783
2024,SPEED_DAY_INTERACTION,76,actor_trainer_surface_avg_finish,505.6439018249512
2024,SPEED_DAY_INTERACTION,77,opponent_previous_avg_starts,494.8972272872925
2024,SPEED_DAY_INTERACTION,78,interact_regime_speed_resid_mean3__x__daybias_last3_gap_ewma,494.27197885513306
2024,SPEED_DAY_INTERACTION,79,regime_speed_resid_std3,480.4038977622986
2024,SPEED_DAY_INTERACTION,80,actor_trainer_surface_top3_rate,480.29225969314575
2025,BASELINE,1,auto_history_finish_position_ewma,35917.5099439621
2025,BASELINE,2,auto_field_recent_avg_finish_gap_to_top3_mean,9652.716530323029
2025,BASELINE,3,auto_field_recent_top3_rate_zscore,9066.18525314331
2025,BASELINE,4,previous_finish_position,8565.193519115448
2025,BASELINE,5,actor_jockey_venue_effective_top3_rate,4456.944211006165
2025,BASELINE,6,auto_field_recent_avg_finish_zscore,4306.923062801361
2025,BASELINE,7,auto_finish_same_surface_median,4164.81289434433
2025,BASELINE,8,auto_field_recent_avg_finish_diff_mean,3922.1232323646545
2025,BASELINE,9,auto_finish_same_surface_mean,3800.065224647522
2025,BASELINE,10,auto_field_network_elo_rating_zscore,2947.2495913505554
2025,BASELINE,11,auto_history_finish_position_last,2851.1338658332825
2025,BASELINE,12,auto_field_recent_top3_rate_diff_mean,2799.2271037101746
2025,BASELINE,13,days_since_last_start,2662.1706886291504
2025,BASELINE,14,actor_jockey_venue_top3_rate,2492.6097555160522
2025,BASELINE,15,auto_finish_same_surface_success_rate,2448.14116191864
2025,BASELINE,16,auto_finish_same_class_success_rate,2278.1076998710632
2025,BASELINE,17,timepace_recent_avg_performance_score,2227.7411155700684
2025,BASELINE,18,auto_finish_same_class_median,2127.7669825553894
2025,BASELINE,19,auto_finish_same_class_mean,1965.4877281188965
2025,BASELINE,20,auto_field_recent_avg_finish_gap_to_top2_mean,1960.8092970848083
2025,BASELINE,21,actor_jockey_all_win_rate,1699.5064816474915
2025,BASELINE,22,opponent_recent_avg_top3_rate,1633.2742376327515
2025,BASELINE,23,auto_field_network_elo_rating_diff_mean,1455.6345076560974
2025,BASELINE,24,timepace_recent_avg_normalized_time,1390.1034088134766
2025,BASELINE,25,actor_jockey_venue_effective_avg_finish,1289.0845341682434
2025,BASELINE,26,actor_jockey_race_class_win_rate,1246.6417708396912
2025,BASELINE,27,actor_jockey_distance_band_win_rate,1209.100821018219
2025,BASELINE,28,actor_jockey_recent_avg_finish,1177.9277472496033
2025,BASELINE,29,auto_field_recent_avg_last_3f_diff_median,1158.5731410980225
2025,BASELINE,30,auto_finish_within_400m_success_rate,1095.1844387054443
2025,BASELINE,31,auto_finish_same_class_trend,1082.9100682735443
2025,BASELINE,32,opponent_current_field_avg_elo,1024.9798307418823
2025,BASELINE,33,timepace_recent_avg_normalized_last3f,1021.2801704406738
2025,BASELINE,34,actor_jockey_venue_win_rate,1005.8754477500916
2025,BASELINE,35,actor_jockey_venue_effective_win_rate,999.6066389083862
2025,BASELINE,36,actor_jockey_venue_avg_finish,984.331335067749
2025,BASELINE,37,actor_jockey_surface_avg_finish,948.8291788101196
2025,BASELINE,38,actor_jockey_surface_effective_top3_rate,936.6200475692749
2025,BASELINE,39,actor_trainer_venue_top3_rate,933.2824754714966
2025,BASELINE,40,actor_jockey_recent_effective_avg_finish,931.965268611908
2025,BASELINE,41,auto_field_network_elo_rating_percentile,868.8186330795288
2025,BASELINE,42,actor_trainer_venue_effective_win_rate,867.3613715171814
2025,BASELINE,43,auto_field_recent_avg_finish_percentile,860.6652193069458
2025,BASELINE,44,opponent_recent_avg_win_rate,839.1644098758698
2025,BASELINE,45,auto_field_network_elo_rating_gap_to_top3_mean,827.3668985366821
2025,BASELINE,46,actor_trainer_all_top3_rate,813.5854725837708
2025,BASELINE,47,opponent_history_avg_opponent_win_rate,806.1782519817352
2025,BASELINE,48,body_weight,800.8743286132812
2025,BASELINE,49,distance_change_m,787.9996733665466
2025,BASELINE,50,actor_jockey_surface_top3_rate,750.4212303161621
2025,BASELINE,51,actor_jockey_all_top3_rate,742.2475309371948
2025,BASELINE,52,actor_trainer_race_class_effective_avg_finish,704.1815948486328
2025,BASELINE,53,auto_margin_gap_same_surface_trend,698.0148434638977
2025,BASELINE,54,opponent_previous_avg_starts,681.5054683685303
2025,BASELINE,55,actor_jockey_distance_band_effective_win_rate,675.7925734519958
2025,BASELINE,56,opponent_history_avg_opponent_top3_rate,669.2151608467102
2025,BASELINE,57,auto_field_recent_avg_speed_mps_percentile,661.0264501571655
2025,BASELINE,58,actor_jockey_recent_effective_top3_rate,657.9406609535217
2025,BASELINE,59,timepace_even_pace_avg_performance_score,654.326521396637
2025,BASELINE,60,timepace_recent_avg_normalized_late_pace,651.6929228305817
2025,BASELINE,61,auto_pair_distance_vs_recent_mean_normalized_diff,651.0616939067841
2025,BASELINE,62,auto_field_recent_top3_rate_percentile,644.3913497924805
2025,BASELINE,63,auto_history_finish_position_stddev,643.8873929977417
2025,BASELINE,64,opponent_recent_avg_known_count,642.853542804718
2025,BASELINE,65,auto_history_speed_mps_linear_trend,634.2696707248688
2025,BASELINE,66,actor_trainer_race_class_avg_finish,625.7755546569824
2025,BASELINE,67,actor_jockey_race_class_top3_rate,618.0632076263428
2025,BASELINE,68,actor_trainer_surface_avg_finish,616.2103886604309
2025,BASELINE,69,actor_trainer_race_class_effective_top3_rate,607.6753406524658
2025,BASELINE,70,age,591.2463092803955
2025,BASELINE,71,actor_trainer_surface_top3_rate,577.6569809913635
2025,BASELINE,72,timepace_slow_pace_avg_performance_score,573.4132604598999
2025,BASELINE,73,opponent_strong_opponent_beat_rate,571.1657781600952
2025,BASELINE,74,actor_trainer_race_class_top3_rate,563.4092488288879
2025,BASELINE,75,opponent_previous_avg_win_rate,557.8927690982819
2025,BASELINE,76,auto_finish_same_direction_mean,554.0775909423828
2025,BASELINE,77,auto_history_body_weight_min,553.5376091003418
2025,BASELINE,78,auto_field_network_elo_rating_gap_to_top2_mean,553.1385917663574
2025,BASELINE,79,auto_history_finish_position_coefficient_of_variation,539.2990837097168
2025,BASELINE,80,auto_history_body_weight_mean,533.1396799087524
2025,SPEED_REGIME,1,auto_history_finish_position_ewma,33437.398910045624
2025,SPEED_REGIME,2,auto_field_recent_avg_finish_gap_to_top3_mean,13874.190824985504
2025,SPEED_REGIME,3,regime_speed_resid_lag1,9593.456216335297
2025,SPEED_REGIME,4,auto_field_recent_top3_rate_zscore,7290.657405138016
2025,SPEED_REGIME,5,auto_field_recent_avg_finish_zscore,5131.974413633347
2025,SPEED_REGIME,6,actor_jockey_venue_effective_top3_rate,4416.5599999427795
2025,SPEED_REGIME,7,auto_finish_same_surface_median,4368.733521461487
2025,SPEED_REGIME,8,regime_speed_resid_mean3,4320.930447101593
2025,SPEED_REGIME,9,auto_field_recent_top3_rate_diff_mean,4029.0224826335907
2025,SPEED_REGIME,10,previous_finish_position,3892.2254223823547
2025,SPEED_REGIME,11,auto_finish_same_class_success_rate,2734.693641424179
2025,SPEED_REGIME,12,auto_field_recent_avg_finish_diff_mean,2685.131227493286
2025,SPEED_REGIME,13,auto_field_network_elo_rating_zscore,2663.4224333763123
2025,SPEED_REGIME,14,days_since_last_start,2592.476274251938
2025,SPEED_REGIME,15,auto_finish_same_class_mean,2331.330587387085
2025,SPEED_REGIME,16,auto_finish_same_surface_mean,2282.6665573120117
2025,SPEED_REGIME,17,auto_finish_same_surface_success_rate,2236.7802600860596
2025,SPEED_REGIME,18,opponent_recent_avg_top3_rate,2075.2856011390686
2025,SPEED_REGIME,19,timepace_recent_avg_performance_score,2070.6585326194763
2025,SPEED_REGIME,20,actor_jockey_venue_top3_rate,1890.9651823043823
2025,SPEED_REGIME,21,auto_finish_same_class_median,1703.6369762420654
2025,SPEED_REGIME,22,actor_jockey_all_win_rate,1568.093273639679
2025,SPEED_REGIME,23,opponent_recent_avg_win_rate,1360.6191701889038
2025,SPEED_REGIME,24,auto_field_network_elo_rating_diff_mean,1350.6757473945618
2025,SPEED_REGIME,25,actor_jockey_venue_effective_avg_finish,1336.0474390983582
2025,SPEED_REGIME,26,regime_speed_resid_std5,1320.93417263031
2025,SPEED_REGIME,27,actor_jockey_surface_avg_finish,1235.43262052536
2025,SPEED_REGIME,28,actor_trainer_venue_top3_rate,1206.5779027938843
2025,SPEED_REGIME,29,actor_jockey_recent_effective_avg_finish,1205.535403728485
2025,SPEED_REGIME,30,actor_jockey_surface_effective_top3_rate,1179.0589528083801
2025,SPEED_REGIME,31,auto_field_recent_avg_last_3f_diff_median,1171.3027038574219
2025,SPEED_REGIME,32,timepace_recent_avg_normalized_time,1129.0360443592072
2025,SPEED_REGIME,33,actor_jockey_venue_effective_win_rate,1052.073884487152
2025,SPEED_REGIME,34,auto_finish_within_400m_success_rate,1035.9937510490417
2025,SPEED_REGIME,35,distance_change_m,1011.9720768928528
2025,SPEED_REGIME,36,auto_finish_same_class_trend,1006.2406363487244
2025,SPEED_REGIME,37,timepace_recent_avg_normalized_last3f,964.5380158424377
2025,SPEED_REGIME,38,actor_jockey_race_class_effective_win_rate,920.0928974151611
2025,SPEED_REGIME,39,regime_speed_resid_strength3,889.4794611930847
2025,SPEED_REGIME,40,actor_jockey_all_effective_win_rate,886.6081461906433
2025,SPEED_REGIME,41,opponent_current_field_avg_elo,885.8780789375305
2025,SPEED_REGIME,42,actor_jockey_race_class_top3_rate,868.3593511581421
2025,SPEED_REGIME,43,actor_jockey_venue_avg_finish,862.751139163971
2025,SPEED_REGIME,44,regime_speed_resid_mean5,835.3865032196045
2025,SPEED_REGIME,45,auto_history_body_weight_min,833.435599565506
2025,SPEED_REGIME,46,body_weight,823.0211772918701
2025,SPEED_REGIME,47,actor_jockey_recent_avg_finish,821.8193862438202
2025,SPEED_REGIME,48,auto_field_recent_avg_finish_percentile,803.2234077453613
2025,SPEED_REGIME,49,regime_speed_resid_lag2,785.7930476665497
2025,SPEED_REGIME,50,opponent_history_avg_opponent_win_rate,784.4037284851074
2025,SPEED_REGIME,51,auto_pair_distance_vs_recent_mean_normalized_diff,763.6431231498718
2025,SPEED_REGIME,52,actor_trainer_surface_top3_rate,758.947865486145
2025,SPEED_REGIME,53,actor_trainer_race_class_effective_top3_rate,733.6032881736755
2025,SPEED_REGIME,54,actor_jockey_venue_win_rate,732.4303026199341
2025,SPEED_REGIME,55,actor_jockey_all_avg_finish,728.1167917251587
2025,SPEED_REGIME,56,auto_field_network_elo_rating_percentile,694.8809943199158
2025,SPEED_REGIME,57,auto_field_network_elo_rating_gap_to_top3_mean,683.280415058136
2025,SPEED_REGIME,58,auto_field_recent_avg_last_3f_diff_mean,676.5445356369019
2025,SPEED_REGIME,59,auto_history_finish_position_last,666.5582122802734
2025,SPEED_REGIME,60,actor_trainer_race_class_top3_rate,665.0162796974182
2025,SPEED_REGIME,61,actor_trainer_race_class_effective_avg_finish,664.7600107192993
2025,SPEED_REGIME,62,actor_trainer_venue_effective_win_rate,659.078188419342
2025,SPEED_REGIME,63,timepace_even_pace_avg_performance_score,652.4265308380127
2025,SPEED_REGIME,64,actor_jockey_recent_effective_top3_rate,637.9021286964417
2025,SPEED_REGIME,65,actor_jockey_surface_effective_avg_finish,636.0356197357178
2025,SPEED_REGIME,66,actor_jockey_race_class_effective_top3_rate,628.4951696395874
2025,SPEED_REGIME,67,opponent_previous_avg_win_rate,623.0304214954376
2025,SPEED_REGIME,68,actor_jockey_all_top3_rate,596.5233550071716
2025,SPEED_REGIME,69,actor_trainer_venue_effective_top3_rate,594.2266483306885
2025,SPEED_REGIME,70,auto_field_recent_top3_rate_percentile,569.7781534194946
2025,SPEED_REGIME,71,auto_history_speed_mps_linear_trend,568.9038815498352
2025,SPEED_REGIME,72,actor_jockey_distance_band_effective_win_rate,564.9109606742859
2025,SPEED_REGIME,73,regime_speed_resid_std3,549.3357710838318
2025,SPEED_REGIME,74,opponent_history_avg_opponent_top3_rate,528.9410128593445
2025,SPEED_REGIME,75,auto_history_last_3f_previous_delta,521.275269985199
2025,SPEED_REGIME,76,actor_trainer_all_top3_rate,518.9256172180176
2025,SPEED_REGIME,77,actor_trainer_all_effective_top3_rate,516.9508318901062
2025,SPEED_REGIME,78,actor_jockey_surface_top3_rate,513.7036905288696
2025,SPEED_REGIME,79,opponent_recent_avg_known_count,509.7443389892578
2025,SPEED_REGIME,80,auto_finish_same_course_layout_starts,504.4277091026306
2025,DAY_BIAS,1,auto_history_finish_position_ewma,35893.22138810158
2025,DAY_BIAS,2,auto_field_recent_avg_finish_gap_to_top3_mean,11653.154042005539
2025,DAY_BIAS,3,previous_finish_position,8042.435537815094
2025,DAY_BIAS,4,auto_field_recent_avg_finish_diff_mean,6872.458076477051
2025,DAY_BIAS,5,auto_field_recent_top3_rate_zscore,6810.650553703308
2025,DAY_BIAS,6,auto_finish_same_surface_median,5175.567130565643
2025,DAY_BIAS,7,actor_jockey_venue_effective_top3_rate,4843.965532302856
2025,DAY_BIAS,8,auto_field_network_elo_rating_zscore,3100.3465151786804
2025,DAY_BIAS,9,actor_jockey_venue_top3_rate,2863.784412622452
2025,DAY_BIAS,10,auto_field_recent_top3_rate_diff_mean,2779.7719583511353
2025,DAY_BIAS,11,auto_history_finish_position_last,2735.337468624115
2025,DAY_BIAS,12,auto_finish_same_surface_mean,2637.2836644649506
2025,DAY_BIAS,13,days_since_last_start,2627.5101499557495
2025,DAY_BIAS,14,auto_finish_same_surface_success_rate,2431.915310382843
2025,DAY_BIAS,15,timepace_recent_avg_performance_score,2412.844072818756
2025,DAY_BIAS,16,auto_finish_same_class_mean,2408.1966671943665
2025,DAY_BIAS,17,auto_field_recent_top3_rate_gap_to_top3_mean,2267.8810935020447
2025,DAY_BIAS,18,auto_finish_same_class_median,2120.7677516937256
2025,DAY_BIAS,19,auto_finish_same_class_success_rate,1932.93235206604
2025,DAY_BIAS,20,auto_field_recent_avg_finish_zscore,1897.5013825893402
2025,DAY_BIAS,21,actor_jockey_venue_effective_win_rate,1575.0915412902832
2025,DAY_BIAS,22,opponent_recent_avg_top3_rate,1545.4226155281067
2025,DAY_BIAS,23,actor_jockey_all_win_rate,1505.0966277122498
2025,DAY_BIAS,24,timepace_recent_avg_normalized_time,1437.0587601661682
2025,DAY_BIAS,25,auto_field_network_elo_rating_diff_mean,1380.357102394104
2025,DAY_BIAS,26,actor_jockey_surface_effective_top3_rate,1359.417224407196
2025,DAY_BIAS,27,auto_field_recent_avg_last_3f_diff_median,1215.300127506256
2025,DAY_BIAS,28,auto_finish_within_400m_success_rate,1169.11101436615
2025,DAY_BIAS,29,auto_finish_same_class_trend,1145.6504793167114
2025,DAY_BIAS,30,actor_jockey_recent_effective_avg_finish,1065.2479791641235
2025,DAY_BIAS,31,actor_jockey_recent_avg_finish,1064.8409156799316
2025,DAY_BIAS,32,actor_jockey_race_class_win_rate,1060.615348815918
2025,DAY_BIAS,33,actor_jockey_venue_avg_finish,967.5280313491821
2025,DAY_BIAS,34,body_weight,940.5318489074707
2025,DAY_BIAS,35,auto_field_network_elo_rating_percentile,921.4175500869751
2025,DAY_BIAS,36,actor_jockey_distance_band_effective_win_rate,874.2955627441406
2025,DAY_BIAS,37,timepace_recent_avg_normalized_last3f,867.2981548309326
2025,DAY_BIAS,38,actor_jockey_surface_avg_finish,854.256594657898
2025,DAY_BIAS,39,actor_trainer_venue_top3_rate,837.8790836334229
2025,DAY_BIAS,40,actor_trainer_venue_effective_top3_rate,836.6126217842102
2025,DAY_BIAS,41,opponent_recent_avg_win_rate,831.6674988269806
2025,DAY_BIAS,42,actor_trainer_surface_top3_rate,823.4839987754822
2025,DAY_BIAS,43,distance_change_m,811.2335658073425
2025,DAY_BIAS,44,timepace_even_pace_avg_performance_score,801.0175113677979
2025,DAY_BIAS,45,auto_history_finish_position_stddev,788.0433402061462
2025,DAY_BIAS,46,actor_jockey_venue_effective_avg_finish,768.232430934906
2025,DAY_BIAS,47,opponent_history_avg_opponent_win_rate,755.9045276641846
2025,DAY_BIAS,48,auto_field_network_elo_rating_gap_to_top3_mean,744.2156648635864
2025,DAY_BIAS,49,actor_trainer_race_class_avg_finish,723.4585220813751
2025,DAY_BIAS,50,opponent_current_field_avg_elo,716.0803089141846
2025,DAY_BIAS,51,auto_pair_distance_vs_recent_mean_normalized_diff,706.3094825744629
2025,DAY_BIAS,52,actor_jockey_recent_effective_top3_rate,696.1719336509705
2025,DAY_BIAS,53,actor_jockey_venue_win_rate,682.1313886642456
2025,DAY_BIAS,54,actor_jockey_distance_band_win_rate,679.228753566742
2025,DAY_BIAS,55,actor_trainer_all_effective_top3_rate,678.0486083030701
2025,DAY_BIAS,56,timepace_slow_pace_avg_performance_score,677.5187106132507
2025,DAY_BIAS,57,actor_trainer_venue_effective_win_rate,672.5402545928955
2025,DAY_BIAS,58,auto_field_recent_avg_finish_percentile,670.696409702301
2025,DAY_BIAS,59,actor_jockey_surface_win_rate,668.6702122688293
2025,DAY_BIAS,60,opponent_recent_avg_known_count,653.1026811599731
2025,DAY_BIAS,61,actor_trainer_race_class_effective_top3_rate,642.7504444122314
2025,DAY_BIAS,62,opponent_recent_avg_starts,637.249128818512
2025,DAY_BIAS,63,auto_history_speed_mps_linear_trend,623.7885098457336
2025,DAY_BIAS,64,opponent_previous_avg_starts,619.0422282218933
2025,DAY_BIAS,65,auto_finish_same_age_condition_success_rate,615.1992964744568
2025,DAY_BIAS,66,actor_jockey_race_class_effective_top3_rate,612.4431529045105
2025,DAY_BIAS,67,actor_trainer_race_class_effective_avg_finish,603.7925705909729
2025,DAY_BIAS,68,auto_history_body_weight_mean,591.7522892951965
2025,DAY_BIAS,69,actor_trainer_race_class_top3_rate,591.1958389282227
2025,DAY_BIAS,70,actor_jockey_surface_top3_rate,579.5261878967285
2025,DAY_BIAS,71,auto_field_network_elo_rating_rank,574.3728165626526
2025,DAY_BIAS,72,auto_margin_gap_same_surface_trend,569.5182476043701
2025,DAY_BIAS,73,auto_field_recent_avg_speed_mps_percentile,569.1054930686951
2025,DAY_BIAS,74,auto_history_body_weight_min,549.97847032547
2025,DAY_BIAS,75,opponent_history_avg_opponent_top3_rate,549.66366147995
2025,DAY_BIAS,76,actor_jockey_surface_effective_avg_finish,538.3864793777466
2025,DAY_BIAS,77,actor_jockey_all_top3_rate,533.8470029830933
2025,DAY_BIAS,78,actor_trainer_surface_win_rate,530.7059655189514
2025,DAY_BIAS,79,auto_field_network_elo_rating_gap_to_top2_mean,528.1070013046265
2025,DAY_BIAS,80,auto_field_recent_avg_finish_gap_to_top2_mean,519.6178147792816
2025,DAY_BIAS_STYLE_FIT,1,auto_history_finish_position_ewma,34652.895208358765
2025,DAY_BIAS_STYLE_FIT,2,auto_field_recent_avg_finish_gap_to_top3_mean,13457.724638938904
2025,DAY_BIAS_STYLE_FIT,3,auto_field_recent_top3_rate_zscore,9936.667159318924
2025,DAY_BIAS_STYLE_FIT,4,previous_finish_position,8377.20187997818
2025,DAY_BIAS_STYLE_FIT,5,actor_jockey_venue_effective_top3_rate,4771.6128833293915
2025,DAY_BIAS_STYLE_FIT,6,auto_finish_same_surface_median,4302.95378780365
2025,DAY_BIAS_STYLE_FIT,7,auto_field_recent_avg_finish_zscore,3979.8293743133545
2025,DAY_BIAS_STYLE_FIT,8,auto_field_recent_avg_finish_diff_mean,3830.129120826721
2025,DAY_BIAS_STYLE_FIT,9,auto_field_network_elo_rating_zscore,3320.55686044693
2025,DAY_BIAS_STYLE_FIT,10,auto_finish_same_surface_mean,3182.9405131340027
2025,DAY_BIAS_STYLE_FIT,11,auto_finish_same_surface_success_rate,2563.313588619232
2025,DAY_BIAS_STYLE_FIT,12,auto_finish_same_class_success_rate,2507.0814418792725
2025,DAY_BIAS_STYLE_FIT,13,days_since_last_start,2494.9470443725586
2025,DAY_BIAS_STYLE_FIT,14,timepace_recent_avg_performance_score,2224.33909034729
2025,DAY_BIAS_STYLE_FIT,15,actor_jockey_venue_top3_rate,2221.4458346366882
2025,DAY_BIAS_STYLE_FIT,16,auto_finish_same_class_median,1995.2943797111511
2025,DAY_BIAS_STYLE_FIT,17,auto_field_recent_top3_rate_diff_mean,1967.562216758728
2025,DAY_BIAS_STYLE_FIT,18,opponent_recent_avg_top3_rate,1777.3162610530853
2025,DAY_BIAS_STYLE_FIT,19,auto_finish_same_class_mean,1754.8985147476196
2025,DAY_BIAS_STYLE_FIT,20,actor_jockey_all_win_rate,1724.0740885734558
2025,DAY_BIAS_STYLE_FIT,21,auto_history_finish_position_last,1700.1138887405396
2025,DAY_BIAS_STYLE_FIT,22,auto_field_network_elo_rating_diff_mean,1541.7291588783264
2025,DAY_BIAS_STYLE_FIT,23,horse_front_score,1448.225019454956
2025,DAY_BIAS_STYLE_FIT,24,timepace_recent_avg_normalized_time,1401.909595489502
2025,DAY_BIAS_STYLE_FIT,25,timepace_recent_avg_normalized_last3f,1328.598431110382
2025,DAY_BIAS_STYLE_FIT,26,actor_jockey_recent_avg_finish,1314.953369140625
2025,DAY_BIAS_STYLE_FIT,27,auto_field_recent_avg_last_3f_diff_median,1266.0973687171936
2025,DAY_BIAS_STYLE_FIT,28,opponent_current_field_avg_elo,1244.8489398956299
2025,DAY_BIAS_STYLE_FIT,29,actor_jockey_venue_avg_finish,1187.2396235466003
2025,DAY_BIAS_STYLE_FIT,30,actor_jockey_race_class_win_rate,1152.9784789085388
2025,DAY_BIAS_STYLE_FIT,31,actor_jockey_recent_effective_avg_finish,1122.1985502243042
2025,DAY_BIAS_STYLE_FIT,32,actor_jockey_surface_effective_top3_rate,1115.9110164642334
2025,DAY_BIAS_STYLE_FIT,33,actor_jockey_venue_effective_win_rate,1026.128219127655
2025,DAY_BIAS_STYLE_FIT,34,auto_finish_same_class_trend,1003.7481586933136
2025,DAY_BIAS_STYLE_FIT,35,auto_field_network_elo_rating_percentile,1003.7443346977234
2025,DAY_BIAS_STYLE_FIT,36,opponent_recent_avg_win_rate,967.5424175262451
2025,DAY_BIAS_STYLE_FIT,37,auto_field_recent_avg_finish_gap_to_top2_mean,936.2261929512024
2025,DAY_BIAS_STYLE_FIT,38,actor_trainer_surface_top3_rate,924.7273902893066
2025,DAY_BIAS_STYLE_FIT,39,auto_finish_within_400m_success_rate,913.5709500312805
2025,DAY_BIAS_STYLE_FIT,40,auto_finish_within_200m_median,911.0366563796997
2025,DAY_BIAS_STYLE_FIT,41,actor_jockey_distance_band_effective_win_rate,909.5664505958557
2025,DAY_BIAS_STYLE_FIT,42,distance_change_m,891.6315579414368
2025,DAY_BIAS_STYLE_FIT,43,auto_field_recent_avg_finish_percentile,872.9336085319519
2025,DAY_BIAS_STYLE_FIT,44,actor_jockey_surface_effective_avg_finish,846.9941313266754
2025,DAY_BIAS_STYLE_FIT,45,actor_trainer_venue_top3_rate,826.8970174789429
2025,DAY_BIAS_STYLE_FIT,46,body_weight,818.6481108665466
2025,DAY_BIAS_STYLE_FIT,47,opponent_history_avg_opponent_win_rate,812.4969186782837
2025,DAY_BIAS_STYLE_FIT,48,actor_trainer_venue_effective_top3_rate,780.0687966346741
2025,DAY_BIAS_STYLE_FIT,49,actor_jockey_surface_avg_finish,769.9351096153259
2025,DAY_BIAS_STYLE_FIT,50,actor_trainer_race_class_avg_finish,766.1267685890198
2025,DAY_BIAS_STYLE_FIT,51,auto_pair_distance_vs_recent_mean_normalized_diff,748.2440586090088
2025,DAY_BIAS_STYLE_FIT,52,auto_field_recent_avg_finish_diff_median,747.6728410720825
2025,DAY_BIAS_STYLE_FIT,53,actor_trainer_venue_effective_win_rate,712.2357792854309
2025,DAY_BIAS_STYLE_FIT,54,timepace_even_pace_avg_performance_score,698.1701555252075
2025,DAY_BIAS_STYLE_FIT,55,actor_trainer_all_top3_rate,689.580602645874
2025,DAY_BIAS_STYLE_FIT,56,actor_jockey_all_effective_win_rate,673.5858373641968
2025,DAY_BIAS_STYLE_FIT,57,opponent_recent_avg_known_count,663.7253580093384
2025,DAY_BIAS_STYLE_FIT,58,actor_jockey_distance_band_win_rate,660.3790993690491
2025,DAY_BIAS_STYLE_FIT,59,auto_margin_gap_same_course_layout_success_observations,636.9027237892151
2025,DAY_BIAS_STYLE_FIT,60,auto_finish_same_course_layout_starts,636.804759979248
2025,DAY_BIAS_STYLE_FIT,61,opponent_previous_avg_starts,628.7111382484436
2025,DAY_BIAS_STYLE_FIT,62,actor_trainer_race_class_effective_top3_rate,618.2569994926453
2025,DAY_BIAS_STYLE_FIT,63,auto_field_recent_top3_rate_percentile,603.5525941848755
2025,DAY_BIAS_STYLE_FIT,64,fit_inner_ewma,600.0762801170349
2025,DAY_BIAS_STYLE_FIT,65,actor_jockey_recent_effective_top3_rate,596.0824904441833
2025,DAY_BIAS_STYLE_FIT,66,auto_history_body_weight_min,595.2900333404541
2025,DAY_BIAS_STYLE_FIT,67,actor_jockey_venue_win_rate,583.4055805206299
2025,DAY_BIAS_STYLE_FIT,68,actor_jockey_all_top3_rate,560.8265509605408
2025,DAY_BIAS_STYLE_FIT,69,age,556.5421180725098
2025,DAY_BIAS_STYLE_FIT,70,auto_history_speed_mps_linear_trend,542.2610545158386
2025,DAY_BIAS_STYLE_FIT,71,actor_jockey_race_class_effective_top3_rate,537.2449011802673
2025,DAY_BIAS_STYLE_FIT,72,auto_history_finish_position_stddev,524.5574815273285
2025,DAY_BIAS_STYLE_FIT,73,opponent_strong_opponent_beat_rate,522.1865005493164
2025,DAY_BIAS_STYLE_FIT,74,actor_trainer_race_class_effective_avg_finish,515.1738848686218
2025,DAY_BIAS_STYLE_FIT,75,opponent_history_avg_opponent_top3_rate,513.905158996582
2025,DAY_BIAS_STYLE_FIT,76,actor_jockey_surface_top3_rate,503.6660737991333
2025,DAY_BIAS_STYLE_FIT,77,actor_jockey_all_effective_top3_rate,503.60370445251465
2025,DAY_BIAS_STYLE_FIT,78,actor_trainer_race_class_top3_rate,499.7024726867676
2025,DAY_BIAS_STYLE_FIT,79,actor_trainer_all_effective_top3_rate,493.59879446029663
2025,DAY_BIAS_STYLE_FIT,80,auto_finish_within_400m_trend,493.17209005355835
2025,SPEED_PLUS_DAY_BIAS,1,auto_history_finish_position_ewma,32960.01437520981
2025,SPEED_PLUS_DAY_BIAS,2,auto_field_recent_avg_finish_gap_to_top3_mean,12998.962451457977
2025,SPEED_PLUS_DAY_BIAS,3,regime_speed_resid_lag1,10035.552637338638
2025,SPEED_PLUS_DAY_BIAS,4,auto_field_recent_top3_rate_zscore,6539.407819509506
2025,SPEED_PLUS_DAY_BIAS,5,regime_speed_resid_mean3,6023.784767150879
2025,SPEED_PLUS_DAY_BIAS,6,auto_field_recent_avg_finish_zscore,5226.49033498764
2025,SPEED_PLUS_DAY_BIAS,7,auto_finish_same_surface_median,4955.666814804077
2025,SPEED_PLUS_DAY_BIAS,8,actor_jockey_venue_effective_top3_rate,3542.4717211723328
2025,SPEED_PLUS_DAY_BIAS,9,auto_field_recent_avg_finish_diff_mean,3016.4646158218384
2025,SPEED_PLUS_DAY_BIAS,10,auto_field_recent_top3_rate_diff_mean,2948.3149671554565
2025,SPEED_PLUS_DAY_BIAS,11,auto_finish_same_class_success_rate,2675.45289850235
2025,SPEED_PLUS_DAY_BIAS,12,days_since_last_start,2541.171897649765
2025,SPEED_PLUS_DAY_BIAS,13,auto_field_network_elo_rating_zscore,2488.1769149303436
2025,SPEED_PLUS_DAY_BIAS,14,actor_jockey_venue_top3_rate,2291.33917093277
2025,SPEED_PLUS_DAY_BIAS,15,auto_finish_same_surface_success_rate,2273.2970457077026
2025,SPEED_PLUS_DAY_BIAS,16,previous_finish_position,2209.5671334266663
2025,SPEED_PLUS_DAY_BIAS,17,auto_finish_same_class_median,2161.887797355652
2025,SPEED_PLUS_DAY_BIAS,18,auto_finish_same_class_mean,2130.729351043701
2025,SPEED_PLUS_DAY_BIAS,19,timepace_recent_avg_performance_score,2038.9886708259583
2025,SPEED_PLUS_DAY_BIAS,20,opponent_recent_avg_top3_rate,2007.2710077762604
2025,SPEED_PLUS_DAY_BIAS,21,auto_finish_same_surface_mean,1952.084463596344
2025,SPEED_PLUS_DAY_BIAS,22,auto_field_recent_top3_rate_gap_to_top3_mean,1723.6155405044556
2025,SPEED_PLUS_DAY_BIAS,23,horse_front_score,1545.9465696811676
2025,SPEED_PLUS_DAY_BIAS,24,actor_jockey_recent_avg_finish,1376.959026813507
2025,SPEED_PLUS_DAY_BIAS,25,actor_jockey_all_effective_win_rate,1327.9251980781555
2025,SPEED_PLUS_DAY_BIAS,26,regime_speed_resid_mean5,1299.9926674365997
2025,SPEED_PLUS_DAY_BIAS,27,actor_jockey_surface_effective_top3_rate,1268.5273733139038
2025,SPEED_PLUS_DAY_BIAS,28,regime_speed_resid_std5,1217.4125995635986
2025,SPEED_PLUS_DAY_BIAS,29,timepace_recent_avg_normalized_last3f,1180.7573103904724
2025,SPEED_PLUS_DAY_BIAS,30,actor_jockey_all_win_rate,1163.922152519226
2025,SPEED_PLUS_DAY_BIAS,31,auto_field_network_elo_rating_diff_mean,1131.370138168335
2025,SPEED_PLUS_DAY_BIAS,32,opponent_recent_avg_win_rate,1120.945020198822
2025,SPEED_PLUS_DAY_BIAS,33,actor_trainer_venue_top3_rate,1117.1340894699097
2025,SPEED_PLUS_DAY_BIAS,34,auto_field_recent_avg_last_3f_diff_median,1094.253583908081
2025,SPEED_PLUS_DAY_BIAS,35,actor_jockey_venue_win_rate,1083.245532989502
2025,SPEED_PLUS_DAY_BIAS,36,auto_finish_same_class_trend,1022.6951971054077
2025,SPEED_PLUS_DAY_BIAS,37,actor_trainer_surface_top3_rate,1013.1251139640808
2025,SPEED_PLUS_DAY_BIAS,38,actor_jockey_surface_avg_finish,995.4389748573303
2025,SPEED_PLUS_DAY_BIAS,39,auto_field_network_elo_rating_percentile,981.9707083702087
2025,SPEED_PLUS_DAY_BIAS,40,actor_jockey_surface_effective_avg_finish,980.9030113220215
2025,SPEED_PLUS_DAY_BIAS,41,actor_jockey_venue_avg_finish,927.9492244720459
2025,SPEED_PLUS_DAY_BIAS,42,distance_change_m,919.2114930152893
2025,SPEED_PLUS_DAY_BIAS,43,actor_jockey_race_class_win_rate,880.5222678184509
2025,SPEED_PLUS_DAY_BIAS,44,body_weight,877.5348055362701
2025,SPEED_PLUS_DAY_BIAS,45,actor_jockey_venue_effective_avg_finish,872.4512753486633
2025,SPEED_PLUS_DAY_BIAS,46,opponent_current_field_avg_elo,858.0540862083435
2025,SPEED_PLUS_DAY_BIAS,47,timepace_recent_avg_normalized_time,846.379264831543
2025,SPEED_PLUS_DAY_BIAS,48,opponent_history_avg_opponent_top3_rate,845.7370982170105
2025,SPEED_PLUS_DAY_BIAS,49,auto_history_finish_position_last,840.5662384033203
2025,SPEED_PLUS_DAY_BIAS,50,actor_jockey_venue_effective_win_rate,839.679151058197
2025,SPEED_PLUS_DAY_BIAS,51,auto_field_recent_avg_finish_gap_to_top2_mean,816.0980381965637
2025,SPEED_PLUS_DAY_BIAS,52,actor_jockey_recent_effective_avg_finish,813.3802394866943
2025,SPEED_PLUS_DAY_BIAS,53,auto_field_network_elo_rating_gap_to_top3_mean,812.4972772598267
2025,SPEED_PLUS_DAY_BIAS,54,regime_speed_resid_lag2,809.6563582420349
2025,SPEED_PLUS_DAY_BIAS,55,auto_pair_distance_vs_recent_mean_normalized_diff,764.8917117118835
2025,SPEED_PLUS_DAY_BIAS,56,actor_trainer_race_class_top3_rate,761.652021408081
2025,SPEED_PLUS_DAY_BIAS,57,auto_field_recent_avg_finish_percentile,761.0783882141113
2025,SPEED_PLUS_DAY_BIAS,58,auto_finish_within_400m_success_rate,732.3071303367615
2025,SPEED_PLUS_DAY_BIAS,59,actor_trainer_race_class_effective_top3_rate,731.6872940063477
2025,SPEED_PLUS_DAY_BIAS,60,regime_speed_resid_strength3,729.0485401153564
2025,SPEED_PLUS_DAY_BIAS,61,actor_jockey_race_class_effective_win_rate,701.0023350715637
2025,SPEED_PLUS_DAY_BIAS,62,auto_margin_gap_same_course_layout_success_observations,688.0127077102661
2025,SPEED_PLUS_DAY_BIAS,63,actor_trainer_race_class_effective_avg_finish,675.9300403594971
2025,SPEED_PLUS_DAY_BIAS,64,auto_field_recent_top3_rate_percentile,658.2132143974304
2025,SPEED_PLUS_DAY_BIAS,65,auto_field_recent_avg_last_3f_diff_mean,645.7359132766724
2025,SPEED_PLUS_DAY_BIAS,66,auto_history_speed_mps_linear_trend,645.3593487739563
2025,SPEED_PLUS_DAY_BIAS,67,actor_jockey_recent_effective_top3_rate,638.6372318267822
2025,SPEED_PLUS_DAY_BIAS,68,timepace_slow_pace_avg_performance_score,626.3809974193573
2025,SPEED_PLUS_DAY_BIAS,69,actor_trainer_venue_effective_win_rate,624.1427025794983
2025,SPEED_PLUS_DAY_BIAS,70,actor_jockey_distance_band_win_rate,618.5960583686829
2025,SPEED_PLUS_DAY_BIAS,71,auto_history_body_weight_min,606.0873303413391
2025,SPEED_PLUS_DAY_BIAS,72,actor_jockey_all_avg_finish,601.3410878181458
2025,SPEED_PLUS_DAY_BIAS,73,auto_field_recent_avg_finish_diff_median,589.9114375114441
2025,SPEED_PLUS_DAY_BIAS,74,actor_trainer_venue_effective_top3_rate,585.0602412223816
2025,SPEED_PLUS_DAY_BIAS,75,actor_jockey_all_top3_rate,574.7199745178223
2025,SPEED_PLUS_DAY_BIAS,76,actor_trainer_race_class_avg_finish,567.991051197052
2025,SPEED_PLUS_DAY_BIAS,77,opponent_history_avg_opponent_win_rate,565.8038444519043
2025,SPEED_PLUS_DAY_BIAS,78,fit_inner_ewma,558.0934491157532
2025,SPEED_PLUS_DAY_BIAS,79,timepace_even_pace_avg_performance_score,545.4390788078308
2025,SPEED_PLUS_DAY_BIAS,80,actor_jockey_surface_top3_rate,535.0086054801941
2025,SPEED_DAY_INTERACTION,1,auto_history_finish_position_ewma,32041.54043149948
2025,SPEED_DAY_INTERACTION,2,auto_field_recent_avg_finish_gap_to_top3_mean,15180.149258613586
2025,SPEED_DAY_INTERACTION,3,regime_speed_resid_lag1,8165.964837551117
2025,SPEED_DAY_INTERACTION,4,auto_field_recent_top3_rate_zscore,7252.998809814453
2025,SPEED_DAY_INTERACTION,5,auto_field_recent_avg_finish_zscore,5590.923829078674
2025,SPEED_DAY_INTERACTION,6,actor_jockey_venue_effective_top3_rate,4565.6699414253235
2025,SPEED_DAY_INTERACTION,7,previous_finish_position,4444.429181575775
2025,SPEED_DAY_INTERACTION,8,auto_finish_same_surface_median,3945.8012356758118
2025,SPEED_DAY_INTERACTION,9,auto_field_recent_avg_finish_diff_mean,3483.8632192611694
2025,SPEED_DAY_INTERACTION,10,regime_speed_resid_mean3,3413.172800540924
2025,SPEED_DAY_INTERACTION,11,auto_finish_same_class_success_rate,2837.5904383659363
2025,SPEED_DAY_INTERACTION,12,days_since_last_start,2593.6062808036804
2025,SPEED_DAY_INTERACTION,13,timepace_recent_avg_performance_score,2528.681903362274
2025,SPEED_DAY_INTERACTION,14,auto_field_network_elo_rating_zscore,2401.3933143615723
2025,SPEED_DAY_INTERACTION,15,actor_jockey_venue_top3_rate,2340.9879813194275
2025,SPEED_DAY_INTERACTION,16,auto_field_recent_top3_rate_diff_mean,2186.7170944213867
2025,SPEED_DAY_INTERACTION,17,auto_finish_same_surface_mean,2160.2268936634064
2025,SPEED_DAY_INTERACTION,18,auto_finish_same_class_median,2138.835820198059
2025,SPEED_DAY_INTERACTION,19,auto_finish_same_surface_success_rate,2032.6212511062622
2025,SPEED_DAY_INTERACTION,20,auto_finish_same_class_mean,1943.4835262298584
2025,SPEED_DAY_INTERACTION,21,opponent_recent_avg_top3_rate,1882.4230320453644
2025,SPEED_DAY_INTERACTION,22,actor_jockey_surface_effective_top3_rate,1602.675256729126
2025,SPEED_DAY_INTERACTION,23,auto_finish_within_400m_success_rate,1593.3781418800354
2025,SPEED_DAY_INTERACTION,24,actor_jockey_venue_effective_win_rate,1479.978084564209
2025,SPEED_DAY_INTERACTION,25,auto_field_network_elo_rating_diff_mean,1401.84091091156
2025,SPEED_DAY_INTERACTION,26,auto_field_recent_avg_last_3f_diff_median,1358.6453170776367
2025,SPEED_DAY_INTERACTION,27,horse_front_score,1358.3207910060883
2025,SPEED_DAY_INTERACTION,28,auto_field_recent_top3_rate_diff_median,1284.717143535614
2025,SPEED_DAY_INTERACTION,29,actor_jockey_venue_avg_finish,1273.678927898407
2025,SPEED_DAY_INTERACTION,30,actor_jockey_recent_avg_finish,1181.2686820030212
2025,SPEED_DAY_INTERACTION,31,actor_jockey_surface_avg_finish,1151.0283904075623
2025,SPEED_DAY_INTERACTION,32,opponent_recent_avg_win_rate,1137.5337691307068
2025,SPEED_DAY_INTERACTION,33,regime_speed_resid_std5,1117.2677013874054
2025,SPEED_DAY_INTERACTION,34,auto_finish_same_class_trend,1036.7166595458984
2025,SPEED_DAY_INTERACTION,35,distance_change_m,1014.0325436592102
2025,SPEED_DAY_INTERACTION,36,actor_trainer_venue_top3_rate,986.0834851264954
2025,SPEED_DAY_INTERACTION,37,actor_jockey_surface_effective_avg_finish,949.7817497253418
2025,SPEED_DAY_INTERACTION,38,regime_speed_resid_strength3,942.3208794593811
2025,SPEED_DAY_INTERACTION,39,opponent_current_field_avg_elo,918.2413897514343
2025,SPEED_DAY_INTERACTION,40,timepace_recent_avg_normalized_last3f,902.7590115070343
2025,SPEED_DAY_INTERACTION,41,actor_trainer_venue_effective_top3_rate,898.2573385238647
2025,SPEED_DAY_INTERACTION,42,interact_regime_speed_resid_lag1__x__daybias_last3_gap_ewma,893.3702044487
2025,SPEED_DAY_INTERACTION,43,auto_field_network_elo_rating_percentile,882.6847887039185
2025,SPEED_DAY_INTERACTION,44,actor_jockey_race_class_top3_rate,865.8641858100891
2025,SPEED_DAY_INTERACTION,45,actor_trainer_venue_effective_win_rate,859.4110088348389
2025,SPEED_DAY_INTERACTION,46,body_weight,853.4345014095306
2025,SPEED_DAY_INTERACTION,47,actor_jockey_recent_effective_avg_finish,833.8096466064453
2025,SPEED_DAY_INTERACTION,48,actor_jockey_venue_effective_avg_finish,828.8036961555481
2025,SPEED_DAY_INTERACTION,49,actor_jockey_all_effective_win_rate,817.3230838775635
2025,SPEED_DAY_INTERACTION,50,actor_jockey_all_win_rate,797.4774932861328
2025,SPEED_DAY_INTERACTION,51,same_surface_top3_rate,797.0478029251099
2025,SPEED_DAY_INTERACTION,52,auto_field_network_elo_rating_gap_to_top3_mean,790.1303005218506
2025,SPEED_DAY_INTERACTION,53,actor_trainer_surface_top3_rate,766.5370988845825
2025,SPEED_DAY_INTERACTION,54,actor_trainer_all_top3_rate,755.6957802772522
2025,SPEED_DAY_INTERACTION,55,timepace_recent_avg_normalized_time,755.6941704750061
2025,SPEED_DAY_INTERACTION,56,regime_speed_resid_lag2,755.6299018859863
2025,SPEED_DAY_INTERACTION,57,actor_trainer_race_class_effective_top3_rate,701.4255976676941
2025,SPEED_DAY_INTERACTION,58,opponent_history_avg_opponent_top3_rate,699.3746242523193
2025,SPEED_DAY_INTERACTION,59,actor_trainer_race_class_avg_finish,683.3858194351196
2025,SPEED_DAY_INTERACTION,60,actor_jockey_distance_band_effective_win_rate,668.2324829101562
2025,SPEED_DAY_INTERACTION,61,opponent_history_avg_opponent_win_rate,665.5807223320007
2025,SPEED_DAY_INTERACTION,62,auto_field_recent_avg_finish_percentile,651.2093110084534
2025,SPEED_DAY_INTERACTION,63,opponent_previous_avg_win_rate,641.6194920539856
2025,SPEED_DAY_INTERACTION,64,actor_trainer_race_class_top3_rate,626.1111688613892
2025,SPEED_DAY_INTERACTION,65,auto_finish_within_200m_mean,619.1305346488953
2025,SPEED_DAY_INTERACTION,66,timepace_even_pace_avg_performance_score,603.5986995697021
2025,SPEED_DAY_INTERACTION,67,regime_speed_resid_slope5,596.5836844444275
2025,SPEED_DAY_INTERACTION,68,actor_jockey_race_class_effective_top3_rate,594.1607656478882
2025,SPEED_DAY_INTERACTION,69,regime_speed_resid_mean5,590.368824005127
2025,SPEED_DAY_INTERACTION,70,auto_history_body_weight_min,583.7481260299683
2025,SPEED_DAY_INTERACTION,71,regime_speed_resid_std3,560.2615609169006
2025,SPEED_DAY_INTERACTION,72,auto_pair_distance_vs_recent_mean_normalized_diff,547.5666790008545
2025,SPEED_DAY_INTERACTION,73,actor_trainer_race_class_effective_avg_finish,542.7434706687927
2025,SPEED_DAY_INTERACTION,74,auto_field_recent_avg_last_3f_diff_mean,538.7605791091919
2025,SPEED_DAY_INTERACTION,75,interact_regime_speed_resid_lag1__x__daybias_speed_adv_ewma,532.405975818634
2025,SPEED_DAY_INTERACTION,76,timepace_recent_avg_normalized_late_pace,507.37899017333984
2025,SPEED_DAY_INTERACTION,77,actor_jockey_race_class_win_rate,505.5365662574768
2025,SPEED_DAY_INTERACTION,78,actor_jockey_distance_band_win_rate,504.850736618042
2025,SPEED_DAY_INTERACTION,79,auto_field_recent_top3_rate_gap_to_top3_mean,495.514365196228
2025,SPEED_DAY_INTERACTION,80,actor_trainer_venue_win_rate,489.19113874435425
