bet_type,template,test_year,edge_threshold,source_races,priced_tickets,bought_tickets,bought_races,skip_races,buy_ticket_rate,buy_race_rate,hit_tickets,ticket_hit_rate,hit_races,race_hit_rate,stake_yen,return_yen,profit_yen,roi_pct,max_drawdown_yen,positive_race_rate,avg_final_odds,avg_predicted_probability,avg_edge,gate_alert_ticket_share,novel_ticket_share,top1_return_share_pct,top5_return_share_pct,roi_without_top1_return_pct
WIN,WIN_ALL_CANDIDATES,2023,0.0,3456,27323,12710,3436,20,0.4651758591662702,0.9942129629629629,720,0.05664830841856806,720,0.20954598370197905,1271000,1081700.0,-189300.0,85.10621557828482,200720.0,0.1888824214202561,36.34446105428796,0.10896872108650218,1.281324960848796,0.16435877261998427,0.07403619197482297,3.015623555514468,8.11315521863733,82.53973249409914
WIN,WIN_ALL_CANDIDATES,2023,0.05,3456,27323,11965,3419,37,0.4379094535739121,0.9892939814814815,634,0.052987881320518175,634,0.18543433752559227,1196500,1011220.0,-185280.0,84.51483493522775,196150.0,0.1713951447791752,37.850522356874215,0.10707512778619421,1.3595325840755,0.16865858754701213,0.07680735478478896,3.225806451612903,8.678625818318467,81.78854993731717
WIN,WIN_ALL_CANDIDATES,2023,0.1,3456,27323,11289,3407,49,0.4131683929290341,0.9858217592592593,566,0.050137301798210646,566,0.16612855884942765,1128900,949230.0,-179670.0,84.08450704225352,191970.0,0.1576166715585559,39.309354238639386,0.10560014004194404,1.4364583373009405,0.17176012047125522,0.07972362476747276,3.4364695595377306,9.245388367413588,81.19496855345912
WIN,WIN_ALL_CANDIDATES,2023,0.15,3456,27323,10625,3387,69,0.38886652270980493,0.9800347222222222,503,0.047341176470588234,503,0.14850900501919104,1062500,901240.0,-161260.0,84.82258823529412,175820.0,0.14378506052553883,40.873505882352944,0.10395295891594228,1.5184397509131262,0.1739294117647059,0.08244705882352941,3.619457636145755,9.737694731702987,81.7524705882353
WIN,WIN_ALL_CANDIDATES,2023,0.2,3456,27323,9993,3347,109,0.3657358269589723,0.9684606481481481,449,0.04493145201641149,449,0.13414998506124887,999300,843360.0,-155940.0,84.39507655358751,170670.0,0.1311622348371676,42.513459421595115,0.10255417351452605,1.6033814024119304,0.17512258581006704,0.08475933153207245,3.8678618857901728,10.405995067349648,81.13079155408786
WIN,WIN_ALL_CANDIDATES,2024,0.0,3454,27187,12847,3441,13,0.4725420237613565,0.9962362478286045,577,0.04491320930956644,577,0.16768381284510317,1284700,864310.0,-420390.0,67.27718533509768,430290.0,0.15053763440860216,38.08307776134506,0.10210960249847985,1.3643394634390051,0.1700786175760878,0.07822838016657585,2.4134859020490333,7.976304798046997,65.6534599517397
WIN,WIN_ALL_CANDIDATES,2024,0.05,3454,27187,12110,3419,35,0.44543347923639975,0.9898668210770122,506,0.04178364987613543,506,0.1479964902018134,1211000,811870.0,-399130.0,67.04128819157721,410400.0,0.13688212927756654,39.66289843104872,0.10023452907816599,1.4458625215222674,0.1736581337737407,0.08166804293971924,2.5693768706812667,8.491507261014695,65.31874483897606
WIN,WIN_ALL_CANDIDATES,2024,0.1,3454,27187,11433,3405,49,0.42053187185051677,0.9858135495078171,442,0.03866001924254352,442,0.12980910425844347,1143300,761160.0,-382140.0,66.57570191550774,390580.0,0.12276064610866373,41.243321962739444,0.09842662168413799,1.5271081606063515,0.1760692731566518,0.08396746260823931,2.740553891428872,9.057228440800882,64.7511589259162
WIN,WIN_ALL_CANDIDATES,2024,0.15,3454,27187,10808,3382,72,0.3975429433184978,0.979154603358425,393,0.0363619541080681,393,0.11620342992312241,1080800,716370.0,-364430.0,66.28145817912657,373420.0,0.11117681845062094,42.81001110288675,0.09703215579684783,1.608177393846906,0.17986676535899335,0.08678756476683938,2.911903066850929,9.623518572804556,64.35140636565507
WIN,WIN_ALL_CANDIDATES,2024,0.2,3454,27187,10244,3349,105,0.3767977342112039,0.9696004632310364,340,0.033190160093713394,340,0.10152284263959391,1024400,672190.0,-352210.0,65.61792268645061,361550.0,0.09793968348760825,44.37513666536509,0.09534224141656698,1.6870174976610792,0.18322920734088247,0.0901015228426396,3.1032892485755514,10.256028801380562,63.58160874658336
WIN,WIN_ALL_CANDIDATES,2025,0.0,3455,27284,11998,3436,19,0.4397449054390852,0.9945007235890014,631,0.052592098683113854,630,0.18335273573923166,1199800,907060.0,-292740.0,75.60093348891482,292740.0,0.16181606519208383,37.433230538423075,0.10443706259330238,1.1145850323648405,0.16786131021836972,0.08084680780130021,2.693316869887328,7.881507287279783,73.56476079346558
WIN,WIN_ALL_CANDIDATES,2025,0.05,3455,27284,11183,3421,34,0.4098739187802375,0.9901591895803183,553,0.04945005812393812,553,0.1616486407483192,1118300,845860.0,-272440.0,75.63802199767504,272440.0,0.14674071908798597,39.21887686667263,0.10203753665175586,1.1940144313931125,0.17195743539300723,0.08495037109898954,2.8881848059962643,8.451753245217885,73.45345613878207
WIN,WIN_ALL_CANDIDATES,2025,0.1,3455,27284,10498,3391,64,0.3847676293798563,0.9814761215629523,482,0.04591350733473042,482,0.14214096136832793,1049800,791040.0,-258760.0,75.35149552295675,258760.0,0.1338838100855205,40.8736044960945,0.09985178539823587,1.2670267064700806,0.17555724899980948,0.08906458373023433,3.0883394012944985,9.037469660194175,73.02438559725663
WIN,WIN_ALL_CANDIDATES,2025,0.15,3455,27284,9846,3358,97,0.3608708400527782,0.9719247467438495,424,0.04306317286207597,424,0.1262656343061346,984600,734690.0,-249910.0,74.61811903310989,249910.0,0.1209053007742704,42.601746902295346,0.09780156938081251,1.3426776221598433,0.17814340849075766,0.09222019094048345,3.325211994174414,9.73063468946086,72.13690838919358
WIN,WIN_ALL_CANDIDATES,2025,0.2,3455,27284,9255,3313,142,0.33920979328544204,0.9589001447178003,379,0.04095083738519719,379,0.11439782674313312,925500,691330.0,-234170.0,74.69800108049702,234170.0,0.11077573196498641,44.2311399243652,0.0966905584792356,1.4172458029646002,0.1803349540788763,0.09497568881685575,3.533768243819883,10.340937034411931,72.05834683954619
WIN,WIN_ANCHOR1,2023,0.0,3456,3456,1254,1254,2202,0.3628472222222222,0.3628472222222222,198,0.15789473684210525,198,0.15789473684210525,125400,97620.0,-27780.0,77.8468899521531,28800.0,0.15789473684210525,6.100717703349282,0.2882677799285552,0.6220250697769191,0.09409888357256778,0.0,5.132145052243393,10.766236426961688,73.85167464114832
WIN,WIN_ANCHOR1,2023,0.05,3456,3456,1129,1129,2327,0.32667824074074076,0.32667824074074076,177,0.15677590788308238,177,0.15677590788308238,112900,90410.0,-22490.0,80.07971656333038,23260.0,0.15677590788308238,6.372099202834367,0.2876465288718088,0.6883764825836638,0.09388839681133747,0.0,5.54142240902555,11.624820263245216,75.64216120460584
WIN,WIN_ANCHOR1,2023,0.1,3456,3456,1011,1011,2445,0.2925347222222222,0.2925347222222222,152,0.1503461918892186,152,0.1503461918892186,101100,81560.0,-19540.0,80.67260138476756,20060.0,0.1503461918892186,6.665281899109793,0.2870557256798619,0.7601551177130415,0.09792284866468842,0.0,6.14271701814615,12.886218734673859,75.71711177052423
WIN,WIN_ANCHOR1,2023,0.15,3456,3456,920,920,2536,0.2662037037037037,0.2662037037037037,126,0.13695652173913042,126,0.13695652173913042,92000,70850.0,-21150.0,77.01086956521739,21670.0,0.13695652173913042,6.910217391304347,0.28769525233187826,0.8229539271263003,0.09565217391304348,0.0,7.0712773465067045,14.834156669019054,71.56521739130434
WIN,WIN_ANCHOR1,2023,0.2,3456,3456,830,830,2626,0.24016203703703703,0.24016203703703703,106,0.12771084337349398,106,0.12771084337349398,83000,62820.0,-20180.0,75.6867469879518,20700.0,0.12771084337349398,7.214939759036144,0.2868873143556446,0.8934474288081014,0.10120481927710843,0.0,7.975167144221586,16.730340655842088,69.65060240963855
WIN,WIN_ANCHOR1,2024,0.0,3454,3454,1082,1082,2372,0.3132599884192241,0.3132599884192241,156,0.14417744916820702,156,0.14417744916820702,108200,70840.0,-37360.0,65.4713493530499,37700.0,0.14417744916820702,6.32615526802218,0.28200393138917257,0.5915550452167488,0.12107208872458411,0.0,1.665725578769057,7.396950875211745,64.38077634011091
WIN,WIN_ANCHOR1,2024,0.05,3454,3454,968,968,2486,0.2802547770700637,0.2802547770700637,130,0.13429752066115702,130,0.13429752066115702,96800,61430.0,-35370.0,63.460743801652896,35810.0,0.13429752066115702,6.619628099173554,0.2813039944546856,0.6581672195314195,0.125,0.0,1.9208855608009117,8.530034185251505,62.24173553719008
WIN,WIN_ANCHOR1,2024,0.1,3454,3454,872,872,2582,0.25246091488129707,0.25246091488129707,111,0.12729357798165136,111,0.12729357798165136,87200,54230.0,-32970.0,62.190366972477065,33330.0,0.12729357798165136,6.871215596330275,0.282118260890622,0.7223072668160334,0.12155963302752294,0.0,2.1759173888991334,9.662548404941914,60.83715596330275
WIN,WIN_ANCHOR1,2024,0.15,3454,3454,789,789,2665,0.2284308048639259,0.2284308048639259,92,0.11660329531051965,92,0.11660329531051965,78900,46330.0,-32570.0,58.71989860583017,32930.0,0.11660329531051965,7.142585551330798,0.2820967617114376,0.7854239846231763,0.12801013941698353,0.0,2.5469458234405353,11.310166199007123,57.22433460076046
WIN,WIN_ANCHOR1,2024,0.2,3454,3454,710,710,2744,0.20555877243775333,0.20555877243775333,78,0.10985915492957747,78,0.10985915492957747,71000,41010.0,-29990.0,57.76056338028169,29990.0,0.10985915492957747,7.465211267605633,0.280470552577913,0.853480457041258,0.12816901408450704,0.0,2.8773469885393808,12.777371372835894,56.098591549295776
WIN,WIN_ANCHOR1,2025,0.0,3455,3455,1182,1182,2273,0.3421128798842258,0.3421128798842258,195,0.1649746192893401,195,0.1649746192893401,118200,93810.0,-24390.0,79.36548223350253,26540.0,0.1649746192893401,5.806768189509307,0.2861108984713507,0.5544429450468394,0.12098138747884941,0.0,2.4730838929751626,7.941584052872828,77.40270727580372
WIN,WIN_ANCHOR1,2025,0.05,3455,3455,1046,1046,2409,0.30274963820549927,0.30274963820549927,171,0.16347992351816443,171,0.16347992351816443,104600,85640.0,-18960.0,81.87380497131932,21000.0,0.16347992351816443,6.094072657743786,0.28434239526605265,0.6234962973432903,0.12332695984703633,0.0,2.70901447921532,8.699205978514712,79.65583173996176
WIN,WIN_ANCHOR1,2025,0.1,3455,3455,928,928,2527,0.26859623733719246,0.26859623733719246,146,0.15732758620689655,146,0.15732758620689655,92800,75730.0,-17070.0,81.60560344827586,18800.0,0.15732758620689655,6.365732758620689,0.284330625319784,0.6931862622192542,0.12392241379310345,0.0,3.0635151195034993,9.837580879440116,79.10560344827586
WIN,WIN_ANCHOR1,2025,0.15,3455,3455,837,837,2618,0.24225759768451519,0.24225759768451519,125,0.14934289127837516,125,0.14934289127837516,83700,67710.0,-15990.0,80.89605734767025,17170.0,0.14934289127837516,6.627240143369176,0.282979066968432,0.7549346587405702,0.12903225806451613,0.0,3.426377196869,11.002806084773297,78.1242532855436
WIN,WIN_ANCHOR1,2025,0.2,3455,3455,756,756,2699,0.21881331403762663,0.21881331403762663,105,0.1388888888888889,105,0.1388888888888889,75600,59750.0,-15850.0,79.03439153439153,17630.0,0.1388888888888889,6.8990740740740755,0.281401288384115,0.8170804605271312,0.13756613756613756,0.0,3.8828451882845187,12.468619246861925,75.96560846560847
WIN,WIN_ANCHORS2,2023,0.0,3456,6912,2648,2260,1196,0.38310185185185186,0.6539351851851852,307,0.11593655589123868,307,0.13584070796460176,264800,202040.0,-62760.0,76.29909365558912,62980.0,0.13584070796460176,8.132552870090635,0.22593039457058411,0.7208438483590647,0.10536253776435045,0.0,2.479706988715106,6.597703425064344,74.4070996978852
WIN,WIN_ANCHORS2,2023,0.05,3456,6912,2405,2083,1373,0.34794560185185186,0.6027199074074074,273,0.11351351351351352,273,0.13106096975516082,240500,187070.0,-53430.0,77.78378378378379,53650.0,0.13106096975516082,8.484532224532225,0.22557333843450184,0.7910896645420901,0.10561330561330562,0.0,2.678141872026514,7.125674881060566,75.7006237006237
WIN,WIN_ANCHORS2,2023,0.1,3456,6912,2208,1941,1515,0.3194444444444444,0.5616319444444444,251,0.11367753623188406,251,0.1293147861926842,220800,177750.0,-43050.0,80.50271739130434,43270.0,0.1293147861926842,8.813360507246378,0.22472453546116855,0.8551158498323697,0.10552536231884058,0.0,2.818565400843882,7.49929676511955,78.2336956521739
WIN,WIN_ANCHORS2,2023,0.15,3456,6912,1976,1767,1689,0.28587962962962965,0.5112847222222222,218,0.11032388663967611,218,0.12337294850028296,197600,162070.0,-35530.0,82.01923076923077,35750.0,0.12337294850028296,9.255364372469636,0.22368899880425697,0.9406927964587075,0.10678137651821862,0.0,3.0912568643178875,8.224841118035418,79.48380566801619
WIN,WIN_ANCHORS2,2023,0.2,3456,6912,1786,1616,1840,0.2583912037037037,0.4675925925925926,191,0.10694288913773796,191,0.11819306930693069,178600,148560.0,-30040.0,83.18029115341545,30360.0,0.11819306930693069,9.674804031354984,0.22278744849475463,1.0221654738265622,0.11198208286674133,0.0,3.372374798061389,8.972805600430803,80.37513997760358
WIN,WIN_ANCHORS2,2024,0.0,3454,6908,2359,2061,1393,0.3414881297046902,0.596699478865084,247,0.10470538363713437,247,0.11984473556525958,235900,149110.0,-86790.0,63.20898685883849,87490.0,0.11984473556525958,8.586434930055109,0.22504747910965464,0.7043340623645785,0.10597710894446799,0.0,3.909865200187781,8.450137482395547,60.7376006782535
WIN,WIN_ANCHORS2,2024,0.05,3454,6908,2136,1899,1555,0.30920671685002893,0.5497973364215403,210,0.09831460674157304,210,0.11058451816745656,213600,133480.0,-80120.0,62.49063670411985,80920.0,0.11058451816745656,8.990777153558053,0.22364956965339974,0.7752591713124988,0.10720973782771535,0.0,4.367695534911597,9.43961642193587,59.76123595505618
WIN,WIN_ANCHORS2,2024,0.1,3454,6908,1908,1721,1733,0.2762015055008686,0.4982628836132021,180,0.09433962264150944,180,0.10459035444509006,190800,120180.0,-70620.0,62.9874213836478,71820.0,0.10459035444509006,9.461477987421384,0.22244933334716283,0.8590985349554845,0.1069182389937107,0.0,4.8510567482110165,10.484273589615576,59.93186582809224
WIN,WIN_ANCHORS2,2024,0.15,3454,6908,1727,1578,1876,0.25,0.4568616097278518,154,0.08917197452229299,154,0.09759188846641319,172700,106820.0,-65880.0,61.852924145917775,67080.0,0.09759188846641319,9.88448176027794,0.22243626802673794,0.9361396394539945,0.10885929357266937,0.0,5.4577794420520505,11.795543905635649,58.47712796757383
WIN,WIN_ANCHORS2,2024,0.2,3454,6908,1550,1430,2024,0.22437753329473076,0.4140127388535032,125,0.08064516129032258,125,0.08741258741258741,155000,93670.0,-61330.0,60.43225806451613,62630.0,0.08741258741258741,10.396129032258065,0.22055774274054574,1.0229664907596878,0.11225806451612903,0.0,6.223977794384542,13.45147859506779,56.670967741935485
WIN,WIN_ANCHORS2,2025,0.0,3455,6910,2599,2218,1237,0.37612156295224314,0.6419681620839364,335,0.12889572912658714,335,0.15103697024346258,259900,194520.0,-65380.0,74.84417083493652,66820.0,0.15103697024346258,7.814082339361293,0.2344388183986102,0.6442506172963273,0.10619469026548672,0.0,1.3263417643429982,5.557269175406128,73.85148133897653
WIN,WIN_ANCHORS2,2025,0.05,3455,6910,2337,2037,1418,0.338205499276411,0.5895803183791606,295,0.12623020967051776,295,0.14482081492390772,233700,177030.0,-56670.0,75.75096277278563,57880.0,0.14482081492390772,8.174454428754814,0.23327239913868777,0.7137826177924558,0.1069747539580659,0.0,1.4573801050669377,6.106309665028526,74.64698331193838
WIN,WIN_ANCHORS2,2025,0.1,3455,6910,2103,1857,1598,0.3043415340086831,0.5374819102749638,252,0.11982881597717546,252,0.13570274636510501,210300,159500.0,-50800.0,75.84403233475987,51690.0,0.13570274636510501,8.54940561103186,0.23211445242070727,0.7850152023346955,0.10841654778887304,0.0,1.6175548589341693,6.777429467084639,74.61721350451735
WIN,WIN_ANCHORS2,2025,0.15,3455,6910,1904,1701,1754,0.27554269175108537,0.4923299565846599,217,0.11397058823529412,217,0.12757201646090535,190400,143430.0,-46970.0,75.33088235294117,48260.0,0.12757201646090535,8.930357142857142,0.23020369613740774,0.8540238718672315,0.11186974789915967,0.0,1.7987868646726626,7.536777522136234,73.97584033613445
WIN,WIN_ANCHORS2,2025,0.2,3455,6910,1721,1556,1899,0.24905933429811866,0.4503617945007236,184,0.10691458454386985,184,0.11825192802056556,172100,125910.0,-46190.0,73.1609529343405,47580.0,0.11825192802056556,9.311969785008717,0.22930550266667066,0.9263296792668234,0.11098198721673445,0.0,2.049082678103407,8.585497577634818,71.66182452062755
QUINELLA,QUINELLA_AXIS1_ALL,2023,0.0,3456,23839,11617,3317,139,0.4873107093418348,0.9597800925925926,290,0.02496341568391151,290,0.08742839915586373,1161700,989820.0,-171880.0,85.20444176637686,238560.0,0.08712692191739524,68.5623654988379,0.054289790921317437,1.5376091646810828,0.17345269863131618,0.08091589911336834,5.318138651471985,16.579782182619063,80.67315141602823
QUINELLA,QUINELLA_AXIS1_ALL,2023,0.05,3456,23839,11057,3293,163,0.4638197910986199,0.9528356481481481,264,0.023876277471285158,264,0.08017005769814758,1105700,941760.0,-163940.0,85.17319345211179,238760.0,0.07986638323716976,70.83119290946911,0.054021876423513124,1.6142339203920293,0.17292213077688343,0.08257212625486117,5.5895344886170575,17.425883452259598,80.41240842904948
QUINELLA,QUINELLA_AXIS1_ALL,2023,0.1,3456,23839,10496,3254,202,0.44028692478711356,0.9415509259259259,247,0.023532774390243903,247,0.07590657652120467,1049600,916450.0,-133150.0,87.3142149390244,225920.0,0.07590657652120467,73.38030678353658,0.05359257999521797,1.696519644683756,0.17435213414634146,0.08555640243902439,5.743903104370124,17.907141688035352,82.29897103658537
QUINELLA,QUINELLA_AXIS1_ALL,2023,0.15,3456,23839,9971,3206,250,0.4182641889340996,0.9276620370370371,219,0.02196369471467255,219,0.06830941983780411,997100,866110.0,-130990.0,86.86290241700932,218800.0,0.06830941983780411,75.99443385818874,0.05312528587708095,1.779331692067717,0.17671246615184033,0.08875739644970414,6.077749939384143,18.9479396381522,81.58359241801223
QUINELLA,QUINELLA_AXIS1_ALL,2023,0.2,3456,23839,9462,3156,300,0.3969126221737489,0.9131944444444444,191,0.020186007186641302,191,0.06051964512040558,946200,814470.0,-131730.0,86.07799619530755,220290.0,0.06051964512040558,78.67717184527584,0.05253932165994659,1.8656641505975198,0.1776580004227436,0.09025575988163179,6.463098702223532,20.149299544489054,80.5146903403086
QUINELLA,QUINELLA_AXIS1_ALL,2024,0.0,3454,23695,11171,3316,138,0.4714496729267778,0.9600463231036479,275,0.024617312684629845,275,0.08293124246079614,1117100,770920.0,-346180.0,69.01083161758123,354630.0,0.08262967430639324,72.93463432100977,0.05592408094518456,1.397489243107035,0.17026228627696716,0.07179303553844776,2.8680018678980956,10.23711928604784,67.03159967773699
QUINELLA,QUINELLA_AXIS1_ALL,2024,0.05,3454,23695,10538,3281,173,0.44473517619751,0.9499131441806601,248,0.02353387739609034,248,0.07558671136848522,1053800,726700.0,-327100.0,68.95995445055988,336150.0,0.07528192624199939,75.81250711710001,0.055493447565706545,1.4799875032279062,0.17213892579237047,0.07411273486430063,3.042520985275905,10.860052291179304,66.8618333649649
QUINELLA,QUINELLA_AXIS1_ALL,2024,0.1,3454,23695,9980,3251,203,0.42118590419919816,0.9412275622466705,224,0.022444889779559118,224,0.06890187634573977,998000,685370.0,-312630.0,68.67434869739479,321880.0,0.06890187634573977,78.60976953907816,0.055068188516500624,1.558613078730168,0.174749498997996,0.07575150300601202,3.22599471818142,11.514948130207042,66.45891783567134
QUINELLA,QUINELLA_AXIS1_ALL,2024,0.15,3454,23695,9458,3205,249,0.3991559400717451,0.9279096699478865,209,0.022097695072954112,209,0.06521060842433697,945800,648900.0,-296900.0,68.60858532459294,304700.0,0.06521060842433697,81.38241700148023,0.05470474658383443,1.637704699892127,0.1783675195601607,0.07792345104673293,3.4073046694405917,12.162120511635075,66.27088179319095
QUINELLA,QUINELLA_AXIS1_ALL,2024,0.2,3454,23695,8999,3153,301,0.379784764718295,0.9128546612623045,195,0.02166907434159351,195,0.06184586108468126,899900,616450.0,-283450.0,68.50205578397599,291550.0,0.06184586108468126,84.03291476830759,0.05435371167207818,1.712329326553523,0.1807978664296033,0.07978664296032893,3.586665585205613,12.802335955876389,66.04511612401377
QUINELLA,QUINELLA_AXIS1_ALL,2025,0.0,3455,23799,11432,3323,132,0.4803563174923316,0.961794500723589,297,0.025979706088173547,297,0.08937706891363226,1143200,771400.0,-371800.0,67.47725682295311,378760.0,0.08907613602166717,67.82275192442268,0.05824096805477293,1.2585624349529165,0.17083624912526243,0.07671448565430371,3.6142079336271715,13.054187192118226,65.03848845346396
QUINELLA,QUINELLA_AXIS1_ALL,2025,0.05,3455,23799,10806,3283,172,0.45405269128955,0.9502170767004342,271,0.025078660003701646,271,0.08254645141638745,1080600,739510.0,-341090.0,68.43512863224134,347350.0,0.08224185196466646,70.36756431612068,0.057802396815180256,1.3300471435035215,0.17295946696279846,0.07893762724412363,3.770063961271653,13.617124852943165,65.85508051082732
QUINELLA,QUINELLA_AXIS1_ALL,2025,0.1,3455,23799,10166,3227,228,0.42716080507584353,0.9340086830680173,242,0.023804839661617155,242,0.07499225286643942,1016600,698450.0,-318150.0,68.70450521345661,325010.0,0.07499225286643942,73.19298642533937,0.05727575696771374,1.4091027857441836,0.17558528428093645,0.08105449537674601,3.99169589805999,14.417639057913952,65.96203029706867
QUINELLA,QUINELLA_AXIS1_ALL,2025,0.15,3455,23799,9587,3175,280,0.40283205176688097,0.918958031837916,220,0.02294774173359758,220,0.06929133858267716,958700,665850.0,-292850.0,69.4534265150725,299280.0,0.06929133858267716,76.01018045269637,0.05666263415065314,1.4866543898063078,0.17659330343173046,0.08282048607489309,4.187129233310806,15.123526319741684,66.54532178992386
QUINELLA,QUINELLA_AXIS1_ALL,2025,0.2,3455,23799,9079,3130,325,0.38148661708475146,0.9059334298118669,198,0.021808569225685647,198,0.06325878594249201,907900,629660.0,-278240.0,69.35345302346073,285870.0,0.06325878594249201,78.65663619341336,0.05621486138388287,1.5600228534441385,0.17887432536622977,0.08459081396629585,4.427786424419528,15.992757996378998,66.28263024562176
QUINELLA,QUINELLA_AXIS1_KING,2023,0.0,3456,22485,10990,3317,139,0.48877029130531463,0.9597800925925926,292,0.026569608735213832,292,0.08803135363280072,1099000,885670.0,-213330.0,80.5887170154686,235120.0,0.08803135363280072,53.29925386715196,0.05815588272309538,1.413223540975008,0.10145586897179254,0.0,4.185531857238023,10.412456106676302,77.21565059144677
QUINELLA,QUINELLA_AXIS1_KING,2023,0.05,3456,22485,10426,3284,172,0.463686902379364,0.9502314814814815,276,0.026472280836370612,276,0.08404384896467722,1042600,856700.0,-185900.0,82.16957605985037,211390.0,0.08404384896467722,55.102656819489745,0.05777225806021718,1.4883567793381711,0.10147707653942067,0.0,4.327068985642582,10.764561690206607,78.6140418185306
QUINELLA,QUINELLA_AXIS1_KING,2023,0.1,3456,22485,9895,3243,213,0.44007115855014456,0.9383680555555556,248,0.025063163213744317,248,0.07647240209682393,989500,809300.0,-180200.0,81.788782213239,202680.0,0.07647240209682393,56.92265790803435,0.05747582557311735,1.564254647162677,0.1012632642748863,0.0,4.5805016681082416,11.395032744346967,78.04244567963617
QUINELLA,QUINELLA_AXIS1_KING,2023,0.15,3456,22485,9408,3211,245,0.41841227484989996,0.9291087962962963,221,0.0234906462585034,221,0.06882591093117409,940800,763330.0,-177470.0,81.13626700680273,200330.0,0.06882591093117409,58.72406462585034,0.057054421655105214,1.6387739074778813,0.10002125850340136,0.0,4.856353084511286,12.081275464084996,77.19600340136054
QUINELLA,QUINELLA_AXIS1_KING,2023,0.2,3456,22485,8912,3173,283,0.3963531243050923,0.9181134259259259,190,0.021319569120287252,190,0.059880239520958084,891200,695130.0,-196070.0,77.99932675044883,211960.0,0.059880239520958084,60.669378366247756,0.056628987721483406,1.7202736024097336,0.09896768402154399,0.0,5.3328154445930975,13.266583229036295,73.83976660682227
QUINELLA,QUINELLA_AXIS1_KING,2024,0.0,3454,22293,10271,3296,158,0.4607275826492621,0.9542559351476549,270,0.026287605880634796,270,0.08191747572815535,1027100,726750.0,-300350.0,70.75747249537532,309100.0,0.08191747572815535,57.07640930775972,0.05936630753926081,1.3151746511178912,0.10855807613669555,0.0,3.042311661506708,9.616787065703475,68.60480965826112
QUINELLA,QUINELLA_AXIS1_KING,2024,0.05,3454,22293,9670,3252,202,0.4337684474947293,0.9415170816444702,237,0.02450879007238883,237,0.07287822878228782,967000,668190.0,-298810.0,69.09927611168563,306610.0,0.07287822878228782,59.22107549120992,0.0590263394212133,1.3954182314684882,0.10930713547052741,0.0,3.308939074215418,10.459599814424042,66.81282316442606
QUINELLA,QUINELLA_AXIS1_KING,2024,0.1,3454,22293,9120,3202,252,0.4090970259722783,0.9270411117544876,219,0.02401315789473684,219,0.0683947532792005,912000,639510.0,-272490.0,70.1217105263158,280590.0,0.0683947532792005,61.44667763157894,0.05836255029046777,1.4750473737729415,0.10986842105263157,0.0,3.4573345217432094,10.92867977044925,67.69736842105263
QUINELLA,QUINELLA_AXIS1_KING,2024,0.15,3454,22293,8627,3160,294,0.38698246086215404,0.9148812970469021,204,0.023646690622464356,204,0.06455696202531645,862700,601230.0,-261470.0,69.69166570070708,269970.0,0.06455696202531645,63.47211081488349,0.05823456284050288,1.5522513735746233,0.11093079865538426,0.0,3.677461204530712,11.624503101974286,67.12878173177235
QUINELLA,QUINELLA_AXIS1_KING,2024,0.2,3454,22293,8196,3098,356,0.3676490378145606,0.8969310943833236,190,0.02318204001952172,190,0.06132989025177534,819600,574930.0,-244670.0,70.14763299170328,253210.0,0.06132989025177534,65.33323572474379,0.058107171714087566,1.6246741747483502,0.11249389946315276,0.0,3.845685561720557,12.156262501521924,67.44997559785261
QUINELLA,QUINELLA_AXIS1_KING,2025,0.0,3455,22375,10387,3302,153,0.46422346368715084,0.9557163531114327,298,0.028689708289207663,298,0.09024833434282253,1038700,722270.0,-316430.0,69.5359584095504,318210.0,0.08964264082374318,52.75267160874169,0.06207680174878839,1.1468468757952284,0.10436122075671513,0.0,3.860052334999377,10.627604635385659,66.85183402329835
QUINELLA,QUINELLA_AXIS1_KING,2025,0.05,3455,22375,9745,3246,209,0.43553072625698325,0.9395079594790159,262,0.026885582349923037,262,0.0807147258163894,974500,663970.0,-310530.0,68.13442791174961,312910.0,0.08009858287122612,54.83270395074397,0.06148299137460298,1.2207732060046474,0.10569522832221652,0.0,4.198984893895808,11.56076328749793,65.27347357619291
QUINELLA,QUINELLA_AXIS1_KING,2025,0.1,3455,22375,9179,3185,270,0.4102346368715084,0.9218523878437048,231,0.02516614010240767,231,0.07252747252747253,917900,622200.0,-295700.0,67.78516178232923,298180.0,0.07221350078492936,56.83984094127901,0.06094200517363604,1.2914588407509788,0.10545811090532738,0.0,4.48087431693989,12.336869173899068,64.74779387732869
QUINELLA,QUINELLA_AXIS1_KING,2025,0.15,3455,22375,8646,3123,332,0.38641340782122907,0.9039073806078147,209,0.024173027989821884,209,0.06692283061159142,864600,587550.0,-277050.0,67.95628036086052,279930.0,0.06692283061159142,58.9029030765672,0.06044823670485425,1.3634237368107562,0.10478834142956281,0.0,4.74512807420645,13.064420049357501,64.73166782327088
QUINELLA,QUINELLA_AXIS1_KING,2025,0.2,3455,22375,8156,3067,388,0.3645139664804469,0.887698986975398,186,0.022805296714075527,186,0.06064558200195631,815600,549410.0,-266190.0,67.36267778322707,269070.0,0.06064558200195631,60.883815595880336,0.060182762417886226,1.4348888620876759,0.10605689063266308,0.0,5.0745345006461475,13.971351085710126,63.944335458558115
QUINELLA,QUINELLA_AXIS1_NOVEL,2023,0.0,346,1354,781,308,38,0.5768094534711965,0.8901734104046243,5,0.006402048655569782,5,0.016233766233766232,78100,130000.0,51900.0,166.45326504481434,30840.0,0.016233766233766232,268.4761843790013,0.011888828746310687,2.15164234707551,1.0,1.0,40.49230769230769,100.0,99.05249679897567
QUINELLA,QUINELLA_AXIS1_NOVEL,2023,0.05,346,1354,754,305,41,0.5568685376661743,0.8815028901734104,5,0.006631299734748011,5,0.01639344262295082,75400,130000.0,54600.0,172.41379310344828,29740.0,0.01639344262295082,274.8518567639257,0.011900667684261162,2.2278397150861915,1.0,1.0,40.49230769230769,100.0,102.59946949602121
QUINELLA,QUINELLA_AXIS1_NOVEL,2023,0.1,346,1354,731,303,43,0.5398818316100443,0.8757225433526011,5,0.006839945280437756,5,0.0165016501650165,73100,130000.0,56900.0,177.83857729138168,28440.0,0.0165016501650165,280.61805745554034,0.011898421210368453,2.2956037163542016,1.0,1.0,40.49230769230769,100.0,105.82763337893297
QUINELLA,QUINELLA_AXIS1_NOVEL,2023,0.15,346,1354,716,302,44,0.5288035450516987,0.8728323699421965,5,0.006983240223463687,5,0.016556291390728478,71600,130000.0,58400.0,181.56424581005587,27840.0,0.016556291390728478,284.429469273743,0.011907990646553348,2.3411295903519953,1.0,1.0,40.49230769230769,100.0,108.04469273743017
QUINELLA,QUINELLA_AXIS1_NOVEL,2023,0.2,346,1354,703,300,46,0.5192023633677991,0.8670520231213873,5,0.007112375533428165,5,0.016666666666666666,70300,130000.0,59700.0,184.9217638691323,27240.0,0.016666666666666666,287.7910384068279,0.011915485316302014,2.381199503228434,1.0,1.0,40.49230769230769,100.0,110.04267425320057
QUINELLA,QUINELLA_AXIS1_NOVEL,2024,0.0,342,1402,904,327,15,0.644793152639087,0.956140350877193,4,0.004424778761061947,4,0.012232415902140673,90400,43500.0,-46900.0,48.11946902654867,46900.0,0.012232415902140673,259.7642699115044,0.01454950974005613,2.7485211672117686,1.0,1.0,40.59770114942529,100.0,28.58407079646018
QUINELLA,QUINELLA_AXIS1_NOVEL,2024,0.05,342,1402,872,320,22,0.6219686162624821,0.935672514619883,2,0.0022935779816513763,2,0.00625,87200,30320.0,-56880.0,34.77064220183486,56880.0,0.00625,266.5868119266055,0.014564090344623264,2.8484665804813463,1.0,1.0,58.245382585751976,100.0,14.51834862385321
QUINELLA,QUINELLA_AXIS1_NOVEL,2024,0.1,342,1402,857,317,25,0.6112696148359487,0.9269005847953217,2,0.002333722287047841,2,0.006309148264984227,85700,30320.0,-55380.0,35.37922987164527,55380.0,0.006309148264984227,270.02707117852975,0.014543984548479497,2.8970115031146846,1.0,1.0,58.245382585751976,100.0,14.772462077012836
QUINELLA,QUINELLA_AXIS1_NOVEL,2024,0.15,342,1402,839,315,27,0.5984308131241084,0.9210526315789473,2,0.0023837902264600714,2,0.006349206349206349,83900,30320.0,-53580.0,36.13825983313468,53580.0,0.006349206349206349,274.17020262216926,0.014538244492002441,2.9566038763688574,1.0,1.0,58.245382585751976,100.0,15.089392133492252
QUINELLA,QUINELLA_AXIS1_NOVEL,2024,0.2,342,1402,822,315,27,0.5863052781740371,0.9210526315789473,2,0.0024330900243309003,2,0.006349206349206349,82200,30320.0,-51880.0,36.885644768856444,51880.0,0.006349206349206349,278.11739659367396,0.014542294516537439,3.0141093575537745,1.0,1.0,58.245382585751976,100.0,15.401459854014599
QUINELLA,QUINELLA_AXIS1_NOVEL,2025,0.0,346,1424,1048,341,5,0.7359550561797753,0.9855491329479769,6,0.0057251908396946565,6,0.017595307917888565,104800,78990.0,-25810.0,75.37213740458016,65350.0,0.017595307917888565,224.65124045801528,0.018211892767243557,3.049074066491988,1.0,1.0,30.636789467021142,90.46714774022028,52.280534351145036
QUINELLA,QUINELLA_AXIS1_NOVEL,2025,0.05,346,1424,1025,340,6,0.7198033707865169,0.9826589595375722,6,0.005853658536585366,6,0.01764705882352941,102500,78990.0,-23510.0,77.06341463414634,63350.0,0.01764705882352941,228.41873170731708,0.01821169654380426,3.1169999760147094,1.0,1.0,30.636789467021142,90.46714774022028,53.453658536585365
QUINELLA,QUINELLA_AXIS1_NOVEL,2025,0.1,346,1424,1011,338,8,0.7099719101123596,0.976878612716763,6,0.005934718100890208,6,0.01775147928994083,101100,78990.0,-22110.0,78.13056379821958,62450.0,0.01775147928994083,230.74708209693372,0.018213519280147458,3.1591651327194965,1.0,1.0,30.636789467021142,90.46714774022028,54.19386745796241
QUINELLA,QUINELLA_AXIS1_NOVEL,2025,0.15,346,1424,988,336,10,0.6938202247191011,0.9710982658959537,6,0.006072874493927126,6,0.017857142857142856,98800,78990.0,-19810.0,79.9493927125506,60350.0,0.017857142857142856,234.657995951417,0.018211844897093883,3.2298140326385765,1.0,1.0,30.636789467021142,90.46714774022028,55.455465587044536
QUINELLA,QUINELLA_AXIS1_NOVEL,2025,0.2,346,1424,975,335,11,0.6846910112359551,0.9682080924855492,6,0.006153846153846154,6,0.01791044776119403,97500,78990.0,-18510.0,81.01538461538462,59350.0,0.01791044776119403,236.91148717948718,0.018214416933728352,3.2705926830494905,1.0,1.0,30.636789467021142,90.46714774022028,56.194871794871794
QUINELLA,QUINELLA_CORE12,2023,0.0,3456,3456,1070,1070,2386,0.30960648148148145,0.30960648148148145,44,0.041121495327102804,44,0.041121495327102804,107000,64880.0,-42120.0,60.63551401869159,42120.0,0.041121495327102804,22.24411214953271,0.09089400794140119,0.9498270472955778,0.17570093457943925,0.0,5.0246609124537605,20.175709001233045,57.58878504672897
QUINELLA,QUINELLA_CORE12,2023,0.05,3456,3456,988,988,2468,0.28587962962962965,0.28587962962962965,39,0.039473684210526314,39,0.039473684210526314,98800,59040.0,-39760.0,59.75708502024292,39760.0,0.039473684210526314,23.132186234817812,0.09085466973789216,1.0265172233198194,0.1791497975708502,0.0,5.521680216802168,22.17140921409214,56.45748987854251
QUINELLA,QUINELLA_CORE12,2023,0.1,3456,3456,906,906,2550,0.2621527777777778,0.2621527777777778,30,0.033112582781456956,30,0.033112582781456956,90600,49890.0,-40710.0,55.06622516556291,40710.0,0.033112582781456956,24.177593818984548,0.09045737147392349,1.1124693498789782,0.18543046357615894,0.0,6.534375626378032,26.237722990579275,51.46799116997793
QUINELLA,QUINELLA_CORE12,2023,0.15,3456,3456,832,832,2624,0.24074074074074073,0.24074074074074073,27,0.03245192307692308,27,0.03245192307692308,83200,46800.0,-36400.0,56.25,36400.0,0.03245192307692308,25.201682692307692,0.09042815175177672,1.2005445621739916,0.1814903846153846,0.0,6.965811965811966,27.97008547008547,52.33173076923077
QUINELLA,QUINELLA_CORE12,2023,0.2,3456,3456,790,790,2666,0.22858796296296297,0.22858796296296297,25,0.03164556962025317,25,0.03164556962025317,79000,44320.0,-34680.0,56.10126582278481,34680.0,0.03164556962025317,25.863291139240506,0.09027145894665171,1.2552601063474225,0.18354430379746836,0.0,7.355595667870036,29.53519855595668,51.9746835443038
QUINELLA,QUINELLA_CORE12,2024,0.0,3454,3454,1374,1374,2080,0.3977996525767226,0.3977996525767226,69,0.05021834061135371,69,0.05021834061135371,137400,83780.0,-53620.0,60.975254730713246,55390.0,0.05021834061135371,19.546069868995634,0.11765471257790863,1.0197113437808065,0.16011644832605532,0.0,4.320840296013368,15.421341608975888,58.34061135371179
QUINELLA,QUINELLA_CORE12,2024,0.05,3454,3454,1274,1274,2180,0.3688477127967574,0.3688477127967574,62,0.04866562009419152,62,0.04866562009419152,127400,77340.0,-50060.0,60.706436420722135,50910.0,0.04866562009419152,20.333673469387755,0.1176876741969622,1.097683017656743,0.16326530612244897,0.0,4.6806309800879236,16.70545642617016,57.864992150706435
QUINELLA,QUINELLA_CORE12,2024,0.1,3454,3454,1182,1182,2272,0.34221192819918933,0.34221192819918933,55,0.046531302876480544,55,0.046531302876480544,118200,71060.0,-47140.0,60.11844331641286,48090.0,0.046531302876480544,21.227241962774958,0.11668597988835346,1.177209517727853,0.17089678510998307,0.0,5.094286518435125,18.181818181818183,57.055837563451774
QUINELLA,QUINELLA_CORE12,2024,0.15,3454,3454,1096,1096,2358,0.31731325998841925,0.31731325998841925,49,0.04470802919708029,49,0.04470802919708029,109600,66150.0,-43450.0,60.355839416058394,44500.0,0.04470802919708029,22.056478102189782,0.11660918855015003,1.259830495381523,0.17427007299270073,0.0,5.472411186696901,19.531368102796673,57.052919708029194
QUINELLA,QUINELLA_CORE12,2024,0.2,3454,3454,1024,1024,2430,0.2964678633468442,0.2964678633468442,44,0.04296875,44,0.04296875,102400,60620.0,-41780.0,59.19921875,43100.0,0.04296875,22.844042968750003,0.11632907921733424,1.336158631423741,0.1767578125,0.0,5.971626525899043,21.313097987462882,55.6640625
QUINELLA,QUINELLA_CORE12,2025,0.0,3455,3455,1515,1515,1940,0.4384949348769899,0.4384949348769899,84,0.055445544554455446,84,0.055445544554455446,151500,86430.0,-65070.0,57.04950495049505,66580.0,0.055445544554455446,17.062970297029704,0.1377971623863335,0.9142396887162388,0.14125412541254126,0.0,5.588337382853176,17.43607543676964,53.86138613861386
QUINELLA,QUINELLA_CORE12,2025,0.05,3455,3455,1415,1415,2040,0.40955137481910275,0.40955137481910275,77,0.05441696113074205,77,0.05441696113074205,141500,81340.0,-60160.0,57.48409893992933,60800.0,0.05441696113074205,17.62226148409894,0.13823725692716182,0.9771635528891313,0.14558303886925794,0.0,5.938037865748709,18.52716990410622,54.07067137809187
QUINELLA,QUINELLA_CORE12,2025,0.1,3455,3455,1327,1327,2128,0.38408104196816206,0.38408104196816206,72,0.05425772418990203,72,0.05425772418990203,132700,77630.0,-55070.0,58.50037678975132,55710.0,0.05425772418990203,18.165787490580257,0.1385536598893577,1.0370487999233295,0.1492087415222306,0.0,6.221821460775473,19.412598222336726,54.860587792012055
QUINELLA,QUINELLA_CORE12,2025,0.15,3455,3455,1239,1239,2216,0.3586107091172214,0.3586107091172214,68,0.05488297013720742,68,0.05488297013720742,123900,74450.0,-49450.0,60.088781275221955,50570.0,0.05488297013720742,18.727280064568202,0.1389023905099672,1.1019421851662796,0.15334947538337368,0.0,6.487575554063129,20.241773002014774,56.19047619047619
QUINELLA,QUINELLA_CORE12,2025,0.2,3455,3455,1149,1149,2306,0.332561505065123,0.332561505065123,60,0.05221932114882506,60,0.05221932114882506,114900,69020.0,-45880.0,60.06962576153177,47000.0,0.05221932114882506,19.421061792863362,0.13854399455869487,1.174744859412809,0.15752828546562228,0.0,6.9979716024340775,21.834250941756014,55.86597040905135
QUINELLA,QUINELLA_KING_TOP4_BOX,2023,0.0,3456,20734,9684,3174,282,0.46705893701167167,0.9184027777777778,269,0.027777777777777776,269,0.0847511027095148,968400,675390.0,-293010.0,69.74287484510533,296950.0,0.0847511027095148,43.40871540685668,0.06222080659312929,1.2118515137561052,0.11926889714993805,0.0,2.904988229023231,9.800263551429545,67.71685254027261
QUINELLA,QUINELLA_KING_TOP4_BOX,2023,0.05,3456,20734,9168,3115,341,0.4421722774187325,0.9013310185185185,240,0.02617801047120419,240,0.07704654895666131,916800,639020.0,-277780.0,69.70113438045375,282220.0,0.07704654895666131,44.84258289703316,0.06187868461942101,1.2786551083457993,0.11954624781849912,0.0,3.070326437357203,10.358048261400269,67.5610820244328
QUINELLA,QUINELLA_KING_TOP4_BOX,2023,0.1,3456,20734,8659,3035,421,0.4176232275489534,0.8781828703703703,211,0.024367709897216767,211,0.06952224052718287,865900,589460.0,-276440.0,68.07483543134312,281180.0,0.06952224052718287,46.3599607344959,0.06162010280730136,1.3494402767417182,0.1196443007275667,0.0,3.328470125199335,11.228921385675024,65.80898487123224
QUINELLA,QUINELLA_KING_TOP4_BOX,2023,0.15,3456,20734,8147,2958,498,0.39292948779782,0.8559027777777778,187,0.022953234319381368,187,0.06321839080459771,814700,549120.0,-265580.0,67.40149748373635,270540.0,0.06321839080459771,47.993948692770346,0.061327426913884035,1.4263334498498719,0.1211488891616546,0.0,3.5729895104895104,12.053831585081586,64.9932490487296
QUINELLA,QUINELLA_KING_TOP4_BOX,2023,0.2,3456,20734,7706,2894,562,0.3716600752387383,0.8373842592592593,167,0.021671424863742537,167,0.05770559778852799,770600,515250.0,-255350.0,66.86348300025954,260910.0,0.05770559778852799,49.58406436542953,0.06088546348256773,1.4980656238468124,0.12224240851284714,0.0,3.8078602620087336,12.846191169335274,64.31741500129769
QUINELLA,QUINELLA_KING_TOP4_BOX,2024,0.0,3454,20722,8881,3135,319,0.42857832255573786,0.9076433121019108,265,0.029838982096610744,265,0.08452950558213716,888100,642740.0,-245360.0,72.37248057651165,274510.0,0.08389154704944178,47.699448260331046,0.06681784990881864,1.1712867784118977,0.11868032879180272,0.0,2.322867722562778,10.252979431807574,70.69136358518185
QUINELLA,QUINELLA_KING_TOP4_BOX,2024,0.05,3454,20722,8306,3058,396,0.4008300357108387,0.8853503184713376,231,0.0278112208042379,231,0.07553956834532374,830600,597400.0,-233200.0,71.92391042619793,263140.0,0.07553956834532374,49.57745003611847,0.0666164095504927,1.250674545027834,0.12099686973272333,0.0,2.4991630398393037,11.031134917977905,70.12641464001926
QUINELLA,QUINELLA_KING_TOP4_BOX,2024,0.1,3454,20722,7794,2951,503,0.3761219959463372,0.8543717429067748,208,0.0266871952784193,208,0.07048458149779736,779400,562550.0,-216850.0,72.17731588401334,247660.0,0.07048458149779736,51.439235309212215,0.06633845892058722,1.3279015289070797,0.12265845522196561,0.0,2.653986312327793,11.71451426539863,70.26173979984604
QUINELLA,QUINELLA_KING_TOP4_BOX,2024,0.15,3454,20722,7313,2859,595,0.35290995077695203,0.8277359583092068,191,0.026117872282237112,191,0.06680657572577825,731300,537370.0,-193930.0,73.48147135238617,227840.0,0.06680657572577825,53.3831669629427,0.06576574273235893,1.4070275128601617,0.12470942157801176,0.0,2.7783463907549732,12.263431155442246,71.43990154519349
QUINELLA,QUINELLA_KING_TOP4_BOX,2024,0.2,3454,20722,6864,2772,682,0.3312421580928482,0.802547770700637,178,0.025932400932400932,178,0.06421356421356421,686400,511960.0,-174440.0,74.58624708624708,211430.0,0.06421356421356421,55.3766317016317,0.06545786357032059,1.4876907455466444,0.125,0.0,2.9162434565200406,12.87209938276428,72.41113053613054
QUINELLA,QUINELLA_KING_TOP4_BOX,2025,0.0,3455,20727,8833,3147,308,0.426159116128721,0.9108538350217077,304,0.03441639307143666,304,0.09659993644741023,883300,633960.0,-249340.0,71.7717649722631,258260.0,0.09659993644741023,42.802886901392505,0.06956300017774404,0.9751150327376431,0.11094758292765765,0.0,2.567985361852483,8.11723137106442,69.92867655383222
QUINELLA,QUINELLA_KING_TOP4_BOX,2025,0.05,3455,20727,8245,3048,407,0.39779032180247986,0.8821997105643994,273,0.03311097634930261,273,0.08956692913385826,824500,594770.0,-229730.0,72.13705275924804,238800.0,0.08956692913385826,44.36550636749545,0.06933509094891455,1.0429520868489301,0.11146149181322014,0.0,2.73719252820418,8.652083998856702,70.16252274105518
QUINELLA,QUINELLA_KING_TOP4_BOX,2025,0.1,3455,20727,7718,2970,485,0.37236454865634194,0.8596237337192475,241,0.031225706141487432,241,0.08114478114478114,771800,547070.0,-224730.0,70.88235294117646,234000.0,0.08114478114478114,45.96512049753822,0.0689038715415104,1.1090775411020413,0.11259393625291526,0.0,2.9758531814941414,9.406474491381358,68.77299818605856
QUINELLA,QUINELLA_KING_TOP4_BOX,2025,0.15,3455,20727,7194,2879,576,0.34708351425676653,0.8332850940665701,215,0.029886016124548234,215,0.07467870788468219,719400,502340.0,-217060.0,69.82763413956074,226830.0,0.07467870788468219,47.58881011954407,0.06890594350245395,1.1807319088861625,0.11398387545176536,0.0,3.2408329020185533,10.244057809451766,67.56463719766472
QUINELLA,QUINELLA_KING_TOP4_BOX,2025,0.2,3455,20727,6731,2778,677,0.3247455010372943,0.8040520984081042,186,0.027633338285544495,186,0.06695464362850972,673100,455650.0,-217450.0,67.69425048284059,224320.0,0.06695464362850972,49.2341256871193,0.06862164143400336,1.2499196277700055,0.11543604219283911,0.0,3.572917809722375,11.293756172500823,65.2755905511811
EXACTA,EXACTA_AXIS1_FORWARD,2023,0.0,3456,23789,11713,3216,240,0.49237042330488884,0.9305555555555556,174,0.014855288995133612,174,0.054104477611940295,1171300,908300.0,-263000.0,77.54631605907966,276670.0,0.054104477611940295,97.49013062409288,0.03555236654737712,1.4059040204134252,0.1613591735678306,0.06932468197729019,6.864472090718926,21.24628426731256,72.22317083582344
EXACTA,EXACTA_AXIS1_FORWARD,2023,0.05,3456,23789,11094,3166,290,0.4663499936945647,0.9160879629629629,161,0.01451234901748693,161,0.050852811118130135,1109400,867450.0,-241950.0,78.19091400757166,256550.0,0.050852811118130135,100.82934919776456,0.035470266869927866,1.4829812427882154,0.16324139174328467,0.07030827474310439,7.187734163352355,22.246815378407977,72.57075896881197
EXACTA,EXACTA_AXIS1_FORWARD,2023,0.1,3456,23789,10518,3114,342,0.4421371221993358,0.9010416666666666,145,0.013785890853774482,145,0.04656390494540784,1051800,828640.0,-223160.0,78.7830386004944,238960.0,0.04656390494540784,104.2637383532991,0.03532430084794751,1.560139322305207,0.16428978893325727,0.07225708309564556,7.52437729291369,23.288762309326124,72.85510553337136
EXACTA,EXACTA_AXIS1_FORWARD,2023,0.15,3456,23789,9994,3068,388,0.4201101349363151,0.8877314814814815,132,0.013207924754852912,132,0.04302477183833116,999400,775960.0,-223440.0,77.6425855513308,253420.0,0.04302477183833116,107.60756453872324,0.0351662806479032,1.6354003251584206,0.1658995397238343,0.07364418651190714,8.035208000412393,24.86983865147688,71.40384230538324
EXACTA,EXACTA_AXIS1_FORWARD,2023,0.2,3456,23789,9506,3026,430,0.39959645214174616,0.8755787037037037,122,0.01283399957921313,122,0.0403172504957039,950600,738410.0,-212190.0,77.67830843677677,241820.0,0.0403172504957039,110.91503261098252,0.03511481748368675,1.7103549449068622,0.16589522406900906,0.07553124342520513,8.443818474831057,26.134532305900517,71.11929307805596
EXACTA,EXACTA_AXIS1_FORWARD,2024,0.0,3454,23639,10274,3109,345,0.4346207538389949,0.9001158077591198,158,0.015378625656998247,158,0.0508201994210357,1027400,776750.0,-250650.0,75.60346505742652,264990.0,0.0508201994210357,109.22664979560055,0.0328444744789866,1.2535510178133822,0.16741288689896827,0.059373175004866656,4.396523978113937,15.671709044093982,72.27954058789176
EXACTA,EXACTA_AXIS1_FORWARD,2024,0.05,3454,23639,9698,3055,399,0.4102542408731334,0.8844817602779386,143,0.014745308310991957,143,0.04680851063829787,969800,731640.0,-238160.0,75.44235924932975,252600.0,0.04680851063829787,113.05740358836873,0.03264956564016899,1.3265315659776866,0.1685914621571458,0.05990925964116313,4.667596085506533,16.637964026023727,71.92101464219427
EXACTA,EXACTA_AXIS1_FORWARD,2024,0.1,3454,23639,9152,2988,466,0.3871568171242438,0.8650839606253619,126,0.013767482517482518,126,0.04216867469879518,915200,677200.0,-238000.0,73.99475524475524,252840.0,0.04216867469879518,117.20954982517483,0.03243576452240979,1.4011463341878247,0.17198426573426573,0.06195367132867133,5.042823390431187,17.975487300649736,70.26333041958041
EXACTA,EXACTA_AXIS1_FORWARD,2024,0.15,3454,23639,8631,2923,531,0.3651169677228309,0.8462651997683844,117,0.013555787278415016,117,0.04002736914129319,863100,651320.0,-211780.0,75.46286641177151,226920.0,0.04002736914129319,121.48297995597267,0.032225490795258306,1.478258823562544,0.17425559031398447,0.06395550921098367,5.243198427808143,18.689737763311427,71.50619858649056
EXACTA,EXACTA_AXIS1_FORWARD,2024,0.2,3454,23639,8201,2857,597,0.3469266889462329,0.8271569195136074,102,0.012437507621021826,102,0.035701785089254465,820100,582620.0,-237480.0,71.04255578587977,252620.0,0.035701785089254465,125.04199487867332,0.032109591791538224,1.5466572107640815,0.1749786611388855,0.0642604560419461,5.8614534344855995,20.66870344306752,66.87842945982197
EXACTA,EXACTA_AXIS1_FORWARD,2025,0.0,3455,23750,11138,3146,309,0.4689684210526316,0.9105643994211288,147,0.013198060693122644,147,0.04672600127145582,1113800,639230.0,-474570.0,57.39181181540672,484410.0,0.04672600127145582,100.68668522176331,0.03435606390739074,1.2457093267470611,0.17687196983300413,0.07496857604596875,3.921906043208235,13.880762792735009,55.14095887951158
EXACTA,EXACTA_AXIS1_FORWARD,2025,0.05,3455,23750,10567,3090,365,0.44492631578947367,0.894356005788712,133,0.01258635374278414,133,0.043042071197411005,1056700,597850.0,-458850.0,56.57707958739472,470490.0,0.043042071197411005,104.12387621841582,0.0341772103191808,1.3117341735958419,0.17999432194567994,0.07703227027538563,4.193359538345739,14.84151543029188,54.204599223999246
EXACTA,EXACTA_AXIS1_FORWARD,2025,0.1,3455,23750,9986,3050,405,0.4204631578947368,0.8827785817655571,120,0.012016823552974164,120,0.03934426229508197,998600,568830.0,-429770.0,56.96274784698578,442410.0,0.03934426229508197,107.91743440817145,0.03395745839448269,1.3837711282644067,0.1825555778089325,0.07951131584217905,4.407292161102614,15.598685020129038,54.452233126376925
EXACTA,EXACTA_AXIS1_FORWARD,2025,0.15,3455,23750,9444,2993,462,0.3976421052631579,0.8662807525325615,110,0.011647606946209234,110,0.03675242231874373,944400,535460.0,-408940.0,56.698432867429055,422280.0,0.03675242231874373,111.7034519271495,0.03373143458777008,1.4560365213553097,0.18540872511647608,0.08163913595933926,4.681955701639712,16.57079893922982,54.0438373570521
EXACTA,EXACTA_AXIS1_FORWARD,2025,0.2,3455,23750,8945,2937,518,0.37663157894736843,0.8500723589001448,100,0.011179429849077696,100,0.03404834865509023,894500,502170.0,-392330.0,56.13974287311347,406970.0,0.03404834865509023,115.36567915036333,0.03360361115057679,1.527551599477499,0.1878144214645053,0.08384572386808273,4.9923332735926085,17.669315172152857,53.33705980994969
EXACTA,EXACTA_AXIS1_MULTI,2023,0.0,3456,47373,22759,3426,30,0.48042133704852974,0.9913194444444444,276,0.012127070609429236,276,0.08056042031523643,2275900,1809030.0,-466870.0,79.48635704556439,502740.0,0.08056042031523643,128.34775693132386,0.027696291265236494,1.4002423881598307,0.16292455731798408,0.07025791994375852,3.44659845331476,12.038495768450495,76.74678149303573
EXACTA,EXACTA_AXIS1_MULTI,2023,0.05,3456,47373,21619,3415,41,0.45635699660143964,0.9881365740740741,256,0.011841435774087607,256,0.07496339677891654,2161900,1749780.0,-412120.0,80.93713862805865,448390.0,0.07496339677891654,132.69972246634904,0.027479666012970756,1.4727973883522314,0.16457745501642074,0.07201998242286878,3.5633051012127237,12.446136085679342,78.05310143854942
EXACTA,EXACTA_AXIS1_MULTI,2023,0.1,3456,47373,20521,3395,61,0.4331792371181897,0.9823495370370371,236,0.01150041420983383,236,0.0695139911634757,2052100,1683770.0,-368330.0,82.05106963598266,405300.0,0.0695139911634757,137.16937283758102,0.027292148227181925,1.5476316667733485,0.16656108376784756,0.07416792553969105,3.7029998158893433,12.934070567832899,79.01271867842698
EXACTA,EXACTA_AXIS1_MULTI,2023,0.15,3456,47373,19479,3373,83,0.41118358558672663,0.9759837962962963,219,0.011242876944401663,219,0.0649273643640676,1947900,1616300.0,-331600.0,82.97653883669592,368970.0,0.0649273643640676,141.6789208891627,0.02710665693899715,1.6237798229174891,0.16828379280250527,0.07618460906617383,3.8575759450597045,13.47398379013797,79.77565583448842
EXACTA,EXACTA_AXIS1_MULTI,2023,0.2,3456,47373,18509,3356,100,0.3907077871361324,0.9710648148148148,202,0.010913609595332,202,0.06019070321811681,1850900,1552220.0,-298680.0,83.86298557458534,336650.0,0.06019070321811681,146.25521097844293,0.026933438022235412,1.6997161240251575,0.16959317088983739,0.07834026689718515,4.016827511564083,14.030227673912202,80.49435409800637
EXACTA,EXACTA_AXIS1_MULTI,2024,0.0,3454,47043,22055,3421,33,0.4688263928746041,0.9904458598726115,282,0.012786216277488098,282,0.08243203741596025,2205500,1483960.0,-721540.0,67.28451598277034,732980.0,0.08243203741596025,135.0779868510542,0.028142416459546075,1.329886993486974,0.1627295397868964,0.06365903423260032,2.301274966980242,8.393757244130569,65.73611425980503
EXACTA,EXACTA_AXIS1_MULTI,2024,0.05,3454,47043,20909,3407,47,0.44446570159216037,0.9863925883034164,251,0.012004400019130518,251,0.07367185206926916,2090900,1380800.0,-710100.0,66.03854799368693,721740.0,0.07367185206926916,139.68619254866326,0.027962390106293408,1.4014026203110657,0.16528767516380505,0.06513941364962457,2.4732039397450754,9.020857473928158,64.40528002295662
EXACTA,EXACTA_AXIS1_MULTI,2024,0.1,3454,47043,19800,3387,67,0.42089152477520564,0.9806022003474233,221,0.011161616161616162,221,0.065249483318571,1980000,1274530.0,-705470.0,64.37020202020202,717710.0,0.065249483318571,144.4365707070707,0.027788769537829407,1.47574954330447,0.16590909090909092,0.06626262626262626,2.6794190799745787,9.773014366080044,62.64545454545455
EXACTA,EXACTA_AXIS1_MULTI,2024,0.15,3454,47043,18714,3363,91,0.3978062623557171,0.9736537348002317,193,0.010313134551672544,193,0.05738923580136782,1871400,1141380.0,-730020.0,60.9907021481244,742360.0,0.05738923580136782,149.6298653414556,0.02757679563156816,1.5541096808956676,0.16805600085497488,0.06764988778454632,2.9919921498536857,10.913105188456079,59.165865127711875
EXACTA,EXACTA_AXIS1_MULTI,2024,0.2,3454,47043,17790,3337,117,0.3781646578662075,0.9661262304574406,171,0.009612141652613829,171,0.051243632004794724,1779000,1045730.0,-733270.0,58.781899943788645,745990.0,0.051243632004794724,154.33874648679034,0.02740193474719885,1.6257742032423679,0.17026419336706014,0.06958965711073636,3.265661308368317,11.911296414944584,56.86228218100056
EXACTA,EXACTA_AXIS1_MULTI,2025,0.0,3455,47295,22080,3412,43,0.4668569616238503,0.9875542691751086,273,0.012364130434782608,273,0.08001172332942556,2208000,1512250.0,-695750.0,68.48958333333333,709390.0,0.07883939038686986,127.94343297101449,0.029497653807924046,1.1806884157061033,0.16218297101449275,0.06992753623188405,4.594478426186146,14.471813522896346,65.34284420289855
EXACTA,EXACTA_AXIS1_MULTI,2025,0.05,3455,47295,20826,3401,54,0.4403425309229305,0.984370477568741,241,0.011572073369826179,241,0.07086151132019994,2082600,1418640.0,-663960.0,68.11869778161913,680940.0,0.06997941781828874,132.74271583597425,0.029190415430125564,1.2503057288742543,0.16431383847114184,0.07202535292422933,4.897648452038572,15.426746743359837,64.78248343416882
EXACTA,EXACTA_AXIS1_MULTI,2025,0.1,3455,47295,19625,3372,83,0.4149487260809811,0.9759768451519537,220,0.011210191082802547,220,0.06524317912218268,1962500,1361550.0,-600950.0,69.37834394904459,627800.0,0.06494661921708185,137.63175541401276,0.02892730430681729,1.3222218129690009,0.16672611464968154,0.07393630573248408,5.103007601630495,16.07359259667291,65.8379617834395
EXACTA,EXACTA_AXIS1_MULTI,2025,0.15,3455,47295,18542,3346,109,0.3920498995665504,0.968451519536903,198,0.01067845971308381,198,0.05917513448894202,1854200,1287430.0,-566770.0,69.43317872937116,602950.0,0.0588762701733413,142.31891381727968,0.02871540821930271,1.3921815675354234,0.1685902275914141,0.07528853413871212,5.396798272527438,16.99898246894977,65.68601013914356
EXACTA,EXACTA_AXIS1_MULTI,2025,0.2,3455,47295,17522,3314,141,0.3704831377524051,0.9591895803183792,184,0.010501084351101472,184,0.05552202776101388,1752200,1220250.0,-531950.0,69.64102271430203,555800.0,0.055220277610138806,146.99990868622302,0.02861108383504889,1.4630862339301824,0.17012898070996463,0.07698892820454287,5.693915181315305,17.93484941610326,65.67572194954914
EXACTA,EXACTA_AXIS1_NOVEL_MULTI,2023,0.0,345,2502,1540,335,10,0.6155075939248601,0.9710144927536232,5,0.003246753246753247,5,0.014925373134328358,154000,152190.0,-1810.0,98.82467532467533,51400.0,0.014925373134328358,387.5194155844155,0.007289247479247964,1.7935272136204878,1.0,1.0,40.968526184374795,100.0,58.33766233766234
EXACTA,EXACTA_AXIS1_NOVEL_MULTI,2023,0.05,345,2502,1492,334,11,0.5963229416466826,0.9681159420289855,5,0.003351206434316354,5,0.014970059880239521,149200,152190.0,2990.0,102.00402144772119,49700.0,0.014970059880239521,395.40462466487935,0.0072869242928977306,1.8504784058089059,1.0,1.0,40.968526184374795,100.0,60.21447721179624
EXACTA,EXACTA_AXIS1_NOVEL_MULTI,2023,0.1,345,2502,1456,331,14,0.5819344524380495,0.9594202898550724,5,0.003434065934065934,5,0.015105740181268883,145600,152190.0,6590.0,104.5260989010989,48800.0,0.015105740181268883,401.3444368131868,0.007290968759726057,1.8943528651511463,1.0,1.0,40.968526184374795,100.0,61.7032967032967
EXACTA,EXACTA_AXIS1_NOVEL_MULTI,2023,0.15,345,2502,1414,329,16,0.5651478816946442,0.9536231884057971,5,0.003536067892503536,5,0.015197568389057751,141400,152190.0,10790.0,107.63083451202263,46800.0,0.015197568389057751,408.62369165487974,0.007289815069107821,1.9469249443829981,1.0,1.0,40.968526184374795,100.0,63.53606789250354
EXACTA,EXACTA_AXIS1_NOVEL_MULTI,2023,0.2,345,2502,1372,328,17,0.548361310951239,0.9507246376811594,5,0.0036443148688046646,5,0.01524390243902439,137200,152190.0,14990.0,110.92565597667638,45600.0,0.01524390243902439,416.2999271137026,0.007281204642533029,2.001181332145554,1.0,1.0,40.968526184374795,100.0,65.48104956268222
EXACTA,EXACTA_AXIS1_NOVEL_MULTI,2024,0.0,339,2578,1614,333,6,0.626066718386346,0.9823008849557522,7,0.004337050805452293,7,0.021021021021021023,161400,128100.0,-33300.0,79.36802973977696,50270.0,0.021021021021021023,389.1071251548947,0.007828858238080863,2.0070721881736513,1.0,1.0,26.658860265417644,79.94535519125684,58.2094175960347
EXACTA,EXACTA_AXIS1_NOVEL_MULTI,2024,0.05,339,2578,1568,332,7,0.6082234290147401,0.9793510324483776,7,0.004464285714285714,7,0.02108433734939759,156800,128100.0,-28700.0,81.69642857142857,48370.0,0.02108433734939759,396.60484693877544,0.007824546004909769,2.065202625563438,1.0,1.0,26.658860265417644,79.94535519125684,59.91709183673469
EXACTA,EXACTA_AXIS1_NOVEL_MULTI,2024,0.1,339,2578,1526,331,8,0.5919317300232738,0.976401179941003,6,0.003931847968545216,6,0.01812688821752266,152600,109680.0,-42920.0,71.87418086500655,61580.0,0.01812688821752266,403.5376146788991,0.007829325236092402,2.119919325540289,1.0,1.0,31.13603209336251,89.09555069292487,49.4954128440367
EXACTA,EXACTA_AXIS1_NOVEL_MULTI,2024,0.15,339,2578,1473,330,9,0.5713731574864236,0.9734513274336283,4,0.0027155465037338763,4,0.012121212121212121,147300,83990.0,-63310.0,57.01968771215207,73910.0,0.012121212121212121,412.7158180583843,0.007829480755588633,2.1915997532335263,1.0,1.0,40.65960233361115,100.0,33.8357094365241
EXACTA,EXACTA_AXIS1_NOVEL_MULTI,2024,0.2,339,2578,1435,330,9,0.556633048875097,0.9734513274336283,4,0.0027874564459930314,4,0.012121212121212121,143500,83990.0,-59510.0,58.52961672473867,71010.0,0.012121212121212121,419.4513588850174,0.007836577726713716,2.245011323031238,1.0,1.0,40.65960233361115,100.0,34.73170731707317
EXACTA,EXACTA_AXIS1_NOVEL_MULTI,2025,0.0,346,2637,1861,342,4,0.7057262040197194,0.9884393063583815,7,0.0037614185921547557,7,0.02046783625730994,186100,170150.0,-15950.0,91.42933906501881,108770.0,0.02046783625730994,344.6749059645352,0.009701905497854256,2.27816835749985,1.0,1.0,40.83455774316779,84.66059359388774,54.09457281031703
EXACTA,EXACTA_AXIS1_NOVEL_MULTI,2025,0.05,346,2637,1814,342,4,0.6879029199848312,0.9884393063583815,7,0.003858875413450937,7,0.02046783625730994,181400,170150.0,-11250.0,93.79823594266814,105170.0,0.02046783625730994,350.52309812568905,0.00971866899678947,2.336508463966171,1.0,1.0,40.83455774316779,84.66059359388774,55.49614112458655
EXACTA,EXACTA_AXIS1_NOVEL_MULTI,2025,0.1,346,2637,1772,342,4,0.6719757299962078,0.9884393063583815,5,0.0028216704288939053,5,0.014619883040935672,177200,144050.0,-33150.0,81.29232505643341,127970.0,0.014619883040935672,356.1229119638826,0.009713444541322247,2.3901688572610356,1.0,1.0,48.23325234293648,100.0,42.082392776523704
EXACTA,EXACTA_AXIS1_NOVEL_MULTI,2025,0.15,346,2637,1733,341,5,0.6571861964353432,0.9855491329479769,4,0.002308136180034622,4,0.011730205278592375,173300,129120.0,-44180.0,74.5066358915176,139700.0,0.011730205278592375,361.3547605308714,0.009716919300640482,2.441195418197509,1.0,1.0,53.81040892193309,100.0,34.414310444316214
EXACTA,EXACTA_AXIS1_NOVEL_MULTI,2025,0.2,346,2637,1695,341,5,0.6427758816837316,0.9855491329479769,3,0.0017699115044247787,3,0.008797653958944282,169500,110090.0,-59410.0,64.94985250737463,140600.0,0.008797653958944282,366.41941002949847,0.009732595033063203,2.492061750672558,1.0,1.0,63.11199927332183,100.0,23.958702064896755
EXACTA,EXACTA_AXIS1_REVERSE,2023,0.0,3456,23584,11374,3347,109,0.4822761194029851,0.9684606481481481,98,0.008616142078424477,98,0.029279952195996415,1137400,929790.0,-207610.0,81.74696676630913,257470.0,0.029279952195996415,162.98523826270443,0.019433045060766114,1.7294128961923427,0.18832424828556357,0.09038157200633022,3.8073113283644693,13.497671517224319,78.6346052400211
EXACTA,EXACTA_AXIS1_REVERSE,2023,0.05,3456,23584,10861,3328,128,0.46052408412483037,0.9629629629629629,87,0.008010312125955254,87,0.026141826923076924,1086100,878320.0,-207780.0,80.86916490194272,259100.0,0.026141826923076924,168.13703158088572,0.0193367545102427,1.8099350171081006,0.18976153208728477,0.09290120615044656,4.030421714181619,14.288641952819018,77.6097965196575
EXACTA,EXACTA_AXIS1_REVERSE,2023,0.1,3456,23584,10442,3303,153,0.44275780189959296,0.9557291666666666,81,0.007757134648534764,81,0.02452316076294278,1044200,847340.0,-196860.0,81.14728979122773,247810.0,0.02452316076294278,172.6040222179659,0.019257490721958998,1.8795225906409978,0.192013024324842,0.0955755602375024,4.177779875846768,14.811055774541506,77.75713464853476
EXACTA,EXACTA_AXIS1_REVERSE,2023,0.15,3456,23584,10001,3275,181,0.42405868385345996,0.9476273148148148,77,0.007699230076992301,77,0.02351145038167939,1000100,820730.0,-179370.0,82.06479352064794,234920.0,0.02351145038167939,177.5999300069993,0.019168238576022546,1.956933999678306,0.194980501949805,0.09859014098590141,4.313233341050041,15.291265093270624,78.52514748525148
EXACTA,EXACTA_AXIS1_REVERSE,2023,0.2,3456,23584,9600,3245,211,0.40705563093622793,0.9389467592592593,73,0.007604166666666667,73,0.022496147919876735,960000,796880.0,-163120.0,83.00833333333334,220770.0,0.022496147919876735,182.3989791666667,0.019088501584699696,2.031375441488814,0.19770833333333335,0.1015625,4.442325067764281,15.748920791085233,79.32083333333334
EXACTA,EXACTA_AXIS1_REVERSE,2024,0.0,3454,23404,12193,3413,41,0.5209793197743975,0.9881297046902142,113,0.009267612564586239,113,0.033108702021681806,1219300,710680.0,-508620.0,58.28590174690396,513290.0,0.033108702021681806,156.90683178873124,0.023910007489767984,1.6009487479269704,0.17198392520298533,0.0752891003034528,2.8212416277368155,12.305116226712444,56.641515623718526
EXACTA,EXACTA_AXIS1_REVERSE,2024,0.05,3454,23404,11662,3400,54,0.4982908904460776,0.9843659525188188,102,0.008746355685131196,102,0.03,1166200,689730.0,-476470.0,59.14337163436803,482740.0,0.03,161.61304235980106,0.023775596513323668,1.6727233625151803,0.17424112502143715,0.07734522380380723,2.9069345975961607,12.678874342133879,57.424112502143714
EXACTA,EXACTA_AXIS1_REVERSE,2024,0.1,3454,23404,11173,3381,73,0.4773970261493762,0.9788650839606253,96,0.00859214177033921,96,0.02839396628216504,1117300,657930.0,-459370.0,58.88570661415913,467040.0,0.02839396628216504,166.14441958292312,0.023675641765963415,1.7426715879734205,0.17640741072227692,0.07983531728273517,3.0474366573951635,13.291687565546487,57.09120200483308
EXACTA,EXACTA_AXIS1_REVERSE,2024,0.15,3454,23404,10683,3359,95,0.4564604341138267,0.972495657209033,90,0.008424599831508003,90,0.026793688597796964,1068300,637650.0,-430650.0,59.6882898062342,439020.0,0.026793688597796964,171.09749134138352,0.023505525437211502,1.8168939580710084,0.17935036974632593,0.08199943836001124,3.1443581902297497,13.714420136438486,57.81147617710381
EXACTA,EXACTA_AXIS1_REVERSE,2024,0.2,3454,23404,10190,3322,132,0.43539565886173304,0.9617834394904459,85,0.008341511285574092,85,0.025586995785671283,1019000,612010.0,-406990.0,60.059862610402355,412610.0,0.025586995785671283,176.4520608439647,0.023328248481947374,1.8963969513230527,0.18370951913640823,0.08478900883218841,3.2760902599630723,14.288982206173102,58.09224730127576
EXACTA,EXACTA_AXIS1_REVERSE,2025,0.0,3455,23545,10943,3359,96,0.4647695901465279,0.9722141823444284,104,0.009503792378689573,104,0.030961595713009823,1094300,840020.0,-254280.0,76.763227634104,386830.0,0.030961595713009823,156.2586767796765,0.02344057454543809,1.2595435357234879,0.1661336013890158,0.07566480855341313,8.271231637341968,25.557724816075808,70.41396326418715
EXACTA,EXACTA_AXIS1_REVERSE,2025,0.05,3455,23545,10379,3329,126,0.44081545975791037,0.9635311143270622,94,0.009056749205125735,94,0.028236707720036048,1037900,803380.0,-234520.0,77.40437421716929,366410.0,0.028236707720036048,161.30482705462953,0.023273486779168785,1.3266783710999948,0.16735716350322768,0.07775315540996243,8.648460255420847,26.72334387214021,70.71008767704018
EXACTA,EXACTA_AXIS1_REVERSE,2025,0.1,3455,23545,9811,3295,160,0.4166914419197282,0.9536903039073806,85,0.008663744776271532,85,0.025796661608497723,981100,744630.0,-236470.0,75.8974620324126,339200.0,0.025796661608497723,166.85692589950057,0.023090980821715894,1.3992183029508245,0.1695036183875242,0.0799103047599633,9.330808589500826,28.831768797926486,68.81561512587912
EXACTA,EXACTA_AXIS1_REVERSE,2025,0.15,3455,23545,9292,3256,199,0.3946485453387131,0.9424023154848046,77,0.008286698235040895,77,0.02364864864864865,929200,697960.0,-231240.0,75.11407662505381,347370.0,0.02364864864864865,172.5072535514421,0.022854890906243767,1.470365043477764,0.17423590185105467,0.08265174343521309,9.954725199151813,30.759642386383174,67.63667671114938
EXACTA,EXACTA_AXIS1_REVERSE,2025,0.2,3455,23545,8793,3196,259,0.37345508600552135,0.9250361794500723,72,0.008188331627430911,72,0.02252816020025031,879300,670330.0,-208970.0,76.23450471966336,324570.0,0.02252816020025031,178.2133060388946,0.022723194508866368,1.5439336137744217,0.17593540316160583,0.08449903332196065,10.365044082765206,32.02750883893008,68.33276469919254
EXACTA,EXACTA_CORE12_MULTI,2023,0.0,3456,6911,2175,1384,2072,0.31471567066994643,0.40046296296296297,43,0.019770114942528734,43,0.03106936416184971,217500,128590.0,-88910.0,59.12183908045977,88910.0,0.03106936416184971,44.956367816091955,0.04668473585267588,0.975466219306405,0.16367816091954024,0.0,5.622521191383467,20.452601290924644,55.797701149425286
EXACTA,EXACTA_CORE12_MULTI,2023,0.05,3456,6911,2019,1288,2168,0.2921429604977572,0.3726851851851852,38,0.018821198613174838,38,0.029503105590062112,201900,118150.0,-83750.0,58.519068845963346,83750.0,0.029503105590062112,46.68023774145616,0.04661408373380186,1.0489666532179964,0.1649331352154532,0.0,6.119339822259839,22.25983918747355,54.93808816245666
EXACTA,EXACTA_CORE12_MULTI,2023,0.1,3456,6911,1856,1193,2263,0.26855737230502097,0.34519675925925924,32,0.017241379310344827,32,0.026823134953897737,185600,105600.0,-80000.0,56.89655172413793,80000.0,0.026823134953897737,48.6932650862069,0.0465286081549241,1.1346186069164916,0.1697198275862069,0.0,6.846590909090909,24.90530303030303,53.0010775862069
EXACTA,EXACTA_CORE12_MULTI,2023,0.15,3456,6911,1725,1113,2343,0.24960208363478512,0.3220486111111111,28,0.016231884057971015,28,0.025157232704402517,172500,97400.0,-75100.0,56.46376811594203,75100.0,0.025157232704402517,50.482608695652175,0.0465130438280969,1.2113181619973103,0.17217391304347826,0.0,7.422997946611909,27.00205338809035,52.27246376811594
EXACTA,EXACTA_CORE12_MULTI,2023,0.2,3456,6911,1601,1035,2421,0.2316596729850962,0.2994791666666667,26,0.016239850093691444,26,0.025120772946859903,160100,92960.0,-67140.0,58.06371018113679,67140.0,0.025120772946859903,52.409743910056214,0.046373282333181665,1.2916312365631224,0.1755153029356652,0.0,7.777538726333907,28.29173838209983,53.54778263585259
EXACTA,EXACTA_CORE12_MULTI,2024,0.0,3454,6908,2817,1747,1707,0.40778807180081067,0.5057903879559931,67,0.023784167554135604,67,0.0383514596451059,281700,163210.0,-118490.0,57.93752218672346,119870.0,0.0383514596451059,40.2089811856585,0.057359254294899825,1.0933798347888946,0.1597444089456869,0.0,4.613687886771644,15.011335089761657,55.26446574369897
EXACTA,EXACTA_CORE12_MULTI,2024,0.05,3454,6908,2608,1623,1831,0.377533294730747,0.46988998262883613,59,0.02262269938650307,59,0.036352433764633395,260800,147740.0,-113060.0,56.64877300613497,114640.0,0.036352433764633395,41.95989263803681,0.057169521463154564,1.1789998259942538,0.16679447852760737,0.0,5.096791661026127,16.583186679301477,53.76150306748466
EXACTA,EXACTA_CORE12_MULTI,2024,0.1,3454,6908,2430,1527,1927,0.35176606832657786,0.44209612044006946,52,0.02139917695473251,52,0.034053700065487885,243000,135740.0,-107260.0,55.86008230452675,109410.0,0.034053700065487885,43.59390946502057,0.05710616223931691,1.260041810885204,0.17037037037037037,0.0,5.5473699720053045,18.049211728304112,52.76131687242798
EXACTA,EXACTA_CORE12_MULTI,2024,0.15,3454,6908,2276,1441,2013,0.3294730746960046,0.4171974522292994,49,0.021528998242530756,49,0.034004163775156145,227600,128190.0,-99410.0,56.32249560632689,101190.0,0.034004163775156145,45.237126537785585,0.05682594139979925,1.337019740689055,0.17486818980667837,0.0,5.874093142990873,19.11225524611904,53.01405975395431
EXACTA,EXACTA_CORE12_MULTI,2024,0.2,3454,6908,2135,1363,2091,0.3090619571511291,0.39461493920092644,41,0.01920374707259953,41,0.03008070432868672,213500,112560.0,-100940.0,52.721311475409834,102720.0,0.03008070432868672,46.81091334894614,0.056744140999242625,1.4137278482271536,0.18079625292740048,0.0,6.689765458422174,21.766169154228855,49.1943793911007
EXACTA,EXACTA_CORE12_MULTI,2025,0.0,3455,6910,3050,1886,1569,0.44138929088277856,0.5458755426917511,79,0.025901639344262296,79,0.04188759278897137,305000,168860.0,-136140.0,55.363934426229505,140160.0,0.04188759278897137,35.39380327868852,0.06791123639560574,0.9698102057217409,0.14065573770491804,0.0,6.188558569228947,18.755181807414427,51.937704918032786
EXACTA,EXACTA_CORE12_MULTI,2025,0.05,3455,6910,2831,1758,1697,0.40969609261939216,0.5088277858176555,66,0.023313316849169905,66,0.03754266211604096,283100,153010.0,-130090.0,54.048039561992226,134910.0,0.03754266211604096,36.7572942423172,0.06789858035897332,1.0429369322876172,0.14199929353585306,0.0,6.8296189791516895,20.697993595189857,50.35676439420699
EXACTA,EXACTA_CORE12_MULTI,2025,0.1,3455,6910,2636,1651,1804,0.38147612156295224,0.47785817655571633,61,0.02314112291350531,61,0.036947304663840094,263600,142540.0,-121060.0,54.074355083459785,126380.0,0.036947304663840094,38.00534901365706,0.06817870732657356,1.1146154703181697,0.1449165402124431,0.0,7.331275431457836,22.21832468079136,50.11001517450683
EXACTA,EXACTA_CORE12_MULTI,2025,0.15,3455,6910,2470,1553,1902,0.35745296671490595,0.44949348769898695,58,0.02348178137651822,58,0.03734707018673535,247000,136350.0,-110650.0,55.202429149797574,116170.0,0.03734707018673535,39.25753036437247,0.06826498575891318,1.1809384656936315,0.1493927125506073,0.0,7.6640997433076645,23.226989365603227,50.97165991902834
EXACTA,EXACTA_CORE12_MULTI,2025,0.2,3455,6910,2314,1470,1985,0.334876989869754,0.42547033285094066,55,0.02376836646499568,55,0.03741496598639456,231400,131690.0,-99710.0,56.91011235955056,105630.0,0.03741496598639456,40.620440795159894,0.06798635913756629,1.248783538845973,0.15557476231633535,0.0,7.935302604601716,24.048902726099172,52.394122731201385
TRIO,TRIO_A1_KING_NOVEL,2023,0.0,346,7078,4323,343,3,0.6107657530375812,0.9913294797687862,12,0.002775850104094379,12,0.03498542274052478,432300,385810.0,-46490.0,89.24589405505436,113300.0,0.03498542274052478,462.66213277816337,0.0055000921797526475,1.5461271147740692,1.0,1.0,17.858531401467044,56.12088852025609,73.30788804071247
TRIO,TRIO_A1_KING_NOVEL,2023,0.05,346,7078,4196,343,3,0.5928228313082792,0.9913294797687862,12,0.002859866539561487,12,0.03498542274052478,419600,385810.0,-33790.0,91.94709246901812,109800.0,0.03498542274052478,471.01227359389895,0.005500622671655171,1.592239259049585,1.0,1.0,17.858531401467044,56.12088852025609,75.52669208770257
TRIO,TRIO_A1_KING_NOVEL,2023,0.1,346,7078,4079,342,4,0.5762927380615993,0.9884393063583815,10,0.002451581269919098,10,0.029239766081871343,407900,347920.0,-59980.0,85.29541554302526,106900.0,0.029239766081871343,478.92022554547685,0.005500293444412008,1.635753838157364,1.0,1.0,19.803403081168085,62.232697171763625,68.40402059328267
TRIO,TRIO_A1_KING_NOVEL,2023,0.15,346,7078,3959,340,6,0.5593387962701328,0.9826589595375722,9,0.0022733013387218996,9,0.026470588235294117,395900,326260.0,-69640.0,82.40969941904521,103100.0,0.026470588235294117,487.14326850214707,0.00550242481543902,1.68153837099929,1.0,1.0,21.118126647459082,66.36424937166677,65.0063147259409
TRIO,TRIO_A1_KING_NOVEL,2023,0.2,346,7078,3843,337,9,0.5429499858717152,0.9739884393063584,9,0.00234192037470726,9,0.026706231454005934,384300,326260.0,-58040.0,84.89721571688784,100400.0,0.026706231454005934,495.3912828519386,0.005502471885084841,1.727020952012758,1.0,1.0,21.118126647459082,66.36424937166677,66.96851418162893
TRIO,TRIO_A1_KING_NOVEL,2024,0.0,342,7159,4126,339,3,0.576337477301299,0.9912280701754386,17,0.004120213281628696,17,0.05014749262536873,412600,514580.0,101980.0,124.71643238002909,56600.0,0.05014749262536873,454.7337857489094,0.007534584867265363,1.9787173446463593,1.0,1.0,9.722492129503673,40.3805044890979,112.59088705768299
TRIO,TRIO_A1_KING_NOVEL,2024,0.05,342,7159,4007,338,4,0.5597150440005587,0.9883040935672515,17,0.004242575492887447,17,0.05029585798816568,400700,514580.0,113880.0,128.42026453706015,55000.0,0.05029585798816568,461.36853007237335,0.007579650150519177,2.0367342699259074,1.0,1.0,9.722492129503673,40.3805044890979,115.93461442475667
TRIO,TRIO_A1_KING_NOVEL,2024,0.1,342,7159,3872,338,4,0.5408576616845928,0.9883040935672515,15,0.0038739669421487604,15,0.04437869822485207,387200,432150.0,44950.0,111.60898760330579,74830.0,0.04437869822485207,468.5834710743802,0.007639909660658672,2.1051193013296228,1.0,1.0,11.576998727293764,43.34374638435728,98.68801652892562
TRIO,TRIO_A1_KING_NOVEL,2024,0.15,342,7159,3750,338,4,0.5238161754434977,0.9883040935672515,15,0.004,15,0.04437869822485207,375000,432150.0,57150.0,115.24,70630.0,0.04437869822485207,475.52778666666666,0.007683868255949416,2.169569797279645,1.0,1.0,11.576998727293764,43.34374638435728,101.89866666666667
TRIO,TRIO_A1_KING_NOVEL,2024,0.2,342,7159,3640,338,4,0.5084509009638217,0.9883040935672515,15,0.004120879120879121,15,0.04437869822485207,364000,432150.0,68150.0,118.72252747252747,67330.0,0.04437869822485207,481.35494505494506,0.007748753486918378,2.229823171937645,1.0,1.0,11.576998727293764,43.34374638435728,104.97802197802197
TRIO,TRIO_A1_KING_NOVEL,2025,0.0,346,7631,4438,346,0,0.5815751539771983,1.0,17,0.0038305543037404238,17,0.049132947976878616,443800,535950.0,92150.0,120.7638575935106,74300.0,0.049132947976878616,463.4672149616945,0.005667759238609172,1.480487061845703,1.0,1.0,12.952700811642877,55.312995615262615,105.12167643082469
TRIO,TRIO_A1_KING_NOVEL,2025,0.05,346,7631,4296,345,1,0.5629668457607129,0.9971098265895953,15,0.0034916201117318434,15,0.043478260869565216,429600,500570.0,70970.0,116.52001862197393,72100.0,0.043478260869565216,471.208822160149,0.005693283055147306,1.5285730469545487,1.0,1.0,13.868190263100066,59.22248636554328,100.36080074487896
TRIO,TRIO_A1_KING_NOVEL,2025,0.1,346,7631,4163,345,1,0.5455379373607653,0.9971098265895953,13,0.0031227480182560653,13,0.03768115942028986,416300,476460.0,60160.0,114.451116982945,70100.0,0.03768115942028986,478.5546961325967,0.0057147442028318745,1.5750158736631066,1.0,1.0,14.569953406371994,62.219283885320905,97.7756425654576
TRIO,TRIO_A1_KING_NOVEL,2025,0.15,346,7631,4011,345,1,0.5256191849036823,0.9971098265895953,12,0.0029917726252804786,12,0.034782608695652174,401100,460490.0,59390.0,114.80678135128397,67600.0,0.034782608695652174,486.8481426078285,0.005749450019508599,1.6299730939875787,1.0,1.0,15.07524593367934,64.37707659232557,97.4993767140364
TRIO,TRIO_A1_KING_NOVEL,2025,0.2,346,7631,3868,345,1,0.5068798322631372,0.9971098265895953,11,0.002843846949327818,11,0.03188405797101449,386800,444990.0,58190.0,115.04395036194416,65400.0,0.03188405797101449,495.2668821096174,0.005776261213485879,1.6837253173984783,1.0,1.0,15.600350569675722,66.61947459493472,97.09669079627714
TRIO,TRIO_AXIS12_ALL,2023,0.0,3456,20287,9316,2964,492,0.4592103317395376,0.8576388888888888,125,0.013417775869471876,125,0.042172739541160596,931600,770090.0,-161510.0,82.66316015457278,207690.0,0.042172739541160596,117.93017389437527,0.030480519519265392,1.6652861611390113,0.22101760412194074,0.11453413482181193,8.947006194081212,18.95362879663416,75.26728209531989
TRIO,TRIO_AXIS12_ALL,2023,0.05,3456,20287,8872,2901,555,0.4373243949327155,0.8394097222222222,111,0.01251127141568981,111,0.038262668045501554,887200,720900.0,-166300.0,81.2556357078449,212000.0,0.038262668045501554,121.89230162308385,0.03031188995687069,1.7473645156323172,0.2257664562669071,0.11891343552750225,9.557497572478846,20.246913580246915,73.48963029756537
TRIO,TRIO_AXIS12_ALL,2023,0.1,3456,20287,8456,2836,620,0.4168186523389363,0.8206018518518519,100,0.011825922421948912,100,0.03526093088857546,845600,693410.0,-152190.0,82.00212866603596,205710.0,0.03526093088857546,125.91770340586567,0.030139141093931177,1.829626687004736,0.22977767265846735,0.12322611163670766,9.936401263321844,21.04959547742317,73.85406811731315
TRIO,TRIO_AXIS12_ALL,2023,0.15,3456,20287,8023,2769,687,0.39547493468723816,0.8012152777777778,85,0.010594540695500436,85,0.030697002527988442,802300,624400.0,-177900.0,77.82624953259379,222280.0,0.030697002527988442,130.37719057709086,0.03002126700133917,1.9216237055895133,0.23482487847438613,0.1273837716564876,11.034593209481102,23.376040999359386,69.23843948647638
TRIO,TRIO_AXIS12_ALL,2023,0.2,3456,20287,7662,2693,763,0.3776802878690787,0.7792245370370371,74,0.009658052727747325,74,0.027478648347567768,766200,595580.0,-170620.0,77.73166275123988,218270.0,0.027478648347567768,134.3997520229705,0.02987955589807147,2.0039218556264036,0.23988514748107545,0.13194988253719656,11.568555021995365,24.507203062560865,68.73923257635082
TRIO,TRIO_AXIS12_ALL,2024,0.0,3454,20107,9921,3169,285,0.4934102551350276,0.917486971627099,147,0.014817054732385848,147,0.04638687283054591,992100,653100.0,-339000.0,65.8300574538857,375120.0,0.04638687283054591,109.68146356214092,0.03980629395306711,1.459769963552572,0.192016933776837,0.09515169841749824,7.660388914408207,20.904915020670646,60.787219030339685
TRIO,TRIO_AXIS12_ALL,2024,0.05,3454,20107,9362,3121,333,0.46560899189337046,0.9035900405327157,134,0.014313180944242684,134,0.04293495674463313,936200,624220.0,-311980.0,66.67592394787438,352680.0,0.04293495674463313,114.0277397991882,0.0395120322106125,1.5454336749845368,0.19515060884426405,0.09752189703054903,8.014802473486911,21.872096376277593,61.331980346079895
TRIO,TRIO_AXIS12_ALL,2024,0.1,3454,20107,8877,3059,395,0.44148803899139605,0.8856398378691372,123,0.013856032443393038,123,0.04020921869892122,887700,599980.0,-287720.0,67.58814914948744,333280.0,0.04020921869892122,117.97608426270138,0.039434902766648454,1.6257454693865279,0.19837783034809056,0.10037174721189591,8.338611287042902,22.755758525284175,61.95223611580489
TRIO,TRIO_AXIS12_ALL,2024,0.15,3454,20107,8458,3010,444,0.4206495250410305,0.8714533873769542,114,0.013478363679356823,114,0.03787375415282392,845800,587080.0,-258720.0,69.41120832348072,306990.0,0.03787375415282392,121.71542917947507,0.03938871178266675,1.7001361406260862,0.20229368645069756,0.10345235280208087,8.52183688764734,23.255774340805342,63.49609836840861
TRIO,TRIO_AXIS12_ALL,2024,0.2,3454,20107,8060,2954,500,0.4008554234843587,0.8552403011001737,99,0.01228287841191067,99,0.03351387948544347,806000,557620.0,-248380.0,69.18362282878412,297110.0,0.03351387948544347,125.48168734491315,0.039245150266860304,1.7754175085422597,0.20707196029776676,0.1064516129032258,8.972059825687744,24.48441591047667,62.97642679900744
TRIO,TRIO_AXIS12_ALL,2025,0.0,3455,20234,9084,3041,414,0.4489473163981417,0.8801736613603474,135,0.014861294583883751,135,0.0443932916803683,908400,612850.0,-295550.0,67.46477322765301,297390.0,0.0443932916803683,115.18783575517394,0.033474587758449824,1.2588673929973713,0.20222369000440335,0.10799207397622193,3.072529982866933,13.797829811536266,65.3918978423602
TRIO,TRIO_AXIS12_ALL,2025,0.05,3455,20234,8573,2959,496,0.4236927943066126,0.8564399421128799,120,0.013997433803802636,120,0.04055424129773572,857300,572780.0,-284520.0,66.81208445118395,287160.0,0.04055424129773572,119.59986002566194,0.03322959970451986,1.3324010552158954,0.20727866557797736,0.11174617986702438,3.2874751213380358,14.763085303257796,64.61565379680393
TRIO,TRIO_AXIS12_ALL,2025,0.1,3455,20234,8051,2877,578,0.3978946327962835,0.8327062228654124,108,0.01341448267295988,108,0.03753910323253389,805100,531380.0,-273720.0,66.00173891442057,276860.0,0.03753910323253389,124.65815426655074,0.03293514970223664,1.4139615004587731,0.21289280834678923,0.1166314743510123,3.543603447626934,15.9132823967782,63.66289901875543
TRIO,TRIO_AXIS12_ALL,2025,0.15,3455,20234,7619,2800,655,0.3765444301670456,0.8104196816208393,100,0.013125082031762698,100,0.03571428571428571,761900,508260.0,-253640.0,66.70954193463709,257580.0,0.03571428571428571,129.20643129019558,0.03259645843233726,1.4870650336919056,0.21722010762567265,0.12075075469221683,3.704796757565026,16.63715421241097,64.23808898805618
TRIO,TRIO_AXIS12_ALL,2025,0.2,3455,20234,7199,2730,725,0.35578728872195314,0.7901591895803184,88,0.012223919988887345,88,0.03223443223443224,719900,475350.0,-244550.0,66.03000416724545,248990.0,0.03223443223443224,133.88747048201137,0.032234281742847856,1.563639142295296,0.22128073343519933,0.12460063897763578,3.9612916798148734,17.788997580729987,63.41436310598694
TRIO,TRIO_AXIS12_NOVEL,2023,0.0,344,1285,605,271,73,0.4708171206225681,0.7877906976744186,2,0.003305785123966942,2,0.007380073800738007,60500,86600.0,26100.0,143.1404958677686,37400.0,0.007380073800738007,412.4365289256198,0.010697778674940255,2.7871266337216287,1.0,1.0,79.56120092378752,100.0,29.25619834710744
TRIO,TRIO_AXIS12_NOVEL,2023,0.05,344,1285,584,269,75,0.4544747081712062,0.7819767441860465,2,0.003424657534246575,2,0.007434944237918215,58400,86600.0,28200.0,148.2876712328767,36600.0,0.007434944237918215,419.2200342465753,0.010850474514654687,2.886497416980438,1.0,1.0,79.56120092378752,100.0,30.30821917808219
TRIO,TRIO_AXIS12_NOVEL,2023,0.1,344,1285,571,266,78,0.4443579766536965,0.7732558139534884,2,0.0035026269702276708,2,0.007518796992481203,57100,86600.0,29500.0,151.66374781085815,35800.0,0.007518796992481203,423.52416812609454,0.010965296913839259,2.9504726581300886,1.0,1.0,79.56120092378752,100.0,30.998248686514888
TRIO,TRIO_AXIS12_NOVEL,2023,0.15,344,1285,554,261,83,0.4311284046692607,0.7587209302325582,2,0.0036101083032490976,2,0.007662835249042145,55400,86600.0,31200.0,156.31768953068593,34500.0,0.007662835249042145,428.834476534296,0.011096281978270828,3.0372427004667344,1.0,1.0,79.56120092378752,100.0,31.949458483754512
TRIO,TRIO_AXIS12_NOVEL,2023,0.2,344,1285,540,256,88,0.42023346303501946,0.7441860465116279,2,0.003703703703703704,2,0.0078125,54000,86600.0,32600.0,160.37037037037038,33700.0,0.0078125,432.2253703703704,0.011258522420577555,3.11145240797449,1.0,1.0,79.56120092378752,100.0,32.77777777777778
TRIO,TRIO_AXIS12_NOVEL,2024,0.0,339,1292,782,313,26,0.6052631578947368,0.9233038348082596,4,0.005115089514066497,4,0.012779552715654952,78200,120770.0,42570.0,154.43734015345268,41400.0,0.012779552715654952,374.0750639386189,0.0076839437955383465,1.8724658017428637,1.0,1.0,41.42585079075929,100.0,90.46035805626599
TRIO,TRIO_AXIS12_NOVEL,2024,0.05,339,1292,760,311,28,0.5882352941176471,0.9174041297935103,4,0.005263157894736842,4,0.012861736334405145,76000,120770.0,44770.0,158.9078947368421,40300.0,0.012861736334405145,381.08131578947365,0.007681859127090797,1.925999509405033,1.0,1.0,41.42585079075929,100.0,93.07894736842105
TRIO,TRIO_AXIS12_NOVEL,2024,0.1,339,1292,734,311,28,0.5681114551083591,0.9174041297935103,4,0.005449591280653951,4,0.012861736334405145,73400,120770.0,47370.0,164.5367847411444,38800.0,0.012861736334405145,389.60531335149864,0.007681316827881802,1.9913714007060983,1.0,1.0,41.42585079075929,100.0,96.37602179836512
TRIO,TRIO_AXIS12_NOVEL,2024,0.15,339,1292,712,304,35,0.5510835913312694,0.8967551622418879,4,0.0056179775280898875,4,0.013157894736842105,71200,120770.0,49570.0,169.62078651685394,38000.0,0.013157894736842105,397.1087078651686,0.007680824721662885,2.0489198943855316,1.0,1.0,41.42585079075929,100.0,99.35393258426966
TRIO,TRIO_AXIS12_NOVEL,2024,0.2,339,1292,693,302,37,0.5363777089783281,0.8908554572271387,4,0.005772005772005772,4,0.013245033112582781,69300,120770.0,51470.0,174.27128427128426,37200.0,0.013245033112582781,403.7792207792208,0.007681844440263142,2.100288435091637,1.0,1.0,41.42585079075929,100.0,102.07792207792208
TRIO,TRIO_AXIS12_NOVEL,2025,0.0,346,1344,837,324,22,0.6227678571428571,0.9364161849710982,5,0.005973715651135006,5,0.015432098765432098,83700,80490.0,-3210.0,96.16487455197132,37400.0,0.015432098765432098,354.10776583034647,0.008101353564576875,1.83426096696237,1.0,1.0,23.394210460926825,100.0,73.6678614097969
TRIO,TRIO_AXIS12_NOVEL,2025,0.05,346,1344,812,319,27,0.6041666666666666,0.9219653179190751,4,0.0049261083743842365,4,0.012539184952978056,81200,61660.0,-19540.0,75.93596059113301,36500.0,0.012539184952978056,360.64347290640393,0.008122605387872501,1.8898847955820763,1.0,1.0,26.613687966266625,100.0,55.72660098522167
TRIO,TRIO_AXIS12_NOVEL,2025,0.1,346,1344,790,317,29,0.5877976190476191,0.9161849710982659,3,0.0037974683544303796,3,0.00946372239747634,79000,46160.0,-32840.0,58.43037974683544,45310.0,0.00946372239747634,366.71493670886076,0.0081288872672748,1.940263801638572,1.0,1.0,35.55025996533796,100.0,37.65822784810127
TRIO,TRIO_AXIS12_NOVEL,2025,0.15,346,1344,770,314,32,0.5729166666666666,0.9075144508670521,3,0.003896103896103896,3,0.009554140127388535,77000,46160.0,-30840.0,59.94805194805195,43410.0,0.009554140127388535,372.44974025974034,0.008132071192392776,1.9874371321492321,1.0,1.0,35.55025996533796,100.0,38.63636363636363
TRIO,TRIO_AXIS12_NOVEL,2025,0.2,346,1344,741,312,34,0.5513392857142857,0.9017341040462428,3,0.004048582995951417,3,0.009615384615384616,74100,46160.0,-27940.0,62.29419703103914,40600.0,0.009615384615384616,380.7311740890689,0.00815352598367588,2.0584547813813865,1.0,1.0,35.55025996533796,100.0,40.148448043184885
TRIO,TRIO_AXIS1_ALL,2023,0.0,3456,70896,37365,3395,61,0.5270396073121192,0.9823495370370371,270,0.0072260136491368926,270,0.07952871870397643,3736500,2486120.0,-1250380.0,66.53606316071189,1277700.0,0.07776141384388807,214.5332021945671,0.019610419360782543,1.5611516259742666,0.22836879432624113,0.1484811989830055,3.2407928820813154,11.513523080140942,64.37976716178241
TRIO,TRIO_AXIS1_ALL,2023,0.05,3456,70896,35809,3385,71,0.505091965696231,0.9794560185185185,250,0.006981485101510794,250,0.07385524372230429,3580900,2402250.0,-1178650.0,67.08509034041721,1207470.0,0.07296898079763663,220.57865620374764,0.019437363009038786,1.6279209160609949,0.23080789745594682,0.15152615264319025,3.3539390155062963,11.915495889270476,64.83509732190231
TRIO,TRIO_AXIS1_ALL,2023,0.1,3456,70896,34297,3364,92,0.4837649514782216,0.9733796296296297,235,0.006851911245881564,235,0.06985731272294887,3429700,2344210.0,-1085490.0,68.35029302854477,1114450.0,0.06926278240190249,226.61858763157127,0.01929451633654329,1.6963819968729192,0.23313992477476164,0.15415342449776948,3.436978768966944,12.21051015054112,66.001107968627
TRIO,TRIO_AXIS1_ALL,2023,0.15,3456,70896,32851,3334,122,0.46336887835703,0.9646990740740741,215,0.006544701835560562,215,0.0644871025794841,3285100,2180690.0,-1104410.0,66.38123649203982,1118030.0,0.06418716256748651,232.53118017716355,0.019199699111343376,1.7655447932280195,0.23563970655383398,0.15695108215883838,3.694702135562597,13.126120631543227,63.928647529755565
TRIO,TRIO_AXIS1_ALL,2023,0.2,3456,70896,31478,3311,145,0.4440024825095915,0.9580439814814815,200,0.006353643814727746,200,0.06040471156750227,3147800,2112480.0,-1035320.0,67.10972742868034,1049340.0,0.060102688009664756,238.5704428489739,0.019082820631248894,1.8349110986993784,0.23851578880487959,0.1600165194739183,3.8140006059228964,13.549950768764674,64.55016201791727
TRIO,TRIO_AXIS1_ALL,2024,0.0,3454,69948,34699,3407,47,0.49606850803453995,0.9863925883034164,287,0.008271131732902965,287,0.0842383328441444,3469900,2520090.0,-949810.0,72.62716504798409,1010310.0,0.08189022600528324,224.69688463644485,0.02055657737413108,1.362206584718045,0.22467506268192167,0.13919709501714747,1.9852465586546513,9.054835343182187,71.18533675322055
TRIO,TRIO_AXIS1_ALL,2024,0.05,3454,69948,33112,3395,59,0.47338022531023044,0.9829183555298205,255,0.007701135539985504,255,0.07511045655375552,3311200,2334840.0,-976360.0,70.51340903599903,999390.0,0.07304860088365243,231.24729101232185,0.020383740838165413,1.4262768745464858,0.22759120560521864,0.14197269871949747,2.142759246886296,9.773260694522966,69.00247644358541
TRIO,TRIO_AXIS1_ALL,2024,0.1,3454,69948,31536,3376,78,0.4508492022645394,0.9774174869716271,230,0.0072932521562658545,230,0.06812796208530805,3153600,2230000.0,-923600.0,70.71283612379503,942450.0,0.06723933649289099,238.1377378234399,0.02022062159740344,1.4938434445580746,0.23018138001014712,0.1445015220700152,2.2434977578475337,10.232735426008968,69.12639523084728
TRIO,TRIO_AXIS1_ALL,2024,0.15,3454,69948,30023,3353,101,0.4292188482872991,0.9707585408222351,210,0.006994637444625787,210,0.06263048016701461,3002300,2139480.0,-862820.0,71.26136628584752,887730.0,0.062332239785266925,245.05444492555705,0.02009777675967257,1.562863321860016,0.23282150351397263,0.14662092395829865,2.338418681174865,10.665675771682839,69.59497718415881
TRIO,TRIO_AXIS1_ALL,2024,0.2,3454,69948,28673,3326,128,0.4099187968204952,0.9629415170816444,194,0.00676594705820807,194,0.05832832230907998,2867300,2064480.0,-802820.0,72.00083702437834,829050.0,0.05802766085387853,251.81554772782755,0.019949049158974476,1.6281989091942224,0.23569211453283576,0.14954835559585672,2.4233705339843445,11.053146555064714,70.25598995570746
TRIO,TRIO_AXIS1_ALL,2025,0.0,3455,71042,35353,3388,67,0.49763520171166353,0.9806078147612156,282,0.007976692218482165,282,0.08323494687131051,3535300,2373000.0,-1162300.0,67.12301643424887,1169170.0,0.08116883116883117,224.03208497157243,0.01855543651631203,1.2970758187096005,0.2404322122592142,0.1628998953412723,2.925410872313527,12.528445006321112,65.15939241365655
TRIO,TRIO_AXIS1_ALL,2025,0.05,3455,71042,33630,3373,82,0.4733819430759269,0.9762662807525325,259,0.007701457032411537,259,0.07678624369997035,3363000,2273700.0,-1089300.0,67.6092774308653,1096670.0,0.07560035576638008,231.1565328575676,0.018360733782036735,1.3622768366339184,0.24380017841213203,0.1663098424026167,3.053173241852487,13.075603641641377,65.54504906333631
TRIO,TRIO_AXIS1_ALL,2025,0.1,3455,71042,32038,3348,107,0.4509726640578813,0.9690303907380607,230,0.007178974967226419,230,0.06869772998805257,3203800,2155710.0,-1048090.0,67.28603533304201,1054260.0,0.06810035842293907,238.12241712965854,0.018166535390066248,1.4262716790968049,0.24670703539546787,0.16917410574942257,3.220284732176406,13.79127990314096,65.11923341032524
TRIO,TRIO_AXIS1_ALL,2025,0.15,3455,71042,30472,3309,146,0.4289293657273162,0.9577424023154848,198,0.006497768443160934,198,0.05983680870353581,3047200,1985450.0,-1061750.0,65.15653714885796,1068020.0,0.0595346025989725,245.49139866106592,0.017968542664651723,1.4931547852080902,0.2500984510370176,0.17258466789183513,3.4964365760910625,14.97393537988869,62.878380152270935
TRIO,TRIO_AXIS1_ALL,2025,0.2,3455,71042,28960,3278,177,0.40764618113228795,0.9487698986975398,182,0.006284530386740332,182,0.05552165954850519,2896000,1908960.0,-987040.0,65.9171270718232,993510.0,0.05552165954850519,253.18372582872928,0.017742348920992405,1.5620243422011895,0.2535220994475138,0.17624309392265194,3.636535076690973,15.573925069147599,63.52002762430939
TRIO,TRIO_KING_TOP6_BOX,2023,0.0,3456,68102,37550,3445,11,0.5513788141317436,0.9968171296296297,303,0.008069241011984021,303,0.08795355587808418,3755000,2617700.0,-1137300.0,69.71238348868175,1171510.0,0.08650217706821481,168.57740612516645,0.02088253179577567,1.5004448048419545,0.10447403462050599,0.0,3.077892806662337,9.744432135080414,67.56671105193075
TRIO,TRIO_KING_TOP6_BOX,2023,0.05,3456,68102,35849,3440,16,0.5264015741094241,0.9953703703703703,277,0.00772685430555943,277,0.08052325581395349,3584900,2493480.0,-1091420.0,69.55507824486038,1125830.0,0.07936046511627907,173.72593098831206,0.020736953979798318,1.5704328539908128,0.10538648218918241,0.0,3.2312270401206344,10.229879525803295,67.3075957488354
TRIO,TRIO_KING_TOP6_BOX,2023,0.1,3456,68102,34283,3429,27,0.5034066547237966,0.9921875,254,0.007408919872823265,254,0.07407407407407407,3428300,2377580.0,-1050720.0,69.35157366624858,1085430.0,0.07349081364829396,178.84014526149988,0.020562974692432335,1.6387544374276095,0.10559169267567016,0.0,3.388739811068397,10.728555926614456,67.00142927981798
TRIO,TRIO_KING_TOP6_BOX,2023,0.15,3456,68102,32817,3417,39,0.4818801209949781,0.9887152777777778,228,0.0069476186123045985,228,0.06672519754170325,3281700,2236270.0,-1045430.0,68.14364506201055,1080240.0,0.06643254316652034,183.8091324618338,0.02042361873302801,1.7063927717685439,0.10634731998659232,0.0,3.6028744292952104,11.406493849132708,65.68851509888168
TRIO,TRIO_KING_TOP6_BOX,2023,0.2,3456,68102,31365,3400,56,0.4605591612581128,0.9837962962962963,203,0.006472182368882512,203,0.05970588235294118,3136500,2118810.0,-1017690.0,67.5533237685318,1052900.0,0.05941176470588235,189.09613582018173,0.02029447257493693,1.7772990442377667,0.10588235294117647,0.0,3.8026061798839916,12.038833118590151,64.98453690419257
TRIO,TRIO_KING_TOP6_BOX,2024,0.0,3454,67855,31556,3417,37,0.4650504752781667,0.9892877822814129,256,0.008112561794904298,256,0.0749195200468247,3155600,1830550.0,-1325050.0,58.00957028774243,1334900.0,0.06994439566871524,186.72003105590065,0.021520688348879866,1.293606230754191,0.10489288883255166,0.0,2.296031247439294,9.549042637458687,56.6776524274306
TRIO,TRIO_KING_TOP6_BOX,2024,0.05,3454,67855,29987,3403,51,0.44192763982020483,0.9852345107122177,223,0.007436555840864375,223,0.06553041434028799,2998700,1731840.0,-1266860.0,57.753026311401605,1280410.0,0.06406112253893623,192.2006069296695,0.02137560397390712,1.3599886876916507,0.10657951779104279,0.0,2.4268985587583147,10.093311160384332,56.35141894821089
TRIO,TRIO_KING_TOP6_BOX,2024,0.1,3454,67855,28399,3386,68,0.4185247955198585,0.9803126809496236,201,0.007077714004014226,201,0.05936207914943887,2839900,1641940.0,-1197960.0,57.81682453607522,1215210.0,0.05818074424099232,198.36045635409695,0.021204803378551237,1.4318652278075346,0.10753899785203705,0.0,2.5597768493367603,10.64594321351572,56.3368428465791
TRIO,TRIO_KING_TOP6_BOX,2024,0.15,3454,67855,26952,3360,94,0.39719991157615503,0.9727851766068326,185,0.006864054615612941,185,0.05505952380952381,2695200,1577800.0,-1117400.0,58.541110121697834,1136650.0,0.05476190476190476,204.19387800534284,0.02110873968724181,1.5020575778145826,0.10804392994953993,0.0,2.6638357206236534,11.078717201166182,56.981671119026416
TRIO,TRIO_KING_TOP6_BOX,2024,0.2,3454,67855,25601,3341,113,0.37728980915186794,0.9672843080486393,166,0.006484121713995547,166,0.04968572283747381,2560100,1492430.0,-1067670.0,58.29576969649623,1076720.0,0.04938641125411553,210.0695910316003,0.02101346518471371,1.5720912863297258,0.10882387406741924,0.0,2.8162124856777204,11.712442124588758,56.654036951681576
TRIO,TRIO_KING_TOP6_BOX,2025,0.0,3455,68041,33799,3423,32,0.49674460986757984,0.9907380607814761,283,0.008373028787833959,283,0.08267601519135262,3379900,2125020.0,-1254880.0,62.87227432764283,1261450.0,0.07975460122699386,177.10115979762713,0.020183418506557586,1.2183238025555492,0.10296162608361194,0.0,3.5684370029458545,13.554225371996498,60.628716825941595
TRIO,TRIO_KING_TOP6_BOX,2025,0.05,3455,68041,32009,3411,44,0.4704369424317691,0.9872648335745297,261,0.008153956699678215,261,0.07651715039577836,3200900,2040150.0,-1160750.0,63.736761535818054,1167520.0,0.07475813544415127,182.98798775344434,0.020012685357609812,1.2850592320553789,0.10353338123652722,0.0,3.716883562483151,14.118079552974047,61.36774032303415
TRIO,TRIO_KING_TOP6_BOX,2025,0.1,3455,68041,30370,3392,63,0.4463485251539513,0.9817655571635311,236,0.007770826473493579,236,0.0695754716981132,3037000,1946910.0,-1090090.0,64.10635495554824,1097060.0,0.06810141509433962,188.75858742179784,0.019845392933446015,1.3503784351687256,0.10398419492920645,0.0,3.8948898510973797,14.794212367289704,61.60948304247613
TRIO,TRIO_KING_TOP6_BOX,2025,0.15,3455,68041,28771,3367,88,0.4228479887126879,0.9745296671490593,211,0.007333773591463626,211,0.06266706266706266,2877100,1871930.0,-1005170.0,65.06308435577492,1012440.0,0.062370062370062374,194.84495498939904,0.01965147244066145,1.4185012195028122,0.10527962184143756,0.0,4.050899339184692,15.386793309578884,62.42744430155365
TRIO,TRIO_KING_TOP6_BOX,2025,0.2,3455,68041,27362,3335,120,0.40213988624505814,0.9652677279305355,196,0.007163219062933996,196,0.058770614692653676,2736200,1815000.0,-921200.0,66.33287040421021,928670.0,0.05847076461769116,200.56175352678898,0.019459063036684408,1.482548888871916,0.1060594985746656,0.0,4.177961432506887,15.869421487603306,63.561508661647544
TRIFECTA,TRIFECTA_A1_FIRST_ANCHOR2_MATE,2023,0.0,3449,37805,17798,3177,272,0.47078428779262005,0.9211365613221224,45,0.002528373974603888,45,0.014164305949008499,1779800,1084730.0,-695070.0,60.946735588268346,704790.0,0.014164305949008499,339.5836273738622,0.007378183268409971,1.2768982992345521,0.1827171592313743,0.06506349027980672,5.949867709015146,25.17953776515815,57.32048544780312
TRIFECTA,TRIFECTA_A1_FIRST_ANCHOR2_MATE,2023,0.05,3449,37805,17061,3151,298,0.4512895119693162,0.9135981443896781,43,0.002520368090967704,43,0.01364646144081244,1706100,1068870.0,-637230.0,62.64990328820116,649050.0,0.01364646144081244,347.97467323134634,0.007359078784229055,1.33101497846291,0.1841040970634781,0.06646738174784596,6.038152441363309,25.553154265719872,58.86700662329289
TRIFECTA,TRIFECTA_A1_FIRST_ANCHOR2_MATE,2023,0.1,3449,37805,16357,3119,330,0.4326676365560111,0.9043200927805161,42,0.002567708014917161,42,0.01346585444052581,1635700,1055930.0,-579770.0,64.55523629027327,593390.0,0.01346585444052581,356.29844103441957,0.00734541421232333,1.385106189207088,0.18774836461453812,0.06847221373112429,6.112147585540709,25.866297955356888,60.60952497401724
TRIFECTA,TRIFECTA_A1_FIRST_ANCHOR2_MATE,2023,0.15,3449,37805,15655,3070,379,0.4140986641978574,0.8901130762539866,38,0.0024273395081443627,38,0.012377850162866449,1565500,1002740.0,-562760.0,64.05237943149153,578380.0,0.012377850162866449,365.21527307569465,0.00731890457587903,1.4416359839824509,0.1900351325455126,0.06994570424784415,6.4363643616490815,27.238366874763148,59.929734908974766
TRIFECTA,TRIFECTA_A1_FIRST_ANCHOR2_MATE,2023,0.2,3449,37805,14939,3013,436,0.3951593704536437,0.8735865468251667,35,0.002342860967936274,35,0.011616329239960173,1493900,951870.0,-542030.0,63.717116272842894,559950.0,0.011616329239960173,374.5939755003682,0.007303671960874253,1.502363031528601,0.19271704933395808,0.07216011781243724,6.780337651149842,28.694044354796347,59.3968806479684
TRIFECTA,TRIFECTA_A1_FIRST_ANCHOR2_MATE,2024,0.0,3446,37349,17530,3169,277,0.46935660928003425,0.9196169471851422,49,0.0027952082144894466,49,0.015462290943515304,1753000,995210.0,-757790.0,56.7718197375927,757790.0,0.015462290943515304,330.78244152880774,0.008669026985506941,1.2400988015407022,0.17227609811751282,0.05892755276668568,9.349785472412858,28.80598064730057,51.46377638334284
TRIFECTA,TRIFECTA_A1_FIRST_ANCHOR2_MATE,2024,0.05,3446,37349,16666,3118,328,0.44622345979812045,0.9048171793383634,43,0.002580103204128165,43,0.013790891597177678,1666600,932490.0,-734110.0,55.95163806552262,734110.0,0.013790891597177678,340.0316932677307,0.008653395501851766,1.3031310182321336,0.17454698187927517,0.05994239769590784,9.978659288571459,30.743493227809413,50.368414736589465
TRIFECTA,TRIFECTA_A1_FIRST_ANCHOR2_MATE,2024,0.1,3446,37349,15917,3077,369,0.426169375351415,0.8929193267556588,42,0.002638688195011623,42,0.013649658758531037,1591700,923850.0,-667850.0,58.041716403844944,667850.0,0.013649658758531037,348.45124081171076,0.008638600426166156,1.3608992748716615,0.17729471634101904,0.06125526166991267,10.071981382259025,31.03101152784543,52.1957655337061
TRIFECTA,TRIFECTA_A1_FIRST_ANCHOR2_MATE,2024,0.15,3446,37349,15215,3050,396,0.40737369139736,0.8850841555426582,42,0.002760433782451528,42,0.01377049180327869,1521500,923850.0,-597650.0,60.71968452185343,599190.0,0.01377049180327869,356.42178113703585,0.008638244081583575,1.4179202224112692,0.1795596450870851,0.06158396319421623,10.071981382259025,31.03101152784543,54.60400920144594
TRIFECTA,TRIFECTA_A1_FIRST_ANCHOR2_MATE,2024,0.2,3446,37349,14544,3012,434,0.389408016278883,0.8740568775391758,38,0.002612761276127613,38,0.012616201859229747,1454400,878390.0,-576010.0,60.39535203520352,579450.0,0.012616201859229747,364.55126512651265,0.008625590202415536,1.4753129980060846,0.18213696369636964,0.062362486248624865,10.593244458611778,32.63698357221735,53.99752475247525
TRIFECTA,TRIFECTA_A1_FIRST_ANCHOR2_MATE,2025,0.0,3450,37640,15874,3084,366,0.4217321997874601,0.8939130434782608,55,0.0034647851833186343,55,0.017833981841763942,1587400,1208850.0,-378550.0,76.15282852463147,467880.0,0.017833981841763942,329.9769182310697,0.009037013695130608,1.0891209655395437,0.16076603250598462,0.052412750409474615,7.586549199652563,30.576167431856724,70.37545672168325
TRIFECTA,TRIFECTA_A1_FIRST_ANCHOR2_MATE,2025,0.05,3450,37640,15066,3047,403,0.40026567481402764,0.8831884057971015,51,0.0033851055356431702,51,0.016737774860518542,1506600,1160750.0,-345850.0,77.04433824505509,459580.0,0.016737774860518542,338.2145161290323,0.009034663482797573,1.1461659974430471,0.16334793574936943,0.05283419620337183,7.900926125349989,31.84320482446694,70.95712199654852
TRIFECTA,TRIFECTA_A1_FIRST_ANCHOR2_MATE,2025,0.1,3450,37640,14278,3004,446,0.3793304994686504,0.8707246376811594,47,0.0032917775598823363,47,0.015645805592543277,1427800,1108570.0,-319230.0,77.64182658635663,422350.0,0.015645805592543277,346.27648129990195,0.00904165506528774,1.205303756319549,0.1645888779941168,0.053158705701078585,8.272819939200952,33.34205327584185,71.2186580753607
TRIFECTA,TRIFECTA_A1_FIRST_ANCHOR2_MATE,2025,0.15,3450,37640,13495,2947,503,0.35852816153028694,0.8542028985507246,44,0.003260466839570211,44,0.01493043773328809,1349500,1047320.0,-302180.0,77.60800296406076,367850.0,0.01493043773328809,354.90176361615414,0.009064299844931798,1.2679964529571315,0.16606150426083735,0.053723601333827344,8.756635985181225,35.291983347973876,70.8121526491293
TRIFECTA,TRIFECTA_A1_FIRST_ANCHOR2_MATE,2025,0.2,3450,37640,12787,2892,558,0.3397183846971307,0.8382608695652174,42,0.003284585907562368,42,0.014522821576763486,1278700,1012780.0,-265920.0,79.20387893954798,352290.0,0.014522821576763486,363.16336122624546,0.009057120585957198,1.3285234482527943,0.1685305388284977,0.054664894033002266,9.055273603349198,36.49558640573471,72.03175099710644
TRIFECTA,TRIFECTA_ANCHOR12_MULTI,2023,0.0,3455,108372,48584,3414,41,0.4483076809507991,0.9881331403762663,129,0.0026551951259673966,129,0.037785588752196834,4858400,3633500.0,-1224900.0,74.78799604808167,1326940.0,0.037785588752196834,407.4980549151984,0.006015950639536125,1.0010807890556532,0.14825868598715627,0.049707722707064056,2.596945094261731,11.572588413375533,72.84579285361436
TRIFECTA,TRIFECTA_ANCHOR12_MULTI,2023,0.05,3455,108372,46127,3409,46,0.4256357730779168,0.9866859623733719,119,0.0025798339367398703,119,0.03490759753593429,4612700,3518620.0,-1094080.0,76.2811368612743,1197720.0,0.03490759753593429,417.63739892037194,0.0060109786535160106,1.0530774707239745,0.14902334858109134,0.05072950766362434,2.681733179485139,11.95042374567302,74.23548030437705
TRIFECTA,TRIFECTA_ANCHOR12_MULTI,2023,0.1,3455,108372,43742,3404,51,0.4036282434577197,0.9852387843704775,111,0.002537606876686023,111,0.03260869565217391,4374200,3416580.0,-957620.0,78.10753966439577,1063060.0,0.03260869565217391,427.9460404188195,0.006000222729964542,1.1064113098751824,0.15010744821910293,0.05171231310868273,2.761826153639019,12.307336576342424,75.95034520598053
TRIFECTA,TRIFECTA_ANCHOR12_MULTI,2023,0.15,3455,108372,41539,3385,70,0.38330011442069906,0.9797395079594791,101,0.002431449962685669,101,0.02983751846381093,4153900,3243710.0,-910190.0,78.0883025590409,1016430.0,0.02983751846381093,438.0384795011916,0.0059908764787037,1.1585025221493006,0.15125544668865404,0.052649317508847104,2.9090146776376433,12.963242706653801,75.81670237608031
TRIFECTA,TRIFECTA_ANCHOR12_MULTI,2023,0.2,3455,108372,39447,3370,85,0.36399623518990143,0.975397973950796,88,0.002230841382107638,88,0.026112759643916916,3944700,2979320.0,-965380.0,75.52716302887418,1072520.0,0.026112759643916916,447.95984485512207,0.00598261829545696,1.2106759121657324,0.15230562526934874,0.05346414175982964,3.1671656619631325,14.11362324288764,73.13509265596876
TRIFECTA,TRIFECTA_ANCHOR12_MULTI,2024,0.0,3453,106747,50030,3429,24,0.46867827667288076,0.9930495221546481,130,0.002598440935438737,130,0.037911927675707204,5003000,3111320.0,-1891680.0,62.18908654807116,1921220.0,0.037911927675707204,384.2820947431542,0.007438786894828363,1.0228040506035156,0.13224065560663603,0.04187487507495503,2.9906920535335484,13.649833511178535,60.32920247851289
TRIFECTA,TRIFECTA_ANCHOR12_MULTI,2024,0.05,3453,106747,47357,3423,30,0.4436377603117652,0.9913119026933102,119,0.0025128280929957556,119,0.034764826175869123,4735700,2888980.0,-1846720.0,61.00428658909981,1880000.0,0.034764826175869123,393.7383808095952,0.007442285341481222,1.0791132833669783,0.1332010051312372,0.042464683151382056,3.2208599574936483,14.700344066071763,59.03942394999683
TRIFECTA,TRIFECTA_ANCHOR12_MULTI,2024,0.1,3453,106747,44923,3414,39,0.4208361827498665,0.9887054735013032,112,0.0024931549540324555,112,0.032806092560046865,4492300,2794870.0,-1697430.0,62.21467844979187,1746610.0,0.032806092560046865,402.66191260601477,0.007446127994668658,1.1335130954584773,0.13411838033969237,0.042628497651537076,3.3293140646971056,15.195340033704609,60.143356409856864
TRIFECTA,TRIFECTA_ANCHOR12_MULTI,2024,0.15,3453,106747,42555,3402,51,0.3986528895425633,0.9852302345786272,100,0.0023499001292445073,100,0.029394473838918283,4255500,2612930.0,-1642570.0,61.4012454470685,1707150.0,0.029394473838918283,411.5979132886852,0.0074510956390355446,1.1896817090437954,0.1346257784044178,0.04281518035483492,3.5611363488497587,16.253401354035507,59.214663376806485
TRIFECTA,TRIFECTA_ANCHOR12_MULTI,2024,0.2,3453,106747,40370,3388,65,0.37818393022754737,0.9811757891688387,93,0.0023036908595491703,93,0.02744982290436836,4037000,2494020.0,-1542980.0,61.77904384443894,1587410.0,0.02744982290436836,419.9819494674262,0.007468686352900252,1.2446250400429182,0.13497646767401536,0.04322516720336884,3.7309243710956608,17.028331769592867,59.474114441416894
TRIFECTA,TRIFECTA_ANCHOR12_MULTI,2025,0.0,3453,107687,46793,3416,37,0.4345278445866261,0.9892846799884158,131,0.0027995640373560146,131,0.03834894613583138,4679300,3283000.0,-1396300.0,70.16006667663967,1400070.0,0.03834894613583138,400.97714188019575,0.006557786820941975,0.8899326023262858,0.13826854444040776,0.0461180091039258,2.793481571733171,12.755102040816327,68.20015814331204
TRIFECTA,TRIFECTA_ANCHOR12_MULTI,2025,0.05,3453,107687,44108,3405,48,0.4095944728704486,0.9860990443092963,118,0.002675251655028566,118,0.03465491923641703,4410800,3093700.0,-1317100.0,70.13920377255826,1323770.0,0.03465491923641703,411.13421148091044,0.006560040400902926,0.9425863046220092,0.1392491158066564,0.04690759045978054,2.9644115460451888,13.535572292077447,68.05998911762039
TRIFECTA,TRIFECTA_ANCHOR12_MULTI,2025,0.1,3453,107687,41551,3390,63,0.38584973116532173,0.9817549956559514,108,0.002599215422011504,108,0.03185840707964602,4155100,2964990.0,-1190110.0,71.35784938990638,1200380.0,0.03185840707964602,421.9170152342904,0.006541748328633283,0.9960111822353837,0.14055016726432576,0.04779668359365599,3.093096435401131,14.123150499664417,69.15068229404828
TRIFECTA,TRIFECTA_ANCHOR12_MULTI,2025,0.15,3453,107687,39150,3375,78,0.36355363228616266,0.9774109470026064,97,0.0024776500638569606,97,0.02874074074074074,3915000,2753750.0,-1161250.0,70.33844189016602,1170450.0,0.02874074074074074,431.8979182630907,0.006544267077315907,1.0494455034158843,0.14061302681992338,0.048326947637292464,3.3303676804357694,15.206536541080345,67.99591315453384
TRIFECTA,TRIFECTA_ANCHOR12_MULTI,2025,0.2,3453,107687,36858,3351,102,0.3422697261507889,0.9704604691572546,88,0.002387541375006783,88,0.026260817666368248,3685800,2585360.0,-1100440.0,70.14379510554018,1110640.0,0.026260817666368248,441.9848608171903,0.006533286068303363,1.103820904135344,0.14094633458136632,0.048917467035650336,3.547281616486679,16.196970634650494,67.65559715665528
TRIFECTA,TRIFECTA_ANCHOR12_NOVEL_MULTI,2023,0.0,321,3464,723,203,118,0.20871824480369516,0.632398753894081,0,0.0,0,0.0,72300,0.0,-72300.0,0.0,72300.0,0.0,653.2430152143844,0.004970981654658872,1.9039776068836063,1.0,1.0,,,0.0
TRIFECTA,TRIFECTA_ANCHOR12_NOVEL_MULTI,2023,0.05,321,3464,682,196,125,0.19688221709006928,0.6105919003115264,0,0.0,0,0.0,68200,0.0,-68200.0,0.0,68200.0,0.0,655.9239002932551,0.005152376147740453,2.0170482583394174,1.0,1.0,,,0.0
TRIFECTA,TRIFECTA_ANCHOR12_NOVEL_MULTI,2023,0.1,321,3464,651,187,134,0.18793302540415704,0.5825545171339563,0,0.0,0,0.0,65100,0.0,-65100.0,0.0,65100.0,0.0,656.2797235023041,0.005304925847279946,2.1096347064175274,1.0,1.0,,,0.0
TRIFECTA,TRIFECTA_ANCHOR12_NOVEL_MULTI,2023,0.15,321,3464,624,183,138,0.18013856812933027,0.5700934579439252,0,0.0,0,0.0,62400,0.0,-62400.0,0.0,62400.0,0.0,657.2540064102565,0.005442732209297519,2.195394400450365,1.0,1.0,,,0.0
TRIFECTA,TRIFECTA_ANCHOR12_NOVEL_MULTI,2023,0.2,321,3464,584,172,149,0.16859122401847576,0.5358255451713395,0,0.0,0,0.0,58400,0.0,-58400.0,0.0,58400.0,0.0,658.7602739726027,0.005660678317946156,2.3333437342232175,1.0,1.0,,,0.0
TRIFECTA,TRIFECTA_ANCHOR12_NOVEL_MULTI,2024,0.0,316,3591,1753,309,7,0.4881648565859092,0.9778481012658228,2,0.0011409013120365088,2,0.006472491909385114,175300,132600.0,-42700.0,75.64175698802053,88450.0,0.006472491909385114,704.4399315459212,0.0022456418083446105,0.5666446055480584,1.0,1.0,70.17345399698341,100.0,22.561323445521964
TRIFECTA,TRIFECTA_ANCHOR12_NOVEL_MULTI,2024,0.05,316,3591,1660,306,10,0.4622667780562517,0.9683544303797469,1,0.0006024096385542169,1,0.0032679738562091504,166000,93050.0,-72950.0,56.05421686746988,121400.0,0.0032679738562091504,715.2344578313252,0.002253932331342088,0.5968293129156892,1.0,1.0,100.0,100.0,0.0
TRIFECTA,TRIFECTA_ANCHOR12_NOVEL_MULTI,2024,0.1,316,3591,1563,305,11,0.4352548036758563,0.9651898734177216,1,0.0006397952655150352,1,0.003278688524590164,156300,93050.0,-63250.0,59.53294945617402,113900.0,0.003278688524590164,727.6763915547025,0.002260894321373146,0.6292569660975191,1.0,1.0,100.0,100.0,0.0
TRIFECTA,TRIFECTA_ANCHOR12_NOVEL_MULTI,2024,0.15,316,3591,1461,303,13,0.4068504594820384,0.9588607594936709,1,0.0006844626967830253,1,0.0033003300330033004,146100,93050.0,-53050.0,63.68925393566051,106000.0,0.0033003300330033004,739.4865160848734,0.0022723545273825637,0.6645504189010908,1.0,1.0,100.0,100.0,0.0
TRIFECTA,TRIFECTA_ANCHOR12_NOVEL_MULTI,2024,0.2,316,3591,1384,301,15,0.38540796435533275,0.9525316455696202,1,0.000722543352601156,1,0.0033222591362126247,138400,93050.0,-45350.0,67.23265895953757,100900.0,0.0033222591362126247,747.9834537572254,0.002283626929198332,0.6919078474935857,1.0,1.0,100.0,100.0,0.0
TRIFECTA,TRIFECTA_ANCHOR12_NOVEL_MULTI,2025,0.0,321,3546,2306,319,2,0.6503102086858432,0.9937694704049844,5,0.002168256721595837,5,0.01567398119122257,230600,338490.0,107890.0,146.78664353859497,98000.0,0.01567398119122257,642.2341717259324,0.0029622869103644585,0.8768753666837403,1.0,1.0,25.4837661378475,100.0,109.37987857762359
TRIFECTA,TRIFECTA_ANCHOR12_NOVEL_MULTI,2025,0.05,321,3546,2216,319,2,0.6249294980259448,0.9937694704049844,5,0.002256317689530686,5,0.01567398119122257,221600,338490.0,116890.0,152.74819494584838,94000.0,0.01567398119122257,653.0237815884476,0.0029680279672044366,0.9114754081229733,1.0,1.0,25.4837661378475,100.0,113.82220216606498
TRIFECTA,TRIFECTA_ANCHOR12_NOVEL_MULTI,2025,0.1,321,3546,2130,319,2,0.6006768189509306,0.9937694704049844,5,0.002347417840375587,5,0.01567398119122257,213000,338490.0,125490.0,158.91549295774647,91000.0,0.01567398119122257,663.6722535211267,0.002972271721248692,0.9452656697207471,1.0,1.0,25.4837661378475,100.0,118.41784037558685
TRIFECTA,TRIFECTA_ANCHOR12_NOVEL_MULTI,2025,0.15,321,3546,2053,319,2,0.5789622109419064,0.9937694704049844,5,0.0024354603019970775,5,0.01567398119122257,205300,338490.0,133190.0,164.87579152459816,87700.0,0.01567398119122257,672.8871407696054,0.0029807813688945794,0.9760563996681658,1.0,1.0,25.4837661378475,100.0,122.85923039454457
TRIFECTA,TRIFECTA_ANCHOR12_NOVEL_MULTI,2025,0.2,321,3546,1961,319,2,0.5530174844895657,0.9937694704049844,5,0.0025497195308516064,5,0.01567398119122257,196100,338490.0,142390.0,172.61091279959206,83500.0,0.01567398119122257,684.6939316675166,0.0029861227708758878,1.0136969537685023,1.0,1.0,25.4837661378475,100.0,128.62315145334014
TRIFECTA,TRIFECTA_ANCHORS_TOP2_MATE,2023,0.0,3450,38121,13988,2732,718,0.36693685894913564,0.7918840579710145,32,0.002287675150128682,32,0.01171303074670571,1398800,1045480.0,-353320.0,74.74120674864169,432700.0,0.01171303074670571,378.42004575350296,0.006029267844214849,1.051060669815107,0.2093937660852159,0.08242779525307406,9.025519378658606,32.55442476183189,67.99542464969974
TRIFECTA,TRIFECTA_ANCHORS_TOP2_MATE,2023,0.05,3450,38121,13221,2674,776,0.3468167151963485,0.7750724637681159,31,0.002344754557143938,31,0.011593118922961856,1322100,1027380.0,-294720.0,77.70819151350125,401800.0,0.011593118922961856,389.44635806671204,0.006018756476142674,1.1105744998995446,0.21216246879963693,0.08456243854473942,9.184527633397574,33.12795654967003,70.57106119053022
TRIFECTA,TRIFECTA_ANCHORS_TOP2_MATE,2023,0.1,3450,38121,12570,2617,833,0.32973951365389154,0.7585507246376811,30,0.002386634844868735,30,0.01146350783339702,1257000,996230.0,-260770.0,79.25457438345266,390790.0,0.01146350783339702,399.2585680190931,0.0060121034569139715,1.1642076962191323,0.21479713603818615,0.08671439936356404,9.471708340443472,34.16379751663772,71.7478122513922
TRIFECTA,TRIFECTA_ANCHORS_TOP2_MATE,2023,0.15,3450,38121,11948,2561,889,0.3134230476640172,0.7423188405797101,29,0.0024271844660194173,29,0.011323701679031628,1194800,981990.0,-212810.0,82.18865082022096,369130.0,0.011323701679031628,409.12190324740544,0.006007594789326573,1.2182928819194871,0.2185302979578172,0.08888516906595247,9.609059155388548,34.65921241560505,74.29109474389018
TRIFECTA,TRIFECTA_ANCHORS_TOP2_MATE,2023,0.2,3450,38121,11364,2493,957,0.29810340757063036,0.7226086956521739,26,0.0022879267863428372,26,0.010429201764941836,1136400,932120.0,-204280.0,82.02393523407251,375460.0,0.010429201764941836,419.024375219993,0.006000456061013476,1.2719224489140022,0.22175290390707497,0.0916930658218937,10.123160108140583,36.513539029309534,73.72052094332982
TRIFECTA,TRIFECTA_ANCHORS_TOP2_MATE,2024,0.0,3444,37752,17357,3065,379,0.45976372112735747,0.8899535423925667,49,0.002823068502621421,49,0.01598694942903752,1735700,1069120.0,-666580.0,61.595897908624764,695610.0,0.01598694942903752,327.1041597050181,0.008088013866765642,1.1914150875474254,0.18937604424727775,0.07149853085210578,8.703419634839868,29.561695600119723,56.2349484357896
TRIFECTA,TRIFECTA_ANCHORS_TOP2_MATE,2024,0.05,3444,37752,16511,3017,427,0.4373543123543124,0.8760162601626016,47,0.002846587123735691,47,0.01557838912827312,1651100,1048490.0,-602610.0,63.502513475864575,622980.0,0.01557838912827312,336.3834231724305,0.008049379734094081,1.2512008725779746,0.19187208527648233,0.07279995154745321,8.874667378801895,30.143349006666732,57.866876627702744
TRIFECTA,TRIFECTA_ANCHORS_TOP2_MATE,2024,0.1,3444,37752,15726,2959,485,0.41656071201525746,0.8591753774680604,44,0.002797914282080631,44,0.01486988847583643,1572600,1023370.0,-549230.0,65.07503497392852,575000.0,0.01486988847583643,345.21359531985246,0.008027548319298444,1.3098911712364045,0.1959811776675569,0.07484420704565688,9.092508086029492,30.883258254590228,59.15808215693755
TRIFECTA,TRIFECTA_ANCHORS_TOP2_MATE,2024,0.15,3444,37752,15010,2908,536,0.3975948294130112,0.8443670150987224,42,0.002798134576948701,42,0.014442916093535076,1501000,1008700.0,-492300.0,67.2018654230513,521070.0,0.014442916093535076,353.87331778814126,0.008000049133478439,1.3664354061489832,0.19920053297801465,0.07668221185876083,9.224744720927927,31.332408049965302,61.002664890073284
TRIFECTA,TRIFECTA_ANCHORS_TOP2_MATE,2024,0.2,3444,37752,14327,2860,584,0.37950307268489086,0.8304297328687572,38,0.0026523347525650868,38,0.013286713286713287,1432700,931950.0,-500750.0,65.04850980665876,533820.0,0.013286713286713287,362.57036364905423,0.007977308755684266,1.4232387760593015,0.20213582745864453,0.07845327004955678,9.984441225387629,33.91276356027684,58.553779577022404
TRIFECTA,TRIFECTA_ANCHORS_TOP2_MATE,2025,0.0,3447,38031,18048,3054,393,0.4745602271830875,0.8859878154917319,72,0.003989361702127659,72,0.023575638506876228,1804800,1164930.0,-639870.0,64.54621010638297,695500.0,0.023575638506876228,306.09272495567376,0.009957122494800552,1.1853043447301463,0.17747118794326242,0.06798537234042554,7.404736765299202,23.42630029272145,59.766733156028366
TRIFECTA,TRIFECTA_ANCHORS_TOP2_MATE,2025,0.05,3447,38031,17094,3006,441,0.44947542794036444,0.8720626631853786,71,0.0041535041535041535,71,0.023619427811044577,1709400,1136150.0,-573250.0,66.46484146484147,632980.0,0.023619427811044577,314.6068854568855,0.009980847822981349,1.250092444765367,0.17994617994617995,0.06961506961506962,7.592307353782511,24.01971570655283,61.41862641862642
TRIFECTA,TRIFECTA_ANCHORS_TOP2_MATE,2025,0.1,3447,38031,16258,2967,480,0.4274933606794457,0.8607484769364665,67,0.00412104809939722,67,0.022581732389619143,1625800,1107380.0,-518420.0,68.1129290195596,581750.0,0.022581732389619143,322.5976196334113,0.009962280308206655,1.3105089929413007,0.18335588633288227,0.07030385041210481,7.7895573335259805,24.64375372500858,62.80723336203715
TRIFECTA,TRIFECTA_ANCHORS_TOP2_MATE,2025,0.15,3447,38031,15448,2912,535,0.4061949462280771,0.8447925732521033,58,0.0037545313309166237,58,0.019917582417582416,1544800,1038350.0,-506450.0,67.21582081822889,558650.0,0.019917582417582416,330.6611147074055,0.009953063800202418,1.372732011819161,0.18656136716727084,0.07198342827550493,8.307410795974382,26.28208214956421,61.63192646297255
TRIFECTA,TRIFECTA_ANCHORS_TOP2_MATE,2025,0.2,3447,38031,14718,2867,580,0.38700007888301646,0.831737742964897,55,0.0037369207772795215,55,0.01918381583536798,1471800,1015480.0,-456320.0,68.99578747112379,512220.0,0.01918381583536798,338.3309620872401,0.009955267579001226,1.4321152848467857,0.18935996738687322,0.07412691941839925,8.494505061645723,26.873990625123096,63.134936812066854
TRIFECTA,TRIFECTA_KING_TOP4_BOX,2023,0.0,3451,78474,38283,3244,207,0.4878431072711981,0.9400173862648508,96,0.002507640467048037,96,0.029593094944512947,3828300,2249990.0,-1578310.0,58.772562233889715,1656710.0,0.029593094944512947,335.48763681007233,0.00722807456103249,1.0899813229516429,0.11966146853694852,0.0,4.23335214823177,15.390735069933644,56.284512707990494
TRIFECTA,TRIFECTA_KING_TOP4_BOX,2023,0.05,3451,78474,36330,3202,249,0.4629558834773301,0.9278470008693133,84,0.0023121387283236996,84,0.02623360399750156,3633000,2092700.0,-1540300.0,57.60253234241674,1623700.0,0.02623360399750156,344.71366914395816,0.007216134632519423,1.1472557307638342,0.1203963666391412,0.0,4.551536292827448,16.547522339561333,54.98073217726397
TRIFECTA,TRIFECTA_KING_TOP4_BOX,2023,0.1,3451,78474,34549,3162,289,0.44026046843540534,0.916256157635468,81,0.0023444962227560854,81,0.025616698292220113,3454900,2063310.0,-1391590.0,59.721265449072334,1479390.0,0.025616698292220113,353.67265912182694,0.00719837115007458,1.2025114278284352,0.12191380358331645,0.0,4.616368844235718,16.783226950870205,56.96431155749804
TRIFECTA,TRIFECTA_KING_TOP4_BOX,2023,0.15,3451,78474,32880,3121,330,0.41899227769707165,0.9043755433207766,77,0.0023418491484184915,77,0.024671579621916052,3288000,2016440.0,-1271560.0,61.32725060827251,1364060.0,0.024671579621916052,362.57109793187345,0.007180615945421901,1.2572246983338888,0.12296228710462287,0.0,4.723671420920037,17.1733351847811,58.430352798053526
TRIFECTA,TRIFECTA_KING_TOP4_BOX,2023,0.2,3451,78474,31231,3080,371,0.39797894844152204,0.8924949290060852,73,0.002337421152060453,73,0.023701298701298702,3123100,1945240.0,-1177860.0,62.28554961416541,1279010.0,0.023701298701298702,371.5729339438379,0.007175084248619816,1.3143811918632045,0.12372322372002177,0.0,4.896568032736321,17.801916473031607,59.23569530274407
TRIFECTA,TRIFECTA_KING_TOP4_BOX,2024,0.0,3448,77721,34001,3179,269,0.43747507108760825,0.921983758700696,109,0.00320578806505691,109,0.034287511796162316,3400100,2481720.0,-918380.0,72.98961795241317,1071810.0,0.034287511796162316,338.6399517661245,0.008503627109079068,1.0738826321129153,0.11020264109879122,0.0,3.851764099092565,16.84557484325387,70.17823005205729
TRIFECTA,TRIFECTA_KING_TOP4_BOX,2024,0.05,3448,77721,32177,3141,307,0.41400651046692655,0.9109628770301624,98,0.0030456537278180065,98,0.031200254695956702,3217700,2323150.0,-894550.0,72.19908630388166,1025670.0,0.031200254695956702,347.39989744227245,0.008501119060384935,1.1333369597881848,0.11116636106535724,0.0,4.114671889460431,17.99539418462002,69.22833079528856
TRIFECTA,TRIFECTA_KING_TOP4_BOX,2024,0.1,3448,77721,30485,3087,361,0.3922363325227416,0.8953016241299304,88,0.0028866655732327374,88,0.02850664075153871,3048500,2145610.0,-902890.0,70.38248318845334,1002770.0,0.02850664075153871,355.70415942266686,0.008508776395894741,1.1921117049917134,0.11198950303427915,0.0,4.455143292583461,19.48443566165333,67.24684270952928
TRIFECTA,TRIFECTA_KING_TOP4_BOX,2024,0.15,3448,77721,28972,3047,401,0.37276926442016955,0.8837006960556845,83,0.002864835013116112,83,0.027239908106334098,2897200,2093030.0,-804170.0,72.24320033135442,920440.0,0.027239908106334098,363.65426963965206,0.008510781755211954,1.24785719670544,0.11335082148281099,0.0,4.56706306168569,19.9739134173901,68.94380781444153
TRIFECTA,TRIFECTA_KING_TOP4_BOX,2024,0.2,3448,77721,27388,2983,465,0.35238867230220916,0.865139211136891,72,0.002628888564334745,72,0.024136775058665773,2738800,1973610.0,-765190.0,72.06112165912079,889520.0,0.024136775058665773,372.204582298817,0.00851061617470641,1.3099385612098744,0.11497736234847378,0.0,4.843408778836751,21.182503128784308,68.5709069665547
TRIFECTA,TRIFECTA_KING_TOP4_BOX,2025,0.0,3451,78591,33772,3219,232,0.42971841559466095,0.9327731092436975,100,0.0029610328082435152,100,0.031065548306927617,3377200,1910820.0,-1466380.0,56.58000710647874,1478750.0,0.031065548306927617,342.156084922421,0.00789711428638186,0.9321774357431518,0.10375458960085278,0.0,3.839712793460399,16.24119487968516,54.407497335070474
TRIFECTA,TRIFECTA_KING_TOP4_BOX,2025,0.05,3451,78591,31726,3155,296,0.4036849003066509,0.9142277600695451,89,0.0028052701254491583,89,0.02820919175911252,3172600,1803190.0,-1369410.0,56.83634873605245,1391480.0,0.02820919175911252,351.5238416440774,0.007911320422117814,0.9906809067148225,0.10445691231166866,0.0,4.0689001159057,17.210610085459656,54.52373447645464
TRIFECTA,TRIFECTA_KING_TOP4_BOX,2025,0.1,3451,78591,29865,3098,353,0.3800053441233729,0.8977108084613156,82,0.0027456889335342374,82,0.02646868947708199,2986500,1679430.0,-1307070.0,56.2340532395781,1338040.0,0.02646868947708199,360.651197053407,0.007905110853651873,1.0477380418446371,0.1053741838272225,0.0,4.368744157243826,18.478888670560845,53.77733132429265
TRIFECTA,TRIFECTA_KING_TOP4_BOX,2025,0.15,3451,78591,28128,3040,411,0.3579035767454289,0.8809040857722399,76,0.00270193401592719,76,0.025,2812800,1605500.0,-1207300.0,57.07835608646189,1247170.0,0.025,369.4703924914676,0.007917439575968792,1.1047560574487303,0.10637087599544938,0.0,4.569915914045469,19.32980379943943,54.469923208191126
TRIFECTA,TRIFECTA_KING_TOP4_BOX,2025,0.2,3451,78591,26514,2989,462,0.33736687406954996,0.8661257606490872,68,0.0025646828090819945,68,0.022750083640013383,2651400,1484000.0,-1167400.0,55.97043071584823,1213270.0,0.022750083640013383,378.5209361092253,0.007908227430932292,1.1613559146234227,0.10650976842422871,0.0,4.9440700808625335,20.912398921832885,53.203213396696086
