race_id,date,started_field_size,all_entry_field_size,expected_started_trios,expected_all_entry_trios,group7_summary_rows,group7_payload_rows,group7_summary_priced_rows,decoder_valid_keys,decoder_priced_rows,invalid_keys,invalid_shapes,payload_vs_summary_diff,decoder_vs_payload_diff,source_coverage_started_pct,decoder_coverage_started_pct
202506010101,2025-01-05,16,16,560,560,560,560,560,560,560,0,0,0,0,100.0,100.0
202506010102,2025-01-05,16,16,560,560,560,560,560,560,560,0,0,0,0,100.0,100.0
202506010103,2025-01-05,16,16,560,560,560,560,560,560,560,0,0,0,0,100.0,100.0
202506010104,2025-01-05,16,16,560,560,560,560,560,560,560,0,0,0,0,100.0,100.0
202506010105,2025-01-05,16,16,560,560,560,560,560,560,560,0,0,0,0,100.0,100.0
202506010106,2025-01-05,18,18,816,816,816,816,816,816,816,0,0,0,0,100.0,100.0
202506010107,2025-01-05,16,16,560,560,560,560,560,560,560,0,0,0,0,100.0,100.0
202506010108,2025-01-05,16,16,560,560,560,560,560,560,560,0,0,0,0,100.0,100.0
202506010109,2025-01-05,16,16,560,560,560,560,560,560,560,0,0,0,0,100.0,100.0
202506010110,2025-01-05,15,15,455,455,455,455,455,455,455,0,0,0,0,100.0,100.0
202506010111,2025-01-05,18,18,816,816,816,816,816,816,816,0,0,0,0,100.0,100.0
202506010112,2025-01-05,16,16,560,560,560,560,560,560,560,0,0,0,0,100.0,100.0
202507010101,2025-01-05,16,16,560,560,560,560,560,560,560,0,0,0,0,100.0,100.0
202507010102,2025-01-05,16,16,560,560,560,560,560,560,560,0,0,0,0,100.0,100.0
202507010103,2025-01-05,16,16,560,560,560,560,560,560,560,0,0,0,0,100.0,100.0
202507010104,2025-01-05,16,16,560,560,560,560,560,560,560,0,0,0,0,100.0,100.0
202507010105,2025-01-05,18,18,816,816,816,816,816,816,816,0,0,0,0,100.0,100.0
202507010106,2025-01-05,16,16,560,560,560,560,560,560,560,0,0,0,0,100.0,100.0
202507010107,2025-01-05,9,9,84,84,84,84,84,84,84,0,0,0,0,100.0,100.0
202507010108,2025-01-05,16,16,560,560,560,560,560,560,560,0,0,0,0,100.0,100.0
202507010109,2025-01-05,11,11,165,165,165,165,165,165,165,0,0,0,0,100.0,100.0
202507010110,2025-01-05,16,16,560,560,560,560,560,560,560,0,0,0,0,100.0,100.0
202507010111,2025-01-05,16,16,560,560,560,560,560,560,560,0,0,0,0,100.0,100.0
202507010112,2025-01-05,16,16,560,560,560,560,560,560,560,0,0,0,0,100.0,100.0
202506010201,2025-01-06,16,16,560,560,560,560,560,560,560,0,0,0,0,100.0,100.0
202506010202,2025-01-06,16,16,560,560,560,560,560,560,560,0,0,0,0,100.0,100.0
202506010203,2025-01-06,16,16,560,560,560,560,560,560,560,0,0,0,0,100.0,100.0
202506010204,2025-01-06,16,16,560,560,560,560,560,560,560,0,0,0,0,100.0,100.0
202506010205,2025-01-06,16,16,560,560,560,560,560,560,560,0,0,0,0,100.0,100.0
202506010206,2025-01-06,18,18,816,816,816,816,816,816,816,0,0,0,0,100.0,100.0
202506010207,2025-01-06,12,12,220,220,220,220,220,220,220,0,0,0,0,100.0,100.0
202506010208,2025-01-06,14,14,364,364,364,364,364,364,364,0,0,0,0,100.0,100.0
202506010209,2025-01-06,16,16,560,560,560,560,560,560,560,0,0,0,0,100.0,100.0
202506010210,2025-01-06,15,15,455,455,455,455,455,455,455,0,0,0,0,100.0,100.0
202506010211,2025-01-06,16,16,560,560,560,560,560,560,560,0,0,0,0,100.0,100.0
202506010212,2025-01-06,16,16,560,560,560,560,560,560,560,0,0,0,0,100.0,100.0
202507010201,2025-01-06,16,16,560,560,560,560,560,560,560,0,0,0,0,100.0,100.0
202507010202,2025-01-06,16,16,560,560,560,560,560,560,560,0,0,0,0,100.0,100.0
202507010203,2025-01-06,16,16,560,560,560,560,560,560,560,0,0,0,0,100.0,100.0
202507010204,2025-01-06,12,12,220,220,220,220,220,220,220,0,0,0,0,100.0,100.0
202507010205,2025-01-06,18,18,816,816,816,816,816,816,816,0,0,0,0,100.0,100.0
202507010206,2025-01-06,18,18,816,816,816,816,816,816,816,0,0,0,0,100.0,100.0
202507010207,2025-01-06,16,16,560,560,560,560,560,560,560,0,0,0,0,100.0,100.0
202507010208,2025-01-06,16,16,560,560,560,560,560,560,560,0,0,0,0,100.0,100.0
202507010209,2025-01-06,16,16,560,560,560,560,560,560,560,0,0,0,0,100.0,100.0
202507010210,2025-01-06,18,18,816,816,816,816,816,816,816,0,0,0,0,100.0,100.0
202507010211,2025-01-06,17,17,680,680,680,680,680,680,680,0,0,0,0,100.0,100.0
202507010212,2025-01-06,16,16,560,560,560,560,560,560,560,0,0,0,0,100.0,100.0
202506010301,2025-01-11,16,16,560,560,560,560,560,560,560,0,0,0,0,100.0,100.0
202506010302,2025-01-11,16,16,560,560,560,560,560,560,560,0,0,0,0,100.0,100.0
202506010303,2025-01-11,16,16,560,560,560,560,560,560,560,0,0,0,0,100.0,100.0
202506010304,2025-01-11,16,16,560,560,560,560,560,560,560,0,0,0,0,100.0,100.0
202506010305,2025-01-11,18,18,816,816,816,816,816,816,816,0,0,0,0,100.0,100.0
202506010306,2025-01-11,13,13,286,286,286,286,286,286,286,0,0,0,0,100.0,100.0
202506010307,2025-01-11,16,16,560,560,560,560,560,560,560,0,0,0,0,100.0,100.0
202506010308,2025-01-11,16,16,560,560,560,560,560,560,560,0,0,0,0,100.0,100.0
202506010309,2025-01-11,14,14,364,364,364,364,364,364,364,0,0,0,0,100.0,100.0
202506010310,2025-01-11,16,16,560,560,560,560,560,560,560,0,0,0,0,100.0,100.0
202506010311,2025-01-11,13,13,286,286,286,286,286,286,286,0,0,0,0,100.0,100.0
202506010312,2025-01-11,10,10,120,120,120,120,120,120,120,0,0,0,0,100.0,100.0
202507010301,2025-01-11,16,16,560,560,560,560,560,560,560,0,0,0,0,100.0,100.0
202507010302,2025-01-11,16,16,560,560,560,560,560,560,560,0,0,0,0,100.0,100.0
202507010303,2025-01-11,16,16,560,560,560,560,560,560,560,0,0,0,0,100.0,100.0
202507010304,2025-01-11,16,16,560,560,560,560,560,560,560,0,0,0,0,100.0,100.0
202507010305,2025-01-11,18,18,816,816,816,816,816,816,816,0,0,0,0,100.0,100.0
202507010306,2025-01-11,7,7,35,35,35,35,35,35,35,0,0,0,0,100.0,100.0
202507010307,2025-01-11,16,16,560,560,560,560,560,560,560,0,0,0,0,100.0,100.0
202507010308,2025-01-11,11,11,165,165,165,165,165,165,165,0,0,0,0,100.0,100.0
202507010309,2025-01-11,13,13,286,286,286,286,286,286,286,0,0,0,0,100.0,100.0
202507010310,2025-01-11,16,16,560,560,560,560,560,560,560,0,0,0,0,100.0,100.0
202507010311,2025-01-11,16,16,560,560,560,560,560,560,560,0,0,0,0,100.0,100.0
202507010312,2025-01-11,16,16,560,560,560,560,560,560,560,0,0,0,0,100.0,100.0
202506010401,2025-01-12,16,16,560,560,560,560,560,560,560,0,0,0,0,100.0,100.0
202506010402,2025-01-12,16,16,560,560,560,560,560,560,560,0,0,0,0,100.0,100.0
202506010403,2025-01-12,16,16,560,560,560,560,560,560,560,0,0,0,0,100.0,100.0
202506010404,2025-01-12,16,16,560,560,560,560,560,560,560,0,0,0,0,100.0,100.0
202506010405,2025-01-12,18,18,816,816,816,816,816,816,816,0,0,0,0,100.0,100.0
202506010406,2025-01-12,16,16,560,560,560,560,560,560,560,0,0,0,0,100.0,100.0
202506010407,2025-01-12,18,18,816,816,816,816,816,816,816,0,0,0,0,100.0,100.0
202506010408,2025-01-12,16,16,560,560,560,560,560,560,560,0,0,0,0,100.0,100.0
202506010409,2025-01-12,14,14,364,364,364,364,364,364,364,0,0,0,0,100.0,100.0
202506010410,2025-01-12,16,16,560,560,560,560,560,560,560,0,0,0,0,100.0,100.0
202506010411,2025-01-12,16,16,560,560,560,560,560,560,560,0,0,0,0,100.0,100.0
202506010412,2025-01-12,16,16,560,560,560,560,560,560,560,0,0,0,0,100.0,100.0
202507010401,2025-01-12,16,16,560,560,560,560,560,560,560,0,0,0,0,100.0,100.0
202507010402,2025-01-12,16,16,560,560,560,560,560,560,560,0,0,0,0,100.0,100.0
202507010403,2025-01-12,16,16,560,560,560,560,560,560,560,0,0,0,0,100.0,100.0
202507010404,2025-01-12,12,12,220,220,220,220,220,220,220,0,0,0,0,100.0,100.0
202507010405,2025-01-12,16,16,560,560,560,560,560,560,560,0,0,0,0,100.0,100.0
202507010406,2025-01-12,18,18,816,816,816,816,816,816,816,0,0,0,0,100.0,100.0
202507010407,2025-01-12,16,16,560,560,560,560,560,560,560,0,0,0,0,100.0,100.0
202507010408,2025-01-12,16,16,560,560,560,560,560,560,560,0,0,0,0,100.0,100.0
202507010409,2025-01-12,16,16,560,560,560,560,560,560,560,0,0,0,0,100.0,100.0
202507010410,2025-01-12,16,16,560,560,560,560,560,560,560,0,0,0,0,100.0,100.0
202507010411,2025-01-12,18,18,816,816,816,816,816,816,816,0,0,0,0,100.0,100.0
202507010412,2025-01-12,18,18,816,816,816,816,816,816,816,0,0,0,0,100.0,100.0
202506010501,2025-01-13,16,16,560,560,560,560,560,560,560,0,0,0,0,100.0,100.0
202506010502,2025-01-13,16,16,560,560,560,560,560,560,560,0,0,0,0,100.0,100.0
202506010503,2025-01-13,16,16,560,560,560,560,560,560,560,0,0,0,0,100.0,100.0
202506010504,2025-01-13,9,9,84,84,84,84,84,84,84,0,0,0,0,100.0,100.0
202506010505,2025-01-13,16,16,560,560,560,560,560,560,560,0,0,0,0,100.0,100.0
202506010506,2025-01-13,17,17,680,680,680,680,680,680,680,0,0,0,0,100.0,100.0
202506010507,2025-01-13,11,11,165,165,165,165,165,165,165,0,0,0,0,100.0,100.0
202506010508,2025-01-13,14,14,364,364,364,364,364,364,364,0,0,0,0,100.0,100.0
202506010509,2025-01-13,16,16,560,560,560,560,560,560,560,0,0,0,0,100.0,100.0
202506010510,2025-01-13,16,16,560,560,560,560,560,560,560,0,0,0,0,100.0,100.0
202506010511,2025-01-13,16,16,560,560,560,560,560,560,560,0,0,0,0,100.0,100.0
202506010512,2025-01-13,16,16,560,560,560,560,560,560,560,0,0,0,0,100.0,100.0
202507010501,2025-01-13,16,16,560,560,560,560,560,560,560,0,0,0,0,100.0,100.0
202507010502,2025-01-13,16,16,560,560,560,560,560,560,560,0,0,0,0,100.0,100.0
202507010503,2025-01-13,16,16,560,560,560,560,560,560,560,0,0,0,0,100.0,100.0
202507010504,2025-01-13,15,15,455,455,455,455,455,455,455,0,0,0,0,100.0,100.0
202507010505,2025-01-13,16,16,560,560,560,560,560,560,560,0,0,0,0,100.0,100.0
202507010506,2025-01-13,16,16,560,560,560,560,560,560,560,0,0,0,0,100.0,100.0
202507010507,2025-01-13,18,18,816,816,816,816,816,816,816,0,0,0,0,100.0,100.0
202507010508,2025-01-13,16,16,560,560,560,560,560,560,560,0,0,0,0,100.0,100.0
202507010509,2025-01-13,16,16,560,560,560,560,560,560,560,0,0,0,0,100.0,100.0
202507010510,2025-01-13,15,16,455,560,560,560,455,560,455,0,0,0,-105,123.07692307692308,100.0
202507010511,2025-01-13,15,15,455,455,455,455,455,455,455,0,0,0,0,100.0,100.0
202507010512,2025-01-13,14,14,364,364,364,364,364,364,364,0,0,0,0,100.0,100.0
202506010601,2025-01-18,16,16,560,560,560,560,560,560,560,0,0,0,0,100.0,100.0
202506010602,2025-01-18,16,16,560,560,560,560,560,560,560,0,0,0,0,100.0,100.0
202506010603,2025-01-18,16,16,560,560,560,560,560,560,560,0,0,0,0,100.0,100.0
202506010604,2025-01-18,11,11,165,165,165,165,165,165,165,0,0,0,0,100.0,100.0
202506010605,2025-01-18,18,18,816,816,816,816,816,816,816,0,0,0,0,100.0,100.0
202506010606,2025-01-18,16,16,560,560,560,560,560,560,560,0,0,0,0,100.0,100.0
202506010607,2025-01-18,13,13,286,286,286,286,286,286,286,0,0,0,0,100.0,100.0
202506010608,2025-01-18,16,16,560,560,560,560,560,560,560,0,0,0,0,100.0,100.0
202506010609,2025-01-18,16,16,560,560,560,560,560,560,560,0,0,0,0,100.0,100.0
202506010610,2025-01-18,16,16,560,560,560,560,560,560,560,0,0,0,0,100.0,100.0
202506010611,2025-01-18,16,16,560,560,560,560,560,560,560,0,0,0,0,100.0,100.0
202506010612,2025-01-18,16,16,560,560,560,560,560,560,560,0,0,0,0,100.0,100.0
202507010601,2025-01-18,16,16,560,560,560,560,560,560,560,0,0,0,0,100.0,100.0
202507010602,2025-01-18,11,11,165,165,165,165,165,165,165,0,0,0,0,100.0,100.0
202507010603,2025-01-18,16,16,560,560,560,560,560,560,560,0,0,0,0,100.0,100.0
202507010604,2025-01-18,16,16,560,560,560,560,560,560,560,0,0,0,0,100.0,100.0
202507010605,2025-01-18,18,18,816,816,816,816,816,816,816,0,0,0,0,100.0,100.0
202507010606,2025-01-18,16,16,560,560,560,560,560,560,560,0,0,0,0,100.0,100.0
202507010607,2025-01-18,12,12,220,220,220,220,220,220,220,0,0,0,0,100.0,100.0
202507010608,2025-01-18,16,16,560,560,560,560,560,560,560,0,0,0,0,100.0,100.0
202507010609,2025-01-18,16,16,560,560,560,560,560,560,560,0,0,0,0,100.0,100.0
202507010610,2025-01-18,12,12,220,220,220,220,220,220,220,0,0,0,0,100.0,100.0
202507010611,2025-01-18,16,16,560,560,560,560,560,560,560,0,0,0,0,100.0,100.0
202507010612,2025-01-18,13,13,286,286,286,286,286,286,286,0,0,0,0,100.0,100.0
202506010701,2025-01-19,16,16,560,560,560,560,560,560,560,0,0,0,0,100.0,100.0
202506010702,2025-01-19,16,16,560,560,560,560,560,560,560,0,0,0,0,100.0,100.0
202506010703,2025-01-19,16,16,560,560,560,560,560,560,560,0,0,0,0,100.0,100.0
202506010704,2025-01-19,11,11,165,165,165,165,165,165,165,0,0,0,0,100.0,100.0
202506010705,2025-01-19,16,16,560,560,560,560,560,560,560,0,0,0,0,100.0,100.0
202506010706,2025-01-19,16,16,560,560,560,560,560,560,560,0,0,0,0,100.0,100.0
202506010707,2025-01-19,13,13,286,286,286,286,286,286,286,0,0,0,0,100.0,100.0
202506010708,2025-01-19,14,14,364,364,364,364,364,364,364,0,0,0,0,100.0,100.0
202506010709,2025-01-19,12,12,220,220,220,220,220,220,220,0,0,0,0,100.0,100.0
202506010710,2025-01-19,16,16,560,560,560,560,560,560,560,0,0,0,0,100.0,100.0
202506010711,2025-01-19,14,14,364,364,364,364,364,364,364,0,0,0,0,100.0,100.0
202506010712,2025-01-19,16,16,560,560,560,560,560,560,560,0,0,0,0,100.0,100.0
202507010701,2025-01-19,16,16,560,560,560,560,560,560,560,0,0,0,0,100.0,100.0
202507010702,2025-01-19,13,13,286,286,286,286,286,286,286,0,0,0,0,100.0,100.0
202507010703,2025-01-19,16,16,560,560,560,560,560,560,560,0,0,0,0,100.0,100.0
202507010704,2025-01-19,10,10,120,120,120,120,120,120,120,0,0,0,0,100.0,100.0
202507010705,2025-01-19,18,18,816,816,816,816,816,816,816,0,0,0,0,100.0,100.0
202507010706,2025-01-19,10,10,120,120,120,120,120,120,120,0,0,0,0,100.0,100.0
202507010707,2025-01-19,10,10,120,120,120,120,120,120,120,0,0,0,0,100.0,100.0
202507010708,2025-01-19,16,16,560,560,560,560,560,560,560,0,0,0,0,100.0,100.0
202507010709,2025-01-19,11,11,165,165,165,165,165,165,165,0,0,0,0,100.0,100.0
202507010710,2025-01-19,16,16,560,560,560,560,560,560,560,0,0,0,0,100.0,100.0
202507010711,2025-01-19,16,16,560,560,560,560,560,560,560,0,0,0,0,100.0,100.0
202507010712,2025-01-19,16,16,560,560,560,560,560,560,560,0,0,0,0,100.0,100.0
202506010801,2025-01-25,16,16,560,560,560,560,560,560,560,0,0,0,0,100.0,100.0
202506010802,2025-01-25,16,16,560,560,560,560,560,560,560,0,0,0,0,100.0,100.0
202506010803,2025-01-25,16,16,560,560,560,560,560,560,560,0,0,0,0,100.0,100.0
202506010804,2025-01-25,16,16,560,560,560,560,560,560,560,0,0,0,0,100.0,100.0
202506010805,2025-01-25,18,18,816,816,816,816,816,816,816,0,0,0,0,100.0,100.0
202506010806,2025-01-25,6,6,20,20,20,20,20,20,20,0,0,0,0,100.0,100.0
202506010807,2025-01-25,16,16,560,560,560,560,560,560,560,0,0,0,0,100.0,100.0
202506010808,2025-01-25,16,16,560,560,560,560,560,560,560,0,0,0,0,100.0,100.0
202506010809,2025-01-25,10,10,120,120,120,120,120,120,120,0,0,0,0,100.0,100.0
202506010810,2025-01-25,13,13,286,286,286,286,286,286,286,0,0,0,0,100.0,100.0
202506010811,2025-01-25,17,17,680,680,680,680,680,680,680,0,0,0,0,100.0,100.0
202506010812,2025-01-25,16,16,560,560,560,560,560,560,560,0,0,0,0,100.0,100.0
202507010801,2025-01-25,15,16,455,560,560,560,455,560,455,0,0,0,-105,123.07692307692308,100.0
202507010802,2025-01-25,15,16,455,560,560,560,455,560,455,0,0,0,-105,123.07692307692308,100.0
202507010803,2025-01-25,16,16,560,560,560,560,560,560,560,0,0,0,0,100.0,100.0
202507010804,2025-01-25,16,16,560,560,560,560,560,560,560,0,0,0,0,100.0,100.0
202507010805,2025-01-25,18,18,816,816,816,816,816,816,816,0,0,0,0,100.0,100.0
202507010806,2025-01-25,16,16,560,560,560,560,560,560,560,0,0,0,0,100.0,100.0
202507010807,2025-01-25,15,15,455,455,455,455,455,455,455,0,0,0,0,100.0,100.0
202507010808,2025-01-25,16,16,560,560,560,560,560,560,560,0,0,0,0,100.0,100.0
202507010809,2025-01-25,10,10,120,120,120,120,120,120,120,0,0,0,0,100.0,100.0
202507010810,2025-01-25,13,13,286,286,286,286,286,286,286,0,0,0,0,100.0,100.0
202507010811,2025-01-25,14,14,364,364,364,364,364,364,364,0,0,0,0,100.0,100.0
202507010812,2025-01-25,12,12,220,220,220,220,220,220,220,0,0,0,0,100.0,100.0
202510010101,2025-01-25,12,12,220,220,220,220,220,220,220,0,0,0,0,100.0,100.0
202510010102,2025-01-25,17,17,680,680,680,680,680,680,680,0,0,0,0,100.0,100.0
202510010103,2025-01-25,12,13,220,286,286,286,220,286,220,0,0,0,-66,130.0,100.0
202510010104,2025-01-25,10,10,120,120,120,120,120,120,120,0,0,0,0,100.0,100.0
202510010105,2025-01-25,7,7,35,35,35,35,35,35,35,0,0,0,0,100.0,100.0
202510010106,2025-01-25,18,18,816,816,816,816,816,816,816,0,0,0,0,100.0,100.0
202510010107,2025-01-25,16,16,560,560,560,560,560,560,560,0,0,0,0,100.0,100.0
202510010108,2025-01-25,16,16,560,560,560,560,560,560,560,0,0,0,0,100.0,100.0
202510010109,2025-01-25,12,12,220,220,220,220,220,220,220,0,0,0,0,100.0,100.0
202510010110,2025-01-25,16,16,560,560,560,560,560,560,560,0,0,0,0,100.0,100.0
202510010111,2025-01-25,18,18,816,816,816,816,816,816,816,0,0,0,0,100.0,100.0
202510010112,2025-01-25,16,16,560,560,560,560,560,560,560,0,0,0,0,100.0,100.0
202506010901,2025-01-26,16,16,560,560,560,560,560,560,560,0,0,0,0,100.0,100.0
202506010902,2025-01-26,16,16,560,560,560,560,560,560,560,0,0,0,0,100.0,100.0
202506010903,2025-01-26,15,15,455,455,455,455,455,455,455,0,0,0,0,100.0,100.0
202506010904,2025-01-26,16,16,560,560,560,560,560,560,560,0,0,0,0,100.0,100.0
202506010905,2025-01-26,18,18,816,816,816,816,816,816,816,0,0,0,0,100.0,100.0
202506010906,2025-01-26,16,16,560,560,560,560,560,560,560,0,0,0,0,100.0,100.0
202506010907,2025-01-26,10,11,120,165,165,165,120,165,120,0,0,0,-45,137.5,100.0
202506010908,2025-01-26,14,14,364,364,364,364,364,364,364,0,0,0,0,100.0,100.0
202506010909,2025-01-26,11,11,165,165,165,165,165,165,165,0,0,0,0,100.0,100.0
202506010910,2025-01-26,15,15,455,455,455,455,455,455,455,0,0,0,0,100.0,100.0
202506010911,2025-01-26,18,18,816,816,816,816,816,816,816,0,0,0,0,100.0,100.0
202506010912,2025-01-26,14,14,364,364,364,364,364,364,364,0,0,0,0,100.0,100.0
202507010901,2025-01-26,11,11,165,165,165,165,165,165,165,0,0,0,0,100.0,100.0
202507010902,2025-01-26,16,16,560,560,560,560,560,560,560,0,0,0,0,100.0,100.0
202507010903,2025-01-26,11,11,165,165,165,165,165,165,165,0,0,0,0,100.0,100.0
202507010904,2025-01-26,8,8,56,56,56,56,56,56,56,0,0,0,0,100.0,100.0
202507010905,2025-01-26,15,16,455,560,560,560,455,560,455,0,0,0,-105,123.07692307692308,100.0
202507010906,2025-01-26,16,16,560,560,560,560,560,560,560,0,0,0,0,100.0,100.0
202507010907,2025-01-26,16,16,560,560,560,560,560,560,560,0,0,0,0,100.0,100.0
202507010908,2025-01-26,13,13,286,286,286,286,286,286,286,0,0,0,0,100.0,100.0
202507010909,2025-01-26,9,9,84,84,84,84,84,84,84,0,0,0,0,100.0,100.0
202507010910,2025-01-26,14,14,364,364,364,364,364,364,364,0,0,0,0,100.0,100.0
202507010911,2025-01-26,16,16,560,560,560,560,560,560,560,0,0,0,0,100.0,100.0
202507010912,2025-01-26,13,13,286,286,286,286,286,286,286,0,0,0,0,100.0,100.0
202510010201,2025-01-26,13,13,286,286,286,286,286,286,286,0,0,0,0,100.0,100.0
202510010202,2025-01-26,17,17,680,680,680,680,680,680,680,0,0,0,0,100.0,100.0
202510010203,2025-01-26,14,14,364,364,364,364,364,364,364,0,0,0,0,100.0,100.0
202510010204,2025-01-26,12,12,220,220,220,220,220,220,220,0,0,0,0,100.0,100.0
202510010205,2025-01-26,18,18,816,816,816,816,816,816,816,0,0,0,0,100.0,100.0
202510010206,2025-01-26,17,17,680,680,680,680,680,680,680,0,0,0,0,100.0,100.0
202510010207,2025-01-26,14,14,364,364,364,364,364,364,364,0,0,0,0,100.0,100.0
202510010208,2025-01-26,13,13,286,286,286,286,286,286,286,0,0,0,0,100.0,100.0
202510010209,2025-01-26,18,18,816,816,816,816,816,816,816,0,0,0,0,100.0,100.0
202510010210,2025-01-26,16,16,560,560,560,560,560,560,560,0,0,0,0,100.0,100.0
202510010211,2025-01-26,12,12,220,220,220,220,220,220,220,0,0,0,0,100.0,100.0
202510010212,2025-01-26,11,11,165,165,165,165,165,165,165,0,0,0,0,100.0,100.0
202505010101,2025-02-01,16,16,560,560,560,560,560,560,560,0,0,0,0,100.0,100.0
202505010102,2025-02-01,14,14,364,364,364,364,364,364,364,0,0,0,0,100.0,100.0
202505010103,2025-02-01,16,16,560,560,560,560,560,560,560,0,0,0,0,100.0,100.0
202505010104,2025-02-01,13,13,286,286,286,286,286,286,286,0,0,0,0,100.0,100.0
202505010105,2025-02-01,16,16,560,560,560,560,560,560,560,0,0,0,0,100.0,100.0
202505010106,2025-02-01,16,16,560,560,560,560,560,560,560,0,0,0,0,100.0,100.0
202505010107,2025-02-01,16,16,560,560,560,560,560,560,560,0,0,0,0,100.0,100.0
202505010108,2025-02-01,11,11,165,165,165,165,165,165,165,0,0,0,0,100.0,100.0
202505010109,2025-02-01,16,16,560,560,560,560,560,560,560,0,0,0,0,100.0,100.0
202505010110,2025-02-01,7,7,35,35,35,35,35,35,35,0,0,0,0,100.0,100.0
202505010111,2025-02-01,13,13,286,286,286,286,286,286,286,0,0,0,0,100.0,100.0
202505010112,2025-02-01,16,16,560,560,560,560,560,560,560,0,0,0,0,100.0,100.0
202508010101,2025-02-01,13,13,286,286,286,286,286,286,286,0,0,0,0,100.0,100.0
202508010102,2025-02-01,9,9,84,84,84,84,84,84,84,0,0,0,0,100.0,100.0
202508010103,2025-02-01,15,15,455,455,455,455,455,455,455,0,0,0,0,100.0,100.0
202508010104,2025-02-01,9,9,84,84,84,84,84,84,84,0,0,0,0,100.0,100.0
202508010105,2025-02-01,16,16,560,560,560,560,560,560,560,0,0,0,0,100.0,100.0
202508010106,2025-02-01,10,10,120,120,120,120,120,120,120,0,0,0,0,100.0,100.0
202508010107,2025-02-01,8,8,56,56,56,56,56,56,56,0,0,0,0,100.0,100.0
202508010108,2025-02-01,15,16,455,560,560,560,455,560,455,0,0,0,-105,123.07692307692308,100.0
202508010109,2025-02-01,8,8,56,56,56,56,56,56,56,0,0,0,0,100.0,100.0
202508010110,2025-02-01,10,10,120,120,120,120,120,120,120,0,0,0,0,100.0,100.0
202508010111,2025-02-01,12,12,220,220,220,220,220,220,220,0,0,0,0,100.0,100.0
202508010112,2025-02-01,8,8,56,56,56,56,56,56,56,0,0,0,0,100.0,100.0
202510010301,2025-02-01,14,14,364,364,364,364,364,364,364,0,0,0,0,100.0,100.0
202510010302,2025-02-01,15,15,455,455,455,455,455,455,455,0,0,0,0,100.0,100.0
202510010303,2025-02-01,16,16,560,560,560,560,560,560,560,0,0,0,0,100.0,100.0
202510010304,2025-02-01,12,12,220,220,220,220,220,220,220,0,0,0,0,100.0,100.0
202510010305,2025-02-01,12,12,220,220,220,220,220,220,220,0,0,0,0,100.0,100.0
202510010306,2025-02-01,18,18,816,816,816,816,816,816,816,0,0,0,0,100.0,100.0
202510010307,2025-02-01,12,12,220,220,220,220,220,220,220,0,0,0,0,100.0,100.0
202510010308,2025-02-01,16,16,560,560,560,560,560,560,560,0,0,0,0,100.0,100.0
202510010309,2025-02-01,16,16,560,560,560,560,560,560,560,0,0,0,0,100.0,100.0
202510010310,2025-02-01,14,14,364,364,364,364,364,364,364,0,0,0,0,100.0,100.0
202510010311,2025-02-01,18,18,816,816,816,816,816,816,816,0,0,0,0,100.0,100.0
202510010312,2025-02-01,18,18,816,816,816,816,816,816,816,0,0,0,0,100.0,100.0
202505010201,2025-02-02,16,16,560,560,560,560,560,560,560,0,0,0,0,100.0,100.0
202505010202,2025-02-02,14,14,364,364,364,364,364,364,364,0,0,0,0,100.0,100.0
202505010203,2025-02-02,16,16,560,560,560,560,560,560,560,0,0,0,0,100.0,100.0
202505010204,2025-02-02,16,16,560,560,560,560,560,560,560,0,0,0,0,100.0,100.0
202505010205,2025-02-02,15,15,455,455,455,455,455,455,455,0,0,0,0,100.0,100.0
202505010206,2025-02-02,16,16,560,560,560,560,560,560,560,0,0,0,0,100.0,100.0
202505010207,2025-02-02,16,16,560,560,560,560,560,560,560,0,0,0,0,100.0,100.0
202505010208,2025-02-02,16,16,560,560,560,560,560,560,560,0,0,0,0,100.0,100.0
202505010209,2025-02-02,13,13,286,286,286,286,286,286,286,0,0,0,0,100.0,100.0
202505010210,2025-02-02,11,11,165,165,165,165,165,165,165,0,0,0,0,100.0,100.0
202505010211,2025-02-02,16,16,560,560,560,560,560,560,560,0,0,0,0,100.0,100.0
202505010212,2025-02-02,10,10,120,120,120,120,120,120,120,0,0,0,0,100.0,100.0
202508010201,2025-02-02,12,12,220,220,220,220,220,220,220,0,0,0,0,100.0,100.0
202508010202,2025-02-02,12,12,220,220,220,220,220,220,220,0,0,0,0,100.0,100.0
202508010203,2025-02-02,9,10,84,120,120,120,84,120,84,0,0,0,-36,142.85714285714286,100.0
202508010204,2025-02-02,7,7,35,35,35,35,35,35,35,0,0,0,0,100.0,100.0
202508010205,2025-02-02,17,17,680,680,680,680,680,680,680,0,0,0,0,100.0,100.0
202508010206,2025-02-02,11,12,165,220,220,220,165,220,165,0,0,0,-55,133.33333333333334,100.0
202508010207,2025-02-02,13,13,286,286,286,286,286,286,286,0,0,0,0,100.0,100.0
202508010208,2025-02-02,12,12,220,220,220,220,220,220,220,0,0,0,0,100.0,100.0
202508010209,2025-02-02,10,10,120,120,120,120,120,120,120,0,0,0,0,100.0,100.0
202508010210,2025-02-02,7,7,35,35,35,35,35,35,35,0,0,0,0,100.0,100.0
202508010211,2025-02-02,16,17,560,680,680,680,560,680,560,0,0,0,-120,121.42857142857143,100.0
202508010212,2025-02-02,17,18,680,816,816,816,680,816,680,0,0,0,-136,120.0,100.0
202510010401,2025-02-02,15,15,455,455,455,455,455,455,455,0,0,0,0,100.0,100.0
202510010402,2025-02-02,16,16,560,560,560,560,560,560,560,0,0,0,0,100.0,100.0
202510010403,2025-02-02,14,14,364,364,364,364,364,364,364,0,0,0,0,100.0,100.0
202510010404,2025-02-02,12,12,220,220,220,220,220,220,220,0,0,0,0,100.0,100.0
202510010405,2025-02-02,17,18,680,816,816,816,680,816,680,0,0,0,-136,120.0,100.0
202510010406,2025-02-02,13,13,286,286,286,286,286,286,286,0,0,0,0,100.0,100.0
202510010407,2025-02-02,18,18,816,816,816,816,816,816,816,0,0,0,0,100.0,100.0
202510010408,2025-02-02,8,8,56,56,56,56,56,56,56,0,0,0,0,100.0,100.0
202510010409,2025-02-02,16,16,560,560,560,560,560,560,560,0,0,0,0,100.0,100.0
202510010410,2025-02-02,18,18,816,816,816,816,816,816,816,0,0,0,0,100.0,100.0
202510010411,2025-02-02,16,16,560,560,560,560,560,560,560,0,0,0,0,100.0,100.0
202510010412,2025-02-02,18,18,816,816,816,816,816,816,816,0,0,0,0,100.0,100.0
202505010301,2025-02-08,16,16,560,560,560,560,560,560,560,0,0,0,0,100.0,100.0
202505010302,2025-02-08,16,16,560,560,560,560,560,560,560,0,0,0,0,100.0,100.0
202505010303,2025-02-08,16,16,560,560,560,560,560,560,560,0,0,0,0,100.0,100.0
202505010304,2025-02-08,16,16,560,560,560,560,560,560,560,0,0,0,0,100.0,100.0
202505010305,2025-02-08,16,16,560,560,560,560,560,560,560,0,0,0,0,100.0,100.0
202505010306,2025-02-08,18,18,816,816,816,816,816,816,816,0,0,0,0,100.0,100.0
202505010307,2025-02-08,14,14,364,364,364,364,364,364,364,0,0,0,0,100.0,100.0
202505010308,2025-02-08,15,15,455,455,455,455,455,455,455,0,0,0,0,100.0,100.0
202505010309,2025-02-08,16,16,560,560,560,560,560,560,560,0,0,0,0,100.0,100.0
202505010310,2025-02-08,13,13,286,286,286,286,286,286,286,0,0,0,0,100.0,100.0
202505010311,2025-02-08,14,14,364,364,364,364,364,364,364,0,0,0,0,100.0,100.0
202505010312,2025-02-08,16,16,560,560,560,560,560,560,560,0,0,0,0,100.0,100.0
202510010501,2025-02-08,15,16,455,560,560,560,455,560,455,0,0,0,-105,123.07692307692308,100.0
202510010502,2025-02-08,16,16,560,560,560,560,560,560,560,0,0,0,0,100.0,100.0
202510010503,2025-02-08,14,14,364,364,364,364,364,364,364,0,0,0,0,100.0,100.0
202510010504,2025-02-08,10,10,120,120,120,120,120,120,120,0,0,0,0,100.0,100.0
202510010505,2025-02-08,9,9,84,84,84,84,84,84,84,0,0,0,0,100.0,100.0
202510010506,2025-02-08,18,18,816,816,816,816,816,816,816,0,0,0,0,100.0,100.0
202510010507,2025-02-08,13,13,286,286,286,286,286,286,286,0,0,0,0,100.0,100.0
202510010508,2025-02-08,15,15,455,455,455,455,455,455,455,0,0,0,0,100.0,100.0
202510010509,2025-02-08,14,14,364,364,364,364,364,364,364,0,0,0,0,100.0,100.0
202510010510,2025-02-08,16,16,560,560,560,560,560,560,560,0,0,0,0,100.0,100.0
202510010511,2025-02-08,15,15,455,455,455,455,455,455,455,0,0,0,0,100.0,100.0
202510010512,2025-02-08,18,18,816,816,816,816,816,816,816,0,0,0,0,100.0,100.0
202505010401,2025-02-09,16,16,560,560,560,560,560,560,560,0,0,0,0,100.0,100.0
202505010402,2025-02-09,16,16,560,560,560,560,560,560,560,0,0,0,0,100.0,100.0
202505010403,2025-02-09,16,16,560,560,560,560,560,560,560,0,0,0,0,100.0,100.0
202505010404,2025-02-09,16,16,560,560,560,560,560,560,560,0,0,0,0,100.0,100.0
202505010405,2025-02-09,16,16,560,560,560,560,560,560,560,0,0,0,0,100.0,100.0
202505010406,2025-02-09,16,16,560,560,560,560,560,560,560,0,0,0,0,100.0,100.0
202505010407,2025-02-09,11,11,165,165,165,165,165,165,165,0,0,0,0,100.0,100.0
202505010408,2025-02-09,16,16,560,560,560,560,560,560,560,0,0,0,0,100.0,100.0
202505010409,2025-02-09,11,11,165,165,165,165,165,165,165,0,0,0,0,100.0,100.0
202505010410,2025-02-09,16,16,560,560,560,560,560,560,560,0,0,0,0,100.0,100.0
202505010411,2025-02-09,16,16,560,560,560,560,560,560,560,0,0,0,0,100.0,100.0
202505010412,2025-02-09,16,16,560,560,560,560,560,560,560,0,0,0,0,100.0,100.0
202508010401,2025-02-09,13,13,286,286,286,286,286,286,286,0,0,0,0,100.0,100.0
202508010402,2025-02-09,14,14,364,364,364,364,364,364,364,0,0,0,0,100.0,100.0
202508010403,2025-02-09,16,16,560,560,560,560,560,560,560,0,0,0,0,100.0,100.0
202508010404,2025-02-09,10,10,120,120,120,120,120,120,120,0,0,0,0,100.0,100.0
202508010405,2025-02-09,18,18,816,816,816,816,816,816,816,0,0,0,0,100.0,100.0
202508010406,2025-02-09,13,13,286,286,286,286,286,286,286,0,0,0,0,100.0,100.0
202508010407,2025-02-09,10,11,120,165,165,165,120,165,120,0,0,0,-45,137.5,100.0
202508010408,2025-02-09,13,13,286,286,286,286,286,286,286,0,0,0,0,100.0,100.0
202508010409,2025-02-09,14,14,364,364,364,364,364,364,364,0,0,0,0,100.0,100.0
202508010410,2025-02-09,16,16,560,560,560,560,560,560,560,0,0,0,0,100.0,100.0
202508010411,2025-02-09,10,10,120,120,120,120,120,120,120,0,0,0,0,100.0,100.0
202508010412,2025-02-09,16,16,560,560,560,560,560,560,560,0,0,0,0,100.0,100.0
202510010601,2025-02-09,16,16,560,560,560,560,560,560,560,0,0,0,0,100.0,100.0
202510010602,2025-02-09,16,16,560,560,560,560,560,560,560,0,0,0,0,100.0,100.0
202510010603,2025-02-09,14,14,364,364,364,364,364,364,364,0,0,0,0,100.0,100.0
202510010604,2025-02-09,12,12,220,220,220,220,220,220,220,0,0,0,0,100.0,100.0
202510010605,2025-02-09,12,12,220,220,220,220,220,220,220,0,0,0,0,100.0,100.0
202510010606,2025-02-09,17,17,680,680,680,680,680,680,680,0,0,0,0,100.0,100.0
202510010607,2025-02-09,13,13,286,286,286,286,286,286,286,0,0,0,0,100.0,100.0
202510010608,2025-02-09,16,16,560,560,560,560,560,560,560,0,0,0,0,100.0,100.0
202510010609,2025-02-09,16,16,560,560,560,560,560,560,560,0,0,0,0,100.0,100.0
202510010610,2025-02-09,16,16,560,560,560,560,560,560,560,0,0,0,0,100.0,100.0
202510010611,2025-02-09,11,11,165,165,165,165,165,165,165,0,0,0,0,100.0,100.0
202510010612,2025-02-09,17,18,680,816,816,816,680,816,680,0,0,0,-136,120.0,100.0
202508010301,2025-02-10,12,12,220,220,220,220,220,220,220,0,0,0,0,100.0,100.0
202508010302,2025-02-10,11,11,165,165,165,165,165,165,165,0,0,0,0,100.0,100.0
202508010303,2025-02-10,12,12,220,220,220,220,220,220,220,0,0,0,0,100.0,100.0
202508010304,2025-02-10,16,16,560,560,560,560,560,560,560,0,0,0,0,100.0,100.0
202508010305,2025-02-10,18,18,816,816,816,816,816,816,816,0,0,0,0,100.0,100.0
202508010306,2025-02-10,11,11,165,165,165,165,165,165,165,0,0,0,0,100.0,100.0
202508010307,2025-02-10,15,15,455,455,455,455,455,455,455,0,0,0,0,100.0,100.0
202508010308,2025-02-10,8,8,56,56,56,56,56,56,56,0,0,0,0,100.0,100.0
202508010309,2025-02-10,13,13,286,286,286,286,286,286,286,0,0,0,0,100.0,100.0
202508010310,2025-02-10,9,10,84,120,120,120,84,120,84,0,0,0,-36,142.85714285714286,100.0
202508010311,2025-02-10,16,16,560,560,560,560,560,560,560,0,0,0,0,100.0,100.0
202508010312,2025-02-10,16,16,560,560,560,560,560,560,560,0,0,0,0,100.0,100.0
202505010501,2025-02-15,16,16,560,560,560,560,560,560,560,0,0,0,0,100.0,100.0
202505010502,2025-02-15,16,16,560,560,560,560,560,560,560,0,0,0,0,100.0,100.0
202505010503,2025-02-15,16,16,560,560,560,560,560,560,560,0,0,0,0,100.0,100.0
202505010504,2025-02-15,16,16,560,560,560,560,560,560,560,0,0,0,0,100.0,100.0
202505010505,2025-02-15,16,16,560,560,560,560,560,560,560,0,0,0,0,100.0,100.0
202505010506,2025-02-15,16,16,560,560,560,560,560,560,560,0,0,0,0,100.0,100.0
202505010507,2025-02-15,12,12,220,220,220,220,220,220,220,0,0,0,0,100.0,100.0
202505010508,2025-02-15,16,16,560,560,560,560,560,560,560,0,0,0,0,100.0,100.0
202505010509,2025-02-15,11,11,165,165,165,165,165,165,165,0,0,0,0,100.0,100.0
202505010510,2025-02-15,16,16,560,560,560,560,560,560,560,0,0,0,0,100.0,100.0
202505010511,2025-02-15,14,14,364,364,364,364,364,364,364,0,0,0,0,100.0,100.0
202505010512,2025-02-15,16,16,560,560,560,560,560,560,560,0,0,0,0,100.0,100.0
202508010501,2025-02-15,16,16,560,560,560,560,560,560,560,0,0,0,0,100.0,100.0
202508010502,2025-02-15,12,12,220,220,220,220,220,220,220,0,0,0,0,100.0,100.0
202508010503,2025-02-15,16,16,560,560,560,560,560,560,560,0,0,0,0,100.0,100.0
202508010504,2025-02-15,13,13,286,286,286,286,286,286,286,0,0,0,0,100.0,100.0
202508010505,2025-02-15,16,16,560,560,560,560,560,560,560,0,0,0,0,100.0,100.0
202508010506,2025-02-15,14,14,364,364,364,364,364,364,364,0,0,0,0,100.0,100.0
202508010507,2025-02-15,16,16,560,560,560,560,560,560,560,0,0,0,0,100.0,100.0
202508010508,2025-02-15,12,12,220,220,220,220,220,220,220,0,0,0,0,100.0,100.0
202508010509,2025-02-15,6,7,20,35,35,35,20,35,20,0,0,0,-15,175.0,100.0
202508010510,2025-02-15,9,9,84,84,84,84,84,84,84,0,0,0,0,100.0,100.0
202508010511,2025-02-15,16,16,560,560,560,560,560,560,560,0,0,0,0,100.0,100.0
202508010512,2025-02-15,13,13,286,286,286,286,286,286,286,0,0,0,0,100.0,100.0
202510010701,2025-02-15,14,14,364,364,364,364,364,364,364,0,0,0,0,100.0,100.0
202510010702,2025-02-15,18,18,816,816,816,816,816,816,816,0,0,0,0,100.0,100.0
202510010703,2025-02-15,14,14,364,364,364,364,364,364,364,0,0,0,0,100.0,100.0
202510010704,2025-02-15,9,9,84,84,84,84,84,84,84,0,0,0,0,100.0,100.0
202510010705,2025-02-15,16,16,560,560,560,560,560,560,560,0,0,0,0,100.0,100.0
202510010706,2025-02-15,18,18,816,816,816,816,816,816,816,0,0,0,0,100.0,100.0
202510010707,2025-02-15,11,11,165,165,165,165,165,165,165,0,0,0,0,100.0,100.0
202510010708,2025-02-15,14,14,364,364,364,364,364,364,364,0,0,0,0,100.0,100.0
202510010709,2025-02-15,9,9,84,84,84,84,84,84,84,0,0,0,0,100.0,100.0
202510010710,2025-02-15,15,15,455,455,455,455,455,455,455,0,0,0,0,100.0,100.0
202510010711,2025-02-15,18,18,816,816,816,816,816,816,816,0,0,0,0,100.0,100.0
202510010712,2025-02-15,12,12,220,220,220,220,220,220,220,0,0,0,0,100.0,100.0
202505010601,2025-02-16,16,16,560,560,560,560,560,560,560,0,0,0,0,100.0,100.0
202505010602,2025-02-16,16,16,560,560,560,560,560,560,560,0,0,0,0,100.0,100.0
202505010603,2025-02-16,16,16,560,560,560,560,560,560,560,0,0,0,0,100.0,100.0
202505010604,2025-02-16,11,11,165,165,165,165,165,165,165,0,0,0,0,100.0,100.0
202505010605,2025-02-16,16,16,560,560,560,560,560,560,560,0,0,0,0,100.0,100.0
202505010606,2025-02-16,16,16,560,560,560,560,560,560,560,0,0,0,0,100.0,100.0
202505010607,2025-02-16,16,16,560,560,560,560,560,560,560,0,0,0,0,100.0,100.0
202505010608,2025-02-16,13,13,286,286,286,286,286,286,286,0,0,0,0,100.0,100.0
202505010609,2025-02-16,16,16,560,560,560,560,560,560,560,0,0,0,0,100.0,100.0
202505010610,2025-02-16,16,16,560,560,560,560,560,560,560,0,0,0,0,100.0,100.0
202505010611,2025-02-16,9,9,84,84,84,84,84,84,84,0,0,0,0,100.0,100.0
202505010612,2025-02-16,15,15,455,455,455,455,455,455,455,0,0,0,0,100.0,100.0
202508010601,2025-02-16,10,10,120,120,120,120,120,120,120,0,0,0,0,100.0,100.0
202508010602,2025-02-16,10,10,120,120,120,120,120,120,120,0,0,0,0,100.0,100.0
202508010603,2025-02-16,16,16,560,560,560,560,560,560,560,0,0,0,0,100.0,100.0
202508010604,2025-02-16,11,11,165,165,165,165,165,165,165,0,0,0,0,100.0,100.0
202508010605,2025-02-16,14,14,364,364,364,364,364,364,364,0,0,0,0,100.0,100.0
202508010606,2025-02-16,14,14,364,364,364,364,364,364,364,0,0,0,0,100.0,100.0
202508010607,2025-02-16,13,13,286,286,286,286,286,286,286,0,0,0,0,100.0,100.0
202508010608,2025-02-16,18,18,816,816,816,816,816,816,816,0,0,0,0,100.0,100.0
202508010609,2025-02-16,9,9,84,84,84,84,84,84,84,0,0,0,0,100.0,100.0
202508010610,2025-02-16,13,13,286,286,286,286,286,286,286,0,0,0,0,100.0,100.0
202508010611,2025-02-16,12,12,220,220,220,220,220,220,220,0,0,0,0,100.0,100.0
202508010612,2025-02-16,16,16,560,560,560,560,560,560,560,0,0,0,0,100.0,100.0
202510010801,2025-02-16,16,16,560,560,560,560,560,560,560,0,0,0,0,100.0,100.0
202510010802,2025-02-16,18,18,816,816,816,816,816,816,816,0,0,0,0,100.0,100.0
202510010803,2025-02-16,14,14,364,364,364,364,364,364,364,0,0,0,0,100.0,100.0
202510010804,2025-02-16,11,11,165,165,165,165,165,165,165,0,0,0,0,100.0,100.0
202510010805,2025-02-16,14,14,364,364,364,364,364,364,364,0,0,0,0,100.0,100.0
202510010806,2025-02-16,16,16,560,560,560,560,560,560,560,0,0,0,0,100.0,100.0
202510010807,2025-02-16,16,16,560,560,560,560,560,560,560,0,0,0,0,100.0,100.0
202510010808,2025-02-16,14,14,364,364,364,364,364,364,364,0,0,0,0,100.0,100.0
202510010809,2025-02-16,18,18,816,816,816,816,816,816,816,0,0,0,0,100.0,100.0
202510010810,2025-02-16,14,14,364,364,364,364,364,364,364,0,0,0,0,100.0,100.0
202510010811,2025-02-16,15,15,455,455,455,455,455,455,455,0,0,0,0,100.0,100.0
202510010812,2025-02-16,15,15,455,455,455,455,455,455,455,0,0,0,0,100.0,100.0
202505010701,2025-02-22,16,16,560,560,560,560,560,560,560,0,0,0,0,100.0,100.0
202505010702,2025-02-22,16,16,560,560,560,560,560,560,560,0,0,0,0,100.0,100.0
202505010703,2025-02-22,16,16,560,560,560,560,560,560,560,0,0,0,0,100.0,100.0
202505010704,2025-02-22,16,16,560,560,560,560,560,560,560,0,0,0,0,100.0,100.0
202505010705,2025-02-22,18,18,816,816,816,816,816,816,816,0,0,0,0,100.0,100.0
202505010706,2025-02-22,16,16,560,560,560,560,560,560,560,0,0,0,0,100.0,100.0
202505010707,2025-02-22,16,16,560,560,560,560,560,560,560,0,0,0,0,100.0,100.0
202505010708,2025-02-22,11,11,165,165,165,165,165,165,165,0,0,0,0,100.0,100.0
202505010709,2025-02-22,9,9,84,84,84,84,84,84,84,0,0,0,0,100.0,100.0
202505010710,2025-02-22,12,12,220,220,220,220,220,220,220,0,0,0,0,100.0,100.0
202505010711,2025-02-22,16,16,560,560,560,560,560,560,560,0,0,0,0,100.0,100.0
202505010712,2025-02-22,16,16,560,560,560,560,560,560,560,0,0,0,0,100.0,100.0
202508010701,2025-02-22,11,11,165,165,165,165,165,165,165,0,0,0,0,100.0,100.0
202508010702,2025-02-22,15,15,455,455,455,455,455,455,455,0,0,0,0,100.0,100.0
202508010703,2025-02-22,12,12,220,220,220,220,220,220,220,0,0,0,0,100.0,100.0
202508010704,2025-02-22,15,15,455,455,455,455,455,455,455,0,0,0,0,100.0,100.0
202508010705,2025-02-22,15,15,455,455,455,455,455,455,455,0,0,0,0,100.0,100.0
202508010706,2025-02-22,11,11,165,165,165,165,165,165,165,0,0,0,0,100.0,100.0
202508010707,2025-02-22,16,16,560,560,560,560,560,560,560,0,0,0,0,100.0,100.0
202508010708,2025-02-22,9,9,84,84,84,84,84,84,84,0,0,0,0,100.0,100.0
202508010709,2025-02-22,8,8,56,56,56,56,56,56,56,0,0,0,0,100.0,100.0
202508010710,2025-02-22,16,16,560,560,560,560,560,560,560,0,0,0,0,100.0,100.0
202508010711,2025-02-22,18,18,816,816,816,816,816,816,816,0,0,0,0,100.0,100.0
202508010712,2025-02-22,14,14,364,364,364,364,364,364,364,0,0,0,0,100.0,100.0
202510010901,2025-02-22,16,16,560,560,560,560,560,560,560,0,0,0,0,100.0,100.0
202510010902,2025-02-22,16,16,560,560,560,560,560,560,560,0,0,0,0,100.0,100.0
202510010903,2025-02-22,13,14,286,364,364,364,286,364,286,0,0,0,-78,127.27272727272727,100.0
202510010904,2025-02-22,13,14,286,364,364,364,286,364,286,0,0,0,-78,127.27272727272727,100.0
202510010905,2025-02-22,11,11,165,165,165,165,165,165,165,0,0,0,0,100.0,100.0
202510010906,2025-02-22,15,15,455,455,455,455,455,455,455,0,0,0,0,100.0,100.0
202510010907,2025-02-22,18,18,816,816,816,816,816,816,816,0,0,0,0,100.0,100.0
202510010908,2025-02-22,16,16,560,560,560,560,560,560,560,0,0,0,0,100.0,100.0
202510010909,2025-02-22,18,18,816,816,816,816,816,816,816,0,0,0,0,100.0,100.0
202510010910,2025-02-22,13,13,286,286,286,286,286,286,286,0,0,0,0,100.0,100.0
202510010911,2025-02-22,9,9,84,84,84,84,84,84,84,0,0,0,0,100.0,100.0
202510010912,2025-02-22,16,16,560,560,560,560,560,560,560,0,0,0,0,100.0,100.0
202505010801,2025-02-23,16,16,560,560,560,560,560,560,560,0,0,0,0,100.0,100.0
202505010802,2025-02-23,16,16,560,560,560,560,560,560,560,0,0,0,0,100.0,100.0
202505010803,2025-02-23,16,16,560,560,560,560,560,560,560,0,0,0,0,100.0,100.0
202505010804,2025-02-23,15,16,455,560,560,560,455,560,455,0,0,0,-105,123.07692307692308,100.0
202505010805,2025-02-23,13,13,286,286,286,286,286,286,286,0,0,0,0,100.0,100.0
202505010806,2025-02-23,15,16,455,560,560,560,455,560,455,0,0,0,-105,123.07692307692308,100.0
202505010807,2025-02-23,14,14,364,364,364,364,364,364,364,0,0,0,0,100.0,100.0
202505010808,2025-02-23,12,12,220,220,220,220,220,220,220,0,0,0,0,100.0,100.0
202505010809,2025-02-23,10,10,120,120,120,120,120,120,120,0,0,0,0,100.0,100.0
202505010810,2025-02-23,12,12,220,220,220,220,220,220,220,0,0,0,0,100.0,100.0
202505010811,2025-02-23,16,16,560,560,560,560,560,560,560,0,0,0,0,100.0,100.0
202505010812,2025-02-23,14,14,364,364,364,364,364,364,364,0,0,0,0,100.0,100.0
202508010801,2025-02-23,14,14,364,364,364,364,364,364,364,0,0,0,0,100.0,100.0
202508010802,2025-02-23,16,16,560,560,560,560,560,560,560,0,0,0,0,100.0,100.0
202508010803,2025-02-23,16,16,560,560,560,560,560,560,560,0,0,0,0,100.0,100.0
202508010804,2025-02-23,10,10,120,120,120,120,120,120,120,0,0,0,0,100.0,100.0
202508010805,2025-02-23,16,16,560,560,560,560,560,560,560,0,0,0,0,100.0,100.0
202508010806,2025-02-23,10,10,120,120,120,120,120,120,120,0,0,0,0,100.0,100.0
202508010807,2025-02-23,10,10,120,120,120,120,120,120,120,0,0,0,0,100.0,100.0
202508010808,2025-02-23,12,12,220,220,220,220,220,220,220,0,0,0,0,100.0,100.0
202508010809,2025-02-23,9,9,84,84,84,84,84,84,84,0,0,0,0,100.0,100.0
202508010810,2025-02-23,8,8,56,56,56,56,56,56,56,0,0,0,0,100.0,100.0
202508010811,2025-02-23,16,16,560,560,560,560,560,560,560,0,0,0,0,100.0,100.0
202508010812,2025-02-23,12,12,220,220,220,220,220,220,220,0,0,0,0,100.0,100.0
202510011001,2025-02-23,10,10,120,120,120,120,120,120,120,0,0,0,0,100.0,100.0
202510011002,2025-02-23,18,18,816,816,816,816,816,816,816,0,0,0,0,100.0,100.0
202510011003,2025-02-23,14,14,364,364,364,364,364,364,364,0,0,0,0,100.0,100.0
202510011004,2025-02-23,12,12,220,220,220,220,220,220,220,0,0,0,0,100.0,100.0
202510011005,2025-02-23,13,13,286,286,286,286,286,286,286,0,0,0,0,100.0,100.0
202510011006,2025-02-23,12,12,220,220,220,220,220,220,220,0,0,0,0,100.0,100.0
202510011007,2025-02-23,12,12,220,220,220,220,220,220,220,0,0,0,0,100.0,100.0
202510011008,2025-02-23,14,14,364,364,364,364,364,364,364,0,0,0,0,100.0,100.0
202510011009,2025-02-23,14,14,364,364,364,364,364,364,364,0,0,0,0,100.0,100.0
202510011010,2025-02-23,14,14,364,364,364,364,364,364,364,0,0,0,0,100.0,100.0
202510011011,2025-02-23,13,14,286,364,364,364,286,364,286,0,0,0,-78,127.27272727272727,100.0
202510011012,2025-02-23,18,18,816,816,816,816,816,816,816,0,0,0,0,100.0,100.0
202506020101,2025-03-01,15,15,455,455,455,455,455,455,455,0,0,0,0,100.0,100.0
202506020102,2025-03-01,16,16,560,560,560,560,560,560,560,0,0,0,0,100.0,100.0
202506020103,2025-03-01,16,16,560,560,560,560,560,560,560,0,0,0,0,100.0,100.0
202506020104,2025-03-01,13,13,286,286,286,286,286,286,286,0,0,0,0,100.0,100.0
202506020105,2025-03-01,18,18,816,816,816,816,816,816,816,0,0,0,0,100.0,100.0
202506020106,2025-03-01,16,16,560,560,560,560,560,560,560,0,0,0,0,100.0,100.0
202506020107,2025-03-01,9,9,84,84,84,84,84,84,84,0,0,0,0,100.0,100.0
202506020108,2025-03-01,16,16,560,560,560,560,560,560,560,0,0,0,0,100.0,100.0
202506020109,2025-03-01,13,13,286,286,286,286,286,286,286,0,0,0,0,100.0,100.0
202506020110,2025-03-01,16,16,560,560,560,560,560,560,560,0,0,0,0,100.0,100.0
202506020111,2025-03-01,15,15,455,455,455,455,455,455,455,0,0,0,0,100.0,100.0
202506020112,2025-03-01,14,14,364,364,364,364,364,364,364,0,0,0,0,100.0,100.0
202509010101,2025-03-01,12,12,220,220,220,220,220,220,220,0,0,0,0,100.0,100.0
202509010102,2025-03-01,16,16,560,560,560,560,560,560,560,0,0,0,0,100.0,100.0
202509010103,2025-03-01,16,16,560,560,560,560,560,560,560,0,0,0,0,100.0,100.0
202509010104,2025-03-01,16,16,560,560,560,560,560,560,560,0,0,0,0,100.0,100.0
202509010105,2025-03-01,18,18,816,816,816,816,816,816,816,0,0,0,0,100.0,100.0
202509010106,2025-03-01,16,16,560,560,560,560,560,560,560,0,0,0,0,100.0,100.0
202509010107,2025-03-01,16,16,560,560,560,560,560,560,560,0,0,0,0,100.0,100.0
202509010108,2025-03-01,10,10,120,120,120,120,120,120,120,0,0,0,0,100.0,100.0
202509010109,2025-03-01,8,8,56,56,56,56,56,56,56,0,0,0,0,100.0,100.0
202509010110,2025-03-01,10,10,120,120,120,120,120,120,120,0,0,0,0,100.0,100.0
202509010111,2025-03-01,16,16,560,560,560,560,560,560,560,0,0,0,0,100.0,100.0
202509010112,2025-03-01,15,15,455,455,455,455,455,455,455,0,0,0,0,100.0,100.0
202510011101,2025-03-01,16,16,560,560,560,560,560,560,560,0,0,0,0,100.0,100.0
202510011102,2025-03-01,18,18,816,816,816,816,816,816,816,0,0,0,0,100.0,100.0
202510011103,2025-03-01,14,14,364,364,364,364,364,364,364,0,0,0,0,100.0,100.0
202510011104,2025-03-01,12,12,220,220,220,220,220,220,220,0,0,0,0,100.0,100.0
202510011105,2025-03-01,12,12,220,220,220,220,220,220,220,0,0,0,0,100.0,100.0
202510011106,2025-03-01,18,18,816,816,816,816,816,816,816,0,0,0,0,100.0,100.0
202510011107,2025-03-01,16,16,560,560,560,560,560,560,560,0,0,0,0,100.0,100.0
202510011108,2025-03-01,15,15,455,455,455,455,455,455,455,0,0,0,0,100.0,100.0
202510011109,2025-03-01,16,16,560,560,560,560,560,560,560,0,0,0,0,100.0,100.0
202510011110,2025-03-01,18,18,816,816,816,816,816,816,816,0,0,0,0,100.0,100.0
202510011111,2025-03-01,15,15,455,455,455,455,455,455,455,0,0,0,0,100.0,100.0
202510011112,2025-03-01,18,18,816,816,816,816,816,816,816,0,0,0,0,100.0,100.0
202506020201,2025-03-02,16,16,560,560,560,560,560,560,560,0,0,0,0,100.0,100.0
202506020202,2025-03-02,16,16,560,560,560,560,560,560,560,0,0,0,0,100.0,100.0
202506020203,2025-03-02,16,16,560,560,560,560,560,560,560,0,0,0,0,100.0,100.0
202506020204,2025-03-02,16,16,560,560,560,560,560,560,560,0,0,0,0,100.0,100.0
202506020205,2025-03-02,18,18,816,816,816,816,816,816,816,0,0,0,0,100.0,100.0
202506020206,2025-03-02,16,16,560,560,560,560,560,560,560,0,0,0,0,100.0,100.0
202506020207,2025-03-02,8,9,56,84,84,84,56,84,56,0,0,0,-28,150.0,100.0
202506020208,2025-03-02,16,16,560,560,560,560,560,560,560,0,0,0,0,100.0,100.0
202506020209,2025-03-02,11,11,165,165,165,165,165,165,165,0,0,0,0,100.0,100.0
202506020210,2025-03-02,16,16,560,560,560,560,560,560,560,0,0,0,0,100.0,100.0
202506020211,2025-03-02,16,16,560,560,560,560,560,560,560,0,0,0,0,100.0,100.0
202506020212,2025-03-02,16,16,560,560,560,560,560,560,560,0,0,0,0,100.0,100.0
202509010201,2025-03-02,12,12,220,220,220,220,220,220,220,0,0,0,0,100.0,100.0
202509010202,2025-03-02,16,16,560,560,560,560,560,560,560,0,0,0,0,100.0,100.0
202509010203,2025-03-02,12,12,220,220,220,220,220,220,220,0,0,0,0,100.0,100.0
202509010204,2025-03-02,16,16,560,560,560,560,560,560,560,0,0,0,0,100.0,100.0
202509010205,2025-03-02,18,18,816,816,816,816,816,816,816,0,0,0,0,100.0,100.0
202509010206,2025-03-02,16,16,560,560,560,560,560,560,560,0,0,0,0,100.0,100.0
202509010207,2025-03-02,16,16,560,560,560,560,560,560,560,0,0,0,0,100.0,100.0
202509010208,2025-03-02,14,14,364,364,364,364,364,364,364,0,0,0,0,100.0,100.0
202509010209,2025-03-02,9,9,84,84,84,84,84,84,84,0,0,0,0,100.0,100.0
202509010210,2025-03-02,10,10,120,120,120,120,120,120,120,0,0,0,0,100.0,100.0
202509010211,2025-03-02,14,14,364,364,364,364,364,364,364,0,0,0,0,100.0,100.0
202509010212,2025-03-02,16,16,560,560,560,560,560,560,560,0,0,0,0,100.0,100.0
202510011201,2025-03-02,16,16,560,560,560,560,560,560,560,0,0,0,0,100.0,100.0
202510011202,2025-03-02,18,18,816,816,816,816,816,816,816,0,0,0,0,100.0,100.0
202510011203,2025-03-02,14,14,364,364,364,364,364,364,364,0,0,0,0,100.0,100.0
202510011204,2025-03-02,11,11,165,165,165,165,165,165,165,0,0,0,0,100.0,100.0
202510011205,2025-03-02,16,16,560,560,560,560,560,560,560,0,0,0,0,100.0,100.0
202510011206,2025-03-02,18,18,816,816,816,816,816,816,816,0,0,0,0,100.0,100.0
202510011207,2025-03-02,17,18,680,816,816,816,680,816,680,0,0,0,-136,120.0,100.0
202510011208,2025-03-02,14,14,364,364,364,364,364,364,364,0,0,0,0,100.0,100.0
202510011209,2025-03-02,18,18,816,816,816,816,816,816,816,0,0,0,0,100.0,100.0
202510011210,2025-03-02,16,16,560,560,560,560,560,560,560,0,0,0,0,100.0,100.0
202510011211,2025-03-02,13,13,286,286,286,286,286,286,286,0,0,0,0,100.0,100.0
202510011212,2025-03-02,16,16,560,560,560,560,560,560,560,0,0,0,0,100.0,100.0
202506020301,2025-03-08,16,16,560,560,560,560,560,560,560,0,0,0,0,100.0,100.0
202506020302,2025-03-08,16,16,560,560,560,560,560,560,560,0,0,0,0,100.0,100.0
202506020303,2025-03-08,16,16,560,560,560,560,560,560,560,0,0,0,0,100.0,100.0
202506020304,2025-03-08,9,9,84,84,84,84,84,84,84,0,0,0,0,100.0,100.0
202506020305,2025-03-08,15,15,455,455,455,455,455,455,455,0,0,0,0,100.0,100.0
202506020306,2025-03-08,16,16,560,560,560,560,560,560,560,0,0,0,0,100.0,100.0
202506020307,2025-03-08,10,10,120,120,120,120,120,120,120,0,0,0,0,100.0,100.0
202506020308,2025-03-08,16,16,560,560,560,560,560,560,560,0,0,0,0,100.0,100.0
202506020309,2025-03-08,10,10,120,120,120,120,120,120,120,0,0,0,0,100.0,100.0
202506020310,2025-03-08,16,16,560,560,560,560,560,560,560,0,0,0,0,100.0,100.0
202506020311,2025-03-08,14,14,364,364,364,364,364,364,364,0,0,0,0,100.0,100.0
202506020312,2025-03-08,16,16,560,560,560,560,560,560,560,0,0,0,0,100.0,100.0
202509010301,2025-03-08,16,16,560,560,560,560,560,560,560,0,0,0,0,100.0,100.0
202509010302,2025-03-08,12,12,220,220,220,220,220,220,220,0,0,0,0,100.0,100.0
202509010303,2025-03-08,16,16,560,560,560,560,560,560,560,0,0,0,0,100.0,100.0
202509010304,2025-03-08,12,12,220,220,220,220,220,220,220,0,0,0,0,100.0,100.0
202509010305,2025-03-08,13,13,286,286,286,286,286,286,286,0,0,0,0,100.0,100.0
202509010306,2025-03-08,10,10,120,120,120,120,120,120,120,0,0,0,0,100.0,100.0
202509010307,2025-03-08,10,10,120,120,120,120,120,120,120,0,0,0,0,100.0,100.0
202509010308,2025-03-08,16,16,560,560,560,560,560,560,560,0,0,0,0,100.0,100.0
202509010309,2025-03-08,12,12,220,220,220,220,220,220,220,0,0,0,0,100.0,100.0
202509010310,2025-03-08,16,16,560,560,560,560,560,560,560,0,0,0,0,100.0,100.0
202509010311,2025-03-08,18,18,816,816,816,816,816,816,816,0,0,0,0,100.0,100.0
202509010312,2025-03-08,11,11,165,165,165,165,165,165,165,0,0,0,0,100.0,100.0
202506020401,2025-03-09,16,16,560,560,560,560,560,560,560,0,0,0,0,100.0,100.0
202506020402,2025-03-09,16,16,560,560,560,560,560,560,560,0,0,0,0,100.0,100.0
202506020403,2025-03-09,16,16,560,560,560,560,560,560,560,0,0,0,0,100.0,100.0
202506020404,2025-03-09,11,11,165,165,165,165,165,165,165,0,0,0,0,100.0,100.0
202506020405,2025-03-09,16,16,560,560,560,560,560,560,560,0,0,0,0,100.0,100.0
202506020406,2025-03-09,15,16,455,560,560,560,455,560,455,0,0,0,-105,123.07692307692308,100.0
202506020407,2025-03-09,16,16,560,560,560,560,560,560,560,0,0,0,0,100.0,100.0
202506020408,2025-03-09,16,16,560,560,560,560,560,560,560,0,0,0,0,100.0,100.0
202506020409,2025-03-09,12,12,220,220,220,220,220,220,220,0,0,0,0,100.0,100.0
202506020410,2025-03-09,16,16,560,560,560,560,560,560,560,0,0,0,0,100.0,100.0
202506020411,2025-03-09,14,14,364,364,364,364,364,364,364,0,0,0,0,100.0,100.0
202506020412,2025-03-09,15,15,455,455,455,455,455,455,455,0,0,0,0,100.0,100.0
202509010401,2025-03-09,15,15,455,455,455,455,455,455,455,0,0,0,0,100.0,100.0
202509010402,2025-03-09,16,16,560,560,560,560,560,560,560,0,0,0,0,100.0,100.0
202509010403,2025-03-09,12,12,220,220,220,220,220,220,220,0,0,0,0,100.0,100.0
202509010404,2025-03-09,16,16,560,560,560,560,560,560,560,0,0,0,0,100.0,100.0
202509010405,2025-03-09,17,18,680,816,816,816,680,816,680,0,0,0,-136,120.0,100.0
202509010406,2025-03-09,11,11,165,165,165,165,165,165,165,0,0,0,0,100.0,100.0
202509010407,2025-03-09,9,9,84,84,84,84,84,84,84,0,0,0,0,100.0,100.0
202509010408,2025-03-09,12,12,220,220,220,220,220,220,220,0,0,0,0,100.0,100.0
202509010409,2025-03-09,8,8,56,56,56,56,56,56,56,0,0,0,0,100.0,100.0
202509010410,2025-03-09,12,12,220,220,220,220,220,220,220,0,0,0,0,100.0,100.0
202509010411,2025-03-09,14,14,364,364,364,364,364,364,364,0,0,0,0,100.0,100.0
202509010412,2025-03-09,14,14,364,364,364,364,364,364,364,0,0,0,0,100.0,100.0
202506020501,2025-03-15,16,16,560,560,560,560,560,560,560,0,0,0,0,100.0,100.0
202506020502,2025-03-15,16,16,560,560,560,560,560,560,560,0,0,0,0,100.0,100.0
202506020503,2025-03-15,16,16,560,560,560,560,560,560,560,0,0,0,0,100.0,100.0
202506020504,2025-03-15,15,16,455,560,560,560,455,560,455,0,0,0,-105,123.07692307692308,100.0
202506020505,2025-03-15,18,18,816,816,816,816,816,816,816,0,0,0,0,100.0,100.0
202506020506,2025-03-15,16,16,560,560,560,560,560,560,560,0,0,0,0,100.0,100.0
202506020507,2025-03-15,16,16,560,560,560,560,560,560,560,0,0,0,0,100.0,100.0
202506020508,2025-03-15,16,16,560,560,560,560,560,560,560,0,0,0,0,100.0,100.0
202506020509,2025-03-15,14,14,364,364,364,364,364,364,364,0,0,0,0,100.0,100.0
202506020510,2025-03-15,13,13,286,286,286,286,286,286,286,0,0,0,0,100.0,100.0
202506020511,2025-03-15,12,12,220,220,220,220,220,220,220,0,0,0,0,100.0,100.0
202506020512,2025-03-15,16,16,560,560,560,560,560,560,560,0,0,0,0,100.0,100.0
202507020101,2025-03-15,16,16,560,560,560,560,560,560,560,0,0,0,0,100.0,100.0
202507020102,2025-03-15,16,16,560,560,560,560,560,560,560,0,0,0,0,100.0,100.0
202507020103,2025-03-15,16,16,560,560,560,560,560,560,560,0,0,0,0,100.0,100.0
202507020104,2025-03-15,15,15,455,455,455,455,455,455,455,0,0,0,0,100.0,100.0
202507020105,2025-03-15,18,18,816,816,816,816,816,816,816,0,0,0,0,100.0,100.0
202507020106,2025-03-15,13,13,286,286,286,286,286,286,286,0,0,0,0,100.0,100.0
202507020107,2025-03-15,15,15,455,455,455,455,455,455,455,0,0,0,0,100.0,100.0
202507020108,2025-03-15,18,18,816,816,816,816,816,816,816,0,0,0,0,100.0,100.0
202507020109,2025-03-15,16,16,560,560,560,560,560,560,560,0,0,0,0,100.0,100.0
202507020110,2025-03-15,13,13,286,286,286,286,286,286,286,0,0,0,0,100.0,100.0
202507020111,2025-03-15,16,16,560,560,560,560,560,560,560,0,0,0,0,100.0,100.0
202507020112,2025-03-15,18,18,816,816,816,816,816,816,816,0,0,0,0,100.0,100.0
202509010501,2025-03-15,12,12,220,220,220,220,220,220,220,0,0,0,0,100.0,100.0
202509010502,2025-03-15,16,16,560,560,560,560,560,560,560,0,0,0,0,100.0,100.0
202509010503,2025-03-15,13,13,286,286,286,286,286,286,286,0,0,0,0,100.0,100.0
202509010504,2025-03-15,18,18,816,816,816,816,816,816,816,0,0,0,0,100.0,100.0
202509010505,2025-03-15,18,18,816,816,816,816,816,816,816,0,0,0,0,100.0,100.0
202509010506,2025-03-15,16,16,560,560,560,560,560,560,560,0,0,0,0,100.0,100.0
202509010507,2025-03-15,16,16,560,560,560,560,560,560,560,0,0,0,0,100.0,100.0
202509010508,2025-03-15,8,8,56,56,56,56,56,56,56,0,0,0,0,100.0,100.0
202509010509,2025-03-15,12,12,220,220,220,220,220,220,220,0,0,0,0,100.0,100.0
202509010510,2025-03-15,15,15,455,455,455,455,455,455,455,0,0,0,0,100.0,100.0
202509010511,2025-03-15,11,11,165,165,165,165,165,165,165,0,0,0,0,100.0,100.0
202509010512,2025-03-15,10,10,120,120,120,120,120,120,120,0,0,0,0,100.0,100.0
202506020601,2025-03-16,16,16,560,560,560,560,560,560,560,0,0,0,0,100.0,100.0
202506020602,2025-03-16,16,16,560,560,560,560,560,560,560,0,0,0,0,100.0,100.0
202506020603,2025-03-16,15,15,455,455,455,455,455,455,455,0,0,0,0,100.0,100.0
202506020604,2025-03-16,16,16,560,560,560,560,560,560,560,0,0,0,0,100.0,100.0
202506020605,2025-03-16,16,16,560,560,560,560,560,560,560,0,0,0,0,100.0,100.0
202506020606,2025-03-16,8,8,56,56,56,56,56,56,56,0,0,0,0,100.0,100.0
202506020607,2025-03-16,16,16,560,560,560,560,560,560,560,0,0,0,0,100.0,100.0
202506020608,2025-03-16,16,16,560,560,560,560,560,560,560,0,0,0,0,100.0,100.0
202506020609,2025-03-16,16,16,560,560,560,560,560,560,560,0,0,0,0,100.0,100.0
202506020610,2025-03-16,12,12,220,220,220,220,220,220,220,0,0,0,0,100.0,100.0
202506020611,2025-03-16,12,12,220,220,220,220,220,220,220,0,0,0,0,100.0,100.0
202506020612,2025-03-16,16,16,560,560,560,560,560,560,560,0,0,0,0,100.0,100.0
202507020201,2025-03-16,16,16,560,560,560,560,560,560,560,0,0,0,0,100.0,100.0
202507020202,2025-03-16,13,13,286,286,286,286,286,286,286,0,0,0,0,100.0,100.0
202507020203,2025-03-16,16,16,560,560,560,560,560,560,560,0,0,0,0,100.0,100.0
202507020204,2025-03-16,16,17,560,680,680,680,560,680,560,0,0,0,-120,121.42857142857143,100.0
202507020205,2025-03-16,18,18,816,816,816,816,816,816,816,0,0,0,0,100.0,100.0
202507020206,2025-03-16,10,10,120,120,120,120,120,120,120,0,0,0,0,100.0,100.0
202507020207,2025-03-16,16,16,560,560,560,560,560,560,560,0,0,0,0,100.0,100.0
202507020208,2025-03-16,14,14,364,364,364,364,364,364,364,0,0,0,0,100.0,100.0
202507020209,2025-03-16,13,13,286,286,286,286,286,286,286,0,0,0,0,100.0,100.0
202507020210,2025-03-16,12,12,220,220,220,220,220,220,220,0,0,0,0,100.0,100.0
202507020211,2025-03-16,10,10,120,120,120,120,120,120,120,0,0,0,0,100.0,100.0
202507020212,2025-03-16,16,16,560,560,560,560,560,560,560,0,0,0,0,100.0,100.0
202509010601,2025-03-16,16,16,560,560,560,560,560,560,560,0,0,0,0,100.0,100.0
202509010602,2025-03-16,11,11,165,165,165,165,165,165,165,0,0,0,0,100.0,100.0
202509010603,2025-03-16,16,16,560,560,560,560,560,560,560,0,0,0,0,100.0,100.0
202509010604,2025-03-16,9,9,84,84,84,84,84,84,84,0,0,0,0,100.0,100.0
202509010605,2025-03-16,16,16,560,560,560,560,560,560,560,0,0,0,0,100.0,100.0
202509010606,2025-03-16,9,9,84,84,84,84,84,84,84,0,0,0,0,100.0,100.0
202509010607,2025-03-16,16,16,560,560,560,560,560,560,560,0,0,0,0,100.0,100.0
202509010608,2025-03-16,13,13,286,286,286,286,286,286,286,0,0,0,0,100.0,100.0
202509010609,2025-03-16,9,9,84,84,84,84,84,84,84,0,0,0,0,100.0,100.0
202509010610,2025-03-16,15,15,455,455,455,455,455,455,455,0,0,0,0,100.0,100.0
202509010611,2025-03-16,16,16,560,560,560,560,560,560,560,0,0,0,0,100.0,100.0
202509010612,2025-03-16,12,12,220,220,220,220,220,220,220,0,0,0,0,100.0,100.0
202506020701,2025-03-22,16,16,560,560,560,560,560,560,560,0,0,0,0,100.0,100.0
202506020702,2025-03-22,12,12,220,220,220,220,220,220,220,0,0,0,0,100.0,100.0
202506020703,2025-03-22,16,16,560,560,560,560,560,560,560,0,0,0,0,100.0,100.0
202506020704,2025-03-22,17,18,680,816,816,816,680,816,680,0,0,0,-136,120.0,100.0
202506020705,2025-03-22,10,10,120,120,120,120,120,120,120,0,0,0,0,100.0,100.0
202506020706,2025-03-22,16,16,560,560,560,560,560,560,560,0,0,0,0,100.0,100.0
202506020707,2025-03-22,16,16,560,560,560,560,560,560,560,0,0,0,0,100.0,100.0
202506020708,2025-03-22,14,14,364,364,364,364,364,364,364,0,0,0,0,100.0,100.0
202506020709,2025-03-22,13,13,286,286,286,286,286,286,286,0,0,0,0,100.0,100.0
202506020710,2025-03-22,16,16,560,560,560,560,560,560,560,0,0,0,0,100.0,100.0
202506020711,2025-03-22,16,16,560,560,560,560,560,560,560,0,0,0,0,100.0,100.0
202506020712,2025-03-22,16,16,560,560,560,560,560,560,560,0,0,0,0,100.0,100.0
202507020301,2025-03-22,14,14,364,364,364,364,364,364,364,0,0,0,0,100.0,100.0
202507020302,2025-03-22,16,16,560,560,560,560,560,560,560,0,0,0,0,100.0,100.0
202507020303,2025-03-22,12,12,220,220,220,220,220,220,220,0,0,0,0,100.0,100.0
202507020304,2025-03-22,16,16,560,560,560,560,560,560,560,0,0,0,0,100.0,100.0
202507020305,2025-03-22,16,16,560,560,560,560,560,560,560,0,0,0,0,100.0,100.0
202507020306,2025-03-22,12,12,220,220,220,220,220,220,220,0,0,0,0,100.0,100.0
202507020307,2025-03-22,16,16,560,560,560,560,560,560,560,0,0,0,0,100.0,100.0
202507020308,2025-03-22,15,15,455,455,455,455,455,455,455,0,0,0,0,100.0,100.0
202507020309,2025-03-22,18,18,816,816,816,816,816,816,816,0,0,0,0,100.0,100.0
202507020310,2025-03-22,17,17,680,680,680,680,680,680,680,0,0,0,0,100.0,100.0
202507020311,2025-03-22,18,18,816,816,816,816,816,816,816,0,0,0,0,100.0,100.0
202507020312,2025-03-22,16,16,560,560,560,560,560,560,560,0,0,0,0,100.0,100.0
202509010701,2025-03-22,15,15,455,455,455,455,455,455,455,0,0,0,0,100.0,100.0
202509010702,2025-03-22,9,9,84,84,84,84,84,84,84,0,0,0,0,100.0,100.0
202509010703,2025-03-22,16,16,560,560,560,560,560,560,560,0,0,0,0,100.0,100.0
202509010704,2025-03-22,11,11,165,165,165,165,165,165,165,0,0,0,0,100.0,100.0
202509010705,2025-03-22,15,15,455,455,455,455,455,455,455,0,0,0,0,100.0,100.0
202509010706,2025-03-22,10,10,120,120,120,120,120,120,120,0,0,0,0,100.0,100.0
202509010707,2025-03-22,15,15,455,455,455,455,455,455,455,0,0,0,0,100.0,100.0
202509010708,2025-03-22,9,9,84,84,84,84,84,84,84,0,0,0,0,100.0,100.0
202509010709,2025-03-22,18,18,816,816,816,816,816,816,816,0,0,0,0,100.0,100.0
202509010710,2025-03-22,14,14,364,364,364,364,364,364,364,0,0,0,0,100.0,100.0
202509010711,2025-03-22,9,9,84,84,84,84,84,84,84,0,0,0,0,100.0,100.0
202509010712,2025-03-22,16,16,560,560,560,560,560,560,560,0,0,0,0,100.0,100.0
202506020801,2025-03-23,16,16,560,560,560,560,560,560,560,0,0,0,0,100.0,100.0
202506020802,2025-03-23,16,16,560,560,560,560,560,560,560,0,0,0,0,100.0,100.0
202506020803,2025-03-23,14,14,364,364,364,364,364,364,364,0,0,0,0,100.0,100.0
202506020804,2025-03-23,14,14,364,364,364,364,364,364,364,0,0,0,0,100.0,100.0
202506020805,2025-03-23,16,16,560,560,560,560,560,560,560,0,0,0,0,100.0,100.0
202506020806,2025-03-23,12,12,220,220,220,220,220,220,220,0,0,0,0,100.0,100.0
202506020807,2025-03-23,16,16,560,560,560,560,560,560,560,0,0,0,0,100.0,100.0
202506020808,2025-03-23,15,15,455,455,455,455,455,455,455,0,0,0,0,100.0,100.0
202506020809,2025-03-23,11,11,165,165,165,165,165,165,165,0,0,0,0,100.0,100.0
202506020810,2025-03-23,16,16,560,560,560,560,560,560,560,0,0,0,0,100.0,100.0
202506020811,2025-03-23,16,16,560,560,560,560,560,560,560,0,0,0,0,100.0,100.0
202506020812,2025-03-23,15,16,455,560,560,560,455,560,455,0,0,0,-105,123.07692307692308,100.0
202507020401,2025-03-23,16,16,560,560,560,560,560,560,560,0,0,0,0,100.0,100.0
202507020402,2025-03-23,13,13,286,286,286,286,286,286,286,0,0,0,0,100.0,100.0
202507020403,2025-03-23,16,16,560,560,560,560,560,560,560,0,0,0,0,100.0,100.0
202507020404,2025-03-23,18,18,816,816,816,816,816,816,816,0,0,0,0,100.0,100.0
202507020405,2025-03-23,17,18,680,816,816,816,680,816,680,0,0,0,-136,120.0,100.0
202507020406,2025-03-23,16,16,560,560,560,560,560,560,560,0,0,0,0,100.0,100.0
202507020407,2025-03-23,16,16,560,560,560,560,560,560,560,0,0,0,0,100.0,100.0
202507020408,2025-03-23,16,16,560,560,560,560,560,560,560,0,0,0,0,100.0,100.0
202507020409,2025-03-23,10,10,120,120,120,120,120,120,120,0,0,0,0,100.0,100.0
202507020410,2025-03-23,16,16,560,560,560,560,560,560,560,0,0,0,0,100.0,100.0
202507020411,2025-03-23,18,18,816,816,816,816,816,816,816,0,0,0,0,100.0,100.0
202507020412,2025-03-23,18,18,816,816,816,816,816,816,816,0,0,0,0,100.0,100.0
202509010801,2025-03-23,11,11,165,165,165,165,165,165,165,0,0,0,0,100.0,100.0
202509010802,2025-03-23,16,16,560,560,560,560,560,560,560,0,0,0,0,100.0,100.0
202509010803,2025-03-23,12,12,220,220,220,220,220,220,220,0,0,0,0,100.0,100.0
202509010804,2025-03-23,17,17,680,680,680,680,680,680,680,0,0,0,0,100.0,100.0
202509010805,2025-03-23,13,13,286,286,286,286,286,286,286,0,0,0,0,100.0,100.0
202509010806,2025-03-23,16,16,560,560,560,560,560,560,560,0,0,0,0,100.0,100.0
202509010807,2025-03-23,9,9,84,84,84,84,84,84,84,0,0,0,0,100.0,100.0
202509010808,2025-03-23,14,14,364,364,364,364,364,364,364,0,0,0,0,100.0,100.0
202509010809,2025-03-23,13,13,286,286,286,286,286,286,286,0,0,0,0,100.0,100.0
202509010810,2025-03-23,16,16,560,560,560,560,560,560,560,0,0,0,0,100.0,100.0
202509010811,2025-03-23,11,11,165,165,165,165,165,165,165,0,0,0,0,100.0,100.0
202509010812,2025-03-23,16,16,560,560,560,560,560,560,560,0,0,0,0,100.0,100.0
202506030101,2025-03-29,16,16,560,560,560,560,560,560,560,0,0,0,0,100.0,100.0
202506030102,2025-03-29,16,16,560,560,560,560,560,560,560,0,0,0,0,100.0,100.0
202506030103,2025-03-29,16,16,560,560,560,560,560,560,560,0,0,0,0,100.0,100.0
202506030104,2025-03-29,16,16,560,560,560,560,560,560,560,0,0,0,0,100.0,100.0
202506030105,2025-03-29,10,10,120,120,120,120,120,120,120,0,0,0,0,100.0,100.0
202506030106,2025-03-29,8,8,56,56,56,56,56,56,56,0,0,0,0,100.0,100.0
202506030107,2025-03-29,11,11,165,165,165,165,165,165,165,0,0,0,0,100.0,100.0
202506030108,2025-03-29,12,12,220,220,220,220,220,220,220,0,0,0,0,100.0,100.0
202506030109,2025-03-29,16,16,560,560,560,560,560,560,560,0,0,0,0,100.0,100.0
202506030110,2025-03-29,11,11,165,165,165,165,165,165,165,0,0,0,0,100.0,100.0
202506030111,2025-03-29,15,15,455,455,455,455,455,455,455,0,0,0,0,100.0,100.0
202506030112,2025-03-29,13,13,286,286,286,286,286,286,286,0,0,0,0,100.0,100.0
202507020501,2025-03-29,16,16,560,560,560,560,560,560,560,0,0,0,0,100.0,100.0
202507020502,2025-03-29,13,13,286,286,286,286,286,286,286,0,0,0,0,100.0,100.0
202507020503,2025-03-29,16,16,560,560,560,560,560,560,560,0,0,0,0,100.0,100.0
202507020504,2025-03-29,13,13,286,286,286,286,286,286,286,0,0,0,0,100.0,100.0
202507020505,2025-03-29,18,18,816,816,816,816,816,816,816,0,0,0,0,100.0,100.0
202507020506,2025-03-29,15,15,455,455,455,455,455,455,455,0,0,0,0,100.0,100.0
202507020507,2025-03-29,14,14,364,364,364,364,364,364,364,0,0,0,0,100.0,100.0
202507020508,2025-03-29,16,16,560,560,560,560,560,560,560,0,0,0,0,100.0,100.0
202507020509,2025-03-29,13,13,286,286,286,286,286,286,286,0,0,0,0,100.0,100.0
202507020510,2025-03-29,9,9,84,84,84,84,84,84,84,0,0,0,0,100.0,100.0
202507020511,2025-03-29,11,11,165,165,165,165,165,165,165,0,0,0,0,100.0,100.0
202507020512,2025-03-29,16,16,560,560,560,560,560,560,560,0,0,0,0,100.0,100.0
202509020101,2025-03-29,16,16,560,560,560,560,560,560,560,0,0,0,0,100.0,100.0
202509020102,2025-03-29,9,9,84,84,84,84,84,84,84,0,0,0,0,100.0,100.0
202509020103,2025-03-29,16,16,560,560,560,560,560,560,560,0,0,0,0,100.0,100.0
202509020104,2025-03-29,12,12,220,220,220,220,220,220,220,0,0,0,0,100.0,100.0
202509020105,2025-03-29,15,15,455,455,455,455,455,455,455,0,0,0,0,100.0,100.0
202509020106,2025-03-29,12,12,220,220,220,220,220,220,220,0,0,0,0,100.0,100.0
202509020107,2025-03-29,16,16,560,560,560,560,560,560,560,0,0,0,0,100.0,100.0
202509020108,2025-03-29,10,10,120,120,120,120,120,120,120,0,0,0,0,100.0,100.0
202509020109,2025-03-29,14,14,364,364,364,364,364,364,364,0,0,0,0,100.0,100.0
202509020110,2025-03-29,8,8,56,56,56,56,56,56,56,0,0,0,0,100.0,100.0
202509020111,2025-03-29,9,10,84,120,120,120,84,120,84,0,0,0,-36,142.85714285714286,100.0
202509020112,2025-03-29,9,9,84,84,84,84,84,84,84,0,0,0,0,100.0,100.0
202506030201,2025-03-30,15,15,455,455,455,455,455,455,455,0,0,0,0,100.0,100.0
202506030202,2025-03-30,16,16,560,560,560,560,560,560,560,0,0,0,0,100.0,100.0
202506030203,2025-03-30,14,14,364,364,364,364,364,364,364,0,0,0,0,100.0,100.0
202506030204,2025-03-30,16,16,560,560,560,560,560,560,560,0,0,0,0,100.0,100.0
202506030205,2025-03-30,18,18,816,816,816,816,816,816,816,0,0,0,0,100.0,100.0
202506030206,2025-03-30,16,16,560,560,560,560,560,560,560,0,0,0,0,100.0,100.0
202506030207,2025-03-30,16,16,560,560,560,560,560,560,560,0,0,0,0,100.0,100.0
202506030208,2025-03-30,16,16,560,560,560,560,560,560,560,0,0,0,0,100.0,100.0
202506030209,2025-03-30,7,7,35,35,35,35,35,35,35,0,0,0,0,100.0,100.0
202506030210,2025-03-30,16,16,560,560,560,560,560,560,560,0,0,0,0,100.0,100.0
202506030211,2025-03-30,15,15,455,455,455,455,455,455,455,0,0,0,0,100.0,100.0
202506030212,2025-03-30,13,13,286,286,286,286,286,286,286,0,0,0,0,100.0,100.0
202507020601,2025-03-30,12,12,220,220,220,220,220,220,220,0,0,0,0,100.0,100.0
202507020602,2025-03-30,15,16,455,560,560,560,455,560,455,0,0,0,-105,123.07692307692308,100.0
202507020603,2025-03-30,13,13,286,286,286,286,286,286,286,0,0,0,0,100.0,100.0
202507020604,2025-03-30,13,13,286,286,286,286,286,286,286,0,0,0,0,100.0,100.0
202507020605,2025-03-30,18,18,816,816,816,816,816,816,816,0,0,0,0,100.0,100.0
202507020606,2025-03-30,11,12,165,220,220,220,165,220,165,0,0,0,-55,133.33333333333334,100.0
202507020607,2025-03-30,9,9,84,84,84,84,84,84,84,0,0,0,0,100.0,100.0
202507020608,2025-03-30,7,7,35,35,35,35,35,35,35,0,0,0,0,100.0,100.0
202507020609,2025-03-30,13,14,286,364,364,364,286,364,286,0,0,0,-78,127.27272727272727,100.0
202507020610,2025-03-30,16,16,560,560,560,560,560,560,560,0,0,0,0,100.0,100.0
202507020611,2025-03-30,18,18,816,816,816,816,816,816,816,0,0,0,0,100.0,100.0
202507020612,2025-03-30,16,16,560,560,560,560,560,560,560,0,0,0,0,100.0,100.0
202509020201,2025-03-30,12,12,220,220,220,220,220,220,220,0,0,0,0,100.0,100.0
202509020202,2025-03-30,16,16,560,560,560,560,560,560,560,0,0,0,0,100.0,100.0
202509020203,2025-03-30,9,9,84,84,84,84,84,84,84,0,0,0,0,100.0,100.0
202509020204,2025-03-30,14,14,364,364,364,364,364,364,364,0,0,0,0,100.0,100.0
202509020205,2025-03-30,17,18,680,816,816,816,680,816,680,0,0,0,-136,120.0,100.0
202509020206,2025-03-30,16,16,560,560,560,560,560,560,560,0,0,0,0,100.0,100.0
202509020207,2025-03-30,17,18,680,816,816,816,680,816,680,0,0,0,-136,120.0,100.0
202509020208,2025-03-30,9,9,84,84,84,84,84,84,84,0,0,0,0,100.0,100.0
202509020209,2025-03-30,11,11,165,165,165,165,165,165,165,0,0,0,0,100.0,100.0
202509020210,2025-03-30,12,12,220,220,220,220,220,220,220,0,0,0,0,100.0,100.0
202509020211,2025-03-30,12,12,220,220,220,220,220,220,220,0,0,0,0,100.0,100.0
202509020212,2025-03-30,14,14,364,364,364,364,364,364,364,0,0,0,0,100.0,100.0
202506030301,2025-04-05,15,15,455,455,455,455,455,455,455,0,0,0,0,100.0,100.0
202506030302,2025-04-05,16,16,560,560,560,560,560,560,560,0,0,0,0,100.0,100.0
202506030303,2025-04-05,12,12,220,220,220,220,220,220,220,0,0,0,0,100.0,100.0
202506030304,2025-04-05,14,14,364,364,364,364,364,364,364,0,0,0,0,100.0,100.0
202506030305,2025-04-05,18,18,816,816,816,816,816,816,816,0,0,0,0,100.0,100.0
202506030306,2025-04-05,16,16,560,560,560,560,560,560,560,0,0,0,0,100.0,100.0
202506030307,2025-04-05,11,11,165,165,165,165,165,165,165,0,0,0,0,100.0,100.0
202506030308,2025-04-05,13,13,286,286,286,286,286,286,286,0,0,0,0,100.0,100.0
202506030309,2025-04-05,7,7,35,35,35,35,35,35,35,0,0,0,0,100.0,100.0
202506030310,2025-04-05,16,16,560,560,560,560,560,560,560,0,0,0,0,100.0,100.0
202506030311,2025-04-05,13,14,286,364,364,364,286,364,286,0,0,0,-78,127.27272727272727,100.0
202506030312,2025-04-05,16,16,560,560,560,560,560,560,560,0,0,0,0,100.0,100.0
202509020301,2025-04-05,16,16,560,560,560,560,560,560,560,0,0,0,0,100.0,100.0
202509020302,2025-04-05,16,16,560,560,560,560,560,560,560,0,0,0,0,100.0,100.0
202509020303,2025-04-05,16,16,560,560,560,560,560,560,560,0,0,0,0,100.0,100.0
202509020304,2025-04-05,17,18,680,816,816,816,680,816,680,0,0,0,-136,120.0,100.0
202509020305,2025-04-05,17,17,680,680,680,680,680,680,680,0,0,0,0,100.0,100.0
202509020306,2025-04-05,7,8,35,56,56,56,35,56,35,0,0,0,-21,160.0,100.0
202509020307,2025-04-05,16,16,560,560,560,560,560,560,560,0,0,0,0,100.0,100.0
202509020308,2025-04-05,8,8,56,56,56,56,56,56,56,0,0,0,0,100.0,100.0
202509020309,2025-04-05,9,9,84,84,84,84,84,84,84,0,0,0,0,100.0,100.0
202509020310,2025-04-05,16,16,560,560,560,560,560,560,560,0,0,0,0,100.0,100.0
202509020311,2025-04-05,11,11,165,165,165,165,165,165,165,0,0,0,0,100.0,100.0
202509020312,2025-04-05,16,16,560,560,560,560,560,560,560,0,0,0,0,100.0,100.0
202506030401,2025-04-06,13,13,286,286,286,286,286,286,286,0,0,0,0,100.0,100.0
202506030402,2025-04-06,16,16,560,560,560,560,560,560,560,0,0,0,0,100.0,100.0
202506030403,2025-04-06,13,13,286,286,286,286,286,286,286,0,0,0,0,100.0,100.0
202506030404,2025-04-06,12,12,220,220,220,220,220,220,220,0,0,0,0,100.0,100.0
202506030405,2025-04-06,16,16,560,560,560,560,560,560,560,0,0,0,0,100.0,100.0
202506030406,2025-04-06,14,14,364,364,364,364,364,364,364,0,0,0,0,100.0,100.0
202506030407,2025-04-06,9,9,84,84,84,84,84,84,84,0,0,0,0,100.0,100.0
202506030408,2025-04-06,13,13,286,286,286,286,286,286,286,0,0,0,0,100.0,100.0
202506030409,2025-04-06,12,12,220,220,220,220,220,220,220,0,0,0,0,100.0,100.0
202506030410,2025-04-06,16,16,560,560,560,560,560,560,560,0,0,0,0,100.0,100.0
202506030411,2025-04-06,16,16,560,560,560,560,560,560,560,0,0,0,0,100.0,100.0
202506030412,2025-04-06,15,15,455,455,455,455,455,455,455,0,0,0,0,100.0,100.0
202509020401,2025-04-06,16,16,560,560,560,560,560,560,560,0,0,0,0,100.0,100.0
202509020402,2025-04-06,15,16,455,560,560,560,455,560,455,0,0,0,-105,123.07692307692308,100.0
202509020403,2025-04-06,16,16,560,560,560,560,560,560,560,0,0,0,0,100.0,100.0
202509020404,2025-04-06,14,14,364,364,364,364,364,364,364,0,0,0,0,100.0,100.0
202509020405,2025-04-06,14,14,364,364,364,364,364,364,364,0,0,0,0,100.0,100.0
202509020406,2025-04-06,11,11,165,165,165,165,165,165,165,0,0,0,0,100.0,100.0
202509020407,2025-04-06,10,10,120,120,120,120,120,120,120,0,0,0,0,100.0,100.0
202509020408,2025-04-06,10,10,120,120,120,120,120,120,120,0,0,0,0,100.0,100.0
202509020409,2025-04-06,15,15,455,455,455,455,455,455,455,0,0,0,0,100.0,100.0
202509020410,2025-04-06,14,14,364,364,364,364,364,364,364,0,0,0,0,100.0,100.0
202509020411,2025-04-06,15,15,455,455,455,455,455,455,455,0,0,0,0,100.0,100.0
202509020412,2025-04-06,11,11,165,165,165,165,165,165,165,0,0,0,0,100.0,100.0
202503010101,2025-04-12,15,15,455,455,455,455,455,455,455,0,0,0,0,100.0,100.0
202503010102,2025-04-12,16,16,560,560,560,560,560,560,560,0,0,0,0,100.0,100.0
202503010103,2025-04-12,16,16,560,560,560,560,560,560,560,0,0,0,0,100.0,100.0
202503010104,2025-04-12,15,15,455,455,455,455,455,455,455,0,0,0,0,100.0,100.0
202503010105,2025-04-12,16,16,560,560,560,560,560,560,560,0,0,0,0,100.0,100.0
202503010106,2025-04-12,16,16,560,560,560,560,560,560,560,0,0,0,0,100.0,100.0
202503010107,2025-04-12,14,15,364,455,455,455,364,455,364,0,0,0,-91,125.0,100.0
202503010108,2025-04-12,16,16,560,560,560,560,560,560,560,0,0,0,0,100.0,100.0
202503010109,2025-04-12,14,15,364,455,455,455,364,455,364,0,0,0,-91,125.0,100.0
202503010110,2025-04-12,16,16,560,560,560,560,560,560,560,0,0,0,0,100.0,100.0
202503010111,2025-04-12,15,15,455,455,455,455,455,455,455,0,0,0,0,100.0,100.0
202503010112,2025-04-12,16,16,560,560,560,560,560,560,560,0,0,0,0,100.0,100.0
202506030501,2025-04-12,14,14,364,364,364,364,364,364,364,0,0,0,0,100.0,100.0
202506030502,2025-04-12,16,16,560,560,560,560,560,560,560,0,0,0,0,100.0,100.0
202506030503,2025-04-12,13,13,286,286,286,286,286,286,286,0,0,0,0,100.0,100.0
202506030504,2025-04-12,14,14,364,364,364,364,364,364,364,0,0,0,0,100.0,100.0
202506030505,2025-04-12,12,12,220,220,220,220,220,220,220,0,0,0,0,100.0,100.0
202506030506,2025-04-12,12,12,220,220,220,220,220,220,220,0,0,0,0,100.0,100.0
202506030507,2025-04-12,16,16,560,560,560,560,560,560,560,0,0,0,0,100.0,100.0
202506030508,2025-04-12,14,14,364,364,364,364,364,364,364,0,0,0,0,100.0,100.0
202506030509,2025-04-12,9,9,84,84,84,84,84,84,84,0,0,0,0,100.0,100.0
202506030510,2025-04-12,14,14,364,364,364,364,364,364,364,0,0,0,0,100.0,100.0
202506030511,2025-04-12,14,14,364,364,364,364,364,364,364,0,0,0,0,100.0,100.0
202506030512,2025-04-12,16,16,560,560,560,560,560,560,560,0,0,0,0,100.0,100.0
202509020501,2025-04-12,16,16,560,560,560,560,560,560,560,0,0,0,0,100.0,100.0
202509020502,2025-04-12,16,16,560,560,560,560,560,560,560,0,0,0,0,100.0,100.0
202509020503,2025-04-12,16,16,560,560,560,560,560,560,560,0,0,0,0,100.0,100.0
202509020504,2025-04-12,18,18,816,816,816,816,816,816,816,0,0,0,0,100.0,100.0
202509020505,2025-04-12,11,11,165,165,165,165,165,165,165,0,0,0,0,100.0,100.0
202509020506,2025-04-12,11,11,165,165,165,165,165,165,165,0,0,0,0,100.0,100.0
202509020507,2025-04-12,9,9,84,84,84,84,84,84,84,0,0,0,0,100.0,100.0
202509020508,2025-04-12,16,16,560,560,560,560,560,560,560,0,0,0,0,100.0,100.0
202509020509,2025-04-12,9,9,84,84,84,84,84,84,84,0,0,0,0,100.0,100.0
202509020510,2025-04-12,16,16,560,560,560,560,560,560,560,0,0,0,0,100.0,100.0
202509020511,2025-04-12,14,14,364,364,364,364,364,364,364,0,0,0,0,100.0,100.0
202509020512,2025-04-12,16,16,560,560,560,560,560,560,560,0,0,0,0,100.0,100.0
202503010201,2025-04-13,15,15,455,455,455,455,455,455,455,0,0,0,0,100.0,100.0
202503010202,2025-04-13,16,16,560,560,560,560,560,560,560,0,0,0,0,100.0,100.0
202503010203,2025-04-13,16,16,560,560,560,560,560,560,560,0,0,0,0,100.0,100.0
202503010204,2025-04-13,15,15,455,455,455,455,455,455,455,0,0,0,0,100.0,100.0
202503010205,2025-04-13,16,16,560,560,560,560,560,560,560,0,0,0,0,100.0,100.0
202503010206,2025-04-13,16,16,560,560,560,560,560,560,560,0,0,0,0,100.0,100.0
202503010207,2025-04-13,16,16,560,560,560,560,560,560,560,0,0,0,0,100.0,100.0
202503010208,2025-04-13,16,16,560,560,560,560,560,560,560,0,0,0,0,100.0,100.0
202503010209,2025-04-13,10,10,120,120,120,120,120,120,120,0,0,0,0,100.0,100.0
202503010210,2025-04-13,16,16,560,560,560,560,560,560,560,0,0,0,0,100.0,100.0
202503010211,2025-04-13,15,15,455,455,455,455,455,455,455,0,0,0,0,100.0,100.0
202503010212,2025-04-13,15,15,455,455,455,455,455,455,455,0,0,0,0,100.0,100.0
202506030601,2025-04-13,15,15,455,455,455,455,455,455,455,0,0,0,0,100.0,100.0
202506030602,2025-04-13,16,16,560,560,560,560,560,560,560,0,0,0,0,100.0,100.0
202506030603,2025-04-13,16,16,560,560,560,560,560,560,560,0,0,0,0,100.0,100.0
202506030604,2025-04-13,13,13,286,286,286,286,286,286,286,0,0,0,0,100.0,100.0
202506030605,2025-04-13,16,16,560,560,560,560,560,560,560,0,0,0,0,100.0,100.0
202506030606,2025-04-13,18,18,816,816,816,816,816,816,816,0,0,0,0,100.0,100.0
202506030607,2025-04-13,10,10,120,120,120,120,120,120,120,0,0,0,0,100.0,100.0
202506030608,2025-04-13,16,16,560,560,560,560,560,560,560,0,0,0,0,100.0,100.0
202506030609,2025-04-13,11,11,165,165,165,165,165,165,165,0,0,0,0,100.0,100.0
202506030610,2025-04-13,10,10,120,120,120,120,120,120,120,0,0,0,0,100.0,100.0
202506030611,2025-04-13,14,14,364,364,364,364,364,364,364,0,0,0,0,100.0,100.0
202506030612,2025-04-13,16,16,560,560,560,560,560,560,560,0,0,0,0,100.0,100.0
202509020601,2025-04-13,16,16,560,560,560,560,560,560,560,0,0,0,0,100.0,100.0
202509020602,2025-04-13,15,15,455,455,455,455,455,455,455,0,0,0,0,100.0,100.0
202509020603,2025-04-13,16,16,560,560,560,560,560,560,560,0,0,0,0,100.0,100.0
202509020604,2025-04-13,14,15,364,455,455,455,364,455,364,0,0,0,-91,125.0,100.0
202509020605,2025-04-13,16,16,560,560,560,560,560,560,560,0,0,0,0,100.0,100.0
202509020606,2025-04-13,10,10,120,120,120,120,120,120,120,0,0,0,0,100.0,100.0
202509020607,2025-04-13,7,7,35,35,35,35,35,35,35,0,0,0,0,100.0,100.0
202509020608,2025-04-13,12,12,220,220,220,220,220,220,220,0,0,0,0,100.0,100.0
202509020609,2025-04-13,8,8,56,56,56,56,56,56,56,0,0,0,0,100.0,100.0
202509020610,2025-04-13,11,11,165,165,165,165,165,165,165,0,0,0,0,100.0,100.0
202509020611,2025-04-13,18,18,816,816,816,816,816,816,816,0,0,0,0,100.0,100.0
202509020612,2025-04-13,16,16,560,560,560,560,560,560,560,0,0,0,0,100.0,100.0
202503010301,2025-04-19,16,16,560,560,560,560,560,560,560,0,0,0,0,100.0,100.0
202503010302,2025-04-19,16,16,560,560,560,560,560,560,560,0,0,0,0,100.0,100.0
202503010303,2025-04-19,16,16,560,560,560,560,560,560,560,0,0,0,0,100.0,100.0
202503010304,2025-04-19,15,15,455,455,455,455,455,455,455,0,0,0,0,100.0,100.0
202503010305,2025-04-19,15,16,455,560,560,560,455,560,455,0,0,0,-105,123.07692307692308,100.0
202503010306,2025-04-19,16,16,560,560,560,560,560,560,560,0,0,0,0,100.0,100.0
202503010307,2025-04-19,15,15,455,455,455,455,455,455,455,0,0,0,0,100.0,100.0
202503010308,2025-04-19,16,16,560,560,560,560,560,560,560,0,0,0,0,100.0,100.0
202503010309,2025-04-19,10,10,120,120,120,120,120,120,120,0,0,0,0,100.0,100.0
202503010310,2025-04-19,16,16,560,560,560,560,560,560,560,0,0,0,0,100.0,100.0
202503010311,2025-04-19,15,15,455,455,455,455,455,455,455,0,0,0,0,100.0,100.0
202503010312,2025-04-19,16,16,560,560,560,560,560,560,560,0,0,0,0,100.0,100.0
202506030701,2025-04-19,14,14,364,364,364,364,364,364,364,0,0,0,0,100.0,100.0
202506030702,2025-04-19,10,10,120,120,120,120,120,120,120,0,0,0,0,100.0,100.0
202506030703,2025-04-19,16,16,560,560,560,560,560,560,560,0,0,0,0,100.0,100.0
202506030704,2025-04-19,13,13,286,286,286,286,286,286,286,0,0,0,0,100.0,100.0
202506030705,2025-04-19,16,16,560,560,560,560,560,560,560,0,0,0,0,100.0,100.0
202506030706,2025-04-19,8,8,56,56,56,56,56,56,56,0,0,0,0,100.0,100.0
202506030707,2025-04-19,15,15,455,455,455,455,455,455,455,0,0,0,0,100.0,100.0
202506030708,2025-04-19,14,14,364,364,364,364,364,364,364,0,0,0,0,100.0,100.0
202506030709,2025-04-19,13,13,286,286,286,286,286,286,286,0,0,0,0,100.0,100.0
202506030710,2025-04-19,16,16,560,560,560,560,560,560,560,0,0,0,0,100.0,100.0
202506030711,2025-04-19,12,12,220,220,220,220,220,220,220,0,0,0,0,100.0,100.0
202506030712,2025-04-19,15,16,455,560,560,560,455,560,455,0,0,0,-105,123.07692307692308,100.0
202509020701,2025-04-19,16,16,560,560,560,560,560,560,560,0,0,0,0,100.0,100.0
202509020702,2025-04-19,16,16,560,560,560,560,560,560,560,0,0,0,0,100.0,100.0
202509020703,2025-04-19,16,16,560,560,560,560,560,560,560,0,0,0,0,100.0,100.0
202509020704,2025-04-19,16,16,560,560,560,560,560,560,560,0,0,0,0,100.0,100.0
202509020705,2025-04-19,7,7,35,35,35,35,35,35,35,0,0,0,0,100.0,100.0
202509020706,2025-04-19,8,8,56,56,56,56,56,56,56,0,0,0,0,100.0,100.0
202509020707,2025-04-19,10,10,120,120,120,120,120,120,120,0,0,0,0,100.0,100.0
202509020708,2025-04-19,14,14,364,364,364,364,364,364,364,0,0,0,0,100.0,100.0
202509020709,2025-04-19,16,16,560,560,560,560,560,560,560,0,0,0,0,100.0,100.0
202509020710,2025-04-19,14,14,364,364,364,364,364,364,364,0,0,0,0,100.0,100.0
202509020711,2025-04-19,12,13,220,286,286,286,220,286,220,0,0,0,-66,130.0,100.0
202509020712,2025-04-19,15,16,455,560,560,560,455,560,455,0,0,0,-105,123.07692307692308,100.0
202503010401,2025-04-20,16,16,560,560,560,560,560,560,560,0,0,0,0,100.0,100.0
202503010402,2025-04-20,15,15,455,455,455,455,455,455,455,0,0,0,0,100.0,100.0
202503010403,2025-04-20,16,16,560,560,560,560,560,560,560,0,0,0,0,100.0,100.0
202503010404,2025-04-20,16,16,560,560,560,560,560,560,560,0,0,0,0,100.0,100.0
202503010405,2025-04-20,16,16,560,560,560,560,560,560,560,0,0,0,0,100.0,100.0
202503010406,2025-04-20,15,15,455,455,455,455,455,455,455,0,0,0,0,100.0,100.0
202503010407,2025-04-20,16,16,560,560,560,560,560,560,560,0,0,0,0,100.0,100.0
202503010408,2025-04-20,15,15,455,455,455,455,455,455,455,0,0,0,0,100.0,100.0
202503010409,2025-04-20,15,15,455,455,455,455,455,455,455,0,0,0,0,100.0,100.0
202503010410,2025-04-20,15,15,455,455,455,455,455,455,455,0,0,0,0,100.0,100.0
202503010411,2025-04-20,16,16,560,560,560,560,560,560,560,0,0,0,0,100.0,100.0
202503010412,2025-04-20,15,15,455,455,455,455,455,455,455,0,0,0,0,100.0,100.0
202506030801,2025-04-20,14,14,364,364,364,364,364,364,364,0,0,0,0,100.0,100.0
202506030802,2025-04-20,16,16,560,560,560,560,560,560,560,0,0,0,0,100.0,100.0
202506030803,2025-04-20,12,12,220,220,220,220,220,220,220,0,0,0,0,100.0,100.0
202506030804,2025-04-20,16,16,560,560,560,560,560,560,560,0,0,0,0,100.0,100.0
202506030805,2025-04-20,11,11,165,165,165,165,165,165,165,0,0,0,0,100.0,100.0
202506030806,2025-04-20,15,15,455,455,455,455,455,455,455,0,0,0,0,100.0,100.0
202506030807,2025-04-20,16,16,560,560,560,560,560,560,560,0,0,0,0,100.0,100.0
202506030808,2025-04-20,16,16,560,560,560,560,560,560,560,0,0,0,0,100.0,100.0
202506030809,2025-04-20,12,12,220,220,220,220,220,220,220,0,0,0,0,100.0,100.0
202506030810,2025-04-20,16,16,560,560,560,560,560,560,560,0,0,0,0,100.0,100.0
202506030811,2025-04-20,18,18,816,816,816,816,816,816,816,0,0,0,0,100.0,100.0
202506030812,2025-04-20,13,13,286,286,286,286,286,286,286,0,0,0,0,100.0,100.0
202509020801,2025-04-20,16,16,560,560,560,560,560,560,560,0,0,0,0,100.0,100.0
202509020802,2025-04-20,16,16,560,560,560,560,560,560,560,0,0,0,0,100.0,100.0
202509020803,2025-04-20,16,16,560,560,560,560,560,560,560,0,0,0,0,100.0,100.0
202509020804,2025-04-20,14,14,364,364,364,364,364,364,364,0,0,0,0,100.0,100.0
202509020805,2025-04-20,18,18,816,816,816,816,816,816,816,0,0,0,0,100.0,100.0
202509020806,2025-04-20,16,16,560,560,560,560,560,560,560,0,0,0,0,100.0,100.0
202509020807,2025-04-20,11,11,165,165,165,165,165,165,165,0,0,0,0,100.0,100.0
202509020808,2025-04-20,13,13,286,286,286,286,286,286,286,0,0,0,0,100.0,100.0
202509020809,2025-04-20,8,8,56,56,56,56,56,56,56,0,0,0,0,100.0,100.0
202509020810,2025-04-20,16,16,560,560,560,560,560,560,560,0,0,0,0,100.0,100.0
202509020811,2025-04-20,11,11,165,165,165,165,165,165,165,0,0,0,0,100.0,100.0
202509020812,2025-04-20,16,16,560,560,560,560,560,560,560,0,0,0,0,100.0,100.0
202503010501,2025-04-26,15,15,455,455,455,455,455,455,455,0,0,0,0,100.0,100.0
202503010502,2025-04-26,16,16,560,560,560,560,560,560,560,0,0,0,0,100.0,100.0
202503010503,2025-04-26,16,16,560,560,560,560,560,560,560,0,0,0,0,100.0,100.0
202503010504,2025-04-26,12,12,220,220,220,220,220,220,220,0,0,0,0,100.0,100.0
202503010505,2025-04-26,16,16,560,560,560,560,560,560,560,0,0,0,0,100.0,100.0
202503010506,2025-04-26,15,15,455,455,455,455,455,455,455,0,0,0,0,100.0,100.0
202503010507,2025-04-26,15,15,455,455,455,455,455,455,455,0,0,0,0,100.0,100.0
202503010508,2025-04-26,16,16,560,560,560,560,560,560,560,0,0,0,0,100.0,100.0
202503010509,2025-04-26,16,16,560,560,560,560,560,560,560,0,0,0,0,100.0,100.0
202503010510,2025-04-26,13,13,286,286,286,286,286,286,286,0,0,0,0,100.0,100.0
202503010511,2025-04-26,15,16,455,560,560,560,455,560,455,0,0,0,-105,123.07692307692308,100.0
202503010512,2025-04-26,13,13,286,286,286,286,286,286,286,0,0,0,0,100.0,100.0
202505020101,2025-04-26,16,16,560,560,560,560,560,560,560,0,0,0,0,100.0,100.0
202505020102,2025-04-26,16,16,560,560,560,560,560,560,560,0,0,0,0,100.0,100.0
202505020103,2025-04-26,16,16,560,560,560,560,560,560,560,0,0,0,0,100.0,100.0
202505020104,2025-04-26,18,18,816,816,816,816,816,816,816,0,0,0,0,100.0,100.0
202505020105,2025-04-26,18,18,816,816,816,816,816,816,816,0,0,0,0,100.0,100.0
202505020106,2025-04-26,16,16,560,560,560,560,560,560,560,0,0,0,0,100.0,100.0
202505020107,2025-04-26,14,14,364,364,364,364,364,364,364,0,0,0,0,100.0,100.0
202505020108,2025-04-26,12,12,220,220,220,220,220,220,220,0,0,0,0,100.0,100.0
202505020109,2025-04-26,9,9,84,84,84,84,84,84,84,0,0,0,0,100.0,100.0
202505020110,2025-04-26,16,16,560,560,560,560,560,560,560,0,0,0,0,100.0,100.0
202505020111,2025-04-26,13,13,286,286,286,286,286,286,286,0,0,0,0,100.0,100.0
202505020112,2025-04-26,16,16,560,560,560,560,560,560,560,0,0,0,0,100.0,100.0
202508020101,2025-04-26,16,16,560,560,560,560,560,560,560,0,0,0,0,100.0,100.0
202508020102,2025-04-26,16,16,560,560,560,560,560,560,560,0,0,0,0,100.0,100.0
202508020103,2025-04-26,18,18,816,816,816,816,816,816,816,0,0,0,0,100.0,100.0
202508020104,2025-04-26,11,11,165,165,165,165,165,165,165,0,0,0,0,100.0,100.0
202508020105,2025-04-26,18,18,816,816,816,816,816,816,816,0,0,0,0,100.0,100.0
202508020106,2025-04-26,14,14,364,364,364,364,364,364,364,0,0,0,0,100.0,100.0
202508020107,2025-04-26,12,12,220,220,220,220,220,220,220,0,0,0,0,100.0,100.0
202508020108,2025-04-26,7,7,35,35,35,35,35,35,35,0,0,0,0,100.0,100.0
202508020109,2025-04-26,12,12,220,220,220,220,220,220,220,0,0,0,0,100.0,100.0
202508020110,2025-04-26,12,12,220,220,220,220,220,220,220,0,0,0,0,100.0,100.0
202508020111,2025-04-26,14,14,364,364,364,364,364,364,364,0,0,0,0,100.0,100.0
202508020112,2025-04-26,9,9,84,84,84,84,84,84,84,0,0,0,0,100.0,100.0
202503010601,2025-04-27,16,16,560,560,560,560,560,560,560,0,0,0,0,100.0,100.0
202503010602,2025-04-27,16,16,560,560,560,560,560,560,560,0,0,0,0,100.0,100.0
202503010603,2025-04-27,15,15,455,455,455,455,455,455,455,0,0,0,0,100.0,100.0
202503010604,2025-04-27,16,16,560,560,560,560,560,560,560,0,0,0,0,100.0,100.0
202503010605,2025-04-27,13,14,286,364,364,364,286,364,286,0,0,0,-78,127.27272727272727,100.0
202503010606,2025-04-27,14,14,364,364,364,364,364,364,364,0,0,0,0,100.0,100.0
202503010607,2025-04-27,14,14,364,364,364,364,364,364,364,0,0,0,0,100.0,100.0
202503010608,2025-04-27,16,16,560,560,560,560,560,560,560,0,0,0,0,100.0,100.0
202503010609,2025-04-27,11,11,165,165,165,165,165,165,165,0,0,0,0,100.0,100.0
202503010610,2025-04-27,15,15,455,455,455,455,455,455,455,0,0,0,0,100.0,100.0
202503010611,2025-04-27,16,16,560,560,560,560,560,560,560,0,0,0,0,100.0,100.0
202503010612,2025-04-27,12,12,220,220,220,220,220,220,220,0,0,0,0,100.0,100.0
202505020201,2025-04-27,16,16,560,560,560,560,560,560,560,0,0,0,0,100.0,100.0
202505020202,2025-04-27,16,16,560,560,560,560,560,560,560,0,0,0,0,100.0,100.0
202505020203,2025-04-27,15,15,455,455,455,455,455,455,455,0,0,0,0,100.0,100.0
202505020204,2025-04-27,11,11,165,165,165,165,165,165,165,0,0,0,0,100.0,100.0
202505020205,2025-04-27,14,14,364,364,364,364,364,364,364,0,0,0,0,100.0,100.0
202505020206,2025-04-27,9,9,84,84,84,84,84,84,84,0,0,0,0,100.0,100.0
202505020207,2025-04-27,14,14,364,364,364,364,364,364,364,0,0,0,0,100.0,100.0
202505020208,2025-04-27,14,14,364,364,364,364,364,364,364,0,0,0,0,100.0,100.0
202505020209,2025-04-27,15,15,455,455,455,455,455,455,455,0,0,0,0,100.0,100.0
202505020210,2025-04-27,12,12,220,220,220,220,220,220,220,0,0,0,0,100.0,100.0
202505020211,2025-04-27,18,18,816,816,816,816,816,816,816,0,0,0,0,100.0,100.0
202505020212,2025-04-27,16,16,560,560,560,560,560,560,560,0,0,0,0,100.0,100.0
202508020201,2025-04-27,15,16,455,560,560,560,455,560,455,0,0,0,-105,123.07692307692308,100.0
202508020202,2025-04-27,15,16,455,560,560,560,455,560,455,0,0,0,-105,123.07692307692308,100.0
202508020203,2025-04-27,18,18,816,816,816,816,816,816,816,0,0,0,0,100.0,100.0
202508020204,2025-04-27,12,12,220,220,220,220,220,220,220,0,0,0,0,100.0,100.0
202508020205,2025-04-27,14,14,364,364,364,364,364,364,364,0,0,0,0,100.0,100.0
202508020206,2025-04-27,10,10,120,120,120,120,120,120,120,0,0,0,0,100.0,100.0
202508020207,2025-04-27,10,10,120,120,120,120,120,120,120,0,0,0,0,100.0,100.0
202508020208,2025-04-27,12,12,220,220,220,220,220,220,220,0,0,0,0,100.0,100.0
202508020209,2025-04-27,8,8,56,56,56,56,56,56,56,0,0,0,0,100.0,100.0
202508020210,2025-04-27,16,16,560,560,560,560,560,560,560,0,0,0,0,100.0,100.0
202508020211,2025-04-27,10,10,120,120,120,120,120,120,120,0,0,0,0,100.0,100.0
202508020212,2025-04-27,12,12,220,220,220,220,220,220,220,0,0,0,0,100.0,100.0
202504010101,2025-05-03,14,14,364,364,364,364,364,364,364,0,0,0,0,100.0,100.0
202504010102,2025-05-03,15,15,455,455,455,455,455,455,455,0,0,0,0,100.0,100.0
202504010103,2025-05-03,15,15,455,455,455,455,455,455,455,0,0,0,0,100.0,100.0
202504010104,2025-05-03,14,14,364,364,364,364,364,364,364,0,0,0,0,100.0,100.0
202504010105,2025-05-03,16,16,560,560,560,560,560,560,560,0,0,0,0,100.0,100.0
202504010106,2025-05-03,16,16,560,560,560,560,560,560,560,0,0,0,0,100.0,100.0
202504010107,2025-05-03,11,11,165,165,165,165,165,165,165,0,0,0,0,100.0,100.0
202504010108,2025-05-03,11,13,165,286,286,286,165,286,165,0,0,0,-121,173.33333333333334,100.0
202504010109,2025-05-03,15,15,455,455,455,455,455,455,455,0,0,0,0,100.0,100.0
202504010110,2025-05-03,10,10,120,120,120,120,120,120,120,0,0,0,0,100.0,100.0
202504010111,2025-05-03,15,15,455,455,455,455,455,455,455,0,0,0,0,100.0,100.0
202504010112,2025-05-03,16,16,560,560,560,560,560,560,560,0,0,0,0,100.0,100.0
202505020301,2025-05-03,16,16,560,560,560,560,560,560,560,0,0,0,0,100.0,100.0
202505020302,2025-05-03,16,16,560,560,560,560,560,560,560,0,0,0,0,100.0,100.0
202505020303,2025-05-03,14,14,364,364,364,364,364,364,364,0,0,0,0,100.0,100.0
202505020304,2025-05-03,12,12,220,220,220,220,220,220,220,0,0,0,0,100.0,100.0
202505020305,2025-05-03,9,9,84,84,84,84,84,84,84,0,0,0,0,100.0,100.0
202505020306,2025-05-03,6,6,20,20,20,20,20,20,20,0,0,0,0,100.0,100.0
202505020307,2025-05-03,16,16,560,560,560,560,560,560,560,0,0,0,0,100.0,100.0
202505020308,2025-05-03,7,7,35,35,35,35,35,35,35,0,0,0,0,100.0,100.0
202505020309,2025-05-03,16,16,560,560,560,560,560,560,560,0,0,0,0,100.0,100.0
202505020310,2025-05-03,13,13,286,286,286,286,286,286,286,0,0,0,0,100.0,100.0
202505020311,2025-05-03,12,12,220,220,220,220,220,220,220,0,0,0,0,100.0,100.0
202505020312,2025-05-03,14,14,364,364,364,364,364,364,364,0,0,0,0,100.0,100.0
202508020301,2025-05-03,15,16,455,560,560,560,455,560,455,0,0,0,-105,123.07692307692308,100.0
202508020302,2025-05-03,16,16,560,560,560,560,560,560,560,0,0,0,0,100.0,100.0
202508020303,2025-05-03,18,18,816,816,816,816,816,816,816,0,0,0,0,100.0,100.0
202508020304,2025-05-03,16,16,560,560,560,560,560,560,560,0,0,0,0,100.0,100.0
202508020305,2025-05-03,12,12,220,220,220,220,220,220,220,0,0,0,0,100.0,100.0
202508020306,2025-05-03,9,9,84,84,84,84,84,84,84,0,0,0,0,100.0,100.0
202508020307,2025-05-03,8,8,56,56,56,56,56,56,56,0,0,0,0,100.0,100.0
202508020308,2025-05-03,14,14,364,364,364,364,364,364,364,0,0,0,0,100.0,100.0
202508020309,2025-05-03,6,6,20,20,20,20,20,20,20,0,0,0,0,100.0,100.0
202508020310,2025-05-03,8,8,56,56,56,56,56,56,56,0,0,0,0,100.0,100.0
202508020311,2025-05-03,13,13,286,286,286,286,286,286,286,0,0,0,0,100.0,100.0
202508020312,2025-05-03,16,16,560,560,560,560,560,560,560,0,0,0,0,100.0,100.0
202504010201,2025-05-04,16,16,560,560,560,560,560,560,560,0,0,0,0,100.0,100.0
202504010202,2025-05-04,15,15,455,455,455,455,455,455,455,0,0,0,0,100.0,100.0
202504010203,2025-05-04,15,15,455,455,455,455,455,455,455,0,0,0,0,100.0,100.0
202504010204,2025-05-04,14,14,364,364,364,364,364,364,364,0,0,0,0,100.0,100.0
202504010205,2025-05-04,16,16,560,560,560,560,560,560,560,0,0,0,0,100.0,100.0
202504010206,2025-05-04,12,12,220,220,220,220,220,220,220,0,0,0,0,100.0,100.0
202504010207,2025-05-04,14,14,364,364,364,364,364,364,364,0,0,0,0,100.0,100.0
202504010208,2025-05-04,9,9,84,84,84,84,84,84,84,0,0,0,0,100.0,100.0
202504010209,2025-05-04,14,15,364,455,455,455,364,455,364,0,0,0,-91,125.0,100.0
202504010210,2025-05-04,16,16,560,560,560,560,560,560,560,0,0,0,0,100.0,100.0
202504010211,2025-05-04,15,15,455,455,455,455,455,455,455,0,0,0,0,100.0,100.0
202504010212,2025-05-04,13,13,286,286,286,286,286,286,286,0,0,0,0,100.0,100.0
202505020401,2025-05-04,15,15,455,455,455,455,455,455,455,0,0,0,0,100.0,100.0
202505020402,2025-05-04,16,16,560,560,560,560,560,560,560,0,0,0,0,100.0,100.0
202505020403,2025-05-04,16,16,560,560,560,560,560,560,560,0,0,0,0,100.0,100.0
202505020404,2025-05-04,15,15,455,455,455,455,455,455,455,0,0,0,0,100.0,100.0
202505020405,2025-05-04,16,16,560,560,560,560,560,560,560,0,0,0,0,100.0,100.0
202505020406,2025-05-04,16,16,560,560,560,560,560,560,560,0,0,0,0,100.0,100.0
202505020407,2025-05-04,10,10,120,120,120,120,120,120,120,0,0,0,0,100.0,100.0
202505020408,2025-05-04,9,9,84,84,84,84,84,84,84,0,0,0,0,100.0,100.0
202505020409,2025-05-04,13,13,286,286,286,286,286,286,286,0,0,0,0,100.0,100.0
202505020410,2025-05-04,16,16,560,560,560,560,560,560,560,0,0,0,0,100.0,100.0
202505020411,2025-05-04,14,14,364,364,364,364,364,364,364,0,0,0,0,100.0,100.0
202505020412,2025-05-04,16,16,560,560,560,560,560,560,560,0,0,0,0,100.0,100.0
202508020401,2025-05-04,16,16,560,560,560,560,560,560,560,0,0,0,0,100.0,100.0
202508020402,2025-05-04,14,14,364,364,364,364,364,364,364,0,0,0,0,100.0,100.0
202508020403,2025-05-04,18,18,816,816,816,816,816,816,816,0,0,0,0,100.0,100.0
202508020404,2025-05-04,13,13,286,286,286,286,286,286,286,0,0,0,0,100.0,100.0
202508020405,2025-05-04,15,15,455,455,455,455,455,455,455,0,0,0,0,100.0,100.0
202508020406,2025-05-04,7,7,35,35,35,35,35,35,35,0,0,0,0,100.0,100.0
202508020407,2025-05-04,9,9,84,84,84,84,84,84,84,0,0,0,0,100.0,100.0
202508020408,2025-05-04,7,7,35,35,35,35,35,35,35,0,0,0,0,100.0,100.0
202508020409,2025-05-04,10,10,120,120,120,120,120,120,120,0,0,0,0,100.0,100.0
202508020410,2025-05-04,13,13,286,286,286,286,286,286,286,0,0,0,0,100.0,100.0
202508020411,2025-05-04,15,15,455,455,455,455,455,455,455,0,0,0,0,100.0,100.0
202508020412,2025-05-04,16,16,560,560,560,560,560,560,560,0,0,0,0,100.0,100.0
202504010301,2025-05-10,14,14,364,364,364,364,364,364,364,0,0,0,0,100.0,100.0
202504010302,2025-05-10,15,15,455,455,455,455,455,455,455,0,0,0,0,100.0,100.0
202504010303,2025-05-10,15,15,455,455,455,455,455,455,455,0,0,0,0,100.0,100.0
202504010304,2025-05-10,11,12,165,220,220,220,165,220,165,0,0,0,-55,133.33333333333334,100.0
202504010305,2025-05-10,15,15,455,455,455,455,455,455,455,0,0,0,0,100.0,100.0
202504010306,2025-05-10,16,16,560,560,560,560,560,560,560,0,0,0,0,100.0,100.0
202504010307,2025-05-10,11,11,165,165,165,165,165,165,165,0,0,0,0,100.0,100.0
202504010308,2025-05-10,13,13,286,286,286,286,286,286,286,0,0,0,0,100.0,100.0
202504010309,2025-05-10,8,8,56,56,56,56,56,56,56,0,0,0,0,100.0,100.0
202504010310,2025-05-10,15,15,455,455,455,455,455,455,455,0,0,0,0,100.0,100.0
202504010311,2025-05-10,16,16,560,560,560,560,560,560,560,0,0,0,0,100.0,100.0
202504010312,2025-05-10,14,14,364,364,364,364,364,364,364,0,0,0,0,100.0,100.0
202505020501,2025-05-10,16,16,560,560,560,560,560,560,560,0,0,0,0,100.0,100.0
202505020502,2025-05-10,14,14,364,364,364,364,364,364,364,0,0,0,0,100.0,100.0
202505020503,2025-05-10,15,15,455,455,455,455,455,455,455,0,0,0,0,100.0,100.0
202505020504,2025-05-10,8,8,56,56,56,56,56,56,56,0,0,0,0,100.0,100.0
202505020505,2025-05-10,16,16,560,560,560,560,560,560,560,0,0,0,0,100.0,100.0
202505020506,2025-05-10,9,9,84,84,84,84,84,84,84,0,0,0,0,100.0,100.0
202505020507,2025-05-10,16,16,560,560,560,560,560,560,560,0,0,0,0,100.0,100.0
202505020508,2025-05-10,12,12,220,220,220,220,220,220,220,0,0,0,0,100.0,100.0
202505020509,2025-05-10,15,15,455,455,455,455,455,455,455,0,0,0,0,100.0,100.0
202505020510,2025-05-10,11,11,165,165,165,165,165,165,165,0,0,0,0,100.0,100.0
202505020511,2025-05-10,18,18,816,816,816,816,816,816,816,0,0,0,0,100.0,100.0
202505020512,2025-05-10,16,16,560,560,560,560,560,560,560,0,0,0,0,100.0,100.0
202508020501,2025-05-10,16,16,560,560,560,560,560,560,560,0,0,0,0,100.0,100.0
202508020502,2025-05-10,16,16,560,560,560,560,560,560,560,0,0,0,0,100.0,100.0
202508020503,2025-05-10,18,18,816,816,816,816,816,816,816,0,0,0,0,100.0,100.0
202508020504,2025-05-10,12,12,220,220,220,220,220,220,220,0,0,0,0,100.0,100.0
202508020505,2025-05-10,15,15,455,455,455,455,455,455,455,0,0,0,0,100.0,100.0
202508020506,2025-05-10,16,16,560,560,560,560,560,560,560,0,0,0,0,100.0,100.0
202508020507,2025-05-10,11,11,165,165,165,165,165,165,165,0,0,0,0,100.0,100.0
202508020508,2025-05-10,8,8,56,56,56,56,56,56,56,0,0,0,0,100.0,100.0
202508020509,2025-05-10,8,8,56,56,56,56,56,56,56,0,0,0,0,100.0,100.0
202508020510,2025-05-10,8,8,56,56,56,56,56,56,56,0,0,0,0,100.0,100.0
202508020511,2025-05-10,10,10,120,120,120,120,120,120,120,0,0,0,0,100.0,100.0
202508020512,2025-05-10,10,10,120,120,120,120,120,120,120,0,0,0,0,100.0,100.0
202504010401,2025-05-11,15,15,455,455,455,455,455,455,455,0,0,0,0,100.0,100.0
202504010402,2025-05-11,15,15,455,455,455,455,455,455,455,0,0,0,0,100.0,100.0
202504010403,2025-05-11,14,14,364,364,364,364,364,364,364,0,0,0,0,100.0,100.0
202504010404,2025-05-11,14,14,364,364,364,364,364,364,364,0,0,0,0,100.0,100.0
202504010405,2025-05-11,16,16,560,560,560,560,560,560,560,0,0,0,0,100.0,100.0
202504010406,2025-05-11,16,16,560,560,560,560,560,560,560,0,0,0,0,100.0,100.0
202504010407,2025-05-11,15,15,455,455,455,455,455,455,455,0,0,0,0,100.0,100.0
202504010408,2025-05-11,13,13,286,286,286,286,286,286,286,0,0,0,0,100.0,100.0
202504010409,2025-05-11,13,14,286,364,364,364,286,364,286,0,0,0,-78,127.27272727272727,100.0
202504010410,2025-05-11,15,15,455,455,455,455,455,455,455,0,0,0,0,100.0,100.0
202504010411,2025-05-11,14,14,364,364,364,364,364,364,364,0,0,0,0,100.0,100.0
202504010412,2025-05-11,16,16,560,560,560,560,560,560,560,0,0,0,0,100.0,100.0
202505020601,2025-05-11,14,14,364,364,364,364,364,364,364,0,0,0,0,100.0,100.0
202505020602,2025-05-11,16,16,560,560,560,560,560,560,560,0,0,0,0,100.0,100.0
202505020603,2025-05-11,12,12,220,220,220,220,220,220,220,0,0,0,0,100.0,100.0
202505020604,2025-05-11,16,16,560,560,560,560,560,560,560,0,0,0,0,100.0,100.0
202505020605,2025-05-11,15,16,455,560,560,560,455,560,455,0,0,0,-105,123.07692307692308,100.0
202505020606,2025-05-11,12,12,220,220,220,220,220,220,220,0,0,0,0,100.0,100.0
202505020607,2025-05-11,5,5,10,10,10,10,10,10,10,0,0,0,0,100.0,100.0
202505020608,2025-05-11,11,12,165,220,220,220,165,220,165,0,0,0,-55,133.33333333333334,100.0
202505020609,2025-05-11,16,16,560,560,560,560,560,560,560,0,0,0,0,100.0,100.0
202505020610,2025-05-11,10,10,120,120,120,120,120,120,120,0,0,0,0,100.0,100.0
202505020611,2025-05-11,18,18,816,816,816,816,816,816,816,0,0,0,0,100.0,100.0
202505020612,2025-05-11,16,16,560,560,560,560,560,560,560,0,0,0,0,100.0,100.0
202508020601,2025-05-11,16,16,560,560,560,560,560,560,560,0,0,0,0,100.0,100.0
202508020602,2025-05-11,16,16,560,560,560,560,560,560,560,0,0,0,0,100.0,100.0
202508020603,2025-05-11,18,18,816,816,816,816,816,816,816,0,0,0,0,100.0,100.0
202508020604,2025-05-11,16,16,560,560,560,560,560,560,560,0,0,0,0,100.0,100.0
202508020605,2025-05-11,12,12,220,220,220,220,220,220,220,0,0,0,0,100.0,100.0
202508020606,2025-05-11,11,11,165,165,165,165,165,165,165,0,0,0,0,100.0,100.0
202508020607,2025-05-11,8,8,56,56,56,56,56,56,56,0,0,0,0,100.0,100.0
202508020608,2025-05-11,14,14,364,364,364,364,364,364,364,0,0,0,0,100.0,100.0
202508020609,2025-05-11,14,14,364,364,364,364,364,364,364,0,0,0,0,100.0,100.0
202508020610,2025-05-11,11,11,165,165,165,165,165,165,165,0,0,0,0,100.0,100.0
202508020611,2025-05-11,16,16,560,560,560,560,560,560,560,0,0,0,0,100.0,100.0
202508020612,2025-05-11,16,16,560,560,560,560,560,560,560,0,0,0,0,100.0,100.0
202504010501,2025-05-17,15,15,455,455,455,455,455,455,455,0,0,0,0,100.0,100.0
202504010502,2025-05-17,15,15,455,455,455,455,455,455,455,0,0,0,0,100.0,100.0
202504010503,2025-05-17,16,16,560,560,560,560,560,560,560,0,0,0,0,100.0,100.0
202504010504,2025-05-17,12,12,220,220,220,220,220,220,220,0,0,0,0,100.0,100.0
202504010505,2025-05-17,16,16,560,560,560,560,560,560,560,0,0,0,0,100.0,100.0
202504010506,2025-05-17,16,16,560,560,560,560,560,560,560,0,0,0,0,100.0,100.0
202504010507,2025-05-17,10,10,120,120,120,120,120,120,120,0,0,0,0,100.0,100.0
202504010508,2025-05-17,16,16,560,560,560,560,560,560,560,0,0,0,0,100.0,100.0
202504010509,2025-05-17,9,9,84,84,84,84,84,84,84,0,0,0,0,100.0,100.0
202504010510,2025-05-17,10,11,120,165,165,165,120,165,120,0,0,0,-45,137.5,100.0
202504010511,2025-05-17,16,16,560,560,560,560,560,560,560,0,0,0,0,100.0,100.0
202504010512,2025-05-17,15,15,455,455,455,455,455,455,455,0,0,0,0,100.0,100.0
202505020701,2025-05-17,16,16,560,560,560,560,560,560,560,0,0,0,0,100.0,100.0
202505020702,2025-05-17,16,16,560,560,560,560,560,560,560,0,0,0,0,100.0,100.0
202505020703,2025-05-17,16,16,560,560,560,560,560,560,560,0,0,0,0,100.0,100.0
202505020704,2025-05-17,15,15,455,455,455,455,455,455,455,0,0,0,0,100.0,100.0
202505020705,2025-05-17,18,18,816,816,816,816,816,816,816,0,0,0,0,100.0,100.0
202505020706,2025-05-17,8,8,56,56,56,56,56,56,56,0,0,0,0,100.0,100.0
202505020707,2025-05-17,14,14,364,364,364,364,364,364,364,0,0,0,0,100.0,100.0
202505020708,2025-05-17,13,13,286,286,286,286,286,286,286,0,0,0,0,100.0,100.0
202505020709,2025-05-17,9,9,84,84,84,84,84,84,84,0,0,0,0,100.0,100.0
202505020710,2025-05-17,12,12,220,220,220,220,220,220,220,0,0,0,0,100.0,100.0
202505020711,2025-05-17,12,12,220,220,220,220,220,220,220,0,0,0,0,100.0,100.0
202505020712,2025-05-17,14,14,364,364,364,364,364,364,364,0,0,0,0,100.0,100.0
202508020701,2025-05-17,10,11,120,165,165,165,120,165,120,0,0,0,-45,137.5,100.0
202508020702,2025-05-17,10,10,120,120,120,120,120,120,120,0,0,0,0,100.0,100.0
202508020703,2025-05-17,17,17,680,680,680,680,680,680,680,0,0,0,0,100.0,100.0
202508020704,2025-05-17,16,16,560,560,560,560,560,560,560,0,0,0,0,100.0,100.0
202508020705,2025-05-17,15,15,455,455,455,455,455,455,455,0,0,0,0,100.0,100.0
202508020706,2025-05-17,14,14,364,364,364,364,364,364,364,0,0,0,0,100.0,100.0
202508020707,2025-05-17,13,13,286,286,286,286,286,286,286,0,0,0,0,100.0,100.0
202508020708,2025-05-17,10,10,120,120,120,120,120,120,120,0,0,0,0,100.0,100.0
202508020709,2025-05-17,10,10,120,120,120,120,120,120,120,0,0,0,0,100.0,100.0
202508020710,2025-05-17,16,16,560,560,560,560,560,560,560,0,0,0,0,100.0,100.0
202508020711,2025-05-17,11,11,165,165,165,165,165,165,165,0,0,0,0,100.0,100.0
202508020712,2025-05-17,10,10,120,120,120,120,120,120,120,0,0,0,0,100.0,100.0
202504010601,2025-05-18,16,16,560,560,560,560,560,560,560,0,0,0,0,100.0,100.0
202504010602,2025-05-18,15,15,455,455,455,455,455,455,455,0,0,0,0,100.0,100.0
202504010603,2025-05-18,13,13,286,286,286,286,286,286,286,0,0,0,0,100.0,100.0
202504010604,2025-05-18,13,13,286,286,286,286,286,286,286,0,0,0,0,100.0,100.0
202504010605,2025-05-18,11,12,165,220,220,220,165,220,165,0,0,0,-55,133.33333333333334,100.0
202504010606,2025-05-18,14,14,364,364,364,364,364,364,364,0,0,0,0,100.0,100.0
202504010607,2025-05-18,13,13,286,286,286,286,286,286,286,0,0,0,0,100.0,100.0
202504010608,2025-05-18,14,14,364,364,364,364,364,364,364,0,0,0,0,100.0,100.0
202504010609,2025-05-18,16,16,560,560,560,560,560,560,560,0,0,0,0,100.0,100.0
202504010610,2025-05-18,10,10,120,120,120,120,120,120,120,0,0,0,0,100.0,100.0
202504010611,2025-05-18,16,16,560,560,560,560,560,560,560,0,0,0,0,100.0,100.0
202504010612,2025-05-18,15,15,455,455,455,455,455,455,455,0,0,0,0,100.0,100.0
202505020801,2025-05-18,16,16,560,560,560,560,560,560,560,0,0,0,0,100.0,100.0
202505020802,2025-05-18,16,16,560,560,560,560,560,560,560,0,0,0,0,100.0,100.0
202505020803,2025-05-18,14,14,364,364,364,364,364,364,364,0,0,0,0,100.0,100.0
202505020804,2025-05-18,14,14,364,364,364,364,364,364,364,0,0,0,0,100.0,100.0
202505020805,2025-05-18,13,13,286,286,286,286,286,286,286,0,0,0,0,100.0,100.0
202505020806,2025-05-18,16,16,560,560,560,560,560,560,560,0,0,0,0,100.0,100.0
202505020807,2025-05-18,10,10,120,120,120,120,120,120,120,0,0,0,0,100.0,100.0
202505020808,2025-05-18,9,9,84,84,84,84,84,84,84,0,0,0,0,100.0,100.0
202505020809,2025-05-18,9,9,84,84,84,84,84,84,84,0,0,0,0,100.0,100.0
202505020810,2025-05-18,16,16,560,560,560,560,560,560,560,0,0,0,0,100.0,100.0
202505020811,2025-05-18,17,18,680,816,816,816,680,816,680,0,0,0,-136,120.0,100.0
202505020812,2025-05-18,16,16,560,560,560,560,560,560,560,0,0,0,0,100.0,100.0
202508020801,2025-05-18,16,16,560,560,560,560,560,560,560,0,0,0,0,100.0,100.0
202508020802,2025-05-18,12,13,220,286,286,286,220,286,220,0,0,0,-66,130.0,100.0
202508020803,2025-05-18,16,16,560,560,560,560,560,560,560,0,0,0,0,100.0,100.0
202508020804,2025-05-18,12,12,220,220,220,220,220,220,220,0,0,0,0,100.0,100.0
202508020805,2025-05-18,13,13,286,286,286,286,286,286,286,0,0,0,0,100.0,100.0
202508020806,2025-05-18,16,16,560,560,560,560,560,560,560,0,0,0,0,100.0,100.0
202508020807,2025-05-18,10,10,120,120,120,120,120,120,120,0,0,0,0,100.0,100.0
202508020808,2025-05-18,10,10,120,120,120,120,120,120,120,0,0,0,0,100.0,100.0
202508020809,2025-05-18,9,9,84,84,84,84,84,84,84,0,0,0,0,100.0,100.0
202508020810,2025-05-18,12,12,220,220,220,220,220,220,220,0,0,0,0,100.0,100.0
202508020811,2025-05-18,16,16,560,560,560,560,560,560,560,0,0,0,0,100.0,100.0
202508020812,2025-05-18,16,16,560,560,560,560,560,560,560,0,0,0,0,100.0,100.0
202504010701,2025-05-24,14,14,364,364,364,364,364,364,364,0,0,0,0,100.0,100.0
202504010702,2025-05-24,15,15,455,455,455,455,455,455,455,0,0,0,0,100.0,100.0
202504010703,2025-05-24,15,15,455,455,455,455,455,455,455,0,0,0,0,100.0,100.0
202504010704,2025-05-24,13,13,286,286,286,286,286,286,286,0,0,0,0,100.0,100.0
202504010705,2025-05-24,16,16,560,560,560,560,560,560,560,0,0,0,0,100.0,100.0
202504010706,2025-05-24,15,15,455,455,455,455,455,455,455,0,0,0,0,100.0,100.0
202504010707,2025-05-24,16,16,560,560,560,560,560,560,560,0,0,0,0,100.0,100.0
202504010708,2025-05-24,15,15,455,455,455,455,455,455,455,0,0,0,0,100.0,100.0
202504010709,2025-05-24,15,15,455,455,455,455,455,455,455,0,0,0,0,100.0,100.0
202504010710,2025-05-24,16,16,560,560,560,560,560,560,560,0,0,0,0,100.0,100.0
202504010711,2025-05-24,16,16,560,560,560,560,560,560,560,0,0,0,0,100.0,100.0
202504010712,2025-05-24,14,15,364,455,455,455,364,455,364,0,0,0,-91,125.0,100.0
202505020901,2025-05-24,16,16,560,560,560,560,560,560,560,0,0,0,0,100.0,100.0
202505020902,2025-05-24,16,16,560,560,560,560,560,560,560,0,0,0,0,100.0,100.0
202505020903,2025-05-24,16,16,560,560,560,560,560,560,560,0,0,0,0,100.0,100.0
202505020904,2025-05-24,18,18,816,816,816,816,816,816,816,0,0,0,0,100.0,100.0
202505020905,2025-05-24,17,17,680,680,680,680,680,680,680,0,0,0,0,100.0,100.0
202505020906,2025-05-24,13,14,286,364,364,364,286,364,286,0,0,0,-78,127.27272727272727,100.0
202505020907,2025-05-24,13,13,286,286,286,286,286,286,286,0,0,0,0,100.0,100.0
202505020908,2025-05-24,16,16,560,560,560,560,560,560,560,0,0,0,0,100.0,100.0
202505020909,2025-05-24,9,9,84,84,84,84,84,84,84,0,0,0,0,100.0,100.0
202505020910,2025-05-24,12,12,220,220,220,220,220,220,220,0,0,0,0,100.0,100.0
202505020911,2025-05-24,16,16,560,560,560,560,560,560,560,0,0,0,0,100.0,100.0
202505020912,2025-05-24,14,14,364,364,364,364,364,364,364,0,0,0,0,100.0,100.0
202508020901,2025-05-24,16,16,560,560,560,560,560,560,560,0,0,0,0,100.0,100.0
202508020902,2025-05-24,16,16,560,560,560,560,560,560,560,0,0,0,0,100.0,100.0
202508020903,2025-05-24,17,18,680,816,816,816,680,816,680,0,0,0,-136,120.0,100.0
202508020904,2025-05-24,18,18,816,816,816,816,816,816,816,0,0,0,0,100.0,100.0
202508020905,2025-05-24,16,16,560,560,560,560,560,560,560,0,0,0,0,100.0,100.0
202508020906,2025-05-24,9,9,84,84,84,84,84,84,84,0,0,0,0,100.0,100.0
202508020907,2025-05-24,12,12,220,220,220,220,220,220,220,0,0,0,0,100.0,100.0
202508020908,2025-05-24,16,16,560,560,560,560,560,560,560,0,0,0,0,100.0,100.0
202508020909,2025-05-24,13,13,286,286,286,286,286,286,286,0,0,0,0,100.0,100.0
202508020910,2025-05-24,8,8,56,56,56,56,56,56,56,0,0,0,0,100.0,100.0
202508020911,2025-05-24,16,16,560,560,560,560,560,560,560,0,0,0,0,100.0,100.0
202508020912,2025-05-24,13,13,286,286,286,286,286,286,286,0,0,0,0,100.0,100.0
202504010801,2025-05-25,16,16,560,560,560,560,560,560,560,0,0,0,0,100.0,100.0
202504010802,2025-05-25,15,15,455,455,455,455,455,455,455,0,0,0,0,100.0,100.0
202504010803,2025-05-25,15,15,455,455,455,455,455,455,455,0,0,0,0,100.0,100.0
202504010804,2025-05-25,14,14,364,364,364,364,364,364,364,0,0,0,0,100.0,100.0
202504010805,2025-05-25,16,16,560,560,560,560,560,560,560,0,0,0,0,100.0,100.0
202504010806,2025-05-25,16,16,560,560,560,560,560,560,560,0,0,0,0,100.0,100.0
202504010807,2025-05-25,15,15,455,455,455,455,455,455,455,0,0,0,0,100.0,100.0
202504010808,2025-05-25,16,16,560,560,560,560,560,560,560,0,0,0,0,100.0,100.0
202504010809,2025-05-25,15,16,455,560,560,560,455,560,455,0,0,0,-105,123.07692307692308,100.0
202504010810,2025-05-25,15,15,455,455,455,455,455,455,455,0,0,0,0,100.0,100.0
202504010811,2025-05-25,16,16,560,560,560,560,560,560,560,0,0,0,0,100.0,100.0
202504010812,2025-05-25,15,15,455,455,455,455,455,455,455,0,0,0,0,100.0,100.0
202505021001,2025-05-25,16,16,560,560,560,560,560,560,560,0,0,0,0,100.0,100.0
202505021002,2025-05-25,16,16,560,560,560,560,560,560,560,0,0,0,0,100.0,100.0
202505021003,2025-05-25,16,16,560,560,560,560,560,560,560,0,0,0,0,100.0,100.0
202505021004,2025-05-25,18,18,816,816,816,816,816,816,816,0,0,0,0,100.0,100.0
202505021005,2025-05-25,17,17,680,680,680,680,680,680,680,0,0,0,0,100.0,100.0
202505021006,2025-05-25,9,9,84,84,84,84,84,84,84,0,0,0,0,100.0,100.0
202505021007,2025-05-25,8,8,56,56,56,56,56,56,56,0,0,0,0,100.0,100.0
202505021008,2025-05-25,16,16,560,560,560,560,560,560,560,0,0,0,0,100.0,100.0
202505021009,2025-05-25,9,9,84,84,84,84,84,84,84,0,0,0,0,100.0,100.0
202505021010,2025-05-25,9,9,84,84,84,84,84,84,84,0,0,0,0,100.0,100.0
202505021011,2025-05-25,18,18,816,816,816,816,816,816,816,0,0,0,0,100.0,100.0
202505021012,2025-05-25,16,16,560,560,560,560,560,560,560,0,0,0,0,100.0,100.0
202508021001,2025-05-25,16,16,560,560,560,560,560,560,560,0,0,0,0,100.0,100.0
202508021002,2025-05-25,16,16,560,560,560,560,560,560,560,0,0,0,0,100.0,100.0
202508021003,2025-05-25,14,14,364,364,364,364,364,364,364,0,0,0,0,100.0,100.0
202508021004,2025-05-25,18,18,816,816,816,816,816,816,816,0,0,0,0,100.0,100.0
202508021005,2025-05-25,14,14,364,364,364,364,364,364,364,0,0,0,0,100.0,100.0
202508021006,2025-05-25,13,13,286,286,286,286,286,286,286,0,0,0,0,100.0,100.0
202508021007,2025-05-25,16,16,560,560,560,560,560,560,560,0,0,0,0,100.0,100.0
202508021008,2025-05-25,7,7,35,35,35,35,35,35,35,0,0,0,0,100.0,100.0
202508021009,2025-05-25,18,18,816,816,816,816,816,816,816,0,0,0,0,100.0,100.0
202508021010,2025-05-25,16,16,560,560,560,560,560,560,560,0,0,0,0,100.0,100.0
202508021011,2025-05-25,17,17,680,680,680,680,680,680,680,0,0,0,0,100.0,100.0
202508021012,2025-05-25,9,9,84,84,84,84,84,84,84,0,0,0,0,100.0,100.0
202505021101,2025-05-31,16,16,560,560,560,560,560,560,560,0,0,0,0,100.0,100.0
202505021102,2025-05-31,16,16,560,560,560,560,560,560,560,0,0,0,0,100.0,100.0
202505021103,2025-05-31,18,18,816,816,816,816,816,816,816,0,0,0,0,100.0,100.0
202505021104,2025-05-31,14,14,364,364,364,364,364,364,364,0,0,0,0,100.0,100.0
202505021105,2025-05-31,16,16,560,560,560,560,560,560,560,0,0,0,0,100.0,100.0
202505021106,2025-05-31,10,10,120,120,120,120,120,120,120,0,0,0,0,100.0,100.0
202505021107,2025-05-31,11,11,165,165,165,165,165,165,165,0,0,0,0,100.0,100.0
202505021108,2025-05-31,16,16,560,560,560,560,560,560,560,0,0,0,0,100.0,100.0
202505021109,2025-05-31,16,16,560,560,560,560,0,560,0,0,0,0,-560,100.0,0.0
202505021110,2025-05-31,16,16,560,560,560,560,560,560,560,0,0,0,0,100.0,100.0
202505021111,2025-05-31,16,16,560,560,560,560,560,560,560,0,0,0,0,100.0,100.0
202505021112,2025-05-31,15,15,455,455,455,455,455,455,455,0,0,0,0,100.0,100.0
202508021101,2025-05-31,16,16,560,560,560,560,560,560,560,0,0,0,0,100.0,100.0
202508021102,2025-05-31,16,16,560,560,560,560,560,560,560,0,0,0,0,100.0,100.0
202508021103,2025-05-31,15,15,455,455,455,455,455,455,455,0,0,0,0,100.0,100.0
202508021104,2025-05-31,17,18,680,816,816,816,680,816,680,0,0,0,-136,120.0,100.0
202508021105,2025-05-31,18,18,816,816,816,816,816,816,816,0,0,0,0,100.0,100.0
202508021106,2025-05-31,16,16,560,560,560,560,560,560,560,0,0,0,0,100.0,100.0
202508021107,2025-05-31,6,6,20,20,20,20,20,20,20,0,0,0,0,100.0,100.0
202508021108,2025-05-31,18,18,816,816,816,816,816,816,816,0,0,0,0,100.0,100.0
202508021109,2025-05-31,9,9,84,84,84,84,84,84,84,0,0,0,0,100.0,100.0
202508021110,2025-05-31,16,16,560,560,560,560,560,560,560,0,0,0,0,100.0,100.0
202508021111,2025-05-31,16,16,560,560,560,560,560,560,560,0,0,0,0,100.0,100.0
202508021112,2025-05-31,13,13,286,286,286,286,286,286,286,0,0,0,0,100.0,100.0
202505021201,2025-06-01,16,16,560,560,560,560,560,560,560,0,0,0,0,100.0,100.0
202505021202,2025-06-01,15,16,455,560,560,560,455,560,455,0,0,0,-105,123.07692307692308,100.0
202505021203,2025-06-01,16,16,560,560,560,560,560,560,560,0,0,0,0,100.0,100.0
202505021204,2025-06-01,14,15,364,455,455,455,364,455,364,0,0,0,-91,125.0,100.0
202505021205,2025-06-01,11,11,165,165,165,165,165,165,165,0,0,0,0,100.0,100.0
202505021206,2025-06-01,16,16,560,560,560,560,560,560,560,0,0,0,0,100.0,100.0
202505021207,2025-06-01,16,16,560,560,560,560,560,560,560,0,0,0,0,100.0,100.0
202505021208,2025-06-01,16,16,560,560,560,560,560,560,560,0,0,0,0,100.0,100.0
202505021209,2025-06-01,16,16,560,560,560,560,560,560,560,0,0,0,0,100.0,100.0
202505021210,2025-06-01,18,18,816,816,816,816,816,816,816,0,0,0,0,100.0,100.0
202505021211,2025-06-01,18,18,816,816,816,816,816,816,816,0,0,0,0,100.0,100.0
202505021212,2025-06-01,18,18,816,816,816,816,816,816,816,0,0,0,0,100.0,100.0
202508021201,2025-06-01,15,16,455,560,560,560,455,560,455,0,0,0,-105,123.07692307692308,100.0
202508021202,2025-06-01,14,14,364,364,364,364,364,364,364,0,0,0,0,100.0,100.0
202508021203,2025-06-01,18,18,816,816,816,816,816,816,816,0,0,0,0,100.0,100.0
202508021204,2025-06-01,12,12,220,220,220,220,220,220,220,0,0,0,0,100.0,100.0
202508021205,2025-06-01,13,13,286,286,286,286,286,286,286,0,0,0,0,100.0,100.0
202508021206,2025-06-01,14,14,364,364,364,364,364,364,364,0,0,0,0,100.0,100.0
202508021207,2025-06-01,12,12,220,220,220,220,220,220,220,0,0,0,0,100.0,100.0
202508021208,2025-06-01,16,16,560,560,560,560,560,560,560,0,0,0,0,100.0,100.0
202508021209,2025-06-01,14,14,364,364,364,364,364,364,364,0,0,0,0,100.0,100.0
202508021210,2025-06-01,16,16,560,560,560,560,560,560,560,0,0,0,0,100.0,100.0
202508021211,2025-06-01,11,11,165,165,165,165,165,165,165,0,0,0,0,100.0,100.0
202508021212,2025-06-01,14,14,364,364,364,364,364,364,364,0,0,0,0,100.0,100.0
202505030101,2025-06-07,14,14,364,364,364,364,364,364,364,0,0,0,0,100.0,100.0
202505030102,2025-06-07,16,16,560,560,560,560,560,560,560,0,0,0,0,100.0,100.0
202505030103,2025-06-07,16,16,560,560,560,560,560,560,560,0,0,0,0,100.0,100.0
202505030104,2025-06-07,14,14,364,364,364,364,364,364,364,0,0,0,0,100.0,100.0
202505030105,2025-06-07,9,10,84,120,120,120,84,120,84,0,0,0,-36,142.85714285714286,100.0
202505030106,2025-06-07,16,16,560,560,560,560,560,560,560,0,0,0,0,100.0,100.0
202505030107,2025-06-07,18,18,816,816,816,816,816,816,816,0,0,0,0,100.0,100.0
202505030108,2025-06-07,16,16,560,560,560,560,560,560,560,0,0,0,0,100.0,100.0
202505030109,2025-06-07,12,12,220,220,220,220,220,220,220,0,0,0,0,100.0,100.0
202505030110,2025-06-07,15,15,455,455,455,455,455,455,455,0,0,0,0,100.0,100.0
202505030111,2025-06-07,16,16,560,560,560,560,560,560,560,0,0,0,0,100.0,100.0
202505030112,2025-06-07,15,15,455,455,455,455,455,455,455,0,0,0,0,100.0,100.0
202509030101,2025-06-07,15,15,455,455,455,455,455,455,455,0,0,0,0,100.0,100.0
202509030102,2025-06-07,16,16,560,560,560,560,560,560,560,0,0,0,0,100.0,100.0
202509030103,2025-06-07,16,16,560,560,560,560,560,560,560,0,0,0,0,100.0,100.0
202509030104,2025-06-07,16,16,560,560,560,560,560,560,560,0,0,0,0,100.0,100.0
202509030105,2025-06-07,8,8,56,56,56,56,56,56,56,0,0,0,0,100.0,100.0
202509030106,2025-06-07,13,13,286,286,286,286,286,286,286,0,0,0,0,100.0,100.0
202509030107,2025-06-07,10,10,120,120,120,120,120,120,120,0,0,0,0,100.0,100.0
202509030108,2025-06-07,9,9,84,84,84,84,84,84,84,0,0,0,0,100.0,100.0
202509030109,2025-06-07,10,10,120,120,120,120,120,120,120,0,0,0,0,100.0,100.0
202509030110,2025-06-07,9,9,84,84,84,84,84,84,84,0,0,0,0,100.0,100.0
202509030111,2025-06-07,15,15,455,455,455,455,455,455,455,0,0,0,0,100.0,100.0
202509030112,2025-06-07,16,16,560,560,560,560,560,560,560,0,0,0,0,100.0,100.0
202505030201,2025-06-08,16,16,560,560,560,560,560,560,560,0,0,0,0,100.0,100.0
202505030202,2025-06-08,16,16,560,560,560,560,560,560,560,0,0,0,0,100.0,100.0
202505030203,2025-06-08,17,18,680,816,816,816,680,816,680,0,0,0,-136,120.0,100.0
202505030204,2025-06-08,16,16,560,560,560,560,560,560,560,0,0,0,0,100.0,100.0
202505030205,2025-06-08,10,11,120,165,165,165,120,165,120,0,0,0,-45,137.5,100.0
202505030206,2025-06-08,17,17,680,680,680,680,680,680,680,0,0,0,0,100.0,100.0
202505030207,2025-06-08,16,16,560,560,560,560,560,560,560,0,0,0,0,100.0,100.0
202505030208,2025-06-08,18,18,816,816,816,816,816,816,816,0,0,0,0,100.0,100.0
202505030209,2025-06-08,12,12,220,220,220,220,220,220,220,0,0,0,0,100.0,100.0
202505030210,2025-06-08,16,16,560,560,560,560,560,560,560,0,0,0,0,100.0,100.0
202505030211,2025-06-08,18,18,816,816,816,816,816,816,816,0,0,0,0,100.0,100.0
202505030212,2025-06-08,14,14,364,364,364,364,364,364,364,0,0,0,0,100.0,100.0
202509030201,2025-06-08,11,11,165,165,165,165,165,165,165,0,0,0,0,100.0,100.0
202509030202,2025-06-08,14,14,364,364,364,364,364,364,364,0,0,0,0,100.0,100.0
202509030203,2025-06-08,16,16,560,560,560,560,560,560,560,0,0,0,0,100.0,100.0
202509030204,2025-06-08,15,15,455,455,455,455,455,455,455,0,0,0,0,100.0,100.0
202509030205,2025-06-08,11,11,165,165,165,165,165,165,165,0,0,0,0,100.0,100.0
202509030206,2025-06-08,18,18,816,816,816,816,816,816,816,0,0,0,0,100.0,100.0
202509030207,2025-06-08,18,18,816,816,816,816,816,816,816,0,0,0,0,100.0,100.0
202509030208,2025-06-08,13,13,286,286,286,286,286,286,286,0,0,0,0,100.0,100.0
202509030209,2025-06-08,8,8,56,56,56,56,56,56,56,0,0,0,0,100.0,100.0
202509030210,2025-06-08,16,16,560,560,560,560,560,560,560,0,0,0,0,100.0,100.0
202509030211,2025-06-08,16,16,560,560,560,560,560,560,560,0,0,0,0,100.0,100.0
202509030212,2025-06-08,16,16,560,560,560,560,560,560,560,0,0,0,0,100.0,100.0
202502010101,2025-06-14,16,16,560,560,560,560,560,560,560,0,0,0,0,100.0,100.0
202502010102,2025-06-14,14,14,364,364,364,364,364,364,364,0,0,0,0,100.0,100.0
202502010103,2025-06-14,12,12,220,220,220,220,220,220,220,0,0,0,0,100.0,100.0
202502010104,2025-06-14,15,15,455,455,455,455,455,455,455,0,0,0,0,100.0,100.0
202502010105,2025-06-14,12,12,220,220,220,220,220,220,220,0,0,0,0,100.0,100.0
202502010106,2025-06-14,14,14,364,364,364,364,364,364,364,0,0,0,0,100.0,100.0
202502010107,2025-06-14,14,14,364,364,364,364,364,364,364,0,0,0,0,100.0,100.0
202502010108,2025-06-14,12,12,220,220,220,220,220,220,220,0,0,0,0,100.0,100.0
202502010109,2025-06-14,11,12,165,220,220,220,165,220,165,0,0,0,-55,133.33333333333334,100.0
202502010110,2025-06-14,16,16,560,560,560,560,560,560,560,0,0,0,0,100.0,100.0
202502010111,2025-06-14,16,16,560,560,560,560,560,560,560,0,0,0,0,100.0,100.0
202502010112,2025-06-14,14,14,364,364,364,364,364,364,364,0,0,0,0,100.0,100.0
202505030301,2025-06-14,16,16,560,560,560,560,560,560,560,0,0,0,0,100.0,100.0
202505030302,2025-06-14,11,11,165,165,165,165,165,165,165,0,0,0,0,100.0,100.0
202505030303,2025-06-14,16,16,560,560,560,560,560,560,560,0,0,0,0,100.0,100.0
202505030304,2025-06-14,12,12,220,220,220,220,220,220,220,0,0,0,0,100.0,100.0
202505030305,2025-06-14,11,11,165,165,165,165,165,165,165,0,0,0,0,100.0,100.0
202505030306,2025-06-14,10,10,120,120,120,120,120,120,120,0,0,0,0,100.0,100.0
202505030307,2025-06-14,16,16,560,560,560,560,560,560,560,0,0,0,0,100.0,100.0
202505030308,2025-06-14,18,18,816,816,816,816,816,816,816,0,0,0,0,100.0,100.0
202505030309,2025-06-14,16,16,560,560,560,560,560,560,560,0,0,0,0,100.0,100.0
202505030310,2025-06-14,16,16,560,560,560,560,560,560,560,0,0,0,0,100.0,100.0
202505030311,2025-06-14,15,15,455,455,455,455,455,455,455,0,0,0,0,100.0,100.0
202505030312,2025-06-14,16,16,560,560,560,560,560,560,560,0,0,0,0,100.0,100.0
202509030301,2025-06-14,16,16,560,560,560,560,560,560,560,0,0,0,0,100.0,100.0
202509030302,2025-06-14,16,16,560,560,560,560,560,560,560,0,0,0,0,100.0,100.0
202509030303,2025-06-14,16,16,560,560,560,560,560,560,560,0,0,0,0,100.0,100.0
202509030304,2025-06-14,18,18,816,816,816,816,816,816,816,0,0,0,0,100.0,100.0
202509030305,2025-06-14,8,8,56,56,56,56,56,56,56,0,0,0,0,100.0,100.0
202509030306,2025-06-14,18,18,816,816,816,816,816,816,816,0,0,0,0,100.0,100.0
202509030307,2025-06-14,16,16,560,560,560,560,560,560,560,0,0,0,0,100.0,100.0
202509030308,2025-06-14,6,6,20,20,20,20,20,20,20,0,0,0,0,100.0,100.0
202509030309,2025-06-14,13,13,286,286,286,286,286,286,286,0,0,0,0,100.0,100.0
202509030310,2025-06-14,16,16,560,560,560,560,560,560,560,0,0,0,0,100.0,100.0
202509030311,2025-06-14,12,13,220,286,286,286,220,286,220,0,0,0,-66,130.0,100.0
202509030312,2025-06-14,16,16,560,560,560,560,560,560,560,0,0,0,0,100.0,100.0
202502010201,2025-06-15,16,16,560,560,560,560,560,560,560,0,0,0,0,100.0,100.0
202502010202,2025-06-15,14,14,364,364,364,364,364,364,364,0,0,0,0,100.0,100.0
202502010203,2025-06-15,12,12,220,220,220,220,220,220,220,0,0,0,0,100.0,100.0
202502010204,2025-06-15,10,10,120,120,120,120,120,120,120,0,0,0,0,100.0,100.0
202502010205,2025-06-15,9,9,84,84,84,84,84,84,84,0,0,0,0,100.0,100.0
202502010206,2025-06-15,12,13,220,286,286,286,220,286,220,0,0,0,-66,130.0,100.0
202502010207,2025-06-15,9,9,84,84,84,84,84,84,84,0,0,0,0,100.0,100.0
202502010208,2025-06-15,13,13,286,286,286,286,286,286,286,0,0,0,0,100.0,100.0
202502010209,2025-06-15,13,13,286,286,286,286,286,286,286,0,0,0,0,100.0,100.0
202502010210,2025-06-15,14,14,364,364,364,364,364,364,364,0,0,0,0,100.0,100.0
202502010211,2025-06-15,14,14,364,364,364,364,364,364,364,0,0,0,0,100.0,100.0
202502010212,2025-06-15,11,11,165,165,165,165,165,165,165,0,0,0,0,100.0,100.0
202505030401,2025-06-15,16,16,560,560,560,560,560,560,560,0,0,0,0,100.0,100.0
202505030402,2025-06-15,16,16,560,560,560,560,560,560,560,0,0,0,0,100.0,100.0
202505030403,2025-06-15,16,16,560,560,560,560,560,560,560,0,0,0,0,100.0,100.0
202505030404,2025-06-15,18,18,816,816,816,816,816,816,816,0,0,0,0,100.0,100.0
202505030405,2025-06-15,10,10,120,120,120,120,120,120,120,0,0,0,0,100.0,100.0
202505030406,2025-06-15,16,16,560,560,560,560,560,560,560,0,0,0,0,100.0,100.0
202505030407,2025-06-15,14,14,364,364,364,364,364,364,364,0,0,0,0,100.0,100.0
202505030408,2025-06-15,16,16,560,560,560,560,560,560,560,0,0,0,0,100.0,100.0
202505030409,2025-06-15,10,10,120,120,120,120,120,120,120,0,0,0,0,100.0,100.0
202505030410,2025-06-15,15,15,455,455,455,455,455,455,455,0,0,0,0,100.0,100.0
202505030411,2025-06-15,14,14,364,364,364,364,364,364,364,0,0,0,0,100.0,100.0
202505030412,2025-06-15,16,16,560,560,560,560,560,560,560,0,0,0,0,100.0,100.0
202509030401,2025-06-15,16,16,560,560,560,560,560,560,560,0,0,0,0,100.0,100.0
202509030402,2025-06-15,14,14,364,364,364,364,364,364,364,0,0,0,0,100.0,100.0
202509030403,2025-06-15,18,18,816,816,816,816,816,816,816,0,0,0,0,100.0,100.0
202509030404,2025-06-15,15,15,455,455,455,455,455,455,455,0,0,0,0,100.0,100.0
202509030405,2025-06-15,8,8,56,56,56,56,56,56,56,0,0,0,0,100.0,100.0
202509030406,2025-06-15,16,16,560,560,560,560,560,560,560,0,0,0,0,100.0,100.0
202509030407,2025-06-15,10,10,120,120,120,120,120,120,120,0,0,0,0,100.0,100.0
202509030408,2025-06-15,16,16,560,560,560,560,560,560,560,0,0,0,0,100.0,100.0
202509030409,2025-06-15,15,15,455,455,455,455,455,455,455,0,0,0,0,100.0,100.0
202509030410,2025-06-15,18,18,816,816,816,816,816,816,816,0,0,0,0,100.0,100.0
202509030411,2025-06-15,17,17,680,680,680,680,680,680,680,0,0,0,0,100.0,100.0
202509030412,2025-06-15,16,16,560,560,560,560,560,560,560,0,0,0,0,100.0,100.0
202502010301,2025-06-21,16,16,560,560,560,560,560,560,560,0,0,0,0,100.0,100.0
202502010302,2025-06-21,12,12,220,220,220,220,220,220,220,0,0,0,0,100.0,100.0
202502010303,2025-06-21,13,13,286,286,286,286,286,286,286,0,0,0,0,100.0,100.0
202502010304,2025-06-21,16,16,560,560,560,560,560,560,560,0,0,0,0,100.0,100.0
202502010305,2025-06-21,15,15,455,455,455,455,455,455,455,0,0,0,0,100.0,100.0
202502010306,2025-06-21,9,9,84,84,84,84,84,84,84,0,0,0,0,100.0,100.0
202502010307,2025-06-21,16,16,560,560,560,560,560,560,560,0,0,0,0,100.0,100.0
202502010308,2025-06-21,12,12,220,220,220,220,220,220,220,0,0,0,0,100.0,100.0
202502010309,2025-06-21,10,10,120,120,120,120,120,120,120,0,0,0,0,100.0,100.0
202502010310,2025-06-21,8,8,56,56,56,56,56,56,56,0,0,0,0,100.0,100.0
202502010311,2025-06-21,15,15,455,455,455,455,455,455,455,0,0,0,0,100.0,100.0
202502010312,2025-06-21,8,8,56,56,56,56,56,56,56,0,0,0,0,100.0,100.0
202505030501,2025-06-21,16,16,560,560,560,560,560,560,560,0,0,0,0,100.0,100.0
202505030502,2025-06-21,16,16,560,560,560,560,560,560,560,0,0,0,0,100.0,100.0
202505030503,2025-06-21,16,16,560,560,560,560,560,560,560,0,0,0,0,100.0,100.0
202505030504,2025-06-21,16,16,560,560,560,560,560,560,560,0,0,0,0,100.0,100.0
202505030505,2025-06-21,12,12,220,220,220,220,220,220,220,0,0,0,0,100.0,100.0
202505030506,2025-06-21,16,16,560,560,560,560,560,560,560,0,0,0,0,100.0,100.0
202505030507,2025-06-21,16,16,560,560,560,560,560,560,560,0,0,0,0,100.0,100.0
202505030508,2025-06-21,16,16,560,560,560,560,560,560,560,0,0,0,0,100.0,100.0
202505030509,2025-06-21,9,9,84,84,84,84,84,84,84,0,0,0,0,100.0,100.0
202505030510,2025-06-21,14,14,364,364,364,364,364,364,364,0,0,0,0,100.0,100.0
202505030511,2025-06-21,11,11,165,165,165,165,165,165,165,0,0,0,0,100.0,100.0
202505030512,2025-06-21,16,16,560,560,560,560,560,560,560,0,0,0,0,100.0,100.0
202509030501,2025-06-21,12,12,220,220,220,220,220,220,220,0,0,0,0,100.0,100.0
202509030502,2025-06-21,16,16,560,560,560,560,560,560,560,0,0,0,0,100.0,100.0
202509030503,2025-06-21,16,16,560,560,560,560,560,560,560,0,0,0,0,100.0,100.0
202509030504,2025-06-21,13,13,286,286,286,286,286,286,286,0,0,0,0,100.0,100.0
202509030505,2025-06-21,12,12,220,220,220,220,220,220,220,0,0,0,0,100.0,100.0
202509030506,2025-06-21,14,15,364,455,455,455,364,455,364,0,0,0,-91,125.0,100.0
202509030507,2025-06-21,10,10,120,120,120,120,120,120,120,0,0,0,0,100.0,100.0
202509030508,2025-06-21,16,16,560,560,560,560,560,560,560,0,0,0,0,100.0,100.0
202509030509,2025-06-21,13,13,286,286,286,286,286,286,286,0,0,0,0,100.0,100.0
202509030510,2025-06-21,12,12,220,220,220,220,220,220,220,0,0,0,0,100.0,100.0
202509030511,2025-06-21,16,16,560,560,560,560,560,560,560,0,0,0,0,100.0,100.0
202509030512,2025-06-21,14,14,364,364,364,364,364,364,364,0,0,0,0,100.0,100.0
202502010401,2025-06-22,15,16,455,560,560,560,455,560,455,0,0,0,-105,123.07692307692308,100.0
202502010402,2025-06-22,14,14,364,364,364,364,364,364,364,0,0,0,0,100.0,100.0
202502010403,2025-06-22,12,12,220,220,220,220,220,220,220,0,0,0,0,100.0,100.0
202502010404,2025-06-22,16,16,560,560,560,560,560,560,560,0,0,0,0,100.0,100.0
202502010405,2025-06-22,12,12,220,220,220,220,220,220,220,0,0,0,0,100.0,100.0
202502010406,2025-06-22,11,11,165,165,165,165,165,165,165,0,0,0,0,100.0,100.0
202502010407,2025-06-22,13,13,286,286,286,286,286,286,286,0,0,0,0,100.0,100.0
202502010408,2025-06-22,11,11,165,165,165,165,165,165,165,0,0,0,0,100.0,100.0
202502010409,2025-06-22,10,10,120,120,120,120,120,120,120,0,0,0,0,100.0,100.0
202502010410,2025-06-22,14,14,364,364,364,364,364,364,364,0,0,0,0,100.0,100.0
202502010411,2025-06-22,15,15,455,455,455,455,455,455,455,0,0,0,0,100.0,100.0
202502010412,2025-06-22,12,12,220,220,220,220,220,220,220,0,0,0,0,100.0,100.0
202505030601,2025-06-22,12,12,220,220,220,220,220,220,220,0,0,0,0,100.0,100.0
202505030602,2025-06-22,16,16,560,560,560,560,560,560,560,0,0,0,0,100.0,100.0
202505030603,2025-06-22,16,16,560,560,560,560,560,560,560,0,0,0,0,100.0,100.0
202505030604,2025-06-22,16,16,560,560,560,560,560,560,560,0,0,0,0,100.0,100.0
202505030605,2025-06-22,16,16,560,560,560,560,560,560,560,0,0,0,0,100.0,100.0
202505030606,2025-06-22,16,16,560,560,560,560,560,560,560,0,0,0,0,100.0,100.0
202505030607,2025-06-22,16,16,560,560,560,560,560,560,560,0,0,0,0,100.0,100.0
202505030608,2025-06-22,15,15,455,455,455,455,455,455,455,0,0,0,0,100.0,100.0
202505030609,2025-06-22,16,16,560,560,560,560,560,560,560,0,0,0,0,100.0,100.0
202505030610,2025-06-22,16,16,560,560,560,560,560,560,560,0,0,0,0,100.0,100.0
202505030611,2025-06-22,14,14,364,364,364,364,364,364,364,0,0,0,0,100.0,100.0
202505030612,2025-06-22,16,16,560,560,560,560,560,560,560,0,0,0,0,100.0,100.0
202509030601,2025-06-22,16,16,560,560,560,560,560,560,560,0,0,0,0,100.0,100.0
202509030602,2025-06-22,14,14,364,364,364,364,364,364,364,0,0,0,0,100.0,100.0
202509030603,2025-06-22,18,18,816,816,816,816,816,816,816,0,0,0,0,100.0,100.0
202509030604,2025-06-22,15,15,455,455,455,455,455,455,455,0,0,0,0,100.0,100.0
202509030605,2025-06-22,10,10,120,120,120,120,120,120,120,0,0,0,0,100.0,100.0
202509030606,2025-06-22,16,16,560,560,560,560,560,560,560,0,0,0,0,100.0,100.0
202509030607,2025-06-22,9,9,84,84,84,84,84,84,84,0,0,0,0,100.0,100.0
202509030608,2025-06-22,16,16,560,560,560,560,560,560,560,0,0,0,0,100.0,100.0
202509030609,2025-06-22,9,9,84,84,84,84,84,84,84,0,0,0,0,100.0,100.0
202509030610,2025-06-22,16,16,560,560,560,560,560,560,560,0,0,0,0,100.0,100.0
202509030611,2025-06-22,14,14,364,364,364,364,364,364,364,0,0,0,0,100.0,100.0
202509030612,2025-06-22,15,15,455,455,455,455,455,455,455,0,0,0,0,100.0,100.0
202502010501,2025-06-28,15,15,455,455,455,455,455,455,455,0,0,0,0,100.0,100.0
202502010502,2025-06-28,12,12,220,220,220,220,220,220,220,0,0,0,0,100.0,100.0
202502010503,2025-06-28,14,14,364,364,364,364,364,364,364,0,0,0,0,100.0,100.0
202502010504,2025-06-28,13,13,286,286,286,286,286,286,286,0,0,0,0,100.0,100.0
202502010505,2025-06-28,16,16,560,560,560,560,560,560,560,0,0,0,0,100.0,100.0
202502010506,2025-06-28,12,12,220,220,220,220,220,220,220,0,0,0,0,100.0,100.0
202502010507,2025-06-28,16,16,560,560,560,560,560,560,560,0,0,0,0,100.0,100.0
202502010508,2025-06-28,12,12,220,220,220,220,220,220,220,0,0,0,0,100.0,100.0
202502010509,2025-06-28,8,8,56,56,56,56,56,56,56,0,0,0,0,100.0,100.0
202502010510,2025-06-28,16,16,560,560,560,560,560,560,560,0,0,0,0,100.0,100.0
202502010511,2025-06-28,16,16,560,560,560,560,560,560,560,0,0,0,0,100.0,100.0
202502010512,2025-06-28,14,14,364,364,364,364,364,364,364,0,0,0,0,100.0,100.0
202503020101,2025-06-28,10,10,120,120,120,120,120,120,120,0,0,0,0,100.0,100.0
202503020102,2025-06-28,16,16,560,560,560,560,560,560,560,0,0,0,0,100.0,100.0
202503020103,2025-06-28,15,15,455,455,455,455,455,455,455,0,0,0,0,100.0,100.0
202503020104,2025-06-28,16,16,560,560,560,560,560,560,560,0,0,0,0,100.0,100.0
202503020105,2025-06-28,8,8,56,56,56,56,56,56,56,0,0,0,0,100.0,100.0
202503020106,2025-06-28,11,11,165,165,165,165,165,165,165,0,0,0,0,100.0,100.0
202503020107,2025-06-28,7,7,35,35,35,35,35,35,35,0,0,0,0,100.0,100.0
202503020108,2025-06-28,16,16,560,560,560,560,560,560,560,0,0,0,0,100.0,100.0
202503020109,2025-06-28,8,8,56,56,56,56,56,56,56,0,0,0,0,100.0,100.0
202503020110,2025-06-28,14,14,364,364,364,364,364,364,364,0,0,0,0,100.0,100.0
202503020111,2025-06-28,16,16,560,560,560,560,560,560,560,0,0,0,0,100.0,100.0
202503020112,2025-06-28,15,15,455,455,455,455,455,455,455,0,0,0,0,100.0,100.0
202510020101,2025-06-28,12,12,220,220,220,220,220,220,220,0,0,0,0,100.0,100.0
202510020102,2025-06-28,6,6,20,20,20,20,20,20,20,0,0,0,0,100.0,100.0
202510020103,2025-06-28,16,16,560,560,560,560,560,560,560,0,0,0,0,100.0,100.0
202510020104,2025-06-28,16,16,560,560,560,560,560,560,560,0,0,0,0,100.0,100.0
202510020105,2025-06-28,14,14,364,364,364,364,364,364,364,0,0,0,0,100.0,100.0
202510020106,2025-06-28,14,14,364,364,364,364,364,364,364,0,0,0,0,100.0,100.0
202510020107,2025-06-28,15,15,455,455,455,455,455,455,455,0,0,0,0,100.0,100.0
202510020108,2025-06-28,15,16,455,560,560,560,455,560,455,0,0,0,-105,123.07692307692308,100.0
202510020109,2025-06-28,8,8,56,56,56,56,56,56,56,0,0,0,0,100.0,100.0
202510020110,2025-06-28,6,6,20,20,20,20,20,20,20,0,0,0,0,100.0,100.0
202510020111,2025-06-28,16,16,560,560,560,560,560,560,560,0,0,0,0,100.0,100.0
202510020112,2025-06-28,14,14,364,364,364,364,364,364,364,0,0,0,0,100.0,100.0
202502010601,2025-06-29,12,12,220,220,220,220,220,220,220,0,0,0,0,100.0,100.0
202502010602,2025-06-29,12,12,220,220,220,220,220,220,220,0,0,0,0,100.0,100.0
202502010603,2025-06-29,12,12,220,220,220,220,220,220,220,0,0,0,0,100.0,100.0
202502010604,2025-06-29,9,9,84,84,84,84,84,84,84,0,0,0,0,100.0,100.0
202502010605,2025-06-29,12,12,220,220,220,220,220,220,220,0,0,0,0,100.0,100.0
202502010606,2025-06-29,16,16,560,560,560,560,560,560,560,0,0,0,0,100.0,100.0
202502010607,2025-06-29,11,11,165,165,165,165,165,165,165,0,0,0,0,100.0,100.0
202502010608,2025-06-29,11,11,165,165,165,165,165,165,165,0,0,0,0,100.0,100.0
202502010609,2025-06-29,10,10,120,120,120,120,120,120,120,0,0,0,0,100.0,100.0
202502010610,2025-06-29,11,11,165,165,165,165,165,165,165,0,0,0,0,100.0,100.0
202502010611,2025-06-29,14,14,364,364,364,364,364,364,364,0,0,0,0,100.0,100.0
202502010612,2025-06-29,14,14,364,364,364,364,364,364,364,0,0,0,0,100.0,100.0
202503020201,2025-06-29,15,15,455,455,455,455,455,455,455,0,0,0,0,100.0,100.0
202503020202,2025-06-29,16,16,560,560,560,560,560,560,560,0,0,0,0,100.0,100.0
202503020203,2025-06-29,15,15,455,455,455,455,455,455,455,0,0,0,0,100.0,100.0
202503020204,2025-06-29,15,15,455,455,455,455,455,455,455,0,0,0,0,100.0,100.0
202503020205,2025-06-29,13,13,286,286,286,286,286,286,286,0,0,0,0,100.0,100.0
202503020206,2025-06-29,7,7,35,35,35,35,35,35,35,0,0,0,0,100.0,100.0
202503020207,2025-06-29,16,16,560,560,560,560,560,560,560,0,0,0,0,100.0,100.0
202503020208,2025-06-29,9,9,84,84,84,84,84,84,84,0,0,0,0,100.0,100.0
202503020209,2025-06-29,11,11,165,165,165,165,165,165,165,0,0,0,0,100.0,100.0
202503020210,2025-06-29,15,15,455,455,455,455,455,455,455,0,0,0,0,100.0,100.0
202503020211,2025-06-29,14,14,364,364,364,364,364,364,364,0,0,0,0,100.0,100.0
202503020212,2025-06-29,14,14,364,364,364,364,364,364,364,0,0,0,0,100.0,100.0
202510020201,2025-06-29,12,12,220,220,220,220,220,220,220,0,0,0,0,100.0,100.0
202510020202,2025-06-29,17,17,680,680,680,680,680,680,680,0,0,0,0,100.0,100.0
202510020203,2025-06-29,16,16,560,560,560,560,560,560,560,0,0,0,0,100.0,100.0
202510020204,2025-06-29,16,16,560,560,560,560,560,560,560,0,0,0,0,100.0,100.0
202510020205,2025-06-29,17,17,680,680,680,680,680,680,680,0,0,0,0,100.0,100.0
202510020206,2025-06-29,10,10,120,120,120,120,120,120,120,0,0,0,0,100.0,100.0
202510020207,2025-06-29,18,18,816,816,816,816,816,816,816,0,0,0,0,100.0,100.0
202510020208,2025-06-29,14,14,364,364,364,364,364,364,364,0,0,0,0,100.0,100.0
202510020209,2025-06-29,8,8,56,56,56,56,56,56,56,0,0,0,0,100.0,100.0
202510020210,2025-06-29,15,15,455,455,455,455,455,455,455,0,0,0,0,100.0,100.0
202510020211,2025-06-29,13,13,286,286,286,286,286,286,286,0,0,0,0,100.0,100.0
202510020212,2025-06-29,16,16,560,560,560,560,560,560,560,0,0,0,0,100.0,100.0
202502010701,2025-07-05,8,8,56,56,56,56,56,56,56,0,0,0,0,100.0,100.0
202502010702,2025-07-05,12,12,220,220,220,220,220,220,220,0,0,0,0,100.0,100.0
202502010703,2025-07-05,13,13,286,286,286,286,286,286,286,0,0,0,0,100.0,100.0
202502010704,2025-07-05,9,9,84,84,84,84,84,84,84,0,0,0,0,100.0,100.0
202502010705,2025-07-05,7,7,35,35,35,35,35,35,35,0,0,0,0,100.0,100.0
202502010706,2025-07-05,12,12,220,220,220,220,220,220,220,0,0,0,0,100.0,100.0
202502010707,2025-07-05,12,12,220,220,220,220,220,220,220,0,0,0,0,100.0,100.0
202502010708,2025-07-05,9,9,84,84,84,84,84,84,84,0,0,0,0,100.0,100.0
202502010709,2025-07-05,8,8,56,56,56,56,56,56,56,0,0,0,0,100.0,100.0
202502010710,2025-07-05,14,14,364,364,364,364,364,364,364,0,0,0,0,100.0,100.0
202502010711,2025-07-05,14,14,364,364,364,364,364,364,364,0,0,0,0,100.0,100.0
202502010712,2025-07-05,13,13,286,286,286,286,286,286,286,0,0,0,0,100.0,100.0
202503020301,2025-07-05,10,10,120,120,120,120,120,120,120,0,0,0,0,100.0,100.0
202503020302,2025-07-05,15,15,455,455,455,455,455,455,455,0,0,0,0,100.0,100.0
202503020303,2025-07-05,9,9,84,84,84,84,84,84,84,0,0,0,0,100.0,100.0
202503020304,2025-07-05,9,9,84,84,84,84,84,84,84,0,0,0,0,100.0,100.0
202503020305,2025-07-05,7,7,35,35,35,35,35,35,35,0,0,0,0,100.0,100.0
202503020306,2025-07-05,14,14,364,364,364,364,364,364,364,0,0,0,0,100.0,100.0
202503020307,2025-07-05,16,16,560,560,560,560,560,560,560,0,0,0,0,100.0,100.0
202503020308,2025-07-05,16,16,560,560,560,560,560,560,560,0,0,0,0,100.0,100.0
202503020309,2025-07-05,10,10,120,120,120,120,120,120,120,0,0,0,0,100.0,100.0
202503020310,2025-07-05,15,15,455,455,455,455,455,455,455,0,0,0,0,100.0,100.0
202503020311,2025-07-05,16,16,560,560,560,560,560,560,560,0,0,0,0,100.0,100.0
202503020312,2025-07-05,15,15,455,455,455,455,455,455,455,0,0,0,0,100.0,100.0
202510020301,2025-07-05,5,5,10,10,10,10,10,10,10,0,0,0,0,100.0,100.0
202510020302,2025-07-05,16,16,560,560,560,560,560,560,560,0,0,0,0,100.0,100.0
202510020303,2025-07-05,18,18,816,816,816,816,816,816,816,0,0,0,0,100.0,100.0
202510020304,2025-07-05,14,14,364,364,364,364,364,364,364,0,0,0,0,100.0,100.0
202510020305,2025-07-05,8,8,56,56,56,56,56,56,56,0,0,0,0,100.0,100.0
202510020306,2025-07-05,16,16,560,560,560,560,560,560,560,0,0,0,0,100.0,100.0
202510020307,2025-07-05,16,16,560,560,560,560,560,560,560,0,0,0,0,100.0,100.0
202510020308,2025-07-05,9,9,84,84,84,84,84,84,84,0,0,0,0,100.0,100.0
202510020309,2025-07-05,8,8,56,56,56,56,56,56,56,0,0,0,0,100.0,100.0
202510020310,2025-07-05,11,11,165,165,165,165,165,165,165,0,0,0,0,100.0,100.0
202510020311,2025-07-05,11,11,165,165,165,165,165,165,165,0,0,0,0,100.0,100.0
202510020312,2025-07-05,10,10,120,120,120,120,120,120,120,0,0,0,0,100.0,100.0
202502010801,2025-07-06,10,10,120,120,120,120,120,120,120,0,0,0,0,100.0,100.0
202502010802,2025-07-06,12,12,220,220,220,220,220,220,220,0,0,0,0,100.0,100.0
202502010803,2025-07-06,13,13,286,286,286,286,286,286,286,0,0,0,0,100.0,100.0
202502010804,2025-07-06,15,15,455,455,455,455,455,455,455,0,0,0,0,100.0,100.0
202502010805,2025-07-06,6,6,20,20,20,20,20,20,20,0,0,0,0,100.0,100.0
202502010806,2025-07-06,12,12,220,220,220,220,220,220,220,0,0,0,0,100.0,100.0
202502010807,2025-07-06,12,12,220,220,220,220,220,220,220,0,0,0,0,100.0,100.0
202502010808,2025-07-06,13,13,286,286,286,286,286,286,286,0,0,0,0,100.0,100.0
202502010809,2025-07-06,11,11,165,165,165,165,165,165,165,0,0,0,0,100.0,100.0
202502010810,2025-07-06,10,10,120,120,120,120,120,120,120,0,0,0,0,100.0,100.0
202502010811,2025-07-06,10,10,120,120,120,120,120,120,120,0,0,0,0,100.0,100.0
202502010812,2025-07-06,10,10,120,120,120,120,120,120,120,0,0,0,0,100.0,100.0
202503020401,2025-07-06,14,14,364,364,364,364,364,364,364,0,0,0,0,100.0,100.0
202503020402,2025-07-06,15,15,455,455,455,455,455,455,455,0,0,0,0,100.0,100.0
202503020403,2025-07-06,16,16,560,560,560,560,560,560,560,0,0,0,0,100.0,100.0
202503020404,2025-07-06,11,11,165,165,165,165,165,165,165,0,0,0,0,100.0,100.0
202503020405,2025-07-06,8,8,56,56,56,56,56,56,56,0,0,0,0,100.0,100.0
202503020406,2025-07-06,16,16,560,560,560,560,560,560,560,0,0,0,0,100.0,100.0
202503020407,2025-07-06,16,16,560,560,560,560,560,560,560,0,0,0,0,100.0,100.0
202503020408,2025-07-06,14,14,364,364,364,364,364,364,364,0,0,0,0,100.0,100.0
202503020409,2025-07-06,16,16,560,560,560,560,560,560,560,0,0,0,0,100.0,100.0
202503020410,2025-07-06,16,16,560,560,560,560,560,560,560,0,0,0,0,100.0,100.0
202503020411,2025-07-06,15,15,455,455,455,455,455,455,455,0,0,0,0,100.0,100.0
202503020412,2025-07-06,15,15,455,455,455,455,455,455,455,0,0,0,0,100.0,100.0
202510020401,2025-07-06,16,16,560,560,560,560,560,560,560,0,0,0,0,100.0,100.0
202510020402,2025-07-06,16,16,560,560,560,560,560,560,560,0,0,0,0,100.0,100.0
202510020403,2025-07-06,18,18,816,816,816,816,816,816,816,0,0,0,0,100.0,100.0
202510020404,2025-07-06,18,18,816,816,816,816,816,816,816,0,0,0,0,100.0,100.0
202510020405,2025-07-06,9,9,84,84,84,84,84,84,84,0,0,0,0,100.0,100.0
202510020406,2025-07-06,5,5,10,10,10,10,10,10,10,0,0,0,0,100.0,100.0
202510020407,2025-07-06,9,9,84,84,84,84,84,84,84,0,0,0,0,100.0,100.0
202510020408,2025-07-06,14,14,364,364,364,364,364,364,364,0,0,0,0,100.0,100.0
202510020409,2025-07-06,8,8,56,56,56,56,56,56,56,0,0,0,0,100.0,100.0
202510020410,2025-07-06,7,7,35,35,35,35,35,35,35,0,0,0,0,100.0,100.0
202510020411,2025-07-06,18,18,816,816,816,816,816,816,816,0,0,0,0,100.0,100.0
202510020412,2025-07-06,16,16,560,560,560,560,560,560,560,0,0,0,0,100.0,100.0
202502010901,2025-07-12,14,14,364,364,364,364,364,364,364,0,0,0,0,100.0,100.0
202502010902,2025-07-12,12,12,220,220,220,220,220,220,220,0,0,0,0,100.0,100.0
202502010903,2025-07-12,12,13,220,286,286,286,220,286,220,0,0,0,-66,130.0,100.0
202502010904,2025-07-12,14,14,364,364,364,364,364,364,364,0,0,0,0,100.0,100.0
202502010905,2025-07-12,7,7,35,35,35,35,35,35,35,0,0,0,0,100.0,100.0
202502010906,2025-07-12,16,16,560,560,560,560,560,560,560,0,0,0,0,100.0,100.0
202502010907,2025-07-12,10,10,120,120,120,120,120,120,120,0,0,0,0,100.0,100.0
202502010908,2025-07-12,11,11,165,165,165,165,165,165,165,0,0,0,0,100.0,100.0
202502010909,2025-07-12,11,11,165,165,165,165,165,165,165,0,0,0,0,100.0,100.0
202502010910,2025-07-12,11,11,165,165,165,165,165,165,165,0,0,0,0,100.0,100.0
202502010911,2025-07-12,14,14,364,364,364,364,364,364,364,0,0,0,0,100.0,100.0
202502010912,2025-07-12,12,12,220,220,220,220,220,220,220,0,0,0,0,100.0,100.0
202503020501,2025-07-12,10,10,120,120,120,120,120,120,120,0,0,0,0,100.0,100.0
202503020502,2025-07-12,15,15,455,455,455,455,455,455,455,0,0,0,0,100.0,100.0
202503020503,2025-07-12,16,16,560,560,560,560,560,560,560,0,0,0,0,100.0,100.0
202503020504,2025-07-12,16,16,560,560,560,560,560,560,560,0,0,0,0,100.0,100.0
202503020505,2025-07-12,11,11,165,165,165,165,165,165,165,0,0,0,0,100.0,100.0
202503020506,2025-07-12,14,14,364,364,364,364,364,364,364,0,0,0,0,100.0,100.0
202503020507,2025-07-12,14,15,364,455,455,455,364,455,364,0,0,0,-91,125.0,100.0
202503020508,2025-07-12,15,15,455,455,455,455,455,455,455,0,0,0,0,100.0,100.0
202503020509,2025-07-12,12,12,220,220,220,220,220,220,220,0,0,0,0,100.0,100.0
202503020510,2025-07-12,9,9,84,84,84,84,84,84,84,0,0,0,0,100.0,100.0
202503020511,2025-07-12,14,14,364,364,364,364,364,364,364,0,0,0,0,100.0,100.0
202503020512,2025-07-12,15,15,455,455,455,455,455,455,455,0,0,0,0,100.0,100.0
202510020501,2025-07-12,10,10,120,120,120,120,120,120,120,0,0,0,0,100.0,100.0
202510020502,2025-07-12,16,16,560,560,560,560,560,560,560,0,0,0,0,100.0,100.0
202510020503,2025-07-12,14,14,364,364,364,364,364,364,364,0,0,0,0,100.0,100.0
202510020504,2025-07-12,7,7,35,35,35,35,35,35,35,0,0,0,0,100.0,100.0
202510020505,2025-07-12,12,12,220,220,220,220,220,220,220,0,0,0,0,100.0,100.0
202510020506,2025-07-12,18,18,816,816,816,816,816,816,816,0,0,0,0,100.0,100.0
202510020507,2025-07-12,18,18,816,816,816,816,816,816,816,0,0,0,0,100.0,100.0
202510020508,2025-07-12,16,16,560,560,560,560,560,560,560,0,0,0,0,100.0,100.0
202510020509,2025-07-12,11,11,165,165,165,165,165,165,165,0,0,0,0,100.0,100.0
202510020510,2025-07-12,13,13,286,286,286,286,286,286,286,0,0,0,0,100.0,100.0
202510020511,2025-07-12,10,10,120,120,120,120,120,120,120,0,0,0,0,100.0,100.0
202510020512,2025-07-12,17,17,680,680,680,680,680,680,680,0,0,0,0,100.0,100.0
202502011001,2025-07-13,12,12,220,220,220,220,220,220,220,0,0,0,0,100.0,100.0
202502011002,2025-07-13,13,14,286,364,364,364,286,364,286,0,0,0,-78,127.27272727272727,100.0
202502011003,2025-07-13,16,16,560,560,560,560,560,560,560,0,0,0,0,100.0,100.0
202502011004,2025-07-13,13,13,286,286,286,286,286,286,286,0,0,0,0,100.0,100.0
202502011005,2025-07-13,7,7,35,35,35,35,35,35,35,0,0,0,0,100.0,100.0
202502011006,2025-07-13,15,15,455,455,455,455,455,455,455,0,0,0,0,100.0,100.0
202502011007,2025-07-13,14,14,364,364,364,364,364,364,364,0,0,0,0,100.0,100.0
202502011008,2025-07-13,12,12,220,220,220,220,220,220,220,0,0,0,0,100.0,100.0
202502011009,2025-07-13,11,12,165,220,220,220,165,220,165,0,0,0,-55,133.33333333333334,100.0
202502011010,2025-07-13,12,12,220,220,220,220,220,220,220,0,0,0,0,100.0,100.0
202502011011,2025-07-13,12,12,220,220,220,220,220,220,220,0,0,0,0,100.0,100.0
202502011012,2025-07-13,8,8,56,56,56,56,56,56,56,0,0,0,0,100.0,100.0
202503020601,2025-07-13,9,9,84,84,84,84,84,84,84,0,0,0,0,100.0,100.0
202503020602,2025-07-13,15,15,455,455,455,455,455,455,455,0,0,0,0,100.0,100.0
202503020603,2025-07-13,16,16,560,560,560,560,560,560,560,0,0,0,0,100.0,100.0
202503020604,2025-07-13,16,16,560,560,560,560,560,560,560,0,0,0,0,100.0,100.0
202503020605,2025-07-13,15,15,455,455,455,455,455,455,455,0,0,0,0,100.0,100.0
202503020606,2025-07-13,15,15,455,455,455,455,455,455,455,0,0,0,0,100.0,100.0
202503020607,2025-07-13,15,15,455,455,455,455,455,455,455,0,0,0,0,100.0,100.0
202503020608,2025-07-13,15,15,455,455,455,455,455,455,455,0,0,0,0,100.0,100.0
202503020609,2025-07-13,13,13,286,286,286,286,286,286,286,0,0,0,0,100.0,100.0
202503020610,2025-07-13,15,15,455,455,455,455,455,455,455,0,0,0,0,100.0,100.0
202503020611,2025-07-13,15,15,455,455,455,455,455,455,455,0,0,0,0,100.0,100.0
202503020612,2025-07-13,9,9,84,84,84,84,84,84,84,0,0,0,0,100.0,100.0
202510020601,2025-07-13,12,12,220,220,220,220,220,220,220,0,0,0,0,100.0,100.0
202510020602,2025-07-13,18,18,816,816,816,816,816,816,816,0,0,0,0,100.0,100.0
202510020603,2025-07-13,16,16,560,560,560,560,560,560,560,0,0,0,0,100.0,100.0
202510020604,2025-07-13,16,16,560,560,560,560,560,560,560,0,0,0,0,100.0,100.0
202510020605,2025-07-13,8,8,56,56,56,56,56,56,56,0,0,0,0,100.0,100.0
202510020606,2025-07-13,8,8,56,56,56,56,56,56,56,0,0,0,0,100.0,100.0
202510020607,2025-07-13,16,16,560,560,560,560,560,560,560,0,0,0,0,100.0,100.0
202510020608,2025-07-13,16,16,560,560,560,560,560,560,560,0,0,0,0,100.0,100.0
202510020609,2025-07-13,14,14,364,364,364,364,364,364,364,0,0,0,0,100.0,100.0
202510020610,2025-07-13,9,9,84,84,84,84,84,84,84,0,0,0,0,100.0,100.0
202510020611,2025-07-13,16,16,560,560,560,560,560,560,560,0,0,0,0,100.0,100.0
202510020612,2025-07-13,15,16,455,560,560,560,455,560,455,0,0,0,-105,123.07692307692308,100.0
202502011101,2025-07-19,11,11,165,165,165,165,165,165,165,0,0,0,0,100.0,100.0
202502011102,2025-07-19,12,12,220,220,220,220,220,220,220,0,0,0,0,100.0,100.0
202502011103,2025-07-19,12,12,220,220,220,220,220,220,220,0,0,0,0,100.0,100.0
202502011104,2025-07-19,15,15,455,455,455,455,455,455,455,0,0,0,0,100.0,100.0
202502011105,2025-07-19,16,16,560,560,560,560,560,560,560,0,0,0,0,100.0,100.0
202502011106,2025-07-19,13,14,286,364,364,364,286,364,286,0,0,0,-78,127.27272727272727,100.0
202502011107,2025-07-19,16,16,560,560,560,560,560,560,560,0,0,0,0,100.0,100.0
202502011108,2025-07-19,10,10,120,120,120,120,120,120,120,0,0,0,0,100.0,100.0
202502011109,2025-07-19,14,14,364,364,364,364,364,364,364,0,0,0,0,100.0,100.0
202502011110,2025-07-19,14,14,364,364,364,364,364,364,364,0,0,0,0,100.0,100.0
202502011111,2025-07-19,14,14,364,364,364,364,364,364,364,0,0,0,0,100.0,100.0
202502011112,2025-07-19,16,16,560,560,560,560,560,560,560,0,0,0,0,100.0,100.0
202503020701,2025-07-19,8,8,56,56,56,56,56,56,56,0,0,0,0,100.0,100.0
202503020702,2025-07-19,15,15,455,455,455,455,455,455,455,0,0,0,0,100.0,100.0
202503020703,2025-07-19,10,10,120,120,120,120,120,120,120,0,0,0,0,100.0,100.0
202503020704,2025-07-19,16,16,560,560,560,560,560,560,560,0,0,0,0,100.0,100.0
202503020705,2025-07-19,16,16,560,560,560,560,560,560,560,0,0,0,0,100.0,100.0
202503020706,2025-07-19,14,14,364,364,364,364,364,364,364,0,0,0,0,100.0,100.0
202503020707,2025-07-19,16,16,560,560,560,560,560,560,560,0,0,0,0,100.0,100.0
202503020708,2025-07-19,16,16,560,560,560,560,560,560,560,0,0,0,0,100.0,100.0
202503020709,2025-07-19,8,8,56,56,56,56,56,56,56,0,0,0,0,100.0,100.0
202503020710,2025-07-19,16,16,560,560,560,560,560,560,560,0,0,0,0,100.0,100.0
202503020711,2025-07-19,10,11,120,165,165,165,120,165,120,0,0,0,-45,137.5,100.0
202503020712,2025-07-19,11,11,165,165,165,165,165,165,165,0,0,0,0,100.0,100.0
202510020701,2025-07-19,10,10,120,120,120,120,120,120,120,0,0,0,0,100.0,100.0
202510020702,2025-07-19,14,14,364,364,364,364,364,364,364,0,0,0,0,100.0,100.0
202510020703,2025-07-19,18,18,816,816,816,816,816,816,816,0,0,0,0,100.0,100.0
202510020704,2025-07-19,16,16,560,560,560,560,560,560,560,0,0,0,0,100.0,100.0
202510020705,2025-07-19,9,9,84,84,84,84,84,84,84,0,0,0,0,100.0,100.0
202510020706,2025-07-19,16,16,560,560,560,560,560,560,560,0,0,0,0,100.0,100.0
202510020707,2025-07-19,9,9,84,84,84,84,84,84,84,0,0,0,0,100.0,100.0
202510020708,2025-07-19,10,10,120,120,120,120,120,120,120,0,0,0,0,100.0,100.0
202510020709,2025-07-19,18,18,816,816,816,816,816,816,816,0,0,0,0,100.0,100.0
202510020710,2025-07-19,16,16,560,560,560,560,560,560,560,0,0,0,0,100.0,100.0
202510020711,2025-07-19,17,17,680,680,680,680,680,680,680,0,0,0,0,100.0,100.0
202510020712,2025-07-19,16,16,560,560,560,560,560,560,560,0,0,0,0,100.0,100.0
202502011201,2025-07-20,16,16,560,560,560,560,560,560,560,0,0,0,0,100.0,100.0
202502011202,2025-07-20,13,13,286,286,286,286,286,286,286,0,0,0,0,100.0,100.0
202502011203,2025-07-20,14,14,364,364,364,364,364,364,364,0,0,0,0,100.0,100.0
202502011204,2025-07-20,14,14,364,364,364,364,364,364,364,0,0,0,0,100.0,100.0
202502011205,2025-07-20,9,9,84,84,84,84,84,84,84,0,0,0,0,100.0,100.0
202502011206,2025-07-20,16,16,560,560,560,560,560,560,560,0,0,0,0,100.0,100.0
202502011207,2025-07-20,12,12,220,220,220,220,220,220,220,0,0,0,0,100.0,100.0
202502011208,2025-07-20,9,9,84,84,84,84,84,84,84,0,0,0,0,100.0,100.0
202502011209,2025-07-20,13,13,286,286,286,286,286,286,286,0,0,0,0,100.0,100.0
202502011210,2025-07-20,12,12,220,220,220,220,220,220,220,0,0,0,0,100.0,100.0
202502011211,2025-07-20,12,12,220,220,220,220,220,220,220,0,0,0,0,100.0,100.0
202502011212,2025-07-20,13,13,286,286,286,286,286,286,286,0,0,0,0,100.0,100.0
202503020801,2025-07-20,14,14,364,364,364,364,364,364,364,0,0,0,0,100.0,100.0
202503020802,2025-07-20,15,15,455,455,455,455,455,455,455,0,0,0,0,100.0,100.0
202503020803,2025-07-20,6,6,20,20,20,20,20,20,20,0,0,0,0,100.0,100.0
202503020804,2025-07-20,8,8,56,56,56,56,56,56,56,0,0,0,0,100.0,100.0
202503020805,2025-07-20,13,13,286,286,286,286,286,286,286,0,0,0,0,100.0,100.0
202503020806,2025-07-20,14,14,364,364,364,364,364,364,364,0,0,0,0,100.0,100.0
202503020807,2025-07-20,15,15,455,455,455,455,455,455,455,0,0,0,0,100.0,100.0
202503020808,2025-07-20,14,14,364,364,364,364,364,364,364,0,0,0,0,100.0,100.0
202503020809,2025-07-20,11,11,165,165,165,165,165,165,165,0,0,0,0,100.0,100.0
202503020810,2025-07-20,10,10,120,120,120,120,120,120,120,0,0,0,0,100.0,100.0
202503020811,2025-07-20,13,13,286,286,286,286,286,286,286,0,0,0,0,100.0,100.0
202503020812,2025-07-20,15,15,455,455,455,455,455,455,455,0,0,0,0,100.0,100.0
202510020801,2025-07-20,11,11,165,165,165,165,165,165,165,0,0,0,0,100.0,100.0
202510020802,2025-07-20,18,18,816,816,816,816,816,816,816,0,0,0,0,100.0,100.0
202510020803,2025-07-20,16,16,560,560,560,560,560,560,560,0,0,0,0,100.0,100.0
202510020804,2025-07-20,18,18,816,816,816,816,816,816,816,0,0,0,0,100.0,100.0
202510020805,2025-07-20,13,13,286,286,286,286,286,286,286,0,0,0,0,100.0,100.0
202510020806,2025-07-20,9,9,84,84,84,84,84,84,84,0,0,0,0,100.0,100.0
202510020807,2025-07-20,10,10,120,120,120,120,120,120,120,0,0,0,0,100.0,100.0
202510020808,2025-07-20,12,12,220,220,220,220,220,220,220,0,0,0,0,100.0,100.0
202510020809,2025-07-20,8,8,56,56,56,56,56,56,56,0,0,0,0,100.0,100.0
202510020810,2025-07-20,13,13,286,286,286,286,286,286,286,0,0,0,0,100.0,100.0
202510020811,2025-07-20,16,16,560,560,560,560,560,560,560,0,0,0,0,100.0,100.0
202510020812,2025-07-20,18,18,816,816,816,816,816,816,816,0,0,0,0,100.0,100.0
202501010101,2025-07-26,12,12,220,220,220,220,220,220,220,0,0,0,0,100.0,100.0
202501010102,2025-07-26,12,12,220,220,220,220,220,220,220,0,0,0,0,100.0,100.0
202501010103,2025-07-26,14,14,364,364,364,364,364,364,364,0,0,0,0,100.0,100.0
202501010104,2025-07-26,14,14,364,364,364,364,364,364,364,0,0,0,0,100.0,100.0
202501010105,2025-07-26,13,13,286,286,286,286,286,286,286,0,0,0,0,100.0,100.0
202501010106,2025-07-26,13,14,286,364,364,364,286,364,286,0,0,0,-78,127.27272727272727,100.0
202501010107,2025-07-26,8,8,56,56,56,56,56,56,56,0,0,0,0,100.0,100.0
202501010108,2025-07-26,5,5,10,10,10,10,10,10,10,0,0,0,0,100.0,100.0
202501010109,2025-07-26,13,13,286,286,286,286,286,286,286,0,0,0,0,100.0,100.0
202501010110,2025-07-26,13,13,286,286,286,286,286,286,286,0,0,0,0,100.0,100.0
202501010111,2025-07-26,12,12,220,220,220,220,220,220,220,0,0,0,0,100.0,100.0
202501010112,2025-07-26,14,14,364,364,364,364,364,364,364,0,0,0,0,100.0,100.0
202504020101,2025-07-26,8,8,56,56,56,56,56,56,56,0,0,0,0,100.0,100.0
202504020102,2025-07-26,12,12,220,220,220,220,220,220,220,0,0,0,0,100.0,100.0
202504020103,2025-07-26,18,18,816,816,816,816,816,816,816,0,0,0,0,100.0,100.0
202504020104,2025-07-26,15,15,455,455,455,455,455,455,455,0,0,0,0,100.0,100.0
202504020105,2025-07-26,18,18,816,816,816,816,816,816,816,0,0,0,0,100.0,100.0
202504020106,2025-07-26,15,15,455,455,455,455,455,455,455,0,0,0,0,100.0,100.0
202504020107,2025-07-26,10,10,120,120,120,120,120,120,120,0,0,0,0,100.0,100.0
202504020108,2025-07-26,14,14,364,364,364,364,364,364,364,0,0,0,0,100.0,100.0
202504020109,2025-07-26,14,14,364,364,364,364,364,364,364,0,0,0,0,100.0,100.0
202504020110,2025-07-26,14,14,364,364,364,364,364,364,364,0,0,0,0,100.0,100.0
202504020111,2025-07-26,14,14,364,364,364,364,364,364,364,0,0,0,0,100.0,100.0
202504020112,2025-07-26,17,17,680,680,680,680,680,680,680,0,0,0,0,100.0,100.0
202507030101,2025-07-26,14,14,364,364,364,364,364,364,364,0,0,0,0,100.0,100.0
202507030102,2025-07-26,16,16,560,560,560,560,560,560,560,0,0,0,0,100.0,100.0
202507030103,2025-07-26,6,6,20,20,20,20,20,20,20,0,0,0,0,100.0,100.0
202507030104,2025-07-26,11,11,165,165,165,165,165,165,165,0,0,0,0,100.0,100.0
202507030105,2025-07-26,16,16,560,560,560,560,560,560,560,0,0,0,0,100.0,100.0
202507030106,2025-07-26,16,16,560,560,560,560,560,560,560,0,0,0,0,100.0,100.0
202507030107,2025-07-26,10,10,120,120,120,120,120,120,120,0,0,0,0,100.0,100.0
202507030108,2025-07-26,7,7,35,35,35,35,35,35,35,0,0,0,0,100.0,100.0
202507030109,2025-07-26,8,8,56,56,56,56,56,56,56,0,0,0,0,100.0,100.0
202507030110,2025-07-26,11,11,165,165,165,165,165,165,165,0,0,0,0,100.0,100.0
202507030111,2025-07-26,14,14,364,364,364,364,364,364,364,0,0,0,0,100.0,100.0
202507030112,2025-07-26,10,10,120,120,120,120,120,120,120,0,0,0,0,100.0,100.0
202501010201,2025-07-27,14,14,364,364,364,364,364,364,364,0,0,0,0,100.0,100.0
202501010202,2025-07-27,14,14,364,364,364,364,364,364,364,0,0,0,0,100.0,100.0
202501010203,2025-07-27,14,14,364,364,364,364,364,364,364,0,0,0,0,100.0,100.0
202501010204,2025-07-27,9,9,84,84,84,84,84,84,84,0,0,0,0,100.0,100.0
202501010205,2025-07-27,6,6,20,20,20,20,20,20,20,0,0,0,0,100.0,100.0
202501010206,2025-07-27,9,9,84,84,84,84,84,84,84,0,0,0,0,100.0,100.0
202501010207,2025-07-27,13,13,286,286,286,286,286,286,286,0,0,0,0,100.0,100.0
202501010208,2025-07-27,8,8,56,56,56,56,56,56,56,0,0,0,0,100.0,100.0
202501010209,2025-07-27,8,9,56,84,84,84,56,84,56,0,0,0,-28,150.0,100.0
202501010210,2025-07-27,8,8,56,56,56,56,56,56,56,0,0,0,0,100.0,100.0
202501010211,2025-07-27,10,10,120,120,120,120,120,120,120,0,0,0,0,100.0,100.0
202501010212,2025-07-27,8,8,56,56,56,56,56,56,56,0,0,0,0,100.0,100.0
202504020201,2025-07-27,7,7,35,35,35,35,35,35,35,0,0,0,0,100.0,100.0
202504020202,2025-07-27,6,6,20,20,20,20,20,20,20,0,0,0,0,100.0,100.0
202504020203,2025-07-27,9,9,84,84,84,84,84,84,84,0,0,0,0,100.0,100.0
202504020204,2025-07-27,15,15,455,455,455,455,455,455,455,0,0,0,0,100.0,100.0
202504020205,2025-07-27,15,15,455,455,455,455,455,455,455,0,0,0,0,100.0,100.0
202504020206,2025-07-27,11,11,165,165,165,165,165,165,165,0,0,0,0,100.0,100.0
202504020207,2025-07-27,18,18,816,816,816,816,816,816,816,0,0,0,0,100.0,100.0
202504020208,2025-07-27,15,15,455,455,455,455,455,455,455,0,0,0,0,100.0,100.0
202504020209,2025-07-27,13,13,286,286,286,286,286,286,286,0,0,0,0,100.0,100.0
202504020210,2025-07-27,14,14,364,364,364,364,364,364,364,0,0,0,0,100.0,100.0
202504020211,2025-07-27,16,16,560,560,560,560,560,560,560,0,0,0,0,100.0,100.0
202504020212,2025-07-27,16,16,560,560,560,560,560,560,560,0,0,0,0,100.0,100.0
202507030201,2025-07-27,14,14,364,364,364,364,364,364,364,0,0,0,0,100.0,100.0
202507030202,2025-07-27,16,16,560,560,560,560,560,560,560,0,0,0,0,100.0,100.0
202507030203,2025-07-27,6,6,20,20,20,20,20,20,20,0,0,0,0,100.0,100.0
202507030204,2025-07-27,16,16,560,560,560,560,560,560,560,0,0,0,0,100.0,100.0
202507030205,2025-07-27,18,18,816,816,816,816,816,816,816,0,0,0,0,100.0,100.0
202507030206,2025-07-27,10,10,120,120,120,120,120,120,120,0,0,0,0,100.0,100.0
202507030207,2025-07-27,16,16,560,560,560,560,560,560,560,0,0,0,0,100.0,100.0
202507030208,2025-07-27,7,7,35,35,35,35,35,35,35,0,0,0,0,100.0,100.0
202507030209,2025-07-27,9,9,84,84,84,84,84,84,84,0,0,0,0,100.0,100.0
202507030210,2025-07-27,12,12,220,220,220,220,220,220,220,0,0,0,0,100.0,100.0
202507030211,2025-07-27,11,11,165,165,165,165,165,165,165,0,0,0,0,100.0,100.0
202507030212,2025-07-27,9,9,84,84,84,84,84,84,84,0,0,0,0,100.0,100.0
202501010301,2025-08-02,8,8,56,56,56,56,56,56,56,0,0,0,0,100.0,100.0
202501010302,2025-08-02,12,12,220,220,220,220,220,220,220,0,0,0,0,100.0,100.0
202501010303,2025-08-02,14,14,364,364,364,364,364,364,364,0,0,0,0,100.0,100.0
202501010304,2025-08-02,16,16,560,560,560,560,560,560,560,0,0,0,0,100.0,100.0
202501010305,2025-08-02,11,11,165,165,165,165,165,165,165,0,0,0,0,100.0,100.0
202501010306,2025-08-02,7,7,35,35,35,35,35,35,35,0,0,0,0,100.0,100.0
202501010307,2025-08-02,10,10,120,120,120,120,120,120,120,0,0,0,0,100.0,100.0
202501010308,2025-08-02,11,11,165,165,165,165,165,165,165,0,0,0,0,100.0,100.0
202501010309,2025-08-02,10,10,120,120,120,120,120,120,120,0,0,0,0,100.0,100.0
202501010310,2025-08-02,14,14,364,364,364,364,364,364,364,0,0,0,0,100.0,100.0
202501010311,2025-08-02,16,16,560,560,560,560,560,560,560,0,0,0,0,100.0,100.0
202501010312,2025-08-02,14,14,364,364,364,364,364,364,364,0,0,0,0,100.0,100.0
202504020301,2025-08-02,14,14,364,364,364,364,364,364,364,0,0,0,0,100.0,100.0
202504020302,2025-08-02,15,15,455,455,455,455,455,455,455,0,0,0,0,100.0,100.0
202504020303,2025-08-02,12,12,220,220,220,220,220,220,220,0,0,0,0,100.0,100.0
202504020304,2025-08-02,12,13,220,286,286,286,220,286,220,0,0,0,-66,130.0,100.0
202504020305,2025-08-02,15,15,455,455,455,455,455,455,455,0,0,0,0,100.0,100.0
202504020306,2025-08-02,14,15,364,455,455,455,364,455,364,0,0,0,-91,125.0,100.0
202504020307,2025-08-02,14,15,364,455,455,455,364,455,364,0,0,0,-91,125.0,100.0
202504020308,2025-08-02,12,12,220,220,220,220,220,220,220,0,0,0,0,100.0,100.0
202504020309,2025-08-02,9,9,84,84,84,84,84,84,84,0,0,0,0,100.0,100.0
202504020310,2025-08-02,13,13,286,286,286,286,286,286,286,0,0,0,0,100.0,100.0
202504020311,2025-08-02,17,17,680,680,680,680,680,680,680,0,0,0,0,100.0,100.0
202504020312,2025-08-02,12,12,220,220,220,220,220,220,220,0,0,0,0,100.0,100.0
202507030301,2025-08-02,5,5,10,10,10,10,10,10,10,0,0,0,0,100.0,100.0
202507030302,2025-08-02,7,7,35,35,35,35,35,35,35,0,0,0,0,100.0,100.0
202507030303,2025-08-02,16,16,560,560,560,560,560,560,560,0,0,0,0,100.0,100.0
202507030304,2025-08-02,14,14,364,364,364,364,364,364,364,0,0,0,0,100.0,100.0
202507030305,2025-08-02,16,16,560,560,560,560,560,560,560,0,0,0,0,100.0,100.0
202507030306,2025-08-02,12,12,220,220,220,220,220,220,220,0,0,0,0,100.0,100.0
202507030307,2025-08-02,12,13,220,286,286,286,220,286,220,0,0,0,-66,130.0,100.0
202507030308,2025-08-02,14,14,364,364,364,364,364,364,364,0,0,0,0,100.0,100.0
202507030309,2025-08-02,10,10,120,120,120,120,120,120,120,0,0,0,0,100.0,100.0
202507030310,2025-08-02,13,13,286,286,286,286,286,286,286,0,0,0,0,100.0,100.0
202507030311,2025-08-02,13,13,286,286,286,286,286,286,286,0,0,0,0,100.0,100.0
202507030312,2025-08-02,16,16,560,560,560,560,560,560,560,0,0,0,0,100.0,100.0
202501010401,2025-08-03,12,12,220,220,220,220,220,220,220,0,0,0,0,100.0,100.0
202501010402,2025-08-03,14,14,364,364,364,364,364,364,364,0,0,0,0,100.0,100.0
202501010403,2025-08-03,16,16,560,560,560,560,560,560,560,0,0,0,0,100.0,100.0
202501010404,2025-08-03,14,14,364,364,364,364,364,364,364,0,0,0,0,100.0,100.0
202501010405,2025-08-03,7,8,35,56,56,56,35,56,35,0,0,0,-21,160.0,100.0
202501010406,2025-08-03,14,14,364,364,364,364,364,364,364,0,0,0,0,100.0,100.0
202501010407,2025-08-03,12,12,220,220,220,220,220,220,220,0,0,0,0,100.0,100.0
202501010408,2025-08-03,11,11,165,165,165,165,165,165,165,0,0,0,0,100.0,100.0
202501010409,2025-08-03,10,10,120,120,120,120,120,120,120,0,0,0,0,100.0,100.0
202501010410,2025-08-03,13,13,286,286,286,286,286,286,286,0,0,0,0,100.0,100.0
202501010411,2025-08-03,14,14,364,364,364,364,364,364,364,0,0,0,0,100.0,100.0
202501010412,2025-08-03,7,8,35,56,56,56,35,56,35,0,0,0,-21,160.0,100.0
202504020401,2025-08-03,14,14,364,364,364,364,364,364,364,0,0,0,0,100.0,100.0
202504020402,2025-08-03,15,15,455,455,455,455,455,455,455,0,0,0,0,100.0,100.0
202504020403,2025-08-03,6,6,20,20,20,20,20,20,20,0,0,0,0,100.0,100.0
202504020404,2025-08-03,13,13,286,286,286,286,286,286,286,0,0,0,0,100.0,100.0
202504020405,2025-08-03,15,15,455,455,455,455,455,455,455,0,0,0,0,100.0,100.0
202504020406,2025-08-03,5,5,10,10,10,10,10,10,10,0,0,0,0,100.0,100.0
202504020407,2025-08-03,18,18,816,816,816,816,816,816,816,0,0,0,0,100.0,100.0
202504020408,2025-08-03,11,11,165,165,165,165,165,165,165,0,0,0,0,100.0,100.0
202504020409,2025-08-03,15,15,455,455,455,455,455,455,455,0,0,0,0,100.0,100.0
202504020410,2025-08-03,15,15,455,455,455,455,455,455,455,0,0,0,0,100.0,100.0
202504020411,2025-08-03,14,14,364,364,364,364,364,364,364,0,0,0,0,100.0,100.0
202504020412,2025-08-03,12,12,220,220,220,220,220,220,220,0,0,0,0,100.0,100.0
202507030401,2025-08-03,5,5,10,10,10,10,10,10,10,0,0,0,0,100.0,100.0
202507030402,2025-08-03,15,15,455,455,455,455,455,455,455,0,0,0,0,100.0,100.0
202507030403,2025-08-03,7,7,35,35,35,35,35,35,35,0,0,0,0,100.0,100.0
202507030404,2025-08-03,16,16,560,560,560,560,560,560,560,0,0,0,0,100.0,100.0
202507030405,2025-08-03,16,16,560,560,560,560,560,560,560,0,0,0,0,100.0,100.0
202507030406,2025-08-03,16,16,560,560,560,560,560,560,560,0,0,0,0,100.0,100.0
202507030407,2025-08-03,12,12,220,220,220,220,220,220,220,0,0,0,0,100.0,100.0
202507030408,2025-08-03,8,8,56,56,56,56,56,56,56,0,0,0,0,100.0,100.0
202507030409,2025-08-03,17,18,680,816,816,816,680,816,680,0,0,0,-136,120.0,100.0
202507030410,2025-08-03,16,16,560,560,560,560,560,560,560,0,0,0,0,100.0,100.0
202507030411,2025-08-03,8,8,56,56,56,56,56,56,56,0,0,0,0,100.0,100.0
202507030412,2025-08-03,18,18,816,816,816,816,816,816,816,0,0,0,0,100.0,100.0
202501010501,2025-08-09,12,12,220,220,220,220,220,220,220,0,0,0,0,100.0,100.0
202501010502,2025-08-09,14,14,364,364,364,364,364,364,364,0,0,0,0,100.0,100.0
202501010503,2025-08-09,15,16,455,560,560,560,455,560,455,0,0,0,-105,123.07692307692308,100.0
202501010504,2025-08-09,14,14,364,364,364,364,364,364,364,0,0,0,0,100.0,100.0
202501010505,2025-08-09,11,12,165,220,220,220,165,220,165,0,0,0,-55,133.33333333333334,100.0
202501010506,2025-08-09,15,15,455,455,455,455,455,455,455,0,0,0,0,100.0,100.0
202501010507,2025-08-09,12,12,220,220,220,220,220,220,220,0,0,0,0,100.0,100.0
202501010508,2025-08-09,11,11,165,165,165,165,165,165,165,0,0,0,0,100.0,100.0
202501010509,2025-08-09,10,10,120,120,120,120,120,120,120,0,0,0,0,100.0,100.0
202501010510,2025-08-09,11,11,165,165,165,165,165,165,165,0,0,0,0,100.0,100.0
202501010511,2025-08-09,14,14,364,364,364,364,364,364,364,0,0,0,0,100.0,100.0
202501010512,2025-08-09,11,11,165,165,165,165,165,165,165,0,0,0,0,100.0,100.0
202504020501,2025-08-09,15,15,455,455,455,455,455,455,455,0,0,0,0,100.0,100.0
202504020502,2025-08-09,10,10,120,120,120,120,120,120,120,0,0,0,0,100.0,100.0
202504020503,2025-08-09,17,17,680,680,680,680,680,680,680,0,0,0,0,100.0,100.0
202504020504,2025-08-09,15,15,455,455,455,455,455,455,455,0,0,0,0,100.0,100.0
202504020505,2025-08-09,15,15,455,455,455,455,455,455,455,0,0,0,0,100.0,100.0
202504020506,2025-08-09,16,16,560,560,560,560,560,560,560,0,0,0,0,100.0,100.0
202504020507,2025-08-09,13,13,286,286,286,286,286,286,286,0,0,0,0,100.0,100.0
202504020508,2025-08-09,9,9,84,84,84,84,84,84,84,0,0,0,0,100.0,100.0
202504020509,2025-08-09,14,14,364,364,364,364,364,364,364,0,0,0,0,100.0,100.0
202504020510,2025-08-09,15,15,455,455,455,455,455,455,455,0,0,0,0,100.0,100.0
202504020511,2025-08-09,18,18,816,816,816,816,816,816,816,0,0,0,0,100.0,100.0
202504020512,2025-08-09,18,18,816,816,816,816,816,816,816,0,0,0,0,100.0,100.0
202507030501,2025-08-09,9,9,84,84,84,84,84,84,84,0,0,0,0,100.0,100.0
202507030502,2025-08-09,15,15,455,455,455,455,455,455,455,0,0,0,0,100.0,100.0
202507030503,2025-08-09,12,12,220,220,220,220,220,220,220,0,0,0,0,100.0,100.0
202507030504,2025-08-09,10,11,120,165,165,165,120,165,120,0,0,0,-45,137.5,100.0
202507030505,2025-08-09,16,16,560,560,560,560,560,560,560,0,0,0,0,100.0,100.0
202507030506,2025-08-09,11,11,165,165,165,165,165,165,165,0,0,0,0,100.0,100.0
202507030507,2025-08-09,16,16,560,560,560,560,560,560,560,0,0,0,0,100.0,100.0
202507030508,2025-08-09,7,7,35,35,35,35,35,35,35,0,0,0,0,100.0,100.0
202507030509,2025-08-09,9,9,84,84,84,84,84,84,84,0,0,0,0,100.0,100.0
202507030510,2025-08-09,14,15,364,455,455,455,364,455,364,0,0,0,-91,125.0,100.0
202507030511,2025-08-09,18,18,816,816,816,816,816,816,816,0,0,0,0,100.0,100.0
202507030512,2025-08-09,12,12,220,220,220,220,220,220,220,0,0,0,0,100.0,100.0
202501010601,2025-08-10,14,14,364,364,364,364,364,364,364,0,0,0,0,100.0,100.0
202501010602,2025-08-10,12,12,220,220,220,220,220,220,220,0,0,0,0,100.0,100.0
202501010603,2025-08-10,16,16,560,560,560,560,560,560,560,0,0,0,0,100.0,100.0
202501010604,2025-08-10,14,14,364,364,364,364,364,364,364,0,0,0,0,100.0,100.0
202501010605,2025-08-10,12,12,220,220,220,220,220,220,220,0,0,0,0,100.0,100.0
202501010606,2025-08-10,14,14,364,364,364,364,364,364,364,0,0,0,0,100.0,100.0
202501010607,2025-08-10,15,15,455,455,455,455,455,455,455,0,0,0,0,100.0,100.0
202501010608,2025-08-10,9,9,84,84,84,84,84,84,84,0,0,0,0,100.0,100.0
202501010609,2025-08-10,9,9,84,84,84,84,84,84,84,0,0,0,0,100.0,100.0
202501010610,2025-08-10,14,14,364,364,364,364,364,364,364,0,0,0,0,100.0,100.0
202501010611,2025-08-10,16,16,560,560,560,560,560,560,560,0,0,0,0,100.0,100.0
202501010612,2025-08-10,14,14,364,364,364,364,364,364,364,0,0,0,0,100.0,100.0
202504020601,2025-08-10,18,18,816,816,816,816,816,816,816,0,0,0,0,100.0,100.0
202504020602,2025-08-10,12,12,220,220,220,220,220,220,220,0,0,0,0,100.0,100.0
202504020603,2025-08-10,15,15,455,455,455,455,455,455,455,0,0,0,0,100.0,100.0
202504020604,2025-08-10,14,14,364,364,364,364,364,364,364,0,0,0,0,100.0,100.0
202504020605,2025-08-10,18,18,816,816,816,816,816,816,816,0,0,0,0,100.0,100.0
202504020606,2025-08-10,14,14,364,364,364,364,364,364,364,0,0,0,0,100.0,100.0
202504020607,2025-08-10,15,15,455,455,455,455,455,455,455,0,0,0,0,100.0,100.0
202504020608,2025-08-10,18,18,816,816,816,816,816,816,816,0,0,0,0,100.0,100.0
202504020609,2025-08-10,14,14,364,364,364,364,364,364,364,0,0,0,0,100.0,100.0
202504020610,2025-08-10,15,15,455,455,455,455,455,455,455,0,0,0,0,100.0,100.0
202504020611,2025-08-10,14,14,364,364,364,364,364,364,364,0,0,0,0,100.0,100.0
202504020612,2025-08-10,18,18,816,816,816,816,816,816,816,0,0,0,0,100.0,100.0
202507030601,2025-08-10,11,11,165,165,165,165,165,165,165,0,0,0,0,100.0,100.0
202507030602,2025-08-10,15,15,455,455,455,455,455,455,455,0,0,0,0,100.0,100.0
202507030603,2025-08-10,12,12,220,220,220,220,220,220,220,0,0,0,0,100.0,100.0
202507030604,2025-08-10,13,13,286,286,286,286,286,286,286,0,0,0,0,100.0,100.0
202507030605,2025-08-10,16,16,560,560,560,560,560,560,560,0,0,0,0,100.0,100.0
202507030606,2025-08-10,9,9,84,84,84,84,84,84,84,0,0,0,0,100.0,100.0
202507030607,2025-08-10,17,18,680,816,816,816,680,816,680,0,0,0,-136,120.0,100.0
202507030608,2025-08-10,12,12,220,220,220,220,220,220,220,0,0,0,0,100.0,100.0
202507030609,2025-08-10,14,14,364,364,364,364,364,364,364,0,0,0,0,100.0,100.0
202507030610,2025-08-10,13,13,286,286,286,286,286,286,286,0,0,0,0,100.0,100.0
202507030611,2025-08-10,15,16,455,560,560,560,455,560,455,0,0,0,-105,123.07692307692308,100.0
202507030612,2025-08-10,15,15,455,455,455,455,455,455,455,0,0,0,0,100.0,100.0
202501010701,2025-08-16,7,7,35,35,35,35,35,35,35,0,0,0,0,100.0,100.0
202501010702,2025-08-16,14,14,364,364,364,364,364,364,364,0,0,0,0,100.0,100.0
202501010703,2025-08-16,12,12,220,220,220,220,220,220,220,0,0,0,0,100.0,100.0
202501010704,2025-08-16,14,14,364,364,364,364,364,364,364,0,0,0,0,100.0,100.0
202501010705,2025-08-16,11,11,165,165,165,165,165,165,165,0,0,0,0,100.0,100.0
202501010706,2025-08-16,14,14,364,364,364,364,364,364,364,0,0,0,0,100.0,100.0
202501010707,2025-08-16,9,9,84,84,84,84,84,84,84,0,0,0,0,100.0,100.0
202501010708,2025-08-16,14,14,364,364,364,364,364,364,364,0,0,0,0,100.0,100.0
202501010709,2025-08-16,8,8,56,56,56,56,56,56,56,0,0,0,0,100.0,100.0
202501010710,2025-08-16,13,13,286,286,286,286,286,286,286,0,0,0,0,100.0,100.0
202501010711,2025-08-16,14,14,364,364,364,364,364,364,364,0,0,0,0,100.0,100.0
202501010712,2025-08-16,12,12,220,220,220,220,220,220,220,0,0,0,0,100.0,100.0
202504020701,2025-08-16,13,13,286,286,286,286,286,286,286,0,0,0,0,100.0,100.0
202504020702,2025-08-16,18,18,816,816,816,816,816,816,816,0,0,0,0,100.0,100.0
202504020703,2025-08-16,14,14,364,364,364,364,364,364,364,0,0,0,0,100.0,100.0
202504020704,2025-08-16,11,11,165,165,165,165,165,165,165,0,0,0,0,100.0,100.0
202504020705,2025-08-16,17,17,680,680,680,680,680,680,680,0,0,0,0,100.0,100.0
202504020706,2025-08-16,11,12,165,220,220,220,165,220,165,0,0,0,-55,133.33333333333334,100.0
202504020707,2025-08-16,15,15,455,455,455,455,455,455,455,0,0,0,0,100.0,100.0
202504020708,2025-08-16,13,13,286,286,286,286,286,286,286,0,0,0,0,100.0,100.0
202504020709,2025-08-16,14,14,364,364,364,364,364,364,364,0,0,0,0,100.0,100.0
202504020710,2025-08-16,15,15,455,455,455,455,455,455,455,0,0,0,0,100.0,100.0
202504020711,2025-08-16,18,18,816,816,816,816,816,816,816,0,0,0,0,100.0,100.0
202504020712,2025-08-16,17,17,680,680,680,680,680,680,680,0,0,0,0,100.0,100.0
202507030701,2025-08-16,9,9,84,84,84,84,84,84,84,0,0,0,0,100.0,100.0
202507030702,2025-08-16,10,10,120,120,120,120,120,120,120,0,0,0,0,100.0,100.0
202507030703,2025-08-16,18,18,816,816,816,816,816,816,816,0,0,0,0,100.0,100.0
202507030704,2025-08-16,16,16,560,560,560,560,560,560,560,0,0,0,0,100.0,100.0
202507030705,2025-08-16,16,16,560,560,560,560,560,560,560,0,0,0,0,100.0,100.0
202507030706,2025-08-16,13,13,286,286,286,286,286,286,286,0,0,0,0,100.0,100.0
202507030707,2025-08-16,9,9,84,84,84,84,84,84,84,0,0,0,0,100.0,100.0
202507030708,2025-08-16,8,8,56,56,56,56,56,56,56,0,0,0,0,100.0,100.0
202507030709,2025-08-16,16,16,560,560,560,560,560,560,560,0,0,0,0,100.0,100.0
202507030710,2025-08-16,8,8,56,56,56,56,56,56,56,0,0,0,0,100.0,100.0
202507030711,2025-08-16,17,17,680,680,680,680,680,680,680,0,0,0,0,100.0,100.0
202507030712,2025-08-16,10,10,120,120,120,120,120,120,120,0,0,0,0,100.0,100.0
202501010801,2025-08-17,10,10,120,120,120,120,120,120,120,0,0,0,0,100.0,100.0
202501010802,2025-08-17,12,12,220,220,220,220,220,220,220,0,0,0,0,100.0,100.0
202501010803,2025-08-17,15,16,455,560,560,560,455,560,455,0,0,0,-105,123.07692307692308,100.0
202501010804,2025-08-17,14,14,364,364,364,364,364,364,364,0,0,0,0,100.0,100.0
202501010805,2025-08-17,5,5,10,10,10,10,10,10,10,0,0,0,0,100.0,100.0
202501010806,2025-08-17,12,12,220,220,220,220,220,220,220,0,0,0,0,100.0,100.0
202501010807,2025-08-17,14,14,364,364,364,364,364,364,364,0,0,0,0,100.0,100.0
202501010808,2025-08-17,13,13,286,286,286,286,286,286,286,0,0,0,0,100.0,100.0
202501010809,2025-08-17,16,16,560,560,560,560,560,560,560,0,0,0,0,100.0,100.0
202501010810,2025-08-17,11,11,165,165,165,165,165,165,165,0,0,0,0,100.0,100.0
202501010811,2025-08-17,16,16,560,560,560,560,560,560,560,0,0,0,0,100.0,100.0
202501010812,2025-08-17,14,14,364,364,364,364,364,364,364,0,0,0,0,100.0,100.0
202504020801,2025-08-17,13,13,286,286,286,286,286,286,286,0,0,0,0,100.0,100.0
202504020802,2025-08-17,15,15,455,455,455,455,455,455,455,0,0,0,0,100.0,100.0
202504020803,2025-08-17,11,11,165,165,165,165,165,165,165,0,0,0,0,100.0,100.0
202504020804,2025-08-17,11,11,165,165,165,165,165,165,165,0,0,0,0,100.0,100.0
202504020805,2025-08-17,15,15,455,455,455,455,455,455,455,0,0,0,0,100.0,100.0
202504020806,2025-08-17,11,11,165,165,165,165,165,165,165,0,0,0,0,100.0,100.0
202504020807,2025-08-17,15,15,455,455,455,455,455,455,455,0,0,0,0,100.0,100.0
202504020808,2025-08-17,9,9,84,84,84,84,84,84,84,0,0,0,0,100.0,100.0
202504020809,2025-08-17,15,15,455,455,455,455,455,455,455,0,0,0,0,100.0,100.0
202504020810,2025-08-17,9,10,84,120,120,120,84,120,84,0,0,0,-36,142.85714285714286,100.0
202504020811,2025-08-17,11,11,165,165,165,165,165,165,165,0,0,0,0,100.0,100.0
202504020812,2025-08-17,18,18,816,816,816,816,816,816,816,0,0,0,0,100.0,100.0
202507030801,2025-08-17,7,7,35,35,35,35,35,35,35,0,0,0,0,100.0,100.0
202507030802,2025-08-17,16,16,560,560,560,560,560,560,560,0,0,0,0,100.0,100.0
202507030803,2025-08-17,9,9,84,84,84,84,84,84,84,0,0,0,0,100.0,100.0
202507030804,2025-08-17,13,13,286,286,286,286,286,286,286,0,0,0,0,100.0,100.0
202507030805,2025-08-17,16,16,560,560,560,560,560,560,560,0,0,0,0,100.0,100.0
202507030806,2025-08-17,16,16,560,560,560,560,560,560,560,0,0,0,0,100.0,100.0
202507030807,2025-08-17,12,12,220,220,220,220,220,220,220,0,0,0,0,100.0,100.0
202507030808,2025-08-17,6,6,20,20,20,20,20,20,20,0,0,0,0,100.0,100.0
202507030809,2025-08-17,16,16,560,560,560,560,560,560,560,0,0,0,0,100.0,100.0
202507030810,2025-08-17,16,16,560,560,560,560,560,560,560,0,0,0,0,100.0,100.0
202507030811,2025-08-17,15,15,455,455,455,455,455,455,455,0,0,0,0,100.0,100.0
202507030812,2025-08-17,18,18,816,816,816,816,816,816,816,0,0,0,0,100.0,100.0
202501020101,2025-08-23,8,8,56,56,56,56,56,56,56,0,0,0,0,100.0,100.0
202501020102,2025-08-23,12,12,220,220,220,220,220,220,220,0,0,0,0,100.0,100.0
202501020103,2025-08-23,16,16,560,560,560,560,560,560,560,0,0,0,0,100.0,100.0
202501020104,2025-08-23,14,14,364,364,364,364,364,364,364,0,0,0,0,100.0,100.0
202501020105,2025-08-23,9,9,84,84,84,84,84,84,84,0,0,0,0,100.0,100.0
202501020106,2025-08-23,13,14,286,364,364,364,286,364,286,0,0,0,-78,127.27272727272727,100.0
202501020107,2025-08-23,14,14,364,364,364,364,364,364,364,0,0,0,0,100.0,100.0
202501020108,2025-08-23,9,9,84,84,84,84,84,84,84,0,0,0,0,100.0,100.0
202501020109,2025-08-23,9,9,84,84,84,84,84,84,84,0,0,0,0,100.0,100.0
202501020110,2025-08-23,14,14,364,364,364,364,364,364,364,0,0,0,0,100.0,100.0
202501020111,2025-08-23,14,14,364,364,364,364,364,364,364,0,0,0,0,100.0,100.0
202501020112,2025-08-23,6,7,20,35,35,35,20,35,20,0,0,0,-15,175.0,100.0
202504030101,2025-08-23,6,6,20,20,20,20,20,20,20,0,0,0,0,100.0,100.0
202504030102,2025-08-23,14,14,364,364,364,364,364,364,364,0,0,0,0,100.0,100.0
202504030103,2025-08-23,18,18,816,816,816,816,816,816,816,0,0,0,0,100.0,100.0
202504030104,2025-08-23,16,16,560,560,560,560,560,560,560,0,0,0,0,100.0,100.0
202504030105,2025-08-23,13,13,286,286,286,286,286,286,286,0,0,0,0,100.0,100.0
202504030106,2025-08-23,15,15,455,455,455,455,455,455,455,0,0,0,0,100.0,100.0
202504030107,2025-08-23,11,11,165,165,165,165,165,165,165,0,0,0,0,100.0,100.0
202504030108,2025-08-23,11,11,165,165,165,165,165,165,165,0,0,0,0,100.0,100.0
202504030109,2025-08-23,15,15,455,455,455,455,455,455,455,0,0,0,0,100.0,100.0
202504030110,2025-08-23,17,17,680,680,680,680,680,680,680,0,0,0,0,100.0,100.0
202504030111,2025-08-23,12,12,220,220,220,220,220,220,220,0,0,0,0,100.0,100.0
202504030112,2025-08-23,12,12,220,220,220,220,220,220,220,0,0,0,0,100.0,100.0
202507040101,2025-08-23,6,6,20,20,20,20,20,20,20,0,0,0,0,100.0,100.0
202507040102,2025-08-23,16,16,560,560,560,560,560,560,560,0,0,0,0,100.0,100.0
202507040103,2025-08-23,9,9,84,84,84,84,84,84,84,0,0,0,0,100.0,100.0
202507040104,2025-08-23,18,18,816,816,816,816,816,816,816,0,0,0,0,100.0,100.0
202507040105,2025-08-23,10,10,120,120,120,120,120,120,120,0,0,0,0,100.0,100.0
202507040106,2025-08-23,12,12,220,220,220,220,220,220,220,0,0,0,0,100.0,100.0
202507040107,2025-08-23,16,16,560,560,560,560,560,560,560,0,0,0,0,100.0,100.0
202507040108,2025-08-23,8,8,56,56,56,56,56,56,56,0,0,0,0,100.0,100.0
202507040109,2025-08-23,6,6,20,20,20,20,20,20,20,0,0,0,0,100.0,100.0
202507040110,2025-08-23,13,13,286,286,286,286,286,286,286,0,0,0,0,100.0,100.0
202507040111,2025-08-23,16,16,560,560,560,560,560,560,560,0,0,0,0,100.0,100.0
202507040112,2025-08-23,7,7,35,35,35,35,35,35,35,0,0,0,0,100.0,100.0
202501020201,2025-08-24,14,14,364,364,364,364,364,364,364,0,0,0,0,100.0,100.0
202501020202,2025-08-24,11,12,165,220,220,220,165,220,165,0,0,0,-55,133.33333333333334,100.0
202501020203,2025-08-24,14,14,364,364,364,364,364,364,364,0,0,0,0,100.0,100.0
202501020204,2025-08-24,13,14,286,364,364,364,286,364,286,0,0,0,-78,127.27272727272727,100.0
202501020205,2025-08-24,11,11,165,165,165,165,165,165,165,0,0,0,0,100.0,100.0
202501020206,2025-08-24,16,16,560,560,560,560,560,560,560,0,0,0,0,100.0,100.0
202501020207,2025-08-24,11,11,165,165,165,165,165,165,165,0,0,0,0,100.0,100.0
202501020208,2025-08-24,11,11,165,165,165,165,165,165,165,0,0,0,0,100.0,100.0
202501020209,2025-08-24,13,13,286,286,286,286,286,286,286,0,0,0,0,100.0,100.0
202501020210,2025-08-24,14,14,364,364,364,364,364,364,364,0,0,0,0,100.0,100.0
202501020211,2025-08-24,16,16,560,560,560,560,560,560,560,0,0,0,0,100.0,100.0
202501020212,2025-08-24,14,14,364,364,364,364,364,364,364,0,0,0,0,100.0,100.0
202504030201,2025-08-24,7,7,35,35,35,35,35,35,35,0,0,0,0,100.0,100.0
202504030202,2025-08-24,15,15,455,455,455,455,455,455,455,0,0,0,0,100.0,100.0
202504030203,2025-08-24,17,17,680,680,680,680,680,680,680,0,0,0,0,100.0,100.0
202504030204,2025-08-24,15,15,455,455,455,455,455,455,455,0,0,0,0,100.0,100.0
202504030205,2025-08-24,14,14,364,364,364,364,364,364,364,0,0,0,0,100.0,100.0
202504030206,2025-08-24,13,14,286,364,364,364,286,364,286,0,0,0,-78,127.27272727272727,100.0
202504030207,2025-08-24,18,18,816,816,816,816,816,816,816,0,0,0,0,100.0,100.0
202504030208,2025-08-24,10,10,120,120,120,120,120,120,120,0,0,0,0,100.0,100.0
202504030209,2025-08-24,18,18,816,816,816,816,816,816,816,0,0,0,0,100.0,100.0
202504030210,2025-08-24,13,13,286,286,286,286,286,286,286,0,0,0,0,100.0,100.0
202504030211,2025-08-24,10,10,120,120,120,120,120,120,120,0,0,0,0,100.0,100.0
202504030212,2025-08-24,15,15,455,455,455,455,455,455,455,0,0,0,0,100.0,100.0
202507040201,2025-08-24,11,11,165,165,165,165,165,165,165,0,0,0,0,100.0,100.0
202507040202,2025-08-24,16,16,560,560,560,560,560,560,560,0,0,0,0,100.0,100.0
202507040203,2025-08-24,8,8,56,56,56,56,56,56,56,0,0,0,0,100.0,100.0
202507040204,2025-08-24,16,16,560,560,560,560,560,560,560,0,0,0,0,100.0,100.0
202507040205,2025-08-24,5,5,10,10,10,10,10,10,10,0,0,0,0,100.0,100.0
202507040206,2025-08-24,17,17,680,680,680,680,680,680,680,0,0,0,0,100.0,100.0
202507040207,2025-08-24,7,7,35,35,35,35,35,35,35,0,0,0,0,100.0,100.0
202507040208,2025-08-24,15,15,455,455,455,455,455,455,455,0,0,0,0,100.0,100.0
202507040209,2025-08-24,14,14,364,364,364,364,364,364,364,0,0,0,0,100.0,100.0
202507040210,2025-08-24,16,16,560,560,560,560,560,560,560,0,0,0,0,100.0,100.0
202507040211,2025-08-24,9,9,84,84,84,84,84,84,84,0,0,0,0,100.0,100.0
202507040212,2025-08-24,14,14,364,364,364,364,364,364,364,0,0,0,0,100.0,100.0
202501020301,2025-08-30,8,8,56,56,56,56,56,56,56,0,0,0,0,100.0,100.0
202501020302,2025-08-30,7,7,35,35,35,35,35,35,35,0,0,0,0,100.0,100.0
202501020303,2025-08-30,14,14,364,364,364,364,364,364,364,0,0,0,0,100.0,100.0
202501020304,2025-08-30,14,14,364,364,364,364,364,364,364,0,0,0,0,100.0,100.0
202501020305,2025-08-30,13,13,286,286,286,286,286,286,286,0,0,0,0,100.0,100.0
202501020306,2025-08-30,16,16,560,560,560,560,560,560,560,0,0,0,0,100.0,100.0
202501020307,2025-08-30,12,12,220,220,220,220,220,220,220,0,0,0,0,100.0,100.0
202501020308,2025-08-30,11,11,165,165,165,165,165,165,165,0,0,0,0,100.0,100.0
202501020309,2025-08-30,13,13,286,286,286,286,286,286,286,0,0,0,0,100.0,100.0
202501020310,2025-08-30,14,14,364,364,364,364,364,364,364,0,0,0,0,100.0,100.0
202501020311,2025-08-30,14,14,364,364,364,364,364,364,364,0,0,0,0,100.0,100.0
202501020312,2025-08-30,15,16,455,560,560,560,455,560,455,0,0,0,-105,123.07692307692308,100.0
202504030301,2025-08-30,13,13,286,286,286,286,286,286,286,0,0,0,0,100.0,100.0
202504030302,2025-08-30,15,15,455,455,455,455,455,455,455,0,0,0,0,100.0,100.0
202504030303,2025-08-30,11,11,165,165,165,165,165,165,165,0,0,0,0,100.0,100.0
202504030304,2025-08-30,15,15,455,455,455,455,455,455,455,0,0,0,0,100.0,100.0
202504030305,2025-08-30,18,18,816,816,816,816,816,816,816,0,0,0,0,100.0,100.0
202504030306,2025-08-30,18,18,816,816,816,816,816,816,816,0,0,0,0,100.0,100.0
202504030307,2025-08-30,17,18,680,816,816,816,680,816,680,0,0,0,-136,120.0,100.0
202504030308,2025-08-30,10,10,120,120,120,120,120,120,120,0,0,0,0,100.0,100.0
202504030309,2025-08-30,18,18,816,816,816,816,816,816,816,0,0,0,0,100.0,100.0
202504030310,2025-08-30,13,13,286,286,286,286,286,286,286,0,0,0,0,100.0,100.0
202504030311,2025-08-30,16,16,560,560,560,560,560,560,560,0,0,0,0,100.0,100.0
202504030312,2025-08-30,15,15,455,455,455,455,455,455,455,0,0,0,0,100.0,100.0
202507040301,2025-08-30,12,12,220,220,220,220,220,220,220,0,0,0,0,100.0,100.0
202507040302,2025-08-30,14,14,364,364,364,364,364,364,364,0,0,0,0,100.0,100.0
202507040303,2025-08-30,15,15,455,455,455,455,455,455,455,0,0,0,0,100.0,100.0
202507040304,2025-08-30,15,16,455,560,560,560,455,560,455,0,0,0,-105,123.07692307692308,100.0
202507040305,2025-08-30,10,10,120,120,120,120,120,120,120,0,0,0,0,100.0,100.0
202507040306,2025-08-30,16,16,560,560,560,560,560,560,560,0,0,0,0,100.0,100.0
202507040307,2025-08-30,10,10,120,120,120,120,120,120,120,0,0,0,0,100.0,100.0
202507040308,2025-08-30,8,8,56,56,56,56,56,56,56,0,0,0,0,100.0,100.0
202507040309,2025-08-30,16,16,560,560,560,560,560,560,560,0,0,0,0,100.0,100.0
202507040310,2025-08-30,11,11,165,165,165,165,165,165,165,0,0,0,0,100.0,100.0
202507040311,2025-08-30,16,16,560,560,560,560,560,560,560,0,0,0,0,100.0,100.0
202507040312,2025-08-30,12,12,220,220,220,220,220,220,220,0,0,0,0,100.0,100.0
202501020401,2025-08-31,10,10,120,120,120,120,120,120,120,0,0,0,0,100.0,100.0
202501020402,2025-08-31,14,14,364,364,364,364,364,364,364,0,0,0,0,100.0,100.0
202501020403,2025-08-31,12,12,220,220,220,220,220,220,220,0,0,0,0,100.0,100.0
202501020404,2025-08-31,16,16,560,560,560,560,560,560,560,0,0,0,0,100.0,100.0
202501020405,2025-08-31,8,8,56,56,56,56,56,56,56,0,0,0,0,100.0,100.0
202501020406,2025-08-31,14,14,364,364,364,364,364,364,364,0,0,0,0,100.0,100.0
202501020407,2025-08-31,13,13,286,286,286,286,286,286,286,0,0,0,0,100.0,100.0
202501020408,2025-08-31,13,13,286,286,286,286,286,286,286,0,0,0,0,100.0,100.0
202501020409,2025-08-31,14,14,364,364,364,364,364,364,364,0,0,0,0,100.0,100.0
202501020410,2025-08-31,16,16,560,560,560,560,560,560,560,0,0,0,0,100.0,100.0
202501020411,2025-08-31,13,13,286,286,286,286,286,286,286,0,0,0,0,100.0,100.0
202501020412,2025-08-31,12,12,220,220,220,220,220,220,220,0,0,0,0,100.0,100.0
202504030401,2025-08-31,14,14,364,364,364,364,364,364,364,0,0,0,0,100.0,100.0
202504030402,2025-08-31,15,15,455,455,455,455,455,455,455,0,0,0,0,100.0,100.0
202504030403,2025-08-31,18,18,816,816,816,816,816,816,816,0,0,0,0,100.0,100.0
202504030404,2025-08-31,18,18,816,816,816,816,816,816,816,0,0,0,0,100.0,100.0
202504030405,2025-08-31,12,12,220,220,220,220,220,220,220,0,0,0,0,100.0,100.0
202504030406,2025-08-31,15,15,455,455,455,455,455,455,455,0,0,0,0,100.0,100.0
202504030407,2025-08-31,15,15,455,455,455,455,455,455,455,0,0,0,0,100.0,100.0
202504030408,2025-08-31,9,9,84,84,84,84,84,84,84,0,0,0,0,100.0,100.0
202504030409,2025-08-31,11,12,165,220,220,220,165,220,165,0,0,0,-55,133.33333333333334,100.0
202504030410,2025-08-31,11,11,165,165,165,165,165,165,165,0,0,0,0,100.0,100.0
202504030411,2025-08-31,16,17,560,680,680,680,560,680,560,0,0,0,-120,121.42857142857143,100.0
202504030412,2025-08-31,12,12,220,220,220,220,220,220,220,0,0,0,0,100.0,100.0
202507040401,2025-08-31,13,13,286,286,286,286,286,286,286,0,0,0,0,100.0,100.0
202507040402,2025-08-31,16,16,560,560,560,560,560,560,560,0,0,0,0,100.0,100.0
202507040403,2025-08-31,18,18,816,816,816,816,816,816,816,0,0,0,0,100.0,100.0
202507040404,2025-08-31,16,16,560,560,560,560,560,560,560,0,0,0,0,100.0,100.0
202507040405,2025-08-31,7,7,35,35,35,35,35,35,35,0,0,0,0,100.0,100.0
202507040406,2025-08-31,14,14,364,364,364,364,364,364,364,0,0,0,0,100.0,100.0
202507040407,2025-08-31,13,13,286,286,286,286,286,286,286,0,0,0,0,100.0,100.0
202507040408,2025-08-31,16,16,560,560,560,560,560,560,560,0,0,0,0,100.0,100.0
202507040409,2025-08-31,8,8,56,56,56,56,56,56,56,0,0,0,0,100.0,100.0
202507040410,2025-08-31,16,16,560,560,560,560,560,560,560,0,0,0,0,100.0,100.0
202507040411,2025-08-31,13,13,286,286,286,286,286,286,286,0,0,0,0,100.0,100.0
202507040412,2025-08-31,13,14,286,364,364,364,286,364,286,0,0,0,-78,127.27272727272727,100.0
202501020501,2025-09-06,10,10,120,120,120,120,120,120,120,0,0,0,0,100.0,100.0
202501020502,2025-09-06,11,11,165,165,165,165,165,165,165,0,0,0,0,100.0,100.0
202501020503,2025-09-06,12,12,220,220,220,220,220,220,220,0,0,0,0,100.0,100.0
202501020504,2025-09-06,16,16,560,560,560,560,560,560,560,0,0,0,0,100.0,100.0
202501020505,2025-09-06,10,11,120,165,165,165,120,165,120,0,0,0,-45,137.5,100.0
202501020506,2025-09-06,14,14,364,364,364,364,364,364,364,0,0,0,0,100.0,100.0
202501020507,2025-09-06,14,14,364,364,364,364,364,364,364,0,0,0,0,100.0,100.0
202501020508,2025-09-06,14,14,364,364,364,364,364,364,364,0,0,0,0,100.0,100.0
202501020509,2025-09-06,15,15,455,455,455,455,455,455,455,0,0,0,0,100.0,100.0
202501020510,2025-09-06,16,16,560,560,560,560,560,560,560,0,0,0,0,100.0,100.0
202501020511,2025-09-06,12,12,220,220,220,220,220,220,220,0,0,0,0,100.0,100.0
202501020512,2025-09-06,14,14,364,364,364,364,364,364,364,0,0,0,0,100.0,100.0
202506040101,2025-09-06,9,10,84,120,120,120,84,120,84,0,0,0,-36,142.85714285714286,100.0
202506040102,2025-09-06,12,12,220,220,220,220,220,220,220,0,0,0,0,100.0,100.0
202506040103,2025-09-06,9,9,84,84,84,84,84,84,84,0,0,0,0,100.0,100.0
202506040104,2025-09-06,15,16,455,560,560,560,455,560,455,0,0,0,-105,123.07692307692308,100.0
202506040105,2025-09-06,16,16,560,560,560,560,560,560,560,0,0,0,0,100.0,100.0
202506040106,2025-09-06,16,16,560,560,560,560,560,560,560,0,0,0,0,100.0,100.0
202506040107,2025-09-06,18,18,816,816,816,816,816,816,816,0,0,0,0,100.0,100.0
202506040108,2025-09-06,7,7,35,35,35,35,35,35,35,0,0,0,0,100.0,100.0
202506040109,2025-09-06,11,11,165,165,165,165,165,165,165,0,0,0,0,100.0,100.0
202506040110,2025-09-06,7,8,35,56,56,56,35,56,35,0,0,0,-21,160.0,100.0
202506040111,2025-09-06,16,16,560,560,560,560,560,560,560,0,0,0,0,100.0,100.0
202506040112,2025-09-06,16,16,560,560,560,560,560,560,560,0,0,0,0,100.0,100.0
202509040101,2025-09-06,9,9,84,84,84,84,84,84,84,0,0,0,0,100.0,100.0
202509040102,2025-09-06,5,5,10,10,10,10,10,10,10,0,0,0,0,100.0,100.0
202509040103,2025-09-06,16,16,560,560,560,560,560,560,560,0,0,0,0,100.0,100.0
202509040104,2025-09-06,18,18,816,816,816,816,816,816,816,0,0,0,0,100.0,100.0
202509040105,2025-09-06,11,11,165,165,165,165,165,165,165,0,0,0,0,100.0,100.0
202509040106,2025-09-06,13,13,286,286,286,286,286,286,286,0,0,0,0,100.0,100.0
202509040107,2025-09-06,13,13,286,286,286,286,286,286,286,0,0,0,0,100.0,100.0
202509040108,2025-09-06,9,9,84,84,84,84,84,84,84,0,0,0,0,100.0,100.0
202509040109,2025-09-06,9,9,84,84,84,84,84,84,84,0,0,0,0,100.0,100.0
202509040110,2025-09-06,12,12,220,220,220,220,220,220,220,0,0,0,0,100.0,100.0
202509040111,2025-09-06,14,14,364,364,364,364,364,364,364,0,0,0,0,100.0,100.0
202509040112,2025-09-06,13,13,286,286,286,286,286,286,286,0,0,0,0,100.0,100.0
202501020601,2025-09-07,8,8,56,56,56,56,56,56,56,0,0,0,0,100.0,100.0
202501020602,2025-09-07,10,10,120,120,120,120,120,120,120,0,0,0,0,100.0,100.0
202501020603,2025-09-07,14,14,364,364,364,364,364,364,364,0,0,0,0,100.0,100.0
202501020604,2025-09-07,16,16,560,560,560,560,560,560,560,0,0,0,0,100.0,100.0
202501020605,2025-09-07,14,14,364,364,364,364,364,364,364,0,0,0,0,100.0,100.0
202501020606,2025-09-07,12,12,220,220,220,220,220,220,220,0,0,0,0,100.0,100.0
202501020607,2025-09-07,13,13,286,286,286,286,286,286,286,0,0,0,0,100.0,100.0
202501020608,2025-09-07,16,16,560,560,560,560,560,560,560,0,0,0,0,100.0,100.0
202501020609,2025-09-07,14,14,364,364,364,364,364,364,364,0,0,0,0,100.0,100.0
202501020610,2025-09-07,14,14,364,364,364,364,364,364,364,0,0,0,0,100.0,100.0
202501020611,2025-09-07,12,12,220,220,220,220,220,220,220,0,0,0,0,100.0,100.0
202501020612,2025-09-07,14,14,364,364,364,364,364,364,364,0,0,0,0,100.0,100.0
202506040201,2025-09-07,13,13,286,286,286,286,286,286,286,0,0,0,0,100.0,100.0
202506040202,2025-09-07,16,16,560,560,560,560,560,560,560,0,0,0,0,100.0,100.0
202506040203,2025-09-07,15,15,455,455,455,455,455,455,455,0,0,0,0,100.0,100.0
202506040204,2025-09-07,10,10,120,120,120,120,120,120,120,0,0,0,0,100.0,100.0
202506040205,2025-09-07,12,12,220,220,220,220,220,220,220,0,0,0,0,100.0,100.0
202506040206,2025-09-07,16,16,560,560,560,560,560,560,560,0,0,0,0,100.0,100.0
202506040207,2025-09-07,16,16,560,560,560,560,560,560,560,0,0,0,0,100.0,100.0
202506040208,2025-09-07,15,15,455,455,455,455,455,455,455,0,0,0,0,100.0,100.0
202506040209,2025-09-07,16,16,560,560,560,560,560,560,560,0,0,0,0,100.0,100.0
202506040210,2025-09-07,12,13,220,286,286,286,220,286,220,0,0,0,-66,130.0,100.0
202506040211,2025-09-07,13,13,286,286,286,286,286,286,286,0,0,0,0,100.0,100.0
202506040212,2025-09-07,16,16,560,560,560,560,560,560,560,0,0,0,0,100.0,100.0
202509040201,2025-09-07,7,7,35,35,35,35,35,35,35,0,0,0,0,100.0,100.0
202509040202,2025-09-07,7,7,35,35,35,35,35,35,35,0,0,0,0,100.0,100.0
202509040203,2025-09-07,16,16,560,560,560,560,560,560,560,0,0,0,0,100.0,100.0
202509040204,2025-09-07,16,16,560,560,560,560,560,560,560,0,0,0,0,100.0,100.0
202509040205,2025-09-07,6,6,20,20,20,20,20,20,20,0,0,0,0,100.0,100.0
202509040206,2025-09-07,15,15,455,455,455,455,455,455,455,0,0,0,0,100.0,100.0
202509040207,2025-09-07,9,9,84,84,84,84,84,84,84,0,0,0,0,100.0,100.0
202509040208,2025-09-07,5,5,10,10,10,10,10,10,10,0,0,0,0,100.0,100.0
202509040209,2025-09-07,13,13,286,286,286,286,286,286,286,0,0,0,0,100.0,100.0
202509040210,2025-09-07,12,12,220,220,220,220,220,220,220,0,0,0,0,100.0,100.0
202509040211,2025-09-07,16,16,560,560,560,560,560,560,560,0,0,0,0,100.0,100.0
202509040212,2025-09-07,12,12,220,220,220,220,220,220,220,0,0,0,0,100.0,100.0
202506040301,2025-09-13,11,11,165,165,165,165,165,165,165,0,0,0,0,100.0,100.0
202506040302,2025-09-13,11,11,165,165,165,165,165,165,165,0,0,0,0,100.0,100.0
202506040303,2025-09-13,16,16,560,560,560,560,560,560,560,0,0,0,0,100.0,100.0
202506040304,2025-09-13,13,13,286,286,286,286,286,286,286,0,0,0,0,100.0,100.0
202506040305,2025-09-13,16,16,560,560,560,560,560,560,560,0,0,0,0,100.0,100.0
202506040306,2025-09-13,9,9,84,84,84,84,84,84,84,0,0,0,0,100.0,100.0
202506040307,2025-09-13,16,16,560,560,560,560,560,560,560,0,0,0,0,100.0,100.0
202506040308,2025-09-13,15,16,455,560,560,560,455,560,455,0,0,0,-105,123.07692307692308,100.0
202506040309,2025-09-13,11,11,165,165,165,165,165,165,165,0,0,0,0,100.0,100.0
202506040310,2025-09-13,11,11,165,165,165,165,165,165,165,0,0,0,0,100.0,100.0
202506040311,2025-09-13,10,10,120,120,120,120,120,120,120,0,0,0,0,100.0,100.0
202506040312,2025-09-13,16,16,560,560,560,560,560,560,560,0,0,0,0,100.0,100.0
202509040301,2025-09-13,8,8,56,56,56,56,56,56,56,0,0,0,0,100.0,100.0
202509040302,2025-09-13,8,8,56,56,56,56,56,56,56,0,0,0,0,100.0,100.0
202509040303,2025-09-13,5,5,10,10,10,10,10,10,10,0,0,0,0,100.0,100.0
202509040304,2025-09-13,16,16,560,560,560,560,560,560,560,0,0,0,0,100.0,100.0
202509040305,2025-09-13,11,11,165,165,165,165,165,165,165,0,0,0,0,100.0,100.0
202509040306,2025-09-13,13,13,286,286,286,286,286,286,286,0,0,0,0,100.0,100.0
202509040307,2025-09-13,18,18,816,816,816,816,816,816,816,0,0,0,0,100.0,100.0
202509040308,2025-09-13,6,6,20,20,20,20,20,20,20,0,0,0,0,100.0,100.0
202509040309,2025-09-13,18,18,816,816,816,816,816,816,816,0,0,0,0,100.0,100.0
202509040310,2025-09-13,9,9,84,84,84,84,84,84,84,0,0,0,0,100.0,100.0
202509040311,2025-09-13,15,15,455,455,455,455,455,455,455,0,0,0,0,100.0,100.0
202509040312,2025-09-13,14,14,364,364,364,364,364,364,364,0,0,0,0,100.0,100.0
202506040401,2025-09-14,9,9,84,84,84,84,84,84,84,0,0,0,0,100.0,100.0
202506040402,2025-09-14,16,16,560,560,560,560,560,560,560,0,0,0,0,100.0,100.0
202506040403,2025-09-14,15,15,455,455,455,455,455,455,455,0,0,0,0,100.0,100.0
202506040404,2025-09-14,11,11,165,165,165,165,165,165,165,0,0,0,0,100.0,100.0
202506040405,2025-09-14,10,10,120,120,120,120,120,120,120,0,0,0,0,100.0,100.0
202506040406,2025-09-14,16,16,560,560,560,560,560,560,560,0,0,0,0,100.0,100.0
202506040407,2025-09-14,18,18,816,816,816,816,816,816,816,0,0,0,0,100.0,100.0
202506040408,2025-09-14,15,16,455,560,560,560,455,560,455,0,0,0,-105,123.07692307692308,100.0
202506040409,2025-09-14,8,8,56,56,56,56,56,56,56,0,0,0,0,100.0,100.0
202506040410,2025-09-14,14,14,364,364,364,364,364,364,364,0,0,0,0,100.0,100.0
202506040411,2025-09-14,16,16,560,560,560,560,560,560,560,0,0,0,0,100.0,100.0
202506040412,2025-09-14,16,16,560,560,560,560,560,560,560,0,0,0,0,100.0,100.0
202509040401,2025-09-14,13,13,286,286,286,286,286,286,286,0,0,0,0,100.0,100.0
202509040402,2025-09-14,10,10,120,120,120,120,120,120,120,0,0,0,0,100.0,100.0
202509040403,2025-09-14,15,16,455,560,560,560,455,560,455,0,0,0,-105,123.07692307692308,100.0
202509040404,2025-09-14,15,16,455,560,560,560,455,560,455,0,0,0,-105,123.07692307692308,100.0
202509040405,2025-09-14,7,7,35,35,35,35,35,35,35,0,0,0,0,100.0,100.0
202509040406,2025-09-14,12,12,220,220,220,220,220,220,220,0,0,0,0,100.0,100.0
202509040407,2025-09-14,14,14,364,364,364,364,364,364,364,0,0,0,0,100.0,100.0
202509040408,2025-09-14,13,13,286,286,286,286,286,286,286,0,0,0,0,100.0,100.0
202509040409,2025-09-14,9,9,84,84,84,84,84,84,84,0,0,0,0,100.0,100.0
202509040410,2025-09-14,11,11,165,165,165,165,165,165,165,0,0,0,0,100.0,100.0
202509040411,2025-09-14,17,18,680,816,816,816,680,816,680,0,0,0,-136,120.0,100.0
202509040412,2025-09-14,16,16,560,560,560,560,560,560,560,0,0,0,0,100.0,100.0
202506040501,2025-09-15,16,16,560,560,560,560,560,560,560,0,0,0,0,100.0,100.0
202506040502,2025-09-15,10,10,120,120,120,120,120,120,120,0,0,0,0,100.0,100.0
202506040503,2025-09-15,16,16,560,560,560,560,560,560,560,0,0,0,0,100.0,100.0
202506040504,2025-09-15,16,16,560,560,560,560,560,560,560,0,0,0,0,100.0,100.0
202506040505,2025-09-15,13,13,286,286,286,286,286,286,286,0,0,0,0,100.0,100.0
202506040506,2025-09-15,11,11,165,165,165,165,165,165,165,0,0,0,0,100.0,100.0
202506040507,2025-09-15,16,16,560,560,560,560,560,560,560,0,0,0,0,100.0,100.0
202506040508,2025-09-15,14,14,364,364,364,364,364,364,364,0,0,0,0,100.0,100.0
202506040509,2025-09-15,11,11,165,165,165,165,165,165,165,0,0,0,0,100.0,100.0
202506040510,2025-09-15,9,9,84,84,84,84,84,84,84,0,0,0,0,100.0,100.0
202506040511,2025-09-15,12,12,220,220,220,220,220,220,220,0,0,0,0,100.0,100.0
202506040512,2025-09-15,16,16,560,560,560,560,560,560,560,0,0,0,0,100.0,100.0
202509040501,2025-09-15,7,7,35,35,35,35,35,35,35,0,0,0,0,100.0,100.0
202509040502,2025-09-15,8,8,56,56,56,56,56,56,56,0,0,0,0,100.0,100.0
202509040503,2025-09-15,5,5,10,10,10,10,10,10,10,0,0,0,0,100.0,100.0
202509040504,2025-09-15,16,16,560,560,560,560,560,560,560,0,0,0,0,100.0,100.0
202509040505,2025-09-15,10,10,120,120,120,120,120,120,120,0,0,0,0,100.0,100.0
202509040506,2025-09-15,18,18,816,816,816,816,816,816,816,0,0,0,0,100.0,100.0
202509040507,2025-09-15,13,13,286,286,286,286,286,286,286,0,0,0,0,100.0,100.0
202509040508,2025-09-15,8,8,56,56,56,56,56,56,56,0,0,0,0,100.0,100.0
202509040509,2025-09-15,13,13,286,286,286,286,286,286,286,0,0,0,0,100.0,100.0
202509040510,2025-09-15,9,9,84,84,84,84,84,84,84,0,0,0,0,100.0,100.0
202509040511,2025-09-15,14,14,364,364,364,364,364,364,364,0,0,0,0,100.0,100.0
202509040512,2025-09-15,15,15,455,455,455,455,455,455,455,0,0,0,0,100.0,100.0
202506040601,2025-09-20,13,13,286,286,286,286,286,286,286,0,0,0,0,100.0,100.0
202506040602,2025-09-20,14,14,364,364,364,364,364,364,364,0,0,0,0,100.0,100.0
202506040603,2025-09-20,16,16,560,560,560,560,560,560,560,0,0,0,0,100.0,100.0
202506040604,2025-09-20,11,11,165,165,165,165,165,165,165,0,0,0,0,100.0,100.0
202506040605,2025-09-20,16,16,560,560,560,560,560,560,560,0,0,0,0,100.0,100.0
202506040606,2025-09-20,11,11,165,165,165,165,165,165,165,0,0,0,0,100.0,100.0
202506040607,2025-09-20,18,18,816,816,816,816,816,816,816,0,0,0,0,100.0,100.0
202506040608,2025-09-20,15,16,455,560,560,560,455,560,455,0,0,0,-105,123.07692307692308,100.0
202506040609,2025-09-20,13,13,286,286,286,286,286,286,286,0,0,0,0,100.0,100.0
202506040610,2025-09-20,9,9,84,84,84,84,84,84,84,0,0,0,0,100.0,100.0
202506040611,2025-09-20,15,15,455,455,455,455,455,455,455,0,0,0,0,100.0,100.0
202506040612,2025-09-20,16,16,560,560,560,560,560,560,560,0,0,0,0,100.0,100.0
202509040601,2025-09-20,10,10,120,120,120,120,120,120,120,0,0,0,0,100.0,100.0
202509040602,2025-09-20,7,7,35,35,35,35,35,35,35,0,0,0,0,100.0,100.0
202509040603,2025-09-20,10,10,120,120,120,120,120,120,120,0,0,0,0,100.0,100.0
202509040604,2025-09-20,9,9,84,84,84,84,84,84,84,0,0,0,0,100.0,100.0
202509040605,2025-09-20,14,14,364,364,364,364,364,364,364,0,0,0,0,100.0,100.0
202509040606,2025-09-20,16,16,560,560,560,560,560,560,560,0,0,0,0,100.0,100.0
202509040607,2025-09-20,16,16,560,560,560,560,560,560,560,0,0,0,0,100.0,100.0
202509040608,2025-09-20,6,6,20,20,20,20,20,20,20,0,0,0,0,100.0,100.0
202509040609,2025-09-20,16,16,560,560,560,560,560,560,560,0,0,0,0,100.0,100.0
202509040610,2025-09-20,7,7,35,35,35,35,35,35,35,0,0,0,0,100.0,100.0
202509040611,2025-09-20,13,13,286,286,286,286,286,286,286,0,0,0,0,100.0,100.0
202509040612,2025-09-20,16,16,560,560,560,560,560,560,560,0,0,0,0,100.0,100.0
202506040701,2025-09-21,16,16,560,560,560,560,560,560,560,0,0,0,0,100.0,100.0
202506040702,2025-09-21,16,16,560,560,560,560,560,560,560,0,0,0,0,100.0,100.0
202506040703,2025-09-21,10,10,120,120,120,120,120,120,120,0,0,0,0,100.0,100.0
202506040704,2025-09-21,16,16,560,560,560,560,560,560,560,0,0,0,0,100.0,100.0
202506040705,2025-09-21,10,10,120,120,120,120,120,120,120,0,0,0,0,100.0,100.0
202506040706,2025-09-21,16,16,560,560,560,560,560,560,560,0,0,0,0,100.0,100.0
202506040707,2025-09-21,16,16,560,560,560,560,560,560,560,0,0,0,0,100.0,100.0
202506040708,2025-09-21,16,16,560,560,560,560,560,560,560,0,0,0,0,100.0,100.0
202506040709,2025-09-21,9,9,84,84,84,84,84,84,84,0,0,0,0,100.0,100.0
202506040710,2025-09-21,16,16,560,560,560,560,560,560,560,0,0,0,0,100.0,100.0
202506040711,2025-09-21,11,11,165,165,165,165,165,165,165,0,0,0,0,100.0,100.0
202506040712,2025-09-21,16,16,560,560,560,560,560,560,560,0,0,0,0,100.0,100.0
202509040701,2025-09-21,8,8,56,56,56,56,56,56,56,0,0,0,0,100.0,100.0
202509040702,2025-09-21,13,13,286,286,286,286,286,286,286,0,0,0,0,100.0,100.0
202509040703,2025-09-21,11,11,165,165,165,165,165,165,165,0,0,0,0,100.0,100.0
202509040704,2025-09-21,13,13,286,286,286,286,286,286,286,0,0,0,0,100.0,100.0
202509040705,2025-09-21,9,9,84,84,84,84,84,84,84,0,0,0,0,100.0,100.0
202509040706,2025-09-21,9,9,84,84,84,84,84,84,84,0,0,0,0,100.0,100.0
202509040707,2025-09-21,13,13,286,286,286,286,286,286,286,0,0,0,0,100.0,100.0
202509040708,2025-09-21,13,13,286,286,286,286,286,286,286,0,0,0,0,100.0,100.0
202509040709,2025-09-21,10,10,120,120,120,120,120,120,120,0,0,0,0,100.0,100.0
202509040710,2025-09-21,9,9,84,84,84,84,84,84,84,0,0,0,0,100.0,100.0
202509040711,2025-09-21,10,10,120,120,120,120,120,120,120,0,0,0,0,100.0,100.0
202509040712,2025-09-21,15,16,455,560,560,560,455,560,455,0,0,0,-105,123.07692307692308,100.0
202506040801,2025-09-27,11,11,165,165,165,165,165,165,165,0,0,0,0,100.0,100.0
202506040802,2025-09-27,16,16,560,560,560,560,560,560,560,0,0,0,0,100.0,100.0
202506040803,2025-09-27,16,16,560,560,560,560,560,560,560,0,0,0,0,100.0,100.0
202506040804,2025-09-27,16,16,560,560,560,560,560,560,560,0,0,0,0,100.0,100.0
202506040805,2025-09-27,16,16,560,560,560,560,560,560,560,0,0,0,0,100.0,100.0
202506040806,2025-09-27,16,16,560,560,560,560,560,560,560,0,0,0,0,100.0,100.0
202506040807,2025-09-27,16,16,560,560,560,560,560,560,560,0,0,0,0,100.0,100.0
202506040808,2025-09-27,16,16,560,560,560,560,560,560,560,0,0,0,0,100.0,100.0
202506040809,2025-09-27,9,9,84,84,84,84,84,84,84,0,0,0,0,100.0,100.0
202506040810,2025-09-27,16,16,560,560,560,560,560,560,560,0,0,0,0,100.0,100.0
202506040811,2025-09-27,16,16,560,560,560,560,560,560,560,0,0,0,0,100.0,100.0
202506040812,2025-09-27,16,16,560,560,560,560,560,560,560,0,0,0,0,100.0,100.0
202509040801,2025-09-27,15,15,455,455,455,455,455,455,455,0,0,0,0,100.0,100.0
202509040802,2025-09-27,9,9,84,84,84,84,84,84,84,0,0,0,0,100.0,100.0
202509040803,2025-09-27,14,15,364,455,455,455,364,455,364,0,0,0,-91,125.0,100.0
202509040804,2025-09-27,16,16,560,560,560,560,560,560,560,0,0,0,0,100.0,100.0
202509040805,2025-09-27,11,11,165,165,165,165,165,165,165,0,0,0,0,100.0,100.0
202509040806,2025-09-27,13,13,286,286,286,286,286,286,286,0,0,0,0,100.0,100.0
202509040807,2025-09-27,16,16,560,560,560,560,560,560,560,0,0,0,0,100.0,100.0
202509040808,2025-09-27,13,13,286,286,286,286,286,286,286,0,0,0,0,100.0,100.0
202509040809,2025-09-27,8,8,56,56,56,56,56,56,56,0,0,0,0,100.0,100.0
202509040810,2025-09-27,16,16,560,560,560,560,560,560,560,0,0,0,0,100.0,100.0
202509040811,2025-09-27,14,14,364,364,364,364,364,364,364,0,0,0,0,100.0,100.0
202509040812,2025-09-27,16,16,560,560,560,560,560,560,560,0,0,0,0,100.0,100.0
202506040901,2025-09-28,12,12,220,220,220,220,220,220,220,0,0,0,0,100.0,100.0
202506040902,2025-09-28,16,16,560,560,560,560,560,560,560,0,0,0,0,100.0,100.0
202506040903,2025-09-28,16,16,560,560,560,560,560,560,560,0,0,0,0,100.0,100.0
202506040904,2025-09-28,16,16,560,560,560,560,560,560,560,0,0,0,0,100.0,100.0
202506040905,2025-09-28,17,17,680,680,680,680,680,680,680,0,0,0,0,100.0,100.0
202506040906,2025-09-28,16,16,560,560,560,560,560,560,560,0,0,0,0,100.0,100.0
202506040907,2025-09-28,16,16,560,560,560,560,560,560,560,0,0,0,0,100.0,100.0
202506040908,2025-09-28,16,16,560,560,560,560,560,560,560,0,0,0,0,100.0,100.0
202506040909,2025-09-28,8,8,56,56,56,56,56,56,56,0,0,0,0,100.0,100.0
202506040910,2025-09-28,13,13,286,286,286,286,286,286,286,0,0,0,0,100.0,100.0
202506040911,2025-09-28,16,16,560,560,560,560,560,560,560,0,0,0,0,100.0,100.0
202506040912,2025-09-28,16,16,560,560,560,560,560,560,560,0,0,0,0,100.0,100.0
202509040901,2025-09-28,12,13,220,286,286,286,220,286,220,0,0,0,-66,130.0,100.0
202509040902,2025-09-28,14,14,364,364,364,364,364,364,364,0,0,0,0,100.0,100.0
202509040903,2025-09-28,10,10,120,120,120,120,120,120,120,0,0,0,0,100.0,100.0
202509040904,2025-09-28,9,9,84,84,84,84,84,84,84,0,0,0,0,100.0,100.0
202509040905,2025-09-28,18,18,816,816,816,816,816,816,816,0,0,0,0,100.0,100.0
202509040906,2025-09-28,16,16,560,560,560,560,560,560,560,0,0,0,0,100.0,100.0
202509040907,2025-09-28,16,16,560,560,560,560,560,560,560,0,0,0,0,100.0,100.0
202509040908,2025-09-28,18,18,816,816,816,816,816,816,816,0,0,0,0,100.0,100.0
202509040909,2025-09-28,12,12,220,220,220,220,220,220,220,0,0,0,0,100.0,100.0
202509040910,2025-09-28,16,16,560,560,560,560,560,560,560,0,0,0,0,100.0,100.0
202509040911,2025-09-28,12,12,220,220,220,220,220,220,220,0,0,0,0,100.0,100.0
202509040912,2025-09-28,14,14,364,364,364,364,364,364,364,0,0,0,0,100.0,100.0
202505040101,2025-10-04,16,16,560,560,560,560,560,560,560,0,0,0,0,100.0,100.0
202505040102,2025-10-04,9,9,84,84,84,84,84,84,84,0,0,0,0,100.0,100.0
202505040103,2025-10-04,17,18,680,816,816,816,680,816,680,0,0,0,-136,120.0,100.0
202505040104,2025-10-04,11,11,165,165,165,165,165,165,165,0,0,0,0,100.0,100.0
202505040105,2025-10-04,17,17,680,680,680,680,680,680,680,0,0,0,0,100.0,100.0
202505040106,2025-10-04,16,16,560,560,560,560,560,560,560,0,0,0,0,100.0,100.0
202505040107,2025-10-04,10,10,120,120,120,120,120,120,120,0,0,0,0,100.0,100.0
202505040108,2025-10-04,16,16,560,560,560,560,560,560,560,0,0,0,0,100.0,100.0
202505040109,2025-10-04,12,12,220,220,220,220,220,220,220,0,0,0,0,100.0,100.0
202505040110,2025-10-04,15,15,455,455,455,455,455,455,455,0,0,0,0,100.0,100.0
202505040111,2025-10-04,16,16,560,560,560,560,560,560,560,0,0,0,0,100.0,100.0
202505040112,2025-10-04,16,16,560,560,560,560,560,560,560,0,0,0,0,100.0,100.0
202508030101,2025-10-04,14,14,364,364,364,364,364,364,364,0,0,0,0,100.0,100.0
202508030102,2025-10-04,8,8,56,56,56,56,56,56,56,0,0,0,0,100.0,100.0
202508030103,2025-10-04,16,16,560,560,560,560,560,560,560,0,0,0,0,100.0,100.0
202508030104,2025-10-04,14,14,364,364,364,364,364,364,364,0,0,0,0,100.0,100.0
202508030105,2025-10-04,14,14,364,364,364,364,364,364,364,0,0,0,0,100.0,100.0
202508030106,2025-10-04,16,16,560,560,560,560,560,560,560,0,0,0,0,100.0,100.0
202508030107,2025-10-04,18,18,816,816,816,816,816,816,816,0,0,0,0,100.0,100.0
202508030108,2025-10-04,12,12,220,220,220,220,220,220,220,0,0,0,0,100.0,100.0
202508030109,2025-10-04,8,8,56,56,56,56,56,56,56,0,0,0,0,100.0,100.0
202508030110,2025-10-04,16,16,560,560,560,560,560,560,560,0,0,0,0,100.0,100.0
202508030111,2025-10-04,18,18,816,816,816,816,816,816,816,0,0,0,0,100.0,100.0
202508030112,2025-10-04,13,13,286,286,286,286,286,286,286,0,0,0,0,100.0,100.0
202505040201,2025-10-05,16,16,560,560,560,560,560,560,560,0,0,0,0,100.0,100.0
202505040202,2025-10-05,11,11,165,165,165,165,165,165,165,0,0,0,0,100.0,100.0
202505040203,2025-10-05,17,17,680,680,680,680,680,680,680,0,0,0,0,100.0,100.0
202505040204,2025-10-05,14,14,364,364,364,364,364,364,364,0,0,0,0,100.0,100.0
202505040205,2025-10-05,15,15,455,455,455,455,455,455,455,0,0,0,0,100.0,100.0
202505040206,2025-10-05,16,16,560,560,560,560,560,560,560,0,0,0,0,100.0,100.0
202505040207,2025-10-05,18,18,816,816,816,816,816,816,816,0,0,0,0,100.0,100.0
202505040208,2025-10-05,14,14,364,364,364,364,364,364,364,0,0,0,0,100.0,100.0
202505040209,2025-10-05,17,18,680,816,816,816,680,816,680,0,0,0,-136,120.0,100.0
202505040210,2025-10-05,16,16,560,560,560,560,560,560,560,0,0,0,0,100.0,100.0
202505040211,2025-10-05,11,11,165,165,165,165,165,165,165,0,0,0,0,100.0,100.0
202505040212,2025-10-05,16,16,560,560,560,560,560,560,560,0,0,0,0,100.0,100.0
202508030201,2025-10-05,16,16,560,560,560,560,560,560,560,0,0,0,0,100.0,100.0
202508030202,2025-10-05,7,7,35,35,35,35,35,35,35,0,0,0,0,100.0,100.0
202508030203,2025-10-05,16,16,560,560,560,560,560,560,560,0,0,0,0,100.0,100.0
202508030204,2025-10-05,12,12,220,220,220,220,220,220,220,0,0,0,0,100.0,100.0
202508030205,2025-10-05,13,13,286,286,286,286,286,286,286,0,0,0,0,100.0,100.0
202508030206,2025-10-05,14,14,364,364,364,364,364,364,364,0,0,0,0,100.0,100.0
202508030207,2025-10-05,12,12,220,220,220,220,220,220,220,0,0,0,0,100.0,100.0
202508030208,2025-10-05,16,16,560,560,560,560,560,560,560,0,0,0,0,100.0,100.0
202508030209,2025-10-05,9,9,84,84,84,84,84,84,84,0,0,0,0,100.0,100.0
202508030210,2025-10-05,16,16,560,560,560,560,560,560,560,0,0,0,0,100.0,100.0
202508030211,2025-10-05,18,18,816,816,816,816,816,816,816,0,0,0,0,100.0,100.0
202508030212,2025-10-05,16,16,560,560,560,560,560,560,560,0,0,0,0,100.0,100.0
202505040301,2025-10-11,10,10,120,120,120,120,120,120,120,0,0,0,0,100.0,100.0
202505040302,2025-10-11,16,16,560,560,560,560,560,560,560,0,0,0,0,100.0,100.0
202505040303,2025-10-11,10,10,120,120,120,120,120,120,120,0,0,0,0,100.0,100.0
202505040304,2025-10-11,16,16,560,560,560,560,560,560,560,0,0,0,0,100.0,100.0
202505040305,2025-10-11,14,14,364,364,364,364,364,364,364,0,0,0,0,100.0,100.0
202505040306,2025-10-11,16,16,560,560,560,560,560,560,560,0,0,0,0,100.0,100.0
202505040307,2025-10-11,10,10,120,120,120,120,120,120,120,0,0,0,0,100.0,100.0
202505040308,2025-10-11,16,16,560,560,560,560,560,560,560,0,0,0,0,100.0,100.0
202505040309,2025-10-11,10,10,120,120,120,120,120,120,120,0,0,0,0,100.0,100.0
202505040310,2025-10-11,16,16,560,560,560,560,560,560,560,0,0,0,0,100.0,100.0
202505040311,2025-10-11,8,8,56,56,56,56,56,56,56,0,0,0,0,100.0,100.0
202505040312,2025-10-11,16,16,560,560,560,560,560,560,560,0,0,0,0,100.0,100.0
202508030301,2025-10-11,16,16,560,560,560,560,560,560,560,0,0,0,0,100.0,100.0
202508030302,2025-10-11,8,8,56,56,56,56,56,56,56,0,0,0,0,100.0,100.0
202508030303,2025-10-11,6,6,20,20,20,20,20,20,20,0,0,0,0,100.0,100.0
202508030304,2025-10-11,10,11,120,165,165,165,120,165,120,0,0,0,-45,137.5,100.0
202508030305,2025-10-11,17,18,680,816,816,816,680,816,680,0,0,0,-136,120.0,100.0
202508030306,2025-10-11,11,11,165,165,165,165,165,165,165,0,0,0,0,100.0,100.0
202508030307,2025-10-11,11,11,165,165,165,165,165,165,165,0,0,0,0,100.0,100.0
202508030308,2025-10-11,7,7,35,35,35,35,35,35,35,0,0,0,0,100.0,100.0
202508030309,2025-10-11,12,12,220,220,220,220,220,220,220,0,0,0,0,100.0,100.0
202508030310,2025-10-11,13,13,286,286,286,286,286,286,286,0,0,0,0,100.0,100.0
202508030311,2025-10-11,16,16,560,560,560,560,560,560,560,0,0,0,0,100.0,100.0
202508030312,2025-10-11,16,16,560,560,560,560,560,560,560,0,0,0,0,100.0,100.0
202505040401,2025-10-12,15,16,455,560,560,560,455,560,455,0,0,0,-105,123.07692307692308,100.0
202505040402,2025-10-12,10,10,120,120,120,120,120,120,120,0,0,0,0,100.0,100.0
202505040403,2025-10-12,10,10,120,120,120,120,120,120,120,0,0,0,0,100.0,100.0
202505040404,2025-10-12,16,16,560,560,560,560,560,560,560,0,0,0,0,100.0,100.0
202505040405,2025-10-12,12,12,220,220,220,220,220,220,220,0,0,0,0,100.0,100.0
202505040406,2025-10-12,15,15,455,455,455,455,455,455,455,0,0,0,0,100.0,100.0
202505040407,2025-10-12,16,16,560,560,560,560,560,560,560,0,0,0,0,100.0,100.0
202505040408,2025-10-12,11,11,165,165,165,165,165,165,165,0,0,0,0,100.0,100.0
202505040409,2025-10-12,16,16,560,560,560,560,560,560,560,0,0,0,0,100.0,100.0
202505040410,2025-10-12,16,16,560,560,560,560,560,560,560,0,0,0,0,100.0,100.0
202505040411,2025-10-12,16,16,560,560,560,560,560,560,560,0,0,0,0,100.0,100.0
202505040412,2025-10-12,16,16,560,560,560,560,560,560,560,0,0,0,0,100.0,100.0
202508030401,2025-10-12,12,12,220,220,220,220,220,220,220,0,0,0,0,100.0,100.0
202508030402,2025-10-12,7,7,35,35,35,35,35,35,35,0,0,0,0,100.0,100.0
202508030403,2025-10-12,9,9,84,84,84,84,84,84,84,0,0,0,0,100.0,100.0
202508030404,2025-10-12,12,12,220,220,220,220,220,220,220,0,0,0,0,100.0,100.0
202508030405,2025-10-12,13,13,286,286,286,286,286,286,286,0,0,0,0,100.0,100.0
202508030406,2025-10-12,16,16,560,560,560,560,560,560,560,0,0,0,0,100.0,100.0
202508030407,2025-10-12,13,13,286,286,286,286,286,286,286,0,0,0,0,100.0,100.0
202508030408,2025-10-12,14,14,364,364,364,364,364,364,364,0,0,0,0,100.0,100.0
202508030409,2025-10-12,14,14,364,364,364,364,364,364,364,0,0,0,0,100.0,100.0
202508030410,2025-10-12,13,13,286,286,286,286,286,286,286,0,0,0,0,100.0,100.0
202508030411,2025-10-12,9,9,84,84,84,84,84,84,84,0,0,0,0,100.0,100.0
202508030412,2025-10-12,18,18,816,816,816,816,816,816,816,0,0,0,0,100.0,100.0
202505040501,2025-10-13,15,15,455,455,455,455,455,455,455,0,0,0,0,100.0,100.0
202505040502,2025-10-13,13,13,286,286,286,286,286,286,286,0,0,0,0,100.0,100.0
202505040503,2025-10-13,12,12,220,220,220,220,220,220,220,0,0,0,0,100.0,100.0
202505040504,2025-10-13,14,14,364,364,364,364,364,364,364,0,0,0,0,100.0,100.0
202505040505,2025-10-13,13,13,286,286,286,286,286,286,286,0,0,0,0,100.0,100.0
202505040506,2025-10-13,17,17,680,680,680,680,680,680,680,0,0,0,0,100.0,100.0
202505040507,2025-10-13,16,16,560,560,560,560,560,560,560,0,0,0,0,100.0,100.0
202505040508,2025-10-13,7,7,35,35,35,35,35,35,35,0,0,0,0,100.0,100.0
202505040509,2025-10-13,18,18,816,816,816,816,816,816,816,0,0,0,0,100.0,100.0
202505040510,2025-10-13,8,8,56,56,56,56,56,56,56,0,0,0,0,100.0,100.0
202505040511,2025-10-13,18,18,816,816,816,816,816,816,816,0,0,0,0,100.0,100.0
202505040512,2025-10-13,16,16,560,560,560,560,560,560,560,0,0,0,0,100.0,100.0
202508030501,2025-10-13,8,8,56,56,56,56,56,56,56,0,0,0,0,100.0,100.0
202508030502,2025-10-13,10,10,120,120,120,120,120,120,120,0,0,0,0,100.0,100.0
202508030503,2025-10-13,16,16,560,560,560,560,560,560,560,0,0,0,0,100.0,100.0
202508030504,2025-10-13,13,13,286,286,286,286,286,286,286,0,0,0,0,100.0,100.0
202508030505,2025-10-13,11,11,165,165,165,165,165,165,165,0,0,0,0,100.0,100.0
202508030506,2025-10-13,15,15,455,455,455,455,455,455,455,0,0,0,0,100.0,100.0
202508030507,2025-10-13,15,15,455,455,455,455,455,455,455,0,0,0,0,100.0,100.0
202508030508,2025-10-13,13,13,286,286,286,286,286,286,286,0,0,0,0,100.0,100.0
202508030509,2025-10-13,12,12,220,220,220,220,220,220,220,0,0,0,0,100.0,100.0
202508030510,2025-10-13,10,10,120,120,120,120,120,120,120,0,0,0,0,100.0,100.0
202508030511,2025-10-13,18,18,816,816,816,816,816,816,816,0,0,0,0,100.0,100.0
202508030512,2025-10-13,16,16,560,560,560,560,560,560,560,0,0,0,0,100.0,100.0
202504040101,2025-10-18,13,13,286,286,286,286,286,286,286,0,0,0,0,100.0,100.0
202504040102,2025-10-18,14,14,364,364,364,364,364,364,364,0,0,0,0,100.0,100.0
202504040103,2025-10-18,18,18,816,816,816,816,816,816,816,0,0,0,0,100.0,100.0
202504040104,2025-10-18,14,14,364,364,364,364,364,364,364,0,0,0,0,100.0,100.0
202504040105,2025-10-18,15,15,455,455,455,455,455,455,455,0,0,0,0,100.0,100.0
202504040106,2025-10-18,15,15,455,455,455,455,455,455,455,0,0,0,0,100.0,100.0
202504040107,2025-10-18,18,18,816,816,816,816,816,816,816,0,0,0,0,100.0,100.0
202504040108,2025-10-18,15,15,455,455,455,455,455,455,455,0,0,0,0,100.0,100.0
202504040109,2025-10-18,15,15,455,455,455,455,455,455,455,0,0,0,0,100.0,100.0
202504040110,2025-10-18,15,15,455,455,455,455,455,455,455,0,0,0,0,100.0,100.0
202504040111,2025-10-18,18,18,816,816,816,816,816,816,816,0,0,0,0,100.0,100.0
202504040112,2025-10-18,18,18,816,816,816,816,816,816,816,0,0,0,0,100.0,100.0
202505040601,2025-10-18,11,11,165,165,165,165,165,165,165,0,0,0,0,100.0,100.0
202505040602,2025-10-18,9,9,84,84,84,84,84,84,84,0,0,0,0,100.0,100.0
202505040603,2025-10-18,8,8,56,56,56,56,56,56,56,0,0,0,0,100.0,100.0
202505040604,2025-10-18,18,18,816,816,816,816,816,816,816,0,0,0,0,100.0,100.0
202505040605,2025-10-18,16,16,560,560,560,560,560,560,560,0,0,0,0,100.0,100.0
202505040606,2025-10-18,15,15,455,455,455,455,455,455,455,0,0,0,0,100.0,100.0
202505040607,2025-10-18,17,17,680,680,680,680,680,680,680,0,0,0,0,100.0,100.0
202505040608,2025-10-18,7,8,35,56,56,56,35,56,35,0,0,0,-21,160.0,100.0
202505040609,2025-10-18,7,7,35,35,35,35,35,35,35,0,0,0,0,100.0,100.0
202505040610,2025-10-18,16,16,560,560,560,560,560,560,560,0,0,0,0,100.0,100.0
202505040611,2025-10-18,14,14,364,364,364,364,364,364,364,0,0,0,0,100.0,100.0
202505040612,2025-10-18,14,14,364,364,364,364,364,364,364,0,0,0,0,100.0,100.0
202508030601,2025-10-18,9,9,84,84,84,84,84,84,84,0,0,0,0,100.0,100.0
202508030602,2025-10-18,10,10,120,120,120,120,120,120,120,0,0,0,0,100.0,100.0
202508030603,2025-10-18,7,7,35,35,35,35,35,35,35,0,0,0,0,100.0,100.0
202508030604,2025-10-18,11,11,165,165,165,165,165,165,165,0,0,0,0,100.0,100.0
202508030605,2025-10-18,13,13,286,286,286,286,286,286,286,0,0,0,0,100.0,100.0
202508030606,2025-10-18,16,16,560,560,560,560,560,560,560,0,0,0,0,100.0,100.0
202508030607,2025-10-18,8,8,56,56,56,56,56,56,56,0,0,0,0,100.0,100.0
202508030608,2025-10-18,7,7,35,35,35,35,35,35,35,0,0,0,0,100.0,100.0
202508030609,2025-10-18,12,13,220,286,286,286,220,286,220,0,0,0,-66,130.0,100.0
202508030610,2025-10-18,9,10,84,120,120,120,84,120,84,0,0,0,-36,142.85714285714286,100.0
202508030611,2025-10-18,16,16,560,560,560,560,560,560,560,0,0,0,0,100.0,100.0
202508030612,2025-10-18,15,15,455,455,455,455,455,455,455,0,0,0,0,100.0,100.0
202504040201,2025-10-19,12,12,220,220,220,220,220,220,220,0,0,0,0,100.0,100.0
202504040202,2025-10-19,15,15,455,455,455,455,455,455,455,0,0,0,0,100.0,100.0
202504040203,2025-10-19,18,18,816,816,816,816,816,816,816,0,0,0,0,100.0,100.0
202504040204,2025-10-19,13,13,286,286,286,286,286,286,286,0,0,0,0,100.0,100.0
202504040205,2025-10-19,18,18,816,816,816,816,816,816,816,0,0,0,0,100.0,100.0
202504040206,2025-10-19,15,15,455,455,455,455,455,455,455,0,0,0,0,100.0,100.0
202504040207,2025-10-19,18,18,816,816,816,816,816,816,816,0,0,0,0,100.0,100.0
202504040208,2025-10-19,15,15,455,455,455,455,455,455,455,0,0,0,0,100.0,100.0
202504040209,2025-10-19,15,15,455,455,455,455,455,455,455,0,0,0,0,100.0,100.0
202504040210,2025-10-19,18,18,816,816,816,816,816,816,816,0,0,0,0,100.0,100.0
202504040211,2025-10-19,14,14,364,364,364,364,364,364,364,0,0,0,0,100.0,100.0
202504040212,2025-10-19,14,14,364,364,364,364,364,364,364,0,0,0,0,100.0,100.0
202505040701,2025-10-19,13,14,286,364,364,364,286,364,286,0,0,0,-78,127.27272727272727,100.0
202505040702,2025-10-19,8,8,56,56,56,56,56,56,56,0,0,0,0,100.0,100.0
202505040703,2025-10-19,13,13,286,286,286,286,286,286,286,0,0,0,0,100.0,100.0
202505040704,2025-10-19,16,16,560,560,560,560,560,560,560,0,0,0,0,100.0,100.0
202505040705,2025-10-19,18,18,816,816,816,816,816,816,816,0,0,0,0,100.0,100.0
202505040706,2025-10-19,8,8,56,56,56,56,56,56,56,0,0,0,0,100.0,100.0
202505040707,2025-10-19,13,13,286,286,286,286,286,286,286,0,0,0,0,100.0,100.0
202505040708,2025-10-19,15,15,455,455,455,455,455,455,455,0,0,0,0,100.0,100.0
202505040709,2025-10-19,10,10,120,120,120,120,120,120,120,0,0,0,0,100.0,100.0
202505040710,2025-10-19,13,13,286,286,286,286,286,286,286,0,0,0,0,100.0,100.0
202505040711,2025-10-19,12,12,220,220,220,220,220,220,220,0,0,0,0,100.0,100.0
202505040712,2025-10-19,18,18,816,816,816,816,816,816,816,0,0,0,0,100.0,100.0
202508030701,2025-10-19,12,12,220,220,220,220,220,220,220,0,0,0,0,100.0,100.0
202508030702,2025-10-19,6,6,20,20,20,20,20,20,20,0,0,0,0,100.0,100.0
202508030703,2025-10-19,12,12,220,220,220,220,220,220,220,0,0,0,0,100.0,100.0
202508030704,2025-10-19,17,17,680,680,680,680,680,680,680,0,0,0,0,100.0,100.0
202508030705,2025-10-19,11,11,165,165,165,165,165,165,165,0,0,0,0,100.0,100.0
202508030706,2025-10-19,12,12,220,220,220,220,220,220,220,0,0,0,0,100.0,100.0
202508030707,2025-10-19,12,12,220,220,220,220,220,220,220,0,0,0,0,100.0,100.0
202508030708,2025-10-19,10,10,120,120,120,120,120,120,120,0,0,0,0,100.0,100.0
202508030709,2025-10-19,7,7,35,35,35,35,35,35,35,0,0,0,0,100.0,100.0
202508030710,2025-10-19,16,16,560,560,560,560,560,560,560,0,0,0,0,100.0,100.0
202508030711,2025-10-19,18,18,816,816,816,816,816,816,816,0,0,0,0,100.0,100.0
202508030712,2025-10-19,14,14,364,364,364,364,364,364,364,0,0,0,0,100.0,100.0
202504040301,2025-10-25,15,15,455,455,455,455,455,455,455,0,0,0,0,100.0,100.0
202504040302,2025-10-25,15,15,455,455,455,455,455,455,455,0,0,0,0,100.0,100.0
202504040303,2025-10-25,13,13,286,286,286,286,286,286,286,0,0,0,0,100.0,100.0
202504040304,2025-10-25,15,15,455,455,455,455,455,455,455,0,0,0,0,100.0,100.0
202504040305,2025-10-25,14,14,364,364,364,364,364,364,364,0,0,0,0,100.0,100.0
202504040306,2025-10-25,15,15,455,455,455,455,455,455,455,0,0,0,0,100.0,100.0
202504040307,2025-10-25,14,14,364,364,364,364,364,364,364,0,0,0,0,100.0,100.0
202504040308,2025-10-25,14,14,364,364,364,364,364,364,364,0,0,0,0,100.0,100.0
202504040309,2025-10-25,18,18,816,816,816,816,816,816,816,0,0,0,0,100.0,100.0
202504040310,2025-10-25,15,15,455,455,455,455,455,455,455,0,0,0,0,100.0,100.0
202504040311,2025-10-25,18,18,816,816,816,816,816,816,816,0,0,0,0,100.0,100.0
202504040312,2025-10-25,17,17,680,680,680,680,680,680,680,0,0,0,0,100.0,100.0
202505040801,2025-10-25,15,15,455,455,455,455,455,455,455,0,0,0,0,100.0,100.0
202505040802,2025-10-25,10,10,120,120,120,120,120,120,120,0,0,0,0,100.0,100.0
202505040803,2025-10-25,9,9,84,84,84,84,84,84,84,0,0,0,0,100.0,100.0
202505040804,2025-10-25,16,16,560,560,560,560,560,560,560,0,0,0,0,100.0,100.0
202505040805,2025-10-25,9,9,84,84,84,84,84,84,84,0,0,0,0,100.0,100.0
202505040806,2025-10-25,16,16,560,560,560,560,560,560,560,0,0,0,0,100.0,100.0
202505040807,2025-10-25,16,16,560,560,560,560,560,560,560,0,0,0,0,100.0,100.0
202505040808,2025-10-25,8,8,56,56,56,56,56,56,56,0,0,0,0,100.0,100.0
202505040809,2025-10-25,12,12,220,220,220,220,220,220,220,0,0,0,0,100.0,100.0
202505040810,2025-10-25,16,16,560,560,560,560,560,560,560,0,0,0,0,100.0,100.0
202505040811,2025-10-25,10,10,120,120,120,120,120,120,120,0,0,0,0,100.0,100.0
202505040812,2025-10-25,13,13,286,286,286,286,286,286,286,0,0,0,0,100.0,100.0
202508030801,2025-10-25,14,14,364,364,364,364,364,364,364,0,0,0,0,100.0,100.0
202508030802,2025-10-25,11,11,165,165,165,165,165,165,165,0,0,0,0,100.0,100.0
202508030803,2025-10-25,12,12,220,220,220,220,220,220,220,0,0,0,0,100.0,100.0
202508030804,2025-10-25,8,8,56,56,56,56,56,56,56,0,0,0,0,100.0,100.0
202508030805,2025-10-25,14,14,364,364,364,364,364,364,364,0,0,0,0,100.0,100.0
202508030806,2025-10-25,16,16,560,560,560,560,560,560,560,0,0,0,0,100.0,100.0
202508030807,2025-10-25,11,11,165,165,165,165,165,165,165,0,0,0,0,100.0,100.0
202508030808,2025-10-25,12,12,220,220,220,220,220,220,220,0,0,0,0,100.0,100.0
202508030809,2025-10-25,16,16,560,560,560,560,560,560,560,0,0,0,0,100.0,100.0
202508030810,2025-10-25,13,13,286,286,286,286,286,286,286,0,0,0,0,100.0,100.0
202508030811,2025-10-25,10,10,120,120,120,120,120,120,120,0,0,0,0,100.0,100.0
202508030812,2025-10-25,10,10,120,120,120,120,120,120,120,0,0,0,0,100.0,100.0
202504040401,2025-10-26,13,13,286,286,286,286,286,286,286,0,0,0,0,100.0,100.0
202504040402,2025-10-26,13,13,286,286,286,286,286,286,286,0,0,0,0,100.0,100.0
202504040403,2025-10-26,10,10,120,120,120,120,120,120,120,0,0,0,0,100.0,100.0
202504040404,2025-10-26,16,16,560,560,560,560,560,560,560,0,0,0,0,100.0,100.0
202504040405,2025-10-26,18,18,816,816,816,816,816,816,816,0,0,0,0,100.0,100.0
202504040406,2025-10-26,13,13,286,286,286,286,286,286,286,0,0,0,0,100.0,100.0
202504040407,2025-10-26,15,15,455,455,455,455,455,455,455,0,0,0,0,100.0,100.0
202504040408,2025-10-26,12,12,220,220,220,220,220,220,220,0,0,0,0,100.0,100.0
202504040409,2025-10-26,14,14,364,364,364,364,364,364,364,0,0,0,0,100.0,100.0
202504040410,2025-10-26,16,16,560,560,560,560,560,560,560,0,0,0,0,100.0,100.0
202504040411,2025-10-26,17,17,680,680,680,680,680,680,680,0,0,0,0,100.0,100.0
202504040412,2025-10-26,12,12,220,220,220,220,220,220,220,0,0,0,0,100.0,100.0
202505040901,2025-10-26,14,14,364,364,364,364,364,364,364,0,0,0,0,100.0,100.0
202505040902,2025-10-26,10,10,120,120,120,120,120,120,120,0,0,0,0,100.0,100.0
202505040903,2025-10-26,11,11,165,165,165,165,165,165,165,0,0,0,0,100.0,100.0
202505040904,2025-10-26,14,14,364,364,364,364,364,364,364,0,0,0,0,100.0,100.0
202505040905,2025-10-26,16,16,560,560,560,560,560,560,560,0,0,0,0,100.0,100.0
202505040906,2025-10-26,18,18,816,816,816,816,816,816,816,0,0,0,0,100.0,100.0
202505040907,2025-10-26,13,13,286,286,286,286,286,286,286,0,0,0,0,100.0,100.0
202505040908,2025-10-26,15,15,455,455,455,455,455,455,455,0,0,0,0,100.0,100.0
202505040909,2025-10-26,13,13,286,286,286,286,286,286,286,0,0,0,0,100.0,100.0
202505040910,2025-10-26,11,11,165,165,165,165,165,165,165,0,0,0,0,100.0,100.0
202505040911,2025-10-26,16,16,560,560,560,560,560,560,560,0,0,0,0,100.0,100.0
202505040912,2025-10-26,16,16,560,560,560,560,560,560,560,0,0,0,0,100.0,100.0
202508030901,2025-10-26,9,9,84,84,84,84,84,84,84,0,0,0,0,100.0,100.0
202508030902,2025-10-26,10,10,120,120,120,120,120,120,120,0,0,0,0,100.0,100.0
202508030903,2025-10-26,10,10,120,120,120,120,120,120,120,0,0,0,0,100.0,100.0
202508030904,2025-10-26,16,16,560,560,560,560,560,560,560,0,0,0,0,100.0,100.0
202508030905,2025-10-26,10,10,120,120,120,120,120,120,120,0,0,0,0,100.0,100.0
202508030906,2025-10-26,11,11,165,165,165,165,165,165,165,0,0,0,0,100.0,100.0
202508030907,2025-10-26,12,12,220,220,220,220,220,220,220,0,0,0,0,100.0,100.0
202508030908,2025-10-26,14,14,364,364,364,364,364,364,364,0,0,0,0,100.0,100.0
202508030909,2025-10-26,8,8,56,56,56,56,56,56,56,0,0,0,0,100.0,100.0
202508030910,2025-10-26,14,14,364,364,364,364,364,364,364,0,0,0,0,100.0,100.0
202508030911,2025-10-26,18,18,816,816,816,816,816,816,816,0,0,0,0,100.0,100.0
202508030912,2025-10-26,16,16,560,560,560,560,560,560,560,0,0,0,0,100.0,100.0
202505041001,2025-11-01,16,16,560,560,560,560,560,560,560,0,0,0,0,100.0,100.0
202505041002,2025-11-01,12,12,220,220,220,220,220,220,220,0,0,0,0,100.0,100.0
202505041003,2025-11-01,11,11,165,165,165,165,165,165,165,0,0,0,0,100.0,100.0
202505041004,2025-11-01,16,16,560,560,560,560,560,560,560,0,0,0,0,100.0,100.0
202505041005,2025-11-01,13,13,286,286,286,286,286,286,286,0,0,0,0,100.0,100.0
202505041006,2025-11-01,15,15,455,455,455,455,455,455,455,0,0,0,0,100.0,100.0
202505041007,2025-11-01,16,16,560,560,560,560,560,560,560,0,0,0,0,100.0,100.0
202505041008,2025-11-01,14,14,364,364,364,364,364,364,364,0,0,0,0,100.0,100.0
202505041009,2025-11-01,8,8,56,56,56,56,56,56,56,0,0,0,0,100.0,100.0
202505041010,2025-11-01,12,12,220,220,220,220,220,220,220,0,0,0,0,100.0,100.0
202505041011,2025-11-01,16,16,560,560,560,560,560,560,560,0,0,0,0,100.0,100.0
202505041012,2025-11-01,15,15,455,455,455,455,455,455,455,0,0,0,0,100.0,100.0
202508031001,2025-11-01,13,13,286,286,286,286,286,286,286,0,0,0,0,100.0,100.0
202508031002,2025-11-01,12,12,220,220,220,220,220,220,220,0,0,0,0,100.0,100.0
202508031003,2025-11-01,8,8,56,56,56,56,56,56,56,0,0,0,0,100.0,100.0
202508031004,2025-11-01,11,11,165,165,165,165,165,165,165,0,0,0,0,100.0,100.0
202508031005,2025-11-01,9,9,84,84,84,84,84,84,84,0,0,0,0,100.0,100.0
202508031006,2025-11-01,16,16,560,560,560,560,560,560,560,0,0,0,0,100.0,100.0
202508031007,2025-11-01,16,16,560,560,560,560,560,560,560,0,0,0,0,100.0,100.0
202508031008,2025-11-01,15,15,455,455,455,455,455,455,455,0,0,0,0,100.0,100.0
202508031009,2025-11-01,11,12,165,220,220,220,165,220,165,0,0,0,-55,133.33333333333334,100.0
202508031010,2025-11-01,13,14,286,364,364,364,286,364,286,0,0,0,-78,127.27272727272727,100.0
202508031011,2025-11-01,12,12,220,220,220,220,220,220,220,0,0,0,0,100.0,100.0
202508031012,2025-11-01,15,15,455,455,455,455,455,455,455,0,0,0,0,100.0,100.0
202505041101,2025-11-02,12,12,220,220,220,220,220,220,220,0,0,0,0,100.0,100.0
202505041102,2025-11-02,14,14,364,364,364,364,364,364,364,0,0,0,0,100.0,100.0
202505041103,2025-11-02,10,10,120,120,120,120,120,120,120,0,0,0,0,100.0,100.0
202505041104,2025-11-02,16,16,560,560,560,560,560,560,560,0,0,0,0,100.0,100.0
202505041105,2025-11-02,9,9,84,84,84,84,84,84,84,0,0,0,0,100.0,100.0
202505041106,2025-11-02,16,16,560,560,560,560,560,560,560,0,0,0,0,100.0,100.0
202505041107,2025-11-02,15,16,455,560,560,560,455,560,455,0,0,0,-105,123.07692307692308,100.0
202505041108,2025-11-02,5,5,10,10,10,10,10,10,10,0,0,0,0,100.0,100.0
202505041109,2025-11-02,10,10,120,120,120,120,120,120,120,0,0,0,0,100.0,100.0
202505041110,2025-11-02,12,12,220,220,220,220,220,220,220,0,0,0,0,100.0,100.0
202505041111,2025-11-02,14,14,364,364,364,364,364,364,364,0,0,0,0,100.0,100.0
202505041112,2025-11-02,13,13,286,286,286,286,286,286,286,0,0,0,0,100.0,100.0
202508031101,2025-11-02,15,15,455,455,455,455,455,455,455,0,0,0,0,100.0,100.0
202508031102,2025-11-02,7,7,35,35,35,35,35,35,35,0,0,0,0,100.0,100.0
202508031103,2025-11-02,16,16,560,560,560,560,560,560,560,0,0,0,0,100.0,100.0
202508031104,2025-11-02,10,10,120,120,120,120,120,120,120,0,0,0,0,100.0,100.0
202508031105,2025-11-02,15,15,455,455,455,455,455,455,455,0,0,0,0,100.0,100.0
202508031106,2025-11-02,14,15,364,455,455,455,364,455,364,0,0,0,-91,125.0,100.0
202508031107,2025-11-02,16,16,560,560,560,560,560,560,560,0,0,0,0,100.0,100.0
202508031108,2025-11-02,15,16,455,560,560,560,455,560,455,0,0,0,-105,123.07692307692308,100.0
202508031109,2025-11-02,16,16,560,560,560,560,560,560,560,0,0,0,0,100.0,100.0
202508031110,2025-11-02,13,13,286,286,286,286,286,286,286,0,0,0,0,100.0,100.0
202508031111,2025-11-02,15,15,455,455,455,455,455,455,455,0,0,0,0,100.0,100.0
202508031112,2025-11-02,12,12,220,220,220,220,220,220,220,0,0,0,0,100.0,100.0
202503030101,2025-11-08,14,14,364,364,364,364,364,364,364,0,0,0,0,100.0,100.0
202503030102,2025-11-08,16,16,560,560,560,560,560,560,560,0,0,0,0,100.0,100.0
202503030103,2025-11-08,15,15,455,455,455,455,455,455,455,0,0,0,0,100.0,100.0
202503030104,2025-11-08,16,16,560,560,560,560,560,560,560,0,0,0,0,100.0,100.0
202503030105,2025-11-08,16,16,560,560,560,560,560,560,560,0,0,0,0,100.0,100.0
202503030106,2025-11-08,16,16,560,560,560,560,560,560,560,0,0,0,0,100.0,100.0
202503030107,2025-11-08,16,16,560,560,560,560,560,560,560,0,0,0,0,100.0,100.0
202503030108,2025-11-08,16,16,560,560,560,560,560,560,560,0,0,0,0,100.0,100.0
202503030109,2025-11-08,16,16,560,560,560,560,560,560,560,0,0,0,0,100.0,100.0
202503030110,2025-11-08,16,16,560,560,560,560,560,560,560,0,0,0,0,100.0,100.0
202503030111,2025-11-08,16,16,560,560,560,560,560,560,560,0,0,0,0,100.0,100.0
202503030112,2025-11-08,15,15,455,455,455,455,455,455,455,0,0,0,0,100.0,100.0
202505050101,2025-11-08,15,16,455,560,560,560,455,560,455,0,0,0,-105,123.07692307692308,100.0
202505050102,2025-11-08,15,15,455,455,455,455,455,455,455,0,0,0,0,100.0,100.0
202505050103,2025-11-08,12,12,220,220,220,220,220,220,220,0,0,0,0,100.0,100.0
202505050104,2025-11-08,14,16,364,560,560,560,364,560,364,0,0,0,-196,153.84615384615384,100.0
202505050105,2025-11-08,13,13,286,286,286,286,286,286,286,0,0,0,0,100.0,100.0
202505050106,2025-11-08,13,13,286,286,286,286,286,286,286,0,0,0,0,100.0,100.0
202505050107,2025-11-08,16,16,560,560,560,560,560,560,560,0,0,0,0,100.0,100.0
202505050108,2025-11-08,8,8,56,56,56,56,56,56,56,0,0,0,0,100.0,100.0
202505050109,2025-11-08,13,13,286,286,286,286,286,286,286,0,0,0,0,100.0,100.0
202505050110,2025-11-08,11,11,165,165,165,165,165,165,165,0,0,0,0,100.0,100.0
202505050111,2025-11-08,16,16,560,560,560,560,560,560,560,0,0,0,0,100.0,100.0
202505050112,2025-11-08,14,14,364,364,364,364,364,364,364,0,0,0,0,100.0,100.0
202508040101,2025-11-08,12,12,220,220,220,220,220,220,220,0,0,0,0,100.0,100.0
202508040102,2025-11-08,15,15,455,455,455,455,455,455,455,0,0,0,0,100.0,100.0
202508040103,2025-11-08,9,10,84,120,120,120,84,120,84,0,0,0,-36,142.85714285714286,100.0
202508040104,2025-11-08,12,12,220,220,220,220,220,220,220,0,0,0,0,100.0,100.0
202508040105,2025-11-08,9,9,84,84,84,84,84,84,84,0,0,0,0,100.0,100.0
202508040106,2025-11-08,11,11,165,165,165,165,165,165,165,0,0,0,0,100.0,100.0
202508040107,2025-11-08,16,16,560,560,560,560,560,560,560,0,0,0,0,100.0,100.0
202508040108,2025-11-08,10,10,120,120,120,120,120,120,120,0,0,0,0,100.0,100.0
202508040109,2025-11-08,16,16,560,560,560,560,560,560,560,0,0,0,0,100.0,100.0
202508040110,2025-11-08,12,12,220,220,220,220,220,220,220,0,0,0,0,100.0,100.0
202508040111,2025-11-08,16,16,560,560,560,560,560,560,560,0,0,0,0,100.0,100.0
202508040112,2025-11-08,14,14,364,364,364,364,364,364,364,0,0,0,0,100.0,100.0
202503030201,2025-11-09,16,16,560,560,560,560,560,560,560,0,0,0,0,100.0,100.0
202503030202,2025-11-09,16,16,560,560,560,560,560,560,560,0,0,0,0,100.0,100.0
202503030203,2025-11-09,15,15,455,455,455,455,455,455,455,0,0,0,0,100.0,100.0
202503030204,2025-11-09,10,10,120,120,120,120,120,120,120,0,0,0,0,100.0,100.0
202503030205,2025-11-09,9,9,84,84,84,84,84,84,84,0,0,0,0,100.0,100.0
202503030206,2025-11-09,15,15,455,455,455,455,455,455,455,0,0,0,0,100.0,100.0
202503030207,2025-11-09,16,16,560,560,560,560,560,560,560,0,0,0,0,100.0,100.0
202503030208,2025-11-09,16,16,560,560,560,560,560,560,560,0,0,0,0,100.0,100.0
202503030209,2025-11-09,16,16,560,560,560,560,560,560,560,0,0,0,0,100.0,100.0
202503030210,2025-11-09,15,15,455,455,455,455,455,455,455,0,0,0,0,100.0,100.0
202503030211,2025-11-09,16,16,560,560,560,560,560,560,560,0,0,0,0,100.0,100.0
202503030212,2025-11-09,16,16,560,560,560,560,560,560,560,0,0,0,0,100.0,100.0
202505050201,2025-11-09,16,16,560,560,560,560,560,560,560,0,0,0,0,100.0,100.0
202505050202,2025-11-09,16,16,560,560,560,560,560,560,560,0,0,0,0,100.0,100.0
202505050203,2025-11-09,18,18,816,816,816,816,816,816,816,0,0,0,0,100.0,100.0
202505050204,2025-11-09,14,14,364,364,364,364,364,364,364,0,0,0,0,100.0,100.0
202505050205,2025-11-09,6,6,20,20,20,20,20,20,20,0,0,0,0,100.0,100.0
202505050206,2025-11-09,15,15,455,455,455,455,455,455,455,0,0,0,0,100.0,100.0
202505050207,2025-11-09,16,16,560,560,560,560,560,560,560,0,0,0,0,100.0,100.0
202505050208,2025-11-09,16,16,560,560,560,560,560,560,560,0,0,0,0,100.0,100.0
202505050209,2025-11-09,15,16,455,560,560,560,455,560,455,0,0,0,-105,123.07692307692308,100.0
202505050210,2025-11-09,12,12,220,220,220,220,220,220,220,0,0,0,0,100.0,100.0
202505050211,2025-11-09,18,18,816,816,816,816,816,816,816,0,0,0,0,100.0,100.0
202505050212,2025-11-09,18,18,816,816,816,816,816,816,816,0,0,0,0,100.0,100.0
202508040201,2025-11-09,16,16,560,560,560,560,560,560,560,0,0,0,0,100.0,100.0
202508040202,2025-11-09,8,8,56,56,56,56,56,56,56,0,0,0,0,100.0,100.0
202508040203,2025-11-09,8,8,56,56,56,56,56,56,56,0,0,0,0,100.0,100.0
202508040204,2025-11-09,16,16,560,560,560,560,560,560,560,0,0,0,0,100.0,100.0
202508040205,2025-11-09,8,8,56,56,56,56,56,56,56,0,0,0,0,100.0,100.0
202508040206,2025-11-09,16,16,560,560,560,560,560,560,560,0,0,0,0,100.0,100.0
202508040207,2025-11-09,7,7,35,35,35,35,35,35,35,0,0,0,0,100.0,100.0
202508040208,2025-11-09,16,16,560,560,560,560,560,560,560,0,0,0,0,100.0,100.0
202508040209,2025-11-09,8,8,56,56,56,56,56,56,56,0,0,0,0,100.0,100.0
202508040210,2025-11-09,12,12,220,220,220,220,220,220,220,0,0,0,0,100.0,100.0
202508040211,2025-11-09,15,15,455,455,455,455,455,455,455,0,0,0,0,100.0,100.0
202508040212,2025-11-09,17,17,680,680,680,680,680,680,680,0,0,0,0,100.0,100.0
202503030301,2025-11-15,15,15,455,455,455,455,455,455,455,0,0,0,0,100.0,100.0
202503030302,2025-11-15,16,16,560,560,560,560,560,560,560,0,0,0,0,100.0,100.0
202503030303,2025-11-15,16,16,560,560,560,560,560,560,560,0,0,0,0,100.0,100.0
202503030304,2025-11-15,16,16,560,560,560,560,560,560,560,0,0,0,0,100.0,100.0
202503030305,2025-11-15,16,16,560,560,560,560,560,560,560,0,0,0,0,100.0,100.0
202503030306,2025-11-15,16,16,560,560,560,560,560,560,560,0,0,0,0,100.0,100.0
202503030307,2025-11-15,16,16,560,560,560,560,560,560,560,0,0,0,0,100.0,100.0
202503030308,2025-11-15,16,16,560,560,560,560,560,560,560,0,0,0,0,100.0,100.0
202503030309,2025-11-15,16,16,560,560,560,560,560,560,560,0,0,0,0,100.0,100.0
202503030310,2025-11-15,15,15,455,455,455,455,455,455,455,0,0,0,0,100.0,100.0
202503030311,2025-11-15,16,16,560,560,560,560,560,560,560,0,0,0,0,100.0,100.0
202503030312,2025-11-15,16,16,560,560,560,560,560,560,560,0,0,0,0,100.0,100.0
202505050301,2025-11-15,13,13,286,286,286,286,286,286,286,0,0,0,0,100.0,100.0
202505050302,2025-11-15,17,17,680,680,680,680,680,680,680,0,0,0,0,100.0,100.0
202505050303,2025-11-15,14,15,364,455,455,455,364,455,364,0,0,0,-91,125.0,100.0
202505050304,2025-11-15,13,13,286,286,286,286,286,286,286,0,0,0,0,100.0,100.0
202505050305,2025-11-15,10,10,120,120,120,120,120,120,120,0,0,0,0,100.0,100.0
202505050306,2025-11-15,14,14,364,364,364,364,364,364,364,0,0,0,0,100.0,100.0
202505050307,2025-11-15,16,16,560,560,560,560,560,560,560,0,0,0,0,100.0,100.0
202505050308,2025-11-15,12,12,220,220,220,220,220,220,220,0,0,0,0,100.0,100.0
202505050309,2025-11-15,16,16,560,560,560,560,560,560,560,0,0,0,0,100.0,100.0
202505050310,2025-11-15,18,18,816,816,816,816,816,816,816,0,0,0,0,100.0,100.0
202505050311,2025-11-15,16,16,560,560,560,560,560,560,560,0,0,0,0,100.0,100.0
202505050312,2025-11-15,13,13,286,286,286,286,286,286,286,0,0,0,0,100.0,100.0
202508040301,2025-11-15,11,11,165,165,165,165,165,165,165,0,0,0,0,100.0,100.0
202508040302,2025-11-15,11,11,165,165,165,165,165,165,165,0,0,0,0,100.0,100.0
202508040303,2025-11-15,10,10,120,120,120,120,120,120,120,0,0,0,0,100.0,100.0
202508040304,2025-11-15,12,12,220,220,220,220,220,220,220,0,0,0,0,100.0,100.0
202508040305,2025-11-15,18,18,816,816,816,816,816,816,816,0,0,0,0,100.0,100.0
202508040306,2025-11-15,16,16,560,560,560,560,560,560,560,0,0,0,0,100.0,100.0
202508040307,2025-11-15,16,16,560,560,560,560,560,560,560,0,0,0,0,100.0,100.0
202508040308,2025-11-15,7,7,35,35,35,35,35,35,35,0,0,0,0,100.0,100.0
202508040309,2025-11-15,15,15,455,455,455,455,455,455,455,0,0,0,0,100.0,100.0
202508040310,2025-11-15,16,16,560,560,560,560,560,560,560,0,0,0,0,100.0,100.0
202508040311,2025-11-15,8,8,56,56,56,56,56,56,56,0,0,0,0,100.0,100.0
202508040312,2025-11-15,18,18,816,816,816,816,816,816,816,0,0,0,0,100.0,100.0
202503030401,2025-11-16,16,16,560,560,560,560,560,560,560,0,0,0,0,100.0,100.0
202503030402,2025-11-16,15,15,455,455,455,455,455,455,455,0,0,0,0,100.0,100.0
202503030403,2025-11-16,15,15,455,455,455,455,455,455,455,0,0,0,0,100.0,100.0
202503030404,2025-11-16,10,10,120,120,120,120,120,120,120,0,0,0,0,100.0,100.0
202503030405,2025-11-16,11,11,165,165,165,165,165,165,165,0,0,0,0,100.0,100.0
202503030406,2025-11-16,15,15,455,455,455,455,455,455,455,0,0,0,0,100.0,100.0
202503030407,2025-11-16,16,16,560,560,560,560,560,560,560,0,0,0,0,100.0,100.0
202503030408,2025-11-16,16,16,560,560,560,560,560,560,560,0,0,0,0,100.0,100.0
202503030409,2025-11-16,16,16,560,560,560,560,560,560,560,0,0,0,0,100.0,100.0
202503030410,2025-11-16,16,16,560,560,560,560,560,560,560,0,0,0,0,100.0,100.0
202503030411,2025-11-16,15,15,455,455,455,455,455,455,455,0,0,0,0,100.0,100.0
202503030412,2025-11-16,16,16,560,560,560,560,560,560,560,0,0,0,0,100.0,100.0
202505050401,2025-11-16,16,16,560,560,560,560,560,560,560,0,0,0,0,100.0,100.0
202505050402,2025-11-16,18,18,816,816,816,816,816,816,816,0,0,0,0,100.0,100.0
202505050403,2025-11-16,18,18,816,816,816,816,816,816,816,0,0,0,0,100.0,100.0
202505050404,2025-11-16,16,16,560,560,560,560,560,560,560,0,0,0,0,100.0,100.0
202505050405,2025-11-16,12,12,220,220,220,220,220,220,220,0,0,0,0,100.0,100.0
202505050406,2025-11-16,16,16,560,560,560,560,560,560,560,0,0,0,0,100.0,100.0
202505050407,2025-11-16,16,16,560,560,560,560,560,560,560,0,0,0,0,100.0,100.0
202505050408,2025-11-16,13,13,286,286,286,286,286,286,286,0,0,0,0,100.0,100.0
202505050409,2025-11-16,14,14,364,364,364,364,364,364,364,0,0,0,0,100.0,100.0
202505050410,2025-11-16,11,11,165,165,165,165,165,165,165,0,0,0,0,100.0,100.0
202505050411,2025-11-16,18,18,816,816,816,816,816,816,816,0,0,0,0,100.0,100.0
202505050412,2025-11-16,13,13,286,286,286,286,286,286,286,0,0,0,0,100.0,100.0
202508040401,2025-11-16,14,14,364,364,364,364,364,364,364,0,0,0,0,100.0,100.0
202508040402,2025-11-16,15,15,455,455,455,455,455,455,455,0,0,0,0,100.0,100.0
202508040403,2025-11-16,15,15,455,455,455,455,455,455,455,0,0,0,0,100.0,100.0
202508040404,2025-11-16,11,11,165,165,165,165,165,165,165,0,0,0,0,100.0,100.0
202508040405,2025-11-16,9,9,84,84,84,84,84,84,84,0,0,0,0,100.0,100.0
202508040406,2025-11-16,16,16,560,560,560,560,560,560,560,0,0,0,0,100.0,100.0
202508040407,2025-11-16,16,16,560,560,560,560,560,560,560,0,0,0,0,100.0,100.0
202508040408,2025-11-16,15,15,455,455,455,455,455,455,455,0,0,0,0,100.0,100.0
202508040409,2025-11-16,8,8,56,56,56,56,56,56,56,0,0,0,0,100.0,100.0
202508040410,2025-11-16,14,14,364,364,364,364,364,364,364,0,0,0,0,100.0,100.0
202508040411,2025-11-16,16,16,560,560,560,560,560,560,560,0,0,0,0,100.0,100.0
202508040412,2025-11-16,12,12,220,220,220,220,220,220,220,0,0,0,0,100.0,100.0
202503030501,2025-11-22,14,14,364,364,364,364,364,364,364,0,0,0,0,100.0,100.0
202503030502,2025-11-22,16,16,560,560,560,560,560,560,560,0,0,0,0,100.0,100.0
202503030503,2025-11-22,15,15,455,455,455,455,455,455,455,0,0,0,0,100.0,100.0
202503030504,2025-11-22,14,14,364,364,364,364,364,364,364,0,0,0,0,100.0,100.0
202503030505,2025-11-22,14,14,364,364,364,364,364,364,364,0,0,0,0,100.0,100.0
202503030506,2025-11-22,15,15,455,455,455,455,455,455,455,0,0,0,0,100.0,100.0
202503030507,2025-11-22,16,16,560,560,560,560,560,560,560,0,0,0,0,100.0,100.0
202503030508,2025-11-22,16,16,560,560,560,560,560,560,560,0,0,0,0,100.0,100.0
202503030509,2025-11-22,16,16,560,560,560,560,560,560,560,0,0,0,0,100.0,100.0
202503030510,2025-11-22,16,16,560,560,560,560,560,560,560,0,0,0,0,100.0,100.0
202503030511,2025-11-22,16,16,560,560,560,560,560,560,560,0,0,0,0,100.0,100.0
202503030512,2025-11-22,16,16,560,560,560,560,560,560,560,0,0,0,0,100.0,100.0
202508040501,2025-11-22,14,14,364,364,364,364,364,364,364,0,0,0,0,100.0,100.0
202508040502,2025-11-22,15,15,455,455,455,455,455,455,455,0,0,0,0,100.0,100.0
202508040503,2025-11-22,18,18,816,816,816,816,816,816,816,0,0,0,0,100.0,100.0
202508040504,2025-11-22,11,11,165,165,165,165,165,165,165,0,0,0,0,100.0,100.0
202508040505,2025-11-22,17,17,680,680,680,680,680,680,680,0,0,0,0,100.0,100.0
202508040506,2025-11-22,16,16,560,560,560,560,560,560,560,0,0,0,0,100.0,100.0
202508040507,2025-11-22,16,16,560,560,560,560,560,560,560,0,0,0,0,100.0,100.0
202508040508,2025-11-22,16,16,560,560,560,560,560,560,560,0,0,0,0,100.0,100.0
202508040509,2025-11-22,9,9,84,84,84,84,84,84,84,0,0,0,0,100.0,100.0
202508040510,2025-11-22,16,16,560,560,560,560,560,560,560,0,0,0,0,100.0,100.0
202508040511,2025-11-22,16,16,560,560,560,560,560,560,560,0,0,0,0,100.0,100.0
202508040512,2025-11-22,15,15,455,455,455,455,455,455,455,0,0,0,0,100.0,100.0
202505050501,2025-11-23,16,16,560,560,560,560,560,560,560,0,0,0,0,100.0,100.0
202505050502,2025-11-23,18,18,816,816,816,816,816,816,816,0,0,0,0,100.0,100.0
202505050503,2025-11-23,17,18,680,816,816,816,680,816,680,0,0,0,-136,120.0,100.0
202505050504,2025-11-23,15,15,455,455,455,455,455,455,455,0,0,0,0,100.0,100.0
202505050505,2025-11-23,11,11,165,165,165,165,165,165,165,0,0,0,0,100.0,100.0
202505050506,2025-11-23,16,16,560,560,560,560,560,560,560,0,0,0,0,100.0,100.0
202505050507,2025-11-23,16,16,560,560,560,560,560,560,560,0,0,0,0,100.0,100.0
202505050508,2025-11-23,16,16,560,560,560,560,560,560,560,0,0,0,0,100.0,100.0
202505050509,2025-11-23,8,8,56,56,56,56,56,56,56,0,0,0,0,100.0,100.0
202505050510,2025-11-23,17,17,680,680,680,680,680,680,680,0,0,0,0,100.0,100.0
202505050511,2025-11-23,16,16,560,560,560,560,560,560,560,0,0,0,0,100.0,100.0
202505050512,2025-11-23,18,18,816,816,816,816,816,816,816,0,0,0,0,100.0,100.0
202508040601,2025-11-23,14,14,364,364,364,364,364,364,364,0,0,0,0,100.0,100.0
202508040602,2025-11-23,13,13,286,286,286,286,286,286,286,0,0,0,0,100.0,100.0
202508040603,2025-11-23,16,16,560,560,560,560,560,560,560,0,0,0,0,100.0,100.0
202508040604,2025-11-23,7,7,35,35,35,35,35,35,35,0,0,0,0,100.0,100.0
202508040605,2025-11-23,9,9,84,84,84,84,84,84,84,0,0,0,0,100.0,100.0
202508040606,2025-11-23,16,16,560,560,560,560,560,560,560,0,0,0,0,100.0,100.0
202508040607,2025-11-23,18,18,816,816,816,816,816,816,816,0,0,0,0,100.0,100.0
202508040608,2025-11-23,14,14,364,364,364,364,364,364,364,0,0,0,0,100.0,100.0
202508040609,2025-11-23,13,13,286,286,286,286,286,286,286,0,0,0,0,100.0,100.0
202508040610,2025-11-23,16,16,560,560,560,560,560,560,560,0,0,0,0,100.0,100.0
202508040611,2025-11-23,18,18,816,816,816,816,816,816,816,0,0,0,0,100.0,100.0
202508040612,2025-11-23,16,16,560,560,560,560,560,560,560,0,0,0,0,100.0,100.0
202503030601,2025-11-24,16,16,560,560,560,560,560,560,560,0,0,0,0,100.0,100.0
202503030602,2025-11-24,15,15,455,455,455,455,455,455,455,0,0,0,0,100.0,100.0
202503030603,2025-11-24,15,15,455,455,455,455,455,455,455,0,0,0,0,100.0,100.0
202503030604,2025-11-24,14,14,364,364,364,364,364,364,364,0,0,0,0,100.0,100.0
202503030605,2025-11-24,16,16,560,560,560,560,560,560,560,0,0,0,0,100.0,100.0
202503030606,2025-11-24,16,16,560,560,560,560,560,560,560,0,0,0,0,100.0,100.0
202503030607,2025-11-24,16,16,560,560,560,560,560,560,560,0,0,0,0,100.0,100.0
202503030608,2025-11-24,16,16,560,560,560,560,560,560,560,0,0,0,0,100.0,100.0
202503030609,2025-11-24,16,16,560,560,560,560,560,560,560,0,0,0,0,100.0,100.0
202503030610,2025-11-24,16,16,560,560,560,560,560,560,560,0,0,0,0,100.0,100.0
202503030611,2025-11-24,15,15,455,455,455,455,455,455,455,0,0,0,0,100.0,100.0
202503030612,2025-11-24,16,16,560,560,560,560,560,560,560,0,0,0,0,100.0,100.0
202505050601,2025-11-24,15,15,455,455,455,455,455,455,455,0,0,0,0,100.0,100.0
202505050602,2025-11-24,18,18,816,816,816,816,816,816,816,0,0,0,0,100.0,100.0
202505050603,2025-11-24,16,16,560,560,560,560,560,560,560,0,0,0,0,100.0,100.0
202505050604,2025-11-24,14,14,364,364,364,364,364,364,364,0,0,0,0,100.0,100.0
202505050605,2025-11-24,16,16,560,560,560,560,560,560,560,0,0,0,0,100.0,100.0
202505050606,2025-11-24,13,13,286,286,286,286,286,286,286,0,0,0,0,100.0,100.0
202505050607,2025-11-24,14,14,364,364,364,364,364,364,364,0,0,0,0,100.0,100.0
202505050608,2025-11-24,15,16,455,560,560,560,455,560,455,0,0,0,-105,123.07692307692308,100.0
202505050609,2025-11-24,12,12,220,220,220,220,220,220,220,0,0,0,0,100.0,100.0
202505050610,2025-11-24,16,16,560,560,560,560,560,560,560,0,0,0,0,100.0,100.0
202505050611,2025-11-24,12,12,220,220,220,220,220,220,220,0,0,0,0,100.0,100.0
202505050612,2025-11-24,18,18,816,816,816,816,816,816,816,0,0,0,0,100.0,100.0
202505050701,2025-11-29,13,13,286,286,286,286,286,286,286,0,0,0,0,100.0,100.0
202505050702,2025-11-29,18,18,816,816,816,816,816,816,816,0,0,0,0,100.0,100.0
202505050703,2025-11-29,12,12,220,220,220,220,220,220,220,0,0,0,0,100.0,100.0
202505050704,2025-11-29,16,16,560,560,560,560,560,560,560,0,0,0,0,100.0,100.0
202505050705,2025-11-29,13,13,286,286,286,286,286,286,286,0,0,0,0,100.0,100.0
202505050706,2025-11-29,16,16,560,560,560,560,560,560,560,0,0,0,0,100.0,100.0
202505050707,2025-11-29,16,16,560,560,560,560,560,560,560,0,0,0,0,100.0,100.0
202505050708,2025-11-29,16,16,560,560,560,560,560,560,560,0,0,0,0,100.0,100.0
202505050709,2025-11-29,12,12,220,220,220,220,220,220,220,0,0,0,0,100.0,100.0
202505050710,2025-11-29,16,16,560,560,560,560,560,560,560,0,0,0,0,100.0,100.0
202505050711,2025-11-29,18,18,816,816,816,816,816,816,816,0,0,0,0,100.0,100.0
202505050712,2025-11-29,9,9,84,84,84,84,84,84,84,0,0,0,0,100.0,100.0
202508040701,2025-11-29,14,14,364,364,364,364,364,364,364,0,0,0,0,100.0,100.0
202508040702,2025-11-29,11,11,165,165,165,165,165,165,165,0,0,0,0,100.0,100.0
202508040703,2025-11-29,14,14,364,364,364,364,364,364,364,0,0,0,0,100.0,100.0
202508040704,2025-11-29,9,9,84,84,84,84,84,84,84,0,0,0,0,100.0,100.0
202508040705,2025-11-29,12,12,220,220,220,220,220,220,220,0,0,0,0,100.0,100.0
202508040706,2025-11-29,12,13,220,286,286,286,220,286,220,0,0,0,-66,130.0,100.0
202508040707,2025-11-29,18,18,816,816,816,816,816,816,816,0,0,0,0,100.0,100.0
202508040708,2025-11-29,16,16,560,560,560,560,560,560,560,0,0,0,0,100.0,100.0
202508040709,2025-11-29,13,13,286,286,286,286,286,286,286,0,0,0,0,100.0,100.0
202508040710,2025-11-29,12,12,220,220,220,220,220,220,220,0,0,0,0,100.0,100.0
202508040711,2025-11-29,11,11,165,165,165,165,165,165,165,0,0,0,0,100.0,100.0
202508040712,2025-11-29,16,16,560,560,560,560,560,560,560,0,0,0,0,100.0,100.0
202505050801,2025-11-30,16,16,560,560,560,560,560,560,560,0,0,0,0,100.0,100.0
202505050802,2025-11-30,13,13,286,286,286,286,286,286,286,0,0,0,0,100.0,100.0
202505050803,2025-11-30,16,16,560,560,560,560,560,560,560,0,0,0,0,100.0,100.0
202505050804,2025-11-30,13,13,286,286,286,286,286,286,286,0,0,0,0,100.0,100.0
202505050805,2025-11-30,16,16,560,560,560,560,560,560,560,0,0,0,0,100.0,100.0
202505050806,2025-11-30,12,12,220,220,220,220,220,220,220,0,0,0,0,100.0,100.0
202505050807,2025-11-30,16,16,560,560,560,560,560,560,560,0,0,0,0,100.0,100.0
202505050808,2025-11-30,8,8,56,56,56,56,56,56,56,0,0,0,0,100.0,100.0
202505050809,2025-11-30,9,9,84,84,84,84,84,84,84,0,0,0,0,100.0,100.0
202505050810,2025-11-30,16,16,560,560,560,560,560,560,560,0,0,0,0,100.0,100.0
202505050811,2025-11-30,15,16,455,560,560,560,455,560,455,0,0,0,-105,123.07692307692308,100.0
202505050812,2025-11-30,17,18,680,816,816,816,680,816,680,0,0,0,-136,120.0,100.0
202508040801,2025-11-30,16,16,560,560,560,560,560,560,560,0,0,0,0,100.0,100.0
202508040802,2025-11-30,13,13,286,286,286,286,286,286,286,0,0,0,0,100.0,100.0
202508040803,2025-11-30,13,13,286,286,286,286,286,286,286,0,0,0,0,100.0,100.0
202508040804,2025-11-30,16,16,560,560,560,560,560,560,560,0,0,0,0,100.0,100.0
202508040805,2025-11-30,9,9,84,84,84,84,84,84,84,0,0,0,0,100.0,100.0
202508040806,2025-11-30,8,9,56,84,84,84,56,84,56,0,0,0,-28,150.0,100.0
202508040807,2025-11-30,16,16,560,560,560,560,560,560,560,0,0,0,0,100.0,100.0
202508040808,2025-11-30,8,8,56,56,56,56,56,56,56,0,0,0,0,100.0,100.0
202508040809,2025-11-30,11,11,165,165,165,165,165,165,165,0,0,0,0,100.0,100.0
202508040810,2025-11-30,16,16,560,560,560,560,560,560,560,0,0,0,0,100.0,100.0
202508040811,2025-11-30,16,16,560,560,560,560,560,560,560,0,0,0,0,100.0,100.0
202508040812,2025-11-30,18,18,816,816,816,816,816,816,816,0,0,0,0,100.0,100.0
202506050101,2025-12-06,15,15,455,455,455,455,455,455,455,0,0,0,0,100.0,100.0
202506050102,2025-12-06,13,13,286,286,286,286,286,286,286,0,0,0,0,100.0,100.0
202506050103,2025-12-06,15,15,455,455,455,455,455,455,455,0,0,0,0,100.0,100.0
202506050104,2025-12-06,16,16,560,560,560,560,560,560,560,0,0,0,0,100.0,100.0
202506050105,2025-12-06,18,18,816,816,816,816,816,816,816,0,0,0,0,100.0,100.0
202506050106,2025-12-06,16,16,560,560,560,560,560,560,560,0,0,0,0,100.0,100.0
202506050107,2025-12-06,16,16,560,560,560,560,560,560,560,0,0,0,0,100.0,100.0
202506050108,2025-12-06,12,12,220,220,220,220,220,220,220,0,0,0,0,100.0,100.0
202506050109,2025-12-06,11,11,165,165,165,165,165,165,165,0,0,0,0,100.0,100.0
202506050110,2025-12-06,12,12,220,220,220,220,220,220,220,0,0,0,0,100.0,100.0
202506050111,2025-12-06,14,14,364,364,364,364,364,364,364,0,0,0,0,100.0,100.0
202506050112,2025-12-06,13,16,286,560,560,560,286,560,286,0,0,0,-274,195.8041958041958,100.0
202507050101,2025-12-06,16,16,560,560,560,560,560,560,560,0,0,0,0,100.0,100.0
202507050102,2025-12-06,13,13,286,286,286,286,286,286,286,0,0,0,0,100.0,100.0
202507050103,2025-12-06,15,15,455,455,455,455,455,455,455,0,0,0,0,100.0,100.0
202507050104,2025-12-06,18,18,816,816,816,816,816,816,816,0,0,0,0,100.0,100.0
202507050105,2025-12-06,14,14,364,364,364,364,364,364,364,0,0,0,0,100.0,100.0
202507050106,2025-12-06,16,16,560,560,560,560,560,560,560,0,0,0,0,100.0,100.0
202507050107,2025-12-06,16,16,560,560,560,560,560,560,560,0,0,0,0,100.0,100.0
202507050108,2025-12-06,18,18,816,816,816,816,816,816,816,0,0,0,0,100.0,100.0
202507050109,2025-12-06,8,8,56,56,56,56,56,56,56,0,0,0,0,100.0,100.0
202507050110,2025-12-06,13,13,286,286,286,286,286,286,286,0,0,0,0,100.0,100.0
202507050111,2025-12-06,12,12,220,220,220,220,220,220,220,0,0,0,0,100.0,100.0
202507050112,2025-12-06,16,16,560,560,560,560,560,560,560,0,0,0,0,100.0,100.0
202509050101,2025-12-06,16,16,560,560,560,560,560,560,560,0,0,0,0,100.0,100.0
202509050102,2025-12-06,16,16,560,560,560,560,560,560,560,0,0,0,0,100.0,100.0
202509050103,2025-12-06,17,17,680,680,680,680,680,680,680,0,0,0,0,100.0,100.0
202509050104,2025-12-06,9,9,84,84,84,84,84,84,84,0,0,0,0,100.0,100.0
202509050105,2025-12-06,10,10,120,120,120,120,120,120,120,0,0,0,0,100.0,100.0
202509050106,2025-12-06,10,10,120,120,120,120,120,120,120,0,0,0,0,100.0,100.0
202509050107,2025-12-06,14,14,364,364,364,364,364,364,364,0,0,0,0,100.0,100.0
202509050108,2025-12-06,16,16,560,560,560,560,560,560,560,0,0,0,0,100.0,100.0
202509050109,2025-12-06,8,8,56,56,56,56,56,56,56,0,0,0,0,100.0,100.0
202509050110,2025-12-06,16,16,560,560,560,560,560,560,560,0,0,0,0,100.0,100.0
202509050111,2025-12-06,14,14,364,364,364,364,364,364,364,0,0,0,0,100.0,100.0
202509050112,2025-12-06,15,15,455,455,455,455,455,455,455,0,0,0,0,100.0,100.0
202506050201,2025-12-07,16,16,560,560,560,560,560,560,560,0,0,0,0,100.0,100.0
202506050202,2025-12-07,16,16,560,560,560,560,560,560,560,0,0,0,0,100.0,100.0
202506050203,2025-12-07,13,13,286,286,286,286,286,286,286,0,0,0,0,100.0,100.0
202506050204,2025-12-07,11,11,165,165,165,165,165,165,165,0,0,0,0,100.0,100.0
202506050205,2025-12-07,16,16,560,560,560,560,560,560,560,0,0,0,0,100.0,100.0
202506050206,2025-12-07,6,6,20,20,20,20,20,20,20,0,0,0,0,100.0,100.0
202506050207,2025-12-07,11,11,165,165,165,165,165,165,165,0,0,0,0,100.0,100.0
202506050208,2025-12-07,16,16,560,560,560,560,560,560,560,0,0,0,0,100.0,100.0
202506050209,2025-12-07,12,12,220,220,220,220,220,220,220,0,0,0,0,100.0,100.0
202506050210,2025-12-07,16,16,560,560,560,560,560,560,560,0,0,0,0,100.0,100.0
202506050211,2025-12-07,16,16,560,560,560,560,560,560,560,0,0,0,0,100.0,100.0
202506050212,2025-12-07,16,16,560,560,560,560,560,560,560,0,0,0,0,100.0,100.0
202507050201,2025-12-07,13,13,286,286,286,286,286,286,286,0,0,0,0,100.0,100.0
202507050202,2025-12-07,16,16,560,560,560,560,560,560,560,0,0,0,0,100.0,100.0
202507050203,2025-12-07,14,14,364,364,364,364,364,364,364,0,0,0,0,100.0,100.0
202507050204,2025-12-07,14,14,364,364,364,364,364,364,364,0,0,0,0,100.0,100.0
202507050205,2025-12-07,17,17,680,680,680,680,680,680,680,0,0,0,0,100.0,100.0
202507050206,2025-12-07,16,16,560,560,560,560,560,560,560,0,0,0,0,100.0,100.0
202507050207,2025-12-07,14,14,364,364,364,364,364,364,364,0,0,0,0,100.0,100.0
202507050208,2025-12-07,18,18,816,816,816,816,816,816,816,0,0,0,0,100.0,100.0
202507050209,2025-12-07,16,16,560,560,560,560,560,560,560,0,0,0,0,100.0,100.0
202507050210,2025-12-07,13,13,286,286,286,286,286,286,286,0,0,0,0,100.0,100.0
202507050211,2025-12-07,16,16,560,560,560,560,560,560,560,0,0,0,0,100.0,100.0
202507050212,2025-12-07,10,10,120,120,120,120,120,120,120,0,0,0,0,100.0,100.0
202509050201,2025-12-07,10,10,120,120,120,120,120,120,120,0,0,0,0,100.0,100.0
202509050202,2025-12-07,16,16,560,560,560,560,560,560,560,0,0,0,0,100.0,100.0
202509050203,2025-12-07,18,18,816,816,816,816,816,816,816,0,0,0,0,100.0,100.0
202509050204,2025-12-07,8,8,56,56,56,56,56,56,56,0,0,0,0,100.0,100.0
202509050205,2025-12-07,17,17,680,680,680,680,680,680,680,0,0,0,0,100.0,100.0
202509050206,2025-12-07,9,10,84,120,120,120,84,120,84,0,0,0,-36,142.85714285714286,100.0
202509050207,2025-12-07,11,11,165,165,165,165,165,165,165,0,0,0,0,100.0,100.0
202509050208,2025-12-07,8,8,56,56,56,56,56,56,56,0,0,0,0,100.0,100.0
202509050209,2025-12-07,13,13,286,286,286,286,286,286,286,0,0,0,0,100.0,100.0
202509050210,2025-12-07,18,18,816,816,816,816,816,816,816,0,0,0,0,100.0,100.0
202509050211,2025-12-07,16,16,560,560,560,560,560,560,560,0,0,0,0,100.0,100.0
202509050212,2025-12-07,17,17,680,680,680,680,680,680,680,0,0,0,0,100.0,100.0
202506050301,2025-12-13,14,14,364,364,364,364,364,364,364,0,0,0,0,100.0,100.0
202506050302,2025-12-13,16,16,560,560,560,560,560,560,560,0,0,0,0,100.0,100.0
202506050303,2025-12-13,16,16,560,560,560,560,560,560,560,0,0,0,0,100.0,100.0
202506050304,2025-12-13,16,16,560,560,560,560,560,560,560,0,0,0,0,100.0,100.0
202506050305,2025-12-13,13,13,286,286,286,286,286,286,286,0,0,0,0,100.0,100.0
202506050306,2025-12-13,15,15,455,455,455,455,455,455,455,0,0,0,0,100.0,100.0
202506050307,2025-12-13,16,16,560,560,560,560,560,560,560,0,0,0,0,100.0,100.0
202506050308,2025-12-13,15,15,455,455,455,455,455,455,455,0,0,0,0,100.0,100.0
202506050309,2025-12-13,13,13,286,286,286,286,286,286,286,0,0,0,0,100.0,100.0
202506050310,2025-12-13,15,15,455,455,455,455,455,455,455,0,0,0,0,100.0,100.0
202506050311,2025-12-13,16,16,560,560,560,560,560,560,560,0,0,0,0,100.0,100.0
202506050312,2025-12-13,13,13,286,286,286,286,286,286,286,0,0,0,0,100.0,100.0
202507050301,2025-12-13,14,14,364,364,364,364,364,364,364,0,0,0,0,100.0,100.0
202507050302,2025-12-13,16,16,560,560,560,560,560,560,560,0,0,0,0,100.0,100.0
202507050303,2025-12-13,12,12,220,220,220,220,220,220,220,0,0,0,0,100.0,100.0
202507050304,2025-12-13,13,13,286,286,286,286,286,286,286,0,0,0,0,100.0,100.0
202507050305,2025-12-13,12,12,220,220,220,220,220,220,220,0,0,0,0,100.0,100.0
202507050306,2025-12-13,16,16,560,560,560,560,560,560,560,0,0,0,0,100.0,100.0
202507050307,2025-12-13,18,18,816,816,816,816,816,816,816,0,0,0,0,100.0,100.0
202507050308,2025-12-13,16,16,560,560,560,560,560,560,560,0,0,0,0,100.0,100.0
202507050309,2025-12-13,11,11,165,165,165,165,165,165,165,0,0,0,0,100.0,100.0
202507050310,2025-12-13,16,16,560,560,560,560,560,560,560,0,0,0,0,100.0,100.0
202507050311,2025-12-13,18,18,816,816,816,816,816,816,816,0,0,0,0,100.0,100.0
202507050312,2025-12-13,18,18,816,816,816,816,816,816,816,0,0,0,0,100.0,100.0
202509050301,2025-12-13,15,15,455,455,455,455,455,455,455,0,0,0,0,100.0,100.0
202509050302,2025-12-13,10,10,120,120,120,120,120,120,120,0,0,0,0,100.0,100.0
202509050303,2025-12-13,14,14,364,364,364,364,364,364,364,0,0,0,0,100.0,100.0
202509050304,2025-12-13,12,12,220,220,220,220,220,220,220,0,0,0,0,100.0,100.0
202509050305,2025-12-13,7,7,35,35,35,35,35,35,35,0,0,0,0,100.0,100.0
202509050306,2025-12-13,13,13,286,286,286,286,286,286,286,0,0,0,0,100.0,100.0
202509050307,2025-12-13,8,8,56,56,56,56,56,56,56,0,0,0,0,100.0,100.0
202509050308,2025-12-13,16,16,560,560,560,560,560,560,560,0,0,0,0,100.0,100.0
202509050309,2025-12-13,9,9,84,84,84,84,84,84,84,0,0,0,0,100.0,100.0
202509050310,2025-12-13,14,14,364,364,364,364,364,364,364,0,0,0,0,100.0,100.0
202509050311,2025-12-13,13,13,286,286,286,286,286,286,286,0,0,0,0,100.0,100.0
202509050312,2025-12-13,10,10,120,120,120,120,120,120,120,0,0,0,0,100.0,100.0
202506050401,2025-12-14,15,16,455,560,560,560,455,560,455,0,0,0,-105,123.07692307692308,100.0
202506050402,2025-12-14,16,16,560,560,560,560,560,560,560,0,0,0,0,100.0,100.0
202506050403,2025-12-14,18,18,816,816,816,816,816,816,816,0,0,0,0,100.0,100.0
202506050404,2025-12-14,14,14,364,364,364,364,364,364,364,0,0,0,0,100.0,100.0
202506050405,2025-12-14,16,16,560,560,560,560,560,560,560,0,0,0,0,100.0,100.0
202506050406,2025-12-14,15,16,455,560,560,560,455,560,455,0,0,0,-105,123.07692307692308,100.0
202506050407,2025-12-14,16,16,560,560,560,560,560,560,560,0,0,0,0,100.0,100.0
202506050408,2025-12-14,14,14,364,364,364,364,364,364,364,0,0,0,0,100.0,100.0
202506050409,2025-12-14,12,12,220,220,220,220,220,220,220,0,0,0,0,100.0,100.0
202506050410,2025-12-14,16,16,560,560,560,560,560,560,560,0,0,0,0,100.0,100.0
202506050411,2025-12-14,16,16,560,560,560,560,560,560,560,0,0,0,0,100.0,100.0
202506050412,2025-12-14,16,16,560,560,560,560,560,560,560,0,0,0,0,100.0,100.0
202507050401,2025-12-14,13,14,286,364,364,364,286,364,286,0,0,0,-78,127.27272727272727,100.0
202507050402,2025-12-14,13,13,286,286,286,286,286,286,286,0,0,0,0,100.0,100.0
202507050403,2025-12-14,16,16,560,560,560,560,560,560,560,0,0,0,0,100.0,100.0
202507050404,2025-12-14,13,13,286,286,286,286,286,286,286,0,0,0,0,100.0,100.0
202507050405,2025-12-14,13,13,286,286,286,286,286,286,286,0,0,0,0,100.0,100.0
202507050406,2025-12-14,18,18,816,816,816,816,816,816,816,0,0,0,0,100.0,100.0
202507050407,2025-12-14,15,15,455,455,455,455,455,455,455,0,0,0,0,100.0,100.0
202507050408,2025-12-14,16,16,560,560,560,560,560,560,560,0,0,0,0,100.0,100.0
202507050409,2025-12-14,12,12,220,220,220,220,220,220,220,0,0,0,0,100.0,100.0
202507050410,2025-12-14,10,10,120,120,120,120,120,120,120,0,0,0,0,100.0,100.0
202507050411,2025-12-14,10,10,120,120,120,120,120,120,120,0,0,0,0,100.0,100.0
202507050412,2025-12-14,16,16,560,560,560,560,560,560,560,0,0,0,0,100.0,100.0
202509050401,2025-12-14,11,11,165,165,165,165,165,165,165,0,0,0,0,100.0,100.0
202509050402,2025-12-14,16,16,560,560,560,560,560,560,560,0,0,0,0,100.0,100.0
202509050403,2025-12-14,11,11,165,165,165,165,165,165,165,0,0,0,0,100.0,100.0
202509050404,2025-12-14,11,11,165,165,165,165,165,165,165,0,0,0,0,100.0,100.0
202509050405,2025-12-14,6,6,20,20,20,20,20,20,20,0,0,0,0,100.0,100.0
202509050406,2025-12-14,7,7,35,35,35,35,35,35,35,0,0,0,0,100.0,100.0
202509050407,2025-12-14,12,12,220,220,220,220,220,220,220,0,0,0,0,100.0,100.0
202509050408,2025-12-14,11,11,165,165,165,165,165,165,165,0,0,0,0,100.0,100.0
202509050409,2025-12-14,15,15,455,455,455,455,455,455,455,0,0,0,0,100.0,100.0
202509050410,2025-12-14,16,16,560,560,560,560,560,560,560,0,0,0,0,100.0,100.0
202509050411,2025-12-14,18,18,816,816,816,816,816,816,816,0,0,0,0,100.0,100.0
202509050412,2025-12-14,10,10,120,120,120,120,120,120,120,0,0,0,0,100.0,100.0
202506050501,2025-12-20,16,16,560,560,560,560,560,560,560,0,0,0,0,100.0,100.0
202506050502,2025-12-20,16,16,560,560,560,560,560,560,560,0,0,0,0,100.0,100.0
202506050503,2025-12-20,16,16,560,560,560,560,560,560,560,0,0,0,0,100.0,100.0
202506050504,2025-12-20,13,13,286,286,286,286,286,286,286,0,0,0,0,100.0,100.0
202506050505,2025-12-20,17,17,680,680,680,680,680,680,680,0,0,0,0,100.0,100.0
202506050506,2025-12-20,16,16,560,560,560,560,560,560,560,0,0,0,0,100.0,100.0
202506050507,2025-12-20,16,16,560,560,560,560,560,560,560,0,0,0,0,100.0,100.0
202506050508,2025-12-20,16,16,560,560,560,560,560,560,560,0,0,0,0,100.0,100.0
202506050509,2025-12-20,12,12,220,220,220,220,220,220,220,0,0,0,0,100.0,100.0
202506050510,2025-12-20,16,16,560,560,560,560,560,560,560,0,0,0,0,100.0,100.0
202506050511,2025-12-20,16,16,560,560,560,560,560,560,560,0,0,0,0,100.0,100.0
202506050512,2025-12-20,16,16,560,560,560,560,560,560,560,0,0,0,0,100.0,100.0
202507050501,2025-12-20,16,16,560,560,560,560,560,560,560,0,0,0,0,100.0,100.0
202507050502,2025-12-20,16,16,560,560,560,560,560,560,560,0,0,0,0,100.0,100.0
202507050503,2025-12-20,16,16,560,560,560,560,560,560,560,0,0,0,0,100.0,100.0
202507050504,2025-12-20,16,16,560,560,560,560,560,560,560,0,0,0,0,100.0,100.0
202507050505,2025-12-20,18,18,816,816,816,816,816,816,816,0,0,0,0,100.0,100.0
202507050506,2025-12-20,16,16,560,560,560,560,560,560,560,0,0,0,0,100.0,100.0
202507050507,2025-12-20,15,16,455,560,560,560,455,560,455,0,0,0,-105,123.07692307692308,100.0
202507050508,2025-12-20,16,16,560,560,560,560,560,560,560,0,0,0,0,100.0,100.0
202507050509,2025-12-20,9,9,84,84,84,84,84,84,84,0,0,0,0,100.0,100.0
202507050510,2025-12-20,16,16,560,560,560,560,560,560,560,0,0,0,0,100.0,100.0
202507050511,2025-12-20,11,11,165,165,165,165,165,165,165,0,0,0,0,100.0,100.0
202507050512,2025-12-20,18,18,816,816,816,816,816,816,816,0,0,0,0,100.0,100.0
202509050501,2025-12-20,16,16,560,560,560,560,560,560,560,0,0,0,0,100.0,100.0
202509050502,2025-12-20,16,16,560,560,560,560,560,560,560,0,0,0,0,100.0,100.0
202509050503,2025-12-20,18,18,816,816,816,816,816,816,816,0,0,0,0,100.0,100.0
202509050504,2025-12-20,14,14,364,364,364,364,364,364,364,0,0,0,0,100.0,100.0
202509050505,2025-12-20,18,18,816,816,816,816,816,816,816,0,0,0,0,100.0,100.0
202509050506,2025-12-20,16,16,560,560,560,560,560,560,560,0,0,0,0,100.0,100.0
202509050507,2025-12-20,16,16,560,560,560,560,560,560,560,0,0,0,0,100.0,100.0
202509050508,2025-12-20,13,13,286,286,286,286,286,286,286,0,0,0,0,100.0,100.0
202509050509,2025-12-20,10,10,120,120,120,120,120,120,120,0,0,0,0,100.0,100.0
202509050510,2025-12-20,8,8,56,56,56,56,56,56,56,0,0,0,0,100.0,100.0
202509050511,2025-12-20,15,16,455,560,560,560,455,560,455,0,0,0,-105,123.07692307692308,100.0
202509050512,2025-12-20,16,16,560,560,560,560,560,560,560,0,0,0,0,100.0,100.0
202506050601,2025-12-21,16,16,560,560,560,560,560,560,560,0,0,0,0,100.0,100.0
202506050602,2025-12-21,16,16,560,560,560,560,560,560,560,0,0,0,0,100.0,100.0
202506050603,2025-12-21,15,15,455,455,455,455,455,455,455,0,0,0,0,100.0,100.0
202506050604,2025-12-21,14,14,364,364,364,364,364,364,364,0,0,0,0,100.0,100.0
202506050605,2025-12-21,16,16,560,560,560,560,560,560,560,0,0,0,0,100.0,100.0
202506050606,2025-12-21,16,16,560,560,560,560,560,560,560,0,0,0,0,100.0,100.0
202506050607,2025-12-21,16,16,560,560,560,560,560,560,560,0,0,0,0,100.0,100.0
202506050608,2025-12-21,15,16,455,560,560,560,455,560,455,0,0,0,-105,123.07692307692308,100.0
202506050609,2025-12-21,11,11,165,165,165,165,165,165,165,0,0,0,0,100.0,100.0
202506050610,2025-12-21,15,15,455,455,455,455,455,455,455,0,0,0,0,100.0,100.0
202506050611,2025-12-21,16,16,560,560,560,560,560,560,560,0,0,0,0,100.0,100.0
202506050612,2025-12-21,16,16,560,560,560,560,560,560,560,0,0,0,0,100.0,100.0
202507050601,2025-12-21,16,16,560,560,560,560,560,560,560,0,0,0,0,100.0,100.0
202507050602,2025-12-21,16,16,560,560,560,560,560,560,560,0,0,0,0,100.0,100.0
202507050603,2025-12-21,16,16,560,560,560,560,560,560,560,0,0,0,0,100.0,100.0
202507050604,2025-12-21,17,18,680,816,816,816,680,816,680,0,0,0,-136,120.0,100.0
202507050605,2025-12-21,15,15,455,455,455,455,455,455,455,0,0,0,0,100.0,100.0
202507050606,2025-12-21,16,16,560,560,560,560,560,560,560,0,0,0,0,100.0,100.0
202507050607,2025-12-21,16,16,560,560,560,560,560,560,560,0,0,0,0,100.0,100.0
202507050608,2025-12-21,16,16,560,560,560,560,560,560,560,0,0,0,0,100.0,100.0
202507050609,2025-12-21,16,16,560,560,560,560,560,560,560,0,0,0,0,100.0,100.0
202507050610,2025-12-21,10,10,120,120,120,120,120,120,120,0,0,0,0,100.0,100.0
202507050611,2025-12-21,16,16,560,560,560,560,560,560,560,0,0,0,0,100.0,100.0
202507050612,2025-12-21,18,18,816,816,816,816,816,816,816,0,0,0,0,100.0,100.0
202509050601,2025-12-21,12,12,220,220,220,220,220,220,220,0,0,0,0,100.0,100.0
202509050602,2025-12-21,16,16,560,560,560,560,560,560,560,0,0,0,0,100.0,100.0
202509050603,2025-12-21,18,18,816,816,816,816,816,816,816,0,0,0,0,100.0,100.0
202509050604,2025-12-21,12,12,220,220,220,220,220,220,220,0,0,0,0,100.0,100.0
202509050605,2025-12-21,12,12,220,220,220,220,220,220,220,0,0,0,0,100.0,100.0
202509050606,2025-12-21,11,11,165,165,165,165,165,165,165,0,0,0,0,100.0,100.0
202509050607,2025-12-21,18,18,816,816,816,816,816,816,816,0,0,0,0,100.0,100.0
202509050608,2025-12-21,15,15,455,455,455,455,455,455,455,0,0,0,0,100.0,100.0
202509050609,2025-12-21,16,16,560,560,560,560,560,560,560,0,0,0,0,100.0,100.0
202509050610,2025-12-21,16,16,560,560,560,560,560,560,560,0,0,0,0,100.0,100.0
202509050611,2025-12-21,14,14,364,364,364,364,364,364,364,0,0,0,0,100.0,100.0
202509050612,2025-12-21,14,14,364,364,364,364,364,364,364,0,0,0,0,100.0,100.0
202506050701,2025-12-27,15,15,455,455,455,455,455,455,455,0,0,0,0,100.0,100.0
202506050702,2025-12-27,16,16,560,560,560,560,560,560,560,0,0,0,0,100.0,100.0
202506050703,2025-12-27,16,16,560,560,560,560,560,560,560,0,0,0,0,100.0,100.0
202506050704,2025-12-27,18,18,816,816,816,816,816,816,816,0,0,0,0,100.0,100.0
202506050705,2025-12-27,16,16,560,560,560,560,560,560,560,0,0,0,0,100.0,100.0
202506050706,2025-12-27,14,14,364,364,364,364,364,364,364,0,0,0,0,100.0,100.0
202506050707,2025-12-27,18,18,816,816,816,816,816,816,816,0,0,0,0,100.0,100.0
202506050708,2025-12-27,16,16,560,560,560,560,560,560,560,0,0,0,0,100.0,100.0
202506050709,2025-12-27,16,16,560,560,560,560,560,560,560,0,0,0,0,100.0,100.0
202506050710,2025-12-27,10,10,120,120,120,120,120,120,120,0,0,0,0,100.0,100.0
202506050711,2025-12-27,16,16,560,560,560,560,560,560,560,0,0,0,0,100.0,100.0
202506050712,2025-12-27,14,14,364,364,364,364,364,364,364,0,0,0,0,100.0,100.0
202509050701,2025-12-27,15,15,455,455,455,455,455,455,455,0,0,0,0,100.0,100.0
202509050702,2025-12-27,11,11,165,165,165,165,165,165,165,0,0,0,0,100.0,100.0
202509050703,2025-12-27,16,16,560,560,560,560,560,560,560,0,0,0,0,100.0,100.0
202509050704,2025-12-27,15,15,455,455,455,455,455,455,455,0,0,0,0,100.0,100.0
202509050705,2025-12-27,14,14,364,364,364,364,364,364,364,0,0,0,0,100.0,100.0
202509050706,2025-12-27,11,11,165,165,165,165,165,165,165,0,0,0,0,100.0,100.0
202509050707,2025-12-27,15,15,455,455,455,455,455,455,455,0,0,0,0,100.0,100.0
202509050708,2025-12-27,16,16,560,560,560,560,560,560,560,0,0,0,0,100.0,100.0
202509050709,2025-12-27,10,10,120,120,120,120,120,120,120,0,0,0,0,100.0,100.0
202509050710,2025-12-27,16,16,560,560,560,560,560,560,560,0,0,0,0,100.0,100.0
202509050711,2025-12-27,16,16,560,560,560,560,560,560,560,0,0,0,0,100.0,100.0
202509050712,2025-12-27,9,9,84,84,84,84,84,84,84,0,0,0,0,100.0,100.0
202506050801,2025-12-28,16,16,560,560,560,560,560,560,560,0,0,0,0,100.0,100.0
202506050802,2025-12-28,16,16,560,560,560,560,560,560,560,0,0,0,0,100.0,100.0
202506050803,2025-12-28,16,16,560,560,560,560,560,560,560,0,0,0,0,100.0,100.0
202506050804,2025-12-28,11,11,165,165,165,165,165,165,165,0,0,0,0,100.0,100.0
202506050805,2025-12-28,16,16,560,560,560,560,560,560,560,0,0,0,0,100.0,100.0
202506050806,2025-12-28,18,18,816,816,816,816,816,816,816,0,0,0,0,100.0,100.0
202506050807,2025-12-28,16,16,560,560,560,560,560,560,560,0,0,0,0,100.0,100.0
202506050808,2025-12-28,13,13,286,286,286,286,286,286,286,0,0,0,0,100.0,100.0
202506050809,2025-12-28,14,14,364,364,364,364,364,364,364,0,0,0,0,100.0,100.0
202506050810,2025-12-28,16,16,560,560,560,560,560,560,560,0,0,0,0,100.0,100.0
202506050811,2025-12-28,16,16,560,560,560,560,560,560,560,0,0,0,0,100.0,100.0
202506050812,2025-12-28,16,16,560,560,560,560,560,560,560,0,0,0,0,100.0,100.0
202509050801,2025-12-28,13,13,286,286,286,286,286,286,286,0,0,0,0,100.0,100.0
202509050802,2025-12-28,17,17,680,680,680,680,680,680,680,0,0,0,0,100.0,100.0
202509050803,2025-12-28,18,18,816,816,816,816,816,816,816,0,0,0,0,100.0,100.0
202509050804,2025-12-28,16,16,560,560,560,560,560,560,560,0,0,0,0,100.0,100.0
202509050805,2025-12-28,14,14,364,364,364,364,364,364,364,0,0,0,0,100.0,100.0
202509050806,2025-12-28,16,16,560,560,560,560,560,560,560,0,0,0,0,100.0,100.0
202509050807,2025-12-28,16,16,560,560,560,560,560,560,560,0,0,0,0,100.0,100.0
202509050808,2025-12-28,13,13,286,286,286,286,286,286,286,0,0,0,0,100.0,100.0
202509050809,2025-12-28,12,12,220,220,220,220,220,220,220,0,0,0,0,100.0,100.0
202509050810,2025-12-28,11,11,165,165,165,165,165,165,165,0,0,0,0,100.0,100.0
202509050811,2025-12-28,16,16,560,560,560,560,560,560,560,0,0,0,0,100.0,100.0
202509050812,2025-12-28,10,10,120,120,120,120,120,120,120,0,0,0,0,100.0,100.0
